playerid,PlayerName,minpos,G,FPTS,Team,season,stats,role
20123,Juan Soto,OF,150.0,1278.2586260318756,NYM,2022,bat,OF
10155,Mike Trout,OF,149.0399932861328,1102.235002231598,LAA,2022,bat,OF
18401,Ronald Acuña Jr.,OF,134.4600067138672,1080.9495262145995,ATL,2022,bat,OF
13510,José Ramírez,3B,150.0,1020.2718069791794,CLE,2022,bat,3B
19611,Vladimir Guerrero Jr.,1B,150.0,1190.874850356579,TOR,2022,bat,1B
15640,Aaron Judge,OF,150.0,1040.3080242931842,NYY,2022,bat,OF
13611,Mookie Betts,OF,150.0,1010.2316392421722,LAD,2022,bat,OF
14162,Carlos Correa,SS,147.4199981689453,890.3230314850807,HOU,2022,bat,SS
23667,Wander Franco,SS,149.0399932861328,879.3334106445312,TBR,2022,bat,SS
11493,Manny Machado,3B,150.0,964.5629338741302,SDP,2022,bat,3B
16252,Trea Turner,SS,150.0,947.7665151119232,PHI,2022,bat,SS
17678,Alex Bregman,3B,145.8000030517578,927.0848962426186,CHC,2022,bat,3B
19612,Bo Bichette,SS,150.0,941.3416636824606,NYM,2022,bat,SS
11579,Bryce Harper,OF,150.0,1080.7078239083291,PHI,2022,bat,OF
13624,Corey Seager,SS,139.32000732421875,893.7038900613784,TEX,2022,bat,SS
17350,Rafael Devers,3B,150.0,984.6338219285012,SFG,2022,bat,3B
20043,Luis Robert Jr.,OF,149.0399932861328,905.3753213167191,NYM,2022,bat,OF
5361,Freddie Freeman,1B,150.0,1054.9264830708503,LAD,2022,bat,1B
14344,Matt Olson,1B,150.0,1058.8536947727202,ATL,2022,bat,1B
14161,Byron Buxton,OF,131.22000122070312,797.8980955958366,MIN,2022,bat,OF
18882,Brandon Lowe,2B,142.55999755859375,848.5217743992804,PIT,2022,bat,2B
12533,Marcus Semien,2B/SS,150.0,872.7810434818267,NYM,2022,bat,2B/SS
12916,Francisco Lindor,SS,150.0,854.5706148147583,NYM,2022,bat,SS
11368,Yasmani Grandal,C,124.9000015258789,722.5211836516855,,2022,bat,C
5417,Jose Altuve,2B,147.4199981689453,906.5024724364281,HOU,2022,bat,2B
12861,Anthony Rendon,3B,136.0800018310547,811.2770001173019,LAA,2022,bat,3B
11739,J.T. Realmuto,C,133.94000244140625,709.1629065752029,PHI,2022,bat,C
18345,Kyle Tucker,OF,147.4199981689453,919.5315801382066,LAD,2022,bat,OF
16556,Ozzie Albies,2B,150.0,898.6055462360381,ATL,2022,bat,2B
12161,Xander Bogaerts,SS,150.0,880.0206033587456,SDP,2022,bat,SS
9777,Nolan Arenado,3B,150.0,851.2949643254279,ARI,2022,bat,3B
13613,Ketel Marte,2B,145.8000030517578,898.4094367504119,ARI,2022,bat,2B
19251,Pete Alonso,1B,150.0,1014.1450481891633,BAL,2022,bat,1B
30116,Seiya Suzuki,DH/OF,129.60000610351562,846.965112221241,CHC,2022,bat,DH/OF
18564,Trent Grisham,OF,139.32000732421875,784.3087741851806,NYY,2022,bat,OF
19556,Yordan Alvarez,DH/OF,140.94000244140625,955.7598070025443,HOU,2022,bat,DH/OF
12856,George Springer,OF,147.4199981689453,930.304244685173,TOR,2022,bat,OF
17232,Yoán Moncada,3B,149.0399932861328,808.4445125102997,LAA,2022,bat,3B
12564,Trevor Story,SS,150.0,830.661138486862,BOS,2022,bat,SS
14128,Joey Gallo,OF,147.4199981689453,861.1632977247239,,2022,bat,OF
12927,Brandon Nimmo,OF,132.83999633789062,790.4933514833449,TEX,2022,bat,OF
16997,Gleyber Torres,2B,145.8000030517578,780.4955736994743,DET,2022,bat,2B
21523,Jonathan India,2B,149.0399932861328,874.3562109708785,KCR,2022,bat,2B
5038,Josh Donaldson,3B,131.22000122070312,801.7206856667996,,2022,bat,3B
19326,Bryan Reynolds,OF,150.0,925.0717029571532,PIT,2022,bat,OF
19197,Will Smith,C,117.4800033569336,670.1204145550728,LAD,2022,bat,C
18360,Austin Riley,3B,150.0,907.3704456567764,ATL,2022,bat,3B
9218,Paul Goldschmidt,1B,150.0,947.7731919765472,NYY,2022,bat,1B
18036,Jake Cronenworth,1B/2B,144.17999267578125,772.76267952919,SDP,2022,bat,1B/2B
13301,Max Muncy,1B/3B,139.32000732421875,887.6638279914856,LAD,2022,bat,1B/3B
4949,Giancarlo Stanton,DH/OF,137.6999969482422,913.9519867539407,NYY,2022,bat,DH/OF
19755,Shohei Ohtani,DH,145.8000030517578,1012.7473212718965,LAD,2022,bat,DH
15711,Tyler O'Neill,OF,144.17999267578125,856.7175274014471,BAL,2022,bat,OF
19709,Fernando Tatis Jr.,SS/OF,72.9000015258789,561.3865965723991,SDP,2022,bat,SS/OF
19352,Sean Murphy,C,112.62000274658203,510.60718043446536,ATL,2022,bat,C
16505,Matt Chapman,3B,150.0,745.1105876207351,SFG,2022,bat,3B
13152,Jorge Polanco,2B/SS,147.4199981689453,799.8428720712662,NYM,2022,bat,2B/SS
15986,Willy Adames,SS,142.55999755859375,726.8546533107757,SFG,2022,bat,SS
15172,Tim Anderson,SS,150.0,833.5265938043594,,2022,bat,SS
23697,Julio Rodríguez,OF,134.4600067138672,701.8419084310532,SEA,2022,bat,OF
11477,Christian Yelich,OF,145.8000030517578,885.6943195104599,MIL,2022,bat,OF
15491,J.P. Crawford,SS,150.0,696.2423137426375,SEA,2022,bat,SS
3473,Anthony Rizzo,1B,136.0800018310547,819.7442978024483,,2022,bat,1B
17929,Cedric Mullins,OF,150.0,839.6107443332671,TBR,2022,bat,OF
17982,Ty France,1B,142.55999755859375,792.0047863304613,SDP,2022,bat,1B
10472,Enrique Hernández,OF,145.8000030517578,764.8268102645874,LAD,2022,bat,OF
16622,Luis Urías,2B/3B,129.60000610351562,658.3901716470718,,2022,bat,2B/3B
21711,Oneil Cruz,SS/OF,113.4000015258789,649.3268563747406,PIT,2022,bat,SS/OF
5235,Justin Turner,3B,134.4600067138672,755.4481917142867,,2022,bat,3B
18030,Harrison Bader,OF,137.6999969482422,619.8807260870933,SFG,2022,bat,OF
17128,Ramón Laureano,OF,119.87999725341797,640.3456805944442,SDP,2022,bat,OF
16472,Rhys Hoskins,1B,142.55999755859375,850.6559983551502,CLE,2022,bat,1B
16478,Kyle Schwarber,DH/OF,139.32000732421875,899.6420186340808,PHI,2022,bat,DH/OF
18577,Ke'Bryan Hayes,3B,139.32000732421875,722.402507996559,CIN,2022,bat,3B
5343,Brandon Crawford,SS,134.4600067138672,673.9194635868072,,2022,bat,SS
13590,Jesse Winker,OF,127.9800033569336,766.5144867658614,,2022,bat,OF
13621,Jeimer Candelario,3B,145.8000030517578,747.0800624608993,LAA,2022,bat,3B
19918,Daulton Varsho,OF,122.12999725341797,623.0807292938232,TOR,2022,bat,OF
12532,Kolten Wong,2B,134.4600067138672,707.3976898908614,,2022,bat,2B
9241,Starling Marte,OF,134.4600067138672,735.7913462400437,KCR,2022,bat,OF
19290,Randy Arozarena,OF,144.17999267578125,820.6206511497497,SEA,2022,bat,OF
5297,Aaron Hicks,OF,126.36000061035156,634.7568089485168,,2022,bat,OF
15998,Cody Bellinger,1B/OF,119.87999725341797,622.7307645320892,NYY,2022,bat,1B/OF
16578,Yandy Díaz,1B/3B,129.60000610351562,704.0909847497941,TBR,2022,bat,1B/3B
18607,Jared Walsh,1B,144.17999267578125,848.0166607618331,,2022,bat,1B
12144,Max Kepler,OF,131.22000122070312,686.7802803754806,,2022,bat,OF
20126,Dylan Carlson,OF,145.8000030517578,769.8583367347717,CHC,2022,bat,OF
25764,Bobby Witt Jr.,SS,137.6999969482422,690.299028301239,KCR,2022,bat,SS
19610,Keibert Ruiz,C,97.22000122070312,524.1648623049258,WSN,2022,bat,C
18015,Paul DeJong,SS,127.9800033569336,595.9346761584281,NYY,2022,bat,SS
7304,Salvador Perez,C,139.25999450683594,804.3421198248864,KCR,2022,bat,C
17919,Ian Happ,OF,131.22000122070312,728.3851044893264,CHC,2022,bat,OF
10059,Max Stassi,C,94.91999816894531,390.83282710313796,,2022,bat,C
17484,Eloy Jiménez,DH/OF,139.32000732421875,806.1472187280654,TOR,2022,bat,DH/OF
9874,DJ LeMahieu,2B,106.91999816894531,586.1846028327941,,2022,bat,2B
16535,Danny Jansen,C,93.63999938964844,434.1579083800316,TEX,2022,bat,C
12979,Javier Báez,SS,142.55999755859375,690.3394181013107,DET,2022,bat,SS
26288,Adley Rutschman,C/DH,96.87999725341797,467.63322308063505,BAL,2022,bat,C/DH
17988,Tyler Stephenson,C,105.80000305175781,548.876467370987,CIN,2022,bat,C
14566,Franmil Reyes,DH/OF,147.4199981689453,878.343088042736,,2022,bat,DH/OF
15362,Jeff McNeil,2B/OF,132.83999633789062,656.6079176902772,OAK,2022,bat,2B/OF
15518,Amed Rosario,SS,131.22000122070312,634.0280623912811,NYY,2022,bat,SS
13723,Jacob Stallings,C,100.94000244140625,397.4126321434975,BAL,2022,bat,C
20521,Nick Madrigal,2B/3B,113.4000015258789,591.5574147701263,LAA,2022,bat,2B/3B
11609,Willson Contreras,C,134.13999938964844,710.6226873934269,BOS,2022,bat,C
5933,Jean Segura,2B/SS,137.6999969482422,662.4391995191573,,2022,bat,2B/SS
15941,Austin Nola,C,97.33000183105469,434.4889445006847,,2022,bat,C
17027,Alex Verdugo,OF,132.83999633789062,736.1979873895644,SDP,2022,bat,OF
14894,Tony Kemp,2B/OF,123.12000274658203,557.5282554864884,,2022,bat,2B/OF
27465,Spencer Torkelson,1B,131.22000122070312,720.5048731565477,DET,2022,bat,1B
17620,Myles Straw,OF,129.60000610351562,548.5436312079429,TOR,2022,bat,OF
21636,Jeremy Peña,SS,126.36000061035156,532.4447356462479,HOU,2022,bat,SS
13620,Carson Kelly,C,101.62000274658203,489.79264543056485,CHC,2022,bat,C
18314,Dansby Swanson,SS,150.0,667.6877032279967,CHC,2022,bat,SS
18568,Luis Arraez,1B/2B,131.22000122070312,669.959237241745,SFG,2022,bat,1B/2B
22581,Alejandro Kirk,C,88.5999984741211,498.76206915974615,TOR,2022,bat,C
14854,Mike Yastrzemski,OF,132.83999633789062,718.1204824686049,ATL,2022,bat,OF
4106,Michael Brantley,OF,124.73999786376953,704.9262092113496,,2022,bat,OF
10264,Brandon Belt,1B,121.5,713.1044311761855,,2022,bat,1B
15429,Kris Bryant,3B/OF,149.0399932861328,929.4304615497589,COL,2022,bat,3B/OF
14712,Manuel Margot,OF,121.5,579.6983273267745,,2022,bat,OF
13265,Mike Zunino,C,79.8499984741211,332.8079691171646,,2022,bat,C
19566,Nathaniel Lowe,1B,140.94000244140625,779.9262239694594,CIN,2022,bat,1B
15161,Mitch Garver,C/DH,112.0199966430664,546.6013993978501,SEA,2022,bat,C/DH
14274,Mitch Haniger,OF,139.32000732421875,770.616504406929,,2022,bat,OF
10324,Marcell Ozuna,DH/OF,140.94000244140625,782.9725171923636,PIT,2022,bat,DH/OF
11265,Jonathan Schoop,2B,139.32000732421875,709.1007619857787,,2022,bat,2B
15112,Ryan McMahon,3B,139.32000732421875,765.1634976029396,NYY,2022,bat,3B
9077,Lorenzo Cain,OF,123.12000274658203,609.3263181090355,,2022,bat,OF
24610,Steven Kwan,OF,110.16000366210938,554.9981151819228,CLE,2022,bat,OF
20454,Jazz Chisholm Jr.,2B/OF,127.9800033569336,689.5030044078826,NYY,2022,bat,2B/OF
11281,Whit Merrifield,2B/OF,149.0399932861328,779.4650795459746,,2022,bat,2B/OF
16376,Michael Conforto,OF,116.63999938964844,647.9564088046551,CHC,2022,bat,OF
15676,José Abreu,1B,150.0,858.1894098043441,,2022,bat,1B
5760,Avisaíl García,OF,140.94000244140625,734.4906920433044,,2022,bat,OF
13757,Chris Taylor,OF,149.0399932861328,695.6481139183045,LAA,2022,bat,OF
19470,Tommy Edman,2B,134.4600067138672,601.4788741111755,LAD,2022,bat,2B
13769,Adalberto Mondesi,SS,129.60000610351562,599.942704963684,,2022,bat,SS
19363,Austin Hays,OF,136.0800018310547,701.0830175399781,CHW,2022,bat,OF
15223,Adam Frazier,2B/OF,127.9800033569336,579.2153082370758,LAA,2022,bat,2B/OF
13145,Josh Bell,1B,147.4199981689453,878.0700340151787,MIN,2022,bat,1B
16512,Isiah Kiner-Falefa,SS,126.36000061035156,555.1007498264313,BOS,2022,bat,SS
12371,Tommy La Stella,2B/3B,106.91999816894531,544.570711326599,,2022,bat,2B/3B
12552,Eugenio Suárez,3B,134.4600067138672,610.8047300755978,CIN,2022,bat,3B
11737,Nick Castellanos,3B/OF,150.0,880.3406355142594,SDP,2022,bat,3B/OF
7739,Travis d'Arnaud,C,92.36000061035156,391.00617077350614,LAA,2022,bat,C
19734,Josh Rojas,2B/3B,121.5,569.2980213880537,KCR,2022,bat,2B/3B
13066,Teoscar Hernández,OF,150.0,831.9901541411876,LAD,2022,bat,OF
17907,Brendan Rodgers,2B,127.9800033569336,688.7534200310707,BOS,2022,bat,2B
6184,J.D. Martinez,DH/OF,150.0,903.1923637628554,,2022,bat,DH/OF
19955,Gavin Lux,2B,106.91999816894531,492.0005129098892,TBR,2022,bat,2B
13338,Omar Narváez,C,90.8499984741211,387.88754402697083,,2022,bat,C
2434,Nelson Cruz,DH/OF,129.60000610351562,816.9550313949584,,2022,bat,DH/OF
7802,Miguel Rojas,SS,129.60000610351562,535.4883015871046,LAD,2022,bat,SS
6153,Eduardo Escobar,3B,137.6999969482422,630.5727151513098,,2022,bat,3B
19339,Nicky Lopez,2B/SS,132.83999633789062,537.2586503028868,COL,2022,bat,2B/SS
17901,Andrew Benintendi,OF,129.60000610351562,668.1405805587768,CHW,2022,bat,OF
18839,Josh Naylor,1B,119.87999725341797,624.2662891864777,SEA,2022,bat,1B
4314,Joey Votto,1B,150.0,883.708845460415,,2022,bat,1B
19950,Andrés Giménez,2B,106.91999816894531,446.08623486757284,TOR,2022,bat,2B
2967,Tommy Pham,OF,121.5,654.5970526456832,,2022,bat,OF
15672,Austin Meadows,DH/OF,119.87999725341797,665.0109048128128,,2022,bat,DH/OF
10556,César Hernández,2B,115.0199966430664,570.212073135376,,2022,bat,2B
11445,Mark Canha,OF,132.83999633789062,636.4877588510514,TEX,2022,bat,OF
20325,Alex Kirilloff,1B/OF,111.77999877929688,596.6700043439864,,2022,bat,1B/OF
16930,Jonah Heim,C,61.77000045776367,252.26413467824452,ATL,2022,bat,C
5452,Ji Man Choi,1B,116.63999938964844,603.2297052800653,,2022,bat,1B
14811,Luke Voit,1B/DH,126.36000061035156,697.127477389574,,2022,bat,1B/DH
17992,David Fletcher,2B,149.0399932861328,639.268961238861,,2022,bat,2B
26294,Bryson Stott,2B,115.0199966430664,485.12855648994446,PHI,2022,bat,2B
21534,Cal Raleigh,C,63.279998779296875,265.7893991351128,SEA,2022,bat,C
2900,Roberto Pérez,C,102.44999694824219,386.3699514627457,,2022,bat,C
19198,Yuli Gurriel,1B,139.32000732421875,724.1138184189796,SDP,2022,bat,1B
18819,Andy Ibáñez,2B/3B,115.0199966430664,546.6818839550017,OAK,2022,bat,2B/3B
6012,Didi Gregorius,SS,113.4000015258789,514.0438212871551,,2022,bat,SS
11038,Kevin Kiermaier,OF,116.63999938964844,434.75703744888295,,2022,bat,OF
19293,Nick Senzel,OF,123.12000274658203,569.1049750089644,LAD,2022,bat,OF
20242,Kevin Smith,3B/SS,95.58000183105469,423.6237218141555,,2022,bat,3B/SS
22458,Taylor Walls,SS,85.86000061035156,338.56830466985707,TBR,2022,bat,SS
10681,Gio Urshela,3B,118.26000213623047,517.9700334906577,MIN,2022,bat,3B
19913,Jesús Sánchez,OF,127.9800033569336,674.5735201358796,TOR,2022,bat,OF
22558,Jarred Kelenic,OF,118.26000213623047,548.9456092953682,CHW,2022,bat,OF
24618,Ryan Jeffers,C,75.33000183105469,308.02461794018745,MIN,2022,bat,C
18373,Ryan Mountcastle,1B,145.8000030517578,778.130812883377,BAL,2022,bat,1B
12976,Austin Hedges,C,87.37999725341797,281.59770395159717,CLE,2022,bat,C
25976,Riley Greene,OF,82.62000274658203,394.1325793981552,DET,2022,bat,OF
19252,Cavan Biggio,2B,123.12000274658203,594.3674275636672,HOU,2022,bat,2B
19953,Josh Lowe,OF,97.19999694824219,469.56446390151973,LAA,2022,bat,OF
27506,Ha-Seong Kim,SS,92.33999633789062,398.458950972557,ATL,2022,bat,SS
12546,C.J. Cron,1B,136.0800018310547,834.6222115159035,,2022,bat,1B
15191,Chad Pinder,OF,108.54000091552734,499.7368052124977,,2022,bat,OF
5254,Robbie Grossman,OF,126.36000061035156,642.6008338451385,,2022,bat,OF
15279,Garrett Cooper,1B/DH,129.60000610351562,710.8054655313491,,2022,bat,1B/DH
9256,AJ Pollock,OF,118.26000213623047,607.6429326295852,,2022,bat,OF
2829,Manny Piña,C,55.7400016784668,241.39560506343844,,2022,bat,C
14221,Jorge Soler,DH/OF,145.8000030517578,821.8806079149246,LAA,2022,bat,DH/OF
5827,Wilmer Flores,1B,98.81999969482422,508.696809053421,,2022,bat,1B
18795,Ramón Urías,3B,105.30000305175781,446.29378293752677,STL,2022,bat,3B
10200,Tucker Barnhart,C,88.88999938964844,309.496850913763,,2022,bat,C
7007,Yadier Molina,C,104.41000366210938,401.0452652215957,,2022,bat,C
8709,Elvis Andrus,SS,121.5,444.66214271783826,,2022,bat,SS
15464,Hunter Renfroe,OF,131.22000122070312,677.1732304990292,,2022,bat,OF
9368,Evan Longoria,3B,93.95999908447266,454.0885655283928,,2022,bat,3B
9774,Christian Vázquez,C,87.37999725341797,346.44626289010046,HOU,2022,bat,C
19238,Lourdes Gurriel Jr.,OF,136.0800018310547,681.8465663790704,ARI,2022,bat,OF
5517,Kyle Higashioka,C,60.2599983215332,238.052776914835,TEX,2022,bat,C
11342,Jesús Aguilar,1B,124.73999786376953,677.4812294065952,,2022,bat,1B
16939,Lane Thomas,OF,115.0199966430664,549.3564298868179,KCR,2022,bat,OF
20308,Jake Meyers,OF,100.44000244140625,434.0393238782882,HOU,2022,bat,OF
17838,Willie Calhoun,DH/OF,115.0199966430664,627.4408310413361,,2022,bat,DH/OF
2136,David Peralta,OF,119.87999725341797,589.4732749700545,,2022,bat,OF
15351,Frank Schwindel,1B,118.26000213623047,643.5303822398187,,2022,bat,1B
15149,Trey Mancini,1B/DH/OF,147.4199981689453,775.3582752466202,LAA,2022,bat,1B/DH/OF
22168,Akil Baddoo,OF,105.30000305175781,508.68969168663017,MIL,2022,bat,OF
10847,Andrelton Simmons,SS,103.68000030517578,371.6070171654224,,2022,bat,SS
18289,Brian Anderson,3B/OF,126.36000061035156,552.7306470274925,,2022,bat,3B/OF
4892,Mike Moustakas,3B,131.22000122070312,668.0559784948825,,2022,bat,3B
10047,Wil Myers,1B/OF,145.8000030517578,674.0029004335404,,2022,bat,1B/OF
14551,Anthony Santander,OF,129.60000610351562,662.8411779284476,TOR,2022,bat,OF
10071,Jonathan Villar,2B/SS,108.54000091552734,502.407918214798,,2022,bat,2B/SS
12155,Eddie Rosario,OF,113.4000015258789,634.2324038982391,,2022,bat,OF
11489,Michael A. Taylor,OF,121.5,476.7789615988731,,2022,bat,OF
10231,Jose Iglesias,SS,126.36000061035156,574.5052834749221,,2022,bat,SS
15679,Rowdy Tellez,1B,102.05999755859375,550.1792294740677,,2022,bat,1B
18126,LaMonte Wade Jr.,1B/OF,113.4000015258789,563.8787776947021,CHW,2022,bat,1B/OF
11442,Gary Sánchez,C,106.68000030517578,488.2958923578262,MIL,2022,bat,C
16403,Francisco Mejía,C,71.48999786376953,308.4160162687302,,2022,bat,C
12775,Brad Miller,SS,105.30000305175781,508.10747148990623,,2022,bat,SS
10243,Randal Grichuk,OF,127.9800033569336,683.9097692728043,NYY,2022,bat,OF
21524,Joey Bart,C,87.37999725341797,313.819662451744,PIT,2022,bat,C
21618,Alec Bohm,3B,82.62000274658203,388.23440873622894,PHI,2022,bat,3B
20202,Brandon Marsh,OF,115.0199966430664,485.9436810970306,PHI,2022,bat,OF
18363,Victor Robles,OF,116.63999938964844,462.1914217472076,SEA,2022,bat,OF
21479,Nico Hoerner,2B/SS,68.04000091552734,288.5903446316719,CHC,2022,bat,2B/SS
11899,Joc Pederson,OF,123.12000274658203,598.0015723705292,TEX,2022,bat,OF
11680,Elias Díaz,C,84.37000274658203,379.8331932067871,KCR,2022,bat,C
20036,Isaac Paredes,3B,51.84000015258789,239.96922830343246,HOU,2022,bat,3B
13807,Kevin Plawecki,C,57.25,259.65428174138066,,2022,bat,C
8202,Josh Harrison,2B/3B,93.95999908447266,416.9073229789733,,2022,bat,2B/3B
14130,Daniel Vogelbach,1B/DH,79.37999725341797,463.6234589517116,,2022,bat,1B/DH
9929,Darin Ruf,1B/OF,97.19999694824219,514.2005624294281,,2022,bat,1B/OF
6887,Martín Maldonado,C,106.97000122070312,317.80443832874295,,2022,bat,C
12158,Austin Barnes,C,51.220001220703125,192.67256296873092,NYM,2022,bat,C
13419,Christian Walker,1B,124.73999786376953,618.5959240794181,HOU,2022,bat,1B
9627,Yan Gomes,C,60.380001068115234,266.08916907310487,,2022,bat,C
19966,Bobby Dalbec,1B,121.5,611.1738973855971,,2022,bat,1B
11200,Kole Calhoun,OF,110.16000366210938,517.3695587515831,,2022,bat,OF
13853,Joey Wendle,2B/3B/SS,110.16000366210938,456.1030420780182,,2022,bat,2B/3B/SS
13499,Tom Murphy,C,66.29000091552734,256.7273683726787,,2022,bat,C
19892,Pavin Smith,1B/OF,108.54000091552734,536.4538927793503,ARI,2022,bat,1B/OF
4940,Jason Heyward,OF,87.4800033569336,379.5705216288567,,2022,bat,OF
2396,Carlos Santana,1B,115.0199966430664,596.6108986377716,ARI,2022,bat,1B
3516,Eric Hosmer,1B,121.5,599.3648821592332,,2022,bat,1B
17696,Kevin Newman,2B/SS,119.87999725341797,457.32076685428615,KCR,2022,bat,2B/SS
16153,Austin Slater,OF,72.9000015258789,353.5469920992851,DET,2022,bat,OF
16219,J.D. Davis,3B,72.9000015258789,357.8258811503649,,2022,bat,3B
16424,Jordan Luplow,OF,79.37999725341797,412.78567802906036,,2022,bat,OF
20493,Seth Beer,DH,95.58000183105469,493.416376042366,,2022,bat,DH
16725,Jose Trevino,C,55.7400016784668,187.95439190864562,CIN,2022,bat,C
10950,Adam Duvall,OF,127.9800033569336,593.208845126629,,2022,bat,OF
17548,Taylor Ward,OF,82.62000274658203,393.71718121171,BAL,2022,bat,OF
19287,Adolis García,OF,134.4600067138672,582.4164328575133,PHI,2022,bat,OF
12859,James McCann,C,88.88999938964844,310.1281711399555,ARI,2022,bat,C
12147,Nick Ahmed,SS,106.91999816894531,409.59493329524986,,2022,bat,SS
13602,Patrick Wisdom,3B,113.4000015258789,492.7058052361012,SEA,2022,bat,3B
14813,Kyle Farmer,2B/SS,100.44000244140625,406.66706945896146,ATL,2022,bat,2B/SS
19997,Santiago Espinal,2B/3B,77.76000213623047,318.8845941185951,LAD,2022,bat,2B/3B
22197,MJ Melendez,OF,48.970001220703125,265.76252216100687,NYM,2022,bat,OF
10815,Jurickson Profar,OF,113.4000015258789,478.3190625071525,ATL,2022,bat,OF
7859,Charlie Blackmon,OF,137.6999969482422,799.0484458684922,,2022,bat,OF
11476,Odúbel Herrera,OF,63.18000030517578,322.03617225885387,,2022,bat,OF
21558,Matt Vierling,OF,63.18000030517578,294.13881975412363,DET,2022,bat,OF
13755,Tomás Nido,C,55.7400016784668,182.1049412727356,DET,2022,bat,C
26197,Andrew Vaughn,1B/OF,77.76000213623047,392.11176253557204,MIL,2022,bat,1B/OF
19948,Cristian Pache,OF,121.5,431.7381006598472,NYM,2022,bat,OF
9847,Andrew McCutchen,OF,137.6999969482422,710.8694126367568,TEX,2022,bat,OF
15674,Reese McGuire,C,36.15999984741211,132.19705288261173,MIL,2022,bat,C
4418,Jed Lowrie,2B/SS,110.16000366210938,498.1491284668445,,2022,bat,2B/SS
14773,Yu Chang,SS,87.4800033569336,364.95523369312286,,2022,bat,SS
19958,Carter Kieboom,3B,68.04000091552734,299.8397873699665,CLE,2022,bat,3B
20391,Luis García Jr.,2B,71.27999877929688,323.33100285530077,WSN,2022,bat,2B
16426,Thairo Estrada,2B,56.70000076293945,247.6015825808048,BAL,2022,bat,2B
20220,Jo Adell,OF,129.60000610351562,584.0078191995619,LAA,2022,bat,OF
25768,CJ Abrams,SS,76.13999938964844,276.4739269912243,WSN,2022,bat,SS
20538,Jose Miranda,1B/3B,48.599998474121094,247.51776674985885,SDP,2022,bat,1B/3B
18171,Seth Brown,1B/OF,116.63999938964844,513.6322739362716,NYY,2022,bat,1B/OF
13675,Tyrone Taylor,OF,71.27999877929688,326.64586329460144,NYM,2022,bat,OF
19508,Kyle Lewis,OF,72.9000015258789,351.80874444842334,,2022,bat,OF
5913,Leury García,OF,85.86000061035156,327.2410637617111,,2022,bat,OF
22117,Nick Pratto,1B,79.37999725341797,408.65577540397635,TEX,2022,bat,1B
20287,Ben Rortvedt,C,34.650001525878906,128.79659759104248,NYM,2022,bat,C
17022,Edmundo Sosa,3B/SS,53.459999084472656,218.08477493524552,PHI,2022,bat,3B/SS
12510,Curt Casali,C,60.2599983215332,219.79215374588966,,2022,bat,C
19635,Sheldon Neuse,2B/3B,68.04000091552734,259.87786204814904,,2022,bat,2B/3B
19901,Gavin Sheets,DH/OF,81.0,405.76802663803096,SDP,2022,bat,DH/OF
14350,Raimel Tapia,OF,116.63999938964844,535.7323758602141,,2022,bat,OF
22563,Gabriel Arias,SS,40.5,171.34335765838625,CLE,2022,bat,SS
23378,José Barrero,SS,53.459999084472656,234.2668776452541,BAL,2022,bat,SS
19294,Nick Solak,2B,72.9000015258789,336.72342840433123,SDP,2022,bat,2B
16572,Connor Joe,1B/OF,76.13999938964844,424.49624887108797,SEA,2022,bat,1B/OF
19600,Bryan De La Cruz,OF,71.27999877929688,323.86391962766646,PHI,2022,bat,OF
12180,Jorge Alfaro,C,73.9000015258789,286.2809400260449,KCR,2022,bat,C
22514,Triston Casas,1B,59.939998626708984,308.0321498274803,BOS,2022,bat,1B
21614,Kyle Isbel,OF,74.5199966430664,326.6402848482132,KCR,2022,bat,OF
14968,Victor Caratini,C,45.20000076293945,191.59019203484056,MIN,2022,bat,C
19458,Cooper Hummel,DH/OF,42.119998931884766,216.66697108745572,,2022,bat,DH/OF
17278,Bobby Bradley,1B,105.30000305175781,493.0023331046104,,2022,bat,1B
27459,Yoshi Tsutsugo,1B/DH/OF,123.12000274658203,597.768966960907,,2022,bat,1B/DH/OF
8722,Jason Castro,C,37.65999984741211,142.34871850609778,,2022,bat,C
13359,Tyler Naquin,OF,113.4000015258789,570.3529102921485,,2022,bat,OF
19844,Abraham Toro,2B/3B,27.540000915527344,135.15845246016977,KCR,2022,bat,2B/3B
19599,Chas McCormick,OF,63.18000030517578,256.04675763249395,CHC,2022,bat,OF
10323,Rafael Ortega,OF,79.37999725341797,388.80894417762755,,2022,bat,OF
15653,Dominic Smith,1B/OF,95.58000183105469,458.02546495795247,ATL,2022,bat,1B/OF
11902,Hanser Alberto,2B/3B,56.70000076293945,244.04778108596798,,2022,bat,2B/3B
15983,Clint Frazier,OF,92.33999633789062,445.4572974681854,,2022,bat,OF
17468,Kelvin Gutiérrez,3B,81.0,315.2524648189545,,2022,bat,3B
18083,Austin Allen,C,24.110000610351562,105.61472392976283,,2022,bat,C
17719,Steven Duggar,OF,66.41999816894531,251.86573438644402,,2022,bat,OF
19906,Diego Castillo,2B/SS,90.72000122070312,359.2712861835957,,2022,bat,2B/SS
9927,Brett Gardner,OF,71.27999877929688,285.5739677906036,,2022,bat,OF
16285,Michael Hermosillo,OF,56.70000076293945,250.4730390906334,,2022,bat,OF
12160,Ben Gamel,OF,116.63999938964844,508.28104252815245,ATL,2022,bat,OF
23792,Alek Thomas,OF,29.15999984741211,141.23304851055144,ARI,2022,bat,OF
17710,Matt Beaty,1B/OF,59.939998626708984,267.3459231138229,,2022,bat,1B/OF
14950,Johan Camargo,3B/SS,35.63999938964844,162.74282386898992,,2022,bat,3B/SS
16375,Óscar Mercado,OF,48.599998474121094,201.63886281251905,ARI,2022,bat,OF
12282,Rougned Odor,2B,77.76000213623047,321.7817865401506,,2022,bat,2B
13836,Matt Duffy,3B,55.08000183105469,228.68211501836774,,2022,bat,3B
12649,Alex Dickerson,OF,74.5199966430664,386.69204248189925,,2022,bat,OF
17326,Cole Tucker,SS/OF,76.13999938964844,291.9799838066101,,2022,bat,SS/OF
15482,Aristides Aquino,OF,103.68000030517578,507.9409972429275,,2022,bat,OF
15937,Aledmys Díaz,SS,42.119998931884766,188.48359147906302,,2022,bat,SS
4579,Starlin Castro,2B/SS,45.36000061035156,201.87823366522787,,2022,bat,2B/SS
17273,Jorge Mateo,SS,98.81999969482422,357.1589817285537,ATL,2022,bat,SS
22164,Payton Henry,C,33.150001525878906,126.25305031538008,NYY,2022,bat,C
24765,Bryan Lavastida,C,22.600000381469727,93.17045961916445,OAK,2022,bat,C
22263,Nolan Gorman,2B,30.780000686645508,138.7867521315813,STL,2022,bat,2B
12179,Maikel Franco,3B,66.41999816894531,275.9591142743825,,2022,bat,3B
14387,Harold Ramírez,DH/OF,42.119998931884766,206.09072525501253,,2022,bat,DH/OF
16417,Sergio Alcántara,2B/3B/SS,55.08000183105469,198.39047635793685,WSN,2022,bat,2B/3B/SS
14735,Brett Phillips,OF,42.119998931884766,160.83963526487352,,2022,bat,OF
16530,Mauricio Dubón,2B/OF,38.880001068115234,159.500054693222,ATL,2022,bat,2B/OF
15730,Tyler Wade,2B/OF,61.560001373291016,228.34377363920206,TEX,2022,bat,2B/OF
13185,Orlando Arcia,SS,30.780000686645508,134.95770016908645,MIN,2022,bat,SS
24491,Travis Swaggerty,OF,29.15999984741211,131.79489553272722,,2022,bat,OF
12981,Cam Gallagher,C,22.600000381469727,83.93342442512511,,2022,bat,C
21454,Lars Nootbaar,OF,61.560001373291016,281.6434327363968,STL,2022,bat,OF
15117,Hunter Dozier,3B/OF,98.81999969482422,432.0836540460586,,2022,bat,3B/OF
9433,Dustin Garneau,C,33.150001525878906,122.40295649170874,,2022,bat,C
13355,Luke Maile,C,40.68000030517578,118.8927241653204,KCR,2022,bat,C
15055,Dom Nuñez,C,61.77000045776367,232.7461221694946,CLE,2022,bat,C
19627,Brent Rooker,DH/OF,43.7400016784668,212.53461786508558,OAK,2022,bat,DH/OF
20536,Vidal Bruján,2B/OF,27.540000915527344,117.95836732685565,NYM,2022,bat,2B/OF
22217,Luis Campusano,C,15.069999694824219,66.09312076270581,SDP,2022,bat,C
3142,Robinson Chirinos,C,42.18000030517578,160.35892324447633,,2022,bat,C
3269,Robinson Canó,2B,113.4000015258789,496.69701517820357,,2022,bat,2B
19334,Yadiel Hernandez,OF,61.560001373291016,284.1061951756477,,2022,bat,OF
8418,Ehire Adrianza,3B/SS,58.31999969482422,232.5251555085182,,2022,bat,3B/SS
12984,Jackie Bradley Jr.,OF,103.68000030517578,371.1068731307983,,2022,bat,OF
14593,David Bote,2B/3B,25.920000076293945,116.151973092556,LAD,2022,bat,2B/3B
14111,Eric Haase,C,71.30999755859375,308.7000158071518,SFG,2022,bat,C
19260,Jake Fraley,OF,64.80000305175781,306.8985182881355,TBR,2022,bat,OF
18900,Leody Taveras,OF,30.780000686645508,122.9246335506439,BAL,2022,bat,OF
19858,Luis Rengifo,2B/3B,25.920000076293945,106.82523886859417,MIL,2022,bat,2B/3B
22515,Heliot Ramos,OF,24.299999237060547,107.69748714864252,SFG,2022,bat,OF
16542,Shed Long Jr.,2B/OF,27.540000915527344,115.5040972530842,,2022,bat,2B/OF
16434,Christian Arroyo,2B,51.84000015258789,225.59276203513144,NYM,2022,bat,2B
3086,Mitch Moreland,1B,64.80000305175781,314.9824517786502,,2022,bat,1B
12325,Jace Peterson,2B/3B,46.97999954223633,187.91401605010032,,2022,bat,2B/3B
18042,Dylan Moore,2B/OF,59.939998626708984,223.45247782468792,PHI,2022,bat,2B/OF
8623,Donovan Solano,2B,58.31999969482422,260.2292846500874,,2022,bat,2B
19514,Andrew Knizner,C,45.20000076293945,178.7650101393461,SEA,2022,bat,C
1433,Wilson Ramos,C,22.600000381469727,106.28180299401282,,2022,bat,C
19432,Yonny Hernández,2B/3B,22.68000030517578,91.50078698098659,NYM,2022,bat,2B/3B
16451,Luis Guillorme,2B/3B,25.920000076293945,102.90294147133825,,2022,bat,2B/3B
16337,Nick Gordon,OF,30.780000686645508,124.94387944936751,,2022,bat,OF
5222,Justin Upton,OF,59.939998626708984,290.7160610079766,,2022,bat,OF
12037,Jon Berti,3B,29.15999984741211,116.83321225345134,,2022,bat,3B
24617,Jarren Duran,OF,38.880001068115234,172.0079737186432,BOS,2022,bat,OF
22799,Geraldo Perdomo,SS,30.780000686645508,110.10065354108808,ARI,2022,bat,SS
25353,Michael Stefanic,2B,22.68000030517578,96.10202274471521,OAK,2022,bat,2B
17321,Michael Chavis,1B/2B,59.939998626708984,270.4815359830856,CIN,2022,bat,1B/2B
18067,Garrett Stubbs,C,24.110000610351562,83.19629864692688,PHI,2022,bat,C
12164,Miguel Sanó,1B/3B,150.0,761.9706901252268,,2022,bat,1B/3B
10762,Corey Dickerson,OF,64.80000305175781,309.96659301519395,,2022,bat,OF
17452,Jose Siri,OF,48.599998474121094,203.77093223929404,LAA,2022,bat,OF
19698,Edward Olivares,OF,24.299999237060547,112.478681910038,TBR,2022,bat,OF
19683,Mike Brosseau,3B,37.2599983215332,159.6898375570774,,2022,bat,3B
15487,Victor Reyes,OF,29.15999984741211,120.56580820083617,,2022,bat,OF
16925,Aramis Garcia,C,42.18000030517578,144.35398669242855,ARI,2022,bat,C
5000,Stephen Vogt,C,78.95999908447266,291.7067340493202,,2022,bat,C
15402,Jack Mayfield,3B,30.780000686645508,120.79540458917614,,2022,bat,3B
17766,DJ Stewart,OF,35.63999938964844,167.45267112255092,,2022,bat,OF
12434,Kevin Pillar,OF,34.02000045776367,142.6215311050415,,2022,bat,OF
6310,Alcides Escobar,SS,110.16000366210938,388.71540338993066,,2022,bat,SS
22277,Nick Allen,SS,30.780000686645508,102.25311914086343,HOU,2022,bat,SS
18400,Juan Yepez,1B/DH/OF,19.440000534057617,99.89907205104828,TOR,2022,bat,1B/DH/OF
15654,Billy McKinney,OF,29.15999984741211,124.06251012682914,,2022,bat,OF
21501,Trevor Larnach,DH/OF,35.63999938964844,156.42339329123496,MIN,2022,bat,DH/OF
24655,Owen Miller,1B/2B,42.119998931884766,158.84090694785115,CHC,2022,bat,1B/2B
17338,Willi Castro,OF,16.200000762939453,66.85050209760665,COL,2022,bat,OF
19956,Mickey Moniak,OF,61.560001373291016,227.32646472454073,COL,2022,bat,OF
24589,Richie Palacios,OF,9.720000267028809,43.76605981886387,TBR,2022,bat,OF
16221,Bradley Zimmer,OF,27.540000915527344,104.34198493063448,,2022,bat,OF
20352,Ernie Clement,3B,24.299999237060547,88.66867879927158,TOR,2022,bat,3B
21538,Nick Fortes,C,13.5600004196167,58.92957223355769,TBR,2022,bat,C
11936,Joe Panik,2B,37.2599983215332,137.3758167415857,,2022,bat,2B
15082,Adam Engel,OF,42.119998931884766,162.60836004018782,,2022,bat,OF
17040,Jose Herrera,C,18.079999923706055,63.93291773200036,TEX,2022,bat,C
14691,Harold Castro,2B,34.02000045776367,120.48514345288277,,2022,bat,2B
15170,Josh VanMeter,2B,22.68000030517578,101.52209936082362,,2022,bat,2B
15905,Luis Torrens,C,51.869998931884766,213.6488998770714,NYM,2022,bat,C
4962,Asdrúbal Cabrera,SS,40.5,168.91008759140968,CIN,2022,bat,SS
18365,Lewin Díaz,1B,30.780000686645508,150.95650272667405,,2022,bat,1B
15124,Tim Locastro,OF,27.540000915527344,109.80593990385532,,2022,bat,OF
19977,Tres Barrera,C,10.550000190734863,39.99705002307891,WSN,2022,bat,C
19873,Drew Ellis,3B,27.540000915527344,107.75898011028765,,2022,bat,3B
20529,Nolan Jones,OF,11.34000015258789,51.71027983948588,CLE,2022,bat,OF
13854,Anthony Bemboom,C,15.069999694824219,46.89556813538075,,2022,bat,C
17893,Tyler Nevin,1B/3B,29.15999984741211,124.40034260153769,,2022,bat,1B/3B
13367,Stephen Piscotty,OF,108.54000091552734,427.7514967799186,,2022,bat,OF
sa3004885,Mason Martin,1B,30.780000686645508,147.03754930794238,,2022,bat,1B
19864,Riley Adams,C,59.099998474121094,239.46702077984807,WSN,2022,bat,C
19331,Jose Rojas,3B/OF,30.780000686645508,131.05783381164073,NYM,2022,bat,3B/OF
1744,Miguel Cabrera,1B/3B,121.5,574.4411240994931,,2022,bat,1B/3B
5497,Marwin Gonzalez,SS,22.68000030517578,88.37168534547091,,2022,bat,SS
20003,Keston Hiura,1B/2B,66.41999816894531,300.5214217722416,LAD,2022,bat,1B/2B
19151,Estevan Florial,OF,8.100000381469727,36.75106960684061,,2022,bat,OF
19859,René Pinto,C,9.039999961853027,33.61222787722945,PHI,2022,bat,C
26299,Josh Jung,3B,12.960000038146973,63.304762937128544,TEX,2022,bat,3B
18316,Edwin Rios,1B/3B/DH,32.400001525878906,144.67452546060085,,2022,bat,1B/3B/DH
19961,Colton Welker,1B/3B,37.2599983215332,168.32823420763015,,2022,bat,1B/3B
20572,Kody Clemens,1B,9.720000267028809,41.903012287616725,MIN,2022,bat,1B
13329,Jake Lamb,3B,35.63999938964844,147.83431086838246,,2022,bat,3B
20503,William Contreras,C,7.53000020980835,35.336839843541384,MIL,2022,bat,C
12092,Niko Goodrum,2B/SS,37.2599983215332,132.56734554767604,,2022,bat,2B/SS
19896,Connor Wong,C,6.03000020980835,27.694191529601813,BOS,2022,bat,C
18027,Hoy Park,2B,9.720000267028809,42.20941957086324,OAK,2022,bat,2B
14196,Andrew Velazquez,SS,14.579999923706055,53.78675765097142,TEX,2022,bat,SS
21560,Alfonso Rivas III,1B,22.68000030517578,97.69171567261218,,2022,bat,1B
21622,Jake McCarthy,OF,82.62000274658203,315.6785674571991,COL,2022,bat,OF
12858,Brian Goodwin,OF,51.84000015258789,216.6923775374889,,2022,bat,OF
11205,Adam Eaton,OF,24.299999237060547,106.98123210668564,,2022,bat,OF
18353,Daz Cameron,OF,14.579999923706055,61.92348891198635,MIL,2022,bat,OF
18142,Patrick Mazeika,C,6.03000020980835,22.921571392193435,,2022,bat,C
8259,Kurt Suzuki,C,39.16999816894531,151.893876221776,,2022,bat,C
15878,Miguel Andujar,3B/OF,9.720000267028809,48.371861460804936,SDP,2022,bat,3B/OF
18889,Danny Mendick,2B/SS,12.960000038146973,47.08374738842249,,2022,bat,2B/SS
21562,Romy Gonzalez,1B/2B,8.100000381469727,35.61619956344366,BOS,2022,bat,1B/2B
17723,Skye Bolt,OF,16.200000762939453,59.02033351659774,,2022,bat,OF
16686,Jason Vosler,1B/3B,6.480000019073486,29.052189979702238,,2022,bat,1B/3B
19452,Jake Rogers,C,7.53000020980835,28.067788811028,DET,2022,bat,C
16947,Derek Hill,OF,16.200000762939453,61.443217533826825,CHW,2022,bat,OF
19318,Matt Thaiss,C,7.760000228881836,32.196531419456,BOS,2022,bat,C
16357,Pablo Reyes,OF,9.720000267028809,39.7503266043961,SDP,2022,bat,OF
14523,Pedro Severino,C,18.079999923706055,72.6915837034583,,2022,bat,C
16442,Ryan O'Hearn,1B/DH,21.059999465942383,97.43516936004161,PIT,2022,bat,1B/DH
19562,Zack Short,SS,6.480000019073486,25.219919511675837,NYY,2022,bat,SS
7927,Eric Sogard,2B,27.540000915527344,97.61759479641913,,2022,bat,2B
15808,José Godoy,C,7.53000020980835,27.59998071119189,,2022,bat,C
19768,Rylan Bannon,2B/3B/DH,8.100000381469727,33.14165176749229,,2022,bat,2B/3B/DH
21837,Jonathan Aranda,1B,6.480000019073486,30.670909611880777,TBR,2022,bat,1B
14320,Wilmer Difo,2B/SS,25.920000076293945,90.63604705333711,,2022,bat,2B/SS
25543,Korey Lee,C,6.03000020980835,22.044899465143676,CHW,2022,bat,C
21635,Nick Maton,2B/3B,11.34000015258789,41.127273777127265,,2022,bat,2B/3B
18551,Ali Sánchez,C,7.53000020980835,25.866532091796397,NYY,2022,bat,C
24679,Brendan Donovan,2B/OF,4.860000133514404,20.825018380209805,SEA,2022,bat,2B/OF
20056,Alan Trejo,2B/SS,21.059999465942383,88.24587028622628,,2022,bat,2B/SS
19314,Donovan Walton,2B/SS,4.860000133514404,19.565602058172225,LAA,2022,bat,2B/SS
19890,Emmanuel Rivera,3B,16.200000762939453,70.87844100296498,,2022,bat,3B
25867,Ryan Kreidler,3B/SS,4.860000133514404,19.86313146948814,MIN,2022,bat,3B/SS
25816,Shea Langeliers,C,3.009999990463257,13.415910910069943,OAK,2022,bat,C
18872,Jahmai Jones,2B/DH/OF,9.720000267028809,36.35143035501242,DET,2022,bat,2B/DH/OF
14942,Andrew Knapp,C,37.65999984741211,125.22514715790747,,2022,bat,C
22823,Oswald Peraza,3B,3.240000009536743,14.701830390840769,LAA,2022,bat,3B
19522,TJ Friedl,OF,8.100000381469727,35.96505022644997,CIN,2022,bat,OF
15608,Willians Astudillo,C/3B,4.630000114440918,21.491300881654023,,2022,bat,C/3B
15697,Gosuke Katoh,1B/2B,21.059999465942383,78.17225022017955,,2022,bat,1B/2B
14553,Nomar Mazara,OF,12.960000038146973,55.09336297065019,,2022,bat,OF
18899,Lucius Fox,3B/SS,16.200000762939453,55.54024618119001,,2022,bat,3B/SS
19960,Taylor Trammell,OF,8.100000381469727,30.523271665349597,HOU,2022,bat,OF
10642,Carlos Pérez,C,4.519999980926514,21.033778925985093,HOU,2022,bat,C
5491,Austin Romine,C,12.050000190734863,39.87659676745533,,2022,bat,C
7949,Tim Beckham,SS,6.480000019073486,25.84792999178171,,2022,bat,SS
15794,Yonathan Daza,OF,34.02000045776367,140.76822810173033,,2022,bat,OF
22275,Jake Burger,1B/3B,3.240000009536743,15.077330325171348,TEX,2022,bat,1B/3B
12977,Michael Pérez,C,10.550000190734863,35.28962978720665,,2022,bat,C
21987,Rodolfo Castro,2B/SS,4.860000133514404,21.368230473995208,,2022,bat,2B/SS
9112,Khris Davis,DH/OF,25.920000076293945,122.24991392195224,,2022,bat,DH/OF
13593,José Peraza,2B/SS,9.720000267028809,35.06202453449369,,2022,bat,2B/SS
20233,Gilberto Celestino,OF,6.480000019073486,24.776169899851084,TEX,2022,bat,OF
14477,Jake Cave,OF,11.34000015258789,44.182721707224836,,2022,bat,OF
5384,Juan Lagares,OF,16.200000762939453,62.17428042590617,,2022,bat,OF
19533,Taylor Jones,1B/DH,6.480000019073486,28.96690060123801,,2022,bat,1B/DH
18603,Donny Sands,C/DH,3.009999990463257,12.599259470775722,,2022,bat,C/DH
3298,Charlie Culberson,3B/OF,25.920000076293945,91.88477281928061,,2022,bat,3B/OF
22209,Sam Huff,C,3.009999990463257,12.66449053734541,BAL,2022,bat,C
19818,Joshua Palacios,OF,6.480000019073486,26.86205010935664,,2022,bat,OF
11615,Brandon Drury,2B/3B,9.720000267028809,39.88995329439639,KCR,2022,bat,2B/3B
17684,Vimael Machín,3B,3.240000009536743,12.190680164843796,COL,2022,bat,3B
24703,Jonah Bride,1B/3B,8.100000381469727,33.07205936908722,TEX,2022,bat,1B/3B
19354,Luke Raley,1B/OF,12.960000038146973,53.57807295918464,SEA,2022,bat,1B/OF
19802,Jhonny Pereda,C,3.009999990463257,10.42250048443675,SEA,2022,bat,C
19931,Luke Williams,3B/OF,4.860000133514404,17.836710688471793,ATL,2022,bat,3B/OF
20275,Jonathan Araúz,2B/3B/SS,3.240000009536743,13.185189843922855,,2022,bat,2B/3B/SS
11982,Travis Shaw,3B,16.200000762939453,70.62203844636679,BOS,2022,bat,3B
13768,Travis Jankowski,OF,9.720000267028809,36.112169787287705,NYM,2022,bat,OF
26151,Kyle Stowers,OF,3.240000009536743,15.078651349060236,MIA,2022,bat,OF
19928,Ryan McKenna,OF,14.579999923706055,56.77371900379657,,2022,bat,OF
13770,Rob Refsnyder,OF,6.480000019073486,27.746729104220865,SEA,2022,bat,OF
16623,Greg Allen,OF,25.920000076293945,99.18338886499404,,2022,bat,OF
4922,Ender Inciarte,OF,6.480000019073486,21.01021963059902,,2022,bat,OF
11339,Jake Marisnick,OF,24.299999237060547,93.12178674340247,,2022,bat,OF
11400,Ronald Torreyes,2B/3B/SS,4.860000133514404,17.233370067924263,,2022,bat,2B/3B/SS
22184,Mark Vientos,3B/DH,1.6200000047683716,7.509869966376573,NYM,2022,bat,3B/DH
19608,Otto Lopez,2B/SS,3.240000009536743,12.59876033887267,MIA,2022,bat,2B/SS
18063,Kyle Garlick,OF,4.860000133514404,21.834278561919923,,2022,bat,OF
18395,Travis Blankenhorn,DH/OF,1.6200000047683716,7.229029689263552,,2022,bat,DH/OF
20321,Stuart Fairchild,OF,3.240000009536743,13.359250964969396,CLE,2022,bat,OF
19878,Adam Haseley,OF,4.860000133514404,18.312159033119677,,2022,bat,OF
15958,Travis Demeritte,OF,3.240000009536743,15.402280488424001,,2022,bat,OF
22871,Tucupita Marcano,2B/SS/OF,3.240000009536743,12.272389841079711,SDP,2022,bat,2B/SS/OF
18399,Joe McCarthy,OF,4.860000133514404,20.591990683600308,,2022,bat,OF
sa876363,Dalton Kelly,1B,4.860000133514404,20.31685150135308,,2022,bat,1B
17276,Alex Jackson,C,3.009999990463257,11.305739848688244,MIN,2022,bat,C
14567,Franchy Cordero,1B/OF,3.240000009536743,14.560860157385465,,2022,bat,1B/OF
21304,Mark Kolozsvary,C,7.53000020980835,24.174259687960145,PHI,2022,bat,C
10322,Danny Santana,OF,8.100000381469727,35.28064074367285,,2022,bat,OF
19552,Jaylin Davis,OF,3.240000009536743,14.280310102924703,,2022,bat,OF
sa1169803,Clay Dungan,2B/SS,1.6200000047683716,6.372050157561898,SDP,2022,bat,2B/SS
20505,Drew Waters,OF,3.240000009536743,12.584409979730845,KCR,2022,bat,OF
16593,Kevin Padlo,1B/3B,1.6200000047683716,6.515770322456955,,2022,bat,1B/3B
19828,Cody Thomas,OF,3.240000009536743,13.178610134869814,,2022,bat,OF
19667,Zach Reks,OF,3.240000009536743,13.37846905514598,,2022,bat,OF
sa830303,Micker Adolfo,OF,3.240000009536743,14.048079456202686,,2022,bat,OF
21646,Rafael Marchán,C,9.039999961853027,29.41552983671426,PHI,2022,bat,C
16953,Chadwick Tromp,C,1.5099999904632568,5.474790116120129,ATL,2022,bat,C
16448,Jacob Nottingham,C,3.009999990463257,9.665189191326498,SEA,2022,bat,C
18433,P.J. Higgins,C/1B,1.5099999904632568,4.914019864425064,CIN,2022,bat,C/1B
15564,Tyler White,1B,1.6200000047683716,7.850749953370542,,2022,bat,1B
19346,Eli White,OF,48.599998474121094,164.64344977140428,ATL,2022,bat,OF
sa3011471,Yolbert Sanchez,2B/3B,1.6200000047683716,6.272039569355547,,2022,bat,2B/3B
19392,Zach McKinstry,3B/OF,1.6200000047683716,6.753249741159378,DET,2022,bat,3B/OF
17109,Meibrys Viloria,C,3.009999990463257,9.495989963039754,,2022,bat,C
21127,Alejo Lopez,2B,1.6200000047683716,6.950120348390192,SEA,2022,bat,2B
19952,Khalil Lee,OF,1.6200000047683716,6.635780522041023,,2022,bat,OF
16291,Nick Ciuffo,C,3.009999990463257,9.385590623691675,,2022,bat,C
4866,Jarrod Dyson,OF,16.200000762939453,53.23100078999997,,2022,bat,OF
18887,Seby Zavala,C,6.03000020980835,16.478449316322806,LAD,2022,bat,C
11470,Tony Wolters,C,3.009999990463257,8.352389628998935,,2022,bat,C
19615,Luis Barrera,OF,9.720000267028809,34.10363033413887,,2022,bat,OF
3353,Matt Joyce,OF,19.440000534057617,81.69221305549142,PHI,2022,bat,OF
17932,Andrew Stevenson,OF,3.240000009536743,12.631340200453995,,2022,bat,OF
14352,Lewis Brinson,OF,22.68000030517578,82.99731011092662,,2022,bat,OF
22664,Gabriel Moreno,C,0.25,1.1765499842818825,ARI,2022,bat,C
20178,Miguel Vargas,3B,0.25,1.2527899795910344,CHW,2022,bat,3B
21735,Sebastián Rivero,C,3.009999990463257,9.515259220823646,LAA,2022,bat,C
24782,David Villar,1B/3B,0.25,1.2287099555367602,,2022,bat,1B/3B
24759,Mickey Gasper,C/DH,0.25,1.0263899396639315,BOS,2022,bat,C/DH
26396,Josh Smith,3B/SS,0.25,1.10890997024253,TEX,2022,bat,3B/SS
10619,David Freitas,C,0.25,1.0096599823096766,,2022,bat,C
21693,Miguel Amaya,C,0.25,1.0521700132405385,CHC,2022,bat,C
17736,Richie Martin,SS,27.540000915527344,86.57942785620689,TEX,2022,bat,SS
sa881850,Ronaldo Hernández,C,0.25,1.104419997218065,,2022,bat,C
sa3008051,Josh Breaux,C,0.25,1.039249990740791,CHW,2022,bat,C
19262,Garrett Hampson,2B/OF,59.939998626708984,250.88740413188935,CIN,2022,bat,2B/OF
12606,Raffy Lopez,C,0.25,1.076010041940026,,2022,bat,C
20078,Evan White,1B,4.860000133514404,18.48587110005319,LAA,2022,bat,1B
21634,Ford Proctor,2B,0.25,0.9255199864506721,,2022,bat,2B
sa3007876,Brennen Davis,OF,0.25,1.174660017271526,SEA,2022,bat,OF
10655,Rob Brantly,C,0.25,0.948929988173768,,2022,bat,C
20805,Carlos Pérez,C,0.25,1.0049700445728376,,2022,bat,C
19358,Weston Wilson,OF,0.25,1.196119940816425,BAL,2022,bat,OF
20437,Royce Lewis,3B,0.25,1.0666899908799676,MIN,2022,bat,3B
sa877500,Rodolfo Durán,C,0.25,0.9926100426586344,SDP,2022,bat,C
20543,Elehuris Montero,1B,0.25,1.3311299750115722,,2022,bat,1B
21746,José Fermín,2B/3B,0.25,1.090730064269155,STL,2022,bat,2B/3B
sa737922,Xavier Fernández,C,0.25,0.9771800127346069,,2022,bat,C
22532,Tyler Freeman,OF,0.25,0.9948899920564145,COL,2022,bat,OF
24729,Logan O'Hoppe,C,0.25,1.0206200756598263,LAA,2022,bat,C
19964,Eguy Rosario,3B,0.25,1.0368899608962234,,2022,bat,3B
15504,Jamie Westbrook,2B,0.25,1.1516299749724566,,2022,bat,2B
25425,Austin Shenton,1B/DH,0.25,1.047130011115223,,2022,bat,1B/DH
sa828422,Hendrik Clementina,C,0.25,1.0401200282154603,,2022,bat,C
sa918686,Brandon Martorano,C,0.25,0.9433699974790214,,2022,bat,C
16680,Brian O'Keefe,C,0.25,0.9088399781379849,SEA,2022,bat,C
22411,Cal Stevenson,OF,0.25,1.0064000174868852,DET,2022,bat,OF
sa828797,Josh Morgan,3B/SS,0.25,0.8948699682252481,,2022,bat,3B/SS
15519,Franklin Barreto,2B/SS,0.25,1.1049199779517949,,2022,bat,2B/SS
22541,George Valera,DH/OF,0.25,1.187019969569519,CLE,2022,bat,DH/OF
20510,Jack Larsen,OF,0.25,1.0342500037979334,,2022,bat,OF
19296,Alex Call,OF,0.25,1.046140054729767,LAD,2022,bat,OF
sa3011587,Luke Berryhill,C/1B,0.25,0.9234499525744467,,2022,bat,C/1B
23690,Brayan Rocchio,SS,0.25,0.989649964403361,CLE,2022,bat,SS
18482,Chris Gittens,1B,0.25,1.2793599700322376,,2022,bat,1B
13132,Andrew Susac,C,0.25,0.9544899694155902,,2022,bat,C
23372,Hunter Feduccia,C,0.25,0.9327800471335648,TBR,2022,bat,C
18587,Brendon Davis,3B/OF,0.25,1.0981900268234313,,2022,bat,3B/OF
21707,Oswaldo Cabrera,3B/OF,0.25,1.0756799635011702,NYY,2022,bat,3B/OF
sa915611,Brett Cumberland,C,0.25,0.9211899984162301,,2022,bat,C
15766,Raudy Read,C,0.25,0.9746800070628522,,2022,bat,C
20970,Oscar Gonzalez,OF,0.25,1.212520071840845,,2022,bat,OF
27462,Austin Martin,OF,0.25,0.9292200127616523,MIN,2022,bat,OF
27647,Anthony Volpe,SS,0.25,0.9822199778631329,NYY,2022,bat,SS
21496,Brandon Lockridge,OF,0.25,1.054520033672452,MIL,2022,bat,OF
26323,Spencer Steer,1B/OF,0.25,1.0480200537946074,CIN,2022,bat,1B/OF
sa857219,Gavin Collins,C/3B,0.25,0.8922100410563869,,2022,bat,C/3B
sa829058,Jamie Ritchie,C,0.25,0.9222300190944224,,2022,bat,C
9785,Kyle Seager,3B,0.23000000417232513,1.116540042636916,,2022,bat,3B
25660,Will Brennan,OF,0.25,1.0062199694104492,SFG,2022,bat,OF
22505,Buddy Kennedy,2B/3B,0.25,1.0981500135269016,SFG,2022,bat,2B/3B
20599,Iván Herrera,C/DH,0.25,0.9094599778996778,STL,2022,bat,C/DH
19780,Esteban Quiroz,2B,0.25,1.068080047611147,,2022,bat,2B
10067,Tomás Telis,C/1B,0.25,0.9237199814990162,,2022,bat,C/1B
21587,César Salazar,C,0.25,0.9132199952378868,HOU,2022,bat,C
26121,Francisco Alvarez,C,0.25,0.9119499637279659,NYM,2022,bat,C
14109,Albert Almora Jr.,OF,1.6200000047683716,6.416580026783049,,2022,bat,OF
24770,James Outman,OF,0.25,1.074009997677058,MIN,2022,bat,OF
12758,Breyvic Valera,2B/3B,0.25,1.0397599475458266,,2022,bat,2B/3B
15988,Deivy Grullón,C,0.25,0.9872900195419788,,2022,bat,C
23312,Ryan Noda,1B,0.25,1.1958299632417038,BAL,2022,bat,1B
19877,Tristan Gray,1B/2B/3B,0.25,0.9307599811349064,MIN,2022,bat,1B/2B/3B
21386,Michael Papierski,C,0.25,0.8415900207590311,,2022,bat,C
14636,Webster Rivas,C,0.25,0.8906199757708236,,2022,bat,C
sa875208,Jhalan Jackson,OF,0.25,1.1759900172706694,NYY,2022,bat,OF
24400,Terrin Vavra,2B/OF,0.25,1.0178200046531853,,2022,bat,2B/OF
23794,Jordan Groshans,3B,0.25,0.9774000306380912,ATL,2022,bat,3B
sa3004978,Robbie Glendinning,1B/3B/SS,0.25,0.9951499882154164,,2022,bat,1B/3B/SS
26123,Brett Baty,3B,0.25,1.011070024734363,NYM,2022,bat,3B
sa739577,Julian Leon,C,0.25,0.892630047397688,,2022,bat,C
sa916849,Diego Rincones,OF,0.25,1.161459984164685,,2022,bat,OF
18217,Brett Sullivan,C,0.25,0.9245599850779399,COL,2022,bat,C
26319,Michael Busch,1B,0.25,1.018190034339204,CHC,2022,bat,1B
4616,Russell Martin,C,0.25,0.8379799616523086,,2022,bat,C
sa875053,Kade Scivicque,C,0.25,0.9013499787077308,,2022,bat,C
25448,Greg Jones,OF,0.25,0.8994200387969613,MIL,2022,bat,OF
sa917939,Andy Yerzy,C/1B,0.25,0.9228500418597831,STL,2022,bat,C/1B
sa873599,Stevie Berman,C,0.25,0.8303000436164437,,2022,bat,C
sa874791,Chris Betts,C,0.25,0.8964999502990394,,2022,bat,C
21840,Freddy Fermin,C,0.25,0.8989700546255333,SDP,2022,bat,C
27815,Jordan Westburg,2B/3B,0.25,0.9436499638482927,BAL,2022,bat,2B/3B
7476,Alex Avila,C,0.25,0.9345300004119053,,2022,bat,C
25183,Drew Avans,OF,0.25,1.0119099939242007,COL,2022,bat,OF
18206,Nick Dini,C,0.25,0.8979500303510577,TBR,2022,bat,C
14556,Max Moroff,2B/SS,0.25,1.0389999995008112,,2022,bat,2B/SS
sa736830,Michael De La Cruz,C,0.25,0.8651699883397668,,2022,bat,C
sa918049,Michael Cruz,C,0.25,0.8944599465234204,,2022,bat,C
sa3015018,Nick Raposo,C,0.25,0.8558300339616834,SEA,2022,bat,C
27464,Dillon Dingler,C,0.25,0.8699299949686973,DET,2022,bat,C
17016,Rusney Castillo,OF,0.25,0.915329953166656,,2022,bat,OF
sa917669,Julio E. Rodriguez,C,0.25,0.8902900017565115,,2022,bat,C
sa657873,Mitch Nay,3B,0.25,1.019030011887662,,2022,bat,3B
22186,Brice Turang,2B,0.25,0.9503100315108897,MIL,2022,bat,2B
sa3006780,Kole Cottam,C,0.25,0.9092000653035938,,2022,bat,C
25817,Braden Shewmake,3B/SS,0.25,1.0040900341700763,NYY,2022,bat,3B/SS
sa454396,Zach Collier,OF,0.25,1.0139600195921956,,2022,bat,OF
27555,Garrett Mitchell,OF,0.25,1.0328599795233457,MIL,2022,bat,OF
sa735825,David Rodríguez,C,0.25,0.8046499876538291,,2022,bat,C
22266,Xavier Edwards,2B/SS,0.25,0.9108900167979298,MIA,2022,bat,2B/SS
sa736923,Jhon Nuñez,C,0.25,0.8671499924967065,,2022,bat,C
8879,Ryan Lavarnway,C,0.25,0.9351099250838159,,2022,bat,C
sa875568,LeDarious Clark,OF,0.25,1.022440004418604,,2022,bat,OF
21716,Enmanuel Valdez,2B,0.25,0.9983199771959332,PIT,2022,bat,2B
5275,Francisco Cervelli,C,0.23999999463558197,0.9213000183692203,MIA,2022,bat,C
22169,Cal Mitchell,OF,0.25,1.1939999769907443,,2022,bat,OF
24816,Andy Pages,OF,0.25,1.159240001125727,LAD,2022,bat,OF
16313,Yairo Muñoz,SS/OF,0.23999999463558197,1.0882499277591704,,2022,bat,SS/OF
sa3007069,Greg Cullen,2B,0.25,0.9613899769727139,,2022,bat,2B
20017,Miles Mastrobuoni,3B,0.25,0.9016799890901893,SEA,2022,bat,3B
25180,Daniel Schneemann,2B/OF,0.25,0.8875199701171368,CLE,2022,bat,2B/OF
14106,Addison Russell,SS,0.25,0.9401199643500149,,2022,bat,SS
sa918272,Alex Kowalczyk,C/OF,0.25,0.8666899802861734,,2022,bat,C/OF
16192,Derek Fisher,OF,0.25,1.1257399871014058,,2022,bat,OF
27501,Justin Foscue,DH,0.25,0.9818300020648164,TEX,2022,bat,DH
22254,Joe Perez,3B,0.25,0.9768799689947626,,2022,bat,3B
sa3009891,Patrick Frick,2B/SS,0.25,0.8323600085685028,,2022,bat,2B/SS
sa3006846,David Sheaffer,C,0.25,0.7980099952314049,,2022,bat,C
19824,Chuckie Robinson,C,0.25,0.9326799843925982,LAD,2022,bat,C
sa3007528,Nick Matera,C,0.25,0.8917500241659582,,2022,bat,C
16429,Jason Martin,OF,0.25,1.1320499700959772,,2022,bat,OF
27531,David Hamilton,2B/SS,0.25,0.9673099984414875,MIL,2022,bat,2B/SS
sa599278,Taylor Sparks,3B,0.25,1.1000600037863477,CIN,2022,bat,3B
sa918156,Mitchell Kranson,C/1B,0.25,0.8436199920019133,,2022,bat,C/1B
sa922148,J.C. Millan,3B,0.25,0.9918900337070227,,2022,bat,3B
24622,Ryan Fitzgerald,2B/SS,0.25,1.027900004480034,LAD,2022,bat,2B/SS
27676,Vinnie Pasquantino,1B/DH,0.25,1.2891900136135517,KCR,2022,bat,1B/DH
14137,Tim Lopes,OF,1.6200000047683716,6.700620231032372,,2022,bat,OF
sa737640,Thomas Milone,OF,0.25,0.9527899860404432,,2022,bat,OF
sa3010166,Jimmy Govern,3B,0.25,1.0148299889173356,,2022,bat,3B
14140,José Rondon,SS,0.25,1.0194100119173526,,2022,bat,SS
26438,Dominic Canzone,OF,0.25,1.156179976649582,SEA,2022,bat,OF
12779,Andy Burns,3B,0.25,1.0216699809068812,,2022,bat,3B
sa3006783,Marty Costes,OF,0.25,1.052569978451356,,2022,bat,OF
sa3014942,Brady Lindsly,C,0.25,0.8556199418846516,WSN,2022,bat,C
12547,John Hicks,C/1B,0.23999999463558197,0.9465899670263751,,2022,bat,C/1B
sa599252,Zach Borenstein,OF,0.25,1.133469991805032,,2022,bat,OF
27461,Shogo Akiyama,OF,0.25,1.0114500328665599,,2022,bat,OF
sa875231,Gabriel Cancel,2B,0.25,1.035089998366311,,2022,bat,2B
sa3008113,Malcom Nuñez,1B/3B,0.25,0.978209999995306,,2022,bat,1B/3B
23003,Yainer Diaz,C/DH,0.25,0.8260699331061914,HOU,2022,bat,C/DH
sa873990,Vince Fernandez,OF,0.25,1.0693299936596306,,2022,bat,OF
sa738324,Jantzen Witte,1B/3B,0.25,0.9880100548267364,,2022,bat,1B/3B
23818,Ji Hwan Bae,2B/OF,0.25,0.9963199959136545,NYM,2022,bat,2B/OF
sa828878,Gavin LaValley,1B/3B,0.25,0.9918899773154407,,2022,bat,1B/3B
12782,Taylor Davis,C,0.25,0.8726899896748364,,2022,bat,C
15670,Alex Guerrero,3B/OF,0.25,1.0017399941105396,,2022,bat,3B/OF
sa827953,Melvin Novoa,C,0.25,0.8501900101779027,,2022,bat,C
sa875314,Josh Altmann,OF,0.25,0.9851300414651631,,2022,bat,OF
21865,Bo Naylor,C,0.25,0.8069099779939277,CLE,2022,bat,C
12384,Beau Taylor,C,0.25,0.7951700122328474,,2022,bat,C
6609,Freddy Galvis,SS,0.25,0.9597400066675617,,2022,bat,SS
26374,Kameron Misner,OF,0.25,0.9024799908511341,KCR,2022,bat,OF
sa511026,Aderlin Rodríguez,1B/3B,0.25,1.1978999804239718,,2022,bat,1B/3B
22274,Samad Taylor,2B/OF,0.25,1.0098400015151126,SDP,2022,bat,2B/OF
sa505229,Francisco Diaz,C,0.25,0.755699982587248,NYY,2022,bat,C
sa1170373,Anthony Mulrine,C,0.25,0.8124099489301442,,2022,bat,C
16211,Kevin Cron,1B/DH,0.25,1.275179976946674,,2022,bat,1B/DH
27615,Alec Burleson,DH/OF,0.25,1.1152600560570136,STL,2022,bat,DH/OF
sa3005554,Eddys Leonard,SS,0.25,0.9137300396105272,MIL,2022,bat,SS
sa1115884,Carter Bins,C,0.25,0.842329960828647,,2022,bat,C
16404,Domingo Leyba,2B/3B,0.25,0.9727799466345459,,2022,bat,2B/3B
26202,Jake Mangum,OF,0.25,0.9460000313352794,PIT,2022,bat,OF
sa3004071,Ryan Costello,1B/3B,0.25,1.1498900078702716,MIN,2022,bat,1B/3B
23264,Canaan Smith-Njigba,OF,0.25,1.1138600441161541,,2022,bat,OF
sa3007505,Ruben Cardenas,OF,0.25,1.0607300811912863,,2022,bat,OF
sa829387,Cristian Santana,3B,0.25,1.0592300374526529,,2022,bat,3B
sa3007028,Chris Williams,C/1B,0.25,0.7842399973422289,,2022,bat,C/1B
14503,Renato Núñez,3B/DH,0.23999999463558197,1.1562100500101222,,2022,bat,3B/DH
sa917074,Pedro Castellanos,1B/OF,0.25,1.1383500101044772,,2022,bat,1B/OF
sa739597,Wendell Rijo,2B,0.25,1.0039399832021443,,2022,bat,2B
19422,Brian Serven,C,0.25,1.0176799940876664,OAK,2022,bat,C
sa3004170,Austin Listi,1B/3B,0.25,0.9529700040584428,,2022,bat,1B/3B
16959,Eddy Alvarez,2B/3B,0.25,0.996560014085844,,2022,bat,2B/3B
4810,Brian McCann,C,0.25,0.837470002658665,,2022,bat,C
14388,Ronald Guzmán,1B,0.25,1.0934499679366125,,2022,bat,1B
4403,Erik Kratz,C,0.25,0.8239599957130849,,2022,bat,C
13254,Jacob Wilson,2B/3B,0.25,0.9529400060418993,,2022,bat,2B/3B
17837,Jakson Reetz,C,0.25,0.83819004483521,SEA,2022,bat,C
17307,Luis Liberato,DH/OF,0.25,0.9322000357788055,,2022,bat,DH/OF
sa3007307,Brian Rey,2B/OF,0.25,1.0249000224750486,,2022,bat,2B/OF
sa3010035,Brandon Lewis,1B/3B,0.25,1.0179600220872087,,2022,bat,1B/3B
sa829534,Jodd Carter,OF,0.25,1.1020400228444487,,2022,bat,OF
13897,Tyler Heineman,C,0.25,0.8370099748251959,TOR,2022,bat,C
19292,Armando Alvarez,1B/3B,0.25,0.9161899808445012,,2022,bat,1B/3B
9284,Chris Herrmann,C/OF,0.25,0.8521800115238874,,2022,bat,C/OF
19910,Sandro Fabian,OF,0.25,1.096899991366081,,2022,bat,OF
sa918279,Brady Policelli,C/OF,0.25,0.8048799945972859,,2022,bat,C/OF
19521,Andrew Young,2B,0.25,1.0344299900811167,,2022,bat,2B
sa918983,Matt Fraizer,OF,0.25,1.12591999033466,BOS,2022,bat,OF
23986,Curtis Mead,2B/3B,0.25,0.8993500346317886,CHW,2022,bat,2B/3B
5486,Abraham Almonte,OF,0.25,1.1192499632481485,,2022,bat,OF
sa3015137,Yoelqui Céspedes,OF,0.25,0.9572500210721044,CHW,2022,bat,OF
21853,Will Benson,OF,0.25,1.0580399615224452,CIN,2022,bat,OF
25483,Nick Sogard,2B,0.25,0.9831699957605451,BOS,2022,bat,2B
sa3010703,Andrew Navigato,2B/SS,0.25,0.858850011602044,,2022,bat,2B/SS
sa830277,Kungkuan Giljegiljaw,C,0.25,0.8233400237746538,,2022,bat,C
12399,Taylor Motter,SS,0.25,0.9967699855333194,,2022,bat,SS
19348,DJ Peters,OF,0.23999999463558197,1.0268299971241506,,2022,bat,OF
22054,Dane Myers,OF,0.25,0.9360500130802394,CIN,2022,bat,OF
22261,Bubba Thompson,OF,0.25,1.1013299865648147,,2022,bat,OF
sa915614,Colby Fitch,C,0.25,0.8194499952718616,,2022,bat,C
25967,Orelvis Martinez,2B,0.25,0.9459699836093931,WSN,2022,bat,2B
sa917934,Joe Rizzo,3B,0.25,0.8984500110847876,,2022,bat,3B
sa3014944,Francisco Urbaez,2B,0.25,0.9912600257433951,CIN,2022,bat,2B
sa885119,Bryan Torres,OF,0.25,0.7942800264805554,STL,2022,bat,OF
8298,Francisco Peña,C,0.25,0.8739599822554737,,2022,bat,C
sa3008391,JJ Schwarz,C/1B,0.25,0.730569983460009,,2022,bat,C/1B
sa1170516,Alex Isola,C/1B,0.25,0.781299986259546,,2022,bat,C/1B
24488,Max Schuemann,SS,0.25,0.8025100061204283,NYY,2022,bat,SS
20002,Bryce Johnson,OF,0.25,0.9227999984752385,SDP,2022,bat,OF
sa877497,Arquímedes Gamboa,SS,0.25,0.8398600162006915,,2022,bat,SS
24485,Tyler Cropley,C,0.25,0.8130500100320204,,2022,bat,C
sa3007655,Kyle Mottice,2B,0.25,0.90589001448825,,2022,bat,2B
12950,Phillip Evans,3B/OF,0.23999999463558197,1.047300009767059,,2022,bat,3B/OF
5408,Jake Smolinski,OF,0.25,1.0444000375457105,,2022,bat,OF
sa548189,Kellin Deglan,C,0.25,0.8343000374035909,,2022,bat,C
sa3014834,Matt Koperniak,OF,0.25,1.0633000582223755,STL,2022,bat,OF
sa920180,Jhailyn Ortiz,OF,0.25,1.138559997221455,,2022,bat,OF
5503,Corban Joseph,2B,0.25,0.9919100413564591,,2022,bat,2B
sa3006671,Devlin Granberg,1B/OF,0.25,1.1138900002930312,,2022,bat,1B/OF
17161,Chad Wallach,C,0.25,0.7826600348111242,OAK,2022,bat,C
sa658271,Bruce Caldwell,2B/3B,0.25,0.8807499555405227,,2022,bat,2B/3B
9810,Brian Dozier,2B,0.25,0.97063000111375,,2022,bat,2B
sa876146,L.T. Tolbert,2B,0.25,0.9268400118220596,,2022,bat,2B
25493,Joey Ortiz,3B/SS,0.25,0.8562899559270588,MIL,2022,bat,3B/SS
sa875766,Drew Ferguson,OF,0.25,0.9092099611647427,,2022,bat,OF
sa918963,Chavez Young,OF,0.25,0.9549800355918704,,2022,bat,OF
sa3007502,Matt Kroon,OF,0.25,0.9719400067813694,,2022,bat,OF
sa3006674,Jake Anchia,C,0.25,0.7649900439893826,,2022,bat,C
sa3004066,Robbie Podorsky,OF,0.25,0.9056200029328464,,2022,bat,OF
sa3003262,Eliezer Alfonzo,C,0.25,0.7691200620727613,LAD,2022,bat,C
sa915590,Justin Yurchak,1B,0.25,1.1195999501738698,,2022,bat,1B
sa830300,Franklin Torres,2B,0.25,0.7781500089447944,,2022,bat,2B
sa916969,Jesús Bastidas,2B/SS,0.25,0.8872600170783698,MIA,2022,bat,2B/SS
sa658616,C.J. Hinojosa,2B/SS,0.25,0.9013399874558672,,2022,bat,2B/SS
23695,Everson Pereira,OF,0.25,0.929609955078922,CHW,2022,bat,OF
10348,Domingo Santana,OF,0.25,1.1583899832097815,,2022,bat,OF
sa829667,Mike Rivera,C,0.25,0.7413599885534495,,2022,bat,C
sa875626,Max McDowell,C,0.25,0.7131800461327658,,2022,bat,C
23359,Nelson Velázquez,DH/OF,0.25,1.1206399778835476,STL,2022,bat,DH/OF
sa858059,Matt Winn,C,0.25,0.797559967590496,,2022,bat,C
sa858829,Mitchell Tolman,2B,0.25,0.8742000240832568,,2022,bat,2B
sa3014468,Carson Taylor,C/1B,0.25,0.7809199526207521,SEA,2022,bat,C/1B
27562,Austin Wells,C,0.25,0.7550300261005759,NYY,2022,bat,C
sa548430,Wynston Sawyer,C/1B,0.25,0.7868199942167847,,2022,bat,C/1B
13472,Christian Lopes,2B/OF,0.25,0.8350799772655589,,2022,bat,2B/OF
8609,Tim Federowicz,C,0.25,0.820390025130473,,2022,bat,C
19634,Jack Kruger,C,0.25,0.757939992682077,,2022,bat,C
25822,Andre Lipcius,3B,0.25,0.8947000311687588,,2022,bat,3B
27781,Pedro León,OF,0.25,0.8298599726287648,PHI,2022,bat,OF
22244,Jack Suwinski,OF,0.25,1.1011000300291927,LAD,2022,bat,OF
sa872806,Andres Angulo,C,0.25,0.778890007850714,,2022,bat,C
13228,Michael Reed,OF,0.25,1.0877000002888964,,2022,bat,OF
19625,David MacKinnon,1B/3B,0.25,1.0943300177110356,,2022,bat,1B/3B
sa829345,Jordan Procyshen,C,0.25,0.7631399544887245,,2022,bat,C
sa877504,Izzy Wilson,OF,0.25,1.1141099660890177,,2022,bat,OF
23296,Jacob Amaya,SS,0.25,0.8429499866208061,ARI,2022,bat,SS
20022,Kramer Robertson,SS,0.25,0.8862800601404158,,2022,bat,SS
sa829857,Bryson Brigman,2B/SS,0.25,0.848960016388446,,2022,bat,2B/SS
21489,Hayden Senger,C,0.25,0.7467099926900117,NYM,2022,bat,C
14145,Daniel Robertson,2B/3B/SS,0.25,0.8669200046686457,,2022,bat,2B/3B/SS
19563,Nate Mondou,2B,0.25,0.8148799720685928,SDP,2022,bat,2B
sa3011467,Cam Cannon,2B,0.25,0.9572399841854349,,2022,bat,2B
sa502038,Anthony García,OF,0.25,1.0699700389523057,,2022,bat,OF
sa828314,Jhonny Santos,OF,0.25,0.9349899733206256,,2022,bat,OF
16042,Mark Payton,OF,0.25,1.088580041565001,,2022,bat,OF
sa3011258,Zach Watson,OF,0.25,0.9565200284123421,,2022,bat,OF
sa918769,Bret Boswell,2B/3B,0.25,1.121510051842779,,2022,bat,2B/3B
sa872732,Daniel Brito,2B,0.25,0.9467599854338914,,2022,bat,2B
14225,Yasiel Puig,OF,0.25,1.1032399859745057,,2022,bat,OF
25569,Jake Alu,2B/OF,0.25,0.9426800441928207,,2022,bat,2B/OF
15274,Mike Tauchman,OF,0.25,1.0011199912987647,NYM,2022,bat,OF
20332,Luis González,OF,0.25,1.0175900066969914,,2022,bat,OF
17738,Chris Shaw,OF,0.25,1.137549969414249,,2022,bat,OF
26365,Jonny DeLuca,OF,0.25,0.945849994616583,TBR,2022,bat,OF
sa918726,Joey Roach,C,0.25,0.7717499926220626,,2022,bat,C
sa872552,Jason Lopez,C,0.25,0.8079299969132989,,2022,bat,C
sa737614,Riley Unroe,2B,0.25,0.8374699869193135,HOU,2022,bat,2B
5398,Juan Graterol,C,0.25,0.7658999828388914,,2022,bat,C
25005,Justin Dean,OF,0.25,0.9445200143381951,CHC,2022,bat,OF
sa3004153,Blake Hunt,C,0.25,0.705939978454262,SDP,2022,bat,C
18821,José Azocar,OF,0.25,0.8927900023758408,ATL,2022,bat,OF
sa739013,Dominic Miroglio,C,0.25,0.7911899929866195,,2022,bat,C
13151,José Briceño,C,0.25,0.8019500569906085,,2022,bat,C
15994,Kean Wong,2B/OF,0.23999999463558197,0.9300000095739959,,2022,bat,2B/OF
sa3010845,Chase Strumpf,2B/3B,0.25,0.89828994856216,,2022,bat,2B/3B
26368,JJ Bleday,OF,0.25,0.9256500269751994,CIN,2022,bat,OF
sa874178,Mitch Longo,OF,0.25,1.0745599816087634,,2022,bat,OF
13300,Spencer Kieboom,C,0.25,0.7597099497215822,,2022,bat,C
25459,Peyton Burdick,OF,0.25,1.0686600187560542,,2022,bat,OF
21139,Tyler Payne,C,0.25,0.7896000334993004,,2022,bat,C
9345,Brock Holt,2B/3B/OF,0.25,0.8813600057270379,,2022,bat,2B/3B/OF
sa747574,Johan Mieses,OF,0.25,1.106779981404543,,2022,bat,OF
27504,Nick Yorke,2B,0.25,0.9487800136208534,PIT,2022,bat,2B
24934,David Fry,DH,0.25,1.0848399729002267,CLE,2022,bat,DH
sa739541,Alexander Palma,OF,0.25,1.0692499900003896,,2022,bat,OF
sa602586,David Masters,3B/SS,0.25,0.9125999805517495,,2022,bat,3B/SS
sa3007869,Cody Roberts,C,0.25,0.747959991567768,,2022,bat,C
11481,Henry Ramos,DH/OF,0.23999999463558197,1.0593499867944045,,2022,bat,DH/OF
sa738955,Jacob Heyward,OF,0.25,1.0087699997471644,,2022,bat,OF
sa3010906,Aaron Antonini,C,0.25,0.7488299938384443,DET,2022,bat,C
sa3011899,Gabe Holt,2B/3B,0.25,0.8869000020204111,,2022,bat,2B/3B
sa3008238,Korry Howell,OF,0.25,0.9417199593037366,,2022,bat,OF
sa492636,Martin Cervenka,C,0.25,0.7760899995686487,,2022,bat,C
sa827960,Luis Carpio,2B/SS,0.25,0.8723500500200315,,2022,bat,2B/SS
sa3008003,Alex McKenna,OF,0.25,0.8755700014065951,,2022,bat,OF
24641,Willie MacIver,C,0.25,0.9488100580405444,TEX,2022,bat,C
sa3006876,Trey Harris,OF,0.25,1.0707899930654095,,2022,bat,OF
25714,Blaine Crim,1B,0.25,1.1162599924253298,COL,2022,bat,1B
10839,Rangel Ravelo,1B/DH,0.23999999463558197,1.1671900308690963,,2022,bat,1B/DH
12284,Kevan Smith,C,0.25,0.8573599819792432,,2022,bat,C
19921,Blake Perkins,OF,0.25,0.8479200003668667,MIL,2022,bat,OF
sa875695,Ian Sagdal,1B/3B,0.25,0.8965699885040521,,2022,bat,1B/3B
sa873984,C.J. Chatham,SS,0.25,0.9139599934685974,,2022,bat,SS
17216,Monte Harrison,OF,0.25,0.9507000097539275,,2022,bat,OF
18690,Nick Plummer,DH/OF,0.25,0.9840300032868979,,2022,bat,DH/OF
sa872850,Lorenzo Cedrola,OF,0.25,1.1057399583049117,,2022,bat,OF
11145,Christian Colón,2B/3B,0.25,0.9337399805663152,,2022,bat,2B/3B
sa3006735,Justin Toerner,OF,0.25,0.8789600123185664,,2022,bat,OF
sa3007053,Niko Hulsizer,OF,0.25,0.9886000019032509,,2022,bat,OF
19842,Caleb Hamilton,C/1B,0.25,0.7183599920477717,,2022,bat,C/1B
sa736945,Michael Beltre,OF,0.25,0.9901099922601132,,2022,bat,OF
19528,Jacob Robson,OF,0.23999999463558197,0.995940011832863,DET,2022,bat,OF
14366,Joey Meneses,1B/DH,0.25,1.2254700006917116,OAK,2022,bat,1B/DH
sa738204,Daniel Pinero,3B/SS,0.25,0.8846900156466289,,2022,bat,3B/SS
22202,Jeter Downs,2B/3B/SS,0.25,0.8853299897629768,,2022,bat,2B/3B/SS
15189,Dustin Peterson,OF,0.25,1.0772700579604133,,2022,bat,OF
sa3003962,Jake Adams,1B,0.25,0.9380899891257284,,2022,bat,1B
sa3004513,Brett Pope,2B/3B/SS,0.25,0.8068200308829546,,2022,bat,2B/3B/SS
sa548359,Roberto Peña,C,0.25,0.7527400186285376,,2022,bat,C
10339,Scooter Gennett,2B,0.25,1.0088700090534983,,2022,bat,2B
13324,Ildemaro Vargas,2B/3B,0.25,0.9667699669022111,ARI,2022,bat,2B/3B
sa916844,Ricardo Genovés,C,0.25,0.7392500336980445,,2022,bat,C
18848,Yohel Pozo,C/DH,0.25,1.1868699392769484,STL,2022,bat,C/DH
14973,Zach Green,3B,0.25,0.8908200291916727,,2022,bat,3B
sa3014828,Jake Suddleson,OF,0.25,0.9588100288528948,,2022,bat,OF
sa917182,Eduardo Diaz,OF,0.25,1.0896699651610107,,2022,bat,OF
7870,Jonathan Lucroy,C,0.25,0.835980013757944,,2022,bat,C
sa3007007,Dillon Paulson,1B,0.25,1.0448400573339314,,2022,bat,1B
sa598265,Logan Moore,C,0.25,0.7458000034792348,,2022,bat,C
sa3010389,Nelson Maldonado,1B,0.25,1.1094800583552569,,2022,bat,1B
13490,Óscar Hernández,C,0.25,0.7830700040096418,,2022,bat,C
sa827359,Eric Filia,OF,0.25,0.9769999864045529,,2022,bat,OF
sa829805,Travis Jones,1B/OF,0.25,0.8717600000090896,,2022,bat,1B/OF
19644,Ben DeLuzio,OF,0.25,0.8799200046807526,,2022,bat,OF
sa658013,Ronnie Freeman,C,0.25,0.7603599955327809,,2022,bat,C
12005,Nick Martini,DH/OF,0.25,1.0634500130545346,,2022,bat,DH/OF
21897,Christopher Morel,DH/OF,0.25,0.9250700236763804,MIA,2022,bat,DH/OF
sa862819,Wilbis Santiago,2B,0.25,0.8865100104827434,,2022,bat,2B
27735,Brett Wisely,2B,0.25,0.8370799666736274,ATL,2022,bat,2B
18371,Jermaine Palacios,2B/SS,0.25,0.8585499865701421,,2022,bat,2B/SS
sa828381,Dennis Ortega,C,0.25,0.7084999743849039,,2022,bat,C
sa877608,Peter Maris,2B/3B/SS,0.25,0.8950500237755475,,2022,bat,2B/3B/SS
sa3011265,Bryan Arias,1B/OF,0.25,0.8801900496473536,,2022,bat,1B/OF
sa738507,Edgar Cabral,C,0.25,0.773979985853657,,2022,bat,C
27534,Edouard Julien,2B,0.25,0.8475799720501527,COL,2022,bat,2B
sa602394,Eric Wood,3B,0.25,1.0503499536775052,,2022,bat,3B
sa738703,Jordan Cowan,2B,0.25,0.8269199905917048,,2022,bat,2B
sa917936,Hudson Potts,3B,0.25,0.9558300117962061,,2022,bat,3B
20311,Corey Julks,OF,0.25,1.0069900043774398,DET,2022,bat,OF
19643,Daniel Johnson,OF,0.25,0.9808800335042177,MIA,2022,bat,OF
sa3006664,Orlando Martinez,OF,0.25,1.0404100157087668,TEX,2022,bat,OF
23250,David Bañuelos,DH,0.25,0.7391700316686182,MIN,2022,bat,DH
None,,,0.25,1.0046000442700458,,2022,bat,
14453,Scott Heineman,OF,0.25,0.9559799772687255,,2022,bat,OF
20165,J.J. Matijevic,1B/DH,0.25,1.1172300059814004,,2022,bat,1B/DH
23559,Ryan Dorow,3B,0.25,0.8889600172871723,,2022,bat,3B
7226,Matt Davidson,3B/DH,0.23999999463558197,1.220869959075935,,2022,bat,3B/DH
27471,Zach DeLoach,OF,0.25,0.9476900269975884,,2022,bat,OF
sa3006911,Eric De La Rosa,OF,0.25,0.8712899741716682,,2022,bat,OF
sa917132,Ismael Munguia,OF,0.25,0.8676300313323735,TOR,2022,bat,OF
sa3004255,Renae Martinez,C,0.25,0.743290026835166,,2022,bat,C
25434,Will Wilson,2B/3B,0.25,0.8037300270982086,SEA,2022,bat,2B/3B
sa918639,Ryan Gold,C,0.25,0.7713099917396903,,2022,bat,C
sa875822,Logan Hill,OF,0.25,1.0369499988388269,,2022,bat,OF
19384,Trenton Brooks,1B/DH,0.25,1.045500021940097,,2022,bat,1B/DH
sa738930,Taylor Snyder,3B/SS,0.25,1.0867100139847023,,2022,bat,3B/SS
27684,Michael Massey,2B,0.25,0.9136799572734161,KCR,2022,bat,2B
25040,Vinny Capra,3B,0.25,0.8946300390642136,BOS,2022,bat,3B
10416,Wilfredo Tovar,SS,0.25,0.8419700488913804,,2022,bat,SS
21078,Trey Cabbage,OF,0.25,1.0557899850653483,,2022,bat,OF
12937,José Osuna,1B/OF,0.25,1.0674700437812135,,2022,bat,1B/OF
11850,Tyler Austin,1B,0.25,1.1321199965430424,CHC,2022,bat,1B
20540,José Devers,2B/SS,0.25,0.8672800075728446,,2022,bat,2B/SS
15767,José Marmolejos,1B/OF,0.23999999463558197,1.110559948394075,,2022,bat,1B/OF
24451,J.P. Martínez,OF,0.25,0.8624999384395777,,2022,bat,OF
17806,Braden Bishop,OF,0.25,1.013039974262938,,2022,bat,OF
sa3007635,Jon Rosoff,C,0.25,0.7005499909166245,,2022,bat,C
sa737017,Ibandel Isabel,1B,0.25,1.1457900622393935,,2022,bat,1B
7168,Juan Centeno,C,0.25,0.7967400185763834,ARI,2022,bat,C
sa829787,Andrew Bechtold,3B,0.25,0.8455999503144993,PHI,2022,bat,3B
17423,Yermín Mercedes,DH,0.23999999463558197,1.1484399850014595,,2022,bat,DH
5124,Wilkin Castillo,OF,0.25,0.7652599994558842,,2022,bat,OF
17807,Drew Jackson,OF,0.25,0.8725399855989963,,2022,bat,OF
14267,Alfredo González,C,0.25,0.7240300325443967,,2022,bat,C
19983,Conner Capel,OF,0.25,1.0157400529831646,COL,2022,bat,OF
sa3007003,Jake Palomaki,2B/SS,0.25,0.7096000188030301,,2022,bat,2B/SS
11381,Drew Maggi,3B/DH,0.25,0.8280799559783192,,2022,bat,3B/DH
20450,Brewer Hicklen,OF,0.25,1.0415400771889836,ATL,2022,bat,OF
sa658601,Jacob Scavuzzo,OF,0.25,1.0586300077382473,,2022,bat,OF
sa3005492,Jesus Valdez,3B,0.25,0.8848699592053889,ARI,2022,bat,3B
21626,Griffin Conine,OF,0.25,1.0816100047901274,MIA,2022,bat,OF
sa915838,Cole Freeman,2B/OF,0.25,0.8700100142974407,,2022,bat,2B/OF
sa3006075,Victor Nova,3B/OF,0.25,0.8184499910799786,,2022,bat,3B/OF
26295,Oliver Dunn,3B,0.25,0.8209299933165312,CHW,2022,bat,3B
sa3007826,Nick Meyer,C,0.25,0.6945999814663082,,2022,bat,C
17473,Narciso Crook,OF,0.25,1.0233799926005305,,2022,bat,OF
sa3004146,Jeisson Rosario,OF,0.25,0.8006299611646682,OAK,2022,bat,OF
20926,Dérmis Garcia,1B,0.25,1.058989975764416,,2022,bat,1B
sa857761,Joe Cronin,2B/3B,0.25,0.8223699920810759,MIN,2022,bat,2B/3B
sa3004286,Micah Brown,1B/3B,0.25,0.8880299898795784,,2022,bat,1B/3B
sa3006712,Daniel Amaral,OF,0.25,0.904639973770827,SEA,2022,bat,OF
sa829199,Roberto Ramos,1B,0.25,1.1272099846741184,,2022,bat,1B
sa874070,Stephen Alemais,2B/SS,0.25,0.7827500167768447,,2022,bat,2B/SS
20626,Logan Porter,C,0.25,0.7476499678567051,SFG,2022,bat,C
sa603087,Hunter Cole,OF,0.25,1.0150799680966884,,2022,bat,OF
sa658253,Dario Pizzano,OF,0.25,1.004390008258633,,2022,bat,OF
15585,Mike Ford,1B/DH,0.23999999463558197,1.0200699908891693,,2022,bat,1B/DH
27475,Jordan Walker,OF,0.25,0.8916599716525523,STL,2022,bat,OF
11379,Delino DeShields,OF,0.25999999046325684,0.8980600190348922,,2022,bat,OF
sa738262,Ryan Boldt,OF,0.25,0.9432899652048945,,2022,bat,OF
sa3010145,Matthew Barefoot,OF,0.25,0.8678799941902978,,2022,bat,OF
24388,José Rodríguez,2B,0.25,0.8195699783740565,PHI,2022,bat,2B
sa829082,Nick Tanielu,3B,0.25,0.8530899684643373,,2022,bat,3B
26031,Vaughn Grissom,2B,0.25,0.8164200212806463,LAA,2022,bat,2B
19245,Chris Okey,C,0.25,0.8215999873122201,,2022,bat,C
21842,Carlos Cortes,OF,0.25,0.9751899788854644,OAK,2022,bat,OF
sa736960,Jose Martinez,SS,0.25,0.778549979859963,,2022,bat,SS
sa660295,Alberto Mineo,C,0.25,0.7136099801165982,,2022,bat,C
sa738999,Robbie Tenerowicz,1B,0.25,0.939940024842508,,2022,bat,1B
22650,Jordan Diaz,2B/3B,0.25,0.8166399975772948,OAK,2022,bat,2B/3B
sa657542,Randy César,3B,0.25,0.8608199468581004,,2022,bat,3B
15115,Dylan Cozens,OF,0.25,1.073709969315678,,2022,bat,OF
20054,Bligh Madris,1B/OF,0.25,1.0270400372799486,STL,2022,bat,1B/OF
sa3004297,Brent Diaz,C,0.25,0.7435099532827735,,2022,bat,C
sa737214,Carlos Martínez,C,0.25,0.7209500127239151,,2022,bat,C
sa658166,Rashad Crawford,OF,0.25,0.8238300356082616,NYY,2022,bat,OF
sa3010844,Nick Conti,2B,0.25,0.8400400750106201,,2022,bat,2B
27482,Robert Hassell III,OF,0.25,0.8256300011416897,WSN,2022,bat,OF
10816,Jedd Gyorko,2B/3B,0.23999999463558197,1.0331399909220633,,2022,bat,2B/3B
sa3004127,Jordan Gore,P/SS,0.25,0.7428899713559076,,2022,bat,P/SS
26469,Davis Wendzel,3B,0.25,0.8322099867742508,PIT,2022,bat,3B
17922,Isan Díaz,2B/3B,0.25,0.9668999666348099,,2022,bat,2B/3B
24257,Jhonkensy Noel,OF,0.25,1.0919600498396904,BAL,2022,bat,OF
sa915593,Tyler Friis,2B,0.25,0.8413500459864734,,2022,bat,2B
18288,Austin Dean,OF,0.25,1.0491500104079021,,2022,bat,OF
15490,Justin Williams,OF,0.25999999046325684,1.1025999488076195,,2022,bat,OF
11338,Adrián Sanchez,2B/3B,0.25,0.9266000172588973,,2022,bat,2B/3B
sa829684,Chris Hudgins,C,0.25,0.7309399446938186,,2022,bat,C
25961,Kerry Carpenter,DH/OF,0.25,0.9919899893458932,DET,2022,bat,DH/OF
16398,Brian Navarreto,C,0.25,0.7608899551909416,MIA,2022,bat,C
sa3015077,Aaron Palensky,OF,0.25,0.9393400638364255,,2022,bat,OF
sa736824,Ray-Patrick Didder,SS/OF,0.25,0.7992999748326837,,2022,bat,SS/OF
17714,Christin Stewart,OF,0.23999999463558197,1.1594600375741722,,2022,bat,OF
7216,César Puello,OF,0.25,0.94672998287715,,2022,bat,OF
sa3005729,Brandon Valenzuela,C,0.25,0.6660000148229301,TOR,2022,bat,C
sa917319,Carlos Rincon,OF,0.25,1.068939994252287,,2022,bat,OF
sa3004933,Olivier Basabe,1B,0.25,0.8308199778199197,,2022,bat,1B
10700,Ryan LaMarre,OF,0.25,0.9281300560571253,,2022,bat,OF
16729,Brian O'Grady,OF,0.25,1.0133199969772249,,2022,bat,OF
25332,Endy Rodríguez,C,0.25,0.7568900092504919,PIT,2022,bat,C
3648,René Rivera,C,0.25999999046325684,0.8379500478040427,,2022,bat,C
sa599531,Drew Stankiewicz,2B,0.25,0.8586700208950787,,2022,bat,2B
26467,Luis Matos,OF,0.25,0.8508999967481939,SFG,2022,bat,OF
23917,Jorbit Vivas,2B/3B,0.25,0.8447300179628655,NYY,2022,bat,2B/3B
sa921577,Luis Santana,2B/3B,0.25,0.8187699845992027,,2022,bat,2B/3B
17737,Josh Lester,1B/DH,0.25,1.0772900455631316,,2022,bat,1B/DH
13167,Robel García,2B,0.25,0.8552899987902491,,2022,bat,2B
sa1169978,Matt Lloyd,1B/OF,0.25,1.0862099927850069,BOS,2022,bat,1B/OF
sa3014496,Kaden Polcovich,2B/OF,0.25,0.7766400306485594,SEA,2022,bat,2B/OF
19717,Darick Hall,1B/DH,0.25,1.1041199923260139,,2022,bat,1B/DH
5273,Sandy León,C,0.25,0.6900599797489122,ATL,2022,bat,C
sa872551,Leobaldo Cabrera,OF,0.25,0.9658999972511083,,2022,bat,OF
sa3010395,Darius Hill,OF,0.25,0.9949699779506771,,2022,bat,OF
sa829010,Max George,2B,0.25,0.8815099669154732,,2022,bat,2B
sa3002883,Zach Jarrett,OF,0.25,0.8593299542553721,BAL,2022,bat,OF
14103,Rio Ruiz,3B,0.25,0.9314400065690277,,2022,bat,3B
21009,Leo Rivas,2B/SS,0.25,0.8927599675022065,SEA,2022,bat,2B/SS
sa3007010,Josh Stowers,OF,0.25,0.9840999513398855,,2022,bat,OF
2616,Zack Cozart,SS,0.25,0.8618500221986325,,2022,bat,SS
sa874244,Garrett Whitley,OF,0.25,1.0180500545538962,,2022,bat,OF
9205,Logan Morrison,1B/OF,0.23999999463558197,1.1449900164268911,,2022,bat,1B/OF
27630,Nick Loftin,2B/OF,0.25,0.7951599543448535,KCR,2022,bat,2B/OF
19212,Taylor Kohlwey,OF,0.25,0.9279400140512735,,2022,bat,OF
10459,Adeiny Hechavarría,SS,0.25,0.8393400735454632,,2022,bat,SS
sa3006727,Chris Bec,C,0.25,0.7192399985389784,,2022,bat,C
22093,Steele Walker,OF,0.25,0.9695200132671742,,2022,bat,OF
11875,Ronny Rodríguez,2B/SS,0.25,0.9215599589981137,,2022,bat,2B/SS
26517,Noelvi Marte,3B/OF,0.25,0.7344200271181763,CIN,2022,bat,3B/OF
sa917275,Miguel Aparicio,OF,0.25,0.976439978275448,,2022,bat,OF
sa657904,Courtney Hawkins,OF,0.25,1.0224999631522222,,2022,bat,OF
sa737904,Heath Quinn,OF,0.25,0.9763900499325247,,2022,bat,OF
sa829343,Isiah Gilliam,OF,0.25,1.0801800024462862,,2022,bat,OF
sa3004780,Shane Matheny,3B,0.25,0.7481499811168759,,2022,bat,3B
sa857217,Blake Allemand,2B,0.25,0.8473799579311161,,2022,bat,2B
23691,José Tena,3B,0.25,0.7578299812972543,WSN,2022,bat,3B
sa1169792,Ryan Ward,OF,0.25,1.0098500369582326,LAD,2022,bat,OF
22896,Lenyn Sosa,2B,0.25,0.7740400017471982,CHW,2022,bat,2B
14158,Mac Williamson,OF,0.25,1.0221199826104566,,2022,bat,OF
17910,Marcus Wilson,OF,0.25,0.9119299909565597,,2022,bat,OF
13718,Christopher Bostick,2B/OF,0.25,0.8839200388174503,,2022,bat,2B/OF
sa600255,Chris Mariscal,2B/SS,0.25,0.8342999918386339,,2022,bat,2B/SS
21780,Esteury Ruiz,OF,0.25,0.9636000091210006,MIA,2022,bat,OF
sa829375,Josh Ockimey,1B,0.25,1.0706299637211485,,2022,bat,1B
25814,C.J. Stubbs,C,0.25,0.6851700744125991,TOR,2022,bat,C
sa3005613,Felix Valerio,2B,0.25,0.8496500881155953,,2022,bat,2B
sa3004163,Tyreque Reed,1B,0.25,1.0985100433928892,BOS,2022,bat,1B
sa915868,Matt Whatley,C,0.25,0.6745000567752866,,2022,bat,C
sa829699,Tim Susnara,C,0.25,0.7060499612241983,,2022,bat,C
sa857838,Logan Taylor,3B,0.25,0.8563799950759857,,2022,bat,3B
sa828808,Brian Schales,3B,0.25,0.8466700063552707,,2022,bat,3B
sa1159899,Quincy McAfee,2B/OF,0.25,0.889540004939772,,2022,bat,2B/OF
sa3010160,Jaxx Groshans,C,0.25,0.7409799478948116,,2022,bat,C
15982,Ryder Jones,1B/3B,0.25,1.000139990169555,,2022,bat,1B/3B
25805,Blake Sabol,C/OF,0.25,0.7326899919193237,TBR,2022,bat,C/OF
27690,Joey Wiemer,OF,0.25,1.0402200261829422,WSN,2022,bat,OF
13369,Erik González,3B/SS,0.23999999463558197,0.8448500087950377,,2022,bat,3B/SS
sa915727,Jordan Zimmerman,2B/3B,0.25,0.8464400494471191,,2022,bat,2B/3B
4220,Ryan Zimmerman,1B/3B,0.25,1.0815000192495061,,2022,bat,1B/3B
sa829401,Will Toffey,3B,0.25,0.8553500355454161,,2022,bat,3B
15194,Jake Bauers,1B/OF,0.25,1.077150032692589,MIL,2022,bat,1B/OF
7087,Caleb Joseph,C,0.25,0.6673300049267709,SEA,2022,bat,C
19806,Jason Delay,C,0.25,0.744399979384616,BOS,2022,bat,C
sa548175,Matt Lipka,OF,0.25,0.8818500343244522,,2022,bat,OF
sa3007515,Devin Foyle,OF,0.25,0.9063200258649884,,2022,bat,OF
sa597007,Jecksson Flores,2B/SS,0.25,0.7675900685600934,,2022,bat,2B/SS
sa736911,Ademar Rifaela,OF,0.25,0.9901600089855491,,2022,bat,OF
9776,Jason Kipnis,2B,0.25,0.8793999746441841,,2022,bat,2B
15817,Erick Mejia,3B/OF,0.25,0.7946299620438366,WSN,2022,bat,3B/OF
12508,Jett Bandy,C,0.25,0.737359982659109,,2022,bat,C
sa3004726,Chris Sharpe,OF,0.25,0.8673500192817298,ATL,2022,bat,OF
sa875729,Chad De La Guerra,2B/SS,0.25,0.8396200065966696,,2022,bat,2B/SS
sa659079,Austin Rei,C,0.25,0.692059989599511,,2022,bat,C
25813,Grae Kessinger,2B/3B,0.25,0.7360099991550668,NYM,2022,bat,2B/3B
sa658290,Kody Eaves,2B/3B,0.25,0.8401900626253335,,2022,bat,2B/3B
sa657261,Eliezer Álvarez,2B/OF,0.25,0.831459982227534,,2022,bat,2B/OF
sa875016,Jalen Miller,2B,0.25,0.8840799882076681,,2022,bat,2B
sa975161,Yanio Perez,1B/OF,0.25,0.9773200385738164,,2022,bat,1B/OF
10346,John Ryan Murphy,C,0.25999999046325684,0.6515800475375726,PIT,2022,bat,C
sa829062,Chris Rabago,C,0.25,0.6574199636932463,,2022,bat,C
sa549926,D.J. Peterson,1B/3B,0.25,1.0404199690092353,,2022,bat,1B/3B
20157,Matthew Batten,2B/3B,0.25,0.7745700029190628,,2022,bat,2B/3B
sa829697,Bubba Hollins,3B,0.25,0.8428399795433504,,2022,bat,3B
sa3006858,Jonathan Engelmann,1B/OF,0.25,0.9177199957659465,,2022,bat,1B/OF
12394,Jason Krizan,OF,0.25,1.013099974859506,SFG,2022,bat,OF
sa659281,Cam Gibson,OF,0.25,0.9411999649368226,DET,2022,bat,OF
19813,Charles Leblanc,2B/3B,0.25,0.8714700333308429,,2022,bat,2B/3B
17098,Dustin Fowler,OF,0.25,0.9259099833201616,,2022,bat,OF
7996,José A. Martínez,1B/OF,0.23999999463558197,1.0856600167928263,,2022,bat,1B/OF
sa3004176,JJ Muno,3B/OF,0.25,0.8183000134769827,,2022,bat,3B/OF
sa3006729,Jacob Rhinesmith,OF,0.25,0.9778800243977456,,2022,bat,OF
sa3006666,Ross Adolph,OF,0.25,0.9387700461782515,,2022,bat,OF
6547,Jordy Mercer,SS,0.25,0.8571799383033067,,2022,bat,SS
10951,Greg Garcia,2B/3B,0.25,0.8439899820368736,PHI,2022,bat,2B/3B
sa657425,Bryant Flete,2B/SS,0.25,0.8093799682334065,,2022,bat,2B/SS
sa914314,Jeison Guzmán,SS,0.25,0.791769997216761,,2022,bat,SS
21797,Andrés Chaparro,1B/DH,0.25,0.7973799537401647,WSN,2022,bat,1B/DH
sa829837,Scott Manea,C,0.25,0.9929200074635447,,2022,bat,C
sa918131,Tyler Neslony,OF,0.25,0.9532499610679223,,2022,bat,OF
8267,Chris Iannetta,C,0.25,0.7816300355596467,,2022,bat,C
16115,Mike Gerber,OF,0.25,1.013940027821809,,2022,bat,OF
sa455978,Garabez Rosa,SS,0.25,0.8465400297194718,,2022,bat,SS
sa829039,Mac James,C,0.25,0.6609299547271803,,2022,bat,C
sa3008877,Euribiel Angeles,2B/SS,0.25,0.6771600099746138,OAK,2022,bat,2B/SS
sa599318,Mike Papi,OF,0.25,0.9405100264120846,,2022,bat,OF
12990,Erick Castillo,C,0.25,0.7072399838129058,,2022,bat,C
sa915613,Nick Dunn,2B,0.25,0.8029300394700839,,2022,bat,2B
sa502787,Andrew Aplin,OF,0.25,0.8202199953375383,,2022,bat,OF
sa917025,Cristian Perez,SS,0.25,0.697699997667223,,2022,bat,SS
sa735861,Rayder Ascanio,SS,0.25,0.8328899806132538,,2022,bat,SS
sa3010268,Ethan Skender,2B/3B,0.25,0.7773899722844362,,2022,bat,2B/3B
3256,Welington Castillo,C,0.25,0.8566800323780623,WSN,2022,bat,C
17023,Magneuris Sierra,OF,0.25,0.8349000315647572,,2022,bat,OF
sa3004128,Laz Rivera,SS,0.25,0.8200099618174134,,2022,bat,SS
14335,Dilson Herrera,2B,0.25,0.9421200602082533,,2022,bat,2B
14897,Daniel Palka,DH/OF,0.25,1.0569300589617343,,2022,bat,DH/OF
11602,Yolmer Sánchez,2B/3B,0.25,0.8389599639456718,LAA,2022,bat,2B/3B
sa917039,Seuly Matias,OF,0.25,1.0171799851581453,,2022,bat,OF
sa658243,John Silviano,1B,0.25,1.0645500084152442,,2022,bat,1B
5942,Jesús Sucre,C,0.25,0.7109899703413247,,2022,bat,C
16524,Ryan McBroom,1B/OF,0.25,1.1212900089332833,,2022,bat,1B/OF
sa596287,Wilson Garcia,1B,0.25,1.0901600210228934,,2022,bat,1B
sa602429,Drew Weeks,OF,0.25,0.9686900218948723,,2022,bat,OF
25643,Drew Millas,C,0.25,0.686010032496415,WSN,2022,bat,C
sa3004804,Brett Netzer,2B,0.25,0.810119992122054,,2022,bat,2B
10473,Cheslor Cuthbert,3B,0.23999999463558197,0.94892999867443,,2022,bat,3B
23401,José Caballero,2B/SS,0.25,0.6859600719530136,NYY,2022,bat,2B/SS
sa738977,Mark Karaviotis,1B/OF,0.25,0.9354800189612432,,2022,bat,1B/OF
14555,Wyatt Mathisen,1B/3B,0.23999999463558197,0.9567000006325543,,2022,bat,1B/3B
14548,Jesmuel Valentín,2B/3B,0.25,0.8365600156132132,,2022,bat,2B/3B
13443,Tony Renda,2B/OF,0.25,0.816789999976754,,2022,bat,2B/OF
sa597088,Jeffrey Baez,OF,0.25,0.9807299870997668,,2022,bat,OF
4229,Howie Kendrick,2B,0.23999999463558197,1.111679986002855,,2022,bat,2B
17839,Luis Alexander Basabe,OF,0.25,0.9439499863423408,,2022,bat,OF
sa3006724,Grant Williams,2B/SS,0.25,0.8396299496293067,,2022,bat,2B/SS
13277,Joey Rickard,OF,0.25,0.961749996896833,,2022,bat,OF
7435,Ben Zobrist,2B/OF,0.25,0.8514200130244717,,2022,bat,2B/OF
sa3002831,Tanner Kirwer,OF,0.25,0.8856700362404807,,2022,bat,OF
sa829529,Jeren Kendall,OF,0.25,0.8477400012314319,,2022,bat,OF
sa872524,Yoel Romero,2B/3B,0.25,0.8088199600577353,,2022,bat,2B/3B
sa3007646,Clayton Daniel,2B/SS,0.25,0.7920099613256752,LAD,2022,bat,2B/SS
21497,Luken Baker,1B/DH,0.25,1.0439599635777994,ARI,2022,bat,1B/DH
sa3004062,Zane Gurwitz,2B/3B,0.25,0.812909997208044,,2022,bat,2B/3B
sa1169761,Johnny Rizer,OF,0.25,0.9653699923306702,,2022,bat,OF
sa526207,Levi Michael,2B,0.25,0.8282500426284969,,2022,bat,2B
sa917107,Roberto Alvarez,C,0.25,0.6040600284002722,,2022,bat,C
19455,Andruw Monasterio,2B/3B,0.25,0.815100008668378,BOS,2022,bat,2B/3B
sa3008140,Cadyn Grenier,SS,0.25,0.7287000459386036,BAL,2022,bat,SS
23442,Luis Vázquez,3B/SS,0.25,0.7540499711874871,BAL,2022,bat,3B/SS
sa875583,Christian Kelley,C,0.25,0.6792699573095887,,2022,bat,C
sa3004997,Michael Smith,OF,0.25,0.7410799439996478,TBR,2022,bat,OF
3711,Eric Thames,1B/OF,27.540000915527344,115.89966350197791,,2022,bat,1B/OF
25475,Logan Driscoll,C,0.25,0.6136199710424989,TBR,2022,bat,C
9952,Trayce Thompson,OF,0.25,0.984420008235611,,2022,bat,OF
20122,Mark Contreras,OF,0.25,0.9362100023776293,,2022,bat,OF
sa3007047,Grant Witherspoon,OF,0.25,0.7720800393493845,,2022,bat,OF
sa875875,Wagner Lagrange,OF,0.25,0.9465000259689986,,2022,bat,OF
16411,Richard Urena,2B/SS,0.25,0.8434600259643048,,2022,bat,2B/SS
sa658966,Mikey White,3B/SS,0.25,0.8166000101249663,,2022,bat,3B/SS
22045,Grant Koch,C,0.25,0.70957999965176,,2022,bat,C
21547,Coco Montes,2B,0.25,0.9893800073303282,,2022,bat,2B
sa597218,Hamlet Marte,C,0.25,0.6773900413652881,,2022,bat,C
18881,Curtis Terry,DH,0.25,1.0685399514855818,,2022,bat,DH
sa3007501,Jonah Davis,OF,0.25,0.8237099817954003,,2022,bat,OF
sa3003964,Ryan Grotjohn,2B/OF,0.25,0.8148400220554322,,2022,bat,2B/OF
sa875999,Gabriel Garcia,1B/3B,0.25,0.8259500321000813,,2022,bat,1B/3B
11270,Aaron Altherr,OF,0.25,0.9695399866905062,,2022,bat,OF
sa738199,Jonah Arenado,1B/3B,0.25,0.8266799916978925,,2022,bat,1B/3B
sa3004160,Jake Scheiner,1B/3B,0.25,0.9706300327554344,,2022,bat,1B/3B
18054,Sam Haggerty,OF,0.25,0.890110031911172,TEX,2022,bat,OF
11241,Mike Freeman,2B,0.25,0.8125100303208453,,2022,bat,2B
19703,Jake Noll,1B,0.25,1.0273099834332242,,2022,bat,1B
sa3007638,Kyle Marinconz,2B/3B,0.25,0.8164199670311062,,2022,bat,2B/3B
sa857730,Brennon Lund,OF,0.25,0.812939940090291,,2022,bat,OF
sa3007637,Scott Schreiber,1B/OF,0.25,1.0204699982888996,,2022,bat,1B/OF
sa3009875,J.D. Orr,OF,0.25,0.9517699977848677,,2022,bat,OF
sa705802,Mike Ahmed,3B,0.25,0.8269599665887655,,2022,bat,3B
sa873307,Leandro Cedeño,1B/OF,0.25,0.9770099869230761,SDP,2022,bat,1B/OF
11859,Mason Williams,OF,0.25,0.8992800064617767,,2022,bat,OF
sa3014823,J.C. Correa,C/2B,0.25,0.7080300408881156,,2022,bat,C/2B
13788,Matt Reynolds,3B/SS,0.25,0.8061999977333469,,2022,bat,3B/SS
sa829494,Michael Cantu,C,0.25,0.6459800231037662,,2022,bat,C
9856,Brandon Snyder,1B/3B,0.25,0.904829972772859,,2022,bat,1B/3B
12797,Dalton Pompey,OF,0.25,0.9891400143504142,,2022,bat,OF
sa3014941,Brett Auerbach,2B,0.25,0.8104999921051785,,2022,bat,2B
sa858026,Connor Marabell,OF,0.25,0.9456099881790577,,2022,bat,OF
sa738683,Michael Reed,OF,1.6200000047683716,4.879410311765968,,2022,bat,OF
785,Todd Frazier,3B,0.23999999463558197,0.9823499774094671,,2022,bat,3B
sa657323,Angel Aguilar,3B/SS,0.25,0.7910900162532924,,2022,bat,3B/SS
16852,John Nogowski,1B,0.25,1.0100100039038804,,2022,bat,1B
sa875890,Mitch Ghelfi,C/1B,0.25,0.6639999772422015,,2022,bat,C/1B
sa830037,Andretty Cordero,1B/3B,0.25,1.0372200430836527,,2022,bat,1B/3B
11287,Bryan Holaday,C,0.25,0.8314099685288965,,2022,bat,C
sa828876,D.J. Burt,2B,0.25,0.7782700115581974,,2022,bat,2B
sa3014940,Robert Emery,C/1B,0.25,0.6521599885076284,,2022,bat,C/1B
sa597177,Angelo Mora,2B/SS,0.25,0.8036999400705097,,2022,bat,2B/SS
19369,Jae-Gyun Hwang,3B,0.25,0.8912400344852358,,2022,bat,3B
14131,Greg Bird,1B,0.25,0.9922599494224414,,2022,bat,1B
20404,Jared Young,1B/DH,0.25,1.0264399904292076,NYM,2022,bat,1B/DH
sa550391,Damek Tomscha,1B/3B,0.25,0.8186299761757254,,2022,bat,1B/3B
5751,Hernán Pérez,2B/3B/OF,0.25,0.8621000158134847,,2022,bat,2B/3B/OF
sa3010342,Jackson Cluff,SS,0.25,0.7620399833656847,NYM,2022,bat,SS
9054,Justin Smoak,1B,0.23999999463558197,1.069740051915869,,2022,bat,1B
9549,David Freese,3B,0.25,1.017519952636212,,2022,bat,3B
sa829803,Jeff Hendrix,OF,0.25,0.7388599902857094,NYY,2022,bat,OF
15447,Ryon Healy,1B/3B,0.23999999463558197,1.0384400033159182,,2022,bat,1B/3B
sa3004505,Erik Ostberg,C/1B,0.25,0.6013499891851097,,2022,bat,C/1B
20463,Irving Lopez,2B/3B,0.25,0.7886599434074013,,2022,bat,2B/3B
21535,Connor Kaiser,2B,0.25,0.7539300132775679,KCR,2022,bat,2B
sa3008282,Andy Weber,2B/SS,0.25,0.7413900020532308,CHW,2022,bat,2B/SS
sa1169809,Simon Whiteman,2B/SS,0.25,0.7581000573467462,,2022,bat,2B/SS
18032,Mark Mathias,2B/OF,0.25,0.9881400230806321,,2022,bat,2B/OF
sa3007046,Jameson Hannah,OF,0.25,0.9649100144859402,,2022,bat,OF
sa3004149,Agustin Ruiz,OF,0.25,0.9158299749251455,,2022,bat,OF
13267,Nolan Fontana,2B,0.25,0.8261799986939877,,2022,bat,2B
13546,Roman Quinn,OF,0.25,0.8767299565486609,COL,2022,bat,OF
sa829115,Jake Peter,2B,0.25,0.7823899803915991,,2022,bat,2B
13006,Mitch Walding,3B,0.25,0.834739986108616,,2022,bat,3B
15103,Boog Powell,OF,0.25,0.8688699910184368,,2022,bat,OF
22232,Mason McCoy,SS,0.25,0.7251699648797509,SDP,2022,bat,SS
25782,Pedro Pagés,C,0.25,0.6510099920444189,STL,2022,bat,C
18718,Hyun Soo Kim,OF,0.25,1.0335799760418012,,2022,bat,OF
3376,Nick Hundley,C,0.25,0.7768400169443339,,2022,bat,C
25616,Marco Luciano,SS,0.25,0.7265300081577153,NYY,2022,bat,SS
sa3006857,Jack Conley,C,0.25,0.6922800293657928,,2022,bat,C
sa598065,Daniel Lockhart,2B/3B,0.25,0.7939600503770634,,2022,bat,2B/3B
sa3014426,Hayden Cantrelle,2B,0.25,0.7928999919444323,CHC,2022,bat,2B
sa917135,Moisés Castillo,SS,0.25,0.7125900142826139,,2022,bat,SS
sa3004517,Cam Balego,1B/3B,0.25,1.0063799646217375,,2022,bat,1B/3B
19788,Zach Remillard,2B,0.25,0.785939978971146,,2022,bat,2B
sa3006662,Jay Schuyler,C,0.25,0.7280900420155375,CIN,2022,bat,C
18123,Nathan Lukes,OF,0.25,0.9360599861247465,TOR,2022,bat,OF
sa828164,Adrian Valerio,SS,0.25,0.7421100250910967,,2022,bat,SS
sa3007030,Frankie Tostado,1B,0.25,1.007660014508292,,2022,bat,1B
sa3007650,Austin Dennis,2B/OF,0.25,0.7869700090959667,,2022,bat,2B/OF
27789,Shay Whitcomb,2B/3B,0.25,0.724740040616598,HOU,2022,bat,2B/3B
26149,Dominic Fletcher,OF,0.25,0.9645600348711013,PIT,2022,bat,OF
sa874241,Cornelius Randolph,OF,0.25,0.9202899825293568,,2022,bat,OF
sa658025,Joey Curletta,1B/OF,0.25,1.0062200313899667,,2022,bat,1B/OF
19360,Lucas Erceg,P,0.25,0.8338100059423595,KCR,2022,bat,P
12907,Gregory Polanco,OF,0.23999999463558197,1.0435200265608728,,2022,bat,OF
11846,Leonys Martin,OF,0.25,0.8509400489041581,,2022,bat,OF
27467,Tyler Soderstrom,1B/OF,0.25,0.6019599616993218,OAK,2022,bat,1B/OF
13130,Mikie Mahtook,OF,0.25,0.9752099613426252,,2022,bat,OF
sa3007631,Max Burt,3B,0.25,0.748760036821477,DET,2022,bat,3B
sa872750,Miguelangel Sierra,2B/SS,0.25,0.8120700138155371,,2022,bat,2B/SS
sa875185,Brian Mundell,1B,0.25,1.0862899496685714,COL,2022,bat,1B
sa597093,Alfredo Reyes,SS,0.25,0.7027700321283192,,2022,bat,SS
20557,CJ Alexander,3B,0.25,0.8522200052626431,HOU,2022,bat,3B
sa917935,Delvin Pérez,SS,0.25,0.7121699533425271,,2022,bat,SS
11494,Kaleb Cowart,2B/3B,0.25,0.835170027380809,,2022,bat,2B/3B
sa3007289,Brhet Bewley,2B/3B,0.25,0.7991299915593117,,2022,bat,2B/3B
18425,Trey Amburgey,OF,0.25,1.0427399587351829,,2022,bat,OF
sa858802,Donnie Dewees,OF,0.25,0.9370099785272032,CHC,2022,bat,OF
14528,Gabriel Guerrero,OF,0.25,0.8812099962029606,,2022,bat,OF
sa877338,Carlos Sepulveda,2B,0.25,0.7643799738027155,,2022,bat,2B
sa1170749,Chandler Redmond,1B,0.25,0.9377900042687541,,2022,bat,1B
sa3006869,Devin Mann,2B/3B,0.25,0.9978599537629633,SFG,2022,bat,2B/3B
18136,Ka'ai Tom,OF,0.25,0.9303500385023653,,2022,bat,OF
sa874104,Kort Peterson,OF,0.25,0.9600499728694558,KCR,2022,bat,OF
13663,Jack López,2B,0.25,0.7834000243805348,,2022,bat,2B
sa3002851,Robert Perez Jr.,1B/OF,0.25,0.9455100435530764,,2022,bat,1B/OF
sa3006789,Alex Holderbach,C/1B,0.25,0.6661100331926718,,2022,bat,C/1B
sa3008251,Jax Biggers,2B,0.25,0.7566199522931126,HOU,2022,bat,2B
26289,Gunnar Henderson,SS,0.25,0.7298599510220811,BAL,2022,bat,SS
sa3010021,Kody Hoese,3B,0.25,0.7943600221304221,,2022,bat,3B
22471,Livan Soto,SS,0.25,0.7154499732423574,,2022,bat,SS
sa657987,BJ Boyd,OF,0.25,0.9254600267857314,,2022,bat,OF
12294,Cory Spangenberg,2B/3B,0.25,0.8709799866657703,,2022,bat,2B/3B
sa3008742,Diego Cartaya,C,0.25,0.6767300116131081,SFG,2022,bat,C
13866,Bruce Maxwell,C,0.25,0.6435199717059732,,2022,bat,C
20034,Hunter Owen,OF,0.25,1.0077900106087327,,2022,bat,OF
4243,Jose Lobatón,C,0.23999999463558197,0.7451300336513669,,2022,bat,C
sa828708,Gareth Morgan,OF,0.25,0.9728600156260653,,2022,bat,OF
25575,Kyle McCann,C,0.25,0.5820699854986742,COL,2022,bat,C
sa3004285,Dylan Rosa,OF,0.25,0.924010040424764,,2022,bat,OF
sa829382,K.J. Harrison,1B,0.25,1.039909955393523,,2022,bat,1B
25138,Levi Jordan,OF,0.25,0.7880300084128975,WSN,2022,bat,OF
sa3007044,Greyson Jenista,OF,0.25,1.0478000248549506,,2022,bat,OF
sa658567,Tate Matheny,OF,0.25,0.7962299996986986,,2022,bat,OF
sa857819,Errol Robinson,SS,0.25,0.7048300367314368,BAL,2022,bat,SS
23552,Chandler Seagle,DH,0.25,0.6125599982682615,,2022,bat,DH
sa3010897,Shayne Fontana,OF,0.25,0.9047100339550525,,2022,bat,OF
sa3004263,Abrahan Gutierrez,C,0.25,0.6672999804839491,NYY,2022,bat,C
sa3005504,Allan Cerda,OF,0.25,0.8873000062070786,,2022,bat,OF
sa738445,Luis Aviles Jr.,SS,0.25,0.817690050578676,,2022,bat,SS
6589,Sean Rodríguez,2B,0.25,0.8226400441955775,,2022,bat,2B
sa914242,Omar Estévez,2B/SS,0.25,0.7758899943437425,,2022,bat,2B/SS
12174,Jorge Bonifacio,OF,0.25,0.9675400217529386,,2022,bat,OF
22842,Alexander Canario,OF,0.25,0.830290023004636,,2022,bat,OF
15809,Erisbel Arruebarrena,SS,0.25,0.757019993267022,LAD,2022,bat,SS
sa829045,Keith Curcio,OF,0.25,0.7875300590880213,,2022,bat,OF
sa918269,Carmen Benedetti,OF,0.25,0.9034299263730643,,2022,bat,OF
16271,Alex Blandino,2B/3B,0.25,0.8505500353639944,,2022,bat,2B/3B
sa3009893,Luis Trevino,C,0.25,0.5647100319853051,,2022,bat,C
sa599740,Jerrick Suiter,1B/OF,0.25,0.8761700007831676,,2022,bat,1B/OF
sa918104,Ryan January,C,0.25,0.6427099627326243,,2022,bat,C
19779,Dairon Blanco,OF,0.25,0.9400199982337653,KCR,2022,bat,OF
17478,Troy Stokes Jr.,OF,0.25,0.9378499605692923,,2022,bat,OF
13633,Preston Tucker,OF,0.25,1.009500007936731,,2022,bat,OF
7539,Neil Walker,2B,0.25,0.8771600019885226,,2022,bat,2B
sa657922,Clint Coulter,OF,0.25,0.9362200132105498,,2022,bat,OF
sa3014819,Norel González,1B/OF,0.25,1.0228600106667727,,2022,bat,1B/OF
23698,Ronny Mauricio,2B/3B,0.25,0.7162500653415917,NYM,2022,bat,2B/3B
14713,Dawel Lugo,2B/3B,0.23999999463558197,0.8356999894138424,,2022,bat,2B/3B
16446,Johneshwy Fargas,OF,0.25,0.8390199960675091,,2022,bat,OF
sa927338,Fabricio Macias,OF,0.25,0.9462300412356853,,2022,bat,OF
sa918220,Armond Upshaw,OF,0.25,0.8071699885185807,,2022,bat,OF
sa918442,Stefan Trosclair,1B,0.25,1.0102599686942995,STL,2022,bat,1B
19909,Anderson Tejeda,SS,0.25,0.7357800242491066,,2022,bat,SS
sa737859,Trey Michalczewski,3B,0.25,0.7891999645624309,,2022,bat,3B
sa872828,Javier Guevara,C,0.25,0.633219978492707,,2022,bat,C
sa3007632,D.J. Artis,OF,0.25,0.9145199695136397,,2022,bat,OF
15271,Austin Wynns,C,0.25999999046325684,0.9115400143899023,OAK,2022,bat,C
21270,Sean Bouchard,OF,0.25,1.1695000101346522,,2022,bat,OF
20040,Jorge Ona,DH,0.25,1.0306000205688177,,2022,bat,DH
12719,Dillon Thomas,OF,0.25,0.896459968923591,,2022,bat,OF
sa877337,Gilbert Lara,3B/SS,0.25,0.7448200138518585,,2022,bat,3B/SS
19722,Carlos Narváez,C,0.25,0.588090059312526,BOS,2022,bat,C
sa875317,Jaylen Ferguson,OF,0.25,0.792769999895245,,2022,bat,OF
sa3010718,Jack Kenley,2B,0.25,0.7763400390278546,,2022,bat,2B
sa3007005,Jeremy Eierman,SS,0.25,0.7259999971603973,OAK,2022,bat,SS
13744,David Dahl,OF,3.240000009536743,13.38677033558488,,2022,bat,OF
24064,Ezequiel Tovar,SS,0.25,0.8991499587427825,COL,2022,bat,SS
sa915865,Deon Stafford,C,0.25,0.6439700216054915,,2022,bat,C
sa873997,Casey Golden,OF,0.25,1.1069100324995813,COL,2022,bat,OF
sa3011379,Phil Clarke,C,0.25,0.6473700233967974,,2022,bat,C
sa828685,Jake Gatewood,1B/3B,0.25,0.8177700290922076,,2022,bat,1B/3B
sa3014448,Trevor Hauver,OF,0.25,0.7361599523341283,TEX,2022,bat,OF
25844,Logan Davidson,1B,0.25,0.6217400244437158,TBR,2022,bat,1B
9362,Adam Moore,C,0.25,0.6583800279768184,,2022,bat,C
12926,Alen Hanson,2B/OF,0.25,0.8238100137561559,,2022,bat,2B/OF
25705,Dustin Harris,OF,0.25,0.9661900334293023,CHW,2022,bat,OF
15156,Ian Miller,OF,0.25,0.8560600488446652,,2022,bat,OF
sa3011308,Thomas Dillard,1B,0.25,1.004259945685044,,2022,bat,1B
14558,Carlos Tocci,OF,0.25,0.7849700028076768,,2022,bat,OF
13910,Patrick Kivlehan,OF,0.25,0.9762499554199165,,2022,bat,OF
sa3006667,Robert Neustrom,OF,0.25,1.0465200203470884,,2022,bat,OF
21293,Dalton Guthrie,OF,0.25,0.803329941513948,,2022,bat,OF
sa3003961,Chase Pinder,OF,0.25,0.883120014029555,,2022,bat,OF
14885,Pat Valaika,2B/SS,0.25,0.8417900474974885,,2022,bat,2B/SS
sa3006728,Drew Mount,OF,0.25,0.9987799686845391,,2022,bat,OF
sa918010,Alexis Torres,2B,0.25,0.770550043741241,,2022,bat,2B
sa736999,Brallan Perez,2B,0.25,0.7429599976632745,,2022,bat,2B
sa918203,Josh Stephen,OF,0.25,0.9248799946624785,,2022,bat,OF
19267,Will Craig,1B,0.23999999463558197,0.9992200246313585,,2022,bat,1B
sa876814,Nash Knight,1B/3B,0.25,0.7243900082539766,,2022,bat,1B/3B
sa857840,Kyle Holder,SS,0.25,0.8577299984171985,,2022,bat,SS
sa828692,Michael Gettys,OF,0.25,0.9741599813103675,BOS,2022,bat,OF
sa917459,Dennicher Carrasco,1B/3B,0.25,0.7944500248879194,,2022,bat,1B/3B
sa3007870,Connor Hollis,2B/3B,0.25,0.7210199727211146,,2022,bat,2B/3B
sa729572,Calten Daal,2B/SS,0.25,0.7555799871683119,,2022,bat,2B/SS
sa828281,Ramon Hernandez,1B/3B,0.25,1.0153800090774894,,2022,bat,1B/3B
27653,Christian Koss,2B,0.25,0.7440600207075476,SFG,2022,bat,2B
sa739560,Jesse Hodges,3B,0.25,0.7804599508177487,,2022,bat,3B
sa829374,Rudy Martin,OF,0.25,0.9206700226059182,KCR,2022,bat,OF
sa3007788,Sean Roby,1B/3B,0.25,0.7674799913540482,,2022,bat,1B/3B
19967,Ryan Aguilar,OF,0.25,0.755010027019307,,2022,bat,OF
sa3004968,Tristen Lutz,OF,0.25,0.9371500172652303,,2022,bat,OF
27478,Patrick Bailey,C,0.25,0.6113100503804161,SFG,2022,bat,C
25482,TJ Hopkins,DH/OF,0.25,0.9733199930749833,,2022,bat,DH/OF
sa3014452,Daniel Cabrera,OF,0.25,0.9012700008228421,DET,2022,bat,OF
sa829122,Zack Zehner,OF,0.25,0.8953900043852626,,2022,bat,OF
20263,Mario Feliciano,C,0.25,1.089629997080192,,2022,bat,C
sa873988,Camden Duzenack,2B/SS,0.25,0.737860006885603,,2022,bat,2B/SS
11155,Elliot Soto,2B/SS,0.25,0.6935799619881435,,2022,bat,2B/SS
14330,Nick Williams,OF,0.25,1.0189900254365056,,2022,bat,OF
sa875279,Logan Landon,OF,0.25,0.7730800019344314,,2022,bat,OF
sa505526,Anderson Feliz,2B,0.25,0.7631800272967667,,2022,bat,2B
sa658920,Colton Plaia,C,0.25,0.6431700201006607,,2022,bat,C
sa828313,Roldani Baldwin,C/3B,0.25,0.8189100366551428,,2022,bat,C/3B
sa915673,Jeremy Vasquez,1B,0.25,0.9335700380615891,,2022,bat,1B
19938,Aaron Whitefield,OF,0.25,0.773090018518269,,2022,bat,OF
sa3006927,Chase Calabuig,OF,0.25,0.7972100192215292,,2022,bat,OF
sa738667,Torii Hunter Jr.,OF,0.25,0.7461599984206259,,2022,bat,OF
sa657511,Jhoan Urena,3B,0.25,0.9778799538500607,,2022,bat,3B
16496,Forrest Wall,OF,0.25,0.8299000527709721,,2022,bat,OF
25931,Michael Harris II,OF,0.25,0.8140399743104351,ATL,2022,bat,OF
15197,Carlos Asuaje,2B,0.25,0.8106999396346509,,2022,bat,2B
sa3006710,Keegan McGovern,OF,0.25,0.9067200313787906,,2022,bat,OF
10807,Tyler Saladino,3B/SS,0.25,0.81013000162784,,2022,bat,3B/SS
sa858812,Arden Pabst,C,0.25,0.6881300279637796,,2022,bat,C
sa3002836,Evan Mendoza,3B/SS,0.25,0.6796200066572055,,2022,bat,3B/SS
15496,Abiatal Avelino,SS,0.25,0.9201600197236985,,2022,bat,SS
14412,Joe Hudson,C,0.25,0.600479946611449,,2022,bat,C
22715,Maikel Garcia,3B,0.25,0.6939600646030157,KCR,2022,bat,3B
sa914203,Eddy Martinez,OF,0.25,0.9080299806082622,,2022,bat,OF
sa858055,Brendon Sanger,OF,0.25,0.8898400324862449,,2022,bat,OF
13153,Luis Sardinas,2B/SS,0.25,0.8017900209873914,,2022,bat,2B/SS
sa736954,Luis Castro,1B,0.25,0.9680900363950058,,2022,bat,1B
sa736875,Luis Gonzalez,SS,0.25,0.7597800400108099,,2022,bat,SS
sa3002722,Lazaro Alonso,1B,0.25,0.9582999909995122,,2022,bat,1B
sa3010888,Chad Bell,1B/3B,0.25,0.9517599793151019,NYY,2022,bat,1B/3B
sa830140,Carlos Herrera,2B/SS,0.25,0.773769992077723,,2022,bat,2B/SS
sa3002753,Ben Breazeale,C,0.25,0.601769986608997,BAL,2022,bat,C
sa917287,Ramiro Rodriguez,OF,0.25,0.886649989360012,,2022,bat,OF
sa875884,Delvin Zinn,2B/SS,0.25,0.7111000473145396,,2022,bat,2B/SS
3174,Shin-Soo Choo,OF,0.23000000417232513,0.9788200099952519,,2022,bat,OF
5306,Kristopher Negrón,OF,0.25,0.9156299765687436,,2022,bat,OF
15214,Brandon Dixon,1B/OF,0.23999999463558197,0.9041700010653585,,2022,bat,1B/OF
sa917141,Kelvin Melean,2B/3B/SS,0.25,0.7148999526863916,,2022,bat,2B/3B/SS
19577,Nick Heath,OF,0.25,0.7820700500160455,,2022,bat,OF
sa872730,Edwin Figuera,3B/SS,0.25,0.7002300356514751,,2022,bat,3B/SS
16885,Joshua Fuentes,1B/3B,0.25,0.8149200251558796,,2022,bat,1B/3B
19727,Joe Dunand,2B/3B,0.25,0.7832899574656039,,2022,bat,2B/3B
sa737838,Charcer Burks,OF,0.25,0.8708600221201777,,2022,bat,OF
sa3005587,Daniel Vellojin,C,0.25,0.6700100459856911,TBR,2022,bat,C
25807,Jared Triolo,3B,0.25,0.7883599424269051,PIT,2022,bat,3B
21871,Jerar Encarnacion,OF,0.25,0.9326800259994341,SFG,2022,bat,OF
sa829483,Dom Thompson-Williams,OF,0.25,0.9187399805523453,,2022,bat,OF
6013,Cristhian Adames,SS,0.25,0.8097099819686264,,2022,bat,SS
sa872817,Yorman Rodriguez,C/1B,0.25,0.9442799807293341,,2022,bat,C/1B
sa827979,Joantgel Segovia,OF,0.25,0.8847399858525024,,2022,bat,OF
sa829276,Gianpaul Gonzalez,C,0.25,0.6086100112413987,,2022,bat,C
sa596904,Yonathan Mendoza,3B/SS,0.25,0.7214400013908744,,2022,bat,3B/SS
sa857225,Ryan Howard,SS,0.25,0.7468699931167067,,2022,bat,SS
sa3004065,Jancarlos Cintron,2B/SS,0.25,0.7737599808024243,,2022,bat,2B/SS
sa3010678,Lorenzo Hampton,OF,0.25,0.8818899922305717,,2022,bat,OF
sa3003955,Ernie De La Trinidad,OF,0.25,0.8798500341828911,,2022,bat,OF
sa915589,Willy Yahn,3B,0.25,0.7629299921914935,BAL,2022,bat,3B
sa3007822,Elih Marrero,C,0.25,0.6381900199921803,KCR,2022,bat,C
sa3005401,Christian Donahue,2B,0.25,0.7496499687433242,,2022,bat,2B
13284,Darnell Sweeney,2B/OF,0.25,0.8208500461187214,,2022,bat,2B/OF
sa876211,Jordan George,1B/OF,0.25,0.9285000410163775,,2022,bat,1B/OF
sa3005394,Lorenzo Quintana,C,0.25,1.0750299885403363,,2022,bat,C
sa3008602,Victor Mesa,OF,0.25,0.7630999938584863,MIA,2022,bat,OF
sa917055,Miguel Hernandez,SS,0.25,0.7480300333118065,,2022,bat,SS
sa740813,Rodrigo Orozco,OF,0.25,0.8575800376012922,,2022,bat,OF
sa874792,Desmond Lindsay,OF,0.25,0.7524599449010564,,2022,bat,OF
sa3006685,Ian Dawkins,OF,0.25,0.8675600371789187,,2022,bat,OF
23733,Ezequiel Duran,3B,0.25,0.7575300151016562,TEX,2022,bat,3B
sa3003436,Trey Hair,2B/3B,0.25,0.7309399951016529,,2022,bat,2B/3B
sa918840,Craig Dedelow,OF,0.25,0.8928200273774564,,2022,bat,OF
sa3003959,Cullen Large,3B/OF,0.25,0.8820100191049277,,2022,bat,3B/OF
sa872851,Imeldo Diaz,SS,0.25,0.7467599923256785,,2022,bat,SS
sa709546,Cole Sturgeon,OF,0.25,0.8479699763003737,,2022,bat,OF
sa918257,Danny Woodrow,OF,0.25,0.725920055899769,,2022,bat,OF
19872,Greg Deichmann,OF,0.25,0.893670055642724,,2022,bat,OF
25346,Ronny Simon,2B/OF,0.25,0.6895200182450936,PIT,2022,bat,2B/OF
sa923039,Jefrey Ramos,OF,0.25,0.939830020535737,,2022,bat,OF
sa3009888,Nic Gaddis,C/3B,0.25,0.5756700013531372,,2022,bat,C/3B
13356,Bubba Starling,OF,0.25,0.8383000695612282,,2022,bat,OF
sa597785,Granden Goetzman,OF,0.25,0.8913300185929982,,2022,bat,OF
26284,John Rave,OF,0.25,0.7766100403852759,KCR,2022,bat,OF
sa3014500,Freddy Zamora,SS,0.25,0.6799499876098707,MIL,2022,bat,SS
5409,Pablo Sandoval,3B,0.25,1.0108900243882089,,2022,bat,3B
sa829879,Roemon Fields,OF,0.25,0.7465999772306532,TOR,2022,bat,OF
11611,Rosell Herrera,OF,0.25,0.8428099492099135,,2022,bat,OF
sa3006900,Reivaj Garcia,2B,0.25,0.6830100653227418,,2022,bat,2B
sa918466,Chris Clare,SS,0.25,0.7181800168473275,,2022,bat,SS
sa3006785,Gunnar Troutwine,C,0.25,0.5890200513415038,,2022,bat,C
20533,Mickey McDonald,DH/OF,0.25,0.7776300695491954,,2022,bat,DH/OF
1159,Andrew Romine,3B/SS,0.25999999046325684,0.7611400303896517,CHC,2022,bat,3B/SS
10286,Francisco Arcia,C,0.25,0.6330900175264104,,2022,bat,C
23557,Chris Roller,OF,0.25,0.841309962933883,,2022,bat,OF
sa875647,Brad Zunica,1B,0.25,0.9685499964514748,,2022,bat,1B
23968,Jorge Barrosa,OF,0.25,0.7658599849324672,ARI,2022,bat,OF
sa3010148,Michael Amditis,C,0.25,0.560779996565543,,2022,bat,C
sa549286,Ryan Casteel,C/1B,0.25,1.0139599800109864,,2022,bat,C/1B
sa544568,Sebastián Elizalde,OF,0.25,0.8669399860315025,,2022,bat,OF
sa917320,Leonel Valera,SS,0.25,0.704339996445924,,2022,bat,SS
sa3010161,Chris Givin,2B/SS,0.25,0.6279900010908023,,2022,bat,2B/SS
13608,Mallex Smith,OF,0.25,0.8991200067102908,,2022,bat,OF
sa872571,Edgardo Fermin,2B/SS,0.25,0.7391499734017998,,2022,bat,2B/SS
17182,Jung Ho Kang,3B/SS,0.25,0.8200699953129513,,2022,bat,3B/SS
sa658576,Jameson Fisher,1B/OF,0.25,0.9309700099984183,,2022,bat,1B/OF
sa3004242,Chad Spanberger,1B/OF,0.25,0.8969400341156869,,2022,bat,1B/OF
10166,Nick Franklin,2B,0.25,0.7844300219789148,,2022,bat,2B
27490,Nick Gonzales,2B,0.25,0.7790200085379181,PIT,2022,bat,2B
26208,Tyler Fitzgerald,2B/SS,0.25,0.7338200117927043,SFG,2022,bat,2B/SS
3892,Josh Reddick,OF,0.25,0.9287299845134839,,2022,bat,OF
22906,Israel Pineda,C,0.25,0.6525099835707806,,2022,bat,C
sa737690,Drew Ward,3B,0.25,0.9560899384086952,,2022,bat,3B
21730,Jair Camargo,C/DH,0.25,0.5915199692826718,ATL,2022,bat,C/DH
17689,Kevin Kramer,2B/3B/OF,0.25,0.9054599964059887,,2022,bat,2B/3B/OF
5485,José Pirela,2B/OF,0.25,0.9466000025626271,,2022,bat,2B/OF
sa738152,Edwin Díaz,3B/SS,0.25,0.7179799823788926,HOU,2022,bat,3B/SS
sa3014832,Matt Scheffler,C,0.25,0.5361899709794671,,2022,bat,C
sa736924,Luis Alejandro Basabe,2B,0.25,0.7247000272851437,,2022,bat,2B
12944,Sócrates Brito,OF,0.25,0.9271300035528839,,2022,bat,OF
14738,Phillip Ervin,OF,0.25,0.9327600538730622,,2022,bat,OF
sa3010023,Jairo Pomares,OF,0.25,0.882789994473569,,2022,bat,OF
23802,Anthony Seigler,3B,0.25,0.5419200355885548,BOS,2022,bat,3B
4298,Matt Wieters,C,0.25,0.7520699789049102,,2022,bat,C
sa3014822,Michael Guldberg,OF,0.25,0.6774899911601097,,2022,bat,OF
sa1170619,Josh Bissonette,2B/3B,0.25,0.7407199534354731,,2022,bat,2B/3B
sa3004506,Matt Winaker,1B/OF,0.25,0.8833799896296115,,2022,bat,1B/OF
sa658968,Ian Rice,C,0.25,0.9369999976595864,,2022,bat,C
sa827970,Manuel Geraldo,SS,0.25,0.7367299873847514,,2022,bat,SS
sa738419,Stephen Wrenn,OF,0.25,0.8670100313611327,,2022,bat,OF
13408,Wynton Bernard,OF,0.25,0.9194900257512925,,2022,bat,OF
sa3005235,Jimmy Kerrigan,OF,0.25,0.9003599768038839,,2022,bat,OF
25845,Michael Toglia,1B,0.25,1.1332800021860745,CIN,2022,bat,1B
sa3007629,Patrick Dorrian,3B,0.25,0.9439200461376457,,2022,bat,3B
19250,Trent Giambrone,2B,0.25,0.7688200091710313,,2022,bat,2B
sa657456,Alberti Chavez,2B/SS,0.25,0.6550099819432943,,2022,bat,2B/SS
14818,JaCoby Jones,OF,0.25,0.8526400059694422,,2022,bat,OF
sa829844,Riley Mahan,2B,0.25,0.742239962797612,,2022,bat,2B
sa548556,Hunter Jones,OF,0.25,0.7327399930451065,,2022,bat,OF
sa502309,Edgar Corcino,OF,0.25,0.880430017085746,,2022,bat,OF
sa919532,Gabriel Maciel,OF,0.25,0.6544900478329508,,2022,bat,OF
24336,Johan Rojas,OF,0.25,0.7755599482916296,PHI,2022,bat,OF
12268,Ryan Court,1B/OF,0.25,0.9588999521918595,,2022,bat,1B/OF
sa738208,Jon Kemmer,OF,0.25,0.8763500382890923,,2022,bat,OF
17642,JT Riddle,SS,0.25,0.8728999956045299,,2022,bat,SS
sa738401,Nick Zammarelli III,1B/OF,0.25,0.9430600398685783,,2022,bat,1B/OF
sa829030,Roy Morales,C,0.25,0.8634399730246513,,2022,bat,C
5519,Rubén Tejada,SS,0.25,0.7267199746798724,,2022,bat,SS
11472,Dixon Machado,2B/SS,0.25,0.7660699993371963,,2022,bat,2B/SS
sa3004722,Jacob Pearson,OF,0.25,0.9019599926192313,,2022,bat,OF
sa827323,Will Maddox,1B/2B,0.25,0.7256400621961802,,2022,bat,1B/2B
sa709037,Dylan Davis,OF,0.25,0.8416900157695636,,2022,bat,OF
sa875228,Connor Panas,OF,0.25,0.9497600102331489,,2022,bat,OF
sa918961,Eli Wilson,C,0.25,0.602809974993579,,2022,bat,C
9015,Gordon Beckham,2B,0.25,0.7175400329986588,NYM,2022,bat,2B
sa900974,Carlos Soto,C,0.25,0.582850016793236,,2022,bat,C
sa658828,Vance Vizcaino,OF,0.25,0.8687100110109895,CHC,2022,bat,OF
sa3017075,Luke Waddell,2B/SS,0.25,0.7039700365392491,ATL,2022,bat,2B/SS
sa3011702,Pat DeMarco,OF,0.25,0.7047500495798886,,2022,bat,OF
sa3005523,Andres Melendez,C,0.25,0.5362399937119334,CLE,2022,bat,C
sa829268,Drew Lugbauer,1B,0.25,1.0016999708139336,,2022,bat,1B
sa3007633,Brendt Citta,1B/OF,0.25,0.9645200241822748,,2022,bat,1B/OF
sa454764,Bengie González,SS,0.25,0.6428999933181331,,2022,bat,SS
19957,Blake Rutherford,OF,0.25,0.8627199563197789,,2022,bat,OF
sa3003219,Rafael Lantigua,2B,0.25,0.7417199651245028,TOR,2022,bat,2B
sa658264,Nellie Rodriguez,1B,0.25,0.9629400319885462,,2022,bat,1B
13269,Zach Vincej,SS,0.25,0.7307500152848659,,2022,bat,SS
sa908626,Anibal Sierra,SS,0.25,0.6209599952446296,HOU,2022,bat,SS
sa547818,Rodrigo Vigil,C,0.25,0.5939300227910279,,2022,bat,C
sa550348,Tyler Marincov,OF,0.25,0.8805799729656427,,2022,bat,OF
sa3008005,Joe Gray Jr.,OF,0.25,0.7668000025674699,,2022,bat,OF
4881,Carlos Gómez,OF,0.25,0.8901800549589098,,2022,bat,OF
15694,Chance Sisco,C,0.25,0.906959967734292,,2022,bat,C
27573,Gage Workman,3B,0.25,0.6535900510381909,DET,2022,bat,3B
sa829044,Trace Loehr,2B,0.25,0.7030500453896817,,2022,bat,2B
sa3006711,Gage Canning,OF,0.25,0.8734499968588352,,2022,bat,OF
sa829411,Cade Gotta,OF,0.25,0.712910045753233,,2022,bat,OF
sa657285,Roberto Caro,OF,0.25,0.8288499513640999,,2022,bat,OF
20084,J.C. Escarra,C,0.25,0.9211799370823427,NYY,2022,bat,C
sa3010157,Daniel Cope,C,0.25,0.7361000265227631,,2022,bat,C
16565,Mark Zagunis,OF,0.25,0.8733700217446313,,2022,bat,OF
sa3005515,Alexfri Planez,OF,0.25,0.717999948351644,,2022,bat,OF
sa962601,Yasel Antuna,SS/OF,0.25,0.6749899531481787,,2022,bat,SS/OF
sa3010278,Kellen Strahm,OF,0.25,0.6909799691988154,HOU,2022,bat,OF
20047,Brian Miller,OF,0.25,0.7993500252254307,,2022,bat,OF
3211,Tyler Ladendorf,2B,0.25,0.7201099583413452,,2022,bat,2B
sa736852,Aldrem Corredor,1B/OF,0.25,0.9499800304416566,,2022,bat,1B/OF
sa875808,Jonathan Morales,C,0.25,0.7446000124560669,,2022,bat,C
sa621361,Preston Beck,1B/OF,0.25,0.8493000221904368,,2022,bat,1B/OF
13154,Marco Hernández,2B,0.25,0.7504100362770258,,2022,bat,2B
sa597839,Patrick Leonard,1B/3B,0.25,0.9183700135909019,,2022,bat,1B/3B
sa621577,Kyle Wren,OF,0.25,0.7025100079132245,,2022,bat,OF
sa3010686,Chris Cornelius,2B,0.25,0.7358800481539218,PHI,2022,bat,2B
sa659068,Gio Brusa,1B/OF,0.25,0.9473900307202711,,2022,bat,1B/OF
10533,Rocky Gale,C,0.25,0.5910899959271774,,2022,bat,C
sa915706,Matt McLaughlin,2B/3B,0.25,0.686339998571202,,2022,bat,2B/3B
sa599216,Austin Davidson,2B/3B,0.25,0.8999699997715651,,2022,bat,2B/3B
sa3008029,Kyle Datres,1B/3B,0.25,0.8860700292512775,,2022,bat,1B/3B
sa3007062,Chris Proctor,C,0.25,0.5705099664395673,,2022,bat,C
5930,Nick Markakis,OF,0.25,0.9348899410571903,,2022,bat,OF
12198,Jake Hager,2B,0.25,0.756100023142062,,2022,bat,2B
13288,Peter O'Brien,1B/OF,0.25,0.9306199857965112,,2022,bat,1B/OF
sa3007745,Brandon Howlett,3B,0.25,0.7572599814273417,,2022,bat,3B
20501,Scott Hurst,OF,0.25,0.7189600497717038,,2022,bat,OF
sa918698,Ramón Rodríguez,C,0.25,0.5738800296327099,MIL,2022,bat,C
sa872466,Kevin Vicuña,SS,0.25,0.6568300114246086,,2022,bat,SS
sa3006923,John Valente,2B/3B,0.25,0.9411699841730296,,2022,bat,2B/3B
25477,Isaac Collins,OF,0.25,0.8685799496248363,KCR,2022,bat,OF
15535,Joseph Odom,C,0.25,0.5807399654760955,,2022,bat,C
sa918694,Ben Ruta,OF,0.25,0.8382600490935146,,2022,bat,OF
sa3009873,Tanner Morris,2B/3B,0.25,0.7077299845870584,,2022,bat,2B/3B
sa738936,Harrison Wenson,C,0.25,0.6034899265738203,,2022,bat,C
sa736995,Juremi Profar,1B/3B,0.25,0.9255199986277146,,2022,bat,1B/3B
sa829364,Jared Walker,1B/3B,0.25,0.8551899896003307,,2022,bat,1B/3B
13906,Sherman Johnson,2B,0.25,0.7434799898415804,,2022,bat,2B
16041,Stevie Wilkerson,2B/OF,0.25,0.737589973863214,,2022,bat,2B/OF
sa830204,Jomar Reyes,3B,0.25,0.7246000508312136,,2022,bat,3B
26548,Luisangel Acuña,2B,0.25,0.62679002082441,CHW,2022,bat,2B
sa3002865,Gilberto Vizcarra,C,0.25,0.5413600225700065,,2022,bat,C
sa3006791,Connor Kopach,2B/SS,0.25,0.6428300022380425,,2022,bat,2B/SS
26477,Spencer Horwitz,1B,0.25,0.9143699900479986,PIT,2022,bat,1B
3395,Cliff Pennington,2B/SS,0.25,0.7475400508381426,,2022,bat,2B/SS
9787,Steven Baron,C,0.25,0.5849000161280855,,2022,bat,C
sa915789,Dylan Busby,3B,0.25,0.7364400011487304,,2022,bat,3B
sa873982,Nick Banks,OF,0.25,0.8705700083635746,,2022,bat,OF
5238,Isaac Galloway,OF,0.25,0.8177499387878924,,2022,bat,OF
sa3003280,Diego Infante,OF,0.25,0.7900300499750301,,2022,bat,OF
sa598684,Aneury Tavárez,OF,0.25,0.7157800420653074,,2022,bat,OF
23985,Osleivis Basabe,SS,0.25,0.5640500265173612,SFG,2022,bat,SS
sa735846,Grenny Cumana,2B/SS/OF,0.25,0.8177900007925927,,2022,bat,2B/SS/OF
sa915707,Kevin Merrell,SS,0.25,0.6576400235295297,,2022,bat,SS
sa3010901,Zade Richardson,C,0.25,0.5630499969469382,,2022,bat,C
sa918497,Joel Booker,OF,0.25,0.7121799950022248,,2022,bat,OF
sa3004157,Cody Bohanek,2B/3B/SS,0.25,0.6687500157393516,,2022,bat,2B/3B/SS
sa871433,Raul Rivas,2B/3B/SS,0.25,0.6867799737025052,,2022,bat,2B/3B/SS
sa3016961,Corey Rosier,OF,0.25,0.6743200225755571,BOS,2022,bat,OF
sa3004390,Demetrius Sims,2B/SS,0.25,0.6517799547873439,,2022,bat,2B/SS
sa658195,Connor Lien,OF,0.25,0.7247800338082014,,2022,bat,OF
20186,Brendan McKay,P,0.25,0.9073900020914152,,2022,bat,P
sa920278,Yariel Gonzalez,3B,0.25,1.0192100308602678,,2022,bat,3B
7185,Logan Forsythe,2B,0.25,0.7120400064624843,,2022,bat,2B
sa3011414,Andrew Daschbach,1B,0.25,0.9079399762675164,,2022,bat,1B
sa829713,Evan Skoug,C,0.25,0.5563000335358084,,2022,bat,C
13473,Dwight Smith Jr.,OF,0.23999999463558197,0.9178800283232702,,2022,bat,OF
2530,Yonder Alonso,1B,0.25,0.9955800417345019,,2022,bat,1B
sa875163,Moisés Gómez,OF,0.25,0.8549600682454184,,2022,bat,OF
sa3008184,Cole Roederer,OF,0.25,0.7112299802480266,,2022,bat,OF
24597,Jonathan Ornelas,3B/SS,0.25,0.6097200434189289,NYY,2022,bat,3B/SS
sa3007640,Nicholas Northcut,1B/3B,0.25,0.757869993429631,,2022,bat,1B/3B
13110,Yoenis Cespedes,OF,0.23999999463558197,1.0078500021947547,,2022,bat,OF
8610,Kendrys Morales,1B/DH,0.25,0.9663799880538134,,2022,bat,1B/DH
sa3014827,Elijah Dunham,OF,0.25,0.7985099781304597,LAA,2022,bat,OF
sa3008146,Matt Pita,2B/OF,0.25,0.800830075959675,,2022,bat,2B/OF
sa3003288,Jose Peroza,3B,0.25,0.6891300037968904,,2022,bat,3B
sa3010403,Bryce Windham,C,0.25,0.6915800072252749,,2022,bat,C
19968,Jared Oliva,OF,0.25,0.8987299989908933,SFG,2022,bat,OF
11624,Jarrett Parker,OF,0.25,0.8801100257318466,,2022,bat,OF
sa737639,Jan Hernandez,3B/OF,0.25,0.8544500201940537,,2022,bat,3B/OF
sa915820,Zach Kirtley,1B/2B,0.25,0.8910299795446918,,2022,bat,1B/2B
sa3005373,Braxton Martinez,1B/3B,0.25,0.8980300239054486,,2022,bat,1B/3B
sa3003408,Cristhian Longa,C/1B,0.25,0.5609000549186021,,2022,bat,C/1B
sa3007282,Kekai Rios,C,0.25,0.5489600054221226,,2022,bat,C
sa828414,Andy Sugilio,OF,0.25,0.8237400142941624,,2022,bat,OF
sa857249,Zander Wiel,1B,0.25,0.8855000531300903,MIN,2022,bat,1B
sa3003197,David García,C,0.25,0.533859983435832,MIL,2022,bat,C
sa658608,Rhett Wiseman,OF,0.25,0.8492100385949014,,2022,bat,OF
24273,Liover Peguero,2B/SS,0.25,0.666760055022314,PHI,2022,bat,2B/SS
9744,Justin Bour,1B,0.25,0.9508599800174123,,2022,bat,1B
11255,Matt Szczur,OF,0.25,0.8842600008007139,,2022,bat,OF
sa658081,Luis Valenzuela,2B/3B/SS,0.25,0.6962799694854763,,2022,bat,2B/3B/SS
sa3007078,Jordan Qsar,OF,0.25,0.7717800087761133,,2022,bat,OF
sa3014549,Zavier Warren,1B/3B,0.25,0.7148200115887449,CIN,2022,bat,1B/3B
29622,Sal Frelick,OF,0.25,0.7219199618790298,MIL,2022,bat,OF
sa745229,Marty Herum,1B/3B,0.25,0.7023599900770932,,2022,bat,1B/3B
18722,Dae-Ho Lee,1B,0.25,0.9272900130366906,,2022,bat,1B
sa918523,Matt Hearn,OF,0.25,0.8569699987303466,,2022,bat,OF
sa3008250,Charles Mack,C/3B,0.25,0.5116000294685362,,2022,bat,C/3B
sa3007295,Luis García,2B/SS,0.25,0.651450043171644,,2022,bat,2B/SS
25505,Cade Marlowe,OF,0.25,0.7866299897432328,OAK,2022,bat,OF
sa599888,Jose Cardona,OF,0.25,0.6884800179628655,,2022,bat,OF
6652,Chase d'Arnaud,3B/SS,0.25,0.7660400062333793,,2022,bat,3B/SS
sa857538,Roberto Baldoquin,SS,0.25,0.6726100124418736,,2022,bat,SS
sa657408,Daniel Fajardo,C,0.25,0.5479599732905626,,2022,bat,C
17975,Scott Kingery,SS/OF,0.25,0.8171900058165193,CHC,2022,bat,SS/OF
sa3014449,Hudson Haskin,OF,0.25,0.6826499829767271,,2022,bat,OF
7888,Ryan Flaherty,2B/3B,0.25,0.7490599874872713,,2022,bat,2B/3B
sa3006678,Manny Rodriguez,SS,0.25,0.593859970686026,,2022,bat,SS
sa3003185,Yunior Severino,2B/3B,0.25,0.6433099839836357,,2022,bat,2B/3B
sa828331,Jose Gomez,2B/3B/SS,0.25,0.61162004948128,,2022,bat,2B/3B/SS
sa550175,Michael O'Neill,OF,0.25,0.8308300125878304,,2022,bat,OF
sa3004756,Nathan Perry,C/1B,0.25,0.5608899689512327,,2022,bat,C/1B
sa3014886,J.D. Mundy,1B,0.25,0.9219799753045662,,2022,bat,1B
sa3014532,Jesse Franklin V,OF,0.25,0.9033500347752123,,2022,bat,OF
sa3010394,Jacob Olson,OF,0.25,0.8223800006089731,,2022,bat,OF
5223,Cameron Maybin,OF,0.25,0.7774899643845856,,2022,bat,OF
sa3010585,Jake Sanford,OF,0.25,0.7951499497052281,,2022,bat,OF
sa1170495,Hill Alexander,OF,0.25,0.7658099891152232,,2022,bat,OF
sa3006677,Jacson McGowan,1B,0.25,0.6327899879543111,,2022,bat,1B
sa3008246,Beau Brundage,OF,0.25,0.6211900068912655,,2022,bat,OF
sa3008842,Alex De Jesus,3B/SS,0.25,0.6069300170871428,,2022,bat,3B/SS
sa738434,Nick Longhi,1B/OF,0.25,0.8168100063689052,,2022,bat,1B/OF
sa3006670,Niko Decolati,OF,0.25,0.8610800132621078,,2022,bat,OF
7740,Ty Kelly,2B/3B/OF,0.25,0.7384199742926284,,2022,bat,2B/3B/OF
sa3002670,Justin Lopez,2B/SS,0.25,0.5954899762989952,,2022,bat,2B/SS
15104,Jonathan Davis,OF,3.240000009536743,10.57589966095984,,2022,bat,OF
sa3010334,Ashton McGee,1B,0.25,0.7060199443716555,,2022,bat,1B
6368,Adam Jones,OF,0.25,0.9132100295042619,,2022,bat,OF
25629,Cody Freeman,2B,0.25,0.5171700249426067,TEX,2022,bat,2B
27604,Alika Williams,SS,0.25,0.5534299877239391,PIT,2022,bat,SS
sa3005308,Diosbel Arias,2B/3B,0.25,0.8424100364092736,,2022,bat,2B/3B
27763,Drew Romo,C,0.25,0.7239100479288025,CHW,2022,bat,C
3448,Jeff Mathis,C,0.25999999046325684,0.5219299787655473,,2022,bat,C
sa3011423,Ethan Paul,2B/SS,0.25,0.6563099918188529,,2022,bat,2B/SS
sa547843,Armando Araiza,C,0.25,0.5486099997069687,,2022,bat,C
sa3005103,Tyler Dearden,OF,0.25,0.8621699893963523,,2022,bat,OF
23789,Blaze Alexander,3B,0.25,0.6389000331982969,BAL,2022,bat,3B
sa3010584,Cooper Johnson,C,0.25,0.5046799672301858,TEX,2022,bat,C
sa918101,Nate Nolan,C,0.25,0.5494400133378803,,2022,bat,C
25111,David Hensley,DH/OF,0.25,0.9255100225564094,,2022,bat,DH/OF
sa3005472,Jeferson Morales,C/OF,0.25,0.7736599982017651,,2022,bat,C/OF
sa3008181,Hunter Stovall,2B/3B,0.25,0.8354300200473516,PIT,2022,bat,2B/3B
sa3014986,Justin Dirden,OF,0.25,0.78897997578606,,2022,bat,OF
sa3002880,Danny Edgeworth,3B,0.25,0.6793599951080977,,2022,bat,3B
24878,Heriberto Hernández,DH/OF,0.25,0.7625900061684661,MIA,2022,bat,DH/OF
sa857824,Anderson Miller,OF,0.25,0.8232399604283273,,2022,bat,OF
sa876102,Collin Theroux,C,0.25,0.5444100192282348,,2022,bat,C
sa659264,Nick Lovullo,2B,0.25,0.6599699923302978,,2022,bat,2B
4316,Daniel Murphy,1B/2B,0.23999999463558197,0.9220500203082338,,2022,bat,1B/2B
sa657521,Angelo Castellano,3B/SS,0.25,0.6895799830555914,,2022,bat,3B/SS
8392,Daniel Descalso,2B/3B,0.25,0.7399199875770137,,2022,bat,2B/3B
sa917056,J.V. Martinez,3B,0.25,0.7534899788210168,,2022,bat,3B
sa3003437,Yoel Yanqui,1B,0.25,0.8775399827864019,,2022,bat,1B
sa873634,Connor Justus,SS,0.25,0.5825999923050402,,2022,bat,SS
sa1170316,Jake Means,3B,0.25,0.6913899856852366,,2022,bat,3B
sa917302,Yonathan Perlaza,OF,0.25,0.8313100188737735,,2022,bat,OF
sa507143,Ali Castillo,2B/3B,0.25,0.6914299952331928,,2022,bat,2B/3B
sa3002834,Brock Lundquist,OF,0.25,0.8218599792104214,TOR,2022,bat,OF
sa659290,David Thompson,3B,0.25,0.8946500517893582,,2022,bat,3B
sa875027,Demi Orimoloye,OF,0.25,0.8325400179484859,,2022,bat,OF
sa872490,Joseph Rosa,2B/SS,0.25,0.6604400378419085,,2022,bat,2B/SS
sa915847,Colton Shaver,1B/3B,0.25,0.885580020560883,,2022,bat,1B/3B
26466,Matt Wallner,OF,0.25,0.7906799939461051,MIN,2022,bat,OF
8090,Matt Carpenter,3B,30.780000686645508,118.41204320788383,,2022,bat,3B
sa597100,Bryan Mejia,2B,0.25,0.680420030793175,,2022,bat,2B
10953,Phil Gosselin,2B/3B,6.480000019073486,25.939111110568042,,2022,bat,2B/3B
sa3011469,Stephen Scott,C,0.25,0.916089948103763,,2022,bat,C
sa1169627,Ivan Johnson,2B/OF,0.25,0.6841599384322763,CIN,2022,bat,2B/OF
13905,Seth Mejias-Brean,1B/SS,0.25,0.7599800206720827,,2022,bat,1B/SS
sa917095,Eduardo Torrealba,2B/SS,0.25,0.6082200101343914,,2022,bat,2B/SS
sa602817,Nate Esposito,C,0.25,0.5217299669515341,,2022,bat,C
sa918436,Brandon Van Horn,SS,0.25,0.6045700101647525,,2022,bat,SS
sa918611,Chad Sedio,2B/OF,0.25,0.7951299740001558,,2022,bat,2B/OF
sa3010029,Jack Dunn,3B/OF,0.25,0.6814799660816788,,2022,bat,3B/OF
sa1170296,Toby Welk,1B/3B,0.25,0.871539954468608,,2022,bat,1B/3B
sa3014525,A.J. Vukovich,3B/OF,0.25,0.7114400449208914,ARI,2022,bat,3B/OF
sa3011330,Darrien Miller,C,0.25,0.5453500060481018,MIL,2022,bat,C
sa738492,Steven Sensley,1B/OF,0.25,0.8312800296815112,,2022,bat,1B/OF
sa3002710,Juan Aparicio,C,0.25,0.5344499812461436,,2022,bat,C
sa916848,Franklin Labour,OF,0.25,0.7805099814664571,,2022,bat,OF
25688,Cam Devanney,3B,0.25,0.6763200321700424,,2022,bat,3B
4249,Shane Robinson,OF,0.25,0.8183499267324804,,2022,bat,OF
7290,Jake Elmore,SS/OF,0.25,0.8180900184437631,,2022,bat,SS/OF
629,Brandon Barnes,OF,0.25,0.8676200303947554,,2022,bat,OF
sa3010582,McCarthy Tatum,3B,0.25,0.6985199994174763,,2022,bat,3B
sa3016920,Gabe Matthews,1B,0.25,0.8792299993569029,,2022,bat,1B
sa3004046,Jeremy Arocho,2B,0.25,0.6254000700544565,,2022,bat,2B
19710,Ronnie Dawson,DH,0.25,1.0258800150593743,,2022,bat,DH
sa827951,Franklin Rollin,OF,0.25,0.8004200120922177,,2022,bat,OF
6677,JB Shuck,OF,0.25,0.8149599936325101,,2022,bat,OF
sa657479,Malquin Canelo,SS,0.25,0.6638400115072726,,2022,bat,SS
sa599081,Tanner English,OF,0.25,0.6792400019243359,,2022,bat,OF
sa917168,Wander Javier,SS,0.25,0.5840299735777079,,2022,bat,SS
15450,Daniel Castro,2B/SS,0.25,0.7014299673959612,,2022,bat,2B/SS
23782,Leo Jiménez,2B/SS,0.25,0.5677300120238213,TOR,2022,bat,2B/SS
sa917767,Lolo Sanchez,OF,0.25,0.8171899749897419,,2022,bat,OF
sa918888,Zach Davis,OF,0.25,0.7937999933026729,,2022,bat,OF
sa579292,Mikey Reynolds,2B,0.25,0.6837499793153256,,2022,bat,2B
13012,John Andreoli,OF,0.25,0.8268599999137222,,2022,bat,OF
sa922180,Alfredo Rodriguez,SS,0.25,0.7167199912015348,,2022,bat,SS
11894,Noel Cuevas,OF,0.25,0.8435699919238685,,2022,bat,OF
15971,Ivan Castillo,2B/3B,1.6200000047683716,5.37285972572863,,2022,bat,2B/3B
sa3008053,Sam McWilliams,2B,0.25,0.6670900678029285,LAD,2022,bat,2B
sa823925,Michael De León,SS,0.25,0.7288499925401993,,2022,bat,SS
sa3010280,Jake Hoover,2B/SS,0.25,0.647379983542487,,2022,bat,2B/SS
sa3007503,Nick Dalesandro,C/OF,0.25,0.5266899787820873,,2022,bat,C/OF
13157,Nicky Delmonico,OF,0.25,0.87103004893288,,2022,bat,OF
14678,Tzu-Wei Lin,2B/SS,0.25,0.7622999323764815,,2022,bat,2B/SS
sa873277,Aaron Knapp,OF,0.25,0.7626700278837234,,2022,bat,OF
sa873181,Raúl Hernández,C,0.25,0.5143900141119956,,2022,bat,C
sa875753,James Nelson,3B,0.25,0.6210500519489871,HOU,2022,bat,3B
5352,Yangervis Solarte,2B/3B,0.25,0.7999099898850545,,2022,bat,2B/3B
sa3014825,Jack Blomgren,2B/SS,0.25,0.7402300179004666,HOU,2022,bat,2B/SS
sa3004155,Jonny Homza,C/3B,0.25,0.4785299573093652,,2022,bat,C/3B
sa917197,Jesus Lujano,OF,0.25,0.7835999372648074,,2022,bat,OF
26148,Tristin English,1B,0.25,0.6886899868026374,ATL,2022,bat,1B
sa915700,Michael Gigliotti,OF,0.25,0.6314299963181838,,2022,bat,OF
19273,Stone Garrett,OF,0.25,0.9872000393224881,,2022,bat,OF
sa833676,Hansel Moreno,SS/OF,0.25,0.6645200135419146,,2022,bat,SS/OF
sa3003228,Johan Lopez,SS,0.25,0.5910200362093745,,2022,bat,SS
sa736953,Omar Carrizales,OF,0.25,0.785949981585145,,2022,bat,OF
sa3011156,James Free,C/1B,0.25,0.5853500029654243,,2022,bat,C/1B
sa828299,Osvaldo Duarte,2B/SS,0.25,0.6574499990791082,,2022,bat,2B/SS
7287,Carlos González,OF,0.25,0.816589988092892,,2022,bat,OF
sa917737,Marco Hernandez,C,0.25,0.5034799902234225,,2022,bat,C
2151,Edwin Encarnación,1B/3B/DH,0.23999999463558197,0.9570999411167578,,2022,bat,1B/3B/DH
27698,Eric Yang,PH/PR,0.25,0.5661199922440573,CHC,2022,bat,PH/PR
22857,Wenceel Pérez,OF,0.25,0.6275399835780263,DET,2022,bat,OF
sa875243,Sean Miller,2B/SS,0.25,0.57967996657826,,2022,bat,2B/SS
21794,Sherten Apostel,1B/3B,0.25,0.8469800239196047,,2022,bat,1B/3B
21682,Luis De Los Santos,3B,0.25,0.6305500335758553,,2022,bat,3B
sa3010707,Kyle Schmidt,C,0.25,0.4808400280773638,,2022,bat,C
sa739574,Samir Dueñez,1B,0.25,0.8738199472893028,,2022,bat,1B
14515,Luis Marté,2B/3B/SS,0.25,0.6612400408368557,,2022,bat,2B/3B/SS
sa599235,Zach Houchins,3B,0.25,0.890099979005754,,2022,bat,3B
13795,Eric Stamets,SS,0.25,0.6659500235691667,,2022,bat,SS
sa738883,Willie Abreu,OF,0.25,0.789799980772659,,2022,bat,OF
29695,Matt McLain,2B,0.25,0.6538600031286478,CIN,2022,bat,2B
6448,James Adduci,1B/OF,0.25,0.8624799475539475,,2022,bat,1B/OF
sa597152,Deiner Lopez,2B/SS,0.25,0.5893200463615358,,2022,bat,2B/SS
sa918911,Armani Smith,OF,0.25,0.7719399451278149,,2022,bat,OF
7158,Eric Young Jr.,OF,0.25,0.7697100050747393,,2022,bat,OF
16263,Sam Travis,1B/OF,0.25,0.8641099679982289,,2022,bat,1B/OF
sa829126,Bo Way,OF,0.25,0.775190039165318,,2022,bat,OF
sa1169997,David Vinsky,OF,0.25,0.7664199821185319,,2022,bat,OF
sa3014934,Kale Emshoff,C/1B,0.25,0.5356899854959919,,2022,bat,C/1B
sa918418,Jim Haley,1B/3B,0.25,0.8767700186232104,,2022,bat,1B/3B
8385,Pedro Florimón,SS,0.25,0.6911500079091638,,2022,bat,SS
25476,Cam Eden,DH/OF,0.25,0.6644500070018695,,2022,bat,DH/OF
sa3009972,Garrett Hiott,OF,0.25,0.5878199748229235,,2022,bat,OF
sa548029,Erick Salcedo,SS,0.25,0.5716600083746016,,2022,bat,SS
sa872547,Pablo Olivares,OF,0.25,0.7106600101571527,,2022,bat,OF
sa917824,Juan Fernandez,C,0.25,0.879469998087734,,2022,bat,C
6885,Ian Desmond,SS/OF,0.25,0.9762299842201172,COL,2022,bat,SS/OF
25055,Nate Eaton,3B/OF,0.25,0.6590500438120215,BOS,2022,bat,3B/OF
sa1115752,Seth Gray,3B,0.25,0.6030400090850888,,2022,bat,3B
23800,Parker Meadows,OF,0.25,0.6354699823074043,DET,2022,bat,OF
sa3005938,Yoyner Fajardo,OF,0.25,0.6641999821644274,,2022,bat,OF
5227,Jon Jay,OF,0.25,0.819559997622855,,2022,bat,OF
sa3007073,Dean Nevarez,C,0.25,0.5233600289095192,,2022,bat,C
sa657398,Osvaldo Abreu,SS,0.25,0.6336799897253513,,2022,bat,SS
sa872527,Romer Cuadrado,OF,0.25,0.7845100370468571,,2022,bat,OF
29575,Trey Sweeney,SS,0.25,0.547109974035993,DET,2022,bat,SS
sa875336,Yeltsin Encarnacion,2B/SS,0.25,0.6282900063320994,,2022,bat,2B/SS
29766,Zack Gelof,2B,0.25,0.5825799653772264,OAK,2022,bat,2B
sa828686,Justin Twine,2B/SS,0.25,0.6533000183291734,,2022,bat,2B/SS
sa3002635,Geraldi Diaz,C,0.25,0.5121999894734471,,2022,bat,C
sa3003939,Seaver Whalen,1B/3B,0.25,0.8516300018876791,,2022,bat,1B/3B
sa3009539,Yohendrick Pinango,OF,0.25,0.7763299996964632,TOR,2022,bat,OF
sa3004883,Micael Ramirez,C,0.25,0.44421993959695094,,2022,bat,C
sa836204,Billy Fleming,1B/2B/3B,0.25,0.8386800340376795,,2022,bat,1B/2B/3B
sa1115979,Nick Kahle,C,0.25,0.5209499614778906,,2022,bat,C
10767,Lane Adams,OF,0.25,0.806389996735379,,2022,bat,OF
24605,Michael Helman,OF,0.25,0.7457300170324743,TEX,2022,bat,OF
sa737930,Erich Weiss,2B,0.25,0.856159985717386,,2022,bat,2B
sa3005298,Taylor Grzelakowski,C/1B/OF,0.25,0.8321699725463987,,2022,bat,C/1B/OF
14113,Ramón Torres,2B/3B,0.25,0.6911599904298782,,2022,bat,2B/3B
4022,Melky Cabrera,OF,0.25,0.8771899841492995,NYM,2022,bat,OF
sa3015062,Victor Labrada,OF,0.25,0.5676800141111016,SEA,2022,bat,OF
sa736694,Jorma Rodriguez,2B/3B,0.25,0.6257799729239195,,2022,bat,2B/3B
12119,Matt Skole,1B/DH,0.25,0.9095899860840291,,2022,bat,1B/DH
23565,Davis Schneider,2B/OF,0.25,0.6600899744546042,TOR,2022,bat,2B/OF
sa3007013,Scott Kapers,C,0.25,0.46650998424738643,,2022,bat,C
sa3016806,Colin Davis,OF,0.25,0.569039981579408,SEA,2022,bat,OF
sa3014987,Jacob Buchberger,3B,0.25,0.6235700186807663,,2022,bat,3B
sa3014937,Tucker Bradley,OF,0.25,0.766979999607429,,2022,bat,OF
sa3003325,Nerio Rodriguez,C,0.25,0.45493996387813235,,2022,bat,C
sa873699,Cole Billingsley,OF,0.25,0.6159100354881956,,2022,bat,OF
sa3006679,Matt Sanders,2B,0.25,0.5655099551891908,SEA,2022,bat,2B
sa3007942,Eddie Silva,2B/3B,0.25,0.6406999982660635,,2022,bat,2B/3B
sa736970,Ariel Sandoval,OF,0.25,0.7885599944973364,,2022,bat,OF
sa3006920,Ty Greene,C,0.25,0.4822200594237074,,2022,bat,C
26106,Maverick Handley,C,0.25,0.48441001758910707,BAL,2022,bat,C
sa3010599,Jake Holton,1B,0.25,0.8045900500845162,SFG,2022,bat,1B
sa597103,Alberto Triunfel,2B/SS,0.25,0.6237699690973386,,2022,bat,2B/SS
sa828329,Manuel Melendez,OF,0.25,0.7644599898252636,,2022,bat,OF
sa658994,Tyler Krieger,2B,0.25,0.6099699982674791,,2022,bat,2B
sa3003311,Marcos Gonzalez,1B/SS,0.25,0.7911900173407046,,2022,bat,1B/SS
4747,Curtis Granderson,OF,0.25,0.8611500268336384,,2022,bat,OF
27479,Masyn Winn,SS,0.25,0.5602300127036869,STL,2022,bat,SS
sa738624,Kacy Clemens,1B,0.25,0.8384400455513968,,2022,bat,1B
sa923363,Saul Torres,C,0.25,0.4497700015082955,,2022,bat,C
sa3010721,Cam Coursey,2B,0.25,0.6330599824897944,,2022,bat,2B
sa3016922,Mike Antico,OF,0.25,0.648500012885779,STL,2022,bat,OF
sa873611,Todd Czinege,1B/OF,0.25,0.7831299913581461,,2022,bat,1B/OF
25621,Bryan Ramos,3B,0.25,0.6172799854073673,BAL,2022,bat,3B
27790,Evan Carter,OF,0.25,0.5958100459072738,TEX,2022,bat,OF
9393,Matt Adams,1B,0.25,0.8795999618712811,,2022,bat,1B
sa3014830,Micah Pries,1B/OF,0.25,0.7311199333518742,,2022,bat,1B/OF
sa827344,Chris Chinea,C/1B,0.25,0.8453299500513821,,2022,bat,C/1B
sa857823,Preston Palmeiro,1B,0.25,0.8443000208353624,,2022,bat,1B
sa3010159,Ripken Reyes,2B,0.25,0.5738399756839498,,2022,bat,2B
sa829783,Quinn Brodey,OF,0.25,0.7435399984475225,,2022,bat,OF
sa738979,Brandon Wagner,1B,0.25,0.8220199726289137,,2022,bat,1B
29591,Colton Cowser,OF,0.25,0.611650026636198,BAL,2022,bat,OF
sa577957,Kevin Medrano,2B,0.25,0.748810001835227,,2022,bat,2B
10340,Gift Ngoepe,2B/SS,0.25,0.7030100164236499,,2022,bat,2B/SS
sa3006720,Nick Podkul,1B/3B,0.25,0.8326500686351208,,2022,bat,1B/3B
sa3011256,Drew Mendoza,1B,0.25,0.8432599653722717,,2022,bat,1B
13750,Elier Hernandez,DH/OF,0.25,0.7399900042219085,,2022,bat,DH/OF
sa3008080,Connor Scott,OF,0.25,0.7950799382291734,KCR,2022,bat,OF
22530,Johnathan Rodríguez,OF,0.25,0.7136500081513075,CLE,2022,bat,OF
sa597966,Dan Gamache,2B,0.25,0.8033300512470304,,2022,bat,2B
sa829114,Anfernee Seymour,SS/OF,0.25,0.7435099339112639,,2022,bat,SS/OF
22239,Jeremiah Jackson,3B/OF,0.25,0.5787999907042831,BAL,2022,bat,3B/OF
sa3009878,Luke Ritter,2B/3B,0.25,0.6047499596257693,LAA,2022,bat,2B/3B
sa827937,Alejandro Salazar,2B/SS,0.25,0.6154099845327435,,2022,bat,2B/SS
sa657706,Santiago Chávez,C,0.25,0.5017399865668266,,2022,bat,C
sa3015088,Joe Donovan,C,0.25,0.4443000428145751,,2022,bat,C
sa3006220,Pablo Aliendo,C,0.25,0.4915200107730925,,2022,bat,C
sa3010635,Joe Davis,1B,0.25,0.8885700282407925,,2022,bat,1B
sa658012,Bralin Jackson,OF,0.25,0.7564100028481334,,2022,bat,OF
sa3011224,Antoine Duplantis,OF,0.25,0.5885699747595935,,2022,bat,OF
sa831986,Oscar Campos,C,0.25,0.472360015544109,,2022,bat,C
12983,Charlie Tilson,OF,0.25,0.7780599320307372,,2022,bat,OF
sa3004510,Austin Bernard,C,0.25,0.644749950338155,,2022,bat,C
24598,Addison Barger,3B/OF,0.25,0.59625001961831,TOR,2022,bat,3B/OF
sa3010028,Christian Cairo,2B/3B,0.25,0.5559299985645338,PHI,2022,bat,2B/3B
sa919164,Nate Easley,2B/OF,0.25,0.7396200239658354,,2022,bat,2B/OF
19170,Corey Ray,OF,3.240000009536743,12.236749721318484,,2022,bat,OF
sa3002711,Nicolas Torres,2B,0.25,0.6269800246227533,,2022,bat,2B
sa621607,Rudy Flores,1B,0.25,0.8429600355913862,,2022,bat,1B
sa1052903,Anthony Prato,2B/OF,0.25,0.5525000530760734,,2022,bat,2B/OF
sa3005507,Gilberto Jimenez,OF,0.25,0.6547500260174274,,2022,bat,OF
sa828696,Ti'Quan Forbes,3B,0.25,0.8123999832663682,,2022,bat,3B
sa3006938,Logan Brown,C,0.25,0.5155499783810227,,2022,bat,C
sa3003950,Luke Burch,OF,0.25,0.7318899776320903,,2022,bat,OF
sa3004884,Justin Connell,OF,0.25,0.7603299838956445,,2022,bat,OF
sa3004934,Riley Delgado,3B/SS,0.25,0.6209500254597515,,2022,bat,3B/SS
sa917463,Luis Leon,C/SS,0.25,0.40446997887920577,,2022,bat,C/SS
sa3007057,Jayce Easley,2B/OF,0.25,0.5680999958654864,,2022,bat,2B/OF
sa915658,Orlando Garcia,2B,0.25,0.5990799766965209,,2022,bat,2B
3123,Grégor Blanco,OF,0.25,0.7848899775650351,,2022,bat,OF
sa3004031,Alex Destino,OF,0.25,0.7491299659479409,,2022,bat,OF
sa877334,Ricardo Rodriguez,C,0.25,0.4729500188492238,,2022,bat,C
sa1169773,LJ Talley,1B/2B,0.25,0.8886199649656191,,2022,bat,1B/2B
16098,Taylor Gushue,C/1B,0.25,0.8472499917494133,,2022,bat,C/1B
sa3010398,Tyler Malone,C/OF,0.25,0.42901000550482415,,2022,bat,C/OF
sa3003184,Yerdel Vargas,2B/SS,0.25,0.5449999877251683,,2022,bat,2B/SS
sa1115804,Shane Selman,OF,0.25,0.679099971265532,,2022,bat,OF
6050,Moisés Sierra,OF,0.25,0.7848500127205624,,2022,bat,OF
15769,Rafael Bautista,OF,0.25,0.7769499973859636,,2022,bat,OF
sa3016967,Austin Murr,1B/OF,0.25,0.7040100139332934,PHI,2022,bat,1B/OF
sa3006187,Jose Acosta,2B,0.25,0.5870100195985286,,2022,bat,2B
26224,Darell Hernaiz,3B/SS,0.25,0.5397300454322249,OAK,2022,bat,3B/SS
sa658668,Wes Rogers,OF,0.25,0.7351100170984863,,2022,bat,OF
24262,Ceddanne Rafaela,OF,0.25,0.6706600410863757,BOS,2022,bat,OF
sa3011628,Tyler Reichenborn,OF,0.25,0.6112900343025102,,2022,bat,OF
sa3010008,Carter Aldrete,1B/3B,0.25,0.6037599798524753,,2022,bat,1B/3B
15181,Ryan Cordell,OF,0.25,0.7530099479015915,,2022,bat,OF
25467,Will Robertson,OF,0.25,0.6329200306441636,BAL,2022,bat,OF
sa918259,Mitch Roman,2B/SS,0.25,0.573540022689849,CHW,2022,bat,2B/SS
2539,Pete Kozma,SS,0.25,0.6136700019938871,,2022,bat,SS
26540,Angel Martínez,OF,0.25,0.5619200123008341,CLE,2022,bat,OF
sa3005053,J.D. Osborne,C/1B,0.25,0.8399700261419637,,2022,bat,C/1B
2502,Lucas Duda,1B/OF,0.25,0.9195799373323097,,2022,bat,1B/OF
24496,DaShawn Keirsey Jr.,OF,0.25,0.5834799893666058,ATL,2022,bat,OF
26143,Troy Johnston,1B/OF,0.25,0.8269799327943472,COL,2022,bat,1B/OF
sa3006860,Cobie Fletcher-Vance,3B,0.25,0.6039800396887586,,2022,bat,3B
sa3014548,Jimmy Glowenke,2B,0.25,0.5849699839018285,,2022,bat,2B
22707,Gustavo Campero,OF,0.25,0.4743399664992466,LAA,2022,bat,OF
sa829059,Kevonte Mitchell,OF,0.25,0.7602400570642203,,2022,bat,OF
26420,Kyren Paris,2B/OF,0.25,0.5298200686927884,LAA,2022,bat,2B/OF
19477,Alex De Goti,2B,3.240000009536743,9.91707015223801,,2022,bat,2B
sa3007019,Frainyer Chavez,2B/3B,0.25,0.5507400416303426,TEX,2022,bat,2B/3B
sa3008077,Tristan Pompey,OF,0.25,0.7339300096035003,,2022,bat,OF
sa918641,Connor Myers,OF,0.25,0.6051099870819597,,2022,bat,OF
sa3005077,Adam Hall,2B/SS/OF,0.25,0.5841600269544871,,2022,bat,2B/SS/OF
sa3004298,Michael Osinski,1B/3B,0.25,0.7968100199941544,,2022,bat,1B/3B
sa3008141,Deacon Liput,2B,0.25,0.6217899528099222,LAD,2022,bat,2B
sa3005795,Pedro Martinez,SS,0.25,0.4707199992612004,,2022,bat,SS
sa3004055,Austin Beck,OF,0.25,0.563639942673035,,2022,bat,OF
sa918323,Francisco Del Valle,OF,0.25,0.7333700387971475,,2022,bat,OF
sa873596,Johnny Adams,SS,0.25,0.539009951800108,,2022,bat,SS
sa3008076,Madison Stokes,1B,0.25,0.8428099888842553,,2022,bat,1B
sa3006935,Kaleo Johnson,1B/3B,0.25,0.819830019469373,,2022,bat,1B/3B
28312,Coby Mayo,1B,0.25,0.6123500258196145,BAL,2022,bat,1B
sa3005529,Randy Florentino,C,0.25,0.44218999915756285,,2022,bat,C
sa1169881,Zac Ching,2B/SS,0.25,0.6170099265407771,,2022,bat,2B/SS
sa876111,Garrett Wolforth,C/1B,0.25,0.5716399814933538,,2022,bat,C/1B
sa3008007,Onix Vega,C,0.25,0.4800299832480959,NYM,2022,bat,C
9957,Steve Pearce,1B/OF,0.25,0.836599984485656,,2022,bat,1B/OF
sa597740,Herlis Rodriguez,OF,0.25,0.6086700317449866,,2022,bat,OF
sa3009279,Miguel Palma,C,0.25,0.4280299864825793,NYY,2022,bat,C
22557,Michael Siani,OF,0.25,0.6722799415700138,LAD,2022,bat,OF
sa872783,Cristopher Cespedes,OF,0.25,0.7533600389491766,,2022,bat,OF
sa3017048,Michael Sandle,OF,0.25,0.5920499662403017,,2022,bat,OF
sa915575,Devin Hairston,2B/SS,0.25,0.5490399597678333,,2022,bat,2B/SS
27899,Colt Keith,2B,0.25,0.5586400427389889,DET,2022,bat,2B
sa3005603,Alberto Rodriguez,OF,0.25,0.6633400083985179,KCR,2022,bat,OF
sa3005488,Keyber Rodriguez,3B/SS,0.25,0.5039299593307077,TEX,2022,bat,3B/SS
6876,Mark Trumbo,1B/DH/OF,0.25,0.8963800095720216,,2022,bat,1B/DH/OF
13325,Deven Marrero,3B,0.25,0.710890026576817,,2022,bat,3B
sa3003274,Luis Mieses,OF,0.25,0.7346299861557781,,2022,bat,OF
sa3010590,Bryant Packard,OF,0.25,0.7153299830621108,,2022,bat,OF
sa3010591,Hunter Hearn,OF,0.25,0.7323400360532104,,2022,bat,OF
sa3011327,Dustin Skelton,C,0.25,0.46752999378368254,,2022,bat,C
23772,Wilyer Abreu,OF,0.25,0.7027699652826411,BOS,2022,bat,OF
27931,Petey Halpin,OF,0.25,0.5500200195237994,CLE,2022,bat,OF
sa1170451,Bryce Ball,1B,0.25,0.8041300045559181,,2022,bat,1B
sa3010849,Ryan Reynolds,1B/3B,0.25,0.5980900273658334,,2022,bat,1B/3B
sa3005080,Luis Santos,2B/SS,0.25,0.5288299660896881,,2022,bat,2B/SS
sa3017044,Alex Binelas,1B/3B,0.25,0.6548999977763741,PHI,2022,bat,1B/3B
sa3004813,Logan Warmoth,SS/OF,0.25,0.7152099550236015,,2022,bat,SS/OF
sa919893,Jose Mena,C,0.25,0.4323800444370135,,2022,bat,C
3708,Rajai Davis,OF,0.25,0.7573800288140772,,2022,bat,OF
sa3003331,Ghordy Santos,2B/SS,0.25,0.4975899959448724,,2022,bat,2B/SS
sa917022,Rubendy Jaquez,2B/3B,0.25,0.5994799557141959,,2022,bat,2B/3B
5631,Matt Kemp,OF,0.25,0.8986200280254707,,2022,bat,OF
sa3010030,Julian Escobedo,OF,0.25,0.5551600290229542,,2022,bat,OF
15048,Johnny Field,OF,0.25,0.7871600007638333,,2022,bat,OF
sa918728,Jake Ring,OF,0.25,0.726329985866323,BAL,2022,bat,OF
10542,Derek Dietrich,2B/OF,0.25,0.8441900106379762,,2022,bat,2B/OF
sa3010273,Wil Dalton,OF,0.25,0.6339799518231303,,2022,bat,OF
sa3015685,Daury Arias,OF,0.25,0.556719979958143,,2022,bat,OF
17171,Yasmany Tomás,OF,0.25,0.8897200140636414,,2022,bat,OF
sa829257,Tate Blackman,2B,0.25,0.5829299797769635,,2022,bat,2B
sa3004696,Kyle McPherson,2B,0.25,0.574079980305396,,2022,bat,2B
sa829240,Jeremy Rivera,SS,0.25,0.6996600553859025,,2022,bat,SS
sa872540,Gleyvin Pineda,2B/3B/SS,0.25,0.5708600373007356,,2022,bat,2B/3B/SS
sa736917,Victor Acosta,3B/OF,0.25,0.716150038014166,,2022,bat,3B/OF
sa3015606,Jorge Puerta,C/1B/OF,0.25,0.46002002416644244,,2022,bat,C/1B/OF
sa873696,Jarett Rindfleisch,C,0.25,0.7807400173973292,,2022,bat,C
4054,Emilio Bonifácio,2B/OF,0.25,0.7748400290496648,,2022,bat,2B/OF
sa3011264,Drew Campbell,OF,0.25,0.7771099906880407,,2022,bat,OF
sa3010045,Andrew Pratt,C,0.25,0.48734000879339867,WSN,2022,bat,C
sa3005484,Roberto Chirinos,2B/SS,0.25,0.48681997924577436,,2022,bat,2B/SS
2578,Peter Bourjos,OF,0.25,0.7482699944172053,,2022,bat,OF
sa3003364,Edwin Mateo,OF,0.25,0.5719199888641014,,2022,bat,OF
sa3008889,Alexander Mojica,1B/3B,0.25,0.6242100013187154,,2022,bat,1B/3B
sa3006428,Ramses Malave,C/1B,0.25,0.4728699604514986,,2022,bat,C/1B
sa874213,Colby Bortles,3B,0.25,0.5603499915916471,DET,2022,bat,3B
sa3014420,Trei Cruz,SS,0.25,0.4711499641183763,DET,2022,bat,SS
sa828321,Telmito Agustin,OF,0.25,0.7305799975758418,,2022,bat,OF
sa3004148,Jordy Barley,SS,0.25,0.56398993791081,,2022,bat,SS
13595,Humberto Arteaga,SS,0.25,0.5715399889741093,,2022,bat,SS
sa930082,Victor De Hoyos,C,0.25,0.4950500264763832,,2022,bat,C
25479,Brenton Doyle,OF,0.25,0.9070900182705371,COL,2022,bat,OF
sa3011263,Jake Guenther,1B/OF,0.25,0.6751800091238692,,2022,bat,1B/OF
8252,Hunter Pence,OF,0.23999999463558197,0.8449700263794511,,2022,bat,OF
sa3015090,Zac Cook,OF,0.25,0.7425000114133581,,2022,bat,OF
4146,Gorkys Hernández,OF,0.25,0.7307699726894498,,2022,bat,OF
16839,Braxton Lee,OF,0.25,0.7287199995014816,,2022,bat,OF
sa657935,Joe DeCarlo,3B,0.25,0.7801900458056479,,2022,bat,3B
sa872538,Chris Torres,SS,0.25,0.5170500086387619,,2022,bat,SS
sa3006867,Kendall Simmons,2B/3B,0.25,0.6296700423350557,,2022,bat,2B/3B
22566,Tirso Ornelas,OF,0.25,0.6634600336896255,SDP,2022,bat,OF
27577,Casey Schmitt,2B/3B,0.25,0.5651899481890722,SFG,2022,bat,2B/3B
3312,Martín Prado,3B,0.25,0.7584299805108458,,2022,bat,3B
23788,Jordyn Adams,OF,0.25,0.57405998846516,MIL,2022,bat,OF
sa3006622,Eduardo Valencia,C/1B,0.25,0.4082299776840954,DET,2022,bat,C/1B
15830,Johnny Davis,OF,0.25,0.6510899971239269,,2022,bat,OF
27770,Zac Veen,OF,0.25,0.8841900418978182,COL,2022,bat,OF
sa3008183,Jimmy Herron,OF,0.25,0.8739400124177337,,2022,bat,OF
sa918622,Brandon Montgomery,2B/3B,0.25,0.5797199896071105,,2022,bat,2B/3B
7619,Mark Reynolds,1B/3B,0.25,0.8466400174656882,,2022,bat,1B/3B
sa3008775,Yohander Martinez,2B/3B,0.25,0.5077800199156627,,2022,bat,2B/3B
sa3008279,Caleb Knight,C,0.25,0.43006004758644845,,2022,bat,C
27883,Thomas Saggese,2B/SS,0.25,0.5511899676173924,STL,2022,bat,2B/SS
sa872875,Jose Colina,C,0.25,0.41336001229938113,,2022,bat,C
sa3009866,Evan Edwards,1B,0.25,0.7146899942541494,,2022,bat,1B
sa3006424,Rodolfo Bone,C,0.25,0.41881992898415765,,2022,bat,C
sa1053075,Marty Bechina,OF,0.25,0.6529099624371156,,2022,bat,OF
sa3014936,Jared McDonald,C,0.25,0.3726900637149811,,2022,bat,C
sa3002862,Ismael Alcantara,OF,0.25,0.720050034392625,,2022,bat,OF
sa3008341,Edmond Americaan,OF,0.25,0.5806600092444567,,2022,bat,OF
sa875782,Scott Burcham,2B/3B/SS,0.25,0.566350037464872,,2022,bat,2B/3B/SS
sa3002696,Alexander Hernandez,3B/SS,0.25,0.5833999891066923,,2022,bat,3B/SS
19553,Símon Muzziotti,OF,0.25,0.7155700041912495,,2022,bat,OF
sa3008878,Maikol Escotto,2B/SS,0.25,0.5300799946067855,,2022,bat,2B/SS
sa3008944,Carlos Mendoza,2B/OF,0.25,0.5188900051638483,TOR,2022,bat,2B/OF
25855,Matt Gorski,1B/OF,0.25,0.612810011964757,LAD,2022,bat,1B/OF
sa918978,Nick Yarnall,1B,0.25,0.7904100144514815,,2022,bat,1B
sa3004727,Tyler Esplin,OF,0.25,0.5882199527928605,,2022,bat,OF
sa3010177,Alex Erro,C,0.25,0.44999000353273005,,2022,bat,C
sa3017281,Drew Swift,SS,0.25,0.4212100185919552,OAK,2022,bat,SS
sa526453,Jonathan Jones,OF,0.25,0.569209969509393,,2022,bat,OF
sa918086,Luis Curbelo,3B,0.25,0.5807599956868215,,2022,bat,3B
sa3010710,Andrés Alvarez,2B/3B/SS,0.25,0.6031199919292703,,2022,bat,2B/3B/SS
sa3007288,Raynel Delgado,2B/3B,0.25,0.5270099900895728,TBR,2022,bat,2B/3B
sa875259,Luke Wakamatsu,SS,0.25,0.5083500482141972,,2022,bat,SS
11863,Yadiel Rivera,3B/SS,0.25,0.6561099951621145,,2022,bat,3B/SS
sa3011204,Will Holland,SS/OF,0.25,0.4927000326802954,,2022,bat,SS/OF
sa3017052,Kobe Kato,2B,0.25,0.5154299717163666,,2022,bat,2B
sa3007077,Rusber Estrada,C,0.25,0.4539000089862383,,2022,bat,C
sa3005532,Edgardo Rodriguez,C,0.25,0.4321899613831191,,2022,bat,C
sa875840,Jordan Devencenzi,C,0.25,0.4135599619243293,,2022,bat,C
sa3006919,Nick Ames,1B,0.25,0.7942500031087546,,2022,bat,1B
sa3006880,Gabe Snyder,1B,0.25,0.783820028277114,,2022,bat,1B
sa3004260,Trevor Craport,3B/OF,0.25,0.698810018110089,BAL,2022,bat,3B/OF
sa3014821,Zach Britton,C/OF,0.25,0.43654003324918444,,2022,bat,C/OF
sa873330,Andres Guerra,C,0.25,0.4235999976051971,,2022,bat,C
sa3015697,Cristian Santana,3B/SS,0.25,0.49272998608648777,DET,2022,bat,3B/SS
sa969091,Lazaro Armenteros,OF,0.25,0.6381399367237462,,2022,bat,OF
13658,Terrance Gore,DH/OF,0.25,0.6526900104712694,NYM,2022,bat,DH/OF
sa3004882,Bryant Quijada,C/1B,0.25,0.5775900021661071,,2022,bat,C/1B
sa829481,Tyler Hill,OF,0.25,0.856390004325658,,2022,bat,OF
23790,Will Banfield,C,0.25,0.45250997166149315,CIN,2022,bat,C
sa827140,Kyle Overstreet,C/1B,0.25,0.7425600671209394,,2022,bat,C/1B
sa3014880,Ty Duvall,C,0.25,0.33732000298332426,,2022,bat,C
sa918278,Brady Whalen,1B,0.25,0.7714300214080139,,2022,bat,1B
sa708444,Galli Cribbs Jr.,SS,0.25,0.48356994893401856,,2022,bat,SS
sa3015017,Jake MacKenzie,2B,0.25,0.5435300048440694,,2022,bat,2B
sa915797,Zach Rutherford,3B/SS,0.25,0.5432199745438991,,2022,bat,3B/SS
sa507199,Diego Goris,3B/SS,0.25,0.5728099955711513,,2022,bat,3B/SS
27493,Rece Hinds,OF,0.25,0.6657399511896073,CIN,2022,bat,OF
sa3004252,Kevin Santa,2B/SS,0.25,0.5430200322531163,,2022,bat,2B/SS
17588,Blake Trahan,2B/SS,0.25,0.6291000135941429,CIN,2022,bat,2B/SS
9308,Josh Phegley,C,0.25,0.846999979787506,,2022,bat,C
sa3006713,Cole Daily,2B/3B,0.25,0.7522800118662416,,2022,bat,2B/3B
sa3002624,Jesus Feliz,3B/SS,0.25,0.5392100335564464,,2022,bat,3B/SS
29606,Justyn-Henry Malloy,DH/OF,0.25,0.5983999877003952,TBR,2022,bat,DH/OF
18497,ByungHo Park,1B/DH,0.25,0.7891799903940409,,2022,bat,1B/DH
sa3004078,Pat McInerney,1B,0.25,0.7715299741132184,,2022,bat,1B
sa3006854,William Hancock,C,0.25,0.4267799906432628,,2022,bat,C
sa875630,Jerry Downs,1B,0.25,0.8124800496036186,BOS,2022,bat,1B
sa3003195,Freudis Nova,SS,0.25,0.454100008914247,,2022,bat,SS
sa969045,Kevin Maitan,3B,0.25,0.5608500242000445,,2022,bat,3B
28163,Junior Caminero,3B,0.25,0.5298500148928725,TBR,2022,bat,3B
sa828363,Keinner Piña,C,0.25,0.4032199632842093,,2022,bat,C
sa3008297,Jaylen Palmer,3B/OF,0.25,0.5323799799662082,CHC,2022,bat,3B/OF
25980,Matthew Lugo,OF,0.25,0.5123399404808878,LAA,2022,bat,OF
sa3005601,Jose Guzman,2B/SS,0.25,0.47103001833893343,,2022,bat,2B/SS
27599,Jacob Hurtubise,OF,0.25,0.7228199802571907,MIL,2022,bat,OF
28080,Jasson Domínguez,OF,0.25,0.5358099785400554,NYY,2022,bat,OF
9253,Keon Broxton,OF,0.25,0.6213700143154712,,2022,bat,OF
sa872765,Omar Meregildo,1B/3B,0.25,0.794100045331288,,2022,bat,1B/3B
sa3007882,Alvaro Rubalcaba,2B/SS,0.25,0.4676999965449795,,2022,bat,2B/SS
sa3008901,Dariel Lopez,3B/SS,0.25,0.5779299770016221,,2022,bat,3B/SS
sa3014935,Zach Daniels,OF,0.25,0.5187000164063648,,2022,bat,OF
sa829715,Kirvin Moesquit,2B/OF,0.25,0.5275700152153148,BAL,2022,bat,2B/OF
sa3007871,Jake Slaughter,2B/3B,0.25,0.5567600334063172,,2022,bat,2B/3B
sa3011259,Logan Wyatt,1B,0.25,0.6922900230158119,,2022,bat,1B
sa3010018,Aaron Bracho,1B/2B,0.25,0.5071099426830188,,2022,bat,1B/2B
sa621648,Richy Pedroza,SS,0.25,0.45199000712018456,,2022,bat,SS
sa3011737,Jordan Brewer,1B/OF,0.25,0.5222300048917531,,2022,bat,1B/OF
sa872535,Mariel Bautista,OF,0.25,0.6947999617550521,,2022,bat,OF
sa3002863,Wladimir Chalo,C,0.25,0.4098700198694132,,2022,bat,C
sa872569,Juan Uriarte,C,0.25,0.3888800407759845,,2022,bat,C
sa3010708,Sal Gozzo,2B/SS,0.25,0.5535899791168047,,2022,bat,2B/SS
27784,Tyler Gentry,OF,0.25,0.6893599968170746,KCR,2022,bat,OF
sa3003282,Abiezel Ramirez,2B/SS,0.25,0.48625992829911413,,2022,bat,2B/SS
sa3016805,Tanner Murray,2B/3B,0.25,0.4765500183915719,CHW,2022,bat,2B/3B
22542,Lawrence Butler,OF,0.25,0.6902700038161128,OAK,2022,bat,OF
sa3009570,Yorkislandy Alvarez,2B/3B,0.25,0.5074400437995791,,2022,bat,2B/3B
sa3003218,Daniel Ozoria,2B/SS,0.25,0.4422400245908647,MIN,2022,bat,2B/SS
25999,Victor Mesa Jr.,OF,0.25,0.5769400039687751,TBR,2022,bat,OF
sa830120,Kevin Josephina,2B/3B,0.25,0.5338600290706381,,2022,bat,2B/3B
sa3017212,Kevin Kendall,2B/SS,0.25,0.4474499960197135,,2022,bat,2B/SS
sa875212,Seamus Curran,1B,0.25,0.7602800058433785,,2022,bat,1B
sa3010387,Grayson Byrd,1B,0.25,0.7542800036957488,,2022,bat,1B
sa3003222,Aldenis Sanchez,OF,0.25,0.6314999429509044,,2022,bat,OF
sa3007639,Nick Schnell,OF,0.25,0.489599994663149,SDP,2022,bat,OF
sa3002874,Jordan Rodgers,2B/3B,0.25,0.5595799444941804,,2022,bat,2B/3B
sa3003377,José Alvarez,C/OF,0.25,0.36749001841526474,,2022,bat,C/OF
sa3014938,Adam Kerner,C,0.25,0.36424000170081855,,2022,bat,C
sa3014494,Aaron Sabato,1B,0.25,0.7168699894100427,MIN,2022,bat,1B
sa829560,Christian Williams,1B,0.25,0.757779948785901,,2022,bat,1B
sa3002634,Wilmer Perez,C,0.25,0.4304899597307667,,2022,bat,C
sa3004137,Mitch Reeves,1B,0.25,0.7372700278647245,,2022,bat,1B
sa916997,Harvin Mendoza,1B,0.25,0.7312600512290373,,2022,bat,1B
sa3010602,Hunter Markwardt,OF,0.25,0.5700899962801487,,2022,bat,OF
sa3008031,Grant Little,OF,0.25,0.6132299839751795,SDP,2022,bat,OF
13176,Blake Swihart,C/OF,0.25,0.6890299410559236,,2022,bat,C/OF
sa3010691,Andrew Martinez,2B/3B,0.25,0.523330001719296,,2022,bat,2B/3B
sa3004751,Logan Baldwin,OF,0.25,0.5485299937427044,,2022,bat,OF
sa3003379,Josue Huma,2B/SS,0.25,0.5339799470268188,,2022,bat,2B/SS
29547,Ryan Bliss,2B,0.25,0.5039099662797525,SEA,2022,bat,2B
sa3008030,AJ Graffanino,2B/SS,0.25,0.5146000004839153,,2022,bat,2B/SS
sa3004979,Eddy Diaz,2B/SS,0.25,0.6961099691689013,,2022,bat,2B/SS
sa3004930,Austen Wade,OF,0.25,0.6490800122264773,,2022,bat,OF
sa828293,Yeyson Yrizarri,SS,0.25,0.5442799531389027,,2022,bat,SS
sa826672,Anthony Jimenez,OF,0.25,0.6770599579671397,,2022,bat,OF
sa550275,Jorge Flores,SS,0.25,0.4490000129211693,,2022,bat,SS
sa918102,Alan Marrero,C,0.25,0.3911399654345586,,2022,bat,C
sa3016869,Tyler McDonough,OF,0.25,0.5686799857299776,BOS,2022,bat,OF
sa913277,Jack Sundberg,OF,0.25,0.6374499837635084,,2022,bat,OF
12225,Scott Schebler,OF,0.23999999463558197,0.8685400055255741,,2022,bat,OF
sa3005519,Joshwan Wright,2B/3B,0.25,0.45195002085529273,,2022,bat,2B/3B
sa3011501,T.J. Schofield-Sam,1B/3B,0.25,0.4667600563727318,,2022,bat,1B/3B
sa3005181,D.J. Stewart,1B/3B,0.25,0.7834200035780668,PHI,2022,bat,1B/3B
sa872495,Jose Rivas,C,0.25,0.3870800567325204,,2022,bat,C
sa3008836,Brainer Bonaci,2B/SS,0.25,0.5036400116281583,,2022,bat,2B/SS
9682,Adam Rosales,2B/3B/SS,0.25,0.6854300370672717,,2022,bat,2B/3B/SS
sa3016859,James Parker,3B/SS,0.25,0.46739004754927005,,2022,bat,3B/SS
sa736621,Johan Cruz,3B/SS,0.25,0.5223199755884707,,2022,bat,3B/SS
sa3010014,Ivan Gonzalez,C,0.25,0.37681997857289384,,2022,bat,C
sa3010270,Kyle Wilkie,C,0.25,0.38307003087829794,,2022,bat,C
sa3009870,Matthew Acosta,OF,0.25,0.6121400209609419,,2022,bat,OF
sa918416,Skyler Weber,C,0.25,0.3793600559234619,,2022,bat,C
sa1170006,Joe Vranesh,OF,0.25,0.6647699502296746,,2022,bat,OF
sa3003347,Sebastian Espino,SS/OF,0.25,0.6806500074919312,,2022,bat,SS/OF
sa3005478,Carlos Rodríguez,OF,0.25,0.6692300417460499,SDP,2022,bat,OF
sa3015542,Adrian Pinto,2B,0.25,0.5272600452415644,TOR,2022,bat,2B
sa3011306,Jake Washer,C,0.25,0.40103999436832954,,2022,bat,C
sa3005904,Ricardo Toro,C/1B,0.25,0.3596000027377158,,2022,bat,C/1B
sa917079,Antonio Pinero,SS,0.25,0.4799099923111499,,2022,bat,SS
sa3010390,Nick Quintana,3B,0.25,0.6011700454866512,,2022,bat,3B
sa3015107,TT Bowens,1B,0.25,0.7552899549715222,BAL,2022,bat,1B
sa3004167,Angel Lopez,C,0.25,0.3443399723386392,,2022,bat,C
sa918522,Bruce Yari,1B,0.25,0.7131300213513895,,2022,bat,1B
sa3015610,Onil Perez,C,0.25,0.3512300288188271,SFG,2022,bat,C
sa3017343,Jared Carr,OF,0.25,0.5627399553079158,,2022,bat,OF
sa3003233,Jhon Torres,OF,0.25,0.6507200494175776,STL,2022,bat,OF
sa918374,Brayan Morales,OF,0.25,0.5232800011290237,,2022,bat,OF
sa3005486,Miguel Hiraldo,2B,0.25,0.5388000136241315,,2022,bat,2B
sa3011310,Christopher Burgess,C,0.25,0.3837399569107219,,2022,bat,C
sa3010154,Darryl Collins,OF,0.25,0.6498800166416911,,2022,bat,OF
sa3005759,Diego Hernandez,OF,0.25,0.5315600018948317,,2022,bat,OF
sa3004383,Ricardo Méndez,OF,0.25,0.6756099630380049,,2022,bat,OF
sa3005233,LJ Hatch,2B/SS,0.25,0.6763699630275367,,2022,bat,2B/SS
28824,Samuel Basallo,C,0.25,0.4093599618645385,BAL,2022,bat,C
sa876134,Ben Pelletier,OF,0.25,0.6747400099178776,,2022,bat,OF
5667,Steven Souza Jr.,OF,1.6200000047683716,5.740699635632336,,2022,bat,OF
sa923239,Reinaldo Ilarraza,2B/OF,0.25,0.4720199837349355,,2022,bat,2B/OF
sa3005063,Spencer Griffin,OF,0.25,0.5181699635926633,,2022,bat,OF
sa1169818,Cody Milligan,2B/OF,0.25,0.5228699818719179,,2022,bat,2B/OF
sa828425,Ramon Marcelino,OF,0.25,0.68766002622433,,2022,bat,OF
sa3003956,Garrison Schwartz,OF,0.25,0.6405400010989979,,2022,bat,OF
sa3007299,Yorlis Rodriguez,3B,0.25,0.4989999917335808,,2022,bat,3B
sa877519,Adrian Rondon,3B/SS,0.25,0.5158699935534968,,2022,bat,3B/SS
sa3007877,Jack Herman,OF,0.25,0.7103399585001172,,2022,bat,OF
sa3007023,Alex Hall,C,0.25,0.40320998420938853,,2022,bat,C
sa3004150,Victor Ruiz,C/3B,0.25,0.521449975343421,,2022,bat,C/3B
sa3007100,Grant Fennell,1B/OF,0.25,0.647180003952235,,2022,bat,1B/OF
26244,Kenedy Corona,OF,0.25,0.4921500111231579,NYY,2022,bat,OF
sa3010702,Cade Bunnell,1B/3B,0.25,0.5452099974732846,,2022,bat,1B/3B
sa3005152,Jan Mercado,C,0.25,0.4047699973220006,,2022,bat,C
sa3003350,Kenneth Betancourt,2B/3B,0.25,0.4402600306551903,,2022,bat,2B/3B
sa3004932,Lamar Sparks,OF,0.25,0.6423399675171821,,2022,bat,OF
sa3008845,Jose Ramos,OF,0.25,0.6592500162310898,NYM,2022,bat,OF
sa3010162,Joshua Mears,OF,0.25,0.6370799861848353,SDP,2022,bat,OF
sa3007016,Michael Berglund,C,0.25,0.2884400570997968,,2022,bat,C
sa3010679,Herbert Iser,C,0.25,0.4187600047793239,,2022,bat,C
sa3017120,Bennett Hostetler,C/3B,0.25,0.5526200508465989,MIA,2022,bat,C/3B
sa3005744,Junior Perez,OF,0.25,0.4438699760241434,OAK,2022,bat,OF
sa830208,Yeltsin Gudino,2B/SS,0.25,0.4988899918738751,TOR,2022,bat,2B/SS
sa3006661,Cade Harris,OF,0.25,0.6326800404582172,,2022,bat,OF
sa3010036,J.T. Arruda,2B,0.25,0.5154199888696894,SEA,2022,bat,2B
sa3007020,Kingston Liniak,OF,0.25,0.5018199589569121,,2022,bat,OF
sa917292,Ronaldo Urdaneta,2B,0.25,0.48194999790284776,,2022,bat,2B
sa3015071,Tommy Jew,OF,0.25,0.5099699998740106,,2022,bat,OF
sa3014888,Dylan Harris,OF,0.25,0.619759988458827,,2022,bat,OF
sa872550,Frederick Cuevas,OF,0.25,0.6391399876913055,,2022,bat,OF
sa3003330,Deury Carrasco,SS,0.25,0.39970994906034324,,2022,bat,SS
sa3014817,Justin Lavey,2B,0.25,0.4430300270905717,,2022,bat,2B
28820,Moisés Ballesteros,DH,0.25,0.368820004898589,CHC,2022,bat,DH
sa3010685,Mason Janvrin,OF,0.25,0.5099800341296941,BAL,2022,bat,OF
sa918576,Jonathan Laureano,C/3B,0.25,0.5107500056736171,,2022,bat,C/3B
27543,Duke Ellis,OF,0.25,0.5011899495613761,NYY,2022,bat,OF
sa875352,Brantley Bell,2B/3B,0.25,0.7143600163049996,,2022,bat,2B/3B
sa3004776,Quentin Holmes,OF,0.25,0.4720100021455436,,2022,bat,OF
sa918552,Reynaldo Rivera,1B,0.25,0.7283800357487052,,2022,bat,1B
sa1170874,Dylan Shockley,C,0.25,0.3944200210273266,,2022,bat,C
sa3009874,Trevor Schwecke,OF,0.25,0.519059938006103,,2022,bat,OF
sa3007012,John Aiello,1B/3B,0.25,0.5376599612878634,,2022,bat,1B/3B
sa3004972,Imanol Vargas,1B,0.25,0.7239699954167009,,2022,bat,1B
29592,Connor Norby,3B,0.25,0.49196002921089527,MIA,2022,bat,3B
sa3010902,Javier Valdes,C,0.25,0.3893299921182915,,2022,bat,C
sa3003340,Jean Carmona,2B/3B/SS,0.25,0.5047499490436166,,2022,bat,2B/3B/SS
sa918209,Chad McClanahan,1B/3B,0.25,0.5003700707806273,,2022,bat,1B/3B
sa3007022,Jarryd Dale,2B/SS,0.25,0.47587998958770195,,2022,bat,2B/SS
sa3008868,Brayan Buelvas,OF,0.25,0.5800599639769642,OAK,2022,bat,OF
sa3006933,Ryan Anderson,OF,0.25,0.6179600404342636,TEX,2022,bat,OF
sa913370,Dallas Carroll,3B,0.25,0.49509999160654833,,2022,bat,3B
sa3010597,Victor Torres,C,0.25,0.3581099976669065,,2022,bat,C
sa875404,Reggie Pruitt,OF,0.25,0.6308000219985841,,2022,bat,OF
sa3005781,Alexander Ovalles,1B/OF,0.25,0.6376100435620174,,2022,bat,1B/OF
sa3017478,Jackson Glenn,2B/3B,0.25,0.5118200436467305,,2022,bat,2B/3B
sa3005712,Dalvy Rosario,OF,0.25,0.45564002054743463,,2022,bat,OF
sa3005940,Flemin Bautista,2B,0.25,0.5102899874327703,,2022,bat,2B
sa3005624,Ronaiker Palma,C,0.25,0.5283200048608704,,2022,bat,C
sa3009886,Zach Ashford,OF,0.25,0.5865300366887822,,2022,bat,OF
sa3016959,Caleb Roberts,C/OF,0.25,0.3744500169996171,ARI,2022,bat,C/OF
sa3004061,Connor Hoover,2B,0.25,0.6337200398556887,,2022,bat,2B
sa3014885,William Simoneit,C/1B,0.25,0.6300100083462894,TOR,2022,bat,C/1B
sa827195,Gunnar Heidt,2B/3B,0.25,0.7003800333244726,,2022,bat,2B/3B
sa1169940,Kennie Taylor,OF,0.25,0.5918700095498934,MIN,2022,bat,OF
sa829182,Alexis Pantoja,2B/3B/SS,0.25,0.6813799728639423,,2022,bat,2B/3B/SS
sa3009896,Trent Tingelstad,OF,0.25,0.5444599538575857,,2022,bat,OF
sa3015834,Pedro Ramirez,2B/3B,0.25,0.43141994471661727,CHC,2022,bat,2B/3B
sa917118,Wilmer Reyes,2B/SS,0.25,0.6855399725027383,,2022,bat,2B/SS
sa3002708,Jose Tortolero,2B/SS,0.25,0.4837900189217179,,2022,bat,2B/SS
sa3005522,Derwin Barreto,2B/SS,0.25,0.4576300204498692,,2022,bat,2B/SS
sa3016999,Thomas Francisco,1B,0.25,0.706169978599064,,2022,bat,1B
sa917127,Jonathan Guzmán,SS,0.25,0.45673994272947316,,2022,bat,SS
sa918343,Lyle Lin,C,0.25,0.3623400063021108,,2022,bat,C
sa829813,Carl Chester,OF,0.25,0.6359500391408801,,2022,bat,OF
29634,Will Wagner,2B/3B,0.25,0.45534995903726666,SDP,2022,bat,2B/3B
sa3008420,Alan Mejia,OF,0.25,0.46836000455077736,,2022,bat,OF
25524,Aaron Schunk,2B/3B/SS,0.25,0.6688700152095407,ATL,2022,bat,2B/3B/SS
sa3015097,Bradlee Beesley,OF,0.25,0.6491700211074204,,2022,bat,OF
sa3010852,Jeremy Ydens,OF,0.25,0.6675900436006484,,2022,bat,OF
sa917054,Carlos Reina,C,0.25,0.3414299629745073,,2022,bat,C
sa3010886,Daniel Mateo,OF,0.25,0.47609998022671784,,2022,bat,OF
sa877365,Ricky Aracena,2B/SS,0.25,0.4809299698099493,,2022,bat,2B/SS
sa3009284,Esmil Torres,2B/SS,0.25,0.3385400648461654,,2022,bat,2B/SS
sa875776,Josh Rolette,C,0.25,0.6811700441641731,,2022,bat,C
14938,Jack Reinheimer,3B/SS/OF,0.25,0.6612000104505569,,2022,bat,3B/SS/OF
sa3005128,LG Castillo,OF,0.25,0.6398199971299616,,2022,bat,OF
sa875805,Devin Davis,1B,0.25,0.7045899702701716,,2022,bat,1B
sa1115765,Eric Rivera,OF,0.25,0.6060500075807794,,2022,bat,OF
sa3010019,Javeyan Williams,OF,0.25,0.49195995838381334,,2022,bat,OF
sa852308,Norberto Obeso,OF,0.25,0.598170012119226,,2022,bat,OF
sa3015672,Beycker Barroso,C,0.25,0.3118399772560223,TEX,2022,bat,C
sa3010898,Junior Martina,3B,0.25,0.5068000014056451,,2022,bat,3B
sa3007049,Jawuan Harris,OF,0.25,0.47993003444280463,,2022,bat,OF
sa3014679,Kevin Made,SS,0.25,0.4270700057037174,WSN,2022,bat,SS
sa917004,Gresuan Silverio,C,0.25,0.3409599817125126,,2022,bat,C
sa3007975,Ezequiel Pagan,OF,0.25,0.4908099667867645,,2022,bat,OF
sa3005750,Herard Gonzalez,2B,0.25,0.4818499865476041,,2022,bat,2B
sa3014884,Landon Stephens,OF,0.25,0.6679000132950021,,2022,bat,OF
23395,Eric Wagaman,1B,0.25,0.6468200601404532,MIN,2022,bat,1B
sa872756,Carlos Machado,OF,0.25,0.6163700033910572,,2022,bat,OF
sa872509,Marcos Rivera,3B/SS,0.25,0.5013399951159954,,2022,bat,3B/SS
sa3007291,Abdiel Layer,3B/SS,0.25,0.41435003229416895,,2022,bat,3B/SS
sa503642,Beau Amaral,OF,0.25,0.6077399396104737,,2022,bat,OF
sa3004294,Will Robertson,OF,0.25,0.6136099689640103,BAL,2022,bat,OF
27497,Tyler Callihan,2B/OF,0.25,0.5564699784386903,PIT,2022,bat,2B/OF
sa3017051,Ethan Murray,2B/SS,0.25,0.4309000041801482,MIL,2022,bat,2B/SS
sa3010853,Branden Fryman,2B/SS,0.25,0.3850800097105093,,2022,bat,2B/SS
sa917329,Ronny Brito,SS,0.25,0.49208000523503864,,2022,bat,SS
sa3014524,Casey Martin,SS,0.25,0.43624997379956765,MIL,2022,bat,SS
sa3003291,Francisco Acuna,SS,0.25,0.4879699637182056,SDP,2022,bat,SS
sa3003238,Yenci Pena,3B/SS,0.25,0.4564799789106473,,2022,bat,3B/SS
sa3009892,Nic Ready,3B,0.25,0.5151399997994303,,2022,bat,3B
sa3010011,Brandon White,OF,0.25,0.47100996624212715,,2022,bat,OF
sa829275,Isaias Quiroz,C,0.25,0.3329399802256375,,2022,bat,C
sa3008144,Xavier Valentin,C,0.25,0.32579002594575274,,2022,bat,C
sa3007055,Reece Hampton,OF,0.25,0.6068400533869861,,2022,bat,OF
sa924858,Braulio Vasquez,2B/3B,0.25,0.5158099862514063,,2022,bat,2B/3B
sa917167,Ruben Santana,2B,0.25,0.455919942446053,,2022,bat,2B
sa3002846,Luis Yanel Diaz,3B,0.25,0.501090031908825,,2022,bat,3B
sa3010859,Kevin Strohschein,1B/OF,0.25,0.7237599713727833,,2022,bat,1B/OF
22766,Steward Berroa,OF,0.25,0.635459979204461,MIL,2022,bat,OF
sa3015168,Deyvison De Los Santos,1B/3B,0.25,0.4988600224256515,MIA,2022,bat,1B/3B
sa3005716,Ynmanol Mariñez,3B/SS,0.25,0.43600001279264694,,2022,bat,3B/SS
sa3003319,Angel Aponte,OF,0.25,0.5906700459308922,,2022,bat,OF
sa3015705,Victor Acosta,2B/SS,0.25,0.3942699818871916,CIN,2022,bat,2B/SS
sa917119,Shervyen Newton,SS,0.25,0.37912995717488224,,2022,bat,SS
sa3007821,Liam Sabino,2B/3B,0.25,0.3931900257477537,SEA,2022,bat,2B/3B
sa918408,Todd Lott,1B/OF,0.25,0.6922900604782626,,2022,bat,1B/OF
sa917065,Cristopher Navarro,3B/SS,0.25,0.5596200392348691,,2022,bat,3B/SS
sa3017078,Riley Tirotta,1B/3B,0.25,0.4835100084077566,TOR,2022,bat,1B/3B
sa917068,Daniel Montano,OF,0.25,0.7637399888131768,,2022,bat,OF
sa3002843,Jordan Wren,OF,0.25,0.60279000995215,,2022,bat,OF
sa3014949,Paul Witt,3B,0.25,0.42254000552929927,,2022,bat,3B
sa915595,Rob Henry,OF,0.25,0.5789999526459721,,2022,bat,OF
sa3007743,Grant Lavigne,1B,0.25,0.8241400055121629,,2022,bat,1B
sa3006730,Michael Wielansky,2B/3B,0.25,0.4469299990683793,,2022,bat,2B/3B
25779,Tyler Tolbert,OF,0.25,0.48051003422588107,KCR,2022,bat,OF
sa3016927,Osvaldo Tovalin,1B/3B,0.25,0.4746000399347395,,2022,bat,1B/3B
sa917291,Yeuris Ramirez,3B,0.25,0.44855003904085594,,2022,bat,3B
sa3014530,Jordan Nwogu,OF,0.25,0.6199200118891893,CHC,2022,bat,OF
sa3008590,Nick Decker,OF,0.25,0.6450699918437749,,2022,bat,OF
sa917968,Thomas Jones,OF,0.25,0.6153900320641696,,2022,bat,OF
sa917184,Jose King,2B/SS,0.25,0.44308998025953766,,2022,bat,2B/SS
sa917309,Brandon Leyton,2B/SS,0.25,0.5409000309882684,CIN,2022,bat,2B/SS
sa3006866,Caberea Weaver,OF,0.25,0.46621999563649286,,2022,bat,OF
sa3004969,Je'Von Ward,OF,0.25,0.6166000190889461,TOR,2022,bat,OF
sa3008898,Francisco Fajardo,2B,0.25,0.46958000438753505,,2022,bat,2B
sa919821,Nick Thurman,C,0.25,0.3283500089310109,,2022,bat,C
sa3011267,Jase Bowen,OF,0.25,0.5043900202494114,SDP,2022,bat,OF
sa874235,Blake Tiberi,2B/3B,0.25,0.5646400210214778,,2022,bat,2B/3B
sa3008929,Jorge Burgos,OF,0.25,0.5487000204157084,TOR,2022,bat,OF
sa738988,Anfernee Grier,OF,0.25,0.5962300403974949,,2022,bat,OF
sa3003301,Anyesber Sivira,2B,0.25,0.4266399877611547,,2022,bat,2B
sa502224,Antonio Lamas,2B/SS,0.25,0.4534499705536291,,2022,bat,2B/SS
25979,Nasim Nuñez,SS,0.25,0.4042899873806163,WSN,2022,bat,SS
sa658502,Ryan Ripken,1B,0.25,0.6722500436473637,,2022,bat,1B
sa3008916,Jesus Rodriguez,C/3B,0.25,0.26962998812086886,SFG,2022,bat,C/3B
sa3014836,Elijah Greene,OF,0.25,0.5661500403424725,,2022,bat,OF
sa829468,Tra Holmes,OF,0.25,0.45857995334081336,,2022,bat,OF
sa3002847,Cesar Izturis Jr.,2B/SS,0.25,0.38548003542236975,,2022,bat,2B/SS
sa3007054,Andrew Moritz,OF,0.25,0.6092500440543517,,2022,bat,OF
sa3009341,Roblin Heredia,C,0.25,0.3144500151043758,,2022,bat,C
sa3006676,Samil Polanco,2B/SS,0.25,0.4522400435991586,,2022,bat,2B/SS
sa3007000,Kwan Adkins,OF,0.25,0.5757700230227784,,2022,bat,OF
sa3016803,Spencer Packard,OF,0.25,0.527529982640408,SEA,2022,bat,OF
sa3005546,Roman Ruiz,SS,0.25,0.3875099447323008,,2022,bat,SS
sa1170279,Matt O'Neill,C,0.25,0.27555003785528237,ARI,2022,bat,C
sa3014436,Alerick Soularie,2B/OF,0.25,0.41721000105608247,,2022,bat,2B/OF
sa857718,Nico Giarratano,SS,0.25,0.37912000692449505,,2022,bat,SS
sa3003178,Reyny Reyes,2B/3B/SS,0.25,0.5322099552024155,,2022,bat,2B/3B/SS
sa3008914,Felix Salguera,C,0.25,0.24905999717302613,,2022,bat,C
sa3004060,Marcus Chiu,1B,0.25,0.6958399539347737,,2022,bat,1B
sa1170615,Max Smith,OF,0.25,0.5864099927712232,,2022,bat,OF
sa3015718,Samuel Zavala,OF,0.25,0.4318299727048724,CHW,2022,bat,OF
sa3010713,Luis Guerrero,2B/OF,0.25,0.5547299784142524,,2022,bat,2B/OF
sa917142,Kelvin Alarcon,2B/3B,0.25,0.40319995903410005,,2022,bat,2B/3B
sa3005500,Fabian Pertuz,2B/SS,0.25,0.4643100256565958,,2022,bat,2B/SS
sa3006621,Bladimir Restituyo,OF,0.25,0.643919983971864,,2022,bat,OF
sa3010596,Corey Joyce,2B/SS,0.25,0.4312600194709375,PIT,2022,bat,2B/SS
sa3015785,Manuel Mejias,C,0.25,0.2735300032771193,,2022,bat,C
sa3003173,Ernesto Martinez Jr.,1B,0.25,0.6990199890919029,NYY,2022,bat,1B
sa3006206,Madison Santos,OF,0.25,0.5485399863915518,NYY,2022,bat,OF
sa3007004,Jeremiah Burks,2B,0.25,0.44247002592310297,,2022,bat,2B
sa917348,Osmy Gregorio,2B/3B/SS,0.25,0.4461599653353913,,2022,bat,2B/3B/SS
sa3005598,Julio Carreras,3B/SS,0.25,0.6258200555574147,,2022,bat,3B/SS
26668,Elly De La Cruz,SS,0.25,0.5389500363729893,CIN,2022,bat,SS
sa3010281,Daniel Millwee,C,0.25,0.28707001896109435,,2022,bat,C
sa3014497,Tyler Keenan,1B/3B,0.25,0.3856900563929229,,2022,bat,1B/3B
sa3017214,Rowdey Jordan,2B/OF,0.25,0.42577995548490427,,2022,bat,2B/OF
sa913367,Gavin Stupienski,C/1B,0.25,0.6654600020498036,,2022,bat,C/1B
26536,Warming Bernabel,1B,0.25,0.6272200405132025,WSN,2022,bat,1B
sa3014695,Alex Ramírez,OF,0.25,0.4367900114506482,,2022,bat,OF
sa3010155,Omar Hernandez,C,0.25,0.33004001691006113,KCR,2022,bat,C
29931,Jacob Young,OF,0.25,0.479050033679232,WSN,2022,bat,OF
sa1169595,Beau Philip,3B/SS,0.25,0.41223002255428576,,2022,bat,3B/SS
sa3006202,Manuel Garcia,C,0.25,0.31898001916706553,,2022,bat,C
29571,Tim Tawa,2B/OF,0.25,0.6035800531506538,ARI,2022,bat,2B/OF
sa1170420,Elvis Peralta,2B/SS,0.25,0.36563995645847164,,2022,bat,2B/SS
sa3010704,Sammy Siani,OF,0.25,0.6023099736310542,SEA,2022,bat,OF
sa1115500,Chase Murray,OF,0.25,0.6237299768719822,PIT,2022,bat,OF
sa3008895,Charlis Aquino,2B/SS,0.25,0.3413500059861689,,2022,bat,2B/SS
sa3008430,Andrew Shaps,P/OF,0.25,0.5414500069571658,,2022,bat,P/OF
sa875030,Jagger Rusconi,2B/OF,0.25,0.4289999977918341,,2022,bat,2B/OF
7349,Sean Kazmar Jr.,SS,0.25,0.7337600073311477,,2022,bat,SS
sa3015706,Angel Genao,SS,0.25,0.3115099605172872,CLE,2022,bat,SS
6848,Eduardo Núñez,3B/SS,0.25,0.7151699854293837,NYM,2022,bat,3B/SS
sa3014833,Matt Chamberlain,OF,0.25,0.5637099760584532,,2022,bat,OF
sa3016094,Lizandro Rodriguez,2B,0.25,0.46637003438081587,,2022,bat,2B
sa3006683,Luke Morgan,OF,0.25,0.5595199584960938,,2022,bat,OF
sa3014947,Elian Miranda,1B,0.25,0.6747900194022803,,2022,bat,1B
sa872729,Dariel Gomez,1B,0.25,0.5949799530673772,,2022,bat,1B
sa3011153,Allan Berríos,C,0.25,0.32838994499761603,,2022,bat,C
sa3004382,José Sánchez,3B/SS,0.25,0.4412799546960741,,2022,bat,3B/SS
sa917277,Cristian Inoa,1B/2B/SS,0.25,0.6218699901364743,,2022,bat,1B/2B/SS
sa3011119,Patrick Merino,OF,0.25,0.5195700373034924,,2022,bat,OF
sa3017080,Cal Conley,2B/SS,0.25,0.40457004287745796,ATL,2022,bat,2B/SS
sa917303,Jonathan Sierra,OF,0.25,0.5728600054280831,,2022,bat,OF
sa3008941,Wilber Sanchez,2B/SS,0.25,0.36777998418547214,CHW,2022,bat,2B/SS
25690,Grant McCray,OF,0.25,0.4262700298801064,SFG,2022,bat,OF
sa915690,Jordan Pearce,1B/3B,0.25,0.6277499569114298,,2022,bat,1B/3B
sa3009872,Quin Cotton,OF,0.25,0.6657699964707718,,2022,bat,OF
sa3007335,Tyler Flores,1B/OF,0.25,0.6411900048842653,,2022,bat,1B/OF
sa185525,Eric Rodriguez,C,0.25,0.26205997456563634,,2022,bat,C
sa3007311,Gage Hughes,3B,0.25,0.45873997553717344,,2022,bat,3B
sa3005730,Yeison Santana,2B/SS,0.25,0.3698100465349852,,2022,bat,2B/SS
sa3005715,Alvaro Gonzalez,2B,0.25,0.3992599885445088,,2022,bat,2B
sa3007050,Mateo Gil,3B/SS,0.25,0.6137199733406306,,2022,bat,3B/SS
sa3005775,Viandel Pena,2B,0.25,0.4495699321851133,WSN,2022,bat,2B
sa3006889,D'Shawn Knowles,OF,0.25,0.4429700729204341,,2022,bat,OF
sa3010025,Joe Naranjo,1B,0.25,0.5886800224659964,,2022,bat,1B
sa396238,Rainel Rosario,OF,0.25,0.5644699675962328,,2022,bat,OF
sa3005745,Carlos Irigoyen,SS,0.25,0.3360600407235323,,2022,bat,SS
sa3011254,Mike Salvatore,2B/SS,0.25,0.2982399811735376,,2022,bat,2B/SS
sa3008771,Cristian Gonzalez,3B/SS,0.25,0.33571005458943537,,2022,bat,3B/SS
sa3008743,Misael Urbina,OF,0.25,0.5219899838324636,,2022,bat,OF
sa3014882,Sahid Valenzuela,2B,0.25,0.34715996454469855,,2022,bat,2B
sa3014540,Ed Howard,2B/SS,0.25,0.38101003491319707,CHC,2022,bat,2B/SS
28806,Jackson Chourio,OF,0.25,0.4730999787570908,MIL,2022,bat,OF
sa3016145,Enderso Lira,C,0.25,0.3032100013457239,,2022,bat,C
sa872525,Ranfy Adon,OF,0.25,0.441429984732531,,2022,bat,OF
sa3004049,Richard Garcia,C,0.25,0.29656995141413056,,2022,bat,C
sa3015808,Frandy Almonte,OF,0.25,0.39057995707262294,,2022,bat,OF
sa3010723,Patrick Romeri,OF,0.25,0.5626800024765544,,2022,bat,OF
sa1170876,Willie Carter,OF,0.25,0.5970999465091154,,2022,bat,OF
sa3014690,Jose Salas,2B/SS,0.25,0.38303000251762565,MIN,2022,bat,2B/SS
sa3005721,Juan Querecuto,SS,0.25,0.35899000472854814,,2022,bat,SS
sa3008744,Gabriel Rodriguez,3B,0.25,0.38093000561930235,,2022,bat,3B
sa3010017,Tyler Osik,1B,0.25,0.6281899483641609,,2022,bat,1B
sa3014840,L.J. Jones,1B/OF,0.25,0.5651699871756135,,2022,bat,1B/OF
sa877018,Shean Michel,OF,0.25,0.5576099713798612,,2022,bat,OF
sa3015720,Yeison Morrobel,OF,0.25,0.39141995392274104,TEX,2022,bat,OF
sa3007008,Tanner Dodson,P,0.25,0.5146999889286233,,2022,bat,P
sa3014473,Jake Vogel,OF,0.25,0.4212400093441829,,2022,bat,OF
sa3016820,Lucas Dunn,3B/OF,0.25,0.40045994552783665,,2022,bat,3B/OF
sa3005479,Cesar Idrogo,OF,0.25,0.5209000549977645,,2022,bat,OF
sa3016919,Mack Chambers,SS,0.25,0.34712999053299426,,2022,bat,SS
sa3003244,Edgar Made,2B/3B,0.25,0.4252799983602017,,2022,bat,2B/3B
sa1052965,Jimmy Titus,2B/3B,0.25,0.41465994056779887,,2022,bat,2B/3B
sa829978,Daniel Carbonell,OF,0.25,0.5632800728781149,,2022,bat,OF
sa3008940,Lazaro Leal,1B/OF,0.25,0.6111000438453629,CHW,2022,bat,1B/OF
sa3010909,Garrett Saunders,2B/SS,0.25,0.3436100151622667,,2022,bat,2B/SS
sa3004240,Robbie Thorburn,OF,0.25,0.5564200188498943,BAL,2022,bat,OF
sa3015126,Carter Williams,OF,0.25,0.5504499431233852,,2022,bat,OF
sa3015696,Cristian Hernandez,SS,0.25,0.38117999283131204,MIA,2022,bat,SS
sa3004266,Alison Quintero,C,0.25,0.2533799989614635,,2022,bat,C
sa918444,Evan Alexander,OF,0.25,0.5094500612001867,,2022,bat,OF
sa3003328,Franklin Soto,2B/SS,0.25,0.41207001765724266,,2022,bat,2B/SS
sa3011502,Ethan Hearn,C,0.25,0.30580005212686945,CHC,2022,bat,C
sa1169879,Jonathan Embry,C/1B,0.25,0.6133400178747251,,2022,bat,C/1B
sa917991,Kole Enright,2B/OF,0.25,0.5449699928285553,,2022,bat,2B/OF
sa921562,JC Encarnacion,3B,0.25,0.5776800270192324,,2022,bat,3B
sa3015057,Jacob Wetzel,OF,0.25,0.5677700416650623,TOR,2022,bat,OF
sa3011350,Cameron Barstad,C,0.25,0.31505997939966607,CLE,2022,bat,C
sa3015863,Kenny Castillo,C,0.25,0.3114900025422684,ARI,2022,bat,C
sa3015623,Christian Cerda,C,0.25,0.2061799895484,ARI,2022,bat,C
sa3003210,Debby Santana,3B,0.25,0.5105300425319,,2022,bat,3B
sa3010889,Hudson Head,OF,0.25,0.5828599848551675,,2022,bat,OF
sa873155,Jose Marquez,2B,0.25,0.4205899954540654,,2022,bat,2B
sa872565,Juan De Leon,OF,0.25,0.5257100029615684,NYY,2022,bat,OF
sa3014878,Noah Campbell,OF,0.25,0.5589899988146498,,2022,bat,OF
sa3010712,Vito Friscia,C/1B,0.25,0.6314999644644558,,2022,bat,C/1B
sa3004950,Donivan Williams,2B,0.25,0.4013600186211988,,2022,bat,2B
sa917075,Yeison Coca,2B/SS,0.25,0.4371800058055669,,2022,bat,2B/SS
sa3005530,Ronny Rojas,3B,0.25,0.39640001109801226,,2022,bat,3B
sa3008823,Jauri Custodio,OF,0.25,0.46483004693873214,,2022,bat,OF
sa3004691,Jacob Gonzalez,1B/3B,0.25,0.6555600535823031,,2022,bat,1B/3B
sa454460,Niko Vasquez,3B/SS,0.25,0.4263399887830019,,2022,bat,3B/SS
sa1170553,Kyle MacDonald,1B,0.25,0.636880023824051,,2022,bat,1B
sa548016,Yeison Asencio,OF,0.25,0.5609899621456861,,2022,bat,OF
sa3006924,Ryan Ramiz,OF,0.25,0.4678200076567009,SEA,2022,bat,OF
sa3002712,Axel Andueza,C/1B,0.25,0.6269699688069521,,2022,bat,C/1B
sa3017076,Justin Williams,1B/3B,0.25,0.4009999406291172,,2022,bat,1B/3B
sa3005525,Daniel Rivero,OF,0.25,0.5818199405446648,,2022,bat,OF
sa3016722,Carlos Jorge,2B/OF,0.25,0.4253900398965924,CIN,2022,bat,2B/OF
sa3004697,Jesse Medrano,2B/3B,0.25,0.412349980417639,,2022,bat,2B/3B
sa3015773,Leonardo Bernal,C,0.25,0.2857000144897029,STL,2022,bat,C
sa3015607,Carlos Rojas,C,0.25,0.26048001538729293,,2022,bat,C
sa3010706,Keoni Cavaco,1B/3B/SS,0.25,0.3104100039927289,,2022,bat,1B/3B/SS
sa739014,Ryan Kirby,1B,0.25,0.6308100249618291,,2022,bat,1B
sa3005510,Jhon Solarte,OF,0.25,0.4175799573538824,,2022,bat,OF
sa3002858,Bryan Torres,2B/SS,0.25,0.36526998074259603,SDP,2022,bat,2B/SS
sa3011260,Kervin Pichardo,3B/SS,0.25,0.3602399990428239,WSN,2022,bat,3B/SS
sa3007037,Angel Solarte,OF,0.25,0.5099099876126275,,2022,bat,OF
sa1056110,Dean Miller,OF,0.25,0.5639800028875469,,2022,bat,OF
sa3016976,Ben Cowles,2B/SS,0.25,0.37569001067895436,CHC,2022,bat,2B/SS
sa918292,Shane Billings,OF,0.25,0.5475899484939872,,2022,bat,OF
sa3003430,Juan Carlos Negret,OF,0.25,0.5864400256657972,,2022,bat,OF
sa3004942,Francisco Hernandez,2B/3B,0.25,0.40862000698689366,,2022,bat,2B/3B
27915,Alejandro Osuna,OF,0.25,0.5234100487781689,TEX,2022,bat,OF
sa3017215,Quincy Hamilton,OF,0.25,0.509509975486435,,2022,bat,OF
sa3016779,Frederick Bencosme,2B/SS,0.25,0.3558999769156797,BAL,2022,bat,2B/SS
sa3005571,Federico Polanco,2B,0.25,0.42547001764178266,,2022,bat,2B
sa3009322,Rafael Escalante,C,0.25,0.2952299903961829,,2022,bat,C
sa3015659,Manuel Palencia,C,0.25,0.22318998142145566,NYY,2022,bat,C
sa876087,DJ Neal,OF,0.25,0.5381199495401233,,2022,bat,OF
sa3010271,Jack Stronach,1B/OF,0.25,0.5058299715397878,,2022,bat,1B/OF
sa3010167,Ike Freeman,1B/2B,0.25,0.6151000068755821,,2022,bat,1B/2B
9807,Ryan Goins,2B/SS,0.23999999463558197,0.6911699505988508,,2022,bat,2B/SS
sa876158,Travis Moniot,OF,0.25,0.522420033509843,,2022,bat,OF
sa3002725,Kevin Williams Jr.,OF,0.25,0.5444800031371414,,2022,bat,OF
sa455964,Alonzo Harris,2B/OF,0.25,0.5399200452724472,,2022,bat,2B/OF
sa3006782,John Cresto,3B,0.25,0.7297200587578117,COL,2022,bat,3B
sa872568,Pedro Gonzalez,OF,0.25,0.5460000018356367,,2022,bat,OF
sa826652,Wladimir Galindo,3B,0.25,0.6188099997118115,,2022,bat,3B
sa3007875,Ryder Green,OF,0.25,0.5125399603624827,,2022,bat,OF
sa3011717,Dasan Brown,OF,0.25,0.43496001586318,MIL,2022,bat,OF
sa3008004,Luke Reynolds,1B/3B,0.25,0.6107299699448049,,2022,bat,1B/3B
sa3008138,Isaiah Pasteur,OF,0.25,0.40790998442098503,,2022,bat,OF
sa3016975,Ben Malgeri,OF,0.25,0.5173100451473147,DET,2022,bat,OF
sa3015622,Edwin Barragan,2B/3B,0.25,0.3384999845060519,,2022,bat,2B/3B
sa3015551,Luis Perez,OF,0.25,0.37144000686239453,,2022,bat,OF
sa3005489,Antoni Flores,3B/SS,0.25,0.43433000629302104,,2022,bat,3B/SS
sa3008753,Jose Rodriguez,1B/OF,0.25,0.501790034258738,,2022,bat,1B/OF
sa3014890,Anthony Walters,2B/SS,0.25,0.38441001174505796,,2022,bat,2B/SS
sa3008740,Cesar Berbesi,2B/SS,0.25,0.3533199734054505,,2022,bat,2B/SS
sa3005787,Johnabiell Laureano,OF,0.25,0.5182399909710511,,2022,bat,OF
sa3003183,Marcos Brito,2B/SS,0.25,0.25582000778522335,,2022,bat,2B/SS
sa3009867,Joe Genord,1B,0.25,0.6293600363191217,,2022,bat,1B
sa3015616,Maycol Justo,SS,0.25,0.3146300021791831,,2022,bat,SS
sa3006916,Kyle Kasser,2B,0.25,0.578760001459159,,2022,bat,2B
sa3016642,Wally Soto,C/1B,0.25,0.2713299761759117,,2022,bat,C/1B
sa3004126,Logan Farrar,OF,0.25,0.5279099567094817,,2022,bat,OF
sa917150,Jonathan Willems,2B,0.25,0.47517002827953536,,2022,bat,2B
sa3011329,Jeremy De La Rosa,OF,0.25,0.43204002128914,,2022,bat,OF
sa917089,Ricardo Cubillan,SS,0.25,0.4076399860205129,,2022,bat,SS
sa3015593,Oswaldo Linares,C,0.25,0.20597999386955054,SDP,2022,bat,C
sa3005576,Carlos Arroyo,2B,0.25,0.3877199772512539,,2022,bat,2B
sa3008249,Korey Holland,OF,0.25,0.4818699551280587,,2022,bat,OF
sa3003224,Julio De La Cruz,2B/3B,0.25,0.3928300221916287,,2022,bat,2B/3B
sa3014883,Matthew Dyer,OF,0.25,0.5552799626253545,,2022,bat,OF
sa3010052,Cody Grosse,2B/OF,0.25,0.43456002511084074,SEA,2022,bat,2B/OF
sa3015594,Carlos Rodriguez,C,0.25,0.21860997736221177,SDP,2022,bat,C
sa3015673,Kevin Villavicencio,2B/SS,0.25,0.29841996227623885,NYM,2022,bat,2B/SS
sa3007324,Corbin Williams,OF,0.25,0.42927000408526506,PHI,2022,bat,OF
sa3009343,Benyamin Bailey,OF,0.25,0.503249991009943,,2022,bat,OF
sa3010037,Yordys Valdes,2B/SS,0.25,0.2734600451309233,,2022,bat,2B/SS
sa3005916,Guillermo Quintana,C/1B,0.25,0.2649099618429318,,2022,bat,C/1B
sa3007874,Wilderd Patiño,OF,0.25,0.41518002599477755,,2022,bat,OF
sa3008185,Sean Guilbe,3B/OF,0.25,0.39351002010516817,,2022,bat,3B/OF
sa3007315,Edison Mora,SS,0.25,0.3580700163729489,,2022,bat,SS
sa3015106,Joe Suozzi,1B/OF,0.25,0.5017900004750117,,2022,bat,1B/OF
sa826786,Eugene Helder,3B,0.25,0.5938699665479361,,2022,bat,3B
sa3007031,Davis Bradshaw,OF,0.25,0.5348700223956255,,2022,bat,OF
sa3015050,Brandon Bossard,2B,0.25,0.34760996329132465,,2022,bat,2B
sa3010910,LT Struble,OF,0.25,0.5064099988667293,,2022,bat,OF
sa1116023,Will Matthiessen,1B,0.25,0.6299999540671706,,2022,bat,1B
sa3010041,Harrison Freed,OF,0.25,0.5129900217754766,,2022,bat,OF
sa3008293,Zack Kone,3B/SS,0.25,0.37777000700589264,,2022,bat,3B/SS
sa873350,Jose Tello,C/1B,0.25,0.6057799735339359,,2022,bat,C/1B
sa3005568,Enrique Valdez,3B/SS,0.25,0.3368599400389939,,2022,bat,3B/SS
sa3015865,Gabriel Silva,C,0.25,0.26915998947806646,KCR,2022,bat,C
sa3003339,Hugo Cardona,SS,0.25,0.3385099564213306,,2022,bat,SS
24671,Cody Wilson,PH/PR,0.25,0.6800200693774968,,2022,bat,PH/PR
sa828232,Onil Pena,1B,0.25,0.5354599892860278,SEA,2022,bat,1B
sa3015626,Odalys Peguero,2B/SS,0.25,0.24310994967818259,,2022,bat,2B/SS
sa3010714,Keaton Greenwalt,OF,0.25,0.5120999963721259,,2022,bat,OF
sa3016132,Mario Melendez,C/1B,0.25,0.2591299402760342,,2022,bat,C/1B
sa3004880,Kevin Richards,OF,0.25,0.45187998160254206,OAK,2022,bat,OF
sa3005757,Carlos Paraguate,SS,0.25,0.3083200400229543,,2022,bat,SS
sa3006716,Charlie McConnell,OF,0.25,0.31710996350739146,SEA,2022,bat,OF
10199,Billy Hamilton,OF,4.860000133514404,12.834129662811753,,2022,bat,OF
sa3004381,Ulrich Bojarski,OF,0.25,0.507399983331561,,2022,bat,OF
sa3005602,Danny Bautista Jr.,1B/OF,0.25,0.43781995046883815,OAK,2022,bat,1B/OF
sa874775,Eric Jenkins,OF,0.25,0.5125399612355976,,2022,bat,OF
sa3015794,Jonathan Peguero,C,0.25,0.26052996902726583,,2022,bat,C
sa3015828,Héctor Rodríguez,OF,0.25,0.37038997241761523,CIN,2022,bat,OF
sa872464,Edwin Yon,OF,0.25,0.5478399321902543,,2022,bat,OF
sa3014829,Patrick McColl,1B,0.25,0.5215099859051406,,2022,bat,1B
sa3004039,Hunter Hargrove,1B,0.25,0.5887800473021343,,2022,bat,1B
sa3003312,Sean Mendoza,2B/3B,0.25,0.3746100354706868,,2022,bat,2B/3B
sa3015665,Omar Alfonzo,C,0.25,0.2606299982639029,PIT,2022,bat,C
sa3006888,Luis Verdugo,3B,0.25,0.3951600102707743,SDP,2022,bat,3B
sa3006903,Carlos De La Cruz,OF,0.25,0.5481399726122618,,2022,bat,OF
sa918155,Hosea Nelson,OF,0.25,0.520209949882701,,2022,bat,OF
21922,Sauryn Lao,P,0.25,0.5823600405361502,,2022,bat,P
sa3005746,Carlos Hurtado,C,0.25,0.2072100522113032,,2022,bat,C
sa3015701,Rickardo Perez,C/1B,0.25,0.264069967227988,,2022,bat,C/1B
sa3014943,Danny Oriente,OF,0.25,0.5122599710244685,,2022,bat,OF
sa3015710,Manuel Beltre,SS,0.25,0.3031700275605544,TOR,2022,bat,SS
sa3005939,Arturo De Freitas,C,0.25,0.2661100185709074,,2022,bat,C
sa3014889,Gus Steiger,SS,0.25,0.36896997757721683,,2022,bat,SS
sa3015579,Jared Serna,2B/SS,0.25,0.3152800559764728,MIA,2022,bat,2B/SS
28142,Jhostynxon Garcia,OF,0.25,0.4055200282949954,PIT,2022,bat,OF
sa917956,Cole Stobbe,3B,0.25,0.5208300552098081,,2022,bat,3B
sa3008657,Gerson Molina,OF,0.25,0.5055899453815073,,2022,bat,OF
sa3014837,Sheng-Ping Chen,2B/SS,0.25,0.325149942189455,,2022,bat,2B/SS
sa3014424,Baron Radcliff,OF,0.25,0.5256300480570644,,2022,bat,OF
sa3015747,Anderson De Los Santos,3B,0.25,0.37879999387077984,BAL,2022,bat,3B
sa3016873,Carson Matthews,2B/3B,0.25,0.36374005596153436,,2022,bat,2B/3B
sa3015723,Gabriel Gonzalez,OF,0.25,0.45231004441156986,MIN,2022,bat,OF
sa3005541,Luis Toribio,1B/3B,0.25,0.5367600014200433,,2022,bat,1B/3B
sa3015643,Johnfrank Salazar,1B/3B,0.25,0.3327000517165288,STL,2022,bat,1B/3B
sa3004281,Cameron Baranek,OF,0.25,0.49922000146470963,,2022,bat,OF
sa3016837,Junior Marin,OF,0.25,0.5483399760792963,,2022,bat,OF
sa3015732,Andy Espinosa,3B,0.25,0.3839900290011428,,2022,bat,3B
sa502541,Juan Martinez,2B,0.25,0.3581200337037443,,2022,bat,2B
sa917196,Jose Sibrian,C,0.25,0.2555700637516566,,2022,bat,C
sa3010038,James Beard,OF,0.25,0.3578700256650336,CHW,2022,bat,OF
sa3008887,Cristopher Barete,OF,0.25,0.3018599721370264,,2022,bat,OF
sa3011753,Erick Brito,SS,0.25,0.3804600212024525,PHI,2022,bat,SS
sa3005556,Angel Maita,OF,0.25,0.48549001466017205,,2022,bat,OF
sa3014676,Juan Chacon,OF,0.25,0.39922999334521586,BOS,2022,bat,OF
sa3008956,Leodany Perez,OF,0.25,0.5021300129359588,,2022,bat,OF
sa3015015,Alex McGarry,1B,0.25,0.6706199717475101,,2022,bat,1B
sa3014881,Jake Boone,2B/SS,0.25,0.31275997001212086,,2022,bat,2B/SS
sa3016342,Manuel Guariman,C,0.25,0.2108499379712156,,2022,bat,C
sa3015873,Jorge Ruiz,OF,0.25,0.35520995475817463,LAA,2022,bat,OF
sa3014891,Bryson Horne,1B,0.25,0.6170400499366222,,2022,bat,1B
sa3015600,Edryn Rodriguez,2B,0.25,0.29941005258588116,,2022,bat,2B
28816,Denzer Guzman,SS,0.25,0.30215003013145175,LAA,2022,bat,SS
sa602498,Carlos Munoz,1B,0.25,0.5498500055167823,,2022,bat,1B
sa3015590,Jeral Toledo,2B,0.25,0.3050900210160762,,2022,bat,2B
sa3015738,Ronald Hernandez,C,0.25,0.2520200434839353,NYM,2022,bat,C
sa3010043,DJ Gladney,OF,0.25,0.3625100367586128,NYY,2022,bat,OF
sa917151,Reniel Ozuna,OF,0.25,0.4918199370848015,,2022,bat,OF
sa3005037,PK Morris,1B,0.25,0.5803199743153526,,2022,bat,1B
28253,Javier Sanoja,3B/OF,0.25,0.38463002310600125,MIA,2022,bat,3B/OF
sa3016835,Raudelis Martinez,C/1B,0.25,0.16765000228770074,BOS,2022,bat,C/1B
27845,Matt Mervis,1B/DH,0.25,0.5936799869406968,WSN,2022,bat,1B/DH
sa3015596,George Feliz,OF,0.25,0.3081899516284466,SEA,2022,bat,OF
sa3009887,Jack Yalowitz,OF,0.25,0.3696700357366353,,2022,bat,OF
sa3009310,Jose Caguana,C/1B,0.25,0.17345001635840163,,2022,bat,C/1B
sa3008452,Jean Ramirez,OF,0.25,0.5005500135244801,KCR,2022,bat,OF
sa3014892,Cody Orr,3B/OF,0.25,0.4646400377852841,,2022,bat,3B/OF
sa3016185,Carlos Ramos,C,0.25,0.22201997430529435,,2022,bat,C
sa3008469,Juan Mora,2B/3B,0.25,0.3666599733289331,,2022,bat,2B/3B
sa3004290,Lucas Tancas,1B/OF,0.25,0.5674100177362561,,2022,bat,1B/OF
sa3005561,Jose Rivas,2B,0.25,0.3648899914231151,,2022,bat,2B
sa3005599,Keithron Moss,2B,0.25,0.33313000011257826,,2022,bat,2B
sa3005919,Robert Gonzalez,OF,0.25,0.4436400334117933,,2022,bat,OF
sa3014831,Brett Rodriguez,2B/OF,0.25,0.2891099916771054,,2022,bat,2B/OF
sa3017329,Ethan Wilson,OF,0.25,0.527549959695898,,2022,bat,OF
sa3005512,Ronier Lascarro,OF,0.25,0.3403699533781037,,2022,bat,OF
sa3009817,Jose Colmenares,C,0.25,0.23811999817844476,,2022,bat,C
sa1170766,Cody Birdsong,3B,0.25,0.3564500162377952,,2022,bat,3B
sa3015624,Willmer De La Cruz,2B/3B/SS,0.25,0.2078199967509135,,2022,bat,2B/3B/SS
sa3009299,Dayro Perez,SS,0.25,0.25314006393309674,,2022,bat,SS
sa3015566,Miguel Briceno,2B/3B,0.25,0.30752996462397275,MIN,2022,bat,2B/3B
sa3015076,Brandon McIlwain,OF,0.25,0.46154998582787804,,2022,bat,OF
sa3008603,Lester Madden,OF,0.25,0.4205400145612657,,2022,bat,OF
sa3005544,Neyfy Castillo,OF,0.25,0.5880800465121866,,2022,bat,OF
sa3016301,Jhoan Gomez,1B/2B/3B,0.25,0.30352999072056264,,2022,bat,1B/2B/3B
sa3015565,Brenny Escanio,2B/SS,0.25,0.3200899670133367,,2022,bat,2B/SS
sa917754,Miguel Jerez,C/1B,0.25,0.526020025042817,,2022,bat,C/1B
sa924310,Jonatan Machado,OF,0.25,0.47793999542482196,,2022,bat,OF
sa3005762,Pedro Garcia,C/1B,0.25,0.1956099704140797,DET,2022,bat,C/1B
sa3006883,Micah Bello,OF,0.25,0.5125900239683687,,2022,bat,OF
sa3003324,Jember Gutierrez,1B/3B,0.25,0.33038002434186636,,2022,bat,1B/3B
sa3015798,Leo Balcazar,SS,0.25,0.37472004480659954,CIN,2022,bat,SS
sa3007042,Luke Heyer,1B/3B,0.25,0.5690800370881334,,2022,bat,1B/3B
sa1052762,Spencer Brickhouse,1B,0.25,0.5832699892809613,,2022,bat,1B
sa3015698,Danny De Andrade,SS,0.25,0.23060001074336461,MIN,2022,bat,SS
sa3014697,Robert Puason,SS,0.25,0.20386996224988255,OAK,2022,bat,SS
sa3006222,Wilkin Grullon,C,0.25,0.19858999800635502,,2022,bat,C
sa3005503,Julio Enrique,OF,0.25,0.34328994222451,,2022,bat,OF
sa3005952,Jose Ferrer,C,0.25,0.2204899623291566,,2022,bat,C
sa3017158,Cody Morissette,2B,0.25,0.3564400391420349,MIA,2022,bat,2B
sa3015725,Danyer Cueva,2B/SS,0.25,0.24405002966523168,TEX,2022,bat,2B/SS
sa738195,Randolph Gassaway,OF,0.25,0.5334500052267684,,2022,bat,OF
23460,Brandon Hughes,P,0.25,0.44081001030281175,,2022,bat,P
sa3014946,Matt Burch,2B,0.25,0.3378800473408773,,2022,bat,2B
sa3005754,Victor Mascai,1B,0.25,0.5297100145835429,,2022,bat,1B
sa3008826,Luis Pineda,C,0.25,0.20021000087726862,CHW,2022,bat,C
26599,Jonatan Clase,OF,0.25,0.27059002687456085,TOR,2022,bat,OF
sa1169950,Aaron Shackelford,1B/2B,0.25,0.5900699785677715,,2022,bat,1B/2B
sa3007974,Aldrich De Jongh,OF,0.25,0.47685004475060844,,2022,bat,OF
sa3004616,Cole Brannen,OF,0.25,0.452659986494109,,2022,bat,OF
sa3003225,Jhoneiker Betancourt,C/1B,0.25,0.18387002970557653,,2022,bat,C/1B
sa829492,Marc Flores,1B,0.25,0.5358199808979406,,2022,bat,1B
sa3005740,Diowill Burgos,OF,0.25,0.5085400449112057,,2022,bat,OF
sa3010146,AJ Lee,2B/SS,0.25,0.2383199957315809,,2022,bat,2B/SS
sa3010877,Kevin Infante,OF,0.25,0.349869993282482,,2022,bat,OF
sa913717,Juan Zabala,C,0.25,0.21352993189357214,,2022,bat,C
sa3015524,Lyonell James,1B/3B,0.25,0.3620499453041703,,2022,bat,1B/3B
sa3016834,Miguel Bleis,OF,0.25,0.38917999402619896,BOS,2022,bat,OF
sa3003267,Esney Chacon,OF,0.25,0.4304300103103742,,2022,bat,OF
sa3009834,Sergio Campana,OF,0.25,0.36330998186022034,,2022,bat,OF
sa3008839,Dionmy Salon,C,0.25,0.21140996756730604,,2022,bat,C
sa3009308,Abel Noguera,C,0.25,0.17238001397345215,TEX,2022,bat,C
sa3015628,Santiago Millan,OF,0.25,0.26606997740454963,,2022,bat,OF
sa3009275,Eduardo Lopez,OF,0.25,0.4851999971782787,,2022,bat,OF
sa918832,Caleb Scires,OF,0.25,0.48754000305198125,,2022,bat,OF
sa3008757,Alexander Ramirez,OF,0.25,0.31737000360153617,CHC,2022,bat,OF
sa3008923,Jesus Bolivar,OF,0.25,0.321779986238107,,2022,bat,OF
sa3008883,Milkar Perez,1B/3B,0.25,0.26969001179095353,,2022,bat,1B/3B
sa657942,Fernando Perez,1B/2B,0.25,0.5080799691146238,,2022,bat,1B/2B
sa3005586,Jommer Hernandez,C,0.25,0.19679006156511603,,2022,bat,C
sa3015761,Derwin Laya,1B/3B,0.25,0.31718003775458786,,2022,bat,1B/3B
sa3010330,Cory Wood,2B,0.25,0.3194399988278746,,2022,bat,2B
sa3005927,Francis Grullon,2B,0.25,0.33642997744027525,,2022,bat,2B
sa3015874,Leosdany Molina,SS,0.25,0.23402996386867012,,2022,bat,SS
sa3015752,Ramon Peralta,SS,0.25,0.24624005050864067,,2022,bat,SS
sa3015014,AJ Lewis,1B,0.25,0.6189899429911747,COL,2022,bat,1B
sa3015702,Jhonny Piron,OF,0.25,0.2611599919153377,,2022,bat,OF
sa3008110,Osiris Johnson,OF,0.25,0.3502199900336563,,2022,bat,OF
sa3016641,Robert Lopez,C,0.25,0.1484299632254988,,2022,bat,C
sa3007318,Michael Emodi,C,0.25,0.21279003091622134,,2022,bat,C
sa3015813,Gleider Figuereo,3B,0.25,0.2983599849510938,TEX,2022,bat,3B
sa3016839,Kenyon Yovan,P,0.25,0.5426399957505054,LAA,2022,bat,P
sa1170052,Tanner Murphy,OF,0.25,0.43560997967142606,,2022,bat,OF
sa3005626,Nestor Heredia,3B/SS,0.25,0.33332998126279556,,2022,bat,3B/SS
sa3008278,Bryce Bush,3B/OF,0.25,0.45064004184678186,,2022,bat,3B/OF
sa3006921,Chase Chambers,1B,0.25,0.5290600310545415,,2022,bat,1B
sa3005545,Daniel Castillo,SS,0.25,0.2701900065643712,,2022,bat,SS
sa3015760,Gustavo Cardozo,2B,0.25,0.2903400030219927,,2022,bat,2B
sa3008792,Dairon Cuevas,SS,0.25,0.27564006641041483,,2022,bat,SS
sa3005948,Juan Loyo,C,0.25,0.15459002557909113,,2022,bat,C
sa3003423,Julio Meza,C,0.25,0.11925000252667814,,2022,bat,C
sa3011664,Justin Ammons,OF,0.25,0.46300999901723106,TOR,2022,bat,OF
sa3005736,Omar Rodriguez,C,0.25,0.18711003829957917,,2022,bat,C
sa3015778,Carlos Arcila,C/1B,0.25,0.16123999331612135,,2022,bat,C/1B
sa3010049,Gavin Jones,1B/3B,0.25,0.31747000415343785,,2022,bat,1B/3B
sa3015707,Fran Alduey,2B/3B/SS,0.25,0.22079000272788102,,2022,bat,2B/3B/SS
sa3011883,Eric Jones,1B,0.25,0.5264500149292872,,2022,bat,1B
sa3016926,Abimelec Ortiz,1B,0.25,0.5271800118847749,WSN,2022,bat,1B
sa3005533,Andres Noriega,C,0.25,0.18441002878826104,,2022,bat,C
sa3015535,Esteban González,OF,0.25,0.26933001091238107,CLE,2022,bat,OF
sa3015515,Yiddi Cappe,2B/SS,0.25,0.2746199735905974,MIA,2022,bat,2B/SS
sa3011404,Jose Bonilla,3B,0.25,0.3156500134151428,,2022,bat,3B
sa3005593,Oscar Rangel,C,0.25,0.20703997698146845,,2022,bat,C
sa3015842,Victor Quezada,3B,0.25,0.3230400397325866,,2022,bat,3B
sa3009331,Bladimir De La Rosa,2B/SS,0.25,0.336570065363776,,2022,bat,2B/SS
sa3011157,Tevin Mitchell,OF,0.25,0.4751199232181534,,2022,bat,OF
sa1159681,Colin Simpson,1B/OF,0.25,0.7179900076705963,,2022,bat,1B/OF
sa3015715,Manuel Pena,2B,0.25,0.3519799705361947,ARI,2022,bat,2B
sa3006882,Jose Verrier,2B/3B/OF,0.25,0.4326199874281883,,2022,bat,2B/3B/OF
sa3016720,Rayne Doncon,3B/SS,0.25,0.2595400581834837,MIN,2022,bat,3B/SS
sa3002703,Jose Curpa,2B/3B,0.25,0.43954998375847937,,2022,bat,2B/3B
sa3015811,Keiderson Pavon,2B/3B/SS,0.25,0.285299956309609,,2022,bat,2B/3B/SS
sa3015598,Andres Mesa,2B/SS,0.25,0.23453000017907463,,2022,bat,2B/SS
sa3008767,Victor Bericoto,1B/OF,0.25,0.42004996386822313,SFG,2022,bat,1B/OF
sa3010331,Brady McConnell,SS,0.25,0.3324500165879725,KCR,2022,bat,SS
sa3008937,Dyron Campos,OF,0.25,0.2911400559241883,,2022,bat,OF
sa3006179,Jose Zapata,C,0.25,0.16897994464961805,,2022,bat,C
sa3005776,Oscar Gonzalez,C/1B,0.25,0.19231000059517098,,2022,bat,C/1B
sa3008793,Jeferson Espinal,OF,0.25,0.46021997490897765,,2022,bat,OF
sa3007065,Willie Joe Garry Jr.,OF,0.25,0.4199399843811989,,2022,bat,OF
sa1170897,Ernny Ordonez,1B,0.25,0.5526799734681843,,2022,bat,1B
28552,Yanquiel Fernández,DH/OF,0.25,0.6285100703593341,NYY,2022,bat,DH/OF
sa3010032,Will Bartlett,1B,0.25,0.479499960038811,,2022,bat,1B
sa3015722,Starlin Aguilar,3B,0.25,0.2376500435872003,LAA,2022,bat,3B
sa3016171,Luis Ravelo,2B/SS,0.25,0.2670899860095232,,2022,bat,2B/SS
sa3016330,Reyden Hidalgo,2B/OF,0.25,0.2531399880303069,,2022,bat,2B/OF
sa3010033,Jake Randa,OF,0.25,0.4318300359882414,,2022,bat,OF
sa3015802,Jadher Areinamo,2B/SS,0.25,0.2488900421652942,TBR,2022,bat,2B/SS
sa3009660,Miguel Rojas,C,0.25,0.20335001357598229,,2022,bat,C
sa3016854,Tanner Allen,OF,0.25,0.4713799540884792,,2022,bat,OF
sa3015583,Diego Gonzalez,3B/SS,0.25,0.2638100208248943,,2022,bat,3B/SS
sa1169878,Brandon Parker,OF,0.25,0.47829002991784353,,2022,bat,OF
sa3014521,Austin Hendrick,OF,0.25,0.5059099376434459,CIN,2022,bat,OF
sa1170041,Burle Dixon,OF,0.25,0.45312996802385896,,2022,bat,OF
sa3010149,Luke Bandy,OF,0.25,0.3116900216555223,,2022,bat,OF
sa3015584,Jackie Pertuz,C,0.25,0.18692998201586303,,2022,bat,C
sa3015754,Mauricio Pierre,OF,0.25,0.3045199734624475,,2022,bat,OF
sa3005768,Kevin Nivar,2B,0.25,0.285139976767823,,2022,bat,2B
sa3010856,Trevor Kehe,OF,0.25,0.4962699682917446,,2022,bat,OF
sa3015734,Andrws Cruz,3B/SS,0.25,0.3087899934500455,,2022,bat,3B/SS
sa3015629,Roylems Rangel,C,0.25,0.10481998475734139,,2022,bat,C
sa3011615,Chase Krogman,OF,0.25,0.4237600302556529,,2022,bat,OF
sa3015581,Erubiel Fuentes,2B/3B,0.25,0.14803993933601298,,2022,bat,2B/3B
sa3005490,Jose Reyes,OF,0.25,0.4318199621979147,,2022,bat,OF
sa3007829,Drevian Williams-Nelson,2B/OF,0.25,0.42059999075718224,,2022,bat,2B/OF
sa3016124,Wilmer Hernandez,C,0.25,0.10954998062225053,,2022,bat,C
sa3015799,Edwin Hidalgo,C,0.25,0.16588002610951655,,2022,bat,C
sa3007298,Rixon Wingrove,1B,0.25,0.5491000299574806,,2022,bat,1B
sa3004053,Miguel Perez,OF,0.25,0.23930002005072304,,2022,bat,OF
sa3008843,Luis Morales,OF,0.25,0.32343994538532567,,2022,bat,OF
sa3015786,Christopher Espinola,OF,0.25,0.2515599502599798,,2022,bat,OF
sa3015536,Lexer Saduy,OF,0.25,0.24301002722932016,,2022,bat,OF
sa3009556,Matheus Silva,C,0.25,0.08248000971507276,,2022,bat,C
sa3006221,Junior Gonzalez,C,0.25,0.09398995856754477,,2022,bat,C
sa3009345,Esmarly Tatis,2B/SS,0.25,0.2820799661567434,,2022,bat,2B/SS
sa3016825,Diego Mosquera,2B/SS/OF,0.25,0.18979000600520518,NYM,2022,bat,2B/SS/OF
sa3015709,Abel Bastidas,2B/3B/SS,0.25,0.20040998808108268,,2022,bat,2B/3B/SS
sa3015700,Jesus Galiz,C,0.25,0.15424005769891655,LAD,2022,bat,C
sa3005760,Widimer Joaquin,2B/3B,0.25,0.2910400263732299,,2022,bat,2B/3B
sa3007310,Kenen Irizarry,2B,0.25,0.490779974963516,,2022,bat,2B
sa3015608,Yeison Lemos,3B/SS,0.25,0.23059004417154932,,2022,bat,3B/SS
sa3015528,Iverson Espinoza,2B/3B,0.25,0.35454001063480967,,2022,bat,2B/3B
sa3004265,Terry Fuller,OF,0.25,0.4254099706187843,,2022,bat,OF
sa3008862,Juan Diaz,1B/OF,0.25,0.41008001288864754,,2022,bat,1B/OF
sa3009794,Angeudis Santos,2B/SS,0.25,0.289660016587004,,2022,bat,2B/SS
29614,Chad Stevens,2B/3B,0.25,0.19208002702798682,COL,2022,bat,2B/3B
sa3015115,Nick Anderson,OF,0.25,0.40372996930964283,,2022,bat,OF
sa3015650,Luis Mendez,2B/SS,0.25,0.3966900360770522,COL,2022,bat,2B/SS
sa3002845,Hector Martinez,2B,0.25,0.2728600195725448,,2022,bat,2B
sa3005583,Alberto Figuereo,2B,0.25,0.20421001750510182,TBR,2022,bat,2B
sa3008938,Omar De Los Santos,OF,0.25,0.4032599823083728,,2022,bat,OF
sa3011704,Miguel Droz,3B/SS,0.25,0.21051002385793252,,2022,bat,3B/SS
sa3015612,Elian Rayo,3B,0.25,0.2706199663225562,,2022,bat,3B
sa3015546,Raudy De Los Santos,2B/OF,0.25,0.2510800008196382,,2022,bat,2B/OF
sa3016718,Joanfran Rojas,2B/3B,0.25,0.28112999307923003,,2022,bat,2B/3B
sa3010044,Wendell Marrero,OF,0.25,0.4902900333283468,,2022,bat,OF
sa3005733,Vladimir Echavarria,3B,0.25,0.27261000907747074,,2022,bat,3B
sa3016998,Ryan Holgate,OF,0.25,0.4175200597615912,,2022,bat,OF
sa3006897,Leandro Emiliani,1B,0.25,0.5258300503832287,,2022,bat,1B
sa3011589,Cristian More,OF,0.25,0.2875999870244413,,2022,bat,OF
sa3005619,Darlin Guzman,OF,0.25,0.4289900267962366,,2022,bat,OF
sa3015526,Johnny Ascanio,2B,0.25,0.2680100160185247,CIN,2022,bat,2B
sa3015695,Armando Cruz,SS,0.25,0.23257003325270487,WSN,2022,bat,SS
sa3002860,Carlos Luis,1B/3B,0.25,0.4442499962868169,,2022,bat,1B/3B
sa3017074,Christian Robinson,OF,0.25,0.4465900088427588,,2022,bat,OF
sa3008747,Jose De La Cruz,OF,0.25,0.40256996806710954,,2022,bat,OF
sa3015601,Axel Sanchez,SS,0.25,0.13671002754708744,SEA,2022,bat,SS
sa3005914,Jose Peralta,2B/3B,0.25,0.26083998242393136,,2022,bat,2B/3B
sa3015866,Luis Pino,OF,0.25,0.28194001589436074,STL,2022,bat,OF
sa3009291,Robert Mendoza,C,0.25,0.29859003839083015,,2022,bat,C
sa3015649,Sandry Hernandez,OF,0.25,0.43169000451453027,,2022,bat,OF
sa3005935,Gabriel Gil,C,0.25,0.301149980770424,,2022,bat,C
sa3010158,Zach Biermann,1B,0.25,0.48459997361060225,,2022,bat,1B
sa3014815,Harrison Ray,3B/OF,0.25,0.428899980825372,,2022,bat,3B/OF
22253,Sean Reynolds,P,0.25,0.5170999838272109,,2022,bat,P
sa3016173,Ahbram Liendo,2B/3B,0.25,0.30007997816428533,BOS,2022,bat,2B/3B
sa3005751,Braian Fernández,OF,0.25,0.4135000005830079,,2022,bat,OF
sa3010006,Tyler Wyatt,1B/3B/OF,0.25,0.46144000757485626,,2022,bat,1B/3B/OF
sa915632,Reed Rohlman,1B,0.25,0.4880400612717493,KCR,2022,bat,1B
sa3004282,Obie Ricumstrict,OF,0.25,0.3903999837348237,TEX,2022,bat,OF
sa3015555,Roger Caraballo,OF,0.25,0.406809950969182,,2022,bat,OF
sa3006913,Lency Delgado,SS,0.25,0.27405005600303406,,2022,bat,SS
sa3008006,Arbert Cipion,OF,0.25,0.28741003163158896,,2022,bat,OF
sa3006606,Wilfredo Flores,2B/OF,0.25,0.27950003023725,,2022,bat,2B/OF
sa3006578,Sander Mora,2B/3B/SS,0.25,0.24025998662691556,,2022,bat,2B/3B/SS
sa3015781,Yamal Encarnacion,OF,0.25,0.22307997473981223,HOU,2022,bat,OF
sa3005792,Wilson Valdez,3B,0.25,0.2933599448297173,,2022,bat,3B
sa3015567,Alberto Ciprian,1B/3B/OF,0.25,0.277399968157988,,2022,bat,1B/3B/OF
sa3016555,Ismael Perez,OF,0.25,0.23745003093499678,,2022,bat,OF
sa3015784,Yefri Rivera,2B/SS,0.25,0.1460700178751722,,2022,bat,2B/SS
sa3011588,Andre Nnebe,OF,0.25,0.39852999716531473,,2022,bat,OF
sa3015569,Jose Gonzalez,OF,0.25,0.28398998922202734,MIL,2022,bat,OF
sa3005600,Antonio Cabello,OF,0.25,0.3764299814356491,,2022,bat,OF
sa3014824,MacKenzie Mueller,OF,0.25,0.40430000878404826,,2022,bat,OF
sa3016187,Miguel Lopez,2B,0.25,0.20770003325305872,,2022,bat,2B
sa3005907,Shendrik Apostel,1B,0.25,0.48613997650099916,,2022,bat,1B
sa3005790,Edgar Martinez,2B/3B,0.25,0.2577000010758638,,2022,bat,2B/3B
sa3011857,Jesus Bugarin,OF,0.25,0.5600800176849589,,2022,bat,OF
sa3011405,Warren Saunders,1B/3B,0.25,0.42695000304374836,,2022,bat,1B/3B
sa3003214,Oswaldo Pina,2B/3B/SS,0.25,0.24594000733923166,,2022,bat,2B/3B/SS
sa1056328,Cole Kleszcz,OF,0.25,0.3834399917861446,,2022,bat,OF
sa3015804,Eddy Beltre,OF,0.25,0.3605199483572505,,2022,bat,OF
sa916709,Wilson Alvarez,2B,0.25,0.1761999561917037,,2022,bat,2B
sa3009820,Franklin Linares,SS/OF,0.25,0.15937000263947992,,2022,bat,SS/OF
sa3003192,Ranser Amador,SS/OF,0.25,0.3281099944142624,,2022,bat,SS/OF
sa3008298,Leonardo Seminati,1B,0.25,0.5540200100513176,CIN,2022,bat,1B
sa3015543,Esneider Gomez,1B/3B,0.25,0.4422600113553926,,2022,bat,1B/3B
sa3016541,Jose Ramos,2B/SS,0.25,0.24028001220431178,SFG,2022,bat,2B/SS
sa3011382,Connor Blair,OF,0.25,0.4154500002041458,,2022,bat,OF
sa3015639,Robert Robertis,OF,0.25,0.26805996582843356,,2022,bat,OF
sa3015641,Johan Benitez,3B,0.25,0.26516000770498066,,2022,bat,3B
sa3008924,Adony Mejia,C,0.25,0.13625997792696576,,2022,bat,C
sa3005617,Darlin Moquete,OF,0.25,0.3801700131734832,,2022,bat,OF
sa3010164,Misael Gonzalez,OF,0.25,0.37346998711582274,,2022,bat,OF
sa3016111,Samuel Reyes,OF,0.25,0.35663996860384933,,2022,bat,OF
sa3005793,Guarner Dipre,SS,0.25,0.18203000309877088,,2022,bat,SS
sa3015735,Leonel Espinoza,OF,0.25,0.4062000181758776,CHC,2022,bat,OF
sa3005719,Adonis Giron,OF,0.25,0.3508399514714256,,2022,bat,OF
sa3008791,Ricardo Caldera,C,0.25,0.12439998944755642,,2022,bat,C
sa3016164,Luis Garcia,2B/SS,0.25,0.25003001976292566,,2022,bat,2B/SS
sa1169970,Javeon Cody,OF,0.25,0.3882999862544238,,2022,bat,OF
sa3015630,Jose Pena,OF,0.25,0.18273999786470077,,2022,bat,OF
sa3005777,Christopher De La Cruz,OF,0.25,0.26348999299807463,,2022,bat,OF
sa3016645,Elio Campos,2B,0.25,0.22897002685349427,ATL,2022,bat,2B
sa3015621,Felix Taveras,OF,0.25,0.3910500157624483,,2022,bat,OF
sa3015636,Victor Arias,OF,0.25,0.26701005562208585,TOR,2022,bat,OF
sa328155,Jovan Rosa,1B/3B,0.25,0.448860036721453,,2022,bat,1B/3B
sa3005925,Dereck Salom,3B/SS,0.25,0.15626004536170507,OAK,2022,bat,3B/SS
sa3016160,Jesus Montilla,3B/SS,0.25,0.17959999409504235,,2022,bat,3B/SS
sa3015611,Lizandro Espinoza,SS,0.25,0.23291003913618627,ATL,2022,bat,SS
sa3010878,Carlos Verdecia,2B,0.25,0.17856998343486338,,2022,bat,2B
sa3015818,Anderdson Rojas,OF,0.25,0.1951100799720734,ARI,2022,bat,OF
sa3009559,Ezequiel Alvarez,2B/OF,0.25,0.2484400315675884,,2022,bat,2B/OF
sa3010156,Alex Garcia,2B/OF,0.25,0.18856996409595006,,2022,bat,2B/OF
sa916720,Jose Bermudez,OF,0.25,0.3716900620609521,,2022,bat,OF
sa3016155,Samil De La Rosa,2B/3B,0.25,0.22650003542657934,,2022,bat,2B/3B
sa3015816,Ney Serrano,3B/SS,0.25,0.18883000086061658,,2022,bat,3B/SS
sa3015783,Carlos Gutierrez,OF,0.25,0.1864200096693821,,2022,bat,OF
sa3015803,Felipe Valderrama,C,0.25,0.11473998706787818,,2022,bat,C
sa3015737,Kevin Guerrero,OF,0.25,0.22411001569125794,,2022,bat,OF
sa3016955,Tyler Hardman,1B/3B,0.25,0.41376998826162886,NYY,2022,bat,1B/3B
sa3011590,Jasiah Dixon,OF,0.25,0.39670001361519086,,2022,bat,OF
sa3011668,Fabian Urbina,C/3B,0.25,0.2634399918024427,,2022,bat,C/3B
sa3015857,Andy Perez,SS,0.25,0.32893997901119293,COL,2022,bat,SS
sa3016092,Jairo Mendez,OF,0.25,0.2595100449630991,,2022,bat,OF
sa3015699,Shalin Polanco,OF,0.25,0.2794399729929864,PIT,2022,bat,OF
sa3015614,Jose Cordoba,OF,0.25,0.23932006070390333,STL,2022,bat,OF
sa3015225,Saul Garza,1B,0.25,0.4560199787141755,,2022,bat,1B
sa3015775,Romtres Cabrera,OF,0.25,0.23884998736903068,STL,2022,bat,OF
sa3006193,Francisco Palma,OF,0.25,0.36059997451957315,,2022,bat,OF
sa3015677,Francisco Garcia,1B/3B,0.25,0.42254994959803294,,2022,bat,1B/3B
sa3015721,Daniel Montesino,1B/OF,0.25,0.3918100262060761,,2022,bat,1B/OF
sa3015656,Jhonny Perdomo,2B,0.25,0.2408399984939023,,2022,bat,2B
sa3016296,Juan Garcia,2B,0.25,0.2443400430260226,,2022,bat,2B
sa3008797,Luis Rubio,2B/OF,0.25,0.2334500129800289,,2022,bat,2B/OF
sa3008739,Felix Negueis,OF,0.25,0.3145599876530468,,2022,bat,OF
sa3005239,Danny Lantigua,OF,0.25,0.4483999562216922,,2022,bat,OF
sa3010720,Stephen Paolini,OF,0.25,0.2636599703226238,,2022,bat,OF
sa3005620,Fleury Nova,OF,0.25,0.2243900227476842,,2022,bat,OF
sa3015758,Samuel Rodriguez,2B,0.25,0.2009199882042594,,2022,bat,2B
sa3005942,Oneill Manzueta,OF,0.25,0.29493003790266803,,2022,bat,OF
sa3015845,Luis Paredes,OF,0.25,0.5389600080437957,,2022,bat,OF
sa3015652,Layant Tapia,SS,0.25,0.13672004833351814,,2022,bat,SS
sa3008190,Juan Paulino,C/1B,0.25,0.43313999692909416,,2022,bat,C/1B
sa3007029,Mason Berne,1B,0.25,0.45818999726325277,ARI,2022,bat,1B
sa3009319,Carlos Rondon,2B,0.25,0.23738004612969232,,2022,bat,2B
sa3015540,Simon Rodriguez,OF,0.25,0.1778899905737489,,2022,bat,OF
sa3009555,Yonathan Pierre,OF,0.25,0.296570070600137,TBR,2022,bat,OF
sa3015731,Ismael Padua,OF,0.25,0.3462600587285123,,2022,bat,OF
sa3015678,Frank Hernandez,C/OF,0.25,0.35587001251988104,,2022,bat,C/OF
sa3016130,Jose Chacon,3B,0.25,0.23026997779961675,,2022,bat,3B
sa3016331,Juan Alonso,OF,0.25,0.2257200400577858,,2022,bat,OF
sa3016159,Adonis Cepeda,OF,0.25,0.30589003154309463,,2022,bat,OF
sa3005931,Neyfi Marinez,OF,0.25,0.35886000115424393,,2022,bat,OF
sa3005549,Nelson Medina,OF,0.25,0.2979200532776303,,2022,bat,OF
sa3015604,Javier Armas,2B/3B,0.25,0.20798001014627515,,2022,bat,2B/3B
sa3015800,Gregory Barrios,SS,0.25,0.18002996703144156,TBR,2022,bat,SS
sa3015712,Maikol Hernández,3B/SS,0.25,0.1393900032388046,,2022,bat,3B/SS
sa3016091,Yeudi Advincola,SS,0.25,0.16480001379968595,,2022,bat,SS
sa3015788,Luis Guerra,2B/3B,0.25,0.2051100372802466,,2022,bat,2B/3B
sa3011205,Justin Washington,OF,0.25,0.3545900600496679,,2022,bat,OF
sa3008789,Gabriel Moncada,1B,0.25,0.34761998706962915,,2022,bat,1B
sa454598,Roberto Lopez,1B/OF,0.25,0.42779001125600186,LAA,2022,bat,1B/OF
sa3008848,Rafael Martinez,OF,0.25,0.25885999641614027,,2022,bat,OF
sa3008919,Junior Calderon,1B/3B,0.25,0.4256300034117884,,2022,bat,1B/3B
sa3015819,Rafael Cruz,1B/3B,0.25,0.19878004594938822,,2022,bat,1B/3B
sa3008189,Cesar Ortega,1B/OF,0.25,0.3808199962368234,,2022,bat,1B/OF
sa3015744,Angel Tejada,2B,0.25,0.20299998517148193,,2022,bat,2B
sa871442,Gustavo Polanco,C/1B,0.25,0.42433994314633305,,2022,bat,C/1B
sa3007052,Rafael Herrera,OF,0.25,0.3349499847507104,,2022,bat,OF
sa3005779,Jandel Paulino,OF,0.25,0.33982000948162755,,2022,bat,OF
sa3006081,Edwin Peralta,3B,0.25,0.19907001865794877,,2022,bat,3B
sa3005778,Olivber Moreno,OF,0.25,0.3415699917939492,,2022,bat,OF
sa3008755,Branlyn Jaraba,3B,0.25,0.2504400191013701,,2022,bat,3B
sa3011776,Christopher Familia,OF,0.25,0.3052300672978162,,2022,bat,OF
sa3015556,Darol Garcia,2B/SS,0.25,0.13748000136110933,,2022,bat,2B/SS
sa3016131,Marino Castillo,OF,0.25,0.22473001310136165,,2022,bat,OF
sa3015651,Oswal Rada,C,0.25,0.25126994226593524,,2022,bat,C
sa3015809,Gedionne Marlin,2B/3B,0.25,0.17655000678496427,,2022,bat,2B/3B
sa3015585,Jehisbert Sevilla,2B/SS,0.25,0.15887002507224673,,2022,bat,2B/SS
sa3015571,Jamal Zalm,2B/OF,0.25,0.22584995995275675,,2022,bat,2B/OF
sa3017122,Geuri Lubo,SS/OF,0.25,0.14308002146426585,CHC,2022,bat,SS/OF
sa3008928,Smith Vargas,OF,0.25,0.1996800685068592,STL,2022,bat,OF
sa3015541,Juan Castillo,C,0.25,0.24227998962160197,COL,2022,bat,C
sa548065,Jesus Loya,OF,0.25,0.349380007199943,,2022,bat,OF
sa876159,Bren Spillane,1B/OF,0.25,0.4162999862339347,,2022,bat,1B/OF
sa3008927,Densi Meli,3B/SS,0.25,0.14710001084022217,,2022,bat,3B/SS
sa3006216,Justin Oferman,2B/SS,0.25,0.1987899318104609,,2022,bat,2B/SS
sa3015591,Enmanuel Terrero,OF,0.25,0.3514900063979439,,2022,bat,OF
sa3017480,Carlos Colmenarez,3B/SS,0.25,0.06869999270420513,TBR,2022,bat,3B/SS
sa3015553,Ethan De Cuba,OF,0.25,0.2212200133944861,,2022,bat,OF
sa3016128,Moises Valero,1B,0.25,0.40522003767546255,,2022,bat,1B
sa3016162,Jose Perez,3B,0.25,0.13694006598088887,TBR,2022,bat,3B
sa3015736,Jesus Hernandez,3B/SS,0.25,0.20936997850658362,MIA,2022,bat,3B/SS
sa3015627,Yonathan Leon,3B/SS,0.25,0.06485001200344415,,2022,bat,3B/SS
sa3015847,Felix Tena,OF,0.25,0.3792599979322403,,2022,bat,OF
sa3005718,Jhonaiker Osorio,C,0.25,0.08702002062927923,MIA,2022,bat,C
sa3015679,Alvaro Aguero,OF,0.25,0.20268998735118654,,2022,bat,OF
sa3008881,Mauro Bonifacio,OF,0.25,0.31734001900767894,,2022,bat,OF
sa3008795,Teofilo Mendez,P/3B,0.25,0.21525003219721836,ARI,2022,bat,P/3B
sa3003284,Roimer Bolivar,OF,0.25,0.3201699730125256,,2022,bat,OF
sa3015574,Jefrey De Los Santos,2B/OF,0.25,0.17054997419472778,,2022,bat,2B/OF
sa3015632,Juan Garcia,1B/3B,0.25,0.21373002744512629,,2022,bat,1B/3B
sa3015631,Miguel Villarroel,3B/SS,0.25,0.37702994185965494,STL,2022,bat,3B/SS
sa3010335,GJ Hill,2B/OF,0.25,0.3499700132990255,COL,2022,bat,2B/OF
sa3015690,Carlos Vicioso,OF,0.25,0.18891001394949844,,2022,bat,OF
sa3015539,Kevin Rivas,1B,0.25,0.13209998196689407,CLE,2022,bat,1B
sa3006076,Deivi Estrada,OF,0.25,0.33467001924291245,,2022,bat,OF
sa3006185,Randy Romero,OF,0.25,0.3612499531824141,,2022,bat,OF
sa3016556,Angel Parra,OF,0.25,0.21545004768995568,,2022,bat,OF
sa3007064,Brett Langhorne,1B/2B,0.25,0.422809955116827,ATL,2022,bat,1B/2B
sa3002699,Juan Herrera,3B,0.25,0.4114399577258154,,2022,bat,3B
sa3003213,Felix Familia,C/1B,0.25,0.39181002604309456,,2022,bat,C/1B
sa3008802,Alixandri Alvarez,2B,0.25,0.20668000613804902,BOS,2022,bat,2B
sa3008109,K.V. Edwards,OF,0.25,0.330819956283085,,2022,bat,OF
sa3015820,Luis Rodriguez,1B/3B,0.25,0.17266002696705973,,2022,bat,1B/3B
sa3015746,Teudis Cortorreal,OF,0.25,0.32544002869399263,,2022,bat,OF
sa3015595,Jose Sanabria,2B/3B,0.25,0.14430998390307642,,2022,bat,2B/3B
sa3009545,Sebastian Burciaga,2B,0.25,0.18308004152495413,,2022,bat,2B
sa3010048,Ashton Creal,OF,0.25,0.3878099977271632,,2022,bat,OF
sa3015562,Victor Sosa,1B/OF,0.25,0.3797399722738191,,2022,bat,1B/OF
sa3015762,Fabio Villadiego,OF,0.25,0.16410997902275987,,2022,bat,OF
sa3008737,Starlin Gill,1B/2B/3B,0.25,0.3859199735568836,,2022,bat,1B/2B/3B
sa3008799,Albert Feliz,1B,0.25,0.3754900016007014,,2022,bat,1B
sa3008931,Samuel Duarte,OF,0.25,0.33348006510641426,,2022,bat,OF
sa3015533,Erick Caripa,OF,0.25,0.28201002631103617,,2022,bat,OF
sa3005758,Adonis Figuereo,OF,0.25,0.29859995786100624,,2022,bat,OF
sa3015686,Dilan Granadillo,C,0.25,0.05561001675669097,CHC,2022,bat,C
sa3015860,Ezequiel Surun,SS,0.25,0.14158997752238062,,2022,bat,SS
sa3016321,Hans Montero,3B/SS,0.25,0.0624199901474639,NYY,2022,bat,3B/SS
sa3016172,Helison Mota,3B,0.25,0.20727001941995693,,2022,bat,3B
sa3015660,Enger Castellano,1B/3B,0.25,0.14292998372111465,,2022,bat,1B/3B
sa3015548,Luis Encarnacion,1B,0.25,0.3513199610868469,,2022,bat,1B
sa3003256,Claudio Finol,2B/3B,0.25,0.4047399669187142,,2022,bat,2B/3B
sa3008780,Raymi Gomez,OF,0.25,0.32274000889156007,,2022,bat,OF
sa3016143,Daniel Vazquez,SS,0.25,0.12756998331751665,KCR,2022,bat,SS
sa3015763,Enmanuel Ramirez,OF,0.25,0.2167800259194337,WSN,2022,bat,OF
sa3016313,Rivaldo Avila,C,0.25,0.07818999080918726,,2022,bat,C
sa738943,Eric Aguilera,1B,0.25,0.40304997630883005,,2022,bat,1B
sa3005577,Josue Cruz,1B/OF,0.25,0.4029100406216457,,2022,bat,1B/OF
sa3008833,Andres Monzon,OF,0.25,0.17746998288203025,,2022,bat,OF
sa3008809,Giancarlos Santana,OF,0.25,0.2195000340929255,,2022,bat,OF
sa3015870,Edgar Alfonso,2B,0.25,0.17215998668689278,LAA,2022,bat,2B
sa3016546,Jake Perez,3B/OF,0.25,0.2810099897207692,,2022,bat,3B/OF
sa3003268,Anderson Comás,OF,0.25,0.3012099589919671,,2022,bat,OF
sa3015764,Winder Diaz,SS,0.25,0.17969000586308537,,2022,bat,SS
sa3017123,Wilfredo Lara,3B,0.25,0.17332002546172584,MIA,2022,bat,3B
sa3015599,Carlos Jimenez,OF,0.25,0.24771997620118777,SEA,2022,bat,OF
sa3015768,Esmerlyn Valdez,1B/OF,0.25,0.3508000297937543,PIT,2022,bat,1B/OF
sa3015597,Hugo Sanchez,1B/3B,0.25,0.12068999272305514,,2022,bat,1B/3B
sa3003413,Freddvil Chevez,1B,0.25,0.31888999496586623,,2022,bat,1B
sa3004508,Jecorrah Arnold,SS/OF,0.25,0.3059199966257437,,2022,bat,SS/OF
sa3010636,Garrett Frechette,1B,0.25,0.3613900240277871,,2022,bat,1B
sa3010588,Kona Quiggle,OF,0.25,0.2920700074988417,,2022,bat,OF
sa3008811,Alex Zapete,1B/3B,0.25,0.3953599344706162,,2022,bat,1B/3B
sa3008800,Pedro Mota,2B/SS,0.25,0.3300999657949432,,2022,bat,2B/SS
sa3016167,Kleiver Lopez,2B,0.25,0.1543599545373581,,2022,bat,2B
sa3014710,Jhon Diaz,OF,0.25,0.09846002783160651,TBR,2022,bat,OF
sa3015856,Fidel Montero,OF,0.25,0.11969001648249102,CHW,2022,bat,OF
sa3009311,Luis Zambrano,SS,0.25,0.1302799774799496,,2022,bat,SS
sa3015805,Armando Sierra,1B/OF,0.25,0.3284800118999555,,2022,bat,1B/OF
sa3005056,Pedro Diaz,C/1B,0.25,0.323130023269914,,2022,bat,C/1B
sa505268,Jose Manuel Orozco,OF,0.25,0.378260059421882,,2022,bat,OF
sa3015654,Jesus Fernandez,2B/3B,0.25,0.1226000617723912,,2022,bat,2B/3B
sa3009762,Enoy Jimenez,2B,0.25,0.14696997975697731,,2022,bat,2B
sa3005536,Gerard Ramos,1B/OF,0.25,0.5573400148190558,,2022,bat,1B/OF
sa3005542,Skeiling Rodriguez,OF,0.25,0.24665000352542849,,2022,bat,OF
sa3006721,Jose Pastrano,2B/OF,0.25,0.1491100031649694,,2022,bat,2B/OF
sa3008893,Jeury Corona,OF,0.25,0.3356400455581024,PHI,2022,bat,OF
sa3016121,Endri Garcia,OF,0.25,0.31153996618231755,,2022,bat,OF
sa3015812,Julio Pinto,2B/3B,0.25,0.13553002995904528,,2022,bat,2B/3B
sa3015796,Justin Rodriguez,3B,0.25,0.1472899658605456,,2022,bat,3B
sa3016343,Yeison Vargas,2B,0.25,0.1691199679975398,,2022,bat,2B
sa3008930,Lizardo Ruiz,3B/SS,0.25,0.16876000228803598,,2022,bat,3B/SS
sa3015687,Albert Rodriguez,OF,0.25,0.19762001334456725,,2022,bat,OF
sa3015587,Jesus Castillo,2B,0.25,0.1826599863125011,PIT,2022,bat,2B
sa3005476,Fadriel Cruz,OF,0.25,0.44894995240028945,,2022,bat,OF
sa3008573,Omar Martinez,C/1B,0.25,0.3184000179753639,LAA,2022,bat,C/1B
sa3015840,Emerson Purroy,2B/SS,0.25,0.04066998290363699,,2022,bat,2B/SS
sa3015675,Kevin Marrero,OF,0.25,0.132570001494605,MIN,2022,bat,OF
sa3015872,Raul Guzman,OF,0.25,0.1715400334913283,,2022,bat,OF
sa3015772,Elias Reynoso,2B/SS,0.25,0.06955002096947277,,2022,bat,2B/SS
sa3015810,Edgar Basabe,OF,0.25,0.13974000809248535,,2022,bat,OF
sa3015642,Alexis Hernandez,OF,0.25,0.40014001117087894,TOR,2022,bat,OF
sa3008736,Junior Ortega,OF,0.25,0.3095299516571685,,2022,bat,OF
sa3015714,Jefferson Pena,OF,0.25,0.18250001539709043,,2022,bat,OF
sa3015683,Anderson Suriel,1B/OF,0.25,0.39282001899555313,,2022,bat,1B/OF
sa3015851,Derlin Figueroa,1B/3B,0.25,0.08460998955415552,KCR,2022,bat,1B/3B
sa3016307,Santiago Torres,OF,0.25,0.1933400469017215,,2022,bat,OF
sa3015568,Eduarh Colina,OF,0.25,0.3134100058116019,,2022,bat,OF
sa3015852,Gustavo Armas,OF,0.25,0.18366998602868984,,2022,bat,OF
sa3015792,Yhoangel Aponte,OF,0.25,0.16333000210579482,TOR,2022,bat,OF
sa3008796,Edward Romero,2B/SS,0.25,0.10447998936288055,ARI,2022,bat,2B/SS
sa3006581,Anthony Valenzuela,OF,0.25,0.29978002605494103,,2022,bat,OF
sa3006182,Brandon Linares,OF,0.25,0.26853000522824,,2022,bat,OF
sa3008783,Erick Tejeda,1B,0.25,0.3777700407779776,,2022,bat,1B
sa3015780,Richel Del Rosario,3B/OF,0.25,0.13027005714830006,,2022,bat,3B/OF
sa3015708,Ariel Almonte,OF,0.25,0.3604199627880007,CIN,2022,bat,OF
sa3016085,Maikol Flores,OF,0.25,0.2391500193858519,CLE,2022,bat,OF
sa3015582,Fernando Hernandez,3B/SS,0.25,0.17473003728082398,,2022,bat,3B/SS
sa3015789,Roger Lasso,1B/OF,0.25,0.27210003116633735,,2022,bat,1B/OF
sa3016165,Jose Serrano,2B/3B,0.25,0.21972000873647624,,2022,bat,2B/3B
sa3015726,Yeferson Tineo,2B/SS,0.25,0.13629996948875486,,2022,bat,2B/SS
sa3016531,Jorge Morales,3B,0.25,0.14300000640796495,,2022,bat,3B
sa3009339,Otoniel Vallejo,OF,0.25,0.142039953591302,,2022,bat,OF
sa3005151,Kevin Watson Jr,OF,0.25,0.27804006217047567,,2022,bat,OF
sa3015558,Jose Meza,OF,0.25,0.2748199704801663,LAD,2022,bat,OF
sa3016925,Gerald Mejia,OF,0.25,0.13454003038350495,,2022,bat,OF
sa3005558,Juan Santana,OF,0.25,0.2576399875571951,,2022,bat,OF
sa3004161,Sam Abbott,1B,0.25,0.35133005680982027,,2022,bat,1B
sa3005629,Juan Batista,OF,0.25,0.28984997896477577,,2022,bat,OF
sa3015770,Wesley Zapata,2B/3B,0.25,0.1568600438302382,,2022,bat,2B/3B
sa3010882,Anyelo Reyes,2B,0.25,0.14052002325188365,BAL,2022,bat,2B
sa3016084,Allan Castro,OF,0.25,0.31366001511923963,BOS,2022,bat,OF
sa3015570,Diego Larez,OF,0.25,0.3015200238209218,,2022,bat,OF
sa3015572,Alexander Perez,2B/3B,0.25,0.15197002482600505,,2022,bat,2B/3B
sa3015836,Solardo Rodriguez,C/1B/OF,0.25,0.3781800372293218,,2022,bat,C/1B/OF
sa3010336,Trevor Boone,OF,0.25,0.530580040696077,,2022,bat,OF
sa3014681,Michel Triana,1B,0.25,0.4256200248142704,,2022,bat,1B
sa3015745,Wilmer Feliciano,OF,0.25,0.282420014264062,,2022,bat,OF
sa3015655,Luis Echenique,OF,0.25,0.2778199560008942,,2022,bat,OF
sa3015776,Carlos Carmona,OF,0.25,0.13033997976453968,,2022,bat,OF
sa3015793,Nathanael Rodriguez,3B/SS,0.25,0.05995999821461734,,2022,bat,3B/SS
sa3015517,Diosfran Cabeza,C/1B,0.25,0.35342001407407214,ARI,2022,bat,C/1B
sa3016083,Jesus Alvarado,OF,0.25,0.24555997917195777,,2022,bat,OF
sa3015620,Raul Guzman,3B,0.25,0.12233999972231675,,2022,bat,3B
sa3009312,Cesar Aponte,1B/3B/SS,0.25,0.26251003546640267,,2022,bat,1B/3B/SS
sa3016100,Luis Watter,3B/OF,0.25,0.1493399695027619,,2022,bat,3B/OF
sa3015719,Malvin Valdez,OF,0.25,0.2050299591617658,CIN,2022,bat,OF
sa3005518,Richgelon Juliana,OF,0.25,0.2598900673096068,,2022,bat,OF
sa3016150,Victor Celedonio,2B/3B,0.25,0.11884998040040948,,2022,bat,2B/3B
sa3015767,Rodolfo De La Cruz,OF,0.25,0.1616600054432638,,2022,bat,OF
sa3015817,Alexander Benua,OF,0.25,0.14509998650755734,ARI,2022,bat,OF
sa3009325,Cesar Hipolito,2B,0.25,0.11037002800730979,,2022,bat,2B
sa3008806,Axel James,OF,0.25,0.29705004894640297,,2022,bat,OF
sa3015751,Eliam Sandoval,OF,0.25,0.24911002170993013,,2022,bat,OF
sa3015663,Jose Leanez,OF,0.25,0.2748900257050991,,2022,bat,OF
sa3015682,Joel Mendez,OF,0.25,0.21948002709541464,,2022,bat,OF
sa3016717,Luis Suisbel,1B/3B,0.25,0.05210002128733323,SEA,2022,bat,1B/3B
sa3015771,Adari Grant,2B,0.25,0.10916999679757278,,2022,bat,2B
sa3016154,Eddy Rodriguez,1B/OF,0.25,0.36336003630422054,,2022,bat,1B/OF
sa3008774,Tomas Ramirez,OF,0.25,0.12807001894107078,,2022,bat,OF
sa3005508,Ricardo Castro,OF,0.25,0.24707004770170887,,2022,bat,OF
sa3015578,Fabian Machado,OF,0.25,0.2183499518083408,,2022,bat,OF
sa3010284,Elias Fabian,OF,0.25,0.27298997438047085,,2022,bat,OF
sa3008873,Osvaldo Gavilan,OF,0.25,0.3266300112940371,,2022,bat,OF
sa3015717,Yemal Flores,OF,0.25,0.1494199946057051,,2022,bat,OF
sa3015534,Maick Collado,1B/3B,0.25,0.2700499799801036,CLE,2022,bat,1B/3B
sa3014712,Bayron Lora,OF,0.25,0.22988998513901604,TEX,2022,bat,OF
sa3016306,Ricardo Rosario,OF,0.25,0.270380054297857,,2022,bat,OF
sa3008936,Jeremy Celedonio,OF,0.25,0.2814200507244095,,2022,bat,OF
sa3015586,Randy Vasquez,3B,0.25,0.13860003623412923,,2022,bat,3B
sa3015821,Fredy Michel,2B/SS,0.25,0.008519987482577526,,2022,bat,2B/SS
sa3008921,Derek Escobar,1B/OF,0.25,0.2593399705132469,,2022,bat,1B/OF
sa3015757,Diego Villegas,1B/OF,0.25,0.21700998076703393,SFG,2022,bat,1B/OF
sa3016093,Omar Nuel,OF,0.25,0.2663900328567251,,2022,bat,OF
sa3016079,Marco Pernalete,OF,0.25,0.2702200000640005,,2022,bat,OF
sa3015691,Nomar Fana,OF,0.25,0.22102003612089902,,2022,bat,OF
sa3015635,Eliesel Santana,OF,0.25,0.25427995988866314,,2022,bat,OF
sa3016157,Anyelo Encarnación,2B/SS,0.25,0.09665999603457745,STL,2022,bat,2B/SS
sa3008857,Roberth Gutierrez,OF,0.25,0.21002994913142176,,2022,bat,OF
sa3015618,Jeremy Ramos,OF,0.25,0.24132999719586212,,2022,bat,OF
sa3016635,Mendy Ferreira,OF,0.25,0.12382997565437105,,2022,bat,OF
sa3016191,Godwin Bennett,OF,0.25,0.2360399590339511,,2022,bat,OF
sa3015871,Cristian Garcia,1B/3B,0.25,0.30102999400114633,,2022,bat,1B/3B
sa3015801,Luis Castillo,OF,0.25,0.25025995862670236,MIL,2022,bat,OF
sa3015782,Richard Polanco,1B/3B,0.25,0.05087999696843323,,2022,bat,1B/3B
sa3009793,Juan Pizarro,OF,0.25,0.25828001794870936,,2022,bat,OF
sa3015692,Javier Mora,2B,0.25,0.07679006012622264,,2022,bat,2B
sa3005575,Norkis Marcos,SS,0.25,0.31906004939228294,,2022,bat,SS
sa3015829,Samuel Camacaro,3B/SS,0.25,0.0673800043994561,,2022,bat,3B/SS
sa3015837,Yoangel Ramos,1B/3B,0.25,0.13688002835260707,,2022,bat,1B/3B
sa3015640,Lewin De La Cruz,1B/2B/3B,0.25,0.1128999806009233,,2022,bat,1B/2B/3B
sa3003265,Miguel Torres,C,0.25,0.26152001650771123,NYY,2022,bat,C
sa3016077,Brayan Altuve,OF,0.25,0.2532099824864417,,2022,bat,OF
sa3008764,Daury Del Rosario,1B/2B,0.25,0.2185499429586343,,2022,bat,1B/2B
sa3016151,Jediael Maduro,1B/OF,0.25,0.2674000538070686,,2022,bat,1B/OF
sa3011266,Raily Nunez,2B,0.25,0.08765001543797542,,2022,bat,2B
sa3008801,Victor Diaz,C/1B,0.25,0.30014000532682983,,2022,bat,C/1B
sa3016122,Kelvin Diaz,OF,0.25,0.2623199954628944,,2022,bat,OF
sa3015669,Jesus Ortega,OF,0.25,0.22995001196395595,,2022,bat,OF
sa3008776,Jhonny Melenciano,OF,0.25,0.2337000132305547,,2022,bat,OF
sa3015750,Saul Bautista,OF,0.25,0.0736700209323316,,2022,bat,OF
sa3016778,Ramiro Altagracia,OF,0.25,0.04046000143280253,,2022,bat,OF
sa3015740,Eruviel Castillo,1B/3B,0.25,0.08017997944261876,,2022,bat,1B/3B
sa3016175,Jefferson De La Cruz,OF,0.25,0.1813300557318143,MIN,2022,bat,OF
sa3005933,Juan Frias,1B/OF,0.25,0.2798299459042027,,2022,bat,1B/OF
sa3005611,Stir Candelario,OF,0.25,0.2257000142824835,,2022,bat,OF
sa3016327,Marcelo Perez,3B,0.25,0.06063002073206003,,2022,bat,3B
sa3008939,Darel Belen,1B/OF,0.25,0.325010037026368,,2022,bat,1B/OF
sa3005731,Cristian Heredia,OF,0.25,0.1867100244853645,,2022,bat,OF
sa3015514,Eduardo Garcia,1B/3B,0.25,0.31464997276198103,,2022,bat,1B/3B
sa3015625,Arison Jimenez,OF,0.25,0.1359400029061362,TBR,2022,bat,OF
sa3015843,Carlos Jimenez,1B,0.25,0.27251005757134406,,2022,bat,1B
sa3016156,José Suarez,OF,0.25,0.19969001823337743,STL,2022,bat,OF
sa3005920,Rushenten Tomsjansen,OF,0.25,0.21125997443450606,,2022,bat,OF
sa3015850,German Tapia,OF,0.25,0.12974000864196564,,2022,bat,OF
sa3015825,Junior Del Valle,OF,0.25,0.17736998472828416,,2022,bat,OF
sa3005481,Wilfri Peralta,2B/SS,0.25,0.22002999687101693,,2022,bat,2B/SS
sa3015637,Cristian Feliz,1B,0.25,0.2985799643560312,,2022,bat,1B
sa3008856,Frank Astacio,1B/3B,0.25,0.3097800503019243,,2022,bat,1B/3B
sa3015668,Isaias Falcon,OF,0.25,0.21682000346481795,LAA,2022,bat,OF
sa3015791,Luis Ariza,C/1B,0.25,0.20916996226878837,,2022,bat,C/1B
sa3015724,Martin Gimenez,3B/SS,0.25,0.08710003758314996,,2022,bat,3B/SS
sa3015815,Duncan Garcia,OF,0.25,0.2321699899970553,,2022,bat,OF
sa3016106,Adrian Perez,1B/3B,0.25,0.254130020912271,,2022,bat,1B/3B
sa3015755,Jhosward Camacho,1B/3B,0.25,0.2580399875296279,,2022,bat,1B/3B
sa3011601,Luis Feliz,OF,0.25,0.1250100565841421,TBR,2022,bat,OF
sa3009338,Fernando Diaz,1B,0.25,0.2731700320495292,,2022,bat,1B
sa3008957,Ronny Novas,OF,0.25,0.35286000994965433,,2022,bat,OF
sa3015592,Jose Cordero,OF,0.25,0.1590900156646967,,2022,bat,OF
sa3009321,Kelvin Espino,OF,0.25,0.14238997710635878,,2022,bat,OF
sa3016561,Edinson Duran,C/1B,0.25,0.23301002763910217,NYY,2022,bat,C/1B
sa3011407,Reymond Cruz,OF,0.25,0.19138001273386168,,2022,bat,OF
sa3015729,Javier Francisco,1B,0.25,0.24844999839551746,,2022,bat,1B
sa3005475,Luis Yan,1B/OF,0.25,0.2567399554420262,,2022,bat,1B/OF
sa3010724,Spencer Brown,1B/3B,0.25,0.2756499944021925,,2022,bat,1B/3B
sa3015550,Josue Payano,2B/3B,0.25,0.02651998538058244,,2022,bat,2B/3B
sa3009324,Darlyn Montero,1B,0.25,0.17956995954737062,,2022,bat,1B
sa3015806,Yeison Perez,1B/OF,0.25,0.21061004142975426,,2022,bat,1B/OF
sa3016335,Francisco Laya,OF,0.25,0.15870005119359112,,2022,bat,OF
sa3015787,Ronald Pena,1B/OF,0.25,0.13896999370772395,,2022,bat,1B/OF
sa3015667,Grabiel Salazar,P/OF,0.25,0.18325995949562635,,2022,bat,P/OF
sa3011203,J'Rudjeanon Isenia,OF,0.25,0.1834999500308186,,2022,bat,OF
sa3011580,Starlin Mateo,1B/OF,0.25,0.27446003713412204,,2022,bat,1B/OF
sa3008902,Daniel Oliva,OF,0.25,0.18830997911281874,,2022,bat,OF
sa3015520,Luis Suero,OF,0.25,0.20604996529873454,,2022,bat,OF
sa3016723,Francis De Leon,OF,0.25,0.1601199715281837,,2022,bat,OF
sa3009548,John Mejia,2B,0.25,0.20249001092743119,,2022,bat,2B
sa3008922,Ronny Sanchez,1B,0.25,0.2801399608142673,,2022,bat,1B
sa3005614,Darwin Baez,C/1B,0.25,0.29553006323985753,,2022,bat,C/1B
sa3015557,Jose D. Hernandez,1B/3B,0.25,0.23657998580019912,LAD,2022,bat,1B/3B
sa3016777,Fernando Vargas,P/OF,0.25,0.1603600297123193,,2022,bat,P/OF
sa3015602,Jhorjan Guevara,OF,0.25,0.2058800197555683,,2022,bat,OF
sa3016169,Pedro Riera,3B,0.25,0.0585899972589686,MIL,2022,bat,3B
sa3008874,Nelson Beltran,OF,0.25,0.10100004342384632,,2022,bat,OF
sa3016807,Kristin Munroe,3B,0.25,0.03844004684360698,,2022,bat,3B
sa3003385,Junior Melo,C/1B,0.25,0.32575996906962246,,2022,bat,C/1B
sa3015822,Andres Centeno,OF,0.25,0.14430002334993325,,2022,bat,OF
sa3015753,Juanel Urena,OF,0.25,0.14300996109377584,,2022,bat,OF
sa3015855,Raino Coran,OF,0.25,0.17619996594730766,,2022,bat,OF
sa3016097,Renny Hidalgo,OF,0.25,0.1887500281911343,,2022,bat,OF
sa3009285,Mario Mendez,OF,0.25,0.2048599957954138,ARI,2022,bat,OF
sa3015795,Yeuni Munoz,OF,0.25,0.1808799694757908,TOR,2022,bat,OF
sa3016309,Delfin Ramirez,2B,0.25,0.06243005784926931,,2022,bat,2B
sa3015844,Yosmi Fernandez,2B/SS,0.25,-0.016719962237402835,,2022,bat,2B/SS
sa3010895,Welington Santana,OF,0.25,0.24065998957958068,,2022,bat,OF
sa3015589,Javier Rivas,3B/SS,0.25,-0.0018799992045388236,PIT,2022,bat,3B/SS
sa3015575,Joel Flores,OF,0.25,0.14296004956122482,,2022,bat,OF
sa3009567,Jose Rodriguez,OF,0.25,0.1677199863363057,,2022,bat,OF
sa3015605,Cliyano Nahr,OF,0.25,0.14563002486247562,,2022,bat,OF
sa3016105,Dioris Valdez,1B/OF,0.25,0.2539500226965174,,2022,bat,1B/OF
sa3015549,Christopher Morales,OF,0.25,0.1256800338509492,,2022,bat,OF
sa3015766,Ruben Vizcaya,OF,0.25,0.17757994481362402,,2022,bat,OF
sa3015733,Andre Arthur,OF,0.25,0.1693199985777027,,2022,bat,OF
sa3015797,Brayan Rijo,OF,0.25,0.23051998380105937,,2022,bat,OF
sa3015561,Geremias Valencia,1B,0.25,0.23454003615770488,,2022,bat,1B
sa3009656,Moises Barajas,OF,0.25,0.1463899585534818,,2022,bat,OF
sa3008798,Michael James,OF,0.25,0.32955000402871515,,2022,bat,OF
sa3010872,Damian Valdez,OF,0.25,0.15175002838950596,,2022,bat,OF
sa3014877,Matthew Schmidt,1B,0.25,0.22499000502284613,,2022,bat,1B
sa3016300,Angel Contreras,1B,0.25,0.1679100003791973,,2022,bat,1B
sa3016197,Jenier Fernandez,OF,0.25,0.17441999441944056,,2022,bat,OF
sa3006204,Albert Avila,OF,0.25,0.1344200183404609,,2022,bat,OF
sa3015563,Germain Ruiz,1B/OF,0.25,0.1525899773463606,MIA,2022,bat,1B/OF
sa3015538,Juan Rodriguez,OF,0.25,0.0846400153357535,CLE,2022,bat,OF
sa3017020,Wencer Inirio,1B,0.25,0.3013200127752498,,2022,bat,1B
sa3008378,Albert Jerez,SS,0.25,0.2314599638339131,,2022,bat,SS
sa3015617,Keshawn Rombley,OF,0.25,0.13715000563533972,,2022,bat,OF
sa3008083,Kelvin Pena,C/1B,0.25,0.25553994701476757,,2022,bat,C/1B
sa3005918,Yelinson Pena,1B/3B,0.25,0.22127998936921356,,2022,bat,1B/3B
sa3015832,Sebastian Castro,OF,0.25,0.10058002128498629,,2022,bat,OF
sa3015859,Jhoan Contreras,1B,0.25,0.22179002332268277,,2022,bat,1B
sa3015846,Bryant Betancourt,C/1B,0.25,0.3573600062634796,COL,2022,bat,C/1B
sa3008858,Juan Mercedes,1B/OF,0.25,0.1852500443113968,,2022,bat,1B/OF
sa3008829,Yoan Bravo,1B/3B,0.25,0.1542300177505239,,2022,bat,1B/3B
sa3015516,Juan Aparicio,1B/2B/3B,0.25,0.19573002291144792,,2022,bat,1B/2B/3B
sa3015518,Riquelmin Cabral,1B/3B,0.25,0.21148997680284076,,2022,bat,1B/3B
sa3010864,Angel Bautista,1B/2B/3B,0.25,0.1887500497628934,,2022,bat,1B/2B/3B
sa3015823,Reynaldo Madrigal,OF,0.25,0.0868000064860098,,2022,bat,OF
sa3008852,Axcel Peralta,1B,0.25,0.1641100106528029,,2022,bat,1B
sa3008837,Jose Freites,OF,0.25,0.19360002743778743,KCR,2022,bat,OF
sa917465,Pedro Diaz,OF,0.25,0.19328000572277232,,2022,bat,OF
sa3008576,Arquimedes Cumana,C/1B,0.25,0.20954002339858555,,2022,bat,C/1B
sa3015849,Gabriel Terrero,1B/OF,0.25,0.34588998104445634,,2022,bat,1B/OF
sa3016183,Oferman Hernandez,1B/OF,0.25,0.1125899425009265,,2022,bat,1B/OF
sa3015826,Yohairo Cuevas,1B/OF,0.25,0.06999997961102056,NYM,2022,bat,1B/OF
sa3016147,Jerry Torres,1B/OF,0.25,0.1736300010466948,,2022,bat,1B/OF
sa3011472,Jairold Carlito,OF,0.25,0.26506998799741266,COL,2022,bat,OF
sa3006548,Jose Cordova,C/1B,0.25,0.3382799733895807,COL,2022,bat,C/1B
sa3009313,Nicolas Garcia,C/1B,0.25,0.1292699659592472,NYY,2022,bat,C/1B
sa3015544,Everette Cooper,OF,0.25,0.06043998135719448,,2022,bat,OF
sa3016115,Rhoniel Rodriguez,1B,0.25,0.10342003661207852,TBR,2022,bat,1B
sa3008918,Diego Verbel,2B,0.25,0.12923000256996603,SFG,2022,bat,2B
sa3015835,Daniel Ferreira,OF,0.25,0.09193002865649753,,2022,bat,OF
sa3003419,Francisco Ortiz,C/1B,0.25,0.3173500499222427,,2022,bat,C/1B
sa3016177,Santo Martinez,1B,0.25,0.15907993250293653,,2022,bat,1B
sa3015853,Wilmer Bolivar,OF,0.25,0.1016700036125257,,2022,bat,OF
sa3008825,Alberto Bernal,1B,0.25,0.1615300063393078,,2022,bat,1B
sa3016192,Eskoly De Jesus,OF,0.25,0.09389999529812482,,2022,bat,OF
sa3015554,Aldrin Lucas,1B,0.25,0.15797002174658703,,2022,bat,1B
sa3005725,Jesus Orecchia,C/1B,0.25,0.13591998451156542,,2022,bat,C/1B
sa3015588,Ewry Espinal,1B/OF,0.25,0.09509000780526547,,2022,bat,1B/OF
sa3009761,Luis Castillo,1B/3B,0.25,0.095059985644184,,2022,bat,1B/3B
sa3005727,Luis Rodriguez,C/1B,0.25,0.12832999497186393,,2022,bat,C/1B
sa3015619,Francis Reynoso,P/1B,0.25,0.1376799728022888,,2022,bat,P/1B
sa3015658,Arnys Rodriguez,1B,0.25,0.15165003936272106,,2022,bat,1B
sa3015741,Aneudis Mordán,C/1B,0.25,0.10918998689157884,,2022,bat,C/1B
sa3010866,Bryan Nino,OF,0.25,0.1127500332426279,,2022,bat,OF
sa3009323,Derek Vegas,C/1B,0.25,0.1267000491498038,MIA,2022,bat,C/1B
sa3015527,Ray-Jacson Chirino,1B,0.25,0.18276996929198494,,2022,bat,1B
sa3005921,Kelvin Garcia,OF,0.25,0.10083001147722817,,2022,bat,OF
sa3015545,Abelaldo Lopez,OF,0.25,0.010499961697496502,,2022,bat,OF
sa3016098,Miguel Rodriguez,1B/3B,0.25,0.10629000493790952,,2022,bat,1B/3B
sa3009552,Eudys Carrasco,1B/3B,0.25,0.09060003678314382,,2022,bat,1B/3B
sa3015519,Jiter Heredia,OF,0.25,0.01991001120768478,,2022,bat,OF
sa3015664,Jarol Martinez,1B/3B,0.25,0.04151002906728535,,2022,bat,1B/3B
19181,Zack Collins,C,12.170000076293945,51.588540364056826,,2022,bat,C
17062,Grayson Greiner,C,6.03000020980835,17.206439565494655,,2022,bat,C
8553,Gerardo Parra,OF,4.860000133514404,16.7457111466676,,2022,bat,OF
18721,Guillermo Heredia,OF,38.880001068115234,139.2602432787418,,2022,bat,OF
sa915654,Donovan Casey,OF,8.100000381469727,28.960231482982635,,2022,bat,OF
17750,Max Schrock,OF,14.579999923706055,57.30210861861705,,2022,bat,OF
1177,Albert Pujols,1B,53.459999084472656,247.94854668378832,,2022,bat,1B
17954,Sam Hilliard,OF,105.30000305175781,458.0031812667847,,2022,bat,OF
10030,Chris Owings,2B/SS,34.02000045776367,108.74365773200986,,2022,bat,2B/SS
3411,Drew Butera,C,4.519999980926514,10.11208963356912,,2022,bat,C
4062,Dexter Fowler,OF,12.960000038146973,46.749870701134206,,2022,bat,OF
22165,Ryan Vilade,OF,16.200000762939453,64.64605046510695,TBR,2022,bat,OF
18905,Yusniel Díaz,OF,25.920000076293945,92.27240516245365,,2022,bat,OF
14329,Anthony Alford,OF,72.9000015258789,286.39428451061247,,2022,bat,OF
8203,Dee Strange-Gordon,2B,32.400001525878906,104.8649534165859,,2022,bat,2B
16909,Colin Moran,1B/3B,84.23999786376953,380.0894121199846,SEA,2022,bat,1B/3B
