playerid,PlayerName,minpos,G,FPTS,Team,season,stats,role
10155,Mike Trout,OF,150.0,1187.6887296915054,LAA,2021,bat,OF
19709,Fernando Tatis Jr.,SS/OF,150.0,1085.991410446167,SDP,2021,bat,SS/OF
13611,Mookie Betts,OF,150.0,1043.7471498012542,LAD,2021,bat,OF
13510,José Ramírez,3B,150.0,986.3060785531998,CLE,2021,bat,3B
13624,Corey Seager,SS,149.0399932861328,1002.6542884588241,TEX,2021,bat,SS
17678,Alex Bregman,3B,150.0,1025.741388142109,CHC,2021,bat,3B
20123,Juan Soto,OF,150.0,1203.9480860233307,NYM,2021,bat,OF
15998,Cody Bellinger,1B/OF,150.0,1057.9211029291152,NYY,2021,bat,1B/OF
12861,Anthony Rendon,3B,150.0,970.3707525134087,LAA,2021,bat,3B
16505,Matt Chapman,3B,150.0,895.4903603553771,SFG,2021,bat,3B
11477,Christian Yelich,OF,150.0,1055.3624817371367,MIL,2021,bat,OF
11493,Manny Machado,3B,150.0,963.6100056886672,SDP,2021,bat,3B
18401,Ronald Acuña Jr.,OF,150.0,1120.0020174026488,ATL,2021,bat,OF
12916,Francisco Lindor,SS,150.0,945.1595265030861,NYM,2021,bat,SS
9777,Nolan Arenado,3B,150.0,880.1039906859397,ARI,2021,bat,3B
11368,Yasmani Grandal,C,127.91999816894531,704.953791475296,,2021,bat,C
5361,Freddie Freeman,1B,150.0,1083.5481580495832,LAD,2021,bat,1B
12564,Trevor Story,SS,150.0,1013.4173951625825,BOS,2021,bat,SS
14162,Carlos Correa,SS,150.0,835.7449220538139,HOU,2021,bat,SS
15429,Kris Bryant,3B/OF,145.8000030517578,863.5797645807265,COL,2021,bat,3B/OF
15640,Aaron Judge,OF,134.4600067138672,905.4820951104164,NYY,2021,bat,OF
5038,Josh Donaldson,3B,136.0800018310547,804.481866723299,,2021,bat,3B
18015,Paul DeJong,SS,149.0399932861328,771.7641882419588,NYY,2021,bat,SS
3473,Anthony Rizzo,1B,150.0,956.4075343489646,,2021,bat,1B
16252,Trea Turner,SS,150.0,948.7644463062287,PHI,2021,bat,SS
13613,Ketel Marte,2B,150.0,897.6046445369719,ARI,2021,bat,2B
16997,Gleyber Torres,2B,149.0399932861328,906.5180868864059,DET,2021,bat,2B
12144,Max Kepler,OF,145.8000030517578,844.336986541748,,2021,bat,OF
5417,Jose Altuve,2B,150.0,892.3189915180205,HOU,2021,bat,2B
18564,Trent Grisham,OF,137.6999969482422,759.2940009117126,NYY,2021,bat,OF
12856,George Springer,OF,144.17999267578125,958.283227300644,TOR,2021,bat,OF
20043,Luis Robert Jr.,OF,149.0399932861328,786.3654985666275,NYM,2021,bat,OF
14161,Byron Buxton,OF,136.0800018310547,690.7989899396895,MIN,2021,bat,OF
17350,Rafael Devers,3B,147.4199981689453,957.6050023317337,SFG,2021,bat,3B
12161,Xander Bogaerts,SS,149.0399932861328,902.2040391087531,SDP,2021,bat,SS
9874,DJ LeMahieu,2B,150.0,881.1138145446778,,2021,bat,2B
9218,Paul Goldschmidt,1B,150.0,899.7402742505074,NYY,2021,bat,1B
10847,Andrelton Simmons,SS,134.4600067138672,612.6392929553986,,2021,bat,SS
18577,Ke'Bryan Hayes,3B,137.6999969482422,760.7704472541808,CIN,2021,bat,3B
11579,Bryce Harper,OF,150.0,1037.8403864264487,PHI,2021,bat,OF
17232,Yoán Moncada,3B,147.4199981689453,782.1149594306947,LAA,2021,bat,3B
19612,Bo Bichette,SS,149.0399932861328,897.0667364597319,NYM,2021,bat,SS
11739,J.T. Realmuto,C,126.48999786376953,674.4498890280722,PHI,2021,bat,C
16556,Ozzie Albies,2B,150.0,859.7957989692687,ATL,2021,bat,2B
14344,Matt Olson,1B,145.8000030517578,868.8482151150703,ATL,2021,bat,1B
17919,Ian Happ,OF,142.55999755859375,779.6503213167191,CHC,2021,bat,OF
15362,Jeff McNeil,2B/OF,150.0,859.5930361509323,OAK,2021,bat,2B/OF
13769,Adalberto Mondesi,SS,149.0399932861328,741.3209689140319,,2021,bat,SS
5235,Justin Turner,3B,126.36000061035156,749.6149439454078,,2021,bat,3B
12979,Javier Báez,SS,150.0,778.4996673107147,DET,2021,bat,SS
19556,Yordan Alvarez,DH/OF,121.5,832.7472693860531,HOU,2021,bat,DH/OF
14128,Joey Gallo,OF,150.0,837.4968817949294,,2021,bat,OF
16376,Michael Conforto,OF,150.0,902.1365748047828,CHC,2021,bat,OF
17128,Ramón Laureano,OF,149.0399932861328,714.255912578106,SDP,2021,bat,OF
13152,Jorge Polanco,2B/SS,131.22000122070312,692.7856108188628,NYM,2021,bat,2B/SS
18568,Luis Arraez,1B/2B,126.36000061035156,643.1396944522858,SFG,2021,bat,1B/2B
2967,Tommy Pham,OF,130.6999969482422,772.1879538178442,,2021,bat,OF
15172,Tim Anderson,SS,150.0,793.4366138100625,,2021,bat,SS
12533,Marcus Semien,2B/SS,149.0399932861328,849.3911546230315,NYM,2021,bat,2B/SS
11899,Joc Pederson,OF,125.58000183105469,746.5995440244674,TEX,2021,bat,OF
15491,J.P. Crawford,SS,150.0,695.1573357105254,SEA,2021,bat,SS
7304,Salvador Perez,C,123.4000015258789,655.4593286633492,KCR,2021,bat,C
13621,Jeimer Candelario,3B,147.4199981689453,748.4351582527161,LAA,2021,bat,3B
20521,Nick Madrigal,2B/3B,140.94000244140625,649.8367062807083,LAA,2021,bat,2B/3B
18345,Kyle Tucker,OF,150.0,822.8919151306152,LAD,2021,bat,OF
19611,Vladimir Guerrero Jr.,1B,144.17999267578125,939.0716105222702,TOR,2021,bat,1B
10324,Marcell Ozuna,DH/OF,147.16000366210938,916.649234688282,PIT,2021,bat,DH/OF
19290,Randy Arozarena,OF,144.17999267578125,827.630631995201,SEA,2021,bat,OF
21618,Alec Bohm,3B,134.4600067138672,754.9275193452836,PHI,2021,bat,3B
4892,Mike Moustakas,3B,150.0,846.6790203511714,,2021,bat,3B
12552,Eugenio Suárez,3B,150.0,872.517735850811,CIN,2021,bat,3B
19251,Pete Alonso,1B,146.89999389648438,922.8142325162887,BAL,2021,bat,1B
19352,Sean Murphy,C,96.41999816894531,446.4263795018196,ATL,2021,bat,C
4106,Michael Brantley,OF,139.32000732421875,785.6321891069412,,2021,bat,OF
9166,Buster Posey,C,97.77999877929688,422.5222086250781,,2021,bat,C
5297,Aaron Hicks,OF,134.4600067138672,735.2468727350235,,2021,bat,OF
11609,Willson Contreras,C,102.16000366210938,540.397890138626,BOS,2021,bat,C
13301,Max Muncy,1B/3B,131.63999938964844,753.2372369527816,LAD,2021,bat,1B/3B
20126,Dylan Carlson,OF,136.0800018310547,618.0774492263793,CHC,2021,bat,OF
9785,Kyle Seager,3B,144.17999267578125,703.134123826027,,2021,bat,3B
17338,Willi Castro,OF,134.4600067138672,608.4864912033081,COL,2021,bat,OF
11281,Whit Merrifield,2B/OF,150.0,804.2252958536147,,2021,bat,2B/OF
10556,César Hernández,2B,131.22000122070312,621.0506081581116,,2021,bat,2B
12532,Kolten Wong,2B,132.83999633789062,622.1365491867066,,2021,bat,2B
12155,Eddie Rosario,OF,129.60000610351562,732.9700627207757,,2021,bat,OF
14566,Franmil Reyes,DH/OF,150.0,856.6022549748421,,2021,bat,DH/OF
15676,José Abreu,1B,150.0,889.8166781961917,,2021,bat,1B
9077,Lorenzo Cain,OF,122.86000061035156,594.8357606709004,,2021,bat,OF
2434,Nelson Cruz,DH/OF,132.83999633789062,811.2849203765392,,2021,bat,DH/OF
17992,David Fletcher,2B,147.4199981689453,691.9082502126693,,2021,bat,2B
16472,Rhys Hoskins,1B,137.17999267578125,852.3105546712876,CLE,2021,bat,1B
18882,Brandon Lowe,2B,131.22000122070312,690.7450878858565,PIT,2021,bat,2B
11445,Mark Canha,OF,139.32000732421875,715.6458261489868,TEX,2021,bat,OF
4949,Giancarlo Stanton,DH/OF,129.60000610351562,841.1975412368774,NYY,2021,bat,DH/OF
15986,Willy Adames,SS,131.22000122070312,586.0902033686638,SFG,2021,bat,SS
12927,Brandon Nimmo,OF,119.87999725341797,662.4773359060287,TEX,2021,bat,OF
17027,Alex Verdugo,OF,137.6999969482422,746.3008131504058,SDP,2021,bat,OF
12164,Miguel Sanó,1B/3B,149.0399932861328,801.5486130475998,,2021,bat,1B/3B
2396,Carlos Santana,1B,145.8000030517578,800.3840726852416,ARI,2021,bat,1B
7739,Travis d'Arnaud,C,103.95999908447266,522.727166211605,LAA,2021,bat,C
9774,Christian Vázquez,C,102.79000091552734,442.4742941021919,HOU,2021,bat,C
15223,Adam Frazier,2B/OF,136.0800018310547,639.3011716365813,LAA,2021,bat,2B/OF
2900,Roberto Pérez,C,88.88999938964844,313.3008516490459,,2021,bat,C
20003,Keston Hiura,1B/2B,136.5,737.4284227609634,LAD,2021,bat,1B/2B
19294,Nick Solak,2B,134.4600067138672,669.0151315569877,SDP,2021,bat,2B
11265,Jonathan Schoop,2B,131.22000122070312,621.7575721740723,,2021,bat,2B
13590,Jesse Winker,OF,110.05999755859375,664.2330766558646,,2021,bat,OF
7007,Yadier Molina,C,94.91999816894531,392.49958463907234,,2021,bat,C
19470,Tommy Edman,2B,126.36000061035156,599.0978985309599,LAD,2021,bat,2B
18289,Brian Anderson,3B/OF,150.0,742.9969926357268,,2021,bat,3B/OF
19950,Andrés Giménez,2B,123.12000274658203,523.5237177133561,TOR,2021,bat,2B
19508,Kyle Lewis,OF,149.0399932861328,677.6253920316695,,2021,bat,OF
16622,Luis Urías,2B/3B,120.04000091552734,524.9097834825515,,2021,bat,2B/3B
9241,Starling Marte,OF,144.17999267578125,773.0710713148118,KCR,2021,bat,OF
19252,Cavan Biggio,2B,139.32000732421875,730.4660650491713,HOU,2021,bat,2B
11205,Adam Eaton,OF,126.36000061035156,657.7633313417433,,2021,bat,OF
17901,Andrew Benintendi,OF,131.22000122070312,672.5373585939407,CHW,2021,bat,OF
18030,Harrison Bader,OF,111.5199966430664,459.5487027168274,SFG,2021,bat,OF
12371,Tommy La Stella,2B/3B,105.45999908447266,564.3486385345459,,2021,bat,2B/3B
19326,Bryan Reynolds,OF,136.0800018310547,690.374035668373,PIT,2021,bat,OF
10264,Brandon Belt,1B,123.12000274658203,682.4370229959487,,2021,bat,1B
4314,Joey Votto,1B,144.17999267578125,846.0912814736366,,2021,bat,1B
10231,Jose Iglesias,SS,129.60000610351562,555.1514147162436,,2021,bat,SS
6012,Didi Gregorius,SS,134.4600067138672,683.552650809288,,2021,bat,SS
6184,J.D. Martinez,DH/OF,149.0399932861328,971.2077203392981,,2021,bat,DH/OF
14221,Jorge Soler,DH/OF,142.55999755859375,804.5811701893806,LAA,2021,bat,DH/OF
5254,Robbie Grossman,OF,129.60000610351562,643.8613446950912,,2021,bat,OF
13723,Jacob Stallings,C,94.91999816894531,355.8970644295216,BAL,2021,bat,C
5933,Jean Segura,2B/SS,136.0800018310547,690.5277857542038,,2021,bat,2B/SS
4940,Jason Heyward,OF,126.36000061035156,584.0311092853547,,2021,bat,OF
14274,Mitch Haniger,OF,134.4600067138672,727.940431857109,,2021,bat,OF
24618,Ryan Jeffers,C,75.33000183105469,339.8688856780529,MIN,2021,bat,C
21479,Nico Hoerner,2B/SS,101.80000305175781,448.2444501399994,CHC,2021,bat,2B/SS
18314,Dansby Swanson,SS,149.0399932861328,730.8717765808105,CHC,2021,bat,SS
15518,Amed Rosario,SS,106.91999816894531,494.74624273777005,NYY,2021,bat,SS
13620,Carson Kelly,C,90.4000015258789,390.97489024996753,CHC,2021,bat,C
18839,Josh Naylor,1B,115.0199966430664,595.8792708277701,SEA,2021,bat,1B
16478,Kyle Schwarber,DH/OF,117.73999786376953,709.9592979073524,PHI,2021,bat,DH/OF
8709,Elvis Andrus,SS,139.32000732421875,604.8036664009094,,2021,bat,SS
15941,Austin Nola,C,81.44000244140625,358.7312570929527,,2021,bat,C
13185,Orlando Arcia,SS,110.16000366210938,455.84528132677065,MIN,2021,bat,SS
12147,Nick Ahmed,SS,145.8000030517578,604.7688195466994,,2021,bat,SS
10059,Max Stassi,C,78.33999633789062,308.55873271822935,,2021,bat,C
15117,Hunter Dozier,3B/OF,144.17999267578125,696.6350653648376,,2021,bat,3B/OF
1433,Wilson Ramos,C,81.69999694824219,411.4410052537918,,2021,bat,C
18036,Jake Cronenworth,1B/2B,104.26000213623047,489.02695627212523,SDP,2021,bat,1B/2B
10681,Gio Urshela,3B,142.55999755859375,657.1679068088531,MIN,2021,bat,3B
15161,Mitch Garver,C/DH,79.0199966430664,397.5992575883865,SEA,2021,bat,C/DH
15711,Tyler O'Neill,OF,130.9600067138672,600.1599466085434,BAL,2021,bat,OF
14854,Mike Yastrzemski,OF,149.0399932861328,749.1589210987091,ATL,2021,bat,OF
22581,Alejandro Kirk,C,95.9000015258789,519.9038957238198,TOR,2021,bat,C
12984,Jackie Bradley Jr.,OF,127.9800033569336,541.2683426976203,,2021,bat,OF
10047,Wil Myers,1B/OF,140.94000244140625,703.9090253353118,,2021,bat,1B/OF
6153,Eduardo Escobar,3B,140.94000244140625,685.2653835535049,,2021,bat,3B
19955,Gavin Lux,2B,109.37999725341797,520.0966933727265,TBR,2021,bat,2B
19755,Shohei Ohtani,DH,115.0199966430664,680.5307631015778,LAD,2021,bat,DH
16219,J.D. Davis,3B,98.30000305175781,516.5708295226096,,2021,bat,3B
19293,Nick Senzel,OF,122.08000183105469,605.5358410835265,LAD,2021,bat,OF
1744,Miguel Cabrera,1B/3B,137.6999969482422,740.1331637263297,,2021,bat,1B/3B
11442,Gary Sánchez,C,100.94000244140625,519.5098626554011,MIL,2021,bat,C
16535,Danny Jansen,C,78.33999633789062,347.92992182970045,TEX,2021,bat,C
19566,Nathaniel Lowe,1B,100.44000244140625,541.0015161037445,CIN,2021,bat,1B
18360,Austin Riley,3B,133.25999450683594,678.6143772959709,ATL,2021,bat,3B
7802,Miguel Rojas,SS,127.9800033569336,563.4495287060736,LAD,2021,bat,SS
19197,Will Smith,C,85.7300033569336,425.5201732754707,LAD,2021,bat,C
13757,Chris Taylor,OF,116.63999938964844,535.0083982944487,LAA,2021,bat,OF
17982,Ty France,1B,126.36000061035156,607.595714509487,SDP,2021,bat,1B
5343,Brandon Crawford,SS,127.9800033569336,514.0932636976241,,2021,bat,SS
16578,Yandy Díaz,1B/3B,110.16000366210938,580.4235784053803,TBR,2021,bat,1B/3B
12649,Alex Dickerson,OF,105.72000122070312,599.9464816570282,,2021,bat,OF
7859,Charlie Blackmon,OF,136.0800018310547,833.1183546066284,,2021,bat,OF
16512,Isiah Kiner-Falefa,SS,145.8000030517578,588.6694978237151,BOS,2021,bat,SS
2136,David Peralta,OF,129.60000610351562,652.2986541509628,,2021,bat,OF
5222,Justin Upton,OF,132.83999633789062,688.5289377570151,,2021,bat,OF
10200,Tucker Barnhart,C,96.41999816894531,371.4140676259995,,2021,bat,C
11038,Kevin Kiermaier,OF,121.5,482.1885039806366,,2021,bat,OF
9368,Evan Longoria,3B,108.0199966430664,505.17286164760594,,2021,bat,3B
14712,Manuel Margot,OF,105.30000305175781,476.56269204616535,,2021,bat,OF
17696,Kevin Newman,2B/SS,129.0800018310547,566.1147591114045,KCR,2021,bat,2B/SS
8623,Donovan Solano,2B,124.73999786376953,557.6794037580489,,2021,bat,2B
11737,Nick Castellanos,3B/OF,145.8000030517578,836.3574638843537,SDP,2021,bat,3B/OF
13367,Stephen Piscotty,OF,124.73999786376953,574.3287184476852,,2021,bat,OF
15487,Victor Reyes,OF,100.44000244140625,458.65805425643913,,2021,bat,OF
13419,Christian Walker,1B,132.83999633789062,684.1552645564079,HOU,2021,bat,1B
18363,Victor Robles,OF,150.0,651.0897264003753,SEA,2021,bat,OF
19238,Lourdes Gurriel Jr.,OF,136.0800018310547,738.3411367893219,ARI,2021,bat,OF
11982,Travis Shaw,3B,84.66000366210938,408.5318922877311,BOS,2021,bat,3B
21523,Jonathan India,2B,124.73999786376953,534.9632775068283,KCR,2021,bat,2B
13499,Tom Murphy,C,83.43000030517578,317.0594715952872,,2021,bat,C
12158,Austin Barnes,C,54.2400016784668,200.3110831528902,NYM,2021,bat,C
14811,Luke Voit,1B/DH,108.54000091552734,615.6075877606869,,2021,bat,1B/DH
18900,Leody Taveras,OF,124.73999786376953,551.3499263763428,BAL,2021,bat,OF
3516,Eric Hosmer,1B,147.4199981689453,735.012585568428,,2021,bat,1B
20325,Alex Kirilloff,1B/OF,89.0999984741211,422.59371536970133,,2021,bat,1B/OF
9256,AJ Pollock,OF,126.5199966430664,626.8349177718162,,2021,bat,OF
16909,Colin Moran,1B/3B,131.22000122070312,649.3233144402504,SEA,2021,bat,1B/3B
10815,Jurickson Profar,OF,94.27999877929688,426.28492957353586,ATL,2021,bat,OF
14551,Anthony Santander,OF,147.4199981689453,801.8447091341018,TOR,2021,bat,OF
14553,Nomar Mazara,OF,103.68000030517578,501.86003137826924,,2021,bat,OF
20078,Evan White,1B,140.94000244140625,624.2445761799813,LAA,2021,bat,1B
2829,Manny Piña,C,48.209999084472656,192.0380720436573,,2021,bat,C
9847,Andrew McCutchen,OF,134.4600067138672,763.4671546816825,TEX,2021,bat,OF
19198,Yuli Gurriel,1B,145.8000030517578,724.8127840161322,SDP,2021,bat,1B
12976,Austin Hedges,C,46.70000076293945,169.76711249053477,CLE,2021,bat,C
17620,Myles Straw,OF,129.60000610351562,504.03830115795125,TOR,2021,bat,OF
27461,Shogo Akiyama,OF,86.18000030517578,435.75904604196546,,2021,bat,OF
18042,Dylan Moore,2B/OF,106.91999816894531,447.7682948708533,PHI,2021,bat,2B/OF
15112,Ryan McMahon,3B,136.0800018310547,655.6040256023407,NYY,2021,bat,3B
15983,Clint Frazier,OF,126.36000061035156,640.2858072996138,,2021,bat,OF
12859,James McCann,C,102.44999694824219,401.37994923591606,ARI,2021,bat,C
12179,Maikel Franco,3B,116.63999938964844,578.1900612294672,,2021,bat,3B
15191,Chad Pinder,OF,79.37999725341797,360.74786887764924,,2021,bat,OF
11200,Kole Calhoun,OF,110.16000366210938,535.6012847065925,,2021,bat,OF
16530,Mauricio Dubón,2B/OF,97.19999694824219,408.8435373783111,ATL,2021,bat,2B/OF
10472,Enrique Hernández,OF,97.19999694824219,479.5234624385834,LAD,2021,bat,OF
5452,Ji Man Choi,1B,90.72000122070312,476.75498953461647,,2021,bat,1B
14968,Victor Caratini,C,52.290000915527344,221.78528370857236,MIN,2021,bat,C
15672,Austin Meadows,DH/OF,116.63999938964844,632.3645448446273,,2021,bat,DH/OF
14818,JaCoby Jones,OF,121.5,476.7468151807786,,2021,bat,OF
19918,Daulton Varsho,OF,60.959999084472656,290.46553173065183,TOR,2021,bat,OF
16930,Jonah Heim,C,61.77000045776367,234.5719116091728,ATL,2021,bat,C
13338,Omar Narváez,C,66.29000091552734,278.64664378762245,,2021,bat,C
13265,Mike Zunino,C,85.87999725341797,292.55645834207536,,2021,bat,C
6887,Martín Maldonado,C,87.37999725341797,279.8572028338909,,2021,bat,C
15149,Trey Mancini,1B/DH/OF,131.22000122070312,727.0198328256607,LAA,2021,bat,1B/DH/OF
8090,Matt Carpenter,3B,80.37999725341797,377.83206897377966,,2021,bat,3B
17838,Willie Calhoun,DH/OF,110.16000366210938,570.0155236005783,,2021,bat,DH/OF
27506,Ha-Seong Kim,SS,60.099998474121094,283.06172766089435,ATL,2021,bat,SS
18373,Ryan Mountcastle,1B,134.4600067138672,690.5671497941016,BAL,2021,bat,1B
19363,Austin Hays,OF,113.4000015258789,523.3447602152823,CHW,2021,bat,OF
18607,Jared Walsh,1B,93.95999908447266,477.3473546504974,,2021,bat,1B
8722,Jason Castro,C,58.7599983215332,214.18204878270623,,2021,bat,C
16424,Jordan Luplow,OF,56.70000076293945,273.10603964328766,,2021,bat,OF
15194,Jake Bauers,1B/OF,81.0,372.87509885430336,MIL,2021,bat,1B/OF
17907,Brendan Rodgers,2B,96.94000244140625,462.9092895984649,BOS,2021,bat,2B
11342,Jesús Aguilar,1B,119.87999725341797,616.9215047955513,,2021,bat,1B
12546,C.J. Cron,1B,115.5999984741211,660.5870356202124,,2021,bat,1B
22558,Jarred Kelenic,OF,108.54000091552734,462.0365712642669,CHW,2021,bat,OF
11902,Hanser Alberto,2B/3B,72.9000015258789,315.99021753072736,,2021,bat,2B/3B
14593,David Bote,2B/3B,71.86000061035156,312.60737761259077,LAD,2021,bat,2B/3B
13145,Josh Bell,1B,136.0800018310547,793.9010013103485,MIN,2021,bat,1B
15653,Dominic Smith,1B/OF,127.45999908447266,629.2903529047965,ATL,2021,bat,1B/OF
27459,Yoshi Tsutsugo,1B/DH/OF,82.62000274658203,420.9764747142792,,2021,bat,1B/DH/OF
9345,Brock Holt,2B/3B/OF,90.72000122070312,346.08728945255274,,2021,bat,2B/3B/OF
16725,Jose Trevino,C,84.5999984741211,289.2213838756084,CIN,2021,bat,C
20036,Isaac Paredes,3B,48.599998474121094,203.8989719569683,HOU,2021,bat,3B
17988,Tyler Stephenson,C,46.70000076293945,204.19877381920813,CIN,2021,bat,C
5827,Wilmer Flores,1B,57.02000045776367,305.41311865448944,,2021,bat,1B
12907,Gregory Polanco,OF,116.63999938964844,538.2297049283981,,2021,bat,OF
14894,Tony Kemp,2B/OF,77.76000213623047,307.6955157756806,,2021,bat,2B/OF
9627,Yan Gomes,C,75.33000183105469,308.6900563776493,,2021,bat,C
19339,Nicky Lopez,2B/SS,71.27999877929688,272.8475614309311,COL,2021,bat,2B/SS
7476,Alex Avila,C,63.279998779296875,251.38886018395422,,2021,bat,C
12092,Niko Goodrum,2B/SS,89.0999984741211,368.03276827335355,,2021,bat,2B/SS
15905,Luis Torrens,C,69.30000305175781,284.97177203297616,NYM,2021,bat,C
5517,Kyle Higashioka,C,42.18000030517578,168.87078687846662,TEX,2021,bat,C
13853,Joey Wendle,2B/3B/SS,89.0999984741211,357.51602213382716,,2021,bat,2B/3B/SS
19966,Bobby Dalbec,1B,123.12000274658203,624.4970259547233,,2021,bat,1B
19514,Andrew Knizner,C,48.209999084472656,205.646593645215,SEA,2021,bat,C
19958,Carter Kieboom,3B,87.4800033569336,361.3504792809486,CLE,2021,bat,3B
19734,Josh Rojas,2B/3B,64.0199966430664,290.47094930410384,KCR,2021,bat,2B/3B
5760,Avisaíl García,OF,71.86000061035156,342.1044747769832,,2021,bat,OF
10762,Corey Dickerson,OF,126.36000061035156,634.3636680603026,,2021,bat,OF
16542,Shed Long Jr.,2B/OF,55.08000183105469,230.47852296233174,,2021,bat,2B/OF
14567,Franchy Cordero,1B/OF,93.95999908447266,465.8090567827224,,2021,bat,1B/OF
14225,Yasiel Puig,OF,61.560001373291016,316.90539007782934,,2021,bat,OF
10243,Randal Grichuk,OF,93.95999908447266,488.33422365188596,NYY,2021,bat,OF
19181,Zack Collins,C,63.93000030517578,267.4264316618443,,2021,bat,C
4579,Starlin Castro,2B/SS,117.4800033569336,546.3902941703795,,2021,bat,2B/SS
12037,Jon Berti,3B,78.33999633789062,340.65027158260347,,2021,bat,3B
15055,Dom Nuñez,C,57.25,238.11147509813304,CLE,2021,bat,C
13066,Teoscar Hernández,OF,147.4199981689453,751.4500587701797,LAD,2021,bat,OF
15679,Rowdy Tellez,1B,92.33999633789062,497.0578782916069,,2021,bat,1B
12160,Ben Gamel,OF,59.939998626708984,246.72070302963255,ATL,2021,bat,OF
18795,Ramón Urías,3B,58.31999969482422,254.3318785607815,STL,2021,bat,3B
4418,Jed Lowrie,2B/SS,76.13999938964844,296.9913578748703,,2021,bat,2B/SS
15464,Hunter Renfroe,OF,111.77999877929688,571.7014443755149,,2021,bat,OF
16153,Austin Slater,OF,57.279998779296875,268.83464044332504,DET,2021,bat,OF
12977,Michael Pérez,C,45.20000076293945,165.30674027502536,,2021,bat,C
16434,Christian Arroyo,2B,77.76000213623047,343.2278662681579,NYM,2021,bat,2B
9134,Tyler Flowers,C,30.1299991607666,105.87837955355643,,2021,bat,C
11489,Michael A. Taylor,OF,69.66000366210938,269.2168041825294,,2021,bat,OF
9927,Brett Gardner,OF,59.939998626708984,264.73670914173124,,2021,bat,OF
16375,Óscar Mercado,OF,48.599998474121094,201.5848248243332,ARI,2021,bat,OF
14103,Rio Ruiz,3B,89.0999984741211,387.74877455234525,,2021,bat,3B
3086,Mitch Moreland,1B,106.91999816894531,502.6550573229789,,2021,bat,1B
14477,Jake Cave,OF,50.220001220703125,210.3442130684852,,2021,bat,OF
10950,Adam Duvall,OF,119.87999725341797,558.935961639881,,2021,bat,OF
8259,Kurt Suzuki,C,64.77999877929688,284.48064405620096,,2021,bat,C
12510,Curt Casali,C,37.52000045776367,145.95950996875763,,2021,bat,C
12950,Phillip Evans,3B/OF,69.30000305175781,295.72386778593057,,2021,bat,3B/OF
12981,Cam Gallagher,C,34.650001525878906,118.50743283331394,,2021,bat,C
11339,Jake Marisnick,OF,60.2599983215332,242.96549057960507,,2021,bat,OF
22217,Luis Campusano,C,25.610000610351562,109.55612792074677,SDP,2021,bat,C
6609,Freddy Galvis,SS,127.9800033569336,490.3196209073066,,2021,bat,SS
15124,Tim Locastro,OF,72.80000305175781,320.651663339138,,2021,bat,OF
4962,Asdrúbal Cabrera,SS,62.81999969482422,288.96563757658004,CIN,2021,bat,SS
23667,Wander Franco,SS,102.05999755859375,365.510782790184,TBR,2021,bat,SS
14145,Daniel Robertson,2B/3B/SS,38.099998474121094,157.62359793186187,,2021,bat,2B/3B/SS
16403,Francisco Mejía,C,52.72999954223633,212.66083205938338,,2021,bat,C
9112,Khris Davis,DH/OF,59.939998626708984,312.31709437370296,,2021,bat,DH/OF
19878,Adam Haseley,OF,71.86000061035156,302.86002516746515,,2021,bat,OF
5491,Austin Romine,C,40.68000030517578,150.26771188378333,,2021,bat,C
5497,Marwin Gonzalez,SS,82.62000274658203,378.5949003696441,,2021,bat,SS
17326,Cole Tucker,SS/OF,42.119998931884766,152.8546537399292,,2021,bat,SS/OF
10071,Jonathan Villar,2B/SS,59.58000183105469,276.88031222224237,,2021,bat,2B/SS
4866,Jarrod Dyson,OF,56.70000076293945,208.49002401828767,,2021,bat,OF
17098,Dustin Fowler,OF,87.80000305175781,355.3458374023437,,2021,bat,OF
15279,Garrett Cooper,1B/DH,63.5,315.33001068830487,,2021,bat,1B/DH
14130,Daniel Vogelbach,1B/DH,29.479999542236328,152.73879378437996,,2021,bat,1B/DH
5913,Leury García,OF,82.62000274658203,336.9081419706344,,2021,bat,OF
14523,Pedro Severino,C,61.77000045776367,266.1767670750618,,2021,bat,C
7927,Eric Sogard,2B,32.400001525878906,137.70242886841297,,2021,bat,2B
20454,Jazz Chisholm Jr.,2B/OF,115.18000030517578,421.6809025287628,NYY,2021,bat,2B/OF
15937,Aledmys Díaz,SS,40.5,179.05951936841012,,2021,bat,SS
19960,Taylor Trammell,OF,98.81999969482422,364.27194906473153,HOU,2021,bat,OF
10816,Jedd Gyorko,2B/3B,35.63999938964844,177.62528688311576,,2021,bat,2B/3B
17484,Eloy Jiménez,DH/OF,14.579999923706055,91.37259683609007,TOR,2021,bat,DH/OF
13807,Kevin Plawecki,C,45.20000076293945,186.19865711927412,,2021,bat,C
3410,Ryan Braun,OF,51.84000015258789,265.9239567756652,,2021,bat,OF
19643,Daniel Johnson,OF,42.119998931884766,178.26989585757252,MIA,2021,bat,OF
5000,Stephen Vogt,C,39.279998779296875,156.57359707355496,,2021,bat,C
19683,Mike Brosseau,3B,32.400001525878906,147.3793133676052,,2021,bat,3B
15082,Adam Engel,OF,74.5199966430664,258.7388624310493,,2021,bat,OF
13744,David Dahl,OF,102.05999755859375,447.313645863533,,2021,bat,OF
12434,Kevin Pillar,OF,62.13999938964844,258.0110724449157,,2021,bat,OF
11680,Elias Díaz,C,84.37000274658203,364.93488678932187,KCR,2021,bat,C
17929,Cedric Mullins,OF,89.0999984741211,368.5111726284027,TBR,2021,bat,OF
9929,Darin Ruf,1B/OF,33.2400016784668,163.91912763118742,,2021,bat,1B/OF
24617,Jarren Duran,OF,53.459999084472656,226.41733517646784,BOS,2021,bat,OF
14388,Ronald Guzmán,1B,74.5199966430664,309.914392709732,,2021,bat,1B
17062,Grayson Greiner,C,39.16999816894531,127.09730845689774,,2021,bat,C
19452,Jake Rogers,C,27.1200008392334,90.3529524832964,DET,2021,bat,C
16451,Luis Guillorme,2B/3B,43.380001068115234,166.08581791818136,,2021,bat,2B/3B
15490,Justin Williams,OF,43.63999938964844,177.21254007220267,,2021,bat,OF
17684,Vimael Machín,3B,22.68000030517578,89.38479769825933,COL,2021,bat,3B
17161,Chad Wallach,C,61.77000045776367,184.0728960394859,OAK,2021,bat,C
17278,Bobby Bradley,1B,30.780000686645508,144.26005649268626,,2021,bat,1B
13755,Tomás Nido,C,42.18000030517578,134.91720332503317,DET,2021,bat,C
16925,Aramis Garcia,C,39.16999816894531,109.66922304630279,ARI,2021,bat,C
16448,Jacob Nottingham,C,33.369998931884766,109.20952193737028,SEA,2021,bat,C
17766,DJ Stewart,OF,63.18000030517578,299.608796352148,,2021,bat,OF
13329,Jake Lamb,3B,24.299999237060547,108.63507214188576,,2021,bat,3B
19892,Pavin Smith,1B/OF,24.299999237060547,114.90960187315939,ARI,2021,bat,1B/OF
21524,Joey Bart,C,15.069999694824219,60.18196208775043,PIT,2021,bat,C
22515,Heliot Ramos,OF,35.63999938964844,137.80880473852156,SFG,2021,bat,OF
18083,Austin Allen,C,15.069999694824219,57.13313945829867,,2021,bat,C
16939,Lane Thomas,OF,22.15999984741211,91.19599943757056,KCR,2021,bat,OF
3892,Josh Reddick,OF,64.80000305175781,277.20292403697965,,2021,bat,OF
18136,Ka'ai Tom,OF,43.7400016784668,168.66942443847654,,2021,bat,OF
17276,Alex Jackson,C,29.309999465942383,113.51203604340552,MIN,2021,bat,C
12180,Jorge Alfaro,C,75.33000183105469,276.94771763682365,KCR,2021,bat,C
19768,Rylan Bannon,2B/3B/DH,30.780000686645508,125.28946276903153,,2021,bat,2B/3B/DH
19599,Chas McCormick,OF,40.5,154.02576240301133,CHC,2021,bat,OF
17423,Yermín Mercedes,DH,17.25,76.30766906142235,,2021,bat,DH
16852,John Nogowski,1B,19.079999923706055,84.09852483719585,,2021,bat,1B
15730,Tyler Wade,2B/OF,37.2599983215332,137.8707312643528,TEX,2021,bat,2B/OF
19627,Brent Rooker,DH/OF,17.81999969482422,82.99819010943175,OAK,2021,bat,DH/OF
15794,Yonathan Daza,OF,42.959999084472656,191.73495630025863,,2021,bat,OF
19610,Keibert Ruiz,C,12.050000190734863,49.48871990814805,WSN,2021,bat,C
19961,Colton Welker,1B/3B,17.81999969482422,88.02434121966361,,2021,bat,1B/3B
18288,Austin Dean,OF,19.600000381469727,90.82112121731042,,2021,bat,OF
19698,Edward Olivares,OF,35.63999938964844,138.58275051116942,TBR,2021,bat,OF
12775,Brad Miller,SS,51.220001220703125,241.47485557198524,,2021,bat,SS
14691,Harold Castro,2B,45.36000061035156,158.9725530862808,,2021,bat,2B
18905,Yusniel Díaz,OF,50.220001220703125,214.30093435049056,,2021,bat,OF
14773,Yu Chang,SS,19.440000534057617,72.5345722168684,,2021,bat,SS
18889,Danny Mendick,2B/SS,14.579999923706055,56.40575046390295,,2021,bat,2B/SS
19858,Luis Rengifo,2B/3B,14.579999923706055,57.29036044776439,MIL,2021,bat,2B/3B
9205,Logan Morrison,1B/OF,25.920000076293945,125.6082654222846,,2021,bat,1B/OF
17710,Matt Beaty,1B/OF,25.559999465942383,117.24119936823843,,2021,bat,1B/OF
19909,Anderson Tejeda,SS,14.579999923706055,57.249579706788055,,2021,bat,SS
3648,René Rivera,C,12.050000190734863,45.06219806149602,,2021,bat,C
15608,Willians Astudillo,C/3B,6.03000020980835,28.34491042569279,,2021,bat,C/3B
19948,Cristian Pache,OF,123.12000274658203,507.85152120590203,NYM,2021,bat,OF
11936,Joe Panik,2B,29.15999984741211,121.27124351263045,,2021,bat,2B
785,Todd Frazier,3B,21.479999542236328,94.05689234435557,,2021,bat,3B
19844,Abraham Toro,2B/3B,17.81999969482422,78.90104041099548,KCR,2021,bat,2B/3B
20391,Luis García Jr.,2B,50.220001220703125,198.7626689076423,WSN,2021,bat,2B
9892,Jay Bruce,OF,51.84000015258789,255.03193715810778,,2021,bat,OF
14950,Johan Camargo,3B/SS,21.899999618530273,95.76336696594953,,2021,bat,3B/SS
20529,Nolan Jones,OF,11.34000015258789,51.25726213157177,CLE,2021,bat,OF
19521,Andrew Young,2B,14.579999923706055,63.37027102410792,,2021,bat,2B
15519,Franklin Barreto,2B/SS,27.540000915527344,101.38386431634426,,2021,bat,2B/SS
15170,Josh VanMeter,2B,20.020000457763672,90.70156111121177,,2021,bat,2B
14503,Renato Núñez,3B/DH,11.34000015258789,55.433322621136895,,2021,bat,3B/DH
14329,Anthony Alford,OF,88.83999633789062,310.52112007141113,,2021,bat,OF
12384,Beau Taylor,C,15.069999694824219,42.387439689040185,,2021,bat,C
13324,Ildemaro Vargas,2B/3B,18.139999389648438,74.04699841141701,ARI,2021,bat,2B/3B
20536,Vidal Bruján,2B/OF,19.440000534057617,73.52742940187454,NYM,2021,bat,2B/OF
13897,Tyler Heineman,C,7.53000020980835,28.198290015012027,TOR,2021,bat,C
12858,Brian Goodwin,OF,17.559999465942383,77.22782428264617,,2021,bat,OF
14555,Wyatt Mathisen,1B/3B,21.219999313354492,88.67934193611146,,2021,bat,1B/3B
15482,Aristides Aquino,OF,20.700000762939453,103.3708548769355,,2021,bat,OF
16524,Ryan McBroom,1B/OF,29.15999984741211,121.98507843911646,,2021,bat,1B/OF
13369,Erik González,3B/SS,26.760000228881836,100.64245606064797,,2021,bat,3B/SS
9433,Dustin Garneau,C,7.53000020980835,26.476181447505947,,2021,bat,C
15274,Mike Tauchman,OF,29.15999984741211,121.10312028527258,NYM,2021,bat,OF
18316,Edwin Rios,1B/3B/DH,27.860000610351562,117.75426438003778,,2021,bat,1B/3B/DH
7185,Logan Forsythe,2B,22.68000030517578,82.14035602957009,,2021,bat,2B
15767,José Marmolejos,1B/OF,25.920000076293945,109.53898352831602,,2021,bat,1B/OF
16221,Bradley Zimmer,OF,14.579999923706055,52.161241851747036,,2021,bat,OF
13167,Robel García,2B,27.540000915527344,110.32555085122584,,2021,bat,2B
20503,William Contreras,C,18.079999923706055,63.66564338952303,MIL,2021,bat,C
4922,Ender Inciarte,OF,48.2400016784668,181.3890101075172,,2021,bat,OF
13359,Tyler Naquin,OF,18.920000076293945,82.9890459805727,,2021,bat,OF
14131,Greg Bird,1B,16.6200008392334,86.66172250807284,,2021,bat,1B
18433,P.J. Higgins,C/1B,10.550000190734863,34.15397862195968,CIN,2021,bat,C/1B
21534,Cal Raleigh,C,6.03000020980835,23.631051452830434,SEA,2021,bat,C
17321,Michael Chavis,1B/2B,35.63999938964844,158.0204748034477,CIN,2021,bat,1B/2B
15585,Mike Ford,1B/DH,9.720000267028809,50.26091307327152,,2021,bat,1B/DH
2151,Edwin Encarnación,1B/3B/DH,40.5,196.1621134534478,,2021,bat,1B/3B/DH
17922,Isan Díaz,2B/3B,36.060001373291016,149.77656081914898,,2021,bat,2B/3B
18819,Andy Ibáñez,2B/3B,14.579999923706055,53.43597970455885,OAK,2021,bat,2B/3B
5273,Sandy León,C,13.5600004196167,41.40546339452267,ATL,2021,bat,C
14387,Harold Ramírez,DH/OF,16.200000762939453,67.1219864591956,,2021,bat,DH/OF
4062,Dexter Fowler,OF,98.81999969482422,403.1645056724548,,2021,bat,OF
19392,Zach McKinstry,3B/OF,27.440000534057617,104.8550918161869,DET,2021,bat,3B/OF
17548,Taylor Ward,OF,9.720000267028809,42.86301932334899,BAL,2021,bat,OF
13132,Andrew Susac,C,10.550000190734863,33.39648957848548,,2021,bat,C
17022,Edmundo Sosa,3B/SS,15.0,53.3258100837469,PHI,2021,bat,3B/SS
14109,Albert Almora Jr.,OF,34.18000030517578,130.46530801057813,,2021,bat,OF
2616,Zack Cozart,SS,9.720000267028809,37.18633871078491,,2021,bat,SS
13854,Anthony Bemboom,C,7.53000020980835,23.272068422287703,,2021,bat,C
15674,Reese McGuire,C,12.050000190734863,41.101518429815776,MIL,2021,bat,C
12284,Kevan Smith,C,12.050000190734863,46.56156140565873,,2021,bat,C
15878,Miguel Andujar,3B/OF,12.960000038146973,64.40108913779257,SDP,2021,bat,3B/OF
12325,Jace Peterson,2B/3B,9.720000267028809,39.50774125605821,,2021,bat,2B/3B
19562,Zack Short,SS,8.100000381469727,27.601178862154484,NYY,2021,bat,SS
14735,Brett Phillips,OF,16.200000762939453,57.483531051874174,,2021,bat,OF
14813,Kyle Farmer,2B/SS,40.689998626708984,147.36080955862997,ATL,2021,bat,2B/SS
19968,Jared Oliva,OF,16.100000381469727,63.50171976089477,SFG,2021,bat,OF
18054,Sam Haggerty,OF,21.059999465942383,76.53047185838221,TEX,2021,bat,OF
17714,Christin Stewart,OF,11.34000015258789,51.83085152804851,,2021,bat,OF
19331,Jose Rojas,3B/OF,32.400001525878906,126.12411256432532,NYM,2021,bat,3B/OF
19314,Donovan Walton,2B/SS,6.480000019073486,22.645168462395663,LAA,2021,bat,2B/SS
21501,Trevor Larnach,DH/OF,4.860000133514404,21.649538476765155,MIN,2021,bat,DH/OF
14885,Pat Valaika,2B/SS,42.119998931884766,160.85979456901546,,2021,bat,2B/SS
16572,Connor Joe,1B/OF,15.9399995803833,75.62789765894412,SEA,2021,bat,1B/OF
19997,Santiago Espinal,2B/3B,8.100000381469727,29.980779804289337,LAD,2021,bat,2B/3B
18126,LaMonte Wade Jr.,1B/OF,8.100000381469727,34.14868004471064,CHW,2021,bat,1B/OF
10199,Billy Hamilton,OF,11.34000015258789,33.165448136627674,,2021,bat,OF
16953,Chadwick Tromp,C,3.009999990463257,11.607930028066038,ATL,2021,bat,C
15988,Deivy Grullón,C,4.519999980926514,17.9402409914881,,2021,bat,C
18063,Kyle Garlick,OF,19.440000534057617,74.60543776005505,,2021,bat,OF
20321,Stuart Fairchild,OF,9.720000267028809,38.68581707477569,CLE,2021,bat,OF
18872,Jahmai Jones,2B/DH/OF,38.880001068115234,138.6190521121025,DET,2021,bat,2B/DH/OF
10655,Rob Brantly,C,7.53000020980835,26.073090375959872,,2021,bat,C
18353,Daz Cameron,OF,14.579999923706055,52.154408329725264,MIL,2021,bat,OF
17109,Meibrys Viloria,C,12.050000190734863,38.06105177849531,,2021,bat,C
16442,Ryan O'Hearn,1B/DH,9.720000267028809,43.280097839981316,PIT,2021,bat,1B/DH
4298,Matt Wieters,C,22.600000381469727,79.11700948774813,,2021,bat,C
11476,Odúbel Herrera,OF,22.68000030517578,96.2753828704357,,2021,bat,OF
22202,Jeter Downs,2B/3B/SS,6.480000019073486,27.78469120264053,,2021,bat,2B/3B/SS
18395,Travis Blankenhorn,DH/OF,3.240000009536743,13.067919713258743,,2021,bat,DH/OF
18067,Garrett Stubbs,C,4.519999980926514,15.204589123278854,PHI,2021,bat,C
19260,Jake Fraley,OF,14.579999923706055,55.91501910388469,TBR,2021,bat,OF
16337,Nick Gordon,OF,3.240000009536743,12.025869844108822,,2021,bat,OF
4220,Ryan Zimmerman,1B/3B,28.799999237060547,139.09497619867324,,2021,bat,1B/3B
14942,Andrew Knapp,C,34.650001525878906,125.54967615008354,,2021,bat,C
15654,Billy McKinney,OF,4.860000133514404,21.471328225731845,,2021,bat,OF
21646,Rafael Marchán,C,4.519999980926514,16.7584898609668,PHI,2021,bat,C
17954,Sam Hilliard,OF,108.54000091552734,472.7260713338852,,2021,bat,OF
20332,Luis González,OF,4.860000133514404,19.0554800465703,,2021,bat,OF
13355,Luke Maile,C,6.03000020980835,14.582379821687933,KCR,2021,bat,C
14556,Max Moroff,2B/SS,3.240000009536743,11.823340655118226,,2021,bat,2B/SS
16426,Thairo Estrada,2B,16.200000762939453,57.35199968218804,BAL,2021,bat,2B
13836,Matt Duffy,3B,3.240000009536743,13.108490576967593,,2021,bat,3B
17750,Max Schrock,OF,19.18000030517578,68.77070942670107,,2021,bat,OF
7949,Tim Beckham,SS,3.240000009536743,13.048119666241108,,2021,bat,SS
10323,Rafael Ortega,OF,21.479999542236328,77.56092481911182,,2021,bat,OF
19615,Luis Barrera,OF,8.100000381469727,29.538289061188696,,2021,bat,OF
18142,Patrick Mazeika,C,3.009999990463257,10.875740286149084,,2021,bat,C
16192,Derek Fisher,OF,6.639999866485596,28.401491311192512,,2021,bat,OF
19262,Garrett Hampson,2B/OF,69.30000305175781,284.67550134658813,CIN,2021,bat,2B/OF
19896,Connor Wong,C,3.009999990463257,12.024270044639705,BOS,2021,bat,C
3298,Charlie Culberson,3B/OF,43.7400016784668,141.4472330093384,,2021,bat,3B/OF
16729,Brian O'Grady,OF,4.860000133514404,19.384119451791047,,2021,bat,OF
18899,Lucius Fox,3B/SS,6.480000019073486,20.906560505926606,,2021,bat,3B/SS
13675,Tyrone Taylor,OF,4.860000133514404,19.2342902675271,NYM,2021,bat,OF
7539,Neil Walker,2B,12.960000038146973,51.44463970810175,,2021,bat,2B
16271,Alex Blandino,2B/3B,14.579999923706055,51.648410783708094,,2021,bat,2B/3B
13593,José Peraza,2B/SS,3.240000009536743,12.346779262274504,,2021,bat,2B/SS
22458,Taylor Walls,SS,3.240000009536743,11.961709485203029,TBR,2021,bat,SS
17975,Scott Kingery,SS/OF,74.5199966430664,282.8531003952026,CHC,2021,bat,SS/OF
19552,Jaylin Davis,OF,3.240000009536743,14.3895994246006,,2021,bat,OF
19318,Matt Thaiss,C,4.860000133514404,19.574890694022177,BOS,2021,bat,C
sa914242,Omar Estévez,2B/SS,4.860000133514404,16.806229538843034,,2021,bat,2B/SS
9284,Chris Herrmann,C/OF,4.519999980926514,15.713239810615775,,2021,bat,C/OF
17468,Kelvin Gutiérrez,3B,3.240000009536743,11.628609165549278,,2021,bat,3B
16429,Jason Martin,OF,3.240000009536743,12.60719982907176,,2021,bat,OF
24655,Owen Miller,1B/2B,1.6200000047683716,6.197929531522094,CHC,2021,bat,1B/2B
19533,Taylor Jones,1B/DH,6.480000019073486,25.208951139077545,,2021,bat,1B/DH
14330,Nick Williams,OF,3.240000009536743,13.860180597379804,,2021,bat,OF
6589,Sean Rodríguez,2B,6.480000019073486,23.24730067923665,,2021,bat,2B
20352,Ernie Clement,3B,1.6200000047683716,5.506950153969228,TOR,2021,bat,3B
13151,José Briceño,C,9.039999961853027,31.469950069487087,,2021,bat,C
sa830303,Micker Adolfo,OF,6.480000019073486,23.793130410462613,,2021,bat,OF
15104,Jonathan Davis,OF,12.960000038146973,49.73168106675148,,2021,bat,OF
16042,Mark Payton,OF,6.480000019073486,26.10872018262744,,2021,bat,OF
13788,Matt Reynolds,3B/SS,1.6200000047683716,6.103540181182325,,2021,bat,3B/SS
9253,Keon Broxton,OF,6.480000019073486,20.803788668662307,,2021,bat,OF
18887,Seby Zavala,C,1.5099999904632568,4.786809940263628,LAD,2021,bat,C
19348,DJ Peters,OF,1.6200000047683716,6.35514033101499,,2021,bat,OF
19928,Ryan McKenna,OF,3.240000009536743,12.217840123176574,,2021,bat,OF
18032,Mark Mathias,2B/OF,1.6200000047683716,6.167509847879409,,2021,bat,2B/OF
19977,Tres Barrera,C,1.5099999904632568,5.477670393325388,WSN,2021,bat,C
14140,José Rondon,SS,3.240000009536743,10.720090545713902,,2021,bat,SS
3353,Matt Joyce,OF,20.280000686645508,90.81658315360545,PHI,2021,bat,OF
19635,Sheldon Neuse,2B/3B,5.539999961853027,18.729569539427754,,2021,bat,2B/3B
19577,Nick Heath,OF,4.860000133514404,15.69149052351713,,2021,bat,OF
16947,Derek Hill,OF,1.6200000047683716,5.55334991812706,CHW,2021,bat,OF
19477,Alex De Goti,2B,1.6200000047683716,5.562019794806838,,2021,bat,2B
7216,César Puello,OF,1.6200000047683716,6.898549992032349,,2021,bat,OF
20275,Jonathan Araúz,2B/3B/SS,3.240000009536743,12.361340606212615,,2021,bat,2B/3B/SS
17719,Steven Duggar,OF,16.200000762939453,56.351559129357334,,2021,bat,OF
3411,Drew Butera,C,6.03000020980835,18.229658529162407,,2021,bat,C
7996,José A. Martínez,1B/OF,1.6200000047683716,7.358089812472462,,2021,bat,1B/OF
10953,Phil Gosselin,2B/3B,1.6200000047683716,5.78476976212114,,2021,bat,2B/3B
20242,Kevin Smith,3B/SS,1.6200000047683716,6.02910003233701,,2021,bat,3B/SS
16357,Pablo Reyes,OF,1.6200000047683716,6.20443017501384,SDP,2021,bat,OF
14350,Raimel Tapia,OF,129.60000610351562,605.604568862915,,2021,bat,OF
4616,Russell Martin,C,0.25,0.9130999834975227,,2021,bat,C
17910,Marcus Wilson,OF,1.6200000047683716,6.328730281256139,,2021,bat,OF
3269,Robinson Canó,2B,0.23999999463558197,1.244069920212496,,2021,bat,2B
10619,David Freitas,C,0.25,0.9980100049171595,,2021,bat,C
sa737922,Xavier Fernández,C,0.25,0.9551799454260618,,2021,bat,C
13608,Mallex Smith,OF,1.6200000047683716,6.531129814311862,,2021,bat,OF
10067,Tomás Telis,C/1B,0.25,0.8946099714841692,,2021,bat,C/1B
5275,Francisco Cervelli,C,0.23999999463558197,1.0233099700417367,MIA,2021,bat,C
14106,Addison Russell,SS,0.25,1.0228600607952103,,2021,bat,SS
4403,Erik Kratz,C,0.25,0.9491600041510535,,2021,bat,C
16686,Jason Vosler,1B/3B,7.840000152587891,28.576269803941244,,2021,bat,1B/3B
20287,Ben Rortvedt,C,0.25,0.8455400154460222,NYM,2021,bat,C
10028,Christian Bethancourt,C,0.25,0.9634799442021176,CHC,2021,bat,C
21711,Oneil Cruz,SS/OF,0.23999999463558197,0.9612299987114965,PIT,2021,bat,SS/OF
9810,Brian Dozier,2B,0.25,1.0924500255612655,,2021,bat,2B
14111,Eric Haase,C,0.25,0.9123000203631819,SFG,2021,bat,C
4810,Brian McCann,C,0.25,0.9198500089580192,,2021,bat,C
12547,John Hicks,C/1B,1.5099999904632568,4.848630311060697,,2021,bat,C/1B
20040,Jorge Ona,DH,1.6200000047683716,6.087409989163279,,2021,bat,DH
16404,Domingo Leyba,2B/3B,0.25,1.0500599933788182,,2021,bat,2B/3B
sa917669,Julio E. Rodriguez,C,0.23999999463558197,0.8324599889805541,,2021,bat,C
16098,Taylor Gushue,C/1B,0.23999999463558197,0.8595199862262234,,2021,bat,C/1B
8879,Ryan Lavarnway,C,0.25,0.8665899475337937,,2021,bat,C
16680,Brian O'Keefe,C,0.25,0.8202299820026384,SEA,2021,bat,C
15808,José Godoy,C,0.25,0.7989799422910436,,2021,bat,C
20437,Royce Lewis,3B,0.25,0.8759499973151832,MIN,2021,bat,3B
14973,Zach Green,3B,0.25,1.0232400319771842,,2021,bat,3B
10289,Héctor Sánchez,C,0.25,0.9725499670486897,,2021,bat,C
sa3005394,Lorenzo Quintana,C,0.25,0.8818700132658704,,2021,bat,C
17016,Rusney Castillo,OF,0.25,0.8933899804484098,,2021,bat,OF
sa829058,Jamie Ritchie,C,0.23999999463558197,0.8593900175066664,,2021,bat,C
sa736923,Jhon Nuñez,C,0.25,0.8691900074481963,,2021,bat,C
14453,Scott Heineman,OF,3.240000009536743,12.52328010983765,,2021,bat,OF
15670,Alex Guerrero,3B/OF,0.25,1.044499999866821,,2021,bat,3B/OF
11738,Christian Villanueva,3B,0.25,1.1051800497109068,,2021,bat,3B
11602,Yolmer Sánchez,2B/3B,3.240000009536743,11.443060750514267,LAA,2021,bat,2B/3B
sa915611,Brett Cumberland,C,0.25,0.9265599888050928,,2021,bat,C
20202,Brandon Marsh,OF,0.25,0.995980048039928,PHI,2021,bat,OF
sa3004978,Robbie Glendinning,1B/3B/SS,0.23999999463558197,0.8833999473135918,,2021,bat,1B/3B/SS
16593,Kevin Padlo,1B/3B,0.25,1.0084700038190932,,2021,bat,1B/3B
10642,Carlos Pérez,C,0.25,0.8080700133694334,HOU,2021,bat,C
sa737690,Drew Ward,3B,0.25,0.9166700292844324,,2021,bat,3B
sa739013,Dominic Miroglio,C,0.23999999463558197,0.8725100352894514,,2021,bat,C
sa657431,Carlos Garay,C/1B,0.25,0.845349964359775,,2021,bat,C/1B
13254,Jacob Wilson,2B/3B,0.25,0.9107300081988796,,2021,bat,2B/3B
19842,Caleb Hamilton,C/1B,0.25,0.7518200171878561,,2021,bat,C/1B
sa920278,Yariel Gonzalez,3B,0.25,0.9081900371005758,,2021,bat,3B
22209,Sam Huff,C,0.25,1.0675299659138542,BAL,2021,bat,C
10346,John Ryan Murphy,C,0.25999999046325684,0.6704900615150108,PIT,2021,bat,C
sa873599,Stevie Berman,C,0.23999999463558197,0.828009977657348,,2021,bat,C
sa736830,Michael De La Cruz,C,0.23999999463558197,0.8497999907471238,,2021,bat,C
11381,Drew Maggi,3B/DH,0.25,0.8554800060577691,,2021,bat,3B/DH
19780,Esteban Quiroz,2B,0.25,0.964419981674291,,2021,bat,2B
18206,Nick Dini,C,0.25,0.9001800038851797,TBR,2021,bat,C
20022,Kramer Robertson,SS,0.23999999463558197,0.7930500684073194,,2021,bat,SS
sa3006735,Justin Toerner,OF,0.23999999463558197,1.0039800425991414,,2021,bat,OF
sa657542,Randy César,3B,0.25,0.8672499858774243,,2021,bat,3B
sa875053,Kade Scivicque,C,0.25,0.8313299519941209,,2021,bat,C
20463,Irving Lopez,2B/3B,0.23999999463558197,0.8733600053936242,,2021,bat,2B/3B
19384,Trenton Brooks,1B/DH,0.25,1.0149700212990866,,2021,bat,1B/DH
17893,Tyler Nevin,1B/3B,1.6200000047683716,7.135620098561048,,2021,bat,1B/3B
sa597837,Jake Lowery,C,0.25,0.8260900038294495,,2021,bat,C
21840,Freddy Fermin,C,0.25,0.7858100088778883,SDP,2021,bat,C
17642,JT Riddle,SS,0.25,0.8552999432664364,,2021,bat,SS
21139,Tyler Payne,C,0.23999999463558197,0.7831599853932857,,2021,bat,C
5667,Steven Souza Jr.,OF,0.25,1.1042199823074041,,2021,bat,OF
7870,Jonathan Lucroy,C,0.25,0.8705700129037722,,2021,bat,C
sa3002836,Evan Mendoza,3B/SS,0.23999999463558197,0.8655499802902341,,2021,bat,3B/SS
10951,Greg Garcia,2B/3B,0.23999999463558197,0.9101300369948147,PHI,2021,bat,2B/3B
12282,Rougned Odor,2B,0.23999999463558197,1.038400031207129,,2021,bat,2B
13075,Norichika Aoki,OF,0.25,1.1424199904548002,,2021,bat,OF
4229,Howie Kendrick,2B,0.23999999463558197,1.2271700103301555,,2021,bat,2B
sa739577,Julian Leon,C,0.25,0.7986700058449059,,2021,bat,C
None,,,0.25,1.0616499793715775,,2021,bat,
5223,Cameron Maybin,OF,0.25,1.0113300575874746,,2021,bat,OF
11615,Brandon Drury,2B/3B,1.6200000047683716,5.7585401277989146,KCR,2021,bat,2B/3B
9968,Dan Butler,C,0.25,0.8014600239926948,,2021,bat,C
9776,Jason Kipnis,2B,0.23999999463558197,0.980010005342774,,2021,bat,2B
sa392212,Xorge Carrillo,C,0.25,0.8170100294519216,TBR,2021,bat,C
sa658909,Jorge Saez,C,0.25,0.8175899599678813,NYY,2021,bat,C
5503,Corban Joseph,2B,0.25,0.9902499746531247,,2021,bat,2B
19432,Yonny Hernández,2B/3B,0.25,0.8843700014520434,NYM,2021,bat,2B/3B
20572,Kody Clemens,1B,0.25,0.8615399981848894,MIN,2021,bat,1B
11470,Tony Wolters,C,0.25999999046325684,0.8208499916363506,,2021,bat,C
8298,Francisco Peña,C,0.25,0.8094599557574838,,2021,bat,C
sa828797,Josh Morgan,3B/SS,0.25,0.7282299517653882,,2021,bat,3B/SS
sa918156,Mitchell Kranson,C/1B,0.25,0.8010099828243257,,2021,bat,C/1B
9549,David Freese,3B,0.23999999463558197,1.1409400664968414,,2021,bat,3B
10339,Scooter Gennett,2B,0.23999999463558197,1.0775199602823706,,2021,bat,2B
14636,Webster Rivas,C,0.23999999463558197,0.781389963114634,,2021,bat,C
10348,Domingo Santana,OF,0.23999999463558197,1.16131997059565,,2021,bat,OF
sa736954,Luis Castro,1B,0.23999999463558197,1.0903399706585333,,2021,bat,1B
20493,Seth Beer,DH,0.23999999463558197,1.178840013151057,,2021,bat,DH
9953,Ryan Schimpf,2B/3B,0.25,1.0813699533697216,,2021,bat,2B/3B
19864,Riley Adams,C,0.25,0.8810600101947783,WSN,2021,bat,C
sa738984,Ryan Lidge,C,0.25,0.7916100138565525,,2021,bat,C
sa922148,J.C. Millan,3B,0.25,0.9394600113388151,,2021,bat,3B
12606,Raffy Lopez,C,0.25,0.8324200329370797,,2021,bat,C
11379,Delino DeShields,OF,0.25,0.8915600162930786,,2021,bat,OF
sa829082,Nick Tanielu,3B,0.23999999463558197,0.9014700138242915,,2021,bat,3B
sa548430,Wynston Sawyer,C/1B,0.23999999463558197,0.7558299627853555,,2021,bat,C/1B
15447,Ryon Healy,1B/3B,0.25,1.148660023789853,,2021,bat,1B/3B
19873,Drew Ellis,3B,0.23999999463558197,0.9528399358503521,,2021,bat,3B
sa3004032,Joey Morgan,C,0.25,0.6959699437953533,DET,2021,bat,C
19358,Weston Wilson,OF,0.23999999463558197,0.899209969374351,BAL,2021,bat,OF
19890,Emmanuel Rivera,3B,0.25,0.8879900077357886,,2021,bat,3B
19151,Estevan Florial,OF,1.6200000047683716,5.679590179771184,,2021,bat,OF
sa827359,Eric Filia,OF,0.25,0.9550599755952134,,2021,bat,OF
639,Adrian Beltré,3B,0.25,0.9335899737197906,,2021,bat,3B
11255,Matt Szczur,OF,0.23999999463558197,0.9847199865384026,,2021,bat,OF
sa874070,Stephen Alemais,2B/SS,0.23999999463558197,0.7969099807087332,,2021,bat,2B/SS
15766,Raudy Read,C,0.25,0.9351100104860961,,2021,bat,C
sa915847,Colton Shaver,1B/3B,0.25,0.9092500066617503,,2021,bat,1B/3B
sa511026,Aderlin Rodríguez,1B/3B,0.25,1.0597399823833258,,2021,bat,1B/3B
17806,Braden Bishop,OF,4.860000133514404,15.208170496672391,,2021,bat,OF
20501,Scott Hurst,OF,0.23999999463558197,0.8332400064449758,,2021,bat,OF
7435,Ben Zobrist,2B/OF,0.23000000417232513,0.9342300528893248,,2021,bat,2B/OF
11145,Christian Colón,2B/3B,0.25,0.951729967398569,,2021,bat,2B/3B
5398,Juan Graterol,C,0.25,0.7401900280499829,,2021,bat,C
sa875766,Drew Ferguson,OF,0.23999999463558197,0.9199000187218188,,2021,bat,OF
19921,Blake Perkins,OF,0.25,0.8624199967365711,MIL,2021,bat,OF
sa915593,Tyler Friis,2B,0.25,0.8292600265238432,,2021,bat,2B
12937,José Osuna,1B/OF,0.25,1.1223699678201227,,2021,bat,1B/OF
10347,Mike Ohlman,C,0.25,0.7908000128343701,,2021,bat,C
sa873984,C.J. Chatham,SS,0.25,0.85207000519149,,2021,bat,SS
19806,Jason Delay,C,0.23999999463558197,0.752829986787401,BOS,2021,bat,C
sa657935,Joe DeCarlo,3B,0.25,0.7774700145237149,,2021,bat,3B
19354,Luke Raley,1B/OF,1.6200000047683716,6.339220281131564,SEA,2021,bat,1B/OF
21454,Lars Nootbaar,OF,0.23999999463558197,0.95441006552428,STL,2021,bat,OF
sa548470,David Vidal,2B/3B,0.25,0.9164000328164549,,2021,bat,2B/3B
sa657705,Tito Polo,OF,0.25,0.9285099992528558,,2021,bat,OF
12677,O'Koyea Dickson,OF,0.25,1.1210799859836698,,2021,bat,OF
19859,René Pinto,C,0.25,0.7701200107345356,PHI,2021,bat,C
19422,Brian Serven,C,0.23999999463558197,0.9507500148843974,OAK,2021,bat,C
sa874178,Mitch Longo,OF,0.25,0.9610600476153194,,2021,bat,OF
11287,Bryan Holaday,C,0.25,0.898700018855743,,2021,bat,C
sa875231,Gabriel Cancel,2B,0.25,0.8776499954052269,,2021,bat,2B
sa829387,Cristian Santana,3B,0.23999999463558197,0.9207300512352956,,2021,bat,3B
20034,Hunter Owen,OF,0.23999999463558197,0.8885099383769557,,2021,bat,OF
sa829345,Jordan Procyshen,C,0.25,0.7738200216554105,,2021,bat,C
sa548048,Gabriel Lino,C,0.25,0.7742900665849445,,2021,bat,C
19953,Josh Lowe,OF,0.25,0.9257100339513272,LAA,2021,bat,OF
sa857219,Gavin Collins,C/3B,0.25,0.6993299953872337,,2021,bat,C/3B
sa599247,Ruben Sosa,OF,0.25,0.9037099728360771,,2021,bat,OF
13866,Bruce Maxwell,C,0.23999999463558197,0.8189899798715485,,2021,bat,C
sa291160,Daniel Mayora,3B,0.25,0.9241500060074028,,2021,bat,3B
sa735861,Rayder Ascanio,SS,0.23999999463558197,0.7438800407107918,,2021,bat,SS
sa876146,L.T. Tolbert,2B,0.23999999463558197,0.9167600020300596,,2021,bat,2B
13472,Christian Lopes,2B/OF,0.23999999463558197,0.9085800357628612,,2021,bat,2B/OF
sa3005235,Jimmy Kerrigan,OF,0.25,0.8534400724573061,,2021,bat,OF
17307,Luis Liberato,DH/OF,0.25,0.8404599899426103,,2021,bat,DH/OF
10459,Adeiny Hechavarría,SS,0.25,0.8676899470854549,,2021,bat,SS
sa917287,Ramiro Rodriguez,OF,0.25,0.8791400114540009,,2021,bat,OF
16417,Sergio Alcántara,2B/3B/SS,0.25,0.849120013648644,WSN,2021,bat,2B/3B/SS
sa857730,Brennon Lund,OF,0.25,0.8939200130756944,,2021,bat,OF
3142,Robinson Chirinos,C,0.25,0.9477000136394053,,2021,bat,C
sa921577,Luis Santana,2B/3B,0.25,0.8542100440710784,,2021,bat,2B/3B
19901,Gavin Sheets,DH/OF,0.25,1.0272100188769397,SDP,2021,bat,DH/OF
23378,José Barrero,SS,0.25,0.8662699872162193,BAL,2021,bat,SS
5930,Nick Markakis,OF,0.23999999463558197,1.0970300261862576,,2021,bat,OF
19528,Jacob Robson,OF,0.25,0.9349300108850002,DET,2021,bat,OF
sa3003961,Chase Pinder,OF,0.23999999463558197,0.7935700079193337,,2021,bat,OF
sa828878,Gavin LaValley,1B/3B,0.25,0.9050799974473192,,2021,bat,1B/3B
19634,Jack Kruger,C,0.25,0.7439899906283244,,2021,bat,C
15504,Jamie Westbrook,2B,0.23999999463558197,0.984960000263527,,2021,bat,2B
15564,Tyler White,1B,1.6200000047683716,7.112050092592835,,2021,bat,1B
15402,Jack Mayfield,3B,0.25,0.8359699911903589,,2021,bat,3B
13300,Spencer Kieboom,C,0.25,0.7577200453728437,,2021,bat,C
14320,Wilmer Difo,2B/SS,0.25,0.8333300605881958,,2021,bat,2B/SS
sa828696,Ti'Quan Forbes,3B,0.25,0.8110199948307125,,2021,bat,3B
sa722315,Victor Mendoza,1B/OF,0.25,1.1015499999048188,,2021,bat,1B/OF
19802,Jhonny Pereda,C,0.25,0.8402099483180789,SEA,2021,bat,C
8609,Tim Federowicz,C,0.25999999046325684,0.771639971411787,,2021,bat,C
19667,Zach Reks,OF,0.23999999463558197,1.009000023617409,,2021,bat,OF
20970,Oscar Gonzalez,OF,0.25,0.9591500260634348,,2021,bat,OF
19369,Jae-Gyun Hwang,3B,0.25,0.966490025445819,,2021,bat,3B
sa547944,Luis Villegas,C,0.25,0.7576400273246688,,2021,bat,C
20543,Elehuris Montero,1B,0.23999999463558197,1.067839949810877,,2021,bat,1B
sa3004128,Laz Rivera,SS,0.25,0.7514600442256777,,2021,bat,SS
sa3003955,Ernie De La Trinidad,OF,0.25,0.9144600623287261,,2021,bat,OF
sa830277,Kungkuan Giljegiljaw,C,0.25,0.7587700212141498,,2021,bat,C
sa3004071,Ryan Costello,1B/3B,0.25,0.9985900523606687,MIN,2021,bat,1B/3B
19952,Khalil Lee,OF,1.6200000047683716,6.372600201331077,,2021,bat,OF
16211,Kevin Cron,1B/DH,0.25,1.2000399448676033,,2021,bat,1B/DH
15697,Gosuke Katoh,1B/2B,0.23999999463558197,0.8334499849937855,,2021,bat,1B/2B
sa3004405,Eric Peterson,3B,0.25,0.9003600372467188,,2021,bat,3B
19563,Nate Mondou,2B,0.25,0.7713399872183798,SDP,2021,bat,2B
5666,Devin Mesoraco,C,0.23999999463558197,0.9296600007917731,NYM,2021,bat,C
9054,Justin Smoak,1B,0.23999999463558197,1.1396800373680889,,2021,bat,1B
sa3004255,Renae Martinez,C,0.23999999463558197,0.7659700507530941,,2021,bat,C
21693,Miguel Amaya,C,0.23999999463558197,0.694699943298474,CHC,2021,bat,C
19779,Dairon Blanco,OF,0.25,0.8441199827939272,KCR,2021,bat,OF
sa858026,Connor Marabell,OF,0.25,0.9351499585434795,,2021,bat,OF
20056,Alan Trejo,2B/SS,0.23999999463558197,0.9829799665138124,,2021,bat,2B/SS
10473,Cheslor Cuthbert,3B,0.23999999463558197,1.030039965803735,,2021,bat,3B
19250,Trent Giambrone,2B,0.23999999463558197,0.8497100136242806,,2021,bat,2B
sa826656,Alexander Alvarez,C,0.25,0.7456199952866881,,2021,bat,C
sa3004127,Jordan Gore,P/SS,0.25,0.6992300218902529,,2021,bat,P/SS
24610,Steven Kwan,OF,0.25,0.7874499826226384,CLE,2021,bat,OF
4243,Jose Lobatón,C,0.23999999463558197,0.7347199788317084,,2021,bat,C
19644,Ben DeLuzio,OF,0.23999999463558197,0.8964700448326766,,2021,bat,OF
25817,Braden Shewmake,3B/SS,0.23999999463558197,0.9037300115916876,NYY,2021,bat,3B/SS
19360,Lucas Erceg,P,0.23999999463558197,0.8472200090996921,KCR,2021,bat,P
19458,Cooper Hummel,DH/OF,0.23999999463558197,0.9370300095994024,,2021,bat,DH/OF
19813,Charles Leblanc,2B/3B,0.25,0.8388200524728745,,2021,bat,2B/3B
11850,Tyler Austin,1B,0.23999999463558197,1.0902699769008903,CHC,2021,bat,1B
sa3006927,Chase Calabuig,OF,0.25,0.8938899295870214,,2021,bat,OF
12005,Nick Martini,DH/OF,0.23000000417232513,0.9330999887082725,,2021,bat,DH/OF
19522,TJ Friedl,OF,0.23999999463558197,1.0129800236783921,CIN,2021,bat,OF
sa657546,Andres Sotillo,C,0.25,0.7333899604389443,,2021,bat,C
15115,Dylan Cozens,OF,0.25,1.0367099801776931,,2021,bat,OF
4063,Anthony Recker,C,0.25,0.7948400497669352,,2021,bat,C
14713,Dawel Lugo,2B/3B,0.23999999463558197,0.9117099813651293,,2021,bat,2B/3B
13490,Óscar Hernández,C,0.25,0.7732899751514196,,2021,bat,C
sa660295,Alberto Mineo,C,0.25,0.7169099502265454,,2021,bat,C
3174,Shin-Soo Choo,OF,0.2199999988079071,1.0736299816286192,,2021,bat,OF
sa829411,Cade Gotta,OF,0.25,0.8591799783986062,,2021,bat,OF
sa546837,Nick Rickles,C,0.25,0.7627200084738434,,2021,bat,C
sa602586,David Masters,3B/SS,0.25,0.7217099376255646,,2021,bat,3B/SS
sa658994,Tyler Krieger,2B,0.25,0.7758700090460477,,2021,bat,2B
5124,Wilkin Castillo,OF,0.25,0.7604899802710859,,2021,bat,OF
20599,Iván Herrera,C/DH,0.23999999463558197,0.6506899873027576,STL,2021,bat,C/DH
15817,Erick Mejia,3B/OF,0.25,0.8260800001677127,WSN,2021,bat,3B/OF
sa3007646,Clayton Daniel,2B/SS,0.23999999463558197,0.8314699492417275,LAD,2021,bat,2B/SS
14678,Tzu-Wei Lin,2B/SS,0.25,0.7574500399641694,,2021,bat,2B/SS
6178,Tony Sanchez,C,0.25,0.7260799990501254,,2021,bat,C
19983,Conner Capel,OF,0.23999999463558197,0.92550005170051,COL,2021,bat,OF
sa658271,Bruce Caldwell,2B/3B,0.25,0.7888899669284,,2021,bat,2B/3B
sa915707,Kevin Merrell,SS,0.25,0.7505400346592067,,2021,bat,SS
20308,Jake Meyers,OF,0.25,0.8362099922262133,HOU,2021,bat,OF
11875,Ronny Rodríguez,2B/SS,0.23999999463558197,0.9227899339050054,,2021,bat,2B/SS
sa501536,Jan Vázquez,C,0.25,0.7173799952259287,,2021,bat,C
sa548359,Roberto Peña,C,0.25,0.7182800292735917,,2021,bat,C
10711,Arismendy Alcántara,2B/OF,0.23999999463558197,0.9012800190597772,,2021,bat,2B/OF
22532,Tyler Freeman,OF,0.25,0.7052200383506715,COL,2021,bat,OF
6564,Bobby Wilson,C,0.25,0.6601899938425049,,2021,bat,C
sa658013,Ronnie Freeman,C,0.25,0.724760008091107,,2021,bat,C
11247,Jabari Blash,OF,0.25,1.0769800522597506,,2021,bat,OF
19292,Armando Alvarez,1B/3B,0.25,0.9097400058992204,,2021,bat,1B/3B
sa829534,Jodd Carter,OF,0.25,0.9939199776155875,,2021,bat,OF
12594,Mike Marjama,C,0.25,0.7469799499493092,,2021,bat,C
12758,Breyvic Valera,2B/3B,0.25,0.9638200196903198,,2021,bat,2B/3B
sa3004242,Chad Spanberger,1B/OF,0.23999999463558197,0.9646800016518681,,2021,bat,1B/OF
sa858812,Arden Pabst,C,0.23999999463558197,0.7062100145034491,,2021,bat,C
11846,Leonys Martin,OF,0.23999999463558197,0.8824599723797292,,2021,bat,OF
sa542553,Juan Carlos Gamboa,SS,0.25,0.777920034644194,,2021,bat,SS
17478,Troy Stokes Jr.,OF,0.23999999463558197,0.9383700177073477,,2021,bat,OF
sa828692,Michael Gettys,OF,0.25,1.0064700246322902,BOS,2021,bat,OF
20157,Matthew Batten,2B/3B,0.23999999463558197,0.8069099909625949,,2021,bat,2B/3B
18551,Ali Sánchez,C,0.25,0.7369800405576824,NYY,2021,bat,C
sa857840,Kyle Holder,SS,0.25,0.8216599698876962,,2021,bat,SS
15971,Ivan Castillo,2B/3B,0.23999999463558197,0.8219000032171606,,2021,bat,2B/3B
sa3004513,Brett Pope,2B/3B/SS,0.25,0.7704599807038903,,2021,bat,2B/3B/SS
19254,José Miguel Fernández,1B,0.25,1.0835200142813846,,2021,bat,1B
sa3004726,Chris Sharpe,OF,0.23999999463558197,0.9435900560580193,ATL,2021,bat,OF
5942,Jesús Sucre,C,0.25,0.7650000631809234,,2021,bat,C
19296,Alex Call,OF,0.25,0.7775300163775681,LAD,2021,bat,OF
sa597218,Hamlet Marte,C,0.25,0.7161299745319409,,2021,bat,C
sa598265,Logan Moore,C,0.25,0.7147000166121869,,2021,bat,C
sa918028,Henri Lartigue,C,0.25,0.6388299619080497,,2021,bat,C
sa875314,Josh Altmann,OF,0.25,0.8516300469171255,,2021,bat,OF
12990,Erick Castillo,C,0.23999999463558197,0.6604100263211875,,2021,bat,C
7324,Chris Gimenez,C,0.25,0.7046999852638691,,2021,bat,C
sa875890,Mitch Ghelfi,C/1B,0.25,0.7066399983596056,,2021,bat,C/1B
sa737919,Stephen McGee,C,0.25,0.6955700685735792,,2021,bat,C
sa827317,Skyler Ewing,1B,0.25,0.7290600119624286,,2021,bat,1B
19788,Zach Remillard,2B,0.25,0.7166500017978251,,2021,bat,2B
13228,Michael Reed,OF,0.25,0.9587500127498061,,2021,bat,OF
13414,Andrew Toles,OF,0.23999999463558197,0.9337500314926729,LAD,2021,bat,OF
sa917936,Hudson Potts,3B,0.23999999463558197,0.8321999963838608,,2021,bat,3B
16285,Michael Hermosillo,OF,0.25,0.9052100348751991,,2021,bat,OF
15103,Boog Powell,OF,0.25,0.8920199639163913,,2021,bat,OF
15994,Kean Wong,2B/OF,0.25,0.8446999963372945,,2021,bat,2B/OF
sa875695,Ian Sagdal,1B/3B,0.23999999463558197,0.93390002369415,,2021,bat,1B/3B
sa602546,Pat Cantwell,C,0.25,0.7003799662692471,,2021,bat,C
3711,Eric Thames,1B/OF,0.23999999463558197,1.1221300333738327,,2021,bat,1B/OF
sa658616,C.J. Hinojosa,2B/SS,0.25,0.802219936857,,2021,bat,2B/SS
sa738676,Cooper Goldby,C,0.25,0.6283600822556764,OAK,2021,bat,C
sa455964,Alonzo Harris,2B/OF,0.25,1.0123300028033553,,2021,bat,2B/OF
sa549926,D.J. Peterson,1B/3B,0.25,0.7925199832767247,,2021,bat,1B/3B
sa828329,Manuel Melendez,OF,0.23999999463558197,1.0148600520566107,,2021,bat,OF
6364,Danny Valencia,3B,0.25,1.0436200103489681,,2021,bat,3B
sa829813,Carl Chester,OF,0.25,0.8289100169204173,,2021,bat,OF
sa548261,Marcus Littlewood,C,0.25,0.7009099960792808,,2021,bat,C
13862,Devon Travis,2B,0.25,0.9518200602848081,,2021,bat,2B
12101,Kennys Vargas,1B/DH,0.25,1.0234999762848018,,2021,bat,1B/DH
18400,Juan Yepez,1B/DH/OF,0.23999999463558197,0.8894800456939264,TOR,2021,bat,1B/DH/OF
sa739662,Jose Pujols,OF,0.25,0.9919699407182634,,2021,bat,OF
sa875568,LeDarious Clark,OF,0.25,0.8553999890107662,,2021,bat,OF
sa918272,Alex Kowalczyk,C/OF,0.25,0.706679999642074,,2021,bat,C/OF
sa492636,Martin Cervenka,C,0.23999999463558197,0.7295999368652699,,2021,bat,C
sa858802,Donnie Dewees,OF,0.23999999463558197,0.9139800195582211,CHC,2021,bat,OF
15197,Carlos Asuaje,2B,0.23999999463558197,0.8575900116004049,,2021,bat,2B
sa738703,Jordan Cowan,2B,0.25,0.7298399835592136,,2021,bat,2B
sa3006876,Trey Harris,OF,0.23999999463558197,1.0718699740245938,,2021,bat,OF
sa738208,Jon Kemmer,OF,0.23999999463558197,0.9717200087150557,,2021,bat,OF
sa599531,Drew Stankiewicz,2B,0.25,0.7467200136277824,,2021,bat,2B
19913,Jesús Sánchez,OF,1.6200000047683716,6.670599904283881,TOR,2021,bat,OF
18027,Hoy Park,2B,0.25,0.8449599605053663,OAK,2021,bat,2B
12508,Jett Bandy,C,0.25,0.8306500477250665,,2021,bat,C
sa918279,Brady Policelli,C/OF,0.25,0.6112500290386378,,2021,bat,C/OF
17473,Narciso Crook,OF,0.23999999463558197,1.0040399885736404,,2021,bat,OF
15343,Zack Granite,OF,0.25,0.8840599679853767,,2021,bat,OF
5677,A.J. Ellis,C,0.25,0.7878399687586352,,2021,bat,C
sa3003965,Cole Peterson,SS,0.25,0.6714100090786813,,2021,bat,SS
sa829483,Dom Thompson-Williams,OF,0.25,0.7902100339531899,,2021,bat,OF
4316,Daniel Murphy,1B/2B,0.23999999463558197,1.079949973290786,,2021,bat,1B/2B
17182,Jung Ho Kang,3B/SS,0.25,0.9651699709240348,,2021,bat,3B/SS
sa873990,Vince Fernandez,OF,0.23999999463558197,0.9645299373660237,,2021,bat,OF
19957,Blake Rutherford,OF,0.25,0.8929399436805396,,2021,bat,OF
sa505229,Francisco Diaz,C,0.25,0.6643600436858832,NYY,2021,bat,C
11146,Cameron Rupp,C,0.25,0.7989300249144434,,2021,bat,C
9744,Justin Bour,1B,0.23999999463558197,1.0499300156021492,,2021,bat,1B
sa875729,Chad De La Guerra,2B/SS,0.25,0.8749799531884491,,2021,bat,2B/SS
sa829199,Roberto Ramos,1B,0.25,1.0520300244912504,,2021,bat,1B
sa918418,Jim Haley,1B/3B,0.25,0.8488699636422097,,2021,bat,1B/3B
11155,Elliot Soto,2B/SS,0.25,0.7534100290387868,,2021,bat,2B/SS
20054,Bligh Madris,1B/OF,0.23999999463558197,0.9147800029255448,STL,2021,bat,1B/OF
sa857225,Ryan Howard,SS,0.23999999463558197,0.7408300328999757,,2021,bat,SS
23559,Ryan Dorow,3B,0.25,0.796660019690171,,2021,bat,3B
8203,Dee Strange-Gordon,2B,0.25,0.8501000276766718,,2021,bat,2B
sa914668,Alay Lago,2B,0.25,0.8209399443585426,,2021,bat,2B
18718,Hyun Soo Kim,OF,0.25,1.0892100210301576,,2021,bat,OF
8267,Chris Iannetta,C,0.25,0.819469935586676,,2021,bat,C
11241,Mike Freeman,2B,4.860000133514404,16.071380512043834,,2021,bat,2B
12394,Jason Krizan,OF,0.23999999463558197,0.9228899737587197,SFG,2021,bat,OF
sa454430,Jay Austin,OF,0.25,0.8503699921537188,HOU,2021,bat,OF
7571,Lonnie Chisenhall,3B/OF,0.25,1.0159999775700272,,2021,bat,3B/OF
sa601924,Max Pentecost,C,0.25,0.789979956182651,TOR,2021,bat,C
sa454396,Zach Collier,OF,0.25,0.8186299435328692,,2021,bat,OF
sa502787,Andrew Aplin,OF,0.25,0.8022600084543227,,2021,bat,OF
sa857761,Joe Cronin,2B/3B,0.25,0.7086899815127253,MIN,2021,bat,2B/3B
sa829558,Devyn Bolasky,OF,0.25,0.9297899636439978,,2021,bat,OF
13473,Dwight Smith Jr.,OF,0.23999999463558197,1.0797499458771198,,2021,bat,OF
19245,Chris Okey,C,0.23999999463558197,0.7247899900656194,,2021,bat,C
13006,Mitch Walding,3B,0.25,0.8519600170664487,,2021,bat,3B
sa857819,Errol Robinson,SS,0.23999999463558197,0.7732900176662952,BAL,2021,bat,SS
10166,Nick Franklin,2B,0.25,0.8691300005186349,,2021,bat,2B
23442,Luis Vázquez,3B/SS,0.23999999463558197,0.7035400228109211,BAL,2021,bat,3B/SS
sa738324,Jantzen Witte,1B/3B,0.25,0.7447700011078268,,2021,bat,1B/3B
sa503330,Brian Hernandez,3B,0.25,0.8193399628391488,,2021,bat,3B
sa547818,Rodrigo Vigil,C,0.25,0.6810399992857127,,2021,bat,C
sa918888,Zach Davis,OF,0.23999999463558197,0.762039997242391,,2021,bat,OF
sa829401,Will Toffey,3B,0.23999999463558197,0.8151900384109465,,2021,bat,3B
sa875722,Garrett Kennedy,C,0.25,0.6700999626656993,,2021,bat,C
sa601536,Ronnier Mustelier,3B/OF,0.25,0.8233299686573443,,2021,bat,3B/OF
sa918257,Danny Woodrow,OF,0.25,0.8370599282905459,,2021,bat,OF
9219,Danny Espinosa,2B/SS,0.25,0.8170100176939739,,2021,bat,2B/SS
sa548189,Kellin Deglan,C,0.25,0.7323300022166221,,2021,bat,C
13130,Mikie Mahtook,OF,0.25,0.8940100447041912,,2021,bat,OF
8392,Daniel Descalso,2B/3B,0.25,0.8670899844495578,,2021,bat,2B/3B
3371,Alejandro De Aza,OF,0.25,0.9911000160034744,,2021,bat,OF
sa857249,Zander Wiel,1B,0.25,0.9413199499249457,MIN,2021,bat,1B
sa3010388,Roel Santos,OF,0.25,0.8306899460032583,,2021,bat,OF
19455,Andruw Monasterio,2B/3B,0.25,0.7073999589774758,BOS,2021,bat,2B/3B
sa688986,Arturo Rodriguez,C,0.25,0.6851400566054507,,2021,bat,C
sa598106,Dustin Houle,C,0.25,0.6620300169801341,,2021,bat,C
sa3007514,Connor Smith,2B/3B,0.25,0.7194700081832706,,2021,bat,2B/3B
sa735825,David Rodríguez,C,0.23999999463558197,0.702200071932748,,2021,bat,C
sa738172,Ryan Walker,2B,0.25,0.7787599592003971,,2021,bat,2B
sa873260,Tyler Ramirez,OF,0.25,0.8319900070317088,,2021,bat,OF
5352,Yangervis Solarte,2B/3B,0.23999999463558197,0.9449100141879172,,2021,bat,2B/3B
sa658561,Daniel Sweet,OF,0.25,0.9262699508573858,,2021,bat,OF
sa286640,Gabriel Gutierrez,C,0.25,0.6934000487206503,,2021,bat,C
12294,Cory Spangenberg,2B/3B,0.25,0.8446599808055907,,2021,bat,2B/3B
sa3004285,Dylan Rosa,OF,0.25,0.8631400382611899,,2021,bat,OF
14158,Mac Williamson,OF,0.25,0.9889100230066105,,2021,bat,OF
16496,Forrest Wall,OF,0.25,0.8896099542267619,,2021,bat,OF
sa3004298,Michael Osinski,1B/3B,0.25,0.9009000104386359,,2021,bat,1B/3B
sa875626,Max McDowell,C,0.25,0.6916100107599049,,2021,bat,C
19170,Corey Ray,OF,0.23999999463558197,0.7902000017929822,,2021,bat,OF
22232,Mason McCoy,SS,0.25,0.7914499419741332,SDP,2021,bat,SS
15351,Frank Schwindel,1B,0.23999999463558197,0.9494100088486449,,2021,bat,1B
sa599306,Juan Perez,2B/SS,0.25,0.8234100443311034,,2021,bat,2B/SS
sa828808,Brian Schales,3B,0.25,0.8060099603375418,,2021,bat,3B
sa736960,Jose Martinez,SS,0.25,0.7194499520119279,,2021,bat,SS
12782,Taylor Davis,C,0.25,0.7415599434170871,,2021,bat,C
10542,Derek Dietrich,2B/OF,0.25,1.0739200084470213,,2021,bat,2B/OF
sa875583,Christian Kelley,C,0.23999999463558197,0.6192800104850903,,2021,bat,C
sa738152,Edwin Díaz,3B/SS,0.25,0.7276900736615062,HOU,2021,bat,3B/SS
sa829783,Quinn Brodey,OF,0.23999999463558197,0.8342599851777777,,2021,bat,OF
13157,Nicky Delmonico,OF,0.23999999463558197,1.0267200595233588,,2021,bat,OF
sa543678,Alan Espinoza,C,0.25,0.6923300228780135,,2021,bat,C
sa736999,Brallan Perez,2B,0.25,0.7718599887099115,,2021,bat,2B
sa653546,Jin-De Jhang,C,0.25,0.6657199420267715,,2021,bat,C
13277,Joey Rickard,OF,0.23999999463558197,0.9482500514015554,,2021,bat,OF
1907,Andrés Blanco,2B/SS,0.25,0.8603400045773013,,2021,bat,2B/SS
sa829575,Sal Giardina,C/1B,0.25,0.650629987497814,,2021,bat,C/1B
25183,Drew Avans,OF,0.23999999463558197,0.9347100300248711,COL,2021,bat,OF
sa579381,Eduard Pinto,OF,0.25,0.9349699423415585,,2021,bat,OF
18848,Yohel Pozo,C/DH,0.25,0.6509599665412679,STL,2021,bat,C/DH
11611,Rosell Herrera,OF,0.25,0.8692299939692021,,2021,bat,OF
sa598684,Aneury Tavárez,OF,0.25,0.8100000358652323,,2021,bat,OF
19824,Chuckie Robinson,C,0.23999999463558197,0.7025499706156553,LAD,2021,bat,C
sa917319,Carlos Rincon,OF,0.23999999463558197,0.9416499570710584,,2021,bat,OF
sa3007028,Chris Williams,C/1B,0.25,0.5750200157053769,,2021,bat,C/1B
22093,Steele Walker,OF,0.25,0.7818100013304501,,2021,bat,OF
sa829039,Mac James,C,0.25,0.6345400085439904,,2021,bat,C
13154,Marco Hernández,2B,0.25,0.7663600210333241,,2021,bat,2B
sa857217,Blake Allemand,2B,0.25,0.7923500520177185,,2021,bat,2B
4881,Carlos Gómez,OF,0.25,0.9719000179320573,,2021,bat,OF
20805,Carlos Pérez,C,0.25,0.582259962102398,,2021,bat,C
sa729572,Calten Daal,2B/SS,0.25,0.7858900227583945,,2021,bat,2B/SS
3448,Jeff Mathis,C,0.25999999046325684,0.6181500378996133,,2021,bat,C
15156,Ian Miller,OF,0.25,0.7984300608746707,,2021,bat,OF
5485,José Pirela,2B/OF,0.25,0.9946600490016861,,2021,bat,2B/OF
sa737859,Trey Michalczewski,3B,0.25,0.8018800054211169,,2021,bat,3B
sa548192,Stetson Allie,1B/OF,0.25,0.9092599818017333,,2021,bat,1B/OF
sa875062,Chris Paul,3B,0.25,0.801930000213906,,2021,bat,3B
13718,Christopher Bostick,2B/OF,0.25,0.8248499941080808,,2021,bat,2B/OF
sa3007635,Jon Rosoff,C,0.25,0.5652300069108606,,2021,bat,C
sa3007280,Michael Perri,SS,0.25,0.7268799654208122,,2021,bat,SS
sa655950,Arvicent Perez,C,0.25,0.6660099552944302,,2021,bat,C
sa659079,Austin Rei,C,0.25,0.75197998075746,,2021,bat,C
18425,Trey Amburgey,OF,0.25,0.9989500069059432,,2021,bat,OF
sa597740,Herlis Rodriguez,OF,0.25,0.8127900141756981,,2021,bat,OF
19938,Aaron Whitefield,OF,0.23999999463558197,0.7228199273347854,,2021,bat,OF
sa658001,Chuck Taylor,OF,0.25,0.8993800012627615,,2021,bat,OF
15958,Travis Demeritte,OF,0.25,1.0467100413050505,,2021,bat,OF
sa393008,Emmanuel Avila,3B,0.25,0.8014099784195421,,2021,bat,3B
sa877608,Peter Maris,2B/3B/SS,0.23999999463558197,0.768089953996241,,2021,bat,2B/3B/SS
14548,Jesmuel Valentín,2B/3B,0.25,0.8017199831083416,,2021,bat,2B/3B
1736,José Reyes,SS,0.25,0.8367600196972489,,2021,bat,SS
sa658848,Jose Queliz,C,0.25,0.6553000574698672,,2021,bat,C
sa658130,River Stevens,2B/3B,0.23999999463558197,0.737909942260012,,2021,bat,2B/3B
14267,Alfredo González,C,0.25,0.6419400161597877,,2021,bat,C
sa659281,Cam Gibson,OF,0.25,0.8328399927355349,DET,2021,bat,OF
sa829591,Andrew Ely,2B/SS,0.25,0.6907400424592197,,2021,bat,2B/SS
sa829374,Rudy Martin,OF,0.25,0.7558499585371463,KCR,2021,bat,OF
sa550275,Jorge Flores,SS,0.25,0.6996699386276304,,2021,bat,SS
sa526453,Jonathan Jones,OF,0.25,0.8040099266916512,,2021,bat,OF
sa392185,Michael Wing,2B/3B,0.25,0.8134299563942478,,2021,bat,2B/3B
15189,Dustin Peterson,OF,0.23999999463558197,0.8879800087772308,,2021,bat,OF
sa577859,Barrett Barnes,OF,0.25,0.9080000079236924,,2021,bat,OF
16398,Brian Navarreto,C,0.25,0.7171100061852483,MIA,2021,bat,C
10700,Ryan LaMarre,OF,0.25,0.8922199939377604,,2021,bat,OF
7888,Ryan Flaherty,2B/3B,0.23999999463558197,0.8367900136392564,,2021,bat,2B/3B
sa919532,Gabriel Maciel,OF,0.25,0.686870036786422,,2021,bat,OF
5107,Jefry Marte,1B,0.25,0.9782199699431657,,2021,bat,1B
20533,Mickey McDonald,DH/OF,0.25,0.6988600505050272,,2021,bat,DH/OF
19600,Bryan De La Cruz,OF,0.25,0.8819099812768398,PHI,2021,bat,OF
sa747574,Johan Mieses,OF,0.25,1.0604899575933813,,2021,bat,OF
sa740813,Rodrigo Orozco,OF,0.25,0.8977999588940292,,2021,bat,OF
18482,Chris Gittens,1B,0.25,1.0324400154408067,,2021,bat,1B
sa869674,Yadir Drake,OF,0.25,0.9293199892155827,,2021,bat,OF
12957,Steve Selsky,OF,0.25,0.8526599752251058,,2021,bat,OF
sa829805,Travis Jones,1B/OF,0.25,0.9281399423256517,,2021,bat,1B/OF
sa738650,John Riley,C/1B,0.25,0.6509900310309603,,2021,bat,C/1B
sa918694,Ben Ruta,OF,0.23999999463558197,0.8827600519172845,,2021,bat,OF
sa3005401,Christian Donahue,2B,0.23999999463558197,0.722249996010214,,2021,bat,2B
sa657261,Eliezer Álvarez,2B/OF,0.25,0.7826900542713703,,2021,bat,2B/OF
18123,Nathan Lukes,OF,0.25,0.7765399725642055,TOR,2021,bat,OF
10807,Tyler Saladino,3B/SS,0.25,0.8256899897474795,,2021,bat,3B/SS
sa827960,Luis Carpio,2B/SS,0.23999999463558197,0.7912899918388574,,2021,bat,2B/SS
20557,CJ Alexander,3B,0.23999999463558197,0.890619973372668,HOU,2021,bat,3B
sa858829,Mitchell Tolman,2B,0.23999999463558197,0.7445399913005529,,2021,bat,2B
6013,Cristhian Adames,SS,0.25,0.7896300062537193,,2021,bat,SS
17837,Jakson Reetz,C,0.23999999463558197,0.7444800157798453,SEA,2021,bat,C
sa547914,Luigi Rodriguez,OF,0.25,0.932809976954013,,2021,bat,OF
2802,Tony Cruz,C,0.25,0.6859199622645974,,2021,bat,C
sa918568,Charlie Madden,C,0.25,0.766550029325299,,2021,bat,C
14137,Tim Lopes,OF,0.25,0.9958599901292471,,2021,bat,OF
19727,Joe Dunand,2B/3B,0.23999999463558197,0.7636199453147127,,2021,bat,2B/3B
sa548556,Hunter Jones,OF,0.25,0.7753999704029412,,2021,bat,OF
3878,Chris Stewart,C,0.25,0.6837299606529995,,2021,bat,C
sa737614,Riley Unroe,2B,0.23999999463558197,0.8620600127615033,HOU,2021,bat,2B
sa829296,Mason Davis,2B,0.25,0.7146400222554801,,2021,bat,2B
sa737214,Carlos Martínez,C,0.23999999463558197,0.7451999857788902,,2021,bat,C
sa597861,C.J. McElroy,OF,0.25,0.7954199474770575,,2021,bat,OF
sa502038,Anthony García,OF,0.25,0.9102100280346349,,2021,bat,OF
14335,Dilson Herrera,2B,0.25,0.9826899820938705,,2021,bat,2B
sa621607,Rudy Flores,1B,0.25,1.0066599819110704,,2021,bat,1B
sa876211,Jordan George,1B/OF,0.25,0.9468900138512252,,2021,bat,1B/OF
sa874211,Ryne Birk,2B,0.25,0.771420031832531,,2021,bat,2B
7287,Carlos González,OF,0.23999999463558197,0.9121100489981471,,2021,bat,OF
sa508485,Cesar Tapia,C,0.25,0.6652100389823316,,2021,bat,C
sa659464,Dorssys Paulino,SS/OF,0.25,0.8884500494692474,,2021,bat,SS/OF
22563,Gabriel Arias,SS,0.25,0.6412900124210863,CLE,2021,bat,SS
14897,Daniel Palka,DH/OF,0.25,1.0496700027491894,,2021,bat,DH/OF
11003,Evan Gattis,C/DH,0.25,1.0989699902012944,,2021,bat,C/DH
12495,T.J. Rivera,2B/3B,0.25,0.8654300168622284,,2021,bat,2B/3B
sa328602,Amadeo Zazueta,SS,0.25,0.7209199912846088,,2021,bat,SS
13012,John Andreoli,OF,0.23999999463558197,0.8527900529094041,,2021,bat,OF
14196,Andrew Velazquez,SS,0.25,0.795480022439733,TEX,2021,bat,SS
16959,Eddy Alvarez,2B/3B,0.25,0.8167700150050223,,2021,bat,2B/3B
17723,Skye Bolt,OF,0.25,0.7726400319952517,,2021,bat,OF
sa738955,Jacob Heyward,OF,0.23999999463558197,0.8678799595916644,,2021,bat,OF
14738,Phillip Ervin,OF,0.23999999463558197,1.0254900471307336,,2021,bat,OF
sa738977,Mark Karaviotis,1B/OF,0.25,0.8811499673407525,,2021,bat,1B/OF
11859,Mason Williams,OF,0.25,0.9202400483191013,,2021,bat,OF
sa872712,Cassidy Brown,C,0.25,0.6377200266579165,,2021,bat,C
20263,Mario Feliciano,C,0.23999999463558197,0.6150499555747956,,2021,bat,C
11481,Henry Ramos,DH/OF,0.25,0.9115900228498504,,2021,bat,DH/OF
sa599831,Norberto Susini,C/3B,0.25,0.6377399490913376,,2021,bat,C/3B
19212,Taylor Kohlwey,OF,0.23999999463558197,0.8495700092986227,,2021,bat,OF
sa549747,Dustin Geiger,1B/3B,0.25,0.790269957575947,,2021,bat,1B/3B
sa548175,Matt Lipka,OF,0.25,0.7785100512672215,,2021,bat,OF
18371,Jermaine Palacios,2B/SS,0.25,0.6791299593169242,,2021,bat,2B/SS
11165,Ramón Flores,OF,0.25,0.9118600315880029,,2021,bat,OF
sa597007,Jecksson Flores,2B/SS,0.23999999463558197,0.7933100042864679,,2021,bat,2B/SS
13602,Patrick Wisdom,3B,0.23999999463558197,0.9031100113643332,SEA,2021,bat,3B
16291,Nick Ciuffo,C,0.25,0.7314000221202149,,2021,bat,C
sa881850,Ronaldo Hernández,C,0.25,0.7623300373321399,,2021,bat,C
6878,Chris Coghlan,OF,0.25,0.8509200551547108,,2021,bat,OF
9957,Steve Pearce,1B/OF,0.23999999463558197,0.9839900357881559,,2021,bat,1B/OF
sa829376,Darren Seferina,2B,0.25,0.7550099558662624,,2021,bat,2B
24491,Travis Swaggerty,OF,0.23999999463558197,0.7258199490373952,,2021,bat,OF
20538,Jose Miranda,1B/3B,0.25,0.6792299482971429,SDP,2021,bat,1B/3B
5277,Tuffy Gosewisch,C,0.25,0.6496600581100211,,2021,bat,C
sa829375,Josh Ockimey,1B,0.25,1.0783099343068896,,2021,bat,1B
sa878470,Isaac Rodriguez,2B/SS,0.25,0.6964500141795724,,2021,bat,2B/SS
7125,Alberto Rosario,C,0.25,0.6370099860709161,,2021,bat,C
8610,Kendrys Morales,1B/DH,0.23999999463558197,1.0321600345661863,,2021,bat,1B/DH
sa737640,Thomas Milone,OF,0.25,0.8136299872770905,,2021,bat,OF
sa875352,Brantley Bell,2B/3B,0.23999999463558197,0.7877899640239774,,2021,bat,2B/3B
sa658828,Vance Vizcaino,OF,0.23999999463558197,0.8494700225070119,CHC,2021,bat,OF
5486,Abraham Almonte,OF,0.23999999463558197,0.9741699934937058,,2021,bat,OF
15496,Abiatal Avelino,SS,0.25,0.887090004235506,,2021,bat,SS
sa918269,Carmen Benedetti,OF,0.25,0.8504899827763439,,2021,bat,OF
sa599888,Jose Cardona,OF,0.25,0.7689499871106816,,2021,bat,OF
sa598986,John Norwood,OF,0.25,0.8950300531461833,,2021,bat,OF
sa577753,L.J. Mazzilli,2B,0.25,0.7532600559294222,,2021,bat,2B
17839,Luis Alexander Basabe,OF,0.23999999463558197,0.8831499560270457,,2021,bat,OF
17075,Miguel Gómez,2B,0.25,0.8137699504848569,,2021,bat,2B
sa621791,Adam Brett Walker,OF,0.25,0.9273900539148598,,2021,bat,OF
5519,Rubén Tejada,SS,0.25,0.7767899728380142,,2021,bat,SS
sa829857,Bryson Brigman,2B/SS,0.23999999463558197,0.7281999877654014,,2021,bat,2B/SS
sa829837,Scott Manea,C,0.25,0.597020039136987,,2021,bat,C
sa579296,Joe Sever,1B/3B,0.25,0.7643599992617962,,2021,bat,1B/3B
sa652484,Rodolfo Amador,3B,0.25,0.7844800396356731,,2021,bat,3B
11494,Kaleb Cowart,2B/3B,0.25,0.8272199746686965,,2021,bat,2B/3B
sa829219,Alec Keller,OF,0.25,0.874180052569136,,2021,bat,OF
13633,Preston Tucker,OF,0.25,0.9789300524396822,,2021,bat,OF
sa829527,Jared James,OF,0.25,0.8887800258118659,,2021,bat,OF
sa600255,Chris Mariscal,2B/SS,0.25,0.6712899955688044,,2021,bat,2B/SS
sa392886,Anthony Phillips,SS,0.23999999463558197,0.8523000305984167,COL,2021,bat,SS
sa3008085,Josuan Hernandez,SS,0.25,0.7040300606749951,,2021,bat,SS
sa658253,Dario Pizzano,OF,0.25,0.8874999791383742,,2021,bat,OF
sa3003964,Ryan Grotjohn,2B/OF,0.25,0.7475699915550649,,2021,bat,2B/OF
12723,Tyler Collins,OF,0.25,0.8819900432601571,,2021,bat,OF
sa875888,Anthony Dimino,C/1B,0.25,0.6111300456337629,,2021,bat,C/1B
22165,Ryan Vilade,OF,0.23999999463558197,0.8419300300534813,TBR,2021,bat,OF
sa658622,Jason Leblebijian,3B,0.25,0.760579952551052,,2021,bat,3B
sa829978,Daniel Carbonell,OF,0.25,0.9066199843306093,,2021,bat,OF
sa875808,Jonathan Morales,C,0.23999999463558197,0.7179499720688907,,2021,bat,C
sa737904,Heath Quinn,OF,0.23999999463558197,0.8665499981259926,,2021,bat,OF
sa736875,Luis Gonzalez,SS,0.25,0.756020013336092,,2021,bat,SS
sa875279,Logan Landon,OF,0.25,0.7634100209921597,,2021,bat,OF
sa526207,Levi Michael,2B,0.25,0.7622700221370906,,2021,bat,2B
sa596904,Yonathan Mendoza,3B/SS,0.25,0.7199299986241384,,2021,bat,3B/SS
sa827323,Will Maddox,1B/2B,0.25,0.748200009111315,,2021,bat,1B/2B
sa3001901,Roberto Valenzuela,SS,0.25,0.680660011107102,,2021,bat,SS
sa829841,Dale Burdick,2B/3B,0.25,0.7463299999944867,,2021,bat,2B/3B
9893,Colby Rasmus,OF,0.25,0.919209972815588,BAL,2021,bat,OF
11472,Dixon Machado,2B/SS,0.25,0.7587500648573041,,2021,bat,2B/SS
19828,Cody Thomas,OF,0.25,0.8253999701235444,,2021,bat,OF
sa828685,Jake Gatewood,1B/3B,0.25,0.7802100495202465,,2021,bat,1B/3B
10349,Tommy Joseph,1B,0.25,1.0057100100442766,,2021,bat,1B
sa286639,Juan Apodaca,C,0.25,0.6241300664609297,,2021,bat,C
17737,Josh Lester,1B/DH,0.25,0.8917499611619859,,2021,bat,1B/DH
sa455994,Michael Almanzar,3B,0.25,0.7769000023603438,,2021,bat,3B
sa550147,J.J. Franco,2B,0.25,0.7215700103668495,,2021,bat,2B
12174,Jorge Bonifacio,OF,0.25,0.9265899888705461,,2021,bat,OF
10416,Wilfredo Tovar,SS,0.25,0.711910022329539,,2021,bat,SS
sa829045,Keith Curcio,OF,0.25,0.7518400012515486,,2021,bat,OF
sa602429,Drew Weeks,OF,0.25,0.9000399679411201,,2021,bat,OF
sa829062,Chris Rabago,C,0.23999999463558197,0.7779900229535995,,2021,bat,C
6368,Adam Jones,OF,0.23000000417232513,0.9713199996156616,,2021,bat,OF
sa599801,Kevin Taylor,OF,0.25,0.8606400129850952,,2021,bat,OF
8347,Denard Span,OF,0.25,0.9584100077394395,,2021,bat,OF
sa547843,Armando Araiza,C,0.25,0.6167900186032056,,2021,bat,C
20311,Corey Julks,OF,0.25,0.8431300547439604,DET,2021,bat,OF
sa502917,Stephen Bruno,2B,0.25,0.7631000375607982,,2021,bat,2B
4249,Shane Robinson,OF,0.25,0.8713699962478131,,2021,bat,OF
sa829321,Corey Toups,2B,0.25,0.7380800089798868,,2021,bat,2B
sa502309,Edgar Corcino,OF,0.25,0.8820400330238044,,2021,bat,OF
sa621648,Richy Pedroza,SS,0.25,0.6457300142850727,,2021,bat,SS
16565,Mark Zagunis,OF,0.25,0.8922800667816772,,2021,bat,OF
20165,J.J. Matijevic,1B/DH,0.25,0.9470499762101097,,2021,bat,1B/DH
11446,Rob Segedin,1B/3B/OF,0.23999999463558197,0.9271099879406391,LAD,2021,bat,1B/3B/OF
11270,Aaron Altherr,OF,0.25,0.8952999470755456,,2021,bat,OF
sa823925,Michael De León,SS,0.23999999463558197,0.6945000226376578,,2021,bat,SS
sa658290,Kody Eaves,2B/3B,0.25,0.7577600415796041,,2021,bat,2B/3B
17689,Kevin Kramer,2B/3B/OF,0.25,0.858029989292845,,2021,bat,2B/3B/OF
sa737845,Matt Oberste,1B,0.25,0.7447599702514708,,2021,bat,1B
sa621577,Kyle Wren,OF,0.25,0.7353300280403345,,2021,bat,OF
sa603087,Hunter Cole,OF,0.25,0.8847699738107622,,2021,bat,OF
sa548109,Luis Mendez,2B/3B,0.25,0.7299099954776467,,2021,bat,2B/3B
14528,Gabriel Guerrero,OF,0.25,0.8122899818699807,,2021,bat,OF
sa3004804,Brett Netzer,2B,0.25,0.8381700166035441,,2021,bat,2B
sa829115,Jake Peter,2B,0.25,0.7257600550539791,,2021,bat,2B
15181,Ryan Cordell,OF,0.25,0.8814299585996195,,2021,bat,OF
sa858057,Alex Perez,2B,0.25,0.7020399912726134,,2021,bat,2B
sa3001061,Jesus Fabela,OF,0.25,0.8572899751830844,,2021,bat,OF
13269,Zach Vincej,SS,0.25,0.7327599483774972,,2021,bat,SS
13910,Patrick Kivlehan,OF,0.23999999463558197,0.9251900169998408,,2021,bat,OF
sa657873,Mitch Nay,3B,0.25,0.9528700631577521,,2021,bat,3B
sa737849,Forrestt Allday,OF,0.25,0.8426499911118298,,2021,bat,OF
sa502131,Joey Wong,SS,0.25,0.6472199881915003,,2021,bat,SS
19267,Will Craig,1B,0.25,0.903489971300587,,2021,bat,1B
2530,Yonder Alonso,1B,0.25,1.0278200035681948,,2021,bat,1B
sa254456,Alex Valdez,3B,0.25,0.7723799857776611,PIT,2021,bat,3B
sa736822,Alejandro Flores,C,0.25,0.6150399370118976,,2021,bat,C
sa658601,Jacob Scavuzzo,OF,0.25,0.917069985368289,,2021,bat,OF
13443,Tony Renda,2B/OF,0.25,0.8014399607665836,,2021,bat,2B/OF
sa915727,Jordan Zimmerman,2B/3B,0.23999999463558197,0.695809970377013,,2021,bat,2B/3B
sa857824,Anderson Miller,OF,0.25,0.8343099647201596,,2021,bat,OF
sa577957,Kevin Medrano,2B,0.25,0.8634900355711579,,2021,bat,2B
sa658233,Bijan Rademacher,OF,0.25,0.8631500446004792,,2021,bat,OF
sa737887,Brandon Bednar,2B/3B,0.25,0.7293700201436877,,2021,bat,2B/3B
sa501997,Stephen Perez,SS,0.25,0.6646199915325268,,2021,bat,SS
sa657456,Alberti Chavez,2B/SS,0.25,0.6662300096824767,,2021,bat,2B/SS
sa3004286,Micah Brown,1B/3B,0.25,0.7564900403376666,,2021,bat,1B/3B
20178,Miguel Vargas,3B,0.23999999463558197,0.7291400106390937,CHW,2021,bat,3B
sa738447,Ryan Scott,C,0.25,0.5245800316799433,,2021,bat,C
sa728944,Miguel Guzman,OF,0.25,0.7561300442554055,,2021,bat,OF
sa918049,Michael Cruz,C,0.25,0.6157899872167035,,2021,bat,C
17005,Gavin Cecchini,2B,0.25,0.7515299876686183,,2021,bat,2B
sa736483,Daniel Sanchez,C,0.25,0.6040799379581584,,2021,bat,C
sa737827,Champ Stuart,OF,0.25,0.7364899724489077,,2021,bat,OF
24703,Jonah Bride,1B/3B,0.25,0.6546699884813277,TEX,2021,bat,1B/3B
sa705802,Mike Ahmed,3B,0.25,0.6735499494243412,,2021,bat,3B
9362,Adam Moore,C,0.25,0.6304900540737434,,2021,bat,C
sa914203,Eddy Martinez,OF,0.23999999463558197,0.8274699841160326,,2021,bat,OF
13153,Luis Sardinas,2B/SS,0.25,0.7435000090626999,,2021,bat,2B/SS
sa738486,Chris Madera,OF,0.25,0.7324399639386683,,2021,bat,OF
4720,Chase Headley,3B,0.25,0.7966299875173717,,2021,bat,3B
sa918101,Nate Nolan,C,0.25,0.5392199765890837,,2021,bat,C
12926,Alen Hanson,2B/OF,0.25,0.7926299748476594,,2021,bat,2B/OF
11624,Jarrett Parker,OF,0.25,0.9237200115574523,,2021,bat,OF
7168,Juan Centeno,C,0.25,0.7246999489609152,ARI,2021,bat,C
23372,Hunter Feduccia,C,0.23999999463558197,0.5901700118323787,TBR,2021,bat,C
10533,Rocky Gale,C,0.25,0.6423799728276207,,2021,bat,C
sa917934,Joe Rizzo,3B,0.25,0.6615199797553941,,2021,bat,3B
sa739597,Wendell Rijo,2B,0.23999999463558197,0.8440099909668788,,2021,bat,2B
sa3004170,Austin Listi,1B/3B,0.23999999463558197,1.035579998907633,,2021,bat,1B/3B
13267,Nolan Fontana,2B,0.25,0.7418999849818647,,2021,bat,2B
sa975161,Yanio Perez,1B/OF,0.25,0.8525500167626885,,2021,bat,1B/OF
sa544568,Sebastián Elizalde,OF,0.25,0.8596700193127617,,2021,bat,OF
sa597795,Brett Austin,C,0.25,0.5910899897338822,,2021,bat,C
8385,Pedro Florimón,SS,0.23999999463558197,0.7279800308402627,,2021,bat,SS
sa3004146,Jeisson Rosario,OF,0.23999999463558197,0.6697999798227101,OAK,2021,bat,OF
sa602394,Eric Wood,3B,0.25,0.8840700274333356,,2021,bat,3B
sa745229,Marty Herum,1B/3B,0.25,0.7384500688174739,,2021,bat,1B/3B
10839,Rangel Ravelo,1B/DH,0.25,0.9899100034497678,,2021,bat,1B/DH
19931,Luke Williams,3B/OF,0.23999999463558197,0.8470000509405506,ATL,2021,bat,3B/OF
sa513056,Noah Perio,2B,0.25,0.7328600036911667,,2021,bat,2B
sa454764,Bengie González,SS,0.25,0.6596900054253638,,2021,bat,SS
12719,Dillon Thomas,OF,0.25,0.7984099667984991,,2021,bat,OF
sa829667,Mike Rivera,C,0.25,0.517890031216666,,2021,bat,C
sa597776,Dante Bichette Jr.,3B,0.25,0.9222900385502726,,2021,bat,3B
1857,Joe Mauer,C/1B,0.25,0.9003900038544089,,2021,bat,C/1B
16446,Johneshwy Fargas,OF,0.23999999463558197,0.7759500012733042,,2021,bat,OF
sa874104,Kort Peterson,OF,0.25,0.8283500030636788,KCR,2021,bat,OF
sa915673,Jeremy Vasquez,1B,0.23999999463558197,0.9320300061022863,,2021,bat,1B
sa3006923,John Valente,2B/3B,0.25,0.6303399747237562,,2021,bat,2B/3B
sa916023,Missael Rivera,3B/SS,0.25,0.6750399735290558,,2021,bat,3B/SS
sa3004062,Zane Gurwitz,2B/3B,0.25,0.7256400272250175,,2021,bat,2B/3B
sa605974,Blake Gailen,OF,0.25,0.8873300067614763,,2021,bat,OF
14412,Joe Hudson,C,0.25,0.6545599763048812,,2021,bat,C
sa828307,Andy Pineda,OF,0.25,0.8753900215029716,,2021,bat,OF
sa915589,Willy Yahn,3B,0.25,0.8185600283555686,BAL,2021,bat,3B
sa3006869,Devin Mann,2B/3B,0.23999999463558197,0.7218600170686841,SFG,2021,bat,2B/3B
12244,Brock Stassi,1B,0.25,0.9052400073967874,,2021,bat,1B
16115,Mike Gerber,OF,0.23999999463558197,0.8959200401324776,,2021,bat,OF
sa3003963,Billy Cooke,OF,0.25,0.7320099836681038,,2021,bat,OF
sa738262,Ryan Boldt,OF,0.25,0.8644300516229123,,2021,bat,OF
sa736911,Ademar Rifaela,OF,0.25,0.8779100334271787,,2021,bat,OF
sa915865,Deon Stafford,C,0.23999999463558197,0.553639977541752,,2021,bat,C
sa455746,Leandro Castro,OF,0.25,0.891900015901774,,2021,bat,OF
sa659614,Carlos Figueroa,OF,0.25,0.7153400264680385,,2021,bat,OF
21386,Michael Papierski,C,0.25,0.5433700285386294,,2021,bat,C
sa922180,Alfredo Rodriguez,SS,0.23999999463558197,0.6758000015979633,,2021,bat,SS
sa502224,Antonio Lamas,2B/SS,0.25,0.7326299975859002,,2021,bat,2B/SS
791,Brandon Phillips,2B,0.25,0.7726800532778725,,2021,bat,2B
20122,Mark Contreras,OF,0.25,0.7829200235195458,,2021,bat,OF
sa738204,Daniel Pinero,3B/SS,0.25,0.8231400355696679,,2021,bat,3B/SS
15722,Allen Córdoba,SS/OF,0.23999999463558197,0.8118799994699656,,2021,bat,SS/OF
sa829492,Marc Flores,1B,0.25,0.943010009964928,,2021,bat,1B
sa597177,Angelo Mora,2B/SS,0.25,0.7261299596633762,,2021,bat,2B/SS
sa454460,Niko Vasquez,3B/SS,0.25,0.6761000626021996,,2021,bat,3B/SS
sa736945,Michael Beltre,OF,0.25,0.884009980596602,,2021,bat,OF
4969,Luis Valbuena,3B,0.25,0.8572399925440549,,2021,bat,3B
sa875647,Brad Zunica,1B,0.23999999463558197,0.8951600382570176,,2021,bat,1B
sa658355,Chuck Moorman,C,0.25,0.5860399887664243,,2021,bat,C
6885,Ian Desmond,SS/OF,0.25,1.0208800292108207,COL,2021,bat,SS/OF
sa455452,Jose Vargas,1B/3B,0.25,0.7913599751424044,,2021,bat,1B/3B
sa3001898,Javier Salazar,SS,0.25,0.6538900647312402,,2021,bat,SS
sa824634,Samar Leyva,SS,0.25,0.67128996825777,,2021,bat,SS
22164,Payton Henry,C,0.23999999463558197,0.5646199749782681,NYY,2021,bat,C
sa3005058,Brandon Grudzielanek,1B/3B,0.25,0.7356899922247976,,2021,bat,1B/3B
sa658283,Melvin Mercedes,2B/SS,0.25,0.6800500558689238,,2021,bat,2B/SS
sa829046,Danny Mars,OF,0.25,0.8376600551418958,,2021,bat,OF
sa602678,Brandon Downes,OF,0.25,0.736349989939481,,2021,bat,OF
sa830037,Andretty Cordero,1B/3B,0.25,0.9420500463573263,,2021,bat,1B/3B
22799,Geraldo Perdomo,SS,0.23999999463558197,0.6628700485453008,ARI,2021,bat,SS
sa658025,Joey Curletta,1B/OF,0.25,0.9238799811806528,,2021,bat,1B/OF
sa3008602,Victor Mesa,OF,0.23999999463558197,0.7797800104599446,MIA,2021,bat,OF
sa737017,Ibandel Isabel,1B,0.25,0.978339986037463,,2021,bat,1B
sa3004968,Tristen Lutz,OF,0.23999999463558197,0.6880200260784476,,2021,bat,OF
sa3002601,Julian Ornelas,OF,0.25,0.8773799913935363,,2021,bat,OF
sa599318,Mike Papi,OF,0.25,0.8335900522768497,,2021,bat,OF
sa602817,Nate Esposito,C,0.25,0.5344700671965256,,2021,bat,C
sa918641,Connor Myers,OF,0.23999999463558197,0.6750399763695893,,2021,bat,OF
sa3004517,Cam Balego,1B/3B,0.23999999463558197,0.659139975090511,,2021,bat,1B/3B
13770,Rob Refsnyder,OF,0.25,0.8745700184721499,SEA,2021,bat,OF
sa658166,Rashad Crawford,OF,0.25,0.7238099473062903,NYY,2021,bat,OF
sa3004930,Austen Wade,OF,0.25,0.6353499954100698,,2021,bat,OF
20002,Bryce Johnson,OF,0.23999999463558197,0.8233700181357562,SDP,2021,bat,OF
sa509641,Erick Rodriguez,C,0.25,0.6101499650394542,,2021,bat,C
sa873634,Connor Justus,SS,0.25,0.6243400392588226,,2021,bat,SS
sa875822,Logan Hill,OF,0.25,0.8578299669316036,,2021,bat,OF
22186,Brice Turang,2B,0.23999999463558197,0.5940000451635568,MIL,2021,bat,2B
sa326041,Maxwell Leon,OF,0.25,0.728009998705238,,2021,bat,OF
sa658263,Parker Morin,C,0.25,0.5843800069531426,,2021,bat,C
sa548315,Cito Culver,SS,0.25,0.664560021343641,,2021,bat,SS
sa827979,Joantgel Segovia,OF,0.25,0.8509299862198532,,2021,bat,OF
sa736824,Ray-Patrick Didder,SS/OF,0.25,0.6323599886381999,,2021,bat,SS/OF
sa828299,Osvaldo Duarte,2B/SS,0.23999999463558197,0.7614599933847784,,2021,bat,2B/SS
24934,David Fry,DH,0.23999999463558197,0.5624900134513154,CLE,2021,bat,DH
18217,Brett Sullivan,C,0.25,0.8607999959494916,COL,2021,bat,C
sa830300,Franklin Torres,2B,0.25,0.5573599703842774,,2021,bat,2B
sa918466,Chris Clare,SS,0.25,0.6852999916998668,,2021,bat,SS
sa503239,Peter Mooney,2B/SS,0.25,0.7042500270064921,,2021,bat,2B/SS
sa3003959,Cullen Large,3B/OF,0.25,0.7952800254337489,,2021,bat,3B/OF
sa829240,Jeremy Rivera,SS,0.25,0.7556900562252848,,2021,bat,SS
16623,Greg Allen,OF,0.25,0.8798799556680023,,2021,bat,OF
7462,Trevor Plouffe,3B,0.25,0.8296700182836502,,2021,bat,3B
20233,Gilberto Celestino,OF,0.25,0.6316900153178721,TEX,2021,bat,OF
sa828381,Dennis Ortega,C,0.23999999463558197,0.49590004626661527,,2021,bat,C
21865,Bo Naylor,C,0.25,0.5142799638211726,CLE,2021,bat,C
sa738445,Luis Aviles Jr.,SS,0.25,0.6462999729672447,,2021,bat,SS
22263,Nolan Gorman,2B,0.23999999463558197,0.6510699786944313,STL,2021,bat,2B
7226,Matt Davidson,3B/DH,0.23999999463558197,1.011360030306969,,2021,bat,3B/DH
sa829276,Gianpaul Gonzalez,C,0.25,0.5776699890149755,,2021,bat,C
21636,Jeremy Peña,SS,0.25,0.6120200577192008,HOU,2021,bat,SS
sa876363,Dalton Kelly,1B,0.25,0.8897600624477489,,2021,bat,1B
21794,Sherten Apostel,1B/3B,0.25,0.9091500070877375,,2021,bat,1B/3B
19717,Darick Hall,1B/DH,0.23999999463558197,1.0420500038424507,,2021,bat,1B/DH
16411,Richard Urena,2B/SS,0.25,0.7721500068437306,,2021,bat,2B/SS
20404,Jared Young,1B/DH,0.23999999463558197,0.854200003389269,NYM,2021,bat,1B/DH
sa828686,Justin Twine,2B/SS,0.25,0.7131199520546943,,2021,bat,2B/SS
sa915654,Donovan Casey,OF,0.23999999463558197,0.8522999843116849,,2021,bat,OF
sa738199,Jonah Arenado,1B/3B,0.25,0.7234100360888986,,2021,bat,1B/3B
sa739574,Samir Dueñez,1B,0.25,0.8653200443834065,,2021,bat,1B
sa503326,Art Charles,1B,0.25,0.9394299992127342,,2021,bat,1B
13906,Sherman Johnson,2B,0.25,0.7269299844745546,,2021,bat,2B
sa858059,Matt Winn,C,0.25,0.5797399737406521,,2021,bat,C
sa657425,Bryant Flete,2B/SS,0.25,0.690890028164722,,2021,bat,2B/SS
23697,Julio Rodríguez,OF,0.25,0.7843500014394521,SEA,2021,bat,OF
6876,Mark Trumbo,1B/DH/OF,0.25,1.0231700325617565,,2021,bat,1B/DH/OF
sa876814,Nash Knight,1B/3B,0.25,0.7784600126557052,,2021,bat,1B/3B
sa857838,Logan Taylor,3B,0.25,0.7150600516004486,,2021,bat,3B
sa505526,Anderson Feliz,2B,0.25,0.697179962787777,,2021,bat,2B
sa826778,Jose Antequera,2B/SS,0.25,0.6914200539235025,,2021,bat,2B/SS
sa828422,Hendrik Clementina,C,0.23999999463558197,0.7105000502197071,,2021,bat,C
sa738434,Nick Longhi,1B/OF,0.23999999463558197,1.0639799751341341,,2021,bat,1B/OF
23792,Alek Thomas,OF,0.23999999463558197,0.7390500272624194,ARI,2021,bat,OF
11894,Noel Cuevas,OF,0.25,0.8772599399089813,,2021,bat,OF
16263,Sam Travis,1B/OF,0.25,0.853220034111291,,2021,bat,1B/OF
sa396238,Rainel Rosario,OF,0.25,0.8413699567317962,,2021,bat,OF
sa830224,Zac Shepherd,3B,0.25,0.6267100679688156,,2021,bat,3B
sa737644,Robert Mullen,C,0.25,0.583179992530495,,2021,bat,C
17738,Chris Shaw,OF,0.25,1.0050199814140799,,2021,bat,OF
sa657285,Roberto Caro,OF,0.25,0.8272499912884086,,2021,bat,OF
sa3006791,Connor Kopach,2B/SS,0.25,0.634440023358911,,2021,bat,2B/SS
sa829126,Bo Way,OF,0.25,0.8156400168314576,,2021,bat,OF
sa828164,Adrian Valerio,SS,0.25,0.6500599823892116,,2021,bat,SS
sa829151,Luke Dykstra,2B,0.25,0.6888800162822007,,2021,bat,2B
3057,Mike Napoli,C/1B,0.25,1.0103999713202936,,2021,bat,C/1B
18497,ByungHo Park,1B/DH,0.25,0.9499700177577324,,2021,bat,1B/DH
sa829343,Isiah Gilliam,OF,0.25,0.9023800215218217,,2021,bat,OF
sa874209,Corey Bird,OF,0.23999999463558197,0.7538399782497435,,2021,bat,OF
sa737838,Charcer Burks,OF,0.25,0.815539996419102,,2021,bat,OF
sa598306,Aaron Brown,P/OF,0.25,0.7260999953374265,,2021,bat,P/OF
sa736924,Luis Alejandro Basabe,2B,0.23999999463558197,0.7029500208795071,,2021,bat,2B
sa827159,Michael Russell,3B/SS,0.25,0.7020400276873259,,2021,bat,3B/SS
sa327073,Jeremy Barfield,OF,0.25,0.9693300088401884,BOS,2021,bat,OF
sa827182,Max Murphy,OF,0.25,0.8318699878640473,,2021,bat,OF
sa876102,Collin Theroux,C,0.25,0.4883499951800332,,2021,bat,C
23401,José Caballero,2B/SS,0.25,0.6317200074903667,NYY,2021,bat,2B/SS
23296,Jacob Amaya,SS,0.23999999463558197,0.6097200221847742,ARI,2021,bat,SS
13795,Eric Stamets,SS,0.25999999046325684,0.8390700475312769,,2021,bat,SS
14366,Joey Meneses,1B/DH,0.25,1.0194099986692888,OAK,2021,bat,1B/DH
12944,Sócrates Brito,OF,0.25,0.9273500099312513,,2021,bat,OF
sa918456,Luis Pintor,SS,0.25,0.6172400535549969,,2021,bat,SS
sa546794,Khayyan Norfork,2B/3B,0.25,0.6915500339586286,,2021,bat,2B/3B
sa549777,Jay Gonzalez,OF,0.25,0.8025400586891921,,2021,bat,OF
sa918497,Joel Booker,OF,0.25,0.75168996558059,,2021,bat,OF
6310,Alcides Escobar,SS,0.25,0.7042799862800164,,2021,bat,SS
sa596287,Wilson Garcia,1B,0.23999999463558197,0.9492000022903084,,2021,bat,1B
sa858055,Brendon Sanger,OF,0.25,0.8130000140052289,,2021,bat,OF
sa599216,Austin Davidson,2B/3B,0.25,0.8842499847989528,,2021,bat,2B/3B
sa549538,Jose Vinicio,SS,0.25,0.6435999695211649,,2021,bat,SS
sa714135,Yosmany Guerra,2B/SS,0.25,0.6303900438360868,,2021,bat,2B/SS
sa3003962,Jake Adams,1B,0.25,0.9021800121292471,,2021,bat,1B
sa738573,Adam Law,2B/3B/OF,0.25,0.6929800251731647,,2021,bat,2B/3B/OF
sa829010,Max George,2B,0.23999999463558197,0.7254399933852254,,2021,bat,2B
sa737949,Sicnarf Loopstok,C/1B,0.25,0.8236400096677244,CLE,2021,bat,C/1B
5408,Jake Smolinski,OF,0.25,0.8246900118887425,,2021,bat,OF
15214,Brandon Dixon,1B/OF,0.23999999463558197,0.8760099796578289,,2021,bat,1B/OF
sa621361,Preston Beck,1B/OF,0.25,0.8248800070956348,,2021,bat,1B/OF
sa508601,Japhet Amador,1B,0.25,0.9338699739193543,,2021,bat,1B
sa657939,Adrian Marin,SS,0.25,0.6118200085824353,,2021,bat,SS
sa825973,Manuel Orduno,2B/OF,0.25,0.6894400021992623,,2021,bat,2B/OF
sa3002834,Brock Lundquist,OF,0.25,0.91579001089558,TOR,2021,bat,OF
22277,Nick Allen,SS,0.25,0.5448100123554467,HOU,2021,bat,SS
sa738419,Stephen Wrenn,OF,0.25,0.7959899679291992,,2021,bat,OF
9571,Craig Gentry,OF,0.25,0.849220019998029,,2021,bat,OF
6448,James Adduci,1B/OF,0.25,0.8796900581801307,,2021,bat,1B/OF
sa550391,Damek Tomscha,1B/3B,0.25,0.8044600233901292,,2021,bat,1B/3B
sa915868,Matt Whatley,C,0.25,0.5314200042746962,,2021,bat,C
sa828872,Nicholas Torres,OF,0.25,0.8281100546009837,NYY,2021,bat,OF
sa709037,Dylan Davis,OF,0.25,0.8013499951688572,,2021,bat,OF
sa829364,Jared Walker,1B/3B,0.25,0.9063400126993656,,2021,bat,1B/3B
sa3004277,Sam McMillan,C,0.25,0.4486599350813776,,2021,bat,C
sa868933,Jasson Atondo,2B/3B,0.25,0.6745699817314744,,2021,bat,2B/3B
sa550659,Ricardo Valenzuela,C,0.25,0.5551300295628606,,2021,bat,C
sa456041,Derrik Gibson,SS,0.25,0.6831500426400452,,2021,bat,SS
8001,Hanley Ramirez,SS,0.23999999463558197,0.9800200047669932,CLE,2021,bat,SS
sa599081,Tanner English,OF,0.25,0.7039800384081899,,2021,bat,OF
sa3006846,David Sheaffer,C,0.25,0.5002200171118601,,2021,bat,C
4747,Curtis Granderson,OF,0.23999999463558197,0.9013200135203078,,2021,bat,OF
18722,Dae-Ho Lee,1B,0.25,0.9692300028749742,,2021,bat,1B
sa875228,Connor Panas,OF,0.25,0.9076700074132531,,2021,bat,OF
7158,Eric Young Jr.,OF,0.25,0.7973400514572857,,2021,bat,OF
11338,Adrián Sanchez,2B/3B,0.25,0.8211700316052882,,2021,bat,2B/3B
sa829803,Jeff Hendrix,OF,0.25,0.6556099995272233,NYY,2021,bat,OF
sa503023,Jonathan Rodríguez,1B,0.25,0.89197998335585,,2021,bat,1B
sa658901,A.J. Simcox,SS,0.25,0.5964800287969408,,2021,bat,SS
22197,MJ Melendez,OF,0.25,0.5159499921603128,NYM,2021,bat,OF
19334,Yadiel Hernandez,OF,17.299999237060547,75.2597973048687,,2021,bat,OF
sa830284,Ruddy Giron,SS,0.25,0.6883700193837284,,2021,bat,SS
sa3006664,Orlando Martinez,OF,0.25,0.6998300274834037,TEX,2021,bat,OF
sa598687,Jeremias Pineda,OF,0.25,0.803849956393242,,2021,bat,OF
14558,Carlos Tocci,OF,0.23999999463558197,0.7778700222028417,,2021,bat,OF
sa3002753,Ben Breazeale,C,0.25,0.5305100433761253,BAL,2021,bat,C
sa737639,Jan Hernandez,3B/OF,0.25,0.8407000241801142,,2021,bat,3B/OF
11761,Drew Robinson,OF,0.25,0.7701200423296541,,2021,bat,OF
sa547898,Gioskar Amaya,2B,0.25,0.6894199820701032,,2021,bat,2B
sa874481,Matt Jones,C,0.25,0.6413400741526856,,2021,bat,C
7511,Carlos Moncrief,OF,0.25,0.8728499898687003,,2021,bat,OF
9015,Gordon Beckham,2B,0.25,0.7293399796355516,NYM,2021,bat,2B
1159,Andrew Romine,3B/SS,0.25,0.7430099497549234,CHC,2021,bat,3B/SS
sa827169,Logan Ratledge,OF,0.25,0.6859600252937526,,2021,bat,OF
sa657541,Juan Kelly,1B,0.25,0.8915899601764976,,2021,bat,1B
sa875016,Jalen Miller,2B,0.23999999463558197,0.7938299705740065,,2021,bat,2B
sa658968,Ian Rice,C,0.25,0.8728799472795798,,2021,bat,C
sa927338,Fabricio Macias,OF,0.23999999463558197,0.6374300336930901,,2021,bat,OF
sa739541,Alexander Palma,OF,0.23999999463558197,0.7867100303992629,,2021,bat,OF
sa829122,Zack Zehner,OF,0.25,0.8541799545288086,,2021,bat,OF
sa874241,Cornelius Randolph,OF,0.23999999463558197,0.9047199690248816,,2021,bat,OF
sa547904,Felix Perez,OF,0.25,0.8652100038249045,,2021,bat,OF
2539,Pete Kozma,SS,0.25,0.6319600471295416,,2021,bat,SS
19273,Stone Garrett,OF,0.23999999463558197,0.8664500517304985,,2021,bat,OF
sa509434,Ramon Rios,2B,0.25,0.6823599991854279,,2021,bat,2B
9787,Steven Baron,C,0.23999999463558197,0.5718499405076726,,2021,bat,C
25040,Vinny Capra,3B,0.25,0.7577600255608558,BOS,2021,bat,3B
sa918259,Mitch Roman,2B/SS,0.25,0.5902899940498173,CHW,2021,bat,2B/SS
10329,Rey Fuentes,OF,0.25,0.7909600585699081,,2021,bat,OF
10053,Grant Green,2B,0.25,0.7395300195552407,,2021,bat,2B
sa657676,John Mora,OF,0.25,0.680680002970621,,2021,bat,OF
21853,Will Benson,OF,0.25,0.7584800210548565,CIN,2021,bat,OF
sa827951,Franklin Rollin,OF,0.25,0.8229000363964586,,2021,bat,OF
sa597088,Jeffrey Baez,OF,0.25,0.8339100236538797,,2021,bat,OF
8252,Hunter Pence,OF,0.23999999463558197,0.9610200348310172,,2021,bat,OF
sa657987,BJ Boyd,OF,0.25,0.7957199781667442,,2021,bat,OF
3812,Gregorio Petit,2B/SS,0.25,0.7210599682759494,,2021,bat,2B/SS
20017,Miles Mastrobuoni,3B,0.25,0.7889400041662155,SEA,2021,bat,3B
sa657511,Jhoan Urena,3B,0.25,0.8709800351411102,,2021,bat,3B
sa502070,Sergio Burruel,C,0.25,0.5196600463008507,,2021,bat,C
sa738897,Jake Romanski,C,0.25,0.656770005240105,,2021,bat,C
sa3002851,Robert Perez Jr.,1B/OF,0.25,0.8320300427265462,,2021,bat,1B/OF
sa3007303,Fabian Pena,C,0.23999999463558197,0.5482500458834692,,2021,bat,C
sa659194,Jiandido Tromp,OF,0.25,0.8199600311927496,,2021,bat,OF
sa828331,Jose Gomez,2B/3B/SS,0.23999999463558197,0.8230500068981198,,2021,bat,2B/3B/SS
13444,Cameron Perkins,OF,0.25,0.8707800298463552,,2021,bat,OF
sa658195,Connor Lien,OF,0.25,0.6281699675135314,,2021,bat,OF
sa828876,D.J. Burt,2B,0.25,0.7894299722276629,,2021,bat,2B
sa548029,Erick Salcedo,SS,0.25,0.5978000259026883,,2021,bat,SS
sa918523,Matt Hearn,OF,0.23999999463558197,0.8222400153987109,,2021,bat,OF
sa736995,Juremi Profar,1B/3B,0.25,0.8851499924669042,,2021,bat,1B/3B
21746,José Fermín,2B/3B,0.25,0.5891700537176802,STL,2021,bat,2B/3B
sa871433,Raul Rivas,2B/3B/SS,0.25,0.6629399684257804,,2021,bat,2B/3B/SS
sa3005308,Diosbel Arias,2B/3B,0.25,0.6295999909285456,,2021,bat,2B/3B
sa509741,Francisco Cordoba,C,0.25,0.5621300193481146,,2021,bat,C
sa918203,Josh Stephen,OF,0.23999999463558197,0.9181700206827371,,2021,bat,OF
sa872547,Pablo Olivares,OF,0.25,0.7013399970484896,,2021,bat,OF
sa389676,Quincy Latimore,OF,0.25,0.8143100209301336,,2021,bat,OF
3708,Rajai Davis,OF,0.25,0.8212500180117784,,2021,bat,OF
sa3004065,Jancarlos Cintron,2B/SS,0.23999999463558197,0.6236400685738773,,2021,bat,2B/SS
sa737886,Nelson Molina,3B,0.25,0.689550015074201,,2021,bat,3B
sa830140,Carlos Herrera,2B/SS,0.25,0.6771000292152166,,2021,bat,2B/SS
sa549070,Shane Opitz,SS,0.25,0.6527099578175692,,2021,bat,SS
14936,Jaycob Brugman,OF,0.23999999463558197,0.9033000239403919,,2021,bat,OF
19964,Eguy Rosario,3B,0.23999999463558197,0.6367400252725927,,2021,bat,3B
18821,José Azocar,OF,0.23999999463558197,0.7719100362155586,ATL,2021,bat,OF
21842,Carlos Cortes,OF,0.23999999463558197,0.6855199648067354,OAK,2021,bat,OF
sa829085,Chesny Young,2B,0.25,0.643969971174374,,2021,bat,2B
9063,Alexi Amarista,2B/SS/OF,0.25,0.7206499873194843,,2021,bat,2B/SS/OF
sa657922,Clint Coulter,OF,0.25,0.8130799423437566,,2021,bat,OF
25353,Michael Stefanic,2B,0.25,0.5846800486091525,OAK,2021,bat,2B
sa598653,Danry Vasquez,OF,0.25,0.6808299992699176,,2021,bat,OF
17040,Jose Herrera,C,0.23999999463558197,0.5480600224575027,TEX,2021,bat,C
sa602687,Matt Snyder,1B,0.25,0.8970000175526365,,2021,bat,1B
sa509640,Alejandro Gonzalez,OF,0.25,0.676120019168593,,2021,bat,OF
sa915838,Cole Freeman,2B/OF,0.23999999463558197,0.7423900097841395,,2021,bat,2B/OF
21304,Mark Kolozsvary,C,0.23999999463558197,0.5495299958856776,PHI,2021,bat,C
6740,Johnny Giavotella,2B,0.25,0.7821000413503497,,2021,bat,2B
11369,Brett Eibner,OF,0.23999999463558197,0.8934499614406376,,2021,bat,OF
20450,Brewer Hicklen,OF,0.25,0.7739499688614158,ATL,2021,bat,OF
15644,Jacob Hannemann,OF,0.25,0.7728100509848445,,2021,bat,OF
sa455978,Garabez Rosa,SS,0.25,0.680120008299127,,2021,bat,SS
sa917352,Aramis Ademan,SS,0.23999999463558197,0.5450500201899559,,2021,bat,SS
9856,Brandon Snyder,1B/3B,0.23999999463558197,0.8636499870335682,,2021,bat,1B/3B
sa873988,Camden Duzenack,2B/SS,0.23999999463558197,0.6943800273351372,,2021,bat,2B/SS
22411,Cal Stevenson,OF,0.25,0.7699699779972434,DET,2021,bat,OF
sa621523,Evan Marzilli,OF,0.25,0.6420699865557253,,2021,bat,OF
sa736694,Jorma Rodriguez,2B/3B,0.25,0.6584699784871191,,2021,bat,2B/3B
sa657408,Daniel Fajardo,C,0.25,0.5251199987018481,,2021,bat,C
sa829787,Andrew Bechtold,3B,0.25,0.5591799620073287,PHI,2021,bat,3B
22266,Xavier Edwards,2B/SS,0.25,0.6531100575812159,MIA,2021,bat,2B/SS
sa916410,Orlando Pina,C/3B,0.25,0.6771600066451355,,2021,bat,C/3B
sa830204,Jomar Reyes,3B,0.25,0.6730800093151629,,2021,bat,3B
24605,Michael Helman,OF,0.25,0.5702499780571085,TEX,2021,bat,OF
sa709546,Cole Sturgeon,OF,0.25,0.7884999526897444,,2021,bat,OF
sa3007062,Chris Proctor,C,0.25,0.4392099302494898,,2021,bat,C
sa658081,Luis Valenzuela,2B/3B/SS,0.25,0.6641900089103726,,2021,bat,2B/3B/SS
sa3006685,Ian Dawkins,OF,0.25,0.586340033833403,,2021,bat,OF
21735,Sebastián Rivero,C,0.25,0.4770600367337464,LAA,2021,bat,C
19877,Tristan Gray,1B/2B/3B,0.25,0.8718600008636712,MIN,2021,bat,1B/2B/3B
3882,Chris Young,OF,0.25,0.8912100281100721,LAA,2021,bat,OF
sa455750,Sebastian Valle,C,0.25,0.5268899984657763,,2021,bat,C
sa597093,Alfredo Reyes,SS,0.25,0.585329979006201,,2021,bat,SS
sa288775,Jose Guadalupe Chavez,2B/SS,0.25,0.6397699461784213,,2021,bat,2B/SS
sa735846,Grenny Cumana,2B/SS/OF,0.25,0.7818099712021649,,2021,bat,2B/SS/OF
sa873181,Raúl Hernández,C,0.23999999463558197,0.47683003775309774,,2021,bat,C
sa3007044,Greyson Jenista,OF,0.23999999463558197,0.8892600278835744,,2021,bat,OF
sa875782,Scott Burcham,2B/3B/SS,0.23999999463558197,0.7448899816256015,,2021,bat,2B/3B/SS
sa392885,Israel Nunez,C,0.25,0.5460000487510116,,2021,bat,C
24679,Brendan Donovan,2B/OF,0.23999999463558197,0.5601800397969783,SEA,2021,bat,2B/OF
sa737204,Joel Diaz,C/1B,0.25,0.5123500093119218,,2021,bat,C/1B
sa658149,Brett Vertigan,OF,0.25,0.7663299606647341,,2021,bat,OF
3395,Cliff Pennington,2B/SS,0.25,0.6903300444129855,,2021,bat,2B/SS
5238,Isaac Galloway,OF,0.25,0.7442800428019837,,2021,bat,OF
sa244229,Jesus Valdez,OF,0.25,0.8169200303265822,,2021,bat,OF
7619,Mark Reynolds,1B/3B,0.25,0.9281200277619063,,2021,bat,1B/3B
12797,Dalton Pompey,OF,0.25,0.8116899678716436,,2021,bat,OF
18399,Joe McCarthy,OF,0.25,0.7626600086688995,,2021,bat,OF
sa868882,Bernardo Heras,C,0.25,0.5315799959702417,,2021,bat,C
sa736621,Johan Cruz,3B/SS,0.25,0.5117699475958942,,2021,bat,3B/SS
sa508065,Leo Heras,OF,0.25,0.7733199765905738,,2021,bat,OF
sa825026,Kristian Delgado,2B/SS,0.25,0.5703599933767692,,2021,bat,2B/SS
sa918442,Stefan Trosclair,1B,0.25,0.8721600443124771,STL,2021,bat,1B
sa578858,Sharif Othman,C,0.25,0.5324900046223774,,2021,bat,C
sa546826,Paul Leon,SS,0.25,0.6032599619589746,,2021,bat,SS
sa829450,J.P. Sportman,OF,0.25,0.7973899674601852,,2021,bat,OF
sa597785,Granden Goetzman,OF,0.25,0.7966400339035316,,2021,bat,OF
sa872850,Lorenzo Cedrola,OF,0.23999999463558197,0.6828300539404154,,2021,bat,OF
sa658920,Colton Plaia,C,0.25,0.5305399624397976,,2021,bat,C
sa829713,Evan Skoug,C,0.25,0.4475899887736887,,2021,bat,C
24451,J.P. Martínez,OF,0.25,0.6572100267745554,,2021,bat,OF
sa244092,Agustin Murillo,3B,0.25,0.6699299942934885,,2021,bat,3B
sa829413,Zac Law,C/OF,0.25,0.5156499783508478,,2021,bat,C/OF
1873,Matt Holliday,OF,0.25,0.9237099942518397,,2021,bat,OF
sa3008283,Tre Todd,C,0.23999999463558197,0.5131200196919963,,2021,bat,C
14113,Ramón Torres,2B/3B,0.25,0.6891800623852757,,2021,bat,2B/3B
22664,Gabriel Moreno,C,0.25,0.6275800039060414,ARI,2021,bat,C
sa659509,Adrian Gutierrez,C,0.25,0.5419700015569106,,2021,bat,C
sa3005298,Taylor Grzelakowski,C/1B/OF,0.25,0.7492000376805662,,2021,bat,C/1B/OF
2502,Lucas Duda,1B/OF,0.25,0.9513000053586438,,2021,bat,1B/OF
11935,Travis Taijeron,OF,0.25,0.849900067737326,,2021,bat,OF
9981,Michael Saunders,OF,0.25,0.9091500257141889,,2021,bat,OF
sa3006916,Kyle Kasser,2B,0.25,0.6320899549871684,,2021,bat,2B
sa739560,Jesse Hodges,3B,0.25,0.6543500267434866,,2021,bat,3B
sa657855,Elvis Escobar,OF,0.25,0.7411499814130366,NYY,2021,bat,OF
9048,Ezequiel Carrera,OF,0.25,0.8535499786725267,,2021,bat,OF
sa594366,Fernando Flores,C,0.25,0.516869986220263,,2021,bat,C
6400,Kirk Nieuwenhuis,OF,0.25,0.779160006181337,,2021,bat,OF
sa598065,Daniel Lockhart,2B/3B,0.25,0.6416299686301499,,2021,bat,2B/3B
sa447630,Jose Heberto Felix,C,0.25,0.5191300307633354,,2021,bat,C
3312,Martín Prado,3B,0.25,0.7805699944728984,,2021,bat,3B
sa657904,Courtney Hawkins,OF,0.25,0.8136700122151523,,2021,bat,OF
7290,Jake Elmore,SS/OF,0.25,0.8174100042087957,,2021,bat,SS/OF
sa829844,Riley Mahan,2B,0.23999999463558197,0.7107799648772926,,2021,bat,2B
sa454437,Kenny Wilson,OF,0.25,0.6490000266581774,,2021,bat,OF
sa875072,Ronnie Jebavy,OF,0.25,0.6524299512617289,,2021,bat,OF
18881,Curtis Terry,DH,0.25,0.855260026967153,,2021,bat,DH
sa827953,Melvin Novoa,C,0.25,0.5042700432706624,,2021,bat,C
12490,Tyler Smith,2B/SS,0.25,0.6571600188035517,,2021,bat,2B/SS
21127,Alejo Lopez,2B,0.23999999463558197,0.6473699636757374,SEA,2021,bat,2B
6677,JB Shuck,OF,0.25,0.8080099777318537,,2021,bat,OF
20047,Brian Miller,OF,0.23999999463558197,0.8307600089348852,,2021,bat,OF
5422,Steve Lombardozzi Jr.,2B/OF,0.25,0.6733700144803151,,2021,bat,2B/OF
19967,Ryan Aguilar,OF,0.23999999463558197,0.787560042622499,,2021,bat,OF
sa915613,Nick Dunn,2B,0.23999999463558197,0.554510031477548,,2021,bat,2B
3376,Nick Hundley,C,0.25999999046325684,0.7673400465864688,,2021,bat,C
sa549361,Jeff Arnold,C,0.25,0.5135100260376929,,2021,bat,C
4022,Melky Cabrera,OF,0.23999999463558197,0.9293800159124656,NYM,2021,bat,OF
sa977260,Daniel Cornejo,OF,0.25,0.6517500615678727,,2021,bat,OF
sa454795,Luis Flores,C,0.25,0.5367100015748292,,2021,bat,C
sa829329,Blake Drake,OF,0.25,0.7402800276642665,STL,2021,bat,OF
12225,Scott Schebler,OF,1.6200000047683716,6.345489682815968,,2021,bat,OF
sa857538,Roberto Baldoquin,SS,0.25,0.6218399516306816,,2021,bat,SS
sa621581,Chris Diaz,SS,0.25,0.5586099581792949,,2021,bat,SS
sa507199,Diego Goris,3B/SS,0.25,0.659939995757304,,2021,bat,3B/SS
1887,José Bautista,OF,0.25,0.8830499640200288,,2021,bat,OF
12701,Billy Burns,OF,0.25,0.7497300311457363,,2021,bat,OF
sa658243,John Silviano,1B,0.25,0.8655100085772574,,2021,bat,1B
sa3002576,Yordanys Linares,OF,0.25,0.6525399796664713,,2021,bat,OF
14515,Luis Marté,2B/3B/SS,0.23999999463558197,0.6417899961350483,,2021,bat,2B/3B/SS
5306,Kristopher Negrón,OF,0.25,0.7854899668134749,,2021,bat,OF
2495,Pedro Álvarez,3B,0.25,0.9486100706970318,,2021,bat,3B
sa877497,Arquímedes Gamboa,SS,0.23999999463558197,0.6510600658133625,,2021,bat,SS
12409,Ryan Rua,1B/OF,0.25,0.8387299515772609,,2021,bat,1B/OF
629,Brandon Barnes,OF,0.25,0.816850003111176,,2021,bat,OF
sa3002883,Zach Jarrett,OF,0.25,0.8492000286933034,BAL,2021,bat,OF
sa828684,Chase Vallot,C,0.25,0.5108900069724769,,2021,bat,C
sa873982,Nick Banks,OF,0.23999999463558197,0.866759935277514,,2021,bat,OF
sa550175,Michael O'Neill,OF,0.25,0.7680900046369059,,2021,bat,OF
6266,Daniel Robertson,OF,0.25,0.8126799959456548,,2021,bat,OF
sa659264,Nick Lovullo,2B,0.25,0.614379951567389,,2021,bat,2B
15535,Joseph Odom,C,0.25999999046325684,0.6091899645281954,,2021,bat,C
sa918131,Tyler Neslony,OF,0.23999999463558197,0.8669399950653314,,2021,bat,OF
sa454224,Humberto Sosa,C/1B,0.25,0.5279500022297724,,2021,bat,C/1B
21622,Jake McCarthy,OF,0.23999999463558197,0.6674599863123147,COL,2021,bat,OF
sa738979,Brandon Wagner,1B,0.25,0.8725199739681556,,2021,bat,1B
9399,Jeremy Hazelbaker,OF,0.25,0.8362999822013079,,2021,bat,OF
sa658082,Ricardo Valencia,C,0.25,0.4989600196946411,,2021,bat,C
sa829182,Alexis Pantoja,2B/3B/SS,0.25,0.6235999737633392,,2021,bat,2B/3B/SS
sa870576,Eduardo Revilla,C,0.25,0.5112699347315356,,2021,bat,C
sa3004934,Riley Delgado,3B/SS,0.23999999463558197,0.6424300446175039,,2021,bat,3B/SS
sa599252,Zach Borenstein,OF,0.23999999463558197,0.9327500429004432,,2021,bat,OF
sa3001900,Marco Jaime,SS,0.25,0.5496300044935195,,2021,bat,SS
sa508493,Alberto Carreon,SS,0.25,0.5608400743454695,,2021,bat,SS
sa877500,Rodolfo Durán,C,0.23999999463558197,0.6244599717436357,SDP,2021,bat,C
sa918365,Chris Baker,2B/SS,0.25,0.6338499737437815,,2021,bat,2B/SS
sa3006780,Kole Cottam,C,0.25,0.6033300484064965,,2021,bat,C
13288,Peter O'Brien,1B/OF,0.25,0.8462400644086301,,2021,bat,1B/OF
sa597836,Tyler Marlette,C,0.25,0.8363100118935108,,2021,bat,C
13595,Humberto Arteaga,SS,0.25,0.6962899866281077,,2021,bat,SS
3123,Grégor Blanco,OF,0.25,0.8011900101788342,,2021,bat,OF
sa737687,Carlos Mendivil,C,0.25,0.49605999521445476,,2021,bat,C
2578,Peter Bourjos,OF,0.25,0.7780699787195772,,2021,bat,OF
sa738883,Willie Abreu,OF,0.23999999463558197,0.9318600458558649,,2021,bat,OF
sa3004686,Ryan Peurifoy,OF,0.25,0.7667499828152358,,2021,bat,OF
sa873699,Cole Billingsley,OF,0.25,0.6160299558658153,,2021,bat,OF
21560,Alfonso Rivas III,1B,0.23999999463558197,0.7532299722079189,,2021,bat,1B
sa736953,Omar Carrizales,OF,0.25,0.7512399778235703,,2021,bat,OF
sa915617,Ryan Gridley,2B,0.25,0.5415299959946421,,2021,bat,2B
sa738507,Edgar Cabral,C,0.23999999463558197,0.6002499973168597,,2021,bat,C
sa3004252,Kevin Santa,2B/SS,0.25,0.6126100249355658,,2021,bat,2B/SS
13408,Wynton Bernard,OF,0.23999999463558197,0.9310000234283504,,2021,bat,OF
sa875243,Sean Miller,2B/SS,0.25,0.5528700053691864,,2021,bat,2B/SS
sa828313,Roldani Baldwin,C/3B,0.25,0.6164399371948092,,2021,bat,C/3B
sa829496,Daniel Spingola,OF,0.25,0.751040023146197,,2021,bat,OF
sa201344,Issmael Salas,3B,0.25,0.6542699592886494,,2021,bat,3B
sa3008391,JJ Schwarz,C/1B,0.25,0.41658999579958617,,2021,bat,C/1B
sa3007320,Luke Sherley,3B/SS,0.25,0.4636399707756936,DET,2021,bat,3B/SS
sa872552,Jason Lopez,C,0.25,0.5406199845252557,,2021,bat,C
sa915789,Dylan Busby,3B,0.23999999463558197,0.6032899627229199,,2021,bat,3B
sa3006645,Bobby Honeyman,3B,0.25,0.5519500312861054,,2021,bat,3B
17171,Yasmany Tomás,OF,0.25,0.9509499410632997,,2021,bat,OF
sa657398,Osvaldo Abreu,SS,0.25,0.622110014851205,,2021,bat,SS
13750,Elier Hernandez,DH/OF,0.25,0.7359500242630017,,2021,bat,DH/OF
sa3006727,Chris Bec,C,0.25,0.5714100104523823,,2021,bat,C
12119,Matt Skole,1B/DH,0.25,0.8982300030300393,,2021,bat,1B/DH
sa828281,Ramon Hernandez,1B/3B,0.25,0.8576599298277868,,2021,bat,1B/3B
sa873277,Aaron Knapp,OF,0.25,0.7316200081724674,,2021,bat,OF
12983,Charlie Tilson,OF,0.25,0.7765400330070406,,2021,bat,OF
sa329131,Reynaldo Rodriguez,1B,0.25,0.8807599653257057,,2021,bat,1B
sa454895,Michael Crouse,OF,0.25,0.6498999904841184,,2021,bat,OF
sa828522,Carlos Canelon,C,0.25,0.48546001883223644,,2021,bat,C
sa599740,Jerrick Suiter,1B/OF,0.23999999463558197,0.7562700109090655,,2021,bat,1B/OF
sa875635,Brett Siddall,OF,0.25,0.7633999863639473,,2021,bat,OF
sa908626,Anibal Sierra,SS,0.25,0.5524699914734811,HOU,2021,bat,SS
14876,Jacob May,OF,0.25,0.7212199984351173,,2021,bat,OF
24400,Terrin Vavra,2B/OF,0.25,0.6190900404006241,,2021,bat,2B/OF
sa874793,Lucas Herbert,C,0.25,0.4998599507147446,,2021,bat,C
1908,Adrián González,1B,0.25,0.8800699861254543,,2021,bat,1B
sa3007631,Max Burt,3B,0.25,0.6679499913472683,DET,2021,bat,3B
sa652681,Juan Carlos Garcia,C,0.25,0.49583998846355826,,2021,bat,C
sa3005272,Edgar Robles,OF,0.25,0.618949999776669,,2021,bat,OF
sa3004510,Austin Bernard,C,0.23999999463558197,0.6416900131385773,,2021,bat,C
sa3003262,Eliezer Alfonzo,C,0.25,0.39718998852185894,LAD,2021,bat,C
15809,Erisbel Arruebarrena,SS,0.25,0.6090900067938492,LAD,2021,bat,SS
6652,Chase d'Arnaud,3B/SS,0.25,0.68345998339355,,2021,bat,3B/SS
sa596365,Yojhan Quevedo,C,0.25,0.4961899490095674,,2021,bat,C
19703,Jake Noll,1B,0.25,0.9217399772722273,,2021,bat,1B
23557,Chris Roller,OF,0.25,0.5478500116150826,,2021,bat,OF
sa736921,Isaias Lucena,C,0.25,0.4767800124594941,,2021,bat,C
sa597839,Patrick Leonard,1B/3B,0.25,0.8161899755941704,,2021,bat,1B/3B
sa3004813,Logan Warmoth,SS/OF,0.25,0.688760037207976,,2021,bat,SS/OF
21009,Leo Rivas,2B/SS,0.23999999463558197,0.559309996245429,SEA,2021,bat,2B/SS
15207,Stuart Turner,C,0.25,0.5158500214805826,,2021,bat,C
sa875336,Yeltsin Encarnacion,2B/SS,0.25,0.5189299907302483,,2021,bat,2B/SS
sa3004297,Brent Diaz,C,0.23999999463558197,0.44453002475202075,,2021,bat,C
23312,Ryan Noda,1B,0.23999999463558197,0.7932799650821835,BAL,2021,bat,1B
sa658576,Jameson Fisher,1B/OF,0.25,0.7397700224304571,,2021,bat,1B/OF
5311,Chad Huffman,OF,0.25,0.890559963393025,,2021,bat,OF
sa829879,Roemon Fields,OF,0.25,0.7032199612818659,TOR,2021,bat,OF
sa657479,Malquin Canelo,SS,0.25,0.6263200125424191,,2021,bat,SS
sa829785,Nathan Rodriguez,C,0.25,0.4779800175223499,,2021,bat,C
sa3002597,Ciro Norzagaray,2B/SS,0.25,0.5967900002375244,,2021,bat,2B/SS
24765,Bryan Lavastida,C,0.25,0.4019999645883217,OAK,2021,bat,C
sa3004055,Austin Beck,OF,0.25,0.5483000262873245,,2021,bat,OF
sa597152,Deiner Lopez,2B/SS,0.25,0.5563499856740236,,2021,bat,2B/SS
sa595706,Moises Gutierrez,2B,0.25,0.6342199926963074,,2021,bat,2B
7423,Shane Peterson,OF,0.25,0.8139200059697032,,2021,bat,OF
21538,Nick Fortes,C,0.23999999463558197,0.5340100160101428,TBR,2021,bat,C
sa658264,Nellie Rodriguez,1B,0.25,0.8371400547213852,,2021,bat,1B
sa831986,Oscar Campos,C,0.25,0.49249994081910703,,2021,bat,C
sa599037,Trey Martin,OF,0.25,0.6316999997710807,,2021,bat,OF
sa657942,Fernando Perez,1B/2B,0.25,0.8391199683770535,,2021,bat,1B/2B
sa915820,Zach Kirtley,1B/2B,0.25,0.7985600297339261,,2021,bat,1B/2B
sa875776,Josh Rolette,C,0.25,0.393870012764819,,2021,bat,C
sa872571,Edgardo Fermin,2B/SS,0.23999999463558197,0.6380400503519922,,2021,bat,2B/SS
sa917459,Dennicher Carrasco,1B/3B,0.25,0.5890600222628564,,2021,bat,1B/3B
sa3008113,Malcom Nuñez,1B/3B,0.23999999463558197,0.5482300093630329,,2021,bat,1B/3B
22857,Wenceel Pérez,OF,0.25,0.45784995411522694,DET,2021,bat,OF
sa597100,Bryan Mejia,2B,0.25,0.6239100131671875,,2021,bat,2B
8027,Adam Lind,1B/DH,0.25,0.9467299494426699,,2021,bat,1B/DH
sa738401,Nick Zammarelli III,1B/OF,0.25,0.8154500373173503,,2021,bat,1B/OF
sa737255,Daniel Gonzalez,C,0.25,0.40748999405186614,,2021,bat,C
23818,Ji Hwan Bae,2B/OF,0.23999999463558197,0.554660025425255,NYM,2021,bat,2B/OF
sa918611,Chad Sedio,2B/OF,0.25,0.7299099766649305,,2021,bat,2B/OF
sa916849,Diego Rincones,OF,0.23999999463558197,0.7197100410936398,,2021,bat,OF
17807,Drew Jackson,OF,0.23999999463558197,0.6806600455660372,,2021,bat,OF
sa739643,Raymundo Torres,OF,0.25,0.7328099552076308,LAD,2021,bat,OF
sa657323,Angel Aguilar,3B/SS,0.25,0.6304200799204409,,2021,bat,3B/SS
sa3006660,Tyler Frank,2B/SS,0.25,0.5313599830493331,,2021,bat,2B/SS
9848,Austin Jackson,OF,0.25,0.7590800024801866,,2021,bat,OF
sa658668,Wes Rogers,OF,0.25,0.7326099570374935,,2021,bat,OF
sa872851,Imeldo Diaz,SS,0.23999999463558197,0.5248600637074557,,2021,bat,SS
23264,Canaan Smith-Njigba,OF,0.23999999463558197,0.6894000383792447,,2021,bat,OF
sa917824,Juan Fernandez,C,0.23999999463558197,0.444209995935671,,2021,bat,C
sa919164,Nate Easley,2B/OF,0.23999999463558197,0.6845000504981726,,2021,bat,2B/OF
24782,David Villar,1B/3B,0.23999999463558197,0.6006800149101763,,2021,bat,1B/3B
sa875840,Jordan Devencenzi,C,0.25,0.45631004499737166,,2021,bat,C
sa738999,Robbie Tenerowicz,1B,0.23999999463558197,0.8159000064246354,,2021,bat,1B
sa509384,Luis Juarez,C/1B,0.25,0.8176100565819069,,2021,bat,C/1B
sa202325,Olmo Rosario,OF,0.25,0.756979968585074,,2021,bat,OF
sa3003950,Luke Burch,OF,0.25,0.7325299832969904,,2021,bat,OF
sa915700,Michael Gigliotti,OF,0.25,0.6055699863936751,,2021,bat,OF
sa828380,Alexis Wilson,C,0.25,0.47070996072143306,,2021,bat,C
sa356978,Balbino Fuenmayor,1B/3B,0.25,0.8499099889770149,,2021,bat,1B/3B
sa503056,Patrick Biondi,OF,0.23999999463558197,0.6172799906460568,NYM,2021,bat,OF
sa596998,Cleuluis Rondon,SS,0.25,0.5297099972143771,,2021,bat,SS
sa918726,Joey Roach,C,0.25,0.47182998529169695,,2021,bat,C
sa597945,Gilberto Galaviz,C,0.25,0.46959003622177997,,2021,bat,C
22169,Cal Mitchell,OF,0.23999999463558197,0.7057699746917934,,2021,bat,OF
25180,Daniel Schneemann,2B/OF,0.25,0.4575900162104517,CLE,2021,bat,2B/OF
sa506229,Heiker Meneses,2B/SS,0.25,0.5984700180124489,,2021,bat,2B/SS
17588,Blake Trahan,2B/SS,0.23999999463558197,0.6141299848211929,CIN,2021,bat,2B/SS
sa550032,Will Allen,C/1B,0.25,0.4746699615381657,,2021,bat,C/1B
sa3008601,Sho Aranami,OF,0.25,0.6149700151989236,,2021,bat,OF
sa3007655,Kyle Mottice,2B,0.23999999463558197,0.5654299940448252,,2021,bat,2B
sa3004878,Alex Dunlap,C,0.23999999463558197,0.5625800289446488,,2021,bat,C
sa651307,Diego Madero,2B/SS,0.25,0.6007100522052495,,2021,bat,2B/SS
sa3004885,Mason Martin,1B,0.23999999463558197,0.7783899941248819,,2021,bat,1B
sa3006666,Ross Adolph,OF,0.25,0.5743999689351768,,2021,bat,OF
sa829481,Tyler Hill,OF,0.25,0.7277100178645922,,2021,bat,OF
sa875605,Jason Morozowski,OF,0.25,0.7343399429228158,,2021,bat,OF
sa657706,Santiago Chávez,C,0.23999999463558197,0.5286199524765834,,2021,bat,C
sa915614,Colby Fitch,C,0.23999999463558197,0.5564599843695759,,2021,bat,C
26323,Spencer Steer,1B/OF,0.25,0.5021699909819289,CIN,2021,bat,1B/OF
16839,Braxton Lee,OF,0.25,0.7349099842831491,,2021,bat,OF
sa738151,Joseph Monge,OF,0.25,0.7311699941521509,,2021,bat,OF
sa873681,T.J. Nichting,OF,0.25,0.8096000191522762,BAL,2021,bat,OF
15830,Johnny Davis,OF,0.25,0.6744800183456391,,2021,bat,OF
sa596953,Carlos Penalver,SS,0.25,0.5946300078183412,,2021,bat,SS
sa3004157,Cody Bohanek,2B/3B/SS,0.23999999463558197,0.6038000161526724,,2021,bat,2B/3B/SS
sa3006860,Cobie Fletcher-Vance,3B,0.25,0.5191600328776985,,2021,bat,3B
sa3006852,John Jones,C,0.25,0.45306999166496087,,2021,bat,C
sa506274,Elmer Reyes,SS,0.25,0.542039982578717,,2021,bat,SS
23788,Jordyn Adams,OF,0.25,0.5966000000480561,MIL,2021,bat,OF
sa462415,Jose Alvarez,1B/OF,0.25,0.8448100508423523,,2021,bat,1B/OF
sa3006662,Jay Schuyler,C,0.23999999463558197,0.4917900241678579,CIN,2021,bat,C
7945,Jaff Decker,OF,0.25,0.7234300152631475,,2021,bat,OF
sa3007526,Chase Lambert,2B,0.25,0.5818600466242059,,2021,bat,2B
4365,Scott Van Slyke,OF,0.25,0.7951599505497142,,2021,bat,OF
sa549558,Viosergy Rosa,1B,0.25,0.8069999636849389,,2021,bat,1B
sa872490,Joseph Rosa,2B/SS,0.25,0.5098400065442547,,2021,bat,2B/SS
13005,Kelby Tomlinson,2B,0.25,0.6052700410131364,,2021,bat,2B
sa3004066,Robbie Podorsky,OF,0.23999999463558197,0.6864800339099018,,2021,bat,OF
sa502154,Victor Roache,OF,0.25,0.7443499602843076,,2021,bat,OF
sa827937,Alejandro Salazar,2B/SS,0.25,0.5928800207562743,,2021,bat,2B/SS
15271,Austin Wynns,C,3.009999990463257,9.14810966812074,OAK,2021,bat,C
sa874213,Colby Bortles,3B,0.25,0.49754000231623646,DET,2021,bat,3B
sa326676,Cyle Hankerd,OF,0.25,0.7427200587233529,,2021,bat,OF
13356,Bubba Starling,OF,3.240000009536743,10.41852072402835,,2021,bat,OF
sa595969,Carlos Garzon,C,0.25,0.44305999863427126,,2021,bat,C
21780,Esteury Ruiz,OF,0.23999999463558197,0.5739900527289138,MIA,2021,bat,OF
sa550348,Tyler Marincov,OF,0.25,0.732099987543188,,2021,bat,OF
sa829044,Trace Loehr,2B,0.25,0.5827800093917175,,2021,bat,2B
393,Victor Martinez,C/DH,0.25,0.89361999144312,,2021,bat,C/DH
11385,Matthew den Dekker,OF,0.25,0.7172000357415528,,2021,bat,OF
sa900974,Carlos Soto,C,0.23999999463558197,0.3856099931290372,,2021,bat,C
18603,Donny Sands,C/DH,0.25,0.49113998389802865,,2021,bat,C/DH
15048,Johnny Field,OF,0.25,0.7722099729580804,,2021,bat,OF
sa3007060,Dylan Hardy,OF,0.25,0.8343100268859415,,2021,bat,OF
19906,Diego Castillo,2B/SS,0.25,0.5545799990883096,,2021,bat,2B/SS
sa918593,Gunner Pollman,C,0.25,0.4644999941578134,,2021,bat,C
sa3004183,Robie Rojas,C,0.25,0.4473799698986113,,2021,bat,C
21587,César Salazar,C,0.25,0.4300800502533093,HOU,2021,bat,C
sa3010584,Cooper Johnson,C,0.25,0.3638299744110554,TEX,2021,bat,C
sa918963,Chavez Young,OF,0.25,0.6889699469786138,,2021,bat,OF
18587,Brendon Davis,3B/OF,0.25,0.6864799412898718,,2021,bat,3B/OF
sa658608,Rhett Wiseman,OF,0.23999999463558197,0.8408700245432555,,2021,bat,OF
sa915706,Matt McLaughlin,2B/3B,0.23999999463558197,0.7160199700621885,,2021,bat,2B/3B
sa549398,Omar Renteria,C,0.25,0.4499900163849815,,2021,bat,C
sa829877,Nick Schulz,OF,0.25,0.7120199584402143,,2021,bat,OF
4779,Rymer Liriano,OF,0.25,0.7846900046570227,,2021,bat,OF
sa3007055,Reece Hampton,OF,0.25,0.6256199868861586,,2021,bat,OF
sa3006783,Marty Costes,OF,0.25,0.6841799822170287,,2021,bat,OF
sa836204,Billy Fleming,1B/2B/3B,0.25,0.7771200406365095,,2021,bat,1B/2B/3B
25814,C.J. Stubbs,C,0.25,0.4405700005823746,TOR,2021,bat,C
sa736917,Victor Acosta,3B/OF,0.25,0.7051800237270073,,2021,bat,3B/OF
sa875606,Mylz Jones,3B/OF,0.23999999463558197,0.8901100246701389,,2021,bat,3B/OF
sa977119,Ricky Rodriguez,OF,0.25,0.7274999844608828,,2021,bat,OF
sa827140,Kyle Overstreet,C/1B,0.23999999463558197,0.7336099851876496,,2021,bat,C/1B
21634,Ford Proctor,2B,0.25,0.5052000625524669,,2021,bat,2B
sa918010,Alexis Torres,2B,0.25,0.6477200464345515,,2021,bat,2B
sa3006722,Zac Susi,C,0.23999999463558197,0.40619001116137954,,2021,bat,C
sa829029,Logan Moon,OF,0.25,0.7110200076131149,,2021,bat,OF
sa738930,Taylor Snyder,3B/SS,0.23999999463558197,0.6952100247144699,,2021,bat,3B/SS
sa913370,Dallas Carroll,3B,0.23999999463558197,0.5323900088667868,,2021,bat,3B
sa874791,Chris Betts,C,0.25,0.4588399731786921,,2021,bat,C
21716,Enmanuel Valdez,2B,0.25,0.5611000568605958,PIT,2021,bat,2B
21497,Luken Baker,1B/DH,0.23999999463558197,0.6875499821733682,ARI,2021,bat,1B/DH
sa829529,Jeren Kendall,OF,0.23999999463558197,0.5925899576395749,,2021,bat,OF
sa917132,Ismael Munguia,OF,0.23999999463558197,0.56356997564435,TOR,2021,bat,OF
24622,Ryan Fitzgerald,2B/SS,0.25,0.6131799872964621,LAD,2021,bat,2B/SS
sa602606,Tyler Baker,C,0.25,0.4364800089038909,,2021,bat,C
sa916844,Ricardo Genovés,C,0.23999999463558197,0.44176003388129176,,2021,bat,C
sa3007008,Tanner Dodson,P,0.25,0.587210044497624,,2021,bat,P
sa3008282,Andy Weber,2B/SS,0.23999999463558197,0.4561899778433144,CHW,2021,bat,2B/SS
sa877338,Carlos Sepulveda,2B,0.25,0.549769972427748,,2021,bat,2B
19608,Otto Lopez,2B/SS,0.25,0.5979299874044954,MIA,2021,bat,2B/SS
sa3006674,Jake Anchia,C,0.25,0.3876700162189081,,2021,bat,C
sa829293,Ruben Castro,C,0.25,0.5621899796416983,,2021,bat,C
sa3004153,Blake Hunt,C,0.25,0.4409599913749843,SDP,2021,bat,C
21730,Jair Camargo,C/DH,0.25,0.36005001941230147,ATL,2021,bat,C/DH
sa3004137,Mitch Reeves,1B,0.25,0.6900100243277846,,2021,bat,1B
sa917301,Jose Gutierrez,OF,0.23999999463558197,0.5315999686717986,,2021,bat,OF
sa880808,Alejandro Garcia,OF,0.25,0.7127600472886113,,2021,bat,OF
23003,Yainer Diaz,C/DH,0.25,0.37632996947504577,HOU,2021,bat,C/DH
sa633745,Humberto Castro,2B,0.25,0.5608500255737452,,2021,bat,2B
sa829119,Emmanuel Marrero,SS,0.25,0.5640899844467638,,2021,bat,SS
sa503642,Beau Amaral,OF,0.25,0.7027100329753011,,2021,bat,OF
sa3006942,Justin Jones,2B/SS,0.25,0.5085699684917926,,2021,bat,2B/SS
10767,Lane Adams,OF,0.25,0.7248599777230992,,2021,bat,OF
20186,Brendan McKay,P,0.25,0.8424600552534683,,2021,bat,P
sa3006785,Gunnar Troutwine,C,0.25,0.3557499718619511,,2021,bat,C
sa3004696,Kyle McPherson,2B,0.25,0.5606000277446581,,2021,bat,2B
sa3006724,Grant Williams,2B/SS,0.25,0.6015400041826068,,2021,bat,2B/SS
sa658966,Mikey White,3B/SS,0.25,0.6905699671246108,,2021,bat,3B/SS
sa875208,Jhalan Jackson,OF,0.25,0.7140699912328272,NYY,2021,bat,OF
sa658586,Matt Rose,1B/3B,0.25,0.8071899571688845,,2021,bat,1B/3B
sa877504,Izzy Wilson,OF,0.25,0.5709700091741979,,2021,bat,OF
sa506528,Carlos Franco,3B,0.25,0.7856299770995974,,2021,bat,3B
sa599278,Taylor Sparks,3B,0.25,0.5938300078734755,CIN,2021,bat,3B
sa3008051,Josh Breaux,C,0.25,0.5030700071947649,CHW,2021,bat,C
22045,Grant Koch,C,0.23999999463558197,0.39565996362362055,,2021,bat,C
sa871442,Gustavo Polanco,C/1B,0.23999999463558197,0.3978100025560707,,2021,bat,C/1B
sa737930,Erich Weiss,2B,0.25,0.7627600140403955,,2021,bat,2B
sa509466,Isidro Pina,C,0.25,0.43538994626142086,,2021,bat,C
25976,Riley Greene,OF,0.25,0.49368004899006335,DET,2021,bat,OF
sa3007870,Connor Hollis,2B/3B,0.25,0.5625999722396955,,2021,bat,2B/3B
13325,Deven Marrero,3B,0.25,0.6640799797605722,,2021,bat,3B
sa828432,Rafelin Lorenzo,C,0.25,0.44776000003330396,,2021,bat,C
sa862819,Wilbis Santiago,2B,0.25,0.6327800010796636,,2021,bat,2B
15769,Rafael Bautista,OF,0.25,0.7105899913702162,,2021,bat,OF
sa875767,Anthony Miller,1B,0.25,0.7801899833371864,,2021,bat,1B
sa3010583,Erick Migueles,OF,0.25,0.7131100421771406,,2021,bat,OF
sa3006679,Matt Sanders,2B,0.25,0.5619100575568154,SEA,2021,bat,2B
sa868927,Asael Sanchez,OF,0.25,0.6992299992591142,,2021,bat,OF
sa918436,Brandon Van Horn,SS,0.25,0.5039199481951073,,2021,bat,SS
sa917767,Lolo Sanchez,OF,0.23999999463558197,0.6514600187074394,,2021,bat,OF
13663,Jack López,2B,0.25,0.6851099872030317,,2021,bat,2B
20540,José Devers,2B/SS,0.23999999463558197,0.5475000170525163,,2021,bat,2B/SS
sa736686,Eric Mariñez,SS,0.25,0.41468001846224056,,2021,bat,SS
sa3007307,Brian Rey,2B/OF,0.23999999463558197,0.7413699496537446,,2021,bat,2B/OF
sa914314,Jeison Guzmán,SS,0.25,0.45904997596517194,,2021,bat,SS
sa828205,Jose Medina,1B/OF,0.25,0.7088300401112065,,2021,bat,1B/OF
19553,Símon Muzziotti,OF,0.23999999463558197,0.667980004264973,,2021,bat,OF
sa829188,Antonio Nunez,SS,0.25,0.4469200450927019,HOU,2021,bat,SS
sa507143,Ali Castillo,2B/3B,0.23999999463558197,0.7820000459905713,,2021,bat,2B/3B
sa599235,Zach Houchins,3B,0.25,0.7904000570531934,,2021,bat,3B
sa3007822,Elih Marrero,C,0.25,0.5398899383610114,KCR,2021,bat,C
11863,Yadiel Rivera,3B/SS,0.25,0.6381799726746976,,2021,bat,3B/SS
sa829114,Anfernee Seymour,SS/OF,0.25,0.6848199585452676,,2021,bat,SS/OF
sa829261,Kyle Martin,1B,0.25,0.7889499348588287,,2021,bat,1B
22896,Lenyn Sosa,2B,0.25,0.4274800559272989,CHW,2021,bat,2B
sa548016,Yeison Asencio,OF,0.25,0.7110099739395082,,2021,bat,OF
4146,Gorkys Hernández,OF,0.25,0.7995600128080694,,2021,bat,OF
sa828250,Jean Carrillo,C,0.25,0.41452996537555004,BAL,2021,bat,C
sa3008251,Jax Biggers,2B,0.25,0.5249300056369974,HOU,2021,bat,2B
13905,Seth Mejias-Brean,1B/SS,0.25,0.7694099535699934,,2021,bat,1B/SS
sa827329,Jordan Betts,1B/3B,0.25,0.7685300410492344,,2021,bat,1B/3B
24597,Jonathan Ornelas,3B/SS,0.25,0.4734300086274742,NYY,2021,bat,3B/SS
sa876029,A.J. Kennedy,C,0.25,0.4467299945652484,,2021,bat,C
sa857823,Preston Palmeiro,1B,0.25,0.7590500143123791,,2021,bat,1B
sa3006712,Daniel Amaral,OF,0.23999999463558197,0.6428700078278778,SEA,2021,bat,OF
sa3003956,Garrison Schwartz,OF,0.23999999463558197,0.7916299736825748,,2021,bat,OF
sa504599,Jairo Perez,3B,0.25,0.7088399880100041,,2021,bat,3B
sa3006859,Daniel Reyes,OF,0.25,0.6156899564666672,,2021,bat,OF
sa3006710,Keegan McGovern,OF,0.25,0.6388699691509827,,2021,bat,OF
sa3007942,Eddie Silva,2B/3B,0.25,0.5654500081669539,,2021,bat,2B/3B
sa828293,Yeyson Yrizarri,SS,0.25,0.4929500330472364,,2021,bat,SS
23800,Parker Meadows,OF,0.25,0.4805899828206747,DET,2021,bat,OF
sa875884,Delvin Zinn,2B/SS,0.23999999463558197,0.506110012019053,,2021,bat,2B/SS
sa3003254,Hector Guerrero,3B,0.25,0.5652699971571563,,2021,bat,3B
sa657998,Nick Basto,1B/3B/OF,0.25,0.7617599827703088,,2021,bat,1B/3B/OF
sa829838,Jesse Berardi,2B/3B/SS,0.25,0.4801499713445081,,2021,bat,2B/3B/SS
sa829699,Tim Susnara,C,0.25,0.41652998367790134,,2021,bat,C
sa546354,Jose Aguilar,OF,0.25,0.6888299886137247,,2021,bat,OF
6848,Eduardo Núñez,3B/SS,0.25,0.8618699854705482,NYM,2021,bat,3B/SS
21078,Trey Cabbage,OF,0.25,0.6217099741566925,,2021,bat,OF
23250,David Bañuelos,DH,0.25,0.3388600386679172,MIN,2021,bat,DH
sa203900,Iker Franco,C,0.25,0.4538499597692862,,2021,bat,C
sa3004997,Michael Smith,OF,0.25,0.558040001266636,TBR,2021,bat,OF
sa3004167,Angel Lopez,C,0.25,0.3518500447738916,,2021,bat,C
sa3007501,Jonah Davis,OF,0.23999999463558197,0.53481000054162,,2021,bat,OF
25822,Andre Lipcius,3B,0.25,0.45827002990990867,,2021,bat,3B
sa3010391,Zac Taylor,OF,0.23999999463558197,0.5237400063779205,,2021,bat,OF
sa917022,Rubendy Jaquez,2B/3B,0.25,0.5095699997385963,,2021,bat,2B/3B
sa736746,Carlos Belen,P/3B,0.23999999463558197,0.5358599752187729,,2021,bat,P/3B
sa828285,Yan Sanchez,SS,0.25,0.48882996903266757,,2021,bat,SS
sa3007294,Trevor Casanova,C,0.25,0.33469997874926777,MIN,2021,bat,C
sa3005057,Javier Mireles,2B/OF,0.25,0.5660200024722142,,2021,bat,2B/OF
9682,Adam Rosales,2B/3B/SS,0.25,0.7125999691430479,,2021,bat,2B/3B/SS
sa858028,Kyle Barrett,OF,0.25,0.6691000254824757,,2021,bat,OF
25425,Austin Shenton,1B/DH,0.25,0.5018899891292676,,2021,bat,1B/DH
sa635035,Jesus Arredondo,2B,0.25,0.7625000225380062,,2021,bat,2B
24485,Tyler Cropley,C,0.25,0.3730200367514043,,2021,bat,C
4054,Emilio Bonifácio,2B/OF,0.25,0.7511299635283648,,2021,bat,2B/OF
sa830476,Oscar Sanay,2B,0.25,0.5424299768172203,,2021,bat,2B
sa658974,Brandon Lopez,3B/SS,0.25,0.46014005257748064,,2021,bat,3B/SS
sa3004160,Jake Scheiner,1B/3B,0.25,0.6937999653164296,,2021,bat,1B/3B
sa3008184,Cole Roederer,OF,0.23999999463558197,0.5082800471922382,,2021,bat,OF
sa3007879,Tyler Durna,1B,0.23999999463558197,0.6918800006154924,,2021,bat,1B
sa828363,Keinner Piña,C,0.25,0.40887000744696694,,2021,bat,C
sa549668,Dominic Ficociello,1B,0.25,0.7431900004623457,,2021,bat,1B
24770,James Outman,OF,0.23999999463558197,0.5671199857955798,MIN,2021,bat,OF
sa3006884,Kristian Robinson,OF,0.23999999463558197,0.6018899743678048,ARI,2021,bat,OF
sa3007876,Brennen Davis,OF,0.23999999463558197,0.6422599682584402,SEA,2021,bat,OF
sa599191,Mason Robbins,OF,0.25,0.6771000459790228,,2021,bat,OF
sa509127,Santiago Gonzalez,OF,0.25,0.7058499907609075,,2021,bat,OF
sa3007005,Jeremy Eierman,SS,0.25,0.4217899875715374,OAK,2021,bat,SS
sa917275,Miguel Aparicio,OF,0.25,0.5469300108030438,,2021,bat,OF
sa857732,Marcus Mastrobuoni,C,0.25,0.42138995584100486,,2021,bat,C
sa874040,Alex Robles,3B,0.25,0.5581299867015331,,2021,bat,3B
sa728813,Leo German,OF,0.25,0.6821300265844908,,2021,bat,OF
11905,Orlando Calixte,OF,0.25,0.7419199574971571,,2021,bat,OF
13821,Ian Parmley,OF,0.25,0.7280799821484834,,2021,bat,OF
sa658187,Correlle Prime,1B,0.25,0.7585699626943097,,2021,bat,1B
24488,Max Schuemann,SS,0.25,0.40619995929300784,NYY,2021,bat,SS
14938,Jack Reinheimer,3B/SS/OF,0.25,0.636910023004748,,2021,bat,3B/SS/OF
sa876093,Thomas Spitz,OF,0.25,0.6636799802538006,,2021,bat,OF
sa597103,Alberto Triunfel,2B/SS,0.25,0.539729973534122,,2021,bat,2B/SS
24641,Willie MacIver,C,0.23999999463558197,0.5870899839792402,TEX,2021,bat,C
13284,Darnell Sweeney,2B/OF,0.25,0.5902800219133496,,2021,bat,2B/OF
21270,Sean Bouchard,OF,0.23999999463558197,0.8421699434518813,,2021,bat,OF
sa3007003,Jake Palomaki,2B/SS,0.25,0.5255700055276974,,2021,bat,2B/SS
sa827963,Welfrin Mateo,2B/3B,0.25,0.5400200011907142,,2021,bat,2B/3B
sa915857,Tyler Frost,OF,0.25,0.6177700188942252,,2021,bat,OF
12590,Taylor Featherston,2B/3B,0.25,0.6051800093613565,,2021,bat,2B/3B
sa658012,Bralin Jackson,OF,0.25,0.6856899710372091,,2021,bat,OF
sa3007073,Dean Nevarez,C,0.25,0.3495900352601893,,2021,bat,C
sa503253,Edgar Duran,SS,0.25,0.478709991252981,,2021,bat,SS
sa738624,Kacy Clemens,1B,0.25,0.7411899553146212,,2021,bat,1B
sa738667,Torii Hunter Jr.,OF,0.25,0.5262200368801131,,2021,bat,OF
sa833676,Hansel Moreno,SS/OF,0.25,0.551830041478388,,2021,bat,SS/OF
sa828209,Jason Rodriguez,C,0.25,0.41142002386040977,,2021,bat,C
21535,Connor Kaiser,2B,0.23999999463558197,0.41948004413861784,KCR,2021,bat,2B
sa874235,Blake Tiberi,2B/3B,0.23999999463558197,0.5357799942838027,,2021,bat,2B/3B
sa917025,Cristian Perez,SS,0.25,0.5118299820227548,,2021,bat,SS
26149,Dominic Fletcher,OF,0.23999999463558197,0.5769900256069377,PIT,2021,bat,OF
sa596283,Edgar Munoz,OF,0.25,0.681520003383048,PIT,2021,bat,OF
sa509273,Manny Rodriguez,2B,0.25,0.5515499633038415,,2021,bat,2B
sa914755,Omar Meza,2B,0.25,0.5340900482609867,,2021,bat,2B
16313,Yairo Muñoz,SS/OF,4.860000133514404,21.164659620821475,,2021,bat,SS/OF
sa3004982,David Metzgar,2B/3B,0.25,0.5254300162894651,,2021,bat,2B/3B
sa3008029,Kyle Datres,1B/3B,0.23999999463558197,0.7056300051510331,,2021,bat,1B/3B
sa828414,Andy Sugilio,OF,0.23999999463558197,0.6586800173390656,,2021,bat,OF
sa3004610,Nic Perkins,C/1B,0.25,0.39157004344742735,,2021,bat,C/1B
5305,Alex Presley,OF,0.25,0.7361799925100058,,2021,bat,OF
25005,Justin Dean,OF,0.23999999463558197,0.6425899933557957,CHC,2021,bat,OF
sa3007053,Niko Hulsizer,OF,0.25,0.6930099399527535,,2021,bat,OF
12268,Ryan Court,1B/OF,0.25,0.7483900099759921,,2021,bat,1B/OF
sa657522,Wander Franco,3B,0.25,0.5427300054347142,,2021,bat,3B
sa872499,Randy Ventura,2B/OF,0.25,0.5131800099276006,,2021,bat,2B/OF
sa3007503,Nick Dalesandro,C/OF,0.23999999463558197,0.4229700323194265,,2021,bat,C/OF
sa3007019,Frainyer Chavez,2B/3B,0.25,0.44101995199453087,TEX,2021,bat,2B/3B
sa597966,Dan Gamache,2B,0.25,0.7138199892826377,,2021,bat,2B
sa598325,Todd Hankins,2B/OF,0.25,0.6636600014287977,,2021,bat,2B/OF
sa3005376,Daniel Mercado,C,0.25,0.4047800316940993,,2021,bat,C
sa546156,Mario Vega,2B/SS,0.25,0.4743500079028307,,2021,bat,2B/SS
15481,Engelb Vielma,2B/SS,0.25,0.5404799635987729,,2021,bat,2B/SS
sa875870,Stuart Levy,C,0.25,0.398570035281591,,2021,bat,C
sa658567,Tate Matheny,OF,0.25,0.7744100138079375,,2021,bat,OF
25055,Nate Eaton,3B/OF,0.25,0.48772995385806994,BOS,2021,bat,3B/OF
sa545208,Brandon Macias,3B,0.25,0.5492800201987846,MIL,2021,bat,3B
23690,Brayan Rocchio,SS,0.25,0.397219934943132,CLE,2021,bat,SS
sa736554,Andres Sthormes,C,0.25,0.39881994370371104,,2021,bat,C
sa917935,Delvin Pérez,SS,0.23999999463558197,0.3725699543021619,,2021,bat,SS
sa657485,Marco Guzman,2B/SS,0.25,0.5352299493271856,,2021,bat,2B/SS
sa874792,Desmond Lindsay,OF,0.23999999463558197,0.5488300174009054,,2021,bat,OF
sa3004260,Trevor Craport,3B/OF,0.25,0.6616199798649176,BAL,2021,bat,3B/OF
sa602498,Carlos Munoz,1B,0.25,0.7155500089516861,,2021,bat,1B
12399,Taylor Motter,SS,0.23999999463558197,0.8245299682021141,,2021,bat,SS
sa455434,Justin Greene,OF,0.25,0.676969995163381,ATL,2021,bat,OF
sa508617,Christian Zazueta,3B/OF,0.25,0.5670600013108925,,2021,bat,3B/OF
sa875753,James Nelson,3B,0.25,0.5728199793724342,HOU,2021,bat,3B
sa3007871,Jake Slaughter,2B/3B,0.23999999463558197,0.48245001898612827,,2021,bat,2B/3B
sa918840,Craig Dedelow,OF,0.25,0.6110699707176536,,2021,bat,OF
sa3006938,Logan Brown,C,0.23999999463558197,0.5018400305416434,,2021,bat,C
sa1169809,Simon Whiteman,2B/SS,0.23999999463558197,0.4365899938857183,,2021,bat,2B/SS
sa873964,Dan Rizzie,C,0.23999999463558197,0.4064500248525291,,2021,bat,C
9308,Josh Phegley,C,0.25999999046325684,0.8263999871211127,,2021,bat,C
sa549286,Ryan Casteel,C/1B,0.23999999463558197,0.8371600060956552,,2021,bat,C/1B
25782,Pedro Pagés,C,0.23999999463558197,0.30968000642023974,STL,2021,bat,C
23789,Blaze Alexander,3B,0.23999999463558197,0.47985996212810267,BAL,2021,bat,3B
sa3008268,Eric Cole,OF,0.25,0.6021999750286339,,2021,bat,OF
sa3008183,Jimmy Herron,OF,0.23999999463558197,0.8178600365296005,,2021,bat,OF
sa827970,Manuel Geraldo,SS,0.23999999463558197,0.5575499649159609,,2021,bat,SS
sa3004691,Jacob Gonzalez,1B/3B,0.23999999463558197,0.5138399659423157,,2021,bat,1B/3B
sa658111,Alfredo Escalera,OF,0.25,0.6589900208404287,,2021,bat,OF
sa508490,Miguel Torrero,3B,0.25,0.5375900082290171,,2021,bat,3B
sa872765,Omar Meregildo,1B/3B,0.23999999463558197,0.630280029028654,,2021,bat,1B/3B
sa875999,Gabriel Garcia,1B/3B,0.23999999463558197,0.48428998847957694,,2021,bat,1B/3B
sa829715,Kirvin Moesquit,2B/OF,0.25,0.5152699565282092,BAL,2021,bat,2B/OF
sa924310,Jonatan Machado,OF,0.23999999463558197,0.44258001723792406,,2021,bat,OF
sa3004381,Ulrich Bojarski,OF,0.25,0.5805099889636038,,2021,bat,OF
sa3004176,JJ Muno,3B/OF,0.25,0.5815000171773136,,2021,bat,3B/OF
sa737623,Tucker Neuhaus,2B/3B,0.25,0.5398599870037287,,2021,bat,2B/3B
sa3007515,Devin Foyle,OF,0.25,0.446020063990727,,2021,bat,OF
sa918698,Ramón Rodríguez,C,0.23999999463558197,0.38477998611051584,MIL,2021,bat,C
sa3005077,Adam Hall,2B/SS/OF,0.25,0.5166200175415724,,2021,bat,2B/SS/OF
sa875273,Adam Walton,2B,0.25,0.5126699865795672,,2021,bat,2B
sa3004304,Manny Pazos,C,0.25,0.37848999772686504,SEA,2021,bat,C
sa738557,Morgan Lofstrom,C,0.25,0.396969961351715,,2021,bat,C
sa659290,David Thompson,3B,0.23999999463558197,0.7417199722724034,,2021,bat,3B
sa738943,Eric Aguilera,1B,0.25,0.7376999854575843,,2021,bat,1B
sa913277,Jack Sundberg,OF,0.25,0.6192199524724854,,2021,bat,OF
sa917141,Kelvin Melean,2B/3B/SS,0.23999999463558197,0.47804000976029765,,2021,bat,2B/3B/SS
22274,Samad Taylor,2B/OF,0.25,0.6157200167654082,SDP,2021,bat,2B/OF
sa3007069,Greg Cullen,2B,0.25,0.5655299679143353,,2021,bat,2B
sa3007632,D.J. Artis,OF,0.23999999463558197,0.593709999229759,,2021,bat,OF
sa3010268,Ethan Skender,2B/3B,0.23999999463558197,0.4944500090554357,,2021,bat,2B/3B
sa3005053,J.D. Osborne,C/1B,0.23999999463558197,0.4533399778418242,,2021,bat,C/1B
sa3006919,Nick Ames,1B,0.25,0.647280017286539,,2021,bat,1B
18690,Nick Plummer,DH/OF,0.23999999463558197,0.5438199590425938,,2021,bat,DH/OF
sa3004695,Chris Corbett,C,0.25,0.37862003783229736,,2021,bat,C
sa509441,Carlos M. Rodriguez,C,0.25,0.3985400241799652,,2021,bat,C
sa828708,Gareth Morgan,OF,0.25,0.6686000242596492,,2021,bat,OF
sa509271,Carlos Alvarez,2B/OF,0.25,0.5008699791505933,,2021,bat,2B/OF
sa507241,Hans Wilson,C,0.25,0.3868699759477749,,2021,bat,C
19625,David MacKinnon,1B/3B,0.25,0.6733700337121262,,2021,bat,1B/3B
sa3006939,Alex King,3B,0.25,0.5146400036755948,,2021,bat,3B
sa3004390,Demetrius Sims,2B/SS,0.23999999463558197,0.5021600482286885,,2021,bat,2B/SS
sa3010159,Ripken Reyes,2B,0.23999999463558197,0.4732700485270469,,2021,bat,2B
sa547724,Angel Chavarin,C,0.25,0.3884399585891515,,2021,bat,C
sa828213,Gabriel Mejia,OF,0.25,0.5075500535778701,CLE,2021,bat,OF
sa3006720,Nick Podkul,1B/3B,0.25,0.5881799798691644,,2021,bat,1B/3B
sa657491,Jose Carlos Urena,OF,0.25,0.6468200396047904,,2021,bat,OF
sa917107,Roberto Alvarez,C,0.25,0.3775600371882319,,2021,bat,C
sa977922,Abraham Lopez,C,0.25,0.37785004009492695,,2021,bat,C
sa872540,Gleyvin Pineda,2B/3B/SS,0.25,0.48748997864313415,,2021,bat,2B/3B/SS
sa872466,Kevin Vicuña,SS,0.25,0.5269499727059156,,2021,bat,SS
sa3006792,Tyler Depreta-Johnson,2B/SS,0.25,0.4268700248096137,,2021,bat,2B/SS
sa657521,Angelo Castellano,3B/SS,0.25,0.6524199783802032,,2021,bat,3B/SS
22557,Michael Siani,OF,0.23999999463558197,0.546020008972846,LAD,2021,bat,OF
sa828176,Gersel Pitre,C,0.25,0.3743999945232644,,2021,bat,C
sa3002754,Tanner Nishioka,2B/3B,0.25,0.6062199651729315,,2021,bat,2B/3B
sa3008140,Cadyn Grenier,SS,0.25,0.5000200044130906,BAL,2021,bat,SS
sa546293,Julian Castro,2B/3B,0.25,0.5085199521621687,,2021,bat,2B/3B
21707,Oswaldo Cabrera,3B/OF,0.25,0.5524000435951165,NYY,2021,bat,3B/OF
sa824822,Francisco Ferreiro,OF,0.25,0.6292300058063118,,2021,bat,OF
sa3005104,Zachery Almond,C/1B,0.25,0.3752799856709317,,2021,bat,C/1B
sa708444,Galli Cribbs Jr.,SS,0.25,0.4846399817150086,,2021,bat,SS
sa873997,Casey Golden,OF,0.23999999463558197,0.820349962892942,COL,2021,bat,OF
sa3006789,Alex Holderbach,C/1B,0.25,0.3521799950045533,,2021,bat,C/1B
sa328155,Jovan Rosa,1B/3B,0.25,0.7158299829810856,,2021,bat,1B/3B
11997,Cody Asche,3B/OF,0.25,0.7639199645724147,,2021,bat,3B/OF
sa918522,Bruce Yari,1B,0.25,0.6840700317174196,,2021,bat,1B
sa545731,Alan Sanchez,OF,0.25,0.6390499983681367,,2021,bat,OF
sa3008001,Zack Gahagan,1B/3B,0.25,0.5087800045963377,,2021,bat,1B/3B
sa659068,Gio Brusa,1B/OF,0.25,0.7244599757483229,,2021,bat,1B/OF
sa3007289,Brhet Bewley,2B/3B,0.25,0.4380499709630384,,2021,bat,2B/3B
sa915797,Zach Rutherford,3B/SS,0.25,0.4874999985797329,,2021,bat,3B/SS
sa877333,Juan Camacho,C,0.25,0.31801997409202154,,2021,bat,C
sa918667,Michael Bernal,2B/3B,0.25,0.49217999577522265,SFG,2021,bat,2B/3B
20510,Jack Larsen,OF,0.25,0.5548400005791336,,2021,bat,OF
22505,Buddy Kennedy,2B/3B,0.23999999463558197,0.5299499685876072,SFG,2021,bat,2B/3B
25813,Grae Kessinger,2B/3B,0.25,0.40853001489303997,NYM,2021,bat,2B/3B
sa872750,Miguelangel Sierra,2B/SS,0.25,0.4249799709534272,,2021,bat,2B/SS
sa3007046,Jameson Hannah,OF,0.23999999463558197,0.7807100304868071,,2021,bat,OF
sa918622,Brandon Montgomery,2B/3B,0.25,0.5088499853620305,,2021,bat,2B/3B
sa508059,Sergio Perez,OF,0.25,0.6430499657522886,,2021,bat,OF
sa3004031,Alex Destino,OF,0.25,0.5686199955176561,,2021,bat,OF
sa917168,Wander Javier,SS,0.25,0.35285000537987793,,2021,bat,SS
sa3004756,Nathan Perry,C/1B,0.25,0.3511100309900939,,2021,bat,C/1B
sa199032,Jesus Alberto Vega,C,0.25,0.38994997078552834,,2021,bat,C
sa875196,Aldemar Burgos,OF,0.25,0.5161999804666264,,2021,bat,OF
sa3007325,Hunter Lee,2B,0.25,0.403459974611178,MIN,2021,bat,2B
10340,Gift Ngoepe,2B/SS,0.25,0.5534200293477625,,2021,bat,2B/SS
21897,Christopher Morel,DH/OF,0.23999999463558197,0.459450043272227,MIA,2021,bat,DH/OF
sa829446,Grant Kay,1B/3B,0.25,0.7010699885664508,,2021,bat,1B/3B
sa918639,Ryan Gold,C,0.25,0.45989999303128565,,2021,bat,C
sa3003195,Freudis Nova,SS,0.25,0.41436998879071313,,2021,bat,SS
sa3007826,Nick Meyer,C,0.23999999463558197,0.3901199665153398,,2021,bat,C
sa829348,Trenton Kemp,OF,0.25,0.6433300207136199,,2021,bat,OF
sa827177,Casey Gillaspie,1B,0.25,0.7019899952458217,,2021,bat,1B
sa829684,Chris Hudgins,C,0.25,0.4490900423843413,,2021,bat,C
sa852308,Norberto Obeso,OF,0.25,0.6098900473210961,,2021,bat,OF
sa915658,Orlando Garcia,2B,0.25,0.48251998671330504,,2021,bat,2B
sa977120,Francisco Hernandez,OF,0.25,0.5073300371412186,,2021,bat,OF
sa3008279,Caleb Knight,C,0.23999999463558197,0.31543002182152124,,2021,bat,C
sa917182,Eduardo Diaz,OF,0.23999999463558197,0.6566800574772059,,2021,bat,OF
22566,Tirso Ornelas,OF,0.23999999463558197,0.577970006223768,SDP,2021,bat,OF
sa3007629,Patrick Dorrian,3B,0.25,0.5694899863330647,,2021,bat,3B
sa3002670,Justin Lopez,2B/SS,0.23999999463558197,0.40859004505909974,,2021,bat,2B/SS
sa875376,Dillon Dobson,1B,0.25,0.7112300000619143,,2021,bat,1B
sa969091,Lazaro Armenteros,OF,0.25,0.5484800399513915,,2021,bat,OF
21489,Hayden Senger,C,0.23999999463558197,0.3835899905767291,NYM,2021,bat,C
sa3006858,Jonathan Engelmann,1B/OF,0.25,0.5560300348559394,,2021,bat,1B/OF
sa509125,Hector Hernandez,SS,0.25,0.4963400099659337,,2021,bat,SS
sa872516,Fidel Mejia,3B,0.23999999463558197,0.44212998091243205,,2021,bat,3B
sa877365,Ricky Aracena,2B/SS,0.25,0.43991998203564425,,2021,bat,2B/SS
sa502541,Juan Martinez,2B,0.25,0.49476000699214645,,2021,bat,2B
sa3004163,Tyreque Reed,1B,0.25,0.8203900060383601,BOS,2021,bat,1B
sa653586,Marco Chicuate,C,0.25,0.3613800249528139,,2021,bat,C
sa828125,Wander Franco,3B,0.25,0.5061100185150279,,2021,bat,3B
sa737783,Matt McPhearson,OF,0.25,0.48039995739236463,,2021,bat,OF
sa918374,Brayan Morales,OF,0.25,0.5061799298971891,,2021,bat,OF
22823,Oswald Peraza,3B,0.25,0.4710100172553211,LAA,2021,bat,3B
sa736876,Daniel Jimenez,OF,0.25,0.6238299918361007,,2021,bat,OF
sa876234,Michael Hickman,C/1B,0.25,0.36017994866706426,,2021,bat,C/1B
sa828379,Andres Luna,OF,0.25,0.5067800110206007,,2021,bat,OF
sa3007882,Alvaro Rubalcaba,2B/SS,0.25,0.4116700174985453,,2021,bat,2B/SS
26208,Tyler Fitzgerald,2B/SS,0.23999999463558197,0.40419004161376504,SFG,2021,bat,2B/SS
22244,Jack Suwinski,OF,0.23999999463558197,0.584049926442094,LAD,2021,bat,OF
sa3007042,Luke Heyer,1B/3B,0.23999999463558197,0.493540013837628,,2021,bat,1B/3B
sa694185,B.J. López,C,0.25,0.33980000438168645,,2021,bat,C
sa3010590,Bryant Packard,OF,0.25,0.5322200348600744,,2021,bat,OF
sa918541,Jeffry Parra,C,0.23999999463558197,0.34734997604973605,,2021,bat,C
21293,Dalton Guthrie,OF,0.23999999463558197,0.5232699901331215,,2021,bat,OF
sa3004373,Zack Soria,C,0.25,0.3536599993705749,,2021,bat,C
sa736852,Aldrem Corredor,1B/OF,0.23999999463558197,0.7778100031893699,,2021,bat,1B/OF
sa828314,Jhonny Santos,OF,0.25,0.6183900569099933,,2021,bat,OF
sa505255,Sergio Garcia,OF,0.25,0.5089200330898165,,2021,bat,OF
sa873629,Saige Jenco,OF,0.25,0.5915199727751314,,2021,bat,OF
sa659304,John Sansone,3B,0.25,0.4911799559369682,,2021,bat,3B
sa917326,Alfredo Angarita,2B,0.25,0.46165000041946763,,2021,bat,2B
26284,John Rave,OF,0.25,0.4399399781366809,KCR,2021,bat,OF
sa3003437,Yoel Yanqui,1B,0.23999999463558197,0.7060100484639406,,2021,bat,1B
sa3007100,Grant Fennell,1B/OF,0.25,0.6067400094820187,,2021,bat,1B/OF
sa3007087,Joseph Pena,2B,0.25,0.45231999584939325,,2021,bat,2B
sa871485,Jhonny Bethencourt,2B,0.25,0.47208995528053477,,2021,bat,2B
sa691751,Edson Garcia,2B/OF,0.25,0.6005999851040541,,2021,bat,2B/OF
sa505990,Francisco Lugo,OF,0.25,0.6060999513603745,,2021,bat,OF
sa830208,Yeltsin Gudino,2B/SS,0.25,0.5412099809618666,TOR,2021,bat,2B/SS
sa826672,Anthony Jimenez,OF,0.25,0.615419993805699,,2021,bat,OF
sa917302,Yonathan Perlaza,OF,0.23999999463558197,0.4239200195064767,,2021,bat,OF
sa3002877,Chris Hess,1B/3B,0.25,0.4827299338998272,,2021,bat,1B/3B
sa3004263,Abrahan Gutierrez,C,0.23999999463558197,0.44275004237424576,NYY,2021,bat,C
sa917320,Leonel Valera,SS,0.23999999463558197,0.3956399774644523,,2021,bat,SS
sa3003185,Yunior Severino,2B/3B,0.25,0.3838700012071058,,2021,bat,2B/3B
sa917056,J.V. Martinez,3B,0.23999999463558197,0.5059199990704655,,2021,bat,3B
sa659205,Wuilmer Becerra,OF,0.25,0.5938100254395975,,2021,bat,OF
sa3004780,Shane Matheny,3B,0.23999999463558197,0.4512700032675637,,2021,bat,3B
sa831146,Eric Gonzalez,C,0.25,0.33865001392550753,,2021,bat,C
sa872468,Jesus Navarro,2B/SS,0.25,0.4597200051182882,,2021,bat,2B/SS
sa3007788,Sean Roby,1B/3B,0.23999999463558197,0.4680999639211222,,2021,bat,1B/3B
sa915780,Austin Filiere,3B,0.25,0.478589970525354,,2021,bat,3B
sa254504,Ivan Terrazas,OF,0.25,0.619219994591549,,2021,bat,OF
25660,Will Brennan,OF,0.25,0.40406994845252475,SFG,2021,bat,OF
sa200361,Frank Diaz,OF,0.25,0.6199899886734782,,2021,bat,OF
8979,Dusty Coleman,SS,0.25,0.5271999769844113,,2021,bat,SS
sa3002847,Cesar Izturis Jr.,2B/SS,0.25,0.3343700285535305,,2021,bat,2B/SS
sa829560,Christian Williams,1B,0.25,0.6778500341344624,,2021,bat,1B
sa918728,Jake Ring,OF,0.25,0.6018999833380803,BAL,2021,bat,OF
sa873596,Johnny Adams,SS,0.25,0.4064200002700089,,2021,bat,SS
sa828321,Telmito Agustin,OF,0.23999999463558197,0.7096199732506646,,2021,bat,OF
23802,Anthony Seigler,3B,0.25,0.3725699910079129,BOS,2021,bat,3B
sa3003256,Claudio Finol,2B/3B,0.23999999463558197,0.42100993292406197,,2021,bat,2B/3B
sa508095,Alejandro Ortiz,OF,0.25,0.609719986654818,,2021,bat,OF
sa3006654,Chandler Taylor,OF,0.25,0.5841499917907641,,2021,bat,OF
sa541954,Jose Martinez,3B,0.25,0.48595001567155116,,2021,bat,3B
22471,Livan Soto,SS,0.25,0.38734001605771473,,2021,bat,SS
21496,Brandon Lockridge,OF,0.25,0.5317499296041205,MIL,2021,bat,OF
sa3004061,Connor Hoover,2B,0.25,0.4044500144897028,,2021,bat,2B
sa917197,Jesus Lujano,OF,0.23999999463558197,0.4308300585485994,,2021,bat,OF
sa830306,Jesus Lopez,2B/3B,0.25,0.47643005200661714,,2021,bat,2B/3B
sa918507,Malique Ziegler,OF,0.25,0.5068599570542573,MIN,2021,bat,OF
sa829257,Tate Blackman,2B,0.25,0.45886005244683464,,2021,bat,2B
sa3008409,Jett Manning,2B/SS,0.25,0.40223002438433464,,2021,bat,2B/SS
sa918394,Jacob Bosiokovic,P/1B,0.23999999463558197,0.4822400009259581,,2021,bat,P/1B
sa916704,Rayneldy Rosario,OF,0.25,0.4763900181278586,,2021,bat,OF
19910,Sandro Fabian,OF,0.23999999463558197,0.5891599722439422,,2021,bat,OF
sa3003939,Seaver Whalen,1B/3B,0.25,0.47632996491156515,,2021,bat,1B/3B
sa3004038,Louis Boyd,2B/3B/SS,0.25,0.3838499683421105,SEA,2021,bat,2B/3B/SS
sa508489,Ricardo Serrano,2B/3B,0.25,0.48665004060603667,,2021,bat,2B/3B
sa592344,Eduardo Santos,C,0.25,0.33540002705994987,,2021,bat,C
sa3008238,Korry Howell,OF,0.23999999463558197,0.4259399740491061,,2021,bat,OF
sa548052,Gabriel Quintana,3B,0.25,0.7008599905762821,,2021,bat,3B
sa3006653,Michael Curry,OF,0.23999999463558197,0.5595800221199169,,2021,bat,OF
sa3008141,Deacon Liput,2B,0.23999999463558197,0.45839002598077055,LAD,2021,bat,2B
sa3008078,Cody Farhat,OF,0.25,0.5302200340200215,,2021,bat,OF
sa3008186,Nick Horvath,OF,0.25,0.46823998396284877,,2021,bat,OF
sa3004506,Matt Winaker,1B/OF,0.23999999463558197,0.6075900135096162,,2021,bat,1B/OF
sa829317,Alejandro Juvier,2B/3B,0.25,0.4558600002666934,BAL,2021,bat,2B/3B
sa827344,Chris Chinea,C/1B,0.23999999463558197,0.722159962612204,,2021,bat,C/1B
sa877337,Gilbert Lara,3B/SS,0.23999999463558197,0.5072399944067001,,2021,bat,3B/SS
sa875163,Moisés Gómez,OF,0.25,0.6157500612549484,,2021,bat,OF
21547,Coco Montes,2B,0.23999999463558197,0.5643699670676141,,2021,bat,2B
24496,DaShawn Keirsey Jr.,OF,0.25,0.3744600099278613,ATL,2021,bat,OF
sa3010270,Kyle Wilkie,C,0.23999999463558197,0.29433002739679065,,2021,bat,C
sa3002874,Jordan Rodgers,2B/3B,0.25,0.4729099483927712,,2021,bat,2B/3B
sa917277,Cristian Inoa,1B/2B/SS,0.25,0.37466996421571813,,2021,bat,1B/2B/SS
sa452248,Francisco Rivera,1B,0.25,0.677690008888021,,2021,bat,1B
sa3009891,Patrick Frick,2B/SS,0.25,0.31692000665934744,,2021,bat,2B/SS
sa3008080,Connor Scott,OF,0.23999999463558197,0.5279299327638001,KCR,2021,bat,OF
sa3006933,Ryan Anderson,OF,0.25,0.5816399733070283,TEX,2021,bat,OF
13809,Micah Johnson,2B,0.25,0.6343099598307161,,2021,bat,2B
sa3010395,Darius Hill,OF,0.23999999463558197,0.5437600315082817,,2021,bat,OF
sa657209,Sandber Pimentel,1B,0.25,0.6816899653756991,,2021,bat,1B
sa314143,Walter Ibarra,2B/SS,0.25,0.4581100342562422,,2021,bat,2B/SS
sa918292,Shane Billings,OF,0.25,0.597479987866245,,2021,bat,OF
sa917039,Seuly Matias,OF,0.25,0.5718099614139646,,2021,bat,OF
sa875023,D.J. Wilson,OF,0.23999999463558197,0.5417000206653028,,2021,bat,OF
sa917055,Miguel Hernandez,SS,0.23999999463558197,0.42405001376755525,,2021,bat,SS
sa3008003,Alex McKenna,OF,0.25,0.43938999872189,,2021,bat,OF
sa873307,Leandro Cedeño,1B/OF,0.23999999463558197,0.5139200000092387,SDP,2021,bat,1B/OF
sa875875,Wagner Lagrange,OF,0.23999999463558197,0.6032800104701891,,2021,bat,OF
20926,Dérmis Garcia,1B,0.25,0.7452500269282608,,2021,bat,1B
sa688550,Jose Luna,2B/OF,0.25,0.46546001888345917,,2021,bat,2B/OF
sa826663,Anthony Pereira,2B/SS,0.25,0.45576000555884083,,2021,bat,2B/SS
22261,Bubba Thompson,OF,0.25,0.5867500011343508,,2021,bat,OF
sa872806,Andres Angulo,C,0.23999999463558197,0.3211500089149921,,2021,bat,C
sa3007972,Brandon Riley,OF,0.25,0.4488100382033735,,2021,bat,OF
sa3003197,David García,C,0.25,0.3138000185717829,MIL,2021,bat,C
23698,Ronny Mauricio,2B/3B,0.23999999463558197,0.41892004448454817,NYM,2021,bat,2B/3B
sa827319,Richie Fecteau,3B,0.25,0.4665000317152589,,2021,bat,3B
sa872568,Pedro Gonzalez,OF,0.25,0.5883500022115186,,2021,bat,OF
sa922596,Steve Carrillo,SS,0.25,0.38399999267421653,,2021,bat,SS
sa3007049,Jawuan Harris,OF,0.23999999463558197,0.42469997415319083,,2021,bat,OF
sa857718,Nico Giarratano,SS,0.25,0.30718997342046345,,2021,bat,SS
sa917135,Moisés Castillo,SS,0.23999999463558197,0.30237003401853135,,2021,bat,SS
sa3007288,Raynel Delgado,2B/3B,0.25,0.3782899883808567,TBR,2021,bat,2B/3B
23794,Jordan Groshans,3B,0.25,0.4813599886605516,ATL,2021,bat,3B
sa918586,Cam Williams,OF,0.25,0.46656998158432533,,2021,bat,OF
22650,Jordan Diaz,2B/3B,0.25,0.39868000026326617,OAK,2021,bat,2B/3B
sa3007636,Kyle Gray,2B,0.25,0.49607002395205196,,2021,bat,2B
sa918416,Skyler Weber,C,0.25,0.31519995594862843,,2021,bat,C
sa3007047,Grant Witherspoon,OF,0.25,0.47184997738804657,,2021,bat,OF
sa509128,Enrique Osorio,OF,0.25,0.5923499546479433,,2021,bat,OF
21837,Jonathan Aranda,1B,0.25,0.44452998922206455,TBR,2021,bat,1B
sa915595,Rob Henry,OF,0.25,0.5654999775113538,,2021,bat,OF
sa827195,Gunnar Heidt,2B/3B,0.25,0.6548599559813738,,2021,bat,2B/3B
sa3007505,Ruben Cardenas,OF,0.25,0.6008399846730753,,2021,bat,OF
sa3004751,Logan Baldwin,OF,0.25,0.4670599320437758,,2021,bat,OF
sa883721,Beder Gutierrez,OF,0.25,0.6066399967297911,,2021,bat,OF
sa917004,Gresuan Silverio,C,0.25,0.2317000242881476,,2021,bat,C
sa3011254,Mike Salvatore,2B/SS,0.25,0.3163300134940072,,2021,bat,2B/SS
sa3007080,Gunnar Schubert,2B/SS,0.25,0.43518002452328797,,2021,bat,2B/SS
sa3006670,Niko Decolati,OF,0.23999999463558197,0.6223299803212284,,2021,bat,OF
sa875630,Jerry Downs,1B,0.25,0.7636100191622973,BOS,2021,bat,1B
sa917360,Francisco Ventura,C,0.25,0.2982199914054945,,2021,bat,C
sa3006678,Manny Rodriguez,SS,0.23999999463558197,0.39655999471433456,,2021,bat,SS
sa828316,Samuel Miranda,C,0.25,0.32756999987177554,,2021,bat,C
sa736845,Carlos Sanchez,C,0.25,0.31731996699236326,,2021,bat,C
sa917308,Jorge Perez,OF,0.25,0.5845000440021976,,2021,bat,OF
sa3002710,Juan Aparicio,C,0.23999999463558197,0.42545997551642356,,2021,bat,C
sa828166,Raul Siri,2B,0.25,0.4403900065924971,,2021,bat,2B
sa829059,Kevonte Mitchell,OF,0.25,0.5887799901654943,,2021,bat,OF
sa923039,Jefrey Ramos,OF,0.23999999463558197,0.6914600154850631,,2021,bat,OF
sa3004933,Olivier Basabe,1B,0.23999999463558197,0.6042500220471994,,2021,bat,1B
sa923239,Reinaldo Ilarraza,2B/OF,0.23999999463558197,0.40836996817961324,,2021,bat,2B/OF
sa3003183,Marcos Brito,2B/SS,0.25,0.30499001869466147,,2021,bat,2B/SS
sa877018,Shean Michel,OF,0.23999999463558197,0.5412200489081442,,2021,bat,OF
sa736941,Hector Vargas,SS,0.25,0.3871500242268666,,2021,bat,SS
sa829697,Bubba Hollins,3B,0.23999999463558197,0.5010599545901641,,2021,bat,3B
sa736831,Javier Hernandez,C,0.25,0.3144600610248744,,2021,bat,C
sa829135,Jake Yacinich,SS,0.25,0.44209998005535445,,2021,bat,SS
sa3007877,Jack Herman,OF,0.23999999463558197,0.5370399797335266,,2021,bat,OF
sa918387,J.R. Davis,2B/OF,0.25,0.4440600006375462,SEA,2021,bat,2B/OF
sa917074,Pedro Castellanos,1B/OF,0.25,0.7605400349479167,,2021,bat,1B/OF
22906,Israel Pineda,C,0.23999999463558197,0.4142799893161281,,2021,bat,C
sa918984,Danny Mayer,OF,0.25,0.5935899973846971,,2021,bat,OF
sa3006683,Luke Morgan,OF,0.23999999463558197,0.7205499533563852,,2021,bat,OF
sa3007869,Cody Roberts,C,0.25,0.3697499551810325,,2021,bat,C
sa872732,Daniel Brito,2B,0.23999999463558197,0.5328199726762249,,2021,bat,2B
sa875259,Luke Wakamatsu,SS,0.25,0.3810999727807938,,2021,bat,SS
sa875819,Dwanya Williams-Sutton,OF,0.23999999463558197,0.5238299529766663,,2021,bat,OF
sa3007007,Dillon Paulson,1B,0.25,0.6436699981335551,,2021,bat,1B
sa3006857,Jack Conley,C,0.23999999463558197,0.40718997286166997,,2021,bat,C
sa1169997,David Vinsky,OF,0.23999999463558197,0.3611099909758194,,2021,bat,OF
sa736970,Ariel Sandoval,OF,0.25,0.5857400030829012,,2021,bat,OF
sa3010718,Jack Kenley,2B,0.25,0.35712994800414877,,2021,bat,2B
sa875727,Ryan Vega,OF,0.25,0.5646099763456731,,2021,bat,OF
sa3002880,Danny Edgeworth,3B,0.23999999463558197,0.6016000026138499,,2021,bat,3B
sa875281,Alexis Olmeda,C,0.25,0.31102004130370914,,2021,bat,C
9807,Ryan Goins,2B/SS,0.23999999463558197,0.795099979522638,,2021,bat,2B/SS
sa917750,Yerwin Trejo,OF,0.25,0.44633001969195896,,2021,bat,OF
sa184892,Cristhian Presichi,OF,0.25,0.5822100074961781,,2021,bat,OF
sa878742,Malvin Matos,OF,0.23999999463558197,0.537409994751215,,2021,bat,OF
sa3004172,Dyla Burdeaux,1B,0.25,0.5517900153994559,DET,2021,bat,1B
sa592345,Alejandro Rivero,SS,0.25,0.36813000286929304,,2021,bat,SS
sa3007001,Tyler Webb,OF,0.25,0.47501005684025577,MIN,2021,bat,OF
sa918978,Nick Yarnall,1B,0.25,0.6450499983038753,,2021,bat,1B
13658,Terrance Gore,DH/OF,0.25,0.5248100005090236,NYM,2021,bat,DH/OF
22541,George Valera,DH/OF,0.25,0.37695996344555166,CLE,2021,bat,DH/OF
sa830120,Kevin Josephina,2B/3B,0.23999999463558197,0.5241499501746147,,2021,bat,2B/3B
sa3010897,Shayne Fontana,OF,0.25,0.5170099843060597,,2021,bat,OF
sa3008181,Hunter Stovall,2B/3B,0.23999999463558197,0.5819100244902073,PIT,2021,bat,2B/3B
sa829275,Isaias Quiroz,C,0.25,0.2750400551827624,,2021,bat,C
sa918576,Jonathan Laureano,C/3B,0.25,0.4368599590379744,,2021,bat,C/3B
21558,Matt Vierling,OF,0.23999999463558197,0.6680899436585604,DET,2021,bat,OF
sa491894,Jorge Vazquez,1B,0.25,0.6771999650867655,,2021,bat,1B
sa828860,Jose Vicente,C/1B,0.25,0.660409989929758,,2021,bat,C/1B
sa872495,Jose Rivas,C,0.25,0.22380998404696578,,2021,bat,C
sa3010389,Nelson Maldonado,1B,0.23999999463558197,0.5860300494125114,,2021,bat,1B
21635,Nick Maton,2B/3B,4.860000133514404,16.87403015121817,,2021,bat,2B/3B
sa3006687,Tim Millard,3B,0.25,0.43425000857096163,,2021,bat,3B
sa874244,Garrett Whitley,OF,0.25,0.5602300119353457,,2021,bat,OF
25138,Levi Jordan,OF,0.23999999463558197,0.37400003715883934,WSN,2021,bat,OF
sa917184,Jose King,2B/SS,0.25,0.3388400071999057,,2021,bat,2B/SS
sa824775,Amilcar Gomez,OF,0.25,0.569439947931096,,2021,bat,OF
sa3006667,Robert Neustrom,OF,0.25,0.6397099568508564,,2021,bat,OF
13176,Blake Swihart,C/OF,0.25,0.663949982728809,,2021,bat,C/OF
25543,Korey Lee,C,0.25,0.2736099885543808,CHW,2021,bat,C
sa826658,Eleardo Cabrera,OF,0.25,0.5192200331483036,,2021,bat,OF
sa915590,Justin Yurchak,1B,0.23999999463558197,0.6070300329709425,,2021,bat,1B
22184,Mark Vientos,3B/DH,0.23999999463558197,0.4687799837091006,NYM,2021,bat,3B/DH
sa550383,Eric Jagielo,1B/3B,0.25,0.6304200667655094,,2021,bat,1B/3B
sa875404,Reggie Pruitt,OF,0.25,0.5263400432653725,,2021,bat,OF
sa3008030,AJ Graffanino,2B/SS,0.25,0.4355399944819509,,2021,bat,2B/SS
sa871441,Rafael Narea,SS,0.25,0.3540199793642386,,2021,bat,SS
21871,Jerar Encarnacion,OF,0.23999999463558197,0.6323600347619502,SFG,2021,bat,OF
sa737090,Jean Angomas,OF,0.25,0.5504300497472284,,2021,bat,OF
22117,Nick Pratto,1B,0.25,0.5914999675471335,TEX,2021,bat,1B
5557,Jarrod Saltalamacchia,C,0.25,0.6805499566486105,,2021,bat,C
sa918189,Stephen Smith,OF,0.25,0.5494699712609872,,2021,bat,OF
sa874798,Bryce Denton,3B/OF,0.23999999463558197,0.47351001042407004,,2021,bat,3B/OF
sa828220,Yhoelnys Gonzalez,OF,0.25,0.4412800306919962,,2021,bat,OF
sa829814,Payton Squier,1B/OF,0.25,0.6242199634434655,,2021,bat,1B/OF
sa3011308,Thomas Dillard,1B,0.23999999463558197,0.5775899595115332,,2021,bat,1B
sa3006880,Gabe Snyder,1B,0.25,0.5522200116887687,,2021,bat,1B
sa3002722,Lazaro Alonso,1B,0.23999999463558197,0.6717200490180402,,2021,bat,1B
sa1115884,Carter Bins,C,0.25,0.2262199972290545,,2021,bat,C
25816,Shea Langeliers,C,0.23999999463558197,0.40250997885596007,OAK,2021,bat,C
sa736689,Miguel Mercedes,1B/3B,0.25,0.45787000425625585,,2021,bat,1B/3B
sa3006934,Clark Brinkman,OF,0.25,0.43917002310045056,,2021,bat,OF
sa393409,C.J. Retherford,3B,0.25,0.6573100116569548,,2021,bat,3B
sa872821,Shard Munroe,OF,0.25,0.5615599470445886,,2021,bat,OF
sa1170570,Michael Woodworth,2B/3B/OF,0.25,0.41606002473272374,,2021,bat,2B/3B/OF
sa3002837,Clark Scolamiero,OF,0.25,0.4820600391132756,,2021,bat,OF
sa877352,Jhoandro Alfaro,C,0.25,0.2981799877481534,,2021,bat,C
sa211076,Saul Soto,C/1B,0.25,0.6305400134297087,,2021,bat,C/1B
sa3010596,Corey Joyce,2B/SS,0.25,0.333830006676726,PIT,2021,bat,2B/SS
sa3007093,David Garza,1B/3B,0.25,0.42863002251833665,,2021,bat,1B/3B
24273,Liover Peguero,2B/SS,0.23999999463558197,0.31437002434395245,PHI,2021,bat,2B/SS
sa3004294,Will Robertson,OF,0.25,0.5559300111606716,BAL,2021,bat,OF
20084,J.C. Escarra,C,0.25,0.7001399904023854,NYY,2021,bat,C
sa917309,Brandon Leyton,2B/SS,0.23999999463558197,0.38266001394949845,CIN,2021,bat,2B/SS
sa329105,Yancarlo Angulo,OF,0.25,0.5522700143046677,,2021,bat,OF
sa3003301,Anyesber Sivira,2B,0.23999999463558197,0.3924699662718922,,2021,bat,2B
sa738492,Steven Sensley,1B/OF,0.25,0.693500010028947,,2021,bat,1B/OF
sa828425,Ramon Marcelino,OF,0.25,0.5848500424763188,,2021,bat,OF
sa1169803,Clay Dungan,2B/SS,0.25,0.30195998116396366,SDP,2021,bat,2B/SS
sa3007099,Colby Schultz,OF,0.25,0.5473499683896079,,2021,bat,OF
sa872538,Chris Torres,SS,0.23999999463558197,0.3927600122755392,,2021,bat,SS
sa602531,Boo Vazquez,OF,0.25,0.5488399607362224,,2021,bat,OF
sa3007027,Dan Robinson,OF,0.23999999463558197,0.5241200451273469,,2021,bat,OF
sa962601,Yasel Antuna,SS/OF,0.23999999463558197,0.4485999909695238,,2021,bat,SS/OF
sa3004758,Dalton Combs,1B/OF,0.25,0.6151000002864747,,2021,bat,1B/OF
sa737854,Alex Murphy,C/1B,0.25,0.6197100026533007,BAL,2021,bat,C/1B
sa918511,Ian Strom,OF,0.25,0.5460999452508986,,2021,bat,OF
sa3002634,Wilmer Perez,C,0.23999999463558197,0.39268998778425146,,2021,bat,C
sa508491,Eliezer Ortiz,OF,0.25,0.5472000258276237,,2021,bat,OF
sa3005596,Hasuan Viera,1B/OF,0.25,0.5836699849925934,TEX,2021,bat,1B/OF
sa875805,Devin Davis,1B,0.25,0.6225700005888939,,2021,bat,1B
sa454598,Roberto Lopez,1B/OF,0.25,0.6325699292821809,LAA,2021,bat,1B/OF
sa509254,Ramon R Ramirez,OF,0.25,0.5637300402857361,,2021,bat,OF
sa3004886,Philip Caulfield,2B,0.25,0.4185300187673419,,2021,bat,2B
sa918184,Marcus Mooney,2B/SS,0.25,0.3954300296958535,,2021,bat,2B/SS
sa3004039,Hunter Hargrove,1B,0.25,0.6233200008049606,,2021,bat,1B
sa3003233,Jhon Torres,OF,0.23999999463558197,0.46604000327642997,STL,2021,bat,OF
sa918284,Jose Layer,OF,0.25,0.42613002168945957,,2021,bat,OF
sa3006855,Dayton Dugas,OF,0.25,0.4631900332402437,,2021,bat,OF
sa3003218,Daniel Ozoria,2B/SS,0.25,0.317959975125268,MIN,2021,bat,2B/SS
sa917499,Andres Regnault,C,0.25,0.2962800123612396,,2021,bat,C
19722,Carlos Narváez,C,0.25,0.31589998967247074,BOS,2021,bat,C
sa3010278,Kellen Strahm,OF,0.25,0.3965599783230572,HOU,2021,bat,OF
sa3003428,Jonathan Soto,C,0.23999999463558197,0.23351006309967481,CHC,2021,bat,C
sa3006729,Jacob Rhinesmith,OF,0.23999999463558197,0.6333399683004245,,2021,bat,OF
sa918552,Reynaldo Rivera,1B,0.25,0.5329199998639524,,2021,bat,1B
sa3010390,Nick Quintana,3B,0.25,0.3325199931627139,,2021,bat,3B
sa917303,Jonathan Sierra,OF,0.23999999463558197,0.4865999623201787,,2021,bat,OF
sa829382,K.J. Harrison,1B,0.23999999463558197,0.698139934660867,,2021,bat,1B
12198,Jake Hager,2B,0.23999999463558197,0.6286800011526793,,2021,bat,2B
sa3004503,Ricky De La Torre,SS,0.25,0.3188699506688863,,2021,bat,SS
sa918590,Nick Roscetti,2B,0.25,0.400990020018071,,2021,bat,2B
26148,Tristin English,1B,0.23999999463558197,0.4503099921625107,ATL,2021,bat,1B
sa917065,Cristopher Navarro,3B/SS,0.23999999463558197,0.4953800377203152,,2021,bat,3B/SS
sa920180,Jhailyn Ortiz,OF,0.23999999463558197,0.6591100685764103,,2021,bat,OF
sa505268,Jose Manuel Orozco,OF,0.25,0.6300799707416445,,2021,bat,OF
sa3005522,Derwin Barreto,2B/SS,0.25,0.32627999598626045,,2021,bat,2B/SS
sa872828,Javier Guevara,C,0.23999999463558197,0.44307003461290145,,2021,bat,C
sa3006644,Matt Duce,C,0.25,0.276020055648405,STL,2021,bat,C
sa3006902,Camilo Quinteiro,2B/3B,0.25,0.3917900057509541,,2021,bat,2B/3B
sa597028,Jose Augusto Figueroa,OF,0.25,0.5343500536633656,,2021,bat,OF
sa3007056,Josh Shaw,2B/3B,0.25,0.39846998157445346,,2021,bat,2B/3B
sa3007010,Josh Stowers,OF,0.25,0.576389978430234,,2021,bat,OF
sa828179,Moises Perez,SS,0.25,0.3432599711231886,LAD,2021,bat,SS
sa549427,Alfredo Lopez,2B,0.25,0.5248399972682819,,2021,bat,2B
sa658502,Ryan Ripken,1B,0.25,0.6876400399720296,,2021,bat,1B
sa917328,Starling Heredia,OF,0.25,0.5449100477620958,,2021,bat,OF
sa3007004,Jeremiah Burks,2B,0.25,0.31015001325868063,,2021,bat,2B
sa918201,Danny Hudzina,3B,0.25,0.4229399513686075,,2021,bat,3B
25459,Peyton Burdick,OF,0.23999999463558197,0.5996599745238199,,2021,bat,OF
25867,Ryan Kreidler,3B/SS,0.25,0.252800043253228,MIN,2021,bat,3B/SS
sa827959,Anthony Dirocie,OF,0.25,0.4182600403903051,NYM,2021,bat,OF
sa3003329,Pablo Abreu,OF,0.23999999463558197,0.37207002006471146,MIL,2021,bat,OF
23359,Nelson Velázquez,DH/OF,0.23999999463558197,0.4950299542862922,STL,2021,bat,DH/OF
sa738195,Randolph Gassaway,OF,0.25,0.5958600093144921,,2021,bat,OF
sa754712,Walter Rasquin,2B,0.25,0.4026299480581655,,2021,bat,2B
25844,Logan Davidson,1B,0.25,0.26094993876758965,TBR,2021,bat,1B
sa918805,Preston Scott,OF,0.25,0.5133300107205286,TEX,2021,bat,OF
sa737245,Edwin Lora,SS,0.25,0.39361000908538696,,2021,bat,SS
sa3007076,Milton Smith II,OF,0.25,0.403210024558939,,2021,bat,OF
sa3007638,Kyle Marinconz,2B/3B,0.23999999463558197,0.4834100015927107,,2021,bat,2B/3B
sa918278,Brady Whalen,1B,0.23999999463558197,0.5083800015039741,,2021,bat,1B
sa3008031,Grant Little,OF,0.23999999463558197,0.48612001526635135,SDP,2021,bat,OF
26374,Kameron Misner,OF,0.23999999463558197,0.45952003258280455,KCR,2021,bat,OF
22842,Alexander Canario,OF,0.23999999463558197,0.4060999797657132,,2021,bat,OF
sa3002580,Jorge Gonzalez,1B/OF,0.25,0.6134400393348187,,2021,bat,1B/OF
sa918220,Armond Upshaw,OF,0.23999999463558197,0.48863000520505007,,2021,bat,OF
23968,Jorge Barrosa,OF,0.23999999463558197,0.43015997023321684,ARI,2021,bat,OF
sa3010342,Jackson Cluff,SS,0.23999999463558197,0.430719975568354,NYM,2021,bat,SS
sa3006899,Alexander Guerra,C,0.25,0.28862004266120495,,2021,bat,C
sa3004142,Chris Seise,3B/SS,0.25,0.3217599717667326,,2021,bat,3B/SS
sa3006671,Devlin Granberg,1B/OF,0.25,0.6991800433257594,,2021,bat,1B/OF
sa3004078,Pat McInerney,1B,0.25,0.6053000141168012,,2021,bat,1B
sa736698,Emmanuel Tapia,1B,0.25,0.6295399916823954,,2021,bat,1B
sa918042,Ryan Scott,OF,0.25,0.532009998615831,,2021,bat,OF
sa879514,Garrett Hope,C,0.25,0.27083998280577354,,2021,bat,C
sa828679,Braxton Davidson,OF,0.25,0.5957099671242759,,2021,bat,OF
26466,Matt Wallner,OF,0.25,0.44213000505696975,MIN,2021,bat,OF
sa3002628,Estamy Urena,2B,0.25,0.39441002109087997,,2021,bat,2B
sa875799,Ryan McCarvel,C/1B,0.23999999463558197,0.5019000334898008,STL,2021,bat,C/1B
sa3009832,Utah Jones,2B/SS,0.25,0.3913299724925309,,2021,bat,2B/SS
sa877334,Ricardo Rodriguez,C,0.23999999463558197,0.3666799663566052,,2021,bat,C
sa3005507,Gilberto Jimenez,OF,0.25,0.5086400013184175,,2021,bat,OF
sa740555,Eudy Ramos,1B/3B,0.25,0.4110899579944089,,2021,bat,1B/3B
17292,Javy Guerra,P,0.25,0.645690002478659,ATL,2021,bat,P
sa872548,Wilkerman Garcia,SS,0.25,0.44312996419612316,,2021,bat,SS
sa918155,Hosea Nelson,OF,0.25,0.46097000106237823,,2021,bat,OF
22116,Hagen Danner,P,0.25,0.36882997686043373,CIN,2021,bat,P
sa872515,Yeiler Peguero,2B/SS,0.25,0.3844999814406037,,2021,bat,2B/SS
sa875296,Kurt Hoekstra,1B/3B,0.23999999463558197,0.4892799353925511,,2021,bat,1B/3B
sa735840,Mario Sanjur,C,0.25,0.2471499482053332,,2021,bat,C
7087,Caleb Joseph,C,3.009999990463257,7.971229604631661,SEA,2021,bat,C
sa827974,Hector Martinez,2B,0.25,0.3970699823927133,,2021,bat,2B
sa3002724,Jonah Todd,OF,0.25,0.4985200057504698,,2021,bat,OF
24759,Mickey Gasper,C/DH,0.25,0.6295699384179898,BOS,2021,bat,C/DH
sa3008603,Lester Madden,OF,0.25,0.3237699859775602,,2021,bat,OF
sa872535,Mariel Bautista,OF,0.23999999463558197,0.5593499524984509,,2021,bat,OF
sa3006778,Chandler Avant,2B/OF,0.25,0.3896599685307592,,2021,bat,2B/OF
sa3008077,Tristan Pompey,OF,0.23999999463558197,0.5605399755528196,,2021,bat,OF
sa824868,Eric Meza,1B,0.25,0.611189989792183,,2021,bat,1B
sa738988,Anfernee Grier,OF,0.25,0.52163001364097,,2021,bat,OF
sa917079,Antonio Pinero,SS,0.23999999463558197,0.28611997417174273,,2021,bat,SS
sa875027,Demi Orimoloye,OF,0.25,0.6260500095551833,,2021,bat,OF
sa918648,Colby Lusignan,1B,0.25,0.6020599737763405,,2021,bat,1B
sa738989,J.B. Woodman,OF,0.25,0.5201099781086668,,2021,bat,OF
sa872569,Juan Uriarte,C,0.23999999463558197,0.2900800058268942,,2021,bat,C
sa916848,Franklin Labour,OF,0.23999999463558197,0.5124599445378407,,2021,bat,OF
sa3003219,Rafael Lantigua,2B,0.25,0.47432003072462975,TOR,2021,bat,2B
sa3005916,Guillermo Quintana,C/1B,0.25,0.2060899695497937,,2021,bat,C/1B
sa738936,Harrison Wenson,C,0.25,0.2522199960658327,,2021,bat,C
sa919821,Nick Thurman,C,0.25,0.24729997790418554,,2021,bat,C
sa3005063,Spencer Griffin,OF,0.25,0.5009900447446852,,2021,bat,OF
sa3007645,Brendan Venter,1B/3B,0.25,0.39455002073664214,,2021,bat,1B/3B
sa917095,Eduardo Torrealba,2B/SS,0.25,0.35055997543968254,,2021,bat,2B/SS
sa3007013,Scott Kapers,C,0.25,0.23024004643084472,,2021,bat,C
sa826649,Luis Ayala,OF,0.25,0.5019700375385582,,2021,bat,OF
sa294215,Chris Valencia,OF,0.25,0.5406999780330807,,2021,bat,OF
21562,Romy Gonzalez,1B/2B,0.25,0.43981003968510773,BOS,2021,bat,1B/2B
sa3004776,Quentin Holmes,OF,0.25,0.32100998724345114,,2021,bat,OF
sa970515,Luis Almanzar,1B/3B,0.23999999463558197,0.34930000945460044,,2021,bat,1B/3B
sa3007077,Rusber Estrada,C,0.23999999463558197,0.35237005138769745,,2021,bat,C
sa3010146,AJ Lee,2B/SS,0.25,0.2938300025765783,,2021,bat,2B/SS
sa921562,JC Encarnacion,3B,0.25,0.47162003929261115,,2021,bat,3B
sa824919,Angel Erro,2B/3B,0.25,0.5693900080863383,,2021,bat,2B/3B
sa918102,Alan Marrero,C,0.25,0.3567200059536844,,2021,bat,C
sa828865,Jose Miguel Medina,OF,0.25,0.5171500356635077,,2021,bat,OF
sa3006208,Vladimir Dilone,2B/3B,0.25,0.31423998579848544,COL,2021,bat,2B/3B
sa3006782,John Cresto,3B,0.23999999463558197,0.5626600356306881,COL,2021,bat,3B
sa657912,D.J. Davis,OF,0.25,0.5029700016602874,,2021,bat,OF
sa918212,Tre Carter,OF,0.25,0.3844299618853256,,2021,bat,OF
sa3006728,Drew Mount,OF,0.23999999463558197,0.5449099818244575,,2021,bat,OF
sa918104,Ryan January,C,0.23999999463558197,0.23947004777146494,,2021,bat,C
sa875024,Miles Gordon,OF,0.25,0.522369957063347,,2021,bat,OF
sa3006788,Seth Lancaster,3B,0.25,0.3915799938607961,,2021,bat,3B
sa3006713,Cole Daily,2B/3B,0.23999999463558197,0.45996998574119063,,2021,bat,2B/3B
sa3007918,Dylan Harris,2B,0.25,0.37655001326929766,,2021,bat,2B
sa872817,Yorman Rodriguez,C/1B,0.23999999463558197,0.5400899966247379,,2021,bat,C/1B
sa917118,Wilmer Reyes,2B/SS,0.23999999463558197,0.3478599866619333,,2021,bat,2B/SS
sa857712,Michael Donadio,OF,0.25,0.5190200130455195,,2021,bat,OF
sa595300,Julio Perez,1B,0.25,0.6079100268892943,,2021,bat,1B
sa548065,Jesus Loya,OF,0.25,0.5176299889571964,,2021,bat,OF
sa3004288,Luke Ringhofer,C/1B,0.25,0.23316000663908196,,2021,bat,C/1B
sa3007650,Austin Dennis,2B/OF,0.25,0.5044699936872348,,2021,bat,2B/OF
sa3007745,Brandon Howlett,3B,0.25,0.4778900129487737,,2021,bat,3B
sa873626,Michael Hernandez,C,0.25,0.249389975448139,,2021,bat,C
sa3004697,Jesse Medrano,2B/3B,0.25,0.3745700045255943,,2021,bat,2B/3B
sa830227,Leonardo Molina,OF,0.25,0.5068900547223165,,2021,bat,OF
sa3003328,Franklin Soto,2B/SS,0.23999999463558197,0.22213996131904423,,2021,bat,2B/SS
sa872446,Irving Ortega,SS,0.25,0.3640099858865141,,2021,bat,SS
sa3005613,Felix Valerio,2B,0.23999999463558197,0.32560002268292004,,2021,bat,2B
sa875788,Alan Garcia,OF,0.25,0.515219953865744,,2021,bat,OF
sa872524,Yoel Romero,2B/3B,0.23999999463558197,0.3238300409633666,,2021,bat,2B/3B
sa3006711,Gage Canning,OF,0.23999999463558197,0.5968599589075892,,2021,bat,OF
sa829127,Dash Winningham,1B,0.25,0.5824899950530379,,2021,bat,1B
sa878425,Brandon Villarreal,OF,0.25,0.5039399913279339,,2021,bat,OF
sa3003379,Josue Huma,2B/SS,0.23999999463558197,0.30933998557738956,,2021,bat,2B/SS
sa872486,Marino Campana,OF,0.25,0.5231899577891453,,2021,bat,OF
sa917150,Jonathan Willems,2B,0.23999999463558197,0.3981399334035814,,2021,bat,2B
sa3006879,Luke Miller,1B,0.23999999463558197,0.6762900211382658,,2021,bat,1B
sa3005233,LJ Hatch,2B/SS,0.23999999463558197,0.5149699930567294,,2021,bat,2B/SS
sa917127,Jonathan Guzmán,SS,0.23999999463558197,0.4002900306601077,,2021,bat,SS
sa3004882,Bryant Quijada,C/1B,0.23999999463558197,0.4009599698241799,,2021,bat,C/1B
24671,Cody Wilson,PH/PR,0.23999999463558197,0.4694800291676074,,2021,bat,PH/PR
sa3006928,Harrison Dinicola,1B,0.25,0.5694699783576652,,2021,bat,1B
sa828438,Eduardo Navas,C,0.25,0.23089005972724405,,2021,bat,C
sa830217,Isael Soto,OF,0.25,0.5133799832081422,,2021,bat,OF
23790,Will Banfield,C,0.23999999463558197,0.3065400243969634,CIN,2021,bat,C
sa924293,Jonathan Lopez,3B,0.25,0.2925999969360419,CLE,2021,bat,3B
sa874078,Gene Cone,OF,0.25,0.4772200215840711,,2021,bat,OF
sa3006716,Charlie McConnell,OF,0.25,0.3705799830611795,SEA,2021,bat,OF
sa3007321,Randy Norris,OF,0.25,0.49671995956450693,,2021,bat,OF
sa3007504,Justin Harrer,OF,0.23999999463558197,0.45051999944262194,PIT,2021,bat,OF
sa917991,Kole Enright,2B/OF,0.25,0.46909998711198564,,2021,bat,2B/OF
sa828332,Hidekel Gonzalez,C/1B,0.23999999463558197,0.40025998766068366,COL,2021,bat,C/1B
sa738906,Trever Morrison,2B/SS,0.25,0.3572099748998879,,2021,bat,2B/SS
sa829494,Michael Cantu,C,0.23999999463558197,0.22200000174343584,,2021,bat,C
sa3002843,Jordan Wren,OF,0.25,0.49870994859375056,,2021,bat,OF
sa3007054,Andrew Moritz,OF,0.23999999463558197,0.5964999546296894,,2021,bat,OF
sa3008053,Sam McWilliams,2B,0.23999999463558197,0.3515800526132807,LAD,2021,bat,2B
sa917077,Everlouis Lozada,2B/3B,0.25,0.4590099549386649,,2021,bat,2B/3B
sa1169761,Johnny Rizer,OF,0.25,0.5684999600984155,,2021,bat,OF
sa917306,Orian Nunez,2B/3B,0.25,0.22639002937357866,,2021,bat,2B/3B
sa3007868,Trey Dawson,2B/3B/SS,0.25,0.35082003551069635,,2021,bat,2B/3B/SS
26295,Oliver Dunn,3B,0.25,0.3995299886213614,CHW,2021,bat,3B
24388,José Rodríguez,2B,0.25,0.23613001109333706,PHI,2021,bat,2B
25524,Aaron Schunk,2B/3B/SS,0.23999999463558197,0.5412199458107353,ATL,2021,bat,2B/3B/SS
sa508008,Eduardo Arredondo,OF,0.25,0.5744999679736791,,2021,bat,OF
sa3004398,Tyler Benson,OF,0.25,0.4855100319720803,,2021,bat,OF
sa3004240,Robbie Thorburn,OF,0.25,0.49418995904270546,BAL,2021,bat,OF
sa3006726,Ryne Ogren,2B,0.25,0.4142899944912642,,2021,bat,2B
sa3005492,Jesus Valdez,3B,0.23999999463558197,0.25278002039995046,ARI,2021,bat,3B
sa874775,Eric Jenkins,OF,0.25,0.4989000221714377,,2021,bat,OF
sa917167,Ruben Santana,2B,0.25,0.25703005415853103,,2021,bat,2B
sa918613,DJ Jenkins,OF,0.25,0.47646001928951587,,2021,bat,OF
sa745012,Ariel Montesino,SS,0.25,0.29309005024842905,,2021,bat,SS
sa3004722,Jacob Pearson,OF,0.23999999463558197,0.5938300145091489,,2021,bat,OF
sa876536,Brayan Hernandez,OF,0.25,0.37481999369338154,,2021,bat,OF
sa3007012,John Aiello,1B/3B,0.25,0.4592300047399475,,2021,bat,1B/3B
sa3004126,Logan Farrar,OF,0.25,0.48561003296636035,,2021,bat,OF
sa915690,Jordan Pearce,1B/3B,0.25,0.5462699696421622,,2021,bat,1B/3B
sa3002712,Axel Andueza,C/1B,0.23999999463558197,0.2517599410843104,,2021,bat,C/1B
sa827965,Jerry Seitz,C,0.25,0.2264999497449025,,2021,bat,C
sa917075,Yeison Coca,2B/SS,0.23999999463558197,0.317890008771792,,2021,bat,2B/SS
sa3004969,Je'Von Ward,OF,0.23999999463558197,0.43418997069820753,TOR,2021,bat,OF
sa3006924,Ryan Ramiz,OF,0.25,0.46750001371838146,SEA,2021,bat,OF
sa3004155,Jonny Homza,C/3B,0.23999999463558197,0.1903399625094607,,2021,bat,C/3B
sa827967,Mikey Edie,OF,0.25,0.4833399662049487,,2021,bat,OF
sa824736,Luis Medina,2B/SS,0.25,0.3668999868212267,,2021,bat,2B/SS
sa3003408,Cristhian Longa,C/1B,0.23999999463558197,0.14797004173742603,,2021,bat,C/1B
sa657775,Angel Reyes,C/1B/2B,0.25,0.46886000589001914,,2021,bat,C/1B/2B
13768,Travis Jankowski,OF,1.6200000047683716,5.69863970503211,NYM,2021,bat,OF
sa1169773,LJ Talley,1B/2B,0.25,0.4498399879550561,,2021,bat,1B/2B
sa3005766,Iverson Leonardo,OF,0.25,0.2737199519528076,,2021,bat,OF
sa3010330,Cory Wood,2B,0.23999999463558197,0.3002599644940346,,2021,bat,2B
sa3007030,Frankie Tostado,1B,0.23999999463558197,0.5481200098525731,,2021,bat,1B
sa915575,Devin Hairston,2B/SS,0.23999999463558197,0.3262099929852411,,2021,bat,2B/SS
sa872730,Edwin Figuera,3B/SS,0.25,0.3441499739885329,,2021,bat,3B/SS
sa3008293,Zack Kone,3B/SS,0.23999999463558197,0.2938999862642958,,2021,bat,3B/SS
sa872756,Carlos Machado,OF,0.25,0.46135995481163267,,2021,bat,OF
sa3006932,Tre Vickers,3B/SS,0.25,0.3448600256349891,,2021,bat,3B/SS
sa509435,Kevin Flores,SS,0.25,0.3526500202482566,,2021,bat,SS
21626,Griffin Conine,OF,0.23999999463558197,0.5625199549598618,MIA,2021,bat,OF
sa3006935,Kaleo Johnson,1B/3B,0.25,0.5612999787786976,,2021,bat,1B/3B
sa3007746,Brett Wright,C,0.25,0.21891997613711278,,2021,bat,C
sa3010157,Daniel Cope,C,0.23999999463558197,0.3731900519691407,,2021,bat,C
sa3006684,Luke Mangieri,1B,0.25,0.5547800162341445,,2021,bat,1B
sa917310,Eddie Hernandez,2B/3B,0.25,0.3475100421579554,,2021,bat,2B/3B
25111,David Hensley,DH/OF,0.25,0.5216099603567272,,2021,bat,DH/OF
sa873540,Stanley Martinez,1B,0.25,0.3421899536857381,TEX,2021,bat,1B
25855,Matt Gorski,1B/OF,0.23999999463558197,0.3102000101469457,LAD,2021,bat,1B/OF
sa826786,Eugene Helder,3B,0.25,0.5416100132744759,,2021,bat,3B
sa3003240,Edilberto Mendoza,C,0.25,0.21348999829497187,,2021,bat,C
sa3005938,Yoyner Fajardo,OF,0.23999999463558197,0.2950300418073311,,2021,bat,OF
sa872527,Romer Cuadrado,OF,0.23999999463558197,0.4618399808648973,,2021,bat,OF
sa3004149,Agustin Ruiz,OF,0.23999999463558197,0.4323099770350382,,2021,bat,OF
sa875277,Cole Bauml,OF,0.25,0.4640700311399995,,2021,bat,OF
sa3005795,Pedro Martinez,SS,0.25,0.2806699983775615,,2021,bat,SS
sa873611,Todd Czinege,1B/OF,0.23999999463558197,0.725909975077957,,2021,bat,1B/OF
sa3006578,Sander Mora,2B/3B/SS,0.23999999463558197,0.18724002533126616,,2021,bat,2B/3B/SS
23772,Wilyer Abreu,OF,0.25,0.4504800046794115,BOS,2021,bat,OF
sa3007299,Yorlis Rodriguez,3B,0.23999999463558197,0.324759976612404,,2021,bat,3B
sa827943,Jesus Severino,3B/SS,0.25,0.34282999094575634,,2021,bat,3B/SS
sa919011,Collin Woody,1B/3B,0.25,0.556450057029724,BAL,2021,bat,1B/3B
sa877519,Adrian Rondon,3B/SS,0.25,0.3364600391359999,,2021,bat,3B/SS
sa328104,Jon Del Campo,3B/OF,0.25,0.5580000019865109,,2021,bat,3B/OF
sa455932,Gabriel Noriega,2B/SS,0.25,0.5396800040034575,,2021,bat,2B/SS
sa3006646,Nick Rodriguez,1B/2B,0.25,0.34459995978977526,SEA,2021,bat,1B/2B
sa509257,Daniel Nunez,OF,0.25,0.4730299686314537,,2021,bat,OF
sa918294,Ramon Osuna,1B,0.25,0.5554999701445922,,2021,bat,1B
sa592342,Luis Fonseca,OF,0.25,0.49442002873402097,,2021,bat,OF
sa3006719,Will Golsan,OF,0.23999999463558197,0.6214199829380959,,2021,bat,OF
sa3005128,LG Castillo,OF,0.23999999463558197,0.4404299708781763,,2021,bat,OF
sa3005787,Johnabiell Laureano,OF,0.25,0.27490003476850683,,2021,bat,OF
sa3003228,Johan Lopez,SS,0.25,0.27587000459898253,,2021,bat,SS
sa3007318,Michael Emodi,C,0.25,0.16558001937810324,,2021,bat,C
sa3003267,Esney Chacon,OF,0.25,0.25360001719091085,,2021,bat,OF
sa917737,Marco Hernandez,C,0.23999999463558197,0.1949699796503409,,2021,bat,C
25483,Nick Sogard,2B,0.25,0.3665900493739172,BOS,2021,bat,2B
sa3006888,Luis Verdugo,3B,0.23999999463558197,0.22669004001654677,SDP,2021,bat,3B
25807,Jared Triolo,3B,0.23999999463558197,0.28715000080410386,PIT,2021,bat,3B
sa510244,Francisco Williams,OF,0.25,0.46475999425165354,,2021,bat,OF
sa3003261,Kevin Torres,C,0.25,0.19829996016342186,,2021,bat,C
sa918339,Anthony Churlin,OF,0.25,0.4650599892251194,,2021,bat,OF
sa3006647,Zack Shannon,1B,0.25,0.5481100226985289,,2021,bat,1B
sa3004284,Jared Akins,OF,0.25,0.38552997512742876,MIN,2021,bat,OF
sa924090,Jose Reyes,SS,0.25,0.2701800546143203,ARI,2021,bat,SS
sa918323,Francisco Del Valle,OF,0.25,0.4497300238348543,,2021,bat,OF
sa3008278,Bryce Bush,3B/OF,0.25,0.39203996974974864,,2021,bat,3B/OF
sa918117,Chris DeVito,1B,0.25,0.5433499739039689,,2021,bat,1B
sa877124,Alexis Garcia,2B/3B,0.25,0.3279899829998612,,2021,bat,2B/3B
sa875065,Corey Zangari,1B,0.25,0.48164001972181714,,2021,bat,1B
sa875212,Seamus Curran,1B,0.25,0.5409000267856753,,2021,bat,1B
sa3005416,Jonathan Lacroix,OF,0.25,0.4603199714561924,,2021,bat,OF
25448,Greg Jones,OF,0.25,0.26445000718813383,MIL,2021,bat,OF
sa3004148,Jordy Barley,SS,0.23999999463558197,0.24475999390706416,,2021,bat,SS
sa3008007,Onix Vega,C,0.23999999463558197,0.3015100073534995,NYM,2021,bat,C
sa3007335,Tyler Flores,1B/OF,0.23999999463558197,0.5078399775782599,,2021,bat,1B/OF
sa3004884,Justin Connell,OF,0.23999999463558197,0.5392799749737605,,2021,bat,OF
sa3004281,Cameron Baranek,OF,0.25,0.4575499834725632,,2021,bat,OF
sa969045,Kevin Maitan,3B,0.25,0.3296699904603883,,2021,bat,3B
sa877349,Amado Nunez,2B/SS,0.25,0.33092997136991464,,2021,bat,2B/SS
sa1170296,Toby Welk,1B/3B,0.25,0.4072300081839785,,2021,bat,1B/3B
sa918086,Luis Curbelo,3B,0.25,0.2554300615563988,,2021,bat,3B
sa3010017,Tyler Osik,1B,0.25,0.47053006379865103,,2021,bat,1B
sa878799,Bryant Aragon,1B,0.25,0.530429971218109,,2021,bat,1B
sa3004950,Donivan Williams,2B,0.23999999463558197,0.22889000491704792,,2021,bat,2B
sa918899,Pedro Alfonseca,P/OF,0.25,0.2638500025612302,,2021,bat,P/OF
sa917018,Juan Ramirez,OF,0.25,0.325740005262196,,2021,bat,OF
sa3009972,Garrett Hiott,OF,0.25,0.3228500316850841,,2021,bat,OF
sa837670,Julio Garcia,2B/3B/SS,0.25,0.32375996194314205,,2021,bat,2B/3B/SS
sa3011259,Logan Wyatt,1B,0.23999999463558197,0.4992199799045921,,2021,bat,1B
sa3007637,Scott Schreiber,1B/OF,0.25,0.5070500541478394,,2021,bat,1B/OF
sa3008657,Gerson Molina,OF,0.23999999463558197,0.34527001478709285,,2021,bat,OF
21682,Luis De Los Santos,3B,0.25,0.34695001707877954,,2021,bat,3B
sa3003291,Francisco Acuna,SS,0.23999999463558197,0.20595003277994686,SDP,2021,bat,SS
sa392193,Myles Schroder,3B/OF,0.23999999463558197,0.6162500569364056,WSN,2021,bat,3B/OF
sa873155,Jose Marquez,2B,0.25,0.2662099733948707,,2021,bat,2B
sa828230,Ramon Beltre,2B/3B,0.25,0.32411998920142643,,2021,bat,2B/3B
sa738630,Ronnie Gideon,1B,0.25,0.5355200624559074,,2021,bat,1B
sa3008463,Nick Osborne,OF,0.25,0.4563599778106435,,2021,bat,OF
26294,Bryson Stott,2B,0.23999999463558197,0.353999979281798,PHI,2021,bat,2B
sa826652,Wladimir Galindo,3B,0.25,0.5180599885992705,,2021,bat,3B
sa3007020,Kingston Liniak,OF,0.25,0.23716001696884637,,2021,bat,OF
sa3004880,Kevin Richards,OF,0.25,0.2517399768112227,OAK,2021,bat,OF
sa3007295,Luis García,2B/SS,0.23999999463558197,0.3410999446408823,,2021,bat,2B/SS
sa3008076,Madison Stokes,1B,0.23999999463558197,0.6143300157738848,,2021,bat,1B
sa3008004,Luke Reynolds,1B/3B,0.25,0.5148700054502113,,2021,bat,1B/3B
sa3004266,Alison Quintero,C,0.23999999463558197,0.15675002821953962,,2021,bat,C
sa3004520,Martin Figueroa,C/2B,0.25,0.31752004050649696,,2021,bat,C/2B
sa3004942,Francisco Hernandez,2B/3B,0.23999999463558197,0.24301003328291693,,2021,bat,2B/3B
22715,Maikel Garcia,3B,0.25,0.20349005197640507,KCR,2021,bat,3B
sa3007064,Brett Langhorne,1B/2B,0.23999999463558197,0.3988500229781492,ATL,2021,bat,1B/2B
sa3007639,Nick Schnell,OF,0.25,0.3232799928402527,SDP,2021,bat,OF
sa919893,Jose Mena,C,0.23999999463558197,0.20993001473834733,,2021,bat,C
sa3007310,Kenen Irizarry,2B,0.25,0.2903699777787551,,2021,bat,2B
sa3003430,Juan Carlos Negret,OF,0.25,0.40597006278112535,,2021,bat,OF
sa876098,Luis Silverio,OF,0.23999999463558197,0.4708699938375502,ARI,2021,bat,OF
sa874093,Casey Hughston,OF,0.25,0.44188000184949483,,2021,bat,OF
sa3005500,Fabian Pertuz,2B/SS,0.23999999463558197,0.2567499857395887,,2021,bat,2B/SS
sa3002725,Kevin Williams Jr.,OF,0.25,0.44562002392485733,,2021,bat,OF
sa3005724,Darlyn Del Villar,SS,0.23999999463558197,0.1557999599259346,,2021,bat,SS
sa917348,Osmy Gregorio,2B/3B/SS,0.25,0.31215004683472214,,2021,bat,2B/3B/SS
sa3006854,William Hancock,C,0.25,0.12898995461873705,,2021,bat,C
sa3004498,Austin Upshaw,1B,0.25,0.5219300451921298,,2021,bat,1B
sa3004290,Lucas Tancas,1B/OF,0.25,0.5094800521386788,,2021,bat,1B/OF
sa3002865,Gilberto Vizcarra,C,0.23999999463558197,0.15167002266971394,,2021,bat,C
sa3006847,Korby Batesole,3B/SS,0.25,0.30270002274774016,,2021,bat,3B/SS
sa828163,Edison Lantigua,OF,0.25,0.44072002142202105,,2021,bat,OF
sa917463,Luis Leon,C/SS,0.25,0.17127002500928937,,2021,bat,C/SS
sa917351,Fernando Kelli,OF,0.25,0.3190800406504422,,2021,bat,OF
sa393018,Gerson Manzanillo,OF,0.25,0.4510099826380611,,2021,bat,OF
sa739014,Ryan Kirby,1B,0.25,0.5101899931207299,,2021,bat,1B
sa872811,Jean Carlos Arias,OF,0.25,0.45294000874273466,,2021,bat,OF
sa3006187,Jose Acosta,2B,0.25,0.28444997335318467,,2021,bat,2B
sa3004515,Jordyn Muffley,C,0.25,0.18235000299755483,TBR,2021,bat,C
sa3006725,David Miranda,OF,0.25,0.4394000328844413,NYM,2021,bat,OF
sa918089,Ulysses Cantu,1B,0.25,0.43750996666494757,,2021,bat,1B
24816,Andy Pages,OF,0.23999999463558197,0.3148799958988093,LAD,2021,bat,OF
23552,Chandler Seagle,DH,0.23999999463558197,0.14550992717267938,,2021,bat,DH
21797,Andrés Chaparro,1B/DH,0.25,0.3551399988005869,WSN,2021,bat,1B/DH
sa3009955,Cameron Simmons,OF,0.25,0.44737999399658285,,2021,bat,OF
25714,Blaine Crim,1B,0.25,0.5073199976002799,COL,2021,bat,1B
22514,Triston Casas,1B,0.25,0.6251599790528416,BOS,2021,bat,1B
sa3006906,Ben Aklinski,OF,0.23999999463558197,0.5388400172349066,,2021,bat,OF
sa917155,Juan Pascal,3B/SS,0.25,0.2951399800833314,,2021,bat,3B/SS
sa523975,Jose Ruiz,1B,0.25,0.53782998486422,TEX,2021,bat,1B
sa3009885,Ricky Martinez,2B/3B/SS,0.23999999463558197,0.31678005601279424,,2021,bat,2B/3B/SS
sa3006661,Cade Harris,OF,0.23999999463558197,0.5856399998534471,,2021,bat,OF
sa917119,Shervyen Newton,SS,0.23999999463558197,0.3205599447945133,,2021,bat,SS
sa3007043,Hunter Steinmetz,OF,0.25,0.4344199790386482,,2021,bat,OF
sa922560,Tony Pena,OF,0.25,0.43329996636603024,,2021,bat,OF
sa917341,Henry Pujols,3B,0.25,0.3296100221574307,,2021,bat,3B
sa917593,Daniel Santos,C,0.25,0.17297001966508105,,2021,bat,C
sa829465,Todd Isaacs,OF,0.25,0.45043998011387887,COL,2021,bat,OF
sa915851,Adrian Tovalin,1B/3B,0.25,0.5128699752734973,,2021,bat,1B/3B
24336,Johan Rojas,OF,0.23999999463558197,0.4105699860956519,PHI,2021,bat,OF
sa876379,Matt Morales,2B/SS,0.25,0.2947400290984659,KCR,2021,bat,2B/SS
sa3008185,Sean Guilbe,3B/OF,0.23999999463558197,0.2832399992970749,,2021,bat,3B/OF
sa918977,Aaron Bond,OF,0.25,0.4441100307740271,,2021,bat,OF
sa915659,Tanner Gardner,OF,0.25,0.4355000542243942,,2021,bat,OF
sa875030,Jagger Rusconi,2B/OF,0.25,0.4041500011226162,,2021,bat,2B/OF
sa3003414,Juan Bidau,3B/SS/OF,0.25,0.23231998563278466,,2021,bat,3B/SS/OF
sa918209,Chad McClanahan,1B/3B,0.23999999463558197,0.37494003525935105,,2021,bat,1B/3B
sa3003426,Rochest Cruz,2B,0.23999999463558197,0.23748999570962034,,2021,bat,2B
sa3004940,Henry Quintero,OF,0.25,0.4304299970623105,,2021,bat,OF
sa738319,Tyler Alamo,C/1B,0.25,0.5080699843820183,,2021,bat,C/1B
sa3009896,Trent Tingelstad,OF,0.25,0.348399965884164,,2021,bat,OF
sa876308,Kevin Santiago,2B/SS,0.25,0.2957199702505022,,2021,bat,2B/SS
22530,Johnathan Rodríguez,OF,0.25,0.3510300498921424,CLE,2021,bat,OF
sa924858,Braulio Vasquez,2B/3B,0.23999999463558197,0.385810001916252,,2021,bat,2B/3B
sa3007527,Dean Lockery,2B/3B,0.25,0.28533997435588376,PIT,2021,bat,2B/3B
sa291449,Rolando Acosta,3B/SS,0.25,0.5061000394169242,,2021,bat,3B/SS
sa3010582,McCarthy Tatum,3B,0.23999999463558197,0.395170008065179,,2021,bat,3B
sa873303,Nelson Gomez,3B,0.25,0.35170006287517025,,2021,bat,3B
sa3004131,Cameron Knight,C,0.25,0.15847996772499748,STL,2021,bat,C
sa509451,Daniel Hinojosa,2B/SS/OF,0.25,0.30296005129348486,,2021,bat,2B/SS/OF
sa3008431,Zander Clarke,1B/OF,0.25,0.49302005788777015,,2021,bat,1B/OF
sa509117,Jose Amador,1B/2B,0.25,0.5059300394030287,,2021,bat,1B/2B
sa1054552,Jeff Houghtby,2B/3B/SS,0.23999999463558197,0.26932999487034964,SFG,2021,bat,2B/3B/SS
sa3002849,Makesiondon Kelkboom,2B/3B/SS,0.25,0.2935100311879068,,2021,bat,2B/3B/SS
sa3007743,Grant Lavigne,1B,0.23999999463558197,0.6296800110954791,,2021,bat,1B
sa828151,Jose Caraballo,OF,0.25,0.430699987639673,KCR,2021,bat,OF
sa3007752,Jimmy Smith,OF,0.25,0.43038006129208944,,2021,bat,OF
sa877486,Samuel Castro,2B/SS,0.25,0.27620000944007184,,2021,bat,2B/SS
sa917054,Carlos Reina,C,0.25,0.1490900150849484,,2021,bat,C
sa3004727,Tyler Esplin,OF,0.25,0.5191999988397583,,2021,bat,OF
sa3010599,Jake Holton,1B,0.25,0.3883100074715912,SFG,2021,bat,1B
sa828503,Luis Flores,2B/OF,0.25,0.22426000700797877,STL,2021,bat,2B/OF
26202,Jake Mangum,OF,0.23999999463558197,0.3117100382689386,PIT,2021,bat,OF
24064,Ezequiel Tovar,SS,0.23999999463558197,0.37444001103285696,COL,2021,bat,SS
24729,Logan O'Hoppe,C,0.23999999463558197,0.26817002545576546,LAA,2021,bat,C
23733,Ezequiel Duran,3B,0.25,0.34761996727902444,TEX,2021,bat,3B
25493,Joey Ortiz,3B/SS,0.25,0.2790399774210527,MIL,2021,bat,3B/SS
sa1115752,Seth Gray,3B,0.25,0.2063800053554587,,2021,bat,3B
sa3009878,Luke Ritter,2B/3B,0.23999999463558197,0.29847995891468604,LAA,2021,bat,2B/3B
sa707779,Matt Reistetter,C,0.25,0.15462995986454187,,2021,bat,C
sa917349,Carlos Vargas,1B/SS,0.25,0.29358002450317144,TBR,2021,bat,1B/SS
sa3004060,Marcus Chiu,1B,0.23999999463558197,0.525860051321797,,2021,bat,1B
sa3007088,Vinny Esposito,OF,0.25,0.4241400678642094,,2021,bat,OF
sa1169978,Matt Lloyd,1B/OF,0.23999999463558197,0.5119599912781267,BOS,2021,bat,1B/OF
sa3007502,Matt Kroon,OF,0.23999999463558197,0.5790799869224429,,2021,bat,OF
sa3009875,J.D. Orr,OF,0.23999999463558197,0.4613300047116353,,2021,bat,OF
sa3007633,Brendt Citta,1B/OF,0.23999999463558197,0.3622099582571537,,2021,bat,1B/OF
sa3003364,Edwin Mateo,OF,0.23999999463558197,0.2709899954032153,,2021,bat,OF
sa3006911,Eric De La Rosa,OF,0.25,0.32033001964446156,,2021,bat,OF
sa829551,Logan Sowers,OF,0.25,0.3431300134514459,CHW,2021,bat,OF
sa3008341,Edmond Americaan,OF,0.23999999463558197,0.35690001740586,,2021,bat,OF
sa3005541,Luis Toribio,1B/3B,0.23999999463558197,0.2664300304604694,,2021,bat,1B/3B
sa3006621,Bladimir Restituyo,OF,0.23999999463558197,0.44826000854372966,,2021,bat,OF
sa3010333,Brylie Ware,3B,0.25,0.28702002675272525,,2021,bat,3B
sa736879,Pabel Manzanero,C/1B,0.25,0.49213001299649484,,2021,bat,C/1B
sa872852,Stanley Espinal,3B/OF,0.25,0.418190019018948,STL,2021,bat,3B/OF
sa872832,Angel Manzanarez,2B,0.25,0.2708500370150432,,2021,bat,2B
sa3005554,Eddys Leonard,SS,0.23999999463558197,0.20265000815270467,MIL,2021,bat,SS
sa1170451,Bryce Ball,1B,0.23999999463558197,0.6046700612874703,,2021,bat,1B
sa740126,Jesus Atencio,C,0.25,0.1435800499049946,KCR,2021,bat,C
sa3003281,Luis Arcendo,2B/3B/SS,0.25,0.2680999644566327,,2021,bat,2B/3B/SS
sa3004382,José Sánchez,3B/SS,0.23999999463558197,0.294999982160516,,2021,bat,3B/SS
sa3009870,Matthew Acosta,OF,0.23999999463558197,0.3681999557185917,,2021,bat,OF
sa3007032,Andrew Turner,2B/3B,0.25,0.2624600028386339,,2021,bat,2B/3B
sa3006921,Chase Chambers,1B,0.25,0.4740299696102737,,2021,bat,1B
sa3006903,Carlos De La Cruz,OF,0.23999999463558197,0.3816100097959861,,2021,bat,OF
sa826646,Jesus Alastre,OF,0.25,0.3983300129184499,,2021,bat,OF
sa920171,Victor Ngoepe,SS,0.25,0.20408003486227239,PIT,2021,bat,SS
sa917151,Reniel Ozuna,OF,0.23999999463558197,0.42841998389922076,,2021,bat,OF
sa3008295,Drew Fregia,2B/SS,0.25,0.2721699590561911,,2021,bat,2B/SS
sa917134,William Jimenez,OF,0.25,0.27310995026491575,STL,2021,bat,OF
sa3007785,Daniel Wasinger,C,0.25,0.13976005605654784,,2021,bat,C
sa3011378,Cameron Warren,1B,0.25,0.476870024530217,,2021,bat,1B
sa3004616,Cole Brannen,OF,0.25,0.36876002599019553,,2021,bat,OF
sa875028,Chad Smith,OF,0.25,0.4040000183042139,,2021,bat,OF
sa917068,Daniel Montano,OF,0.23999999463558197,0.5657399696297943,,2021,bat,OF
sa3002858,Bryan Torres,2B/SS,0.23999999463558197,0.16199002296198156,SDP,2021,bat,2B/SS
sa3003425,Miller Chacon,C/1B,0.25,0.13577999024419107,,2021,bat,C/1B
sa917013,Darwin Alvarado,OF,0.25,0.39477998926304275,,2021,bat,OF
sa3003330,Deury Carrasco,SS,0.25,0.16938997674733391,,2021,bat,SS
sa3009866,Evan Edwards,1B,0.25,0.4768799427663906,,2021,bat,1B
sa3006624,Zach Scott,2B,0.25,0.25462995644193137,,2021,bat,2B
sa3005626,Nestor Heredia,3B/SS,0.23999999463558197,0.21623001373372971,,2021,bat,3B/SS
sa880795,Emilio Gustave,OF,0.25,0.3969100058544427,,2021,bat,OF
sa917754,Miguel Jerez,C/1B,0.25,0.39495999225182454,,2021,bat,C/1B
sa3004265,Terry Fuller,OF,0.23999999463558197,0.30844997849781064,,2021,bat,OF
sa3004397,Jesus Azuaje,2B,0.25,0.24870995772071175,COL,2021,bat,2B
sa916709,Wilson Alvarez,2B,0.25,0.17894998877309262,,2021,bat,2B
25805,Blake Sabol,C/OF,0.23999999463558197,0.3428000364685431,TBR,2021,bat,C/OF
sa3007642,Fernando Villegas,OF,0.23999999463558197,0.345199952297844,,2021,bat,OF
sa828232,Onil Pena,1B,0.25,0.45983001266140483,SEA,2021,bat,1B
22254,Joe Perez,3B,0.25,0.2530400118674151,,2021,bat,3B
sa829468,Tra Holmes,OF,0.23999999463558197,0.40633996252436183,,2021,bat,OF
sa3010036,J.T. Arruda,2B,0.23999999463558197,0.2755699554923921,SEA,2021,bat,2B
sa872550,Frederick Cuevas,OF,0.25,0.42823998662643126,,2021,bat,OF
sa3011256,Drew Mendoza,1B,0.23999999463558197,0.5407299872720612,,2021,bat,1B
sa3006941,Connor McVey,1B/2B/3B,0.25,0.432099966215901,,2021,bat,1B/2B/3B
sa201393,Adan Munoz,C/1B,0.25,0.48202002490870643,,2021,bat,C/1B
sa3002845,Hector Martinez,2B,0.23999999463558197,0.17533997546415767,,2021,bat,2B
sa3003282,Abiezel Ramirez,2B/SS,0.25,0.19098004263360047,,2021,bat,2B/SS
sa828427,Carlos Rivero,2B/SS,0.25,0.2527899496257304,,2021,bat,2B/SS
sa3006930,Russ Olive,1B,0.25,0.46203998229466375,TBR,2021,bat,1B
sa3009892,Nic Ready,3B,0.23999999463558197,0.3265900464495643,,2021,bat,3B
sa3003288,Jose Peroza,3B,0.23999999463558197,0.294659970246721,,2021,bat,3B
sa3005080,Luis Santos,2B/SS,0.25,0.22939998265355818,,2021,bat,2B/SS
sa3004046,Jeremy Arocho,2B,0.25,0.23194001986412324,,2021,bat,2B
sa3007089,Nick Ward,2B/3B,0.25,0.43586003282107405,,2021,bat,2B/3B
sa3003423,Julio Meza,C,0.25,0.12051003809319807,,2021,bat,C
sa3006730,Michael Wielansky,2B/3B,0.25,0.40873999968171115,,2021,bat,2B/3B
sa917443,Kendy Moya,2B/3B/OF,0.25,0.23719998288433997,,2021,bat,2B/3B/OF
sa3003434,Bryce Brown,OF,0.25,0.386940017924644,,2021,bat,OF
sa3004053,Miguel Perez,OF,0.25,0.188399976817891,,2021,bat,OF
sa3002831,Tanner Kirwer,OF,0.25,0.4703400011872872,,2021,bat,OF
sa3007078,Jordan Qsar,OF,0.25,0.38747999588958915,,2021,bat,OF
sa3010280,Jake Hoover,2B/SS,0.25,0.21854003996122626,,2021,bat,2B/SS
sa3006185,Randy Romero,OF,0.23999999463558197,0.3377199898008257,,2021,bat,OF
sa872518,Yovanny Cuevas,OF,0.23999999463558197,0.3263599881902337,,2021,bat,OF
sa3008050,Zach Rheams,OF,0.25,0.4586099556414411,,2021,bat,OF
sa3006862,Jordan Verdon,1B,0.25,0.3602699680719524,DET,2021,bat,1B
sa3008246,Beau Brundage,OF,0.25,0.367590008676052,,2021,bat,OF
sa829268,Drew Lugbauer,1B,0.23999999463558197,0.5516600270988419,,2021,bat,1B
sa3003949,Keshawn Lynch,2B/OF,0.25,0.348900019051507,,2021,bat,2B/OF
sa3005790,Edgar Martinez,2B/3B,0.25,0.19041997452732168,,2021,bat,2B/3B
sa3006915,Cesar Trejo,OF,0.25,0.38555006594397123,,2021,bat,OF
sa3007025,Zach Malis,1B/3B,0.25,0.44583000759594144,,2021,bat,1B/3B
sa3010892,Jack Strunc,2B,0.25,0.23908002653624855,,2021,bat,2B
sa3010588,Kona Quiggle,OF,0.25,0.2844100398942828,,2021,bat,OF
23917,Jorbit Vivas,2B/3B,0.23999999463558197,0.22504006280796598,NYY,2021,bat,2B/3B
sa828382,Wadye Ynfante,OF,0.25,0.37244997452944506,,2021,bat,OF
sa3005563,Jhoan Paulino,3B/SS,0.25,0.1039399880450218,,2021,bat,3B/SS
sa956378,Yorbin Ceuta,SS,0.25,0.1474600381334312,,2021,bat,SS
sa917093,Kervin Suarez,2B/OF,0.25,0.354390041437,,2021,bat,2B/OF
sa3008146,Matt Pita,2B/OF,0.25,0.4057699886616319,,2021,bat,2B/OF
sa3004383,Ricardo Méndez,OF,0.23999999463558197,0.46176998002920294,,2021,bat,OF
sa3003283,Angel Lopez,2B/3B,0.25,0.24104002933017904,,2021,bat,2B/3B
sa3006867,Kendall Simmons,2B/3B,0.23999999463558197,0.35515005476772776,,2021,bat,2B/3B
sa3010029,Jack Dunn,3B/OF,0.23999999463558197,0.33776000498328357,,2021,bat,3B/OF
sa828231,Luis Joseph,2B/OF,0.25,0.23903000524733203,,2021,bat,2B/OF
sa3009873,Tanner Morris,2B/3B,0.25,0.312370045739226,,2021,bat,2B/3B
sa876134,Ben Pelletier,OF,0.23999999463558197,0.47474003683309995,,2021,bat,OF
sa918198,Kevin Lachance,2B/OF,0.25,0.22515998682938507,,2021,bat,2B/OF
sa917386,Jean Montero,OF,0.25,0.24336997718783093,,2021,bat,OF
25505,Cade Marlowe,OF,0.25,0.3034399916534311,OAK,2021,bat,OF
sa3006668,Brett Kinneman,OF,0.25,0.36315996744669965,PIT,2021,bat,OF
sa3006680,Doran Turchin,OF,0.25,0.43260004257317625,,2021,bat,OF
sa3002703,Jose Curpa,2B/3B,0.23999999463558197,0.24853997568134212,,2021,bat,2B/3B
sa3008229,Dalton Hoiles,OF,0.25,0.3680899893166497,,2021,bat,OF
sa3003214,Oswaldo Pina,2B/3B/SS,0.23999999463558197,0.176559986709617,,2021,bat,2B/3B/SS
sa3005712,Dalvy Rosario,OF,0.23999999463558197,0.23152997291181227,,2021,bat,OF
sa3008616,D.C. Arendas,1B,0.25,0.43527994621545074,,2021,bat,1B
sa885119,Bryan Torres,OF,0.23999999463558197,0.21386005962267518,STL,2021,bat,OF
sa3007031,Davis Bradshaw,OF,0.23999999463558197,0.4178600238636136,,2021,bat,OF
sa3008145,Orlando Zapata,3B,0.25,0.2346399568137712,,2021,bat,3B
sa3004045,Nick Feight,1B,0.25,0.4463100074324757,,2021,bat,1B
sa3004384,Brayan Gonzalez,2B,0.25,0.16352997389622026,,2021,bat,2B
sa917355,Luis Diaz,2B/3B,0.25,0.22670001925434913,,2021,bat,2B/3B
sa917297,Guillermo Granadillo,OF,0.23999999463558197,0.3814900002907961,,2021,bat,OF
sa3010158,Zach Biermann,1B,0.25,0.4219899977557361,,2021,bat,1B
sa917110,Cristhian Pedroza,2B/3B,0.25,0.22459996840916574,,2021,bat,2B/3B
21922,Sauryn Lao,P,0.23999999463558197,0.22309000877430654,,2021,bat,P
sa3003222,Aldenis Sanchez,OF,0.25,0.23139997683465474,,2021,bat,OF
sa828294,Jose Almonte,OF,0.25,0.36842000947799536,,2021,bat,OF
sa917084,Albert Guaimaro,OF,0.25,0.3617499885847791,,2021,bat,OF
sa3008249,Korey Holland,OF,0.25,0.2743700122227892,,2021,bat,OF
sa3006849,Joe Gillette,1B/3B,0.25,0.4308799785096198,,2021,bat,1B/3B
sa3007037,Angel Solarte,OF,0.23999999463558197,0.20348994771484283,,2021,bat,OF
sa3010585,Jake Sanford,OF,0.25,0.2908100089873187,,2021,bat,OF
sa3003419,Francisco Ortiz,C/1B,0.23999999463558197,0.25214000099804257,,2021,bat,C/1B
sa917109,Jhosner Vargas,2B/3B,0.25,0.21787999749649312,TBR,2021,bat,2B/3B
sa828255,Leandro Santana,3B,0.25,0.430359952780418,CIN,2021,bat,3B
sa875317,Jaylen Ferguson,OF,0.25,0.43649000939913096,,2021,bat,OF
sa916731,Luis Avalo,C/1B,0.25,0.09666997601743789,MIL,2021,bat,C/1B
sa3007316,Jake Brodt,1B,0.25,0.43572004234883926,,2021,bat,1B
sa3002696,Alexander Hernandez,3B/SS,0.23999999463558197,0.24825001717545087,,2021,bat,3B/SS
sa3002879,Brandon Benson,OF,0.25,0.35686995664145793,,2021,bat,OF
sa3006845,Marshawn Taylor,2B/SS,0.25,0.15059001923073076,,2021,bat,2B/SS
22239,Jeremiah Jackson,3B/OF,0.25,0.15864996954333038,BAL,2021,bat,3B/OF
sa872509,Marcos Rivera,3B/SS,0.23999999463558197,0.27685002747457466,,2021,bat,3B/SS
sa917968,Thomas Jones,OF,0.23999999463558197,0.40654001072980456,,2021,bat,OF
sa3002862,Ismael Alcantara,OF,0.23999999463558197,0.209849967691116,,2021,bat,OF
sa3003180,Hagen Owenby,C/1B,0.25,0.4078700464917347,,2021,bat,C/1B
sa872784,Henderson De Oleo,1B/3B,0.25,0.2248700076597742,CLE,2021,bat,1B/3B
sa3006913,Lency Delgado,SS,0.25,0.0755400552763603,,2021,bat,SS
sa3003351,Yeikel Blandin,OF,0.25,0.21905997849535194,,2021,bat,OF
sa3003178,Reyny Reyes,2B/3B/SS,0.23999999463558197,0.17243999375496052,,2021,bat,2B/3B/SS
sa3006866,Caberea Weaver,OF,0.25,0.14429999570129431,,2021,bat,OF
sa917059,Shael Mendoza,2B/OF,0.25,0.3371300031198187,COL,2021,bat,2B/OF
sa875381,Eric Senior,OF,0.25,0.3487599646439775,,2021,bat,OF
sa3005734,Luis Andujar,1B/3B,0.25,0.21665001150686297,,2021,bat,1B/3B
sa3005489,Antoni Flores,3B/SS,0.25,0.2435200064675882,,2021,bat,3B/SS
sa3007006,Nick Gatewood,1B,0.25,0.42228998802602286,,2021,bat,1B
sa1053075,Marty Bechina,OF,0.25,0.269949951255694,,2021,bat,OF
sa3004979,Eddy Diaz,2B/SS,0.23999999463558197,0.36437003591563544,,2021,bat,2B/SS
sa3005757,Carlos Paraguate,SS,0.23999999463558197,0.23983998612966378,,2021,bat,SS
sa872729,Dariel Gomez,1B,0.25,0.34606001477222886,,2021,bat,1B
sa3004072,Michael Cooper,1B,0.25,0.3386100202100351,,2021,bat,1B
sa3005165,Jose Quezada,OF,0.25,0.21166003777179862,,2021,bat,OF
sa3003260,Jimmy Mojica,OF,0.25,0.24591001723892986,,2021,bat,OF
sa3007011,Jackson Lueck,OF,0.25,0.3294099706225097,KCR,2021,bat,OF
sa829108,Junior Soto,OF,0.25,0.40087998860981305,NYY,2021,bat,OF
sa827958,Rigoberto Terrazas,3B,0.25,0.38758003211114556,,2021,bat,3B
sa3003184,Yerdel Vargas,2B/SS,0.25,0.12510996912606057,,2021,bat,2B/SS
sa745014,Offerman Collado,2B/SS,0.25,0.18875998577568678,,2021,bat,2B/SS
sa3003243,Rehybell Perozo,3B,0.25,0.2052000666735694,,2021,bat,3B
sa916733,Aaron Familia,1B/3B,0.25,0.20661997488932676,,2021,bat,1B/3B
sa3006889,D'Shawn Knowles,OF,0.25,0.20169998405035583,,2021,bat,OF
sa3002711,Nicolas Torres,2B,0.23999999463558197,0.2855400097323581,,2021,bat,2B
sa916969,Jesús Bastidas,2B/SS,0.25,0.23412001947872338,MIA,2021,bat,2B/SS
sa3004063,Luis Roman,3B,0.25,0.40692000470589834,,2021,bat,3B
sa917142,Kelvin Alarcon,2B/3B,0.23999999463558197,0.34157000943087035,,2021,bat,2B/3B
sa3004282,Obie Ricumstrict,OF,0.25,0.18894002399174487,TEX,2021,bat,OF
sa876087,DJ Neal,OF,0.25,0.423679959308356,,2021,bat,OF
sa3007821,Liam Sabino,2B/3B,0.25,0.19086000653915097,SEA,2021,bat,2B/3B
sa3005598,Julio Carreras,3B/SS,0.23999999463558197,0.35141001255251453,,2021,bat,3B/SS
sa3006901,Darling Florentino,P/3B,0.23999999463558197,0.3155499617569149,,2021,bat,P/3B
sa3003212,Ricardo Verenzuela,OF,0.25,0.19668003127444536,,2021,bat,OF
sa3005776,Oscar Gonzalez,C/1B,0.23999999463558197,0.16294005784438922,,2021,bat,C/1B
sa3005103,Tyler Dearden,OF,0.25,0.43317994214594363,,2021,bat,OF
sa917279,Maxwell Morales,C,0.25,0.4163600102299825,,2021,bat,C
sa3009895,Joe Aeilts,OF,0.23999999463558197,0.3567499581491574,,2021,bat,OF
sa3005486,Miguel Hiraldo,2B,0.25,0.2827499735634773,,2021,bat,2B
sa917417,Sebastian Ochoa,OF,0.25,0.19508001263020555,,2021,bat,OF
sa3005778,Olivber Moreno,OF,0.25,0.2760599851142615,,2021,bat,OF
sa3007291,Abdiel Layer,3B/SS,0.23999999463558197,0.17686000170651814,,2021,bat,3B/SS
sa3005931,Neyfi Marinez,OF,0.25,0.2751499987673014,,2021,bat,OF
sa828126,Ricardo Ferreira,2B/OF,0.25,0.30986999636515966,,2021,bat,2B/OF
sa3007095,Andrew Warner,OF,0.25,0.3233700352022424,,2021,bat,OF
sa3005512,Ronier Lascarro,OF,0.25,0.29091002938803284,,2021,bat,OF
sa829543,DeAires Moses,OF,0.25,0.3236600246047601,SEA,2021,bat,OF
sa3005781,Alexander Ovalles,1B/OF,0.25,0.32163002479355773,,2021,bat,1B/OF
sa3005942,Oneill Manzueta,OF,0.25,0.19506999074947087,,2021,bat,OF
23782,Leo Jiménez,2B/SS,0.25,0.2020299778087064,TOR,2021,bat,2B/SS
sa917148,Danielito Remy,2B,0.25,0.1879800136666745,CIN,2021,bat,2B
sa3006206,Madison Santos,OF,0.25,0.24194002181757246,NYY,2021,bat,OF
sa917311,Jesus Marriaga,OF,0.25,0.3046900455141439,,2021,bat,OF
sa918288,Jonah McReynolds,3B/OF,0.25,0.19360999680357052,,2021,bat,3B/OF
sa3003321,Samuel Jorge,1B/3B,0.25,0.19459000172791996,,2021,bat,1B/3B
23395,Eric Wagaman,1B,0.25,0.4396899826126173,MIN,2021,bat,1B
sa918911,Armani Smith,OF,0.23999999463558197,0.30114002241753046,,2021,bat,OF
sa3006665,Luke Becker,2B/3B,0.25,0.36351002454757686,,2021,bat,2B/3B
sa919019,Borinquen Mendez,2B/SS,0.25,0.1812100634211674,,2021,bat,2B/SS
sa3003346,Yowelfy Rosario,3B/SS,0.25,0.12090998773928732,,2021,bat,3B/SS
sa3003319,Angel Aponte,OF,0.25,0.2998500228160992,,2021,bat,OF
23565,Davis Schneider,2B/OF,0.25,0.26446996605955053,TOR,2021,bat,2B/OF
sa880735,Jeremy Fernandez,2B/OF,0.23999999463558197,0.4129799508489668,,2021,bat,2B/OF
25467,Will Robertson,OF,0.25,0.40048997015692284,BAL,2021,bat,OF
25476,Cam Eden,DH/OF,0.25,0.27314996037166567,,2021,bat,DH/OF
sa3005510,Jhon Solarte,OF,0.25,0.2722900436958297,,2021,bat,OF
sa918510,Clayton Middleton,C/1B,0.25,0.37569002974778415,,2021,bat,C/1B
sa918557,Dom Abbadessa,OF,0.25,0.39396999273449174,TOR,2021,bat,OF
sa3003317,Danny Drullard,OF,0.25,0.29608995697926727,TEX,2021,bat,OF
sa828272,Luis Asuncion,OF,0.25,0.30778003230225287,,2021,bat,OF
sa872798,Juan Pineda,2B/SS,0.25,0.1725700367009267,,2021,bat,2B/SS
sa3005603,Alberto Rodriguez,OF,0.25,0.2437999539426527,KCR,2021,bat,OF
sa3007050,Mateo Gil,3B/SS,0.23999999463558197,0.2634599551092833,,2021,bat,3B/SS
sa3010041,Harrison Freed,OF,0.23999999463558197,0.29726001240778716,,2021,bat,OF
sa918498,Jansiel Rivera,OF,0.25,0.23412002561381087,SEA,2021,bat,OF
sa872462,Raul Juarez,1B/3B,0.23999999463558197,0.2108599919825792,CIN,2021,bat,1B/3B
sa3003239,Michael Chirinos,1B/3B,0.25,0.3499100199202075,,2021,bat,1B/3B
24878,Heriberto Hernández,DH/OF,0.25,0.3096200087806209,MIA,2021,bat,DH/OF
sa917089,Ricardo Cubillan,SS,0.25,0.4432200383860618,,2021,bat,SS
sa3005744,Junior Perez,OF,0.25,0.23216996147530153,OAK,2021,bat,OF
sa3006864,Avery Tuck,OF,0.25,0.3023800046415999,,2021,bat,OF
20626,Logan Porter,C,0.25,0.3181899572489783,SFG,2021,bat,C
sa3002868,Daniel Jipping,1B/OF,0.25,0.3721999865258112,COL,2021,bat,1B/OF
sa3007000,Kwan Adkins,OF,0.23999999463558197,0.2805400127312168,,2021,bat,OF
sa3007067,George Bell,OF,0.23999999463558197,0.28055998280178746,,2021,bat,OF
sa3002625,Victor Heredia,1B,0.25,0.2850000331411137,,2021,bat,1B
sa3006076,Deivi Estrada,OF,0.23999999463558197,0.263180013850797,,2021,bat,OF
sa3004269,Joseph Reyes,1B/3B/OF,0.25,0.16846006116829806,,2021,bat,1B/3B/OF
sa3007326,Gionti Turner,2B/OF,0.25,0.15882997554726888,,2021,bat,2B/OF
sa3011467,Cam Cannon,2B,0.25,0.2631399618228897,,2021,bat,2B
sa3002846,Luis Yanel Diaz,3B,0.23999999463558197,0.16512000479269773,,2021,bat,3B
sa917939,Andy Yerzy,C/1B,0.23999999463558197,0.3691099873743951,STL,2021,bat,C/1B
sa3010343,Yorvis Torrealba,OF,0.23999999463558197,0.44110002766828976,,2021,bat,OF
26143,Troy Johnston,1B/OF,0.23999999463558197,0.338410004414618,COL,2021,bat,1B/OF
sa1116023,Will Matthiessen,1B,0.23999999463558197,0.3067500008968636,,2021,bat,1B
sa3003244,Edgar Made,2B/3B,0.23999999463558197,0.25407996869180344,,2021,bat,2B/3B
sa916720,Jose Bermudez,OF,0.23999999463558197,0.3865200089756398,,2021,bat,OF
sa3010387,Grayson Byrd,1B,0.23999999463558197,0.29984993604011834,,2021,bat,1B
sa917491,Gerardo Nunez,2B,0.25,0.15517005049623542,,2021,bat,2B
sa917984,Nonie Williams,SS/OF,0.25,0.2707300012931227,,2021,bat,SS/OF
sa918007,Joey Rose,3B,0.25,0.3599099824205041,,2021,bat,3B
sa3003199,Carlos Pacheco,OF,0.23999999463558197,0.2383600731147453,,2021,bat,OF
sa3002855,Albert Suarez,2B/SS,0.23999999463558197,0.13957996598910544,,2021,bat,2B/SS
sa3003224,Julio De La Cruz,2B/3B,0.25,0.14702006508596235,,2021,bat,2B/3B
sa917802,Nolan Perez,3B,0.25,0.1695799987064674,,2021,bat,3B
sa3004970,Isaiah Henry,OF,0.25,0.1097400204045697,,2021,bat,OF
sa3003284,Roimer Bolivar,OF,0.23999999463558197,0.269850008143112,,2021,bat,OF
sa3006663,Brian Sharp,1B/3B,0.25,0.361839999910444,,2021,bat,1B/3B
sa3008138,Isaiah Pasteur,OF,0.25,0.33764003941323606,,2021,bat,OF
sa918769,Bret Boswell,2B/3B,6.480000019073486,26.385678879171614,,2021,bat,2B/3B
sa828197,Ricardo Cespedes,OF,0.23999999463558197,0.33676998529117547,,2021,bat,OF
sa3010033,Jake Randa,OF,0.23999999463558197,0.37658997813705347,,2021,bat,OF
sa3005151,Kevin Watson Jr,OF,0.25,0.16000994900241491,,2021,bat,OF
sa3007052,Rafael Herrera,OF,0.23999999463558197,0.28801999436691395,,2021,bat,OF
sa1170495,Hill Alexander,OF,0.25,0.28194003214593977,,2021,bat,OF
sa3004620,Santis Sanchez,C/1B,0.25,0.2745300175389274,OAK,2021,bat,C/1B
sa3007640,Nicholas Northcut,1B/3B,0.25,0.25807001495268195,,2021,bat,1B/3B
sa3009886,Zach Ashford,OF,0.23999999463558197,0.3040500538656488,,2021,bat,OF
sa3005792,Wilson Valdez,3B,0.23999999463558197,0.2501799954567104,,2021,bat,3B
sa916997,Harvin Mendoza,1B,0.25,0.2788300045998766,,2021,bat,1B
sa923363,Saul Torres,C,0.25,0.058709983550943444,,2021,bat,C
sa3004505,Erik Ostberg,C/1B,0.25,0.334809994790703,,2021,bat,C/1B
sa3002699,Juan Herrera,3B,0.23999999463558197,0.25377995141316206,,2021,bat,3B
sa3003340,Jean Carmona,2B/3B/SS,0.25,0.20625003182794896,,2021,bat,2B/3B/SS
sa3009865,Clay Fisher,2B/SS,0.25,0.21517002689652145,BAL,2021,bat,2B/SS
sa3011224,Antoine Duplantis,OF,0.23999999463558197,0.2899399975081905,,2021,bat,OF
sa3005564,Jonathan Rodriguez,OF,0.23999999463558197,0.2325100008165463,,2021,bat,OF
sa3007026,Noah Vaughan,OF,0.25,0.2816099559655413,,2021,bat,OF
sa3005612,Reidy Mercado,OF,0.23999999463558197,0.22894996344111854,,2021,bat,OF
sa917198,Luis Avila,2B/SS,0.25,0.13396000745706255,,2021,bat,2B/SS
sa3002694,Julio Francisco,OF,0.25,0.26444995251949877,PHI,2021,bat,OF
sa3004150,Victor Ruiz,C/3B,0.23999999463558197,0.15806996717583385,,2021,bat,C/3B
sa3005542,Skeiling Rodriguez,OF,0.25,0.18504999130964273,,2021,bat,OF
sa3005934,Jose Rodriguez,OF,0.25,0.17909997887909404,DET,2021,bat,OF
sa3003347,Sebastian Espino,SS/OF,0.25,0.1545600289246067,,2021,bat,SS/OF
sa3006940,Matthew Jarecki,OF,0.25,0.2663299806881696,,2021,bat,OF
sa918512,Griffin Benson,1B,0.23999999463558197,0.42611004714854056,,2021,bat,1B
sa923122,Landerson Pena,OF,0.25,0.2665800231043248,,2021,bat,OF
sa3006885,Trent Deveaux,OF,0.25,0.12896997401257967,,2021,bat,OF
sa3003324,Jember Gutierrez,1B/3B,0.25,0.29486002831254154,,2021,bat,1B/3B
26151,Kyle Stowers,OF,0.25,0.3322000522050075,MIA,2021,bat,OF
sa917462,Alfredo Balbuena,2B/3B,0.25,0.32290004456881427,,2021,bat,2B/3B
sa876159,Bren Spillane,1B/OF,0.23999999463558197,0.3404199952143245,,2021,bat,1B/OF
sa3005505,Hector Vizcaino,SS,0.25,0.053469974338077035,,2021,bat,SS
sa917116,Raul Beracierta,OF,0.23999999463558197,0.26764000543626026,,2021,bat,OF
sa3005476,Fadriel Cruz,OF,0.23999999463558197,0.2698299473384395,,2021,bat,OF
22766,Steward Berroa,OF,0.25,0.2097899908083491,MIL,2021,bat,OF
sa3005503,Julio Enrique,OF,0.23999999463558197,0.11699999629054221,,2021,bat,OF
sa3007865,Mitchell Robinson,1B/3B,0.25,0.3218099838588387,,2021,bat,1B/3B
sa917178,Mc Gregory Contreras,OF,0.25,0.3461699509760365,,2021,bat,OF
sa3003192,Ranser Amador,SS/OF,0.23999999463558197,0.07524998403387138,,2021,bat,SS/OF
26477,Spencer Horwitz,1B,0.25,0.40830000888090573,PIT,2021,bat,1B
sa918527,Juan Carlos Abreu,OF,0.25,0.24042998489458114,,2021,bat,OF
sa3002860,Carlos Luis,1B/3B,0.23999999463558197,0.2736899750540032,,2021,bat,1B/3B
sa3007649,Alex Junior,OF,0.25,0.23642004614230244,,2021,bat,OF
sa3007324,Corbin Williams,OF,0.23999999463558197,0.21552996665704993,PHI,2021,bat,OF
sa3006193,Francisco Palma,OF,0.23999999463558197,0.4043700000969692,,2021,bat,OF
sa880736,Carlos Baez,SS,0.25,0.11296001693699503,,2021,bat,SS
sa872583,Julio Martinez,OF,0.25,0.24323998638428745,,2021,bat,OF
sa3005571,Federico Polanco,2B,0.23999999463558197,0.15812003426253793,,2021,bat,2B
sa917329,Ronny Brito,SS,0.25,0.19555996416602278,,2021,bat,SS
sa3002621,Caldioli Sanfler,OF,0.23999999463558197,0.33779000942595294,,2021,bat,OF
sa3004057,Nick Egnatuk,2B/3B,0.25,0.10821000237483526,,2021,bat,2B/3B
sa3003274,Luis Mieses,OF,0.25,0.17300000747200098,,2021,bat,OF
sa3006677,Jacson McGowan,1B,0.25,0.30011003273539244,,2021,bat,1B
sa3006907,Rhett Aplin,1B,0.25,0.30549996831687176,KCR,2021,bat,1B
sa3003297,Luis Montano,OF,0.23999999463558197,0.15131001451518383,,2021,bat,OF
sa3003268,Anderson Comás,OF,0.25,0.166729984479025,,2021,bat,OF
sa3008590,Nick Decker,OF,0.25,0.3495600045891479,,2021,bat,OF
sa3003277,Warling Vicente,OF,0.25,0.1827099876012653,,2021,bat,OF
sa875350,Tristan Graham,OF,0.25,0.23397998947184523,,2021,bat,OF
sa917083,Fabian Andrade,OF,0.25,0.22426996295107524,,2021,bat,OF
sa918444,Evan Alexander,OF,0.25,0.272470015916042,,2021,bat,OF
sa3005516,Dahiandy Johnson,OF,0.25,0.23546998045640066,,2021,bat,OF
sa917956,Cole Stobbe,3B,0.23999999463558197,0.4015500132925809,,2021,bat,3B
sa3006882,Jose Verrier,2B/3B/OF,0.25,0.08742998656816778,,2021,bat,2B/3B/OF
sa917161,Rafael Rincones,OF,0.25,0.22228998915525153,,2021,bat,OF
sa3004972,Imanol Vargas,1B,0.23999999463558197,0.2810799714643508,,2021,bat,1B
sa916735,Edwin Sano,2B/3B,0.25,0.2171099750092252,MIL,2021,bat,2B/3B
sa917465,Pedro Diaz,OF,0.25,0.22841000658227123,,2021,bat,OF
sa872804,Beicker Mendoza,1B/OF,0.25,0.30192005143035205,,2021,bat,1B/OF
sa3007630,Jon Littell,OF,0.25,0.22076000964734702,LAD,2021,bat,OF
sa3007039,Cesar Garcia,2B/OF,0.25,0.20842998090665782,ARI,2021,bat,2B/OF
sa3004689,Xavier LeGrant,1B/2B/3B,0.25,0.2827600677497685,,2021,bat,1B/2B/3B
sa917144,Yordi Francisco,OF,0.25,0.22207005941309027,,2021,bat,OF
sa3003175,Fidel Castro,OF,0.23999999463558197,0.2470200163079425,,2021,bat,OF
sa3003383,Yaniery Guzman,1B,0.25,0.3026600174373016,,2021,bat,1B
sa3003415,Jevi Hernandez,OF,0.25,0.21748000734951342,,2021,bat,OF
sa919974,Juan Carlos Smith,OF,0.25,0.22337003152351825,,2021,bat,OF
sa872842,Ronal Reynoso,SS,0.23999999463558197,0.13457002223003653,MIA,2021,bat,SS
sa872576,Starling Joseph,OF,0.25,0.2249699951265938,,2021,bat,OF
sa3008109,K.V. Edwards,OF,0.25,0.21997995639685536,,2021,bat,OF
sa3005604,Carlos Goris,OF,0.23999999463558197,0.22843002807348967,ARI,2021,bat,OF
sa3003287,Ismael Jaime,OF,0.25,0.2120299882022664,,2021,bat,OF
sa828284,Francis Martinez,1B/OF,0.25,0.2878999559674411,,2021,bat,1B/OF
sa872543,Johan Sala,OF,0.25,0.2018500294652767,,2021,bat,OF
sa3005740,Diowill Burgos,OF,0.23999999463558197,0.27451995853334654,,2021,bat,OF
sa3005629,Juan Batista,OF,0.23999999463558197,0.2259300341131165,,2021,bat,OF
sa3003334,Yolki Pena,OF,0.23999999463558197,0.35674001169390973,COL,2021,bat,OF
sa3004396,Jamori Blash,1B,0.23999999463558197,0.37699004616588344,WSN,2021,bat,1B
sa3003357,Moises Gonzalez,OF,0.25,0.20205996290314945,,2021,bat,OF
sa3003320,Carlos Soler,OF,0.25,0.20152997677214443,STL,2021,bat,OF
sa3005150,Kember Nacero,2B/SS,0.25,0.06576002585934475,KCR,2021,bat,2B/SS
sa3004612,Anthony Peroni,C/1B,0.25,0.2654400037718005,,2021,bat,C/1B
sa3004135,Gavin Garay,1B,0.25,0.28226002372102815,,2021,bat,1B
sa872525,Ranfy Adon,OF,0.23999999463558197,0.2269000188913196,,2021,bat,OF
sa3003235,Juan De La Rosa,OF,0.25,0.2036899820668622,,2021,bat,OF
sa872566,Miguel Flames,1B,0.25,0.27472001651767636,,2021,bat,1B
sa917291,Yeuris Ramirez,3B,0.25,0.24630003051133817,,2021,bat,3B
sa3004815,Jake Holmes,3B,0.23999999463558197,0.3520800371654331,PHI,2021,bat,3B
sa872783,Cristopher Cespedes,OF,0.25,0.2756400509853847,,2021,bat,OF
sa3003275,Jhon Sandoval,OF,0.25,0.1087699939962476,,2021,bat,OF
sa3008297,Jaylen Palmer,3B/OF,0.23999999463558197,0.0804399672662839,CHC,2021,bat,3B/OF
sa3007292,Albee Weiss,1B/OF,0.25,0.28017999972216784,MIN,2021,bat,1B/OF
sa3003206,Jhoander Saez,OF,0.25,0.18665997033240267,NYM,2021,bat,OF
sa921439,Diomedes Del Rio,OF,0.25,0.18870998728089025,STL,2021,bat,OF
sa3003413,Freddvil Chevez,1B,0.25,0.2691599909332581,,2021,bat,1B
sa3008562,Trey Jacobs,1B/3B,0.25,0.26519003449939194,COL,2021,bat,1B/3B
25575,Kyle McCann,C,0.25,0.18561998151708387,COL,2021,bat,C
sa3003382,Bryan Santos,1B/OF,0.25,0.2503400398883968,,2021,bat,1B/OF
sa879801,Sandy Mota,3B,0.25,0.19095001325476907,,2021,bat,3B
22542,Lawrence Butler,OF,0.25,0.17699000921566035,OAK,2021,bat,OF
sa3003308,Christian Valerio,2B/SS,0.23999999463558197,0.14183997550280764,,2021,bat,2B/SS
sa3005779,Jandel Paulino,OF,0.23999999463558197,0.23316001464845612,,2021,bat,OF
sa3006874,Ian Evans,1B,0.25,0.3219199477229267,BAL,2021,bat,1B
sa3004278,Mason House,OF,0.25,0.184169999032747,,2021,bat,OF
sa828287,Josue Herrera,1B/3B,0.25,0.2566899802419356,,2021,bat,1B/3B
sa3005181,D.J. Stewart,1B/3B,0.23999999463558197,0.2751899880822748,PHI,2021,bat,1B/3B
sa872565,Juan De Leon,OF,0.25,0.22609995629172766,NYY,2021,bat,OF
sa3005783,Claudio Ramirez,OF,0.25,0.17270000267308205,,2021,bat,OF
sa873350,Jose Tello,C/1B,0.23999999463558197,0.2688800166593864,,2021,bat,C/1B
sa916710,Iraj Serrano,1B/OF,0.25,0.2326000143657438,,2021,bat,1B/OF
sa3009867,Joe Genord,1B,0.23999999463558197,0.28146002017892896,,2021,bat,1B
sa3007313,Adrian Ramos,OF,0.25,0.26161002232693126,TOR,2021,bat,OF
sa3010600,Rudy Rott,1B,0.23999999463558197,0.33830001712776714,,2021,bat,1B
sa873204,Nelson B Alvarez,1B,0.25,0.24399998198496176,,2021,bat,1B
sa3003173,Ernesto Martinez Jr.,1B,0.23999999463558197,0.1960900172358379,NYY,2021,bat,1B
sa3005717,Julio Machado,2B/3B,0.25,0.2322800211142748,,2021,bat,2B/3B
sa917009,Luis Laurencio,1B,0.25,0.16579993343912064,DET,2021,bat,1B
sa3005614,Darwin Baez,C/1B,0.23999999463558197,0.19240997844608496,,2021,bat,C/1B
sa3011414,Andrew Daschbach,1B,0.25,0.32087999301729714,,2021,bat,1B
sa3002844,Derian Perez,OF,0.25,0.1738200120860711,,2021,bat,OF
sa3005490,Jose Reyes,OF,0.25,0.1674799951026216,,2021,bat,OF
sa3003280,Diego Infante,OF,0.25,0.17399999928893514,,2021,bat,OF
sa3010591,Hunter Hearn,OF,0.23999999463558197,0.2760300326044671,,2021,bat,OF
sa3007520,Nick Patten,1B,0.25,0.25010995913762596,PIT,2021,bat,1B
sa3003252,Nicolas Febres,1B,0.25,0.23613000392215328,,2021,bat,1B
sa3005544,Neyfy Castillo,OF,0.23999999463558197,0.1906400013016536,,2021,bat,OF
sa3003205,Freddy De Jesus,1B,0.25,0.24851998898666353,,2021,bat,1B
sa3004042,Cash Case,2B/OF,0.25,0.1554900223389267,,2021,bat,2B/OF
sa3004293,Tyler James,2B/OF,0.25,0.15653001233004035,KCR,2021,bat,2B/OF
sa3003365,Omar Lebron,1B,0.25,0.2423699992941693,,2021,bat,1B
sa3005240,Walking Cabrera,OF,0.23999999463558197,0.32300001233816145,,2021,bat,OF
sa917128,Keudy Bocio,2B/OF,0.23999999463558197,0.246920041530393,PHI,2021,bat,2B/OF
sa3003385,Junior Melo,C/1B,0.23999999463558197,0.2518600091570987,,2021,bat,C/1B
sa3004389,Jason Pineda,1B,0.25,0.23387998177204275,,2021,bat,1B
22253,Sean Reynolds,P,0.23999999463558197,0.29476999309845264,,2021,bat,P
sa916736,Bryan Connell,OF,0.25,0.16886007029097527,CHW,2021,bat,OF
sa3008190,Juan Paulino,C/1B,0.25,0.1995599660556763,,2021,bat,C/1B
sa918366,Kobie Taylor,OF,0.25,0.16720994324423372,,2021,bat,OF
sa3007024,Jess Williams,3B/OF,0.25,0.15844001716468478,MIL,2021,bat,3B/OF
sa3005560,Xionel Garcia,OF,0.25,0.16105005659628652,,2021,bat,OF
sa3005600,Antonio Cabello,OF,0.25,0.2021800103364512,,2021,bat,OF
sa3002630,Francisco Martinez,OF,0.25,0.15899996680673212,,2021,bat,OF
sa874814,Carlos Tatis,1B,0.25,0.23111998046515508,NYY,2021,bat,1B
sa3003397,Albert Hinirio,OF,0.25,0.15064003580482674,,2021,bat,OF
sa3005535,Nelfy Abreu,OF,0.25,0.24853006030898533,,2021,bat,OF
sa3004161,Sam Abbott,1B,0.25,0.14856999407056717,,2021,bat,1B
sa3003203,Pablo Gomez,2B,0.25,0.20809001005254676,,2021,bat,2B
sa917108,Johampher Arrendoll,OF,0.25,0.14083000411046667,,2021,bat,OF
sa917787,Yunior Martinez,OF,0.25,0.14571005289908495,TBR,2021,bat,OF
sa917183,David Sanchez,P/OF,0.23999999463558197,0.16749003331642595,,2021,bat,P/OF
sa874992,Zeek White,OF,0.25,0.13584005626616996,,2021,bat,OF
sa828387,Juan Montes,OF,0.25,0.20262004601536313,,2021,bat,OF
sa3002871,Elian Gonzalez,1B/SS,0.25,0.20099999736994498,,2021,bat,1B/SS
sa917299,Cristopher Pujols,1B/3B,0.25,0.20486996632535,NYM,2021,bat,1B/3B
sa3005801,Giuseppe Peguero,OF,0.25,0.13543998479144645,,2021,bat,OF
sa3003427,Edidson Rojas,2B/SS,0.25,0.19317003528121848,,2021,bat,2B/SS
sa3005611,Stir Candelario,OF,0.25,0.13329997108085073,,2021,bat,OF
sa917191,Cristian Gomez,1B/OF,0.25,0.20015003446023902,,2021,bat,1B/OF
sa3009874,Trevor Schwecke,OF,0.25,0.289849997148849,,2021,bat,OF
sa872731,Ismaldo Rodriguez,1B/OF,0.25,0.1369499618886039,KCR,2021,bat,1B/OF
sa3003350,Kenneth Betancourt,2B/3B,0.23999999463558197,0.1643999595660716,,2021,bat,2B/3B
sa3005508,Ricardo Castro,OF,0.25,0.19057001438923174,,2021,bat,OF
sa3006734,Cash Gladfelter,1B/3B,0.25,0.1932899793493561,,2021,bat,1B/3B
sa3004967,Adalberto Carrillo,C/1B,0.23999999463558197,0.2704899581382051,,2021,bat,C/1B
sa3010336,Trevor Boone,OF,0.23999999463558197,0.28069999413564795,,2021,bat,OF
sa914315,Cristian Olivo,OF,0.25,0.12472999085439361,CIN,2021,bat,OF
sa3005475,Luis Yan,1B/OF,0.23999999463558197,0.1690400026272982,,2021,bat,1B/OF
sa3003187,Robert Javier,OF,0.25,0.14606001925421877,NYY,2021,bat,OF
sa3002695,Rafael Jimenez,1B/OF,0.25,0.18120002297218885,,2021,bat,1B/OF
sa3005780,Jefferson Encarnacion,OF,0.23999999463558197,0.19889001918490976,,2021,bat,OF
sa883288,Anderson Bohorquez,1B/OF,0.25,0.17305994305061173,,2021,bat,1B/OF
sa919908,Christopher Quintin,2B/SS,0.25,0.08260003597242754,,2021,bat,2B/SS
sa3008298,Leonardo Seminati,1B,0.23999999463558197,0.18570997639326375,CIN,2021,bat,1B
sa3002698,Raymond Mora,OF,0.23999999463558197,0.22839005768764759,,2021,bat,OF
sa3005239,Danny Lantigua,OF,0.23999999463558197,0.10968002043664456,,2021,bat,OF
sa918092,D.J. Daniels,OF,0.25,0.07680999706499278,TOR,2021,bat,OF
sa917133,Raffy Ozuna,3B/SS,0.25,0.12309003111440689,STL,2021,bat,3B/SS
sa3005037,PK Morris,1B,0.25,0.216449970449321,,2021,bat,1B
sa3007507,David Clawson,1B,0.25,0.132619964692276,,2021,bat,1B
sa3007082,Gio Dingcong,1B,0.25,0.1256900653708726,,2021,bat,1B
sa3006659,Joe Robbins,1B/3B/OF,0.25,0.10183001415571193,,2021,bat,1B/3B/OF
sa3005577,Josue Cruz,1B/OF,0.25,0.16886004728730766,,2021,bat,1B/OF
sa3005020,Oscar Olivares,1B/3B,0.25,0.1641900650691241,BAL,2021,bat,1B/3B
sa3006672,Reese Berberet,1B/3B,0.23999999463558197,0.1514099646126851,COL,2021,bat,1B/3B
20505,Drew Waters,OF,11.34000015258789,47.44127015173435,KCR,2021,bat,OF
19872,Greg Deichmann,OF,3.240000009536743,10.161060099303723,,2021,bat,OF
5227,Jon Jay,OF,4.860000133514404,17.298631269484755,,2021,bat,OF
11400,Ronald Torreyes,2B/3B/SS,11.34000015258789,39.25750741809606,,2021,bat,2B/3B/SS
3256,Welington Castillo,C,10.550000190734863,40.682000076025716,WSN,2021,bat,C
17216,Monte Harrison,OF,3.9200000762939453,13.371100003272293,,2021,bat,OF
16041,Stevie Wilkerson,2B/OF,3.240000009536743,9.86007017493248,,2021,bat,2B/OF
8202,Josh Harrison,2B/3B,63.08000183105469,246.78570073246954,,2021,bat,2B/3B
19818,Joshua Palacios,OF,11.34000015258789,42.239451272785665,,2021,bat,OF
5409,Pablo Sandoval,3B,13.279999732971191,60.087652160972354,,2021,bat,3B
5751,Hernán Pérez,2B/3B/OF,14.319999694824219,53.51586378514767,,2021,bat,2B/3B/OF
9393,Matt Adams,1B,12.960000038146973,56.63592026680708,,2021,bat,1B
6547,Jordy Mercer,SS,17.559999465942383,59.990469945967185,,2021,bat,SS
18365,Lewin Díaz,1B,12.699999809265137,53.3074815928936,,2021,bat,1B
17452,Jose Siri,OF,11.34000015258789,35.64394900053739,LAA,2021,bat,OF
21987,Rodolfo Castro,2B/SS,6.480000019073486,16.06153022572398,,2021,bat,2B/SS
19710,Ronnie Dawson,DH,6.480000019073486,20.02626076266169,,2021,bat,DH
8418,Ehire Adrianza,3B/SS,44.31999969482422,165.5165532529354,,2021,bat,3B/SS
20220,Jo Adell,OF,55.08000183105469,209.76010492146014,LAA,2021,bat,OF
26368,JJ Bleday,OF,3.240000009536743,8.52467956803739,CIN,2021,bat,OF
18721,Guillermo Heredia,OF,7.579999923706055,27.410538800805803,,2021,bat,OF
8553,Gerardo Parra,OF,11.34000015258789,41.15625119134784,,2021,bat,OF
15694,Chance Sisco,C,67.91000366210938,272.10072924792763,,2021,bat,C
18171,Seth Brown,1B/OF,17.81999969482422,61.088580709695805,NYY,2021,bat,1B/OF
17932,Andrew Stevenson,OF,45.68000030517578,180.21924231052392,,2021,bat,OF
sa738683,Michael Reed,OF,11.34000015258789,31.892389442026616,,2021,bat,OF
13546,Roman Quinn,OF,45.52000045776367,166.8860688328743,COL,2021,bat,OF
5384,Juan Lagares,OF,25.920000076293945,80.25099172890185,,2021,bat,OF
1177,Albert Pujols,1B,89.0999984741211,398.93319005370137,,2021,bat,1B
17736,Richie Martin,SS,21.059999465942383,61.855260270833966,TEX,2021,bat,SS
17023,Magneuris Sierra,OF,12.859999656677246,41.35324032306671,,2021,bat,OF
17273,Jorge Mateo,SS,12.859999656677246,40.10804061591624,ATL,2021,bat,SS
10322,Danny Santana,OF,14.579999923706055,61.636980786919594,,2021,bat,OF
13110,Yoenis Cespedes,OF,53.459999084472656,229.54995063543316,,2021,bat,OF
5631,Matt Kemp,OF,35.63999938964844,149.19355709850788,,2021,bat,OF
19346,Eli White,OF,50.220001220703125,165.0173161268234,ATL,2021,bat,OF
19956,Mickey Moniak,OF,15.680000305175781,54.785808616876594,COL,2021,bat,OF
10030,Chris Owings,2B/SS,23.780000686645508,85.3526058882475,,2021,bat,2B/SS
22871,Tucupita Marcano,2B/SS/OF,12.699999809265137,25.814041738212104,SDP,2021,bat,2B/SS/OF
14352,Lewis Brinson,OF,42.959999084472656,151.20127716064454,,2021,bat,OF
19287,Adolis García,OF,25.920000076293945,86.89867836236954,PHI,2021,bat,OF
9952,Trayce Thompson,OF,19.860000610351562,57.60637035369872,,2021,bat,OF
21614,Kyle Isbel,OF,45.36000061035156,122.96514162421225,KCR,2021,bat,OF
22168,Akil Baddoo,OF,55.08000183105469,146.9527566552162,MIL,2021,bat,OF
26299,Josh Jung,3B,46.97999954223633,106.8932848483324,TEX,2021,bat,3B
9272,Chris Davis,1B,29.15999984741211,88.56888352185487,,2021,bat,1B
16885,Joshua Fuentes,1B/3B,95.9000015258789,379.71620715856545,,2021,bat,1B/3B
26197,Andrew Vaughn,1B/OF,124.73999786376953,417.48150594234454,MIL,2021,bat,1B/OF
