playerid,PlayerName,G,GS,IP,SV,HLD,FPTS,Team,season,stats,role
22267,Tarik Skubal,32.0,32.0,199.765,0.0,0.0,1153.6,DET,2026,pit,SP
33677,Paul Skenes,32.0,32.0,193.982,0.0,0.0,1100.4,PIT,2026,pit,SP
27463,Garrett Crochet,32.0,32.0,192.855,0.0,0.0,1093.7,BOS,2026,pit,SP
20778,Cristopher Sánchez,32.0,32.0,198.055,0.0,0.0,976.0,PHI,2026,pit,SP
10603,Chris Sale,27.54,27.54,168.535,0.0,0.0,918.2,ATL,2026,pit,SP
17995,Logan Webb,32.0,32.0,199.392,0.0,0.0,974.1000000000003,SFG,2026,pit,SP
21846,Cole Ragans,29.16,29.16,172.018,0.0,0.0,893.0999999999999,KCR,2026,pit,SP
10954,Jacob deGrom,29.16,29.16,174.797,0.0,0.0,875.5999999999999,TEX,2026,pit,SP
12768,Sonny Gray,30.78,30.78,181.357,0.0,0.0,854.5000000000001,BOS,2026,pit,SP
18525,Dylan Cease,30.78,30.78,177.809,0.0,0.0,876.5000000000001,TOR,2026,pit,SP
17295,Framber Valdez,30.78,30.78,190.384,0.0,0.0,883.2,DET,2026,pit,SP
10310,Zack Wheeler,25.92,25.92,154.827,0.0,0.0,808.1999999999999,PHI,2026,pit,SP
13743,Max Fried,30.78,30.78,189.434,0.0,0.0,884.3000000000001,NYY,2026,pit,SP
25880,Hunter Brown,30.78,30.78,184.176,0.0,0.0,870.3000000000002,HOU,2026,pit,SP
19959,Jesús Luzardo,30.78,30.78,180.975,0.0,0.0,850.1,PHI,2026,pit,SP
33825,Yoshinobu Yamamoto,25.92,25.92,154.428,0.0,0.0,739.1000000000003,LAD,2026,pit,SP
9132,Nathan Eovaldi,29.16,29.16,174.547,0.0,0.0,795.7,TEX,2026,pit,SP
21390,Joe Ryan,29.16,29.16,172.8,0.0,0.0,797.7,MIN,2026,pit,SP
30279,Bryan Woo,32.0,32.0,195.095,0.0,0.0,901.6,SEA,2026,pit,SP
17277,Ranger Suarez,29.16,29.16,171.504,0.0,0.0,750.3999999999999,BOS,2026,pit,SP
25385,Drew Rasmussen,30.78,30.78,171.003,0.0,0.0,774.3000000000001,TBR,2026,pit,SP
21483,Shane McClanahan,24.3,24.3,142.175,0.0,0.0,712.2,TBR,2026,pit,SP
22250,Logan Gilbert,29.16,29.16,166.486,0.0,0.0,824.7000000000002,SEA,2026,pit,SP
25436,George Kirby,30.78,30.78,178.218,0.0,0.0,839.9999999999999,SEA,2026,pit,SP
16162,Brandon Woodruff,27.54,27.54,167.715,0.0,0.0,748.4,MIL,2026,pit,SP
22100,José Soriano,30.78,30.78,177.273,0.0,0.0,763.9,LAA,2026,pit,SP
16149,Aaron Nola,30.78,30.78,180.677,0.0,0.0,758.2000000000002,PHI,2026,pit,SP
14107,Kevin Gausman,30.78,30.78,185.401,0.0,0.0,788.9,TOR,2026,pit,SP
19853,Michael King,29.16,29.16,166.513,0.0,0.0,726.1999999999998,SDP,2026,pit,SP
14374,Tyler Glasnow,24.3,24.3,138.55,0.0,0.0,686.6000000000001,LAD,2026,pit,SP
24586,Kyle Bradish,25.92,25.92,145.078,0.0,0.0,668.5,BAL,2026,pit,SP
22182,Hunter Greene,25.92,25.92,146.766,0.0,0.0,663.5,CIN,2026,pit,SP
13543,Blake Snell,24.3,24.3,141.694,0.0,0.0,702.4,LAD,2026,pit,SP
18679,Freddy Peralta,29.16,29.16,168.291,0.0,0.0,758.1999999999999,NYM,2026,pit,SP
22201,MacKenzie Gore,29.16,29.16,161.264,0.0,0.0,726.9000000000001,TEX,2026,pit,SP
27498,Spencer Strider,27.54,27.54,160.846,0.0,0.0,750.7000000000002,ATL,2026,pit,SP
15454,Nick Pivetta,29.16,29.16,174.053,0.0,0.0,759.5,SDP,2026,pit,SP
27768,Eury Pérez,27.54,27.54,154.035,0.0,0.0,683.0,MIA,2026,pit,SP
17479,Jack Flaherty,29.16,29.16,163.146,0.0,0.0,722.5000000000001,DET,2026,pit,SP
20633,Yusei Kikuchi,30.78,30.78,177.726,0.0,0.0,725.8000000000001,LAA,2026,pit,SP
19755,Shohei Ohtani,22.68,22.68,116.914,0.0,0.0,575.5000000000002,LAD,2026,pit,SP
26221,Ryan Pepiot,30.78,30.78,174.756,0.0,0.0,737.3,TBR,2026,pit,SP
18684,Sandy Alcantara,30.78,30.78,186.581,0.0,0.0,743.1999999999998,MIA,2026,pit,SP
35333,Chase Burns,29.06,21.06,123.1,0.0,0.6505,575.3,CIN,2026,pit,SP
26378,Nick Lodolo,27.54,27.54,157.14,0.0,0.0,642.5000000000001,CIN,2026,pit,SP
29839,Emmet Sheehan,42.3,24.3,151.594,0.0,0.7767,665.0999999999999,LAD,2026,pit,SP
15689,Luis Castillo,30.78,30.78,181.473,0.0,0.0,757.3000000000001,SEA,2026,pit,SP
12970,Joe Musgrove,27.54,27.54,158.921,0.0,0.0,657.2,SDP,2026,pit,SP
25377,Brady Singer,30.78,30.78,178.185,0.0,0.0,650.6999999999999,CIN,2026,pit,SP
30134,Tanner Bibee,30.78,30.78,182.086,0.0,0.0,724.0,CLE,2026,pit,SP
16137,Carlos Rodón,27.54,27.54,161.648,0.0,0.0,696.1000000000001,NYY,2026,pit,SP
24492,Grayson Rodriguez,22.68,22.68,128.892,0.0,0.0,566.3,LAA,2026,pit,SP
17594,Mitch Keller,30.78,30.78,179.816,0.0,0.0,690.8999999999999,PIT,2026,pit,SP
15440,Matthew Boyd,29.16,29.16,173.75,0.0,0.0,701.0000000000001,CHC,2026,pit,SP
21455,Kris Bubic,34.3,24.3,149.332,0.0,0.666,624.4000000000001,KCR,2026,pit,SP
11156,Merrill Kelly,27.54,27.54,160.512,0.0,0.0,661.8000000000001,ARI,2026,pit,SP
20302,David Peterson,29.16,29.16,169.662,0.0,0.0,706.1000000000001,NYM,2026,pit,SP
19291,Zac Gallen,30.78,30.78,183.879,0.0,0.0,748.1000000000003,ARI,2026,pit,SP
20492,Casey Mize,27.54,27.54,150.592,0.0,0.0,609.0000000000001,DET,2026,pit,SP
35456,Trey Yesavage,36.68,22.68,145.861,0.0,0.6524,682.3000000000001,TOR,2026,pit,SP
21844,Braxton Garrett,30.68,22.68,135.036,0.0,0.6387,568.2,MIA,2026,pit,SP
27473,Cade Cavalli,25.92,25.92,151.72,0.0,0.0,599.6999999999999,WSN,2026,pit,SP
17920,Cody Ponce,47.44,19.44,138.808,0.0,0.6524,614.7,TOR,2026,pit,RP
29911,Andrew Abbott,29.16,29.16,170.317,0.0,0.0,586.2,CIN,2026,pit,SP
33703,Nolan McLean,25.92,25.92,149.04,0.0,0.0,645.9000000000001,NYM,2026,pit,SP
13361,Steven Matz,36.68,22.68,139.556,0.0,0.6597,560.8,TBR,2026,pit,SP
19427,Shane Bieber,31.44,19.44,123.834,0.0,0.6524,553.4999999999999,TOR,2026,pit,SP
21224,Bailey Ober,27.54,27.54,159.594,0.0,0.0,590.9,MIN,2026,pit,SP
13125,Gerrit Cole,22.68,22.68,134.18,0.0,0.0,567.8,NYY,2026,pit,SP
30122,Gavin Williams,30.78,30.78,177.33,0.0,0.0,719.1000000000001,CLE,2026,pit,SP
12304,Chris Bassitt,39.16,29.16,181.374,0.0,0.6582,679.9000000000001,BAL,2026,pit,SP
27468,Reid Detmers,34.3,24.3,148.721,0.0,0.6222,631.6000000000001,LAA,2026,pit,SP
14078,Michael Wacha,29.16,29.16,170.047,0.0,0.0,582.6,KCR,2026,pit,SP
33829,Shota Imanaga,25.92,25.92,152.374,0.0,0.0,580.0,CHC,2026,pit,SP
21690,Edward Cabrera,25.92,25.92,139.701,0.0,0.0,620.2,CHC,2026,pit,SP
22286,Trevor Rogers,25.92,25.92,149.479,0.0,0.0,562.3000000000001,BAL,2026,pit,SP
27474,Max Meyer,34.3,24.3,149.11,0.0,0.6387,605.3000000000001,MIA,2026,pit,SP
13649,Clay Holmes,27.54,27.54,153.997,0.0,0.0,619.8000000000001,NYM,2026,pit,SP
16400,Reynaldo López,36.3,24.3,152.047,0.0,0.6487,659.3,ATL,2026,pit,SP
29868,Bubba Chandler,37.92,25.92,162.414,0.0,0.6584,613.7,PIT,2026,pit,SP
27782,Brandon Pfaadt,29.16,29.16,166.547,0.0,0.0,652.1000000000001,ARI,2026,pit,SP
22264,Shane Baz,27.54,27.54,158.884,0.0,0.0,612.9000000000001,BAL,2026,pit,SP
23920,Brayan Bello,27.54,27.54,156.091,0.0,0.0,577.6000000000001,BOS,2026,pit,SP
31687,Shane Smith,29.16,29.16,168.339,0.0,0.0,609.8,CHW,2026,pit,SP
15890,Luis Severino,29.16,29.16,172.823,0.0,0.0,593.9000000000001,ATH,2026,pit,SP
16432,Foster Griffin,34.44,19.44,125.808,0.0,0.6461,518.9000000000001,WSN,2026,pit,SP
17677,Jeffrey Springs,29.16,29.16,166.053,0.0,0.0,554.0000000000001,ATH,2026,pit,SP
sa3062955,Tatsuya Imai,25.92,25.92,152.928,0.0,0.0,579.2,HOU,2026,pit,SP
12447,Seth Lugo,27.54,27.54,161.288,0.0,0.0,570.3000000000002,KCR,2026,pit,SP
27863,Jared Jones,23.82,17.82,106.921,0.0,0.6584,486.7000000000001,PIT,2026,pit,SP
23793,Braxton Ashcraft,46.68,22.68,147.481,0.0,0.6584,585.8999999999999,PIT,2026,pit,RP
22543,Taj Bradley,32.68,22.68,134.534,0.0,0.6401,539.9,MIN,2026,pit,SP
31827,Zebby Matthews,33.44,19.44,118.807,0.0,0.6401,493.89999999999986,MIN,2026,pit,SP
8700,Justin Verlander,25.92,25.92,143.292,0.0,0.0,520.7,DET,2026,pit,SP
11486,Robbie Ray,30.78,30.78,179.798,0.0,0.0,726.0,SFG,2026,pit,SP
24728,Mike Burrows,34.3,24.3,139.597,0.0,0.6557,555.6,HOU,2026,pit,SP
25977,Quinn Priester,25.92,25.92,147.317,0.0,0.0,545.4,MIL,2026,pit,SP
15873,Sean Manaea,43.06,21.06,136.065,0.0,0.7168,583.5,NYM,2026,pit,RP
11674,Jameson Taillon,27.54,27.54,161.456,0.0,0.0,549.6000000000001,CHC,2026,pit,SP
32095,Cam Schlittler,22.68,22.68,126.418,0.0,0.0,511.40000000000015,NYY,2026,pit,SP
19716,Dustin May,37.92,25.92,163.221,0.0,0.6733,631.1000000000001,STL,2026,pit,SP
30146,Jack Leiter,27.54,27.54,149.683,0.0,0.0,550.2,TEX,2026,pit,SP
30184,Noah Cameron,25.92,25.92,148.366,0.0,0.0,532.6,KCR,2026,pit,SP
20387,Anthony Kay,35.06,21.06,134.042,0.0,0.5829,486.99999999999994,CHW,2026,pit,SP
26253,Ryne Nelson,37.54,27.54,163.823,0.0,0.6573,620.6,ARI,2026,pit,SP
31846,Spencer Schwellenbach,14.58,14.58,86.5096,0.0,0.0,404.00000000000006,ATL,2026,pit,SP
13164,Eduardo Rodriguez,30.68,22.68,133.511,0.0,0.6573,513.8,ARI,2026,pit,SP
31757,Mason Miller,66.0,0.0,66.0,31.601,1.9898,605.0000000000001,SDP,2026,pit,RP
16256,Kyle Freeland,29.16,29.16,167.643,0.0,0.0,486.6,COL,2026,pit,SP
13774,Zach Eflin,35.3,24.3,147.79,0.0,0.6582,535.9000000000001,BAL,2026,pit,SP
31623,Jacob Misiorowski,32.3,24.3,139.252,0.0,0.6166,578.6000000000001,MIL,2026,pit,SP
31475,Logan Henderson,39.82,17.82,122.321,0.0,0.6166,495.70000000000016,MIL,2026,pit,RP
35323,Roki Sasaki,37.82,17.82,117.392,0.0,0.7767,465.9000000000002,LAD,2026,pit,RP
25098,Jacob Lopez,22.68,22.68,124.034,0.0,0.0,458.89999999999986,ATH,2026,pit,SP
31838,Kodai Senga,35.44,19.44,123.466,0.0,0.7168,517.5,NYM,2026,pit,SP
30182,Will Warren,43.06,21.06,133.902,0.0,0.6905,550.0,NYY,2026,pit,RP
15823,Zack Littell,24.3,24.3,144.355,0.0,0.0,476.4000000000001,,2026,pit,SP
23335,Joey Cantillo,54.06,21.06,148.827,0.0,0.6803,618.5000000000001,CLE,2026,pit,RP
29837,Bryce Miller,25.92,25.92,143.442,0.0,0.0,536.2,SEA,2026,pit,SP
16358,Tyler Mahle,25.92,25.92,147.981,0.0,0.0,572.4000000000001,SFG,2026,pit,SP
23796,Ryan Weathers,37.44,19.44,124.313,0.0,0.6905,516.4999999999999,NYY,2026,pit,SP
24494,Simeon Woods Richardson,32.3,24.3,139.042,0.0,0.6401,488.9000000000002,MIN,2026,pit,SP
12730,Nick Martinez,47.06,21.06,144.26,0.0,0.6597,514.3000000000002,TBR,2026,pit,RP
31986,Parker Messick,22.68,22.68,129.165,0.0,0.0,507.59999999999997,CLE,2026,pit,SP
29869,Michael McGreevy,32.68,22.68,139.373,0.0,0.6733,521.4000000000002,STL,2026,pit,SP
21448,Davis Martin,27.54,27.54,159.071,0.0,0.0,506.2000000000001,CHW,2026,pit,SP
30113,Chad Patrick,25.92,25.92,147.977,0.0,0.0,519.3000000000001,MIL,2026,pit,SP
17312,Justin Steele,14.58,14.58,82.9657,0.0,0.0,368.40000000000003,CHC,2026,pit,SP
22294,Matthew Liberatore,27.54,27.54,157.409,0.0,0.0,573.5,STL,2026,pit,SP
26108,Andre Pallante,24.3,24.3,136.298,0.0,0.0,485.5000000000001,STL,2026,pit,SP
14168,José Berríos,51.44,19.44,142.763,0.0,0.6524,532.5000000000001,TOR,2026,pit,RP
19479,Aaron Civale,24.3,24.3,133.718,0.0,0.0,448.1999999999999,ATH,2026,pit,SP
33927,Grant Taylor,80.24,3.24,94.7429,4.855,14.9137,557.6,CHW,2026,pit,RP
31843,Kumar Rocker,42.2,16.2,113.033,0.0,0.6589,461.8,TEX,2026,pit,RP
22487,Johan Oviedo,42.58,14.58,107.997,0.0,0.6763,426.2,BOS,2026,pit,RP
31872,Cade Horton,24.3,24.3,134.044,0.0,0.0,495.6999999999999,CHC,2026,pit,SP
21029,Jhoan Duran,70.0,0.0,70.0,28.61,3.0842,555.9,PHI,2026,pit,RP
19447,Patrick Sandoval,51.72,9.72,95.726,0.0,0.6763,426.4000000000001,BOS,2026,pit,RP
3137,Max Scherzer,36.2,16.2,108.498,0.0,0.6524,435.6000000000001,TOR,2026,pit,RP
14120,Lance McCullers Jr.,33.44,19.44,116.459,0.0,0.6557,428.1000000000001,HOU,2026,pit,SP
20253,Griffin Jax,68.0,0.0,68.0,11.831,9.9415,492.0000000000001,TBR,2026,pit,RP
9803,Miles Mikolas,25.92,25.92,147.404,0.0,0.0,454.7999999999999,WSN,2026,pit,SP
16944,Grant Holmes,35.44,19.44,124.15,0.0,0.6487,498.19999999999993,ATL,2026,pit,SP
31972,Brad Lord,39.68,22.68,143.085,0.0,0.6461,510.20000000000005,WSN,2026,pit,SP
27500,Slade Cecconi,27.54,27.54,157.398,0.0,0.0,535.6,CLE,2026,pit,SP
14710,Edwin Díaz,66.0,0.0,66.0,35.779,2.9576,570.5000000000001,LAD,2026,pit,RP
sa3020707,Robby Snelling,16.2,16.2,92.34,0.0,0.0,350.3,MIA,2026,pit,SP
30076,Landen Roupp,30.68,22.68,129.902,0.0,0.6625,525.9,SFG,2026,pit,SP
20099,Chris Paddack,39.06,21.06,132.938,0.0,0.6387,455.30000000000007,MIA,2026,pit,SP
14843,Michael Lorenzen,25.92,25.92,148.909,0.0,0.0,419.90000000000015,COL,2026,pit,SP
12718,Adrian Houser,25.92,25.92,147.313,0.0,0.0,513.8999999999999,SFG,2026,pit,SP
19350,Dean Kremer,40.06,21.06,137.152,0.0,0.6582,481.60000000000014,BAL,2026,pit,SP
27867,Cade Smith,70.0,0.0,70.0,29.937,3.297,551.9,CLE,2026,pit,RP
11423,Jose Quintana,25.92,25.92,147.773,0.0,0.0,376.30000000000007,COL,2026,pit,SP
27779,Bryce Elder,27.06,21.06,124.097,0.0,0.6487,442.99999999999994,ATL,2026,pit,SP
27889,J.T. Ginn,35.72,9.72,78.4178,0.0,0.6384,326.9,ATH,2026,pit,RP
22210,Jeremiah Estrada,70.0,0.0,70.0,0.0,14.9643,432.8,SDP,2026,pit,RP
10233,Aroldis Chapman,62.0,0.0,62.0,31.078,1.9351,513.0,BOS,2026,pit,RP
33174,Hunter Barco,45.34,11.34,98.638,0.0,0.6584,397.29999999999995,PIT,2026,pit,RP
32227,Luis Morales,33.44,19.44,122.969,0.0,0.6384,424.6000000000001,ATH,2026,pit,SP
15474,Lucas Giolito,22.68,22.68,132.897,0.0,0.0,451.1000000000001,,2026,pit,SP
27932,Ian Seymour,42.96,12.96,103.055,0.0,0.6597,417.50000000000006,TBR,2026,pit,RP
18383,Michael Soroka,52.34,11.34,102.289,2.26,0.6179,450.6,ARI,2026,pit,RP
16609,Bryan Abreu,68.0,0.0,68.0,5.352,12.5359,441.90000000000003,HOU,2026,pit,RP
33876,Rhett Lowder,32.2,16.2,107.674,0.0,0.6505,364.2000000000001,CIN,2026,pit,SP
29878,Sean Burke,25.92,25.92,142.05,0.0,0.0,449.9,CHW,2026,pit,SP
27589,Logan Allen,29.06,21.06,122.88,0.0,0.6803,403.6000000000001,CLE,2026,pit,SP
29608,Joe Boyle,29.34,11.34,78.3426,0.0,0.6597,352.20000000000005,TBR,2026,pit,RP
17606,Cristian Javier,27.54,27.54,157.49,0.0,0.0,482.69999999999993,HOU,2026,pit,SP
29812,Robert Gasser,37.34,11.34,89.1128,0.0,0.6166,340.1,MIL,2026,pit,RP
25327,Abner Uribe,72.0,0.0,72.0,18.983,6.8303,499.8000000000001,MIL,2026,pit,RP
17897,Garrett Cleavinger,66.0,0.0,66.0,7.529,13.4459,437.1000000000001,TBR,2026,pit,RP
14212,Josh Hader,60.0,0.0,60.0,29.255,2.7237,477.20000000000005,HOU,2026,pit,RP
27758,Kyle Harrison,28.58,14.58,93.5879,0.0,0.6166,370.80000000000007,MIL,2026,pit,SP
35321,Tomoyuki Sugano,21.06,21.06,115.827,0.0,0.0,275.70000000000016,COL,2026,pit,SP
19569,David Bednar,65.0,0.0,65.0,32.818,1.5537,518.7,NYY,2026,pit,RP
27756,Mick Abel,34.68,22.68,135.795,0.0,0.6401,472.4000000000001,MIN,2026,pit,SP
20191,Garrett Whitlock,70.0,0.0,70.0,3.258,14.2487,421.09999999999997,BOS,2026,pit,RP
21446,Ryan Feltner,34.2,16.2,107.378,0.0,0.6093,335.2,COL,2026,pit,RP
17780,José Alvarado,64.0,0.0,64.0,3.14,12.2601,388.99999999999994,PHI,2026,pit,RP
15130,Drew Anderson,55.24,3.24,70.468,0.0,6.329,351.40000000000003,DET,2026,pit,RP
17432,Jeff Hoffman,63.0,0.0,63.0,26.084,3.7941,469.5,TOR,2026,pit,RP
19769,Will Vest,68.0,0.0,68.0,4.842,11.6348,414.80000000000007,DET,2026,pit,RP
17722,Trevor Megill,66.0,0.0,66.0,10.757,8.8845,429.2000000000001,MIL,2026,pit,RP
20373,Andrés Muñoz,64.0,0.0,64.0,28.243,3.3532,511.70000000000005,SEA,2026,pit,RP
27691,Louis Varland,67.0,0.0,67.0,2.059,13.4475,388.0999999999999,TOR,2026,pit,RP
29914,Andrew Alvarez,33.34,11.34,85.3364,0.0,0.6461,307.09999999999997,WSN,2026,pit,RP
21052,Luis Gil,51.34,11.34,102.47,0.0,0.6905,401.70000000000005,NYY,2026,pit,RP
15038,Germán Márquez,32.68,22.68,131.404,0.0,0.6532,416.3000000000001,SDP,2026,pit,SP
15816,Devin Williams,64.0,0.0,64.0,32.459,3.1759,516.0,NYM,2026,pit,RP
15507,Hunter Harvey,52.0,0.0,52.0,4.719,12.8961,347.9,CHC,2026,pit,RP
20531,Kutter Crawford,56.48,6.48,86.0952,0.0,6.7626,384.3,BOS,2026,pit,RP
7048,Fernando Cruz,61.0,0.0,61.0,1.094,15.9717,389.70000000000005,NYY,2026,pit,RP
19867,Griffin Canning,29.82,17.82,108.548,0.0,0.6532,395.99999999999994,SDP,2026,pit,SP
30056,David Festa,22.48,6.48,51.1723,0.0,0.6401,217.50000000000006,MIN,2026,pit,RP
9323,Patrick Corbin,16.2,16.2,88.7012,0.0,0.0,301.30000000000007,,2026,pit,SP
17586,Tanner Scott,63.0,0.0,63.0,3.788,14.7292,383.90000000000003,LAD,2026,pit,RP
30115,Robert Suarez,67.0,0.0,67.0,8.402,10.9255,405.0,ATL,2026,pit,RP
11847,Chris Martin,54.0,0.0,54.0,3.844,12.2406,331.8,TEX,2026,pit,RP
33666,Connelly Early,20.86,4.86,43.3189,0.0,0.6763,205.6,BOS,2026,pit,RP
31776,Orion Kerkering,63.0,0.0,63.0,1.047,12.7283,351.70000000000005,PHI,2026,pit,RP
17998,Pete Fairbanks,62.0,0.0,62.0,26.523,4.1124,443.29999999999995,MIA,2026,pit,RP
sa3007778,Ryan Weiss,39.72,9.72,85.404,0.0,0.6557,325.30000000000007,HOU,2026,pit,RP
23301,Janson Junk,47.72,9.72,92.6908,0.0,0.6387,339.9000000000001,MIA,2026,pit,RP
20039,Adrian Morejon,68.0,0.0,68.0,3.232,13.3697,393.1,SDP,2026,pit,RP
33850,Brandon Sproat,27.72,9.72,72.933,0.0,0.6166,275.30000000000007,MIL,2026,pit,RP
33527,Hurston Waldrep,12.96,12.96,73.1385,0.0,0.0,274.00000000000006,ATL,2026,pit,SP
23590,Ben Brown,41.62,1.62,48.8735,0.0,0.7209,244.60000000000002,CHC,2026,pit,RP
25756,Matt Brash,63.0,0.0,63.0,3.218,12.3012,391.4000000000001,SEA,2026,pit,RP
18138,Ryan Helsley,64.0,0.0,64.0,25.766,3.4023,460.1,BAL,2026,pit,RP
13799,Matt Strahm,66.0,0.0,66.0,1.055,16.6661,371.90000000000003,KCR,2026,pit,RP
sa3017880,Andrew Painter,30.82,17.82,114.574,0.0,0.6364,366.8,PHI,2026,pit,SP
21306,Jacob Latz,51.34,11.34,103.236,0.0,0.6589,380.8,TEX,2026,pit,RP
33482,Chase Dollander,22.68,22.68,121.211,0.0,0.0,327.80000000000007,COL,2026,pit,SP
19361,Corbin Burnes,6.48,6.48,37.8372,0.0,0.0,175.4,ARI,2026,pit,SP
19804,Bryan Baker,63.0,0.0,63.0,3.227,12.3776,357.4000000000001,TBR,2026,pit,RP
24763,Kyle Leahy,52.58,14.58,120.146,0.0,0.6733,433.7,STL,2026,pit,RP
21649,Luis Medina,49.72,9.72,94.106,0.0,0.6384,345.1,ATH,2026,pit,RP
21504,Jake Irvin,22.2,16.2,96.2594,0.0,0.6461,307.7000000000001,WSN,2026,pit,SP
27572,Carmen Mlodzinski,53.24,3.24,66.7327,0.0,4.3897,300.69999999999993,PIT,2026,pit,RP
21487,Stephen Kolek,36.1,8.1,74.7699,0.0,0.666,279.0,KCR,2026,pit,RP
24017,Jose A. Ferrer,70.0,0.0,70.0,3.218,16.153,423.40000000000003,SEA,2026,pit,RP
30160,Richard Fitts,38.68,22.68,137.833,0.0,0.6733,459.20000000000005,STL,2026,pit,SP
21992,Camilo Doval,64.0,0.0,64.0,2.188,13.7406,379.59999999999997,NYY,2026,pit,RP
25007,Alex Vesia,61.0,0.0,61.0,1.263,17.966,353.30000000000007,LAD,2026,pit,RP
31807,Troy Melton,40.86,4.86,63.4665,0.0,0.6086,266.20000000000005,DET,2026,pit,RP
27597,Cody Bradford,36.1,8.1,73.6916,0.0,0.6589,278.6,TEX,2026,pit,RP
sa3020808,Connor Prielipp,44.86,4.86,67.702,0.0,0.6401,279.20000000000005,MIN,2026,pit,RP
20539,Edwin Uceta,62.0,0.0,62.0,12.19,10.3826,393.79999999999995,TBR,2026,pit,RP
16258,Aaron Bummer,60.0,0.0,60.0,0.0,12.1086,328.5,ATL,2026,pit,RP
17425,Erick Fedde,27.82,17.82,108.032,0.0,0.5829,319.5,CHW,2026,pit,SP
27514,Kyle Hurt,30.86,4.86,53.48,0.0,0.7767,225.3,LAD,2026,pit,RP
19360,Lucas Erceg,62.0,0.0,62.0,2.109,12.8377,346.79999999999995,KCR,2026,pit,RP
17170,Gabe Speier,58.0,0.0,58.0,0.0,11.7053,347.6,SEA,2026,pit,RP
31730,Jonathan Cannon,40.58,14.58,105.489,0.0,0.5829,317.29999999999995,CHW,2026,pit,RP
12572,Blake Treinen,58.0,0.0,58.0,1.263,14.3015,327.5,LAD,2026,pit,RP
23363,Robert Garcia,64.0,0.0,64.0,19.54,6.3259,428.3,TEX,2026,pit,RP
19249,Seranthony Domínguez,63.0,0.0,63.0,19.744,5.5085,400.00000000000006,CHW,2026,pit,RP
30240,Hunter Dobbins,34.96,12.96,93.4066,0.0,0.6733,328.40000000000003,STL,2026,pit,RP
11426,Drew Pomeranz,58.0,0.0,58.0,3.126,10.8616,323.5,LAA,2026,pit,RP
19996,Dylan Lee,65.0,0.0,65.0,1.05,15.9878,364.49999999999994,ATL,2026,pit,RP
20423,Ryan Walker,63.0,0.0,63.0,24.44,6.2602,457.4000000000001,SFG,2026,pit,RP
27517,Jared Koenig,65.0,0.0,65.0,0.949,15.1978,367.09999999999997,MIL,2026,pit,RP
35466,Payton Tolle,22.86,4.86,44.9371,0.0,0.6763,192.0,BOS,2026,pit,RP
14739,Paul Blackburn,58.62,1.62,65.8424,0.0,12.2451,315.7000000000001,NYY,2026,pit,RP
16727,Brock Stewart,44.0,0.0,44.0,0.0,0.7767,211.20000000000002,LAD,2026,pit,RP
15551,Mark Leiter Jr.,64.0,0.0,64.0,6.104,13.0966,351.40000000000003,ATH,2026,pit,RP
26410,Alek Manoah,14.58,14.58,80.8465,0.0,0.0,262.59999999999997,LAA,2026,pit,SP
19343,A.J. Puk,42.0,0.0,42.0,6.781,0.539,252.00000000000003,ARI,2026,pit,RP
17130,Raisel Iglesias,66.0,0.0,66.0,25.555,4.4459,459.0000000000001,ATL,2026,pit,RP
12880,Tyler Anderson,17.82,17.82,100.522,0.0,0.0,299.60000000000014,LAA,2026,pit,SP
24719,Randy Vásquez,35.3,24.3,140.464,0.0,0.6532,395.4,SDP,2026,pit,SP
19677,Gregory Soto,61.0,0.0,61.0,4.299,13.8169,360.80000000000007,PIT,2026,pit,RP
29921,Spencer Arrighetti,28.96,12.96,87.1013,0.0,0.6557,323.7000000000001,HOU,2026,pit,RP
16943,Sean Newcomb,61.62,1.62,68.9753,1.942,10.2281,339.40000000000003,CHW,2026,pit,RP
23550,Aaron Ashby,70.0,0.0,70.0,0.949,13.7025,385.00000000000006,MIL,2026,pit,RP
27914,Daniel Palencia,67.0,0.0,67.0,29.885,4.4587,475.2,CHC,2026,pit,RP
31461,Ben Joyce,48.0,0.0,48.0,10.419,0.4355,288.30000000000007,LAA,2026,pit,RP
sa3034986,Gage Jump,8.1,8.1,46.17,0.0,0.0,153.10000000000008,ATH,2026,pit,SP
21461,Cole Sands,68.0,0.0,68.0,1.898,13.3896,364.4000000000001,MIN,2026,pit,RP
11861,Jason Adam,60.0,0.0,60.0,1.077,14.861,347.29999999999995,SDP,2026,pit,RP
25890,Bryan King,67.0,0.0,67.0,1.07,16.6581,368.2,HOU,2026,pit,RP
19876,Kevin Ginkel,62.0,0.0,62.0,11.679,10.8157,396.8,ARI,2026,pit,RP
25942,Andrew Nardi,56.0,0.0,56.0,0.0,9.8362,305.70000000000005,MIA,2026,pit,RP
22717,Angel Zerpa,60.0,0.0,60.0,0.0,11.5103,324.2,MIL,2026,pit,RP
16122,Jordan Romano,63.0,0.0,63.0,3.126,11.6732,332.6000000000001,LAA,2026,pit,RP
12317,Colin Rea,44.1,8.1,80.6363,0.0,0.7209,298.99999999999994,CHC,2026,pit,RP
10078,Caleb Thielbar,66.0,0.0,66.0,1.18,15.1051,364.2000000000001,CHC,2026,pit,RP
26231,Tyler Holton,72.0,0.0,72.0,0.968,13.9097,373.4000000000001,DET,2026,pit,RP
18655,A.J. Minter,52.0,0.0,52.0,2.375,13.6959,320.2,NYM,2026,pit,RP
32157,Jonah Tong,13.24,3.24,27.7599,0.0,0.7168,139.50000000000006,NYM,2026,pit,RP
12095,Yimi García,56.0,0.0,56.0,4.119,10.6347,327.50000000000006,TOR,2026,pit,RP
16511,Jordan Montgomery,18.48,6.48,48.2393,0.0,0.6589,171.10000000000002,TEX,2026,pit,RP
16990,Tanner Banks,62.0,0.0,62.0,0.0,12.276,314.59999999999997,PHI,2026,pit,RP
29950,Jordan Leasure,64.0,0.0,64.0,4.855,10.4888,333.90000000000003,CHW,2026,pit,RP
14916,Jon Gray,6.48,6.48,35.9874,0.0,0.0,134.30000000000004,,2026,pit,SP
26448,Trevor McDonald,32.1,8.1,70.4786,0.0,0.6625,277.7,SFG,2026,pit,RP
25648,Justin Slaten,61.0,0.0,61.0,0.0,13.5005,322.50000000000006,BOS,2026,pit,RP
15009,Kyle Finnegan,64.0,0.0,64.0,3.874,13.3981,355.1,DET,2026,pit,RP
20367,Brusdar Graterol,46.0,0.0,46.0,0.0,4.764,217.50000000000003,LAD,2026,pit,RP
4301,Justin Wilson,43.0,0.0,43.0,0.0,0.0,203.5,,2026,pit,RP
25911,Yennier Cano,60.0,0.0,60.0,0.978,12.5365,318.4,BAL,2026,pit,RP
31204,Justin Wrobleski,41.86,4.86,64.4498,0.0,0.7767,246.70000000000005,LAD,2026,pit,RP
13594,Robert Stephenson,60.0,0.0,60.0,12.85,9.0452,359.5,LAA,2026,pit,RP
14771,Emilio Pagán,66.0,0.0,66.0,26.561,3.9629,421.70000000000016,CIN,2026,pit,RP
18548,Sam Hentges,44.0,0.0,44.0,0.0,0.6625,217.40000000000003,SFG,2026,pit,RP
13449,Taylor Rogers,61.0,0.0,61.0,20.249,5.406,380.70000000000005,MIN,2026,pit,RP
27552,Graham Ashcraft,65.0,0.0,65.0,2.097,15.5362,335.6,CIN,2026,pit,RP
21345,Bennett Sousa,46.0,0.0,46.0,0.0,0.6557,221.90000000000003,HOU,2026,pit,RP
21574,Brendon Little,54.0,0.0,54.0,0.0,9.6885,295.20000000000005,TOR,2026,pit,RP
11836,Taijuan Walker,50.2,16.2,121.496,0.0,0.6364,345.4000000000001,PHI,2026,pit,RP
24993,Kody Funderburk,65.0,0.0,65.0,2.847,14.7996,354.6,MIN,2026,pit,RP
12828,Andrew Kittredge,62.0,0.0,62.0,2.935,12.2829,331.4,BAL,2026,pit,RP
19899,Clarke Schmidt,17.24,3.24,32.0014,0.0,0.6905,149.20000000000002,NYY,2026,pit,RP
30107,Christian Scott,31.62,1.62,39.1618,0.0,0.7168,184.10000000000002,NYM,2026,pit,RP
13932,Dietrich Enns,62.0,0.0,62.0,0.0,12.6955,303.2,BAL,2026,pit,RP
13431,Marcus Stroman,9.72,9.72,52.4315,0.0,0.0,158.50000000000006,,2026,pit,SP
20000,Tyler Wells,57.24,3.24,72.2531,0.0,7.1083,304.6,BAL,2026,pit,RP
19178,Tommy Nance,58.0,0.0,58.0,0.0,11.7726,302.80000000000007,TOR,2026,pit,RP
30133,Brant Hurter,55.0,0.0,55.0,0.0,9.2045,266.4,DET,2026,pit,RP
6902,Martín Pérez,8.1,8.1,44.6991,0.0,0.0,147.39999999999998,ATL,2026,pit,SP
20422,Jovani Morán,56.0,0.0,56.0,0.0,10.4143,290.6000000000001,BOS,2026,pit,RP
9073,Kirby Yates,56.0,0.0,56.0,4.168,11.9852,322.1000000000001,LAA,2026,pit,RP
13580,Steven Okert,64.0,0.0,64.0,0.0,13.7338,333.90000000000003,HOU,2026,pit,RP
sa3015142,Coleman Crow,25.62,1.62,33.234,0.0,0.6166,153.00000000000006,MIL,2026,pit,RP
22288,Mason Englert,60.0,0.0,60.0,1.076,11.9449,296.8,TBR,2026,pit,RP
16918,Luke Weaver,67.0,0.0,67.0,3.563,14.4552,377.69999999999993,NYM,2026,pit,RP
20348,Riley O'Brien,63.0,0.0,63.0,16.194,9.2998,397.80000000000007,STL,2026,pit,RP
22191,Tobias Myers,61.24,3.24,75.5479,0.0,11.4326,346.2999999999999,NYM,2026,pit,RP
30094,Jordan Wicks,18.24,3.24,32.8804,0.0,0.7209,140.80000000000007,CHC,2026,pit,RP
24453,Justin Martinez,22.0,0.0,22.0,0.0,0.6573,118.00000000000001,ARI,2026,pit,RP
29514,River Ryan,16.1,8.1,53.932,0.0,0.7767,175.60000000000005,LAD,2026,pit,SP
27636,Mitchell Parker,34.48,6.48,63.4174,0.0,0.6461,221.90000000000006,WSN,2026,pit,RP
25582,Brady Basso,50.0,0.0,50.0,0.0,4.256,225.39999999999998,ATH,2026,pit,RP
27494,Clayton Beeter,63.0,0.0,63.0,16.514,8.9242,401.3,WSN,2026,pit,RP
19618,Jordan Hicks,54.0,0.0,54.0,0.0,8.6562,256.20000000000005,CHW,2026,pit,RP
26048,Sawyer Gipson-Long,22.62,1.62,30.0573,0.0,0.6086,130.4,DET,2026,pit,RP
22872,Yoendrys Gómez,47.24,3.24,62.0514,0.0,0.6597,243.89999999999998,TBR,2026,pit,RP
19349,Caleb Ferguson,58.0,0.0,58.0,0.0,10.375,275.70000000000005,CIN,2026,pit,RP
sa3023407,Quinn Mathews,8.1,8.1,46.17,0.0,0.0,164.90000000000003,STL,2026,pit,SP
18297,Tyler Kinley,63.0,0.0,63.0,0.0,13.3746,323.20000000000005,ATL,2026,pit,RP
13293,Danny Coulombe,44.0,0.0,44.0,0.0,0.0,191.50000000000003,,2026,pit,RP
13619,Jakob Junis,65.0,0.0,65.0,0.961,13.5971,320.9,TEX,2026,pit,RP
31967,Drew Thorpe,8.1,8.1,45.536,0.0,0.0,145.50000000000006,CHW,2026,pit,SP
12857,Shawn Armstrong,68.0,0.0,68.0,3.286,16.457,368.7,CLE,2026,pit,RP
25679,Kevin Kelly,46.0,0.0,46.0,0.0,4.0461,215.90000000000003,TBR,2026,pit,RP
26440,Ryan Gusto,43.24,3.24,57.6022,0.0,0.6387,226.60000000000008,MIA,2026,pit,RP
sa3023440,George Klassen,18.86,4.86,41.702,0.0,0.6222,153.0,LAA,2026,pit,RP
31635,Hayden Birdsong,22.1,8.1,56.7814,0.0,0.6625,211.59999999999997,SFG,2026,pit,RP
15145,Justin Topa,63.0,0.0,63.0,5.695,10.9371,333.0,MIN,2026,pit,RP
15734,Brad Keller,68.0,0.0,68.0,2.093,15.9024,340.20000000000005,PHI,2026,pit,RP
25463,Brandon Williamson,44.86,4.86,66.957,0.0,0.6505,237.29999999999995,CIN,2026,pit,RP
20997,Eduard Bazardo,68.0,0.0,68.0,1.073,14.0033,369.20000000000005,SEA,2026,pit,RP
13435,Pierce Johnson,61.0,0.0,61.0,1.048,11.9741,303.7000000000001,CIN,2026,pit,RP
26252,Erik Miller,62.0,0.0,62.0,2.404,15.0921,359.79999999999995,SFG,2026,pit,RP
19316,Eric Lauer,49.62,1.62,56.8381,0.0,4.1755,239.69999999999996,TOR,2026,pit,RP
19574,JoJo Romero,64.0,0.0,64.0,13.558,9.1226,387.4,STL,2026,pit,RP
18341,Julian Fernández,48.0,0.0,48.0,0.0,4.1353,226.60000000000002,WSN,2026,pit,RP
12988,Andrew Chafin,54.0,0.0,54.0,0.0,6.9127,258.4,MIN,2026,pit,RP
22630,Keider Montero,32.86,4.86,54.662,0.0,0.6086,203.60000000000002,DET,2026,pit,RP
3096,Kenley Jansen,60.0,0.0,60.0,22.596,4.2131,392.8,DET,2026,pit,RP
35325,Ryan Johnson,19.62,1.62,27.234,0.0,0.6222,107.00000000000003,LAA,2026,pit,RP
17878,Dennis Santana,68.0,0.0,68.0,26.151,4.6497,429.80000000000007,PIT,2026,pit,RP
19666,Jason Alexander,28.86,4.86,51.1727,0.0,0.6557,180.90000000000006,HOU,2026,pit,RP
6984,Luis García,60.0,0.0,60.0,0.0,13.3798,311.6,NYM,2026,pit,RP
10061,Brooks Raley,62.0,0.0,62.0,1.188,14.1077,324.49999999999994,NYM,2026,pit,RP
17734,Evan Phillips,28.0,0.0,28.0,0.0,0.7767,143.90000000000003,LAD,2026,pit,RP
24607,Jonathan Bowlan,56.0,0.0,56.0,0.0,9.801,276.50000000000006,PHI,2026,pit,RP
sa3023268,Thomas White,4.86,4.86,27.702,0.0,0.0,112.70000000000005,MIA,2026,pit,SP
17639,Justin Lawrence,58.0,0.0,58.0,1.075,11.5249,292.0,PIT,2026,pit,RP
27792,Gavin Stone,15.24,3.24,30.289,0.0,0.7767,124.80000000000001,LAD,2026,pit,RP
27669,Tanner Gordon,30.48,6.48,59.1998,0.0,0.6093,166.9,COL,2026,pit,RP
27626,Eric Orze,56.0,0.0,56.0,0.0,9.8569,260.1000000000001,MIN,2026,pit,RP
24609,Braydon Fisher,52.0,0.0,52.0,0.0,6.7852,249.10000000000005,TOR,2026,pit,RP
31468,Jack Perkins,34.0,0.0,34.0,0.0,0.6384,152.40000000000003,ATH,2026,pit,RP
19261,Ian Hamilton,50.0,0.0,50.0,0.0,6.4868,244.9,ATL,2026,pit,RP
26260,Drey Jameson,59.0,0.0,59.0,4.521,10.6178,334.8,ARI,2026,pit,RP
20020,John Schreiber,64.0,0.0,64.0,1.055,13.5302,312.00000000000006,KCR,2026,pit,RP
24614,Victor Vodnik,64.0,0.0,64.0,23.298,4.0494,382.1,COL,2026,pit,RP
sa3020949,Noah Schultz,4.86,4.86,27.702,0.0,0.0,87.2,CHW,2026,pit,SP
15541,Tyler Rogers,74.0,0.0,74.0,2.059,17.7404,365.20000000000005,TOR,2026,pit,RP
22304,Brenan Hanifee,58.0,0.0,58.0,0.0,10.9812,277.40000000000003,DET,2026,pit,RP
14993,Scott Barlow,54.0,0.0,54.0,2.035,8.9114,266.4,ATH,2026,pit,RP
27974,Cristian Mena,15.62,1.62,23.18,0.0,0.6573,97.10000000000001,ARI,2026,pit,RP
14874,Sam Moll,50.0,0.0,50.0,0.0,4.3365,213.0,CIN,2026,pit,RP
31508,Caden Dana,17.82,17.82,99.4467,0.0,0.0,282.3,LAA,2026,pit,SP
24580,Josiah Gray,21.06,21.06,118.075,0.0,0.0,321.0,WSN,2026,pit,SP
19742,Anthony Bender,61.0,0.0,61.0,1.09,12.3686,304.50000000000006,MIA,2026,pit,RP
25376,Nick Mears,60.0,0.0,60.0,0.0,12.4311,293.0,KCR,2026,pit,RP
27668,Brandon Eisert,52.0,0.0,52.0,0.0,6.0622,227.30000000000004,CHW,2026,pit,RP
19362,Keegan Akin,66.0,0.0,66.0,2.935,15.4527,352.10000000000014,BAL,2026,pit,RP
20116,Calvin Faucher,64.0,0.0,64.0,5.45,11.493,336.5,MIA,2026,pit,RP
27581,Hayden Wesneski,23.62,1.62,30.994,0.0,0.6557,140.79999999999998,HOU,2026,pit,RP
19924,Bryan Hudson,48.0,0.0,48.0,0.0,4.5874,229.90000000000003,NYM,2026,pit,RP
17556,Jimmy Herget,77.0,0.0,77.0,1.915,14.5869,330.6,COL,2026,pit,RP
18323,Josh Sborz,48.0,0.0,48.0,0.0,4.2173,220.00000000000003,TEX,2026,pit,RP
19753,Jonathan Loáisiga,44.0,0.0,44.0,0.0,3.8564,205.00000000000003,ARI,2026,pit,RP
19531,Jason Foley,34.0,0.0,34.0,0.0,0.6625,157.3,SFG,2026,pit,RP
23499,Keaton Winn,21.62,1.62,28.9829,0.0,0.6625,133.90000000000003,SFG,2026,pit,RP
18064,Phil Maton,65.0,0.0,65.0,3.539,14.1052,351.8,CHC,2026,pit,RP
20045,Sean Guenther,32.0,0.0,32.0,0.0,0.6086,139.7,DET,2026,pit,RP
30055,Cade Povich,16.62,1.62,23.8504,0.0,0.6582,108.50000000000001,BAL,2026,pit,RP
30249,Jack Dreyer,54.0,0.0,54.0,0.0,11.5345,254.20000000000005,LAD,2026,pit,RP
26389,DJ Herz,14.62,1.62,21.9128,0.0,0.6461,100.10000000000001,WSN,2026,pit,RP
sa3014447,Shane Drohan,35.62,1.62,43.234,0.0,0.6166,177.99999999999997,MIL,2026,pit,RP
30074,Chase Silseth,52.0,0.0,52.0,0.0,6.4704,240.6,LAA,2026,pit,RP
20666,Félix Bautista,12.0,0.0,12.0,0.0,0.6582,76.10000000000002,BAL,2026,pit,RP
14706,Anthony Banda,60.0,0.0,60.0,0.949,11.5894,296.29999999999995,MIN,2026,pit,RP
3548,Liam Hendriks,34.0,0.0,34.0,0.0,0.6401,138.90000000000003,MIN,2026,pit,RP
19926,Tony Santillan,70.0,0.0,70.0,4.194,13.2536,343.6,CIN,2026,pit,RP
21267,Jake Bird,53.0,0.0,53.0,0.0,10.0642,266.6,NYY,2026,pit,RP
24986,Colin Selby,45.0,0.0,45.0,0.0,0.6582,199.9,BAL,2026,pit,RP
29629,Matt Svanson,65.0,0.0,65.0,5.649,14.5426,357.7,STL,2026,pit,RP
23429,JP Sears,18.86,4.86,40.5471,0.0,0.6532,150.30000000000004,SDP,2026,pit,RP
29770,Mason Montgomery,60.0,0.0,60.0,2.149,12.1538,313.5,PIT,2026,pit,RP
24995,Evan Sisk,52.0,0.0,52.0,0.0,6.8479,240.3,PIT,2026,pit,RP
25215,Yaramil Hiraldo,38.0,0.0,38.0,0.0,0.6582,165.7,BAL,2026,pit,RP
24975,Cooper Criswell,37.24,3.24,51.982,0.0,0.6487,211.8,SEA,2026,pit,RP
31312,Colton Gordon,37.0,0.0,37.0,0.0,0.6557,148.4,HOU,2026,pit,RP
25139,Tim Herrin,54.0,0.0,54.0,0.0,10.103,268.0,CLE,2026,pit,RP
sa3019953,Josh White,47.0,0.0,47.0,0.0,0.6387,196.2,MIA,2026,pit,RP
16207,Spencer Turnbull,4.86,4.86,26.8397,0.0,0.0,81.80000000000003,,2026,pit,SP
27694,Justin Sterner,65.0,0.0,65.0,8.478,10.2941,326.4,ATH,2026,pit,RP
21527,James McArthur,33.0,0.0,33.0,0.0,0.666,134.20000000000005,KCR,2026,pit,RP
14295,Wandy Peralta,57.0,0.0,57.0,0.0,10.2389,270.5999999999999,SDP,2026,pit,RP
21101,Dauri Moreta,34.0,0.0,34.0,0.0,0.0,155.00000000000003,,2026,pit,RP
33838,Yariel Rodríguez,36.0,0.0,36.0,0.0,0.6524,161.00000000000006,TOR,2026,pit,RP
13346,Hoby Milner,60.0,0.0,60.0,0.0,13.4575,292.9,CHC,2026,pit,RP
24282,Kai-Wei Teng,27.62,1.62,34.709,0.0,0.6557,149.60000000000002,HOU,2026,pit,RP
21546,Justin Hagenman,27.0,0.0,27.0,0.0,0.7168,118.60000000000002,NYM,2026,pit,RP
sa3018096,Ricky Tiedemann,11.62,1.62,19.234,0.0,0.6524,85.8,TOR,2026,pit,RP
22051,John King,52.0,0.0,52.0,0.0,6.6427,221.70000000000002,MIA,2026,pit,RP
23394,PJ Poulin,61.0,0.0,61.0,2.304,14.483,310.1000000000001,WSN,2026,pit,RP
19883,Alex Lange,52.0,0.0,52.0,0.0,6.9259,249.10000000000002,KCR,2026,pit,RP
19962,Joey Wentz,36.24,3.24,50.3407,0.0,0.6487,195.09999999999997,ATL,2026,pit,RP
23237,Juan Mejia,66.0,0.0,66.0,2.872,14.3047,305.10000000000014,COL,2026,pit,RP
17968,Brock Burke,62.0,0.0,62.0,1.048,12.8027,297.69999999999993,CIN,2026,pit,RP
27702,Brent Headrick,50.0,0.0,50.0,0.0,4.6034,229.29999999999998,NYY,2026,pit,RP
sa3017471,Tanner McDougal,14.86,4.86,37.702,0.0,0.5829,128.89999999999998,CHW,2026,pit,RP
29863,Ryan Bergert,28.1,8.1,64.2304,0.0,0.666,205.00000000000003,KCR,2026,pit,RP
20375,Greg Weissert,65.0,0.0,65.0,1.086,16.6676,327.6,BOS,2026,pit,RP
20349,Zack Kelly,58.0,0.0,58.0,0.0,12.2027,275.1,BOS,2026,pit,RP
8779,Wade Miley,4.86,4.86,27.0748,0.0,0.0,78.60000000000002,,2026,pit,SP
15947,Ryne Stanek,60.0,0.0,60.0,2.26,12.4286,302.8,STL,2026,pit,RP
sa3016746,Kendry Rojas,42.0,0.0,42.0,0.0,0.6401,173.3,MIN,2026,pit,RP
28036,Luke Little,18.0,0.0,18.0,0.0,0.7209,85.20000000000002,CHC,2026,pit,RP
21894,Gregory Santos,54.0,0.0,54.0,6.01,6.0813,288.5,SFG,2026,pit,RP
20794,Manuel Rodríguez,16.0,0.0,16.0,0.0,0.6597,67.80000000000001,TBR,2026,pit,RP
14542,Carlos Estévez,65.0,0.0,65.0,30.934,1.9979,410.49999999999994,KCR,2026,pit,RP
5615,Ryan Brasier,44.0,0.0,44.0,0.0,0.6589,181.0,TEX,2026,pit,RP
17611,Taylor Clarke,56.0,0.0,56.0,0.0,10.1229,265.1000000000001,ARI,2026,pit,RP
19205,Jesse Scholtens,36.0,0.0,36.0,0.0,0.6597,150.90000000000003,TBR,2026,pit,RP
33980,Jonathan Pintaro,25.62,1.62,33.234,0.0,0.7168,137.00000000000006,NYM,2026,pit,RP
31676,Carson Whisenhunt,13.24,3.24,28.0961,0.0,0.6625,102.2,SFG,2026,pit,RP
21741,Javier Assad,53.62,1.62,60.8488,0.0,7.4978,264.0000000000001,CHC,2026,pit,RP
25636,Hunter Gaddis,66.0,0.0,66.0,3.286,13.5156,343.5000000000001,CLE,2026,pit,RP
19407,Ronel Blanco,9.62,1.62,17.1487,0.0,0.6557,75.60000000000002,HOU,2026,pit,RP
24937,Austin Warren,46.0,0.0,46.0,0.0,0.7168,184.20000000000002,NYM,2026,pit,RP
27470,Emerson Hancock,48.48,6.48,77.3854,0.0,0.6487,275.70000000000005,SEA,2026,pit,RP
17381,Matt Gage,56.0,0.0,56.0,0.0,10.2018,269.6000000000001,SFG,2026,pit,RP
17192,Jalen Beeks,40.0,0.0,40.0,0.0,0.0,158.7,,2026,pit,RP
6107,Huascar Brazobán,52.0,0.0,52.0,0.0,7.4545,238.8,NYM,2026,pit,RP
sa3014677,Luis Perales,23.24,3.24,38.468,0.0,0.6461,145.1,WSN,2026,pit,RP
15256,Cole Sulser,56.0,0.0,56.0,0.0,10.1593,260.9000000000001,TBR,2026,pit,RP
24978,Erik Sabrowski,61.0,0.0,61.0,0.0,13.582,320.70000000000005,CLE,2026,pit,RP
16561,Austin Gomber,17.62,1.62,24.8507,0.0,0.6589,91.20000000000002,TEX,2026,pit,RP
16647,Ryan Thompson,64.0,0.0,64.0,1.13,15.9519,329.20000000000005,ARI,2026,pit,RP
19444,Yohan Ramírez,56.0,0.0,56.0,0.0,10.1401,266.80000000000007,PIT,2026,pit,RP
sa3025544,Hagen Smith,3.24,3.24,18.468,0.0,0.0,67.40000000000002,CHW,2026,pit,SP
16977,Trevor Williams,22.62,1.62,29.6724,0.0,0.6461,119.20000000000002,WSN,2026,pit,RP
30250,Jaden Hill,40.0,0.0,40.0,0.0,0.6093,153.9,COL,2026,pit,RP
30170,Chase Petty,29.24,3.24,44.0001,0.0,0.6505,133.90000000000003,CIN,2026,pit,RP
17859,Adbert Alzolay,42.0,0.0,42.0,0.0,0.7168,173.6,NYM,2026,pit,RP
31701,Blade Tidwell,24.24,3.24,39.1543,0.0,0.6625,149.3,SFG,2026,pit,RP
27775,Kyle Nicolas,42.0,0.0,42.0,0.0,0.6505,167.2,CIN,2026,pit,RP
15761,Joe Jiménez,18.0,0.0,18.0,0.0,0.6487,90.00000000000003,ATL,2026,pit,RP
30140,Ty Madden,19.62,1.62,27.22,0.0,0.6086,102.00000000000003,DET,2026,pit,RP
27819,Brandon Young,22.62,1.62,29.8998,0.0,0.6582,125.80000000000001,BAL,2026,pit,RP
30161,Carlos Rodriguez,41.62,1.62,49.141,0.0,0.6166,189.9,MIL,2026,pit,RP
22207,DL Hall,52.0,0.0,52.0,0.0,6.4129,244.8,MIL,2026,pit,RP
26214,Chris Murphy,40.0,0.0,40.0,0.0,0.5829,153.7,CHW,2026,pit,RP
30016,Joe Rock,13.62,1.62,21.234,0.0,0.6597,77.9,TBR,2026,pit,RP
19337,Richard Lovelady,52.0,0.0,52.0,0.0,6.7198,230.4,WSN,2026,pit,RP
sa3020395,JR Ritchie,3.24,3.24,18.468,0.0,0.0,65.20000000000002,ATL,2026,pit,SP
20160,Nate Pearson,50.0,0.0,50.0,0.0,4.3713,211.29999999999998,HOU,2026,pit,RP
26413,Porter Hodge,50.0,0.0,50.0,0.0,4.8063,231.39999999999998,CHC,2026,pit,RP
20070,Bailey Falter,52.86,4.86,74.0142,0.0,4.2621,254.2,KCR,2026,pit,RP
26215,Jackson Rutledge,59.0,0.0,59.0,2.304,11.7278,277.00000000000006,WSN,2026,pit,RP
sa3021723,Kohl Drake,3.24,3.24,18.468,0.0,0.0,67.20000000000002,ARI,2026,pit,SP
31741,Mason Barnett,23.62,1.62,31.0121,0.0,0.6384,121.19999999999999,ATH,2026,pit,RP
31900,Adam Mazur,17.62,1.62,24.9045,0.0,0.6387,100.5,MIA,2026,pit,RP
29928,Dylan Dodd,46.0,0.0,46.0,0.0,3.9786,199.00000000000003,ATL,2026,pit,RP
sa3020336,Braden Nett,19.24,3.24,34.468,0.0,0.6384,122.00000000000003,ATH,2026,pit,RP
33628,Mitch Farris,4.86,4.86,27.2522,0.0,0.0,84.80000000000003,LAA,2026,pit,SP
16835,Brennan Bernardino,58.0,0.0,58.0,0.0,10.9942,250.10000000000002,COL,2026,pit,RP
18413,José Urquidy,36.58,14.58,104.22,0.0,0.6584,308.00000000000006,PIT,2026,pit,RP
25703,Zak Kent,28.0,0.0,28.0,0.0,0.6401,119.10000000000004,MIN,2026,pit,RP
24862,Ryan Fernandez,44.0,0.0,44.0,0.0,0.6733,189.10000000000002,STL,2026,pit,RP
sa3025659,Dylan Ross,36.0,0.0,36.0,0.0,0.7168,159.60000000000005,NYM,2026,pit,RP
20629,Tyler Phillips,68.0,0.0,68.0,3.27,15.4502,325.6000000000001,MIA,2026,pit,RP
17578,JT Brubaker,59.0,0.0,59.0,1.202,12.4076,285.1,SFG,2026,pit,RP
sa3017130,Griff McGarry,55.0,0.0,55.0,0.0,9.7729,267.4,WSN,2026,pit,RP
sa3020569,Andrew Morris,18.0,0.0,18.0,0.0,0.6401,79.80000000000003,MIN,2026,pit,RP
24452,Luinder Avila,42.0,0.0,42.0,0.0,0.666,165.70000000000002,KCR,2026,pit,RP
20517,Nick Sandlin,50.0,0.0,50.0,0.0,4.1477,202.29999999999998,LAA,2026,pit,RP
sa3017643,Tyler Uberstine,13.62,1.62,21.234,0.0,0.6763,81.9,BOS,2026,pit,RP
15094,Rob Zastryzny,48.0,0.0,48.0,0.0,3.9464,208.40000000000003,MIL,2026,pit,RP
sa3020405,John Klein,33.62,1.62,41.234,0.0,0.6401,148.00000000000003,MIN,2026,pit,RP
19409,Dane Dunning,13.62,1.62,21.0177,0.0,0.6487,84.5,SEA,2026,pit,RP
sa3023410,Ty Johnson,1.62,1.62,9.234,0.0,0.0,39.90000000000001,TBR,2026,pit,SP
14524,José Leclerc,37.0,0.0,37.0,0.0,0.0,155.10000000000002,,2026,pit,RP
31318,Gunnar Hoglund,28.86,4.86,51.5049,0.0,0.6384,175.99999999999997,ATH,2026,pit,RP
27688,Jack Kochanowicz,31.24,3.24,45.5796,0.0,0.6222,145.60000000000002,LAA,2026,pit,RP
19374,Walker Buehler,21.24,3.24,35.3549,0.0,0.6532,124.9,SDP,2026,pit,RP
29574,Chase Lee,25.0,0.0,25.0,0.0,0.6524,110.69999999999999,TOR,2026,pit,RP
21537,Daniel Lynch IV,59.0,0.0,59.0,0.0,10.8051,252.60000000000005,KCR,2026,pit,RP
21623,Grant Wolfram,50.0,0.0,50.0,0.0,4.3879,205.79999999999998,BAL,2026,pit,RP
22533,Michel Otañez,22.0,0.0,22.0,0.0,0.6589,108.40000000000002,TEX,2026,pit,RP
sa3010171,Anthony Nunez,28.0,0.0,28.0,0.0,0.6582,125.70000000000005,BAL,2026,pit,RP
sa3020661,Gabriel Hughes,23.62,1.62,31.234,0.0,0.6093,92.89999999999998,COL,2026,pit,RP
22361,Colin Holderman,42.0,0.0,42.0,0.0,0.6803,173.9,CLE,2026,pit,RP
26259,Hunter Bigge,52.0,0.0,52.0,0.0,6.8608,235.90000000000003,TBR,2026,pit,RP
27787,Will Klein,52.0,0.0,52.0,0.0,8.0781,248.0,LAD,2026,pit,RP
26944,Edgardo Henriquez,40.0,0.0,40.0,0.0,0.7767,163.9,LAD,2026,pit,RP
17282,Michael Kopech,42.0,0.0,42.0,0.0,0.0,172.70000000000002,,2026,pit,RP
sa3023250,Trey Gibson,1.62,1.62,9.234,0.0,0.0,37.90000000000001,BAL,2026,pit,SP
16502,Ryan Yarbrough,53.62,1.62,61.0106,0.0,7.1814,244.1000000000001,NYY,2026,pit,RP
19911,José Suarez,22.0,0.0,22.0,0.0,0.6487,95.30000000000001,ATL,2026,pit,RP
30171,Mason Black,43.24,3.24,58.0285,0.0,0.666,185.50000000000006,KCR,2026,pit,RP
19320,Joey Lucchesi,40.0,0.0,40.0,0.0,0.0,155.20000000000002,,2026,pit,RP
31764,AJ Blubaugh,41.62,1.62,49.0042,0.0,0.6557,185.3,HOU,2026,pit,RP
sa3014709,Tink Hence,9.62,1.62,17.234,0.0,0.6733,70.00000000000001,STL,2026,pit,RP
15042,Tim Mayza,31.0,0.0,31.0,0.0,0.6364,129.89999999999998,PHI,2026,pit,RP
24737,Gus Varland,46.0,0.0,46.0,0.0,0.6461,178.20000000000002,WSN,2026,pit,RP
sa3009716,Angel Bastardo,23.0,0.0,23.0,0.0,0.6524,98.70000000000002,TOR,2026,pit,RP
21319,Bryce Montes de Oca,10.0,0.0,10.0,0.0,0.6461,53.900000000000006,WSN,2026,pit,RP
21520,Hogan Harris,66.0,0.0,66.0,10.174,11.3438,357.4000000000001,ATH,2026,pit,RP
sa3016061,Welinton Herrera,30.0,0.0,30.0,0.0,0.6093,109.80000000000001,COL,2026,pit,RP
32026,Drew Sommers,25.0,0.0,25.0,0.0,0.6086,111.0,DET,2026,pit,RP
31553,Mason Fluharty,42.0,0.0,42.0,0.0,0.6524,180.5,TOR,2026,pit,RP
16350,Ryan Borucki,21.0,0.0,21.0,0.0,0.5829,92.80000000000001,CHW,2026,pit,RP
31913,Hayden Harris,42.0,0.0,42.0,0.0,0.6487,181.5,ATL,2026,pit,RP
18403,Enyel De Los Santos,60.0,0.0,60.0,0.0,12.2396,273.1,HOU,2026,pit,RP
33248,Craig Yoho,42.0,0.0,42.0,0.0,0.6166,175.5,MIL,2026,pit,RP
30105,Mike Vasil,79.0,0.0,79.0,0.971,14.6187,349.20000000000005,CHW,2026,pit,RP
sa3017719,Mitch Bratt,1.62,1.62,9.234,0.0,0.0,33.30000000000001,ARI,2026,pit,SP
17735,Tyler Alexander,61.62,1.62,68.7568,0.0,10.8726,281.1,TEX,2026,pit,RP
sa3020868,Austin Peterson,15.24,3.24,30.468,0.0,0.6803,100.3,CLE,2026,pit,RP
20546,Grant Anderson,56.0,0.0,56.0,0.0,9.496,254.80000000000013,MIL,2026,pit,RP
26079,Beau Brieske,50.0,0.0,50.0,0.0,4.0571,199.09999999999997,DET,2026,pit,RP
21420,Yerry De los Santos,42.0,0.0,42.0,0.0,0.6905,158.10000000000002,NYY,2026,pit,RP
11384,Tommy Kahnle,48.0,0.0,48.0,0.0,0.0,177.80000000000004,,2026,pit,RP
23165,Steven Cruz,45.0,0.0,45.0,0.0,0.666,169.39999999999998,KCR,2026,pit,RP
18439,Danny Young,20.0,0.0,20.0,0.0,0.6487,88.0,ATL,2026,pit,RP
27707,Mitch Spence,16.0,0.0,16.0,0.0,0.666,64.60000000000001,KCR,2026,pit,RP
22713,Carlos Hernández,18.0,0.0,18.0,0.0,0.6803,80.00000000000003,CLE,2026,pit,RP
29107,Bradgley Rodriguez,52.0,0.0,52.0,0.0,6.7933,223.6,SDP,2026,pit,RP
13218,Michael Fulmer,18.0,0.0,18.0,0.0,0.6625,80.40000000000002,SFG,2026,pit,RP
21205,Connor Brogdon,52.0,0.0,52.0,0.0,7.0755,220.99999999999997,CLE,2026,pit,RP
33294,Seth Halvorsen,52.0,0.0,52.0,0.0,6.3365,196.30000000000004,COL,2026,pit,RP
17964,Tyler Gilbert,31.0,0.0,31.0,0.0,0.5829,124.19999999999999,CHW,2026,pit,RP
6655,Craig Kimbrel,34.0,0.0,34.0,0.0,0.7168,157.60000000000002,NYM,2026,pit,RP
26463,Alex Carrillo,20.0,0.0,20.0,0.0,0.7168,80.3,NYM,2026,pit,RP
19614,Cionel Pérez,57.0,0.0,57.0,1.152,11.1145,272.9,WSN,2026,pit,RP
25501,Paxton Schultz,42.0,0.0,42.0,0.0,0.6461,165.0,WSN,2026,pit,RP
sa3014550,Marco Raya,22.0,0.0,22.0,0.0,0.6401,97.60000000000002,MIN,2026,pit,RP
11804,Héctor Neris,22.0,0.0,22.0,0.0,0.666,88.9,KCR,2026,pit,RP
19646,Kyle Hart,35.0,0.0,35.0,0.0,0.6532,136.1,SDP,2026,pit,RP
33821,Philip Abner,20.0,0.0,20.0,0.0,0.6573,87.0,ARI,2026,pit,RP
sa3023515,Brody Hopkins,1.62,1.62,9.234,0.0,0.0,31.900000000000013,TBR,2026,pit,SP
21662,Elvis Alvarado,58.0,0.0,58.0,3.052,10.4828,268.00000000000006,ATH,2026,pit,RP
13892,Paul Sewald,58.0,0.0,58.0,7.912,9.9624,300.50000000000006,ARI,2026,pit,RP
27487,Landon Knack,15.62,1.62,22.8029,0.0,0.7767,82.8,LAD,2026,pit,RP
23455,Hunter Stratton,30.0,0.0,30.0,0.0,0.6487,119.80000000000001,ATL,2026,pit,RP
13133,Derek Law,24.0,0.0,24.0,0.0,0.6573,94.30000000000001,ARI,2026,pit,RP
sa3014860,Evan Reifert,10.0,0.0,10.0,0.0,0.6597,49.300000000000004,TBR,2026,pit,RP
sa3020737,Jake Bennett,24.0,0.0,24.0,0.0,0.6763,90.70000000000002,BOS,2026,pit,RP
27483,Bobby Miller,22.0,0.0,22.0,0.0,0.7767,91.9,LAD,2026,pit,RP
sa3020394,Duncan Davitt,20.0,0.0,20.0,0.0,0.5829,76.1,CHW,2026,pit,RP
30004,McCade Brown,11.24,3.24,25.487,0.0,0.6093,79.60000000000001,COL,2026,pit,RP
33826,Yuki Matsui,48.0,0.0,48.0,0.0,4.1805,205.3,SDP,2026,pit,RP
30142,Doug Nikhazy,26.62,1.62,34.1273,0.0,0.6803,122.30000000000003,CLE,2026,pit,RP
23150,Osvaldo Bido,16.0,0.0,16.0,0.0,0.6905,72.80000000000001,NYY,2026,pit,RP
27765,Yosver Zulueta,24.0,0.0,24.0,0.0,0.6487,114.40000000000003,SEA,2026,pit,RP
19481,Tyler Ferguson,42.0,0.0,42.0,0.0,0.6384,167.9,ATH,2026,pit,RP
33908,José Fermin,40.0,0.0,40.0,0.0,0.6222,150.6,LAA,2026,pit,RP
18864,Pedro Avila,31.62,1.62,39.1507,0.0,0.6803,142.10000000000002,CLE,2026,pit,RP
sa3023162,Sean Sullivan,1.62,1.62,9.234,0.0,0.0,21.000000000000007,COL,2026,pit,SP
sa3018178,Franco Aleman,22.0,0.0,22.0,0.0,0.6803,88.9,CLE,2026,pit,RP
20271,Daysbel Hernández,40.0,0.0,40.0,0.0,0.6487,161.9,ATL,2026,pit,RP
17888,Tayler Saucedo,34.0,0.0,34.0,0.0,0.6222,129.60000000000002,LAA,2026,pit,RP
20333,Nick Raquet,32.0,0.0,32.0,0.0,0.6733,122.40000000000002,STL,2026,pit,RP
sa3015070,Ryan Watson,32.0,0.0,32.0,0.0,0.6763,120.80000000000003,BOS,2026,pit,RP
29960,AJ Smith-Shawver,8.0,0.0,8.0,0.0,0.6487,41.7,ATL,2026,pit,RP
19312,Cal Quantrill,1.62,1.62,8.4515,0.0,0.0,26.500000000000007,TEX,2026,pit,SP
25386,Jhony Brito,16.0,0.0,16.0,0.0,0.6532,66.20000000000002,SDP,2026,pit,RP
25918,Zack Thompson,14.0,0.0,14.0,0.0,0.6733,56.20000000000003,STL,2026,pit,RP
16061,Cam Booser,8.0,0.0,8.0,0.0,0.6597,41.7,TBR,2026,pit,RP
30031,Julian Aguiar,25.62,1.62,33.0807,0.0,0.6505,111.70000000000005,CIN,2026,pit,RP
30084,Carson Seymour,16.0,0.0,16.0,0.0,0.6625,66.20000000000002,SFG,2026,pit,RP
sa3018280,Ryan Webb,1.62,1.62,9.234,0.0,0.0,27.30000000000001,CLE,2026,pit,SP
sa3019459,Elmer Rodríguez,6.0,0.0,6.0,0.0,0.6905,26.500000000000007,NYY,2026,pit,RP
sa3020710,Brycen Mautz,18.0,0.0,18.0,0.0,0.6733,79.40000000000002,STL,2026,pit,RP
6175,Albert Suárez,25.0,0.0,25.0,0.0,0.6582,104.5,BAL,2026,pit,RP
26304,Bryan Hoeing,22.0,0.0,22.0,0.0,0.6532,86.7,SDP,2026,pit,RP
19330,Matt Festa,58.0,0.0,58.0,0.0,12.2763,270.80000000000007,CLE,2026,pit,RP
14332,Joel Payamps,53.0,0.0,53.0,0.0,9.4545,247.90000000000003,ATL,2026,pit,RP
sa3016584,Henry Baez,10.0,0.0,10.0,0.0,0.6384,43.7,ATH,2026,pit,RP
sa3020798,Pete Hansen,1.62,1.62,9.234,0.0,0.0,31.30000000000001,STL,2026,pit,SP
15043,Lou Trivino,20.0,0.0,20.0,0.0,0.6364,74.69999999999999,PHI,2026,pit,RP
25550,Matt Waldron,1.62,1.62,9.1046,0.0,0.0,33.30000000000001,SDP,2026,pit,SP
19222,Lake Bachar,48.0,0.0,48.0,0.0,4.0878,197.10000000000002,MIA,2026,pit,RP
23779,Justin Bruihl,54.0,0.0,54.0,0.0,9.9991,246.0,STL,2026,pit,RP
sa3015433,Jean Cabrera,1.62,1.62,9.234,0.0,0.0,28.30000000000001,PHI,2026,pit,SP
24930,Ethan Roberts,42.0,0.0,42.0,0.0,0.7209,158.0,CHC,2026,pit,RP
30180,Travis Adams,53.24,3.24,68.1543,0.0,4.2671,249.30000000000007,MIN,2026,pit,RP
20385,Isaac Mattson,64.0,0.0,64.0,2.149,13.1025,291.30000000000007,PIT,2026,pit,RP
25589,Sammy Peralta,10.0,0.0,10.0,0.0,0.6166,46.7,MIL,2026,pit,RP
10591,Scott Alexander,32.0,0.0,32.0,0.0,0.0,123.10000000000001,SFG,2026,pit,RP
31616,David Morgan,58.0,0.0,58.0,0.0,11.7867,283.70000000000005,SDP,2026,pit,RP
27649,Connor Phillips,56.0,0.0,56.0,0.0,7.2853,244.40000000000012,CIN,2026,pit,RP
sa3018253,Ben Kudrna,9.62,1.62,17.234,0.0,0.666,60.40000000000002,KCR,2026,pit,RP
sa3020680,Brendan Beck,12.0,0.0,12.0,0.0,0.6905,50.000000000000014,NYY,2026,pit,RP
19524,Alan Rangel,12.62,1.62,20.234,0.0,0.6364,63.8,PHI,2026,pit,RP
19795,Keegan Thompson,42.0,0.0,42.0,0.0,0.6093,150.2,COL,2026,pit,RP
sa3020389,Shane Murphy,17.0,0.0,17.0,0.0,0.5829,69.40000000000002,CHW,2026,pit,RP
33568,Brandyn Garcia,52.0,0.0,52.0,0.0,6.8363,235.70000000000002,ARI,2026,pit,RP
21584,Tristan Beck,28.0,0.0,28.0,0.0,0.6625,107.2,SFG,2026,pit,RP
20185,Zach Pop,24.0,0.0,24.0,0.0,0.6364,87.70000000000002,PHI,2026,pit,RP
sa3018174,Chen Zhong-Ao Zhuang,8.0,0.0,8.0,0.0,0.6384,38.10000000000001,ATH,2026,pit,RP
26443,Sam Aldegheri,6.48,6.48,36.3229,0.0,0.0,88.80000000000003,LAA,2026,pit,SP
12777,John Brebbia,12.0,0.0,12.0,0.0,0.6093,41.40000000000002,COL,2026,pit,RP
30085,Ben Casparius,55.0,0.0,55.0,0.0,13.2908,248.5,LAD,2026,pit,RP
sa3022937,K.C. Hunt,6.0,0.0,6.0,0.0,0.6166,26.500000000000007,MIL,2026,pit,RP
23488,Ron Marinaccio,44.0,0.0,44.0,0.0,0.6532,162.20000000000002,SDP,2026,pit,RP
sa3025613,Ryan Lambert,12.0,0.0,12.0,0.0,0.7168,47.20000000000002,NYM,2026,pit,RP
16074,Nick Burdi,8.0,0.0,8.0,0.0,0.7168,38.7,NYM,2026,pit,RP
31261,Chris Roycroft,40.0,0.0,40.0,0.0,0.6733,150.8,STL,2026,pit,RP
29519,Gordon Graceffo,58.0,0.0,58.0,0.0,12.15,272.70000000000005,STL,2026,pit,RP
11752,Luke Jackson,41.0,0.0,41.0,0.0,0.0,150.90000000000003,,2026,pit,RP
27984,Jose Corniell,10.0,0.0,10.0,0.0,0.6589,50.300000000000004,TEX,2026,pit,RP
15467,Marco Gonzales,1.62,1.62,9.0626,0.0,0.0,19.000000000000007,SDP,2026,pit,SP
18337,Nick Anderson,18.0,0.0,18.0,0.0,0.6384,61.500000000000014,ATH,2026,pit,RP
23313,José Buttó,64.0,0.0,64.0,2.404,13.1822,326.9,SFG,2026,pit,RP
31989,Thomas Harrington,11.62,1.62,19.1668,0.0,0.6584,64.69999999999999,PIT,2026,pit,RP
sa3019367,Jhancarlos Lara,10.0,0.0,10.0,0.0,0.6487,43.300000000000004,ATL,2026,pit,RP
sa3014535,Dax Fulton,14.0,0.0,14.0,0.0,0.6387,52.2,MIA,2026,pit,RP
sa3011555,Adam Macko,18.0,0.0,18.0,0.0,0.6524,78.40000000000002,TOR,2026,pit,RP
sa3017601,Riley Martin,20.0,0.0,20.0,0.0,0.7209,84.60000000000001,CHC,2026,pit,RP
10315,Michael Tonkin,33.0,0.0,33.0,0.0,0.0,129.80000000000007,MIN,2026,pit,RP
12056,Scott McGough,24.0,0.0,24.0,0.0,0.0,87.30000000000001,,2026,pit,RP
19932,Trevor Stephan,16.0,0.0,16.0,0.0,0.6803,67.80000000000001,CLE,2026,pit,RP
14527,Jorge López,30.0,0.0,30.0,0.0,0.0,107.80000000000001,,2026,pit,RP
sa3023099,Tate Kuehner,12.0,0.0,12.0,0.0,0.6166,55.90000000000001,MIL,2026,pit,RP
27681,Ken Waldichuk,11.0,0.0,11.0,0.0,0.6461,51.10000000000001,WSN,2026,pit,RP
sa3020483,Jared Lyons,1.62,1.62,9.234,0.0,0.0,18.000000000000007,CIN,2026,pit,SP
sa3020830,Riley Cornelio,6.48,6.48,36.936,0.0,0.0,94.6,WSN,2026,pit,SP
21032,Emmanuel Clase,1.0,0.0,1.0,0.0,0.0,6.800000000000001,CLE,2026,pit,RP
sa3015446,Yoniel Curet,1.62,1.62,9.234,0.0,0.0,28.900000000000013,PHI,2026,pit,SP
24914,Lazaro Estrada,21.0,0.0,21.0,0.0,0.6524,87.5,TOR,2026,pit,RP
9761,Joe Kelly,1.0,0.0,1.0,0.0,0.0,6.800000000000001,,2026,pit,RP
26429,Cody Laweryson,24.0,0.0,24.0,0.0,0.6401,89.70000000000002,MIN,2026,pit,RP
24581,Lyon Richardson,18.0,0.0,18.0,0.0,0.6505,70.80000000000003,CIN,2026,pit,RP
sa3020606,David Sandlin,12.0,0.0,12.0,0.0,0.5829,47.000000000000014,CHW,2026,pit,RP
26257,Joey Estes,30.0,0.0,30.0,0.0,0.6384,104.9,ATH,2026,pit,RP
sa3023133,Andrew Sears,6.0,0.0,6.0,0.0,0.6086,24.500000000000007,DET,2026,pit,RP
sa3016264,Jedixson Paez,24.0,0.0,24.0,0.0,0.5829,90.70000000000002,CHW,2026,pit,RP
sa3008714,Jose Franco,12.0,0.0,12.0,0.0,0.6505,43.600000000000016,CIN,2026,pit,RP
22387,Josh Winckowski,1.0,0.0,1.0,0.0,0.0,6.800000000000001,TOR,2026,pit,RP
27695,Brian Van Belle,1.0,0.0,1.0,0.0,0.0,6.800000000000001,TBR,2026,pit,RP
8241,David Robertson,1.0,0.0,1.0,0.0,0.0,6.800000000000001,,2026,pit,RP
23974,Randy Rodríguez,1.0,0.0,1.0,0.0,0.0,6.800000000000001,SFG,2026,pit,RP
19586,Forrest Whitley,1.0,0.0,1.0,0.0,0.0,6.800000000000001,,2026,pit,RP
16814,Tim Hill,66.0,0.0,66.0,0.0,14.9151,283.1000000000001,NYY,2026,pit,RP
15488,Antonio Senzatela,58.1,8.1,92.877,0.0,4.0619,244.90000000000003,COL,2026,pit,RP
24094,Ronny Henriquez,1.0,0.0,1.0,0.0,0.0,6.800000000000001,MIA,2026,pit,RP
23055,Dedniel Núñez,1.0,0.0,1.0,0.0,0.0,6.800000000000001,NYM,2026,pit,RP
15690,Jimmy Cordero,0.9497,0.0107,1.0,0.0,0.0,6.800000000000001,,2026,pit,RP
33834,Andrew Walters,38.0,0.0,38.0,0.0,0.6803,161.89999999999998,CLE,2026,pit,RP
23221,Michael Grove,0.9522,0.0102,1.0,0.0,0.0,6.800000000000001,LAD,2026,pit,RP
16866,Reed Garrett,0.9852,0.0032,1.0,0.0,0.0,6.800000000000001,NYM,2026,pit,RP
5097,Anthony Gose,1.0,0.0,1.0,0.0,0.0,6.800000000000001,,2026,pit,RP
6576,Robert Stock,1.0,0.0,1.0,0.0,0.0,6.800000000000001,NYM,2026,pit,RP
23307,Collin Snider,14.0,0.0,14.0,0.0,0.7209,50.6,CHC,2026,pit,RP
18186,James Naile,1.0,0.0,1.0,0.0,0.0,6.800000000000001,,2026,pit,RP
19871,Tucker Davidson,8.0,0.0,8.0,0.0,0.6364,35.10000000000001,PHI,2026,pit,RP
sa3014478,Zach McCambley,48.0,0.0,48.0,0.0,4.0731,196.40000000000003,PHI,2026,pit,RP
17536,Ryan Burr,1.0,0.0,1.0,0.0,0.0,6.800000000000001,TOR,2026,pit,RP
12972,Joe Ross,12.0,0.0,12.0,0.0,0.6573,57.30000000000001,ARI,2026,pit,RP
sa3028661,A.J. Causey,13.0,0.0,13.0,0.0,0.6384,45.8,ATH,2026,pit,RP
7005,Ryan Pressly,1.0,0.0,1.0,0.0,0.0,6.800000000000001,,2026,pit,RP
23809,Ray Kerr,0.7172,0.0602,1.0,0.0,0.0,6.800000000000001,ATL,2026,pit,RP
23292,Packy Naughton,1.0,0.0,1.0,0.0,0.0,6.800000000000001,STL,2026,pit,RP
23293,Codi Heuer,1.0,0.0,1.0,0.0,0.0,6.800000000000001,CLE,2026,pit,RP
20802,Aneurys Zabala,1.0,0.0,1.0,0.0,0.0,6.800000000000001,LAA,2026,pit,RP
30145,Dylan Smith,23.0,0.0,23.0,0.0,0.6086,87.10000000000001,DET,2026,pit,RP
21065,Thomas Szapucki,0.84,0.034,1.0,0.0,0.0,6.800000000000001,,2026,pit,RP
17793,Trey Wingenter,1.0,0.0,1.0,0.0,0.0,6.800000000000001,,2026,pit,RP
21453,Konnor Pilkington,10.0,0.0,10.0,0.0,0.6086,47.300000000000004,DET,2026,pit,RP
29615,Kyle Backhus,52.0,0.0,52.0,0.0,6.6189,216.70000000000005,PHI,2026,pit,RP
20491,J.B. Bukauskas,1.0,0.0,1.0,0.0,0.0,6.800000000000001,MIL,2026,pit,RP
11121,Casey Lawrence,1.62,1.62,9.234,0.0,0.0,17.400000000000006,SEA,2026,pit,SP
21620,Jake Cousins,1.0,0.0,1.0,0.0,0.0,6.800000000000001,,2026,pit,RP
14681,Andrés Machado,1.0,0.0,1.0,0.0,0.0,6.800000000000001,,2026,pit,RP
16507,Dan Altavilla,26.0,0.0,26.0,0.0,0.6401,98.9,MIN,2026,pit,RP
24977,Shawn Dubin,1.0,0.0,1.0,0.0,0.0,6.800000000000001,ARI,2026,pit,RP
17359,Josh Taylor,0.953,0.01,1.0,0.0,0.0,6.800000000000001,,2026,pit,RP
14857,Joe Mantiply,1.0,0.0,1.0,0.0,0.0,6.800000000000001,TOR,2026,pit,RP
21481,Sean Hjelle,0.7988,0.0428,1.0,0.0,0.0,6.800000000000001,,2026,pit,RP
7146,Daniel Hudson,1.0,0.0,1.0,0.0,0.0,6.800000000000001,,2026,pit,RP
18421,Tyler Cyr,1.0,0.0,1.0,0.0,0.0,6.800000000000001,,2026,pit,RP
19459,Jorge Alcala,1.0,0.0,1.0,0.0,0.0,6.800000000000001,TOR,2026,pit,RP
3184,David Price,1.0,0.0,1.0,0.0,0.0,6.800000000000001,,2026,pit,RP
15915,Víctor Arano,1.0,0.0,1.0,0.0,0.0,6.800000000000001,WSN,2026,pit,RP
17369,Brett Martin,0.9835,0.0035,1.0,0.0,0.0,6.800000000000001,,2026,pit,RP
17169,José Castillo,1.0,0.0,1.0,0.0,0.0,6.800000000000001,,2026,pit,RP
18593,Anderson Espinoza,1.0,0.0,1.0,0.0,0.0,6.800000000000001,,2026,pit,RP
19848,Darwinzon Hernández,1.0,0.0,1.0,0.0,0.0,6.800000000000001,,2026,pit,RP
24750,Frank German,1.0,0.0,1.0,0.0,0.0,6.800000000000001,,2026,pit,RP
19225,Mitch White,1.0,0.0,1.0,0.0,0.0,6.800000000000001,,2026,pit,RP
19995,Joel Kuhnel,1.0,0.0,1.0,0.0,0.0,6.800000000000001,ATH,2026,pit,RP
27590,Jake Eder,12.0,0.0,12.0,0.0,0.6461,42.000000000000014,WSN,2026,pit,RP
23162,Eduarniel Núñez,52.0,0.0,52.0,1.017,6.4401,214.6,ATH,2026,pit,RP
19558,Geoff Hartlieb,1.0,0.0,1.0,0.0,0.0,6.800000000000001,ATH,2026,pit,RP
15100,Ben Heller,1.0,0.0,1.0,0.0,0.0,6.800000000000001,CHC,2026,pit,RP
13607,Carl Edwards Jr.,1.0,0.0,1.0,0.0,0.0,6.800000000000001,NYM,2026,pit,RP
10197,Shelby Miller,1.0,0.0,1.0,0.0,0.0,6.800000000000001,CHC,2026,pit,RP
20205,Jeremy Beasley,1.0,0.0,1.0,0.0,0.0,6.800000000000001,,2026,pit,RP
18792,Miguel Del Pozo,1.0,0.0,1.0,0.0,0.0,6.800000000000001,,2026,pit,RP
16440,James Norwood,1.0,0.0,1.0,0.0,0.0,6.800000000000001,NYY,2026,pit,RP
sa3020964,Luis Gastelum,1.0,0.0,1.0,0.0,0.0,6.800000000000001,STL,2026,pit,RP
25873,Connor Thomas,1.0,0.0,1.0,0.0,0.0,6.800000000000001,ATL,2026,pit,RP
16300,Jesus Tinoco,1.0,0.0,1.0,0.0,0.0,6.800000000000001,MIA,2026,pit,RP
15264,Keynan Middleton,1.0,0.0,1.0,0.0,0.0,6.800000000000001,LAD,2026,pit,RP
11487,Joely Rodríguez,1.0,0.0,1.0,0.0,0.0,6.800000000000001,BOS,2026,pit,RP
20231,Zach Logue,1.0,0.0,1.0,0.0,0.0,6.800000000000001,,2026,pit,RP
27624,Walter Pennington,0.9382,0.0132,1.0,0.0,0.0,6.800000000000001,,2026,pit,RP
18674,Jake Woodford,1.0,0.0,1.0,0.0,0.0,6.800000000000001,TBR,2026,pit,RP
14764,Wes Parsons,1.0,0.0,1.0,0.0,0.0,6.800000000000001,,2026,pit,RP
23617,Josh Walker,1.0,0.0,1.0,0.0,0.0,6.800000000000001,BAL,2026,pit,RP
5448,Jesse Chavez,1.0,0.0,1.0,0.0,0.0,6.800000000000001,,2026,pit,RP
20167,Kyle Muller,1.0,0.0,1.0,0.0,0.0,6.800000000000001,,2026,pit,RP
6399,José Cisnero,1.0,0.0,1.0,0.0,0.0,6.800000000000001,,2026,pit,RP
19951,Ian Anderson,1.0,0.0,1.0,0.0,0.0,6.800000000000001,,2026,pit,RP
14375,Amir Garrett,1.0,0.0,1.0,0.0,0.0,3.8000000000000003,,2026,pit,RP
21025,Oliver Ortega,1.0,0.0,1.0,0.0,0.0,6.800000000000001,,2026,pit,RP
24493,Adam Kloffenstein,1.0,0.0,1.0,0.0,0.0,6.800000000000001,NYY,2026,pit,RP
16703,Julian Merryweather,1.0,0.0,1.0,0.0,0.0,6.800000000000001,MIN,2026,pit,RP
18496,Junior Fernández,1.0,0.0,1.0,0.0,0.0,6.800000000000001,ARI,2026,pit,RP
21866,Jordan Balazovic,1.0,0.0,1.0,0.0,0.0,6.800000000000001,,2026,pit,RP
24590,John Rooney,1.0,0.0,1.0,0.0,0.0,6.800000000000001,TBR,2026,pit,RP
1246,Matt Bush,1.0,0.0,1.0,0.0,0.0,6.800000000000001,,2026,pit,RP
15968,Brady Feigl,1.0,0.0,1.0,0.0,0.0,6.800000000000001,,2026,pit,RP
5365,Manny Banuelos,1.0,0.0,1.0,0.0,0.0,6.800000000000001,,2026,pit,RP
14825,Dylan Covey,0.9876,0.0026,1.0,0.0,0.0,6.800000000000001,,2026,pit,RP
23324,Freddy Tarnok,1.0,0.0,1.0,0.0,0.0,6.800000000000001,,2026,pit,RP
4185,Rafael Dolis,1.0,0.0,1.0,0.0,0.0,6.800000000000001,,2026,pit,RP
25178,Joe Jacques,1.0,0.0,1.0,0.0,0.0,6.800000000000001,NYM,2026,pit,RP
15849,Kent Emanuel,1.0,0.0,1.0,0.0,0.0,6.800000000000001,,2026,pit,RP
sa3020079,T.J. Brock,0.9266,0.0156,1.0,0.0,0.0,6.800000000000001,TOR,2026,pit,RP
13767,JT Chargois,1.0,0.0,1.0,0.0,0.0,6.800000000000001,,2026,pit,RP
11760,Drew Smyly,1.0,0.0,1.0,0.0,0.0,6.800000000000001,,2026,pit,RP
25645,Declan Cronin,1.0,0.0,1.0,0.0,0.0,6.800000000000001,TEX,2026,pit,RP
sa3022735,Zach Franklin,1.0,0.0,1.0,0.0,0.0,6.800000000000001,CHW,2026,pit,RP
sa3008046,Peyton Gray,0.8458,0.0328,1.0,0.0,0.0,6.800000000000001,TEX,2026,pit,RP
21189,Brooks Kriske,1.0,0.0,1.0,0.0,0.0,6.800000000000001,ATH,2026,pit,RP
12808,Mike Clevinger,31.62,1.62,39.0731,0.0,0.6584,133.8,PIT,2026,pit,RP
16135,Brandon Leibrandt,1.0,0.0,1.0,0.0,0.0,6.800000000000001,CIN,2026,pit,RP
20298,Jhonathan Díaz,1.0,0.0,1.0,0.0,0.0,6.800000000000001,SEA,2026,pit,RP
18325,Taylor Hearn,1.0,0.0,1.0,0.0,0.0,6.800000000000001,,2026,pit,RP
1247,Adam Ottavino,1.0,0.0,1.0,0.0,0.0,6.800000000000001,,2026,pit,RP
18318,Jacob Waguespack,0.6702,0.0702,1.0,0.0,0.0,6.800000000000001,MIL,2026,pit,RP
21238,Allan Winans,0.6174,0.0814,1.0,0.0,0.0,6.800000000000001,,2026,pit,RP
14646,Rowan Wick,1.0,0.0,1.0,0.0,0.0,6.800000000000001,SFG,2026,pit,RP
7982,Anthony Bass,1.0,0.0,1.0,0.0,0.0,6.800000000000001,,2026,pit,RP
27608,Jeff Criswell,14.0,0.0,14.0,0.0,0.6093,54.60000000000003,COL,2026,pit,RP
sa3022904,Kyle Amendt,1.0,0.0,1.0,0.0,0.0,6.800000000000001,ARI,2026,pit,RP
21652,Elvis Peguero,0.8392,0.0342,1.0,0.0,0.0,6.800000000000001,,2026,pit,RP
sa3025615,Eric Loomis,1.0,0.0,1.0,0.0,0.0,6.800000000000001,TEX,2026,pit,RP
26344,Taylor Rashi,1.0,0.0,1.0,0.0,0.0,6.800000000000001,ARI,2026,pit,RP
9784,Garrett Richards,0.9423,0.0123,1.0,0.0,0.0,6.800000000000001,,2026,pit,RP
20617,J.C. Mejía,1.0,0.0,1.0,0.0,0.0,6.800000000000001,,2026,pit,RP
14416,Yunior Marte,14.0,0.0,14.0,0.0,0.6505,49.6,CIN,2026,pit,RP
13528,Matt Bowman,1.0,0.0,1.0,0.0,0.0,6.800000000000001,MIN,2026,pit,RP
21092,Nick Duron,1.0,0.0,1.0,0.0,0.0,6.800000000000001,,2026,pit,RP
sa3022906,Matt Jachec,1.0,0.0,1.0,0.0,0.0,6.800000000000001,CLE,2026,pit,RP
19940,Jhon Romero,1.0,0.0,1.0,0.0,0.0,6.800000000000001,,2026,pit,RP
17759,Angel Perdomo,1.0,0.0,1.0,0.0,0.0,6.800000000000001,LAA,2026,pit,RP
16587,Erik Swanson,1.0,0.0,1.0,0.0,0.0,6.800000000000001,,2026,pit,RP
25553,Nic Enright,1.0,0.0,1.0,0.0,0.0,6.800000000000001,TOR,2026,pit,RP
23091,Robinson Piña,1.0,0.0,1.0,0.0,0.0,6.800000000000001,,2026,pit,RP
sa3025559,Micah Ashman,1.0,0.0,1.0,0.0,0.0,6.800000000000001,BAL,2026,pit,RP
12784,Burch Smith,1.0,0.0,1.0,0.0,0.0,6.800000000000001,DET,2026,pit,RP
sa3008361,Brian Metoyer,1.0,0.0,1.0,0.0,0.0,6.800000000000001,NYM,2026,pit,RP
sa550522,Luis González,1.0,0.0,1.0,0.0,0.0,6.800000000000001,,2026,pit,RP
17281,Thomas Pannone,1.0,0.0,1.0,0.0,0.0,6.800000000000001,MIL,2026,pit,RP
sa917784,Bryan Mata,1.0,0.0,1.0,0.0,0.0,6.800000000000001,,2026,pit,RP
13050,Anthony DeSclafani,0.7089,0.0619,1.0,0.0,0.0,6.800000000000001,,2026,pit,RP
22982,José Lopez,1.0,0.0,1.0,0.0,0.0,6.800000000000001,,2026,pit,RP
10343,Aaron Loup,1.0,0.0,1.0,0.0,0.0,6.800000000000001,,2026,pit,RP
20009,Kenny Rosenberg,0.8854,0.0244,1.0,0.0,0.0,6.800000000000001,,2026,pit,RP
18311,Carson Fulmer,1.0,0.0,1.0,0.0,0.0,6.800000000000001,PIT,2026,pit,RP
16942,Luis Ortiz,1.0,0.0,1.0,0.0,0.0,6.800000000000001,,2026,pit,RP
17464,Jonathan Hernández,0.9555,0.0095,1.0,0.0,0.0,6.800000000000001,PHI,2026,pit,RP
20023,Rico Garcia,56.0,0.0,56.0,0.0,10.136,257.8000000000001,BAL,2026,pit,RP
12910,Ken Giles,1.0,0.0,1.0,0.0,0.0,6.800000000000001,,2026,pit,RP
21922,Sauryn Lao,1.0,0.0,1.0,0.0,0.0,6.800000000000001,,2026,pit,RP
sa3015481,Johan Simon,1.0,0.0,1.0,0.0,0.0,6.800000000000001,DET,2026,pit,RP
sa3008227,Michael Byrne,0.8169,0.0389,1.0,0.0,0.0,6.800000000000001,,2026,pit,RP
14696,Keone Kela,1.0,0.0,1.0,0.0,0.0,6.800000000000001,,2026,pit,RP
18769,Cody Poteet,1.0,0.0,1.0,0.0,0.0,6.800000000000001,,2026,pit,RP
14552,José Ruiz,1.0,0.0,1.0,0.0,0.0,6.800000000000001,,2026,pit,RP
21229,Daniel Robert,1.0,0.0,1.0,0.0,0.0,6.800000000000001,PHI,2026,pit,RP
sa3014912,Coleman Huntley III,1.0,0.0,1.0,0.0,0.0,6.800000000000001,,2026,pit,RP
19835,Gerson Garabito,1.0,0.0,1.0,0.0,0.0,6.800000000000001,MIL,2026,pit,RP
22176,Easton McGee,30.0,0.0,30.0,0.0,0.6166,113.80000000000001,MIL,2026,pit,RP
11176,David Buchanan,1.0,0.0,1.0,0.0,0.0,6.800000000000001,,2026,pit,RP
sa3008619,Joe Record,0.7864,0.0454,1.0,0.0,0.0,6.800000000000001,,2026,pit,RP
19200,José Quijada,1.0,0.0,1.0,0.0,0.0,6.800000000000001,,2026,pit,RP
5003,Jake Diekman,1.0,0.0,1.0,0.0,0.0,3.8000000000000003,,2026,pit,RP
4994,Fernando Abad,1.0,0.0,1.0,0.0,0.0,6.800000000000001,,2026,pit,RP
sa3025569,Tyson Neighbors,13.0,0.0,13.0,0.0,0.6582,49.39999999999999,BAL,2026,pit,RP
16279,Sam Clay,1.0,0.0,1.0,0.0,0.0,6.800000000000001,,2026,pit,RP
21541,Reiss Knehr,0.7089,0.0619,1.0,0.0,0.0,6.800000000000001,,2026,pit,RP
25078,Cam Alldred,1.0,0.0,1.0,0.0,0.0,6.800000000000001,,2026,pit,RP
sa3015437,José Rodríguez,0.8442,0.0332,1.0,0.0,0.0,6.800000000000001,LAD,2026,pit,RP
19805,Daniel Castano,1.0,0.0,1.0,0.0,0.0,6.800000000000001,,2026,pit,RP
31751,Garrett McDaniels,1.0,0.0,1.0,0.0,0.0,6.800000000000001,LAD,2026,pit,RP
27812,Dugan Darnell,1.0,0.0,1.0,0.0,0.0,6.800000000000001,DET,2026,pit,RP
21858,Riley Pint,1.0,0.0,1.0,0.0,0.0,3.8000000000000003,SDP,2026,pit,RP
sa3025590,Charlie Beilenson,1.0,0.0,1.0,0.0,0.0,6.800000000000001,SEA,2026,pit,RP
7738,Wily Peralta,0.9571,0.0091,1.0,0.0,0.0,6.800000000000001,,2026,pit,RP
35324,Shinnosuke Ogasawara,8.0,0.0,8.0,0.0,0.6461,33.50000000000001,WSN,2026,pit,RP
19454,Michael Rucker,1.0,0.0,1.0,0.0,0.0,6.800000000000001,SEA,2026,pit,RP
18347,Brandon Waddell,0.9208,0.0168,1.0,0.0,0.0,6.800000000000001,NYM,2026,pit,RP
sa3020477,Dylan Tebrake,1.0,0.0,1.0,0.0,0.0,6.800000000000001,WSN,2026,pit,RP
13424,Drew VerHagen,1.0,0.0,1.0,0.0,0.0,6.800000000000001,,2026,pit,RP
17796,Dillon Tate,1.0,0.0,1.0,0.0,0.0,6.800000000000001,,2026,pit,RP
19285,Kyle Dowdy,1.0,0.0,1.0,0.0,0.0,6.800000000000001,,2026,pit,RP
12997,Colten Brewer,1.0,0.0,1.0,0.0,0.0,6.800000000000001,,2026,pit,RP
19264,Thomas Hatch,0.8788,0.0258,1.0,0.0,0.0,6.800000000000001,ARI,2026,pit,RP
sa3020879,Alex Cook,1.0,0.0,1.0,0.0,0.0,6.800000000000001,TBR,2026,pit,RP
14420,Jackson Stephens,1.0,0.0,1.0,0.0,0.0,6.800000000000001,,2026,pit,RP
14510,Thyago Vieira,1.0,0.0,1.0,0.0,0.0,6.800000000000001,,2026,pit,RP
17871,Ian Gibaut,1.0,0.0,1.0,0.0,0.0,6.800000000000001,,2026,pit,RP
23391,Ricky Vanasco,1.0,0.0,1.0,0.0,0.0,6.800000000000001,DET,2026,pit,RP
9013,César Valdez,1.0,0.0,1.0,0.0,0.0,6.800000000000001,,2026,pit,RP
19868,Drew Carlton,1.0,0.0,1.0,0.0,0.0,6.800000000000001,,2026,pit,RP
sa3066360,Trevor Kuncl,1.0,0.0,1.0,0.0,0.0,6.800000000000001,CIN,2026,pit,RP
sa918150,Tommy Eveld,1.0,0.0,1.0,0.0,0.0,6.800000000000001,,2026,pit,RP
22175,Max Kranick,1.0,0.0,1.0,0.0,0.0,6.800000000000001,,2026,pit,RP
18384,Scott Effross,13.0,0.0,13.0,0.0,0.6086,57.50000000000001,DET,2026,pit,RP
22284,Matt Sauer,0.8887,0.0237,1.0,0.0,0.0,6.800000000000001,,2026,pit,RP
12673,Roenis Elías,1.0,0.0,1.0,0.0,0.0,6.800000000000001,,2026,pit,RP
24606,Josh Winder,1.0,0.0,1.0,0.0,0.0,6.800000000000001,,2026,pit,RP
21955,Yerry Rodríguez,1.0,0.0,1.0,0.0,0.0,6.800000000000001,NYY,2026,pit,RP
15369,Kevin Herget,1.0,0.0,1.0,0.0,0.0,6.800000000000001,NYM,2026,pit,RP
33168,Jake Bloss,8.0,0.0,8.0,0.0,0.6524,35.10000000000001,TOR,2026,pit,RP
13276,Matt Carasiti,1.0,0.0,1.0,0.0,0.0,6.800000000000001,,2026,pit,RP
17304,Emmanuel Ramirez,1.0,0.0,1.0,0.0,0.0,6.800000000000001,,2026,pit,RP
8801,Wilking Rodríguez,1.0,0.0,1.0,0.0,0.0,3.8000000000000003,,2026,pit,RP
11209,Casey Sadler,1.0,0.0,1.0,0.0,0.0,6.800000000000001,,2026,pit,RP
14665,Jandel Gustave,1.0,0.0,1.0,0.0,0.0,6.800000000000001,,2026,pit,RP
15068,Yency Almonte,1.0,0.0,1.0,0.0,0.0,6.800000000000001,LAD,2026,pit,RP
sa3025043,Nate Garkow,1.0,0.0,1.0,0.0,0.0,6.800000000000001,TOR,2026,pit,RP
22116,Hagen Danner,1.0,0.0,1.0,0.0,0.0,6.800000000000001,CIN,2026,pit,RP
26136,Austin Pope,1.0,0.0,1.0,0.0,0.0,6.800000000000001,ATL,2026,pit,RP
27942,John McMillon,1.0,0.0,1.0,0.0,0.0,3.8000000000000003,PHI,2026,pit,RP
sa917460,Janser Lara,1.0,0.0,1.0,0.0,0.0,6.800000000000001,TEX,2026,pit,RP
sa3021977,Al Pesto,1.0,0.0,1.0,0.0,0.0,6.800000000000001,,2026,pit,RP
sa3023180,Nigel Belgrave,0.972,0.006,1.0,0.0,0.0,6.800000000000001,MIA,2026,pit,RP
sa3023212,Brady Choban,1.0,0.0,1.0,0.0,0.0,6.800000000000001,LAA,2026,pit,RP
20038,Darren McCaughan,1.0,0.0,1.0,0.0,0.0,6.800000000000001,CIN,2026,pit,RP
20206,Mike Baumann,1.0,0.0,1.0,0.0,0.0,6.800000000000001,NYM,2026,pit,RP
2895,Zach McAllister,1.0,0.0,1.0,0.0,0.0,6.800000000000001,,2026,pit,RP
sa3022526,Trent Harris,1.0,0.0,1.0,0.0,0.0,6.800000000000001,SFG,2026,pit,RP
22810,Roansy Contreras,1.0,0.0,1.0,0.0,0.0,6.800000000000001,,2026,pit,RP
18498,Kenta Maeda,1.0,0.0,1.0,0.0,0.0,6.800000000000001,,2026,pit,RP
18592,Hector Perez,1.0,0.0,1.0,0.0,0.0,6.800000000000001,,2026,pit,RP
21018,Francisco Pérez,0.9505,0.0105,1.0,0.0,0.0,6.800000000000001,ATH,2026,pit,RP
8337,Lucas Luetge,1.0,0.0,1.0,0.0,0.0,6.800000000000001,,2026,pit,RP
13394,Dylan Floro,1.0,0.0,1.0,0.0,0.0,6.800000000000001,,2026,pit,RP
sa3018252,Patrick Murphy,0.8648,0.0288,1.0,0.0,0.0,6.800000000000001,,2026,pit,RP
19456,Kyle Funkhouser,0.9398,0.0128,1.0,0.0,0.0,6.800000000000001,,2026,pit,RP
sa3014520,Jeremy Wu-Yelland,1.0,0.0,1.0,0.0,0.0,6.800000000000001,BOS,2026,pit,RP
6483,Steve Cishek,1.0,0.0,1.0,0.0,0.0,6.800000000000001,,2026,pit,RP
22370,Raymond Burgos,1.0,0.0,1.0,0.0,0.0,6.800000000000001,,2026,pit,RP
26285,Tommy Henry,1.0,0.0,1.0,0.0,0.0,6.800000000000001,ARI,2026,pit,RP
sa3018115,Hayden Seig,1.0,0.0,1.0,0.0,0.0,6.800000000000001,LAA,2026,pit,RP
13801,Austin Adams,1.0,0.0,1.0,0.0,0.0,6.800000000000001,,2026,pit,RP
sa3019881,Tristan Stevens,1.0,0.0,1.0,0.0,0.0,6.800000000000001,MIA,2026,pit,RP
33828,Naoyuki Uwasawa,1.0,0.0,1.0,0.0,0.0,6.800000000000001,,2026,pit,RP
21310,Josh Maciejewski,1.0,0.0,1.0,0.0,0.0,6.800000000000001,,2026,pit,RP
sa917928,Kevin Gowdy,1.0,0.0,1.0,0.0,0.0,6.800000000000001,,2026,pit,RP
25388,Cody Morris,1.0,0.0,1.0,0.0,0.0,6.800000000000001,,2026,pit,RP
26203,Andrew Saalfrank,1.0,0.0,1.0,0.0,0.0,6.800000000000001,ARI,2026,pit,RP
sa3023271,T.J. Fondtain,1.0,0.0,1.0,0.0,0.0,6.800000000000001,TBR,2026,pit,RP
7432,Jay Jackson,1.0,0.0,1.0,0.0,0.0,6.800000000000001,,2026,pit,RP
19535,Ryan Hendrix,1.0,0.0,1.0,0.0,0.0,6.800000000000001,,2026,pit,RP
21183,Humberto Castellanos,1.0,0.0,1.0,0.0,0.0,6.800000000000001,,2026,pit,RP
sa3020938,Pat Gallagher,0.9126,0.0186,1.0,0.0,0.0,6.800000000000001,TOR,2026,pit,RP
10066,Ian Krol,1.0,0.0,1.0,0.0,0.0,6.800000000000001,,2026,pit,RP
sa3005194,Mark Washington,1.0,0.0,1.0,0.0,0.0,6.800000000000001,,2026,pit,RP
17860,José Rodríguez,1.0,0.0,1.0,0.0,0.0,6.800000000000001,,2026,pit,RP
21324,Parker Mushinski,1.0,0.0,1.0,0.0,0.0,6.800000000000001,COL,2026,pit,RP
26790,Angel Chivilli,26.0,0.0,26.0,0.0,0.6905,95.19999999999999,NYY,2026,pit,RP
17034,Sean Reid-Foley,1.0,0.0,1.0,0.0,0.0,3.8000000000000003,ATL,2026,pit,RP
18333,Alex Young,1.0,0.0,1.0,0.0,0.0,6.800000000000001,CIN,2026,pit,RP
sa3007818,Jackson Rees,1.0,0.0,1.0,0.0,0.0,6.800000000000001,,2026,pit,RP
sa3022744,Ryan Lobus,0.7831,0.0461,1.0,0.0,0.0,6.800000000000001,TEX,2026,pit,RP
sa3022940,Will Johnston,0.6512,0.0742,1.0,0.0,0.0,6.800000000000001,ATH,2026,pit,RP
19159,Zack Burdi,1.0,0.0,1.0,0.0,0.0,6.800000000000001,,2026,pit,RP
sa3031609,Phil Fox,1.0,0.0,1.0,0.0,0.0,6.800000000000001,CHW,2026,pit,RP
26024,Brendan White,0.9596,0.0086,1.0,0.0,0.0,6.800000000000001,SEA,2026,pit,RP
7274,Craig Stammen,0.939,0.013,1.0,0.0,0.0,6.800000000000001,,2026,pit,RP
19736,Caleb Boushley,0.9431,0.0121,1.0,0.0,0.0,6.800000000000001,,2026,pit,RP
17969,Peter Lambert,0.8747,0.0267,1.0,0.0,0.0,6.800000000000001,HOU,2026,pit,RP
14288,Luke Bard,1.0,0.0,1.0,0.0,0.0,6.800000000000001,,2026,pit,RP
23631,Clayton Andrews,1.0,0.0,1.0,0.0,0.0,6.800000000000001,,2026,pit,RP
sa3020457,Reggie Crawford,0.793,0.044,1.0,0.0,0.0,6.800000000000001,SFG,2026,pit,RP
23252,Spencer Howard,0.7065,0.0625,1.0,0.0,0.0,6.800000000000001,,2026,pit,RP
17186,Dinelson Lamet,1.0,0.0,1.0,0.0,0.0,6.800000000000001,,2026,pit,RP
sa928287,Raul Brito,1.0,0.0,1.0,0.0,0.0,6.800000000000001,MIN,2026,pit,RP
15832,Paul Fry,1.0,0.0,1.0,0.0,0.0,6.800000000000001,,2026,pit,RP
20080,Mauricio Llovera,1.0,0.0,1.0,0.0,0.0,6.800000000000001,,2026,pit,RP
13763,Dominic Leone,1.0,0.0,1.0,0.0,0.0,6.800000000000001,,2026,pit,RP
19874,Alex Faedo,0.8804,0.0254,1.0,0.0,0.0,6.800000000000001,,2026,pit,RP
11437,Jesse Biddle,1.0,0.0,1.0,0.0,0.0,6.800000000000001,,2026,pit,RP
25420,Ryan Zeferjahn,57.0,0.0,57.0,1.042,9.4597,260.79999999999995,LAA,2026,pit,RP
18282,Jarlín García,1.0,0.0,1.0,0.0,0.0,6.800000000000001,,2026,pit,RP
18815,Miguel Díaz,1.0,0.0,1.0,0.0,0.0,6.800000000000001,,2026,pit,RP
sa3014802,Michael Giacone,1.0,0.0,1.0,0.0,0.0,6.800000000000001,,2026,pit,RP
sa3014907,Ben Leeper,1.0,0.0,1.0,0.0,0.0,6.800000000000001,,2026,pit,RP
15605,Phillips Valdez,1.0,0.0,1.0,0.0,0.0,6.800000000000001,,2026,pit,RP
18806,Drew Steckenrider,1.0,0.0,1.0,0.0,0.0,6.800000000000001,ATH,2026,pit,RP
19529,Cam Vieaux,1.0,0.0,1.0,0.0,0.0,6.800000000000001,,2026,pit,RP
sa874155,Zac Houston,1.0,0.0,1.0,0.0,0.0,6.800000000000001,,2026,pit,RP
19820,CD Pelham,1.0,0.0,1.0,0.0,0.0,6.800000000000001,ATH,2026,pit,RP
sa3023665,Derrick Edington,1.0,0.0,1.0,0.0,0.0,6.800000000000001,TBR,2026,pit,RP
17085,Pablo López,0.1754,0.1754,1.0,0.0,0.0,6.800000000000001,MIN,2026,pit,SP
6562,Alex Cobb,0.4385,0.1195,1.0,0.0,0.0,6.800000000000001,,2026,pit,RP
24968,Reese Olson,0.1754,0.1754,1.0,0.0,0.0,6.800000000000001,DET,2026,pit,SP
26056,Brandon Walter,0.1754,0.1754,1.0,0.0,0.0,6.800000000000001,HOU,2026,pit,SP
21318,Tylor Megill,0.1754,0.1754,1.0,0.0,0.0,6.800000000000001,NYM,2026,pit,SP
19879,Tanner Houck,0.1754,0.1754,1.0,0.0,0.0,6.800000000000001,BOS,2026,pit,SP
2036,Clayton Kershaw,0.2084,0.1684,1.0,0.0,0.0,6.800000000000001,,2026,pit,SP
19665,Kyle Wright,0.3173,0.1453,1.0,0.0,0.0,6.800000000000001,CHC,2026,pit,RP
13074,Yu Darvish,0.1944,0.1714,1.0,0.0,0.0,6.800000000000001,SDP,2026,pit,SP
20395,Nick Margevicius,0.4962,0.1072,1.0,0.0,0.0,6.800000000000001,SFG,2026,pit,RP
19546,Jon Duplantier,0.1754,0.1754,1.0,0.0,0.0,6.800000000000001,,2026,pit,SP
sa3023557,Travis Sykora,0.1754,0.1754,1.0,0.0,0.0,6.800000000000001,WSN,2026,pit,SP
sa3015476,Yordanny Monegro,0.1952,0.1712,1.0,0.0,0.0,6.800000000000001,BOS,2026,pit,SP
15792,Rob Kaminsky,0.4846,0.1096,1.0,0.0,0.0,6.800000000000001,,2026,pit,RP
14844,Matt Dermody,0.1754,0.1754,1.0,0.0,0.0,6.800000000000001,,2026,pit,SP
sa3041559,Jonathan Santucci,0.1903,0.1723,1.0,0.0,0.0,6.800000000000001,NYM,2026,pit,SP
11694,Nick Kingham,0.1754,0.1754,1.0,0.0,0.0,6.800000000000001,,2026,pit,SP
4676,Charlie Morton,0.2694,0.1554,1.0,0.0,0.0,6.800000000000001,,2026,pit,SP
sa3018808,Jarlin Susana,0.1754,0.1754,1.0,0.0,0.0,6.800000000000001,WSN,2026,pit,SP
10123,Kyle Gibson,0.1754,0.1754,1.0,0.0,0.0,6.800000000000001,,2026,pit,SP
sa3025623,Josh Hartle,0.1754,0.1754,1.0,0.0,0.0,6.800000000000001,CLE,2026,pit,SP
23735,Luis Garcia,0.1754,0.1754,1.0,0.0,0.0,6.800000000000001,,2026,pit,SP
sa3023505,Zach Thornton,0.1754,0.1754,1.0,0.0,0.0,6.800000000000001,NYM,2026,pit,SP
14765,Julio Urías,0.1754,0.1754,1.0,0.0,0.0,6.800000000000001,LAD,2026,pit,SP
sa3020448,David Davalillo,0.1829,0.1739,1.0,0.0,0.0,6.800000000000001,TEX,2026,pit,SP
sa3014519,Tekoah Roby,0.1754,0.1754,1.0,0.0,0.0,6.800000000000001,STL,2026,pit,SP
sa3023282,Jack Wenninger,0.1754,0.1754,1.0,0.0,0.0,6.800000000000001,NYM,2026,pit,SP
11157,Eric Jokisch,0.1754,0.1754,1.0,0.0,0.0,6.800000000000001,,2026,pit,SP
27646,Luis Ortiz,0.1754,0.1754,1.0,0.0,0.0,6.800000000000001,CLE,2026,pit,SP
sa3025574,Tyson Hardin,0.1754,0.1754,1.0,0.0,0.0,6.800000000000001,MIL,2026,pit,SP
sa3020839,Reid VanScoter,0.1754,0.1754,1.0,0.0,0.0,6.800000000000001,SEA,2026,pit,SP
sa3023039,TJ Nichols,0.182,0.174,1.0,0.0,0.0,6.800000000000001,TBR,2026,pit,SP
sa3030728,Daniel Eagen,0.1754,0.1754,1.0,0.0,0.0,6.800000000000001,ARI,2026,pit,SP
14309,Frankie Montas,0.2818,0.1528,1.0,0.0,0.0,6.800000000000001,,2026,pit,SP
14444,Hyun Jin Ryu,0.1754,0.1754,1.0,0.0,0.0,6.800000000000001,,2026,pit,SP
2520,Lance Lynn,0.1754,0.1754,1.0,0.0,0.0,6.800000000000001,,2026,pit,SP
sa3006133,Robert Colina,0.4121,0.1251,1.0,0.0,0.0,6.800000000000001,,2026,pit,RP
sa3022996,Lucas Braun,0.182,0.174,1.0,0.0,0.0,6.800000000000001,ATL,2026,pit,SP
24602,Drew Rom,0.1754,0.1754,1.0,0.0,0.0,6.800000000000001,MIL,2026,pit,SP
19388,Tony Gonsolin,0.1754,0.1754,1.0,0.0,0.0,6.800000000000001,,2026,pit,SP
20638,Luis F. Castillo,0.1754,0.1754,1.0,0.0,0.0,6.800000000000001,,2026,pit,SP
sa3067257,Nico Tellache,0.3065,0.1475,1.0,0.0,0.0,6.800000000000001,SEA,2026,pit,RP
27451,Alec Marsh,0.182,0.174,1.0,0.0,0.0,6.800000000000001,KCR,2026,pit,SP
17874,Nestor Cortes,0.1754,0.1754,1.0,0.0,0.0,6.800000000000001,,2026,pit,SP
sa3033725,Ben Hess,0.1754,0.1754,1.0,0.0,0.0,6.800000000000001,NYY,2026,pit,SP
sa3017501,Alex Cornwell,0.4038,0.1268,1.0,0.0,0.0,6.800000000000001,STL,2026,pit,RP
sa3020082,John Michael Bertrand,0.1862,0.1732,1.0,0.0,0.0,6.800000000000001,SFG,2026,pit,SP
17030,Ariel Jurado,0.1754,0.1754,1.0,0.0,0.0,6.800000000000001,,2026,pit,SP
sa3008263,Joander Suarez,0.22,0.166,1.0,0.0,0.0,6.800000000000001,NYM,2026,pit,SP
9434,Dallas Keuchel,0.1754,0.1754,1.0,0.0,0.0,6.800000000000001,,2026,pit,SP
20370,Bruce Zimmermann,0.1754,0.1754,1.0,0.0,0.0,6.800000000000001,STL,2026,pit,SP
sa3017752,Scott Randall,0.4344,0.1204,1.0,0.0,0.0,6.800000000000001,,2026,pit,RP
sa3023131,Joe Whitman,0.1754,0.1754,1.0,0.0,0.0,6.800000000000001,SFG,2026,pit,SP
sa3022997,Ethan Pecko,0.1944,0.1714,1.0,0.0,0.0,6.800000000000001,HOU,2026,pit,SP
sa3023303,Braxton Bragg,0.1903,0.1723,1.0,0.0,0.0,6.800000000000001,BAL,2026,pit,SP
sa3023635,Jaxon Wiggins,0.1862,0.1732,1.0,0.0,0.0,6.800000000000001,CHC,2026,pit,SP
sa872881,Domingo Robles,0.4871,0.1091,1.0,0.0,0.0,6.800000000000001,ATH,2026,pit,RP
27505,Kohei Arihara,0.2579,0.1579,1.0,0.0,0.0,6.800000000000001,,2026,pit,SP
sa3024948,Connor Schultz,0.323,0.144,1.0,0.0,0.0,6.800000000000001,CHC,2026,pit,RP
11828,James Paxton,0.1754,0.1754,1.0,0.0,0.0,6.800000000000001,,2026,pit,SP
15688,Ronald Herrera,0.1754,0.1754,1.0,0.0,0.0,6.800000000000001,,2026,pit,SP
20468,Huascar Ynoa,0.1754,0.1754,1.0,0.0,0.0,6.800000000000001,LAA,2026,pit,SP
sa3011411,Chris Clarke,0.3428,0.1398,1.0,0.0,0.0,6.800000000000001,,2026,pit,RP
19865,Charlie Barnes,0.2769,0.1539,1.0,0.0,0.0,6.800000000000001,CHC,2026,pit,SP
sa3019283,Luis De León,0.1952,0.1712,1.0,0.0,0.0,6.800000000000001,BAL,2026,pit,SP
12499,Drew Rucinski,0.1754,0.1754,1.0,0.0,0.0,6.800000000000001,,2026,pit,SP
sa3011735,Sem Robberse,0.1754,0.1754,1.0,0.0,0.0,6.800000000000001,STL,2026,pit,SP
sa3025592,Will Watson,0.215,0.167,1.0,0.0,0.0,6.800000000000001,NYM,2026,pit,SP
sa3034016,John Holobetz,0.2109,0.1679,1.0,0.0,0.0,6.800000000000001,BOS,2026,pit,SP
sa3032485,R.J. Gordon,0.2134,0.1674,1.0,0.0,0.0,6.800000000000001,NYM,2026,pit,SP
1943,Zack Greinke,0.2414,0.1614,1.0,0.0,0.0,6.800000000000001,,2026,pit,SP
sa3017857,Seth Lonsway,0.1754,0.1754,1.0,0.0,0.0,6.800000000000001,SFG,2026,pit,SP
sa3017850,Will Dion,0.3544,0.1374,1.0,0.0,0.0,6.800000000000001,CLE,2026,pit,RP
16401,Yonny Chirinos,0.1754,0.1754,1.0,0.0,0.0,6.800000000000001,,2026,pit,SP
19680,Sixto Sánchez,0.3453,0.1393,1.0,0.0,0.0,6.800000000000001,MIA,2026,pit,RP
sa876287,Riley Thompson,0.1754,0.1754,1.0,0.0,0.0,6.800000000000001,,2026,pit,SP
sa3020407,Jack Choate,0.2084,0.1684,1.0,0.0,0.0,6.800000000000001,SFG,2026,pit,SP
sa875233,Gray Fenter,0.1754,0.1754,1.0,0.0,0.0,6.800000000000001,,2026,pit,SP
sa3067072,Wei-En Lin,0.389,0.13,1.0,0.0,0.0,6.800000000000001,ATH,2026,pit,RP
26058,Easton Lucas,0.3338,0.1418,1.0,0.0,0.0,6.800000000000001,,2026,pit,RP
11776,Angel Sánchez,0.2068,0.1688,1.0,0.0,0.0,6.800000000000001,,2026,pit,SP
sa3025584,Brendan Girton,0.2076,0.1686,1.0,0.0,0.0,6.800000000000001,NYM,2026,pit,SP
15423,Andrew Heaney,0.215,0.167,1.0,0.0,0.0,6.800000000000001,,2026,pit,SP
sa3020388,Mason Adams,0.1837,0.1737,1.0,0.0,0.0,6.800000000000001,CHW,2026,pit,SP
sa3006765,Colten Schmidt,0.4005,0.1275,1.0,0.0,0.0,6.800000000000001,,2026,pit,RP
sa3003988,John Parke,0.2826,0.1526,1.0,0.0,0.0,6.800000000000001,,2026,pit,SP
sa3023538,Alejandro Rosario,0.1862,0.1732,1.0,0.0,0.0,6.800000000000001,WSN,2026,pit,SP
sa3014675,Chih-Jung Liu,0.3552,0.1372,1.0,0.0,0.0,6.800000000000001,BOS,2026,pit,RP
17581,Ricardo Sánchez,0.1754,0.1754,1.0,0.0,0.0,6.800000000000001,,2026,pit,SP
sa3015010,Adam Seminaris,0.1903,0.1723,1.0,0.0,0.0,6.800000000000001,PHI,2026,pit,SP
30661,Didier Fuentes,0.1754,0.1754,1.0,0.0,0.0,6.800000000000001,ATL,2026,pit,SP
13781,Alex Wood,0.1754,0.1754,1.0,0.0,0.0,6.800000000000001,,2026,pit,SP
sa3005117,Blayne Enlow,0.1754,0.1754,1.0,0.0,0.0,6.800000000000001,ATL,2026,pit,SP
13046,Tsuyoshi Wada,0.2637,0.1567,1.0,0.0,0.0,6.800000000000001,,2026,pit,SP
sa3009990,Richard Gallardo,0.2233,0.1653,1.0,0.0,0.0,6.800000000000001,TOR,2026,pit,SP
20548,Bowden Francis,0.1754,0.1754,1.0,0.0,0.0,6.800000000000001,TOR,2026,pit,SP
sa3022909,Riley Frey,0.3808,0.1318,1.0,0.0,0.0,6.800000000000001,ATL,2026,pit,RP
sa3017502,Lael Lockhart,0.2092,0.1682,1.0,0.0,0.0,6.800000000000001,DET,2026,pit,SP
13273,Ross Stripling,0.3008,0.1488,1.0,0.0,0.0,6.800000000000001,,2026,pit,RP
33699,Logan Evans,0.2059,0.1689,1.0,0.0,0.0,6.800000000000001,SEA,2026,pit,SP
sa3023479,Michael Forret,0.1845,0.1735,1.0,0.0,0.0,6.800000000000001,TBR,2026,pit,SP
sa3020408,Jake Miller,0.1754,0.1754,1.0,0.0,0.0,6.800000000000001,DET,2026,pit,SP
sa3020264,Tyler Stuart,0.1977,0.1707,1.0,0.0,0.0,6.800000000000001,WSN,2026,pit,SP
sa3025558,Bryce Mayer,0.2348,0.1628,1.0,0.0,0.0,6.800000000000001,HOU,2026,pit,SP
14361,Ty Blach,0.3486,0.1386,1.0,0.0,0.0,6.800000000000001,,2026,pit,RP
sa3028930,Jurrangelo Cijntje,0.1961,0.1711,1.0,0.0,0.0,6.800000000000001,STL,2026,pit,SP
sa828794,Brian Gonzalez,0.3131,0.1461,1.0,0.0,0.0,6.800000000000001,SDP,2026,pit,RP
sa3019278,Yu-Min Lin,0.1754,0.1754,1.0,0.0,0.0,6.800000000000001,ARI,2026,pit,SP
sa3020404,Landon Harper,0.2958,0.1498,1.0,0.0,0.0,6.800000000000001,ATL,2026,pit,SP
sa3016748,Leandro Lopez,0.1829,0.1739,1.0,0.0,0.0,6.800000000000001,TEX,2026,pit,SP
sa3008224,Nolan Kingham,0.3189,0.1449,1.0,0.0,0.0,6.800000000000001,,2026,pit,RP
sa3035282,Jackson Kent,0.1754,0.1754,1.0,0.0,0.0,6.800000000000001,WSN,2026,pit,SP
sa3017462,Matt Osterberg,0.1754,0.1754,1.0,0.0,0.0,6.800000000000001,,2026,pit,SP
12272,Aaron Brooks,0.3296,0.1426,1.0,0.0,0.0,6.800000000000001,,2026,pit,RP
sa3020563,C.J. Culpepper,0.1754,0.1754,1.0,0.0,0.0,6.800000000000001,MIN,2026,pit,SP
sa3020834,Connor Noland,0.2109,0.1679,1.0,0.0,0.0,6.800000000000001,CHC,2026,pit,SP
sa3025401,Connor Wietgrefe,0.1754,0.1754,1.0,0.0,0.0,6.800000000000001,PIT,2026,pit,SP
sa3023220,Blake Wehunt,0.1853,0.1733,1.0,0.0,0.0,6.800000000000001,BOS,2026,pit,SP
sa3022734,Andrew Lindsey,0.2059,0.1689,1.0,0.0,0.0,6.800000000000001,TBR,2026,pit,SP
sa943755,Kenny Hernandez,0.187,0.173,1.0,0.0,0.0,6.800000000000001,,2026,pit,SP
sa3020736,Cooper Hjerpe,0.1754,0.1754,1.0,0.0,0.0,6.800000000000001,STL,2026,pit,SP
sa3017815,Walker Powell,0.1754,0.1754,1.0,0.0,0.0,6.800000000000001,CHC,2026,pit,SP
2429,Corey Kluber,0.375,0.133,1.0,0.0,0.0,6.800000000000001,,2026,pit,RP
6632,Carlos Carrasco,0.2612,0.1572,1.0,0.0,0.0,6.800000000000001,ATL,2026,pit,SP
19675,James Marvel,0.3115,0.1465,1.0,0.0,0.0,6.800000000000001,,2026,pit,RP
sa3067558,Logan Mercado,0.4311,0.1211,1.0,0.0,0.0,6.800000000000001,ARI,2026,pit,RP
sa3021731,Gage Stanifer,0.3939,0.1289,1.0,0.0,0.0,3.8000000000000003,TOR,2026,pit,RP
sa3019390,Carlos Lagrange,0.1829,0.1739,1.0,0.0,0.0,6.800000000000001,NYY,2026,pit,SP
20430,Rony García,0.4022,0.1272,1.0,0.0,0.0,6.800000000000001,,2026,pit,RP
sa3005839,Luis De Avila,0.1754,0.1754,1.0,0.0,0.0,6.800000000000001,,2026,pit,SP
8004,Marcus Walden,0.2092,0.1682,1.0,0.0,0.0,6.800000000000001,,2026,pit,SP
sa3019386,Santiago Suarez,0.1754,0.1754,1.0,0.0,0.0,6.800000000000001,TBR,2026,pit,SP
sa3045855,Gage Ziehl,0.201,0.17,1.0,0.0,0.0,6.800000000000001,BOS,2026,pit,SP
sa3022876,Chen-Wei Lin,0.1754,0.1754,1.0,0.0,0.0,6.800000000000001,STL,2026,pit,SP
sa3015952,Winston Santos,0.1754,0.1754,1.0,0.0,0.0,6.800000000000001,TEX,2026,pit,SP
sa3043049,Khal Stephen,0.1837,0.1737,1.0,0.0,0.0,6.800000000000001,CLE,2026,pit,SP
sa3017951,Eduardo Rivera,0.2307,0.1637,1.0,0.0,0.0,3.8000000000000003,BOS,2026,pit,SP
sa3023526,Bishop Letson,0.2109,0.1679,1.0,0.0,0.0,6.800000000000001,MIL,2026,pit,SP
sa3018180,Chad Dallas,0.1754,0.1754,1.0,0.0,0.0,6.800000000000001,TOR,2026,pit,SP
12049,Kyle Hendricks,0.1754,0.1754,1.0,0.0,0.0,6.800000000000001,,2026,pit,SP
sa741947,Daniel Missaki,0.4682,0.1132,1.0,0.0,0.0,6.800000000000001,TEX,2026,pit,RP
sa3023218,Hayden Mullins,0.1837,0.1737,1.0,0.0,0.0,6.800000000000001,BOS,2026,pit,SP
sa3019270,Sean Paul Liñan,0.2183,0.1663,1.0,0.0,0.0,6.800000000000001,WSN,2026,pit,SP
sa3011187,Seth Shuman,0.314,0.146,1.0,0.0,0.0,6.800000000000001,WSN,2026,pit,RP
sa3006834,Gabe Mosser,0.1754,0.1754,1.0,0.0,0.0,6.800000000000001,SEA,2026,pit,SP
sa3023127,Blake Money,0.2455,0.1605,1.0,0.0,0.0,6.800000000000001,BAL,2026,pit,SP
sa3020603,Connor McCullough,0.1754,0.1754,1.0,0.0,0.0,6.800000000000001,CHW,2026,pit,SP
sa3023206,Kade Morris,0.1754,0.1754,1.0,0.0,0.0,6.800000000000001,ATH,2026,pit,SP
sa3017748,Trenton Wallace,0.4104,0.1254,1.0,0.0,0.0,6.800000000000001,TOR,2026,pit,RP
sa3020402,Spencer Giesting,0.1754,0.1754,1.0,0.0,0.0,6.800000000000001,ARI,2026,pit,SP
sa3020599,Brody McCullough,0.229,0.164,1.0,0.0,0.0,6.800000000000001,CHC,2026,pit,SP
sa3025668,Garrett Gainey,0.4212,0.1232,1.0,0.0,0.0,6.800000000000001,TBR,2026,pit,RP
sa3023161,James Hicks,0.1919,0.1719,1.0,0.0,0.0,6.800000000000001,HOU,2026,pit,SP
sa3023522,Grant Rogers,0.1754,0.1754,1.0,0.0,0.0,6.800000000000001,TOR,2026,pit,SP
sa3009519,Carlos Peña,0.3049,0.1479,1.0,0.0,0.0,6.800000000000001,DET,2026,pit,RP
sa3011433,Evan Fitterer,0.4352,0.1202,1.0,0.0,0.0,6.800000000000001,SDP,2026,pit,RP
23191,Michael Plassmeyer,0.1754,0.1754,1.0,0.0,0.0,6.800000000000001,TOR,2026,pit,SP
sa3062992,Kona Takahashi,0.1754,0.1754,1.0,0.0,0.0,6.800000000000001,,2026,pit,SP
12703,Trevor Bauer,0.1754,0.1754,1.0,0.0,0.0,6.800000000000001,,2026,pit,SP
sa3041892,Brett Sears,0.2125,0.1675,1.0,0.0,0.0,6.800000000000001,ATL,2026,pit,SP
sa3014713,CJ Van Eyk,0.1961,0.1711,1.0,0.0,0.0,6.800000000000001,TOR,2026,pit,SP
sa3015223,Wilmer Flores,0.3659,0.1349,1.0,0.0,0.0,6.800000000000001,,2026,pit,RP
sa3023506,Nick Dean,0.1754,0.1754,1.0,0.0,0.0,6.800000000000001,CHC,2026,pit,SP
sa3008589,Ethan Hankins,0.1754,0.1754,1.0,0.0,0.0,6.800000000000001,,2026,pit,SP
30203,Jackson Jobe,0.1754,0.1754,1.0,0.0,0.0,6.800000000000001,DET,2026,pit,SP
sa3011654,Peyton Plumlee,0.3593,0.1363,1.0,0.0,0.0,6.800000000000001,,2026,pit,RP
sa3023517,Nestor German,0.182,0.174,1.0,0.0,0.0,6.800000000000001,BAL,2026,pit,SP
sa3023508,Will Sanders,0.1985,0.1705,1.0,0.0,0.0,6.800000000000001,CHC,2026,pit,SP
sa738176,Joe Gunkel,0.22,0.166,1.0,0.0,0.0,6.800000000000001,,2026,pit,SP
6797,Julio Teheran,0.1754,0.1754,1.0,0.0,0.0,6.800000000000001,,2026,pit,SP
20565,Jackson Tetreault,0.1754,0.1754,1.0,0.0,0.0,6.800000000000001,,2026,pit,SP
sa657825,Erick Leal,0.1878,0.1728,1.0,0.0,0.0,6.800000000000001,,2026,pit,SP
sa3029984,Jaron DeBerry,0.2043,0.1693,1.0,0.0,0.0,6.800000000000001,MIL,2026,pit,SP
sa3011609,James Gonzalez,0.1754,0.1754,1.0,0.0,0.0,6.800000000000001,ATH,2026,pit,SP
sa3015224,Aaron Rozek,0.4113,0.1253,1.0,0.0,0.0,6.800000000000001,NYM,2026,pit,RP
sa3012021,Won-Jun Chang,0.1919,0.1719,1.0,0.0,0.0,6.800000000000001,,2026,pit,SP
sa691863,Mario Sanchez,0.1903,0.1723,1.0,0.0,0.0,6.800000000000001,,2026,pit,SP
sa3020682,Chase Hampton,0.1754,0.1754,1.0,0.0,0.0,6.800000000000001,NYY,2026,pit,SP
sa3031857,Ryan Gallagher,0.1754,0.1754,1.0,0.0,0.0,6.800000000000001,MIN,2026,pit,SP
sa874796,Juan Hillman,0.3255,0.1435,1.0,0.0,0.0,6.800000000000001,,2026,pit,RP
sa3020681,Trystan Vrieling,0.1936,0.1716,1.0,0.0,0.0,6.800000000000001,SFG,2026,pit,SP
sa3020392,Dylan Ray,0.1754,0.1754,1.0,0.0,0.0,6.800000000000001,ARI,2026,pit,SP
sa3020479,Dalton Rogers,0.2719,0.1549,1.0,0.0,0.0,3.8000000000000003,BOS,2026,pit,SP
sa3011803,Jean Pinto,0.2348,0.1628,1.0,0.0,0.0,6.800000000000001,,2026,pit,SP
sa3020797,Brandon Birdsell,0.1754,0.1754,1.0,0.0,0.0,6.800000000000001,CHC,2026,pit,SP
sa3020114,Adonys Perez,0.3181,0.1451,1.0,0.0,0.0,6.800000000000001,ARI,2026,pit,RP
26190,Blair Henley,0.1754,0.1754,1.0,0.0,0.0,6.800000000000001,,2026,pit,SP
12790,Raúl Alcántara,0.1754,0.1754,1.0,0.0,0.0,6.800000000000001,,2026,pit,SP
sa3018362,Rafael Sanchez,0.2241,0.1651,1.0,0.0,0.0,6.800000000000001,TOR,2026,pit,SP
14391,Yohander Méndez,0.1754,0.1754,1.0,0.0,0.0,6.800000000000001,,2026,pit,SP
sa3023483,Ben Shields,0.1754,0.1754,1.0,0.0,0.0,6.800000000000001,COL,2026,pit,SP
sa3017313,Logan Workman,0.1812,0.1742,1.0,0.0,0.0,6.800000000000001,TBR,2026,pit,SP
sa3023365,Ty Cummings,0.2431,0.1611,1.0,0.0,0.0,6.800000000000001,TBR,2026,pit,SP
16904,Aaron Wilkerson,0.1754,0.1754,1.0,0.0,0.0,6.800000000000001,,2026,pit,SP
sa3003083,Victor Santos,0.4929,0.1079,1.0,0.0,0.0,6.800000000000001,STL,2026,pit,RP
sa3017867,Nick Zwack,0.1754,0.1754,1.0,0.0,0.0,6.800000000000001,SFG,2026,pit,SP
16017,Odrisamer Despaigne,0.1812,0.1742,1.0,0.0,0.0,6.800000000000001,,2026,pit,SP
4806,Rich Hill,0.1754,0.1754,1.0,0.0,0.0,6.800000000000001,,2026,pit,SP
sa3004676,Rio Gomez,0.3461,0.1391,1.0,0.0,0.0,6.800000000000001,,2026,pit,RP
sa3011191,T.J. Sikkema,0.2538,0.1588,1.0,0.0,0.0,6.800000000000001,BOS,2026,pit,SP
sa3016469,Luis Gutierrez,0.2125,0.1675,1.0,0.0,0.0,6.800000000000001,SDP,2026,pit,SP
17732,Nabil Crismatt,0.3692,0.1342,1.0,0.0,0.0,6.800000000000001,TEX,2026,pit,RP
sa3017896,Christian McGowan,0.2134,0.1674,1.0,0.0,0.0,6.800000000000001,PHI,2026,pit,SP
sa3014851,Adam Laskey,0.2299,0.1639,1.0,0.0,0.0,6.800000000000001,COL,2026,pit,SP
5257,Wilmer Font,0.1754,0.1754,1.0,0.0,0.0,6.800000000000001,,2026,pit,SP
sa3007249,Troy Watson,0.3906,0.1296,1.0,0.0,0.0,6.800000000000001,DET,2026,pit,RP
sa3008134,John O'Reilly,0.342,0.14,1.0,0.0,0.0,6.800000000000001,,2026,pit,RP
6345,Chris Archer,0.1754,0.1754,1.0,0.0,0.0,6.800000000000001,,2026,pit,SP
sa3023510,Rorik Maltrud,0.1754,0.1754,1.0,0.0,0.0,6.800000000000001,CLE,2026,pit,SP
sa3023010,Josh Trentadue,0.2398,0.1618,1.0,0.0,0.0,6.800000000000001,TEX,2026,pit,SP
sa877857,Lachlan Wells,0.1754,0.1754,1.0,0.0,0.0,6.800000000000001,,2026,pit,SP
sa3023478,Josh Grosz,0.1829,0.1739,1.0,0.0,0.0,6.800000000000001,ARI,2026,pit,SP
sa3008335,Kohl Franklin,0.1754,0.1754,1.0,0.0,0.0,6.800000000000001,CHC,2026,pit,SP
2233,Adam Wainwright,0.1754,0.1754,1.0,0.0,0.0,6.800000000000001,,2026,pit,SP
sa3043741,Brandt Thompson,0.1911,0.1721,1.0,0.0,0.0,6.800000000000001,STL,2026,pit,SP
sa3020172,Billy Corcoran,0.1754,0.1754,1.0,0.0,0.0,6.800000000000001,ARI,2026,pit,SP
sa917970,Curtis Taylor,0.2208,0.1658,1.0,0.0,0.0,6.800000000000001,,2026,pit,SP
sa3067466,Dawson Netz,0.3445,0.1395,1.0,0.0,0.0,6.800000000000001,CHC,2026,pit,RP
sa3023682,Ryan Watson,0.1944,0.1714,1.0,0.0,0.0,6.800000000000001,TOR,2026,pit,SP
sa3025350,Konner Eaton,0.1754,0.1754,1.0,0.0,0.0,6.800000000000001,COL,2026,pit,SP
sa3067131,Ryan Sloan,0.1754,0.1754,1.0,0.0,0.0,6.800000000000001,SEA,2026,pit,SP
sa3009271,Jonatan Bernal,0.4508,0.1168,1.0,0.0,0.0,6.800000000000001,ARI,2026,pit,RP
sa3011249,Alec Gamboa,0.2216,0.1656,1.0,0.0,0.0,6.800000000000001,BOS,2026,pit,SP
20369,Matt Manning,0.1754,0.1754,1.0,0.0,0.0,6.800000000000001,,2026,pit,SP
sa3015931,Yorman Gómez,0.3156,0.1456,1.0,0.0,0.0,6.800000000000001,CLE,2026,pit,RP
sa3018826,Fernando Perez,0.1754,0.1754,1.0,0.0,0.0,6.800000000000001,TOR,2026,pit,SP
sa3002788,Alemao Hernandez,0.2562,0.1582,1.0,0.0,0.0,6.800000000000001,,2026,pit,SP
sa3020111,Jacob Miller,0.1829,0.1739,1.0,0.0,0.0,6.800000000000001,MIA,2026,pit,SP
sa709032,Jake Kalish,0.2068,0.1688,1.0,0.0,0.0,6.800000000000001,,2026,pit,SP
sa3021464,Davis Feldman,0.3552,0.1372,1.0,0.0,0.0,6.800000000000001,,2026,pit,RP
sa3007618,Sean Boyle,0.2101,0.1681,1.0,0.0,0.0,6.800000000000001,SDP,2026,pit,SP
sa3020463,Caleb Bolden,0.2892,0.1512,1.0,0.0,0.0,6.800000000000001,BOS,2026,pit,SP
sa3023006,Garrett McMillan,0.1754,0.1754,1.0,0.0,0.0,6.800000000000001,PIT,2026,pit,SP
sa3004197,Dylan File,0.2018,0.1698,1.0,0.0,0.0,6.800000000000001,DET,2026,pit,SP
sa3023352,Juaron Watts-Brown,0.1754,0.1754,1.0,0.0,0.0,6.800000000000001,BAL,2026,pit,SP
sa3023524,Alonzo Tredwell,0.2678,0.1558,1.0,0.0,0.0,6.800000000000001,HOU,2026,pit,SP
sa3023278,Owen Wild,0.1754,0.1754,1.0,0.0,0.0,6.800000000000001,TBR,2026,pit,SP
sa3020083,Michael Sansone,0.4987,0.1067,1.0,0.0,0.0,6.800000000000001,BOS,2026,pit,RP
sa3017783,Michael Morales,0.1754,0.1754,1.0,0.0,0.0,6.800000000000001,SEA,2026,pit,SP
sa3009858,Andrew Quezada,0.2505,0.1595,1.0,0.0,0.0,6.800000000000001,,2026,pit,SP
20132,Adam Oller,0.1754,0.1754,1.0,0.0,0.0,6.800000000000001,MIA,2026,pit,SP
12699,Ryan Carpenter,0.1754,0.1754,1.0,0.0,0.0,6.800000000000001,,2026,pit,SP
sa657697,Pedro Fernandez,0.3239,0.1439,1.0,0.0,0.0,6.800000000000001,,2026,pit,RP
22092,Kyle Tyler,0.2274,0.1644,1.0,0.0,0.0,6.800000000000001,,2026,pit,SP
sa3011129,Grant Gambrell,0.1952,0.1712,1.0,0.0,0.0,6.800000000000001,,2026,pit,SP
15463,José De León,0.1754,0.1754,1.0,0.0,0.0,6.800000000000001,,2026,pit,SP
13684,John Gant,0.3272,0.1432,1.0,0.0,0.0,6.800000000000001,,2026,pit,RP
sa828707,Trey Supak,0.1754,0.1754,1.0,0.0,0.0,6.800000000000001,TEX,2026,pit,SP
4776,Matt Shoemaker,0.3074,0.1474,1.0,0.0,0.0,6.800000000000001,,2026,pit,RP
sa3019818,Anders Tolhurst,0.1886,0.1726,1.0,0.0,0.0,6.800000000000001,,2026,pit,SP
sa3010242,Manuel Espinoza,0.4113,0.1253,1.0,0.0,0.0,6.800000000000001,,2026,pit,RP
sa3020525,Max Alba,0.2257,0.1647,1.0,0.0,0.0,6.800000000000001,DET,2026,pit,SP
sa3023134,Jaden Hamm,0.1754,0.1754,1.0,0.0,0.0,6.800000000000001,DET,2026,pit,SP
sa3018139,Trenton Denholm,0.2406,0.1616,1.0,0.0,0.0,6.800000000000001,CLE,2026,pit,SP
sa3017550,Alex Pham,0.4368,0.1198,1.0,0.0,0.0,6.800000000000001,BAL,2026,pit,RP
sa915571,Noah Bremer,0.2983,0.1493,1.0,0.0,0.0,6.800000000000001,,2026,pit,SP
sa3014871,Ryan Murphy,0.4673,0.1133,1.0,0.0,0.0,6.800000000000001,STL,2026,pit,RP
29832,Jackson Wolf,0.1754,0.1754,1.0,0.0,0.0,6.800000000000001,SDP,2026,pit,SP
sa3015415,Jose Gonzalez,0.1829,0.1739,1.0,0.0,0.0,6.800000000000001,LAA,2026,pit,SP
14932,Ben Lively,0.1754,0.1754,1.0,0.0,0.0,6.800000000000001,CLE,2026,pit,SP
sa3018005,Christian MacLeod,0.3593,0.1363,1.0,0.0,0.0,6.800000000000001,MIN,2026,pit,RP
sa3008453,Troy Miller,0.2266,0.1646,1.0,0.0,0.0,6.800000000000001,,2026,pit,SP
27458,Kwang Hyun Kim,0.2529,0.1589,1.0,0.0,0.0,6.800000000000001,,2026,pit,SP
sa3017504,Trent Baker,0.3832,0.1312,1.0,0.0,0.0,6.800000000000001,MIN,2026,pit,RP
sa3015489,Antwone Kelly,0.1754,0.1754,1.0,0.0,0.0,6.800000000000001,PIT,2026,pit,SP
sa3023304,Drue Hackenberg,0.1754,0.1754,1.0,0.0,0.0,3.8000000000000003,ATL,2026,pit,SP
sa3008312,Colton Eastman,0.3354,0.1414,1.0,0.0,0.0,6.800000000000001,,2026,pit,RP
sa3018173,Garrett Burhenn,0.1886,0.1726,1.0,0.0,0.0,6.800000000000001,DET,2026,pit,SP
17489,Spenser Watkins,0.1754,0.1754,1.0,0.0,0.0,6.800000000000001,,2026,pit,SP
sa3004857,David Parkinson,0.2802,0.1532,1.0,0.0,0.0,6.800000000000001,,2026,pit,SP
sa3022939,Ryan Brown,0.4525,0.1165,1.0,0.0,0.0,6.800000000000001,ATH,2026,pit,RP
sa3020528,Cameron Weston,0.1944,0.1714,1.0,0.0,0.0,6.800000000000001,BAL,2026,pit,SP
sa3014921,Jimmy Endersby,0.3082,0.1472,1.0,0.0,0.0,6.800000000000001,,2026,pit,RP
sa3023310,Garrett Baumann,0.1754,0.1754,1.0,0.0,0.0,6.800000000000001,ATL,2026,pit,SP
25928,Darius Vines,0.417,0.124,1.0,0.0,0.0,6.800000000000001,ATL,2026,pit,RP
sa3018145,Riley Davis,0.4253,0.1223,1.0,0.0,0.0,6.800000000000001,,2026,pit,RP
sa3020833,Trey Dombroski,0.248,0.16,1.0,0.0,0.0,6.800000000000001,HOU,2026,pit,SP
sa3018042,Jose Cabrera,0.1754,0.1754,1.0,0.0,0.0,6.800000000000001,ARI,2026,pit,SP
sa3022953,Ixan Henderson,0.1754,0.1754,1.0,0.0,0.0,6.800000000000001,STL,2026,pit,SP
sa3014457,Garrett Stallings,0.3131,0.1461,1.0,0.0,0.0,6.800000000000001,MIL,2026,pit,RP
sa3015286,Josh Stephan,0.1994,0.1704,1.0,0.0,0.0,6.800000000000001,TEX,2026,pit,SP
sa828727,Carlos Luna,0.2464,0.1604,1.0,0.0,0.0,6.800000000000001,,2026,pit,SP
14862,Zack Godley,0.2579,0.1579,1.0,0.0,0.0,6.800000000000001,,2026,pit,SP
sa3022108,Irving Cota,0.3404,0.1404,1.0,0.0,0.0,6.800000000000001,NYM,2026,pit,RP
sa737377,Ronald Medrano,0.2587,0.1577,1.0,0.0,0.0,6.800000000000001,,2026,pit,SP
sa3003124,Marcos Tineo,0.1754,0.1754,1.0,0.0,0.0,6.800000000000001,ARI,2026,pit,SP
sa3031164,Greg Farone,0.1754,0.1754,1.0,0.0,0.0,6.800000000000001,SFG,2026,pit,SP
sa917323,Jose Chacin,0.2356,0.1626,1.0,0.0,0.0,6.800000000000001,,2026,pit,SP
sa3017950,Brock Selvidge,0.1853,0.1733,1.0,0.0,0.0,6.800000000000001,NYY,2026,pit,SP
5372,Michael Pineda,0.1754,0.1754,1.0,0.0,0.0,6.800000000000001,,2026,pit,SP
sa3018107,Rodney Boone,0.1754,0.1754,1.0,0.0,0.0,6.800000000000001,CLE,2026,pit,SP
sa3018259,Anthony Solometo,0.1754,0.1754,1.0,0.0,0.0,6.800000000000001,PIT,2026,pit,SP
sa3020324,Marcus Johnson,0.1754,0.1754,1.0,0.0,0.0,6.800000000000001,TBR,2026,pit,SP
15764,Masahiro Tanaka,0.1754,0.1754,1.0,0.0,0.0,6.800000000000001,,2026,pit,SP
sa3017913,Landon Marceaux,0.1754,0.1754,1.0,0.0,0.0,6.800000000000001,,2026,pit,SP
sa3067132,Charlie McDaniel,0.3412,0.1402,1.0,0.0,0.0,6.800000000000001,SFG,2026,pit,RP
sa3022858,Eric Yost,0.1754,0.1754,1.0,0.0,0.0,6.800000000000001,SDP,2026,pit,SP
6893,Johnny Cueto,0.1754,0.1754,1.0,0.0,0.0,6.800000000000001,,2026,pit,SP
sa3004215,Seth Nordlin,0.4195,0.1235,1.0,0.0,0.0,6.800000000000001,,2026,pit,RP
sa3025587,Rafe Schlesinger,0.2257,0.1647,1.0,0.0,0.0,6.800000000000001,CLE,2026,pit,SP
sa3020818,Dylan Cumming,0.3923,0.1293,1.0,0.0,0.0,6.800000000000001,CHW,2026,pit,RP
sa3014982,Taylor Dollard,0.1862,0.1732,1.0,0.0,0.0,6.800000000000001,SEA,2026,pit,SP
sa3023441,Levi Wells,0.2059,0.1689,1.0,0.0,0.0,6.800000000000001,BAL,2026,pit,SP
sa3004701,Aaron Leasher,0.4475,0.1175,1.0,0.0,0.0,6.800000000000001,,2026,pit,RP
sa3023412,Dylan Carmouche,0.2109,0.1679,1.0,0.0,0.0,6.800000000000001,SFG,2026,pit,SP
sa3022948,Riley Gowens,0.1754,0.1754,1.0,0.0,0.0,6.800000000000001,CHW,2026,pit,SP
sa3023046,Sam Armstrong,0.1812,0.1742,1.0,0.0,0.0,6.800000000000001,MIN,2026,pit,SP
sa3006766,Jake Lee,0.3832,0.1312,1.0,0.0,0.0,6.800000000000001,,2026,pit,RP
sa3020489,Alex Amalfi,0.4187,0.1237,1.0,0.0,0.0,6.800000000000001,TOR,2026,pit,RP
sa3015214,Manuel Mercedes,0.3123,0.1463,1.0,0.0,0.0,6.800000000000001,SFG,2026,pit,RP
sa3006817,Julio Robaina,0.2299,0.1639,1.0,0.0,0.0,6.800000000000001,,2026,pit,SP
sa915638,Alex Troop,0.375,0.133,1.0,0.0,0.0,6.800000000000001,,2026,pit,RP
sa3020393,Joe Miller,0.1961,0.1711,1.0,0.0,0.0,6.800000000000001,DET,2026,pit,SP
11762,Noah Syndergaard,0.1754,0.1754,1.0,0.0,0.0,6.800000000000001,,2026,pit,SP
sa3023444,Kyle Carr,0.1754,0.1754,1.0,0.0,0.0,6.800000000000001,NYY,2026,pit,SP
sa3023681,Ricky Castro,0.2975,0.1495,1.0,0.0,0.0,6.800000000000001,MIN,2026,pit,SP
sa3022742,Casey Anderson,0.4344,0.1204,1.0,0.0,0.0,6.800000000000001,ARI,2026,pit,RP
sa3017140,Tyson Guerrero,0.1754,0.1754,1.0,0.0,0.0,6.800000000000001,KCR,2026,pit,SP
sa3003021,Luis Palacios,0.4624,0.1144,1.0,0.0,0.0,6.800000000000001,MIA,2026,pit,RP
sa3006826,Adam Scott,0.3453,0.1393,1.0,0.0,0.0,6.800000000000001,,2026,pit,RP
sa3004944,John Swanda,0.3041,0.1481,1.0,0.0,0.0,6.800000000000001,,2026,pit,RP
sa3017503,Konnor Ash,0.45,0.117,1.0,0.0,0.0,6.800000000000001,,2026,pit,RP
13183,Zach Davies,0.1754,0.1754,1.0,0.0,0.0,6.800000000000001,,2026,pit,SP
sa3021508,Yordin Chalas,0.2958,0.1498,1.0,0.0,0.0,6.800000000000001,ARI,2026,pit,SP
sa3019958,Jordan Geber,0.4715,0.1125,1.0,0.0,0.0,6.800000000000001,NYM,2026,pit,RP
sa3018802,Joseph Montalvo,0.1919,0.1719,1.0,0.0,0.0,6.800000000000001,DET,2026,pit,SP
sa3020382,Blake Burkhalter,0.3272,0.1432,1.0,0.0,0.0,6.800000000000001,ATL,2026,pit,RP
sa3020314,Alex Williams,0.3676,0.1346,1.0,0.0,0.0,6.800000000000001,MIA,2026,pit,RP
sa3025220,Teddy McGraw,0.2018,0.1698,1.0,0.0,0.0,6.800000000000001,SEA,2026,pit,SP
sa3023171,Matt Wilkinson,0.1754,0.1754,1.0,0.0,0.0,6.800000000000001,CLE,2026,pit,SP
sa974592,Adrian Alcantara,0.389,0.13,1.0,0.0,0.0,6.800000000000001,,2026,pit,RP
sa3023471,Jackson Baumeister,0.1754,0.1754,1.0,0.0,0.0,6.800000000000001,TBR,2026,pit,SP
sa3011410,Nick Bennett,0.4846,0.1096,1.0,0.0,0.0,6.800000000000001,,2026,pit,RP
19206,Dakota Hudson,0.1754,0.1754,1.0,0.0,0.0,6.800000000000001,,2026,pit,SP
sa3020077,Jake Garland,0.2727,0.1547,1.0,0.0,0.0,6.800000000000001,ATH,2026,pit,SP
sa3067146,Cohen Achen,0.4121,0.1251,1.0,0.0,0.0,6.800000000000001,BAL,2026,pit,RP
sa3023454,Trent Sellers,0.1754,0.1754,1.0,0.0,0.0,6.800000000000001,NYY,2026,pit,SP
16269,John Means,0.1754,0.1754,1.0,0.0,0.0,6.800000000000001,KCR,2026,pit,SP
sa3009629,Hancel Rincon,0.1944,0.1714,1.0,0.0,0.0,6.800000000000001,STL,2026,pit,SP
sa3025545,Evan Yates,0.4187,0.1237,1.0,0.0,0.0,6.800000000000001,BAL,2026,pit,RP
sa3017965,Eric Silva,0.4616,0.1146,1.0,0.0,0.0,6.800000000000001,DET,2026,pit,RP
sa3023473,Khristian Curtis,0.1862,0.1732,1.0,0.0,0.0,6.800000000000001,PIT,2026,pit,SP
sa3023411,Jackson Nezuh,0.201,0.17,1.0,0.0,0.0,6.800000000000001,HOU,2026,pit,SP
sa3008486,Joelvis Del Rosario,0.1754,0.1754,1.0,0.0,0.0,6.800000000000001,,2026,pit,SP
sa3067144,Brandon Clarke,0.1754,0.1754,1.0,0.0,0.0,3.8000000000000003,STL,2026,pit,SP
sa3032946,David Hagaman,0.1754,0.1754,1.0,0.0,0.0,6.800000000000001,ARI,2026,pit,SP
sa3010236,Jarod Bayless,0.4962,0.1072,1.0,0.0,0.0,6.800000000000001,PIT,2026,pit,RP
sa3020875,Steven Zobac,0.1754,0.1754,1.0,0.0,0.0,6.800000000000001,KCR,2026,pit,SP
sa3005028,Ethan Lindow,0.229,0.164,1.0,0.0,0.0,6.800000000000001,,2026,pit,SP
sa3020222,Isaac Coffey,0.2406,0.1616,1.0,0.0,0.0,6.800000000000001,BOS,2026,pit,SP
sa3023474,Hunter Owen,0.201,0.17,1.0,0.0,0.0,6.800000000000001,KCR,2026,pit,SP
sa3015464,Juan Nuñez,0.3816,0.1316,1.0,0.0,0.0,6.800000000000001,BAL,2026,pit,RP
sa3006759,Aaron Shortridge,0.2925,0.1505,1.0,0.0,0.0,6.800000000000001,,2026,pit,SP
sa3020889,Marcelo Perez,0.1754,0.1754,1.0,0.0,0.0,6.800000000000001,SEA,2026,pit,SP
sa3009940,Chase Solesky,0.182,0.174,1.0,0.0,0.0,6.800000000000001,TBR,2026,pit,SP
sa3014429,Chris McMahon,0.1754,0.1754,1.0,0.0,0.0,6.800000000000001,,2026,pit,SP
sa3010787,Evan McKendry,0.2752,0.1542,1.0,0.0,0.0,6.800000000000001,MIA,2026,pit,SP
sa3019911,Ian Mejia,0.2356,0.1626,1.0,0.0,0.0,6.800000000000001,ATL,2026,pit,SP
sa3066034,Koyo Aoyagi,0.408,0.126,1.0,0.0,0.0,6.800000000000001,,2026,pit,RP
sa3023469,Danny Wirchansky,0.3329,0.1419,1.0,0.0,0.0,6.800000000000001,SEA,2026,pit,RP
sa3020628,Jacob Watters,0.1754,0.1754,1.0,0.0,0.0,6.800000000000001,TBR,2026,pit,SP
sa3025060,Caden Scarborough,0.1829,0.1739,1.0,0.0,0.0,6.800000000000001,TEX,2026,pit,SP
sa3020841,Dominic Perachi,0.1928,0.1718,1.0,0.0,0.0,6.800000000000001,PIT,2026,pit,SP
sa3019255,Jose Fleury,0.2142,0.1672,1.0,0.0,0.0,6.800000000000001,HOU,2026,pit,SP
sa3014538,Ian Bedell,0.1754,0.1754,1.0,0.0,0.0,6.800000000000001,STL,2026,pit,SP
sa3017946,Bailey Dees,0.4368,0.1198,1.0,0.0,0.0,6.800000000000001,NYY,2026,pit,RP
10732,Drew Hutchison,0.2983,0.1493,1.0,0.0,0.0,6.800000000000001,,2026,pit,SP
sa3023662,Wyatt Crowell,0.2282,0.1642,1.0,0.0,0.0,3.8000000000000003,LAD,2026,pit,SP
27685,Carson Spiers,0.4228,0.1228,1.0,0.0,0.0,6.800000000000001,CIN,2026,pit,RP
sa3005848,Yon Castro,0.4772,0.1112,1.0,0.0,0.0,6.800000000000001,,2026,pit,RP
sa3011122,Austin Bergner,0.2892,0.1512,1.0,0.0,0.0,6.800000000000001,TEX,2026,pit,SP
sa3005692,Efrain Contreras,0.2826,0.1526,1.0,0.0,0.0,6.800000000000001,LAA,2026,pit,SP
sa3018004,Blake Beers,0.2587,0.1577,1.0,0.0,0.0,6.800000000000001,ATH,2026,pit,SP
sa3022587,Paul Bonzagni,0.2505,0.1595,1.0,0.0,0.0,6.800000000000001,TEX,2026,pit,SP
sa3008443,Zach Willeman,0.1903,0.1723,1.0,0.0,0.0,6.800000000000001,,2026,pit,SP
sa829808,Jeff Bain,0.3857,0.1307,1.0,0.0,0.0,6.800000000000001,,2026,pit,RP
sa3017315,Brooks Gosswein,0.2744,0.1544,1.0,0.0,0.0,6.800000000000001,,2026,pit,SP
sa3019248,Cesar Perdomo,0.1754,0.1754,1.0,0.0,0.0,6.800000000000001,SFG,2026,pit,SP
18699,Nick Neidert,0.1754,0.1754,1.0,0.0,0.0,6.800000000000001,,2026,pit,SP
sa3020185,Grant Kipp,0.1961,0.1711,1.0,0.0,0.0,6.800000000000001,CHC,2026,pit,SP
sa3006801,Matt Frisbee,0.2678,0.1558,1.0,0.0,0.0,6.800000000000001,,2026,pit,SP
sa3004661,Shawn Semple,0.267,0.156,1.0,0.0,0.0,6.800000000000001,,2026,pit,SP
sa3020883,Adam Maier,0.1994,0.1704,1.0,0.0,0.0,6.800000000000001,ATL,2026,pit,SP
sa3017201,Nick Dombkowski,0.4278,0.1218,1.0,0.0,0.0,6.800000000000001,PIT,2026,pit,RP
sa3010125,Blake Townsend,0.497,0.107,1.0,0.0,0.0,6.800000000000001,TEX,2026,pit,RP
sa3022857,Josh Bostick,0.1829,0.1739,1.0,0.0,0.0,6.800000000000001,SFG,2026,pit,SP
sa3015208,Drake Fellows,0.281,0.153,1.0,0.0,0.0,6.800000000000001,NYY,2026,pit,SP
19269,T.J. Zeuch,0.1754,0.1754,1.0,0.0,0.0,6.800000000000001,,2026,pit,SP
sa3020891,Jackson Ferris,0.1886,0.1726,1.0,0.0,0.0,6.800000000000001,LAD,2026,pit,SP
sa3023160,Will Schomberg,0.2942,0.1502,1.0,0.0,0.0,6.800000000000001,MIA,2026,pit,SP
sa874732,Nolan Watson,0.1754,0.1754,1.0,0.0,0.0,6.800000000000001,,2026,pit,SP
16106,Cy Sneed,0.1829,0.1739,1.0,0.0,0.0,6.800000000000001,,2026,pit,SP
sa3015346,Moisés Chace,0.1754,0.1754,1.0,0.0,0.0,3.8000000000000003,PHI,2026,pit,SP
sa3004704,Bryce Conley,0.1829,0.1739,1.0,0.0,0.0,6.800000000000001,NYM,2026,pit,SP
sa3020972,Gary Gill Hill,0.1754,0.1754,1.0,0.0,0.0,6.800000000000001,TBR,2026,pit,SP
sa3017312,Anthony Simonelli,0.4376,0.1196,1.0,0.0,0.0,6.800000000000001,KCR,2026,pit,RP
sa3022874,Chris Clark,0.1911,0.1721,1.0,0.0,0.0,6.800000000000001,TBR,2026,pit,SP
sa3008228,Rodney Theophile,0.1754,0.1754,1.0,0.0,0.0,6.800000000000001,,2026,pit,SP
sa3025505,Mason Marriott,0.1754,0.1754,1.0,0.0,0.0,6.800000000000001,ARI,2026,pit,SP
sa3011712,Avery Short,0.1754,0.1754,1.0,0.0,0.0,6.800000000000001,ARI,2026,pit,SP
sa3045033,John West,0.1837,0.1737,1.0,0.0,0.0,6.800000000000001,ARI,2026,pit,SP
sa3023421,Alex Clemmey,0.1754,0.1754,1.0,0.0,0.0,3.8000000000000003,WSN,2026,pit,SP
sa919112,Chad Donato,0.2043,0.1693,1.0,0.0,0.0,6.800000000000001,,2026,pit,SP
19705,Matt Swarmer,0.4022,0.1272,1.0,0.0,0.0,6.800000000000001,,2026,pit,RP
sa3014491,Trent Palmer,0.4368,0.1198,1.0,0.0,0.0,3.8000000000000003,,2026,pit,RP
sa3012046,Yongchan Lee,0.4846,0.1096,1.0,0.0,0.0,6.800000000000001,,2026,pit,RP
sa946165,Christian Mejias,0.1952,0.1712,1.0,0.0,0.0,6.800000000000001,,2026,pit,SP
sa3009237,Juan Carela,0.1754,0.1754,1.0,0.0,0.0,6.800000000000001,CHW,2026,pit,SP
sa3018138,Chandler Champlain,0.201,0.17,1.0,0.0,0.0,6.800000000000001,KCR,2026,pit,SP
sa3022880,Luis De La Torre,0.2101,0.1681,1.0,0.0,0.0,3.8000000000000003,SFG,2026,pit,SP
sa3005207,Alex Valverde,0.2513,0.1593,1.0,0.0,0.0,6.800000000000001,,2026,pit,SP
sa3023276,Brandon Beckel,0.4978,0.1068,1.0,0.0,0.0,6.800000000000001,PHI,2026,pit,RP
1994,Iván Nova,0.1754,0.1754,1.0,0.0,0.0,6.800000000000001,COL,2026,pit,SP
sa3024964,Dylan DeLucia,0.1903,0.1723,1.0,0.0,0.0,6.800000000000001,CLE,2026,pit,SP
sa3008697,Juan Daniel Encarnacion,0.2051,0.1691,1.0,0.0,0.0,6.800000000000001,,2026,pit,SP
sa3020746,Max Rajcic,0.1754,0.1754,1.0,0.0,0.0,6.800000000000001,STL,2026,pit,SP
19671,Sterling Sharp,0.1936,0.1716,1.0,0.0,0.0,6.800000000000001,,2026,pit,SP
4001,Enny Romero,0.1754,0.1754,1.0,0.0,0.0,6.800000000000001,,2026,pit,SP
18376,Connor Overton,0.1754,0.1754,1.0,0.0,0.0,6.800000000000001,,2026,pit,SP
13339,Adrian Sampson,0.22,0.166,1.0,0.0,0.0,6.800000000000001,,2026,pit,SP
sa3021719,Erik Tolman,0.3791,0.1321,1.0,0.0,0.0,6.800000000000001,WSN,2026,pit,RP
sa3020174,Blake Adams,0.2983,0.1493,1.0,0.0,0.0,6.800000000000001,COL,2026,pit,SP
sa3067062,Kenny Serwa,0.2142,0.1672,1.0,0.0,0.0,6.800000000000001,DET,2026,pit,SP
12917,Dylan Bundy,0.1754,0.1754,1.0,0.0,0.0,6.800000000000001,,2026,pit,SP
sa3014799,Cesar Gomez,0.4319,0.1209,1.0,0.0,0.0,6.800000000000001,,2026,pit,RP
sa916727,Johan Dominguez,0.2068,0.1688,1.0,0.0,0.0,6.800000000000001,,2026,pit,SP
sa3020702,Cory Lewis,0.3329,0.1419,1.0,0.0,0.0,3.8000000000000003,MIN,2026,pit,RP
sa3020954,Hunter Patteson,0.1994,0.1704,1.0,0.0,0.0,6.800000000000001,KCR,2026,pit,SP
sa918674,Grant Gavin,0.3173,0.1453,1.0,0.0,0.0,6.800000000000001,,2026,pit,RP
sa3011815,Tyler Schlaffer,0.1754,0.1754,1.0,0.0,0.0,6.800000000000001,CHC,2026,pit,SP
sa1169991,Adam Leverett,0.2002,0.1702,1.0,0.0,0.0,6.800000000000001,SEA,2026,pit,SP
6397,Jake Odorizzi,0.1985,0.1705,1.0,0.0,0.0,6.800000000000001,,2026,pit,SP
sa3008630,Tim Brennan,0.2793,0.1533,1.0,0.0,0.0,6.800000000000001,,2026,pit,SP
sa3020378,Kyle Luckham,0.1886,0.1726,1.0,0.0,0.0,6.800000000000001,WSN,2026,pit,SP
sa3015216,Joe Elbis,0.1754,0.1754,1.0,0.0,0.0,6.800000000000001,,2026,pit,SP
sa3014923,Kyle Brnovich,0.2101,0.1681,1.0,0.0,0.0,6.800000000000001,PHI,2026,pit,SP
sa3025446,Caden Favors,0.1754,0.1754,1.0,0.0,0.0,3.8000000000000003,CLE,2026,pit,SP
sa3016833,Gabriel Reyes,0.2051,0.1691,1.0,0.0,0.0,3.8000000000000003,DET,2026,pit,SP
sa3023155,Hayden Minton,0.2241,0.1651,1.0,0.0,0.0,6.800000000000001,DET,2026,pit,SP
sa3023038,Patrick Reilly,0.1754,0.1754,1.0,0.0,0.0,6.800000000000001,BAL,2026,pit,SP
sa3020330,Owen Murphy,0.1754,0.1754,1.0,0.0,0.0,6.800000000000001,ATL,2026,pit,SP
sa3020659,Karson Milbrandt,0.1754,0.1754,1.0,0.0,0.0,3.8000000000000003,MIA,2026,pit,SP
sa3023258,Shane Rademacher,0.2257,0.1647,1.0,0.0,0.0,6.800000000000001,SFG,2026,pit,SP
sa3010250,Nick Fraze,0.2447,0.1607,1.0,0.0,0.0,6.800000000000001,,2026,pit,SP
19244,Cole Irvin,0.3832,0.1312,1.0,0.0,0.0,6.800000000000001,LAD,2026,pit,RP
sa3024232,Anderson Brito,0.1754,0.1754,1.0,0.0,0.0,3.8000000000000003,TBR,2026,pit,SP
sa3025586,Mason Molina,0.1829,0.1739,1.0,0.0,0.0,3.8000000000000003,STL,2026,pit,SP
sa917869,Deyni Olivero,0.1754,0.1754,1.0,0.0,0.0,6.800000000000001,,2026,pit,SP
11490,Aaron Sanchez,0.3906,0.1296,1.0,0.0,0.0,6.800000000000001,KCR,2026,pit,RP
sa3030418,Nate Dohm,0.1829,0.1739,1.0,0.0,0.0,6.800000000000001,STL,2026,pit,SP
sa3020901,Henry Williams,0.1911,0.1721,1.0,0.0,0.0,6.800000000000001,KCR,2026,pit,SP
sa3004657,Tony Dibrell,0.2505,0.1595,1.0,0.0,0.0,6.800000000000001,,2026,pit,SP
sa3018257,Shane Panzini,0.2785,0.1535,1.0,0.0,0.0,6.800000000000001,KCR,2026,pit,SP
sa3010369,Chase Chaney,0.2134,0.1674,1.0,0.0,0.0,6.800000000000001,NYY,2026,pit,SP
sa917925,Jay Groome,0.1754,0.1754,1.0,0.0,0.0,6.800000000000001,,2026,pit,SP
sa915852,Jake Walters,0.3816,0.1316,1.0,0.0,0.0,6.800000000000001,,2026,pit,RP
sa3006986,Conner Loeprich,0.1754,0.1754,1.0,0.0,0.0,6.800000000000001,,2026,pit,SP
9460,Dan Straily,0.1853,0.1733,1.0,0.0,0.0,6.800000000000001,,2026,pit,SP
sa3039760,Cole Peschl,0.2645,0.1565,1.0,0.0,0.0,6.800000000000001,MIN,2026,pit,SP
sa3023222,Jace Kaminska,0.1853,0.1733,1.0,0.0,0.0,6.800000000000001,MIN,2026,pit,SP
sa3020633,Alex McFarlane,0.2826,0.1526,1.0,0.0,0.0,6.800000000000001,PHI,2026,pit,SP
sa3023179,Carson Pierce,0.4137,0.1247,1.0,0.0,0.0,6.800000000000001,TOR,2026,pit,RP
sa3036846,Ryan Magdic,0.2628,0.1568,1.0,0.0,0.0,6.800000000000001,ATH,2026,pit,SP
sa3023123,Chandler Murphy,0.3131,0.1461,1.0,0.0,0.0,6.800000000000001,TBR,2026,pit,RP
sa3009992,Hyun-il Choi,0.2521,0.1591,1.0,0.0,0.0,6.800000000000001,,2026,pit,SP
sa3042868,Shea Sprague,0.37,0.134,1.0,0.0,0.0,6.800000000000001,BOS,2026,pit,RP
sa3023036,Lucas Gordon,0.1754,0.1754,1.0,0.0,0.0,6.800000000000001,CHW,2026,pit,SP
sa3017551,Nic Swanson,0.2241,0.1651,1.0,0.0,0.0,6.800000000000001,HOU,2026,pit,SP
4869,Mike Montgomery,0.1952,0.1712,1.0,0.0,0.0,6.800000000000001,,2026,pit,SP
sa3019695,Duncan Snider,0.2035,0.1695,1.0,0.0,0.0,6.800000000000001,,2026,pit,SP
sa3019291,Manuel Rodriguez,0.1754,0.1754,1.0,0.0,0.0,6.800000000000001,MIL,2026,pit,SP
sa3025585,Josh Randall,0.1754,0.1754,1.0,0.0,0.0,6.800000000000001,WSN,2026,pit,SP
sa3018832,Enmanuel Pinales,0.2167,0.1667,1.0,0.0,0.0,6.800000000000001,SDP,2026,pit,SP
sa3021019,Eccel Correa,0.3272,0.1432,1.0,0.0,0.0,6.800000000000001,BAL,2026,pit,RP
sa872808,Norwith Gudiño,0.389,0.13,1.0,0.0,0.0,6.800000000000001,,2026,pit,RP
sa3025476,Ramsey David,0.4319,0.1209,1.0,0.0,0.0,3.8000000000000003,HOU,2026,pit,RP
10021,Mike Minor,0.1754,0.1754,1.0,0.0,0.0,6.800000000000001,,2026,pit,SP
sa918026,Wilkel Hernandez,0.2876,0.1516,1.0,0.0,0.0,6.800000000000001,,2026,pit,SP
sa3022737,Roman Angelo,0.1754,0.1754,1.0,0.0,0.0,6.800000000000001,ARI,2026,pit,SP
29823,Ky Bush,0.1754,0.1754,1.0,0.0,0.0,6.800000000000001,CHW,2026,pit,SP
sa3026785,Drew Beam,0.1754,0.1754,1.0,0.0,0.0,6.800000000000001,KCR,2026,pit,SP
sa3067033,Drake George,0.1886,0.1726,1.0,0.0,0.0,6.800000000000001,SFG,2026,pit,SP
sa3014789,Jaime Arias,0.4063,0.1263,1.0,0.0,0.0,6.800000000000001,,2026,pit,RP
13345,Luis Cessa,0.2068,0.1688,1.0,0.0,0.0,6.800000000000001,,2026,pit,SP
sa3017417,Adrian Chaidez,0.4113,0.1253,1.0,0.0,0.0,6.800000000000001,,2026,pit,RP
sa3020605,Ryan Ramsey,0.2299,0.1639,1.0,0.0,0.0,6.800000000000001,KCR,2026,pit,SP
sa3011592,Zach King,0.2661,0.1561,1.0,0.0,0.0,6.800000000000001,,2026,pit,SP
sa3039663,Dalton Pence,0.2793,0.1533,1.0,0.0,0.0,6.800000000000001,TEX,2026,pit,SP
3542,Danny Duffy,0.1886,0.1726,1.0,0.0,0.0,3.8000000000000003,,2026,pit,SP
sa3005698,Williander Moreno,0.3651,0.1351,1.0,0.0,0.0,6.800000000000001,,2026,pit,RP
sa3025655,Luke Lashutka,0.3923,0.1293,1.0,0.0,0.0,6.800000000000001,MIA,2026,pit,RP
27582,Davis Daniel,0.2579,0.1579,1.0,0.0,0.0,6.800000000000001,CIN,2026,pit,SP
sa3022794,Alec Baker,0.3164,0.1454,1.0,0.0,0.0,6.800000000000001,ARI,2026,pit,RP
sa3023223,Emmett Olson,0.1952,0.1712,1.0,0.0,0.0,6.800000000000001,MIA,2026,pit,SP
sa3023436,Chuck King,0.1895,0.1725,1.0,0.0,0.0,6.800000000000001,PHI,2026,pit,SP
sa3029886,Braden Davis,0.1985,0.1705,1.0,0.0,0.0,3.8000000000000003,STL,2026,pit,SP
sa3023213,Logan Martin,0.1754,0.1754,1.0,0.0,0.0,6.800000000000001,SFG,2026,pit,SP
sa3014699,Po-Yu Chen,0.1944,0.1714,1.0,0.0,0.0,6.800000000000001,PIT,2026,pit,SP
sa3020626,Adam Serwinowski,0.182,0.174,1.0,0.0,0.0,6.800000000000001,LAD,2026,pit,SP
sa3020598,Braeden Fausnaught,0.2068,0.1688,1.0,0.0,0.0,6.800000000000001,PHI,2026,pit,SP
sa3023283,Patrick Copen,0.1754,0.1754,1.0,0.0,0.0,3.8000000000000003,LAD,2026,pit,SP
sa3042362,Luke Sinnard,0.1754,0.1754,1.0,0.0,0.0,6.800000000000001,ATL,2026,pit,SP
sa3006381,Victor Munoz,0.3527,0.1377,1.0,0.0,0.0,6.800000000000001,,2026,pit,RP
sa3020396,Chris Campos,0.1961,0.1711,1.0,0.0,0.0,6.800000000000001,LAD,2026,pit,SP
sa3037314,Sean Matson,0.4846,0.1096,1.0,0.0,0.0,6.800000000000001,CLE,2026,pit,RP
20237,Tyler Ivey,0.1754,0.1754,1.0,0.0,0.0,6.800000000000001,,2026,pit,SP
sa3020876,Jagger Haynes,0.182,0.174,1.0,0.0,0.0,3.8000000000000003,SDP,2026,pit,SP
sa3067030,Braylon Doughty,0.1754,0.1754,1.0,0.0,0.0,6.800000000000001,CLE,2026,pit,SP
sa3007606,Manuel Urias,0.2439,0.1609,1.0,0.0,0.0,6.800000000000001,HOU,2026,pit,SP
18331,James Kaprielian,0.2117,0.1677,1.0,0.0,0.0,6.800000000000001,,2026,pit,SP
sa3025822,Blake Aita,0.2092,0.1682,1.0,0.0,0.0,6.800000000000001,STL,2026,pit,SP
sa3022999,Ryan Hawks,0.1829,0.1739,1.0,0.0,0.0,6.800000000000001,SEA,2026,pit,SP
sa3015949,Darlin Saladin,0.3131,0.1461,1.0,0.0,0.0,6.800000000000001,STL,2026,pit,RP
sa3022418,Maikel Miralles,0.2257,0.1647,1.0,0.0,0.0,6.800000000000001,SDP,2026,pit,SP
sa3021728,Michael Kennedy,0.2785,0.1535,1.0,0.0,0.0,6.800000000000001,CLE,2026,pit,SP
sa3011125,Mike Ruff,0.3313,0.1423,1.0,0.0,0.0,6.800000000000001,,2026,pit,RP
sa3023101,Ty Langenberg,0.1829,0.1739,1.0,0.0,0.0,6.800000000000001,MIN,2026,pit,SP
sa3010781,Morgan McSweeney,0.1886,0.1726,1.0,0.0,0.0,6.800000000000001,,2026,pit,SP
sa3020800,Bryce Osmond,0.2884,0.1514,1.0,0.0,0.0,6.800000000000001,LAA,2026,pit,SP
sa3023205,Jake Brooks,0.1754,0.1754,1.0,0.0,0.0,6.800000000000001,COL,2026,pit,SP
sa3017314,William Fleming,0.4459,0.1179,1.0,0.0,0.0,6.800000000000001,,2026,pit,RP
sa3016906,Tommy Sommer,0.201,0.17,1.0,0.0,0.0,6.800000000000001,,2026,pit,SP
sa3033707,Griffin Herring,0.1754,0.1754,1.0,0.0,0.0,3.8000000000000003,COL,2026,pit,SP
sa3025607,Cam Caminiti,0.1754,0.1754,1.0,0.0,0.0,3.8000000000000003,ATL,2026,pit,SP
sa3021531,Kelvis Salcedo,0.3024,0.1484,1.0,0.0,0.0,3.8000000000000003,DET,2026,pit,RP
sa3015506,Miguel Mendez,0.1754,0.1754,1.0,0.0,0.0,3.8000000000000003,SDP,2026,pit,SP
sa3028648,Austin Cates,0.1895,0.1725,1.0,0.0,0.0,6.800000000000001,TOR,2026,pit,SP
sa3018366,Yenrri Rojas,0.1944,0.1714,1.0,0.0,0.0,6.800000000000001,CHC,2026,pit,SP
sa3020751,Brandon Schaeffer,0.215,0.167,1.0,0.0,0.0,6.800000000000001,SEA,2026,pit,SP
sa3008406,Jorge Bautista,0.1919,0.1719,1.0,0.0,0.0,6.800000000000001,,2026,pit,SP
sa3011196,Josh Hendrickson,0.2587,0.1577,1.0,0.0,0.0,6.800000000000001,,2026,pit,SP
sa3002818,Juan Mercedes,0.3964,0.1284,1.0,0.0,0.0,6.800000000000001,,2026,pit,RP
sa3067156,Grant Umberger,0.2356,0.1626,1.0,0.0,0.0,6.800000000000001,CHW,2026,pit,SP
sa3015151,Alejandro Hidalgo,0.1754,0.1754,1.0,0.0,0.0,3.8000000000000003,MIN,2026,pit,SP
sa3007244,Edgar Escobar,0.4558,0.1158,1.0,0.0,0.0,6.800000000000001,,2026,pit,RP
sa3023511,Nick Sando,0.4846,0.1096,1.0,0.0,0.0,6.800000000000001,CIN,2026,pit,RP
sa3024273,Yhoiker Fajardo,0.1952,0.1712,1.0,0.0,0.0,6.800000000000001,STL,2026,pit,SP
sa3023416,Noah Hall,0.2059,0.1689,1.0,0.0,0.0,3.8000000000000003,NYM,2026,pit,SP
sa3020180,Ike Buxton,0.3808,0.1318,1.0,0.0,0.0,3.8000000000000003,,2026,pit,RP
sa3015487,Rayner Castillo,0.1895,0.1725,1.0,0.0,0.0,6.800000000000001,DET,2026,pit,SP
sa3023413,Tommy Vail,0.4352,0.1202,1.0,0.0,0.0,3.8000000000000003,CHW,2026,pit,RP
19457,Bryan Garcia,0.1754,0.1754,1.0,0.0,0.0,6.800000000000001,,2026,pit,SP
sa3015440,Roque Gutierrez,0.4146,0.1246,1.0,0.0,0.0,6.800000000000001,LAD,2026,pit,RP
sa3024980,Garrett Edwards,0.1754,0.1754,1.0,0.0,0.0,6.800000000000001,TBR,2026,pit,SP
sa3018025,Jorge Marcheco,0.3486,0.1386,1.0,0.0,0.0,6.800000000000001,ATH,2026,pit,RP
sa1170503,Chris Kachmar,0.1754,0.1754,1.0,0.0,0.0,6.800000000000001,,2026,pit,SP
sa3020740,Noah Dean,0.2678,0.1558,1.0,0.0,0.0,3.8000000000000003,BOS,2026,pit,SP
sa3022856,Jason Savacool,0.1994,0.1704,1.0,0.0,0.0,3.8000000000000003,STL,2026,pit,SP
sa3067134,Lucas Elissalt,0.2389,0.1619,1.0,0.0,0.0,6.800000000000001,DET,2026,pit,SP
sa3020315,Cedric De Grandpre,0.1754,0.1754,1.0,0.0,0.0,3.8000000000000003,ATL,2026,pit,SP
sa3003037,Jairo Solis,0.22,0.166,1.0,0.0,0.0,6.800000000000001,,2026,pit,SP
sa3023157,Jack Mahoney,0.1754,0.1754,1.0,0.0,0.0,6.800000000000001,COL,2026,pit,SP
3284,Aníbal Sánchez,0.1754,0.1754,1.0,0.0,0.0,6.800000000000001,,2026,pit,SP
sa3025537,Kyle Robinson,0.2167,0.1667,1.0,0.0,0.0,6.800000000000001,ATH,2026,pit,SP
sa3025644,Sebastian Gongora,0.1911,0.1721,1.0,0.0,0.0,3.8000000000000003,BAL,2026,pit,SP
sa3034093,Garrett Horn,0.1754,0.1754,1.0,0.0,0.0,3.8000000000000003,MIN,2026,pit,SP
19979,Zach Plesac,0.1754,0.1754,1.0,0.0,0.0,6.800000000000001,,2026,pit,SP
sa3017500,Aaron Brown,0.2266,0.1646,1.0,0.0,0.0,6.800000000000001,,2026,pit,SP
sa3023137,Corey Avant,0.2381,0.1621,1.0,0.0,0.0,6.800000000000001,ATH,2026,pit,SP
sa3025349,Owen Hackman,0.2381,0.1621,1.0,0.0,0.0,6.800000000000001,ATL,2026,pit,SP
sa3014684,Alex Santos II,0.2406,0.1616,1.0,0.0,0.0,3.8000000000000003,HOU,2026,pit,SP
sa3018367,Yunior Marte,0.1952,0.1712,1.0,0.0,0.0,6.800000000000001,SFG,2026,pit,SP
sa3019265,Wellington Aracena,0.2818,0.1528,1.0,0.0,0.0,3.8000000000000003,ARI,2026,pit,SP
sa1170012,Edgar Barclay,0.2191,0.1661,1.0,0.0,0.0,6.800000000000001,NYY,2026,pit,SP
sa3020757,Kevin Miranda,0.4063,0.1263,1.0,0.0,0.0,6.800000000000001,,2026,pit,RP
sa3015222,D.J. McCarty,0.2299,0.1639,1.0,0.0,0.0,3.8000000000000003,TEX,2026,pit,SP
7608,Tommy Milone,0.1754,0.1754,1.0,0.0,0.0,6.800000000000001,,2026,pit,SP
sa3021570,Juan Valera,0.1754,0.1754,1.0,0.0,0.0,6.800000000000001,BOS,2026,pit,SP
sa3019268,Leonel Sequera,0.1754,0.1754,1.0,0.0,0.0,6.800000000000001,STL,2026,pit,SP
sa3023631,Keyner Martinez,0.3032,0.1482,1.0,0.0,0.0,3.8000000000000003,SFG,2026,pit,RP
sa3023450,Charlee Soto,0.1754,0.1754,1.0,0.0,0.0,3.8000000000000003,MIN,2026,pit,SP
sa3020110,Brett Gillis,0.3131,0.1461,1.0,0.0,0.0,6.800000000000001,HOU,2026,pit,RP
sa3019625,Erian Rodriguez,0.1754,0.1754,1.0,0.0,0.0,6.800000000000001,CHC,2026,pit,SP
sa3022950,Christian Oppor,0.1754,0.1754,1.0,0.0,0.0,3.8000000000000003,CHW,2026,pit,SP
sa3017260,Ryan Costeiu,0.2373,0.1623,1.0,0.0,0.0,6.800000000000001,LAA,2026,pit,SP
19268,Justin Dunn,0.1754,0.1754,1.0,0.0,0.0,6.800000000000001,,2026,pit,SP
sa3023366,Brett Wichrowski,0.1754,0.1754,1.0,0.0,0.0,6.800000000000001,MIL,2026,pit,SP
sa3067145,Boston Bateman,0.1754,0.1754,1.0,0.0,0.0,3.8000000000000003,BAL,2026,pit,SP
sa3040812,Xavier Rivas,0.1845,0.1735,1.0,0.0,0.0,3.8000000000000003,NYY,2026,pit,SP
sa3022956,Nick Payero,0.2414,0.1614,1.0,0.0,0.0,6.800000000000001,,2026,pit,SP
sa3007624,Tommy Parsons,0.2307,0.1637,1.0,0.0,0.0,6.800000000000001,,2026,pit,SP
sa3019518,Hung-Leng Chang,0.182,0.174,1.0,0.0,0.0,6.800000000000001,PIT,2026,pit,SP
sa3010560,Ben Anderson,0.2043,0.1693,1.0,0.0,0.0,6.800000000000001,TEX,2026,pit,SP
sa3017879,Kevin Abel,0.182,0.174,1.0,0.0,0.0,6.800000000000001,CIN,2026,pit,SP
sa3015220,Victor Lizarraga,0.1886,0.1726,1.0,0.0,0.0,6.800000000000001,SDP,2026,pit,SP
sa3023507,Zach Fruit,0.1886,0.1726,1.0,0.0,0.0,6.800000000000001,BAL,2026,pit,SP
sa3067147,Michael Caldon,0.4113,0.1253,1.0,0.0,0.0,6.800000000000001,BAL,2026,pit,RP
sa3067433,David Shields,0.1754,0.1754,1.0,0.0,0.0,3.8000000000000003,KCR,2026,pit,SP
sa3020804,Nate Peterson,0.4855,0.1095,1.0,0.0,0.0,6.800000000000001,CIN,2026,pit,RP
sa3019119,Aldrin Batista,0.45,0.117,1.0,0.0,0.0,6.800000000000001,CHW,2026,pit,RP
sa3019153,Franklin Gomez,0.2628,0.1568,1.0,0.0,0.0,3.8000000000000003,CLE,2026,pit,SP
sa3021045,Yunior Tur,0.1977,0.1707,1.0,0.0,0.0,6.800000000000001,ATH,2026,pit,SP
sa3042647,Travis Smith,0.1754,0.1754,1.0,0.0,0.0,6.800000000000001,MIL,2026,pit,SP
sa3067525,Chung-Hsiang Huang,0.1853,0.1733,1.0,0.0,0.0,6.800000000000001,ARI,2026,pit,SP
sa3036393,Christian Little,0.1754,0.1754,1.0,0.0,0.0,6.800000000000001,SEA,2026,pit,SP
5524,Madison Bumgarner,0.1754,0.1754,1.0,0.0,0.0,6.800000000000001,,2026,pit,SP
sa3011866,Matthew Thompson,0.1985,0.1705,1.0,0.0,0.0,3.8000000000000003,,2026,pit,SP
sa3022230,Ashton Izzi,0.1754,0.1754,1.0,0.0,0.0,6.800000000000001,ARI,2026,pit,SP
sa3018181,Orlando Ortiz-Mayr,0.2068,0.1688,1.0,0.0,0.0,6.800000000000001,MIA,2026,pit,SP
sa3020259,Devereaux Harrison,0.3964,0.1284,1.0,0.0,0.0,6.800000000000001,TOR,2026,pit,RP
sa3019633,Jogly Garcia,0.2323,0.1633,1.0,0.0,0.0,3.8000000000000003,CLE,2026,pit,SP
sa3005435,Luis Angel Rodriguez,0.3313,0.1423,1.0,0.0,0.0,6.800000000000001,HOU,2026,pit,RP
sa3025588,Herick Hernandez,0.1829,0.1739,1.0,0.0,0.0,3.8000000000000003,ATL,2026,pit,SP
sa3016526,Felix Arronde,0.1886,0.1726,1.0,0.0,0.0,6.800000000000001,KCR,2026,pit,SP
sa1170867,Luis Quiñones,0.2505,0.1595,1.0,0.0,0.0,6.800000000000001,MIN,2026,pit,SP
sa3016260,Christian Romero,0.3032,0.1482,1.0,0.0,0.0,6.800000000000001,LAD,2026,pit,RP
sa3015983,Estibenzon Jimenez,0.2513,0.1593,1.0,0.0,0.0,6.800000000000001,PHI,2026,pit,SP
sa3010304,Jose Atencio,0.1911,0.1721,1.0,0.0,0.0,6.800000000000001,,2026,pit,SP
sa3020890,Logan Clayton,0.2183,0.1663,1.0,0.0,0.0,6.800000000000001,,2026,pit,SP
sa3019377,Anthony Flores,0.403,0.127,1.0,0.0,0.0,3.8000000000000003,MIL,2026,pit,RP
sa3023066,Jacob Bresnahan,0.1754,0.1754,1.0,0.0,0.0,3.8000000000000003,SFG,2026,pit,SP
sa3023673,Luke Fox,0.1829,0.1739,1.0,0.0,0.0,6.800000000000001,LAD,2026,pit,SP
sa3034164,Dylan Howard,0.2134,0.1674,1.0,0.0,0.0,6.800000000000001,HOU,2026,pit,SP
sa3017935,Jamison Hill,0.3313,0.1423,1.0,0.0,0.0,6.800000000000001,,2026,pit,RP
23465,Tommy Romero,0.4286,0.1216,1.0,0.0,0.0,6.800000000000001,,2026,pit,RP
sa3025643,Carson Dorsey,0.1911,0.1721,1.0,0.0,0.0,3.8000000000000003,BAL,2026,pit,SP
sa3020340,Hunter Riggins,0.3849,0.1309,1.0,0.0,0.0,3.8000000000000003,,2026,pit,RP
sa3024856,Silvano Hechavarria,0.2307,0.1637,1.0,0.0,0.0,6.800000000000001,TOR,2026,pit,SP
sa3028358,Clark Candiotti,0.1754,0.1754,1.0,0.0,0.0,3.8000000000000003,SDP,2026,pit,SP
sa738318,Ian McKinney,0.1754,0.1754,1.0,0.0,0.0,6.800000000000001,,2026,pit,SP
sa3023371,Cade Smith,0.1754,0.1754,1.0,0.0,0.0,3.8000000000000003,NYY,2026,pit,SP
sa3045002,Jackson Wentworth,0.1754,0.1754,1.0,0.0,0.0,6.800000000000001,TOR,2026,pit,SP
sa3014845,Noah Skirrow,0.2464,0.1604,1.0,0.0,0.0,6.800000000000001,,2026,pit,SP
sa3017936,Peter Heubeck,0.1754,0.1754,1.0,0.0,0.0,3.8000000000000003,LAD,2026,pit,SP
sa3020858,Joey Mancini,0.3049,0.1479,1.0,0.0,0.0,6.800000000000001,HOU,2026,pit,RP
sa3021808,Rayven Antonio,0.1837,0.1737,1.0,0.0,0.0,3.8000000000000003,ATL,2026,pit,SP
sa3019181,Eliazar Dishmey,0.1919,0.1719,1.0,0.0,0.0,3.8000000000000003,MIA,2026,pit,SP
20739,Humberto Mejía,0.1754,0.1754,1.0,0.0,0.0,6.800000000000001,,2026,pit,SP
sa3023249,Braydon Tucker,0.2439,0.1609,1.0,0.0,0.0,6.800000000000001,PHI,2026,pit,SP
25777,Peyton Battenfield,0.2233,0.1653,1.0,0.0,0.0,6.800000000000001,,2026,pit,SP
sa3031592,Brooks Fowler,0.2513,0.1593,1.0,0.0,0.0,3.8000000000000003,TEX,2026,pit,SP
sa3017976,Jacob Steinmetz,0.1754,0.1754,1.0,0.0,0.0,3.8000000000000003,ARI,2026,pit,SP
sa3029417,Chris Cortez,0.1754,0.1754,1.0,0.0,0.0,3.8000000000000003,LAA,2026,pit,SP
sa1055560,Jake Lyons,0.45,0.117,1.0,0.0,0.0,6.800000000000001,,2026,pit,RP
sa3067070,Dasan Hill,0.1754,0.1754,1.0,0.0,0.0,3.8000000000000003,MIN,2026,pit,SP
sa3010800,Edwin Jimenez,0.2266,0.1646,1.0,0.0,0.0,6.800000000000001,MIL,2026,pit,SP
sa3017615,Aaron Davenport,0.2043,0.1693,1.0,0.0,0.0,6.800000000000001,CLE,2026,pit,SP
sa3016071,Allen Facundo,0.1944,0.1714,1.0,0.0,0.0,3.8000000000000003,NYY,2026,pit,SP
sa3041437,R.J. Sales,0.1829,0.1739,1.0,0.0,0.0,6.800000000000001,WSN,2026,pit,SP
sa3015509,Carlos Marcano,0.2216,0.1656,1.0,0.0,0.0,6.800000000000001,DET,2026,pit,SP
sa3067104,Kash Mayfield,0.1754,0.1754,1.0,0.0,0.0,3.8000000000000003,SDP,2026,pit,SP
sa3067123,Johnny King,0.2084,0.1684,1.0,0.0,0.0,3.8000000000000003,TOR,2026,pit,SP
16125,Chris Ellis,0.1754,0.1754,1.0,0.0,0.0,6.800000000000001,,2026,pit,SP
sa3020558,Trace Bright,0.2546,0.1586,1.0,0.0,0.0,3.8000000000000003,BAL,2026,pit,SP
sa3025006,Argenis Cayama,0.2125,0.1675,1.0,0.0,0.0,3.8000000000000003,SFG,2026,pit,SP
sa917136,Wilfredo Pereira,0.4665,0.1135,1.0,0.0,0.0,6.800000000000001,STL,2026,pit,RP
sa3026253,Evan Aschenbeck,0.2167,0.1667,1.0,0.0,0.0,6.800000000000001,CHC,2026,pit,SP
sa3011779,Alexander Cornielle,0.1754,0.1754,1.0,0.0,0.0,6.800000000000001,NYY,2026,pit,SP
12664,Jerad Eickhoff,0.1754,0.1754,1.0,0.0,0.0,6.800000000000001,,2026,pit,SP
sa3020439,Jared Kollar,0.314,0.146,1.0,0.0,0.0,6.800000000000001,SDP,2026,pit,RP
sa3067456,Chia-Shi Shen,0.2381,0.1621,1.0,0.0,0.0,6.800000000000001,SEA,2026,pit,SP
sa3067074,Tanner Gillis,0.4302,0.1212,1.0,0.0,0.0,6.800000000000001,MIL,2026,pit,RP
sa3020989,Edgar Moreta,0.2266,0.1646,1.0,0.0,0.0,6.800000000000001,NYM,2026,pit,SP
sa3019615,Juan Bello,0.2999,0.1489,1.0,0.0,0.0,6.800000000000001,HOU,2026,pit,RP
sa3023482,Austin Ehrlicher,0.2843,0.1523,1.0,0.0,0.0,3.8000000000000003,BOS,2026,pit,SP
sa3034868,Eli Jones,0.2191,0.1661,1.0,0.0,0.0,3.8000000000000003,MIN,2026,pit,SP
sa3011198,Michael Dominguez,0.4739,0.1119,1.0,0.0,0.0,3.8000000000000003,,2026,pit,RP
sa3020464,Hayden Wynja,0.2315,0.1635,1.0,0.0,0.0,6.800000000000001,SFG,2026,pit,SP
sa3029687,Bryce Cunningham,0.1903,0.1723,1.0,0.0,0.0,6.800000000000001,NYY,2026,pit,SP
sa3067105,Hunter Dryden,0.1754,0.1754,1.0,0.0,0.0,6.800000000000001,SFG,2026,pit,SP
sa3018312,Jose Montero,0.1754,0.1754,1.0,0.0,0.0,6.800000000000001,CIN,2026,pit,SP
sa3021785,Melvin Hernandez,0.2381,0.1621,1.0,0.0,0.0,6.800000000000001,MIL,2026,pit,SP
sa3023166,Caden Grice,0.1903,0.1723,1.0,0.0,0.0,3.8000000000000003,ARI,2026,pit,SP
sa3016267,Jose Olivares,0.1829,0.1739,1.0,0.0,0.0,3.8000000000000003,MIN,2026,pit,SP
sa3023207,Nathan Dettmer,0.215,0.167,1.0,0.0,0.0,6.800000000000001,ATH,2026,pit,SP
sa3022875,Izack Tiger,0.1903,0.1723,1.0,0.0,0.0,3.8000000000000003,TEX,2026,pit,SP
sa3023078,Sam Whiting,0.3808,0.1318,1.0,0.0,0.0,6.800000000000001,SDP,2026,pit,RP
sa3016949,Kohl Simas,0.2125,0.1675,1.0,0.0,0.0,3.8000000000000003,,2026,pit,SP
sa3031801,Devin Futrell,0.1754,0.1754,1.0,0.0,0.0,6.800000000000001,BOS,2026,pit,SP
sa3009266,Edinson Batista,0.483,0.11,1.0,0.0,0.0,3.8000000000000003,,2026,pit,RP
sa3021472,Mavis Graves,0.1754,0.1754,1.0,0.0,0.0,3.8000000000000003,PHI,2026,pit,SP
sa3025634,Frank Elissalt,0.3997,0.1277,1.0,0.0,0.0,3.8000000000000003,STL,2026,pit,RP
sa3020998,Wilkin Paredes,0.1754,0.1754,1.0,0.0,0.0,4.800000000000001,ARI,2026,pit,SP
sa3011674,Kendall Williams,0.1754,0.1754,1.0,0.0,0.0,6.800000000000001,,2026,pit,SP
sa3021722,Mitch Neunborn,0.3404,0.1404,1.0,0.0,0.0,6.800000000000001,PHI,2026,pit,RP
sa3010660,Jaime Melendez,0.4855,0.1095,1.0,0.0,0.0,3.8000000000000003,,2026,pit,RP
sa3017390,Brett Kerry,0.1911,0.1721,1.0,0.0,0.0,6.800000000000001,LAA,2026,pit,SP
sa3021510,Jostin Florentino,0.1977,0.1707,1.0,0.0,0.0,6.800000000000001,CHC,2026,pit,SP
sa3015500,Joel Díaz,0.2348,0.1628,1.0,0.0,0.0,6.800000000000001,NYM,2026,pit,SP
sa3017777,Jordan Fowler,0.2785,0.1535,1.0,0.0,0.0,6.800000000000001,,2026,pit,SP
sa3020945,Darren Bowen,0.2752,0.1542,1.0,0.0,0.0,6.800000000000001,MIN,2026,pit,SP
25650,Levi Stoudt,0.4418,0.1188,1.0,0.0,0.0,6.800000000000001,PHI,2026,pit,RP
sa3023009,Peyton Stumbo,0.2059,0.1689,1.0,0.0,0.0,6.800000000000001,PIT,2026,pit,SP
sa3016216,Gerardo Salas,0.2241,0.1651,1.0,0.0,0.0,6.800000000000001,STL,2026,pit,SP
sa3023130,Ty Weatherly,0.3288,0.1428,1.0,0.0,0.0,3.8000000000000003,,2026,pit,RP
sa3019165,Wande Torres,0.1754,0.1754,1.0,0.0,0.0,3.8000000000000003,MIL,2026,pit,SP
sa3022952,Liam Sullivan,0.1845,0.1735,1.0,0.0,0.0,3.8000000000000003,WSN,2026,pit,SP
sa3023087,Luke Stofel,0.3032,0.1482,1.0,0.0,0.0,3.8000000000000003,DET,2026,pit,RP
sa3019148,Melkis Hernandez,0.2059,0.1689,1.0,0.0,0.0,3.8000000000000003,CLE,2026,pit,SP
sa3017849,Aaron Haase,0.4113,0.1253,1.0,0.0,0.0,6.800000000000001,,2026,pit,RP
sa3020526,Michael Prosecky,0.1754,0.1754,1.0,0.0,0.0,6.800000000000001,COL,2026,pit,SP
sa3007724,Victor Vargas,0.1754,0.1754,1.0,0.0,0.0,6.800000000000001,,2026,pit,SP
sa3021500,Carlos Castillo,0.2076,0.1686,1.0,0.0,0.0,6.800000000000001,PIT,2026,pit,SP
sa3015498,Lorenzo Encarnacion,0.2101,0.1681,1.0,0.0,0.0,6.800000000000001,ARI,2026,pit,SP
sa3016018,Gerelmi Maldonado,0.1994,0.1704,1.0,0.0,0.0,3.8000000000000003,SFG,2026,pit,SP
sa3068903,Mason Olson,0.3445,0.1395,1.0,0.0,0.0,3.8000000000000003,TOR,2026,pit,RP
sa3016282,Keythel Key,0.2719,0.1549,1.0,0.0,0.0,3.8000000000000003,LAA,2026,pit,SP
sa3025660,Preston Howey,0.4541,0.1161,1.0,0.0,0.0,3.8000000000000003,DET,2026,pit,RP
sa3017726,Dameivi Tineo,0.2274,0.1644,1.0,0.0,0.0,3.8000000000000003,MIA,2026,pit,SP
sa3024981,Sterling Patick,0.2059,0.1689,1.0,0.0,0.0,6.800000000000001,LAD,2026,pit,SP
sa3037404,Niko Mazza,0.1754,0.1754,1.0,0.0,0.0,3.8000000000000003,SFG,2026,pit,SP
sa3018322,Yorman Galindez,0.1754,0.1754,1.0,0.0,0.0,3.8000000000000003,MIL,2026,pit,SP
sa3067087,Matt Tiberia,0.1754,0.1754,1.0,0.0,0.0,3.8000000000000003,SEA,2026,pit,SP
20175,Ben Braymer,0.1862,0.1732,1.0,0.0,0.0,6.800000000000001,,2026,pit,SP
sa3023138,Hayden Snelsire,0.3354,0.1414,1.0,0.0,0.0,6.800000000000001,TBR,2026,pit,RP
sa3020806,Chris McElvain,0.1754,0.1754,1.0,0.0,0.0,6.800000000000001,TOR,2026,pit,SP
sa3017010,Ismael Agreda,0.2381,0.1621,1.0,0.0,0.0,3.8000000000000003,TEX,2026,pit,SP
sa3022009,Junior Sanchez,0.1928,0.1718,1.0,0.0,0.0,6.800000000000001,ARI,2026,pit,SP
sa3014508,Dylan MacLean,0.3239,0.1439,1.0,0.0,0.0,6.800000000000001,TEX,2026,pit,RP
sa3027632,Brody Brecht,0.1754,0.1754,1.0,0.0,0.0,3.8000000000000003,COL,2026,pit,SP
sa3020589,Brandon White,0.3032,0.1482,1.0,0.0,0.0,6.800000000000001,MIA,2026,pit,RP
sa3015370,Yujanyer Herrera,0.3296,0.1426,1.0,0.0,0.0,3.8000000000000003,COL,2026,pit,RP
sa3022793,Carlson Reed,0.1754,0.1754,1.0,0.0,0.0,3.8000000000000003,PIT,2026,pit,SP
sa3023227,Jeremy Lee,0.4245,0.1225,1.0,0.0,0.0,3.8000000000000003,,2026,pit,RP
sa3043611,Yoel Tejeda Jr.,0.1754,0.1754,1.0,0.0,0.0,6.800000000000001,WSN,2026,pit,SP
sa3068705,Brandon McPherson,0.3527,0.1377,1.0,0.0,0.0,3.8000000000000003,HOU,2026,pit,RP
sa3020987,Gilberto Batista,0.4005,0.1275,1.0,0.0,0.0,6.800000000000001,TOR,2026,pit,RP
sa3019952,Cameron Wagoner,0.1903,0.1723,1.0,0.0,0.0,6.800000000000001,MIL,2026,pit,SP
sa3025653,Nick Brink,0.1837,0.1737,1.0,0.0,0.0,6.800000000000001,MIA,2026,pit,SP
sa3030001,Brandon Decker,0.2414,0.1614,1.0,0.0,0.0,3.8000000000000003,NYY,2026,pit,SP
sa3020859,Jared Karros,0.1754,0.1754,1.0,0.0,0.0,6.800000000000001,LAD,2026,pit,SP
sa3025344,Jacob Kroeger,0.3206,0.1446,1.0,0.0,0.0,3.8000000000000003,ATL,2026,pit,RP
13331,William Cuevas,0.1754,0.1754,1.0,0.0,0.0,6.800000000000001,,2026,pit,SP
sa3067032,Ryan Dromboski,0.2727,0.1547,1.0,0.0,0.0,6.800000000000001,PHI,2026,pit,SP
sa3023437,Christian Young,0.4129,0.1249,1.0,0.0,0.0,6.800000000000001,,2026,pit,RP
sa3023200,Connor Oliver,0.4533,0.1163,1.0,0.0,0.0,3.8000000000000003,PIT,2026,pit,RP
sa3023597,Daniel Nunez,0.2637,0.1567,1.0,0.0,0.0,6.800000000000001,ARI,2026,pit,SP
sa3032478,Austin Gordon,0.1754,0.1754,1.0,0.0,0.0,6.800000000000001,LAA,2026,pit,SP
sa3015092,José Davila,0.1903,0.1723,1.0,0.0,0.0,6.800000000000001,STL,2026,pit,SP
sa3023219,Connor O'Halloran,0.1754,0.1754,1.0,0.0,0.0,3.8000000000000003,TOR,2026,pit,SP
sa3021791,Jose Romero,0.3115,0.1465,1.0,0.0,0.0,3.8000000000000003,SEA,2026,pit,RP
sa3028650,Everett Catlett,0.2414,0.1614,1.0,0.0,0.0,6.800000000000001,COL,2026,pit,SP
sa3067133,Michael Carpenter,0.1853,0.1733,1.0,0.0,0.0,3.8000000000000003,MIN,2026,pit,SP
sa3007775,Justin Jarvis,0.2224,0.1654,1.0,0.0,0.0,6.800000000000001,LAD,2026,pit,SP
sa3067545,Kendry Chourio,0.1878,0.1728,1.0,0.0,0.0,3.8000000000000003,KCR,2026,pit,SP
sa3021795,Keyner Benitez,0.2018,0.1698,1.0,0.0,0.0,3.8000000000000003,MIA,2026,pit,SP
sa3016714,Alessandro Ercolani,0.2059,0.1689,1.0,0.0,0.0,6.800000000000001,PIT,2026,pit,SP
sa3038957,Tucker Novotny,0.4376,0.1196,1.0,0.0,0.0,3.8000000000000003,ATH,2026,pit,RP
sa3020623,Cole Patten,0.4245,0.1225,1.0,0.0,0.0,3.8000000000000003,,2026,pit,RP
sa3067065,Logan Tabeling,0.2876,0.1516,1.0,0.0,0.0,3.8000000000000003,LAD,2026,pit,SP
sa3023674,Daviel Hurtado,0.2653,0.1563,1.0,0.0,0.0,3.8000000000000003,NYM,2026,pit,SP
sa3023629,Trevor Harrison,0.1754,0.1754,1.0,0.0,0.0,3.8000000000000003,TBR,2026,pit,SP
sa3023126,Derek True,0.2612,0.1572,1.0,0.0,0.0,6.800000000000001,HOU,2026,pit,SP
sa3019580,Julio Mendez,0.1919,0.1719,1.0,0.0,0.0,3.8000000000000003,MIA,2026,pit,SP
sa3015331,Jose Acuna,0.1754,0.1754,1.0,0.0,0.0,6.800000000000001,CIN,2026,pit,SP
sa3018140,Tommy Mace,0.2793,0.1533,1.0,0.0,0.0,6.800000000000001,CLE,2026,pit,SP
sa3015334,Aidan Curry,0.2208,0.1658,1.0,0.0,0.0,3.8000000000000003,TEX,2026,pit,SP
sa3022911,Brian Edgington,0.2439,0.1609,1.0,0.0,0.0,6.800000000000001,CIN,2026,pit,SP
sa3019882,Wyatt Wendell,0.3131,0.1461,1.0,0.0,0.0,3.8000000000000003,,2026,pit,RP
sa3031808,Luke Gabrysh,0.1952,0.1712,1.0,0.0,0.0,6.800000000000001,PHI,2026,pit,SP
sa3023306,Cade Kuehler,0.1754,0.1754,1.0,0.0,0.0,3.8000000000000003,ATL,2026,pit,SP
sa3021527,Wuilberth Mendez,0.2488,0.1598,1.0,0.0,0.0,4.800000000000001,DET,2026,pit,SP
26171,Connor Gillispie,0.1754,0.1754,1.0,0.0,0.0,6.800000000000001,PHI,2026,pit,SP
sa3017860,Micah Ottenbreit,0.1754,0.1754,1.0,0.0,0.0,6.800000000000001,PHI,2026,pit,SP
sa3022218,Jose Urbina,0.1754,0.1754,1.0,0.0,0.0,6.800000000000001,TBR,2026,pit,SP
sa3023279,Drew Conover,0.4302,0.1212,1.0,0.0,0.0,3.8000000000000003,ATH,2026,pit,RP
sa3020683,Brandon Barriera,0.1754,0.1754,1.0,0.0,0.0,3.8000000000000003,TOR,2026,pit,SP
sa657954,Teddy Stankiewicz,0.2257,0.1647,1.0,0.0,0.0,6.800000000000001,,2026,pit,SP
sa3020893,Will Rudy,0.1829,0.1739,1.0,0.0,0.0,6.800000000000001,MIL,2026,pit,SP
sa3023065,Mikey Tepper,0.1754,0.1754,1.0,0.0,0.0,3.8000000000000003,WSN,2026,pit,SP
sa3017818,Cullen Kafka,0.4624,0.1144,1.0,0.0,0.0,3.8000000000000003,,2026,pit,RP
sa3018183,Reid Johnston,0.2546,0.1586,1.0,0.0,0.0,3.8000000000000003,CLE,2026,pit,SP
sa3023124,Zack Lee,0.2934,0.1504,1.0,0.0,0.0,6.800000000000001,DET,2026,pit,SP
sa3021497,Darwin Rodriguez,0.1985,0.1705,1.0,0.0,0.0,3.8000000000000003,KCR,2026,pit,SP
sa3020453,Nolan DeVos,0.1754,0.1754,1.0,0.0,0.0,3.8000000000000003,HOU,2026,pit,SP
sa3023000,Stu Flesland III,0.4113,0.1253,1.0,0.0,0.0,6.800000000000001,COL,2026,pit,RP
sa3015427,Miguelangel Boadas,0.2332,0.1632,1.0,0.0,0.0,3.8000000000000003,MIN,2026,pit,SP
sa3021501,Adrian Bohorquez,0.2299,0.1639,1.0,0.0,0.0,3.8000000000000003,MIN,2026,pit,SP
sa3022377,Jesus Carrera,0.483,0.11,1.0,0.0,0.0,3.8000000000000003,HOU,2026,pit,RP
sa3022267,Mervin Fell,0.2035,0.1695,1.0,0.0,0.0,3.8000000000000003,ARI,2026,pit,SP
sa3023514,Eriq Swan,0.1928,0.1718,1.0,0.0,0.0,3.8000000000000003,WSN,2026,pit,SP
sa3017813,Jarrod Cande,0.1911,0.1721,1.0,0.0,0.0,6.800000000000001,COL,2026,pit,SP
sa3025490,Aaron Combs,0.2191,0.1661,1.0,0.0,0.0,6.800000000000001,PHI,2026,pit,SP
sa3031950,Sam Garcia,0.3115,0.1465,1.0,0.0,0.0,3.8000000000000003,MIL,2026,pit,RP
sa3023163,Ethan Bosacker,0.2934,0.1504,1.0,0.0,0.0,6.800000000000001,KCR,2026,pit,SP
sa3031428,Ethan Flanagan,0.1754,0.1754,1.0,0.0,0.0,3.8000000000000003,CHC,2026,pit,SP
sa3024565,Jesus Travieso,0.2051,0.1691,1.0,0.0,0.0,3.8000000000000003,PIT,2026,pit,SP
sa3017257,Brandon Dufault,0.3371,0.1411,1.0,0.0,0.0,3.8000000000000003,LAD,2026,pit,RP
sa3007934,Gabriel Cotto,0.2109,0.1679,1.0,0.0,0.0,3.8000000000000003,,2026,pit,SP
sa3020873,Andrew Taylor,0.234,0.163,1.0,0.0,0.0,3.8000000000000003,HOU,2026,pit,SP
sa3067384,Dylan Jordan,0.1754,0.1754,1.0,0.0,0.0,3.8000000000000003,LAA,2026,pit,SP
sa3020609,Kenya Huggins,0.201,0.17,1.0,0.0,0.0,3.8000000000000003,ATH,2026,pit,SP
sa3011740,Matt Allan,0.2142,0.1672,1.0,0.0,0.0,3.8000000000000003,NYM,2026,pit,SP
sa3031833,Andres Galan,0.2043,0.1693,1.0,0.0,0.0,6.800000000000001,TBR,2026,pit,SP
sa3022190,Walter Ford,0.1754,0.1754,1.0,0.0,0.0,6.800000000000001,SEA,2026,pit,SP
sa917688,Christian Fernandez,0.4682,0.1132,1.0,0.0,0.0,3.8000000000000003,,2026,pit,RP
sa3025570,Reese Dutton,0.2835,0.1525,1.0,0.0,0.0,6.800000000000001,PHI,2026,pit,SP
sa3023481,Tanner Hall,0.1952,0.1712,1.0,0.0,0.0,3.8000000000000003,MIN,2026,pit,SP
sa3023272,Matt Duffy,0.1829,0.1739,1.0,0.0,0.0,6.800000000000001,BOS,2026,pit,SP
sa3023823,Jose Guevara,0.2604,0.1574,1.0,0.0,0.0,3.8000000000000003,NYM,2026,pit,SP
sa3006482,Jose Salvador,0.3494,0.1384,1.0,0.0,0.0,6.800000000000001,,2026,pit,RP
sa3017847,Mason Albright,0.1886,0.1726,1.0,0.0,0.0,6.800000000000001,COL,2026,pit,SP
sa3017366,Deylen Miley,0.3041,0.1481,1.0,0.0,0.0,3.8000000000000003,,2026,pit,RP
sa3019384,Cesar Lares,0.1754,0.1754,1.0,0.0,0.0,3.8000000000000003,MIN,2026,pit,SP
sa3023613,Hiro Wyatt,0.1837,0.1737,1.0,0.0,0.0,3.8000000000000003,KCR,2026,pit,SP
sa3040077,Trey Pooser,0.4574,0.1154,1.0,0.0,0.0,3.8000000000000003,TBR,2026,pit,RP
sa3067376,Chipper Menard,0.3816,0.1316,1.0,0.0,0.0,3.8000000000000003,,2026,pit,RP
sa3022381,Kolton Curtis,0.2051,0.1691,1.0,0.0,0.0,3.8000000000000003,TEX,2026,pit,SP
sa3067473,Aidan Deakins,0.2653,0.1563,1.0,0.0,0.0,3.8000000000000003,TEX,2026,pit,SP
sa1169914,Matt Walker,0.2604,0.1574,1.0,0.0,0.0,3.8000000000000003,,2026,pit,SP
sa3021816,Luis Rodriguez,0.3354,0.1414,1.0,0.0,0.0,3.8000000000000003,HOU,2026,pit,RP
sa3019562,Yanquiel Sanchez,0.4657,0.1137,1.0,0.0,0.0,3.8000000000000003,,2026,pit,RP
sa3018867,Christian Zazueta,0.1754,0.1754,1.0,0.0,0.0,6.800000000000001,LAD,2026,pit,SP
sa3016528,Luis Serna,0.1754,0.1754,1.0,0.0,0.0,3.8000000000000003,NYY,2026,pit,SP
sa3011421,Orlando Rodriguez,0.356,0.137,1.0,0.0,0.0,6.800000000000001,,2026,pit,RP
sa3011933,In-beom Kim,0.2307,0.1637,1.0,0.0,0.0,6.800000000000001,,2026,pit,SP
sa3015441,Mikell Manzano,0.4591,0.1151,1.0,0.0,0.0,6.800000000000001,,2026,pit,RP
sa3019612,Liomar Martinez,0.1919,0.1719,1.0,0.0,0.0,3.8000000000000003,MIA,2026,pit,SP
sa3025591,Alexander Meckley,0.1845,0.1735,1.0,0.0,0.0,3.8000000000000003,WSN,2026,pit,SP
sa3067552,Cole Miller,0.2142,0.1672,1.0,0.0,0.0,3.8000000000000003,ATH,2026,pit,SP
sa3022022,Jormy Nivar,0.4517,0.1167,1.0,0.0,0.0,3.8000000000000003,TEX,2026,pit,RP
sa3025236,Evan Truitt,0.201,0.17,1.0,0.0,0.0,6.800000000000001,SEA,2026,pit,SP
sa3009713,Carlos Calderon,0.3494,0.1384,1.0,0.0,0.0,3.8000000000000003,,2026,pit,RP
sa3020452,Johnathan Harmon,0.1952,0.1712,1.0,0.0,0.0,6.800000000000001,CIN,2026,pit,SP
sa3023500,Kenten Egbert,0.2464,0.1604,1.0,0.0,0.0,6.800000000000001,CHC,2026,pit,SP
sa3019682,Jose Guedez,0.2917,0.1507,1.0,0.0,0.0,3.8000000000000003,HOU,2026,pit,SP
sa3022420,Kleiber Olmedo,0.4846,0.1096,1.0,0.0,0.0,3.8000000000000003,SDP,2026,pit,RP
sa3018314,Angel Roman,0.3494,0.1384,1.0,0.0,0.0,1.8000000000000003,,2026,pit,RP
sa3022126,Keiverson Ramirez,0.3379,0.1409,1.0,0.0,0.0,1.8000000000000003,STL,2026,pit,RP
sa3007730,Thomas Ponticelli,0.215,0.167,1.0,0.0,0.0,6.800000000000001,,2026,pit,SP
sa3023414,Ross Dunn,0.1754,0.1754,1.0,0.0,0.0,3.8000000000000003,MIN,2026,pit,SP
sa3025302,Colby Holcombe,0.3123,0.1463,1.0,0.0,0.0,3.8000000000000003,TOR,2026,pit,RP
sa3017468,Norge Vera,0.323,0.144,1.0,0.0,0.0,3.8000000000000003,,2026,pit,RP
sa3023158,Josh Hansell,0.1754,0.1754,1.0,0.0,0.0,3.8000000000000003,KCR,2026,pit,SP
sa3015304,Jose Luis Reyes,0.1754,0.1754,1.0,0.0,0.0,6.800000000000001,SDP,2026,pit,SP
sa3019149,Nelfy Ynfante,0.295,0.15,1.0,0.0,0.0,3.8000000000000003,STL,2026,pit,SP
sa3011608,Starlyn Castillo,0.1985,0.1705,1.0,0.0,0.0,3.8000000000000003,,2026,pit,SP
sa3020982,Luis Aguilar,0.3709,0.1339,1.0,0.0,0.0,6.800000000000001,HOU,2026,pit,RP
sa3021044,Yeferson Vargas,0.1754,0.1754,1.0,0.0,0.0,3.8000000000000003,LAA,2026,pit,SP
sa3022113,Jervis Alfaro,0.215,0.167,1.0,0.0,0.0,6.800000000000001,CLE,2026,pit,SP
sa3020384,Drew McDaniel,0.1754,0.1754,1.0,0.0,0.0,6.800000000000001,CHW,2026,pit,SP
sa3023843,Josdanner Suarez,0.3948,0.1288,1.0,0.0,0.0,3.8000000000000003,ARI,2026,pit,RP
sa3025524,Justin Sinibaldi,0.1754,0.1754,1.0,0.0,0.0,3.8000000000000003,CHW,2026,pit,SP
sa3019721,Michael Perez,0.497,0.107,1.0,0.0,0.0,3.8000000000000003,MIA,2026,pit,RP
sa3025182,Nolan Sparks,0.2505,0.1595,1.0,0.0,0.0,3.8000000000000003,STL,2026,pit,SP
sa3067514,Ramon Marquez,0.2035,0.1695,1.0,0.0,0.0,3.8000000000000003,PHI,2026,pit,SP
sa3025047,Bryan Balzer,0.2117,0.1677,1.0,0.0,0.0,3.8000000000000003,SDP,2026,pit,SP
sa3009747,Harold Melenge,0.1919,0.1719,1.0,0.0,0.0,4.800000000000001,,2026,pit,SP
sa3024099,Javier Perez,0.3511,0.1381,1.0,0.0,0.0,6.800000000000001,HOU,2026,pit,RP
sa3021751,Mariano Salomon,0.4434,0.1184,1.0,0.0,0.0,6.800000000000001,NYY,2026,pit,RP
sa3022877,Jacob Odle,0.1754,0.1754,1.0,0.0,0.0,3.8000000000000003,STL,2026,pit,SP
sa3016613,Bryan Mena,0.2653,0.1563,1.0,0.0,0.0,3.8000000000000003,PIT,2026,pit,SP
sa3023420,Josh Knoth,0.1754,0.1754,1.0,0.0,0.0,3.8000000000000003,MIL,2026,pit,SP
sa3067513,Aiden Butler,0.2513,0.1593,1.0,0.0,0.0,6.800000000000001,SEA,2026,pit,SP
sa3019052,Kevin Valdez,0.262,0.157,1.0,0.0,0.0,3.8000000000000003,CHC,2026,pit,SP
sa3042618,Parker Smith,0.2191,0.1661,1.0,0.0,0.0,3.8000000000000003,HOU,2026,pit,SP
sa3019637,Davis Polo,0.215,0.167,1.0,0.0,0.0,6.800000000000001,ATL,2026,pit,SP
sa3028388,Brooks Caple,0.1754,0.1754,1.0,0.0,0.0,6.800000000000001,CHC,2026,pit,SP
sa3067418,Joey Oakie,0.2076,0.1686,1.0,0.0,0.0,3.8000000000000003,CLE,2026,pit,SP
sa3016285,Juan Rojas,0.2694,0.1554,1.0,0.0,0.0,3.8000000000000003,BAL,2026,pit,SP
sa3022015,Ubaldo Soto,0.2934,0.1504,1.0,0.0,0.0,3.8000000000000003,LAA,2026,pit,SP
sa3025519,Sam Highfill,0.1903,0.1723,1.0,0.0,0.0,6.800000000000001,PHI,2026,pit,SP
sa3019534,Anthony Cruz,0.3428,0.1398,1.0,0.0,0.0,3.8000000000000003,HOU,2026,pit,RP
sa3009494,Gabriel Aguilera,0.323,0.144,1.0,0.0,0.0,3.8000000000000003,,2026,pit,RP
sa3018184,Javi Rivera,0.1754,0.1754,1.0,0.0,0.0,6.800000000000001,CIN,2026,pit,SP
sa3023531,Trennor O'Donnell,0.45,0.117,1.0,0.0,0.0,3.8000000000000003,BOS,2026,pit,RP
sa3034912,Tanner Jones,0.22,0.166,1.0,0.0,0.0,3.8000000000000003,KCR,2026,pit,SP
sa3015004,Grant Judkins,0.1754,0.1754,1.0,0.0,0.0,6.800000000000001,,2026,pit,SP
sa3044767,Cam Walty,0.2439,0.1609,1.0,0.0,0.0,6.800000000000001,CLE,2026,pit,SP
sa3025616,Aidan Foeller,0.2051,0.1691,1.0,0.0,0.0,3.8000000000000003,LAD,2026,pit,SP
sa3037366,Aiden May,0.2002,0.1702,1.0,0.0,0.0,3.8000000000000003,MIA,2026,pit,SP
sa3016515,Bryan Perez,0.1754,0.1754,1.0,0.0,0.0,3.8000000000000003,COL,2026,pit,SP
sa3033152,Ben Hansen,0.2068,0.1688,1.0,0.0,0.0,1.8000000000000003,BOS,2026,pit,SP
sa3019050,Alain Pena,0.2505,0.1595,1.0,0.0,0.0,3.8000000000000003,HOU,2026,pit,SP
sa3024982,Andrew Landry,0.1829,0.1739,1.0,0.0,0.0,3.8000000000000003,NYY,2026,pit,SP
sa3067312,Mathias LaCombe,0.2299,0.1639,1.0,0.0,0.0,3.8000000000000003,CHW,2026,pit,SP
sa3018287,Angel Jimenez,0.1754,0.1754,1.0,0.0,0.0,3.8000000000000003,COL,2026,pit,SP
sa3019071,Emmanuel Reyes,0.3024,0.1484,1.0,0.0,0.0,6.800000000000001,KCR,2026,pit,RP
sa3019147,Enrique Segura,0.2117,0.1677,1.0,0.0,0.0,3.8000000000000003,TEX,2026,pit,SP
sa1172127,Luis Carrasco,0.3857,0.1307,1.0,0.0,0.0,6.800000000000001,ATH,2026,pit,RP
sa3018242,Frank Mozzicato,0.2068,0.1688,1.0,0.0,0.0,3.8000000000000003,KCR,2026,pit,SP
sa3022949,Seth Keener,0.2744,0.1544,1.0,0.0,0.0,3.8000000000000003,CHW,2026,pit,SP
sa3020899,Jackson Cox,0.1754,0.1754,1.0,0.0,0.0,3.8000000000000003,COL,2026,pit,SP
sa3020983,Luis Reyes,0.1754,0.1754,1.0,0.0,0.0,3.8000000000000003,CHW,2026,pit,SP
sa3022945,Noble Meyer,0.1754,0.1754,1.0,0.0,0.0,3.8000000000000003,MIA,2026,pit,SP
sa3022941,Travis Sthele,0.1829,0.1739,1.0,0.0,0.0,4.800000000000001,WSN,2026,pit,SP
sa3021767,Daury Vasquez,0.2332,0.1632,1.0,0.0,0.0,3.8000000000000003,ARI,2026,pit,SP
sa3019130,Cristian Nunez,0.2538,0.1588,1.0,0.0,0.0,3.8000000000000003,,2026,pit,SP
sa3021738,Jeter Martinez,0.1837,0.1737,1.0,0.0,0.0,3.8000000000000003,PIT,2026,pit,SP
sa3023442,Wyatt Hudepohl,0.1985,0.1705,1.0,0.0,0.0,3.8000000000000003,NYM,2026,pit,SP
sa3034784,Luke Johnson,0.4014,0.1274,1.0,0.0,0.0,3.8000000000000003,WSN,2026,pit,RP
sa3025661,Ethan Bagwell,0.1878,0.1728,1.0,0.0,0.0,3.8000000000000003,ATL,2026,pit,SP
sa3024583,Esteban Mejia,0.1754,0.1754,1.0,0.0,0.0,3.8000000000000003,BAL,2026,pit,SP
sa3006398,Braunny Munoz,0.497,0.107,1.0,0.0,0.0,3.8000000000000003,,2026,pit,RP
sa3030419,Jason Doktorczyk,0.2826,0.1526,1.0,0.0,0.0,3.8000000000000003,MIN,2026,pit,SP
sa3009471,Manuel Olivares,0.3552,0.1372,1.0,0.0,0.0,3.8000000000000003,COL,2026,pit,RP
sa3020869,Payton Martin,0.1928,0.1718,1.0,0.0,0.0,6.800000000000001,LAD,2026,pit,SP
sa3018342,Victor Cabreja,0.2678,0.1558,1.0,0.0,0.0,4.800000000000001,PIT,2026,pit,SP
sa3041178,Michael Ross,0.215,0.167,1.0,0.0,0.0,3.8000000000000003,MIN,2026,pit,SP
sa3025635,Channing Austin,0.2876,0.1516,1.0,0.0,0.0,3.8000000000000003,NYM,2026,pit,SP
sa3043272,Sam Stuhr,0.2587,0.1577,1.0,0.0,0.0,3.8000000000000003,ATH,2026,pit,SP
sa3021476,Nolan Perry,0.1754,0.1754,1.0,0.0,0.0,3.8000000000000003,TOR,2026,pit,SP
sa3067421,Ethan Dorchies,0.2818,0.1528,1.0,0.0,0.0,3.8000000000000003,MIL,2026,pit,SP
sa3025390,Jacob Shafer,0.2216,0.1656,1.0,0.0,0.0,3.8000000000000003,ATL,2026,pit,SP
sa3045217,Holden Wilkerson,0.3057,0.1477,1.0,0.0,0.0,3.8000000000000003,TOR,2026,pit,RP
sa3067101,J'Briell Easley,0.2332,0.1632,1.0,0.0,0.0,3.8000000000000003,TEX,2026,pit,SP
sa3024254,Enderson Mercado,0.2068,0.1688,1.0,0.0,0.0,3.8000000000000003,MIL,2026,pit,SP
sa3020258,Cole Kirschsieper,0.2637,0.1567,1.0,0.0,0.0,3.8000000000000003,,2026,pit,SP
sa3067455,Jace Hampson,0.2274,0.1644,1.0,0.0,0.0,3.8000000000000003,NYM,2026,pit,SP
sa3025641,Nick Pinto,0.1754,0.1754,1.0,0.0,0.0,3.8000000000000003,CHW,2026,pit,SP
sa3021018,Jeremy Reyes,0.1754,0.1754,1.0,0.0,0.0,3.8000000000000003,ATL,2026,pit,SP
sa3018859,Jose Chirinos,0.2455,0.1605,1.0,0.0,0.0,3.8000000000000003,NYM,2026,pit,SP
sa3019742,Jose Gutierrez,0.2562,0.1582,1.0,0.0,0.0,3.8000000000000003,KCR,2026,pit,SP
sa3023628,Jordan Woods,0.3371,0.1411,1.0,0.0,0.0,3.8000000000000003,KCR,2026,pit,RP
sa3016218,Cristopher Castro,0.2381,0.1621,1.0,0.0,0.0,3.8000000000000003,,2026,pit,SP
sa3017616,Ryan Long,0.2934,0.1504,1.0,0.0,0.0,6.800000000000001,BAL,2026,pit,SP
sa3021740,Julio  Marte,0.3024,0.1484,1.0,0.0,0.0,3.8000000000000003,HOU,2026,pit,RP
29833,Nick Nastrini,0.2521,0.1591,1.0,0.0,0.0,3.8000000000000003,LAD,2026,pit,SP
sa3023560,Steven Echavarria,0.182,0.174,1.0,0.0,0.0,3.8000000000000003,ATH,2026,pit,SP
sa3011497,Jose Dicochea,0.3041,0.1481,1.0,0.0,0.0,3.8000000000000003,ATH,2026,pit,RP
sa3067522,Zach Murray,0.3659,0.1349,1.0,0.0,0.0,3.8000000000000003,,2026,pit,RP
sa3067314,Kannon Kemp,0.2892,0.1512,1.0,0.0,0.0,3.8000000000000003,SDP,2026,pit,SP
sa3019269,Luis Cohen,0.2711,0.1551,1.0,0.0,0.0,6.800000000000001,BOS,2026,pit,SP
sa3023007,Jake Bockenstedt,0.2505,0.1595,1.0,0.0,0.0,3.8000000000000003,CHW,2026,pit,SP
sa3067390,Nate Payne,0.1754,0.1754,1.0,0.0,0.0,3.8000000000000003,MIA,2026,pit,SP
sa3021040,Clevari Tejada,0.1961,0.1711,1.0,0.0,0.0,1.8000000000000003,PIT,2026,pit,SP
sa3030530,Brandon Downer,0.2398,0.1618,1.0,0.0,0.0,3.8000000000000003,BAL,2026,pit,SP
sa3019556,Elvis Soto,0.2051,0.1691,1.0,0.0,0.0,3.8000000000000003,,2026,pit,SP
sa3067420,J.T. Etheridge,0.295,0.15,1.0,0.0,0.0,3.8000000000000003,NYY,2026,pit,SP
sa3067382,Jayden Dubanewicz,0.2843,0.1523,1.0,0.0,0.0,6.800000000000001,MIL,2026,pit,SP
sa3067535,Victor Zarraga,0.4467,0.1177,1.0,0.0,0.0,3.8000000000000003,CHC,2026,pit,RP
sa3018801,Owen Kellington,0.3115,0.1465,1.0,0.0,0.0,3.8000000000000003,PIT,2026,pit,RP
sa3022343,Jonathan Jimenez,0.2472,0.1602,1.0,0.0,0.0,3.8000000000000003,NYM,2026,pit,SP
sa3023181,Jatnk Diaz,0.2092,0.1682,1.0,0.0,0.0,3.8000000000000003,DET,2026,pit,SP
sa3019048,Juan Amarante,0.1853,0.1733,1.0,0.0,0.0,3.8000000000000003,PHI,2026,pit,SP
sa3023253,Casey Steward,0.2241,0.1651,1.0,0.0,0.0,3.8000000000000003,PHI,2026,pit,SP
sa3019599,Yeiber Cartaya,0.2587,0.1577,1.0,0.0,0.0,3.8000000000000003,BAL,2026,pit,SP
sa3015013,Case Williams,0.1754,0.1754,1.0,0.0,0.0,6.800000000000001,COL,2026,pit,SP
sa3020568,Ian Koenig,0.1754,0.1754,1.0,0.0,0.0,6.800000000000001,SDP,2026,pit,SP
sa3015974,Luis Valdez,0.4113,0.1253,1.0,0.0,0.0,3.8000000000000003,,2026,pit,RP
sa3022004,Nicolas Carreno,0.45,0.117,1.0,0.0,0.0,3.8000000000000003,NYM,2026,pit,RP
sa3023449,Ryan Birchard,0.1977,0.1707,1.0,0.0,0.0,3.8000000000000003,MIL,2026,pit,SP
sa3021525,Enniel Cortez,0.2059,0.1689,1.0,0.0,0.0,3.8000000000000003,MIL,2026,pit,SP
sa3022369,Abraham Parra,0.314,0.146,1.0,0.0,0.0,3.8000000000000003,SDP,2026,pit,RP
sa3010654,Denny Larrondo,0.2059,0.1689,1.0,0.0,0.0,3.8000000000000003,,2026,pit,SP
sa3019280,Walin Castillo,0.276,0.154,1.0,0.0,0.0,1.8000000000000003,MIA,2026,pit,SP
sa3023107,Junior Ciprian,0.2406,0.1616,1.0,0.0,0.0,3.8000000000000003,ARI,2026,pit,SP
sa3024791,Adrian Heredia,0.2678,0.1558,1.0,0.0,0.0,3.8000000000000003,BAL,2026,pit,SP
sa3025950,Chase Allsup,0.1895,0.1725,1.0,0.0,0.0,3.8000000000000003,BAL,2026,pit,SP
sa3021729,Jackson Humphries,0.1754,0.1754,1.0,0.0,0.0,3.8000000000000003,CLE,2026,pit,SP
sa3067437,Tyler Renz,0.2389,0.1619,1.0,0.0,0.0,3.8000000000000003,MIL,2026,pit,SP
sa3025115,Humberto Cruz,0.1754,0.1754,1.0,0.0,0.0,3.8000000000000003,SDP,2026,pit,SP
sa3016066,Henry Lalane,0.1754,0.1754,1.0,0.0,0.0,3.8000000000000003,NYY,2026,pit,SP
sa3031647,Hayden Frank,0.1886,0.1726,1.0,0.0,0.0,3.8000000000000003,CHC,2026,pit,SP
sa3035522,Jacob Kmatz,0.2084,0.1684,1.0,0.0,0.0,4.800000000000001,TBR,2026,pit,SP
sa3019538,Engel Daniel Peralta,0.4805,0.1105,1.0,0.0,0.0,3.8000000000000003,HOU,2026,pit,RP
sa3024555,Kendy Richard,0.2645,0.1565,1.0,0.0,0.0,3.8000000000000003,ATL,2026,pit,SP
sa3045618,Jakob Wright,0.1754,0.1754,1.0,0.0,0.0,3.8000000000000003,LAD,2026,pit,SP
sa3017470,Ryan Cardona,0.1961,0.1711,1.0,0.0,0.0,3.8000000000000003,CIN,2026,pit,SP
sa3067313,Trey Gregory-Alford,0.1969,0.1709,1.0,0.0,0.0,3.8000000000000003,LAA,2026,pit,SP
sa3027770,Steven Brooks,0.1754,0.1754,1.0,0.0,0.0,3.8000000000000003,BOS,2026,pit,SP
sa3023596,Paul Wilson,0.2505,0.1595,1.0,0.0,0.0,3.8000000000000003,DET,2026,pit,SP
sa3023406,Jackson Finley,0.2727,0.1547,1.0,0.0,0.0,3.8000000000000003,ATH,2026,pit,SP
sa3021551,Tzu-Chen Sha,0.2406,0.1616,1.0,0.0,0.0,6.800000000000001,ATH,2026,pit,SP
sa3017964,Drew Gray,0.1754,0.1754,1.0,0.0,0.0,3.8000000000000003,CHC,2026,pit,SP
sa3011638,Josh Wolf,0.4294,0.1214,1.0,0.0,0.0,3.8000000000000003,,2026,pit,RP
sa3022135,Javier González,0.497,0.107,1.0,0.0,0.0,3.8000000000000003,BAL,2026,pit,RP
sa3017921,Quinton Low,0.3131,0.1461,1.0,0.0,0.0,3.8000000000000003,MIL,2026,pit,RP
sa3021999,Joel Garcia,0.1754,0.1754,1.0,0.0,0.0,3.8000000000000003,MIN,2026,pit,SP
sa3024275,Jaitoine Kelly,0.2002,0.1702,1.0,0.0,0.0,3.8000000000000003,ARI,2026,pit,SP
sa3023614,Jeremy Pilon,0.1754,0.1754,1.0,0.0,0.0,3.8000000000000003,TBR,2026,pit,SP
sa3016278,Juan Martinez,0.3016,0.1486,1.0,0.0,0.0,3.8000000000000003,,2026,pit,RP
sa3067084,Jacob Zibin,0.1754,0.1754,1.0,0.0,0.0,3.8000000000000003,CLE,2026,pit,SP
sa3018891,Yeriel Santos,0.2727,0.1547,1.0,0.0,0.0,3.8000000000000003,HOU,2026,pit,SP
sa3022122,Ruben Menes,0.2464,0.1604,1.0,0.0,0.0,3.8000000000000003,STL,2026,pit,SP
sa3025618,Twine Palmer,0.234,0.163,1.0,0.0,0.0,3.8000000000000003,BAL,2026,pit,SP
sa3019164,Luis Gonzalez,0.2637,0.1567,1.0,0.0,0.0,1.8000000000000003,PHI,2026,pit,SP
sa3023568,Justin Militello,0.3544,0.1374,1.0,0.0,0.0,3.8000000000000003,STL,2026,pit,RP
sa3067069,Bryce Meccage,0.1754,0.1754,1.0,0.0,0.0,3.8000000000000003,MIL,2026,pit,SP
sa3034782,Lebarron Johnson Jr.,0.1754,0.1754,1.0,0.0,0.0,3.8000000000000003,COL,2026,pit,SP
sa3018305,Candido Cuevas,0.3131,0.1461,1.0,0.0,0.0,3.8000000000000003,NYM,2026,pit,RP
sa3015452,Dualvert Gutierrez,0.2727,0.1547,1.0,0.0,0.0,3.8000000000000003,,2026,pit,SP
sa3025492,Peyton Olejnik,0.1754,0.1754,1.0,0.0,0.0,3.8000000000000003,LAA,2026,pit,SP
sa3019646,Eddy Felix,0.1754,0.1754,1.0,0.0,0.0,3.8000000000000003,DET,2026,pit,SP
sa3018352,Frankeli Arias,0.2546,0.1586,1.0,0.0,0.0,3.8000000000000003,CHW,2026,pit,SP
sa3020385,Jacob Meador,0.3849,0.1309,1.0,0.0,0.0,3.8000000000000003,LAD,2026,pit,RP
sa3020992,Donny Troconis,0.2109,0.1679,1.0,0.0,0.0,3.8000000000000003,ATH,2026,pit,SP
sa3024459,Reinold Navarro,0.2117,0.1677,1.0,0.0,0.0,3.8000000000000003,PIT,2026,pit,SP
sa3016067,Yokelvin Reyes,0.4673,0.1133,1.0,0.0,0.0,3.8000000000000003,LAA,2026,pit,RP
sa3015421,Alberto Pacheco,0.234,0.163,1.0,0.0,0.0,3.8000000000000003,COL,2026,pit,SP
sa3019135,David Lorduy,0.215,0.167,1.0,0.0,0.0,6.800000000000001,CIN,2026,pit,SP
sa3019141,Sandy Mejia,0.2554,0.1584,1.0,0.0,0.0,3.8000000000000003,HOU,2026,pit,SP
sa3067434,Grant Shepardson,0.417,0.124,1.0,0.0,0.0,3.8000000000000003,MIA,2026,pit,RP
sa3021577,Kevin Camacho,0.3436,0.1396,1.0,0.0,0.0,3.8000000000000003,CHC,2026,pit,RP
sa3016034,Alex Vallecillo,0.1754,0.1754,1.0,0.0,0.0,3.8000000000000003,,2026,pit,SP
sa3025013,Carlos Carra,0.3659,0.1349,1.0,0.0,0.0,3.8000000000000003,MIL,2026,pit,RP
sa3026078,Ryan Andrade,0.1754,0.1754,1.0,0.0,0.0,3.8000000000000003,TBR,2026,pit,SP
sa3017141,Alex Ayala Jr.,0.2546,0.1586,1.0,0.0,0.0,3.8000000000000003,,2026,pit,SP
sa3023513,Blake Wolters,0.1754,0.1754,1.0,0.0,0.0,3.8000000000000003,KCR,2026,pit,SP
sa3011640,Nestor Lorant,0.1829,0.1739,1.0,0.0,0.0,6.800000000000001,CIN,2026,pit,SP
sa3020864,Isaiah Lowe,0.1754,0.1754,1.0,0.0,0.0,3.8000000000000003,SDP,2026,pit,SP
sa3022881,Will Varmette,0.2571,0.1581,1.0,0.0,0.0,3.8000000000000003,SDP,2026,pit,SP
sa3019566,Yeri Perez,0.4954,0.1074,1.0,0.0,0.0,3.8000000000000003,KCR,2026,pit,RP
sa3019786,Daniel Guerra,0.276,0.154,1.0,0.0,0.0,3.8000000000000003,TOR,2026,pit,SP
sa3025606,Christian Becerra,0.2703,0.1553,1.0,0.0,0.0,3.8000000000000003,MIN,2026,pit,SP
sa3016242,Marlon Franco,0.3939,0.1289,1.0,0.0,0.0,1.8000000000000003,SFG,2026,pit,RP
sa3019504,Juan Nunez,0.4789,0.1109,1.0,0.0,0.0,3.8000000000000003,HOU,2026,pit,RP
sa3024615,Winyer Chourio,0.4954,0.1074,1.0,0.0,0.0,3.8000000000000003,SDP,2026,pit,RP
sa3015372,Nomar Medina,0.2876,0.1516,1.0,0.0,0.0,3.8000000000000003,,2026,pit,SP
sa3019290,Ricardo Brizuela,0.1754,0.1754,1.0,0.0,0.0,6.800000000000001,CHW,2026,pit,SP
sa3017012,Jesus Rivero,0.4113,0.1253,1.0,0.0,0.0,3.8000000000000003,,2026,pit,RP
sa3019960,Aneudis Mejia,0.3601,0.1361,1.0,0.0,0.0,3.8000000000000003,TEX,2026,pit,RP
sa3066664,Levi Sterling,0.2686,0.1556,1.0,0.0,0.0,3.8000000000000003,PIT,2026,pit,SP
sa3011783,Brock Jones,0.3255,0.1435,1.0,0.0,0.0,3.8000000000000003,,2026,pit,RP
sa3017782,Maddux Bruns,0.1754,0.1754,1.0,0.0,0.0,3.8000000000000003,LAD,2026,pit,SP
sa3016052,Jordy Vargas,0.1754,0.1754,1.0,0.0,0.0,3.8000000000000003,COL,2026,pit,SP
sa3024271,Zuher Yousuf,0.2703,0.1553,1.0,0.0,0.0,3.8000000000000003,PHI,2026,pit,SP
sa3023663,Kamdyn Perry,0.1886,0.1726,1.0,0.0,0.0,3.8000000000000003,TEX,2026,pit,SP
sa3023423,Jacob Cravey,0.3577,0.1367,1.0,0.0,0.0,3.8000000000000003,BAL,2026,pit,RP
sa3021762,Samuel Colmenares,0.4113,0.1253,1.0,0.0,0.0,3.8000000000000003,TOR,2026,pit,RP
sa3026750,Tanner Bauman,0.4558,0.1158,1.0,0.0,0.0,3.8000000000000003,NYY,2026,pit,RP
sa3003015,Adolfo Ramirez,0.4278,0.1218,1.0,0.0,0.0,3.8000000000000003,,2026,pit,RP
sa3009599,Yoscar Pimentel,0.1754,0.1754,1.0,0.0,0.0,3.8000000000000003,,2026,pit,SP
sa3023566,Nazier Mulé,0.1754,0.1754,1.0,0.0,0.0,3.8000000000000003,CHC,2026,pit,SP
sa3020995,Rafael Gonzalez,0.267,0.156,1.0,0.0,0.0,3.8000000000000003,HOU,2026,pit,SP
sa3067388,Kyle DeGroat,0.1895,0.1725,1.0,0.0,0.0,3.8000000000000003,KCR,2026,pit,SP
sa3021537,Adan Moreno,0.2266,0.1646,1.0,0.0,0.0,3.8000000000000003,,2026,pit,SP
sa3015455,Ruben Castillo,0.4846,0.1096,1.0,0.0,0.0,3.8000000000000003,,2026,pit,RP
sa3020739,Connor Staine,0.1754,0.1754,1.0,0.0,0.0,6.800000000000001,COL,2026,pit,SP
sa3031927,Davian Garcia,0.1919,0.1719,1.0,0.0,0.0,3.8000000000000003,WSN,2026,pit,SP
sa3018345,Alfredo Romero,0.2661,0.1561,1.0,0.0,0.0,3.8000000000000003,CHC,2026,pit,SP
sa3021567,Marlon Nieves,0.2191,0.1661,1.0,0.0,0.0,3.8000000000000003,LAD,2026,pit,SP
sa3015310,Wilton Castillo,0.356,0.137,1.0,0.0,0.0,3.8000000000000003,,2026,pit,RP
sa3016463,Giussepe Velasquez,0.2472,0.1602,1.0,0.0,0.0,3.8000000000000003,PHI,2026,pit,SP
sa3015212,Raúl Rangel,0.3939,0.1289,1.0,0.0,0.0,1.8000000000000003,,2026,pit,RP
sa3009754,Yordan Nodal,0.3428,0.1398,1.0,0.0,0.0,3.8000000000000003,,2026,pit,RP
sa3067208,Jayden Voelker,0.22,0.166,1.0,0.0,0.0,3.8000000000000003,TBR,2026,pit,SP
sa3021020,Fabian Ysalla,0.2365,0.1625,1.0,0.0,0.0,1.8000000000000003,CHW,2026,pit,SP
sa3026340,Isaac Ayon,0.2076,0.1686,1.0,0.0,0.0,3.8000000000000003,LAD,2026,pit,SP
sa3018313,Brayan Romero,0.2125,0.1675,1.0,0.0,0.0,1.8000000000000003,WSN,2026,pit,SP
sa3015348,Edgardo Ibarra,0.2092,0.1682,1.0,0.0,0.0,3.8000000000000003,,2026,pit,SP
sa3014509,Koen Moreno,0.4846,0.1096,1.0,0.0,0.0,3.8000000000000003,CHC,2026,pit,RP
sa3032013,Joey Gartrell,0.3791,0.1321,1.0,0.0,0.0,3.8000000000000003,BOS,2026,pit,RP
sa3022396,Jose M. Rodriguez,0.2224,0.1654,1.0,0.0,0.0,3.8000000000000003,NYY,2026,pit,SP
sa3021771,Bernard Mack,0.2876,0.1516,1.0,0.0,0.0,3.8000000000000003,STL,2026,pit,SP
sa3009602,Javier Atencio,0.281,0.153,1.0,0.0,0.0,3.8000000000000003,,2026,pit,SP
sa3019772,Jefferson Jean,0.2068,0.1688,1.0,0.0,0.0,3.8000000000000003,ATH,2026,pit,SP
sa3024211,Brayan Vergara,0.3906,0.1296,1.0,0.0,0.0,3.8000000000000003,LAA,2026,pit,RP
sa3023569,Zander Mueth,0.1754,0.1754,1.0,0.0,0.0,3.8000000000000003,PIT,2026,pit,SP
sa3025237,Miqueas Mercedes,0.2389,0.1619,1.0,0.0,0.0,3.8000000000000003,MIL,2026,pit,SP
sa3025467,Griffin Kilander,0.4376,0.1196,1.0,0.0,0.0,3.8000000000000003,BOS,2026,pit,RP
sa3026300,Brooks Auger,0.2216,0.1656,1.0,0.0,0.0,3.8000000000000003,LAD,2026,pit,SP
sa3020612,Braxton Hyde,0.403,0.127,1.0,0.0,0.0,3.8000000000000003,COL,2026,pit,RP
sa3019273,Omar Victorino,0.2901,0.1511,1.0,0.0,0.0,3.8000000000000003,NYM,2026,pit,SP
sa3023082,Barrett Kent,0.1862,0.1732,1.0,0.0,0.0,3.8000000000000003,LAA,2026,pit,SP
sa3019287,German Nunez,0.3494,0.1384,1.0,0.0,0.0,3.8000000000000003,,2026,pit,RP
sa3025667,Chandler Welch,0.1754,0.1754,1.0,0.0,0.0,3.8000000000000003,MIL,2026,pit,SP
sa3025504,Luke Hayden,0.1754,0.1754,1.0,0.0,0.0,3.8000000000000003,CIN,2026,pit,SP
sa3020961,Mason McGwire,0.2983,0.1493,1.0,0.0,0.0,3.8000000000000003,CHC,2026,pit,SP
sa3015488,Gabriel Agostini,0.3494,0.1384,1.0,0.0,0.0,3.8000000000000003,WSN,2026,pit,RP
sa3019171,Juan De La Cruz,0.3247,0.1437,1.0,0.0,0.0,3.8000000000000003,MIA,2026,pit,RP
sa3018310,Pedro Marquez,0.3758,0.1328,1.0,0.0,0.0,3.8000000000000003,,2026,pit,RP
sa3022315,Sann Omosako,0.356,0.137,1.0,0.0,0.0,1.8000000000000003,TOR,2026,pit,RP
sa3021008,Samuel Sanchez,0.2604,0.1574,1.0,0.0,0.0,6.800000000000001,LAD,2026,pit,SP
sa3022153,Alvin Nova,0.2266,0.1646,1.0,0.0,0.0,3.8000000000000003,ATH,2026,pit,SP
sa3021780,Eric Prado,0.361,0.136,1.0,0.0,0.0,3.8000000000000003,MIL,2026,pit,RP
sa3023627,Adrian Herrera,0.3775,0.1325,1.0,0.0,0.0,3.8000000000000003,CIN,2026,pit,RP
sa3025798,Matt Ager,0.201,0.17,1.0,0.0,0.0,1.8000000000000003,PIT,2026,pit,SP
sa3067472,Kaleb Sophy,0.1862,0.1732,1.0,0.0,0.0,1.8000000000000003,,2026,pit,SP
sa3021521,Luis Arestigueta,0.2068,0.1688,1.0,0.0,0.0,3.8000000000000003,ATL,2026,pit,SP
sa3033811,Camron Hill,0.2043,0.1693,1.0,0.0,0.0,3.8000000000000003,PHI,2026,pit,SP
sa3022325,Joan Ogando,0.3041,0.1481,1.0,0.0,0.0,3.8000000000000003,HOU,2026,pit,RP
sa3018834,Camilo Sanchez,0.2579,0.1579,1.0,0.0,0.0,3.8000000000000003,WSN,2026,pit,SP
sa3023601,Hyun-Seok Jang,0.1754,0.1754,1.0,0.0,0.0,3.8000000000000003,LAD,2026,pit,SP
sa3024922,JeanPierre Ortiz,0.375,0.133,1.0,0.0,0.0,3.8000000000000003,CIN,2026,pit,RP
sa3031488,Ty Floyd,0.1754,0.1754,1.0,0.0,0.0,3.8000000000000003,CIN,2026,pit,SP
sa3020957,Victor Farias,0.4855,0.1095,1.0,0.0,0.0,3.8000000000000003,WSN,2026,pit,RP
sa3019300,Edinzo Marquez,0.1994,0.1704,1.0,0.0,0.0,1.8000000000000003,NYY,2026,pit,SP
sa3027439,Alex Bouchard,0.2125,0.1675,1.0,0.0,0.0,3.8000000000000003,BOS,2026,pit,SP
sa3020865,Tyler Gough,0.1829,0.1739,1.0,0.0,0.0,3.8000000000000003,LAD,2026,pit,SP
sa3021010,Jesus Tillero,0.2661,0.1561,1.0,0.0,0.0,3.8000000000000003,LAD,2026,pit,SP
sa3016915,Bryan Polanco,0.1829,0.1739,1.0,0.0,0.0,1.8000000000000003,WSN,2026,pit,SP
sa3019261,Marcos Herrera,0.1928,0.1718,1.0,0.0,0.0,3.8000000000000003,COL,2026,pit,SP
sa3011879,Dheygler Gimenez,0.1878,0.1728,1.0,0.0,0.0,3.8000000000000003,,2026,pit,SP
sa3024072,Alexander Fuentes,0.356,0.137,1.0,0.0,0.0,1.8000000000000003,SFG,2026,pit,RP
sa3022138,Elier Morillo,0.2332,0.1632,1.0,0.0,0.0,3.8000000000000003,MIA,2026,pit,SP
sa3016227,Ismael Luciano,0.4434,0.1184,1.0,0.0,0.0,1.8000000000000003,COL,2026,pit,RP
sa3008726,Develson Aria,0.3222,0.1442,1.0,0.0,0.0,3.8000000000000003,,2026,pit,RP
sa3024069,Jose Feliz,0.1878,0.1728,1.0,0.0,0.0,1.8000000000000003,WSN,2026,pit,SP
sa3023351,Landen Maroudis,0.1845,0.1735,1.0,0.0,0.0,3.8000000000000003,TOR,2026,pit,SP
sa3016025,Juan Soto,0.3131,0.1461,1.0,0.0,0.0,3.8000000000000003,HOU,2026,pit,RP
sa3035165,Janzen Keisel,0.3173,0.1453,1.0,0.0,0.0,3.8000000000000003,TBR,2026,pit,RP
sa3024514,Will Frisch,0.1754,0.1754,1.0,0.0,0.0,3.8000000000000003,,2026,pit,SP
sa3018332,Luichi Casilla,0.2785,0.1535,1.0,0.0,0.0,3.8000000000000003,COL,2026,pit,SP
sa3022217,Angel Liranzo,0.2092,0.1682,1.0,0.0,0.0,3.8000000000000003,PHI,2026,pit,SP
sa3024281,Edwardo Melendez,0.4335,0.1205,1.0,0.0,0.0,3.8000000000000003,CHC,2026,pit,RP
sa3022380,Francisco Pazos,0.2068,0.1688,1.0,0.0,0.0,1.8000000000000003,SEA,2026,pit,SP
sa3020978,Yereny Teus,0.2934,0.1504,1.0,0.0,0.0,3.8000000000000003,TBR,2026,pit,SP
sa3024277,Carlos Rodriguez,0.1754,0.1754,1.0,0.0,0.0,1.8000000000000003,DET,2026,pit,SP
sa3024884,JP Wheat,0.2365,0.1625,1.0,0.0,0.0,3.8000000000000003,CHC,2026,pit,SP
sa3023102,Riley Bauman,0.1837,0.1737,1.0,0.0,0.0,3.8000000000000003,,2026,pit,SP
sa3030027,Ryan Degges,0.2109,0.1679,1.0,0.0,0.0,3.8000000000000003,PHI,2026,pit,SP
sa3023570,Dylan Questad,0.3428,0.1398,1.0,0.0,0.0,3.8000000000000003,MIN,2026,pit,RP
sa3022121,Jhon Medina,0.1903,0.1723,1.0,0.0,0.0,1.8000000000000003,COL,2026,pit,SP
sa3016710,Jhoniel Serrano,0.2785,0.1535,1.0,0.0,0.0,3.8000000000000003,MIA,2026,pit,SP
sa3024548,Angel Rivero,0.1754,0.1754,1.0,0.0,0.0,1.8000000000000003,TOR,2026,pit,SP
sa3021754,Ronny Lopez,0.2117,0.1677,1.0,0.0,0.0,1.8000000000000003,CHC,2026,pit,SP
sa3018297,Andre Sanchez,0.3131,0.1461,1.0,0.0,0.0,3.8000000000000003,,2026,pit,RP
sa3022239,Keeler Morfe,0.2101,0.1681,1.0,0.0,0.0,3.8000000000000003,BAL,2026,pit,SP
sa3023088,Keegan Zinn,0.4649,0.1139,1.0,0.0,0.0,3.8000000000000003,CLE,2026,pit,RP
sa3025166,Anthony Astudillo,0.1754,0.1754,1.0,0.0,0.0,3.8000000000000003,TEX,2026,pit,SP
sa3024213,Naimer Rosario,0.1754,0.1754,1.0,0.0,0.0,3.8000000000000003,ARI,2026,pit,SP
sa3023618,Danny Flatt,0.1754,0.1754,1.0,0.0,0.0,3.8000000000000003,NYY,2026,pit,SP
sa3028529,Greysen Carter,0.2035,0.1695,1.0,0.0,0.0,3.8000000000000003,NYY,2026,pit,SP
sa3016032,Reynardo Cruz,0.4104,0.1254,1.0,0.0,0.0,3.8000000000000003,CIN,2026,pit,RP
sa3024557,Jose Paulino,0.1754,0.1754,1.0,0.0,0.0,3.8000000000000003,MIA,2026,pit,SP
sa3025021,Juan Reyes,0.1754,0.1754,1.0,0.0,0.0,1.8000000000000003,WSN,2026,pit,SP
sa3023839,Reiver Camacho,0.4376,0.1196,1.0,0.0,0.0,1.8000000000000003,COL,2026,pit,RP
sa3025448,Alberto Laroche,0.1754,0.1754,1.0,0.0,0.0,1.8000000000000003,SFG,2026,pit,SP
sa3021749,Erick Reynoso,0.2241,0.1651,1.0,0.0,0.0,3.8000000000000003,ARI,2026,pit,SP
sa3019431,Sabier Marte,0.356,0.137,1.0,0.0,0.0,1.8000000000000003,NYY,2026,pit,RP
sa3021004,Osiris Calvo,0.2109,0.1679,1.0,0.0,0.0,1.8000000000000003,NYM,2026,pit,SP
sa3022194,Jefferson Moran,0.2505,0.1595,1.0,0.0,0.0,1.8000000000000003,STL,2026,pit,SP
sa3024470,Dony Aguilera,0.2579,0.1579,1.0,0.0,0.0,1.8000000000000003,CIN,2026,pit,SP
sa3068635,Jeronimo Palmeros,0.1919,0.1719,1.0,0.0,0.0,3.8000000000000003,SDP,2026,pit,SP
sa3018326,Raimy Rodriguez,0.2224,0.1654,1.0,0.0,0.0,3.8000000000000003,HOU,2026,pit,SP
sa3024474,Luis Ghisays,0.1754,0.1754,1.0,0.0,0.0,1.8000000000000003,CHC,2026,pit,SP
sa3024207,Juan Cazarez,0.2505,0.1595,1.0,0.0,0.0,1.8000000000000003,SEA,2026,pit,SP
sa3019370,Chalniel Arias,0.4113,0.1253,1.0,0.0,0.0,3.8000000000000003,NYY,2026,pit,RP
sa3021006,Luis Carias,0.2884,0.1514,1.0,0.0,0.0,3.8000000000000003,LAD,2026,pit,SP
sa3068332,Jesus Castro,0.2332,0.1632,1.0,0.0,0.0,1.8000000000000003,SDP,2026,pit,SP
sa3024465,Miguel Flores,0.2505,0.1595,1.0,0.0,0.0,3.8000000000000003,CLE,2026,pit,SP
sa3024593,Alexander Almonte,0.1919,0.1719,1.0,0.0,0.0,1.8000000000000003,NYY,2026,pit,SP
sa3021735,Starlin Savinon,0.3131,0.1461,1.0,0.0,0.0,1.8000000000000003,TBR,2026,pit,RP
sa3024262,Luis Espinoza,0.1754,0.1754,1.0,0.0,0.0,1.8000000000000003,BAL,2026,pit,SP
sa3020381,Mason Pelio,0.1754,0.1754,1.0,0.0,0.0,3.8000000000000003,CIN,2026,pit,SP
sa3024100,Esteban Luna,0.1919,0.1719,1.0,0.0,0.0,1.8000000000000003,BAL,2026,pit,SP
sa3025116,Brad Pacheco,0.1754,0.1754,1.0,0.0,0.0,1.8000000000000003,PHI,2026,pit,SP
sa3024270,Alejandro Chiquillo,0.3404,0.1404,1.0,0.0,0.0,3.8000000000000003,TEX,2026,pit,RP
sa3019626,Franklin Gil,0.2934,0.1504,1.0,0.0,0.0,3.8000000000000003,HOU,2026,pit,SP
sa3024782,Gilberto Lopez,0.2332,0.1632,1.0,0.0,0.0,3.8000000000000003,TEX,2026,pit,SP
sa3022261,Eduardo Robles,0.1919,0.1719,1.0,0.0,0.0,1.8000000000000003,PHI,2026,pit,SP
sa3025045,Hunter Hollan,0.2711,0.1551,1.0,0.0,0.0,3.8000000000000003,CIN,2026,pit,SP
sa3024242,Franco Zabaleta,0.2332,0.1632,1.0,0.0,0.0,1.8000000000000003,ATH,2026,pit,SP
sa3022133,Brayan Narvaez,0.1754,0.1754,1.0,0.0,0.0,1.8000000000000003,SFG,2026,pit,SP
sa3024539,Xavier Lopez,0.1754,0.1754,1.0,0.0,0.0,1.8000000000000003,TBR,2026,pit,SP
sa3023688,Dilan Fernandez,0.1919,0.1719,1.0,0.0,0.0,1.8000000000000003,SFG,2026,pit,SP
sa3023863,Orlando Suarez,0.215,0.167,1.0,0.0,0.0,3.8000000000000003,CHW,2026,pit,SP
sa3022025,Randry De Leon,0.3964,0.1284,1.0,0.0,0.0,3.8000000000000003,SFG,2026,pit,RP
sa3024843,Jose Cruz,0.1754,0.1754,1.0,0.0,0.0,1.8000000000000003,KCR,2026,pit,SP
sa3018860,Jesús  Palacios,0.2604,0.1574,1.0,0.0,0.0,3.8000000000000003,BAL,2026,pit,SP
sa3024252,Darrel Lunar,0.2365,0.1625,1.0,0.0,0.0,1.8000000000000003,WSN,2026,pit,SP
sa3017785,Zhiorman Imbriano,0.2266,0.1646,1.0,0.0,0.0,1.8000000000000003,,2026,pit,SP
sa3019373,Manuel Perez,0.2183,0.1663,1.0,0.0,0.0,1.8000000000000003,ATH,2026,pit,SP
sa3025026,Marco Eluscat,0.1919,0.1719,1.0,0.0,0.0,3.8000000000000003,SDP,2026,pit,SP
sa3021572,Frenny Grant,0.1754,0.1754,1.0,0.0,0.0,1.8000000000000003,DET,2026,pit,SP
sa3023833,Marlon De La Cruz,0.1754,0.1754,1.0,0.0,0.0,1.8000000000000003,WSN,2026,pit,SP
sa3025109,Diomer Gonzalez,0.2406,0.1616,1.0,0.0,0.0,1.8000000000000003,ATH,2026,pit,SP
sa3024517,Moises Castillo,0.2224,0.1654,1.0,0.0,0.0,3.8000000000000003,CIN,2026,pit,SP
sa3023847,Victor Espiritu,0.4113,0.1253,1.0,0.0,0.0,1.8000000000000003,TOR,2026,pit,RP
sa3024097,Rubender Pena,0.1919,0.1719,1.0,0.0,0.0,1.8000000000000003,TBR,2026,pit,SP
sa3024462,Eric Veras,0.1754,0.1754,1.0,0.0,0.0,1.8000000000000003,COL,2026,pit,SP
sa3024891,Gerardo Lopez,0.1754,0.1754,1.0,0.0,0.0,1.8000000000000003,PHI,2026,pit,SP
sa3024529,Yermain Ruiz,0.356,0.137,1.0,0.0,0.0,1.8000000000000003,BOS,2026,pit,RP
sa3021022,Hamlet Garcia,0.2266,0.1646,1.0,0.0,0.0,1.8000000000000003,MIA,2026,pit,SP
sa3024085,Marcos Pimentel,0.1754,0.1754,1.0,0.0,0.0,1.8000000000000003,COL,2026,pit,SP
sa3068474,Diego Arroyo,0.2109,0.1679,1.0,0.0,0.0,1.8000000000000003,COL,2026,pit,SP
sa3022119,Eliezer Pena,0.3024,0.1484,1.0,0.0,0.0,1.8000000000000003,COL,2026,pit,RP
sa3021746,Enmanuel Talavera,0.1754,0.1754,1.0,0.0,0.0,1.8000000000000003,,2026,pit,SP
sa3019644,Ovis Portes,0.2546,0.1586,1.0,0.0,0.0,3.8000000000000003,CIN,2026,pit,SP
sa3015932,Nelvis Ochoa,0.22,0.166,1.0,0.0,0.0,1.8000000000000003,,2026,pit,SP
sa3068487,Diustin Mayorquin,0.3354,0.1414,1.0,0.0,0.0,1.8000000000000003,MIL,2026,pit,RP
sa3022031,Miguel Toscano,0.2604,0.1574,1.0,0.0,0.0,1.8000000000000003,TBR,2026,pit,SP
sa3067315,Josiah Romeo,0.2043,0.1693,1.0,0.0,0.0,1.8000000000000003,ATH,2026,pit,SP
sa3024292,Luis Burgos,0.2332,0.1632,1.0,0.0,0.0,1.8000000000000003,ATH,2026,pit,SP
sa3024278,Wifrailyn Jaquez,0.1903,0.1723,1.0,0.0,0.0,1.8000000000000003,PIT,2026,pit,SP
sa3023637,Adam Bates,0.4624,0.1144,1.0,0.0,0.0,3.8000000000000003,BOS,2026,pit,RP
sa3021017,Dylan Wilson,0.2266,0.1646,1.0,0.0,0.0,1.8000000000000003,SEA,2026,pit,SP
sa3021772,Manuel Osorio,0.2934,0.1504,1.0,0.0,0.0,1.8000000000000003,CLE,2026,pit,SP
sa3068133,Kevin Martinez,0.1754,0.1754,1.0,0.0,0.0,1.8000000000000003,COL,2026,pit,SP
sa3024531,Bernardo Rivera,0.2332,0.1632,1.0,0.0,0.0,3.8000000000000003,TEX,2026,pit,SP
sa3024230,Anthony Gantes,0.2505,0.1595,1.0,0.0,0.0,1.8000000000000003,HOU,2026,pit,SP
sa3023822,Moises Meza,0.2505,0.1595,1.0,0.0,0.0,1.8000000000000003,COL,2026,pit,SP
sa3022193,Harrison Ruiz,0.1754,0.1754,1.0,0.0,0.0,1.8000000000000003,CLE,2026,pit,SP
sa3024103,Salvador Casado,0.1919,0.1719,1.0,0.0,0.0,1.8000000000000003,BAL,2026,pit,SP
sa3021524,Kevin Velasco,0.2332,0.1632,1.0,0.0,0.0,1.8000000000000003,BAL,2026,pit,SP
sa3018888,Franklyn Moreta,0.356,0.137,1.0,0.0,0.0,3.8000000000000003,MIA,2026,pit,RP
sa3019294,Frank Moreno,0.3404,0.1404,1.0,0.0,0.0,1.8000000000000003,,2026,pit,RP
sa3024087,Melvin Rodriguez,0.2109,0.1679,1.0,0.0,0.0,1.8000000000000003,MIN,2026,pit,SP
sa3019054,Noelin Cuevas,0.2884,0.1514,1.0,0.0,0.0,1.8000000000000003,,2026,pit,SP
sa3021028,Francis Texido,0.2884,0.1514,1.0,0.0,0.0,3.8000000000000003,LAA,2026,pit,SP
sa3025048,Jhonan Coba,0.1936,0.1716,1.0,0.0,0.0,3.8000000000000003,DET,2026,pit,SP
sa3024091,Fabian Gallardo,0.1919,0.1719,1.0,0.0,0.0,1.8000000000000003,LAA,2026,pit,SP
sa3023567,Cole Schoenwetter,0.2431,0.1611,1.0,0.0,0.0,3.8000000000000003,CIN,2026,pit,SP
sa3068357,Freddy Hernandez,0.1754,0.1754,1.0,0.0,0.0,1.8000000000000003,LAA,2026,pit,SP
sa3022327,Jharold Clemente,0.3131,0.1461,1.0,0.0,0.0,1.8000000000000003,,2026,pit,RP
sa3024792,Alexander Garcia,0.1754,0.1754,1.0,0.0,0.0,3.8000000000000003,CLE,2026,pit,SP
sa3068366,Juan Garcia,0.2068,0.1688,1.0,0.0,0.0,1.8000000000000003,STL,2026,pit,SP
sa3018317,Luis Bermudez,0.2826,0.1526,1.0,0.0,0.0,1.8000000000000003,,2026,pit,SP
sa3021787,Denny Lima,0.1936,0.1716,1.0,0.0,0.0,1.8000000000000003,CHW,2026,pit,SP
sa3023691,Efrailin Ramos,0.2785,0.1535,1.0,0.0,0.0,3.8000000000000003,TBR,2026,pit,SP
sa3023812,Erigaldi Perez,0.3131,0.1461,1.0,0.0,0.0,1.8000000000000003,CLE,2026,pit,RP
sa3006390,Robert Cruz,0.389,0.13,1.0,0.0,0.0,1.8000000000000003,,2026,pit,RP
sa3021803,Luimy Munoz,0.3939,0.1289,1.0,0.0,0.0,3.8000000000000003,TEX,2026,pit,RP
sa3024533,Williams Salazar,0.1754,0.1754,1.0,0.0,0.0,1.8000000000000003,LAD,2026,pit,SP
sa3021488,Josnier Parra,0.2266,0.1646,1.0,0.0,0.0,1.8000000000000003,ATH,2026,pit,SP
sa3024586,Franyerson Reyes,0.1754,0.1754,1.0,0.0,0.0,1.8000000000000003,DET,2026,pit,SP
sa3024773,Gabriel Chinchilla,0.2068,0.1688,1.0,0.0,0.0,1.8000000000000003,STL,2026,pit,SP
sa3022130,Francisco Morao,0.2505,0.1595,1.0,0.0,0.0,3.8000000000000003,BAL,2026,pit,SP
sa3021797,Jorge Luna,0.2068,0.1688,1.0,0.0,0.0,1.8000000000000003,NYY,2026,pit,SP
sa3021533,Jerson Alejandro,0.1903,0.1723,1.0,0.0,0.0,3.8000000000000003,NYY,2026,pit,SP
sa3024257,Adrian Ardines,0.375,0.133,1.0,0.0,0.0,3.8000000000000003,HOU,2026,pit,RP
sa3021520,Leuris Portorreal,0.2934,0.1504,1.0,0.0,0.0,1.8000000000000003,WSN,2026,pit,SP
sa3022002,Anderson Beltre,0.2068,0.1688,1.0,0.0,0.0,1.8000000000000003,,2026,pit,SP
sa3068494,Juanyerlin Duran,0.1754,0.1754,1.0,0.0,0.0,1.8000000000000003,BOS,2026,pit,SP
sa3023857,Edgar Gallegos,0.1754,0.1754,1.0,0.0,0.0,1.8000000000000003,TOR,2026,pit,SP
sa3021041,Sandy Ozuna,0.3131,0.1461,1.0,0.0,0.0,3.8000000000000003,COL,2026,pit,RP
sa3024789,Oliver Gonzalez,0.1754,0.1754,1.0,0.0,0.0,3.8000000000000003,LAD,2026,pit,SP
sa3021779,Keuri Almonte,0.1754,0.1754,1.0,0.0,0.0,3.8000000000000003,PIT,2026,pit,SP
sa3016624,Ronny Oliver,0.2934,0.1504,1.0,0.0,0.0,3.8000000000000003,,2026,pit,SP
sa3067292,Edgar Colon,0.2125,0.1675,1.0,0.0,0.0,3.8000000000000003,CIN,2026,pit,SP
sa3024567,Manuel Moreno,0.2604,0.1574,1.0,0.0,0.0,1.8000000000000003,MIL,2026,pit,SP
sa3019257,Biembenido  Brito,0.22,0.166,1.0,0.0,0.0,3.8000000000000003,,2026,pit,SP
sa3017472,Vitico Valdez,0.2785,0.1535,1.0,0.0,0.0,1.8000000000000003,ARI,2026,pit,SP
sa3068475,Geovanny Villarroel,0.1919,0.1719,1.0,0.0,0.0,1.8000000000000003,CHC,2026,pit,SP
sa3025493,Jesus Montiel,0.1754,0.1754,1.0,0.0,0.0,1.8000000000000003,PHI,2026,pit,SP
sa3068144,Aneury Montilla,0.2224,0.1654,1.0,0.0,0.0,1.8000000000000003,PHI,2026,pit,SP
sa3024574,Jose Parra,0.2332,0.1632,1.0,0.0,0.0,3.8000000000000003,ATH,2026,pit,SP
sa3024267,Gregory Sanchez,0.1754,0.1754,1.0,0.0,0.0,1.8000000000000003,COL,2026,pit,SP
sa3067577,Jhon Almonte,0.1754,0.1754,1.0,0.0,0.0,1.8000000000000003,LAA,2026,pit,SP
sa3025107,Victor Santos,0.1754,0.1754,1.0,0.0,0.0,1.8000000000000003,BAL,2026,pit,SP
sa3021984,Juan Cota,0.3404,0.1404,1.0,0.0,0.0,1.8000000000000003,,2026,pit,RP
sa3018295,Juan Pinto,0.2826,0.1526,1.0,0.0,0.0,1.8000000000000003,SEA,2026,pit,SP
sa3025468,Omar Montano,0.1754,0.1754,1.0,0.0,0.0,1.8000000000000003,MIN,2026,pit,SP
sa3025332,Raymel Belliard,0.1754,0.1754,1.0,0.0,0.0,1.8000000000000003,SDP,2026,pit,SP
sa3067419,Troy Guthrie,0.4624,0.1144,1.0,0.0,0.0,1.8000000000000003,TOR,2026,pit,RP
sa3018324,Jeffrey German,0.2958,0.1498,1.0,0.0,0.0,1.8000000000000003,,2026,pit,SP
sa3021027,Christian Lopez,0.3494,0.1384,1.0,0.0,0.0,3.8000000000000003,CIN,2026,pit,RP
sa3021529,Jesus Lopez,0.1754,0.1754,1.0,0.0,0.0,1.8000000000000003,SFG,2026,pit,SP
sa3068622,Kelvin Zapata,0.1754,0.1754,1.0,0.0,0.0,3.8000000000000003,BAL,2026,pit,SP
sa3020991,Anderson Cardenas,0.4846,0.1096,1.0,0.0,0.0,3.8000000000000003,ARI,2026,pit,RP
sa3067564,Daniel Gomez,0.3131,0.1461,1.0,0.0,0.0,1.8000000000000003,STL,2026,pit,RP
sa3068348,Darling Perez,0.1754,0.1754,1.0,0.0,0.0,1.8000000000000003,NYM,2026,pit,SP
sa3019487,Evelio Hernandez,0.4113,0.1253,1.0,0.0,0.0,3.8000000000000003,CLE,2026,pit,RP
sa3024272,Angel Bello,0.2505,0.1595,1.0,0.0,0.0,1.8000000000000003,CHW,2026,pit,SP
sa3068358,Wisler Infante,0.3354,0.1414,1.0,0.0,0.0,1.8000000000000003,SEA,2026,pit,RP
sa3020971,Carlos Hampshire,0.2958,0.1498,1.0,0.0,0.0,1.8000000000000003,NYY,2026,pit,SP
sa3068485,Joan Pena,0.2727,0.1547,1.0,0.0,0.0,1.8000000000000003,MIL,2026,pit,SP
sa3024603,Marlon Quintana,0.1952,0.1712,1.0,0.0,0.0,1.8000000000000003,PIT,2026,pit,SP
sa3068146,Gustavo Garcia,0.2604,0.1574,1.0,0.0,0.0,1.8000000000000003,MIL,2026,pit,SP
sa3067623,Leandro Rodriguez,0.3816,0.1316,1.0,0.0,0.0,3.8000000000000003,SFG,2026,pit,RP
sa3018892,Wander Ventura,0.356,0.137,1.0,0.0,0.0,1.8000000000000003,,2026,pit,RP
sa3024521,Andrew Bolivar,0.389,0.13,1.0,0.0,0.0,1.8000000000000003,STL,2026,pit,RP
sa3024783,Edelvis Perez,0.1754,0.1754,1.0,0.0,0.0,1.8000000000000003,CLE,2026,pit,SP
sa3068359,Williams Montero,0.1754,0.1754,1.0,0.0,0.0,1.8000000000000003,BOS,2026,pit,SP
sa3024260,Luis Maracara,0.4113,0.1253,1.0,0.0,0.0,3.8000000000000003,SDP,2026,pit,RP
sa3024894,Dariel Florentino,0.2431,0.1611,1.0,0.0,0.0,1.8000000000000003,PIT,2026,pit,SP
sa3023813,Junior Tavera,0.1903,0.1723,1.0,0.0,0.0,1.8000000000000003,NYY,2026,pit,SP
sa3019293,Diego Dugarte,0.2785,0.1535,1.0,0.0,0.0,1.8000000000000003,,2026,pit,SP
sa3068624,Enderson Amaya,0.2934,0.1504,1.0,0.0,0.0,1.8000000000000003,CLE,2026,pit,SP
sa3024237,Jhan Almeida,0.229,0.164,1.0,0.0,0.0,1.8000000000000003,CIN,2026,pit,SP
sa3025065,Edwarlys Hidalgo,0.2892,0.1512,1.0,0.0,0.0,1.8000000000000003,ATL,2026,pit,SP
sa3022389,Deybi Salcedo,0.2604,0.1574,1.0,0.0,0.0,1.8000000000000003,,2026,pit,SP
sa3067607,Randy Angomas,0.1754,0.1754,1.0,0.0,0.0,1.8000000000000003,NYY,2026,pit,SP
sa3024088,Irwin Ramirez,0.2332,0.1632,1.0,0.0,0.0,1.8000000000000003,PIT,2026,pit,SP
sa3022118,Francis Marte,0.3354,0.1414,1.0,0.0,0.0,1.8000000000000003,ATH,2026,pit,RP
sa3022001,Michell Chirinos,0.215,0.167,1.0,0.0,0.0,1.8000000000000003,,2026,pit,SP
sa3021023,Oswaldo Aponte,0.1919,0.1719,1.0,0.0,0.0,1.8000000000000003,MIA,2026,pit,SP
sa3021557,Pedro Belisario,0.2068,0.1688,1.0,0.0,0.0,1.8000000000000003,,2026,pit,SP
sa3068515,Jose Menes,0.2266,0.1646,1.0,0.0,0.0,1.8000000000000003,TBR,2026,pit,SP
sa3024075,Johan Cabeza,0.1903,0.1723,1.0,0.0,0.0,1.8000000000000003,CIN,2026,pit,SP
sa3023831,Jean Robles,0.1903,0.1723,1.0,0.0,0.0,1.8000000000000003,WSN,2026,pit,SP
sa3021491,Damian Jimenez,0.3148,0.1458,1.0,0.0,0.0,1.8000000000000003,,2026,pit,RP
sa3024083,Jhostin Betances,0.1919,0.1719,1.0,0.0,0.0,1.8000000000000003,LAA,2026,pit,SP
sa3024217,Christopher Hernandez,0.4624,0.1144,1.0,0.0,0.0,3.8000000000000003,TEX,2026,pit,RP
sa3067635,Edwin Marte,0.2109,0.1679,1.0,0.0,0.0,1.8000000000000003,BAL,2026,pit,SP
sa3023819,Joel Cruz,0.2043,0.1693,1.0,0.0,0.0,1.8000000000000003,LAD,2026,pit,SP
sa3022219,Jordany Chirinos,0.1886,0.1726,1.0,0.0,0.0,1.8000000000000003,CHW,2026,pit,SP
sa3024208,Jezler Baules,0.2406,0.1616,1.0,0.0,0.0,1.8000000000000003,KCR,2026,pit,SP
sa3068482,Raymond Sarmiento,0.3354,0.1414,1.0,0.0,0.0,1.8000000000000003,MIL,2026,pit,RP
sa3067622,Cristhian Duarte,0.1754,0.1754,1.0,0.0,0.0,1.8000000000000003,TOR,2026,pit,SP
sa3068615,Jose D. Gonzalez,0.1754,0.1754,1.0,0.0,0.0,1.8000000000000003,SFG,2026,pit,SP
sa3025022,Emanuel Vargas,0.4846,0.1096,1.0,0.0,0.0,3.8000000000000003,NYY,2026,pit,RP
sa3024985,Michael Ramirez,0.2224,0.1654,1.0,0.0,0.0,3.8000000000000003,LAD,2026,pit,SP
sa3068599,Josias Figuereo,0.2233,0.1653,1.0,0.0,0.0,1.8000000000000003,SDP,2026,pit,SP
sa3022125,Kendal Meza,0.4311,0.1211,1.0,0.0,0.0,3.8000000000000003,SEA,2026,pit,RP
sa3024266,Cristian Aray,0.1754,0.1754,1.0,0.0,0.0,1.8000000000000003,SEA,2026,pit,SP
sa3023836,Adrian Aray,0.2505,0.1595,1.0,0.0,0.0,1.8000000000000003,,2026,pit,SP
sa3024772,Rordy Mejia,0.4492,0.1172,1.0,0.0,0.0,1.8000000000000003,SDP,2026,pit,RP
sa3019263,Edwin Gonzalez,0.375,0.133,1.0,0.0,0.0,1.8000000000000003,,2026,pit,RP
sa3024571,Anderson Jimenez,0.2934,0.1504,1.0,0.0,0.0,1.8000000000000003,SEA,2026,pit,SP
sa3068632,Abner Meza,0.2529,0.1589,1.0,0.0,0.0,1.8000000000000003,NYM,2026,pit,SP
sa3019503,Alvaro Pineda,0.229,0.164,1.0,0.0,0.0,1.8000000000000003,,2026,pit,SP
sa3023849,Jose Silvestre,0.1944,0.1714,1.0,0.0,0.0,1.8000000000000003,TEX,2026,pit,SP
sa3024535,Joshue De La Cruz,0.1952,0.1712,1.0,0.0,0.0,1.8000000000000003,PHI,2026,pit,SP
sa3020967,Wilmer Ramirez,0.2431,0.1611,1.0,0.0,0.0,1.8000000000000003,,2026,pit,SP
sa3015987,Carlos Lopez,0.2513,0.1593,1.0,0.0,0.0,1.8000000000000003,,2026,pit,SP
sa3024845,David Sanchez,0.2719,0.1549,1.0,0.0,0.0,1.8000000000000003,ARI,2026,pit,SP
sa3067567,Manuel Cruz,0.1754,0.1754,1.0,0.0,0.0,1.8000000000000003,NYY,2026,pit,SP
sa3068079,Aneudy Almonte,0.2826,0.1526,1.0,0.0,0.0,3.8000000000000003,LAD,2026,pit,SP
sa3024562,Josue Toledo,0.4253,0.1223,1.0,0.0,0.0,1.8000000000000003,MIL,2026,pit,RP
sa3024866,Gabriel Rivero,0.45,0.117,1.0,0.0,0.0,3.8000000000000003,HOU,2026,pit,RP
sa3024080,Stharlin Torres,0.2727,0.1547,1.0,0.0,0.0,3.8000000000000003,CIN,2026,pit,SP
sa3022803,Moises Morales,0.45,0.117,1.0,0.0,0.0,1.8000000000000003,TEX,2026,pit,RP
sa3067385,Alistair Tanner,0.2266,0.1646,1.0,0.0,0.0,1.8000000000000003,DET,2026,pit,SP
sa3023598,Daniel Keaney,0.4846,0.1096,1.0,0.0,0.0,3.8000000000000003,TEX,2026,pit,RP
sa3022372,Sebastian Estiven,0.215,0.167,1.0,0.0,0.0,1.8000000000000003,,2026,pit,SP
sa3025142,Deivi Villafana,0.2505,0.1595,1.0,0.0,0.0,1.8000000000000003,CIN,2026,pit,SP
sa3019489,Jonathan Batista,0.4113,0.1253,1.0,0.0,0.0,1.8000000000000003,,2026,pit,RP
sa3068754,Antonio Morales,0.389,0.13,1.0,0.0,0.0,1.8000000000000003,HOU,2026,pit,RP
sa3068631,Melky Ventura,0.215,0.167,1.0,0.0,0.0,1.8000000000000003,COL,2026,pit,SP
sa3022743,Brendan Morse,0.375,0.133,1.0,0.0,0.0,1.8000000000000003,,2026,pit,RP
sa3068476,Anthony Feliz,0.1903,0.1723,1.0,0.0,0.0,1.8000000000000003,CHC,2026,pit,SP
sa3067604,Ismael Obregon,0.4311,0.1211,1.0,0.0,0.0,1.8000000000000003,HOU,2026,pit,RP
sa3024560,Stiven Rogers,0.1754,0.1754,1.0,0.0,0.0,1.8000000000000003,ARI,2026,pit,SP
sa3018831,Joneiker Arellano,0.3131,0.1461,1.0,0.0,0.0,1.8000000000000003,,2026,pit,RP
sa3024543,Gerinton Mendez,0.2604,0.1574,1.0,0.0,0.0,1.8000000000000003,MIA,2026,pit,SP
sa3019163,Yorvi Pirela,0.3494,0.1384,1.0,0.0,0.0,1.8000000000000003,,2026,pit,RP
sa3067578,Berny Ortiz,0.2109,0.1679,1.0,0.0,0.0,1.8000000000000003,BOS,2026,pit,SP
sa3068505,Leonel Murrieta,0.2505,0.1595,1.0,0.0,0.0,1.8000000000000003,HOU,2026,pit,SP
sa3024520,Oscar Romero,0.1754,0.1754,1.0,0.0,0.0,1.8000000000000003,,2026,pit,SP
sa3024203,Xavier Cruz,0.1952,0.1712,1.0,0.0,0.0,1.8000000000000003,STL,2026,pit,SP
sa3025347,Leonardo Leon,0.2068,0.1688,1.0,0.0,0.0,1.8000000000000003,DET,2026,pit,SP
sa3023850,Elkyns Villarreal,0.2868,0.1518,1.0,0.0,0.0,1.8000000000000003,SFG,2026,pit,SP
sa3024569,Enixon Sanchez,0.1903,0.1723,1.0,0.0,0.0,1.8000000000000003,NYY,2026,pit,SP
sa3022020,Gabriel Colmenarez,0.4748,0.1118,1.0,0.0,0.0,1.8000000000000003,MIL,2026,pit,RP
sa3019058,Moises Lira,0.3131,0.1461,1.0,0.0,0.0,1.8000000000000003,,2026,pit,RP
sa3021481,Ismael Cabral,0.2505,0.1595,1.0,0.0,0.0,1.8000000000000003,TBR,2026,pit,SP
sa3022116,Jose Vasquez,0.2983,0.1493,1.0,0.0,0.0,3.8000000000000003,LAD,2026,pit,SP
sa3021077,Janero Miller,0.4624,0.1144,1.0,0.0,0.0,3.8000000000000003,MIA,2026,pit,RP
sa3024549,Angel Peralta,0.2505,0.1595,1.0,0.0,0.0,3.8000000000000003,HOU,2026,pit,SP
sa3068473,Ruben Medina,0.3354,0.1414,1.0,0.0,0.0,1.8000000000000003,TEX,2026,pit,RP
sa3068683,Jhosneyker Colina,0.1919,0.1719,1.0,0.0,0.0,1.8000000000000003,NYY,2026,pit,SP
sa3068163,Deiker Pineda,0.2785,0.1535,1.0,0.0,0.0,1.8000000000000003,TOR,2026,pit,SP
sa3019184,Wilmer Blanco,0.2068,0.1688,1.0,0.0,0.0,1.8000000000000003,PHI,2026,pit,SP
sa3021811,Daiher Hernandez,0.1903,0.1723,1.0,0.0,0.0,1.8000000000000003,CLE,2026,pit,SP
sa3024784,Jorge Guzman,0.2604,0.1574,1.0,0.0,0.0,1.8000000000000003,PHI,2026,pit,SP
sa3022388,Alison Zacarias,0.1754,0.1754,1.0,0.0,0.0,1.8000000000000003,COL,2026,pit,SP
sa3068642,Diego Castro,0.2785,0.1535,1.0,0.0,0.0,1.8000000000000003,TBR,2026,pit,SP
sa3024556,Angel Beltran,0.1754,0.1754,1.0,0.0,0.0,1.8000000000000003,ARI,2026,pit,SP
sa3024581,Albert Ramos,0.1903,0.1723,1.0,0.0,0.0,1.8000000000000003,DET,2026,pit,SP
sa3022180,Darcy Longstaff,0.2892,0.1512,1.0,0.0,0.0,1.8000000000000003,,2026,pit,SP
sa3021992,Marwys Cabrera,0.2958,0.1498,1.0,0.0,0.0,1.8000000000000003,KCR,2026,pit,SP
sa3022012,Greudis De Los Santos,0.2266,0.1646,1.0,0.0,0.0,1.8000000000000003,,2026,pit,SP
sa3019383,Gabriel Torres,0.2109,0.1679,1.0,0.0,0.0,1.8000000000000003,,2026,pit,SP
sa3068104,Yosniel Menendez,0.1754,0.1754,1.0,0.0,0.0,1.8000000000000003,TBR,2026,pit,SP
sa3021743,Jeremy Martinez,0.3816,0.1316,1.0,0.0,0.0,1.8000000000000003,,2026,pit,RP
sa3025348,Jean Brito,0.2975,0.1495,1.0,0.0,0.0,1.8000000000000003,NYM,2026,pit,SP
sa3025094,David De Los Santos,0.1936,0.1716,1.0,0.0,0.0,1.8000000000000003,BAL,2026,pit,SP
sa3021788,Cristian Hernandez,0.2018,0.1698,1.0,0.0,0.0,1.8000000000000003,MIN,2026,pit,SP
sa3068621,Frederik Dolsi,0.1936,0.1716,1.0,0.0,0.0,1.8000000000000003,TEX,2026,pit,SP
sa3024564,Lonell Downs,0.2604,0.1574,1.0,0.0,0.0,1.8000000000000003,MIL,2026,pit,SP
sa3024240,Dioris De La Rosa,0.2505,0.1595,1.0,0.0,0.0,1.8000000000000003,LAA,2026,pit,SP
sa3067619,Jainer Marmolejos,0.1754,0.1754,1.0,0.0,0.0,1.8000000000000003,BAL,2026,pit,SP
sa3022143,Yohanfer Santana,0.1754,0.1754,1.0,0.0,0.0,1.8000000000000003,MIA,2026,pit,SP
sa3020985,Yannelbinson Lugo,0.2266,0.1646,1.0,0.0,0.0,1.8000000000000003,,2026,pit,SP
sa3021502,Jeicol Surumay,0.2505,0.1595,1.0,0.0,0.0,1.8000000000000003,,2026,pit,SP
sa3068364,Omar Damian,0.3313,0.1423,1.0,0.0,0.0,3.8000000000000003,HOU,2026,pit,RP
sa3068373,Luis Cepeda,0.2868,0.1518,1.0,0.0,0.0,1.8000000000000003,ARI,2026,pit,SP
sa3022303,Yoelvin Chirino,0.2785,0.1535,1.0,0.0,0.0,3.8000000000000003,BOS,2026,pit,SP
sa3068370,Iverson Paulino,0.1886,0.1726,1.0,0.0,0.0,1.8000000000000003,SFG,2026,pit,SP
sa3023840,Alejandro Rivera,0.1754,0.1754,1.0,0.0,0.0,1.8000000000000003,CLE,2026,pit,SP
sa3068075,Alexander Diaz,0.1754,0.1754,1.0,0.0,0.0,1.8000000000000003,BAL,2026,pit,SP
sa3024261,Christopher Peralta,0.2934,0.1504,1.0,0.0,0.0,1.8000000000000003,MIL,2026,pit,SP
sa3023838,Delni Uribe,0.1919,0.1719,1.0,0.0,0.0,1.8000000000000003,CLE,2026,pit,SP
sa3021734,Jhon Nunez,0.3997,0.1277,1.0,0.0,0.0,1.8000000000000003,,2026,pit,RP
sa3015349,Cesar Ayala,0.1919,0.1719,1.0,0.0,0.0,1.8000000000000003,,2026,pit,SP
sa3024618,Juan Mieses,0.4846,0.1096,1.0,0.0,0.0,3.8000000000000003,HOU,2026,pit,RP
sa3024284,Josehp Marte,0.2505,0.1595,1.0,0.0,0.0,1.8000000000000003,LAD,2026,pit,SP
sa3068508,Aneudy Santos,0.2785,0.1535,1.0,0.0,0.0,1.8000000000000003,TEX,2026,pit,SP
sa3068490,Daniel Gentile,0.1903,0.1723,1.0,0.0,0.0,1.8000000000000003,CLE,2026,pit,SP
sa3024244,Madinson Frias,0.4624,0.1144,1.0,0.0,0.0,1.8000000000000003,BOS,2026,pit,RP
sa3016026,Maximo Martinez,0.4113,0.1253,1.0,0.0,0.0,1.8000000000000003,CHW,2026,pit,RP
sa3022376,Dioris Martinez,0.2727,0.1547,1.0,0.0,0.0,1.8000000000000003,PIT,2026,pit,SP
sa3021543,Juan Archbold,0.2637,0.1567,1.0,0.0,0.0,1.8000000000000003,,2026,pit,SP
sa3017692,Jorge Geraldo,0.4846,0.1096,1.0,0.0,0.0,3.8000000000000003,HOU,2026,pit,RP
sa3019075,Amauri Otero,0.4376,0.1196,1.0,0.0,0.0,1.8000000000000003,,2026,pit,RP
sa3022280,Julio Gutierrez,0.2529,0.1589,1.0,0.0,0.0,1.8000000000000003,KCR,2026,pit,SP
sa3068486,Christopher Cordero,0.2109,0.1679,1.0,0.0,0.0,1.8000000000000003,BOS,2026,pit,SP
sa3023829,Fabian Soto,0.1754,0.1754,1.0,0.0,0.0,1.8000000000000003,LAA,2026,pit,SP
sa3021804,Luis Sotillo,0.1936,0.1716,1.0,0.0,0.0,1.8000000000000003,NYM,2026,pit,SP
sa3068338,Jose Arias,0.2332,0.1632,1.0,0.0,0.0,1.8000000000000003,MIL,2026,pit,SP
sa3024590,Jose De La Rosa,0.1754,0.1754,1.0,0.0,0.0,1.8000000000000003,,2026,pit,SP
sa3023699,Mathias Sato,0.2505,0.1595,1.0,0.0,0.0,1.8000000000000003,SEA,2026,pit,SP
sa3021736,Stijn Van Der Schaaf,0.3131,0.1461,1.0,0.0,0.0,1.8000000000000003,,2026,pit,RP
sa3021512,Joshawn Lampson,0.2835,0.1525,1.0,0.0,0.0,1.8000000000000003,,2026,pit,SP
sa3024941,Jesus Mejia,0.375,0.133,1.0,0.0,0.0,1.8000000000000003,,2026,pit,RP
sa3022027,Johander Rubio,0.1754,0.1754,1.0,0.0,0.0,3.8000000000000003,TEX,2026,pit,SP
sa3068361,Carlos Galindo,0.3354,0.1414,1.0,0.0,0.0,1.8000000000000003,MIL,2026,pit,RP
sa3021499,Paul Chacon,0.45,0.117,1.0,0.0,0.0,1.8000000000000003,ATH,2026,pit,RP
sa3021737,Emannoel Madeira,0.2068,0.1688,1.0,0.0,0.0,1.8000000000000003,,2026,pit,SP
sa3068124,Emmanuel Pena,0.1754,0.1754,1.0,0.0,0.0,1.8000000000000003,BAL,2026,pit,SP
sa3024778,Lukas Gonzalez,0.3659,0.1349,1.0,0.0,0.0,1.8000000000000003,MIL,2026,pit,RP
sa3019757,Jeison Sanchez,0.3857,0.1307,1.0,0.0,0.0,1.8000000000000003,,2026,pit,RP
sa3023700,Dariel Morillo,0.267,0.156,1.0,0.0,0.0,1.8000000000000003,,2026,pit,SP
sa3024917,Juan Rivera,0.1754,0.1754,1.0,0.0,0.0,1.8000000000000003,KCR,2026,pit,SP
sa3024253,Yohandry Gonzalez,0.3659,0.1349,1.0,0.0,0.0,1.8000000000000003,,2026,pit,RP
sa3020994,Baldemix Cabrera,0.4846,0.1096,1.0,0.0,0.0,1.8000000000000003,,2026,pit,RP
sa3016512,Wilson Betemit Jr.,0.267,0.156,1.0,0.0,0.0,1.8000000000000003,,2026,pit,SP
sa3024200,Sergio Villa,0.4846,0.1096,1.0,0.0,0.0,1.8000000000000003,CIN,2026,pit,RP
sa3068607,Keivan Vasquez,0.1919,0.1719,1.0,0.0,0.0,1.8000000000000003,ARI,2026,pit,SP
sa3019380,Omar Gonzalez,0.1919,0.1719,1.0,0.0,0.0,3.8000000000000003,NYY,2026,pit,SP
sa3023821,Merlin Bido,0.3354,0.1414,1.0,0.0,0.0,1.8000000000000003,BOS,2026,pit,RP
sa3023572,Langston Burkett,0.2892,0.1512,1.0,0.0,0.0,1.8000000000000003,,2026,pit,SP
sa3024471,Joseph Herrera,0.4764,0.1114,1.0,0.0,0.0,1.8000000000000003,SDP,2026,pit,RP
sa3023834,Yoel Roque,0.1754,0.1754,1.0,0.0,0.0,1.8000000000000003,MIN,2026,pit,SP
sa3022030,Rudit Pina,0.2332,0.1632,1.0,0.0,0.0,1.8000000000000003,,2026,pit,SP
sa3024842,Jose Mejia,0.3131,0.1461,1.0,0.0,0.0,1.8000000000000003,ARI,2026,pit,RP
sa3024068,Samuel Perez,0.2505,0.1595,1.0,0.0,0.0,1.8000000000000003,CIN,2026,pit,SP
sa3068331,Yaury Jimenez,0.2505,0.1595,1.0,0.0,0.0,1.8000000000000003,ARI,2026,pit,SP
sa3022013,Jesus Escobar,0.389,0.13,1.0,0.0,0.0,1.8000000000000003,ARI,2026,pit,RP
sa3024458,Raul Trujillo,0.2109,0.1679,1.0,0.0,0.0,1.8000000000000003,CLE,2026,pit,SP
sa3024541,Maximo Gonzalez,0.2958,0.1498,1.0,0.0,0.0,1.8000000000000003,COL,2026,pit,SP
sa3021573,Diego Palmero,0.2068,0.1688,1.0,0.0,0.0,1.8000000000000003,DET,2026,pit,SP
sa3024094,Erick Matos,0.356,0.137,1.0,0.0,0.0,1.8000000000000003,ATH,2026,pit,RP
sa3024966,Enmanuel Carela,0.4113,0.1253,1.0,0.0,0.0,1.8000000000000003,WSN,2026,pit,RP
sa3022182,Pedro Peralta,0.1754,0.1754,1.0,0.0,0.0,1.8000000000000003,PHI,2026,pit,SP
sa3068092,Luis Reyes,0.3939,0.1289,1.0,0.0,0.0,1.8000000000000003,HOU,2026,pit,RP
sa3024263,Kendry Castro,0.4426,0.1186,1.0,0.0,0.0,1.8000000000000003,SFG,2026,pit,RP
sa3024582,Leonardo Rondon,0.4624,0.1144,1.0,0.0,0.0,1.8000000000000003,,2026,pit,RP
sa3024998,Miguel Movilio,0.3659,0.1349,1.0,0.0,0.0,1.8000000000000003,HOU,2026,pit,RP
sa3024528,Darian Rivero,0.2934,0.1504,1.0,0.0,0.0,1.8000000000000003,CHC,2026,pit,SP
sa3068470,Jose Puello,0.2538,0.1588,1.0,0.0,0.0,1.8000000000000003,ARI,2026,pit,SP
sa3023083,Alexander De Los Santos,0.3131,0.1461,1.0,0.0,0.0,1.8000000000000003,PHI,2026,pit,RP
sa3025127,Alvaro Carrillo,0.45,0.117,1.0,0.0,0.0,1.8000000000000003,NYM,2026,pit,RP
sa3024869,Manuel Marchan,0.2431,0.1611,1.0,0.0,0.0,1.8000000000000003,CIN,2026,pit,SP
sa3024563,Leyvi Rodriguez,0.4311,0.1211,1.0,0.0,0.0,1.8000000000000003,NYM,2026,pit,RP
sa3025038,Gregg Ferrera,0.2785,0.1535,1.0,0.0,0.0,1.8000000000000003,LAD,2026,pit,SP
sa3021489,Luis Morellis,0.2727,0.1547,1.0,0.0,0.0,3.8000000000000003,CIN,2026,pit,SP
sa3068148,Wilfred Paca,0.3131,0.1461,1.0,0.0,0.0,1.8000000000000003,SDP,2026,pit,RP
sa3024790,Yeferson Gonzalez,0.3816,0.1316,1.0,0.0,0.0,1.8000000000000003,TEX,2026,pit,RP
sa3024089,Oniel Diaz,0.2373,0.1623,1.0,0.0,0.0,1.8000000000000003,CIN,2026,pit,SP
sa3019271,Freilyn Silverio,0.3131,0.1461,1.0,0.0,0.0,1.8000000000000003,,2026,pit,RP
sa3024545,Yohandri Contreras,0.4682,0.1132,1.0,0.0,0.0,1.8000000000000003,ATH,2026,pit,RP
sa3024553,Anferni Gonzalez,0.2505,0.1595,1.0,0.0,0.0,1.8000000000000003,,2026,pit,SP
sa3025093,Juan Medina,0.2579,0.1579,1.0,0.0,0.0,1.8000000000000003,,2026,pit,SP
sa3022028,Bayant Melo,0.389,0.13,1.0,0.0,0.0,3.8000000000000003,MIA,2026,pit,RP
sa3023858,Robert Terrero,0.2307,0.1637,1.0,0.0,0.0,1.8000000000000003,ARI,2026,pit,SP
sa3023697,Frank Chessman,0.45,0.117,1.0,0.0,0.0,1.8000000000000003,TBR,2026,pit,RP
sa3022026,Erick Batista,0.4846,0.1096,1.0,0.0,0.0,3.8000000000000003,SDP,2026,pit,RP
sa3068481,Luis Velasquez,0.389,0.13,1.0,0.0,0.0,1.8000000000000003,,2026,pit,RP
19712,Patrick Murphy,1.0,0.0,1.0,0.0,0.0,6.800000000000001,TEX,2026,pit,RP
9111,Brad Hand,1.0,0.0,1.0,0.0,0.0,6.800000000000001,,2026,pit,RP
13287,Jesse Hahn,1.0,0.0,1.0,0.0,0.0,6.800000000000001,TOR,2026,pit,RP
7803,Richard Bleier,1.0,0.0,1.0,0.0,0.0,6.800000000000001,,2026,pit,RP
31839,Shintaro Fujinami,0.8087,0.0407,1.0,0.0,0.0,3.8000000000000003,,2026,pit,RP
4338,Tyler Chatwood,1.0,0.0,1.0,0.0,0.0,6.800000000000001,,2026,pit,RP
12323,Jacob Barnes,1.0,0.0,1.0,0.0,0.0,6.800000000000001,,2026,pit,RP
15047,Austin Voth,1.0,0.0,1.0,0.0,0.0,6.800000000000001,CHW,2026,pit,RP
sa3004483,Matt Seelinger,1.0,0.0,1.0,0.0,0.0,6.800000000000001,DET,2026,pit,RP
19731,Kodi Whitley,1.0,0.0,1.0,0.0,0.0,6.800000000000001,TBR,2026,pit,RP
25551,Isaiah Campbell,1.0,0.0,1.0,0.0,0.0,6.800000000000001,ARI,2026,pit,RP
22192,Hans Crouse,1.0,0.0,1.0,0.0,0.0,6.800000000000001,BAL,2026,pit,RP
sa3007851,Tyler McKay,1.0,0.0,1.0,0.0,0.0,6.800000000000001,,2026,pit,RP
17480,Daniel Duarte,1.0,0.0,1.0,0.0,0.0,6.800000000000001,NYM,2026,pit,RP
sa3010256,Avery Weems,1.0,0.0,1.0,0.0,0.0,6.800000000000001,,2026,pit,RP
sa3023311,Simon Miller,1.0,0.0,1.0,0.0,0.0,6.800000000000001,CIN,2026,pit,RP
sa3016914,Jimmy Joyce,1.0,0.0,1.0,0.0,0.0,6.800000000000001,SEA,2026,pit,RP
sa3007850,Tanner Andrews,1.0,0.0,1.0,0.0,0.0,6.800000000000001,TOR,2026,pit,RP
20277,Cory Abbott,1.0,0.0,1.0,0.0,0.0,6.800000000000001,,2026,pit,RP
22318,Jose E. Hernandez,1.0,0.0,1.0,0.0,0.0,6.800000000000001,,2026,pit,RP
19315,Matt Krook,1.0,0.0,1.0,0.0,0.0,3.8000000000000003,ATH,2026,pit,RP
sa3020608,Trevor Martin,1.0,0.0,1.0,0.0,0.0,6.800000000000001,TBR,2026,pit,RP
sa3020634,Ryan Jennings,1.0,0.0,1.0,0.0,0.0,6.800000000000001,TOR,2026,pit,RP
sa917899,Anderson Pilar,0.793,0.044,1.0,0.0,0.0,6.800000000000001,ATL,2026,pit,RP
sa3015414,Eiberson Castellano,0.7864,0.0454,1.0,0.0,0.0,6.800000000000001,COL,2026,pit,RP
20447,Enoli Paredes,1.0,0.0,1.0,0.0,0.0,6.800000000000001,BAL,2026,pit,RP
16201,Justin Anderson,1.0,0.0,1.0,0.0,0.0,6.800000000000001,,2026,pit,RP
19243,Wes Benjamin,0.8178,0.0388,1.0,0.0,0.0,6.800000000000001,,2026,pit,RP
25474,Nathan Wiles,1.0,0.0,1.0,0.0,0.0,6.800000000000001,,2026,pit,RP
sa3010778,Jake Sommers,1.0,0.0,1.0,0.0,0.0,6.800000000000001,,2026,pit,RP
20515,Kyle Nelson,1.0,0.0,1.0,0.0,0.0,6.800000000000001,ATL,2026,pit,RP
sa3017917,Nate Lavender,0.5415,0.0975,1.0,0.0,0.0,6.800000000000001,NYM,2026,pit,RP
26226,Nick Robertson,1.0,0.0,1.0,0.0,0.0,6.800000000000001,LAD,2026,pit,RP
9646,Brian Moran,1.0,0.0,1.0,0.0,0.0,6.800000000000001,,2026,pit,RP
21850,Mason Thompson,1.0,0.0,1.0,0.0,0.0,6.800000000000001,TEX,2026,pit,RP
18152,Anthony Misiewicz,1.0,0.0,1.0,0.0,0.0,6.800000000000001,CIN,2026,pit,RP
sa3006966,Brooks Wilson,1.0,0.0,1.0,0.0,0.0,6.800000000000001,,2026,pit,RP
21163,Angel Felipe,1.0,0.0,1.0,0.0,0.0,3.8000000000000003,,2026,pit,RP
18790,Dillon Peters,0.8112,0.0402,1.0,0.0,0.0,6.800000000000001,,2026,pit,RP
2859,Ross Detwiler,1.0,0.0,1.0,0.0,0.0,6.800000000000001,CIN,2026,pit,RP
sa3016504,Miguel Ullola,18.0,0.0,18.0,0.0,0.6557,79.00000000000003,HOU,2026,pit,RP
20190,Chad Smith,1.0,0.0,1.0,0.0,0.0,6.800000000000001,,2026,pit,RP
3862,Rubby De La Rosa,1.0,0.0,1.0,0.0,0.0,6.800000000000001,,2026,pit,RP
19345,Daulton Jefferies,0.8499,0.0319,1.0,0.0,0.0,6.800000000000001,PIT,2026,pit,RP
11801,Hansel Robles,1.0,0.0,1.0,0.0,0.0,6.800000000000001,,2026,pit,RP
sa3016783,Yondrei Rojas,1.0,0.0,1.0,0.0,0.0,6.800000000000001,TOR,2026,pit,RP
sa3018276,Alfredo Zarraga,1.0,0.0,1.0,0.0,0.0,6.800000000000001,TBR,2026,pit,RP
sa3017545,Tyler Schoff,1.0,0.0,1.0,0.0,0.0,6.800000000000001,WSN,2026,pit,RP
7531,Collin McHugh,0.9769,0.0049,1.0,0.0,0.0,6.800000000000001,,2026,pit,RP
25663,McKinley Moore,1.0,0.0,1.0,0.0,0.0,3.8000000000000003,,2026,pit,RP
24681,Kelvin Cáceres,1.0,0.0,1.0,0.0,0.0,3.8000000000000003,,2026,pit,RP
12022,Matt Andriese,1.0,0.0,1.0,0.0,0.0,6.800000000000001,,2026,pit,RP
sa3007992,Julio Rodriguez,1.0,0.0,1.0,0.0,0.0,6.800000000000001,HOU,2026,pit,RP
24933,Andrew Wantz,1.0,0.0,1.0,0.0,0.0,6.800000000000001,TBR,2026,pit,RP
sa3009243,Royber Salinas,0.7609,0.0509,1.0,0.0,0.0,6.800000000000001,,2026,pit,RP
16094,Zach Thompson,1.0,0.0,1.0,0.0,0.0,6.800000000000001,,2026,pit,RP
sa3007959,Durbin Feltman,1.0,0.0,1.0,0.0,0.0,6.800000000000001,ATH,2026,pit,RP
sa3011143,Andrew McInvale,1.0,0.0,1.0,0.0,0.0,6.800000000000001,,2026,pit,RP
sa3011900,Graeme Stinson,0.793,0.044,1.0,0.0,0.0,6.800000000000001,TBR,2026,pit,RP
17092,Domingo Acevedo,1.0,0.0,1.0,0.0,0.0,6.800000000000001,,2026,pit,RP
sa3019962,Nick Merkel,1.0,0.0,1.0,0.0,0.0,6.800000000000001,MIL,2026,pit,RP
21298,Andre Jackson,0.6471,0.0751,1.0,0.0,0.0,6.800000000000001,,2026,pit,RP
sa3011481,Trevor Brigden,1.0,0.0,1.0,0.0,0.0,6.800000000000001,,2026,pit,RP
21997,Luis Frías,1.0,0.0,1.0,0.0,0.0,6.800000000000001,,2026,pit,RP
16958,Jake Jewell,1.0,0.0,1.0,0.0,0.0,6.800000000000001,,2026,pit,RP
17149,Domingo Germán,0.6413,0.0763,1.0,0.0,0.0,6.800000000000001,,2026,pit,RP
sa875017,Dakota Chalmers,1.0,0.0,1.0,0.0,0.0,3.8000000000000003,,2026,pit,RP
sa829124,Sam McWilliams,1.0,0.0,1.0,0.0,0.0,6.800000000000001,,2026,pit,RP
29530,Fraser Ellard,0.8219,0.0379,1.0,0.0,0.0,3.8000000000000003,,2026,pit,RP
30153,Dom Hamel,8.0,0.0,8.0,0.0,0.6905,35.10000000000001,NYY,2026,pit,RP
17264,Sam Coonrod,1.0,0.0,1.0,0.0,0.0,6.800000000000001,,2026,pit,RP
10058,Tyler Matzek,1.0,0.0,1.0,0.0,0.0,6.800000000000001,,2026,pit,RP
sa3008023,Reid Schaller,1.0,0.0,1.0,0.0,0.0,6.800000000000001,WSN,2026,pit,RP
27908,Noah Murdock,1.0,0.0,1.0,0.0,0.0,3.8000000000000003,PIT,2026,pit,RP
sa3020556,Kyle Jones,1.0,0.0,1.0,0.0,0.0,6.800000000000001,,2026,pit,RP
15684,Miguel Castro,1.0,0.0,1.0,0.0,0.0,6.800000000000001,,2026,pit,RP
16390,Brad Wieck,1.0,0.0,1.0,0.0,0.0,6.800000000000001,,2026,pit,RP
sa3008129,Jackson Rose,1.0,0.0,1.0,0.0,0.0,6.800000000000001,,2026,pit,RP
25379,Sam Long,1.0,0.0,1.0,0.0,0.0,6.800000000000001,KCR,2026,pit,RP
sa3004211,Blake Weiman,1.0,0.0,1.0,0.0,0.0,6.800000000000001,LAA,2026,pit,RP
1581,Sean Doolittle,1.0,0.0,1.0,0.0,0.0,6.800000000000001,,2026,pit,RP
sa736742,Raffi Vizcaíno,1.0,0.0,1.0,0.0,0.0,3.8000000000000003,,2026,pit,RP
20383,Antonio Santos,1.0,0.0,1.0,0.0,0.0,6.800000000000001,,2026,pit,RP
18555,Logan Allen,1.0,0.0,1.0,0.0,0.0,6.800000000000001,,2026,pit,RP
14682,Luis Perdomo,1.0,0.0,1.0,0.0,0.0,6.800000000000001,,2026,pit,RP
sa3020613,Kevin Stevens,0.6463,0.0753,1.0,0.0,0.0,6.800000000000001,NYY,2026,pit,RP
1890,Matt Moore,1.0,0.0,1.0,0.0,0.0,6.800000000000001,,2026,pit,RP
20339,Matt Peacock,1.0,0.0,1.0,0.0,0.0,6.800000000000001,,2026,pit,RP
15046,Trevor Gott,1.0,0.0,1.0,0.0,0.0,6.800000000000001,WSN,2026,pit,RP
17952,Tyler Jay,1.0,0.0,1.0,0.0,0.0,6.800000000000001,MIL,2026,pit,RP
10354,Robbie Erlin,1.0,0.0,1.0,0.0,0.0,6.800000000000001,,2026,pit,RP
sa550590,Bryan Rodriguez,1.0,0.0,1.0,0.0,0.0,6.800000000000001,,2026,pit,RP
sa3020400,Trevin Michael,1.0,0.0,1.0,0.0,0.0,6.800000000000001,DET,2026,pit,RP
7593,Jordan Lyles,1.0,0.0,1.0,0.0,0.0,6.800000000000001,,2026,pit,RP
sa3007896,Dominic Pipkin,1.0,0.0,1.0,0.0,0.0,6.800000000000001,PIT,2026,pit,RP
sa3004713,Tim Naughton,1.0,0.0,1.0,0.0,0.0,6.800000000000001,DET,2026,pit,RP
10855,Chasen Shreve,1.0,0.0,1.0,0.0,0.0,6.800000000000001,,2026,pit,RP
26128,Amos Willingham,1.0,0.0,1.0,0.0,0.0,6.800000000000001,HOU,2026,pit,RP
sa3021726,Cameron Cotter,1.0,0.0,1.0,0.0,0.0,6.800000000000001,,2026,pit,RP
5358,Jose Alvarez,1.0,0.0,1.0,0.0,0.0,6.800000000000001,,2026,pit,RP
21197,Darien Núñez,0.7848,0.0458,1.0,0.0,0.0,6.800000000000001,,2026,pit,RP
sa3016065,Felipe De La Cruz,0.5671,0.0921,1.0,0.0,0.0,6.800000000000001,NYM,2026,pit,RP
sa3010260,Leon Hunter Jr.,0.9225,0.0165,1.0,0.0,0.0,6.800000000000001,,2026,pit,RP
sa3004823,Jakob Hernandez,1.0,0.0,1.0,0.0,0.0,6.800000000000001,,2026,pit,RP
12178,Domingo Tapia,1.0,0.0,1.0,0.0,0.0,6.800000000000001,,2026,pit,RP
sa737901,Trevor Clifton,1.0,0.0,1.0,0.0,0.0,6.800000000000001,,2026,pit,RP
sa3015069,Justin Courtney,1.0,0.0,1.0,0.0,0.0,6.800000000000001,,2026,pit,RP
19789,Anthony Castro,1.0,0.0,1.0,0.0,0.0,6.800000000000001,,2026,pit,RP
19784,Justin Garza,1.0,0.0,1.0,0.0,0.0,6.800000000000001,NYM,2026,pit,RP
13182,Kyle Crick,1.0,0.0,1.0,0.0,0.0,6.800000000000001,,2026,pit,RP
16455,Conner Greene,0.967,0.007,1.0,0.0,0.0,6.800000000000001,,2026,pit,RP
15239,Alan Busenitz,1.0,0.0,1.0,0.0,0.0,6.800000000000001,,2026,pit,RP
sa3008243,Barrett Loseke,1.0,0.0,1.0,0.0,0.0,6.800000000000001,NYY,2026,pit,RP
26364,Ethan Small,1.0,0.0,1.0,0.0,0.0,6.800000000000001,,2026,pit,RP
sa873314,Melvin Adón,1.0,0.0,1.0,0.0,0.0,6.800000000000001,,2026,pit,RP
18300,Andrew Suárez,1.0,0.0,1.0,0.0,0.0,6.800000000000001,,2026,pit,RP
sa3003041,Noe Toribio,1.0,0.0,1.0,0.0,0.0,6.800000000000001,,2026,pit,RP
21761,José Marte,1.0,0.0,1.0,0.0,0.0,6.800000000000001,NYM,2026,pit,RP
sa3010630,Brandon Komar,0.6248,0.0798,1.0,0.0,0.0,6.800000000000001,,2026,pit,RP
sa3024995,Tyler Bryant,1.0,0.0,1.0,0.0,0.0,6.800000000000001,MIL,2026,pit,RP
16754,Vinny Nittoli,1.0,0.0,1.0,0.0,0.0,6.800000000000001,BOS,2026,pit,RP
21281,Tommy Doyle,1.0,0.0,1.0,0.0,0.0,6.800000000000001,,2026,pit,RP
sa3002790,Gerardo Carrillo,1.0,0.0,1.0,0.0,0.0,6.800000000000001,ARI,2026,pit,RP
19866,Brandon Bielak,1.0,0.0,1.0,0.0,0.0,6.800000000000001,,2026,pit,RP
15007,Yacksel Ríos,1.0,0.0,1.0,0.0,0.0,6.800000000000001,CHC,2026,pit,RP
sa3014811,Braxton Roxby,1.0,0.0,1.0,0.0,0.0,6.800000000000001,SFG,2026,pit,RP
17792,Patrick Weigel,1.0,0.0,1.0,0.0,0.0,6.800000000000001,COL,2026,pit,RP
sa3014915,TJ Shook,0.9126,0.0186,1.0,0.0,0.0,6.800000000000001,COL,2026,pit,RP
sa3025568,Josh Mallitz,0.9439,0.0119,1.0,0.0,0.0,6.800000000000001,SDP,2026,pit,RP
20643,Johan Quezada,1.0,0.0,1.0,0.0,0.0,6.800000000000001,,2026,pit,RP
sa3022238,Tanner Kohlhepp,1.0,0.0,1.0,0.0,0.0,6.800000000000001,DET,2026,pit,RP
16588,Jonathan Holder,0.6875,0.0665,1.0,0.0,0.0,6.800000000000001,,2026,pit,RP
sa3025378,Zachary Cawyer,1.0,0.0,1.0,0.0,0.0,6.800000000000001,KCR,2026,pit,RP
29946,Grant Hartwig,1.0,0.0,1.0,0.0,0.0,6.800000000000001,MIN,2026,pit,RP
sa3023408,Kade Bragg,1.0,0.0,1.0,0.0,0.0,6.800000000000001,MIA,2026,pit,RP
18356,Jaime Barria,0.7262,0.0582,1.0,0.0,0.0,6.800000000000001,,2026,pit,RP
sa3017133,Jesse Bergin,1.0,0.0,1.0,0.0,0.0,6.800000000000001,MIA,2026,pit,RP
17179,Bubby Rossman,1.0,0.0,1.0,0.0,0.0,6.800000000000001,,2026,pit,RP
17181,Yoan López,1.0,0.0,1.0,0.0,0.0,6.800000000000001,,2026,pit,RP
sa3014738,Adisyn Coffey,0.9118,0.0188,1.0,0.0,0.0,6.800000000000001,CHW,2026,pit,RP
sa918377,Brian Howard,1.0,0.0,1.0,0.0,0.0,6.800000000000001,,2026,pit,RP
27453,Anthony Veneziano,0.9332,0.0142,1.0,0.0,0.0,6.800000000000001,,2026,pit,RP
sa3004987,Nick Kennedy,1.0,0.0,1.0,0.0,0.0,6.800000000000001,,2026,pit,RP
13761,Chris Stratton,1.0,0.0,1.0,0.0,0.0,6.800000000000001,,2026,pit,RP
22913,Francisco Morales,1.0,0.0,1.0,0.0,0.0,3.8000000000000003,,2026,pit,RP
sa918539,Skylar Arias,0.7708,0.0488,1.0,0.0,0.0,6.800000000000001,,2026,pit,RP
sa917950,Travis MacGregor,1.0,0.0,1.0,0.0,0.0,6.800000000000001,NYY,2026,pit,RP
30179,Pierson Ohl,0.7798,0.0468,1.0,0.0,0.0,6.800000000000001,COL,2026,pit,RP
sa1172845,Ryan Anderson,1.0,0.0,1.0,0.0,0.0,6.800000000000001,,2026,pit,RP
sa3018147,Blake Holub,1.0,0.0,1.0,0.0,0.0,6.800000000000001,MIL,2026,pit,RP
sa3005332,Gabriel Yanez,1.0,0.0,1.0,0.0,0.0,6.800000000000001,,2026,pit,RP
sa3017493,Manuel Castro,1.0,0.0,1.0,0.0,0.0,6.800000000000001,SDP,2026,pit,RP
26907,Jairo Iriarte,1.0,0.0,1.0,0.0,0.0,6.800000000000001,CHW,2026,pit,RP
14506,J.B. Wendelken,1.0,0.0,1.0,0.0,0.0,6.800000000000001,,2026,pit,RP
sa3005836,Cristian Hernandez,0.9085,0.0195,1.0,0.0,0.0,6.800000000000001,,2026,pit,RP
29564,Patrick Monteverde,1.0,0.0,1.0,0.0,0.0,6.800000000000001,MIA,2026,pit,RP
27477,Bryce Jarvis,1.0,0.0,1.0,0.0,0.0,6.800000000000001,ARI,2026,pit,RP
sa3019374,Francis Peña,1.0,0.0,1.0,0.0,0.6532,10.8,SDP,2026,pit,RP
sa3008375,Jose Quezada,1.0,0.0,1.0,0.0,0.0,6.800000000000001,,2026,pit,RP
sa3011189,Connor Lunn,1.0,0.0,1.0,0.0,0.0,6.800000000000001,,2026,pit,RP
sa3014786,Wil Jensen,1.0,0.0,1.0,0.0,0.0,6.800000000000001,,2026,pit,RP
14986,Giovanny Gallegos,1.0,0.0,1.0,0.0,0.0,6.800000000000001,,2026,pit,RP
20476,Peter Solomon,1.0,0.0,1.0,0.0,0.0,6.800000000000001,,2026,pit,RP
sa3025561,Logan Whitaker,1.0,0.0,1.0,0.0,0.0,6.800000000000001,MIN,2026,pit,RP
sa3023164,Ben Simon,1.0,0.0,1.0,0.0,0.0,6.800000000000001,NYM,2026,pit,RP
21859,Alex Speas,1.0,0.0,1.0,0.0,0.0,3.8000000000000003,,2026,pit,RP
25416,Blair Calvo,1.0,0.0,1.0,0.0,0.0,6.800000000000001,,2026,pit,RP
sa3007590,Jake Higginbotham,1.0,0.0,1.0,0.0,0.0,6.800000000000001,,2026,pit,RP
25665,Cole Waites,1.0,0.0,1.0,0.0,0.0,6.800000000000001,DET,2026,pit,RP
19199,Conner Menez,1.0,0.0,1.0,0.0,0.0,6.800000000000001,,2026,pit,RP
sa3011801,Brad Deppermann,1.0,0.0,1.0,0.0,0.0,6.800000000000001,SFG,2026,pit,RP
sa3014808,Shohei Tomioka,1.0,0.0,1.0,0.0,0.0,6.800000000000001,ATH,2026,pit,RP
sa3011889,Noah Denoyer,0.5415,0.0975,1.0,0.0,0.0,6.800000000000001,,2026,pit,RP
11341,Sean Nolin,1.0,0.0,1.0,0.0,0.0,6.800000000000001,,2026,pit,RP
sa3020621,Will Brian,0.8928,0.0228,1.0,0.0,0.0,6.800000000000001,NYY,2026,pit,RP
sa3021985,Colin Fields,0.6883,0.0663,1.0,0.0,0.0,6.800000000000001,DET,2026,pit,RP
sa3021721,Sam Gardner,1.0,0.0,1.0,0.0,0.0,6.800000000000001,,2026,pit,RP
sa3003109,Luis Romero,1.0,0.0,1.0,0.0,0.0,6.800000000000001,,2026,pit,RP
sa3020319,Andrew Walling,1.0,0.0,1.0,0.0,0.0,6.800000000000001,PHI,2026,pit,RP
13896,Chris Flexen,0.9241,0.0161,1.0,0.0,0.0,6.800000000000001,,2026,pit,RP
sa740812,Luis Ledo,0.6916,0.0656,1.0,0.0,0.0,6.800000000000001,,2026,pit,RP
sa3006487,Wilkin Ramos,0.9349,0.0139,1.0,0.0,0.0,6.800000000000001,SFG,2026,pit,RP
sa3008488,Nick Starr,1.0,0.0,1.0,0.0,0.0,6.800000000000001,DET,2026,pit,RP
sa918495,Alejandro Mateo,0.9134,0.0184,1.0,0.0,0.0,6.800000000000001,,2026,pit,RP
sa739468,Robert Corniel,1.0,0.0,1.0,0.0,0.0,6.800000000000001,,2026,pit,RP
sa828460,Jefry Yan,0.8672,0.0282,1.0,0.0,0.0,3.8000000000000003,NYM,2026,pit,RP
sa3011195,Brett Schulze,0.9093,0.0193,1.0,0.0,0.0,6.800000000000001,,2026,pit,RP
15010,Corey Knebel,1.0,0.0,1.0,0.0,0.0,6.800000000000001,,2026,pit,RP
sa3010652,Cole McDonald,1.0,0.0,1.0,0.0,0.0,6.800000000000001,,2026,pit,RP
sa3022872,Carson Jacobs,1.0,0.0,1.0,0.0,0.0,3.8000000000000003,CHW,2026,pit,RP
10341,Juan Minaya,1.0,0.0,1.0,0.0,0.0,6.800000000000001,,2026,pit,RP
sa3015087,Jake McSteen,1.0,0.0,1.0,0.0,0.0,6.800000000000001,,2026,pit,RP
20153,Nick Nelson,1.0,0.0,1.0,0.0,0.0,6.800000000000001,,2026,pit,RP
25667,Nick Avila,1.0,0.0,1.0,0.0,0.0,6.800000000000001,,2026,pit,RP
sa968102,Eric Pardinho,0.9035,0.0205,1.0,0.0,0.0,6.800000000000001,TOR,2026,pit,RP
sa3022728,Camden Minacci,1.0,0.0,1.0,0.0,0.0,6.800000000000001,LAA,2026,pit,RP
19686,Kyle Cody,1.0,0.0,1.0,0.0,0.0,6.800000000000001,,2026,pit,RP
21131,Jose Espada,17.0,0.0,17.0,0.0,0.6582,68.60000000000002,BAL,2026,pit,RP
sa918556,Trevor Bettencourt,0.9208,0.0168,1.0,0.0,0.0,6.800000000000001,,2026,pit,RP
sa3067506,Eston Stull,1.0,0.0,1.0,0.0,0.0,6.800000000000001,MIN,2026,pit,RP
sa3011397,Joel Valdez,1.0,0.0,1.0,0.0,0.0,6.800000000000001,CIN,2026,pit,RP
sa3006141,Jordi Martinez,1.0,0.0,1.0,0.0,0.0,6.800000000000001,,2026,pit,RP
sa3020905,Jarret Whorff,1.0,0.0,1.0,0.0,0.0,6.800000000000001,MIN,2026,pit,RP
sa3020814,Darrell Thompson,1.0,0.0,1.0,0.0,0.0,6.800000000000001,,2026,pit,RP
sa3005029,Matt Turner,0.7147,0.0607,1.0,0.0,0.0,6.800000000000001,NYM,2026,pit,RP
sa3022323,Joe Adametz,1.0,0.0,1.0,0.0,0.0,6.800000000000001,TEX,2026,pit,RP
13475,Daniel Norris,1.0,0.0,1.0,0.0,0.0,6.800000000000001,,2026,pit,RP
25862,Noah Davis,1.0,0.0,1.0,0.0,0.0,6.800000000000001,PIT,2026,pit,RP
sa3010255,Logan Rinehart,1.0,0.0,1.0,0.0,0.0,6.800000000000001,,2026,pit,RP
11589,José Ureña,0.6718,0.0698,1.0,0.0,0.0,6.800000000000001,,2026,pit,RP
12760,Rafael Montero,24.0,0.0,24.0,0.0,0.6905,97.50000000000001,NYY,2026,pit,RP
sa3009860,Reid Morgan,1.0,0.0,1.0,0.0,0.0,6.800000000000001,,2026,pit,RP
20418,Josh Fleming,0.8071,0.0411,1.0,0.0,0.0,6.800000000000001,TOR,2026,pit,RP
1157,Tommy Hunter,1.0,0.0,1.0,0.0,0.0,6.800000000000001,,2026,pit,RP
16318,Ricardo Pinto,1.0,0.0,1.0,0.0,0.0,6.800000000000001,,2026,pit,RP
12575,Nick Ramirez,1.0,0.0,1.0,0.0,0.0,6.800000000000001,,2026,pit,RP
13190,Jordan Weems,1.0,0.0,1.0,0.0,0.0,6.800000000000001,LAD,2026,pit,RP
12918,Archie Bradley,1.0,0.0,1.0,0.0,0.0,6.800000000000001,,2026,pit,RP
sa3006811,Chris Muller,1.0,0.0,1.0,0.0,0.0,6.800000000000001,,2026,pit,RP
sa3005015,Sam Carlson,1.0,0.0,1.0,0.0,0.0,6.800000000000001,HOU,2026,pit,RP
sa3022934,Jack Sellinger,1.0,0.0,1.0,0.0,0.0,3.8000000000000003,MIA,2026,pit,RP
sa3014919,Cole Percival,1.0,0.0,1.0,0.0,0.0,6.800000000000001,MIN,2026,pit,RP
18519,Phil Bickford,1.0,0.0,1.0,0.0,0.0,6.800000000000001,DET,2026,pit,RP
sa1170484,Bear Bellomy,1.0,0.0,1.0,0.0,0.0,6.800000000000001,,2026,pit,RP
sa3004471,Billy Lescher,1.0,0.0,1.0,0.0,0.0,6.800000000000001,,2026,pit,RP
20074,Miguel Sánchez,1.0,0.0,1.0,0.0,0.0,6.800000000000001,,2026,pit,RP
sa3020813,Magnus Ellerts,1.0,0.0,1.0,0.0,0.0,3.8000000000000003,CLE,2026,pit,RP
25368,Zach Penrod,1.0,0.0,1.0,0.0,0.0,3.8000000000000003,WSN,2026,pit,RP
sa3002971,Yefri Del Rosario,1.0,0.0,1.0,0.0,0.0,6.800000000000001,,2026,pit,RP
19695,Connor Seabold,1.0,0.0,1.0,0.0,0.0,6.800000000000001,TOR,2026,pit,RP
sa3020817,Yanlun Zhang,1.0,0.0,1.0,0.0,0.0,6.800000000000001,,2026,pit,RP
14099,César Vargas,0.6562,0.0732,1.0,0.0,0.0,6.800000000000001,,2026,pit,RP
21366,Glenn Otto Jr.,1.0,0.0,1.0,0.0,0.0,6.800000000000001,HOU,2026,pit,RP
sa3007856,Blake Workman,1.0,0.0,1.0,0.0,0.0,6.800000000000001,,2026,pit,RP
sa3008069,Keylan Killgore,1.0,0.0,1.0,0.0,0.0,6.800000000000001,,2026,pit,RP
sa3008588,Rylan Kaufman,1.0,0.0,1.0,0.0,0.0,3.8000000000000003,CHW,2026,pit,RP
sa3016936,Kyle Whitten,0.8862,0.0242,1.0,0.0,0.0,6.800000000000001,TBR,2026,pit,RP
sa3004637,Joey Marciano,0.7889,0.0449,1.0,0.0,0.0,6.800000000000001,,2026,pit,RP
sa920454,Cristhian Tortosa,1.0,0.0,1.0,0.0,0.0,3.8000000000000003,PHI,2026,pit,RP
20462,Bryan Sammons,1.0,0.0,1.0,0.0,0.0,6.800000000000001,DET,2026,pit,RP
23381,Nolan Hoffman,12.0,0.0,12.0,0.0,0.6364,53.30000000000001,PHI,2026,pit,RP
23135,Eduardo Salazar,1.0,0.0,1.0,0.0,0.0,6.800000000000001,MIN,2026,pit,RP
20555,Kirk McCarty,0.8029,0.0419,1.0,0.0,0.0,6.800000000000001,,2026,pit,RP
sa827196,Nick Howard,1.0,0.0,1.0,0.0,0.0,6.800000000000001,,2026,pit,RP
sa3007461,Andrew Cabezas,1.0,0.0,1.0,0.0,0.0,6.800000000000001,,2026,pit,RP
sa3025304,Colby Martin,1.0,0.0,1.0,0.0,0.0,3.8000000000000003,MIA,2026,pit,RP
sa3007477,Chase Cohen,1.0,0.0,1.0,0.0,0.0,6.800000000000001,ATH,2026,pit,RP
sa3019951,Jared Southard,1.0,0.0,1.0,0.0,0.0,6.800000000000001,LAA,2026,pit,RP
sa3007931,Denny Bentley,1.0,0.0,1.0,0.0,0.0,6.800000000000001,,2026,pit,RP
sa829628,Logan Sawyer,1.0,0.0,1.0,0.0,0.0,6.800000000000001,,2026,pit,RP
sa3010326,Zach Vennaro,1.0,0.0,1.0,0.0,0.0,6.800000000000001,,2026,pit,RP
sa3011463,Matt Cronin,1.0,0.0,1.0,0.0,0.0,6.800000000000001,,2026,pit,RP
sa3014916,A.J. Block,0.8846,0.0246,1.0,0.0,0.0,6.800000000000001,,2026,pit,RP
sa3017106,Saul Garcia,1.0,0.0,1.0,0.0,0.0,3.8000000000000003,NYM,2026,pit,RP
31815,Cade Gibson,60.0,0.0,60.0,0.0,11.9227,269.6,MIA,2026,pit,RP
sa737451,Ofreidy Gómez,1.0,0.0,1.0,0.0,0.0,6.800000000000001,NYM,2026,pit,RP
sa3020594,Austin Krob,0.5135,0.1035,1.0,0.0,0.0,6.800000000000001,,2026,pit,RP
sa3006701,Josh Green,0.8071,0.0411,1.0,0.0,0.0,6.800000000000001,,2026,pit,RP
sa3020741,Marques Johnson,1.0,0.0,1.0,0.0,0.0,6.800000000000001,SFG,2026,pit,RP
sa3017473,Tristan Garnett,1.0,0.0,1.0,0.0,0.0,3.8000000000000003,PHI,2026,pit,RP
sa3020837,Joshua Loeschorn,1.0,0.0,1.0,0.0,0.0,6.800000000000001,PIT,2026,pit,RP
12249,Ryan Sherriff,1.0,0.0,1.0,0.0,0.0,6.800000000000001,,2026,pit,RP
sa3007485,Josh Dye,0.7328,0.0568,1.0,0.0,0.0,6.800000000000001,,2026,pit,RP
21023,Adrián Martinez,0.9654,0.0074,1.0,0.0,0.0,6.800000000000001,,2026,pit,RP
sa875052,Garrett Davila,1.0,0.0,1.0,0.0,0.0,6.800000000000001,,2026,pit,RP
5114,Jeurys Familia,1.0,0.0,1.0,0.0,0.0,6.800000000000001,,2026,pit,RP
23875,Omar Cruz,1.0,0.0,1.0,0.0,0.0,6.800000000000001,SDP,2026,pit,RP
17117,Austin Davis,1.0,0.0,1.0,0.0,0.0,3.8000000000000003,,2026,pit,RP
sa3011523,Jake Reindl,1.0,0.0,1.0,0.0,0.0,3.8000000000000003,,2026,pit,RP
10160,Ryan Weber,1.0,0.0,1.0,0.0,0.0,6.800000000000001,,2026,pit,RP
16306,Gerardo Reyes,1.0,0.0,1.0,0.0,0.0,6.800000000000001,,2026,pit,RP
sa3028089,Mason Burns,1.0,0.0,1.0,0.0,0.0,6.800000000000001,STL,2026,pit,RP
10843,Adam Kolarek,1.0,0.0,1.0,0.0,0.0,6.800000000000001,,2026,pit,RP
sa3021469,Thomas Ireland,0.7634,0.0504,1.0,0.0,0.0,6.800000000000001,TEX,2026,pit,RP
sa658076,Jesús Liranzo,1.0,0.0,1.0,0.0,0.0,6.800000000000001,,2026,pit,RP
sa3005359,Brendan Nail,0.7147,0.0607,1.0,0.0,0.0,6.800000000000001,,2026,pit,RP
sa917882,Oddanier Mosqueda,1.0,0.0,1.0,0.0,0.0,6.800000000000001,PIT,2026,pit,RP
sa3017716,Haylen Green,0.9349,0.0139,1.0,0.0,0.0,6.800000000000001,,2026,pit,RP
sa3015105,Chase Wallace,1.0,0.0,1.0,0.0,0.0,6.800000000000001,,2026,pit,RP
14677,Duane Underwood Jr.,1.0,0.0,1.0,0.0,0.0,6.800000000000001,,2026,pit,RP
sa3067023,Tyler LaPorte,1.0,0.0,1.0,0.0,0.0,6.800000000000001,ATL,2026,pit,RP
sa3005187,Lincoln Henzman,1.0,0.0,1.0,0.0,0.0,6.800000000000001,ATH,2026,pit,RP
sa915693,Matt Ruppenthal,0.8936,0.0226,1.0,0.0,0.0,6.800000000000001,,2026,pit,RP
30002,Grant Holman,17.0,0.0,17.0,0.0,0.6573,67.00000000000001,ARI,2026,pit,RP
23265,Cody Bolton,1.0,0.0,1.0,0.0,0.0,6.800000000000001,HOU,2026,pit,RP
sa3066731,Ben Vespi,0.7798,0.0468,1.0,0.0,0.0,6.800000000000001,BAL,2026,pit,RP
18554,Enmanuel De Jesus,1.0,0.0,1.0,0.0,0.0,6.800000000000001,DET,2026,pit,RP
19281,Nick Hernandez,1.0,0.0,1.0,0.0,0.0,6.800000000000001,ATH,2026,pit,RP
sa872809,Luis Amaya,1.0,0.0,1.0,0.0,0.0,6.800000000000001,,2026,pit,RP
sa3002941,Roy Garcia,1.0,0.0,1.0,0.0,0.0,6.800000000000001,,2026,pit,RP
sa3004014,Max Roberts,1.0,0.0,1.0,0.0,0.0,3.8000000000000003,,2026,pit,RP
sa3005408,Nick Gallagher,1.0,0.0,1.0,0.0,0.0,6.800000000000001,,2026,pit,RP
18332,Eric Hanhold,1.0,0.0,1.0,0.0,0.0,6.800000000000001,,2026,pit,RP
16873,Eric Stout,1.0,0.0,1.0,0.0,0.0,6.800000000000001,,2026,pit,RP
sa738686,A.J. Puckett,1.0,0.0,1.0,0.0,0.0,6.800000000000001,,2026,pit,RP
15855,Wander Suero,1.0,0.0,1.0,0.0,0.0,6.800000000000001,ATH,2026,pit,RP
6661,Alex Colomé,1.0,0.0,1.0,0.0,0.0,6.800000000000001,,2026,pit,RP
sa915740,Shane McCarthy,1.0,0.0,1.0,0.0,0.0,6.800000000000001,,2026,pit,RP
sa3008166,Justin Wilson,1.0,0.0,1.0,0.0,0.0,6.800000000000001,,2026,pit,RP
17485,Albert Abreu,1.0,0.0,1.0,0.0,0.0,6.800000000000001,,2026,pit,RP
sa3005016,Marcel Rentería,1.0,0.0,1.0,0.0,0.0,6.800000000000001,,2026,pit,RP
25075,William Woods,1.0,0.0,1.0,0.0,0.0,6.800000000000001,,2026,pit,RP
sa915630,Ryan Nutof,1.0,0.0,1.0,0.0,0.0,6.800000000000001,,2026,pit,RP
sa3020828,Bradley Brehmer,1.0,0.0,1.0,0.0,0.0,6.800000000000001,BAL,2026,pit,RP
sa1170342,Jack Cushing,0.6009,0.0849,1.0,0.0,0.0,6.800000000000001,TOR,2026,pit,RP
sa3023516,Mark Manfredi,1.0,0.0,1.0,0.0,0.0,3.8000000000000003,MIL,2026,pit,RP
sa3011805,Pedro Garcia,1.0,0.0,1.0,0.0,0.0,3.8000000000000003,,2026,pit,RP
sa3008438,Gustavo Rodriguez,1.0,0.0,1.0,0.0,0.0,6.800000000000001,ATH,2026,pit,RP
sa597194,Jose Adames,1.0,0.0,1.0,0.0,0.0,6.800000000000001,,2026,pit,RP
13652,Tayler Scott,1.0,0.0,1.0,0.0,0.0,6.800000000000001,ATL,2026,pit,RP
sa3020872,Michael Knorr,0.9291,0.0151,1.0,0.0,0.0,6.800000000000001,HOU,2026,pit,RP
sa3002814,Moises Lugo,1.0,0.0,1.0,0.0,0.0,6.800000000000001,,2026,pit,RP
30206,Christian Montes De Oca,1.0,0.0,1.0,0.0,0.0,6.800000000000001,,2026,pit,RP
24363,Edgar Navarro,1.0,0.0,1.0,0.0,0.0,6.800000000000001,,2026,pit,RP
sa1055363,Aaron Perry,0.5795,0.0895,1.0,0.0,0.0,6.800000000000001,,2026,pit,RP
sa856262,Patrick Ruotolo,1.0,0.0,1.0,0.0,0.0,6.800000000000001,,2026,pit,RP
13758,Tyler Duffey,1.0,0.0,1.0,0.0,0.0,6.800000000000001,,2026,pit,RP
10291,Ryan Tepera,1.0,0.0,1.0,0.0,0.0,6.800000000000001,,2026,pit,RP
15444,Zack Weiss,1.0,0.0,1.0,0.0,0.0,6.800000000000001,,2026,pit,RP
sa3016817,Douglas Orellana,0.9159,0.0179,1.0,0.0,0.0,6.800000000000001,NYM,2026,pit,RP
16929,Touki Toussaint,1.0,0.0,1.0,0.0,0.0,3.8000000000000003,,2026,pit,RP
sa3019817,Jonah Scolaro,1.0,0.0,1.0,0.0,0.0,6.800000000000001,,2026,pit,RP
sa657689,Anthony Vizcaya,1.0,0.0,1.0,0.0,0.0,6.800000000000001,,2026,pit,RP
sa3008713,Carlo Reyes,1.0,0.0,1.0,0.0,0.0,6.800000000000001,,2026,pit,RP
20177,Ty Tice,1.0,0.0,1.0,0.0,0.0,6.800000000000001,,2026,pit,RP
sa3020807,Geoffrey Gilbert,0.8846,0.0246,1.0,0.0,0.0,6.800000000000001,NYY,2026,pit,RP
6316,David Phelps,0.9868,0.0028,1.0,0.0,0.0,6.800000000000001,,2026,pit,RP
sa3017822,Connor Cooke,1.0,0.0,1.0,0.0,0.0,6.800000000000001,TOR,2026,pit,RP
sa3014980,Nick Davila,1.0,0.0,1.0,0.0,0.0,6.800000000000001,SEA,2026,pit,RP
13696,Robert Gsellman,1.0,0.0,1.0,0.0,0.0,6.800000000000001,,2026,pit,RP
sa918394,Jacob Bosiokovic,1.0,0.0,1.0,0.0,0.0,6.800000000000001,,2026,pit,RP
sa3009985,Gabriel Ponce,1.0,0.0,1.0,0.0,0.0,6.800000000000001,,2026,pit,RP
sa3007926,Tim Cate,0.9274,0.0154,1.0,0.0,0.0,6.800000000000001,,2026,pit,RP
20589,Edwar Colina,0.7576,0.0516,1.0,0.0,0.0,6.800000000000001,,2026,pit,RP
25071,Lane Ramsey,1.0,0.0,1.0,0.0,0.0,6.800000000000001,,2026,pit,RP
sa3009922,Kyle Hill,1.0,0.0,1.0,0.0,0.0,6.800000000000001,,2026,pit,RP
sa3014431,R.J. Dabovich,1.0,0.0,1.0,0.0,0.0,6.800000000000001,SFG,2026,pit,RP
sa3003046,Osiris German,1.0,0.0,1.0,0.0,0.0,6.800000000000001,,2026,pit,RP
sa3009262,Enmanuel Mejia,0.6677,0.0707,1.0,0.0,0.0,6.800000000000001,,2026,pit,RP
sa3023229,Harry Gustin,0.8005,0.0425,1.0,0.0,0.0,6.800000000000001,SDP,2026,pit,RP
27508,Carson Ragsdale,1.0,0.0,1.0,0.0,0.0,6.800000000000001,,2026,pit,RP
16459,Joe Harvey,1.0,0.0,1.0,0.0,0.0,6.800000000000001,,2026,pit,RP
20227,Jake Walsh,1.0,0.0,1.0,0.0,0.0,6.800000000000001,,2026,pit,RP
17821,José Mujica,0.9802,0.0042,1.0,0.0,0.0,6.800000000000001,,2026,pit,RP
sa3017146,Ryan Och,1.0,0.0,1.0,0.0,0.0,6.800000000000001,SDP,2026,pit,RP
sa597245,Geronimo Franzua,0.8524,0.0314,1.0,0.0,0.0,6.800000000000001,,2026,pit,RP
sa3023649,Hudson Leach,1.0,0.0,1.0,0.0,0.0,3.8000000000000003,HOU,2026,pit,RP
sa3010119,Mitchell Kilkenny,1.0,0.0,1.0,0.0,0.0,6.800000000000001,,2026,pit,RP
19785,Jake Lemoine,1.0,0.0,1.0,0.0,0.0,6.800000000000001,,2026,pit,RP
sa3021468,Jackson Lancaster,1.0,0.0,1.0,0.0,0.0,6.800000000000001,TBR,2026,pit,RP
sa3011496,Ryan Jensen,0.8351,0.0351,1.0,0.0,0.0,3.8000000000000003,CHC,2026,pit,RP
sa3004680,Hayden Deal,0.5795,0.0895,1.0,0.0,0.0,6.800000000000001,,2026,pit,RP
sa3017872,Jack Anderson,0.5152,0.1032,1.0,0.0,0.0,6.800000000000001,BOS,2026,pit,RP
sa3007840,Anderson Munoz,1.0,0.0,1.0,0.0,0.0,6.800000000000001,,2026,pit,RP
sa3010134,Fernando Sanchez,1.0,0.0,1.0,0.0,0.0,6.800000000000001,SDP,2026,pit,RP
sa918276,Trey Cobb,1.0,0.0,1.0,0.0,0.0,6.800000000000001,,2026,pit,RP
sa549147,Ben Holmes,1.0,0.0,1.0,0.0,0.0,6.800000000000001,,2026,pit,RP
19800,Wil Crowe,1.0,0.0,1.0,0.0,0.0,6.800000000000001,,2026,pit,RP
17292,Javy Guerra,0.9332,0.0142,1.0,0.0,0.0,6.800000000000001,ATL,2026,pit,RP
sa3011676,Lucas Knowles,1.0,0.0,1.0,0.0,0.0,6.800000000000001,LAA,2026,pit,RP
3321,Darren O'Day,1.0,0.0,1.0,0.0,0.0,6.800000000000001,,2026,pit,RP
sa738506,Dalton Moats,1.0,0.0,1.0,0.0,0.0,6.800000000000001,,2026,pit,RP
23420,Beau Sulser,1.0,0.0,1.0,0.0,0.0,6.800000000000001,,2026,pit,RP
sa3015034,Trey Benton,1.0,0.0,1.0,0.0,0.0,6.800000000000001,,2026,pit,RP
sa3011231,Jeff Belge,1.0,0.0,1.0,0.0,0.0,6.800000000000001,,2026,pit,RP
sa918473,Max Kuhns,1.0,0.0,1.0,0.0,0.0,6.800000000000001,,2026,pit,RP
sa3011367,Taylor Floyd,1.0,0.0,1.0,0.0,0.0,6.800000000000001,CIN,2026,pit,RP
sa3022947,Ryan Bourassa,1.0,0.0,1.0,0.0,0.0,6.800000000000001,ATL,2026,pit,RP
sa3023475,Jojo Ingrassia,1.0,0.0,1.0,0.0,0.0,3.8000000000000003,BOS,2026,pit,RP
sa3011607,Jack Weisenburger,1.0,0.0,1.0,0.0,0.0,6.800000000000001,,2026,pit,RP
sa3020337,Michael Walsh,1.0,0.0,1.0,0.0,0.0,6.800000000000001,PIT,2026,pit,RP
sa3011636,Yosber Sanchez,1.0,0.0,1.0,0.0,0.0,6.800000000000001,DET,2026,pit,RP
15106,Collin Wiles,1.0,0.0,1.0,0.0,0.0,6.800000000000001,,2026,pit,RP
16470,Roel Ramírez,1.0,0.0,1.0,0.0,0.0,6.800000000000001,,2026,pit,RP
26068,Kolton Ingram,1.0,0.0,1.0,0.0,0.0,3.8000000000000003,,2026,pit,RP
17496,Diego Castillo,1.0,0.0,1.0,0.0,0.0,6.800000000000001,,2026,pit,RP
sa873974,Tyler Thomas,0.7889,0.0449,1.0,0.0,0.0,6.800000000000001,,2026,pit,RP
sa3011135,Antoine Kelly,1.0,0.0,1.0,0.0,0.0,3.8000000000000003,LAD,2026,pit,RP
24458,Carlos Duran,1.0,0.0,1.0,0.0,0.0,3.8000000000000003,LAD,2026,pit,RP
sa3023573,Carson Hobbs,1.0,0.0,1.0,0.0,0.0,6.800000000000001,LAD,2026,pit,RP
sa3014469,Zach Peek,1.0,0.0,1.0,0.0,0.0,6.800000000000001,NYM,2026,pit,RP
sa3020799,Chase Costello,1.0,0.0,1.0,0.0,0.0,6.800000000000001,MIL,2026,pit,RP
sa3010658,Hunter McMahon,1.0,0.0,1.0,0.0,0.0,6.800000000000001,,2026,pit,RP
sa3010813,Peyton Williams,1.0,0.0,1.0,0.0,0.0,6.800000000000001,,2026,pit,RP
sa3020265,Brian Fitzpatrick,1.0,0.0,1.0,0.0,0.0,6.800000000000001,MIL,2026,pit,RP
20060,Jake Fishman,1.0,0.0,1.0,0.0,0.0,6.800000000000001,,2026,pit,RP
sa3010135,Luis Velasquez,0.7831,0.0461,1.0,0.0,0.0,3.8000000000000003,NYY,2026,pit,RP
19580,Norge Ruiz,1.0,0.0,1.0,0.0,0.0,6.800000000000001,,2026,pit,RP
sa3025431,Chase Centala,0.9233,0.0163,1.0,0.0,0.0,6.800000000000001,MIA,2026,pit,RP
22323,Angel De Jesus,1.0,0.0,1.0,0.0,0.0,6.800000000000001,,2026,pit,RP
sa3017103,Hayden Juenger,0.8087,0.0407,1.0,0.0,0.0,6.800000000000001,TOR,2026,pit,RP
sa3002779,J.B. Olson,0.7831,0.0461,1.0,0.0,0.0,6.800000000000001,,2026,pit,RP
21513,Thaddeus Ward,1.0,0.0,1.0,0.0,0.0,3.8000000000000003,,2026,pit,RP
sa3004571,Kyle Johnston,0.7955,0.0435,1.0,0.0,0.0,6.800000000000001,,2026,pit,RP
sa3018192,Jordan Marks,1.0,0.0,1.0,0.0,0.0,6.800000000000001,,2026,pit,RP
sa3014975,Blane Abeyta,1.0,0.0,1.0,0.0,0.0,6.800000000000001,ATL,2026,pit,RP
sa3014850,Antonio Velez,1.0,0.0,1.0,0.0,0.0,6.800000000000001,,2026,pit,RP
sa3020325,Tristan Stivors,1.0,0.0,1.0,0.0,0.0,3.8000000000000003,,2026,pit,RP
sa3010649,Michael Bienlien,0.9085,0.0195,1.0,0.0,0.0,6.800000000000001,,2026,pit,RP
sa206642,Rodolfo Martinez,1.0,0.0,1.0,0.0,0.0,6.800000000000001,,2026,pit,RP
sa3009725,Listher Sosa,0.9274,0.0154,1.0,0.0,0.0,6.800000000000001,,2026,pit,RP
sa3010313,Jason Blanchard,0.8854,0.0244,1.0,0.0,0.0,6.800000000000001,SDP,2026,pit,RP
21956,Max Castillo,1.0,0.0,1.0,0.0,0.0,6.800000000000001,,2026,pit,RP
sa3003036,Samuel Reyes,0.7708,0.0488,1.0,0.0,0.0,6.800000000000001,,2026,pit,RP
31598,Jake Palisch,1.0,0.0,1.0,0.0,0.0,6.800000000000001,CHW,2026,pit,RP
sa3007721,Josh Roberson,1.0,0.0,1.0,0.0,0.0,6.800000000000001,,2026,pit,RP
sa3020704,Lucas Wepf,1.0,0.0,1.0,0.0,0.0,6.800000000000001,LAD,2026,pit,RP
sa3010837,Bradley Hanner,1.0,0.0,1.0,0.0,0.0,6.800000000000001,NYY,2026,pit,RP
sa3010142,Bernie Martinez,1.0,0.0,1.0,0.0,0.0,6.800000000000001,,2026,pit,RP
19453,Shaun Anderson,1.0,0.0,1.0,0.0,0.0,6.800000000000001,LAA,2026,pit,RP
sa3010005,Michael Stryffeler,1.0,0.0,1.0,0.0,0.0,6.800000000000001,,2026,pit,RP
sa3011369,Matt Minnick,1.0,0.0,1.0,0.0,0.0,6.800000000000001,,2026,pit,RP
16631,Jeff Brigham,1.0,0.0,1.0,0.0,0.0,6.800000000000001,CHC,2026,pit,RP
sa3016038,Ivan Oviedo,1.0,0.0,1.0,0.0,0.0,6.800000000000001,,2026,pit,RP
22690,Jack O'Loughlin,1.0,0.0,1.0,0.0,0.0,6.800000000000001,,2026,pit,RP
sa3016937,Garrett Schoenle,1.0,0.0,1.0,0.0,0.0,6.800000000000001,CHW,2026,pit,RP
sa3005702,Cruz Noriega,0.8672,0.0282,1.0,0.0,0.0,6.800000000000001,,2026,pit,RP
19583,Sean Poppen,1.0,0.0,1.0,0.0,0.0,6.800000000000001,,2026,pit,RP
10314,Erasmo Ramírez,1.0,0.0,1.0,0.0,0.0,6.800000000000001,,2026,pit,RP
sa3015003,Clay Aguilar,1.0,0.0,1.0,0.0,0.0,6.800000000000001,,2026,pit,RP
sa738180,Hever Bueno,1.0,0.0,1.0,0.0,0.0,6.800000000000001,,2026,pit,RP
12890,Alex Claudio,1.0,0.0,1.0,0.0,0.0,6.800000000000001,,2026,pit,RP
24604,Austin Cox,0.9868,0.0028,1.0,0.0,0.0,6.800000000000001,ATL,2026,pit,RP
26213,Caleb Kilian,0.6133,0.0823,1.0,0.0,0.0,6.800000000000001,SFG,2026,pit,RP
sa3014844,Carter Loewen,1.0,0.0,1.0,0.0,0.0,6.800000000000001,SDP,2026,pit,RP
sa3017311,Evan Gates,0.9085,0.0195,1.0,0.0,0.0,6.800000000000001,PHI,2026,pit,RP
sa3017419,Nick Jones,0.7419,0.0549,1.0,0.0,0.0,6.800000000000001,LAA,2026,pit,RP
sa3007478,Matt Willrodt,1.0,0.0,1.0,0.0,0.0,6.800000000000001,,2026,pit,RP
sa3010783,Nelson L. Alvarez,1.0,0.0,1.0,0.0,0.0,6.800000000000001,,2026,pit,RP
sa875002,Justin Maese,1.0,0.0,1.0,0.0,0.0,6.800000000000001,,2026,pit,RP
sa3006619,Yoelvin Silven,1.0,0.0,1.0,0.0,0.0,6.800000000000001,,2026,pit,RP
sa919036,Alex Segal,1.0,0.0,1.0,0.0,0.0,6.800000000000001,,2026,pit,RP
sa917985,Jace Vines,1.0,0.0,1.0,0.0,0.0,6.800000000000001,,2026,pit,RP
sa3067085,Hunter Hoopes,1.0,0.0,1.0,0.0,0.0,6.800000000000001,MIN,2026,pit,RP
sa1119415,Zach Greene,1.0,0.0,1.0,0.0,0.0,6.800000000000001,,2026,pit,RP
sa3018277,Ryan Hennen,1.0,0.0,1.0,0.0,0.0,6.800000000000001,,2026,pit,RP
sa3017277,Trey McLoughlin,0.9744,0.0054,1.0,0.0,0.0,6.800000000000001,HOU,2026,pit,RP
sa843255,Jeong-Hyeon Yoon,1.0,0.0,1.0,0.0,0.0,6.800000000000001,,2026,pit,RP
sa3007243,Andrew Politi,1.0,0.0,1.0,0.0,0.0,6.800000000000001,,2026,pit,RP
sa3009950,Luis Moreno,0.5976,0.0856,1.0,0.0,0.0,6.800000000000001,MIA,2026,pit,RP
sa3009935,Stephen Jones,0.9415,0.0125,1.0,0.0,0.0,6.800000000000001,MIA,2026,pit,RP
sa3007852,Eddy Demurias,1.0,0.0,1.0,0.0,0.0,6.800000000000001,,2026,pit,RP
sa3020253,Roel Garcia III,1.0,0.0,1.0,0.0,0.0,6.800000000000001,TBR,2026,pit,RP
17877,Brett Kennedy,0.5415,0.0975,1.0,0.0,0.0,6.800000000000001,,2026,pit,RP
15949,D.J. Snelten,1.0,0.0,1.0,0.0,0.0,3.8000000000000003,SDP,2026,pit,RP
sa738512,Garrett Williams,0.9101,0.0191,1.0,0.0,0.0,3.8000000000000003,,2026,pit,RP
sa3007991,Anderson Paulino,1.0,0.0,1.0,0.0,0.0,6.800000000000001,KCR,2026,pit,RP
sa3019950,Evan Taylor,1.0,0.0,1.0,0.0,0.0,6.800000000000001,CHC,2026,pit,RP
sa3005070,Brayan De Paula,1.0,0.0,1.0,0.0,0.0,3.8000000000000003,,2026,pit,RP
21327,Nicholas Padilla,1.0,0.0,1.0,0.0,0.0,3.8000000000000003,,2026,pit,RP
sa3010258,Triston Polley,1.0,0.0,1.0,0.0,0.0,6.800000000000001,,2026,pit,RP
17505,Jorge Guzmán,1.0,0.0,1.0,0.0,0.0,6.800000000000001,,2026,pit,RP
sa918634,Lucas Jacobsen,0.8417,0.0337,1.0,0.0,0.0,6.800000000000001,,2026,pit,RP
sa3007776,Jackson Goddard,1.0,0.0,1.0,0.0,0.0,6.800000000000001,,2026,pit,RP
sa3014858,Gabriel Sequeira,1.0,0.0,1.0,0.0,0.0,6.800000000000001,,2026,pit,RP
sa3010254,Austin Roberts,0.9118,0.0188,1.0,0.0,0.0,6.800000000000001,TEX,2026,pit,RP
20042,Jesus Cruz,1.0,0.0,1.0,0.0,0.0,6.800000000000001,,2026,pit,RP
sa3023103,Dakota Hawkins,0.6759,0.0689,1.0,0.0,0.0,6.800000000000001,NYM,2026,pit,RP
11720,Justin Grimm,1.0,0.0,1.0,0.0,0.0,6.800000000000001,,2026,pit,RP
sa3018137,John Creel,1.0,0.0,1.0,0.0,0.0,6.800000000000001,,2026,pit,RP
sa3011606,Hunter Parsons,1.0,0.0,1.0,0.0,0.0,6.800000000000001,,2026,pit,RP
15071,Kyle McGowin,1.0,0.0,1.0,0.0,0.0,6.800000000000001,,2026,pit,RP
sa3020712,Tyler Schweitzer,0.5885,0.0875,1.0,0.0,0.0,6.800000000000001,CHW,2026,pit,RP
sa3017319,Patrick Halligan,1.0,0.0,1.0,0.0,0.0,6.800000000000001,BOS,2026,pit,RP
sa873280,Aaron McGarity,1.0,0.0,1.0,0.0,0.0,6.800000000000001,,2026,pit,RP
sa3023559,Chris Villaman,1.0,0.0,1.0,0.0,0.0,6.800000000000001,,2026,pit,RP
sa3015450,Hansel Rincon,1.0,0.0,1.0,0.0,0.0,6.800000000000001,NYY,2026,pit,RP
19482,Andrew Vasquez,1.0,0.0,1.0,0.0,0.0,6.800000000000001,,2026,pit,RP
25839,Luis Contreras,1.0,0.0,1.0,0.0,0.0,6.800000000000001,,2026,pit,RP
sa3023183,Isaac Gallegos,1.0,0.0,1.0,0.0,0.0,6.800000000000001,ATL,2026,pit,RP
13707,Joey Krehbiel,1.0,0.0,1.0,0.0,0.0,6.800000000000001,,2026,pit,RP
sa3014791,Braden Zarbnisky,1.0,0.0,1.0,0.0,0.0,6.800000000000001,,2026,pit,RP
sa3014924,Dane Acker,0.8524,0.0314,1.0,0.0,0.0,6.800000000000001,TEX,2026,pit,RP
14814,Buck Farmer,0.9769,0.0049,1.0,0.0,0.0,6.800000000000001,,2026,pit,RP
sa3010243,Connor Van Scoyoc,1.0,0.0,1.0,0.0,0.0,6.800000000000001,WSN,2026,pit,RP
18088,Cody Stashak,1.0,0.0,1.0,0.0,0.0,6.800000000000001,,2026,pit,RP
26952,Anthony Molina,0.8813,0.0253,1.0,0.0,0.0,6.800000000000001,ATL,2026,pit,RP
19903,Adonis Medina,1.0,0.0,1.0,0.0,0.0,6.800000000000001,,2026,pit,RP
15157,Jimmy Yacabonis,1.0,0.0,1.0,0.0,0.0,6.800000000000001,,2026,pit,RP
sa3025479,Joey Danielson,1.0,0.0,1.0,0.0,0.0,6.800000000000001,TEX,2026,pit,RP
sa1054042,Tyler Baum,0.9365,0.0135,1.0,0.0,0.0,6.800000000000001,WSN,2026,pit,RP
sa1171029,David Leal,0.92,0.017,1.0,0.0,0.0,6.800000000000001,,2026,pit,RP
sa3015478,Alimber Santa,1.0,0.0,1.0,0.0,0.0,3.8000000000000003,HOU,2026,pit,RP
sa3009626,Reidis Sena,0.7502,0.0532,1.0,0.0,0.0,3.8000000000000003,BOS,2026,pit,RP
22187,Ryan Miller,1.0,0.0,1.0,0.0,0.0,6.800000000000001,COL,2026,pit,RP
25413,Nash Walters,1.0,0.0,1.0,0.0,0.0,6.800000000000001,,2026,pit,RP
27662,Christian Roa,1.0,0.0,1.0,0.0,0.0,6.800000000000001,HOU,2026,pit,RP
8048,Will Smith,1.0,0.0,1.0,0.0,0.0,6.800000000000001,,2026,pit,RP
sa739743,Jake Sanchez,1.0,0.0,1.0,0.0,0.0,6.800000000000001,,2026,pit,RP
5530,Nik Turley,1.0,0.0,1.0,0.0,0.0,6.800000000000001,,2026,pit,RP
sa3017882,Mat Olsen,1.0,0.0,1.0,0.0,0.0,6.800000000000001,,2026,pit,RP
sa3010244,Seth Mayberry,1.0,0.0,1.0,0.0,0.0,6.800000000000001,,2026,pit,RP
sa3011420,JJ Goss,1.0,0.0,1.0,0.0,0.0,6.800000000000001,ATH,2026,pit,RP
sa3005209,Francis Peguero,0.9184,0.0174,1.0,0.0,0.0,6.800000000000001,,2026,pit,RP
sa3008599,Aaron Hernandez,1.0,0.0,1.0,0.0,0.0,6.800000000000001,,2026,pit,RP
19179,Kirby Snead,1.0,0.0,1.0,0.0,0.0,6.800000000000001,,2026,pit,RP
sa3006122,Josan Méndez,1.0,0.0,1.0,0.0,0.0,6.800000000000001,,2026,pit,RP
sa1172135,Andy Fisher,1.0,0.0,1.0,0.0,0.0,6.800000000000001,,2026,pit,RP
sa3010118,Andrew Misiaszek,1.0,0.0,1.0,0.0,0.0,6.800000000000001,,2026,pit,RP
4264,Mark Melancon,1.0,0.0,1.0,0.0,0.0,6.800000000000001,,2026,pit,RP
sa3003115,Miguel Pena,1.0,0.0,1.0,0.0,0.0,6.800000000000001,,2026,pit,RP
sa879559,Jasseel De La Cruz,0.8508,0.0318,1.0,0.0,0.0,6.800000000000001,,2026,pit,RP
25348,Devin Sweet,1.0,0.0,1.0,0.0,0.0,6.800000000000001,BOS,2026,pit,RP
sa3015298,Anthony Hoopii-Tuionetoa,1.0,0.0,1.0,0.0,0.0,6.800000000000001,TEX,2026,pit,RP
16233,Tejay Antone,22.0,0.0,22.0,0.0,0.6505,77.7,CIN,2026,pit,RP
sa3007718,Layne Henderson,1.0,0.0,1.0,0.0,0.0,6.800000000000001,,2026,pit,RP
sa3022733,Hayden Durke,1.0,0.0,1.0,0.0,0.0,3.8000000000000003,ARI,2026,pit,RP
sa3021579,Josimar Cousin,1.0,0.0,1.0,0.0,0.0,6.800000000000001,,2026,pit,RP
sa857699,Kyle Wilcox,1.0,0.0,1.0,0.0,0.0,3.8000000000000003,,2026,pit,RP
24486,Nick Allgeyer,1.0,0.0,1.0,0.0,0.0,6.800000000000001,,2026,pit,RP
sa3017196,Andrew Baker,1.0,0.0,1.0,0.0,0.0,3.8000000000000003,PHI,2026,pit,RP
sa3018250,Jack Hartman,1.0,0.0,1.0,0.0,0.0,6.800000000000001,TBR,2026,pit,RP
14975,Chad Kuhl,0.9538,0.0098,1.0,0.0,0.0,6.800000000000001,,2026,pit,RP
sa3017639,Sam Benschoter,0.6446,0.0756,1.0,0.0,0.0,6.800000000000001,CIN,2026,pit,RP
7550,Jake McGee,1.0,0.0,1.0,0.0,0.0,6.800000000000001,,2026,pit,RP
19231,Caleb Baragar,1.0,0.0,1.0,0.0,0.0,6.800000000000001,,2026,pit,RP
sa3017653,Luke Murphy,0.8235,0.0375,1.0,0.0,0.0,6.800000000000001,LAA,2026,pit,RP
23095,Jake Wong,1.0,0.0,1.0,0.0,0.0,6.800000000000001,,2026,pit,RP
sa3014453,Bryce Bonnin,0.8953,0.0223,1.0,0.0,0.0,6.800000000000001,,2026,pit,RP
6109,Joe Wieland,0.8475,0.0325,1.0,0.0,0.0,6.800000000000001,,2026,pit,RP
20323,Erich Uelmen,1.0,0.0,1.0,0.0,0.0,6.800000000000001,,2026,pit,RP
sa3020898,Jacob Maton,1.0,0.0,1.0,0.0,0.0,6.800000000000001,,2026,pit,RP
sa3019850,Collin Lowe,0.638,0.077,1.0,0.0,0.0,6.800000000000001,,2026,pit,RP
sa874818,Wandisson Charles,1.0,0.0,1.0,0.0,0.0,3.8000000000000003,DET,2026,pit,RP
20276,Deivi García,1.0,0.0,1.0,0.0,0.0,6.800000000000001,,2026,pit,RP
27910,Austin Kitchen,0.7642,0.0502,1.0,0.0,0.0,6.800000000000001,SEA,2026,pit,RP
sa3020811,Harrison Cohen,0.9307,0.0147,1.0,0.0,0.0,6.800000000000001,NYY,2026,pit,RP
sa3018148,Hunter Stanley,1.0,0.0,1.0,0.0,0.0,6.800000000000001,CLE,2026,pit,RP
7115,Daniel Bard,1.0,0.0,1.0,0.0,0.0,3.8000000000000003,,2026,pit,RP
17285,Justus Sheffield,0.6463,0.0753,1.0,0.0,0.0,6.800000000000001,,2026,pit,RP
23592,Brett de Geus,1.0,0.0,1.0,0.0,0.0,6.800000000000001,,2026,pit,RP
26030,Tyler Owens,1.0,0.0,1.0,0.0,0.0,6.800000000000001,DET,2026,pit,RP
sa3017204,Tommy McCollum,1.0,0.0,1.0,0.0,0.0,6.800000000000001,TBR,2026,pit,RP
sa3022176,Kyle Bischoff,1.0,0.0,1.0,0.0,0.0,3.8000000000000003,MIN,2026,pit,RP
10430,Mychal Givens,1.0,0.0,1.0,0.0,0.0,6.800000000000001,,2026,pit,RP
23460,Brandon Hughes,0.9225,0.0165,1.0,0.0,0.0,6.800000000000001,,2026,pit,RP
13442,Mike Morin,0.7939,0.0439,1.0,0.0,0.0,6.800000000000001,,2026,pit,RP
13764,Roberto Osuna,1.0,0.0,1.0,0.0,0.0,6.800000000000001,,2026,pit,RP
sa3008074,Antonio Jimenez,0.6982,0.0642,1.0,0.0,0.0,6.800000000000001,,2026,pit,RP
6398,Trevor May,1.0,0.0,1.0,0.0,0.0,6.800000000000001,,2026,pit,RP
sa3020327,Wilian Bormie,1.0,0.0,1.0,0.0,0.0,3.8000000000000003,TEX,2026,pit,RP
sa3017316,Sean Hunley,1.0,0.0,1.0,0.0,0.0,6.800000000000001,TBR,2026,pit,RP
sa3011865,Sean Mellen,0.7914,0.0444,1.0,0.0,0.0,6.800000000000001,,2026,pit,RP
26152,Jack Little,1.0,0.0,1.0,0.0,0.0,6.800000000000001,DET,2026,pit,RP
sa3025507,Nate Ackenhausen,0.8574,0.0304,1.0,0.0,0.0,6.800000000000001,KCR,2026,pit,RP
sa3014870,Joe Jones,0.8582,0.0302,1.0,0.0,0.0,6.800000000000001,,2026,pit,RP
sa3017543,Peter Van Loon,0.8961,0.0221,1.0,0.0,0.0,6.800000000000001,,2026,pit,RP
sa3016226,Victor Juarez,0.9019,0.0209,1.0,0.0,0.0,6.800000000000001,COL,2026,pit,RP
sa3008103,Robbie Baker,1.0,0.0,1.0,0.0,0.0,6.800000000000001,,2026,pit,RP
sa3017952,Danny Watson,1.0,0.0,1.0,0.0,0.0,6.800000000000001,NYY,2026,pit,RP
sa3010814,Bryce Tassin,0.6677,0.0707,1.0,0.0,0.0,6.800000000000001,,2026,pit,RP
sa738914,Jake Thompson,1.0,0.0,1.0,0.0,0.0,6.800000000000001,,2026,pit,RP
sa3020313,Ryan Brady,1.0,0.0,1.0,0.0,0.0,6.800000000000001,KCR,2026,pit,RP
13654,Jharel Cotton,1.0,0.0,1.0,0.0,0.0,6.800000000000001,,2026,pit,RP
19981,Jeremy Walker,0.8499,0.0319,1.0,0.0,0.0,6.800000000000001,,2026,pit,RP
22296,Joe Barlow,1.0,0.0,1.0,0.0,0.0,6.800000000000001,,2026,pit,RP
22925,Joan Adon,0.6908,0.0658,1.0,0.0,0.0,6.800000000000001,,2026,pit,RP
sa3009592,Luis Vargas,1.0,0.0,1.0,0.0,0.0,6.800000000000001,ATL,2026,pit,RP
sa3007200,Chance Kirby,0.7807,0.0467,1.0,0.0,0.0,6.800000000000001,,2026,pit,RP
sa3023203,Diego Barrera,0.8936,0.0226,1.0,0.0,0.0,6.800000000000001,ATH,2026,pit,RP
22310,Chris Rodriguez,0.7221,0.0591,1.0,0.0,0.0,6.800000000000001,CHW,2026,pit,RP
sa3023002,Collin Baumgartner,1.0,0.0,1.0,0.0,0.0,6.800000000000001,COL,2026,pit,RP
sa3014910,Zach Linginfelter,1.0,0.0,1.0,0.0,0.0,3.8000000000000003,,2026,pit,RP
sa738380,Tanner Kiest,1.0,0.0,1.0,0.0,0.0,6.800000000000001,,2026,pit,RP
sa3018870,Alfred Morillo,1.0,0.0,1.0,0.0,0.0,3.8000000000000003,ARI,2026,pit,RP
sa3010317,Jake Walkinshaw,0.7419,0.0549,1.0,0.0,0.0,6.800000000000001,MIA,2026,pit,RP
sa3012035,Jong-hyun Won,1.0,0.0,1.0,0.0,0.0,6.800000000000001,,2026,pit,RP
24935,Chris Vallimont,1.0,0.0,1.0,0.0,0.0,6.800000000000001,,2026,pit,RP
sa3005430,Damian Mendoza,0.8804,0.0254,1.0,0.0,0.0,6.800000000000001,,2026,pit,RP
16981,Tyler Beede,1.0,0.0,1.0,0.0,0.0,6.800000000000001,CHC,2026,pit,RP
sa3020391,Micah Dallas,0.9085,0.0195,1.0,0.0,0.0,6.800000000000001,ATH,2026,pit,RP
sa3009928,Travis Kuhn,0.9159,0.0179,1.0,0.0,0.0,6.800000000000001,TOR,2026,pit,RP
sa3002820,Reinaldo De Paula,1.0,0.0,1.0,0.0,0.0,6.800000000000001,,2026,pit,RP
sa3017685,Mason Erla,0.7056,0.0626,1.0,0.0,0.0,6.800000000000001,LAA,2026,pit,RP
13403,Félix Peña,1.0,0.0,1.0,0.0,0.0,6.800000000000001,,2026,pit,RP
sa3020835,Erik Martinez,0.577,0.09,1.0,0.0,0.0,6.800000000000001,,2026,pit,RP
sa3010627,Sam Ryan,0.8541,0.0311,1.0,0.0,0.0,6.800000000000001,MIN,2026,pit,RP
sa3011710,Brendan Cellucci,1.0,0.0,1.0,0.0,0.0,3.8000000000000003,TOR,2026,pit,RP
19647,Matt Foster,0.7526,0.0526,1.0,0.0,0.0,6.800000000000001,,2026,pit,RP
sa3008173,Ben Madison,1.0,0.0,1.0,0.0,0.0,3.8000000000000003,,2026,pit,RP
20209,Zach Muckenhirn,1.0,0.0,1.0,0.0,0.0,6.800000000000001,,2026,pit,RP
21544,Chase Shugart,42.0,0.0,42.0,0.0,0.6364,145.8,PHI,2026,pit,RP
sa3016795,Andrew Moore,1.0,0.0,1.0,0.0,0.0,3.8000000000000003,SDP,2026,pit,RP
sa3025189,Bridger Holmes,1.0,0.0,1.0,0.0,0.0,3.8000000000000003,LAA,2026,pit,RP
sa3011337,Will Ethridge,0.8689,0.0279,1.0,0.0,0.0,6.800000000000001,,2026,pit,RP
sa3020816,Miguel Cienfuegos,0.5935,0.0865,1.0,0.0,0.0,6.800000000000001,SDP,2026,pit,RP
sa873729,Eury Ramos,1.0,0.0,1.0,0.0,0.0,6.800000000000001,,2026,pit,RP
sa3004736,Jacob Heatherly,1.0,0.0,1.0,0.0,0.0,3.8000000000000003,CHW,2026,pit,RP
sa3006600,Carlos Betancourt,1.0,0.0,1.0,0.0,0.0,6.800000000000001,,2026,pit,RP
sa876081,Fitz Stadler,1.0,0.0,1.0,0.0,0.0,3.8000000000000003,,2026,pit,RP
sa3017309,Nathan Burns,1.0,0.0,1.0,0.0,0.0,6.800000000000001,,2026,pit,RP
sa3019884,Kyle Crigger,0.8813,0.0253,1.0,0.0,0.0,6.800000000000001,,2026,pit,RP
sa3016908,Theo Denlinger,1.0,0.0,1.0,0.0,0.0,6.800000000000001,,2026,pit,RP
sa3011784,Ben Peoples,1.0,0.0,1.0,0.0,0.0,6.800000000000001,CHW,2026,pit,RP
19309,Trevor Richards,1.0,0.0,1.0,0.0,0.0,6.800000000000001,PHI,2026,pit,RP
sa3022739,Skylar Hales,1.0,0.0,1.0,0.0,0.0,6.800000000000001,STL,2026,pit,RP
sa3010824,Andrew Magno,0.9101,0.0191,1.0,0.0,0.0,6.800000000000001,BAL,2026,pit,RP
sa3007719,Tanner Myatt,1.0,0.0,1.0,0.0,0.0,6.800000000000001,,2026,pit,RP
21728,Luis Oviedo,0.972,0.006,1.0,0.0,0.0,6.800000000000001,,2026,pit,RP
22273,Owen White,1.0,0.0,1.0,0.0,0.0,6.800000000000001,,2026,pit,RP
20198,Ben Bowden,1.0,0.0,1.0,0.0,0.0,6.800000000000001,ATH,2026,pit,RP
sa3012000,Kyu-min Woo,1.0,0.0,1.0,0.0,0.0,6.800000000000001,,2026,pit,RP
13483,Connor Sadzeck,1.0,0.0,1.0,0.0,0.0,6.800000000000001,,2026,pit,RP
sa3015328,Nolan Clenney,1.0,0.0,1.0,0.0,0.0,6.800000000000001,,2026,pit,RP
sa3011131,Edgar Sanchez,1.0,0.0,1.0,0.0,0.0,3.8000000000000003,ATH,2026,pit,RP
11812,Alberto Baldonado,1.0,0.0,1.0,0.0,0.0,3.8000000000000003,,2026,pit,RP
sa3004867,Jose Betances,1.0,0.0,1.0,0.0,0.0,3.8000000000000003,,2026,pit,RP
27585,Zac Kristofak,1.0,0.0,1.0,0.0,0.0,6.800000000000001,,2026,pit,RP
31884,Logan VanWey,1.0,0.0,1.0,0.0,0.0,3.8000000000000003,HOU,2026,pit,RP
16408,Victor González,1.0,0.0,1.0,0.0,0.0,3.8000000000000003,,2026,pit,RP
19766,Seth Elledge,1.0,0.0,1.0,0.0,0.0,6.800000000000001,ATH,2026,pit,RP
sa3007834,Taylor Lehman,1.0,0.0,1.0,0.0,0.0,3.8000000000000003,,2026,pit,RP
sa3017255,Hugh Fisher,1.0,0.0,1.0,0.0,0.0,3.8000000000000003,,2026,pit,RP
sa917951,Reggie Lawson,1.0,0.0,1.0,0.0,0.0,3.8000000000000003,,2026,pit,RP
sa3017149,Amilcar Chirinos,1.0,0.0,1.0,0.0,0.0,6.800000000000001,HOU,2026,pit,RP
sa3004648,Seth Corry,1.0,0.0,1.0,0.0,0.0,3.8000000000000003,,2026,pit,RP
sa3017105,Walker Brockhouse,0.7724,0.0484,1.0,0.0,0.0,6.800000000000001,,2026,pit,RP
sa945728,Lisandro Santos,1.0,0.0,1.0,0.0,0.0,6.800000000000001,,2026,pit,RP
sa3004493,Nick Kuzia,1.0,0.0,1.0,0.0,0.0,6.800000000000001,,2026,pit,RP
20379,Tyler Zuber,1.0,0.0,1.0,0.0,0.0,6.800000000000001,MIA,2026,pit,RP
sa3016478,Bryan Magdaleno,1.0,0.0,1.0,0.0,0.0,3.8000000000000003,TEX,2026,pit,RP
sa3004872,Diosmerky Taveras,1.0,0.0,1.0,0.0,0.0,6.800000000000001,,2026,pit,RP
10756,Shane Greene,1.0,0.0,1.0,0.0,0.0,6.800000000000001,,2026,pit,RP
13699,Jake Faria,1.0,0.0,1.0,0.0,0.0,6.800000000000001,,2026,pit,RP
sa3025165,Michael Watson,1.0,0.0,1.0,0.0,0.0,3.8000000000000003,STL,2026,pit,RP
sa3007252,Devin Conn,1.0,0.0,1.0,0.0,0.0,6.800000000000001,,2026,pit,RP
6895,Chase Anderson,0.9769,0.0049,1.0,0.0,0.0,6.800000000000001,TEX,2026,pit,RP
sa3005456,Leonardo Pestana,0.8887,0.0237,1.0,0.0,0.0,3.8000000000000003,,2026,pit,RP
sa3006145,Emilio Marquez,1.0,0.0,1.0,0.0,0.0,6.800000000000001,,2026,pit,RP
13397,Sam Selman,1.0,0.0,1.0,0.0,0.0,6.800000000000001,,2026,pit,RP
15552,Chad Green,41.0,0.0,41.0,0.0,0.0,134.70000000000005,,2026,pit,RP
20541,Phoenix Sanders,1.0,0.0,1.0,0.0,0.0,6.800000000000001,,2026,pit,RP
20018,Parker Dunshee,1.0,0.0,1.0,0.0,0.0,6.800000000000001,,2026,pit,RP
sa3017011,Jacob DeLabio,1.0,0.0,1.0,0.0,0.0,3.8000000000000003,,2026,pit,RP
sa3004591,Brody Rodning,0.7543,0.0523,1.0,0.0,0.0,6.800000000000001,,2026,pit,RP
19545,Stephen Nogosek,1.0,0.0,1.0,0.0,0.0,6.800000000000001,,2026,pit,RP
sa3010314,Trayson Kubo,1.0,0.0,1.0,0.0,0.0,6.800000000000001,,2026,pit,RP
16537,Dusten Knight,1.0,0.0,1.0,0.0,0.0,6.800000000000001,,2026,pit,RP
sa3017387,Antonio Knowles,1.0,0.0,1.0,0.0,0.0,6.800000000000001,LAD,2026,pit,RP
sa3018151,Ryan Boyer,1.0,0.0,1.0,0.0,0.0,6.800000000000001,,2026,pit,RP
sa3010374,Jacob Wallace,0.8623,0.0293,1.0,0.0,0.0,6.800000000000001,ATL,2026,pit,RP
sa3005397,Alex Scherff,1.0,0.0,1.0,0.0,0.0,6.800000000000001,,2026,pit,RP
sa3017205,Taylor Broadway,0.8574,0.0304,1.0,0.0,0.0,6.800000000000001,,2026,pit,RP
sa3011368,Zach Bryant,1.0,0.0,1.0,0.0,0.0,6.800000000000001,TEX,2026,pit,RP
sa3005890,Joshua Cornielly,0.9011,0.0211,1.0,0.0,0.0,6.800000000000001,NYM,2026,pit,RP
sa3066289,Christian Herberholz,1.0,0.0,1.0,0.0,0.0,6.800000000000001,BAL,2026,pit,RP
23449,Ricky Karcher,1.0,0.0,1.0,0.0,0.0,3.8000000000000003,,2026,pit,RP
19881,Gabe Klobosits,1.0,0.0,1.0,0.0,0.0,6.800000000000001,CHC,2026,pit,RP
21111,Miguel Yajure,0.8648,0.0288,1.0,0.0,0.0,6.800000000000001,,2026,pit,RP
19266,Taylor Widener,1.0,0.0,1.0,0.0,0.0,6.800000000000001,,2026,pit,RP
sa3006640,Andrew Pérez,0.9167,0.0177,1.0,0.0,0.0,6.800000000000001,KCR,2026,pit,RP
sa3017367,Jimmy Burnette,1.0,0.0,1.0,0.0,0.0,3.8000000000000003,TOR,2026,pit,RP
15288,Adam Cimber,1.0,0.0,1.0,0.0,0.0,6.800000000000001,,2026,pit,RP
sa3008514,Jake Haberer,0.8005,0.0425,1.0,0.0,0.0,6.800000000000001,,2026,pit,RP
18600,Travis Lakins,1.0,0.0,1.0,0.0,0.0,6.800000000000001,,2026,pit,RP
18000,Triston McKenzie,1.0,0.0,1.0,0.0,0.0,6.800000000000001,SDP,2026,pit,RP
sa738501,Ben Hecht,1.0,0.0,1.0,0.0,0.0,6.800000000000001,,2026,pit,RP
sa3006798,Eli Lingos,1.0,0.0,1.0,0.0,0.0,6.800000000000001,,2026,pit,RP
sa876284,Daniel Tillo,0.5003,0.1063,1.0,0.0,0.0,6.800000000000001,,2026,pit,RP
14719,Ty Buttrey,0.8747,0.0267,1.0,0.0,0.0,6.800000000000001,,2026,pit,RP
sa3018179,Mitch Myers,0.6702,0.0702,1.0,0.0,0.0,6.800000000000001,ATH,2026,pit,RP
sa3023502,Luke Russo,0.6702,0.0702,1.0,0.0,0.0,6.800000000000001,PHI,2026,pit,RP
14663,Chi Chi González,1.0,0.0,1.0,0.0,0.0,6.800000000000001,,2026,pit,RP
sa3006421,Jeffrey Colon,0.9002,0.0212,1.0,0.0,0.0,6.800000000000001,,2026,pit,RP
sa3018296,Saul Teran,1.0,0.0,1.0,0.0,0.0,6.800000000000001,PHI,2026,pit,RP
13420,Matt Koch,1.0,0.0,1.0,0.0,0.0,6.800000000000001,,2026,pit,RP
sa3020321,Cy Nielson,0.8211,0.0381,1.0,0.0,0.0,3.8000000000000003,PIT,2026,pit,RP
sa3004812,Steven Jennings,1.0,0.0,1.0,0.0,0.0,6.800000000000001,,2026,pit,RP
22828,Juan Then,1.0,0.0,1.0,0.0,0.0,6.800000000000001,,2026,pit,RP
sa3020567,Jonathan Brand,1.0,0.0,1.0,0.0,0.0,6.800000000000001,TEX,2026,pit,RP
sa829003,Jordan Brink,1.0,0.0,1.0,0.0,0.0,6.800000000000001,,2026,pit,RP
11294,Zach Neal,0.6949,0.0649,1.0,0.0,0.0,6.800000000000001,,2026,pit,RP
sa3020470,Derek Diamond,0.7502,0.0532,1.0,0.0,0.0,6.800000000000001,PIT,2026,pit,RP
16980,Daniel Mengden,0.6858,0.0668,1.0,0.0,0.0,6.800000000000001,,2026,pit,RP
sa3002982,Ignacio Feliz,1.0,0.0,1.0,0.0,0.0,6.800000000000001,,2026,pit,RP
15492,Stephen Gonsalves,1.0,0.0,1.0,0.0,0.0,3.8000000000000003,,2026,pit,RP
19493,Zach Jackson,1.0,0.0,1.0,0.0,0.0,3.8000000000000003,ATH,2026,pit,RP
19541,Jimmy Lambert,0.9777,0.0047,1.0,0.0,0.0,6.800000000000001,,2026,pit,RP
sa3017750,Colton Johnson,1.0,0.0,1.0,0.0,0.0,6.800000000000001,ATH,2026,pit,RP
sa3004222,Sam Delaplane,1.0,0.0,1.0,0.0,0.0,6.800000000000001,,2026,pit,RP
sa3023504,Justin Lawson,1.0,0.0,1.0,0.0,0.0,6.800000000000001,NYM,2026,pit,RP
21896,Brailyn Marquez,0.9324,0.0144,1.0,0.0,0.0,3.8000000000000003,,2026,pit,RP
sa1119694,Wyatt Sparks,0.8936,0.0226,1.0,0.0,0.0,6.800000000000001,,2026,pit,RP
sa3022798,Landon Tomkins,1.0,0.0,1.0,0.0,0.0,6.800000000000001,PIT,2026,pit,RP
15885,Fernando Romero,0.5193,0.1023,1.0,0.0,0.0,6.800000000000001,,2026,pit,RP
26270,Blake Walston,0.5951,0.0861,1.0,0.0,0.0,6.800000000000001,ARI,2026,pit,RP
sa869541,Luke Westphal,0.5053,0.1053,1.0,0.0,0.0,6.800000000000001,,2026,pit,RP
sa3010143,Jeremiah Burke,1.0,0.0,1.0,0.0,0.0,6.800000000000001,CHW,2026,pit,RP
sa3020401,Connor Holden,1.0,0.0,1.0,0.0,0.0,6.800000000000001,,2026,pit,RP
22224,Jonathan Heasley,1.0,0.0,1.0,0.0,0.0,6.800000000000001,KCR,2026,pit,RP
sa3006796,Andrés Núñez,0.9044,0.0204,1.0,0.0,0.0,6.800000000000001,,2026,pit,RP
14966,Reyes Moronta,1.0,0.0,1.0,0.0,0.0,6.800000000000001,,2026,pit,RP
sa3008434,Richard Guasch,1.0,0.0,1.0,0.0,0.0,6.800000000000001,BAL,2026,pit,RP
sa3011930,Seongmin Kim,1.0,0.0,1.0,0.0,0.0,6.800000000000001,BAL,2026,pit,RP
14899,Taylor Williams,1.0,0.0,1.0,0.0,0.0,6.800000000000001,,2026,pit,RP
sa3016843,Peyton Alford,1.0,0.0,1.0,0.0,0.0,6.800000000000001,SEA,2026,pit,RP
sa3020706,Matt Brosky,0.5341,0.0991,1.0,0.0,0.0,6.800000000000001,,2026,pit,RP
sa3012066,Myung-Ho Jin,1.0,0.0,1.0,0.0,0.0,6.800000000000001,,2026,pit,RP
17701,Jose Cuas,1.0,0.0,1.0,0.0,0.0,3.8000000000000003,KCR,2026,pit,RP
sa3005026,Gerald Ogando,1.0,0.0,1.0,0.0,0.0,6.800000000000001,BAL,2026,pit,RP
sa3067414,Josh Sanders,1.0,0.0,1.0,0.0,0.0,6.800000000000001,TEX,2026,pit,RP
sa3005073,Sadrac Franco,1.0,0.0,1.0,0.0,0.0,6.800000000000001,SDP,2026,pit,RP
sa3020451,Carson Skipper,1.0,0.0,1.0,0.0,0.0,6.800000000000001,COL,2026,pit,RP
sa3020956,Emailin Montilla,1.0,0.0,1.0,0.0,0.0,6.800000000000001,,2026,pit,RP
sa3014781,Luke Shilling,0.9382,0.0132,1.0,0.0,0.0,6.800000000000001,,2026,pit,RP
21093,Nick Vespi,1.0,0.0,1.0,0.0,0.0,6.800000000000001,,2026,pit,RP
14467,Daniel Camarena,1.0,0.0,1.0,0.0,0.0,6.800000000000001,,2026,pit,RP
sa3002925,Franklin Dacosta,1.0,0.0,1.0,0.0,0.0,6.800000000000001,,2026,pit,RP
sa3022408,Hueston Morrill,1.0,0.0,1.0,0.0,0.0,6.800000000000001,NYY,2026,pit,RP
sa3014698,Stevie Emanuels,1.0,0.0,1.0,0.0,0.0,3.8000000000000003,ATH,2026,pit,RP
27967,Andry Lara,1.0,0.0,1.0,0.0,0.0,6.800000000000001,WSN,2026,pit,RP
sa3016838,Jimmy Kingsbury,0.8417,0.0337,1.0,0.0,0.0,6.800000000000001,SEA,2026,pit,RP
sa3007587,Adam Wolf,0.6743,0.0693,1.0,0.0,0.0,6.800000000000001,,2026,pit,RP
sa3017036,Michael Arias,0.8681,0.0281,1.0,0.0,0.0,3.8000000000000003,NYY,2026,pit,RP
19518,Tanner Tully,1.0,0.0,1.0,0.0,0.0,6.800000000000001,,2026,pit,RP
sa3006570,Miguel Rodriguez,1.0,0.0,1.0,0.0,0.0,6.800000000000001,,2026,pit,RP
20494,Braden Bristo,1.0,0.0,1.0,0.0,0.0,6.800000000000001,,2026,pit,RP
sa3017505,Larson Kindreich,1.0,0.0,1.0,0.0,0.0,3.8000000000000003,TEX,2026,pit,RP
13942,Brent Suter,60.0,0.0,60.0,0.0,11.6135,260.8,LAA,2026,pit,RP
21367,Peter Strzelecki,1.0,0.0,1.0,0.0,0.0,6.800000000000001,MIL,2026,pit,RP
sa3002949,Juan Mejia,0.577,0.09,1.0,0.0,0.0,6.800000000000001,,2026,pit,RP
10657,Andrew Bellatti,1.0,0.0,1.0,0.0,0.0,6.800000000000001,,2026,pit,RP
sa737048,Luis Reyes,0.8854,0.0244,1.0,0.0,0.0,6.800000000000001,,2026,pit,RP
sa3012630,Woo-Suk Go,0.7955,0.0435,1.0,0.0,0.0,6.800000000000001,DET,2026,pit,RP
sa3010563,Tyler Beck,0.8846,0.0246,1.0,0.0,0.0,6.800000000000001,,2026,pit,RP
sa3006544,Brayan Castillo,1.0,0.0,1.0,0.0,0.0,3.8000000000000003,COL,2026,pit,RP
sa3020468,Chazz Martinez,1.0,0.0,1.0,0.0,0.0,6.800000000000001,KCR,2026,pit,RP
sa857604,Michael Boyle,1.0,0.0,1.0,0.0,0.0,6.800000000000001,,2026,pit,RP
sa3024515,Tyler Davis,1.0,0.0,1.0,0.0,0.0,6.800000000000001,CHW,2026,pit,RP
sa3004702,Osvaldo Berrios,0.7345,0.0565,1.0,0.0,0.0,6.800000000000001,BOS,2026,pit,RP
sa3002678,Luis Pacheco,1.0,0.0,1.0,0.0,0.0,6.800000000000001,,2026,pit,RP
sa3020476,Nate Dahle,1.0,0.0,1.0,0.0,0.0,6.800000000000001,,2026,pit,RP
sa3010789,Cayne Ueckert,1.0,0.0,1.0,0.0,0.0,6.800000000000001,,2026,pit,RP
sa917637,Harold Chirino,1.0,0.0,1.0,0.0,0.0,6.800000000000001,,2026,pit,RP
18105,Ryan Meisinger,1.0,0.0,1.0,0.0,0.0,6.800000000000001,,2026,pit,RP
sa3014929,Robert Kwiatkowski,1.0,0.0,1.0,0.0,0.0,6.800000000000001,,2026,pit,RP
sa3002794,Aldry Acosta,1.0,0.0,1.0,0.0,0.0,6.800000000000001,,2026,pit,RP
sa3016749,Oscar Rayo,0.737,0.056,1.0,0.0,0.0,6.800000000000001,KCR,2026,pit,RP
22932,Prelander Berroa,33.0,0.0,33.0,0.0,0.5829,120.70000000000005,CHW,2026,pit,RP
19191,Robert Dugger,0.7939,0.0439,1.0,0.0,0.0,6.800000000000001,,2026,pit,RP
sa874212,Nolan Blackwood,1.0,0.0,1.0,0.0,0.0,6.800000000000001,,2026,pit,RP
sa3020406,Tyler Vogel,1.0,0.0,1.0,0.0,0.0,6.800000000000001,SFG,2026,pit,RP
27536,Evan Kravetz,1.0,0.0,1.0,0.0,0.0,6.800000000000001,,2026,pit,RP
22248,Paul Campbell,0.887,0.024,1.0,0.0,0.0,6.800000000000001,,2026,pit,RP
sa3019533,Gunnar Groen,0.9159,0.0179,1.0,0.0,0.0,6.800000000000001,,2026,pit,RP
sa3021720,Will Childers,1.0,0.0,1.0,0.0,0.0,6.800000000000001,MIL,2026,pit,RP
sa3007833,Keegan Curtis,0.8285,0.0365,1.0,0.0,0.0,6.800000000000001,,2026,pit,RP
sa3020234,Ian Churchill,1.0,0.0,1.0,0.0,0.0,3.8000000000000003,,2026,pit,RP
sa3017916,Keyshawn Askew,1.0,0.0,1.0,0.0,0.0,3.8000000000000003,TBR,2026,pit,RP
sa871477,Carlos Guzman,1.0,0.0,1.0,0.0,0.0,6.800000000000001,NYM,2026,pit,RP
sa3005216,Cam Robinson,1.0,0.0,1.0,0.0,0.0,3.8000000000000003,TBR,2026,pit,RP
sa3005891,Benito Garcia,1.0,0.0,1.0,0.0,0.0,6.800000000000001,STL,2026,pit,RP
sa3028369,Will Cannon,1.0,0.0,1.0,0.0,0.0,3.8000000000000003,CIN,2026,pit,RP
sa917887,Joel Cesar,1.0,0.0,1.0,0.0,0.0,6.800000000000001,,2026,pit,RP
sa3014471,Jared Kelley,1.0,0.0,1.0,0.0,0.0,3.8000000000000003,CHW,2026,pit,RP
sa3017686,Keagan Gillies,1.0,0.0,1.0,0.0,0.0,6.800000000000001,BAL,2026,pit,RP
21170,Dany Jiménez,1.0,0.0,1.0,0.0,0.0,6.800000000000001,,2026,pit,RP
sa3018279,Mitch Miller,0.9101,0.0191,1.0,0.0,0.0,3.8000000000000003,,2026,pit,RP
sa3020171,Tyler Woessner,1.0,0.0,1.0,0.0,0.0,6.800000000000001,,2026,pit,RP
sa3008096,Ben Onyshko,1.0,0.0,1.0,0.0,0.0,6.800000000000001,,2026,pit,RP
29891,James Meeker,1.0,0.0,1.0,0.0,0.0,6.800000000000001,,2026,pit,RP
sa875247,Will Stewart,1.0,0.0,1.0,0.0,0.0,3.8000000000000003,,2026,pit,RP
12863,Matt Barnes,1.0,0.0,1.0,0.0,0.0,6.800000000000001,,2026,pit,RP
sa1170436,Trey McGough,0.6248,0.0798,1.0,0.0,0.0,6.800000000000001,NYM,2026,pit,RP
sa3017548,Justin Armbruester,1.0,0.0,1.0,0.0,0.0,6.800000000000001,NYM,2026,pit,RP
sa3007008,Tanner Dodson,0.8912,0.0232,1.0,0.0,0.0,3.8000000000000003,,2026,pit,RP
sa3014814,Vin Timpanelli,1.0,0.0,1.0,0.0,0.0,6.800000000000001,,2026,pit,RP
sa829632,Brady Puckett,1.0,0.0,1.0,0.0,0.0,6.800000000000001,,2026,pit,RP
sa1159711,Ryan Smith,1.0,0.0,1.0,0.0,0.0,6.800000000000001,,2026,pit,RP
sa3003102,Jose Montilla,0.6133,0.0823,1.0,0.0,0.0,6.800000000000001,,2026,pit,RP
26034,Anthony Maldonado,1.0,0.0,1.0,0.0,0.0,6.800000000000001,HOU,2026,pit,RP
10688,Tyler Thornburg,1.0,0.0,1.0,0.0,0.0,6.800000000000001,,2026,pit,RP
sa3020604,Mark McLaughlin,1.0,0.0,1.0,0.0,0.0,6.800000000000001,CHW,2026,pit,RP
sa3014783,Dakota Donovan,1.0,0.0,1.0,0.0,0.0,6.800000000000001,,2026,pit,RP
sa3004584,Drew Strotman,1.0,0.0,1.0,0.0,0.0,6.800000000000001,,2026,pit,RP
sa3017687,Adam McKillican,1.0,0.0,1.0,0.0,0.0,6.800000000000001,COL,2026,pit,RP
sa3022905,Jesús Broca,1.0,0.0,1.0,0.0,0.0,6.800000000000001,MIL,2026,pit,RP
sa3024519,Manuel Genao,0.5003,0.1063,1.0,0.0,0.0,6.800000000000001,MIA,2026,pit,RP
sa3018278,Justin King,1.0,0.0,1.0,0.0,0.0,3.8000000000000003,MIA,2026,pit,RP
sa3008290,Brendan Hardy,1.0,0.0,1.0,0.0,0.0,6.800000000000001,COL,2026,pit,RP
sa3008362,Steven Pérez,1.0,0.0,1.0,0.0,0.0,6.800000000000001,CLE,2026,pit,RP
sa3014856,Scott Kobos,1.0,0.0,1.0,0.0,0.0,3.8000000000000003,,2026,pit,RP
sa3009997,Zach Hart,0.8038,0.0418,1.0,0.0,0.0,6.800000000000001,,2026,pit,RP
sa873188,Robinson Martínez,1.0,0.0,1.0,0.0,0.0,3.8000000000000003,NYM,2026,pit,RP
17237,Austin Brice,1.0,0.0,1.0,0.0,0.0,3.8000000000000003,,2026,pit,RP
sa3007585,Austin Schulfer,0.7155,0.0605,1.0,0.0,0.0,6.800000000000001,PHI,2026,pit,RP
sa3007809,Theo McDowell,1.0,0.0,1.0,0.0,0.0,3.8000000000000003,,2026,pit,RP
3281,Joe Smith,1.0,0.0,1.0,0.0,0.0,6.800000000000001,,2026,pit,RP
sa3006803,Michael Flynn,0.8879,0.0239,1.0,0.0,0.0,6.800000000000001,SDP,2026,pit,RP
sa3018791,Cole Ayers,0.8862,0.0242,1.0,0.0,0.0,6.800000000000001,NYY,2026,pit,RP
sa3017547,Jacob Webb,1.0,0.0,1.0,0.0,0.0,6.800000000000001,BOS,2026,pit,RP
sa3015386,Edgar Portes,1.0,0.0,1.0,0.0,0.0,6.800000000000001,BAL,2026,pit,RP
sa3023254,Chay Yeager,0.9241,0.0161,1.0,0.0,0.0,6.800000000000001,TOR,2026,pit,RP
sa3017532,Bryan Pope,1.0,0.0,1.0,0.0,0.0,6.800000000000001,,2026,pit,RP
16933,Elieser Hernández,0.6636,0.0716,1.0,0.0,0.0,6.800000000000001,ATL,2026,pit,RP
sa3023457,Cooper Adams,0.892,0.023,1.0,0.0,0.0,6.800000000000001,BOS,2026,pit,RP
sa3006407,Cristian Charle,1.0,0.0,1.0,0.0,0.0,6.800000000000001,,2026,pit,RP
13690,Sal Romano,1.0,0.0,1.0,0.0,0.0,6.800000000000001,,2026,pit,RP
27472,Jared Shuster,0.8945,0.0225,1.0,0.0,0.0,6.800000000000001,STL,2026,pit,RP
sa3017256,Matt Russell,1.0,0.0,1.0,0.0,0.0,6.800000000000001,,2026,pit,RP
sa1170906,Charles Hall,1.0,0.0,1.0,0.0,0.0,3.8000000000000003,,2026,pit,RP
22052,Aaron Fletcher,1.0,0.0,1.0,0.0,0.0,6.800000000000001,,2026,pit,RP
sa916829,Abdiel Mendoza,0.5663,0.0923,1.0,0.0,0.0,6.800000000000001,SEA,2026,pit,RP
20010,Wyatt Mills,1.0,0.0,1.0,0.0,0.0,6.800000000000001,LAD,2026,pit,RP
25804,Randy Wynne,1.0,0.0,1.0,0.0,0.0,6.800000000000001,,2026,pit,RP
16418,Blake Taylor,1.0,0.0,1.0,0.0,0.0,6.800000000000001,,2026,pit,RP
sa3014450,Tyler Brown,1.0,0.0,1.0,0.0,0.0,6.800000000000001,,2026,pit,RP
25512,Nate Fisher,1.0,0.0,1.0,0.0,0.0,6.800000000000001,,2026,pit,RP
15290,Austin Pruitt,1.0,0.0,1.0,0.0,0.0,6.800000000000001,ATH,2026,pit,RP
sa3014978,Blake Goldsberry,0.8318,0.0358,1.0,0.0,0.0,6.800000000000001,,2026,pit,RP
sa978399,Victor Castaneda,1.0,0.0,1.0,0.0,0.0,6.800000000000001,,2026,pit,RP
sa3011245,Jacob Kostyshock,1.0,0.0,1.0,0.0,0.0,6.800000000000001,,2026,pit,RP
10547,Jimmy Nelson,0.953,0.01,1.0,0.0,0.0,3.8000000000000003,,2026,pit,RP
sa3018193,Robby Ahlstrom,1.0,0.0,1.0,0.0,0.0,3.8000000000000003,TEX,2026,pit,RP
sa3014492,Nick Frasso,0.5935,0.0865,1.0,0.0,0.0,6.800000000000001,LAD,2026,pit,RP
sa3006950,Yaya Chentouf,1.0,0.0,1.0,0.0,0.0,6.800000000000001,,2026,pit,RP
20030,Phillip Diehl,1.0,0.0,1.0,0.0,0.0,6.800000000000001,,2026,pit,RP
sa3017978,Jaylen Nowlin,1.0,0.0,1.0,0.0,0.0,3.8000000000000003,MIN,2026,pit,RP
sa3007966,Blake Whitney,0.7666,0.0496,1.0,0.0,0.0,6.800000000000001,,2026,pit,RP
sa3017769,Jordan Carr,0.511,0.104,1.0,0.0,0.0,6.800000000000001,,2026,pit,RP
sa3020756,Grayson Thurman,1.0,0.0,1.0,0.0,0.0,6.800000000000001,,2026,pit,RP
sa3019549,Carlos Espinosa,0.6306,0.0786,1.0,0.0,0.0,6.800000000000001,LAA,2026,pit,RP
sa3016001,John Stankiewicz,0.9431,0.0121,1.0,0.0,0.0,6.800000000000001,DET,2026,pit,RP
sa3020749,Cole Paplham,0.8854,0.0244,1.0,0.0,0.0,6.800000000000001,SDP,2026,pit,RP
sa3004348,Xavier Moore,1.0,0.0,1.0,0.0,0.0,3.8000000000000003,,2026,pit,RP
sa875998,Jason Bilous,0.8211,0.0381,1.0,0.0,0.0,3.8000000000000003,,2026,pit,RP
sa3007967,Zack Leban,0.878,0.026,1.0,0.0,0.0,6.800000000000001,,2026,pit,RP
sa3011585,Mitchell Stumpo,1.0,0.0,1.0,0.0,0.0,6.800000000000001,,2026,pit,RP
sa3021979,Landon Sims,1.0,0.0,1.0,0.0,0.0,6.800000000000001,ARI,2026,pit,RP
sa3023453,Kai Peterson,1.0,0.0,1.0,0.0,0.0,3.8000000000000003,TOR,2026,pit,RP
sa3014846,Grant Black,0.7749,0.0479,1.0,0.0,0.0,6.800000000000001,,2026,pit,RP
sa3010566,Alec Barger,1.0,0.0,1.0,0.0,0.0,6.800000000000001,,2026,pit,RP
sa3011437,Michael Cuevas,1.0,0.0,1.0,0.0,0.0,6.800000000000001,,2026,pit,RP
sa3017491,Kyle Virbitsky,1.0,0.0,1.0,0.0,0.0,6.800000000000001,,2026,pit,RP
sa913150,Collin Kober,0.9126,0.0186,1.0,0.0,0.0,6.800000000000001,,2026,pit,RP
sa3011417,Cody Scroggins,1.0,0.0,1.0,0.0,0.0,6.800000000000001,,2026,pit,RP
sa3017272,Noah Owen,1.0,0.0,1.0,0.0,0.0,6.800000000000001,,2026,pit,RP
sa3017602,Ricardo Velez,0.8895,0.0235,1.0,0.0,0.0,6.800000000000001,TEX,2026,pit,RP
sa3011145,Jimmy Robbins,1.0,0.0,1.0,0.0,0.0,6.800000000000001,,2026,pit,RP
sa3019396,Wilmy Sanchez,1.0,0.0,1.0,0.0,0.0,3.8000000000000003,HOU,2026,pit,RP
sa3008261,Blake Rivera,1.0,0.0,1.0,0.0,0.0,3.8000000000000003,,2026,pit,RP
sa3017271,Kolby Kubichek,1.0,0.0,1.0,0.0,0.0,3.8000000000000003,,2026,pit,RP
sa3010776,Jonah Dipoto,0.8235,0.0375,1.0,0.0,0.0,6.800000000000001,,2026,pit,RP
sa3007611,Trey Riley,1.0,0.0,1.0,0.0,0.0,3.8000000000000003,,2026,pit,RP
sa3007734,Daniel Martinez,0.5993,0.0853,1.0,0.0,0.0,6.800000000000001,,2026,pit,RP
sa3004337,Alex Mauricio,1.0,0.0,1.0,0.0,0.0,6.800000000000001,NYY,2026,pit,RP
21290,Lucas Gilbreath,1.0,0.0,1.0,0.0,0.0,3.8000000000000003,COL,2026,pit,RP
sa3018799,Antonio Menendez,1.0,0.0,1.0,0.0,0.0,6.800000000000001,ARI,2026,pit,RP
sa3016502,Jarold Rosado,1.0,0.0,1.0,0.0,0.0,3.8000000000000003,CHW,2026,pit,RP
sa3041350,Carter Rustad,0.8903,0.0233,1.0,0.0,0.0,6.800000000000001,BAL,2026,pit,RP
sa3005060,Marcelo Martinez,0.6825,0.0675,1.0,0.0,0.0,6.800000000000001,,2026,pit,RP
sa3015094,Jordan Mikel,0.7502,0.0532,1.0,0.0,0.0,6.800000000000001,,2026,pit,RP
sa3018194,Jack Snyder,1.0,0.0,1.0,0.0,0.0,6.800000000000001,TBR,2026,pit,RP
sa3016489,Eury Rosado,0.6215,0.0805,1.0,0.0,0.0,6.800000000000001,,2026,pit,RP
22253,Sean Reynolds,0.9184,0.0174,1.0,0.0,0.0,3.8000000000000003,,2026,pit,RP
11467,A.J. Cole,1.0,0.0,1.0,0.0,0.0,6.800000000000001,,2026,pit,RP
16610,J.P. Feyereisen,1.0,0.0,1.0,0.0,0.0,6.800000000000001,LAD,2026,pit,RP
sa916841,Willian Suarez,1.0,0.0,1.0,0.0,0.0,3.8000000000000003,,2026,pit,RP
sa3022944,Cory Wall,0.7295,0.0575,1.0,0.0,0.0,6.800000000000001,ATL,2026,pit,RP
sa3006358,Ivan Armstrong,1.0,0.0,1.0,0.0,0.0,6.800000000000001,,2026,pit,RP
sa3019862,Dylan Phillips,0.8755,0.0265,1.0,0.0,0.0,6.800000000000001,LAA,2026,pit,RP
sa3017968,Mike Paredes,0.8194,0.0384,1.0,0.0,0.0,6.800000000000001,MIN,2026,pit,RP
sa3018185,Sean Sullivan,0.5374,0.0984,1.0,0.0,0.0,6.800000000000001,PIT,2026,pit,RP
sa3006956,Austin Hansen,0.5811,0.0891,1.0,0.0,0.0,6.800000000000001,,2026,pit,RP
27783,Zach Brzykcy,1.0,0.0,1.0,0.0,0.0,6.800000000000001,MIA,2026,pit,RP
sa3011126,Colin Peluse,1.0,0.0,1.0,0.0,0.0,6.800000000000001,PHI,2026,pit,RP
sa3009593,Gabriel Barbosa,0.5465,0.0965,1.0,0.0,0.0,6.800000000000001,PHI,2026,pit,RP
sa3020630,Seth Clark,1.0,0.0,1.0,0.0,0.0,3.8000000000000003,TEX,2026,pit,RP
sa3014866,Stevie Branche,1.0,0.0,1.0,0.0,0.0,3.8000000000000003,,2026,pit,RP
sa3015035,Jack Dashwood,0.8524,0.0314,1.0,0.0,0.0,6.800000000000001,ATL,2026,pit,RP
sa3017392,Hunter Dula,1.0,0.0,1.0,0.0,0.0,6.800000000000001,,2026,pit,RP
sa3020592,Eric Adler,0.9068,0.0198,1.0,0.0,0.0,3.8000000000000003,CHW,2026,pit,RP
sa3029168,Dennis Colleran,1.0,0.0,1.0,0.0,0.0,3.8000000000000003,KCR,2026,pit,RP
sa3017780,Evan Shawver,1.0,0.0,1.0,0.0,0.0,3.8000000000000003,COL,2026,pit,RP
sa3020376,Jaycob Deese,1.0,0.0,1.0,0.0,0.0,6.800000000000001,PIT,2026,pit,RP
sa923839,Jose Bravo,0.6545,0.0735,1.0,0.0,0.0,6.800000000000001,,2026,pit,RP
sa3020685,Jake Pilarski,1.0,0.0,1.0,0.0,0.0,6.800000000000001,,2026,pit,RP
sa3016839,Kenyon Yovan,0.8491,0.0321,1.0,0.0,0.0,6.800000000000001,LAA,2026,pit,RP
sa3002812,Dayeison Arias,1.0,0.0,1.0,0.0,0.0,6.800000000000001,,2026,pit,RP
sa3017072,Justin Kelly,1.0,0.0,1.0,0.0,0.0,6.800000000000001,,2026,pit,RP
sa3025376,Victor Morales,1.0,0.0,1.0,0.0,0.0,6.800000000000001,ARI,2026,pit,RP
sa3020176,Garrett Irvin,1.0,0.0,1.0,0.0,0.0,3.8000000000000003,,2026,pit,RP
sa3003132,Frainger Aranguren,0.8145,0.0395,1.0,0.0,0.0,6.800000000000001,,2026,pit,RP
sa3023172,LJ McDonough,1.0,0.0,1.0,0.0,0.0,3.8000000000000003,ATL,2026,pit,RP
sa3017270,Ray Gaither,0.9332,0.0142,1.0,0.0,0.0,6.800000000000001,,2026,pit,RP
2608,Jhoulys Chacín,1.0,0.0,1.0,0.0,0.0,6.800000000000001,,2026,pit,RP
sa3020312,Marquis Grissom Jr.,1.0,0.0,1.0,0.0,0.0,6.800000000000001,WSN,2026,pit,RP
sa3015148,Johzan Oquendo,1.0,0.0,1.0,0.0,0.0,3.8000000000000003,CHC,2026,pit,RP
sa875768,Kyle Wilson,0.516,0.103,1.0,0.0,0.0,6.800000000000001,,2026,pit,RP
sa3020490,Jack Dallas,0.7122,0.0612,1.0,0.0,0.0,6.800000000000001,PHI,2026,pit,RP
sa3020380,Jake Pfennigs,1.0,0.0,1.0,0.0,0.0,6.800000000000001,,2026,pit,RP
sa3017308,Alaska Abney,1.0,0.0,1.0,0.0,0.0,6.800000000000001,CLE,2026,pit,RP
sa3011679,Joe Nahas,1.0,0.0,1.0,0.0,0.0,6.800000000000001,,2026,pit,RP
sa3023062,Zane Morehouse,1.0,0.0,1.0,0.0,0.0,3.8000000000000003,CLE,2026,pit,RP
20041,Ronald Bolaños,1.0,0.0,1.0,0.0,0.0,6.800000000000001,,2026,pit,RP
sa3020611,Eric Reyzelman,1.0,0.0,1.0,0.0,0.0,3.8000000000000003,NYY,2026,pit,RP
sa3010825,Justin Yeager,1.0,0.0,1.0,0.0,0.0,6.800000000000001,SDP,2026,pit,RP
20962,Elvin Rodríguez,0.6289,0.0789,1.0,0.0,0.0,6.800000000000001,,2026,pit,RP
sa3017305,Caden Monke,1.0,0.0,1.0,0.0,0.0,3.8000000000000003,KCR,2026,pit,RP
sa3005229,Matt Givin,1.0,0.0,1.0,0.0,0.0,6.800000000000001,,2026,pit,RP
sa3011533,Nick Morreale,1.0,0.0,1.0,0.0,0.0,6.800000000000001,,2026,pit,RP
sa3019506,Ryan Middendorf,1.0,0.0,1.0,0.0,0.0,6.800000000000001,,2026,pit,RP
sa3020840,Tyler Cleveland,1.0,0.0,1.0,0.0,0.0,6.800000000000001,SEA,2026,pit,RP
12800,Noé Ramirez,1.0,0.0,1.0,0.0,0.0,6.800000000000001,,2026,pit,RP
sa3020254,Mark Adamiak,1.0,0.0,1.0,0.0,0.0,6.800000000000001,ATH,2026,pit,RP
sa3020487,Stefan Raeth,0.8574,0.0304,1.0,0.0,0.0,6.800000000000001,SEA,2026,pit,RP
sa3011527,Houston Roth,1.0,0.0,1.0,0.0,0.0,6.800000000000001,SEA,2026,pit,RP
sa3017193,Jason Ruffcorn,1.0,0.0,1.0,0.0,0.0,6.800000000000001,SEA,2026,pit,RP
sa3010259,Andrew Bash,0.6562,0.0732,1.0,0.0,0.0,6.800000000000001,MIN,2026,pit,RP
sa3011726,Indigo Diaz,1.0,0.0,1.0,0.0,0.0,6.800000000000001,ARI,2026,pit,RP
sa3020755,Jackson Kelley,0.9431,0.0121,1.0,0.0,0.0,6.800000000000001,CHW,2026,pit,RP
sa3018169,Jack Leftwich,0.9571,0.0091,1.0,0.0,0.0,6.800000000000001,CLE,2026,pit,RP
24710,Luis Curvelo,34.0,0.0,34.0,0.0,0.6589,117.70000000000002,TEX,2026,pit,RP
sa3009205,Breidy Encarnación,1.0,0.0,1.0,0.0,0.0,6.800000000000001,,2026,pit,RP
sa3023040,Bayden Root,1.0,0.0,1.0,0.0,0.0,6.800000000000001,,2026,pit,RP
sa3017820,Houston Harding,1.0,0.0,1.0,0.0,0.0,6.800000000000001,LAA,2026,pit,RP
sa3017129,J.J. Niekro,0.7213,0.0593,1.0,0.0,0.0,6.800000000000001,,2026,pit,RP
12361,Spencer Patton,1.0,0.0,1.0,0.0,0.0,6.800000000000001,,2026,pit,RP
sa3017754,Hunter Gregory,0.9307,0.0147,1.0,0.0,0.0,6.800000000000001,TOR,2026,pit,RP
sa3010364,M.D. Johnson,1.0,0.0,1.0,0.0,0.0,6.800000000000001,,2026,pit,RP
19548,JD Hammer,1.0,0.0,1.0,0.0,0.0,6.800000000000001,,2026,pit,RP
sa3007932,Calvin Coker,1.0,0.0,1.0,0.0,0.0,6.800000000000001,,2026,pit,RP
30008,Evan Justice,1.0,0.0,1.0,0.0,0.0,3.8000000000000003,COL,2026,pit,RP
sa3006557,Valentin Linarez,0.906,0.02,1.0,0.0,0.0,6.800000000000001,WSN,2026,pit,RP
sa3005445,Felix Cepeda,1.0,0.0,1.0,0.0,0.0,6.800000000000001,,2026,pit,RP
sa3006699,Carlos Gomez,1.0,0.0,1.0,0.0,0.0,6.800000000000001,,2026,pit,RP
15594,Nick Wittgren,1.0,0.0,1.0,0.0,0.0,6.800000000000001,,2026,pit,RP
sa3067284,Dylan Hecht,1.0,0.0,1.0,0.0,0.0,3.8000000000000003,SFG,2026,pit,RP
18694,Kolby Allard,14.0,0.0,14.0,0.0,0.6803,54.0,CLE,2026,pit,RP
sa3017842,Chase Watkins,0.7955,0.0435,1.0,0.0,0.0,6.800000000000001,CHC,2026,pit,RP
sa3011139,Daniel Juarez,1.0,0.0,1.0,0.0,0.0,6.800000000000001,,2026,pit,RP
sa3009638,Edgar Manzo,0.652,0.074,1.0,0.0,0.0,6.800000000000001,,2026,pit,RP
sa3015002,Logan Boyer,1.0,0.0,1.0,0.0,0.0,3.8000000000000003,,2026,pit,RP
sa3017138,Austin Vernon,0.8112,0.0402,1.0,0.0,0.0,3.8000000000000003,TBR,2026,pit,RP
sa3023221,CJ Weins,1.0,0.0,1.0,0.0,0.0,3.8000000000000003,DET,2026,pit,RP
sa3011296,Jack Ralston,1.0,0.0,1.0,0.0,0.0,3.8000000000000003,MIA,2026,pit,RP
sa3006495,Alfred Vega,1.0,0.0,1.0,0.0,0.0,6.800000000000001,,2026,pit,RP
8110,Bryan Shaw,1.0,0.0,1.0,0.0,0.0,3.8000000000000003,,2026,pit,RP
13713,Kyle Barraclough,1.0,0.0,1.0,0.0,0.0,6.800000000000001,,2026,pit,RP
25481,Joe La Sorsa,1.0,0.0,1.0,0.0,0.0,6.800000000000001,PIT,2026,pit,RP
25097,Garrett Hill,1.0,0.0,1.0,0.0,0.0,3.8000000000000003,,2026,pit,RP
20526,Denyi Reyes,0.5391,0.0981,1.0,0.0,0.0,6.800000000000001,,2026,pit,RP
sa3020250,Easton Sikorski,1.0,0.0,1.0,0.0,0.0,6.800000000000001,CIN,2026,pit,RP
sa3010306,Logan Gragg,0.9258,0.0158,1.0,0.0,0.0,6.800000000000001,,2026,pit,RP
sa3006177,Adrian Hernandez,1.0,0.0,1.0,0.0,0.0,3.8000000000000003,,2026,pit,RP
sa3021026,Duque Hebbert,0.8912,0.0232,1.0,0.0,0.0,6.800000000000001,DET,2026,pit,RP
sa3015282,Dahian Santos,0.6908,0.0658,1.0,0.0,0.0,6.800000000000001,TOR,2026,pit,RP
29866,Chayce McDermott,24.0,0.0,24.0,0.0,0.6582,98.50000000000001,BAL,2026,pit,RP
sa3017304,Patrick Wicklander,1.0,0.0,1.0,0.0,0.0,6.800000000000001,,2026,pit,RP
sa3020624,Nick Hull,0.8079,0.0409,1.0,0.0,0.0,6.800000000000001,CHC,2026,pit,RP
sa3010371,Yorlin Calderon,0.9274,0.0154,1.0,0.0,0.0,6.800000000000001,,2026,pit,RP
sa918551,Dylan Bice,0.8516,0.0316,1.0,0.0,0.0,6.800000000000001,,2026,pit,RP
16466,Brent Honeywell,0.9497,0.0107,1.0,0.0,0.0,6.800000000000001,SFG,2026,pit,RP
22815,Luis Patiño,0.9118,0.0188,1.0,0.0,0.0,6.800000000000001,,2026,pit,RP
sa830644,Malvin Pena,1.0,0.0,1.0,0.0,0.0,6.800000000000001,,2026,pit,RP
sa3011695,Noah Song,0.9151,0.0181,1.0,0.0,0.0,6.800000000000001,BOS,2026,pit,RP
sa3003009,Rodolfo Sanchez,0.6248,0.0798,1.0,0.0,0.0,6.800000000000001,,2026,pit,RP
sa3011200,Colby White,1.0,0.0,1.0,0.0,0.0,3.8000000000000003,,2026,pit,RP
sa917989,Braeden Ogle,0.8054,0.0414,1.0,0.0,0.0,3.8000000000000003,,2026,pit,RP
sa3006494,Franny Cobos,1.0,0.0,1.0,0.0,0.0,6.800000000000001,,2026,pit,RP
sa915622,Kade McClure,1.0,0.0,1.0,0.0,0.0,6.800000000000001,,2026,pit,RP
sa3015136,David Griffin,0.6949,0.0649,1.0,0.0,0.0,6.800000000000001,,2026,pit,RP
sa3006110,Jeremy Molero,1.0,0.0,1.0,0.0,0.0,3.8000000000000003,,2026,pit,RP
sa3004364,Matt Merrill,0.7831,0.0461,1.0,0.0,0.0,3.8000000000000003,,2026,pit,RP
21241,Jonathan Bermúdez,0.7526,0.0526,1.0,0.0,0.0,6.800000000000001,,2026,pit,RP
13259,Louis Head,1.0,0.0,1.0,0.0,0.0,6.800000000000001,,2026,pit,RP
sa3018092,Conor Larkin,1.0,0.0,1.0,0.0,0.0,6.800000000000001,TOR,2026,pit,RP
sa3006543,Eddy Yean,0.7502,0.0532,1.0,0.0,0.0,6.800000000000001,WSN,2026,pit,RP
sa3011727,Michael McAvene,1.0,0.0,1.0,0.0,0.0,6.800000000000001,,2026,pit,RP
sa918353,Scott Engler,1.0,0.0,1.0,0.0,0.0,3.8000000000000003,,2026,pit,RP
sa3023451,Nick Altermatt,1.0,0.0,1.0,0.0,0.0,6.800000000000001,CHW,2026,pit,RP
sa3017464,Donovan Benoit,0.8268,0.0368,1.0,0.0,0.0,6.800000000000001,,2026,pit,RP
sa3015306,Elison Joseph,1.0,0.0,1.0,0.0,0.0,3.8000000000000003,ATL,2026,pit,RP
sa3020462,Haden Erbe,1.0,0.0,1.0,0.0,0.0,3.8000000000000003,,2026,pit,RP
sa3009622,Railin Perez,1.0,0.0,1.0,0.0,0.0,3.8000000000000003,HOU,2026,pit,RP
sa3017844,Will Bednar,1.0,0.0,1.0,0.0,0.0,3.8000000000000003,SFG,2026,pit,RP
sa3020753,Mason Vinyard,0.9101,0.0191,1.0,0.0,0.0,3.8000000000000003,NYY,2026,pit,RP
15139,Ashton Goudeau,1.0,0.0,1.0,0.0,0.0,6.800000000000001,,2026,pit,RP
sa3002980,Danis Correa,0.9489,0.0109,1.0,0.0,0.0,3.8000000000000003,NYM,2026,pit,RP
sa3017541,Tyler Myrick,1.0,0.0,1.0,0.0,0.0,6.800000000000001,SFG,2026,pit,RP
18510,Josh Rogers,1.0,0.0,1.0,0.0,0.0,6.800000000000001,,2026,pit,RP
15451,Mike Mayers,0.6974,0.0644,1.0,0.0,0.0,6.800000000000001,,2026,pit,RP
sa3020562,Wyatt Cheney,1.0,0.0,1.0,0.0,0.0,3.8000000000000003,,2026,pit,RP
sa3011500,Spencer Stockton,1.0,0.0,1.0,0.0,0.0,6.800000000000001,,2026,pit,RP
sa3008127,Brett Daniels,0.7963,0.0433,1.0,0.0,0.0,6.800000000000001,,2026,pit,RP
sa3017274,Nick Mondak,1.0,0.0,1.0,0.0,0.0,3.8000000000000003,,2026,pit,RP
24988,Evan Lee,0.6512,0.0742,1.0,0.0,0.0,3.8000000000000003,,2026,pit,RP
sa3017592,Luke Albright,1.0,0.0,1.0,0.0,0.0,3.8000000000000003,ARI,2026,pit,RP
16128,John Curtiss,1.0,0.0,1.0,0.0,0.0,6.800000000000001,ARI,2026,pit,RP
sa3005696,Raúl Alcantara,0.6867,0.0667,1.0,0.0,0.0,3.8000000000000003,,2026,pit,RP
sa3007598,Dario Gardea,1.0,0.0,1.0,0.0,0.0,6.800000000000001,,2026,pit,RP
sa3017610,Dustin Saenz,0.5135,0.1035,1.0,0.0,0.0,6.800000000000001,WSN,2026,pit,RP
sa3020745,Kaleb Bowman,1.0,0.0,1.0,0.0,0.0,6.800000000000001,MIL,2026,pit,RP
sa828600,Juan Nunez,1.0,0.0,1.0,0.0,0.0,3.8000000000000003,,2026,pit,RP
15846,Adam Plutko,0.9852,0.0032,1.0,0.0,0.0,6.800000000000001,,2026,pit,RP
sa3023156,Isaiah Coupet,1.0,0.0,1.0,0.0,0.0,3.8000000000000003,COL,2026,pit,RP
sa3022907,Zane Russell,1.0,0.0,1.0,0.0,0.0,6.800000000000001,ARI,2026,pit,RP
sa3007473,Reid Birlingmair,1.0,0.0,1.0,0.0,0.0,6.800000000000001,,2026,pit,RP
sa3014792,Jonathan Sprinkle,1.0,0.0,1.0,0.0,0.0,3.8000000000000003,,2026,pit,RP
sa3008330,Rafael Marcano,1.0,0.0,1.0,0.0,0.0,3.8000000000000003,,2026,pit,RP
sa3020733,John Murphy,1.0,0.0,1.0,0.0,0.0,6.800000000000001,,2026,pit,RP
sa3020826,Hayden Merda,0.9159,0.0179,1.0,0.0,0.0,6.800000000000001,NYY,2026,pit,RP
sa3011531,Chris Wright,0.845,0.033,1.0,0.0,0.0,3.8000000000000003,,2026,pit,RP
sa917415,Oliver Garcia,1.0,0.0,1.0,0.0,0.0,6.800000000000001,,2026,pit,RP
sa3011538,Nick Richmond,1.0,0.0,1.0,0.0,0.0,6.800000000000001,,2026,pit,RP
sa3020178,Ben Sears,1.0,0.0,1.0,0.0,0.0,6.800000000000001,KCR,2026,pit,RP
sa3003039,Angel Macuare,1.0,0.0,1.0,0.0,0.0,6.800000000000001,,2026,pit,RP
sa3007459,Clay Helvey,1.0,0.0,1.0,0.0,0.0,3.8000000000000003,,2026,pit,RP
sa3002951,Yovanny Cruz,1.0,0.0,1.0,0.0,0.0,3.8000000000000003,NYY,2026,pit,RP
sa3017993,Johnathan Lavallee,1.0,0.0,1.0,0.0,0.0,3.8000000000000003,CIN,2026,pit,RP
sa3017099,Kasey Ford,1.0,0.0,1.0,0.0,0.0,3.8000000000000003,,2026,pit,RP
sa3017385,Ryan Cusick,0.6867,0.0667,1.0,0.0,0.0,3.8000000000000003,PHI,2026,pit,RP
10133,Brad Boxberger,1.0,0.0,1.0,0.0,0.0,6.800000000000001,,2026,pit,RP
9174,Casey Kelly,1.0,0.0,1.0,0.0,0.0,6.800000000000001,,2026,pit,RP
sa3011728,Manuel Medina,0.7485,0.0535,1.0,0.0,0.0,3.8000000000000003,,2026,pit,RP
sa3020796,Wesley Moore,0.8887,0.0237,1.0,0.0,0.0,3.8000000000000003,PHI,2026,pit,RP
15051,Silvino Bracho,1.0,0.0,1.0,0.0,0.0,6.800000000000001,,2026,pit,RP
sa3005437,Jhosmer Alvarez,1.0,0.0,1.0,0.0,0.0,3.8000000000000003,,2026,pit,RP
sa3022933,Shay Schanaman,1.0,0.0,1.0,0.0,0.0,6.800000000000001,ATL,2026,pit,RP
sa3020743,Shawn Rapp,1.0,0.0,1.0,0.0,0.0,3.8000000000000003,,2026,pit,RP
sa877574,Odalvi Javier,1.0,0.0,1.0,0.0,0.0,6.800000000000001,,2026,pit,RP
sa3018375,Riskiel Tineo,0.9159,0.0179,1.0,0.0,0.0,6.800000000000001,MIA,2026,pit,RP
14655,Konner Wade,1.0,0.0,1.0,0.0,0.0,6.800000000000001,,2026,pit,RP
sa3015149,Michael Brewer,1.0,0.0,1.0,0.0,0.0,6.800000000000001,,2026,pit,RP
sa3010782,Andrew Schultz,1.0,0.0,1.0,0.0,0.0,3.8000000000000003,,2026,pit,RP
sa3010827,Carlos A. Francisco,0.9085,0.0195,1.0,0.0,0.0,3.8000000000000003,,2026,pit,RP
sa1172727,Tyler Burch,0.6883,0.0663,1.0,0.0,0.0,6.800000000000001,NYM,2026,pit,RP
sa3006410,Carlos Meza,1.0,0.0,1.0,0.0,0.0,3.8000000000000003,,2026,pit,RP
sa3009631,Eudrys Manon,1.0,0.0,1.0,0.0,0.0,3.8000000000000003,,2026,pit,RP
sa3014782,Nick Trogrlic-Iverson,1.0,0.0,1.0,0.0,0.0,6.800000000000001,,2026,pit,RP
sa3018094,Vince Vannelle,1.0,0.0,1.0,0.0,0.0,6.800000000000001,,2026,pit,RP
sa3017862,Nick Sinacola,0.6248,0.0798,1.0,0.0,0.0,6.800000000000001,SFG,2026,pit,RP
11903,Michael Feliz,1.0,0.0,1.0,0.0,0.0,6.800000000000001,,2026,pit,RP
13834,Alec Mills,1.0,0.0,1.0,0.0,0.0,6.800000000000001,,2026,pit,RP
sa3005188,Michell Miliano,1.0,0.0,1.0,0.0,0.0,3.8000000000000003,,2026,pit,RP
sa3023264,Kelly Austin,1.0,0.0,1.0,0.0,0.0,6.800000000000001,NYY,2026,pit,RP
sa3009222,Christian Suarez,1.0,0.0,1.0,0.0,0.0,3.8000000000000003,LAD,2026,pit,RP
sa3008101,Regi Grace,1.0,0.0,1.0,0.0,0.0,6.800000000000001,,2026,pit,RP
27513,Hyeon-Jong Yang,0.6496,0.0746,1.0,0.0,0.0,6.800000000000001,,2026,pit,RP
sa3020387,Carlos Torres,1.0,0.0,1.0,0.0,0.0,6.800000000000001,COL,2026,pit,RP
sa3020709,Will Mabrey,1.0,0.0,1.0,0.0,0.0,6.800000000000001,ARI,2026,pit,RP
20631,Jordan Holloway,1.0,0.0,1.0,0.0,0.0,3.8000000000000003,LAA,2026,pit,RP
sa3005410,Manuel Alvarez,0.9085,0.0195,1.0,0.0,0.0,6.800000000000001,,2026,pit,RP
15126,Tyler Danish,1.0,0.0,1.0,0.0,0.0,6.800000000000001,,2026,pit,RP
12804,Matt Wisler,0.8565,0.0305,1.0,0.0,0.0,6.800000000000001,,2026,pit,RP
23223,Michael Mercado,1.0,0.0,1.0,0.0,0.0,6.800000000000001,PHI,2026,pit,RP
sa3067415,Ruddy Gomez,1.0,0.0,1.0,0.0,0.0,3.8000000000000003,MIN,2026,pit,RP
14509,Dereck Rodríguez,1.0,0.0,1.0,0.0,0.0,6.800000000000001,,2026,pit,RP
sa3008523,Zach Haake,0.6792,0.0682,1.0,0.0,0.0,6.800000000000001,,2026,pit,RP
19278,Vladimir Gutierrez,1.0,0.0,1.0,0.0,0.0,6.800000000000001,,2026,pit,RP
sa3067031,Cole Reynolds,0.784,0.046,1.0,0.0,0.0,3.8000000000000003,CHC,2026,pit,RP
sa3006985,Angel Reyes,0.6809,0.0679,1.0,0.0,0.0,6.800000000000001,,2026,pit,RP
sa3017365,Tyler Eckberg,1.0,0.0,1.0,0.0,0.0,6.800000000000001,,2026,pit,RP
18335,Josh Staumont,10.0,0.0,10.0,0.0,0.6505,47.300000000000004,CIN,2026,pit,RP
18135,Chance Adams,0.7864,0.0454,1.0,0.0,0.0,6.800000000000001,,2026,pit,RP
sa3007240,Chavez Fernander,1.0,0.0,1.0,0.0,0.0,6.800000000000001,,2026,pit,RP
sa3018191,Russell Smith,0.8747,0.0267,1.0,0.0,0.0,6.800000000000001,MIL,2026,pit,RP
sa3016003,Randel Clemente,1.0,0.0,1.0,0.0,0.0,3.8000000000000003,STL,2026,pit,RP
sa3023201,Cam Day,0.6759,0.0689,1.0,0.0,0.0,6.800000000000001,LAD,2026,pit,RP
sa3014908,Jonathan Hughes,1.0,0.0,1.0,0.0,0.0,6.800000000000001,,2026,pit,RP
sa3011235,Mitchell Tyranski,1.0,0.0,1.0,0.0,0.0,3.8000000000000003,,2026,pit,RP
sa3010812,Dylan Spacke,1.0,0.0,1.0,0.0,0.0,6.800000000000001,,2026,pit,RP
18251,Art Warren,1.0,0.0,1.0,0.0,0.0,6.800000000000001,,2026,pit,RP
sa736656,Gerson Moreno,1.0,0.0,1.0,0.0,0.0,3.8000000000000003,STL,2026,pit,RP
sa3017542,Tyler Santana,0.8945,0.0225,1.0,0.0,0.0,6.800000000000001,CHC,2026,pit,RP
sa3006815,Alejandro Melean,1.0,0.0,1.0,0.0,0.0,6.800000000000001,,2026,pit,RP
sa3007261,Austin Briggs,0.8029,0.0419,1.0,0.0,0.0,3.8000000000000003,,2026,pit,RP
sa3016939,Gabe Bierman,1.0,0.0,1.0,0.0,0.0,6.800000000000001,MIA,2026,pit,RP
sa3011250,Aidan Anderson,0.9695,0.0065,1.0,0.0,0.0,6.800000000000001,TEX,2026,pit,RP
sa3017198,Parker Harm,1.0,0.0,1.0,0.0,0.0,3.8000000000000003,,2026,pit,RP
sa3023549,Nico Zeglin,0.5976,0.0856,1.0,0.0,0.0,6.800000000000001,HOU,2026,pit,RP
9817,Sergio Romo,1.0,0.0,1.0,0.0,0.0,6.800000000000001,,2026,pit,RP
sa3029151,Javen Coleman,1.0,0.0,1.0,0.0,0.0,3.8000000000000003,TOR,2026,pit,RP
sa3011395,Drew Parrish,0.577,0.09,1.0,0.0,0.0,6.800000000000001,,2026,pit,RP
sa3017786,Bryce McGowan,1.0,0.0,1.0,0.0,0.0,3.8000000000000003,COL,2026,pit,RP
sa3017005,Kevin Kopps,0.9151,0.0181,1.0,0.0,0.0,6.800000000000001,SDP,2026,pit,RP
sa3007728,Chris Gau,0.5218,0.1018,1.0,0.0,0.0,6.800000000000001,,2026,pit,RP
sa3017535,Zane Mills,0.8376,0.0346,1.0,0.0,0.0,6.800000000000001,CHC,2026,pit,RP
19487,Devin Smeltzer,0.8524,0.0314,1.0,0.0,0.0,6.800000000000001,,2026,pit,RP
20100,Michel Baez,1.0,0.0,1.0,0.0,0.0,6.800000000000001,,2026,pit,RP
sa3002998,Naswell Paulino,1.0,0.0,1.0,0.0,0.0,3.8000000000000003,,2026,pit,RP
sa3009632,Misael Tamarez,1.0,0.0,1.0,0.0,0.0,6.800000000000001,SDP,2026,pit,RP
sa3011651,Conor Grammes,1.0,0.0,1.0,0.0,0.0,3.8000000000000003,,2026,pit,RP
25174,Penn Murfee,1.0,0.0,1.0,0.0,0.0,6.800000000000001,,2026,pit,RP
sa3017530,Christopher Troye,1.0,0.0,1.0,0.0,0.0,3.8000000000000003,,2026,pit,RP
sa3008329,Lenny Torres Jr.,1.0,0.0,1.0,0.0,0.0,3.8000000000000003,PHI,2026,pit,RP
sa3017596,Jack Sinclair,0.8747,0.0267,1.0,0.0,0.0,6.800000000000001,WSN,2026,pit,RP
sa3020480,Davison Palermo,1.0,0.0,1.0,0.0,0.0,6.800000000000001,COL,2026,pit,RP
sa3023553,Danny Kirwin,0.6405,0.0765,1.0,0.0,0.0,6.800000000000001,BOS,2026,pit,RP
15655,Yefry Ramírez,1.0,0.0,1.0,0.0,0.0,6.800000000000001,,2026,pit,RP
sa918121,Henry Henry,1.0,0.0,1.0,0.0,0.0,3.8000000000000003,,2026,pit,RP
10337,Edwin Escobar,1.0,0.0,1.0,0.0,0.0,3.8000000000000003,,2026,pit,RP
sa3009463,Gabriel Jackson,0.7996,0.0426,1.0,0.0,0.0,6.800000000000001,,2026,pit,RP
sa3009527,Miguel Gomez,0.5762,0.0902,1.0,0.0,0.0,6.800000000000001,,2026,pit,RP
sa3017206,Ethan Routzahn,1.0,0.0,1.0,0.0,0.0,6.800000000000001,SDP,2026,pit,RP
sa3020958,Bryan Chi,0.7939,0.0439,1.0,0.0,0.0,6.800000000000001,,2026,pit,RP
sa3020450,Hunter Hayes,1.0,0.0,1.0,0.0,0.0,6.800000000000001,STL,2026,pit,RP
17811,Daniel Zamora,1.0,0.0,1.0,0.0,0.0,6.800000000000001,,2026,pit,RP
sa3022732,Carlos Rey,1.0,0.0,1.0,0.0,0.0,3.8000000000000003,ARI,2026,pit,RP
sa3009851,Wander Guante,1.0,0.0,1.0,0.0,0.0,6.800000000000001,,2026,pit,RP
sa3010625,Grant Ford,0.8079,0.0409,1.0,0.0,0.0,3.8000000000000003,,2026,pit,RP
sa3018112,Davis Sharpe,0.7155,0.0605,1.0,0.0,0.0,6.800000000000001,CLE,2026,pit,RP
16209,Jake Reed,1.0,0.0,1.0,0.0,0.0,6.800000000000001,,2026,pit,RP
sa3014920,Sam Thoresen,1.0,0.0,1.0,0.0,0.0,3.8000000000000003,CHC,2026,pit,RP
sa3022903,Austin Amaral,1.0,0.0,1.0,0.0,0.0,6.800000000000001,WSN,2026,pit,RP
sa3023226,Zane Barnhart,1.0,0.0,1.0,0.0,0.0,3.8000000000000003,BAL,2026,pit,RP
sa3019879,Joey Lancellotti,1.0,0.0,1.0,0.0,0.0,6.800000000000001,,2026,pit,RP
sa3037749,Matt McShane,1.0,0.0,1.0,0.0,0.0,3.8000000000000003,BOS,2026,pit,RP
6986,Ian Kennedy,1.0,0.0,1.0,0.0,0.0,6.800000000000001,TEX,2026,pit,RP
sa3020472,Sean Harney,0.8417,0.0337,1.0,0.0,0.0,6.800000000000001,ARI,2026,pit,RP
sa3019302,Hunter Dollander,0.6842,0.0672,1.0,0.0,0.0,6.800000000000001,,2026,pit,RP
sa3014486,Christian Chamberlain,1.0,0.0,1.0,0.0,0.0,3.8000000000000003,KCR,2026,pit,RP
sa3020316,Daniel Harper,1.0,0.0,1.0,0.0,0.0,6.800000000000001,PHI,2026,pit,RP
sa3012062,Jun Ho Ha,1.0,0.0,1.0,0.0,0.0,3.8000000000000003,,2026,pit,RP
sa3014788,Ty Weber,0.8087,0.0407,1.0,0.0,0.0,6.800000000000001,SFG,2026,pit,RP
sa3023509,Drew Dowd,0.8211,0.0381,1.0,0.0,0.0,3.8000000000000003,TBR,2026,pit,RP
sa3015079,Sammy Tavarez,1.0,0.0,1.0,0.0,0.0,3.8000000000000003,,2026,pit,RP
sa3008454,Michael Gomez,0.7337,0.0567,1.0,0.0,0.0,6.800000000000001,,2026,pit,RP
sa3020999,Johan Moreno,0.8128,0.0398,1.0,0.0,0.0,6.800000000000001,SDP,2026,pit,RP
sa3007613,Brad Case,0.7873,0.0453,1.0,0.0,0.0,6.800000000000001,,2026,pit,RP
sa3016475,Samuel Mejia,0.5514,0.0954,1.0,0.0,0.0,6.800000000000001,,2026,pit,RP
sa3003106,Carlos Romero,1.0,0.0,1.0,0.0,0.0,6.800000000000001,,2026,pit,RP
sa3020184,Nicholas Regalado,0.7691,0.0491,1.0,0.0,0.0,3.8000000000000003,,2026,pit,RP
26191,Kade Strowd,60.0,0.0,60.0,3.391,11.7459,300.79999999999995,ARI,2026,pit,RP
sa3020610,Brandon Johnson,0.8639,0.0289,1.0,0.0,0.0,6.800000000000001,KCR,2026,pit,RP
sa3022797,Justin Storm,1.0,0.0,1.0,0.0,0.0,3.8000000000000003,MIA,2026,pit,RP
sa3017069,Ross Carver,0.8978,0.0218,1.0,0.0,0.0,6.800000000000001,CLE,2026,pit,RP
sa3008678,Jerming Rosario,0.6463,0.0753,1.0,0.0,0.0,3.8000000000000003,LAD,2026,pit,RP
31533,Victor Mederos,24.0,0.0,24.0,0.0,0.6222,84.70000000000002,LAA,2026,pit,RP
10835,Michael Mariot,1.0,0.0,1.0,0.0,0.0,6.800000000000001,,2026,pit,RP
sa3023274,Max Carlson,0.5663,0.0923,1.0,0.0,0.0,6.800000000000001,BOS,2026,pit,RP
sa3023092,Spencer Bengard,0.7831,0.0461,1.0,0.0,0.0,6.800000000000001,MIN,2026,pit,RP
18454,Trevor Kelley,0.6595,0.0725,1.0,0.0,0.0,6.800000000000001,,2026,pit,RP
11632,Heath Hembree,1.0,0.0,1.0,0.0,0.0,6.800000000000001,,2026,pit,RP
sa3023503,Riley Cooper,0.7526,0.0526,1.0,0.0,0.0,6.800000000000001,BAL,2026,pit,RP
sa918814,Nate Webb,1.0,0.0,1.0,0.0,0.0,3.8000000000000003,,2026,pit,RP
sa3010238,Garvin Alston,1.0,0.0,1.0,0.0,0.0,6.800000000000001,,2026,pit,RP
27515,Hirokazu Sawamura,1.0,0.0,1.0,0.0,0.0,3.8000000000000003,,2026,pit,RP
sa3022666,Josh Mollerus,1.0,0.0,1.0,0.0,0.0,6.800000000000001,TEX,2026,pit,RP
sa3006070,José Geraldo,1.0,0.0,1.0,0.0,0.0,3.8000000000000003,,2026,pit,RP
8246,Paolo Espino,0.6191,0.0811,1.0,0.0,0.0,6.800000000000001,,2026,pit,RP
sa3017887,Jack Carey,1.0,0.0,1.0,0.0,0.0,6.800000000000001,CLE,2026,pit,RP
sa3018851,Domingo Geronimo,1.0,0.0,1.0,0.0,0.0,6.800000000000001,,2026,pit,RP
sa3022410,Xavier Meachem,1.0,0.0,1.0,0.0,0.0,3.8000000000000003,MIA,2026,pit,RP
sa3011136,Sandy Gaston,1.0,0.0,1.0,0.0,0.0,3.8000000000000003,WSN,2026,pit,RP
18873,Beau Burrows,0.8508,0.0318,1.0,0.0,0.0,6.800000000000001,PIT,2026,pit,RP
sa3020251,Trey Braithwaite,1.0,0.0,1.0,0.0,0.0,3.8000000000000003,,2026,pit,RP
sa3006501,Jeisson Cabrera,1.0,0.0,1.0,0.0,0.0,3.8000000000000003,BAL,2026,pit,RP
sa3017861,Owen Holt,1.0,0.0,1.0,0.0,0.0,6.800000000000001,CIN,2026,pit,RP
sa3010647,Dante Biasi,0.7419,0.0549,1.0,0.0,0.0,3.8000000000000003,,2026,pit,RP
sa3017147,Adam Smith,0.7205,0.0595,1.0,0.0,0.0,6.800000000000001,,2026,pit,RP
sa3015504,Yaqui Rivera,1.0,0.0,1.0,0.0,0.0,3.8000000000000003,BAL,2026,pit,RP
sa829731,Will Gaddis,1.0,0.0,1.0,0.0,0.0,6.800000000000001,,2026,pit,RP
sa3017134,Dylan Spain,1.0,0.0,1.0,0.0,0.0,6.800000000000001,,2026,pit,RP
sa3018093,Zach Messinger,0.53,0.1,1.0,0.0,0.0,6.800000000000001,NYY,2026,pit,RP
sa3017307,Chandler Jozwiak,0.8285,0.0365,1.0,0.0,0.0,6.800000000000001,,2026,pit,RP
sa3017538,Daniel Lloyd,1.0,0.0,1.0,0.0,0.0,6.800000000000001,BAL,2026,pit,RP
sa3010303,Nick Mikolajchak,1.0,0.0,1.0,0.0,0.0,6.800000000000001,,2026,pit,RP
15101,Luke Farrell,0.6743,0.0693,1.0,0.0,0.0,6.800000000000001,,2026,pit,RP
sa3020888,Baron Stuart,0.5927,0.0867,1.0,0.0,0.0,6.800000000000001,NYY,2026,pit,RP
sa3010821,Fineas Del Bonta-Smith,0.8153,0.0393,1.0,0.0,0.0,6.800000000000001,,2026,pit,RP
sa3020738,Jack Jasiak,1.0,0.0,1.0,0.0,0.0,6.800000000000001,CLE,2026,pit,RP
sa3017207,Justin Meis,1.0,0.0,1.0,0.0,0.0,6.800000000000001,PIT,2026,pit,RP
sa3017539,Wyatt Olds,1.0,0.0,1.0,0.0,0.0,3.8000000000000003,BOS,2026,pit,RP
18475,Shea Spitzbarth,1.0,0.0,1.0,0.0,0.0,6.800000000000001,,2026,pit,RP
sa3017303,Ian Villers,1.0,0.0,1.0,0.0,0.0,6.800000000000001,SFG,2026,pit,RP
sa3010253,Tyler Driver,1.0,0.0,1.0,0.0,0.0,6.800000000000001,,2026,pit,RP
sa3017071,Austin Smith,1.0,0.0,1.0,0.0,0.0,3.8000000000000003,COL,2026,pit,RP
sa3011554,Brooks Crawford,1.0,0.0,1.0,0.0,0.0,6.800000000000001,,2026,pit,RP
23425,Jared Solomon,1.0,0.0,1.0,0.0,0.0,3.8000000000000003,,2026,pit,RP
sa3005379,Gerardo Gutierrez,1.0,0.0,1.0,0.0,0.0,6.800000000000001,ARI,2026,pit,RP
18719,Seunghwan Oh,1.0,0.0,1.0,0.0,0.0,6.800000000000001,,2026,pit,RP
17783,Jake Brentz,1.0,0.0,1.0,0.0,0.0,3.8000000000000003,,2026,pit,RP
sa3021825,Jacob Wosinski,1.0,0.0,1.0,0.0,0.0,6.800000000000001,MIN,2026,pit,RP
sa3002965,Helcris Olivárez,1.0,0.0,1.0,0.0,0.0,3.8000000000000003,KCR,2026,pit,RP
sa3022954,Matthew Bollenbacher,1.0,0.0,1.0,0.0,0.0,6.800000000000001,,2026,pit,RP
sa3014455,Sam Weatherly,1.0,0.0,1.0,0.0,0.0,3.8000000000000003,COL,2026,pit,RP
sa3002926,Marco Jimenez,1.0,0.0,1.0,0.0,0.0,3.8000000000000003,DET,2026,pit,RP
sa3014451,Tanner Burns,1.0,0.0,1.0,0.0,0.0,6.800000000000001,CLE,2026,pit,RP
sa3011199,Gunner Mayer,1.0,0.0,1.0,0.0,0.0,3.8000000000000003,SEA,2026,pit,RP
sa3017389,Moises Rodriguez,1.0,0.0,1.0,0.0,0.0,3.8000000000000003,DET,2026,pit,RP
sa3019949,Roman Phansalkar,1.0,0.0,1.0,0.0,0.0,3.8000000000000003,LAA,2026,pit,RP
sa3010311,John Matthews,1.0,0.0,1.0,0.0,0.0,6.800000000000001,,2026,pit,RP
sa3014918,Billy Sullivan,1.0,0.0,1.0,0.0,0.0,3.8000000000000003,,2026,pit,RP
sa3023265,Alejandro Torres,0.8285,0.0365,1.0,0.0,0.0,6.800000000000001,HOU,2026,pit,RP
sa3011152,Josh Hejka,1.0,0.0,1.0,0.0,0.0,6.800000000000001,TEX,2026,pit,RP
sa3020482,Jack Noble,1.0,0.0,1.0,0.0,0.0,6.800000000000001,,2026,pit,RP
sa3003133,Manuel Cachutt,0.6858,0.0668,1.0,0.0,0.0,6.800000000000001,,2026,pit,RP
sa3011525,Dan Hammer,0.8821,0.0251,1.0,0.0,0.0,3.8000000000000003,,2026,pit,RP
sa3017717,Mason Green,0.5457,0.0967,1.0,0.0,0.0,3.8000000000000003,COL,2026,pit,RP
sa3010555,Ryan Shreve,0.8945,0.0225,1.0,0.0,0.0,6.800000000000001,,2026,pit,RP
sa3012048,Si Hwan Chang,1.0,0.0,1.0,0.0,0.0,3.8000000000000003,,2026,pit,RP
sa3014501,Nick Garcia,1.0,0.0,1.0,0.0,0.0,6.800000000000001,SEA,2026,pit,RP
sa3015033,Mason Hickman,0.7419,0.0549,1.0,0.0,0.0,3.8000000000000003,,2026,pit,RP
sa3020953,Sebastian Keane,0.8697,0.0277,1.0,0.0,0.0,6.800000000000001,NYY,2026,pit,RP
sa3011399,Allan Hernandez,1.0,0.0,1.0,0.0,0.0,3.8000000000000003,,2026,pit,RP
sa3020565,Preston Johnson,0.7708,0.0488,1.0,0.0,0.0,3.8000000000000003,,2026,pit,RP
25830,Jeff Lindgren,1.0,0.0,1.0,0.0,0.0,6.800000000000001,,2026,pit,RP
sa3017931,Jonny Cuevas,0.826,0.037,1.0,0.0,0.0,6.800000000000001,TBR,2026,pit,RP
sa3010567,Dalton Roach,0.7477,0.0537,1.0,0.0,0.0,6.800000000000001,,2026,pit,RP
sa3017382,Sheldon Reed,1.0,0.0,1.0,0.0,0.0,3.8000000000000003,,2026,pit,RP
sa3025489,Cameron Pferrer,1.0,0.0,1.0,0.0,0.0,6.800000000000001,SFG,2026,pit,RP
sa830370,Bo Takahashi,1.0,0.0,1.0,0.0,0.0,6.800000000000001,,2026,pit,RP
sa3020857,Joseph King,1.0,0.0,1.0,0.0,0.0,6.800000000000001,STL,2026,pit,RP
sa488314,Pilljoon Jang,1.0,0.0,1.0,0.0,0.0,6.800000000000001,,2026,pit,RP
sa3015008,Dylan Hall,1.0,0.0,1.0,0.0,0.0,6.800000000000001,ATH,2026,pit,RP
sa3008542,Jordany Ventura,1.0,0.0,1.0,0.0,0.0,3.8000000000000003,,2026,pit,RP
sa3020819,Luke Young,1.0,0.0,1.0,0.0,0.0,6.800000000000001,WSN,2026,pit,RP
sa3023565,Nate Savino,1.0,0.0,1.0,0.0,0.0,3.8000000000000003,ARI,2026,pit,RP
sa3021978,Brandon Neeck,0.6999,0.0639,1.0,0.0,0.0,3.8000000000000003,PIT,2026,pit,RP
sa738901,Zack Brown,0.5292,0.1002,1.0,0.0,0.0,6.800000000000001,,2026,pit,RP
sa3019113,Dylan Heid,1.0,0.0,1.0,0.0,0.0,3.8000000000000003,BAL,2026,pit,RP
sa3006383,José Cruz,1.0,0.0,1.0,0.0,0.0,3.8000000000000003,,2026,pit,RP
sa3017498,Michael Hobbs,1.0,0.0,1.0,0.0,0.0,3.8000000000000003,SEA,2026,pit,RP
29754,Sam Bachman,32.0,0.0,32.0,0.0,0.6222,119.40000000000002,LAA,2026,pit,RP
sa3015135,Geison Urbaez,0.6339,0.0779,1.0,0.0,0.0,6.800000000000001,TOR,2026,pit,RP
sa3017873,Zac Leigh,1.0,0.0,1.0,0.0,0.0,3.8000000000000003,CHC,2026,pit,RP
sa3016941,Andrew Marrero,1.0,0.0,1.0,0.0,0.0,3.8000000000000003,,2026,pit,RP
sa3014979,Jake Gozzo,1.0,0.0,1.0,0.0,0.0,3.8000000000000003,,2026,pit,RP
13549,Richard Rodríguez,1.0,0.0,1.0,0.0,0.0,6.800000000000001,,2026,pit,RP
sa3003066,Tahnaj Thomas,0.8969,0.0219,1.0,0.0,0.0,6.800000000000001,,2026,pit,RP
sa3014854,Holden Powell,1.0,0.0,1.0,0.0,0.0,3.8000000000000003,WSN,2026,pit,RP
sa3017203,Zach Barnes,1.0,0.0,1.0,0.0,0.0,3.8000000000000003,,2026,pit,RP
14875,Caleb Smith,0.9885,0.0025,1.0,0.0,0.0,6.800000000000001,,2026,pit,RP
sa3010615,Randy Labaut,0.7254,0.0584,1.0,0.0,0.0,6.800000000000001,,2026,pit,RP
sa3007216,Bobby Milacki,0.5316,0.0996,1.0,0.0,0.0,6.800000000000001,,2026,pit,RP
sa1171936,Pedro Santos,0.9522,0.0102,1.0,0.0,0.0,3.8000000000000003,,2026,pit,RP
16110,Daniel Ponce de Leon,0.8433,0.0333,1.0,0.0,0.0,6.800000000000001,,2026,pit,RP
sa3023654,Adam Bloebaum,1.0,0.0,1.0,0.0,0.0,3.8000000000000003,WSN,2026,pit,RP
sa3023456,Emmanuel Chapman,0.6034,0.0844,1.0,0.0,0.0,6.800000000000001,PIT,2026,pit,RP
17682,Ralph Garza Jr.,1.0,0.0,1.0,0.0,0.0,6.800000000000001,,2026,pit,RP
sa3010808,Juan De Los Santos,1.0,0.0,1.0,0.0,0.0,3.8000000000000003,BAL,2026,pit,RP
sa3015369,Arij Fransen,1.0,0.0,1.0,0.0,0.0,3.8000000000000003,,2026,pit,RP
sa3015492,Kelvin Ramirez,1.0,0.0,1.0,0.0,0.0,3.8000000000000003,LAD,2026,pit,RP
sa3018263,Dillon Larsen,0.8359,0.0349,1.0,0.0,0.0,3.8000000000000003,,2026,pit,RP
sa3019954,Max Gieg,0.7485,0.0535,1.0,0.0,0.0,3.8000000000000003,LAA,2026,pit,RP
sa3017816,Chris Jefferson,0.8574,0.0304,1.0,0.0,0.0,6.800000000000001,,2026,pit,RP
sa3022936,Thomas Schultz,0.7098,0.0618,1.0,0.0,0.0,6.800000000000001,WSN,2026,pit,RP
sa3025353,Jacob Gomez,0.8978,0.0218,1.0,0.0,0.0,3.8000000000000003,,2026,pit,RP
sa3016230,Jaydenn Estanista,1.0,0.0,1.0,0.0,0.0,3.8000000000000003,PHI,2026,pit,RP
sa3020588,Adam Tulloch,0.8953,0.0223,1.0,0.0,0.0,3.8000000000000003,CLE,2026,pit,RP
sa3017544,Rhett Kouba,0.6949,0.0649,1.0,0.0,0.0,6.800000000000001,HOU,2026,pit,RP
sa3006415,Michael Martinez,1.0,0.0,1.0,0.0,0.0,3.8000000000000003,,2026,pit,RP
sa3014543,Liam Norris,1.0,0.0,1.0,0.0,0.0,3.8000000000000003,,2026,pit,RP
sa3009984,Jordan Jones,0.8285,0.0365,1.0,0.0,0.0,3.8000000000000003,,2026,pit,RP
sa3011190,Ryan Garcia,0.5152,0.1032,1.0,0.0,0.0,6.800000000000001,,2026,pit,RP
sa3020183,Cooper McKeehan,1.0,0.0,1.0,0.0,0.0,3.8000000000000003,,2026,pit,RP
sa3020805,Cade Winquest,30.0,0.0,30.0,0.0,0.6905,109.80000000000001,NYY,2026,pit,RP
sa3016910,Caleb Wurster,0.7535,0.0525,1.0,0.0,0.0,3.8000000000000003,,2026,pit,RP
sa1115967,John Doxakis,1.0,0.0,1.0,0.0,0.0,3.8000000000000003,,2026,pit,RP
sa3006491,Kelvin Bautista,1.0,0.0,1.0,0.0,0.0,3.8000000000000003,,2026,pit,RP
20408,Eli Villalobos,1.0,0.0,1.0,0.0,0.0,3.8000000000000003,SDP,2026,pit,RP
sa3023658,Mason Miller,0.549,0.096,1.0,0.0,0.0,3.8000000000000003,KCR,2026,pit,RP
sa3002702,Eduardo Herrera,1.0,0.0,1.0,0.0,0.0,3.8000000000000003,,2026,pit,RP
sa3010365,Cameron Junker,1.0,0.0,1.0,0.0,0.0,3.8000000000000003,,2026,pit,RP
23811,Luarbert Arias,1.0,0.0,1.0,0.0,0.0,6.800000000000001,,2026,pit,RP
sa3011929,Kih-Yun Yang,1.0,0.0,1.0,0.0,0.0,3.8000000000000003,,2026,pit,RP
sa3016715,Natanael Polanco,0.8978,0.0218,1.0,0.0,0.0,3.8000000000000003,MIA,2026,pit,RP
sa917763,Edwuin Bencomo,0.5589,0.0939,1.0,0.0,0.0,6.800000000000001,,2026,pit,RP
sa3015477,Brayan Mendoza,0.5663,0.0923,1.0,0.0,0.0,3.8000000000000003,MIA,2026,pit,RP
sa3035468,Jacob Kisting,0.704,0.063,1.0,0.0,0.0,3.8000000000000003,TBR,2026,pit,RP
sa3025330,Najer Victor,1.0,0.0,1.0,0.0,0.0,3.8000000000000003,LAA,2026,pit,RP
sa3025575,Jonathan Todd,1.0,0.0,1.0,0.0,0.0,3.8000000000000003,TOR,2026,pit,RP
sa3023232,Cole Hillier,1.0,0.0,1.0,0.0,0.0,6.800000000000001,SFG,2026,pit,RP
sa3014542,Nick Swiney,0.7419,0.0549,1.0,0.0,0.0,6.800000000000001,,2026,pit,RP
sa3025235,Fidel Ulloa,1.0,0.0,1.0,0.0,0.0,3.8000000000000003,COL,2026,pit,RP
sa3015006,Nick Krauth,1.0,0.0,1.0,0.0,0.0,6.800000000000001,TEX,2026,pit,RP
sa3017724,Frankie Scalzo Jr.,0.6504,0.0744,1.0,0.0,0.0,6.800000000000001,CHC,2026,pit,RP
sa3009986,Nathanael Heredia,1.0,0.0,1.0,0.0,0.0,3.8000000000000003,,2026,pit,RP
sa3018289,Pablo Aldonis,0.8846,0.0246,1.0,0.0,0.0,3.8000000000000003,WSN,2026,pit,RP
sa3023477,Carter Spivey,0.5028,0.1058,1.0,0.0,0.0,6.800000000000001,CLE,2026,pit,RP
sa3008641,Irvin Machuca,1.0,0.0,1.0,0.0,0.0,3.8000000000000003,CIN,2026,pit,RP
sa3005470,Junior Santos,1.0,0.0,1.0,0.0,0.0,6.800000000000001,,2026,pit,RP
sa3023438,Bryce Collins,1.0,0.0,1.0,0.0,0.0,3.8000000000000003,CHW,2026,pit,RP
sa3006702,Jose Ramirez,0.6496,0.0746,1.0,0.0,0.0,6.800000000000001,,2026,pit,RP
sa3022158,Matt Gabbert,0.5894,0.0874,1.0,0.0,0.0,6.800000000000001,,2026,pit,RP
sa3005116,Marlin Willis,1.0,0.0,1.0,0.0,0.0,3.8000000000000003,,2026,pit,RP
23798,Randy Dobnak,10.0,0.0,10.0,0.0,0.6487,46.7,SEA,2026,pit,RP
sa3017781,Ryan Sublette,0.9044,0.0204,1.0,0.0,0.0,3.8000000000000003,LAD,2026,pit,RP
sa3023417,Jonah Hurney,1.0,0.0,1.0,0.0,0.0,6.800000000000001,CIN,2026,pit,RP
sa3067027,Noah Beal,1.0,0.0,1.0,0.0,0.0,3.8000000000000003,TBR,2026,pit,RP
sa3020863,Andy Rodriguez,0.8211,0.0381,1.0,0.0,0.0,6.800000000000001,,2026,pit,RP
sa3018229,Tyler Thornton,1.0,0.0,1.0,0.0,0.0,3.8000000000000003,CLE,2026,pit,RP
sa3017932,Luke Taggart,1.0,0.0,1.0,0.0,0.0,3.8000000000000003,DET,2026,pit,RP
sa3011334,Todd Peterson,1.0,0.0,1.0,0.0,0.0,6.800000000000001,,2026,pit,RP
sa3014848,Robbie Peto,0.5366,0.0986,1.0,0.0,0.0,6.800000000000001,,2026,pit,RP
sa3017139,Samuel Strickland,0.7254,0.0584,1.0,0.0,0.0,6.800000000000001,ATL,2026,pit,RP
sa3020880,Ryan Langford,0.5943,0.0863,1.0,0.0,0.0,6.800000000000001,,2026,pit,RP
sa3042195,Jake Shirk,1.0,0.0,1.0,0.0,0.0,3.8000000000000003,PIT,2026,pit,RP
sa3022289,Nicolas Herold,1.0,0.0,1.0,0.0,0.0,3.8000000000000003,,2026,pit,RP
sa3020317,Chance Huff,0.6908,0.0658,1.0,0.0,0.0,3.8000000000000003,WSN,2026,pit,RP
sa3011493,J.C. Flowers,0.8013,0.0423,1.0,0.0,0.0,3.8000000000000003,,2026,pit,RP
sa3011626,Jared Johnson,1.0,0.0,1.0,0.0,0.0,3.8000000000000003,ATH,2026,pit,RP
sa3004204,Anderson Bido,0.9109,0.0189,1.0,0.0,0.0,6.800000000000001,,2026,pit,RP
sa3006590,Carlos Garcia,0.6562,0.0732,1.0,0.0,0.0,6.800000000000001,,2026,pit,RP
sa3067524,Dariel Fregio,1.0,0.0,1.0,0.0,0.0,3.8000000000000003,DET,2026,pit,RP
sa3004462,Jorge Benitez,1.0,0.0,1.0,0.0,0.0,3.8000000000000003,,2026,pit,RP
sa3017720,Thomas Farr,1.0,0.0,1.0,0.0,0.0,6.800000000000001,CIN,2026,pit,RP
sa3023228,Cade Feeney,1.0,0.0,1.0,0.0,0.0,3.8000000000000003,BOS,2026,pit,RP
sa3006417,Inohan Paniagua,1.0,0.0,1.0,0.0,0.0,3.8000000000000003,DET,2026,pit,RP
sa3015311,Kai Wynyard,1.0,0.0,1.0,0.0,0.0,3.8000000000000003,TEX,2026,pit,RP
sa3023033,Nick Maldonado,1.0,0.0,1.0,0.0,0.0,3.8000000000000003,MIA,2026,pit,RP
sa3005849,Samuel Vasquez,1.0,0.0,1.0,0.0,0.0,3.8000000000000003,MIA,2026,pit,RP
sa503670,Jae Yun Kim,1.0,0.0,1.0,0.0,0.0,6.800000000000001,,2026,pit,RP
sa3005826,Jorge Juan,1.0,0.0,1.0,0.0,0.0,3.8000000000000003,BOS,2026,pit,RP
sa3022731,Luke Bell,0.9035,0.0205,1.0,0.0,0.0,6.800000000000001,CHW,2026,pit,RP
15036,Chase De Jong,1.0,0.0,1.0,0.0,0.0,6.800000000000001,,2026,pit,RP
25595,Xzavion Curry,1.0,0.0,1.0,0.0,0.0,6.800000000000001,,2026,pit,RP
sa3020904,Luis Rujano,0.7271,0.0581,1.0,0.0,0.0,3.8000000000000003,CHC,2026,pit,RP
sa3020113,Tyler Guilfoil,1.0,0.0,1.0,0.0,0.0,3.8000000000000003,HOU,2026,pit,RP
26255,Caleb Freeman,1.0,0.0,1.0,0.0,0.0,3.8000000000000003,,2026,pit,RP
sa857600,Matt Eckelman,0.6248,0.0798,1.0,0.0,0.0,6.800000000000001,,2026,pit,RP
sa3023125,Dalton Fowler,1.0,0.0,1.0,0.0,0.0,3.8000000000000003,TBR,2026,pit,RP
sa3016204,Jawilme Ramirez,1.0,0.0,1.0,0.0,0.0,6.800000000000001,STL,2026,pit,RP
sa3022664,Bryson Hammer,1.0,0.0,1.0,0.0,0.0,3.8000000000000003,COL,2026,pit,RP
sa3017751,Ronan Kopp,16.0,0.0,16.0,0.0,0.7767,62.40000000000001,LAD,2026,pit,RP
sa3017593,Jake Rice,1.0,0.0,1.0,0.0,0.0,3.8000000000000003,ARI,2026,pit,RP
sa3023257,Aaron Munson,1.0,0.0,1.0,0.0,0.0,3.8000000000000003,TOR,2026,pit,RP
sa3020600,Zach Jacobs,0.751,0.053,1.0,0.0,0.0,6.800000000000001,CLE,2026,pit,RP
21212,J.P. France,12.0,0.0,12.0,0.0,0.6557,47.000000000000014,HOU,2026,pit,RP
sa3015156,Leonard Garcia,1.0,0.0,1.0,0.0,0.0,3.8000000000000003,LAA,2026,pit,RP
sa3019848,Ben Beutel,1.0,0.0,1.0,0.0,0.0,3.8000000000000003,,2026,pit,RP
3237,T.J. McFarland,24.0,0.0,24.0,0.0,0.0,75.10000000000002,,2026,pit,RP
sa3023810,Jackson Smeltz,0.9274,0.0154,1.0,0.0,0.0,3.8000000000000003,SDP,2026,pit,RP
sa3023422,Isaac Stebens,1.0,0.0,1.0,0.0,0.0,3.8000000000000003,BOS,2026,pit,RP
sa3042645,Tanner Smith,0.8235,0.0375,1.0,0.0,0.0,3.8000000000000003,BAL,2026,pit,RP
sa3017460,Daniel Federman,1.0,0.0,1.0,0.0,0.0,3.8000000000000003,BAL,2026,pit,RP
27488,Karl Kauffmann,0.7015,0.0635,1.0,0.0,0.0,6.800000000000001,,2026,pit,RP
sa3017280,Jackson Hicks,1.0,0.0,1.0,0.0,0.0,3.8000000000000003,,2026,pit,RP
sa3018234,Ben Wereski,0.9217,0.0167,1.0,0.0,0.0,3.8000000000000003,,2026,pit,RP
sa3025636,Hoss Brewer,0.9151,0.0181,1.0,0.0,0.0,3.8000000000000003,NYM,2026,pit,RP
sa3014462,Beck Way,1.0,0.0,1.0,0.0,0.0,3.8000000000000003,KCR,2026,pit,RP
sa1116003,Ricky DeVito,1.0,0.0,1.0,0.0,0.0,3.8000000000000003,,2026,pit,RP
sa3020471,Eli Saul,0.9316,0.0146,1.0,0.0,0.0,3.8000000000000003,ARI,2026,pit,RP
sa3023209,Chase Isbell,1.0,0.0,1.0,0.0,0.0,3.8000000000000003,KCR,2026,pit,RP
sa3018260,Cam Brown,1.0,0.0,1.0,0.0,0.0,3.8000000000000003,,2026,pit,RP
sa3011841,Andrew Dalquist,1.0,0.0,1.0,0.0,0.0,3.8000000000000003,SDP,2026,pit,RP
sa3034551,Fisher Jameson,0.5696,0.0916,1.0,0.0,0.0,6.800000000000001,COL,2026,pit,RP
sa3010867,Erik Rivera,0.8351,0.0351,1.0,0.0,0.0,3.8000000000000003,BOS,2026,pit,RP
sa3067082,Tony Rossi,1.0,0.0,1.0,0.0,0.0,3.8000000000000003,NYY,2026,pit,RP
sa3020625,Matt Keating,0.8912,0.0232,1.0,0.0,0.0,3.8000000000000003,NYY,2026,pit,RP
sa3010124,Florencio Serrano,0.6553,0.0733,1.0,0.0,0.0,6.800000000000001,,2026,pit,RP
sa3017536,Carlos Tavera,0.8087,0.0407,1.0,0.0,0.0,6.800000000000001,BAL,2026,pit,RP
sa3023281,Austin Troesser,1.0,0.0,1.0,0.0,0.0,3.8000000000000003,NYM,2026,pit,RP
sa3022873,Benny Thompson,1.0,0.0,1.0,0.0,0.0,3.8000000000000003,LAA,2026,pit,RP
sa3023047,Cade Denton,1.0,0.0,1.0,0.0,0.0,3.8000000000000003,COL,2026,pit,RP
sa3020878,Wen-Hui Pan,0.5828,0.0888,1.0,0.0,0.0,3.8000000000000003,PHI,2026,pit,RP
sa3021056,Jesus Gamez,1.0,0.0,1.0,0.0,0.0,3.8000000000000003,TEX,2026,pit,RP
29542,Andre Granillo,38.0,0.0,38.0,0.0,0.6461,133.79999999999998,WSN,2026,pit,RP
sa3025303,Joe Glassey,1.0,0.0,1.0,0.0,0.0,3.8000000000000003,BAL,2026,pit,RP
sa3025652,Chandler Marsh,1.0,0.0,1.0,0.0,0.0,3.8000000000000003,BAL,2026,pit,RP
sa3019461,Nicolas Cruz,0.8071,0.0411,1.0,0.0,0.0,3.8000000000000003,LAD,2026,pit,RP
sa3066661,Xavier Martinez,1.0,0.0,1.0,0.0,0.0,3.8000000000000003,CLE,2026,pit,RP
sa3025238,Trent Turzenski,1.0,0.0,1.0,0.0,0.0,3.8000000000000003,BAL,2026,pit,RP
sa3067035,Trent Buchanan,1.0,0.0,1.0,0.0,0.0,3.8000000000000003,ATL,2026,pit,RP
sa3022859,Tyler Bradt,0.7831,0.0461,1.0,0.0,0.0,3.8000000000000003,STL,2026,pit,RP
sa3023501,Elijah Dale,1.0,0.0,1.0,0.0,0.0,3.8000000000000003,SEA,2026,pit,RP
sa3067130,Myles Caba,1.0,0.0,1.0,0.0,0.0,3.8000000000000003,LAD,2026,pit,RP
sa3020822,Dannel Diaz,0.7831,0.0461,1.0,0.0,0.0,3.8000000000000003,,2026,pit,RP
sa3067068,Aric McAtee,1.0,0.0,1.0,0.0,0.0,3.8000000000000003,CHW,2026,pit,RP
20061,Kaleb Ort,13.0,0.0,13.0,0.0,0.6222,52.39999999999999,LAA,2026,pit,RP
sa3067264,Darien Smith,0.6133,0.0823,1.0,0.0,0.0,6.800000000000001,SFG,2026,pit,RP
sa3005452,Juan Zapata,0.5382,0.0982,1.0,0.0,0.0,6.800000000000001,,2026,pit,RP
sa3025462,Titan Kennedy-Hayes,1.0,0.0,1.0,0.0,0.0,3.8000000000000003,PHI,2026,pit,RP
sa3020443,Joseph Menefee,1.0,0.0,1.0,0.0,0.0,3.8000000000000003,CIN,2026,pit,RP
sa3017985,Chase Plymell,0.8005,0.0425,1.0,0.0,0.0,6.800000000000001,CHW,2026,pit,RP
15514,Kendall Graveman,36.0,0.0,36.0,0.0,0.0,133.20000000000005,,2026,pit,RP
sa3066699,Ivran Romero,1.0,0.0,1.0,0.0,0.0,3.8000000000000003,MIN,2026,pit,RP
sa3025642,Tommy Molsky,1.0,0.0,1.0,0.0,0.0,3.8000000000000003,KCR,2026,pit,RP
sa3015100,Ruben Galindo,0.8796,0.0256,1.0,0.0,0.0,3.8000000000000003,SDP,2026,pit,RP
sa3017779,Ben Harris,0.7708,0.0488,1.0,0.0,0.0,3.8000000000000003,,2026,pit,RP
sa3011811,Jace Beck,1.0,0.0,1.0,0.0,0.0,3.8000000000000003,CHC,2026,pit,RP
sa3014517,Justin Lange,0.7873,0.0453,1.0,0.0,0.0,3.8000000000000003,,2026,pit,RP
sa3015158,Emiliano Teodo,14.0,0.0,14.0,0.0,0.6589,50.20000000000003,TEX,2026,pit,RP
sa3002796,Jose E. Martinez,0.8837,0.0247,1.0,0.0,0.0,3.8000000000000003,,2026,pit,RP
sa3011349,Manuel Veloz,0.5514,0.0954,1.0,0.0,0.0,6.800000000000001,,2026,pit,RP
sa3020802,Shaddon Peavyhouse,0.6908,0.0658,1.0,0.0,0.0,3.8000000000000003,,2026,pit,RP
sa3017391,Ocean Gabonia,1.0,0.0,1.0,0.0,0.0,3.8000000000000003,NYY,2026,pit,RP
sa3011141,Nick Paciorek,1.0,0.0,1.0,0.0,0.0,3.8000000000000003,,2026,pit,RP
sa3025563,Evan Shaw,1.0,0.0,1.0,0.0,0.0,3.8000000000000003,LAD,2026,pit,RP
sa505062,Endrys Briceno,1.0,0.0,1.0,0.0,0.0,3.8000000000000003,,2026,pit,RP
sa3023364,Bryce Warrecker,0.906,0.02,1.0,0.0,0.0,3.8000000000000003,NYY,2026,pit,RP
sa3028952,Cade Citelli,1.0,0.0,1.0,0.0,0.0,3.8000000000000003,TBR,2026,pit,RP
sa3011716,Darvin Garcia,1.0,0.0,1.0,0.0,0.0,3.8000000000000003,,2026,pit,RP
sa3010246,Tyrone Yulie,1.0,0.0,1.0,0.0,0.0,3.8000000000000003,PIT,2026,pit,RP
sa3016072,Junior William,1.0,0.0,1.0,0.0,0.0,3.8000000000000003,TBR,2026,pit,RP
sa3020711,Allan Saathoff,1.0,0.0,1.0,0.0,0.0,3.8000000000000003,,2026,pit,RP
sa3011743,Nick Lockhart,1.0,0.0,1.0,0.0,0.0,3.8000000000000003,,2026,pit,RP
sa3035459,Brady Kirtner,1.0,0.0,1.0,0.0,0.0,3.8000000000000003,NYY,2026,pit,RP
sa3045483,Nick Wissman,1.0,0.0,1.0,0.0,0.0,3.8000000000000003,,2026,pit,RP
sa3017302,Glenn Albanese Jr.,0.9085,0.0195,1.0,0.0,0.0,3.8000000000000003,,2026,pit,RP
sa3067258,Jackson Kirkpatrick,1.0,0.0,1.0,0.0,0.0,3.8000000000000003,CHC,2026,pit,RP
sa3023280,Zach Fogell,1.0,0.0,1.0,0.0,0.0,3.8000000000000003,BOS,2026,pit,RP
sa3022938,Bo Bonds,0.8714,0.0274,1.0,0.0,0.0,3.8000000000000003,TOR,2026,pit,RP
sa3015975,Yoldin De La Paz,1.0,0.0,1.0,0.0,0.0,3.8000000000000003,,2026,pit,RP
sa3015309,Joey Stock,1.0,0.0,1.0,0.0,0.0,3.8000000000000003,,2026,pit,RP
sa3019251,Gerlin Rosario,1.0,0.0,1.0,0.0,0.0,3.8000000000000003,TBR,2026,pit,RP
sa3020331,Livan Reinoso,1.0,0.0,1.0,0.0,0.0,3.8000000000000003,MIA,2026,pit,RP
sa3029607,Jack Crowder,0.5415,0.0975,1.0,0.0,0.0,6.800000000000001,BAL,2026,pit,RP
sa3008259,Derek Casey,0.793,0.044,1.0,0.0,0.0,3.8000000000000003,,2026,pit,RP
sa3017825,Joe Kemlage,1.0,0.0,1.0,0.0,0.0,3.8000000000000003,,2026,pit,RP
sa3027877,Ryan Brown,1.0,0.0,1.0,0.0,0.0,3.8000000000000003,LAD,2026,pit,RP
sa3015938,Stiven Cruz,0.8887,0.0237,1.0,0.0,0.0,6.800000000000001,MIL,2026,pit,RP
sa3019395,Daniel Corniel,1.0,0.0,1.0,0.0,0.0,3.8000000000000003,MIL,2026,pit,RP
sa3068327,Nick Trabacchi,1.0,0.0,1.0,0.0,0.0,3.8000000000000003,MIN,2026,pit,RP
sa3017638,A.J. Labas,1.0,0.0,1.0,0.0,0.0,3.8000000000000003,,2026,pit,RP
sa3018298,Walbert Urena,12.0,0.0,12.0,0.0,0.6222,46.30000000000001,LAA,2026,pit,RP
sa3067451,Jacob Denner,1.0,0.0,1.0,0.0,0.0,3.8000000000000003,SEA,2026,pit,RP
sa3005828,Felix Ramires,1.0,0.0,1.0,0.0,0.0,3.8000000000000003,,2026,pit,RP
sa3067293,Bryce Shaffer,1.0,0.0,1.0,0.0,0.0,3.8000000000000003,TBR,2026,pit,RP
sa3023380,Austin Strickland,0.8969,0.0219,1.0,0.0,0.0,3.8000000000000003,SFG,2026,pit,RP
sa3023128,Adam Boucher,1.0,0.0,1.0,0.0,0.0,3.8000000000000003,TBR,2026,pit,RP
sa3023266,Anthony Arguelles,1.0,0.0,1.0,0.0,0.0,3.8000000000000003,WSN,2026,pit,RP
sa3011099,Natanael Garabitos,1.0,0.0,1.0,0.0,0.0,3.8000000000000003,,2026,pit,RP
sa3023476,Paulshawn Pasqualotto,1.0,0.0,1.0,0.0,0.0,3.8000000000000003,MIN,2026,pit,RP
sa3023369,Aaron Rund,1.0,0.0,1.0,0.0,0.0,3.8000000000000003,,2026,pit,RP
sa3020831,Luis Ramirez,0.5877,0.0877,1.0,0.0,0.0,3.8000000000000003,TEX,2026,pit,RP
sa3002928,Luis Moreno,1.0,0.0,1.0,0.0,0.0,3.8000000000000003,NYM,2026,pit,RP
sa3006485,Jenrry Gonzalez,1.0,0.0,1.0,0.0,0.0,3.8000000000000003,,2026,pit,RP
sa3002934,Leonardo Taveras,0.6545,0.0735,1.0,0.0,0.0,3.8000000000000003,,2026,pit,RP
sa3022152,Jonathan Russell,1.0,0.0,1.0,0.0,0.0,3.8000000000000003,TBR,2026,pit,RP
sa3024915,Connor Housley,1.0,0.0,1.0,0.0,0.0,3.8000000000000003,,2026,pit,RP
sa3008176,Samuel Perez,1.0,0.0,1.0,0.0,0.0,3.8000000000000003,,2026,pit,RP
sa3023445,Ethan Chenault,1.0,0.0,1.0,0.0,0.0,3.8000000000000003,PHI,2026,pit,RP
sa3020803,J.P. Massey,1.0,0.0,1.0,0.0,0.0,3.8000000000000003,PIT,2026,pit,RP
sa3002985,Cleiverth Perez,0.9324,0.0144,1.0,0.0,0.0,3.8000000000000003,,2026,pit,RP
21549,Jackson Kowar,8.0,0.0,8.0,0.0,0.6582,32.10000000000001,BAL,2026,pit,RP
sa3020829,Aidan Maldonado,1.0,0.0,1.0,0.0,0.0,3.8000000000000003,,2026,pit,RP
sa3067083,Jonathan Clark,1.0,0.0,1.0,0.0,0.0,3.8000000000000003,CHW,2026,pit,RP
sa3068587,P.J. Labriola,1.0,0.0,1.0,0.0,0.0,3.8000000000000003,BOS,2026,pit,RP
sa3017388,Brett Standlee,0.8244,0.0374,1.0,0.0,0.0,3.8000000000000003,,2026,pit,RP
sa3045743,Jack Young,0.8978,0.0218,1.0,0.0,0.0,3.8000000000000003,CHW,2026,pit,RP
sa3015125,Erubiel Armenta,1.0,0.0,1.0,0.0,0.0,3.8000000000000003,,2026,pit,RP
sa3026337,Kyle Ayers,0.8771,0.0261,1.0,0.0,0.0,3.8000000000000003,ARI,2026,pit,RP
sa3022862,Tyler Morgan,1.0,0.0,1.0,0.0,0.0,3.8000000000000003,SDP,2026,pit,RP
sa3017814,Brannon Jordan,1.0,0.0,1.0,0.0,0.0,3.8000000000000003,,2026,pit,RP
sa3015102,Luis Montas,1.0,0.0,1.0,0.0,0.0,3.8000000000000003,,2026,pit,RP
sa3009477,Wilker Reyes,1.0,0.0,1.0,0.0,0.0,3.8000000000000003,,2026,pit,RP
sa3016510,Patricio Aquino,0.7988,0.0428,1.0,0.0,0.0,6.800000000000001,MIL,2026,pit,RP
sa3014812,Carson Rudd,1.0,0.0,1.0,0.0,0.0,3.8000000000000003,,2026,pit,RP
sa3003030,Ronny Garcia,1.0,0.0,1.0,0.0,0.0,3.8000000000000003,,2026,pit,RP
sa3025521,Robert Cranz,1.0,0.0,1.0,0.0,0.0,3.8000000000000003,WSN,2026,pit,RP
sa3067309,Ryan Cabarcas,1.0,0.0,1.0,0.0,0.0,3.8000000000000003,,2026,pit,RP
sa3017846,Jeff Hakanson,1.0,0.0,1.0,0.0,0.0,3.8000000000000003,,2026,pit,RP
sa3023081,Carlos Lequerica,1.0,0.0,1.0,0.0,0.0,3.8000000000000003,DET,2026,pit,RP
sa3005685,Yohanse Morel,1.0,0.0,1.0,0.0,0.0,3.8000000000000003,,2026,pit,RP
sa3005361,Dante Mendoza,1.0,0.0,1.0,0.0,0.0,3.8000000000000003,,2026,pit,RP
sa3020861,Thomas Balboni Jr.,1.0,0.0,1.0,0.0,0.0,3.8000000000000003,NYY,2026,pit,RP
sa3023008,Jake Peppers,1.0,0.0,1.0,0.0,0.0,3.8000000000000003,CHW,2026,pit,RP
sa3022242,Joangel Gonzalez,1.0,0.0,1.0,0.0,0.0,3.8000000000000003,ARI,2026,pit,RP
sa1169857,Jake Stevenson,1.0,0.0,1.0,0.0,0.0,3.8000000000000003,,2026,pit,RP
sa3019125,Alejandro Manzano,1.0,0.0,1.0,0.0,0.0,3.8000000000000003,ATH,2026,pit,RP
sa3029944,Tyler Davis,0.8747,0.0267,1.0,0.0,0.0,3.8000000000000003,,2026,pit,RP
sa3020465,Austin Becker,1.0,0.0,1.0,0.0,0.0,3.8000000000000003,,2026,pit,RP
sa3025562,Stone Hewlett,1.0,0.0,1.0,0.0,0.0,3.8000000000000003,LAD,2026,pit,RP
sa3019567,Cristofer Gomez,0.8903,0.0233,1.0,0.0,0.0,3.8000000000000003,NYM,2026,pit,RP
sa3020262,Kole Ramage,0.8244,0.0374,1.0,0.0,0.0,3.8000000000000003,,2026,pit,RP
sa3020866,Jake Madden,1.0,0.0,1.0,0.0,0.0,3.8000000000000003,COL,2026,pit,RP
sa3044815,Kevin Warunek,1.0,0.0,1.0,0.0,0.0,3.8000000000000003,PHI,2026,pit,RP
sa3019375,Alexis Torres,1.0,0.0,1.0,0.0,0.0,3.8000000000000003,PIT,2026,pit,RP
sa944989,Daison Acosta,8.0,0.0,8.0,0.0,0.6532,36.7,SDP,2026,pit,RP
sa3023176,Cale Lansville,0.5811,0.0891,1.0,0.0,0.0,6.800000000000001,SFG,2026,pit,RP
sa3021530,Jose Bello,0.5539,0.0949,1.0,0.0,0.0,3.8000000000000003,BOS,2026,pit,RP
sa3002981,Didier Vargas,1.0,0.0,1.0,0.0,0.0,3.8000000000000003,,2026,pit,RP
sa3017640,Hunter Parks,0.5399,0.0979,1.0,0.0,0.0,3.8000000000000003,CIN,2026,pit,RP
sa3023097,Brett Banks,0.812,0.04,1.0,0.0,0.0,3.8000000000000003,NYM,2026,pit,RP
sa3020323,Bryce Hubbart,0.8252,0.0372,1.0,0.0,0.0,3.8000000000000003,CIN,2026,pit,RP
sa3022493,Will Christophersen,1.0,0.0,1.0,0.0,0.0,3.8000000000000003,,2026,pit,RP
sa3023619,Jonalbert Rumbol,1.0,0.0,1.0,0.0,0.0,3.8000000000000003,TBR,2026,pit,RP
sa3014868,Casey Cobb,0.8747,0.0267,1.0,0.0,0.0,3.8000000000000003,,2026,pit,RP
sa3007860,Jack Patterson,1.0,0.0,1.0,0.0,0.0,3.8000000000000003,,2026,pit,RP
sa3011571,Brock Bell,1.0,0.0,1.0,0.0,0.0,6.800000000000001,,2026,pit,RP
sa3015333,Alonzo Richardson,1.0,0.0,1.0,0.0,0.0,6.800000000000001,CLE,2026,pit,RP
sa3025645,Hunter Hodges,1.0,0.0,1.0,0.0,0.0,3.8000000000000003,NYM,2026,pit,RP
sa3017490,Jack Owen,1.0,0.0,1.0,0.0,0.0,3.8000000000000003,,2026,pit,RP
sa3025509,Clete Hartzog,1.0,0.0,1.0,0.0,0.0,3.8000000000000003,CHW,2026,pit,RP
sa3020838,Jimmy Loper,1.0,0.0,1.0,0.0,0.0,3.8000000000000003,,2026,pit,RP
sa3016781,Pedro Da Costa Lemos,1.0,0.0,1.0,0.0,0.0,3.8000000000000003,SEA,2026,pit,RP
sa3015959,Mauricio Veliz,0.5968,0.0858,1.0,0.0,0.0,6.800000000000001,,2026,pit,RP
sa3018172,Jordan Jackson,1.0,0.0,1.0,0.0,0.0,3.8000000000000003,,2026,pit,RP
sa3019427,Steven Fulgencio,0.7642,0.0502,1.0,0.0,0.0,3.8000000000000003,,2026,pit,RP
sa3004588,Harold Cortijo,1.0,0.0,1.0,0.0,0.0,3.8000000000000003,,2026,pit,RP
sa3017645,Raimon Gomez,0.7609,0.0509,1.0,0.0,0.0,3.8000000000000003,BAL,2026,pit,RP
sa3025299,Andrew Morones,0.8796,0.0256,1.0,0.0,0.0,3.8000000000000003,KCR,2026,pit,RP
sa3021562,Ubert Mejias,1.0,0.0,1.0,0.0,0.0,6.800000000000001,SFG,2026,pit,RP
sa3067064,Ben Peterson,1.0,0.0,1.0,0.0,0.0,3.8000000000000003,SFG,2026,pit,RP
sa3020641,Cooper Chandler,0.9324,0.0144,1.0,0.0,0.0,6.800000000000001,,2026,pit,RP
sa3023104,Nolan Santos,1.0,0.0,1.0,0.0,0.0,3.8000000000000003,MIN,2026,pit,RP
sa3020333,Will Geerdes,1.0,0.0,1.0,0.0,0.0,3.8000000000000003,,2026,pit,RP
sa3020235,William Silva,1.0,0.0,1.0,0.0,0.0,3.8000000000000003,,2026,pit,RP
sa3020662,Shane Gray,1.0,0.0,1.0,0.0,0.0,3.8000000000000003,,2026,pit,RP
sa3038884,Dominic Niman,0.7708,0.0488,1.0,0.0,0.0,3.8000000000000003,TBR,2026,pit,RP
sa3010129,Julian Smith,1.0,0.0,1.0,0.0,0.0,3.8000000000000003,,2026,pit,RP
sa3017465,Alex Garbrick,1.0,0.0,1.0,0.0,0.0,3.8000000000000003,,2026,pit,RP
sa3068749,Zack Morris,0.577,0.09,1.0,0.0,0.0,3.8000000000000003,COL,2026,pit,RP
sa3017301,Gil Luna,1.0,0.0,1.0,0.0,0.0,3.8000000000000003,,2026,pit,RP
sa3014541,Ben Hernandez,1.0,0.0,1.0,0.0,0.0,3.8000000000000003,SEA,2026,pit,RP
sa3015284,Alex Martinez,1.0,0.0,1.0,0.0,0.0,3.8000000000000003,LAA,2026,pit,RP
sa3007842,Eiker Huizi,0.934,0.014,1.0,0.0,0.0,3.8000000000000003,WSN,2026,pit,RP
sa3015964,Franck De La Rosa,1.0,0.0,1.0,0.0,0.0,3.8000000000000003,,2026,pit,RP
sa3020344,Juanmi Vasquez,0.7469,0.0539,1.0,0.0,0.0,3.8000000000000003,TOR,2026,pit,RP
sa3018793,Dylan Burns,0.7328,0.0568,1.0,0.0,0.0,3.8000000000000003,,2026,pit,RP
sa3004345,Charlie Neuweiler,1.0,0.0,1.0,0.0,0.0,3.8000000000000003,,2026,pit,RP
17490,Génesis Cabrera,16.0,0.0,16.0,0.0,0.6364,64.80000000000001,PHI,2026,pit,RP
sa3025063,Patrick Maybach,1.0,0.0,1.0,0.0,0.0,3.8000000000000003,,2026,pit,RP
29633,Andrew Hoffmann,34.0,0.0,34.0,0.0,0.6573,139.00000000000003,ARI,2026,pit,RP
sa3023034,Connor Fenlong,1.0,0.0,1.0,0.0,0.0,3.8000000000000003,,2026,pit,RP
sa3018118,Rob Griswold,1.0,0.0,1.0,0.0,0.0,4.800000000000001,,2026,pit,RP
sa3023031,Jacob Widener,1.0,0.0,1.0,0.0,0.0,3.8000000000000003,KCR,2026,pit,RP
sa3017258,Jake Smith,1.0,0.0,1.0,0.0,0.0,3.8000000000000003,MIA,2026,pit,RP
sa3009242,Aneudy Cortorreal,1.0,0.0,1.0,0.0,0.0,3.8000000000000003,,2026,pit,RP
sa3022795,Matthew Linskey,1.0,0.0,1.0,0.0,0.0,3.8000000000000003,,2026,pit,RP
sa3016595,Steven Sanchez,0.8689,0.0279,1.0,0.0,0.0,3.8000000000000003,,2026,pit,RP
sa3016295,Jose Geraldo,1.0,0.0,1.0,0.0,0.0,3.8000000000000003,SEA,2026,pit,RP
sa3023094,Xander Hamilton,1.0,0.0,1.0,0.0,0.0,3.8000000000000003,MIN,2026,pit,RP
sa3007627,Ronaldo Alesandro,1.0,0.0,1.0,0.0,0.0,3.8000000000000003,,2026,pit,RP
sa3009217,Francis Rivera,1.0,0.0,1.0,0.0,0.0,3.8000000000000003,COL,2026,pit,RP
sa3068736,Brett Garcia,1.0,0.0,1.0,0.0,0.0,3.8000000000000003,,2026,pit,RP
sa3040792,Brayden Risedorph,1.0,0.0,1.0,0.0,0.0,3.8000000000000003,CHC,2026,pit,RP
sa3019429,Sean Hermann,1.0,0.0,1.0,0.0,0.0,3.8000000000000003,SEA,2026,pit,RP
sa3009782,Johan Otanez,1.0,0.0,1.0,0.0,0.0,3.8000000000000003,WSN,2026,pit,RP
sa3003158,Emilker Guzman,1.0,0.0,1.0,0.0,0.0,3.8000000000000003,,2026,pit,RP
sa3005879,Robinson Hernandez,0.6603,0.0723,1.0,0.0,0.0,3.8000000000000003,,2026,pit,RP
sa3045152,Conner Whittaker,0.9044,0.0204,1.0,0.0,0.0,6.800000000000001,CLE,2026,pit,RP
sa3023523,Ryan Ammons,1.0,0.0,1.0,0.0,0.0,3.8000000000000003,NYM,2026,pit,RP
sa3023419,Conor Steinbaugh,1.0,0.0,1.0,0.0,0.0,3.8000000000000003,,2026,pit,RP
22343,A.J. Alexy,1.0,0.0,1.0,0.0,0.0,3.8000000000000003,,2026,pit,RP
sa3067024,Calvin Schapira,1.0,0.0,1.0,0.0,0.0,3.8000000000000003,SEA,2026,pit,RP
sa3021473,Augusto Mendieta,1.0,0.0,1.0,0.0,0.0,3.8000000000000003,KCR,2026,pit,RP
sa3014865,Jordan DiValerio,0.5877,0.0877,1.0,0.0,0.0,6.800000000000001,,2026,pit,RP
sa3029367,Kaleb Corbett,1.0,0.0,1.0,0.0,0.0,3.8000000000000003,TBR,2026,pit,RP
sa1170108,Tyler Yankosky,1.0,0.0,1.0,0.0,0.0,3.8000000000000003,,2026,pit,RP
sa3044544,Joe Vogatsky,1.0,0.0,1.0,0.0,0.0,3.8000000000000003,BOS,2026,pit,RP
sa3017644,Malik Barrington,1.0,0.0,1.0,0.0,0.0,3.8000000000000003,,2026,pit,RP
sa3014972,John Beller,1.0,0.0,1.0,0.0,0.0,3.8000000000000003,,2026,pit,RP
sa3023049,Kyle Scott,1.0,0.0,1.0,0.0,0.0,3.8000000000000003,CLE,2026,pit,RP
sa3017821,Jose Pena Jr.,1.0,0.0,1.0,0.0,0.0,3.8000000000000003,PHI,2026,pit,RP
sa3020108,Joe Joe Rodriguez,1.0,0.0,1.0,0.0,0.0,3.8000000000000003,,2026,pit,RP
sa3020747,Danny Wilkinson,1.0,0.0,1.0,0.0,0.0,3.8000000000000003,,2026,pit,RP
sa3016287,Yendy Gomez,1.0,0.0,1.0,0.0,0.0,3.8000000000000003,DET,2026,pit,RP
sa3008795,Teofilo Mendez,1.0,0.0,1.0,0.0,0.0,3.8000000000000003,ARI,2026,pit,RP
sa3017620,Andy Rodriguez,1.0,0.0,1.0,0.0,0.0,3.8000000000000003,TBR,2026,pit,RP
sa3011682,Gabriel Sosa,1.0,0.0,1.0,0.0,0.0,3.8000000000000003,SEA,2026,pit,RP
sa3011750,Chris Mokma,1.0,0.0,1.0,0.0,0.0,3.8000000000000003,,2026,pit,RP
sa3023063,Graham Osman,0.7576,0.0516,1.0,0.0,0.0,3.8000000000000003,CIN,2026,pit,RP
sa3025046,Hale Sims,1.0,0.0,1.0,0.0,0.0,3.8000000000000003,,2026,pit,RP
sa3023277,Paxton Thompson,1.0,0.0,1.0,0.0,0.0,3.8000000000000003,TEX,2026,pit,RP
sa3014928,Mac Lardner,1.0,0.0,1.0,0.0,0.0,3.8000000000000003,,2026,pit,RP
sa3016797,Maceo Campbell,1.0,0.0,1.0,0.0,0.0,3.8000000000000003,,2026,pit,RP
sa3023085,Case Matter,1.0,0.0,1.0,0.0,0.0,3.8000000000000003,TEX,2026,pit,RP
sa3022412,Kevin Vaupel,0.8788,0.0258,1.0,0.0,0.0,3.8000000000000003,,2026,pit,RP
sa3023659,David Rodriguez,0.6512,0.0742,1.0,0.0,0.0,6.800000000000001,ATL,2026,pit,RP
sa3020410,Jake Christianson,1.0,0.0,1.0,0.0,0.0,3.8000000000000003,,2026,pit,RP
sa3020322,Kade Mechals,0.7741,0.0481,1.0,0.0,0.0,3.8000000000000003,,2026,pit,RP
sa3040586,Vince Reilly,1.0,0.0,1.0,0.0,0.0,3.8000000000000003,CHC,2026,pit,RP
sa3015116,John Wilson,1.0,0.0,1.0,0.0,0.0,3.8000000000000003,,2026,pit,RP
sa3020486,Blaze Pontes,1.0,0.0,1.0,0.0,0.0,1.8000000000000003,ATH,2026,pit,RP
sa918618,Tyree Thompson,0.8227,0.0377,1.0,0.0,0.0,3.8000000000000003,,2026,pit,RP
sa3017383,Garrett Hawkins,30.0,0.0,30.0,0.0,0.6532,120.00000000000001,SDP,2026,pit,RP
sa3023576,Chris Kean,1.0,0.0,1.0,0.0,0.0,3.8000000000000003,NYY,2026,pit,RP
sa3020531,Caleb Franzen,1.0,0.0,1.0,0.0,0.0,3.8000000000000003,,2026,pit,RP
sa3022902,Jared Simpson,1.0,0.0,1.0,0.0,0.0,3.8000000000000003,WSN,2026,pit,RP
sa3022316,Brayhans Barreto,0.8606,0.0296,1.0,0.0,0.0,3.8000000000000003,,2026,pit,RP
sa3020390,Eli Ankeney,1.0,0.0,1.0,0.0,0.0,3.8000000000000003,NYM,2026,pit,RP
sa3020744,Daniel Blair,1.0,0.0,1.0,0.0,0.0,3.8000000000000003,,2026,pit,RP
sa3006100,Brayan Perez,1.0,0.0,1.0,0.0,0.0,3.8000000000000003,,2026,pit,RP
sa3023251,Magdiel Cotto,1.0,0.0,1.0,0.0,0.0,3.8000000000000003,PIT,2026,pit,RP
sa3018797,Giomar Diaz,1.0,0.0,1.0,0.0,0.0,3.8000000000000003,,2026,pit,RP
sa3040800,Erik Ritchie,1.0,0.0,1.0,0.0,0.0,3.8000000000000003,PHI,2026,pit,RP
sa3024226,Andy Fabian,0.892,0.023,1.0,0.0,0.0,3.8000000000000003,BAL,2026,pit,RP
sa3018235,Marlon Perez,1.0,0.0,1.0,0.0,0.0,3.8000000000000003,,2026,pit,RP
sa3005433,Eric Mendez,1.0,0.0,1.0,0.0,0.0,3.8000000000000003,,2026,pit,RP
sa3025491,Nathan Blasick,1.0,0.0,1.0,0.0,0.0,3.8000000000000003,COL,2026,pit,RP
sa3011763,Anthony Tomczak,1.0,0.0,1.0,0.0,0.0,3.8000000000000003,,2026,pit,RP
sa3011123,Tony Locey,1.0,0.0,1.0,0.0,0.0,3.8000000000000003,,2026,pit,RP
sa3018238,Graham Hoffman,1.0,0.0,1.0,0.0,0.0,3.8000000000000003,,2026,pit,RP
sa3015993,Layonel Ovalles,1.0,0.0,1.0,0.0,0.0,3.8000000000000003,,2026,pit,RP
sa3022908,Devin Kirby,1.0,0.0,1.0,0.0,0.0,3.8000000000000003,,2026,pit,RP
sa3022525,Tommy Kane,1.0,0.0,1.0,0.0,0.0,3.8000000000000003,,2026,pit,RP
sa3019563,Juan Mercedes,1.0,0.0,1.0,0.0,0.0,3.8000000000000003,,2026,pit,RP
sa3020810,Chase Antle,0.8038,0.0418,1.0,0.0,0.0,3.8000000000000003,,2026,pit,RP
sa3016064,Luis A. Rodriguez,1.0,0.0,1.0,0.0,0.0,3.8000000000000003,,2026,pit,RP
sa3023003,Braden Carmichael,1.0,0.0,1.0,0.0,0.0,3.8000000000000003,,2026,pit,RP
sa3017508,Bradford Webb,1.0,0.0,1.0,0.0,0.0,3.8000000000000003,,2026,pit,RP
sa3019070,Adonis Villavicencio,1.0,0.0,1.0,0.0,0.0,3.8000000000000003,TEX,2026,pit,RP
sa3017466,Carson Carter,1.0,0.0,1.0,0.0,0.0,3.8000000000000003,,2026,pit,RP
sa3023044,Jay Driver,1.0,0.0,1.0,0.0,0.0,3.8000000000000003,CLE,2026,pit,RP
sa3005285,Karlos Morales,1.0,0.0,1.0,0.0,0.0,3.8000000000000003,,2026,pit,RP
sa3023170,Logan Britt,0.8211,0.0381,1.0,0.0,0.0,3.8000000000000003,,2026,pit,RP
sa3023484,Harrison Durow,1.0,0.0,1.0,0.0,0.0,3.8000000000000003,,2026,pit,RP
sa3022861,JJ Sanchez,1.0,0.0,1.0,0.0,0.0,3.8000000000000003,,2026,pit,RP
sa3068674,Jack Mahoney,1.0,0.0,1.0,0.0,0.0,3.8000000000000003,ATH,2026,pit,RP
sa3068766,Sayer Diederich,0.6306,0.0786,1.0,0.0,0.0,3.8000000000000003,BAL,2026,pit,RP
sa3005464,Moises Diaz,1.0,0.0,1.0,0.0,0.0,3.8000000000000003,,2026,pit,RP
sa3019239,Irv Carter,1.0,0.0,1.0,0.0,0.0,3.8000000000000003,TOR,2026,pit,RP
sa3022883,Nate LaRue,1.0,0.0,1.0,0.0,0.0,3.8000000000000003,,2026,pit,RP
sa3011849,Bodi Rascon,1.0,0.0,1.0,0.0,0.0,3.8000000000000003,,2026,pit,RP
11189,Vince Velasquez,8.0,0.0,8.0,0.0,0.7209,37.10000000000001,CHC,2026,pit,RP
20151,James Karinchak,14.0,0.0,14.0,0.0,0.6487,57.20000000000003,ATL,2026,pit,RP
sa3018283,Armando Vasquez,1.0,0.0,1.0,0.0,0.0,3.8000000000000003,,2026,pit,RP
sa3018855,Jorger Petri,1.0,0.0,1.0,0.0,0.0,3.8000000000000003,DET,2026,pit,RP
sa3020175,C.J. Mayhue,0.7873,0.0453,1.0,0.0,0.0,3.8000000000000003,,2026,pit,RP
sa3018239,Jackson Leath,1.0,0.0,1.0,0.0,0.0,3.8000000000000003,,2026,pit,RP
sa3067483,Brennen Oxford,1.0,0.0,1.0,0.0,0.0,3.8000000000000003,,2026,pit,RP
sa3020236,Matt Hickey,1.0,0.0,1.0,0.0,0.0,3.8000000000000003,,2026,pit,RP
sa3067311,Kevin Davis,1.0,0.0,1.0,0.0,0.0,3.8000000000000003,CHW,2026,pit,RP
sa3067073,Aidan Layton,0.7708,0.0488,1.0,0.0,0.0,3.8000000000000003,ATH,2026,pit,RP
sa3017611,Ian Foggo,1.0,0.0,1.0,0.0,0.0,3.8000000000000003,,2026,pit,RP
sa3015362,Yerlin Rodriguez,1.0,0.0,1.0,0.0,0.0,3.8000000000000003,MIL,2026,pit,RP
sa1169632,Tim Elliott,1.0,0.0,1.0,0.0,0.0,3.8000000000000003,,2026,pit,RP
sa3067063,Miles Langhorne,1.0,0.0,1.0,0.0,0.0,3.8000000000000003,MIL,2026,pit,RP
sa3027812,Dawson Brown,1.0,0.0,1.0,0.0,0.0,3.8000000000000003,ARI,2026,pit,RP
sa3006406,Augusto Calderon,1.0,0.0,1.0,0.0,0.0,3.8000000000000003,,2026,pit,RP
sa3006135,Benony Robles,1.0,0.0,1.0,0.0,0.0,3.8000000000000003,,2026,pit,RP
sa3037620,Logan McGuire,1.0,0.0,1.0,0.0,0.0,3.8000000000000003,CLE,2026,pit,RP
sa3015336,Juan Mendez,1.0,0.0,1.0,0.0,0.0,3.8000000000000003,,2026,pit,RP
sa3009615,Julio Ortiz,1.0,0.0,1.0,0.0,0.0,3.8000000000000003,TOR,2026,pit,RP
sa3009991,Osiel Rodriguez,1.0,0.0,1.0,0.0,0.0,3.8000000000000003,,2026,pit,RP
sa3025020,Grayson Hitt,0.563,0.093,1.0,0.0,0.0,3.8000000000000003,ARI,2026,pit,RP
sa3011574,Yehizon Sanchez,1.0,0.0,1.0,0.0,0.0,3.8000000000000003,MIN,2026,pit,RP
sa3019741,Braian Salazar,0.8062,0.0412,1.0,0.0,0.0,3.8000000000000003,SDP,2026,pit,RP
sa3017492,Cam Wynne,0.8912,0.0232,1.0,0.0,0.0,3.8000000000000003,,2026,pit,RP
sa3015501,Gleiner Diaz,1.0,0.0,1.0,0.0,0.0,3.8000000000000003,SEA,2026,pit,RP
sa3019151,Inmer Lobo,1.0,0.0,1.0,0.0,0.0,3.8000000000000003,PIT,2026,pit,RP
sa3019597,Jose Serrano,1.0,0.0,1.0,0.0,0.0,3.8000000000000003,HOU,2026,pit,RP
sa3019365,Aneury Lora,0.8969,0.0219,1.0,0.0,0.0,3.8000000000000003,SEA,2026,pit,RP
sa3020573,Hayden Nierman,1.0,0.0,1.0,0.0,0.0,3.8000000000000003,,2026,pit,RP
sa3025546,Rocco Reid,1.0,0.0,1.0,0.0,0.0,3.8000000000000003,ARI,2026,pit,RP
sa3020252,Jared Poland,0.5877,0.0877,1.0,0.0,0.0,6.800000000000001,,2026,pit,RP
sa3019432,Leam Mendez,1.0,0.0,1.0,0.0,0.0,3.8000000000000003,,2026,pit,RP
sa3016465,Adrian Quintana,1.0,0.0,1.0,0.0,0.0,3.8000000000000003,LAA,2026,pit,RP
sa3023231,Hunter Mann,1.0,0.0,1.0,0.0,0.0,3.8000000000000003,COL,2026,pit,RP
sa3011677,Victor Simeon,1.0,0.0,1.0,0.0,0.0,3.8000000000000003,TEX,2026,pit,RP
23443,Tom Cosgrove,13.0,0.0,13.0,0.0,0.6557,42.8,HOU,2026,pit,RP
sa3025506,Merritt Beeker,0.9019,0.0209,1.0,0.0,0.0,3.8000000000000003,WSN,2026,pit,RP
sa3034253,Riley Huge,1.0,0.0,1.0,0.0,0.0,3.8000000000000003,ATH,2026,pit,RP
sa3020478,Marcus Olivarez,1.0,0.0,1.0,0.0,0.0,3.8000000000000003,,2026,pit,RP
sa3023615,Victor Garcia,1.0,0.0,1.0,0.0,0.0,3.8000000000000003,LAA,2026,pit,RP
sa3018822,Maxwel Hernandez,0.8095,0.0405,1.0,0.0,0.0,3.8000000000000003,,2026,pit,RP
sa3005694,Luis Devers,0.591,0.087,1.0,0.0,0.0,3.8000000000000003,,2026,pit,RP
sa3002811,Franklin De La Paz,1.0,0.0,1.0,0.0,0.0,3.8000000000000003,,2026,pit,RP
sa3023540,Robert Wegielnik,1.0,0.0,1.0,0.0,0.0,3.8000000000000003,,2026,pit,RP
sa3017549,Brendan Collins,1.0,0.0,1.0,0.0,0.0,3.8000000000000003,WSN,2026,pit,RP
sa3043424,Tyler Switalski,0.845,0.033,1.0,0.0,0.0,3.8000000000000003,SFG,2026,pit,RP
sa3016619,Luis Arejula,1.0,0.0,1.0,0.0,0.0,3.8000000000000003,,2026,pit,RP
sa3022799,Austin Emener,1.0,0.0,1.0,0.0,0.0,3.8000000000000003,COL,2026,pit,RP
sa3020823,Tanner Shears,1.0,0.0,1.0,0.0,0.0,3.8000000000000003,,2026,pit,RP
sa3021724,Ryan Harvey,1.0,0.0,1.0,0.0,0.0,3.8000000000000003,DET,2026,pit,RP
sa3025164,Jaren Warwick,1.0,0.0,1.0,0.0,0.0,3.8000000000000003,LAA,2026,pit,RP
sa3018798,Adel Dilone,0.7056,0.0626,1.0,0.0,0.0,3.8000000000000003,,2026,pit,RP
sa3017888,Adam Shoemaker,1.0,0.0,1.0,0.0,0.0,3.8000000000000003,,2026,pit,RP
sa3017197,Everhett Hazelwood,1.0,0.0,1.0,0.0,0.0,3.8000000000000003,CHW,2026,pit,RP
sa3015385,Adrian Rodriguez,1.0,0.0,1.0,0.0,0.0,3.8000000000000003,TEX,2026,pit,RP
sa3008711,Carlos Jimenez,0.8912,0.0232,1.0,0.0,0.0,3.8000000000000003,,2026,pit,RP
sa3025461,A.J. Wilson,1.0,0.0,1.0,0.0,0.0,3.8000000000000003,PHI,2026,pit,RP
sa3018294,Juan Arnaud,1.0,0.0,1.0,0.0,0.0,3.8000000000000003,NYM,2026,pit,RP
sa3019393,Aneuris Rodriguez,1.0,0.0,1.0,0.0,0.0,3.8000000000000003,,2026,pit,RP
sa3022871,Justin Long,1.0,0.0,1.0,0.0,0.0,3.8000000000000003,ATL,2026,pit,RP
sa3010777,Zack Hess,1.0,0.0,1.0,0.0,0.0,3.8000000000000003,,2026,pit,RP
sa3019717,Xavier Ruiz,1.0,0.0,1.0,0.0,0.0,3.8000000000000003,,2026,pit,RP
sa3023285,Luis Martinez-Gomez,1.0,0.0,1.0,0.0,0.0,3.8000000000000003,CHC,2026,pit,RP
sa3016234,Junior Cerda,1.0,0.0,1.0,0.0,0.0,3.8000000000000003,,2026,pit,RP
sa3015288,Nate Tellier,1.0,0.0,1.0,0.0,0.0,3.8000000000000003,,2026,pit,RP
sa3023005,Seth Chavez,1.0,0.0,1.0,0.0,0.0,3.8000000000000003,TBR,2026,pit,RP
sa3009524,Jorge Ramos,1.0,0.0,1.0,0.0,0.0,3.8000000000000003,,2026,pit,RP
sa3016056,Ricardo Yan,0.7188,0.0598,1.0,0.0,0.0,3.8000000000000003,ARI,2026,pit,RP
sa3031334,Jack Findlay,1.0,0.0,1.0,0.0,0.0,3.8000000000000003,STL,2026,pit,RP
sa3006354,Hugo Beltran,1.0,0.0,1.0,0.0,0.0,3.8000000000000003,,2026,pit,RP
sa3020379,Nick Pogue,1.0,0.0,1.0,0.0,0.0,3.8000000000000003,,2026,pit,RP
sa3017790,Juan Reynoso,1.0,0.0,1.0,0.0,0.0,3.8000000000000003,MIA,2026,pit,RP
sa3018818,Luis Flores,1.0,0.0,1.0,0.0,0.0,3.8000000000000003,CLE,2026,pit,RP
sa3021478,Ben Brutti,1.0,0.0,1.0,0.0,0.0,3.8000000000000003,CIN,2026,pit,RP
sa3019175,Henson Leal,0.9085,0.0195,1.0,0.0,0.0,3.8000000000000003,KCR,2026,pit,RP
sa3016751,Peniel Otano,1.0,0.0,1.0,0.0,0.0,3.8000000000000003,,2026,pit,RP
sa3018320,Luis Torres,1.0,0.0,1.0,0.0,0.0,3.8000000000000003,TOR,2026,pit,RP
sa3020328,Cade Halemanu,0.8714,0.0274,1.0,0.0,0.0,3.8000000000000003,,2026,pit,RP
sa3009219,Juan Martinez,0.8969,0.0219,1.0,0.0,0.0,3.8000000000000003,KCR,2026,pit,RP
sa3007819,Jose Alcantara,1.0,0.0,1.0,0.0,0.0,3.8000000000000003,,2026,pit,RP
sa3016712,Alberto Mota,1.0,0.0,1.0,0.0,0.0,3.8000000000000003,TEX,2026,pit,RP
sa3021471,Jesus Rios,1.0,0.0,1.0,0.0,0.0,3.8000000000000003,KCR,2026,pit,RP
sa3018908,Eiver Espinoza,1.0,0.0,1.0,0.0,0.0,3.8000000000000003,,2026,pit,RP
sa3023642,Alex Makarewich,1.0,0.0,1.0,0.0,0.0,3.8000000000000003,LAD,2026,pit,RP
sa3015109,Jarod Wright,1.0,0.0,1.0,0.0,0.0,3.8000000000000003,,2026,pit,RP
sa3020403,Bubba Hall,1.0,0.0,1.0,0.0,0.0,3.8000000000000003,,2026,pit,RP
sa3004871,Estarlin Rodriguez,1.0,0.0,1.0,0.0,0.0,3.8000000000000003,,2026,pit,RP
sa3008683,Kevin Rodriguez,1.0,0.0,1.0,0.0,0.0,3.8000000000000003,,2026,pit,RP
sa3023468,Dylan Simmons,1.0,0.0,1.0,0.0,0.0,3.8000000000000003,CIN,2026,pit,RP
sa3015275,Myles Gayman,1.0,0.0,1.0,0.0,0.0,6.800000000000001,,2026,pit,RP
sa3017987,Malik Binns,1.0,0.0,1.0,0.0,0.0,3.8000000000000003,,2026,pit,RP
sa3019912,Jason Franks,1.0,0.0,1.0,0.0,0.0,3.8000000000000003,,2026,pit,RP
sa3023372,Cade Austin,0.8994,0.0214,1.0,0.0,0.0,3.8000000000000003,,2026,pit,RP
sa3016017,Ricardo Estrada,0.7147,0.0607,1.0,0.0,0.0,3.8000000000000003,SFG,2026,pit,RP
sa3014932,Max Bain,1.0,0.0,1.0,0.0,0.0,3.8000000000000003,,2026,pit,RP
sa3025345,Izaak Martinez,1.0,0.0,1.0,0.0,0.0,3.8000000000000003,CLE,2026,pit,RP
sa3023230,Teddy Sharkey,1.0,0.0,1.0,0.0,0.0,3.8000000000000003,BAL,2026,pit,RP
sa3022415,Cam Tullar,0.8582,0.0302,1.0,0.0,0.0,3.8000000000000003,,2026,pit,RP
sa3008332,Holden Laws,1.0,0.0,1.0,0.0,0.0,3.8000000000000003,,2026,pit,RP
sa3015363,Angel Hernandez,1.0,0.0,1.0,0.0,0.0,3.8000000000000003,,2026,pit,RP
sa3009993,Henry Gomez,1.0,0.0,1.0,0.0,0.0,3.8000000000000003,,2026,pit,RP
sa3027287,Josh Blum,1.0,0.0,1.0,0.0,0.0,3.8000000000000003,NYM,2026,pit,RP
sa3035936,L.P. Langevin,0.8219,0.0379,1.0,0.0,0.0,3.8000000000000003,KCR,2026,pit,RP
sa3022943,Luke Savage,1.0,0.0,1.0,0.0,0.0,3.8000000000000003,TEX,2026,pit,RP
sa3008426,Niklas Rimmel,1.0,0.0,1.0,0.0,0.0,3.8000000000000003,,2026,pit,RP
sa1170930,Tanner Cooper,1.0,0.0,1.0,0.0,0.0,3.8000000000000003,,2026,pit,RP
sa3022913,Noah Ruen,1.0,0.0,1.0,0.0,0.0,3.8000000000000003,LAD,2026,pit,RP
sa3019699,Gregori Louis,1.0,0.0,1.0,0.0,0.0,3.8000000000000003,NYM,2026,pit,RP
sa3015502,Danyony Pulido,0.8516,0.0316,1.0,0.0,0.0,3.8000000000000003,PHI,2026,pit,RP
sa3020454,Tanner Jacobson,1.0,0.0,1.0,0.0,0.0,3.8000000000000003,,2026,pit,RP
sa3021466,Nathan Karaffa,1.0,0.0,1.0,0.0,0.0,3.8000000000000003,PHI,2026,pit,RP
sa3015359,Sam Jacobsak,0.6133,0.0823,1.0,0.0,0.0,3.8000000000000003,,2026,pit,RP
sa3020485,Nathan Landry,1.0,0.0,1.0,0.0,0.0,3.8000000000000003,,2026,pit,RP
sa3017876,Tyler Samaniego,46.0,0.0,46.0,0.0,4.1477,172.40000000000003,BOS,2026,pit,RP
sa3009735,Sergio Sanchez,1.0,0.0,1.0,0.0,0.0,3.8000000000000003,,2026,pit,RP
sa3023098,Josh Timmerman,1.0,0.0,1.0,0.0,0.0,3.8000000000000003,MIL,2026,pit,RP
sa3006386,Yeuris Jimenez,1.0,0.0,1.0,0.0,0.0,3.8000000000000003,WSN,2026,pit,RP
sa3068330,Jadon Bercovich,0.9068,0.0198,1.0,0.0,0.0,3.8000000000000003,TBR,2026,pit,RP
sa3023409,Jake Eddington,1.0,0.0,1.0,0.0,0.0,3.8000000000000003,PHI,2026,pit,RP
sa3011192,Keegan Collett,1.0,0.0,1.0,0.0,0.0,3.8000000000000003,,2026,pit,RP
sa3020708,Brock Porter,1.0,0.0,1.0,0.0,0.0,3.8000000000000003,TEX,2026,pit,RP
sa3017422,Marino Santy,1.0,0.0,1.0,0.0,0.0,3.8000000000000003,CHC,2026,pit,RP
sa3022524,Cody Tucker,0.9109,0.0189,1.0,0.0,0.0,3.8000000000000003,,2026,pit,RP
sa3020377,Elijah Birdsong,1.0,0.0,1.0,0.0,0.0,3.8000000000000003,,2026,pit,RP
sa3018301,Eybersson Polanco,1.0,0.0,1.0,0.0,0.0,3.8000000000000003,LAA,2026,pit,RP
sa3016816,Elvis Novas,1.0,0.0,1.0,0.0,0.0,3.8000000000000003,,2026,pit,RP
sa3067025,Brayden Spears,1.0,0.0,1.0,0.0,0.0,3.8000000000000003,CHC,2026,pit,RP
sa3020257,Billy Seidl,1.0,0.0,1.0,0.0,0.0,3.8000000000000003,,2026,pit,RP
sa3014813,Edwin Nuñez,1.0,0.0,1.0,0.0,0.0,3.8000000000000003,STL,2026,pit,RP
sa3018882,Adolfo Oviedo,1.0,0.0,1.0,0.0,0.0,3.8000000000000003,PIT,2026,pit,RP
sa3020960,C.J. Widger,1.0,0.0,1.0,0.0,0.0,3.8000000000000003,SDP,2026,pit,RP
sa3010666,Kumar Nambiar,0.9019,0.0209,1.0,0.0,0.0,3.8000000000000003,,2026,pit,RP
sa3023379,Rio Britton,0.8945,0.0225,1.0,0.0,0.0,3.8000000000000003,ARI,2026,pit,RP
sa3016033,Dikember Sanchez,1.0,0.0,1.0,0.0,0.0,3.8000000000000003,,2026,pit,RP
sa3067318,Zachary Redner,0.8821,0.0251,1.0,0.0,0.0,3.8000000000000003,LAA,2026,pit,RP
sa3020318,Mason Ronan,1.0,0.0,1.0,0.0,0.0,3.8000000000000003,,2026,pit,RP
sa3023175,Cody Adcock,1.0,0.0,1.0,0.0,0.0,3.8000000000000003,CIN,2026,pit,RP
sa3019581,Geury Rodriguez,1.0,0.0,1.0,0.0,0.0,3.8000000000000003,TEX,2026,pit,RP
sa3020571,Jared Beck,1.0,0.0,1.0,0.0,0.0,3.8000000000000003,WSN,2026,pit,RP
sa3005889,Luis Amoroso,1.0,0.0,1.0,0.0,0.0,3.8000000000000003,COL,2026,pit,RP
sa3067135,Kyle Roche,1.0,0.0,1.0,0.0,0.0,3.8000000000000003,LAA,2026,pit,RP
sa3020109,Quinton Martinez,0.8771,0.0261,1.0,0.0,0.0,3.8000000000000003,,2026,pit,RP
sa3015461,Brayan Restituyo,0.906,0.02,1.0,0.0,0.0,3.8000000000000003,ATH,2026,pit,RP
sa3025589,Hunter Omlid,1.0,0.0,1.0,0.0,0.0,3.8000000000000003,COL,2026,pit,RP
sa3020734,Julian Bosnic,0.9101,0.0191,1.0,0.0,0.0,3.8000000000000003,PIT,2026,pit,RP
sa3021009,Elwis Mijares,1.0,0.0,1.0,0.0,0.0,3.8000000000000003,NYM,2026,pit,RP
sa3017747,Tyler Ahearn,1.0,0.0,1.0,0.0,0.0,3.8000000000000003,,2026,pit,RP
sa3018108,Carlos Lomeli,0.8623,0.0293,1.0,0.0,0.0,3.8000000000000003,,2026,pit,RP
sa3019169,Yimi Presinal,1.0,0.0,1.0,0.0,0.0,3.8000000000000003,KCR,2026,pit,RP
sa3033097,Blake Hammond,0.6908,0.0658,1.0,0.0,0.0,3.8000000000000003,ATH,2026,pit,RP
sa3016011,Brayan Palencia,0.5877,0.0877,1.0,0.0,0.0,6.800000000000001,SFG,2026,pit,RP
sa3002617,Pedro González,1.0,0.0,1.0,0.0,0.0,3.8000000000000003,,2026,pit,RP
21656,Kervin Castro,34.0,0.0,34.0,0.0,0.6905,137.20000000000005,NYY,2026,pit,RP
sa3025400,Anthony Susac,1.0,0.0,1.0,0.0,0.0,3.8000000000000003,TEX,2026,pit,RP
sa3015217,Yunior Thibo,1.0,0.0,1.0,0.0,0.0,3.8000000000000003,,2026,pit,RP
sa3044462,Cade Vernon,1.0,0.0,1.0,0.0,0.0,3.8000000000000003,SFG,2026,pit,RP
sa3016842,Jonathan Petit,0.7518,0.0528,1.0,0.0,0.0,3.8000000000000003,,2026,pit,RP
sa3067491,Jake Curtis,0.8722,0.0272,1.0,0.0,0.0,3.8000000000000003,CHW,2026,pit,RP
sa1170357,Matthew Swain,1.0,0.0,1.0,0.0,0.0,3.8000000000000003,,2026,pit,RP
sa3019961,Tyler Wehrle,0.7708,0.0488,1.0,0.0,0.0,3.8000000000000003,,2026,pit,RP
sa3006399,Alan Perdomo,1.0,0.0,1.0,0.0,0.0,3.8000000000000003,,2026,pit,RP
sa3021789,Joshua Quezada,0.5951,0.0861,1.0,0.0,0.0,3.8000000000000003,MIL,2026,pit,RP
sa3003026,Santiago Florez,1.0,0.0,1.0,0.0,0.0,3.8000000000000003,,2026,pit,RP
sa3025463,Calvin Bickerstaff,0.9217,0.0167,1.0,0.0,0.0,3.8000000000000003,BOS,2026,pit,RP
sa3009521,Reibyn Corona,0.8417,0.0337,1.0,0.0,0.0,3.8000000000000003,,2026,pit,RP
sa3020466,Chris Williams Jr.,1.0,0.0,1.0,0.0,0.0,3.8000000000000003,,2026,pit,RP
sa3022800,Colby Langford,1.0,0.0,1.0,0.0,0.0,3.8000000000000003,HOU,2026,pit,RP
sa3023671,Ryan Vanderhei,1.0,0.0,1.0,0.0,0.0,3.8000000000000003,SFG,2026,pit,RP
sa3020447,Brody Jessee,0.8714,0.0274,1.0,0.0,0.0,3.8000000000000003,CIN,2026,pit,RP
sa3014872,Miguel Guerrero,1.0,0.0,1.0,0.0,0.0,3.8000000000000003,,2026,pit,RP
sa3014977,Chris Mauloni,1.0,0.0,1.0,0.0,0.0,3.8000000000000003,,2026,pit,RP
sa3023030,Connery Peters,1.0,0.0,1.0,0.0,0.0,3.8000000000000003,,2026,pit,RP
sa3022955,Morris Austin,1.0,0.0,1.0,0.0,0.0,3.8000000000000003,CHW,2026,pit,RP
sa3019520,Franyer Herrera,0.8574,0.0304,1.0,0.0,0.0,3.8000000000000003,NYY,2026,pit,RP
sa3015989,Euri Montero,1.0,0.0,1.0,0.0,0.0,3.8000000000000003,WSN,2026,pit,RP
sa3009640,Yovanny Cabrera,1.0,0.0,1.0,0.0,0.0,3.8000000000000003,,2026,pit,RP
sa3022127,Davidxon Lara,1.0,0.0,1.0,0.0,0.0,3.8000000000000003,LAA,2026,pit,RP
sa3022104,Jackson Fristoe,1.0,0.0,1.0,0.0,0.0,3.8000000000000003,NYY,2026,pit,RP
sa3020959,Zack Showalter,0.8499,0.0319,1.0,0.0,0.0,3.8000000000000003,STL,2026,pit,RP
sa3067067,Chris Veach,1.0,0.0,1.0,0.0,0.0,3.8000000000000003,NYY,2026,pit,RP
sa3015996,Anyelo Ovando,1.0,0.0,1.0,0.0,0.0,3.8000000000000003,LAA,2026,pit,RP
sa3009238,Brailin Rodriguez,1.0,0.0,1.0,0.0,0.0,3.8000000000000003,,2026,pit,RP
sa3006352,Delvis Alegre,1.0,0.0,1.0,0.0,0.0,3.8000000000000003,,2026,pit,RP
sa917988,Nolan Martinez,0.7708,0.0488,1.0,0.0,0.0,3.8000000000000003,,2026,pit,RP
22915,Carlos Vargas,56.0,0.0,56.0,0.0,9.9899,263.20000000000005,SEA,2026,pit,RP
sa3011372,Julio Bonilla,1.0,0.0,1.0,0.0,0.0,3.8000000000000003,,2026,pit,RP
sa3022860,Joan Gonzalez,1.0,0.0,1.0,0.0,0.0,3.8000000000000003,SDP,2026,pit,RP
sa3007963,Erick Pinales,1.0,0.0,1.0,0.0,0.0,3.8000000000000003,,2026,pit,RP
sa3020491,Jacob Edwards,1.0,0.0,1.0,0.0,0.0,3.8000000000000003,CIN,2026,pit,RP
sa3024451,Drew Pestka,1.0,0.0,1.0,0.0,0.0,3.8000000000000003,CIN,2026,pit,RP
sa3011862,Michael Valera,1.0,0.0,1.0,0.0,0.0,3.8000000000000003,,2026,pit,RP
sa3020595,Alex Rao,1.0,0.0,1.0,0.0,0.0,3.8000000000000003,,2026,pit,RP
sa3016938,Jake Schrand,0.845,0.033,1.0,0.0,0.0,3.8000000000000003,,2026,pit,RP
sa3015459,Ignacio Briceno,1.0,0.0,1.0,0.0,0.0,3.8000000000000003,,2026,pit,RP
sa3022221,Alexander Campos,0.8095,0.0405,1.0,0.0,0.0,3.8000000000000003,TBR,2026,pit,RP
sa3020444,D.J. Carpenter,1.0,0.0,1.0,0.0,0.0,3.8000000000000003,STL,2026,pit,RP
sa3020832,Matt Wyatt,1.0,0.0,1.0,0.0,0.0,3.8000000000000003,,2026,pit,RP
sa3014867,Bailey Reid,1.0,0.0,1.0,0.0,0.0,3.8000000000000003,,2026,pit,RP
sa3023309,Trey Dillard,0.9002,0.0212,1.0,0.0,0.0,3.8000000000000003,SFG,2026,pit,RP
sa3022736,Shane Telfer,1.0,0.0,1.0,0.0,0.0,3.8000000000000003,,2026,pit,RP
sa3018899,Camilo Hernandez,1.0,0.0,1.0,0.0,0.0,3.8000000000000003,ATH,2026,pit,RP
sa3015483,Jose Romero,1.0,0.0,1.0,0.0,0.0,3.8000000000000003,CHC,2026,pit,RP
sa3011440,Wander Arias,0.6636,0.0716,1.0,0.0,0.0,3.8000000000000003,,2026,pit,RP
sa3017368,Holt Jones,1.0,0.0,1.0,0.0,0.0,3.8000000000000003,MIA,2026,pit,RP
sa3021558,Yadiel Batista,0.6174,0.0814,1.0,0.0,0.0,3.8000000000000003,STL,2026,pit,RP
sa3011751,Montana Semmel,0.812,0.04,1.0,0.0,0.0,3.8000000000000003,,2026,pit,RP
sa3024469,Cesar Aquino,0.8549,0.0309,1.0,0.0,0.0,3.8000000000000003,PIT,2026,pit,RP
sa3011232,Keegan James,1.0,0.0,1.0,0.0,0.0,3.8000000000000003,,2026,pit,RP
sa3019136,Sadiel Baro,0.8714,0.0274,1.0,0.0,0.0,3.8000000000000003,,2026,pit,RP
sa3017778,Dennis Boatman,1.0,0.0,1.0,0.0,0.0,3.8000000000000003,,2026,pit,RP
sa3015040,Rafael Ohashi,0.8475,0.0325,1.0,0.0,0.0,3.8000000000000003,,2026,pit,RP
sa3021541,Norbis Diaz,1.0,0.0,1.0,0.0,0.0,3.8000000000000003,HOU,2026,pit,RP
sa3023275,Grayson Moore,1.0,0.0,1.0,0.0,0.0,3.8000000000000003,CHC,2026,pit,RP
sa3023418,Dominic Freeberger,1.0,0.0,1.0,0.0,0.0,3.8000000000000003,STL,2026,pit,RP
sa3019284,Eric Dominguez,1.0,0.0,1.0,0.0,0.0,3.8000000000000003,,2026,pit,RP
sa3006164,Freddy Pacheco,0.9076,0.0196,1.0,0.0,0.0,3.8000000000000003,,2026,pit,RP
sa3016211,Darlin Pinales,1.0,0.0,1.0,0.0,0.0,3.8000000000000003,ATH,2026,pit,RP
sa3011366,Brayner Sánchez,1.0,0.0,1.0,0.0,0.0,3.8000000000000003,,2026,pit,RP
sa3014708,Esmerlin Vinicio,0.5795,0.0895,1.0,0.0,0.0,3.8000000000000003,SFG,2026,pit,RP
sa3025573,Jack Seppings,1.0,0.0,1.0,0.0,0.0,3.8000000000000003,MIL,2026,pit,RP
sa3021519,Jesus Flores,1.0,0.0,1.0,0.0,0.0,3.8000000000000003,MIL,2026,pit,RP
sa3023641,Jose Nova,1.0,0.0,1.0,0.0,0.0,3.8000000000000003,MIL,2026,pit,RP
sa3008724,Benjamin Arias,1.0,0.0,1.0,0.0,0.0,3.8000000000000003,,2026,pit,RP
sa3066779,Vicarte Domingo,1.0,0.0,1.0,0.0,0.0,3.8000000000000003,SDP,2026,pit,RP
sa3019819,Jonh Henriquez,1.0,0.0,1.0,0.0,0.0,3.8000000000000003,,2026,pit,RP
sa3018866,Jeral Vizcaino,1.0,0.0,1.0,0.0,0.0,3.8000000000000003,,2026,pit,RP
sa3022740,Carlton Perkins,1.0,0.0,1.0,0.0,0.0,3.8000000000000003,CHW,2026,pit,RP
sa3005687,Bryan Caceres,0.6908,0.0658,1.0,0.0,0.0,3.8000000000000003,,2026,pit,RP
sa3067413,Will Armbruester,1.0,0.0,1.0,0.0,0.0,3.8000000000000003,MIN,2026,pit,RP
sa3021037,Jose Zerpa,1.0,0.0,1.0,0.0,0.0,3.8000000000000003,SEA,2026,pit,RP
sa3017764,Kobe Robinson,1.0,0.0,1.0,0.0,0.0,3.8000000000000003,,2026,pit,RP
sa3008360,Saul Gonzalez,1.0,0.0,1.0,0.0,0.0,3.8000000000000003,,2026,pit,RP
sa3019084,Dawil Almonte,1.0,0.0,1.0,0.0,0.0,3.8000000000000003,HOU,2026,pit,RP
sa3017506,Alfredo Ruiz,1.0,0.0,1.0,0.0,0.0,3.8000000000000003,,2026,pit,RP
sa3067505,Beau Blanchard,0.8475,0.0325,1.0,0.0,0.0,3.8000000000000003,CIN,2026,pit,RP
sa3007036,Yerry Landinez,0.84,0.034,1.0,0.0,0.0,3.8000000000000003,,2026,pit,RP
sa3010574,Spencer Mraz,1.0,0.0,1.0,0.0,0.0,3.8000000000000003,,2026,pit,RP
sa3025571,Logan Samuels,0.5201,0.1021,1.0,0.0,0.0,3.8000000000000003,ATL,2026,pit,RP
sa3017273,Johnny Ray,1.0,0.0,1.0,0.0,0.0,3.8000000000000003,,2026,pit,RP
sa3019123,Anyer Laureano,1.0,0.0,1.0,0.0,0.0,3.8000000000000003,CIN,2026,pit,RP
sa3023467,Sam Knowlton,1.0,0.0,1.0,0.0,0.0,3.8000000000000003,ARI,2026,pit,RP
sa3023159,Landon Ginn,1.0,0.0,1.0,0.0,0.0,3.8000000000000003,,2026,pit,RP
sa3067081,Jack Sokol,1.0,0.0,1.0,0.0,0.0,3.8000000000000003,NYY,2026,pit,RP
31501,Michael Darrell-Hicks,8.0,0.0,8.0,0.0,0.6584,30.100000000000005,PIT,2026,pit,RP
sa3019457,Cooper Benson,1.0,0.0,1.0,0.0,0.0,3.8000000000000003,,2026,pit,RP
sa3016846,Cleiber Maldonado,0.8681,0.0281,1.0,0.0,0.0,3.8000000000000003,MIN,2026,pit,RP
sa3067432,Jay Allmer,1.0,0.0,1.0,0.0,0.0,3.8000000000000003,BOS,2026,pit,RP
sa3023575,Michael Trausch,1.0,0.0,1.0,0.0,0.0,3.8000000000000003,TEX,2026,pit,RP
sa3022957,Merrick Baldo,1.0,0.0,1.0,0.0,0.0,3.8000000000000003,WSN,2026,pit,RP
sa3011130,Chris Lincoln,1.0,0.0,1.0,0.0,0.0,3.8000000000000003,,2026,pit,RP
sa3004869,Ernesto Jaquez,1.0,0.0,1.0,0.0,0.0,3.8000000000000003,,2026,pit,RP
sa3019063,Diego Dominguez,1.0,0.0,1.0,0.0,0.0,3.8000000000000003,TOR,2026,pit,RP
sa3025346,Cam Schuelke,1.0,0.0,1.0,0.0,0.0,3.8000000000000003,CLE,2026,pit,RP
sa3022796,Jake Fitzgibbons,1.0,0.0,1.0,0.0,0.0,3.8000000000000003,ARI,2026,pit,RP
sa3009778,Luis De La Rosa,0.5242,0.1012,1.0,0.0,0.0,3.8000000000000003,,2026,pit,RP
sa3023404,Jack White,1.0,0.0,1.0,0.0,0.0,3.8000000000000003,SEA,2026,pit,RP
sa3018898,Richard Fernandez,0.8837,0.0247,1.0,0.0,0.0,3.8000000000000003,ATH,2026,pit,RP
sa3023617,Bjorn Johnson,1.0,0.0,1.0,0.0,0.0,3.8000000000000003,MIL,2026,pit,RP
sa3015157,Franklin Sanchez,1.0,0.0,1.0,0.0,0.0,3.8000000000000003,MIA,2026,pit,RP
sa3021549,Lucas Gordillo,1.0,0.0,1.0,0.0,0.0,3.8000000000000003,,2026,pit,RP
sa3016013,Deivy Cruz,1.0,0.0,1.0,0.0,0.0,3.8000000000000003,BAL,2026,pit,RP
sa3019885,Alexis Liebano,1.0,0.0,1.0,0.0,0.0,3.8000000000000003,ARI,2026,pit,RP
sa3022801,Raymon Rosario,0.8169,0.0389,1.0,0.0,0.0,3.8000000000000003,PHI,2026,pit,RP
sa3018372,Rolando Gutierrez,0.7403,0.0553,1.0,0.0,0.0,3.8000000000000003,,2026,pit,RP
sa3067508,Logan Berrier,1.0,0.0,1.0,0.0,0.0,3.8000000000000003,DET,2026,pit,RP
sa3017914,Eric Cerantola,12.0,0.0,12.0,0.0,0.666,40.600000000000016,KCR,2026,pit,RP
sa3022006,Yovannki Pascual,0.8747,0.0267,1.0,0.0,0.0,3.8000000000000003,,2026,pit,RP
sa3023037,Donye Evans,0.8714,0.0274,1.0,0.0,0.0,3.8000000000000003,DET,2026,pit,RP
sa1172219,Brock Whittlesey,1.0,0.0,1.0,0.0,0.0,3.8000000000000003,,2026,pit,RP
sa3066527,Zander Sechrist,1.0,0.0,1.0,0.0,0.0,3.8000000000000003,MIN,2026,pit,RP
sa3025855,Dash Albus,0.8285,0.0365,1.0,0.0,0.0,3.8000000000000003,KCR,2026,pit,RP
sa3023814,Alan Reyes,0.8755,0.0265,1.0,0.0,0.0,3.8000000000000003,STL,2026,pit,RP
sa3023480,Thomas Bruss,1.0,0.0,1.0,0.0,0.0,3.8000000000000003,DET,2026,pit,RP
sa3019849,Ethan Hammerberg,1.0,0.0,1.0,0.0,0.0,3.8000000000000003,CHW,2026,pit,RP
sa3021805,Luis Avila,1.0,0.0,1.0,0.0,0.0,3.8000000000000003,PHI,2026,pit,RP
sa3018286,Albert Rivas,1.0,0.0,1.0,0.0,0.0,3.8000000000000003,,2026,pit,RP
sa3015456,Franyelson Rodriguez,1.0,0.0,1.0,0.0,0.0,3.8000000000000003,,2026,pit,RP
sa3017823,Yenfri Sosa,1.0,0.0,1.0,0.0,0.0,3.8000000000000003,KCR,2026,pit,RP
sa3005258,Junior Mieses,1.0,0.0,1.0,0.0,0.0,3.8000000000000003,,2026,pit,RP
sa3023173,Timmy Manning,1.0,0.0,1.0,0.0,0.0,3.8000000000000003,,2026,pit,RP
sa3022738,William Privette,0.8994,0.0214,1.0,0.0,0.0,3.8000000000000003,TEX,2026,pit,RP
sa3018364,Julio Zapata,1.0,0.0,1.0,0.0,0.0,3.8000000000000003,CLE,2026,pit,RP
sa3019745,Kleyderve Andrade,1.0,0.0,1.0,0.0,0.0,3.8000000000000003,PHI,2026,pit,RP
sa3021494,Angel Anazco,0.7988,0.0428,1.0,0.0,0.0,3.8000000000000003,TEX,2026,pit,RP
sa3042417,Ryan Slater,1.0,0.0,1.0,0.0,0.0,3.8000000000000003,SFG,2026,pit,RP
sa3008723,Frander Veras,1.0,0.0,1.0,0.0,0.0,3.8000000000000003,,2026,pit,RP
sa3014704,Ruben Salinas,1.0,0.0,1.0,0.0,0.0,3.8000000000000003,,2026,pit,RP
sa3025654,Brock Moore,1.0,0.0,1.0,0.0,0.0,3.8000000000000003,SEA,2026,pit,RP
sa3005688,Alan Mundo,1.0,0.0,1.0,0.0,0.0,3.8000000000000003,,2026,pit,RP
sa3024196,Orlando Gonzalez,0.7741,0.0481,1.0,0.0,0.0,3.8000000000000003,PHI,2026,pit,RP
sa3067089,Mailon Felix,1.0,0.0,1.0,0.0,0.0,3.8000000000000003,TEX,2026,pit,RP
sa3017150,Haminton Mendez,1.0,0.0,1.0,0.0,0.0,3.8000000000000003,LAA,2026,pit,RP
sa3045583,Christian Worley,1.0,0.0,1.0,0.0,0.0,3.8000000000000003,STL,2026,pit,RP
sa3005196,Sergio Morillo,1.0,0.0,1.0,0.0,0.0,3.8000000000000003,,2026,pit,RP
sa3022879,Hunter Kublick,0.7221,0.0591,1.0,0.0,0.0,3.8000000000000003,STL,2026,pit,RP
sa3019661,Anthony Garcia,1.0,0.0,1.0,0.0,0.0,3.8000000000000003,,2026,pit,RP
sa3021752,Jorge Minyety,1.0,0.0,1.0,0.0,0.0,3.8000000000000003,,2026,pit,RP
sa3022650,Samuel Carpio,1.0,0.0,1.0,0.0,0.0,3.8000000000000003,MIA,2026,pit,RP
sa3019129,Eligio Paredes,1.0,0.0,1.0,0.0,0.0,3.8000000000000003,,2026,pit,RP
sa3021986,Zack Qin,0.6496,0.0746,1.0,0.0,0.0,3.8000000000000003,SDP,2026,pit,RP
17755,Drew Smith,24.0,0.0,24.0,0.0,0.6461,88.20000000000003,WSN,2026,pit,RP
sa3005697,Luis Barroso,0.8499,0.0319,1.0,0.0,0.0,3.8000000000000003,,2026,pit,RP
sa3018900,Moises Brito,0.7394,0.0554,1.0,0.0,0.0,3.8000000000000003,,2026,pit,RP
sa3019696,Fraynel Nova,1.0,0.0,1.0,0.0,0.0,3.8000000000000003,KCR,2026,pit,RP
sa3016739,Luis Polanco,1.0,0.0,1.0,0.0,0.0,3.8000000000000003,,2026,pit,RP
sa3068844,Domenic Picone,1.0,0.0,1.0,0.0,0.0,3.8000000000000003,STL,2026,pit,RP
sa3020332,Rob Hensey,0.549,0.096,1.0,0.0,0.0,3.8000000000000003,,2026,pit,RP
sa3006414,Angel Cuenca,1.0,0.0,1.0,0.0,0.0,3.8000000000000003,,2026,pit,RP
sa3020801,Elliot Johnstone,1.0,0.0,1.0,0.0,0.0,3.8000000000000003,,2026,pit,RP
sa3023178,Kannon Handy,0.5836,0.0886,1.0,0.0,0.0,3.8000000000000003,,2026,pit,RP
sa3020559,Brady Hill,1.0,0.0,1.0,0.0,0.0,3.8000000000000003,WSN,2026,pit,RP
sa3018267,Logan Lyle,0.8763,0.0263,1.0,0.0,0.0,3.8000000000000003,,2026,pit,RP
sa3020677,Dylan Lesko,0.8738,0.0268,1.0,0.0,0.0,3.8000000000000003,TBR,2026,pit,RP
sa3020821,Garrett Apker,1.0,0.0,1.0,0.0,0.0,3.8000000000000003,HOU,2026,pit,RP
sa3032609,Evan Gray,1.0,0.0,1.0,0.0,0.0,3.8000000000000003,SFG,2026,pit,RP
sa3067459,Yulian Quintana,0.6891,0.0661,1.0,0.0,0.0,3.8000000000000003,PIT,2026,pit,RP
sa3009220,Samuel Valerio,1.0,0.0,1.0,0.0,0.0,3.8000000000000003,,2026,pit,RP
sa3024201,Justin Chambers,0.8565,0.0305,1.0,0.0,0.0,3.8000000000000003,LAD,2026,pit,RP
sa3021983,Kyle Larsen,1.0,0.0,1.0,0.0,0.0,3.8000000000000003,PIT,2026,pit,RP
sa917804,Yeremin Lara,1.0,0.0,1.0,0.0,0.0,3.8000000000000003,,2026,pit,RP
sa3015495,Luis Viloria,1.0,0.0,1.0,0.0,0.0,3.8000000000000003,,2026,pit,RP
sa3019521,Anthony Narvaez,0.8425,0.0335,1.0,0.0,0.0,3.8000000000000003,,2026,pit,RP
sa3039330,Liam Paddack,1.0,0.0,1.0,0.0,0.0,3.8000000000000003,CHW,2026,pit,RP
sa3016815,Jose Chavez,1.0,0.0,1.0,0.0,0.0,3.8000000000000003,,2026,pit,RP
sa3025522,Bennett Flynn,1.0,0.0,1.0,0.0,0.0,3.8000000000000003,,2026,pit,RP
sa3015479,Junior Flores,1.0,0.0,1.0,0.0,0.0,3.8000000000000003,PIT,2026,pit,RP
sa3067028,Cody Morse,0.906,0.02,1.0,0.0,0.0,3.8000000000000003,LAD,2026,pit,RP
sa3017753,Josh Swales,1.0,0.0,1.0,0.0,0.0,3.8000000000000003,,2026,pit,RP
sa3011133,Chad Bryant,1.0,0.0,1.0,0.0,0.0,3.8000000000000003,,2026,pit,RP
sa3023284,Zac Addkison,0.7271,0.0581,1.0,0.0,0.0,3.8000000000000003,,2026,pit,RP
sa3021812,Bernard Jose,1.0,0.0,1.0,0.0,0.0,3.8000000000000003,SDP,2026,pit,RP
sa549629,Seon Gi Kim,0.5663,0.0923,1.0,0.0,0.0,3.8000000000000003,,2026,pit,RP
sa3009504,Jorge Gonzalez,1.0,0.0,1.0,0.0,0.0,3.8000000000000003,,2026,pit,RP
sa3015925,Jesus Luna,1.0,0.0,1.0,0.0,0.0,3.8000000000000003,,2026,pit,RP
sa3019632,Eminen Flores,1.0,0.0,1.0,0.0,0.0,3.8000000000000003,TOR,2026,pit,RP
sa3009484,Yaifer Perdomo,1.0,0.0,1.0,0.0,0.0,3.8000000000000003,,2026,pit,RP
sa3029280,Nick Conte,1.0,0.0,1.0,0.0,0.0,3.8000000000000003,KCR,2026,pit,RP
sa3017067,Harry Rutkowski,1.0,0.0,1.0,0.0,0.0,3.8000000000000003,,2026,pit,RP
sa3021467,Cole Stupp,0.6702,0.0702,1.0,0.0,0.0,3.8000000000000003,,2026,pit,RP
sa3009508,Dwayne Matos,1.0,0.0,1.0,0.0,0.0,3.8000000000000003,,2026,pit,RP
sa3015994,Pedro Reyes,0.5877,0.0877,1.0,0.0,0.0,3.8000000000000003,,2026,pit,RP
sa3020947,Liam Doolan,1.0,0.0,1.0,0.0,0.0,3.8000000000000003,,2026,pit,RP
sa3023447,Hunter Furtado,1.0,0.0,1.0,0.0,0.0,3.8000000000000003,PIT,2026,pit,RP
sa3015933,Eurys Martich,0.638,0.077,1.0,0.0,0.0,3.8000000000000003,HOU,2026,pit,RP
sa3008164,Miguel Vinicio,1.0,0.0,1.0,0.0,0.0,3.8000000000000003,,2026,pit,RP
sa3021492,Julio Rosario,1.0,0.0,1.0,0.0,0.0,3.8000000000000003,,2026,pit,RP
sa3067029,Jackson Dannelley,1.0,0.0,1.0,0.0,0.0,3.8000000000000003,ATL,2026,pit,RP
sa3018865,Danny Hilario,1.0,0.0,1.0,0.0,0.0,3.8000000000000003,TBR,2026,pit,RP
sa3023652,Igor Gil,1.0,0.0,1.0,0.0,0.0,3.8000000000000003,SDP,2026,pit,RP
sa3025114,Justin Showalter,1.0,0.0,1.0,0.0,0.0,3.8000000000000003,,2026,pit,RP
sa3007468,Yeury Gervacio,1.0,0.0,1.0,0.0,0.0,3.8000000000000003,,2026,pit,RP
sa3067088,Jack Eshleman,1.0,0.0,1.0,0.0,0.0,3.8000000000000003,TOR,2026,pit,RP
sa3009469,Elvis Jerez,1.0,0.0,1.0,0.0,0.0,3.8000000000000003,,2026,pit,RP
sa3033115,Tyler Hampu,1.0,0.0,1.0,0.0,0.0,3.8000000000000003,COL,2026,pit,RP
sa3004802,Michele Vassalotti,1.0,0.0,1.0,0.0,0.0,3.8000000000000003,,2026,pit,RP
sa3008699,Jesus Cruz,1.0,0.0,1.0,0.0,0.0,3.8000000000000003,,2026,pit,RP
sa3019718,Eliseo Mota,1.0,0.0,1.0,0.0,0.0,3.8000000000000003,DET,2026,pit,RP
sa3015667,Grabiel Salazar,1.0,0.0,1.0,0.0,0.0,3.8000000000000003,,2026,pit,RP
sa3033030,Jakob Hall,0.6908,0.0658,1.0,0.0,0.0,3.8000000000000003,MIN,2026,pit,RP
sa3017533,Peyton Glavine,0.7642,0.0502,1.0,0.0,0.0,3.8000000000000003,ATL,2026,pit,RP
sa3025543,Jimmy Romano,1.0,0.0,1.0,0.0,0.0,3.8000000000000003,CIN,2026,pit,RP
sa3020900,Christian Ruebeck,1.0,0.0,1.0,0.0,0.0,3.8000000000000003,LAD,2026,pit,RP
sa3023703,Roberto Perez,1.0,0.0,1.0,0.0,0.0,3.8000000000000003,SEA,2026,pit,RP
sa3019491,Eddy Alberto,1.0,0.0,1.0,0.0,0.0,3.8000000000000003,,2026,pit,RP
sa3008580,Royman Blanco,0.8887,0.0237,1.0,0.0,0.0,1.8000000000000003,,2026,pit,RP
sa3015491,Jesus Clode,1.0,0.0,1.0,0.0,0.0,3.8000000000000003,,2026,pit,RP
sa3016589,Luis Tejeda,1.0,0.0,1.0,0.0,0.0,3.8000000000000003,,2026,pit,RP
sa3016486,Isaias Uribe,1.0,0.0,1.0,0.0,0.0,3.8000000000000003,PIT,2026,pit,RP
sa3009936,Edgar Isea,1.0,0.0,1.0,0.0,0.0,3.8000000000000003,,2026,pit,RP
sa3017722,Marc Davis,1.0,0.0,1.0,0.0,0.0,3.8000000000000003,,2026,pit,RP
sa3021030,Sandro Santana,1.0,0.0,1.0,0.0,0.0,3.8000000000000003,ARI,2026,pit,RP
sa3006615,Danny Moreno,1.0,0.0,1.0,0.0,0.0,3.8000000000000003,,2026,pit,RP
sa3024276,Angel Perez,1.0,0.0,1.0,0.0,0.0,3.8000000000000003,CLE,2026,pit,RP
sa3021509,Luis Beltrán,1.0,0.0,1.0,0.0,0.0,3.8000000000000003,BAL,2026,pit,RP
sa3019382,Bryan Rivera,0.6661,0.0711,1.0,0.0,0.0,3.8000000000000003,MIL,2026,pit,RP
sa3024950,Jesus Lafalaise,0.5036,0.1056,1.0,0.0,0.0,3.8000000000000003,TEX,2026,pit,RP
sa3002816,Kelvin Nunez,0.6487,0.0747,1.0,0.0,0.0,3.8000000000000003,,2026,pit,RP
sa3017999,Dominic Hambley,1.0,0.0,1.0,0.0,0.0,3.8000000000000003,CHC,2026,pit,RP
sa3017618,Alejandro Gomez,1.0,0.0,1.0,0.0,0.0,3.8000000000000003,,2026,pit,RP
sa3006385,Joseph Hernandez,1.0,0.0,1.0,0.0,0.0,3.8000000000000003,,2026,pit,RP
sa3011436,Darlin Alcántara,1.0,0.0,1.0,0.0,0.0,3.8000000000000003,,2026,pit,RP
sa3006502,Wardquelin Vasquez,1.0,0.0,1.0,0.0,0.0,3.8000000000000003,,2026,pit,RP
19274,Jacob Webb,54.0,0.0,54.0,0.0,10.7059,240.60000000000005,CHC,2026,pit,RP
sa3019295,Jesus Mendez,1.0,0.0,1.0,0.0,0.0,3.8000000000000003,CHW,2026,pit,RP
sa3008333,Nick Thwaits,1.0,0.0,1.0,0.0,0.0,3.8000000000000003,,2026,pit,RP
sa3021980,Joseph Yabbour,1.0,0.0,1.0,0.0,0.0,3.8000000000000003,CHW,2026,pit,RP
sa3020631,Alex Bustamante,1.0,0.0,1.0,0.0,0.0,3.8000000000000003,,2026,pit,RP
sa3020561,Reese Sharp,0.8953,0.0223,1.0,0.0,0.0,3.8000000000000003,,2026,pit,RP
sa3020326,Dylan Nedved,1.0,0.0,1.0,0.0,0.0,3.8000000000000003,,2026,pit,RP
sa3009753,Miguel Alfonseca,1.0,0.0,1.0,0.0,0.0,3.8000000000000003,,2026,pit,RP
sa3018361,Felix Castro,0.8994,0.0214,1.0,0.0,0.0,3.8000000000000003,ATH,2026,pit,RP
sa3016519,Eliander Alcalde,0.8104,0.0404,1.0,0.0,0.0,3.8000000000000003,TOR,2026,pit,RP
sa3006127,Carlos Guarate,0.8969,0.0219,1.0,0.0,0.0,3.8000000000000003,,2026,pit,RP
sa3018351,Kendeglys Virguez,1.0,0.0,1.0,0.0,0.0,3.8000000000000003,CLE,2026,pit,RP
sa3015997,Ulices Campos,1.0,0.0,1.0,0.0,0.0,3.8000000000000003,,2026,pit,RP
sa3023096,Breck Eichelberger,0.6248,0.0798,1.0,0.0,0.0,3.8000000000000003,,2026,pit,RP
sa3009558,Bryan Sanchez,1.0,0.0,1.0,0.0,0.0,3.8000000000000003,,2026,pit,RP
sa3020455,Christian Ciuffetelli,1.0,0.0,1.0,0.0,0.0,3.8000000000000003,,2026,pit,RP
sa3067102,Charlie Hurley,1.0,0.0,1.0,0.0,0.0,3.8000000000000003,,2026,pit,RP
sa3015012,Connor Pellerin,1.0,0.0,1.0,0.0,0.0,3.8000000000000003,,2026,pit,RP
sa3027909,Ryan Bruno,1.0,0.0,1.0,0.0,0.0,3.8000000000000003,ARI,2026,pit,RP
sa3020990,Wilfred Alvarado,1.0,0.0,1.0,0.0,0.0,3.8000000000000003,ATH,2026,pit,RP
sa3044503,Mike Villani,1.0,0.0,1.0,0.0,0.0,3.8000000000000003,CIN,2026,pit,RP
sa3021483,Shawndrick Oduber,1.0,0.0,1.0,0.0,0.0,3.8000000000000003,,2026,pit,RP
sa3067071,Garrett Hodges,1.0,0.0,1.0,0.0,0.0,3.8000000000000003,MIL,2026,pit,RP
sa3023252,Chase Hopewell,1.0,0.0,1.0,0.0,0.0,3.8000000000000003,,2026,pit,RP
sa3025520,Pierce George,1.0,0.0,1.0,0.0,0.0,3.8000000000000003,CHW,2026,pit,RP
sa3017938,Gabe Emmett,0.5737,0.0907,1.0,0.0,0.0,3.8000000000000003,,2026,pit,RP
sa3020973,Garrett Ramsey,1.0,0.0,1.0,0.0,0.0,3.8000000000000003,,2026,pit,RP
sa3011624,Deretd Parra,1.0,0.0,1.0,0.0,0.0,3.8000000000000003,,2026,pit,RP
sa3015957,Daniel Gonzalez,1.0,0.0,1.0,0.0,0.0,3.8000000000000003,,2026,pit,RP
sa3020601,Lluveres Severino,1.0,0.0,1.0,0.0,0.0,3.8000000000000003,TOR,2026,pit,RP
sa3027900,Gavin Bruni,1.0,0.0,1.0,0.0,0.0,3.8000000000000003,WSN,2026,pit,RP
sa3015496,Fernando Guanare,1.0,0.0,1.0,0.0,0.0,3.8000000000000003,,2026,pit,RP
sa3025572,Stephen Quigley,1.0,0.0,1.0,0.0,0.0,3.8000000000000003,CIN,2026,pit,RP
sa3020467,Javier Ramos,1.0,0.0,1.0,0.0,0.0,3.8000000000000003,,2026,pit,RP
sa3015418,César Álvarez,1.0,0.0,1.0,0.0,0.0,3.8000000000000003,,2026,pit,RP
sa3021761,David Matoma,1.0,0.0,1.0,0.0,0.0,3.8000000000000003,PIT,2026,pit,RP
sa3021479,Alix Hernandez,1.0,0.0,1.0,0.0,0.0,3.8000000000000003,SFG,2026,pit,RP
sa3024611,Jhoster Baez,0.779,0.047,1.0,0.0,0.0,3.8000000000000003,HOU,2026,pit,RP
sa3020820,Ben Ethridge,1.0,0.0,1.0,0.0,0.0,3.8000000000000003,,2026,pit,RP
sa3020557,Graham Firoved,1.0,0.0,1.0,0.0,0.0,3.8000000000000003,,2026,pit,RP
sa3022132,Frank Martinez,1.0,0.0,1.0,0.0,0.0,3.8000000000000003,TEX,2026,pit,RP
sa3011859,Ezequiel Ventura,1.0,0.0,1.0,0.0,0.0,3.8000000000000003,,2026,pit,RP
sa3020596,Josh Bortka,1.0,0.0,1.0,0.0,0.0,3.8000000000000003,,2026,pit,RP
sa3039129,Bryant Olson,1.0,0.0,1.0,0.0,0.0,3.8000000000000003,WSN,2026,pit,RP
sa3025608,Tyler Stasiowski,1.0,0.0,1.0,0.0,0.0,3.8000000000000003,,2026,pit,RP
sa3009229,Jorge Garcia,0.8705,0.0275,1.0,0.0,0.0,3.8000000000000003,,2026,pit,RP
sa3016063,Deyer Zapata,1.0,0.0,1.0,0.0,0.0,3.8000000000000003,ARI,2026,pit,RP
sa3025300,Jay Schueler,1.0,0.0,1.0,0.0,0.0,3.8000000000000003,TOR,2026,pit,RP
sa3015619,Francis Reynoso,1.0,0.0,1.0,0.0,0.0,3.8000000000000003,,2026,pit,RP
sa3017937,Aaron Holiday,1.0,0.0,1.0,0.0,0.0,3.8000000000000003,STL,2026,pit,RP
sa3020256,Liam Simon,1.0,0.0,1.0,0.0,0.0,3.8000000000000003,SFG,2026,pit,RP
sa3023095,Doug Kirkland,1.0,0.0,1.0,0.0,0.0,3.8000000000000003,,2026,pit,RP
sa3067389,Griffin Tobias,0.558,0.094,1.0,0.0,0.0,3.8000000000000003,MIL,2026,pit,RP
sa3009212,Luis Talavera,1.0,0.0,1.0,0.0,0.0,3.8000000000000003,,2026,pit,RP
17948,Trent Thornton,22.0,0.0,22.0,0.0,0.7209,83.7,CHC,2026,pit,RP
sa3021817,Engert Garcia,0.8821,0.0251,1.0,0.0,0.0,3.8000000000000003,,2026,pit,RP
sa3015497,Lisandro Almonte,1.0,0.0,1.0,0.0,0.0,3.8000000000000003,CHC,2026,pit,RP
sa3007935,Leury Tejada,0.7774,0.0474,1.0,0.0,0.0,3.8000000000000003,,2026,pit,RP
sa3023443,Gabe Starks,1.0,0.0,1.0,0.0,0.0,3.8000000000000003,CIN,2026,pit,RP
sa3016847,Luis Alvarez,1.0,0.0,1.0,0.0,0.0,3.8000000000000003,NYM,2026,pit,RP
sa3020981,Luis De La Cruz,0.6842,0.0672,1.0,0.0,0.0,3.8000000000000003,MIA,2026,pit,RP
sa3021526,Dariel Francia,0.8392,0.0342,1.0,0.0,0.0,3.8000000000000003,PIT,2026,pit,RP
sa3017767,Cesar De Jesus,1.0,0.0,1.0,0.0,0.0,3.8000000000000003,TBR,2026,pit,RP
sa3011441,Issac Solano,1.0,0.0,1.0,0.0,0.0,3.8000000000000003,,2026,pit,RP
sa3018816,Adilson Peralta,0.8738,0.0268,1.0,0.0,0.0,3.8000000000000003,PHI,2026,pit,RP
sa3020442,Wesley Scott,1.0,0.0,1.0,0.0,0.0,3.8000000000000003,,2026,pit,RP
sa3008445,Tomas Reyes,1.0,0.0,1.0,0.0,0.0,3.8000000000000003,,2026,pit,RP
sa3009788,Wilmer Ortega,1.0,0.0,1.0,0.0,0.0,3.8000000000000003,,2026,pit,RP
sa3019127,Leomar Rosario,0.7164,0.0604,1.0,0.0,0.0,3.8000000000000003,HOU,2026,pit,RP
sa3008487,Wilkelma Castillo,0.6248,0.0798,1.0,0.0,0.0,3.8000000000000003,,2026,pit,RP
sa3009525,Luis Almonte,1.0,0.0,1.0,0.0,0.0,3.8000000000000003,,2026,pit,RP
sa3021987,Jose Varela,0.6553,0.0733,1.0,0.0,0.0,3.8000000000000003,HOU,2026,pit,RP
sa3018890,Antonio Florido,1.0,0.0,1.0,0.0,0.0,3.8000000000000003,DET,2026,pit,RP
sa3018041,Greiber Mendez,0.737,0.056,1.0,0.0,0.0,3.8000000000000003,PIT,2026,pit,RP
sa3018812,Luis Hernandez,1.0,0.0,1.0,0.0,0.0,3.8000000000000003,,2026,pit,RP
sa3023376,Aaron Nixon,1.0,0.0,1.0,0.0,0.0,3.8000000000000003,NYY,2026,pit,RP
sa3019157,Wilson Esterlin,1.0,0.0,1.0,0.0,0.0,3.8000000000000003,,2026,pit,RP
sa3018303,Reynaldo Yean,1.0,0.0,1.0,0.0,0.0,3.8000000000000003,LAD,2026,pit,RP
sa3020320,Jaren Zinn,1.0,0.0,1.0,0.0,0.0,3.8000000000000003,,2026,pit,RP
sa3017014,Bryan Perez,1.0,0.0,1.0,0.0,0.0,3.8000000000000003,,2026,pit,RP
sa3020339,Zach Veen,1.0,0.0,1.0,0.0,0.0,3.8000000000000003,,2026,pit,RP
sa3008477,Jean Correa,1.0,0.0,1.0,0.0,0.0,3.8000000000000003,,2026,pit,RP
sa3015312,Javier Chacon,1.0,0.0,1.0,0.0,0.0,3.8000000000000003,SDP,2026,pit,RP
sa3017013,Abel Mercedes,1.0,0.0,1.0,0.0,0.0,3.8000000000000003,ATH,2026,pit,RP
sa3025548,Ethan Sloan,1.0,0.0,1.0,0.0,0.0,3.8000000000000003,DET,2026,pit,RP
sa3025496,Sean Barnett,1.0,0.0,1.0,0.0,0.0,3.8000000000000003,SDP,2026,pit,RP
sa3018820,Bryan Bautista,1.0,0.0,1.0,0.0,0.0,3.8000000000000003,,2026,pit,RP
sa3020620,Mack Anglin,0.9357,0.0137,1.0,0.0,0.0,3.8000000000000003,KCR,2026,pit,RP
sa3022914,Josh Harlow,1.0,0.0,1.0,0.0,0.0,3.8000000000000003,CLE,2026,pit,RP
sa3018819,Andinson Ferrer,1.0,0.0,1.0,0.0,0.0,3.8000000000000003,,2026,pit,RP
sa3015490,Jose Garces,1.0,0.0,1.0,0.0,0.0,3.8000000000000003,PIT,2026,pit,RP
sa3011785,Alejandro Méndez,1.0,0.0,1.0,0.0,0.0,3.8000000000000003,,2026,pit,RP
sa3018857,Mauricio Estrella,1.0,0.0,1.0,0.0,0.0,3.8000000000000003,SFG,2026,pit,RP
sa3021475,Abel Fuerte,1.0,0.0,1.0,0.0,0.0,3.8000000000000003,,2026,pit,RP
sa3020955,Caswell Smith,0.8499,0.0319,1.0,0.0,0.0,3.8000000000000003,,2026,pit,RP
sa3017499,Hunter Breault,1.0,0.0,1.0,0.0,0.0,1.8000000000000003,ATH,2026,pit,RP
sa3025646,Jake Jekielek,1.0,0.0,1.0,0.0,0.0,3.8000000000000003,TEX,2026,pit,RP
sa3025306,Justin Loer,1.0,0.0,1.0,0.0,0.0,3.8000000000000003,COL,2026,pit,RP
sa3034262,Gus Hughes,1.0,0.0,1.0,0.0,0.0,3.8000000000000003,NYY,2026,pit,RP
sa3022240,Simon Leandro,1.0,0.0,1.0,0.0,0.0,3.8000000000000003,,2026,pit,RP
sa3018807,Anfernny Reyes,1.0,0.0,1.0,0.0,0.0,3.8000000000000003,MIL,2026,pit,RP
sa3008137,Victor Villanueva,1.0,0.0,1.0,0.0,0.0,3.8000000000000003,,2026,pit,RP
sa3067066,Rolando De La Cruz,1.0,0.0,1.0,0.0,0.0,3.8000000000000003,,2026,pit,RP
sa3011658,Josh Gessner,1.0,0.0,1.0,0.0,0.0,3.8000000000000003,,2026,pit,RP
sa3023225,Owen Stevenson,1.0,0.0,1.0,0.0,0.0,3.8000000000000003,,2026,pit,RP
sa3020892,Miguel Fulgencio,1.0,0.0,1.0,0.0,0.0,3.8000000000000003,,2026,pit,RP
sa3022958,Tom Reisinger,1.0,0.0,1.0,0.0,0.0,3.8000000000000003,ATH,2026,pit,RP
sa3016009,Tomas Cleto,0.6026,0.0846,1.0,0.0,0.0,3.8000000000000003,,2026,pit,RP
sa3018910,Joseilyn Gonzalez,0.906,0.02,1.0,0.0,0.0,3.8000000000000003,LAD,2026,pit,RP
sa3019162,Moises Palma,1.0,0.0,1.0,0.0,0.0,3.8000000000000003,TBR,2026,pit,RP
sa3015329,Miguel Gil,1.0,0.0,1.0,0.0,0.0,3.8000000000000003,,2026,pit,RP
sa3015154,Kelvin Perez,1.0,0.0,1.0,0.0,0.0,3.8000000000000003,,2026,pit,RP
sa3067452,Grant Cherry,1.0,0.0,1.0,0.0,0.0,3.8000000000000003,TEX,2026,pit,RP
sa3034688,Luke Jewett,1.0,0.0,1.0,0.0,0.0,3.8000000000000003,COL,2026,pit,RP
sa3024794,Wilfredo Henriquez,1.0,0.0,1.0,0.0,0.0,3.8000000000000003,,2026,pit,RP
sa3067086,Shay Timmer,1.0,0.0,1.0,0.0,0.0,3.8000000000000003,DET,2026,pit,RP
sa3022106,Sunayro Martina,0.5786,0.0896,1.0,0.0,0.0,3.8000000000000003,NYY,2026,pit,RP
sa3016621,Gerson Calzadilla,1.0,0.0,1.0,0.0,0.0,3.8000000000000003,,2026,pit,RP
sa3015950,Manuel De La Rosa,1.0,0.0,1.0,0.0,0.0,3.8000000000000003,,2026,pit,RP
sa3023045,Blake Whiting,1.0,0.0,1.0,0.0,0.0,3.8000000000000003,,2026,pit,RP
sa3015970,Ronny Chalas,1.0,0.0,1.0,0.0,0.0,3.8000000000000003,,2026,pit,RP
sa3017321,Jordarlin Mendoza,0.7469,0.0539,1.0,0.0,0.0,3.8000000000000003,NYY,2026,pit,RP
sa3018353,Luis Ramirez,1.0,0.0,1.0,0.0,0.0,3.8000000000000003,MIA,2026,pit,RP
sa3017984,Luke Anderson,1.0,0.0,1.0,0.0,0.0,3.8000000000000003,,2026,pit,RP
sa3018835,Ernesto Mercedes,0.5613,0.0933,1.0,0.0,0.0,3.8000000000000003,NYM,2026,pit,RP
sa3023405,Shane Marshall,1.0,0.0,1.0,0.0,0.0,3.8000000000000003,,2026,pit,RP
sa3011812,Luis Vizcaino,1.0,0.0,1.0,0.0,0.0,3.8000000000000003,,2026,pit,RP
sa3005448,Carlos De Los Santos,1.0,0.0,1.0,0.0,0.0,3.8000000000000003,,2026,pit,RP
sa3015429,Jeremy Peguero,1.0,0.0,1.0,0.0,0.0,3.8000000000000003,,2026,pit,RP
sa3067251,Connor Godwin,1.0,0.0,1.0,0.0,0.0,3.8000000000000003,LAD,2026,pit,RP
sa3023105,Liam Rocha,1.0,0.0,1.0,0.0,0.0,3.8000000000000003,,2026,pit,RP
sa3027731,Sam Brodersen,1.0,0.0,1.0,0.0,0.0,3.8000000000000003,STL,2026,pit,RP
sa3016030,Kikito Severino,0.5094,0.1044,1.0,0.0,0.0,3.8000000000000003,,2026,pit,RP
sa3021016,Lewis Sifontes,0.6595,0.0725,1.0,0.0,0.0,3.8000000000000003,ATL,2026,pit,RP
sa918899,Pedro Alfonseca,1.0,0.0,1.0,0.0,0.0,3.8000000000000003,,2026,pit,RP
sa3019179,Jordy Luciano,1.0,0.0,1.0,0.0,0.0,3.8000000000000003,,2026,pit,RP
sa3023599,Dominic Scheffler,1.0,0.0,1.0,0.0,0.0,3.8000000000000003,CIN,2026,pit,RP
sa3010370,Horacio Andujar,1.0,0.0,1.0,0.0,0.0,3.8000000000000003,,2026,pit,RP
sa3019627,Ben Serunkuma,1.0,0.0,1.0,0.0,0.0,3.8000000000000003,,2026,pit,RP
sa3020877,Seth Nightingale,1.0,0.0,1.0,0.0,0.0,3.8000000000000003,,2026,pit,RP
sa3016270,Ismael Michel,1.0,0.0,1.0,0.0,0.0,3.8000000000000003,,2026,pit,RP
sa3019250,Josbel Garcia,1.0,0.0,1.0,0.0,0.0,3.8000000000000003,PHI,2026,pit,RP
sa3023668,Charles Harrison,1.0,0.0,1.0,0.0,0.0,3.8000000000000003,STL,2026,pit,RP
sa3016605,Michael Vilchez,1.0,0.0,1.0,0.0,0.0,3.8000000000000003,,2026,pit,RP
sa3067260,Ethan Bell,1.0,0.0,1.0,0.0,0.0,3.8000000000000003,CHC,2026,pit,RP
sa3021523,Wuilliams Rodriguez,0.8549,0.0309,1.0,0.0,0.0,3.8000000000000003,BOS,2026,pit,RP
sa3019643,Yordy Herrera,1.0,0.0,1.0,0.0,0.0,3.8000000000000003,STL,2026,pit,RP
sa3025354,Kenny Leiner,1.0,0.0,1.0,0.0,0.0,3.8000000000000003,BAL,2026,pit,RP
sa3015219,Luis Sánchez,1.0,0.0,1.0,0.0,0.0,3.8000000000000003,,2026,pit,RP
sa3019490,Yensy Bello,1.0,0.0,1.0,0.0,0.0,3.8000000000000003,LAA,2026,pit,RP
sa3020084,Felipe Bello,1.0,0.0,1.0,0.0,0.0,3.8000000000000003,,2026,pit,RP
sa3011137,Nolberto Henriquez,1.0,0.0,1.0,0.0,0.0,3.8000000000000003,,2026,pit,RP
sa3006521,Wuardo Fernandez,1.0,0.0,1.0,0.0,0.0,3.8000000000000003,,2026,pit,RP
sa3025331,Jake Faherty,1.0,0.0,1.0,0.0,0.0,3.8000000000000003,MIA,2026,pit,RP
sa3016059,Jorge De Leon,1.0,0.0,1.0,0.0,0.0,3.8000000000000003,NYM,2026,pit,RP
sa3019820,Braulio Salas,1.0,0.0,1.0,0.0,0.0,3.8000000000000003,MIA,2026,pit,RP
sa3022157,Michael Valverde,1.0,0.0,1.0,0.0,0.0,3.8000000000000003,TEX,2026,pit,RP
sa3022730,Kevin Dowdell,1.0,0.0,1.0,0.0,0.0,3.8000000000000003,,2026,pit,RP
sa3022050,Franly Urena,1.0,0.0,1.0,0.0,0.0,3.8000000000000003,TOR,2026,pit,RP
sa3019272,Jholbran Herder,0.5877,0.0877,1.0,0.0,0.0,1.8000000000000003,LAD,2026,pit,RP
sa3025536,Trent Hodgdon,1.0,0.0,1.0,0.0,0.0,3.8000000000000003,CIN,2026,pit,RP
sa3008374,Eduar Segovia,1.0,0.0,1.0,0.0,0.0,3.8000000000000003,,2026,pit,RP
sa3016259,Austin Aldeano,1.0,0.0,1.0,0.0,0.0,3.8000000000000003,,2026,pit,RP
sa3010648,Mason Denaburg,1.0,0.0,1.0,0.0,0.0,3.8000000000000003,,2026,pit,RP
sa3010251,Harif Frias,1.0,0.0,1.0,0.0,0.0,3.8000000000000003,,2026,pit,RP
sa3020607,Kristófer Bow,1.0,0.0,1.0,0.0,0.0,3.8000000000000003,,2026,pit,RP
sa3031829,Marty Gair,1.0,0.0,1.0,0.0,0.0,3.8000000000000003,PHI,2026,pit,RP
sa3011736,Jiorgeny Casimiri,1.0,0.0,1.0,0.0,0.0,3.8000000000000003,,2026,pit,RP
sa3024620,Joel Lara,0.8442,0.0332,1.0,0.0,0.0,3.8000000000000003,NYM,2026,pit,RP
sa3005709,Jose Diaz,1.0,0.0,1.0,0.0,0.0,3.8000000000000003,,2026,pit,RP
sa3024979,Elijah Pleasants,1.0,0.0,1.0,0.0,0.0,3.8000000000000003,,2026,pit,RP
sa3009253,Alejandro Lugo,0.8425,0.0335,1.0,0.0,0.0,3.8000000000000003,,2026,pit,RP
sa3020335,Cristofher Carrasco,0.7576,0.0516,1.0,0.0,0.0,3.8000000000000003,,2026,pit,RP
sa3042141,Blake Shepardson,1.0,0.0,1.0,0.0,0.0,3.8000000000000003,CHW,2026,pit,RP
sa3010248,Yoljeldriz Diaz,1.0,0.0,1.0,0.0,0.0,3.8000000000000003,,2026,pit,RP
sa3016811,Jeferson Figueroa,1.0,0.0,1.0,0.0,0.0,3.8000000000000003,,2026,pit,RP
sa3019259,Derek Corro,1.0,0.0,1.0,0.0,0.0,3.8000000000000003,,2026,pit,RP
sa3021553,Joel Canizalez,1.0,0.0,1.0,0.0,0.0,3.8000000000000003,,2026,pit,RP
sa3023210,Colson Lawrence,1.0,0.0,1.0,0.0,0.0,3.8000000000000003,,2026,pit,RP
sa3067103,Zack Tukis,0.5242,0.1012,1.0,0.0,0.0,3.8000000000000003,PHI,2026,pit,RP
sa3016496,Felix Cabrera,1.0,0.0,1.0,0.0,0.0,3.8000000000000003,,2026,pit,RP
sa3007230,Charlie Cerny,1.0,0.0,1.0,0.0,0.0,3.8000000000000003,,2026,pit,RP
sa3008716,Reny Artiles,1.0,0.0,1.0,0.0,0.0,3.8000000000000003,,2026,pit,RP
sa3023169,Garrett Brown,1.0,0.0,1.0,0.0,0.0,3.8000000000000003,,2026,pit,RP
sa3015281,Ettore Giulianelli,1.0,0.0,1.0,0.0,0.0,3.8000000000000003,CLE,2026,pit,RP
sa3016010,David Tiburcio,0.8714,0.0274,1.0,0.0,0.0,3.8000000000000003,,2026,pit,RP
sa3020564,Patrick Pridgen,0.8409,0.0339,1.0,0.0,0.0,3.8000000000000003,,2026,pit,RP
sa3022416,Justin Sanchez,1.0,0.0,1.0,0.0,0.0,3.8000000000000003,,2026,pit,RP
sa3018872,Pedro Garcia,1.0,0.0,1.0,0.0,0.0,3.8000000000000003,DET,2026,pit,RP
sa3018906,Estarlin Escalante,1.0,0.0,1.0,0.0,0.0,3.8000000000000003,,2026,pit,RP
sa3015425,Waylin Santana,0.8491,0.0321,1.0,0.0,0.0,3.8000000000000003,,2026,pit,RP
sa3025377,Donovan Zsak,1.0,0.0,1.0,0.0,0.0,3.8000000000000003,CLE,2026,pit,RP
sa3019658,Luis Germán,1.0,0.0,1.0,0.0,0.0,3.8000000000000003,SDP,2026,pit,RP
sa3021465,Michael Brewer,1.0,0.0,1.0,0.0,0.0,3.8000000000000003,,2026,pit,RP
sa3016500,Yohemy Nolasco,1.0,0.0,1.0,0.0,0.0,3.8000000000000003,,2026,pit,RP
sa3015493,Pedro Santillan,1.0,0.0,1.0,0.0,0.0,3.8000000000000003,,2026,pit,RP
sa3025301,Fulton Lockhart,1.0,0.0,1.0,0.0,0.0,3.8000000000000003,LAA,2026,pit,RP
sa3018815,Melvin Pineda,0.6957,0.0647,1.0,0.0,0.0,3.8000000000000003,SFG,2026,pit,RP
sa3019161,Edgar Leon,1.0,0.0,1.0,0.0,0.0,3.8000000000000003,LAD,2026,pit,RP
sa3017811,Jonathan Edwards,1.0,0.0,1.0,0.0,0.0,3.8000000000000003,,2026,pit,RP
sa3022322,Drew Garrett,1.0,0.0,1.0,0.0,0.0,3.8000000000000003,,2026,pit,RP
sa3021796,Nicolas De La Cruz,1.0,0.0,1.0,0.0,0.0,3.8000000000000003,BOS,2026,pit,RP
sa3018833,Rafelin Nivar,1.0,0.0,1.0,0.0,0.0,3.8000000000000003,,2026,pit,RP
sa3021815,Wilmis Paulino,1.0,0.0,1.0,0.0,0.0,3.8000000000000003,COL,2026,pit,RP
sa3025508,Eli Trop,1.0,0.0,1.0,0.0,0.0,3.8000000000000003,PHI,2026,pit,RP
sa3008131,Yoniel Ramirez,1.0,0.0,1.0,0.0,0.0,3.8000000000000003,,2026,pit,RP
sa3016279,Keiner Leon,1.0,0.0,1.0,0.0,0.0,3.8000000000000003,,2026,pit,RP
sa3015947,Antoni Cuello,1.0,0.0,1.0,0.0,0.0,3.8000000000000003,STL,2026,pit,RP
sa3018839,Pitterson Rosa,0.6941,0.0651,1.0,0.0,0.0,3.8000000000000003,PIT,2026,pit,RP
sa3022279,Jeckferxon Hernandez,1.0,0.0,1.0,0.0,0.0,3.8000000000000003,MIA,2026,pit,RP
sa3015041,Brett Lockwood,1.0,0.0,1.0,0.0,0.0,3.8000000000000003,,2026,pit,RP
sa3010675,Fran Castro,1.0,0.0,1.0,0.0,0.0,3.8000000000000003,,2026,pit,RP
sa3016457,Nathanael Cruz,1.0,0.0,1.0,0.0,0.0,3.8000000000000003,,2026,pit,RP
sa3015218,Christopher Vasquez,0.6661,0.0711,1.0,0.0,0.0,3.8000000000000003,,2026,pit,RP
sa3016711,Samuel Fabian,0.7939,0.0439,1.0,0.0,0.0,3.8000000000000003,,2026,pit,RP
sa3020809,John Lynch,1.0,0.0,1.0,0.0,0.0,3.8000000000000003,,2026,pit,RP
sa3020974,Nick Bautista III,1.0,0.0,1.0,0.0,0.0,3.8000000000000003,,2026,pit,RP
sa3015335,Nicolo Pinazzi,0.7798,0.0468,1.0,0.0,0.0,3.8000000000000003,LAA,2026,pit,RP
sa3017102,Dawry Segura,1.0,0.0,1.0,0.0,0.0,3.8000000000000003,,2026,pit,RP
sa3023035,German Fajardo,1.0,0.0,1.0,0.0,0.0,3.8000000000000003,LAA,2026,pit,RP
sa3016458,Enderjer Sifontes,1.0,0.0,1.0,0.0,0.0,3.8000000000000003,,2026,pit,RP
sa3018871,Elian Serrata,1.0,0.0,1.0,0.0,0.0,3.8000000000000003,,2026,pit,RP
sa3016199,Randy Berigüete,0.8252,0.0372,1.0,0.0,0.0,3.8000000000000003,,2026,pit,RP
sa3067034,Victor Diaz,1.0,0.0,1.0,0.0,0.0,3.8000000000000003,CIN,2026,pit,RP
sa3021025,Miguel Valdez,1.0,0.0,1.0,0.0,0.0,3.8000000000000003,,2026,pit,RP
sa3023820,Marco Barrios,1.0,0.0,1.0,0.0,0.0,3.8000000000000003,CHW,2026,pit,RP
sa3018877,Darwin Rodriguez,1.0,0.0,1.0,0.0,0.0,3.8000000000000003,MIA,2026,pit,RP
sa3021755,Jonawel Valdez,0.6982,0.0642,1.0,0.0,0.0,3.8000000000000003,PIT,2026,pit,RP
sa3021507,Ramon Henriquez,1.0,0.0,1.0,0.0,0.0,3.8000000000000003,,2026,pit,RP
sa3022649,Chris Barraza,1.0,0.0,1.0,0.0,0.0,3.8000000000000003,,2026,pit,RP
sa3018360,Juan Sanchez,1.0,0.0,1.0,0.0,0.0,3.8000000000000003,ATL,2026,pit,RP
sa3018206,Madison Jeffrey,1.0,0.0,1.0,0.0,0.0,3.8000000000000003,CHW,2026,pit,RP
sa3015633,Andy Luis,1.0,0.0,1.0,0.0,0.0,3.8000000000000003,WSN,2026,pit,RP
sa3021484,Marco Corcho,1.0,0.0,1.0,0.0,0.0,3.8000000000000003,,2026,pit,RP
sa3017874,Matt Mikulski,1.0,0.0,1.0,0.0,0.0,3.8000000000000003,,2026,pit,RP
sa3023704,Melvin Cuevas,1.0,0.0,1.0,0.0,0.0,3.8000000000000003,,2026,pit,RP
sa3019236,Owen Sharts,1.0,0.0,1.0,0.0,0.0,3.8000000000000003,,2026,pit,RP
sa3023415,Jesse Wainscott,1.0,0.0,1.0,0.0,0.0,3.8000000000000003,,2026,pit,RP
sa3016223,Francis Hernandez,0.8854,0.0244,1.0,0.0,0.0,3.8000000000000003,,2026,pit,RP
sa3016784,Gabriel Rodriguez,0.6248,0.0798,1.0,0.0,0.0,3.8000000000000003,CHW,2026,pit,RP
sa3017641,Jhonny Felix,0.8524,0.0314,1.0,0.0,0.0,3.8000000000000003,,2026,pit,RP
sa3019080,David Bracho,1.0,0.0,1.0,0.0,0.0,3.8000000000000003,CHC,2026,pit,RP
sa3020948,Eric Foggo,1.0,0.0,1.0,0.0,0.0,3.8000000000000003,,2026,pit,RP
sa3024078,Jose Cabrera,1.0,0.0,1.0,0.0,0.0,3.8000000000000003,LAD,2026,pit,RP
sa3016935,Zach Cable,1.0,0.0,1.0,0.0,0.0,3.8000000000000003,,2026,pit,RP
sa3015163,Wilber Dotel,14.0,0.0,14.0,0.0,0.6584,52.6,PIT,2026,pit,RP
sa3016022,Luigi Hernandez,0.8475,0.0325,1.0,0.0,0.0,3.8000000000000003,,2026,pit,RP
sa3019555,Dilan Figueredo,1.0,0.0,1.0,0.0,0.0,3.8000000000000003,,2026,pit,RP
sa3010836,Jose Ulloa,1.0,0.0,1.0,0.0,0.0,3.8000000000000003,,2026,pit,RP
sa3005257,Henry Valencio,1.0,0.0,1.0,0.0,0.0,3.8000000000000003,,2026,pit,RP
sa3018177,Steve Hajjar,0.7831,0.0461,1.0,0.0,0.0,3.8000000000000003,,2026,pit,RP
sa3019523,David Landeta,0.6149,0.0819,1.0,0.0,0.0,3.8000000000000003,HOU,2026,pit,RP
sa3020944,Adam Stone,1.0,0.0,1.0,0.0,0.0,3.8000000000000003,CHC,2026,pit,RP
sa3020266,Ryan Chasse,1.0,0.0,1.0,0.0,0.0,3.8000000000000003,,2026,pit,RP
sa3020446,Chandler Arnold,0.8804,0.0254,1.0,0.0,0.0,3.8000000000000003,,2026,pit,RP
sa3009326,Joel Ibarra,1.0,0.0,1.0,0.0,0.0,3.8000000000000003,LAD,2026,pit,RP
sa3018346,José Fernández,1.0,0.0,1.0,0.0,0.0,3.8000000000000003,,2026,pit,RP
sa3023452,Ben Petschke,1.0,0.0,1.0,0.0,0.0,3.8000000000000003,HOU,2026,pit,RP
sa3023214,Danny Carrion,1.0,0.0,1.0,0.0,0.0,3.8000000000000003,,2026,pit,RP
sa3017859,Eris Rodríguez,1.0,0.0,1.0,0.0,0.0,3.8000000000000003,,2026,pit,RP
sa3016774,Starlyn Pichardo,1.0,0.0,1.0,0.0,0.0,3.8000000000000003,,2026,pit,RP
sa3066024,Cole Zaffiro,1.0,0.0,1.0,0.0,0.0,3.8000000000000003,NYY,2026,pit,RP
sa3021813,Raudy Rivera,1.0,0.0,1.0,0.0,0.0,3.8000000000000003,CLE,2026,pit,RP
sa3023061,Mario Zabala,1.0,0.0,1.0,0.0,0.0,3.8000000000000003,SDP,2026,pit,RP
sa3020334,Yoendris Gonzalez,1.0,0.0,1.0,0.0,0.0,3.8000000000000003,CHC,2026,pit,RP
sa3016506,Jhonny Jimenez,0.8862,0.0242,1.0,0.0,0.0,3.8000000000000003,,2026,pit,RP
sa3004833,Manny Ramirez,1.0,0.0,1.0,0.0,0.0,3.8000000000000003,,2026,pit,RP
sa3025305,Gage Boehm,1.0,0.0,1.0,0.0,0.0,3.8000000000000003,LAA,2026,pit,RP
sa3019535,Denis Reguillo,1.0,0.0,1.0,0.0,0.0,3.8000000000000003,,2026,pit,RP
sa3022360,Christian Rodriguez,0.8755,0.0265,1.0,0.0,0.0,3.8000000000000003,NYM,2026,pit,RP
sa3021727,Connor Butler,1.0,0.0,1.0,0.0,0.0,3.8000000000000003,,2026,pit,RP
sa3019244,Cesar Rojas,0.61,0.083,1.0,0.0,0.0,3.8000000000000003,WSN,2026,pit,RP
sa3005812,Yeury Tatiz,1.0,0.0,1.0,0.0,0.0,3.8000000000000003,SEA,2026,pit,RP
sa3021485,Jesus Lopez,0.5415,0.0975,1.0,0.0,0.0,3.8000000000000003,,2026,pit,RP
sa3022278,Francisco Frias,1.0,0.0,1.0,0.0,0.0,3.8000000000000003,HOU,2026,pit,RP
sa3038123,Ryan Minckler,1.0,0.0,1.0,0.0,0.0,3.8000000000000003,WSN,2026,pit,RP
sa3016277,Scarlyn Lebron,1.0,0.0,1.0,0.0,0.0,3.8000000000000003,,2026,pit,RP
sa3016005,Emerson Talavera,1.0,0.0,1.0,0.0,0.0,3.8000000000000003,,2026,pit,RP
sa3021515,Giovanni Vargas,1.0,0.0,1.0,0.0,0.0,3.8000000000000003,STL,2026,pit,RP
sa3019150,Osbriel Mogollon,1.0,0.0,1.0,0.0,0.0,3.8000000000000003,,2026,pit,RP
sa3015403,Jeison Pena,1.0,0.0,1.0,0.0,0.0,3.8000000000000003,,2026,pit,RP
sa3017210,Aaron Cohn,1.0,0.0,1.0,0.0,0.0,3.8000000000000003,,2026,pit,RP
sa3019158,Jose Meneses,1.0,0.0,1.0,0.0,0.0,3.8000000000000003,MIL,2026,pit,RP
sa3067454,Andrew Carson,1.0,0.0,1.0,0.0,0.0,3.8000000000000003,,2026,pit,RP
sa3019066,Miguel Mesa,1.0,0.0,1.0,0.0,0.0,3.8000000000000003,BAL,2026,pit,RP
sa3025375,Sean Heppner,1.0,0.0,1.0,0.0,0.0,3.8000000000000003,CLE,2026,pit,RP
sa3022910,Zack Austin,1.0,0.0,1.0,0.0,0.0,3.8000000000000003,ATL,2026,pit,RP
sa3011741,Brennan Malone,1.0,0.0,1.0,0.0,0.0,3.8000000000000003,PIT,2026,pit,RP
sa3025523,Braden Quinn,1.0,0.0,1.0,0.0,0.0,3.8000000000000003,,2026,pit,RP
sa3015305,Franklin Marquez,1.0,0.0,1.0,0.0,0.0,3.8000000000000003,,2026,pit,RP
sa3042632,Ryan Smith,1.0,0.0,1.0,0.0,0.0,3.8000000000000003,HOU,2026,pit,RP
sa3015160,Angel Gonzalez,1.0,0.0,1.0,0.0,0.0,3.8000000000000003,,2026,pit,RP
sa3019774,Joel Hurtado,8.0,0.0,8.0,0.0,0.6222,30.500000000000007,LAA,2026,pit,RP
sa3005877,Dionys Rodriguez,0.8475,0.0325,1.0,0.0,0.0,3.8000000000000003,,2026,pit,RP
sa3007771,Dallas Woolfolk,1.0,0.0,1.0,0.0,0.0,3.8000000000000003,,2026,pit,RP
sa3017200,Juan Abreu,1.0,0.0,1.0,0.0,0.0,3.8000000000000003,WSN,2026,pit,RP
sa3023001,Will Stevens,1.0,0.0,1.0,0.0,0.0,3.8000000000000003,,2026,pit,RP
sa3009745,Gustavo Del Pozo,1.0,0.0,1.0,0.0,0.0,3.8000000000000003,,2026,pit,RP
sa3023534,Jordan Powell,1.0,0.0,1.0,0.0,0.0,3.8000000000000003,,2026,pit,RP
sa3016008,Kenyi Perez,1.0,0.0,1.0,0.0,0.0,3.8000000000000003,CHC,2026,pit,RP
sa3019260,Nelfri Payano,1.0,0.0,1.0,0.0,0.0,3.8000000000000003,CIN,2026,pit,RP
sa3017731,Jean Calderon,1.0,0.0,1.0,0.0,0.0,3.8000000000000003,,2026,pit,RP
sa3015423,Carlos Martinez,1.0,0.0,1.0,0.0,0.0,3.8000000000000003,LAD,2026,pit,RP
sa3023612,Noah Takacs,1.0,0.0,1.0,0.0,0.0,3.8000000000000003,PIT,2026,pit,RP
21924,Juan Morillo,30.0,0.0,30.0,0.0,0.6573,115.1,ARI,2026,pit,RP
sa3021820,Jordan Valenzuela,1.0,0.0,1.0,0.0,0.0,3.8000000000000003,SDP,2026,pit,RP
sa3016594,Jean Munoz,1.0,0.0,1.0,0.0,0.0,3.8000000000000003,SEA,2026,pit,RP
sa3020412,Gregori Ramirez,1.0,0.0,1.0,0.0,0.0,3.8000000000000003,ARI,2026,pit,RP
sa3020572,Quinn Gudaitis,1.0,0.0,1.0,0.0,0.0,3.8000000000000003,,2026,pit,RP
sa3015458,Abel Brito,1.0,0.0,1.0,0.0,0.0,3.8000000000000003,,2026,pit,RP
sa3019297,Wilson Lopez,1.0,0.0,1.0,0.0,0.0,3.8000000000000003,NYM,2026,pit,RP
sa3020449,Tyler Hoffman,1.0,0.0,1.0,0.0,0.0,3.8000000000000003,,2026,pit,RP
sa3018319,Nixon Encarnacion,0.7254,0.0584,1.0,0.0,0.0,3.8000000000000003,LAA,2026,pit,RP
sa3022277,Jimmy Reyes,1.0,0.0,1.0,0.0,0.0,3.8000000000000003,,2026,pit,RP
sa3021568,Javier Bartolozzi,1.0,0.0,1.0,0.0,0.0,3.8000000000000003,LAD,2026,pit,RP
sa3024947,Anthony Mena,0.5877,0.0877,1.0,0.0,0.0,3.8000000000000003,NYY,2026,pit,RP
sa3020398,T.J. Czyz,1.0,0.0,1.0,0.0,0.0,3.8000000000000003,,2026,pit,RP
sa3032155,Will Gervase,1.0,0.0,1.0,0.0,0.0,3.8000000000000003,LAD,2026,pit,RP
sa3020867,Branden Noriega,1.0,0.0,1.0,0.0,0.0,3.8000000000000003,,2026,pit,RP
sa3018810,David Rodriguez,0.5877,0.0877,1.0,0.0,0.0,3.8000000000000003,KCR,2026,pit,RP
sa3023302,Yanzel Correa,1.0,0.0,1.0,0.0,0.0,3.8000000000000003,COL,2026,pit,RP
sa3020963,Henry Martinez,0.6562,0.0732,1.0,0.0,0.0,3.8000000000000003,,2026,pit,RP
sa3017848,RJ Petit,55.0,0.0,55.0,0.0,9.2154,210.20000000000002,COL,2026,pit,RP
20827,Michael Petersen,28.0,0.0,28.0,0.0,0.6387,107.80000000000005,MIA,2026,pit,RP
sa3067215,Adam Conrad,1.0,0.0,1.0,0.0,0.0,3.8000000000000003,SDP,2026,pit,RP
sa3018349,Luifer Romero,0.7419,0.0549,1.0,0.0,0.0,3.8000000000000003,,2026,pit,RP
sa3019579,Callum Wallace,1.0,0.0,1.0,0.0,0.0,3.8000000000000003,,2026,pit,RP
24591,Joey Gerber,14.0,0.0,14.0,0.0,0.7168,57.20000000000003,NYM,2026,pit,RP
sa3016207,Joaquin Tejada,1.0,0.0,1.0,0.0,0.0,3.8000000000000003,,2026,pit,RP
sa3020397,Seth Keller,0.8417,0.0337,1.0,0.0,0.0,3.8000000000000003,,2026,pit,RP
sa3022207,Jose Martinez,0.7576,0.0516,1.0,0.0,0.0,3.8000000000000003,NYY,2026,pit,RP
sa3021566,Reudis Diaz,1.0,0.0,1.0,0.0,0.0,1.8000000000000003,CHW,2026,pit,RP
sa3015096,Michael Limoncelli,1.0,0.0,1.0,0.0,0.0,3.8000000000000003,,2026,pit,RP
sa3023004,Ernie Day,1.0,0.0,1.0,0.0,0.0,3.8000000000000003,,2026,pit,RP
sa3023848,Keiber Armas,1.0,0.0,1.0,0.0,0.0,3.8000000000000003,TEX,2026,pit,RP
30226,Spencer Bivens,70.0,0.0,70.0,0.0,14.4267,316.8,SFG,2026,pit,RP
sa3019701,Eudry Alcantara,1.0,0.0,1.0,0.0,0.0,3.8000000000000003,CLE,2026,pit,RP
sa3015278,Alexander Johnson,1.0,0.0,1.0,0.0,0.0,3.8000000000000003,CIN,2026,pit,RP
sa3020629,Mathew Peters,1.0,0.0,1.0,0.0,0.0,3.8000000000000003,,2026,pit,RP
sa3043660,Luke Thelen,1.0,0.0,1.0,0.0,0.0,3.8000000000000003,,2026,pit,RP
sa3020976,Franyel Diaz,0.5242,0.1012,1.0,0.0,0.0,3.8000000000000003,NYM,2026,pit,RP
sa3024105,Jeury Espinal,0.6413,0.0763,1.0,0.0,0.0,3.8000000000000003,ARI,2026,pit,RP
sa3022339,Jorge Herrera,0.7708,0.0488,1.0,0.0,0.0,3.8000000000000003,,2026,pit,RP
sa3020993,Eduar Gonzalez,0.7056,0.0626,1.0,0.0,0.0,3.8000000000000003,TOR,2026,pit,RP
sa3018847,Jhonly Taveras,0.6273,0.0793,1.0,0.0,0.0,3.8000000000000003,,2026,pit,RP
sa3017278,Eduardo Soriano,0.5053,0.1053,1.0,0.0,0.0,1.8000000000000003,,2026,pit,RP
sa3018304,Brayan Cabello,1.0,0.0,1.0,0.0,0.0,3.8000000000000003,SFG,2026,pit,RP
sa3023841,Yander Bonaci,0.5877,0.0877,1.0,0.0,0.0,3.8000000000000003,BOS,2026,pit,RP
sa3019379,Adrián Delgado,1.0,0.0,1.0,0.0,0.0,3.8000000000000003,BAL,2026,pit,RP
sa3015985,Miguel Mora,0.8508,0.0318,1.0,0.0,0.0,3.8000000000000003,,2026,pit,RP
sa3019168,Andy Basora,1.0,0.0,1.0,0.0,0.0,1.8000000000000003,KCR,2026,pit,RP
sa3016249,Jose G. Gonzalez,1.0,0.0,1.0,0.0,0.0,3.8000000000000003,SFG,2026,pit,RP
sa3019049,Luis A. Reyes,1.0,0.0,1.0,0.0,0.0,3.8000000000000003,CHC,2026,pit,RP
sa3018837,Jovi Galvez,1.0,0.0,1.0,0.0,0.0,3.8000000000000003,STL,2026,pit,RP
sa3021763,Keywill Cedeno,1.0,0.0,1.0,0.0,0.0,3.8000000000000003,,2026,pit,RP
sa3019086,Jeremy Gonzalez,0.6133,0.0823,1.0,0.0,0.0,3.8000000000000003,CHW,2026,pit,RP
sa3019288,Luis Valdez,1.0,0.0,1.0,0.0,0.0,3.8000000000000003,KCR,2026,pit,RP
sa3020980,Franderly Morel,1.0,0.0,1.0,0.0,0.0,3.8000000000000003,LAD,2026,pit,RP
sa3022005,Miguel Cordero,0.6825,0.0675,1.0,0.0,0.0,3.8000000000000003,MIN,2026,pit,RP
sa3022128,Kelvin Rosario,0.7708,0.0488,1.0,0.0,0.0,3.8000000000000003,ARI,2026,pit,RP
sa3019739,Enrique Coronel,0.7576,0.0516,1.0,0.0,0.0,3.8000000000000003,,2026,pit,RP
sa3019660,Albert Polanco,1.0,0.0,1.0,0.0,0.0,3.8000000000000003,MIA,2026,pit,RP
sa3025075,Noel Ulloa,0.7642,0.0502,1.0,0.0,0.0,3.8000000000000003,TEX,2026,pit,RP
sa3016046,Weskendry Espinosa,1.0,0.0,1.0,0.0,0.0,3.8000000000000003,,2026,pit,RP
sa3022175,Angel Camacho,0.8038,0.0418,1.0,0.0,0.0,3.8000000000000003,PIT,2026,pit,RP
sa3018880,Rayner Urbaez,1.0,0.0,1.0,0.0,0.0,3.8000000000000003,,2026,pit,RP
sa3018823,Arlison Rodriguez,0.6092,0.0832,1.0,0.0,0.0,1.8000000000000003,,2026,pit,RP
sa3018827,Ervin Torres,1.0,0.0,1.0,0.0,0.0,3.8000000000000003,,2026,pit,RP
sa3021739,Joel Heredia,1.0,0.0,1.0,0.0,0.0,1.8000000000000003,,2026,pit,RP
sa3022120,Jeison Calvo,0.5663,0.0923,1.0,0.0,0.0,3.8000000000000003,ARI,2026,pit,RP
sa3021486,Dawel Serda,0.5877,0.0877,1.0,0.0,0.0,1.8000000000000003,,2026,pit,RP
sa3021498,Roberto Medina,1.0,0.0,1.0,0.0,0.0,3.8000000000000003,TBR,2026,pit,RP
25651,Ty Adcock,26.0,0.0,26.0,0.0,0.6532,97.19999999999999,SDP,2026,pit,RP
sa3018311,Michael Saturria,1.0,0.0,1.0,0.0,0.0,3.8000000000000003,,2026,pit,RP
sa3023817,Jesus Delgado,1.0,0.0,1.0,0.0,0.0,3.8000000000000003,,2026,pit,RP
sa3019122,Khristian Guevara,0.5877,0.0877,1.0,0.0,0.0,1.8000000000000003,CIN,2026,pit,RP
sa3018887,Xiomer Guacache,1.0,0.0,1.0,0.0,0.0,3.8000000000000003,DET,2026,pit,RP
sa3025118,Eddy Mota,0.5053,0.1053,1.0,0.0,0.0,1.8000000000000003,,2026,pit,RP
sa3020988,Angel Cruz,0.5152,0.1032,1.0,0.0,0.0,3.8000000000000003,LAD,2026,pit,RP
sa3019055,Emmanuel Martinez,1.0,0.0,1.0,0.0,0.0,3.8000000000000003,,2026,pit,RP
sa3025007,Rafael Arias,1.0,0.0,1.0,0.0,0.0,3.8000000000000003,NYY,2026,pit,RP
sa3021033,Anel Cabrera,1.0,0.0,1.0,0.0,0.0,3.8000000000000003,,2026,pit,RP
sa3018803,Ankeily Feliz,0.7708,0.0488,1.0,0.0,0.0,1.8000000000000003,,2026,pit,RP
sa3022203,Moises Amezquita,1.0,0.0,1.0,0.0,0.0,3.8000000000000003,KCR,2026,pit,RP
sa3025098,Samuel Gonzalez,0.6677,0.0707,1.0,0.0,0.0,3.8000000000000003,ARI,2026,pit,RP
sa3021757,Eddy Peralta,1.0,0.0,1.0,0.0,0.0,3.8000000000000003,TEX,2026,pit,RP
sa3018117,Tyler Mattison,11.0,0.0,11.0,0.0,0.6086,52.10000000000001,DET,2026,pit,RP
sa3021535,Frainer Mejias,0.8038,0.0418,1.0,0.0,0.0,3.8000000000000003,SFG,2026,pit,RP
sa3023139,Anthony Crespo,0.5877,0.0877,1.0,0.0,0.0,3.8000000000000003,NYM,2026,pit,RP
sa3019289,Luis Victorino,0.6702,0.0702,1.0,0.0,0.0,3.8000000000000003,TOR,2026,pit,RP
sa3021790,Jose Rengel,1.0,0.0,1.0,0.0,0.0,3.8000000000000003,SFG,2026,pit,RP
sa3023818,Branneli Franco,0.5415,0.0975,1.0,0.0,0.0,1.8000000000000003,STL,2026,pit,RP
sa3024235,Wenderlyn King,1.0,0.0,1.0,0.0,0.0,3.8000000000000003,MIL,2026,pit,RP
sa3024939,Ian Medina,1.0,0.0,1.0,0.0,0.0,3.8000000000000003,MIA,2026,pit,RP
sa3021814,Odarlin Cruz,1.0,0.0,1.0,0.0,0.0,3.8000000000000003,COL,2026,pit,RP
sa3022036,Carlos Gonzalez,0.7419,0.0549,1.0,0.0,0.0,1.8000000000000003,KCR,2026,pit,RP
sa3019776,Jesus Colina,1.0,0.0,1.0,0.0,0.0,3.8000000000000003,CIN,2026,pit,RP
sa3022137,Deibi Rodriguez,1.0,0.0,1.0,0.0,0.0,3.8000000000000003,DET,2026,pit,RP
sa3019143,Keninson Diaz,1.0,0.0,1.0,0.0,0.0,3.8000000000000003,,2026,pit,RP
sa3024274,Ronaldo Florencio,0.7056,0.0626,1.0,0.0,0.0,3.8000000000000003,COL,2026,pit,RP
sa3019672,Wuilliams Rodriguez,1.0,0.0,1.0,0.0,0.0,3.8000000000000003,SEA,2026,pit,RP
sa3023866,Lender Bracho,1.0,0.0,1.0,0.0,0.0,3.8000000000000003,SFG,2026,pit,RP
sa3018368,Luis Cesar,1.0,0.0,1.0,0.0,0.0,3.8000000000000003,MIA,2026,pit,RP
sa3015485,Jan Caraballo,1.0,0.0,1.0,0.0,0.0,3.8000000000000003,DET,2026,pit,RP
sa3019176,Luis Tejeda,1.0,0.0,1.0,0.0,0.0,1.8000000000000003,COL,2026,pit,RP
sa3021034,Alexander Agramonte,0.5819,0.0889,1.0,0.0,0.0,1.8000000000000003,,2026,pit,RP
sa3024255,Pedro Tucent,1.0,0.0,1.0,0.0,0.0,3.8000000000000003,TOR,2026,pit,RP
sa3016612,Redinson Gomez,1.0,0.0,1.0,0.0,0.0,3.8000000000000003,COL,2026,pit,RP
sa3009473,Jose Gonzalez,1.0,0.0,1.0,0.0,0.0,1.8000000000000003,,2026,pit,RP
sa3021495,Luis Jerez,0.7056,0.0626,1.0,0.0,0.0,3.8000000000000003,,2026,pit,RP
sa3018809,Accimias Morales,0.7419,0.0549,1.0,0.0,0.0,3.8000000000000003,LAD,2026,pit,RP
sa3019254,Eliecer Bata,0.7221,0.0591,1.0,0.0,0.0,1.8000000000000003,,2026,pit,RP
sa3025049,Albert Ortiz,0.7419,0.0549,1.0,0.0,0.0,3.8000000000000003,MIA,2026,pit,RP
sa3024530,Andres Cova,1.0,0.0,1.0,0.0,0.0,3.8000000000000003,LAA,2026,pit,RP
sa3018309,Dioni Baez,1.0,0.0,1.0,0.0,0.0,3.8000000000000003,,2026,pit,RP
sa3022355,Jhon Reyes,1.0,0.0,1.0,0.0,0.0,1.8000000000000003,KCR,2026,pit,RP
12763,Chris Devenski,18.0,0.0,18.0,0.0,0.6584,59.90000000000001,PIT,2026,pit,RP
sa3019659,Alfonso Perez,1.0,0.0,1.0,0.0,0.0,1.8000000000000003,SFG,2026,pit,RP
sa3021043,Luis Espinoza,0.7056,0.0626,1.0,0.0,0.0,3.8000000000000003,,2026,pit,RP
sa3022419,Dariel Polanco,0.7831,0.0461,1.0,0.0,0.0,1.8000000000000003,SDP,2026,pit,RP
sa3023846,Jesus Garcia,1.0,0.0,1.0,0.0,0.0,3.8000000000000003,STL,2026,pit,RP
sa3021503,Janderson Linares,1.0,0.0,1.0,0.0,0.0,3.8000000000000003,,2026,pit,RP
sa3022023,Carlos Molina,1.0,0.0,1.0,0.0,0.0,3.8000000000000003,,2026,pit,RP
sa3020965,Edwin Cervantes,0.7831,0.0461,1.0,0.0,0.0,3.8000000000000003,CIN,2026,pit,RP
sa3020492,Abraham Gaitan,1.0,0.0,1.0,0.0,0.0,3.8000000000000003,CIN,2026,pit,RP
sa3024228,Eligio Arias,1.0,0.0,1.0,0.0,0.0,3.8000000000000003,PHI,2026,pit,RP
sa3022262,Juan Duran,1.0,0.0,1.0,0.0,0.0,3.8000000000000003,BAL,2026,pit,RP
sa3024552,Carlos Martorella,0.6545,0.0735,1.0,0.0,0.0,1.8000000000000003,COL,2026,pit,RP
sa3021505,Walvin Mena,0.5415,0.0975,1.0,0.0,0.0,1.8000000000000003,ARI,2026,pit,RP
sa3016290,Juan Severino,1.0,0.0,1.0,0.0,0.0,3.8000000000000003,,2026,pit,RP
sa3023255,Jamdrick Cornelia,0.8128,0.0398,1.0,0.0,0.0,3.8000000000000003,,2026,pit,RP
sa3022115,Reilin Ramirez,1.0,0.0,1.0,0.0,0.0,1.8000000000000003,,2026,pit,RP
sa3022042,Mauricio Colmenares,1.0,0.0,1.0,0.0,0.0,1.8000000000000003,,2026,pit,RP
sa3025029,Reykelly Rubi,0.6825,0.0675,1.0,0.0,0.0,3.8000000000000003,,2026,pit,RP
sa3023811,Jose Ledesma,1.0,0.0,1.0,0.0,0.0,3.8000000000000003,NYY,2026,pit,RP
sa3024559,Maikel Rodriguez,1.0,0.0,1.0,0.0,0.0,3.8000000000000003,MIA,2026,pit,RP
sa3024516,Deivy Paulino,1.0,0.0,1.0,0.0,0.0,3.8000000000000003,,2026,pit,RP
sa3021753,Luis Garcia,1.0,0.0,1.0,0.0,0.0,3.8000000000000003,TEX,2026,pit,RP
sa3015435,Rafael Mendez,1.0,0.0,1.0,0.0,0.0,3.8000000000000003,,2026,pit,RP
sa3024942,Fernando Ramos,1.0,0.0,1.0,0.0,0.0,3.8000000000000003,,2026,pit,RP
sa3021997,Manuel Heredia,1.0,0.0,1.0,0.0,0.0,1.8000000000000003,,2026,pit,RP
sa3018626,Jaiker Garcia,1.0,0.0,1.0,0.0,0.0,3.8000000000000003,PIT,2026,pit,RP
sa3021995,Irvin Gonzalez,1.0,0.0,1.0,0.0,0.0,1.8000000000000003,CIN,2026,pit,RP
sa3025092,Ronaldys Jimenez,0.6413,0.0763,1.0,0.0,0.0,3.8000000000000003,PIT,2026,pit,RP
sa3023853,Josue Henrique,1.0,0.0,1.0,0.0,0.0,3.8000000000000003,COL,2026,pit,RP
sa3024795,Adrian Belen,1.0,0.0,1.0,0.0,0.0,3.8000000000000003,KCR,2026,pit,RP
sa3024098,Anderson Ramos,1.0,0.0,1.0,0.0,0.0,3.8000000000000003,MIN,2026,pit,RP
sa3019796,Yeimison Arias,1.0,0.0,1.0,0.0,0.0,3.8000000000000003,,2026,pit,RP
sa3022046,Kevin Tejada,1.0,0.0,1.0,0.0,0.0,3.8000000000000003,COL,2026,pit,RP
26117,Blas Castaño,9.0,0.0,9.0,0.0,0.6487,36.90000000000001,SEA,2026,pit,RP
sa3023042,Tyler Kennedy,0.7023,0.0633,1.0,0.0,0.0,3.8000000000000003,,2026,pit,RP
sa3024090,Ayendy Bravo,0.8466,0.0326,1.0,0.0,0.0,3.8000000000000003,MIL,2026,pit,RP
sa3021988,Brandon Herbold,1.0,0.0,1.0,0.0,0.0,3.8000000000000003,KCR,2026,pit,RP
sa3024776,Greyson Gimenez,0.5877,0.0877,1.0,0.0,0.0,1.8000000000000003,WSN,2026,pit,RP
sa3022329,Jhemiangel Tovar,1.0,0.0,1.0,0.0,0.0,3.8000000000000003,,2026,pit,RP
sa3019387,Enger Sanchez,1.0,0.0,1.0,0.0,0.0,3.8000000000000003,,2026,pit,RP
sa3022148,Jairon Digon,0.7493,0.0533,1.0,0.0,0.0,3.8000000000000003,ARI,2026,pit,RP
sa3015503,Carlos Hinestroza,0.8128,0.0398,1.0,0.0,0.0,1.8000000000000003,,2026,pit,RP
sa3019059,Carlos Meza,1.0,0.0,1.0,0.0,0.0,1.8000000000000003,,2026,pit,RP
sa3018331,Maikel Hernandez,1.0,0.0,1.0,0.0,0.0,1.8000000000000003,,2026,pit,RP
sa3014706,Kristian Cardozo,1.0,0.0,1.0,0.0,0.0,3.8000000000000003,,2026,pit,RP
sa3023182,Johnathan Rogers,0.5877,0.0877,1.0,0.0,0.0,1.8000000000000003,,2026,pit,RP
sa3016799,Roiber Talavera,0.6248,0.0798,1.0,0.0,0.0,1.8000000000000003,,2026,pit,RP
sa3019279,Brandison Polanco,1.0,0.0,1.0,0.0,0.0,3.8000000000000003,,2026,pit,RP
sa3022123,Bladimir Pichardo,0.8211,0.0381,1.0,0.0,0.0,1.8000000000000003,PIT,2026,pit,RP
sa3019709,Eliazar De Los Santos,0.7254,0.0584,1.0,0.0,0.0,1.8000000000000003,,2026,pit,RP
sa3016069,Brayan Diaz,1.0,0.0,1.0,0.0,0.0,3.8000000000000003,,2026,pit,RP
sa3024542,Eric Gutierrez,1.0,0.0,1.0,0.0,0.0,3.8000000000000003,,2026,pit,RP
sa3025095,Ruben Saldana,0.6248,0.0798,1.0,0.0,0.0,1.8000000000000003,MIL,2026,pit,RP
sa3019758,Ricardo Quintana,1.0,0.0,1.0,0.0,0.0,1.8000000000000003,,2026,pit,RP
sa3019121,Angel Tello,1.0,0.0,1.0,0.0,0.0,1.8000000000000003,LAD,2026,pit,RP
sa3021643,Argenis Aparicio,1.0,0.0,1.0,0.0,0.0,3.8000000000000003,MIL,2026,pit,RP
sa3015486,Jose Rojas,1.0,0.0,1.0,0.0,0.0,1.8000000000000003,,2026,pit,RP
sa3024289,Efrain Cubilla,1.0,0.0,1.0,0.0,0.0,1.8000000000000003,COL,2026,pit,RP
sa3024522,Julio Polanco,1.0,0.0,1.0,0.0,0.0,1.8000000000000003,PHI,2026,pit,RP
sa3018881,Yoerys Hernandez,1.0,0.0,1.0,0.0,0.0,3.8000000000000003,,2026,pit,RP
sa3023050,Samuel Carmona,0.6817,0.0677,1.0,0.0,0.0,1.8000000000000003,KCR,2026,pit,RP
sa3023690,Yolvin Mesa,1.0,0.0,1.0,0.0,0.0,3.8000000000000003,TBR,2026,pit,RP
sa3067609,Luis Rodriguez,1.0,0.0,1.0,0.0,0.0,3.8000000000000003,NYY,2026,pit,RP
sa3018883,Adrian Acosta,1.0,0.0,1.0,0.0,0.0,3.8000000000000003,LAA,2026,pit,RP
sa3022018,Jesus Garcia,0.7831,0.0461,1.0,0.0,0.0,1.8000000000000003,,2026,pit,RP
sa3015777,Christian Avendano,1.0,0.0,1.0,0.0,0.0,3.8000000000000003,,2026,pit,RP
sa3024225,Deivy Victora,1.0,0.0,1.0,0.0,0.0,3.8000000000000003,,2026,pit,RP
sa3024534,Jordin Jhonni,0.6248,0.0798,1.0,0.0,0.0,1.8000000000000003,KCR,2026,pit,RP
sa3024987,Carlos Almonte,1.0,0.0,1.0,0.0,0.0,1.8000000000000003,,2026,pit,RP
sa3021013,Snarlyn Evangelista,1.0,0.0,1.0,0.0,0.0,3.8000000000000003,,2026,pit,RP
sa3021991,Yatner Crisostomo,1.0,0.0,1.0,0.0,0.0,3.8000000000000003,CLE,2026,pit,RP
sa3024787,Manuel Davila,1.0,0.0,1.0,0.0,0.0,3.8000000000000003,SDP,2026,pit,RP
sa3024622,Varis Villarreal,1.0,0.0,1.0,0.0,0.0,3.8000000000000003,NYY,2026,pit,RP
sa3016041,Luis Martinez,0.7939,0.0439,1.0,0.0,0.0,1.8000000000000003,,2026,pit,RP
sa3068388,Jhosue Rodriguez,0.6413,0.0763,1.0,0.0,0.0,1.8000000000000003,,2026,pit,RP
sa3022040,Cristian Diaz,1.0,0.0,1.0,0.0,0.0,3.8000000000000003,,2026,pit,RP
sa3019180,Irving Vazquez,1.0,0.0,1.0,0.0,0.0,1.8000000000000003,,2026,pit,RP
sa3018329,Andrés Parra,0.7419,0.0549,1.0,0.0,0.0,3.8000000000000003,BAL,2026,pit,RP
sa3024788,Manuel Colon,1.0,0.0,1.0,0.0,0.0,3.8000000000000003,KCR,2026,pit,RP
sa3021773,Bryan Monte De Oca,0.5152,0.1032,1.0,0.0,0.0,1.8000000000000003,,2026,pit,RP
sa3019394,Donal Montas,1.0,0.0,1.0,0.0,0.0,1.8000000000000003,DET,2026,pit,RP
sa3018350,Josue Arias,1.0,0.0,1.0,0.0,0.0,3.8000000000000003,MIA,2026,pit,RP
sa3024283,Carlos Rangel,1.0,0.0,1.0,0.0,0.0,3.8000000000000003,CHC,2026,pit,RP
sa3019505,Onias Jimenez,1.0,0.0,1.0,0.0,0.0,3.8000000000000003,,2026,pit,RP
sa3016948,Kinn Omosako,1.0,0.0,1.0,0.0,0.0,3.8000000000000003,LAD,2026,pit,RP
sa3015462,Fraimin Marte,1.0,0.0,1.0,0.0,0.0,3.8000000000000003,,2026,pit,RP
sa3024246,Marco Manzano,1.0,0.0,1.0,0.0,0.0,3.8000000000000003,NYY,2026,pit,RP
sa3020977,Algeni Mejia,1.0,0.0,1.0,0.0,0.0,3.8000000000000003,,2026,pit,RP
sa3019258,Lisnerkin Lantigua,1.0,0.0,1.0,0.0,0.0,3.8000000000000003,CIN,2026,pit,RP
sa3019502,Wilton Rondon,1.0,0.0,1.0,0.0,0.0,3.8000000000000003,,2026,pit,RP
sa3022124,Renil Ramos,1.0,0.0,1.0,0.0,0.0,3.8000000000000003,CLE,2026,pit,RP
sa3021807,Johan Rodriguez,1.0,0.0,1.0,0.0,0.0,3.8000000000000003,SFG,2026,pit,RP
sa3024848,Yael Arias,1.0,0.0,1.0,0.0,0.0,3.8000000000000003,,2026,pit,RP
sa3024770,Darling Reyes,1.0,0.0,1.0,0.0,0.0,1.8000000000000003,,2026,pit,RP
sa3019756,Elvin Jimenez,0.7708,0.0488,1.0,0.0,0.0,3.8000000000000003,MIA,2026,pit,RP
sa3019262,Felipe De Los Santos,0.8038,0.0418,1.0,0.0,0.0,1.8000000000000003,,2026,pit,RP
sa3021011,Luis Guevara,1.0,0.0,1.0,0.0,0.0,1.8000000000000003,,2026,pit,RP
sa3022049,Jose Regalado,0.7831,0.0461,1.0,0.0,0.0,3.8000000000000003,PIT,2026,pit,RP
sa3018334,Ezequiel Bonilla,0.5811,0.0891,1.0,0.0,0.0,1.8000000000000003,,2026,pit,RP
sa3019292,Yoan Valdez,1.0,0.0,1.0,0.0,0.0,3.8000000000000003,DET,2026,pit,RP
sa3021760,Freilyn Guzman,0.5053,0.1053,1.0,0.0,0.0,1.8000000000000003,,2026,pit,RP
sa3022179,Yeferson Silva,1.0,0.0,1.0,0.0,0.0,1.8000000000000003,,2026,pit,RP
sa3021994,Deiver Oliveros,1.0,0.0,1.0,0.0,0.0,1.8000000000000003,,2026,pit,RP
sa3021477,Claudio Gatier,1.0,0.0,1.0,0.0,0.0,3.8000000000000003,,2026,pit,RP
sa3024616,Ruben Ramirez,1.0,0.0,1.0,0.0,0.0,3.8000000000000003,SEA,2026,pit,RP
sa3025023,Luis Carrasco,0.7955,0.0435,1.0,0.0,0.0,1.8000000000000003,ARI,2026,pit,RP
sa3025025,Omar Calcurian,1.0,0.0,1.0,0.0,0.0,1.8000000000000003,SFG,2026,pit,RP
sa3016591,Diego Navarro,0.7419,0.0549,1.0,0.0,0.0,1.8000000000000003,,2026,pit,RP
sa3022317,Leonardo Rossel,1.0,0.0,1.0,0.0,0.0,3.8000000000000003,DET,2026,pit,RP
sa3022959,Jordi Romero,1.0,0.0,1.0,0.0,0.0,3.8000000000000003,,2026,pit,RP
sa3022146,Ezequiel Jimenez,1.0,0.0,1.0,0.0,0.0,3.8000000000000003,,2026,pit,RP
sa3021002,Santiago Peraza,1.0,0.0,1.0,0.0,0.0,3.8000000000000003,CLE,2026,pit,RP
sa3018363,Diovel Mariano,1.0,0.0,1.0,0.0,0.0,1.8000000000000003,CLE,2026,pit,RP
sa3023705,Ronald Tejada,1.0,0.0,1.0,0.0,0.0,3.8000000000000003,NYY,2026,pit,RP
sa3016520,Nixon Parra,1.0,0.0,1.0,0.0,0.0,1.8000000000000003,,2026,pit,RP
sa3021765,Eudy Liriano,0.6075,0.0835,1.0,0.0,0.0,1.8000000000000003,,2026,pit,RP
sa3018032,Alvaro Benua,1.0,0.0,1.0,0.0,0.0,3.8000000000000003,LAD,2026,pit,RP
sa3019182,Anderson Guevara,1.0,0.0,1.0,0.0,0.0,3.8000000000000003,SEA,2026,pit,RP
sa3021001,Luis Vasquez,1.0,0.0,1.0,0.0,0.0,1.8000000000000003,DET,2026,pit,RP
sa3018804,Joldelanio De Los Santos,1.0,0.0,1.0,0.0,0.0,3.8000000000000003,LAD,2026,pit,RP
sa3017104,Doimil Perez,1.0,0.0,1.0,0.0,0.0,3.8000000000000003,,2026,pit,RP
sa3022144,Frandy Rodriguez,1.0,0.0,1.0,0.0,0.0,3.8000000000000003,,2026,pit,RP
sa3018347,Mauricio Maican,0.5877,0.0877,1.0,0.0,0.0,3.8000000000000003,,2026,pit,RP
sa3019128,Alexis Paulino,1.0,0.0,1.0,0.0,0.0,3.8000000000000003,NYY,2026,pit,RP
sa3018854,Alvaro Gamez,1.0,0.0,1.0,0.0,0.0,3.8000000000000003,,2026,pit,RP
sa3024601,Justin Lugo,1.0,0.0,1.0,0.0,0.0,3.8000000000000003,MIL,2026,pit,RP
sa3022041,Johan Minaya,1.0,0.0,1.0,0.0,0.0,3.8000000000000003,,2026,pit,RP
sa3019132,Ramon Sanchez,1.0,0.0,1.0,0.0,0.0,3.8000000000000003,MIA,2026,pit,RP
sa3019069,Oscar Moreta,1.0,0.0,1.0,0.0,0.0,3.8000000000000003,,2026,pit,RP
sa3024269,Jermayne Verdu,1.0,0.0,1.0,0.0,0.0,3.8000000000000003,NYM,2026,pit,RP
sa3024285,Fred Fajardo,1.0,0.0,1.0,0.0,0.0,3.8000000000000003,,2026,pit,RP
sa3019172,Cristian Rueda,1.0,0.0,1.0,0.0,0.0,3.8000000000000003,,2026,pit,RP
sa3009206,Abdiel Medina,1.0,0.0,1.0,0.0,0.0,1.8000000000000003,,2026,pit,RP
sa3019462,Ricardo Gomez,1.0,0.0,1.0,0.0,0.0,3.8000000000000003,,2026,pit,RP
sa3019192,Cesar Espinal,1.0,0.0,1.0,0.0,0.0,3.8000000000000003,MIL,2026,pit,RP
sa3022397,Engel Silvestre,1.0,0.0,1.0,0.0,0.0,3.8000000000000003,COL,2026,pit,RP
sa3024076,Carlos Canales,1.0,0.0,1.0,0.0,0.0,1.8000000000000003,MIL,2026,pit,RP
25921,Casey Legumina,54.0,0.0,54.0,0.0,7.0059,244.5,SEA,2026,pit,RP
sa3021005,Eduardo Fernandez,1.0,0.0,1.0,0.0,0.0,3.8000000000000003,,2026,pit,RP
sa3025102,Harlin Naut,0.5663,0.0923,1.0,0.0,0.0,1.8000000000000003,BAL,2026,pit,RP
sa3023165,Jeyderson Mora,1.0,0.0,1.0,0.0,0.0,3.8000000000000003,,2026,pit,RP
sa3023816,Jose Meza,1.0,0.0,1.0,0.0,0.0,1.8000000000000003,SFG,2026,pit,RP
sa3021786,Saul Sanchez,1.0,0.0,1.0,0.0,0.0,1.8000000000000003,,2026,pit,RP
sa3019598,Edinson Salgado,0.7254,0.0584,1.0,0.0,0.0,1.8000000000000003,KCR,2026,pit,RP
sa3024452,Jhosep Ospino,1.0,0.0,1.0,0.0,0.0,3.8000000000000003,MIL,2026,pit,RP
sa3019719,Leodarlyn Colon,1.0,0.0,1.0,0.0,0.0,1.8000000000000003,WSN,2026,pit,RP
sa3022112,Yency De Jesus,0.7254,0.0584,1.0,0.0,0.0,3.8000000000000003,,2026,pit,RP
sa3018850,Peter Bonilla,1.0,0.0,1.0,0.0,0.0,3.8000000000000003,LAD,2026,pit,RP
sa3019548,Raudy Gomez,1.0,0.0,1.0,0.0,0.0,1.8000000000000003,,2026,pit,RP
sa3024953,Oswal Rodriguez,1.0,0.0,1.0,0.0,0.0,1.8000000000000003,KCR,2026,pit,RP
sa3019267,Ranwell Smith,1.0,0.0,1.0,0.0,0.0,3.8000000000000003,,2026,pit,RP
sa3019177,Jordy Arias,1.0,0.0,1.0,0.0,0.0,3.8000000000000003,,2026,pit,RP
sa3023602,J.C. Hechavarria,1.0,0.0,1.0,0.0,0.0,3.8000000000000003,LAA,2026,pit,RP
sa3021482,Jordi Infante,1.0,0.0,1.0,0.0,0.0,1.8000000000000003,TBR,2026,pit,RP
sa3017765,Dairon De Jesus,1.0,0.0,1.0,0.0,0.0,3.8000000000000003,ATH,2026,pit,RP
sa3021564,Jeffrey Familia,1.0,0.0,1.0,0.0,0.0,3.8000000000000003,,2026,pit,RP
sa3019430,Eider Machuca,1.0,0.0,1.0,0.0,0.0,3.8000000000000003,,2026,pit,RP
sa3023067,Angel Bolivar,0.7056,0.0626,1.0,0.0,0.0,1.8000000000000003,,2026,pit,RP
sa3024585,Santiago Rojas,1.0,0.0,1.0,0.0,0.0,3.8000000000000003,MIN,2026,pit,RP
sa3019486,Marco Vega,1.0,0.0,1.0,0.0,0.0,3.8000000000000003,LAA,2026,pit,RP
sa3017693,Yonfi Rodriguez,0.7939,0.0439,1.0,0.0,0.0,1.8000000000000003,,2026,pit,RP
sa3023865,Geovanny Vasquez,0.6413,0.0763,1.0,0.0,0.0,3.8000000000000003,CHC,2026,pit,RP
sa3021750,Yansel Marine,1.0,0.0,1.0,0.0,0.0,1.8000000000000003,,2026,pit,RP
sa3024885,Reiner Lopez,1.0,0.0,1.0,0.0,0.0,1.8000000000000003,STL,2026,pit,RP
sa3017613,Genderson Zapata,1.0,0.0,1.0,0.0,0.0,1.8000000000000003,,2026,pit,RP
sa3018344,Gemil Santa,0.8038,0.0418,1.0,0.0,0.0,1.8000000000000003,,2026,pit,RP
sa3024888,Oliver Del Rosario,1.0,0.0,1.0,0.0,0.0,3.8000000000000003,KCR,2026,pit,RP
sa3024870,Yander Pinero,1.0,0.0,1.0,0.0,0.0,3.8000000000000003,ATL,2026,pit,RP
sa3022007,Alexis De La Cruz,1.0,0.0,1.0,0.0,0.0,3.8000000000000003,,2026,pit,RP
sa3023851,Felix Belisario,0.7939,0.0439,1.0,0.0,0.0,1.8000000000000003,,2026,pit,RP
sa3024527,Wandy Cabrera,0.5877,0.0877,1.0,0.0,0.0,1.8000000000000003,MIL,2026,pit,RP
sa3021575,Leonardi Almonte,1.0,0.0,1.0,0.0,0.0,1.8000000000000003,,2026,pit,RP
sa3022048,Enrique Carta,1.0,0.0,1.0,0.0,0.0,3.8000000000000003,,2026,pit,RP
sa3023702,Dulger Nino,1.0,0.0,1.0,0.0,0.0,1.8000000000000003,CIN,2026,pit,RP
sa3022136,Juan Henriquez,0.7831,0.0461,1.0,0.0,0.0,1.8000000000000003,,2026,pit,RP
sa3024609,Jeison Payano,1.0,0.0,1.0,0.0,0.0,3.8000000000000003,BOS,2026,pit,RP
sa3021748,Breilin Arredondo,1.0,0.0,1.0,0.0,0.0,1.8000000000000003,,2026,pit,RP
sa3019754,Marcelo Valladares,1.0,0.0,1.0,0.0,0.0,3.8000000000000003,CHW,2026,pit,RP
sa3021042,Alejandro Ramirez,1.0,0.0,1.0,0.0,0.0,3.8000000000000003,,2026,pit,RP
sa3023868,Geremy Barroso,1.0,0.0,1.0,0.0,0.0,3.8000000000000003,TOR,2026,pit,RP
sa3024464,Samuel Pateti,0.7056,0.0626,1.0,0.0,0.0,1.8000000000000003,,2026,pit,RP
sa3025037,Henry Ramirez,1.0,0.0,1.0,0.0,0.0,3.8000000000000003,PHI,2026,pit,RP
sa3068608,Eliezer Lucena,0.7254,0.0584,1.0,0.0,0.0,1.8000000000000003,MIN,2026,pit,RP
sa3022170,Jeyson Mejia,1.0,0.0,1.0,0.0,0.0,1.8000000000000003,,2026,pit,RP
sa3018302,Wuillians Herrera,1.0,0.0,1.0,0.0,0.0,3.8000000000000003,LAD,2026,pit,RP
sa3021782,Jhomber Jimenez,0.7056,0.0626,1.0,0.0,0.0,1.8000000000000003,,2026,pit,RP
sa3024229,Deivid Burgos,0.7576,0.0516,1.0,0.0,0.0,1.8000000000000003,CIN,2026,pit,RP
sa3021781,Juan Rasquin,1.0,0.0,1.0,0.0,0.0,3.8000000000000003,,2026,pit,RP
sa3021032,Jesus Poline,1.0,0.0,1.0,0.0,0.0,1.8000000000000003,,2026,pit,RP
sa3022270,Jose Sanchez,1.0,0.0,1.0,0.0,0.0,3.8000000000000003,WSN,2026,pit,RP
sa3024077,Santhony Vizcaino,1.0,0.0,1.0,0.0,0.0,1.8000000000000003,BAL,2026,pit,RP
sa3024463,Cristian Navarro,0.6248,0.0798,1.0,0.0,0.0,1.8000000000000003,,2026,pit,RP
sa3022334,Porfirio Ramos,1.0,0.0,1.0,0.0,0.0,3.8000000000000003,HOU,2026,pit,RP
sa3020862,Samy Natera Jr.,22.0,0.0,22.0,0.0,0.6222,82.9,LAA,2026,pit,RP
sa3021993,Jose Pinto,1.0,0.0,1.0,0.0,0.0,1.8000000000000003,,2026,pit,RP
sa3019120,Michael Peres,1.0,0.0,1.0,0.0,0.0,3.8000000000000003,,2026,pit,RP
sa3021038,Luis De Aza,1.0,0.0,1.0,0.0,0.0,1.8000000000000003,,2026,pit,RP
sa3016514,Aneudis George,1.0,0.0,1.0,0.0,0.0,1.8000000000000003,,2026,pit,RP
sa3023867,Jordan Henriquez,1.0,0.0,1.0,0.0,0.0,3.8000000000000003,CHC,2026,pit,RP
sa3024233,Carlos Beras,1.0,0.0,1.0,0.0,0.0,3.8000000000000003,KCR,2026,pit,RP
sa3022241,Leudy Tirado,1.0,0.0,1.0,0.0,0.0,3.8000000000000003,,2026,pit,RP
sa3009493,Miguel Cordones,1.0,0.0,1.0,0.0,0.0,1.8000000000000003,,2026,pit,RP
sa3024608,Robinson Javier,1.0,0.0,1.0,0.0,0.0,3.8000000000000003,,2026,pit,RP
sa3024204,Wilmer Lugo,1.0,0.0,1.0,0.0,0.0,3.8000000000000003,NYM,2026,pit,RP
sa3024460,Randol Martinez,1.0,0.0,1.0,0.0,0.0,3.8000000000000003,,2026,pit,RP
sa3023683,Frailin Florian,0.934,0.014,1.0,0.0,0.0,3.8000000000000003,,2026,pit,RP
sa3024872,Hector Castillo,1.0,0.0,1.0,0.0,0.0,3.8000000000000003,CLE,2026,pit,RP
sa3024227,Hanfermin Vargas,1.0,0.0,1.0,0.0,0.0,1.8000000000000003,,2026,pit,RP
sa3021511,Joelvis Perez,1.0,0.0,1.0,0.0,0.0,1.8000000000000003,CLE,2026,pit,RP
sa3021538,Whilmer Guerra,1.0,0.0,1.0,0.0,0.0,1.8000000000000003,,2026,pit,RP
sa3018907,Denison Sanchez,0.7254,0.0584,1.0,0.0,0.0,3.8000000000000003,BOS,2026,pit,RP
sa3022391,Carlos Brito,1.0,0.0,1.0,0.0,0.0,1.8000000000000003,,2026,pit,RP
sa3018858,Yuliangel De La Cruz,1.0,0.0,1.0,0.0,0.0,3.8000000000000003,LAD,2026,pit,RP
sa3024067,Esmerlyn Valenzuela,1.0,0.0,1.0,0.0,0.0,3.8000000000000003,,2026,pit,RP
sa3022233,Cristopher Presinal,0.5053,0.1053,1.0,0.0,0.0,1.8000000000000003,,2026,pit,RP
sa3021544,Fermin Magallanes,1.0,0.0,1.0,0.0,0.0,3.8000000000000003,BAL,2026,pit,RP
sa3019392,Erick Padilla,1.0,0.0,1.0,0.0,0.0,1.8000000000000003,CLE,2026,pit,RP
sa3016228,Luis Joseph,1.0,0.0,1.0,0.0,0.0,3.8000000000000003,,2026,pit,RP
sa3021571,Ruver Flores,1.0,0.0,1.0,0.0,0.0,3.8000000000000003,,2026,pit,RP
sa3022231,Jank Pichardo,1.0,0.0,1.0,0.0,0.0,3.8000000000000003,HOU,2026,pit,RP
sa3019281,Jonas Uzcategui,0.5877,0.0877,1.0,0.0,0.0,3.8000000000000003,MIA,2026,pit,RP
sa3016254,Samir Chires,1.0,0.0,1.0,0.0,0.0,3.8000000000000003,SFG,2026,pit,RP
sa3024220,Luis Cabrera,1.0,0.0,1.0,0.0,0.0,1.8000000000000003,,2026,pit,RP
sa3019145,Dermis Ordonez,1.0,0.0,1.0,0.0,0.0,3.8000000000000003,,2026,pit,RP
sa3020986,Daury Zapata,0.7576,0.0516,1.0,0.0,0.0,1.8000000000000003,,2026,pit,RP
sa3024287,Ariel De La Cruz,0.6248,0.0798,1.0,0.0,0.0,1.8000000000000003,CIN,2026,pit,RP
sa3019247,Hansel Rosario,1.0,0.0,1.0,0.0,0.0,3.8000000000000003,,2026,pit,RP
sa3022014,Javier Abreu,1.0,0.0,1.0,0.0,0.0,1.8000000000000003,,2026,pit,RP
sa3019479,Jose Ramirez,1.0,0.0,1.0,0.0,0.0,3.8000000000000003,CLE,2026,pit,RP
sa3021536,Tim Fischer,1.0,0.0,1.0,0.0,0.0,3.8000000000000003,LAD,2026,pit,RP
sa3022032,Connor Prins,1.0,0.0,1.0,0.0,0.0,3.8000000000000003,,2026,pit,RP
sa3024575,Elvis Reyes,0.7831,0.0461,1.0,0.0,0.0,3.8000000000000003,,2026,pit,RP
sa3019155,Yoryi Simarra,1.0,0.0,1.0,0.0,0.0,3.8000000000000003,,2026,pit,RP
sa3016467,Jesus Silverio,1.0,0.0,1.0,0.0,0.0,3.8000000000000003,,2026,pit,RP
sa3021774,Rafael Suero,0.8038,0.0418,1.0,0.0,0.0,1.8000000000000003,,2026,pit,RP
sa3018031,Yoryi Jimenez,1.0,0.0,1.0,0.0,0.0,3.8000000000000003,,2026,pit,RP
sa3021777,Lenin Mendez,1.0,0.0,1.0,0.0,0.0,1.8000000000000003,,2026,pit,RP
sa3019159,Elías Moscoso,1.0,0.0,1.0,0.0,0.0,3.8000000000000003,BAL,2026,pit,RP
sa3023824,Alberto Chala,1.0,0.0,1.0,0.0,0.0,1.8000000000000003,,2026,pit,RP
sa3022421,Bryan Landaez,1.0,0.0,1.0,0.0,0.0,3.8000000000000003,CHC,2026,pit,RP
sa3022047,Saul Siri,0.5663,0.0923,1.0,0.0,0.0,1.8000000000000003,,2026,pit,RP
sa3021518,Misael Lopez,1.0,0.0,1.0,0.0,0.0,3.8000000000000003,,2026,pit,RP
sa3025064,Juan Duarte,1.0,0.0,1.0,0.0,0.0,3.8000000000000003,PHI,2026,pit,RP
sa3024838,Rafael Lasorsa,1.0,0.0,1.0,0.0,0.0,1.8000000000000003,,2026,pit,RP
sa3021742,Jecsua Liborius,1.0,0.0,1.0,0.0,0.0,1.8000000000000003,LAD,2026,pit,RP
sa3019537,Marco Patino,1.0,0.0,1.0,0.0,0.0,1.8000000000000003,,2026,pit,RP
sa3023108,Roman Camacho,1.0,0.0,1.0,0.0,0.0,1.8000000000000003,,2026,pit,RP
sa3024839,Johandi Medina,1.0,0.0,1.0,0.0,0.0,1.8000000000000003,TOR,2026,pit,RP
sa3021513,Rolando Anzola,1.0,0.0,1.0,0.0,0.0,3.8000000000000003,LAA,2026,pit,RP
sa3025028,Edwyn Hernandez,1.0,0.0,1.0,0.0,0.0,1.8000000000000003,SDP,2026,pit,RP
sa3024584,Jose Golindano,1.0,0.0,1.0,0.0,0.0,3.8000000000000003,,2026,pit,RP
sa3021827,Cristofer Soriano,1.0,0.0,1.0,0.0,0.0,3.8000000000000003,,2026,pit,RP
sa3022043,Ledwin Gonzalez,1.0,0.0,1.0,0.0,0.0,3.8000000000000003,,2026,pit,RP
sa3021778,Anderson Jerez,0.6562,0.0732,1.0,0.0,0.0,1.8000000000000003,,2026,pit,RP
sa3024836,Weslin De Los Santos,1.0,0.0,1.0,0.0,0.0,3.8000000000000003,,2026,pit,RP
sa3019140,John Sosa,1.0,0.0,1.0,0.0,0.0,3.8000000000000003,,2026,pit,RP
sa3022155,Styven Paez,1.0,0.0,1.0,0.0,0.0,3.8000000000000003,ATL,2026,pit,RP
sa3019266,Hader Blanco,1.0,0.0,1.0,0.0,0.0,1.8000000000000003,,2026,pit,RP
sa3024209,David Burgos,1.0,0.0,1.0,0.0,0.0,1.8000000000000003,,2026,pit,RP
sa3023835,Gilbel Galvan,1.0,0.0,1.0,0.0,0.0,1.8000000000000003,BOS,2026,pit,RP
sa3024775,Daniel Colina,1.0,0.0,1.0,0.0,0.0,1.8000000000000003,,2026,pit,RP
sa3024218,Victor Trejo,1.0,0.0,1.0,0.0,0.0,1.8000000000000003,PIT,2026,pit,RP
sa3020968,Wali Pierre,1.0,0.0,1.0,0.0,0.0,1.8000000000000003,,2026,pit,RP
sa3021007,Oliver Eusebio,1.0,0.0,1.0,0.0,0.0,1.8000000000000003,,2026,pit,RP
sa3021021,Brandon Smith,1.0,0.0,1.0,0.0,0.0,1.8000000000000003,,2026,pit,RP
sa3022129,Enyerber Rivero,1.0,0.0,1.0,0.0,0.0,1.8000000000000003,,2026,pit,RP
sa3024223,Jeremy Guzman,1.0,0.0,1.0,0.0,0.0,3.8000000000000003,,2026,pit,RP
sa3022010,Jarol Baez,0.6248,0.0798,1.0,0.0,0.0,1.8000000000000003,STL,2026,pit,RP
sa3021480,Frederic Frias,1.0,0.0,1.0,0.0,0.0,1.8000000000000003,,2026,pit,RP
sa3023698,Jhon Rosario,1.0,0.0,1.0,0.0,0.0,1.8000000000000003,CHC,2026,pit,RP
sa3022039,Johan Zapata,1.0,0.0,1.0,0.0,0.0,1.8000000000000003,,2026,pit,RP
sa3024523,Gustavo Meneses,1.0,0.0,1.0,0.0,0.0,1.8000000000000003,,2026,pit,RP
sa3022335,Richard Jimenez,1.0,0.0,1.0,0.0,0.0,1.8000000000000003,,2026,pit,RP
sa3021768,Miguel Cruz,1.0,0.0,1.0,0.0,0.0,3.8000000000000003,,2026,pit,RP
sa3021504,Roberto Urdaneta,1.0,0.0,1.0,0.0,0.0,3.8000000000000003,ATH,2026,pit,RP
sa3021822,Yoralbert Cadiz,0.8532,0.0312,1.0,0.0,0.0,1.8000000000000003,NYM,2026,pit,RP
sa3019761,Andres Ramos,1.0,0.0,1.0,0.0,0.0,1.8000000000000003,,2026,pit,RP
sa3024243,Modesto Vargas,0.6776,0.0686,1.0,0.0,0.0,1.8000000000000003,ARI,2026,pit,RP
sa3024198,Angel Sanchez,1.0,0.0,1.0,0.0,0.0,1.8000000000000003,,2026,pit,RP
sa3019578,Jorge Guerra,1.0,0.0,1.0,0.0,0.0,1.8000000000000003,,2026,pit,RP
sa3022149,Miguel Gomez,0.7254,0.0584,1.0,0.0,0.0,1.8000000000000003,,2026,pit,RP
sa3025398,Anthony Reynoso,1.0,0.0,1.0,0.0,0.0,1.8000000000000003,,2026,pit,RP
sa3020970,Eriberto Vasquez,1.0,0.0,1.0,0.0,0.0,1.8000000000000003,CLE,2026,pit,RP
sa3019835,Wilme Mora,1.0,0.0,1.0,0.0,0.0,1.8000000000000003,,2026,pit,RP
sa3022024,Linbel Jimenez,1.0,0.0,1.0,0.0,0.0,3.8000000000000003,MIL,2026,pit,RP
sa3024224,Neftali Taveras,1.0,0.0,1.0,0.0,0.0,1.8000000000000003,KCR,2026,pit,RP
sa3021035,Darlin Mendez,1.0,0.0,1.0,0.0,0.0,3.8000000000000003,,2026,pit,RP
sa3024849,Jonaikel Meza,1.0,0.0,1.0,0.0,0.0,1.8000000000000003,CLE,2026,pit,RP
31612,Carson Palmquist,26.0,0.0,26.0,0.0,0.6093,90.6,COL,2026,pit,RP
sa3025004,Yeison Silgado,1.0,0.0,1.0,0.0,0.0,1.8000000000000003,,2026,pit,RP
sa3022354,Ismael Yanez,1.0,0.0,1.0,0.0,0.0,3.8000000000000003,MIL,2026,pit,RP
sa3024221,Mendry Solano,1.0,0.0,1.0,0.0,0.0,3.8000000000000003,,2026,pit,RP
sa3024239,Damian Alcala,1.0,0.0,1.0,0.0,0.0,1.8000000000000003,,2026,pit,RP
sa3022478,Enderson Jean,1.0,0.0,1.0,0.0,0.0,3.8000000000000003,PHI,2026,pit,RP
sa3018354,Wagner Castillo,1.0,0.0,1.0,0.0,0.0,1.8000000000000003,,2026,pit,RP
sa3018848,Luciano Romero,1.0,0.0,1.0,0.0,0.0,1.8000000000000003,,2026,pit,RP
sa3023693,Estarlin Francisco,1.0,0.0,1.0,0.0,0.0,1.8000000000000003,,2026,pit,RP
sa3024878,Roberto Burgos,1.0,0.0,1.0,0.0,0.0,3.8000000000000003,,2026,pit,RP
sa3024779,Jean Rodriguez,0.6075,0.0835,1.0,0.0,0.0,1.8000000000000003,MIL,2026,pit,RP
sa3018357,Fraylin Suriel,1.0,0.0,1.0,0.0,0.0,3.8000000000000003,,2026,pit,RP
sa3022038,Brailyn Paulino,1.0,0.0,1.0,0.0,0.0,1.8000000000000003,STL,2026,pit,RP
sa3024525,Jhon Leon,1.0,0.0,1.0,0.0,0.0,1.8000000000000003,SFG,2026,pit,RP
sa3021496,Brayan Polanco,1.0,0.0,1.0,0.0,0.0,1.8000000000000003,,2026,pit,RP
sa3024250,Tejahari Wilson,1.0,0.0,1.0,0.0,0.0,3.8000000000000003,BOS,2026,pit,RP
sa3022151,Stanly Alcantara,1.0,0.0,1.0,0.0,0.0,1.8000000000000003,NYY,2026,pit,RP
sa3021823,Ericksson De Los Santos,0.7939,0.0439,1.0,0.0,0.0,3.8000000000000003,DET,2026,pit,RP
sa3023051,Jesus Oliveira,1.0,0.0,1.0,0.0,0.0,1.8000000000000003,KCR,2026,pit,RP
sa3022359,Guanchi Martinez,1.0,0.0,1.0,0.0,0.0,1.8000000000000003,,2026,pit,RP
sa3021145,Moises Moreno,1.0,0.0,1.0,0.0,0.0,1.8000000000000003,,2026,pit,RP
sa3019299,Jhon Cabral,1.0,0.0,1.0,0.0,0.0,1.8000000000000003,MIA,2026,pit,RP
sa3024092,Jesus Tapia,1.0,0.0,1.0,0.0,0.0,1.8000000000000003,,2026,pit,RP
sa3024524,Delvis Heredia,1.0,0.0,1.0,0.0,0.0,1.8000000000000003,SFG,2026,pit,RP
sa3024456,Andres Herrera,1.0,0.0,1.0,0.0,0.0,1.8000000000000003,COL,2026,pit,RP
sa3024889,Sthiven Benitez,1.0,0.0,1.0,0.0,0.0,3.8000000000000003,KCR,2026,pit,RP
19403,Colin Poche,8.0,0.0,8.0,0.0,0.6086,32.10000000000001,DET,2026,pit,RP
sa3022019,Oliver Camilo,1.0,0.0,1.0,0.0,0.0,1.8000000000000003,,2026,pit,RP
sa3024245,Noslen Marquez,1.0,0.0,1.0,0.0,0.0,1.8000000000000003,,2026,pit,RP
sa3022168,Eduardo Castillo,1.0,0.0,1.0,0.0,0.0,3.8000000000000003,CHC,2026,pit,RP
sa3019480,Jose Ojeda,1.0,0.0,1.0,0.0,0.0,1.8000000000000003,,2026,pit,RP
sa3023869,Alexander Lugo,1.0,0.0,1.0,0.0,0.0,1.8000000000000003,,2026,pit,RP
sa3021516,Raymond Sosa,1.0,0.0,1.0,0.0,0.0,1.8000000000000003,BAL,2026,pit,RP
sa3022344,Jeiki Beltran,1.0,0.0,1.0,0.0,0.0,1.8000000000000003,,2026,pit,RP
sa3021799,Jhoan Lorenzo,1.0,0.0,1.0,0.0,0.0,1.8000000000000003,,2026,pit,RP
sa3022011,Carlos Mateo,0.6562,0.0732,1.0,0.0,0.0,1.8000000000000003,PIT,2026,pit,RP
sa3023696,Abis Prado,1.0,0.0,1.0,0.0,0.0,3.8000000000000003,,2026,pit,RP
sa3024797,Christopher Vasquez,1.0,0.0,1.0,0.0,0.0,1.8000000000000003,NYY,2026,pit,RP
sa3024558,Alan Marcano,1.0,0.0,1.0,0.0,0.0,1.8000000000000003,,2026,pit,RP
sa3022378,Alexander Rivero,1.0,0.0,1.0,0.0,0.0,1.8000000000000003,,2026,pit,RP
sa3068129,Angel Gomez,1.0,0.0,1.0,0.0,0.0,1.8000000000000003,,2026,pit,RP
sa3018370,Ricardo Montero,1.0,0.0,1.0,0.0,0.0,1.8000000000000003,LAD,2026,pit,RP
18615,Hobie Harris,8.0,0.0,8.0,0.0,0.6763,27.500000000000007,BOS,2026,pit,RP
sa3024453,Carlos Lopez,1.0,0.0,1.0,0.0,0.0,3.8000000000000003,CLE,2026,pit,RP
sa3021792,Edward Cedano,1.0,0.0,1.0,0.0,0.0,3.8000000000000003,ATL,2026,pit,RP
sa3023852,Jheifer Ramirez,1.0,0.0,1.0,0.0,0.0,3.8000000000000003,,2026,pit,RP
sa3023692,Alejandro De La Cruz,1.0,0.0,1.0,0.0,0.0,3.8000000000000003,MIA,2026,pit,RP
sa3022140,Kelvin Carmona,1.0,0.0,1.0,0.0,0.0,1.8000000000000003,,2026,pit,RP
19588,Guillo Zuñiga,8.0,0.0,8.0,0.0,0.6487,35.10000000000001,SEA,2026,pit,RP
sa3024604,Gabriel De La Cruz,1.0,0.0,1.0,0.0,0.0,3.8000000000000003,,2026,pit,RP
sa3024592,Nestor Cafe,1.0,0.0,1.0,0.0,0.0,3.8000000000000003,,2026,pit,RP
sa3019366,Tommy Ventimiglia,1.0,0.0,1.0,0.0,0.0,1.8000000000000003,,2026,pit,RP
sa3024532,Jommy Hernandez,1.0,0.0,1.0,0.0,0.0,1.8000000000000003,CHW,2026,pit,RP
25957,Josh Simpson,16.0,0.0,16.0,0.0,0.6487,66.4,SEA,2026,pit,RP
sa3022051,Brahian Rijo,1.0,0.0,1.0,0.0,0.0,3.8000000000000003,,2026,pit,RP
sa3024251,Yoandys Veraza,1.0,0.0,1.0,0.0,0.0,1.8000000000000003,BOS,2026,pit,RP
21045,Seth Martinez,22.0,0.0,22.0,0.0,0.6763,76.10000000000001,BOS,2026,pit,RP
sa3024774,Rene Yrish,1.0,0.0,1.0,0.0,0.0,1.8000000000000003,PHI,2026,pit,RP
sa3011733,Ryan Harbin,26.0,0.0,26.0,0.0,0.6584,94.5,PIT,2026,pit,RP
sa3022371,Nicola Prodanovic,1.0,0.0,1.0,0.0,0.0,1.8000000000000003,CIN,2026,pit,RP
27481,Cole Wilcox,28.0,0.0,28.0,0.0,0.6487,115.50000000000001,SEA,2026,pit,RP
23899,Valente Bellozo,10.0,0.0,10.0,0.0,0.6093,29.799999999999997,COL,2026,pit,RP
sa3020836,Alex Hoppe,22.0,0.0,22.0,0.0,0.6487,92.60000000000002,SEA,2026,pit,RP
31883,Troy Taylor,50.0,0.0,50.0,0.0,4.3246,208.0,SEA,2026,pit,RP
sa3019833,Dale Stanavich,12.0,0.0,12.0,0.0,0.6387,45.30000000000001,MIA,2026,pit,RP
30106,Jack Neely,16.0,0.0,16.0,0.0,0.7209,64.80000000000001,CHC,2026,pit,RP
19990,Bryse Wilson,13.24,3.24,27.7057,0.0,0.6364,77.10000000000002,PHI,2026,pit,RP
19754,Reiver Sanmartin,40.0,0.0,40.0,0.0,0.6625,151.60000000000002,SFG,2026,pit,RP
19891,Ryder Ryan,10.0,0.0,10.0,0.0,0.7767,31.4,LAD,2026,pit,RP
17610,Tanner Rainey,16.0,0.0,16.0,0.0,0.6086,61.80000000000001,DET,2026,pit,RP
sa3020527,William Kempner,24.0,0.0,24.0,0.0,0.6387,89.90000000000002,MIA,2026,pit,RP
sa3018171,Jake Miller,10.0,0.0,10.0,0.0,0.6803,41.7,CLE,2026,pit,RP
19884,Corbin Martin,10.0,0.0,10.0,0.0,0.7209,42.7,CHC,2026,pit,RP
sa3017262,Eric Torres,6.0,0.0,6.0,0.0,0.6582,18.500000000000007,BAL,2026,pit,RP
20353,Steven Wilson,43.0,0.0,43.0,0.0,0.6597,153.10000000000002,TBR,2026,pit,RP
25620,Luis Mey,30.0,0.0,30.0,0.0,0.6505,98.4,CIN,2026,pit,RP
sa3005444,Juan Sanchez,12.0,0.0,12.0,0.0,0.6625,48.30000000000001,SFG,2026,pit,RP
22276,Dylan Coleman,10.0,0.0,10.0,0.0,0.6905,41.300000000000004,NYY,2026,pit,RP
27271,Juan Burgos,27.0,0.0,27.0,0.0,0.6573,102.10000000000001,ARI,2026,pit,RP
27407,Rolddy Muñoz,24.0,0.0,24.0,0.0,0.6487,85.30000000000001,ATL,2026,pit,RP
27583,Garrett Acton,22.0,0.0,22.0,0.0,0.6387,87.30000000000001,MIA,2026,pit,RP
sa3023204,Josh Ekness,20.0,0.0,20.0,0.0,0.6387,64.1,MIA,2026,pit,RP
sa3007495,Domingo Gonzalez,18.0,0.0,18.0,0.0,0.6487,75.40000000000002,SEA,2026,pit,RP
23426,Max Lazar,38.0,0.0,38.0,0.0,0.6364,127.99999999999997,PHI,2026,pit,RP
31571,Paul Gervase,33.0,0.0,33.0,0.0,0.7767,122.70000000000005,LAD,2026,pit,RP
26020,Seth Johnson,18.0,0.0,18.0,0.0,0.6364,58.500000000000014,PHI,2026,pit,RP
sa3020735,Cameron Foster,32.0,0.0,32.0,0.0,0.6582,113.10000000000001,BAL,2026,pit,RP
13470,Lucas Sims,8.0,0.0,8.0,0.0,0.5829,26.100000000000005,CHW,2026,pit,RP
21863,George Soriano,50.0,0.0,50.0,0.0,4.4889,208.39999999999998,STL,2026,pit,RP
sa3023064,Jaden Woods,16.0,0.0,16.0,0.0,0.6584,55.20000000000001,PIT,2026,pit,RP
27753,Bailey Horn,42.0,0.0,42.0,0.0,0.6086,160.3,DET,2026,pit,RP
22461,Logan Gillaspie,24.0,0.0,24.0,0.0,0.6532,93.30000000000001,SDP,2026,pit,RP
16427,Scott Blewett,24.0,0.0,24.0,0.0,0.6733,88.70000000000002,STL,2026,pit,RP
25158,Jayvien Sandridge,26.0,0.0,26.0,0.0,0.6222,101.1,LAA,2026,pit,RP
29271,Yilber Díaz,23.0,0.0,23.0,0.0,0.6573,87.10000000000001,ARI,2026,pit,RP
25427,Gavin Hollowell,28.0,0.0,28.0,0.0,0.7209,106.40000000000006,CHC,2026,pit,RP
31610,Zach Maxwell,34.0,0.0,34.0,0.0,0.6505,121.90000000000002,CIN,2026,pit,RP
sa3019955,Matt Pushard,52.0,0.0,52.0,0.0,7.0027,216.10000000000005,STL,2026,pit,RP
19976,Tyson Miller,15.0,0.0,15.0,0.0,0.5829,36.49999999999999,CHW,2026,pit,RP
23479,Cam Sanders,40.0,0.0,40.0,0.0,0.6584,138.7,PIT,2026,pit,RP
7836,Hunter Strickland,16.0,0.0,16.0,0.0,0.6222,45.9,LAA,2026,pit,RP
12791,Michael Kelly,60.0,0.0,60.0,3.052,11.4076,269.6,ATH,2026,pit,RP
26247,Orlando Ribalta,32.0,0.0,32.0,0.0,0.6461,105.70000000000002,WSN,2026,pit,RP
sa3004006,Robinson Ortiz,40.0,0.0,40.0,0.0,0.6487,153.3,SEA,2026,pit,RP
21132,Alexis Díaz,58.0,0.0,58.0,1.922,11.1769,258.4000000000001,TEX,2026,pit,RP
25311,Roddery Muñoz,54.0,0.0,54.0,0.0,9.7371,234.00000000000006,HOU,2026,pit,RP
29521,Ryan Loutos,25.0,0.0,25.0,0.0,0.6487,96.1,SEA,2026,pit,RP
sa3011742,Gavin Collyer,18.0,0.0,18.0,0.0,0.6589,57.10000000000001,TEX,2026,pit,RP
22200,Ryan Rolison,30.0,0.0,30.0,0.0,0.7209,103.20000000000002,CHC,2026,pit,RP
22113,Cole Winn,63.0,0.0,63.0,5.766,11.2598,299.6000000000001,TEX,2026,pit,RP
20203,Eli Morgan,24.0,0.0,24.0,0.0,0.666,77.40000000000003,KCR,2026,pit,RP
sa3020742,Peyton Pallette,48.0,0.0,48.0,0.0,4.3542,186.50000000000003,CLE,2026,pit,RP
sa3017609,Austin Love,28.0,0.0,28.0,0.0,0.6733,98.2,STL,2026,pit,RP
18890,Kyle Keller,34.0,0.0,34.0,0.0,0.6763,116.70000000000002,BOS,2026,pit,RP
26419,Bradley Blalock,26.0,0.0,26.0,0.0,0.6387,82.39999999999999,MIA,2026,pit,RP
29628,Alek Jacob,40.0,0.0,40.0,0.0,0.6532,133.2,SDP,2026,pit,RP
sa3014480,Carter Baumler,52.0,0.0,52.0,0.0,6.8531,206.50000000000006,TEX,2026,pit,RP
26353,Marc Church,32.0,0.0,32.0,0.0,0.6589,105.70000000000002,TEX,2026,pit,RP
sa3015277,Brandan Bidois,42.0,0.0,42.0,0.0,0.6584,141.4,PIT,2026,pit,RP
11691,Tayron Guerrero,40.0,0.0,40.0,0.0,0.6763,131.7,BOS,2026,pit,RP
31184,Luis Guerrero,22.0,0.0,22.0,0.0,0.6597,76.30000000000001,TBR,2026,pit,RP
26641,Wikelman González,45.0,0.0,45.0,0.0,3.4974,171.6,CHW,2026,pit,RP
27570,Cole Henry,64.0,0.0,64.0,16.13,7.9334,323.30000000000007,WSN,2026,pit,RP
26482,Jayden Murray,52.0,0.0,52.0,0.0,6.8192,204.50000000000006,HOU,2026,pit,RP
24203,Luis Peralta,34.0,0.0,34.0,0.0,0.6093,99.50000000000003,COL,2026,pit,RP
21951,Joel Peguero,50.0,0.0,50.0,3.606,4.0189,211.0,SFG,2026,pit,RP
sa3015986,Alexander Alberto,36.0,0.0,36.0,0.0,0.5829,90.10000000000004,CHW,2026,pit,RP
31552,Zach Agnos,60.0,0.0,60.0,3.83,10.5284,225.8,COL,2026,pit,RP
