playerid,PlayerName,minpos,G,FPTS,Team,season,stats,role
25764,Bobby Witt Jr.,SS,138.50999450683594,978.958848953247,KCR,2025,bat,SS
15640,Aaron Judge,OF,139.13999938964844,1103.0947418510912,NYY,2025,bat,OF
26289,Gunnar Henderson,SS,138.08999633789062,932.6534531593322,BAL,2025,bat,SS
20123,Juan Soto,OF,138.0,1054.622543621063,NYM,2025,bat,OF
23697,Julio Rodríguez,OF,138.89999389648438,859.6327176690102,SEA,2025,bat,OF
13611,Mookie Betts,OF,140.3300018310547,943.5990587234496,LAD,2025,bat,OF
19556,Yordan Alvarez,DH/OF,134.99000549316406,1036.3495009660721,HOU,2025,bat,DH/OF
19755,Shohei Ohtani,DH,145.4199981689453,1135.0309277534484,LAD,2025,bat,DH
12916,Francisco Lindor,SS,142.75,841.4445493459701,NYM,2025,bat,SS
13510,José Ramírez,3B,137.7899932861328,911.19284389019,CLE,2025,bat,3B
18401,Ronald Acuña Jr.,OF,132.27000427246094,980.2283647298813,ATL,2025,bat,OF
19709,Fernando Tatis Jr.,SS/OF,128.50999450683594,885.2499985814094,SDP,2025,bat,SS/OF
20503,William Contreras,C,137.75,822.520949792862,MIL,2025,bat,C
26668,Elly De La Cruz,SS,142.6699981689453,846.0623267173768,CIN,2025,bat,SS
25878,Corbin Carroll,OF,144.74000549316406,935.4102621078491,ARI,2025,bat,OF
19611,Vladimir Guerrero Jr.,1B,143.10000610351562,1009.6542403697966,TOR,2025,bat,1B
21534,Cal Raleigh,C,127.55000305175781,636.6625857234001,SEA,2025,bat,C
13624,Corey Seager,SS,113.5999984741211,763.5844375431537,TEX,2025,bat,SS
29490,Jackson Merrill,OF,137.08999633789062,766.6536604881288,SDP,2025,bat,OF
13613,Ketel Marte,2B,133.41000366210938,858.7795480966566,ARI,2025,bat,2B
26288,Adley Rutschman,C/DH,126.37999725341797,695.081528365612,BAL,2025,bat,C/DH
25931,Michael Harris II,OF,127.94000244140625,732.0712102651595,ATL,2025,bat,OF
27478,Patrick Bailey,C,111.93000030517578,437.81425315141666,SFG,2025,bat,C
11579,Bryce Harper,OF,140.13999938964844,942.6485312163829,PHI,2025,bat,OF
12533,Marcus Semien,2B/SS,133.7100067138672,732.8572968959808,NYM,2025,bat,2B/SS
18360,Austin Riley,3B,139.0800018310547,837.064663028717,ATL,2025,bat,3B
17678,Alex Bregman,3B,142.8699951171875,814.2724821567535,CHC,2025,bat,3B
18345,Kyle Tucker,OF,128.60000610351562,839.8704166054724,LAD,2025,bat,OF
22581,Alejandro Kirk,C,100.6500015258789,495.0963381767273,TOR,2025,bat,C
5361,Freddie Freeman,1B,144.97000122070312,927.7716598510742,LAD,2025,bat,1B
25976,Riley Greene,OF,134.61000061035156,792.6506536483764,DET,2025,bat,OF
27647,Anthony Volpe,SS,143.47999572753906,651.9368400096893,NYY,2025,bat,SS
20036,Isaac Paredes,3B,135.52000427246094,740.0902785181999,HOU,2025,bat,3B
11493,Manny Machado,3B,137.9199981689453,769.750376278162,SDP,2025,bat,3B
15986,Willy Adames,SS,142.4499969482422,730.9994960427284,SFG,2025,bat,SS
19612,Bo Bichette,SS,129.6699981689453,716.6739543914795,NYM,2025,bat,SS
27479,Masyn Winn,SS,149.2899932861328,669.6708400964736,STL,2025,bat,SS
27562,Austin Wells,C,101.97000122070312,504.10848593711853,NYY,2025,bat,C
16505,Matt Chapman,3B,136.8699951171875,700.14906822443,SFG,2025,bat,3B
22664,Gabriel Moreno,C,106.16000366210938,518.3808319330216,ARI,2025,bat,C
16252,Trea Turner,SS,127.23999786376953,719.688059437275,PHI,2025,bat,SS
31347,Zach Neto,SS,125.20999908447266,632.2574027180673,LAA,2025,bat,SS
28163,Junior Caminero,3B,119.05000305175781,649.8240016341209,TBR,2025,bat,3B
19950,Andrés Giménez,2B,138.63999938964844,648.6654344081878,TOR,2025,bat,2B
20454,Jazz Chisholm Jr.,2B/OF,130.5500030517578,701.2067366123198,NYY,2025,bat,2B/OF
18314,Dansby Swanson,SS,135.64999389648438,610.3881150484084,CHC,2025,bat,SS
14162,Carlos Correa,SS,113.01000213623047,640.4713470339775,HOU,2025,bat,SS
24610,Steven Kwan,OF,123.55000305175781,707.1705358028413,CLE,2025,bat,OF
21711,Oneil Cruz,SS/OF,131.16000366210938,742.713134407997,PIT,2025,bat,SS/OF
24617,Jarren Duran,OF,139.72999572753906,801.4111222267151,BOS,2025,bat,OF
29695,Matt McLain,2B,114.05999755859375,675.8680900812149,CIN,2025,bat,2B
28806,Jackson Chourio,OF,142.80999755859375,840.9693767786026,MIL,2025,bat,OF
16578,Yandy Díaz,1B/3B,130.75999450683594,795.3286030232906,TBR,2025,bat,1B/3B
22184,Mark Vientos,3B/DH,140.1300048828125,730.582598555088,NYM,2025,bat,3B/DH
33266,Jacob Wilson,SS,116.48999786376953,529.3175316810607,OAK,2025,bat,SS
22266,Xavier Edwards,2B/SS,124.04000091552734,657.4975948810576,MIA,2025,bat,2B/SS
26368,JJ Bleday,OF,137.64999389648438,696.4842159509658,CIN,2025,bat,OF
22542,Lawrence Butler,OF,131.3300018310547,744.5012283325194,OAK,2025,bat,OF
12161,Xander Bogaerts,SS,131.6999969482422,640.564192688465,SDP,2025,bat,SS
27815,Jordan Westburg,2B/3B,120.19999694824219,639.629748725891,BAL,2025,bat,2B/3B
33333,Wyatt Langford,OF,121.72000122070312,684.802940416336,TEX,2025,bat,OF
25768,CJ Abrams,SS,128.27000427246094,702.4254680156707,WSN,2025,bat,SS
10155,Mike Trout,OF,103.37999725341797,643.4418379306793,LAA,2025,bat,OF
33824,Jung Hoo Lee,OF,113.5199966430664,634.661377120018,SFG,2025,bat,OF
18882,Brandon Lowe,2B,111.5199966430664,608.7418636918068,PIT,2025,bat,2B
21479,Nico Hoerner,2B/SS,125.19999694824219,593.9789257049559,CHC,2025,bat,2B/SS
21636,Jeremy Peña,SS,136.85000610351562,621.8750998139382,HOU,2025,bat,SS
14344,Matt Olson,1B,143.16000366210938,850.9991409301756,ATL,2025,bat,1B
16556,Ozzie Albies,2B,135.85000610351562,700.4561088323593,ATL,2025,bat,2B
17350,Rafael Devers,3B,134.66000366210938,854.0651149034501,SFG,2025,bat,3B
19197,Will Smith,C,113.08999633789062,577.999312365055,LAD,2025,bat,C
19627,Brent Rooker,DH/OF,136.33999633789062,818.6026852607727,OAK,2025,bat,DH/OF
23003,Yainer Diaz,C/DH,127.12000274658203,651.2565419793127,HOU,2025,bat,C/DH
5417,Jose Altuve,2B,129.05999755859375,728.194044727087,HOU,2025,bat,2B
20437,Royce Lewis,3B,108.66000366210938,594.6960581302643,MIN,2025,bat,3B
9777,Nolan Arenado,3B,135.57000732421875,655.9110107779503,ARI,2025,bat,3B
15998,Cody Bellinger,1B/OF,126.08000183105469,663.2956992506981,NYY,2025,bat,1B/OF
21454,Lars Nootbaar,OF,110.44999694824219,635.970960855484,STL,2025,bat,OF
13419,Christian Walker,1B,132.1999969482422,722.133310931921,HOU,2025,bat,1B
16997,Gleyber Torres,2B,139.16000366210938,679.6044459939002,DET,2025,bat,2B
21865,Bo Naylor,C,101.08999633789062,418.37030265331265,CLE,2025,bat,C
24064,Ezequiel Tovar,SS,140.02999877929688,692.3958738327026,COL,2025,bat,SS
24679,Brendan Donovan,2B/OF,124.83000183105469,654.6782454490661,SEA,2025,bat,2B/OF
25816,Shea Langeliers,C,112.22000122070312,551.2723526835441,OAK,2025,bat,C
27676,Vinnie Pasquantino,1B/DH,127.66000366210938,751.4053810834884,KCR,2025,bat,1B/DH
33644,Kristian Campbell,2B,109.6500015258789,546.9752322912217,BOS,2025,bat,2B
26121,Francisco Alvarez,C,84.33000183105469,393.9111224412918,NYM,2025,bat,C
16478,Kyle Schwarber,DH/OF,138.8300018310547,871.7197773456573,PHI,2025,bat,DH/OF
20599,Iván Herrera,C/DH,91.20999908447266,440.7261845350265,STL,2025,bat,C/DH
20391,Luis García Jr.,2B,115.9800033569336,586.5591592311858,WSN,2025,bat,2B
20043,Luis Robert Jr.,OF,126.27999877929688,653.0183710277081,NYM,2025,bat,OF
26294,Bryson Stott,2B,129.0500030517578,581.4651262998581,PHI,2025,bat,2B
29518,James Wood,OF,119.12999725341797,682.3988682746887,WSN,2025,bat,OF
17548,Taylor Ward,OF,136.11000061035156,727.4932512760163,BAL,2025,bat,OF
29591,Colton Cowser,OF,112.41000366210938,587.3595537662507,BAL,2025,bat,OF
19251,Pete Alonso,1B,143.4199981689453,819.0828938484192,BAL,2025,bat,1B
19452,Jake Rogers,C,84.8499984741211,304.8513366520405,DET,2025,bat,C
23690,Brayan Rocchio,SS,120.70999908447266,474.16804082393645,CLE,2025,bat,SS
19290,Randy Arozarena,OF,146.27999877929688,741.6228503346442,SEA,2025,bat,OF
15491,J.P. Crawford,SS,121.5999984741211,500.44656065702435,SEA,2025,bat,SS
12927,Brandon Nimmo,OF,123.7699966430664,653.0028474807738,TEX,2025,bat,OF
14551,Anthony Santander,OF,144.6999969482422,801.6351119756698,TOR,2025,bat,OF
22799,Geraldo Perdomo,SS,122.66000366210938,499.28588128089905,ARI,2025,bat,SS
22186,Brice Turang,2B,131.13999938964844,578.956830739975,MIL,2025,bat,2B
17919,Ian Happ,OF,135.22999572753906,731.5945799708365,CHC,2025,bat,OF
17929,Cedric Mullins,OF,115.7699966430664,527.3020635366438,TBR,2025,bat,OF
21523,Jonathan India,2B,131.80999755859375,698.9784305572509,KCR,2025,bat,2B
27506,Ha-Seong Kim,SS,96.19000244140625,447.5091610074043,ATL,2025,bat,SS
21618,Alec Bohm,3B,125.27999877929688,633.8442675352096,PHI,2025,bat,3B
19326,Bryan Reynolds,OF,135.07000732421875,754.3951603412627,PIT,2025,bat,OF
18568,Luis Arraez,1B/2B,131.32000732421875,716.445294880867,SFG,2025,bat,1B/2B
27899,Colt Keith,2B,120.68000030517578,595.9794235229491,DET,2025,bat,2B
22715,Maikel Garcia,3B,129.8800048828125,562.1292306184768,KCR,2025,bat,3B
11609,Willson Contreras,C,109.54000091552734,617.9237906932831,BOS,2025,bat,C
12552,Eugenio Suárez,3B,128.6199951171875,592.2599372029305,CIN,2025,bat,3B
25479,Brenton Doyle,OF,133.5500030517578,655.9970292806626,COL,2025,bat,OF
19352,Sean Murphy,C,78.2300033569336,357.906502354145,ATL,2025,bat,C
13066,Teoscar Hernández,OF,145.41000366210938,771.2697740674017,LAD,2025,bat,OF
19858,Luis Rengifo,2B/3B,114.66999816894531,532.4617711305617,MIL,2025,bat,2B/3B
19522,TJ Friedl,OF,108.86000061035156,575.2534883260727,CIN,2025,bat,OF
14161,Byron Buxton,OF,102.45999908447266,547.7291466474534,MIN,2025,bat,OF
27769,Pete Crow-Armstrong,OF,118.48999786376953,495.52498960494995,CHC,2025,bat,OF
28080,Jasson Domínguez,OF,113.6500015258789,537.7242619395255,NYY,2025,bat,OF
19953,Josh Lowe,OF,108.0999984741211,567.6975435972213,LAA,2025,bat,OF
24729,Logan O'Hoppe,C,101.5199966430664,465.291561627388,LAA,2025,bat,C
18363,Victor Robles,OF,108.02999877929688,513.1461441159247,SEA,2025,bat,OF
9218,Paul Goldschmidt,1B,134.9600067138672,704.1324689447878,NYY,2025,bat,1B
26299,Josh Jung,3B,112.91999816894531,514.9675677061082,TEX,2025,bat,3B
31781,Jackson Holliday,2B,105.94000244140625,428.3974186062812,BAL,2025,bat,2B
18036,Jake Cronenworth,1B/2B,123.9800033569336,550.8568059206009,SDP,2025,bat,1B/2B
11477,Christian Yelich,OF,101.2300033569336,594.8103882312773,MIL,2025,bat,OF
16939,Lane Thomas,OF,123.7300033569336,587.436145043373,KCR,2025,bat,OF
22514,Triston Casas,1B,114.54000091552734,643.7597223043442,BOS,2025,bat,1B
25493,Joey Ortiz,3B/SS,122.77999877929688,536.1272438764571,MIL,2025,bat,3B/SS
13301,Max Muncy,1B/3B,104.41000366210938,512.9267297685145,LAD,2025,bat,1B/3B
26466,Matt Wallner,OF,102.12999725341797,550.1645066857337,MIN,2025,bat,OF
10324,Marcell Ozuna,DH/OF,134.33999633789062,759.0700152039527,PIT,2025,bat,DH/OF
23800,Parker Meadows,OF,96.41999816894531,436.7583343029022,DET,2025,bat,OF
21897,Christopher Morel,DH/OF,104.87999725341797,500.43308308124534,MIA,2025,bat,DH/OF
10815,Jurickson Profar,OF,131.4600067138672,706.9603218317031,ATL,2025,bat,OF
22275,Jake Burger,1B/3B,129.9600067138672,627.0931807279586,TEX,2025,bat,1B/3B
7304,Salvador Perez,C,127.33000183105469,640.290436476469,KCR,2025,bat,C
18839,Josh Naylor,1B,128.0399932861328,698.9571578621865,SEA,2025,bat,1B
11739,J.T. Realmuto,C,104.94000244140625,477.4902537584304,PHI,2025,bat,C
21622,Jake McCarthy,OF,110.9000015258789,527.4657378673553,COL,2025,bat,OF
18577,Ke'Bryan Hayes,3B,117.19999694824219,494.81136872768406,CIN,2025,bat,3B
19608,Otto Lopez,2B/SS,99.33000183105469,440.8376288890838,MIA,2025,bat,2B/SS
33189,Nolan Schanuel,1B,115.86000061035156,620.821089965105,LAA,2025,bat,1B
20178,Miguel Vargas,3B,110.79000091552734,530.5242813229561,CHW,2025,bat,3B
15112,Ryan McMahon,3B,135.8800048828125,667.799323952198,NYY,2025,bat,3B
19918,Daulton Varsho,OF,115.5999984741211,511.8815333127975,TOR,2025,bat,OF
11899,Joc Pederson,OF,92.1500015258789,531.7677102804183,TEX,2025,bat,OF
29592,Connor Norby,3B,119.0999984741211,538.7416866779326,MIA,2025,bat,3B
29931,Jacob Young,OF,112.18000030517578,408.943953037262,WSN,2025,bat,OF
13152,Jorge Polanco,2B/SS,112.22000122070312,457.6498801529407,NYM,2025,bat,2B/SS
12856,George Springer,OF,130.52000427246094,632.2864029645918,TOR,2025,bat,OF
20202,Brandon Marsh,OF,118.73999786376953,516.7906709194183,PHI,2025,bat,OF
24618,Ryan Jeffers,C,91.66999816894531,429.8615687668323,MIN,2025,bat,C
19566,Nathaniel Lowe,1B,136.08999633789062,668.8861937761307,CIN,2025,bat,1B
19287,Adolis García,OF,125.83000183105469,618.4447462022305,PHI,2025,bat,OF
17338,Willi Castro,OF,131.58999633789062,551.770831990242,COL,2025,bat,OF
27555,Garrett Mitchell,OF,100.80999755859375,479.98894093036654,MIL,2025,bat,OF
21840,Freddy Fermin,C,68.26000213623047,291.20656949877736,SDP,2025,bat,C
27684,Michael Massey,2B,105.0,482.71031513214103,KCR,2025,bat,2B
16930,Jonah Heim,C,81.8499984741211,307.4529983282089,ATL,2025,bat,C
27490,Nick Gonzales,2B,98.01000213623047,434.0419046163558,PIT,2025,bat,2B
18900,Leody Taveras,OF,86.05000305175781,360.15162479877466,BAL,2025,bat,OF
26477,Spencer Horwitz,1B,91.37000274658203,490.89779998660083,PIT,2025,bat,1B
31595,Brooks Lee,3B/SS,87.02999877929688,372.44444645643233,MIN,2025,bat,3B/SS
13185,Orlando Arcia,SS,123.70999908447266,462.3770425200461,MIN,2025,bat,SS
30116,Seiya Suzuki,DH/OF,117.12000274658203,641.7511348009109,CHC,2025,bat,DH/OF
16725,Jose Trevino,C,57.06999969482422,214.28480961620807,CIN,2025,bat,C
33322,Matt Shaw,3B,99.31999969482422,410.549570941925,CHC,2025,bat,3B
19470,Tommy Edman,2B,115.62999725341797,489.12792019844056,LAD,2025,bat,2B
17988,Tyler Stephenson,C,89.2699966430664,416.597605317831,CIN,2025,bat,C
18126,LaMonte Wade Jr.,1B/OF,98.47000122070312,532.3322978377342,CHW,2025,bat,1B/OF
31580,Chase Meidroth,2B/SS,75.86000061035156,319.01668598651884,CHW,2025,bat,2B/SS
16535,Danny Jansen,C,77.69000244140625,350.95429554283623,TEX,2025,bat,C
26323,Spencer Steer,1B/OF,129.88999938964844,673.4122417449951,CIN,2025,bat,1B/OF
20308,Jake Meyers,OF,95.05000305175781,368.8398028850555,HOU,2025,bat,OF
22515,Heliot Ramos,OF,117.66000366210938,564.0448885202408,SFG,2025,bat,OF
23772,Wilyer Abreu,OF,96.44999694824219,463.3756217837333,BOS,2025,bat,OF
15711,Tyler O'Neill,OF,97.33000183105469,481.17452273368826,BAL,2025,bat,OF
29634,Will Wagner,2B/3B,75.47000122070312,355.35145699977875,SDP,2025,bat,2B/3B
13620,Carson Kelly,C,68.7300033569336,265.0090288341045,CHC,2025,bat,C
29766,Zack Gelof,2B,83.30999755859375,356.6654446482658,OAK,2025,bat,2B
26396,Josh Smith,3B/SS,89.08000183105469,400.5412293970585,TEX,2025,bat,3B/SS
14221,Jorge Soler,DH/OF,118.27999877929688,633.5111196994782,LAA,2025,bat,DH/OF
21614,Kyle Isbel,OF,109.5999984741211,421.41370453834526,KCR,2025,bat,OF
14968,Victor Caratini,C,56.43000030517578,240.59226177334784,MIN,2025,bat,C
26208,Tyler Fitzgerald,2B/SS,106.12000274658203,416.313175868988,SFG,2025,bat,2B/SS
15362,Jeff McNeil,2B/OF,79.88999938964844,355.5968143701553,OAK,2025,bat,2B/OF
19610,Keibert Ruiz,C,105.16000366210938,447.5861606627702,WSN,2025,bat,C
20352,Ernie Clement,3B,81.72000122070312,344.07764368057246,TOR,2025,bat,3B
27475,Jordan Walker,OF,118.98999786376953,532.1915586233138,STL,2025,bat,OF
25961,Kerry Carpenter,DH/OF,100.81999969482422,544.496374297142,DET,2025,bat,DH/OF
19354,Luke Raley,1B/OF,107.81999969482422,489.38709599971764,SEA,2025,bat,1B/OF
27615,Alec Burleson,DH/OF,99.13999938964844,513.2178829193115,STL,2025,bat,DH/OF
18373,Ryan Mountcastle,1B,109.41000366210938,532.3659586668015,BAL,2025,bat,1B
33541,Dylan Crews,OF,120.29000091552734,584.848129749298,WSN,2025,bat,OF
5517,Kyle Higashioka,C,68.05000305175781,256.8177219510078,TEX,2025,bat,C
19955,Gavin Lux,2B,108.54000091552734,491.62495307922364,TBR,2025,bat,2B
21501,Trevor Larnach,DH/OF,98.08999633789062,491.83222800493235,MIN,2025,bat,DH/OF
26365,Jonny DeLuca,OF,98.5999984741211,398.1711375951767,TBR,2025,bat,OF
2396,Carlos Santana,1B,115.27999877929688,539.5672964572907,ARI,2025,bat,1B
19913,Jesús Sánchez,OF,87.43000030517578,449.47798424959177,TOR,2025,bat,OF
27790,Evan Carter,OF,71.45999908447266,331.56610734462737,TEX,2025,bat,OF
21707,Oswaldo Cabrera,3B/OF,83.87000274658203,340.18525938391684,NYY,2025,bat,3B/OF
23792,Alek Thomas,OF,67.58999633789062,304.13307248353954,ARI,2025,bat,OF
26197,Andrew Vaughn,1B/OF,139.02000427246094,686.3100066900251,MIL,2025,bat,1B/OF
20220,Jo Adell,OF,115.05000305175781,496.1912315607071,LAA,2025,bat,OF
29794,Kyle Manzardo,1B/DH,88.63999938964844,467.3830774366855,CLE,2025,bat,1B/DH
24262,Ceddanne Rafaela,OF,97.47000122070312,386.4983460187911,BOS,2025,bat,OF
20538,Jose Miranda,1B/3B,98.18000030517578,473.96433603763575,SDP,2025,bat,1B/3B
21558,Matt Vierling,OF,94.23999786376953,431.3951959371567,DET,2025,bat,OF
18042,Dylan Moore,2B/OF,78.66000366210938,313.2484220027923,PHI,2025,bat,2B/OF
16442,Ryan O'Hearn,1B/DH,88.66000366210938,456.9932165861129,PIT,2025,bat,1B/DH
27467,Tyler Soderstrom,1B/OF,104.62999725341797,491.1484461665154,OAK,2025,bat,1B/OF
19238,Lourdes Gurriel Jr.,OF,111.43000030517578,566.4015180110931,ARI,2025,bat,OF
21693,Miguel Amaya,C,80.97000122070312,316.62452480792996,CHC,2025,bat,C
15878,Miguel Andujar,3B/OF,83.4800033569336,406.56306529045105,SDP,2025,bat,3B/OF
16622,Luis Urías,2B/3B,76.62000274658203,298.47523335218426,,2025,bat,2B/3B
7739,Travis d'Arnaud,C,52.119998931884766,227.29468487799167,LAA,2025,bat,C
21837,Jonathan Aranda,1B,74.61000061035156,375.90671662092205,TBR,2025,bat,1B
26319,Michael Busch,1B,110.16000366210938,522.9654465436936,CHC,2025,bat,1B
25332,Endy Rodríguez,C,84.23999786376953,352.57582635879515,PIT,2025,bat,C
20287,Ben Rortvedt,C,62.2599983215332,216.42878043949605,NYM,2025,bat,C
29622,Sal Frelick,OF,101.98999786376953,421.9952796220778,MIL,2025,bat,OF
16426,Thairo Estrada,2B,90.2300033569336,425.3652834296226,BAL,2025,bat,2B
22263,Nolan Gorman,2B,89.88999938964844,411.7814771384,STL,2025,bat,2B
29547,Ryan Bliss,2B,79.48999786376953,294.38499876260755,SEA,2025,bat,2B
21538,Nick Fortes,C,80.30999755859375,280.8366688549518,TBR,2025,bat,C
22563,Gabriel Arias,SS,74.86000061035156,291.24319635629655,CLE,2025,bat,SS
29575,Trey Sweeney,SS,78.41000366210938,286.9851108551025,DET,2025,bat,SS
18030,Harrison Bader,OF,79.79000091552734,320.2790949046612,SFG,2025,bat,OF
23401,José Caballero,2B/SS,69.33000183105469,269.96826413273806,NYY,2025,bat,2B/SS
27534,Edouard Julien,2B,76.5999984741211,318.8677914559841,COL,2025,bat,2B
16376,Michael Conforto,OF,98.04000091552734,460.43474962711326,CHC,2025,bat,OF
22197,MJ Melendez,OF,109.75,506.5928546190262,NYM,2025,bat,OF
17452,Jose Siri,OF,91.87000274658203,335.1353445291519,LAA,2025,bat,OF
31564,Alan Roden,OF,85.52999877929688,367.119920182228,MIN,2025,bat,OF
18564,Trent Grisham,OF,60.34000015258789,247.03639258742334,NYY,2025,bat,OF
13621,Jeimer Candelario,3B,105.30000305175781,498.934395134449,LAA,2025,bat,3B
9774,Christian Vázquez,C,55.380001068115234,180.40067178308962,HOU,2025,bat,C
19734,Josh Rojas,2B/3B,74.47000122070312,301.9976020812988,KCR,2025,bat,2B/3B
24589,Richie Palacios,OF,63.939998626708984,292.2916451692581,TBR,2025,bat,OF
16512,Isiah Kiner-Falefa,SS,115.1500015258789,432.4432262182235,BOS,2025,bat,SS
20529,Nolan Jones,OF,86.08999633789062,386.46370644569396,CLE,2025,bat,OF
15274,Mike Tauchman,OF,74.5,347.9362671494484,NYM,2025,bat,OF
13590,Jesse Winker,OF,87.4800033569336,429.1426198482513,,2025,bat,OF
18795,Ramón Urías,3B,60.0099983215332,248.39338920116424,STL,2025,bat,3B
22896,Lenyn Sosa,2B,94.30000305175781,397.560045388341,CHW,2025,bat,2B
10681,Gio Urshela,3B,79.43000030517578,323.1522873163223,MIN,2025,bat,3B
35322,Hyeseong Kim,2B,67.52999877929688,279.9894767642021,LAD,2025,bat,2B
16530,Mauricio Dubón,2B/OF,84.26000213623047,322.63998033404346,ATL,2025,bat,2B/OF
21524,Joey Bart,C,79.7300033569336,333.7969371676445,PIT,2025,bat,C
22532,Tyler Freeman,OF,63.779998779296875,302.4489222288132,COL,2025,bat,OF
12144,Max Kepler,OF,98.61000061035156,450.12836244106296,,2025,bat,OF
12564,Trevor Story,SS,105.08999633789062,423.1137640714645,BOS,2025,bat,SS
15905,Luis Torrens,C,54.349998474121094,189.01943197846413,NYM,2025,bat,C
31539,Drake Baldwin,C,49.84000015258789,189.82921938598156,ATL,2025,bat,C
27464,Dillon Dingler,C,54.13999938964844,200.7637501835823,DET,2025,bat,C
33549,Kyle Teel,C,45.029998779296875,173.02292187809945,CHW,2025,bat,C
17232,Yoán Moncada,3B,97.5199966430664,404.1912990450859,LAA,2025,bat,3B
31437,Jace Jung,3B,55.18000030517578,229.2830961346626,DET,2025,bat,3B
12979,Javier Báez,SS,78.76000213623047,292.38474996089934,DET,2025,bat,SS
24816,Andy Pages,OF,50.95000076293945,227.82684389948844,LAD,2025,bat,OF
24336,Johan Rojas,OF,70.1500015258789,267.3555276632309,PHI,2025,bat,OF
31166,Heston Kjerstad,OF,80.94999694824219,368.6755826592445,BAL,2025,bat,OF
19260,Jake Fraley,OF,90.16000366210938,422.99356745481487,TBR,2025,bat,OF
30011,Christian Encarnacion-Strand,1B,93.1500015258789,464.43616593480107,CIN,2025,bat,1B
28022,Edgar Quero,C/DH,39.36000061035156,155.49134114682673,CHW,2025,bat,C/DH
17901,Andrew Benintendi,OF,109.86000061035156,520.8448491692542,CHW,2025,bat,OF
31349,Victor Scott II,OF,93.80999755859375,331.22429487705233,STL,2025,bat,OF
17907,Brendan Rodgers,2B,65.63999938964844,268.111603963375,BOS,2025,bat,2B
31812,Roman Anthony,OF,74.72000122070312,330.48542904853815,BOS,2025,bat,OF
26548,Luisangel Acuña,2B,56.810001373291016,214.510174036026,CHW,2025,bat,2B
19921,Blake Perkins,OF,65.47000122070312,254.31191347837444,MIL,2025,bat,OF
25782,Pedro Pagés,C,60.08000183105469,219.5031774401665,STL,2025,bat,C
19599,Chas McCormick,OF,71.81999969482422,304.3383581638336,CHC,2025,bat,OF
31394,Brooks Baldwin,OF,57.41999816894531,215.62104257643222,CHW,2025,bat,OF
14854,Mike Yastrzemski,OF,98.47000122070312,415.240964603424,ATL,2025,bat,OF
29976,Jordan Lawlar,3B/SS,43.41999816894531,182.34875841140746,ARI,2025,bat,3B/SS
sa3009808,Juan Brito,2B,52.54999923706055,206.2172458767891,CLE,2025,bat,2B
29712,Colson Montgomery,SS,83.37000274658203,276.89912418127057,CHW,2025,bat,SS
26467,Luis Matos,OF,65.87000274658203,282.6356075704097,SFG,2025,bat,OF
19392,Zach McKinstry,3B/OF,59.16999816894531,249.22566950321198,DET,2025,bat,3B/OF
17982,Ty France,1B,108.0199966430664,473.9977688997983,SDP,2025,bat,1B
22857,Wenceel Pérez,OF,70.97000122070312,308.95418851375575,DET,2025,bat,OF
22217,Luis Campusano,C,54.2599983215332,236.67919794917103,SDP,2025,bat,C
18015,Paul DeJong,SS,83.68000030517578,289.80070185065273,NYY,2025,bat,SS
10231,Jose Iglesias,SS,65.77999877929688,259.69888049960133,,2025,bat,SS
13675,Tyrone Taylor,OF,74.62999725341797,308.7014398217201,NYM,2025,bat,OF
19722,Carlos Narváez,C,52.27000045776367,187.993886834383,BOS,2025,bat,C
15161,Mitch Garver,C/DH,72.9000015258789,304.0359944283962,SEA,2025,bat,C/DH
22823,Oswald Peraza,3B,48.869998931884766,194.7985773414373,LAA,2025,bat,3B
4949,Giancarlo Stanton,DH/OF,68.3499984741211,362.9743612915277,NYY,2025,bat,DH/OF
16472,Rhys Hoskins,1B,117.5999984741211,557.1554862618447,CLE,2025,bat,1B
22458,Taylor Walls,SS,60.630001068115234,210.03883448839187,TBR,2025,bat,SS
13145,Josh Bell,1B,114.94999694824219,568.6830967903136,MIN,2025,bat,1B
11368,Yasmani Grandal,C,33.75,138.04843946248295,,2025,bat,C
29844,Liam Hicks,C/1B,44.709999084472656,162.62174964547157,MIA,2025,bat,C/1B
24703,Jonah Bride,1B/3B,89.98999786376953,409.0047123193741,TEX,2025,bat,1B/3B
15518,Amed Rosario,SS,55.61000061035156,232.8529841780663,NYY,2025,bat,SS
13770,Rob Refsnyder,OF,45.380001068115234,234.33987016677858,SEA,2025,bat,OF
11442,Gary Sánchez,C,53.279998779296875,221.63270748257636,MIL,2025,bat,C
23986,Curtis Mead,2B/3B,59.709999084472656,267.49989436864854,CHW,2025,bat,2B/3B
19896,Connor Wong,C,91.56999969482422,362.5438071370125,BOS,2025,bat,C
22244,Jack Suwinski,OF,64.02999877929688,288.04326568245887,LAD,2025,bat,OF
28253,Javier Sanoja,3B/OF,58.970001220703125,227.43474384546278,MIA,2025,bat,3B/OF
26151,Kyle Stowers,OF,89.37999725341797,388.7423661470413,MIA,2025,bat,OF
17273,Jorge Mateo,SS,48.0099983215332,182.10763524770735,ATL,2025,bat,SS
26295,Oliver Dunn,3B,74.37999725341797,265.7816153645515,CHW,2025,bat,3B
15464,Hunter Renfroe,OF,73.7699966430664,336.69756828248495,,2025,bat,OF
27883,Thomas Saggese,2B/SS,60.959999084472656,233.00142018795012,STL,2025,bat,2B/SS
19802,Jhonny Pereda,C,31.280000686645508,108.85551508963106,SEA,2025,bat,C
26123,Brett Baty,3B,44.41999816894531,180.5605729565024,NYM,2025,bat,3B
23691,José Tena,3B,54.349998474121094,219.85897591710085,WSN,2025,bat,3B
16947,Derek Hill,OF,72.88999938964844,314.93920283317556,CHW,2025,bat,OF
19997,Santiago Espinal,2B/3B,54.38999938964844,218.11799791157242,LAD,2025,bat,2B/3B
29646,Caleb Durbin,3B,41.439998626708984,166.9850241601467,BOS,2025,bat,3B
25807,Jared Triolo,3B,65.43000030517578,255.57260065078725,PIT,2025,bat,3B
19892,Pavin Smith,1B/OF,73.38999938964844,333.20002054572103,ARI,2025,bat,1B/OF
31912,Chandler Simpson,OF,28.549999237060547,122.65152999758718,TBR,2025,bat,OF
18171,Seth Brown,1B/OF,56.7599983215332,252.54581139683725,NYY,2025,bat,1B/OF
29779,Max Muncy,2B/3B,61.150001525878906,195.5445735275745,OAK,2025,bat,2B/3B
24257,Jhonkensy Noel,OF,60.36000061035156,274.35723057389265,BAL,2025,bat,OF
19296,Alex Call,OF,55.2400016784668,232.22340298295018,LAD,2025,bat,OF
22277,Nick Allen,SS,45.66999816894531,165.23913195729253,HOU,2025,bat,SS
29576,Ben Rice,1B/DH,48.400001525878906,215.75750927478077,NYY,2025,bat,1B/DH
10472,Enrique Hernández,OF,56.349998474121094,223.66805547475818,LAD,2025,bat,OF
23565,Davis Schneider,2B/OF,60.16999816894531,265.4288720071316,TOR,2025,bat,2B/OF
17022,Edmundo Sosa,3B/SS,49.099998474121094,189.96696953773497,PHI,2025,bat,3B/SS
27531,David Hamilton,2B/SS,35.86000061035156,147.8583264529705,MIL,2025,bat,2B/SS
12976,Austin Hedges,C,33.70000076293945,77.08342152535914,CLE,2025,bat,C
24770,James Outman,OF,34.369998931884766,143.88620058000086,MIN,2025,bat,OF
27504,Nick Yorke,2B,42.43000030517578,178.47110947072508,PIT,2025,bat,2B
9241,Starling Marte,OF,63.75,297.9708556652069,KCR,2025,bat,OF
11445,Mark Canha,OF,52.529998779296875,247.3715491682291,TEX,2025,bat,OF
2967,Tommy Pham,OF,88.01000213623047,409.31885240077963,,2025,bat,OF
20084,J.C. Escarra,C,41.720001220703125,148.28726924955842,NYY,2025,bat,C
19363,Austin Hays,OF,89.45999908447266,403.7721268057823,CHW,2025,bat,OF
27763,Drew Romo,C,48.95000076293945,183.25166118144986,CHW,2025,bat,C
31680,Cole Young,2B,40.91999816894531,142.42931019365787,SEA,2025,bat,2B
28312,Coby Mayo,1B,33.52000045776367,144.32915802001952,BAL,2025,bat,1B
24759,Mickey Gasper,C/DH,24.8700008392334,108.7403149470687,BOS,2025,bat,C/DH
21646,Rafael Marchán,C,36.83000183105469,139.09224032163618,PHI,2025,bat,C
16153,Austin Slater,OF,47.5099983215332,205.15219044983388,DET,2025,bat,OF
23733,Ezequiel Duran,3B,44.84000015258789,181.5218408703804,TEX,2025,bat,3B
25660,Will Brennan,OF,41.790000915527344,183.42981565594675,SFG,2025,bat,OF
25180,Daniel Schneemann,2B/OF,55.08000183105469,199.7418063879013,CLE,2025,bat,2B/OF
34979,Christian Moore,2B,38.52000045776367,151.593745803833,LAA,2025,bat,2B
19779,Dairon Blanco,OF,34.20000076293945,160.50189187526703,KCR,2025,bat,OF
31837,Masataka Yoshida,DH/OF,39.150001525878906,204.93165822327137,BOS,2025,bat,DH/OF
9874,DJ LeMahieu,2B,49.720001220703125,203.10244436860083,,2025,bat,2B
26546,Agustín Ramírez,C/DH,46.77000045776367,185.71952875852583,MIA,2025,bat,C/DH
5235,Justin Turner,3B,71.70999908447266,326.2762919932603,,2025,bat,3B
21780,Esteury Ruiz,OF,24.719999313354492,118.20187420547006,MIA,2025,bat,OF
8623,Donovan Solano,2B,63.06999969482422,257.70061922669413,,2025,bat,2B
24488,Max Schuemann,SS,37.5099983215332,122.01228659152986,NYY,2025,bat,SS
23818,Ji Hwan Bae,2B/OF,37.150001525878906,152.99950078129766,NYM,2025,bat,2B/OF
19339,Nicky Lopez,2B/SS,43.540000915527344,150.18621239662167,COL,2025,bat,2B/SS
25967,Orelvis Martinez,2B,35.880001068115234,145.32779738903045,WSN,2025,bat,2B
15679,Rowdy Tellez,1B,72.94000244140625,314.27756936252115,,2025,bat,1B
4940,Jason Heyward,OF,65.86000061035156,265.8211370706558,,2025,bat,OF
26224,Darell Hernaiz,3B/SS,22.59000015258789,87.85879986882209,OAK,2025,bat,3B/SS
22558,Jarred Kelenic,OF,37.970001220703125,163.13866297602652,CHW,2025,bat,OF
11680,Elias Díaz,C,70.27999877929688,235.2808147966861,KCR,2025,bat,C
17027,Alex Verdugo,OF,45.189998626708984,202.74149150252342,SDP,2025,bat,OF
5827,Wilmer Flores,1B,69.16999816894531,309.63728544116015,,2025,bat,1B
21562,Romy Gonzalez,1B/2B,29.829999923706055,135.56701178550722,BOS,2025,bat,1B/2B
17128,Ramón Laureano,OF,48.810001373291016,198.92951009273526,SDP,2025,bat,OF
13897,Tyler Heineman,C,24.110000610351562,71.79877507090568,TOR,2025,bat,C
22054,Dane Myers,OF,65.2300033569336,261.54227498769757,CIN,2025,bat,OF
12158,Austin Barnes,C,30.3799991607666,104.04883764088153,NYM,2025,bat,C
14712,Manuel Margot,OF,41.09000015258789,161.50286266803738,,2025,bat,OF
10243,Randal Grichuk,OF,50.720001220703125,235.00886722207068,NYY,2025,bat,OF
24934,David Fry,DH,44.959999084472656,211.5582244157791,CLE,2025,bat,DH
27465,Spencer Torkelson,1B,89.73999786376953,388.82894111275664,DET,2025,bat,1B
26202,Jake Mangum,OF,34.130001068115234,125.38829989433287,PIT,2025,bat,OF
7802,Miguel Rojas,SS,26.829999923706055,101.2097435340285,LAD,2025,bat,SS
24598,Addison Barger,3B/OF,23.790000915527344,100.81904100775719,TOR,2025,bat,3B/OF
23782,Leo Jiménez,2B/SS,19.979999542236328,76.99234628528357,TOR,2025,bat,2B/SS
22557,Michael Siani,OF,51.54999923706055,165.62135592103004,LAD,2025,bat,OF
29554,Adrian Del Castillo,C/DH,31.399999618530273,134.1025168925524,ARI,2025,bat,C/DH
23667,Wander Franco,SS,8.239999771118164,48.638709610700595,TBR,2025,bat,SS
25979,Nasim Nuñez,SS,26.420000076293945,95.72199190258979,WSN,2025,bat,SS
27963,Maximo Acosta,2B/3B/SS,37.66999816894531,135.781906658411,MIA,2025,bat,2B/3B/SS
26540,Angel Martínez,OF,27.06999969482422,112.3748009353876,CLE,2025,bat,OF
26517,Noelvi Marte,3B/OF,37.77000045776367,146.36070336103438,CIN,2025,bat,3B/OF
28824,Samuel Basallo,C,14.229999542236328,58.21414890438317,BAL,2025,bat,C
16953,Chadwick Tromp,C,19.989999771118164,67.38735195696354,ATL,2025,bat,C
17484,Eloy Jiménez,DH/OF,28.43000030517578,141.98162995129826,TOR,2025,bat,DH/OF
25690,Grant McCray,OF,50.11000061035156,177.5996313810348,SFG,2025,bat,OF
18819,Andy Ibáñez,2B/3B,38.540000915527344,157.36954635381696,OAK,2025,bat,2B/3B
18123,Nathan Lukes,OF,26.190000534057617,105.86589213013647,TOR,2025,bat,OF
31855,Colby Thomas,OF,32.290000915527344,134.32911294102666,OAK,2025,bat,OF
27577,Casey Schmitt,2B/3B,30.760000228881836,114.16705751121043,SFG,2025,bat,2B/3B
16357,Pablo Reyes,OF,25.020000457763672,97.9626231253147,SDP,2025,bat,OF
27735,Brett Wisely,2B,32.83000183105469,116.36477022469043,ATL,2025,bat,2B
26031,Vaughn Grissom,2B,15.390000343322754,67.71725867688654,LAA,2025,bat,2B
21746,José Fermín,2B/3B,20.6200008392334,86.17783332467079,STL,2025,bat,2B/3B
15172,Tim Anderson,SS,33.220001220703125,121.0145354926586,,2025,bat,SS
25845,Michael Toglia,1B,114.22000122070312,550.5636756420135,CIN,2025,bat,1B
19318,Matt Thaiss,C,37.709999084472656,141.92156277596948,BOS,2025,bat,C
27462,Austin Martin,OF,22.06999969482422,88.1148763269186,MIN,2025,bat,OF
23395,Eric Wagaman,1B,43.34000015258789,187.00499197244645,MIN,2025,bat,1B
17696,Kevin Newman,2B/SS,48.560001373291016,158.13992194533347,KCR,2025,bat,2B/SS
17276,Alex Jackson,C,13.25,45.31510962545872,MIN,2025,bat,C
19956,Mickey Moniak,OF,60.79999923706055,275.5637922525406,COL,2025,bat,OF
16572,Connor Joe,1B/OF,35.54999923706055,152.9484876960516,SEA,2025,bat,1B/OF
21635,Nick Maton,2B/3B,28.729999542236328,112.69071871638297,,2025,bat,2B/3B
10028,Christian Bethancourt,C,21.690000534057617,75.49658558890222,CHC,2025,bat,C
29715,Hunter Goodman,C,75.36000061035156,345.5699107527732,COL,2025,bat,C
31562,Zach Dezenzo,1B/OF,35.880001068115234,146.36252664923668,HOU,2025,bat,1B/OF
13757,Chris Taylor,OF,51.209999084472656,186.76106508970258,LAA,2025,bat,OF
19455,Andruw Monasterio,2B/3B,26.290000915527344,99.8693751335144,BOS,2025,bat,2B/3B
23698,Ronny Mauricio,2B/3B,17.15999984741211,73.93366901129484,NYM,2025,bat,2B/3B
27573,Gage Workman,3B,43.52000045776367,154.1550502061844,DET,2025,bat,3B
25475,Logan Driscoll,C,12.779999732971191,44.17131930291652,TBR,2025,bat,C
27630,Nick Loftin,2B/OF,18.389999389648438,74.9541132286191,KCR,2025,bat,2B/OF
26438,Dominic Canzone,OF,18.34000015258789,81.09214823096991,SEA,2025,bat,OF
20126,Dylan Carlson,OF,20.270000457763672,83.10367678999899,CHC,2025,bat,OF
12037,Jon Berti,3B,28.989999771118164,107.32307010293006,,2025,bat,3B
20017,Miles Mastrobuoni,3B,25.479999542236328,88.65045030117034,SEA,2025,bat,3B
22209,Sam Huff,C,23.950000762939453,80.0546105802059,BAL,2025,bat,C
17040,Jose Herrera,C,31.329999923706055,100.90112866163251,TEX,2025,bat,C
sa3014693,Emmanuel Rodriguez,OF,16.540000915527344,70.37149746119977,MIN,2025,bat,OF
25040,Vinny Capra,3B,41.939998626708984,145.49117987453934,BOS,2025,bat,3B
21716,Enmanuel Valdez,2B,19.100000381469727,79.18466305881738,PIT,2025,bat,2B
11737,Nick Castellanos,3B/OF,137.8699951171875,626.3250029802322,SDP,2025,bat,3B/OF
24496,DaShawn Keirsey Jr.,OF,32.869998931884766,122.00852900743483,ATL,2025,bat,OF
21009,Leo Rivas,2B/SS,16.040000915527344,54.18047363311051,SEA,2025,bat,2B/SS
11489,Michael A. Taylor,OF,43.95000076293945,142.23903515338898,,2025,bat,OF
22530,Johnathan Rodríguez,OF,27.110000610351562,117.77347746789457,CLE,2025,bat,OF
29668,Marcelo Mayer,3B,17.329999923706055,68.52170702815054,BOS,2025,bat,3B
21853,Will Benson,OF,36.029998779296875,154.60228782892224,CIN,2025,bat,OF
25805,Blake Sabol,C/OF,15.3100004196167,60.00150824189186,TBR,2025,bat,C/OF
25477,Isaac Collins,OF,34.93000030517578,135.1477970480919,KCR,2025,bat,OF
sa3015407,Jeferson Quero,C,13.0,49.06259413659572,MIL,2025,bat,C
31363,Graham Pauley,3B,42.88999938964844,156.68523252904413,MIA,2025,bat,3B
29949,Tyler Black,1B/DH,36.81999969482422,159.15941966772078,MIL,2025,bat,1B/DH
21871,Jerar Encarnacion,OF,48.5,213.32081815004346,SFG,2025,bat,OF
11281,Whit Merrifield,2B/OF,29.719999313354492,114.89073613286018,,2025,bat,2B/OF
12434,Kevin Pillar,OF,34.709999084472656,137.2342246353626,,2025,bat,OF
25643,Drew Millas,C,13.279999732971191,51.049679507315155,WSN,2025,bat,C
31661,Jacob Melton,OF,21.43000030517578,78.75293469130993,TBR,2025,bat,OF
33321,Luke Keaschall,2B,19.34000015258789,80.9880853831768,MIN,2025,bat,2B
14111,Eric Haase,C,27.639999389648438,95.26372185349463,SFG,2025,bat,C
20505,Drew Waters,OF,24.860000610351562,97.96927447915077,KCR,2025,bat,OF
29617,Henry Davis,C/OF,26.3700008392334,104.99200035184622,PIT,2025,bat,C/OF
29788,Brett Harris,3B,12.529999732971191,47.54266783148049,OAK,2025,bat,3B
29606,Justyn-Henry Malloy,DH/OF,27.93000030517578,121.24707227051258,TBR,2025,bat,DH/OF
22566,Tirso Ornelas,OF,45.77000045776367,181.3886051148176,SDP,2025,bat,OF
19252,Cavan Biggio,2B,36.20000076293945,130.37260036766529,HOU,2025,bat,2B
21270,Sean Bouchard,OF,50.150001525878906,236.29626405239102,,2025,bat,OF
31354,Jimmy Crooks,C,9.210000038146973,35.07008022367954,STL,2025,bat,C
31431,Jordan Beck,OF,86.26000213623047,375.9910888791084,COL,2025,bat,OF
31765,Nacho Alvarez Jr.,3B,15.739999771118164,60.212308329343784,ATL,2025,bat,3B
31490,Wade Meckler,OF,10.979999542236328,45.08271209299564,LAA,2025,bat,OF
14813,Kyle Farmer,2B/SS,44.83000183105469,191.12560444474218,ATL,2025,bat,2B/SS
21497,Luken Baker,1B/DH,43.56999969482422,192.96271734535694,ARI,2025,bat,1B/DH
20536,Vidal Bruján,2B/OF,22.0,81.0138228416443,NYM,2025,bat,2B/OF
27962,Adael Amador,2B,20.030000686645508,81.17849832177161,COL,2025,bat,2B
26420,Kyren Paris,2B/OF,32.18000030517578,100.65183126926422,LAA,2025,bat,2B/OF
31396,Tyler Locklear,1B,27.600000381469727,107.09533012509347,ARI,2025,bat,1B
19964,Eguy Rosario,3B,17.489999771118164,72.28138042092323,,2025,bat,3B
27690,Joey Wiemer,OF,32.25,109.52989846467973,WSN,2025,bat,OF
23372,Hunter Feduccia,C,12.229999542236328,40.681559696793556,TBR,2025,bat,C
15271,Austin Wynns,C,12.449999809265137,42.80879011899232,OAK,2025,bat,C
19844,Abraham Toro,2B/3B,11.289999961853027,49.78655903339385,KCR,2025,bat,2B/3B
19890,Emmanuel Rivera,3B,9.720000267028809,40.38567264676094,,2025,bat,3B
15223,Adam Frazier,2B/OF,43.369998931884766,158.26986536979678,LAA,2025,bat,2B/OF
27789,Shay Whitcomb,2B/3B,15.539999961853027,59.64683980941773,HOU,2025,bat,2B/3B
25621,Bryan Ramos,3B,44.66999816894531,177.79413676410914,BAL,2025,bat,3B
22411,Cal Stevenson,OF,16.309999465942383,64.59603114128113,DET,2025,bat,OF
29958,Harry Ford,C,7.53000020980835,25.678078961372375,WSN,2025,bat,C
13324,Ildemaro Vargas,2B/3B,12.640000343322754,49.91549532413483,ARI,2025,bat,2B/3B
sa3017863,Hao-Yu  Lee,2B/3B,10.960000038146973,42.399940273165704,DET,2025,bat,2B/3B
21587,César Salazar,C,8.420000076293945,27.131371223926546,HOU,2025,bat,C
9847,Andrew McCutchen,OF,86.0,401.63032515048974,TEX,2025,bat,OF
13755,Tomás Nido,C,12.180000305175781,37.58192065209149,DET,2025,bat,C
23917,Jorbit Vivas,2B/3B,12.890000343322754,45.85730979889632,NYY,2025,bat,2B/3B
15674,Reese McGuire,C,10.960000038146973,32.9760682106018,MIL,2025,bat,C
26374,Kameron Misner,OF,32.349998474121094,113.86439182162283,KCR,2025,bat,OF
18400,Juan Yepez,1B/DH/OF,30.010000228881836,140.87655212581154,TOR,2025,bat,1B/DH/OF
25483,Nick Sogard,2B,12.850000381469727,47.35811023712157,BOS,2025,bat,2B
22471,Livan Soto,SS,14.270000457763672,46.34956178814172,,2025,bat,SS
23296,Jacob Amaya,SS,17.170000076293945,53.52260084301232,ARI,2025,bat,SS
3473,Anthony Rizzo,1B,35.13999938964844,151.60491022020577,,2025,bat,1B
22707,Gustavo Campero,OF,15.1899995803833,63.403241536021234,LAA,2025,bat,OF
24273,Liover Peguero,2B/SS,19.860000610351562,67.36855309903622,PHI,2025,bat,2B/SS
25980,Matthew Lugo,OF,27.65999984741211,106.4059445679188,LAA,2025,bat,OF
sa3023069,Cooper Ingle,C,4.789999961853027,20.261198678612708,CLE,2025,bat,C
23695,Everson Pereira,OF,25.610000610351562,103.20872696638106,CHW,2025,bat,OF
11615,Brandon Drury,2B/3B,43.95000076293945,176.8376720845699,KCR,2025,bat,2B/3B
12859,James McCann,C,16.260000228881836,55.52557862699031,ARI,2025,bat,C
28820,Moisés Ballesteros,DH,6.659999847412109,25.685880160331724,CHC,2025,bat,DH
19358,Weston Wilson,OF,26.200000762939453,104.31816499829293,BAL,2025,bat,OF
27599,Jacob Hurtubise,OF,28.34000015258789,113.90528808832167,MIL,2025,bat,OF
25353,Michael Stefanic,2B,6.050000190734863,25.326570926979183,OAK,2025,bat,2B
23312,Ryan Noda,1B,25.190000534057617,104.76983731389045,BAL,2025,bat,1B
sa3020203,Josh Kasevich,SS,9.5,32.52303941622377,TOR,2025,bat,SS
22650,Jordan Diaz,2B/3B,6.420000076293945,27.19241096079349,OAK,2025,bat,2B/3B
sa3017374,Joe Mack,C,11.90999984741211,38.946060231328005,MIA,2025,bat,C
21496,Brandon Lockridge,OF,42.900001525878906,156.13647655844687,MIL,2025,bat,OF
31370,Jakob Marsee,OF,18.190000534057617,62.91494534015655,MIA,2025,bat,OF
22505,Buddy Kennedy,2B/3B,11.09000015258789,43.495630042254916,SFG,2025,bat,2B/3B
2136,David Peralta,OF,36.0,146.87621344029904,,2025,bat,OF
31567,Trey Lipscomb,3B,19.780000686645508,67.53850738257171,WSN,2025,bat,3B
13723,Jacob Stallings,C,68.11000061035156,253.8371443629264,BAL,2025,bat,C
25543,Korey Lee,C,53.959999084472656,169.59934030175208,CHW,2025,bat,C
19806,Jason Delay,C,7.949999809265137,23.74846048280596,BOS,2025,bat,C
16451,Luis Guillorme,2B/3B,10.130000114440918,37.158000934124,,2025,bat,2B/3B
18887,Seby Zavala,C,7.800000190734863,23.452079059183593,LAD,2025,bat,C
25867,Ryan Kreidler,3B/SS,25.229999542236328,79.33355254232883,MIN,2025,bat,3B/SS
30038,Carson Williams,SS,5.889999866485596,22.19758959189057,TBR,2025,bat,SS
12861,Anthony Rendon,3B,5.789999961853027,25.962389745563268,LAA,2025,bat,3B
25999,Victor Mesa Jr.,OF,25.65999984741211,87.05909546911717,TBR,2025,bat,OF
17766,DJ Stewart,OF,13.279999732971191,57.93536218553782,,2025,bat,OF
29571,Tim Tawa,2B/OF,11.470000267028809,42.817710161209106,ARI,2025,bat,2B/OF
13768,Travis Jankowski,OF,29.290000915527344,107.687107527256,NYM,2025,bat,OF
26599,Jonatan Clase,OF,15.270000457763672,56.33409208357334,TOR,2025,bat,OF
25346,Ronny Simon,2B/OF,15.880000114440918,56.1093929618597,PIT,2025,bat,2B/OF
19262,Garrett Hampson,2B/OF,24.299999237060547,81.22853291630743,CIN,2025,bat,2B/OF
25971,Kevin Alcántara,OF,21.290000915527344,76.84175426214932,CHC,2025,bat,OF
15504,Jamie Westbrook,2B,5.960000038146973,23.487368833273646,,2025,bat,2B
18054,Sam Haggerty,OF,6.579999923706055,26.295100280642508,TEX,2025,bat,OF
13499,Tom Murphy,C,24.5,94.18040232658386,,2025,bat,C
23985,Osleivis Basabe,SS,8.84000015258789,30.579080413281915,SFG,2025,bat,SS
19824,Chuckie Robinson,C,9.069999694824219,26.235480559617276,LAD,2025,bat,C
14593,David Bote,2B/3B,12.75,49.2627160936594,LAD,2025,bat,2B/3B
16219,J.D. Davis,3B,11.5600004196167,47.14767149537802,,2025,bat,3B
19960,Taylor Trammell,OF,11.930000305175781,47.446659235656256,HOU,2025,bat,OF
17620,Myles Straw,OF,24.780000686645508,69.6423521697521,TOR,2025,bat,OF
16680,Brian O'Keefe,C,5.809999942779541,21.46526964865625,SEA,2025,bat,C
23968,Jorge Barrosa,OF,8.869999885559082,33.38856992870569,ARI,2025,bat,OF
24597,Jonathan Ornelas,3B/SS,13.109999656677246,42.38355023562908,NYY,2025,bat,3B/SS
19864,Riley Adams,C,36.27000045776367,139.5095795214176,WSN,2025,bat,C
21797,Andrés Chaparro,1B/DH,18.06999969482422,83.30180534869432,WSN,2025,bat,1B/DH
19698,Edward Olivares,OF,7.960000038146973,35.95117944702506,TBR,2025,bat,OF
sa3017664,Kenny Piper,C,7.360000133514404,22.05211943238973,TBR,2025,bat,C
19901,Gavin Sheets,DH/OF,72.43000030517578,293.7813215196133,SDP,2025,bat,DH/OF
22842,Alexander Canario,OF,13.3100004196167,51.41839127838611,,2025,bat,OF
sa3015579,Jared Serna,2B/SS,13.619999885559082,46.654321475327,MIA,2025,bat,2B/SS
18551,Ali Sánchez,C,5.130000114440918,16.06516872923821,NYY,2025,bat,C
sa3014834,Matt Koperniak,OF,13.859999656677246,54.26626178622245,STL,2025,bat,OF
20321,Stuart Fairchild,OF,14.829999923706055,60.73718002140521,CLE,2025,bat,OF
17893,Tyler Nevin,1B/3B,9.039999961853027,38.938650698959826,,2025,bat,1B/3B
19600,Bryan De La Cruz,OF,31.110000610351562,133.17835361510512,PHI,2025,bat,OF
19562,Zack Short,SS,9.699999809265137,31.63653109818697,NYY,2025,bat,SS
31665,Alex Freeland,2B/3B,5.739999771118164,20.877510114759204,LAD,2025,bat,2B/3B
12160,Ben Gamel,OF,11.220000267028809,45.34886238873005,ATL,2025,bat,OF
20572,Kody Clemens,1B,18.25,71.93748647272587,MIN,2025,bat,1B
13355,Luke Maile,C,18.010000228881836,55.12841149717569,KCR,2025,bat,C
25822,Andre Lipcius,3B,6.760000228881836,25.58767951317131,,2025,bat,3B
17954,Sam Hilliard,OF,14.520000457763672,64.93780904114246,,2025,bat,OF
20521,Nick Madrigal,2B/3B,5.590000152587891,21.679068860411643,LAA,2025,bat,2B/3B
19293,Nick Senzel,OF,8.350000381469727,30.314309526607392,LAD,2025,bat,OF
18872,Jahmai Jones,2B/DH/OF,10.609999656677246,42.636209623515605,DET,2025,bat,2B/DH/OF
29573,Billy Cook,1B/OF,33.709999084472656,127.93802260160444,PIT,2025,bat,1B/OF
sa3019906,Javi Vaz,2B/OF,5.389999866485596,20.603591944277287,KCR,2025,bat,2B/OF
19906,Diego Castillo,2B/SS,5.909999847412109,20.829010478034615,,2025,bat,2B/SS
sa3005478,Carlos Rodríguez,OF,5.380000114440918,20.91216069757938,SDP,2025,bat,OF
22168,Akil Baddoo,OF,9.039999961853027,36.55197692513466,MIL,2025,bat,OF
27496,Owen Caissie,OF,16.360000610351562,67.06812185198069,MIA,2025,bat,OF
21730,Jair Camargo,C/DH,7.869999885559082,24.071390093863016,ATL,2025,bat,C/DH
25425,Austin Shenton,1B/DH,12.520000457763672,47.21299817562103,,2025,bat,1B/DH
27770,Zac Veen,OF,51.43000030517578,220.24956344366072,COL,2025,bat,OF
sa3017295,James Triantos,2B/3B,5.599999904632568,21.099279025197024,CHC,2025,bat,2B/3B
31793,Rhylan Thomas,OF,4.71999979019165,16.717101034708318,SEA,2025,bat,OF
10441,Jon Singleton,1B,22.010000228881836,91.68291490525006,,2025,bat,1B
26284,John Rave,OF,7.340000152587891,26.43472875803709,KCR,2025,bat,OF
sa3004153,Blake Hunt,C,6.179999828338623,17.34898041412234,SDP,2025,bat,C
6184,J.D. Martinez,DH/OF,56.11000061035156,251.93750347197053,,2025,bat,DH/OF
sa3015168,Deyvison De Los Santos,1B/3B,72.66999816894531,315.5392405033111,MIA,2025,bat,1B/3B
32127,Chase DeLauter,OF,3.5399999618530273,16.21713031660765,CLE,2025,bat,OF
sa3019997,Daniel Susac,C,4.03000020980835,13.102059507369994,SFG,2025,bat,C
18067,Garrett Stubbs,C,14.050000190734863,43.80586914718151,PHI,2025,bat,C
17684,Vimael Machín,3B,9.079999923706055,31.295178955048325,COL,2025,bat,3B
sa3023622,Payton Eeles,2B/SS,2.4800000190734863,11.026749974489213,BAL,2025,bat,2B/SS
22871,Tucupita Marcano,2B/SS/OF,4.050000190734863,14.886430368572471,SDP,2025,bat,2B/SS/OF
31991,Rafael Flores Jr.,1B,2.7100000381469727,10.063029705639927,PIT,2025,bat,1B
sa3009878,Luke Ritter,2B/3B,12.9399995803833,41.34506058990955,LAA,2025,bat,2B/3B
18353,Daz Cameron,OF,5.489999771118164,23.032839129865167,MIL,2025,bat,OF
27784,Tyler Gentry,OF,15.15999984741211,57.47649426907301,KCR,2025,bat,OF
20003,Keston Hiura,1B/2B,4.039999961853027,19.70734994001686,LAD,2025,bat,1B/2B
25817,Braden Shewmake,3B/SS,7.289999961853027,24.725460155308248,NYY,2025,bat,3B/SS
19818,Joshua Palacios,OF,5.730000019073486,25.565330778062343,,2025,bat,OF
sa3022658,Mike Boeve,1B/3B,3.190000057220459,13.058169788122175,MIL,2025,bat,1B/3B
20970,Oscar Gonzalez,OF,12.0600004196167,49.12928074598312,,2025,bat,OF
sa3017121,Austin Gauthier,2B,4.920000076293945,17.76588888242841,LAD,2025,bat,2B
24605,Michael Helman,OF,10.470000267028809,37.53830217048525,TEX,2025,bat,OF
sa916969,Jesús Bastidas,2B/SS,7.269999980926514,24.745600883662696,MIA,2025,bat,2B/SS
sa3015234,Ricardo Olivar,C/OF,2.7200000286102295,9.810729414224623,MIN,2025,bat,C/OF
sa885119,Bryan Torres,OF,3.2699999809265137,12.9081211540848,STL,2025,bat,OF
27604,Alika Williams,SS,7.25,24.2717397660017,PIT,2025,bat,SS
29993,Brady House,3B,16.299999237060547,53.87246082127094,WSN,2025,bat,3B
sa3017394,Luca Tresh,C,3.430000066757202,11.777710784971713,KCR,2025,bat,C
31500,Ryan Ritter,2B/SS,4.159999847412109,17.051899453997606,COL,2025,bat,2B/SS
15937,Aledmys Díaz,SS,15.0600004196167,52.04466909915208,,2025,bat,SS
sa3008944,Carlos Mendoza,2B/OF,4.760000228881836,16.37023069709539,TOR,2025,bat,2B/OF
27501,Justin Foscue,DH,7.159999847412109,28.265321138501164,TEX,2025,bat,DH
19292,Armando Alvarez,1B/3B,4.869999885559082,18.89159988053143,,2025,bat,1B/3B
23250,David Bañuelos,DH,6.010000228881836,17.156369332224127,MIN,2025,bat,DH
27931,Petey Halpin,OF,8.369999885559082,26.978641289472577,CLE,2025,bat,OF
sa3019982,Kody Huff,C,4.039999961853027,12.209250053763387,CLE,2025,bat,C
sa3003262,Eliezer Alfonzo,C,3.4100000858306885,11.19318995922804,LAD,2025,bat,C
27845,Matt Mervis,1B/DH,78.5,343.0717900991439,WSN,2025,bat,1B/DH
29478,Carter Jensen,C/DH,3.0999999046325684,10.756260871142148,KCR,2025,bat,C/DH
sa3022887,LuJames Groover,3B,2.7200000286102295,11.471819915622472,ARI,2025,bat,3B
28344,Tsung-Che Cheng,2B/SS,6.699999809265137,21.789251397550103,BOS,2025,bat,2B/SS
10200,Tucker Barnhart,C,7.059999942779541,18.554170427843925,,2025,bat,C
31357,Nathan Church,OF,6.059999942779541,20.896738190203905,STL,2025,bat,OF
sa915613,Nick Dunn,2B,2.6700000762939453,9.794129069894552,,2025,bat,2B
sa3011330,Darrien Miller,C,4.039999961853027,12.29937886111438,MIL,2025,bat,C
11038,Kevin Kiermaier,OF,6.230000019073486,20.984891362488266,,2025,bat,OF
sa881850,Ronaldo Hernández,C,1.8200000524520874,7.284670052118599,,2025,bat,C
sa3008916,Jesus Rodriguez,C/3B,2.4100000858306885,9.789320281147956,SFG,2025,bat,C/3B
24765,Bryan Lavastida,C,3.509999990463257,11.178369764611125,OAK,2025,bat,C
sa3022917,Enrique Bradfield Jr.,OF,2.7899999618530273,10.860549913719296,BAL,2025,bat,OF
25705,Dustin Harris,OF,12.359999656677246,47.400448796153064,CHW,2025,bat,OF
30163,César Prieto,2B/DH,4.949999809265137,17.54317149594426,STL,2025,bat,2B/DH
19151,Estevan Florial,OF,5.980000019073486,23.739600601792333,,2025,bat,OF
sa3008742,Diego Cartaya,C,4.340000152587891,13.155850237980482,SFG,2025,bat,C
25688,Cam Devanney,3B,4.090000152587891,14.009479359909891,,2025,bat,3B
sa3019969,Spencer Jones,OF,4.929999828338623,17.291459455341098,NYY,2025,bat,OF
sa3017001,Noah Mendlinger,2B/OF,4.289999961853027,14.668690188974141,STL,2025,bat,2B/OF
28142,Jhostynxon Garcia,OF,2.9800000190734863,12.101479247957467,PIT,2025,bat,OF
sa3020658,Michael Turner,C,3.2899999618530273,10.055290117673577,CHW,2025,bat,C
12005,Nick Martini,DH/OF,25.1200008392334,111.16481738090515,,2025,bat,DH/OF
sa3017372,Paul McIntosh,C,3.2100000381469727,10.821370660886167,PHI,2025,bat,C
29858,Denzel Clarke,OF,3.4800000190734863,12.382060232013465,OAK,2025,bat,OF
sa3020240,Justin Crawford,OF,3.0999999046325684,12.35821927860379,PHI,2025,bat,OF
15055,Dom Nuñez,C,7.019999980926514,18.61710973381996,CLE,2025,bat,C
sa3017510,Christian Franklin,OF,3.4100000858306885,12.404190418496727,WSN,2025,bat,OF
31545,Drew Gilbert,OF,2.9800000190734863,11.272690786421299,SFG,2025,bat,OF
sa3017081,Wyatt Young,2B/SS,5.0,15.079530276358126,NYM,2025,bat,2B/SS
19859,René Pinto,C,5.519999980926514,17.691081481799483,PHI,2025,bat,C
17837,Jakson Reetz,C,2.5999999046325684,8.464189496450125,SEA,2025,bat,C
23442,Luis Vázquez,3B/SS,3.5799999237060547,12.141449754871427,BAL,2025,bat,3B/SS
29704,Braxton Fulford,C,3.4100000858306885,12.78888988494873,COL,2025,bat,C
sa3017331,Dru Baker,OF,2.859999895095825,10.314629865437746,CHW,2025,bat,OF
16417,Sergio Alcántara,2B/3B/SS,3.9800000190734863,13.599880399554966,WSN,2025,bat,2B/3B/SS
sa3020134,Jett Williams,SS,3.0999999046325684,10.248180040717125,MIL,2025,bat,SS
19813,Charles Leblanc,2B/3B,3.9100000858306885,15.077870094403623,,2025,bat,2B/3B
20557,CJ Alexander,3B,3.5,12.591789637506007,HOU,2025,bat,3B
sa3022919,Tre' Morgan,1B,2.4800000190734863,11.220639794319865,TBR,2025,bat,1B
sa3022823,Charles McAdoo,3B,2.759999990463257,10.42983939424157,TOR,2025,bat,3B
18889,Danny Mendick,2B/SS,3.7300000190734863,13.074470080807803,,2025,bat,2B/SS
26149,Dominic Fletcher,OF,30.610000610351562,104.47772998213767,PIT,2025,bat,OF
sa3010703,Andrew Navigato,2B/SS,3.9000000953674316,13.853539308905598,,2025,bat,2B/SS
sa3015623,Christian Cerda,C,2.609999895095825,8.576759736798703,ARI,2025,bat,C
sa3008836,Brainer Bonaci,2B/SS,2.640000104904175,9.370349518954754,,2025,bat,2B/SS
sa3019942,Jud Fabian,OF,6.210000038146973,20.187450175359842,BAL,2025,bat,OF
sa3005729,Brandon Valenzuela,C,4.039999961853027,11.68606065697968,TOR,2025,bat,C
15730,Tyler Wade,2B/OF,11.319999694824219,34.569282926619046,TEX,2025,bat,2B/OF
sa3003219,Rafael Lantigua,2B,3.4000000953674316,12.453710543178023,TOR,2025,bat,2B
sa918698,Ramón Rodríguez,C,2.1500000953674316,7.3966299436986445,MIL,2025,bat,C
24641,Willie MacIver,C,2.4200000762939453,7.486209949478506,TEX,2025,bat,C
sa3015773,Leonardo Bernal,C,2.609999895095825,8.345899013988673,STL,2025,bat,C
sa3006220,Pablo Aliendo,C,2.759999990463257,8.829419707506894,,2025,bat,C
20543,Elehuris Montero,1B,8.380000114440918,34.22607986852527,,2025,bat,1B
sa3017110,Peyton Wilson,2B/OF,3.640000104904175,12.895849331468341,KCR,2025,bat,2B/OF
sa877500,Rodolfo Durán,C,2.5799999237060547,8.30183997005224,SDP,2025,bat,C
sa917302,Yonathan Perlaza,OF,2.450000047683716,10.590809906087815,,2025,bat,OF
29630,Joey Loperfido,OF,19.09000015258789,67.45233043432236,HOU,2025,bat,OF
sa3009279,Miguel Palma,C,2.6700000762939453,8.14795048162341,NYY,2025,bat,C
sa3010028,Christian Cairo,2B/3B,3.430000066757202,10.447531083226204,PHI,2025,bat,2B/3B
sa3016966,Cooper Bowman,2B,3.5,11.654950254410503,OAK,2025,bat,2B
sa3005472,Jeferson Morales,C/OF,3.2899999618530273,11.559420022740957,,2025,bat,C/OF
sa3017284,Shane McGuire,C/1B,2.240000009536743,6.6454901032149785,OAK,2025,bat,C/1B
sa3020493,Andrew Cossetti,C/1B,3.2799999713897705,9.671209144964815,MIN,2025,bat,C/1B
sa3022566,Jeron Williams,2B/SS,2.6700000762939453,9.059189255535602,HOU,2025,bat,2B/SS
22274,Samad Taylor,2B/OF,6.900000095367432,24.063200695812704,SDP,2025,bat,2B/OF
sa3010029,Jack Dunn,3B/OF,2.6600000858306885,8.68184077143669,,2025,bat,3B/OF
22541,George Valera,DH/OF,3.440000057220459,13.681810195185244,CLE,2025,bat,DH/OF
14366,Joey Meneses,1B/DH,15.970000267028809,66.93670093268156,OAK,2025,bat,1B/DH
sa3022602,RJ Schreck,OF,2.6700000762939453,10.974749891832472,TOR,2025,bat,OF
sa3011379,Phil Clarke,C,1.5700000524520874,5.336800014227627,,2025,bat,C
14894,Tony Kemp,2B/OF,2.680000066757202,10.320130243897438,,2025,bat,2B/OF
sa3022603,Brett Bateman,OF,2.6700000762939453,9.48898949548602,CHC,2025,bat,OF
sa3016977,Aaron McKeithan,C,2.1700000762939453,7.212789674475789,SEA,2025,bat,C
25448,Greg Jones,OF,12.09000015258789,41.077181436121464,MIL,2025,bat,OF
19314,Donovan Walton,2B/SS,3.8499999046325684,13.238349585980174,LAA,2025,bat,2B/SS
sa3016976,Ben Cowles,2B/SS,3.2899999618530273,11.436199275031685,CHC,2025,bat,2B/SS
25616,Marco Luciano,SS,14.279999732971191,49.76661100983619,NYY,2025,bat,SS
sa917132,Ismael Munguia,OF,3.4200000762939453,13.383599712140857,TOR,2025,bat,OF
21127,Alejo Lopez,2B,2.009999990463257,7.475460151955485,SEA,2025,bat,2B
23794,Jordan Groshans,3B,3.0999999046325684,10.785359885916113,ATL,2025,bat,3B
sa3020763,Nate Furman,2B,2.4100000858306885,8.61754993535578,SFG,2025,bat,2B
sa917939,Andy Yerzy,C/1B,1.8899999856948853,6.94914028700441,STL,2025,bat,C/1B
sa3023234,Rikuu Nishida,2B/OF,2.2899999618530273,8.113220087438823,CHW,2025,bat,2B/OF
5343,Brandon Crawford,SS,2.940000057220459,9.750490373373031,,2025,bat,SS
sa3020125,Tommy Sacco Jr.,SS,3.2799999713897705,10.137789428979158,HOU,2025,bat,SS
sa1052903,Anthony Prato,2B/OF,2.559999942779541,8.89809024222195,,2025,bat,2B/OF
33197,Ben Williamson,3B,2.6700000762939453,8.604450061172248,TBR,2025,bat,3B
24878,Heriberto Hernández,DH/OF,11.300000190734863,43.10976677834988,MIA,2025,bat,DH/OF
9952,Trayce Thompson,OF,9.210000038146973,35.98780979588628,,2025,bat,OF
31695,Dylan Beavers,OF,3.7699999809265137,14.49660954400897,BAL,2025,bat,OF
sa3007871,Jake Slaughter,2B/3B,3.859999895095825,13.241540251113472,,2025,bat,2B/3B
17109,Meibrys Viloria,C,1.2699999809265137,4.441519735194743,,2025,bat,C
sa3022921,Brayden Taylor,3B,2.049999952316284,7.383049881085753,TBR,2025,bat,3B
19877,Tristan Gray,1B/2B/3B,8.380000114440918,29.117149739712474,MIN,2025,bat,1B/2B/3B
24655,Owen Miller,1B/2B,8.890000343322754,37.9462616816163,CHC,2025,bat,1B/2B
22169,Cal Mitchell,OF,2.890000104904175,11.883129925839603,,2025,bat,OF
sa3016805,Tanner Murray,2B/3B,2.119999885559082,7.393279843777418,CHW,2025,bat,2B/3B
21987,Rodolfo Castro,2B/SS,3.0799999237060547,11.55136019475758,,2025,bat,2B/SS
sa3017624,Noah Cardenas,C,2.0399999618530273,6.181739726662635,MIN,2025,bat,C
14130,Daniel Vogelbach,1B/DH,3.7200000286102295,17.075789510644967,,2025,bat,1B/DH
sa3007028,Chris Williams,C/1B,1.940000057220459,6.172839737404138,,2025,bat,C/1B
24782,David Villar,1B/3B,5.650000095367432,21.58586083576083,,2025,bat,1B/3B
sa3015790,Thayron Liranzo,C,2.559999942779541,7.502420278824866,DET,2025,bat,C
29912,Darren Baker,2B/DH,13.430000305175781,44.66342334449291,CHW,2025,bat,2B/DH
20626,Logan Porter,C,1.4299999475479126,4.6677000913769,SFG,2025,bat,C
24622,Ryan Fitzgerald,2B/SS,2.619999885559082,8.579340424388647,LAD,2025,bat,2B/SS
10323,Rafael Ortega,OF,2.7100000381469727,10.246240624599158,,2025,bat,OF
19198,Yuli Gurriel,1B,26.389999389648438,108.62963882386683,SDP,2025,bat,1B
21386,Michael Papierski,C,2.380000114440918,7.491549637354908,,2025,bat,C
13602,Patrick Wisdom,3B,3.430000066757202,15.002999708056448,SEA,2025,bat,3B
sa3010693,Andrick Nava,C,2.2899999618530273,7.122440358437596,MIL,2025,bat,C
sa3005781,Alexander Ovalles,1B/OF,2.319999933242798,8.295380185171963,,2025,bat,1B/OF
24388,José Rodríguez,2B,2.869999885559082,10.60462954454124,PHI,2025,bat,2B
sa3020214,Termarr Johnson,2B,2.4800000190734863,8.970039525069295,PIT,2025,bat,2B
19931,Luke Williams,3B/OF,7.699999809265137,25.742778361588716,ATL,2025,bat,3B/OF
20311,Corey Julks,OF,4.320000171661377,17.15518978796899,DET,2025,bat,OF
sa3017556,Patrick Winkel,C,2.059999942779541,6.270809997804463,MIN,2025,bat,C
sa3017075,Luke Waddell,2B/SS,2.9200000762939453,9.191380191221834,ATL,2025,bat,2B/SS
10950,Adam Duvall,OF,26.09000015258789,99.87379323989154,,2025,bat,OF
sa918961,Eli Wilson,C,1.9299999475479126,6.320020009391009,,2025,bat,C
sa3017287,BJ Murray,1B/3B,3.0999999046325684,10.403950189054012,CHC,2025,bat,1B/3B
27915,Alejandro Osuna,OF,2.180000066757202,8.831790159270168,TEX,2025,bat,OF
27781,Pedro León,OF,6.440000057220459,22.640310868620872,PHI,2025,bat,OF
sa3022680,Phillip Glasser,OF,1.9299999475479126,7.083670021034776,WSN,2025,bat,OF
20056,Alan Trejo,2B/SS,4.210000038146973,13.559310484305021,,2025,bat,2B/SS
sa3005554,Eddys Leonard,SS,2.009999990463257,7.208849633671342,MIL,2025,bat,SS
sa3022686,Justin Wishkoski,3B,2.6700000762939453,9.081430353224277,,2025,bat,3B
sa3008845,Jose Ramos,OF,4.130000114440918,14.035940458253027,NYM,2025,bat,OF
19514,Andrew Knizner,C,5.5,17.067798824608325,SEA,2025,bat,C
sa3014944,Francisco Urbaez,2B,2.680000066757202,9.822830209508536,CIN,2025,bat,2B
26106,Maverick Handley,C,1.8799999952316284,5.4133299311622975,BAL,2025,bat,C
12510,Curt Casali,C,2.859999895095825,9.29278992395848,,2025,bat,C
sa857219,Gavin Collins,C/3B,1.2999999523162842,4.405000102054328,,2025,bat,C/3B
18206,Nick Dini,C,1.0199999809265137,3.495040117856115,TBR,2025,bat,C
18217,Brett Sullivan,C,3.950000047683716,13.099359533935784,COL,2025,bat,C
14477,Jake Cave,OF,5.639999866485596,21.46684964597225,,2025,bat,OF
19458,Cooper Hummel,DH/OF,9.949999809265137,36.41114012598991,,2025,bat,DH/OF
sa829857,Bryson Brigman,2B/SS,2.6500000953674316,8.991869790479539,,2025,bat,2B/SS
22164,Payton Henry,C,1.3300000429153442,4.518979724310339,NYY,2025,bat,C
12164,Miguel Sanó,1B/3B,9.970000267028809,43.79081152975559,,2025,bat,1B/3B
23359,Nelson Velázquez,DH/OF,7.78000020980835,34.14286987781525,STL,2025,bat,DH/OF
sa3017511,Tucker Mitchell,C/1B,1.6699999570846558,5.007849884405732,TEX,2025,bat,C/1B
22766,Steward Berroa,OF,11.420000076293945,41.36179810613393,MIL,2025,bat,OF
25629,Cody Freeman,2B,2.9100000858306885,9.517749719694258,TEX,2025,bat,2B
18083,Austin Allen,C,1.4600000381469727,4.724910401087254,,2025,bat,C
sa3008877,Euribiel Angeles,2B/SS,1.7799999713897705,5.5445701444521545,OAK,2025,bat,2B/SS
sa917107,Roberto Alvarez,C,1.840000033378601,5.502349608577788,,2025,bat,C
sa3010712,Vito Friscia,C/1B,1.100000023841858,3.7257901387289163,,2025,bat,C/1B
13338,Omar Narváez,C,4.159999847412109,13.050160456076265,,2025,bat,C
sa3019917,Caleb Ricketts,C,2.2200000286102295,6.716539566591381,PHI,2025,bat,C
20805,Carlos Pérez,C,2.509999990463257,8.093230277858675,,2025,bat,C
21489,Hayden Senger,C,14.460000038146973,34.664240776002416,NYM,2025,bat,C
sa3019968,Zach Morgan,C,1.809999942779541,5.268620201386511,SFG,2025,bat,C
sa3015190,Adrián Sugastey,C,2.319999933242798,6.5822299323976035,SFG,2025,bat,C
sa3022429,Cole Fontenelle,3B,1.6299999952316284,5.900070341676473,LAA,2025,bat,3B
5297,Aaron Hicks,OF,2.6600000858306885,10.16677025333047,,2025,bat,OF
sa3004297,Brent Diaz,C,1.090000033378601,3.6541997667402026,,2025,bat,C
sa3010278,Kellen Strahm,OF,1.8300000429153442,6.082650351524353,HOU,2025,bat,OF
sa739013,Dominic Miroglio,C,0.9200000166893005,3.2311700842343267,,2025,bat,C
sa918639,Ryan Gold,C,1.1100000143051147,3.7189503639936445,,2025,bat,C
sa3006780,Kole Cottam,C,1.100000023841858,3.6506599068641656,,2025,bat,C
sa3014825,Jack Blomgren,2B/SS,1.4500000476837158,4.687709505669772,HOU,2025,bat,2B/SS
sa3015018,Nick Raposo,C,1.3799999952316284,3.8744295876473176,SEA,2025,bat,C
19346,Eli White,OF,15.789999961853027,56.828009167313574,ATL,2025,bat,OF
21682,Luis De Los Santos,3B,3.5799999237060547,11.625359725579619,,2025,bat,3B
10642,Carlos Pérez,C,1.6799999475479126,6.201519757136703,HOU,2025,bat,C
sa829374,Rudy Martin,OF,1.090000033378601,4.177949874103069,KCR,2025,bat,OF
30028,Bob Seymour,1B,2.4600000381469727,10.02985962871462,,2025,bat,1B
21547,Coco Montes,2B,1.059999942779541,3.9954000700265158,,2025,bat,2B
sa3007505,Ruben Cardenas,OF,1.7100000381469727,7.139140315167606,,2025,bat,OF
sa3022895,Kevin McGonigle,SS,1.9500000476837158,5.916900006681679,DET,2025,bat,SS
sa3015182,Yeiner Fernandez,C/2B,2.930000066757202,9.574129609763622,LAD,2025,bat,C/2B
sa3008876,J.J. D'Orazio,C,2.0999999046325684,6.195870174653828,LAA,2025,bat,C
sa3017338,Terrell Tatum,OF,3.549999952316284,11.031409549340603,,2025,bat,OF
sa872552,Jason Lopez,C,1.1100000143051147,3.6241698037832974,,2025,bat,C
sa3016084,Allan Castro,OF,1.9199999570846558,6.786999547854065,BOS,2025,bat,OF
sa915611,Brett Cumberland,C,1.090000033378601,3.5354599658399817,,2025,bat,C
sa3020192,Mario Camilletti,2B/3B,1.659999966621399,5.457010252028703,CHW,2025,bat,2B/3B
sa3016779,Frederick Bencosme,2B/SS,3.2100000381469727,9.845660592615603,BAL,2025,bat,2B/SS
sa3016144,Diego Velasquez,2B/SS,2.359999895095825,7.690739766508341,SFG,2025,bat,2B/SS
sa3020758,Gabriel Rincones Jr.,OF,6.949999809265137,26.71104034632444,PHI,2025,bat,OF
sa3018421,Nelson Rada,OF,3.759999990463257,11.672349508479238,LAA,2025,bat,OF
10655,Rob Brantly,C,1.1100000143051147,3.6530200151726597,,2025,bat,C
sa3017605,Andres Sosa,C,1.649999976158142,4.559289925172924,,2025,bat,C
sa3019974,Brennan Milone,1B,4.679999828338623,17.395881137624382,OAK,2025,bat,1B
19948,Cristian Pache,OF,3.9600000381469727,13.277200585603712,NYM,2025,bat,OF
sa3003961,Chase Pinder,OF,1.059999942779541,3.8880698607303197,,2025,bat,OF
sa3010584,Cooper Johnson,C,1.3300000429153442,3.861759910732507,TEX,2025,bat,C
19977,Tres Barrera,C,1.059999942779541,3.152129882853478,WSN,2025,bat,C
sa3005624,Ronaiker Palma,C,2.049999952316284,6.894330260902643,,2025,bat,C
31792,Otto Kemp,1B/3B,2.299999952316284,7.972559970989822,PHI,2025,bat,1B/3B
20233,Gilberto Celestino,OF,1.6100000143051147,5.613620416820049,TEX,2025,bat,OF
26143,Troy Johnston,1B/OF,3.009999990463257,11.797770287469026,COL,2025,bat,1B/OF
16337,Nick Gordon,OF,4.710000038146973,17.227860533446076,,2025,bat,OF
sa3005529,Randy Florentino,C,1.75,4.998190505243837,,2025,bat,C
sa3020715,Andrew Pintar,OF,2.049999952316284,7.077200153097509,MIA,2025,bat,OF
sa917934,Joe Rizzo,3B,1.0399999618530273,3.9092301483266048,,2025,bat,3B
25779,Tyler Tolbert,OF,3.2799999713897705,9.70331024453044,KCR,2025,bat,OF
sa3008573,Omar Martinez,C/1B,1.309999942779541,3.7171499465592204,LAA,2025,bat,C/1B
sa3016926,Abimelec Ortiz,1B,2.180000066757202,8.943179765716193,WSN,2025,bat,1B
22202,Jeter Downs,2B/3B/SS,1.600000023841858,5.623829758539796,,2025,bat,2B/3B/SS
sa829058,Jamie Ritchie,C,0.6899999976158142,2.3236499320715662,,2025,bat,C
sa736830,Michael De La Cruz,C,1.4199999570846558,4.107549961935728,,2025,bat,C
sa3020614,Douglas Hodo III,OF,1.399999976158142,4.649699653126299,BAL,2025,bat,OF
30063,Tristan Peters,OF,1.8300000429153442,6.731700205430387,CHW,2025,bat,OF
sa3015706,Angel Genao,SS,1.5,4.5651299765333535,CLE,2025,bat,SS
sa3022494,Johnny Olmstead,2B/SS,1.6699999570846558,5.44022994544357,MIA,2025,bat,2B/SS
sa3007822,Elih Marrero,C,1.190000057220459,3.565349734574556,KCR,2025,bat,C
12147,Nick Ahmed,SS,2.509999990463257,7.186069291830062,,2025,bat,SS
sa3019996,Cayden Wallace,3B,2.049999952316284,6.9784299675375205,WSN,2025,bat,3B
18032,Mark Mathias,2B/OF,0.9800000190734863,3.952669992577284,,2025,bat,2B/OF
sa3011587,Luke Berryhill,C/1B,1.4299999475479126,4.103690122812985,,2025,bat,C/1B
19553,Símon Muzziotti,OF,1.6799999475479126,5.873050176724792,,2025,bat,OF
sa872850,Lorenzo Cedrola,OF,1.2100000381469727,4.290380420722067,,2025,bat,OF
27653,Christian Koss,2B,27.81999969482422,88.07625167965888,SFG,2025,bat,2B
sa3008282,Andy Weber,2B/SS,1.3300000429153442,4.363759837672114,CHW,2025,bat,2B/SS
16403,Francisco Mejía,C,2.940000057220459,9.71024975515902,,2025,bat,C
22239,Jeremiah Jackson,3B/OF,1.9199999570846558,5.760809718538075,BAL,2025,bat,3B/OF
sa873988,Camden Duzenack,2B/SS,1.0099999904632568,3.4320000344887367,,2025,bat,2B/SS
sa3008140,Cadyn Grenier,SS,0.9800000190734863,3.082239964418113,BAL,2025,bat,SS
18027,Hoy Park,2B,1.2599999904632568,4.282960058003664,OAK,2025,bat,2B
sa3010596,Corey Joyce,2B/SS,1.399999976158142,4.544949617050587,PIT,2025,bat,2B/SS
19384,Trenton Brooks,1B/DH,2.4100000858306885,9.15817012488842,,2025,bat,1B/DH
sa3016853,Zach Humphreys,C,1.2699999809265137,3.605470107402652,LAA,2025,bat,C
sa3003311,Marcos Gonzalez,1B/SS,1.409999966621399,4.808380196616053,,2025,bat,1B/SS
25575,Kyle McCann,C,5.019999980926514,16.083609997853635,COL,2025,bat,C
19683,Mike Brosseau,3B,1.9800000190734863,7.093899753317236,,2025,bat,3B
17932,Andrew Stevenson,OF,0.8500000238418579,3.5526000350713725,,2025,bat,OF
sa3005504,Allan Cerda,OF,1.3799999952316284,4.6659399414435025,,2025,bat,OF
sa3017332,Braiden Ward,OF,2.299999952316284,8.798490283638237,BOS,2025,bat,OF
sa3022160,Robert Brooks,C,1.159999966621399,3.3373100694268936,TOR,2025,bat,C
sa3020107,Matt Donlan,C,1.1200000047683716,3.386649888940155,,2025,bat,C
14973,Zach Green,3B,1.1200000047683716,4.0486198129132385,,2025,bat,3B
18482,Chris Gittens,1B,1.3799999952316284,5.812340046092866,,2025,bat,1B
sa873599,Stevie Berman,C,0.9599999785423279,2.861699954792857,,2025,bat,C
17838,Willie Calhoun,DH/OF,4.96999979019165,21.675280294194817,,2025,bat,DH/OF
23802,Anthony Seigler,3B,2.0799999237060547,6.7430698519572605,BOS,2025,bat,3B
21139,Tyler Payne,C,1.190000057220459,3.493379836063831,,2025,bat,C
sa3008391,JJ Schwarz,C/1B,1.2000000476837158,3.468750103749335,,2025,bat,C/1B
sa3014832,Matt Scheffler,C,1.2100000381469727,3.4124701721593738,,2025,bat,C
sa3008279,Caleb Knight,C,1.1699999570846558,3.391750347428024,,2025,bat,C
19563,Nate Mondou,2B,1.9199999570846558,6.349699759483339,SDP,2025,bat,2B
19952,Khalil Lee,OF,1.1799999475479126,4.5982402723282565,,2025,bat,OF
sa3014940,Robert Emery,C/1B,1.1699999570846558,3.3705397350713606,,2025,bat,C/1B
sa747574,Johan Mieses,OF,1.159999966621399,4.713130318466574,,2025,bat,OF
sa3010679,Herbert Iser,C,1.1799999475479126,3.4643798492848865,,2025,bat,C
sa3017757,Jake Rucker,2B/3B,2.759999990463257,8.589540470391514,MIN,2025,bat,2B/3B
sa3003228,Johan Lopez,SS,1.4299999475479126,4.378559879027306,,2025,bat,SS
sa3019976,Silas Ardoin,C,1.4900000095367432,3.8407200874760745,BAL,2025,bat,C
sa828876,D.J. Burt,2B,1.159999966621399,3.9281898351386193,,2025,bat,2B
16411,Richard Urena,2B/SS,0.9599999785423279,3.204920032061636,,2025,bat,2B/SS
sa918279,Brady Policelli,C/OF,1.159999966621399,3.3947599327191704,,2025,bat,C/OF
sa3006712,Daniel Amaral,OF,0.9800000190734863,4.12799003124237,SEA,2025,bat,OF
19422,Brian Serven,C,2.950000047683716,7.541509592719376,OAK,2025,bat,C
sa3007870,Connor Hollis,2B/3B,1.7400000095367432,5.605009855702519,,2025,bat,2B/3B
16285,Michael Hermosillo,OF,1.1799999475479126,4.506010086089373,,2025,bat,OF
sa829699,Tim Susnara,C,1.159999966621399,3.3492300244048234,,2025,bat,C
sa738262,Ryan Boldt,OF,1.159999966621399,4.030810371600091,,2025,bat,OF
sa3006667,Robert Neustrom,OF,1.1699999570846558,4.735520109720527,,2025,bat,OF
15672,Austin Meadows,DH/OF,0.9599999785423279,4.2203900216147305,,2025,bat,DH/OF
sa3006857,Jack Conley,C,1.1699999570846558,3.3455101167783137,,2025,bat,C
sa3007003,Jake Palomaki,2B/SS,0.9599999785423279,3.019560126587748,,2025,bat,2B/SS
20501,Scott Hurst,OF,0.9599999785423279,3.6749600655399264,,2025,bat,OF
sa918220,Armond Upshaw,OF,0.9599999785423279,3.4311600884422657,,2025,bat,OF
sa3008051,Josh Breaux,C,1.2000000476837158,3.765680115111172,CHW,2025,bat,C
sa3004505,Erik Ostberg,C/1B,1.159999966621399,3.365730105154216,,2025,bat,C/1B
sa3002836,Evan Mendoza,3B/SS,1.159999966621399,3.532700135558843,,2025,bat,3B/SS
sa3004883,Micael Ramirez,C,1.350000023841858,3.687850092817098,,2025,bat,C
14942,Andrew Knapp,C,3.0799999237060547,9.312470400705932,,2025,bat,C
sa3007869,Cody Roberts,C,1.3200000524520874,3.574049870949238,,2025,bat,C
sa829401,Will Toffey,3B,1.159999966621399,3.930589921399951,,2025,bat,3B
sa3008842,Alex De Jesus,3B/SS,1.5800000429153442,5.033540145121514,,2025,bat,3B/SS
27471,Zach DeLoach,OF,4.559999942779541,16.660180426761507,,2025,bat,OF
sa3011204,Will Holland,SS/OF,1.2999999523162842,3.9543098371475933,,2025,bat,SS/OF
31382,Dalton Rushing,C,2.9100000858306885,12.483000100031497,LAD,2025,bat,C
sa877497,Arquímedes Gamboa,SS,1.190000057220459,3.5986202351748946,,2025,bat,SS
sa3005488,Keyber Rodriguez,3B/SS,1.4900000095367432,4.310949607565999,TEX,2025,bat,3B/SS
13151,José Briceño,C,0.9900000095367432,2.9911501827649767,,2025,bat,C
19928,Ryan McKenna,OF,2.569999933242798,9.621860659494997,,2025,bat,OF
20450,Brewer Hicklen,OF,11.399999618530273,40.64924092292785,ATL,2025,bat,OF
sa3014420,Trei Cruz,SS,1.3799999952316284,4.045500269345939,DET,2025,bat,SS
sa3010145,Matthew Barefoot,OF,1.100000023841858,3.8743302585557102,,2025,bat,OF
25714,Blaine Crim,1B,5.050000190734863,19.082880434021355,COL,2025,bat,1B
sa3010021,Kody Hoese,3B,2.4700000286102295,8.00421993844211,,2025,bat,3B
sa858829,Mitchell Tolman,2B,0.8600000143051147,3.02022003158927,,2025,bat,2B
sa3017330,TJ Rumfield,1B,2.180000066757202,8.530759863182903,COL,2025,bat,1B
14950,Johan Camargo,3B/SS,0.8600000143051147,3.1861400007270273,,2025,bat,3B/SS
sa3022864,Jonathon Long,1B,1.6100000143051147,6.563469851575792,CHC,2025,bat,1B
16686,Jason Vosler,1B/3B,3.609999895095825,13.905300428718329,,2025,bat,1B/3B
17326,Cole Tucker,SS/OF,3.450000047683716,10.394909922778606,,2025,bat,SS/OF
sa3016803,Spencer Packard,OF,0.9300000071525574,3.366009823931381,SEA,2025,bat,OF
16398,Brian Navarreto,C,1.6100000143051147,4.554979706183075,MIA,2025,bat,C
19873,Drew Ellis,3B,1.2899999618530273,4.915699981525539,,2025,bat,3B
sa872466,Kevin Vicuña,SS,1.1799999475479126,3.7309996481984844,,2025,bat,SS
sa916849,Diego Rincones,OF,1.149999976158142,4.5593900209292775,,2025,bat,OF
20022,Kramer Robertson,SS,1.0299999713897705,3.292709934245795,,2025,bat,SS
sa915707,Kevin Merrell,SS,1.0199999809265137,3.475239939242601,,2025,bat,SS
16429,Jason Martin,OF,1.2200000286102295,5.071169830486179,,2025,bat,OF
19958,Carter Kieboom,3B,0.9100000262260437,3.217879978241399,CLE,2025,bat,3B
27497,Tyler Callihan,2B/OF,6.389999866485596,21.262691802531478,PIT,2025,bat,2B/OF
20404,Jared Young,1B/DH,1.2799999713897705,5.147879871726036,NYM,2025,bat,1B/DH
26469,Davis Wendzel,3B,3.259999990463257,11.428989785164594,PIT,2025,bat,3B
14567,Franchy Cordero,1B/OF,1.2100000381469727,4.935849713999777,,2025,bat,1B/OF
20002,Bryce Johnson,OF,3.3499999046325684,12.191340304911135,SDP,2025,bat,OF
sa3020575,Kevin Parada,C,1.6399999856948853,4.299720414169132,NYM,2025,bat,C
sa3019856,Tucker Flint,OF,5.46999979019165,19.251200313866136,LAA,2025,bat,OF
sa1115979,Nick Kahle,C,1.25,3.4713198765181,,2025,bat,C
sa185525,Eric Rodriguez,C,1.1399999856948853,3.1683896781876677,,2025,bat,C
sa3009972,Garrett Hiott,OF,1.0399999618530273,3.5442197919823224,,2025,bat,OF
23790,Will Banfield,C,1.3300000429153442,4.06081956392154,CIN,2025,bat,C
sa3010159,Ripken Reyes,2B,2.2899999618530273,6.628990167751907,,2025,bat,2B
12282,Rougned Odor,2B,0.949999988079071,3.393029989209026,,2025,bat,2B
13807,Kevin Plawecki,C,0.7699999809265137,2.413210042985156,,2025,bat,C
13265,Mike Zunino,C,0.5600000023841858,1.7983400555327531,,2025,bat,C
12977,Michael Pérez,C,1.25,3.5796798084862522,,2025,bat,C
26244,Kenedy Corona,OF,1.340000033378601,4.278589703515172,NYY,2025,bat,OF
12532,Kolten Wong,2B,0.9399999976158142,3.2636599160730833,,2025,bat,2B
sa3015178,Wilfred Veras,OF,3.130000114440918,11.564530288800597,CHW,2025,bat,OF
19625,David MacKinnon,1B/3B,1.0199999809265137,4.07071980535984,,2025,bat,1B/3B
13167,Robel García,2B,0.8500000238418579,2.997520024329424,,2025,bat,2B
9627,Yan Gomes,C,2.809999942779541,9.31222013011575,,2025,bat,C
15808,José Godoy,C,0.9399999976158142,2.6397099754773086,,2025,bat,C
14412,Joe Hudson,C,0.6399999856948853,1.8266199764795596,,2025,bat,C
33280,Brice Matthews,2B,0.7699999809265137,2.5463601338677107,HOU,2025,bat,2B
sa3020009,Tanner Schobel,2B/3B,2.7300000190734863,8.18446947671473,MIN,2025,bat,2B/3B
sa3022815,Matthew Etzel,OF,0.7699999809265137,2.908959907852113,MIA,2025,bat,OF
19635,Sheldon Neuse,2B/3B,1.0199999809265137,3.567109991051256,,2025,bat,2B/3B
11481,Henry Ramos,DH/OF,0.5400000214576721,2.3200500329025084,,2025,bat,DH/OF
19181,Zack Collins,C,1.1100000143051147,3.501800186373294,,2025,bat,C
33704,CJ Kayfus,1B/OF,0.7699999809265137,3.120419769641012,CLE,2025,bat,1B/OF
sa3017513,Kahlil Watson,SS/OF,1.600000023841858,4.925619816780091,CLE,2025,bat,SS/OF
sa3016975,Ben Malgeri,OF,1.2899999618530273,4.0614401288330555,DET,2025,bat,OF
sa828422,Hendrik Clementina,C,1.0299999713897705,2.959610163606703,,2025,bat,C
15694,Chance Sisco,C,1.0800000429153442,3.086480080243199,,2025,bat,C
sa916844,Ricardo Genovés,C,0.47999998927116394,1.3282600264530628,,2025,bat,C
sa3011267,Jase Bowen,OF,1.5499999523162842,5.197089602798224,SDP,2025,bat,OF
sa3009538,Eddinson Paulino,2B/3B/SS,0.7699999809265137,2.4796699703671035,,2025,bat,2B/3B/SS
2900,Roberto Pérez,C,0.47999998927116394,1.3683700137306003,,2025,bat,C
sa3003288,Jose Peroza,3B,0.7599999904632568,2.5141298769041898,,2025,bat,3B
sa3008181,Hunter Stovall,2B/3B,0.7400000095367432,2.314460064005106,PIT,2025,bat,2B/3B
16042,Mark Payton,OF,1.1699999570846558,4.609500187076627,,2025,bat,OF
sa3005938,Yoyner Fajardo,OF,1.2699999809265137,4.281630249880253,,2025,bat,OF
2829,Manny Piña,C,0.25,0.8581400205381213,,2025,bat,C
21078,Trey Cabbage,OF,3.4800000190734863,12.836559933796524,,2025,bat,OF
sa3005587,Daniel Vellojin,C,0.4300000071525574,1.1755999485030768,TBR,2025,bat,C
sa3025335,David Mershon,2B/SS,0.9399999976158142,2.7243800021708013,LAA,2025,bat,2B/SS
8879,Ryan Lavarnway,C,0.25,0.8801499853609128,,2025,bat,C
sa3005394,Lorenzo Quintana,C,0.25,0.8737900203093886,,2025,bat,C
sa658616,C.J. Hinojosa,2B/SS,1.0199999809265137,2.9960898924618964,,2025,bat,2B/SS
12180,Jorge Alfaro,C,0.8999999761581421,2.7318400085903702,KCR,2025,bat,C
22254,Joe Perez,3B,0.6399999856948853,2.115609996207058,,2025,bat,3B
sa3020196,Cade Doughty,2B/3B/SS,0.6800000071525574,2.2021599516272543,TOR,2025,bat,2B/3B/SS
sa3008868,Brayan Buelvas,OF,0.6800000071525574,2.1046198807656764,OAK,2025,bat,OF
sa3014544,Milan Tolentino,SS,1.399999976158142,4.1736199028789995,CLE,2025,bat,SS
sa548175,Matt Lipka,OF,0.6200000047683716,2.0898700196295974,,2025,bat,OF
19910,Sandro Fabian,OF,3.309999942779541,12.383089518174529,,2025,bat,OF
sa918686,Brandon Martorano,C,0.46000000834465027,1.265970036946237,,2025,bat,C
sa3007288,Raynel Delgado,2B/3B,0.9599999785423279,3.0954502104781563,TBR,2025,bat,2B/3B
sa3015062,Victor Labrada,OF,0.46000000834465027,1.4317999228369442,SEA,2025,bat,OF
sa3004065,Jancarlos Cintron,2B/SS,2.109999895095825,5.823290009982882,,2025,bat,2B/SS
sa3017215,Quincy Hamilton,OF,1.8200000524520874,6.445099831745027,,2025,bat,OF
sa3022499,Brock Wilken,3B,1.5299999713897705,4.819049878790974,MIL,2025,bat,3B
10059,Max Stassi,C,0.25999999046325684,0.8289999886881559,,2025,bat,C
12384,Beau Taylor,C,0.3499999940395355,0.9260400101076809,,2025,bat,C
sa3015193,Jeremy Rivas,SS,1.7799999713897705,4.83030970375985,STL,2025,bat,SS
13854,Anthony Bemboom,C,0.5400000214576721,1.479309954261407,,2025,bat,C
29782,Niko Kavadas,1B/DH,14.260000228881836,52.90990198105573,LAA,2025,bat,1B/DH
sa3016971,Justice Bigbie,OF,4.110000133514404,14.134759837761523,DET,2025,bat,OF
sa3020216,Mikey Romero,2B/SS,0.49000000953674316,1.7394200249575078,BOS,2025,bat,2B/SS
sa3008183,Jimmy Herron,OF,0.949999988079071,3.6140999289229514,,2025,bat,OF
7226,Matt Davidson,3B/DH,0.25,1.013820055196993,,2025,bat,3B/DH
5398,Juan Graterol,C,0.25,0.7933400243986397,,2025,bat,C
sa3022813,Austin Deming,3B,0.46000000834465027,1.5115600514924157,,2025,bat,3B
sa3018429,Michael Arroyo,2B/SS,0.5699999928474426,1.6674700379371645,SEA,2025,bat,2B/SS
10619,David Freitas,C,0.25,0.7851800044765697,,2025,bat,C
12782,Taylor Davis,C,0.25,0.7659600117476657,,2025,bat,C
sa918343,Lyle Lin,C,0.36000001430511475,0.9598898951895535,,2025,bat,C
sa917669,Julio E. Rodriguez,C,0.3400000035762787,0.8916599867632612,,2025,bat,C
None,,,0.25,1.0283000516239553,,2025,bat,
sa3017370,Josh Crouch,C,0.36000001430511475,1.0117498826002702,LAA,2025,bat,C
sa3017328,Mat Nelson,C,0.5099999904632568,1.5262599274516107,,2025,bat,C
sa3022432,Brock Rodden,2B,0.44999998807907104,1.3475399817340075,SEA,2025,bat,2B
sa917824,Juan Fernandez,C,0.5099999904632568,1.6564200204331425,,2025,bat,C
13633,Preston Tucker,OF,0.28999999165534973,1.1332099894993004,,2025,bat,OF
sa3008251,Jax Biggers,2B,0.75,2.214370146486908,HOU,2025,bat,2B
sa3011717,Dasan Brown,OF,0.6800000071525574,2.097649969672784,MIL,2025,bat,OF
4106,Michael Brantley,OF,0.25,1.083870025957003,,2025,bat,OF
sa1169818,Cody Milligan,2B/OF,1.1100000143051147,3.517900054343044,,2025,bat,2B/OF
16959,Eddy Alvarez,2B/3B,1.399999976158142,4.9084694439545276,,2025,bat,2B/3B
sa3017735,Connor Kokx,OF,0.6100000143051147,1.9398600951768454,,2025,bat,OF
sa3009874,Trevor Schwecke,OF,0.9900000095367432,3.0786000579595565,,2025,bat,OF
12547,John Hicks,C/1B,0.25,0.7689600514015182,,2025,bat,C/1B
sa3020353,Ben Ross,SS,1.2999999523162842,3.631409838981926,MIN,2025,bat,SS
15653,Dominic Smith,1B/OF,0.38999998569488525,1.5666999319801105,ATL,2025,bat,1B/OF
14225,Yasiel Puig,OF,0.3799999952316284,1.4409000639803708,,2025,bat,OF
sa913717,Juan Zabala,C,0.5199999809265137,1.4057301470078525,,2025,bat,C
sa3019870,Ben Gobbel,3B,0.44999998807907104,1.4888999817892907,LAA,2025,bat,3B
sa3006867,Kendall Simmons,2B/3B,0.5600000023841858,1.8475899635814128,,2025,bat,2B/3B
9433,Dustin Garneau,C,0.25,0.7784499530680477,,2025,bat,C
sa3017041,Adam Hackenberg,C,0.6499999761581421,1.6182300398591905,CHW,2025,bat,C
18848,Yohel Pozo,C/DH,1.2100000381469727,5.179549882467835,STL,2025,bat,C/DH
sa3014827,Elijah Dunham,OF,2.890000104904175,10.043990603461861,LAA,2025,bat,OF
sa3003185,Yunior Severino,2B/3B,4.329999923706055,16.512819766998287,,2025,bat,2B/3B
sa3018214,Alsander Womack,2B,0.6399999856948853,1.9840902734547852,,2025,bat,2B
sa3009868,Morgan McCullough,2B/3B/SS,0.3700000047683716,0.9924299173988402,,2025,bat,2B/3B/SS
sa3006525,Jose Mujica,C,0.30000001192092896,0.7762300659902394,OAK,2025,bat,C
13408,Wynton Bernard,OF,0.38999998569488525,1.4074100492056456,,2025,bat,OF
sa3017052,Kobe Kato,2B,0.5199999809265137,1.6716000061482188,,2025,bat,2B
17321,Michael Chavis,1B/2B,0.8399999737739563,3.0531498280819513,CIN,2025,bat,1B/2B
14691,Harold Castro,2B,0.7200000286102295,2.3702998713590206,,2025,bat,2B
12399,Taylor Motter,SS,0.3700000047683716,1.2760798858013003,,2025,bat,SS
sa3020764,Guy Lipscomb,OF,0.30000001192092896,1.116789976018481,CLE,2025,bat,OF
19331,Jose Rojas,3B/OF,0.3400000035762787,1.225599994184449,NYM,2025,bat,3B/OF
sa3008768,Dayan Frias,3B,1.100000023841858,3.1757299876771867,CLE,2025,bat,3B
13853,Joey Wendle,2B/3B/SS,1.25,3.909829925745725,,2025,bat,2B/3B/SS
8418,Ehire Adrianza,3B/SS,0.5799999833106995,1.8963400891050695,,2025,bat,3B/SS
sa3010845,Chase Strumpf,2B/3B,0.4699999988079071,1.470820077927783,,2025,bat,2B/3B
sa3017118,River Town,OF,0.4000000059604645,1.497819967009127,,2025,bat,OF
17723,Skye Bolt,OF,0.4099999964237213,1.436209957487881,,2025,bat,OF
sa3017120,Bennett Hostetler,C/3B,0.4699999988079071,1.2935299172066153,MIA,2025,bat,C/3B
sa3010599,Jake Holton,1B,1.0700000524520874,3.99387025013566,SFG,2025,bat,1B
17161,Chad Wallach,C,0.27000001072883606,0.7510100396117193,OAK,2025,bat,C
31505,Sal Stewart,1B/3B,0.5699999928474426,1.8907199792563913,CIN,2025,bat,1B/3B
sa3002863,Wladimir Chalo,C,0.3100000023841858,0.8497599855065344,,2025,bat,C
sa3019934,Jacob Burke,OF,0.49000000953674316,1.4904299879446623,CHW,2025,bat,OF
sa657521,Angelo Castellano,3B/SS,0.3400000035762787,1.0964499481255188,,2025,bat,3B/SS
19828,Cody Thomas,OF,0.23999999463558197,0.983470016438514,,2025,bat,OF
sa3010030,Julian Escobedo,OF,0.25,0.7902199839008972,,2025,bat,OF
sa3014426,Hayden Cantrelle,2B,0.41999998688697815,1.2913600190542638,CHC,2025,bat,2B
8722,Jason Castro,C,0.3400000035762787,0.9862500358838588,,2025,bat,C
sa3014937,Tucker Bradley,OF,0.27000001072883606,1.0162299980409442,,2025,bat,OF
sa3017660,Anthony Vilar,C,0.2800000011920929,0.7110399904660879,SDP,2025,bat,C
sa829345,Jordan Procyshen,C,0.25,0.6722299909684806,,2025,bat,C
sa3007013,Scott Kapers,C,0.25,0.6700099901296197,,2025,bat,C
sa3022498,Jacob Gonzalez,2B/SS,1.1399999856948853,3.339289894606918,CHW,2025,bat,2B/SS
sa597218,Hamlet Marte,C,0.25,0.6771799591369927,,2025,bat,C
7168,Juan Centeno,C,0.25,0.6817199455574153,ARI,2025,bat,C
sa877504,Izzy Wilson,OF,0.25,0.9536600025836376,,2025,bat,OF
13788,Matt Reynolds,3B/SS,0.25,0.8242100323783232,,2025,bat,3B/SS
sa917320,Leonel Valera,SS,0.41999998688697815,1.224309977237135,,2025,bat,SS
12990,Erick Castillo,C,0.25,0.6608899340033529,,2025,bat,C
sa3011306,Jake Washer,C,0.25,0.681340048322454,,2025,bat,C
sa3007632,D.J. Artis,OF,0.25,0.93377000936307,,2025,bat,OF
sa3017077,Drake Osborn,C,0.46000000834465027,1.2239799795672295,,2025,bat,C
11265,Jonathan Schoop,2B,0.23999999463558197,0.7943799936678261,,2025,bat,2B
16424,Jordan Luplow,OF,0.3799999952316284,1.495080033596605,,2025,bat,OF
5038,Josh Donaldson,3B,0.23999999463558197,0.8629900480620563,,2025,bat,3B
sa917135,Moisés Castillo,SS,0.25,0.7147500501479954,,2025,bat,SS
sa3020943,Turner Hill,OF,0.44999998807907104,1.5995200374163687,SFG,2025,bat,OF
sa3014986,Justin Dirden,OF,0.25,0.8138600026722996,,2025,bat,OF
sa737614,Riley Unroe,2B,0.33000001311302185,1.018850076710805,HOU,2025,bat,2B
sa3017902,Ernie Yake,2B/SS,0.25,0.7922799931373447,,2025,bat,2B/SS
sa657873,Mitch Nay,3B,0.25,0.8112000356661156,,2025,bat,3B
6153,Eduardo Escobar,3B,0.25,0.8961800171062351,,2025,bat,3B
24485,Tyler Cropley,C,0.25,0.6604299585334957,,2025,bat,C
14350,Raimel Tapia,OF,0.49000000953674316,1.7130399336572737,,2025,bat,OF
13769,Adalberto Mondesi,SS,0.25,0.842370001366362,,2025,bat,SS
19521,Andrew Young,2B,0.25,0.8684700213139877,,2025,bat,2B
sa872490,Joseph Rosa,2B/SS,0.25,0.7129699905402958,,2025,bat,2B/SS
18288,Austin Dean,OF,0.25,0.9913200459908693,,2025,bat,OF
sa3017221,Adam Zebrowski,C,0.30000001192092896,0.8019300436833872,ATL,2025,bat,C
sa3014537,Blaze Jordan,1B/3B,1.2100000381469727,4.819740394689142,STL,2025,bat,1B/3B
sa3006916,Kyle Kasser,2B,0.25,0.7746900287456808,,2025,bat,2B
sa918963,Chavez Young,OF,0.3700000047683716,1.1532499545253814,,2025,bat,OF
sa874244,Garrett Whitley,OF,0.25,0.7897600389784202,,2025,bat,OF
sa737640,Thomas Milone,OF,0.25,0.7966900400817394,,2025,bat,OF
11472,Dixon Machado,2B/SS,0.2800000011920929,0.8538700552191584,,2025,bat,2B/SS
sa3010268,Ethan Skender,2B/3B,0.25,0.780749986739829,,2025,bat,2B/3B
sa738703,Jordan Cowan,2B,0.25,0.7775400654878467,,2025,bat,2B
sa3022596,Cole Carrigg,OF,0.47999998927116394,1.8218799779191615,COL,2025,bat,OF
sa3011471,Yolbert Sanchez,2B/3B,1.0,2.951740129757672,,2025,bat,2B/3B
33098,Carson McCusker,OF,2.059999942779541,7.3671395570039735,,2025,bat,OF
sa3008238,Korry Howell,OF,0.25,0.7957300243899227,,2025,bat,OF
sa657922,Clint Coulter,OF,0.25,0.9288400023244322,,2025,bat,OF
sa657987,BJ Boyd,OF,0.25,0.9312200463376938,,2025,bat,OF
sa3004813,Logan Warmoth,SS/OF,0.25,0.6986100541893392,,2025,bat,SS/OF
sa3002847,Cesar Izturis Jr.,2B/SS,0.25,0.7132099920418112,,2025,bat,2B/SS
sa829697,Bubba Hollins,3B,0.25,0.7768799954792482,,2025,bat,3B
sa3005103,Tyler Dearden,OF,0.4099999964237213,1.4574500086251645,,2025,bat,OF
sa3007745,Brandon Howlett,3B,0.25,0.7825800382066518,,2025,bat,3B
sa3004046,Jeremy Arocho,2B,1.0399999618530273,2.9772398278117174,,2025,bat,2B
sa3017285,Damon Dues,2B,0.25,0.749600029317662,,2025,bat,2B
10264,Brandon Belt,1B,0.23999999463558197,1.0571400119457393,,2025,bat,1B
19245,Chris Okey,C,0.3199999928474426,0.8855200939346104,,2025,bat,C
5913,Leury García,OF,0.25,0.7976399858016521,,2025,bat,OF
sa3007513,Ramon Mendoza,2B/3B,0.6200000047683716,1.836529974360019,STL,2025,bat,2B/3B
5933,Jean Segura,2B/SS,0.25,0.8061099926475435,,2025,bat,2B/SS
sa3022431,Dakota Harris,2B/3B,0.6800000071525574,2.0609797929413616,STL,2025,bat,2B/3B
sa3011899,Gabe Holt,2B/3B,0.25,0.7534700642107055,,2025,bat,2B/3B
sa829787,Andrew Bechtold,3B,0.25,0.8159099897602573,PHI,2025,bat,3B
sa3011265,Bryan Arias,1B/OF,0.4399999976158142,1.3432800653390584,,2025,bat,1B/OF
12325,Jace Peterson,2B/3B,0.5400000214576721,1.8403499645180996,,2025,bat,2B/3B
12981,Cam Gallagher,C,0.25999999046325684,0.5292899921769276,,2025,bat,C
15535,Joseph Odom,C,0.25,0.6597600568318738,,2025,bat,C
sa829062,Chris Rabago,C,0.25,0.6295900180703027,,2025,bat,C
sa917319,Carlos Rincon,OF,0.25,0.9252800347749142,,2025,bat,OF
21304,Mark Kolozsvary,C,0.23999999463558197,0.6712999840965495,PHI,2025,bat,C
13910,Patrick Kivlehan,OF,0.25,0.9886999855749311,,2025,bat,OF
14773,Yu Chang,SS,0.25,0.8232699844054878,,2025,bat,SS
sa3014496,Kaden Polcovich,2B/OF,0.25,0.680939948093146,SEA,2025,bat,2B/OF
18821,José Azocar,OF,2.940000057220459,10.42651999592781,ATL,2025,bat,OF
sa3003197,David García,C,0.25,0.6195699478732422,MIL,2025,bat,C
sa3022489,Jacob Sharp,C,0.25,0.6085600403952411,TOR,2025,bat,C
15585,Mike Ford,1B/DH,2.7300000190734863,11.196030201017855,,2025,bat,1B/DH
sa3002846,Luis Yanel Diaz,3B,0.25,0.7884999741567298,,2025,bat,3B
24491,Travis Swaggerty,OF,0.25,0.8836499760858716,,2025,bat,OF
21842,Carlos Cortes,OF,0.25,0.84411003512796,OAK,2025,bat,OF
sa3019924,Matthew Wood,C,0.3700000047683716,0.9193899871548635,MIL,2025,bat,C
sa3020419,John Garcia,C,0.25,0.5968400361714884,HOU,2025,bat,C
sa3007016,Michael Berglund,C,0.25,0.6109699755907059,,2025,bat,C
8202,Josh Harrison,2B/3B,0.25,0.8066799881402403,,2025,bat,2B/3B
15794,Yonathan Daza,OF,0.23999999463558197,0.9782899663317948,,2025,bat,OF
sa3017939,Parker Chavers,OF,0.25,0.7676000178791581,CHC,2025,bat,OF
sa3005541,Luis Toribio,1B/3B,0.4399999976158142,1.3615499801468105,,2025,bat,1B/3B
sa827960,Luis Carpio,2B/SS,0.25,0.7538500434719025,,2025,bat,2B/SS
sa3020415,Max Wagner,2B/3B,0.25,0.730249982420355,BAL,2025,bat,2B/3B
17737,Josh Lester,1B/DH,0.6000000238418579,2.248289845744148,,2025,bat,1B/DH
19961,Colton Welker,1B/3B,0.25,0.7980900252005085,,2025,bat,1B/3B
sa829375,Josh Ockimey,1B,0.25,0.9600900089135394,,2025,bat,1B
11400,Ronald Torreyes,2B/3B/SS,0.25,0.7681200103368611,,2025,bat,2B/3B/SS
sa3010157,Daniel Cope,C,0.25,0.7736800387967377,,2025,bat,C
sa876814,Nash Knight,1B/3B,0.25,0.7559399414109066,,2025,bat,1B/3B
11902,Hanser Alberto,2B/3B,0.25,0.8040600267704575,,2025,bat,2B/3B
sa1170495,Hill Alexander,OF,0.25,0.9115599890239535,,2025,bat,OF
sa3010162,Joshua Mears,OF,0.30000001192092896,0.9355999796185641,SDP,2025,bat,OF
sa3004933,Olivier Basabe,1B,0.25,0.7667700342368333,,2025,bat,1B
13472,Christian Lopes,2B/OF,0.25,0.7966900327242912,,2025,bat,2B/OF
sa3020135,Luke Adams,1B/3B,0.5699999928474426,1.6764700777363033,MIL,2025,bat,1B/3B
sa921577,Luis Santana,2B/3B,0.41999998688697815,1.283840070106089,,2025,bat,2B/3B
sa3022923,Colt Emerson,SS,0.25,0.5896800226299093,SEA,2025,bat,SS
sa3017163,Wyatt Hendrie,C,0.25,0.6531500056385994,PIT,2025,bat,C
sa3004146,Jeisson Rosario,OF,0.25,0.8179099487140775,OAK,2025,bat,OF
sa3006900,Reivaj Garcia,2B,0.30000001192092896,0.9021699896082281,,2025,bat,2B
sa3014888,Dylan Harris,OF,0.25,0.7496600167592986,,2025,bat,OF
21634,Ford Proctor,2B,0.25,0.7756300042849034,,2025,bat,2B
sa3006903,Carlos De La Cruz,OF,1.1399999856948853,3.5464999552816154,,2025,bat,OF
sa3020008,Blake Rambusch,2B/OF,0.25,0.7819899762514977,SEA,2025,bat,2B/OF
sa3007502,Matt Kroon,OF,0.4099999964237213,1.5298999869264658,,2025,bat,OF
5667,Steven Souza Jr.,OF,0.25,0.9576099653262645,,2025,bat,OF
sa3022748,Drew Ehrhard,1B,0.25,1.010160000482574,BOS,2025,bat,1B
19727,Joe Dunand,2B/3B,0.28999999165534973,0.9528300260193645,,2025,bat,2B/3B
11339,Jake Marisnick,OF,0.25,0.8727000464219599,,2025,bat,OF
sa3018482,Luis Baez,OF,0.25,0.8882800373714418,HOU,2025,bat,OF
sa3006666,Ross Adolph,OF,0.25,0.7484299900475889,,2025,bat,OF
sa875231,Gabriel Cancel,2B,0.3100000023841858,0.955549936532043,,2025,bat,2B
19528,Jacob Robson,OF,0.25,0.9022600019816309,DET,2025,bat,OF
sa3007053,Niko Hulsizer,OF,0.25,0.8935699975583701,,2025,bat,OF
9368,Evan Longoria,3B,0.23999999463558197,0.8306299687596037,,2025,bat,3B
11602,Yolmer Sánchez,2B/3B,0.4399999976158142,1.387850067298859,LAA,2025,bat,2B/3B
sa918131,Tyler Neslony,OF,0.4399999976158142,1.5793199665844437,,2025,bat,OF
sa3006938,Logan Brown,C,0.25,0.6153500055428595,,2025,bat,C
17922,Isan Díaz,2B/3B,0.25,0.841860009264201,,2025,bat,2B/3B
sa3017512,Noah Miller,SS,0.800000011920929,2.1654300764668726,LAD,2025,bat,SS
14387,Harold Ramírez,DH/OF,4.420000076293945,18.447470910847187,,2025,bat,DH/OF
12140,Juniel Querecuto,2B/3B,0.25,0.7858600652776658,,2025,bat,2B/3B
sa3022480,Homer Bush Jr.,OF,0.25,0.6925500415032729,TBR,2025,bat,OF
15958,Travis Demeritte,OF,0.25,0.9482500464655458,,2025,bat,OF
sa3019777,William Bergolla Jr.,2B/SS,0.25,0.6511499856365843,CHW,2025,bat,2B/SS
sa3020244,Ryan McCarty,2B/3B,0.25,0.7272199845639988,TOR,2025,bat,2B/3B
sa3005795,Pedro Martinez,SS,0.25,0.6784599624807014,,2025,bat,SS
sa3010148,Michael Amditis,C,0.25,0.6000099870143458,,2025,bat,C
sa3020014,Connor Charping,C,0.25,0.5044399682199581,SEA,2025,bat,C
sa3018209,Roby Enriquez,OF,0.25,0.8722299901535735,,2025,bat,OF
19842,Caleb Hamilton,C/1B,0.25,0.6169199926778675,,2025,bat,C/1B
21293,Dalton Guthrie,OF,0.2800000011920929,1.015390071598813,,2025,bat,OF
sa873307,Leandro Cedeño,1B/OF,0.25,0.977430008444935,SDP,2025,bat,1B/OF
sa3002831,Tanner Kirwer,OF,0.25,0.7400499560870231,,2025,bat,OF
sa3017109,Tyler Miller,1B/3B,0.25,0.7768400522880254,BOS,2025,bat,1B/3B
25482,TJ Hopkins,DH/OF,0.25,0.8907099781557918,,2025,bat,DH/OF
sa3007012,John Aiello,1B/3B,0.25,0.9461899681715294,,2025,bat,1B/3B
20078,Evan White,1B,0.25,0.9411300201201811,LAA,2025,bat,1B
15170,Josh VanMeter,2B,0.25,0.7895000073593109,,2025,bat,2B
sa3015077,Aaron Palensky,OF,0.3799999952316284,1.3431200742255893,,2025,bat,OF
sa3019985,Gavin Cross,OF,1.0,3.670409961231052,KCR,2025,bat,OF
sa3003350,Kenneth Betancourt,2B/3B,0.25,0.7368400132050736,,2025,bat,2B/3B
13325,Deven Marrero,3B,0.25,0.8160999984946101,,2025,bat,3B
sa3005939,Arturo De Freitas,C,0.25,0.6115500093903391,,2025,bat,C
sa3017509,Casey Opitz,C,0.4000000059604645,0.9651399826165287,CHC,2025,bat,C
sa3021069,Sebastian Walcott,SS,0.25,0.6485599750652908,TEX,2025,bat,SS
sa3004726,Chris Sharpe,OF,0.25,0.7507499813102185,ATL,2025,bat,OF
10556,César Hernández,2B,0.25,0.785620028618723,,2025,bat,2B
19508,Kyle Lewis,OF,0.23999999463558197,1.019539997098036,,2025,bat,OF
sa3019967,Danny Serretti,3B/SS,0.25,0.6380599502474069,ARI,2025,bat,3B/SS
sa3006075,Victor Nova,3B/OF,0.25,0.7309700163546948,,2025,bat,3B/OF
sa3020270,Dalton Shuffield,2B/OF,0.25,0.7278500599320977,,2025,bat,2B/OF
sa918888,Zach Davis,OF,0.25,0.7339899932732805,,2025,bat,OF
15487,Victor Reyes,OF,0.25,0.9059999947203322,,2025,bat,OF
sa874178,Mitch Longo,OF,0.25,0.8878400302492082,,2025,bat,OF
12394,Jason Krizan,OF,0.25,0.9233600346837191,SFG,2025,bat,OF
20533,Mickey McDonald,DH/OF,0.25,0.8176199944922699,,2025,bat,DH/OF
19957,Blake Rutherford,OF,0.25,0.9329700085800141,,2025,bat,OF
18881,Curtis Terry,DH,0.25,1.0209500094875692,,2025,bat,DH
20275,Jonathan Araúz,2B/3B/SS,0.5600000023841858,1.585380086954683,,2025,bat,2B/3B/SS
sa3007515,Devin Foyle,OF,0.25,0.8623500180896371,,2025,bat,OF
sa3003256,Claudio Finol,2B/3B,0.25,0.7313900123117492,,2025,bat,2B/3B
sa3010343,Yorvis Torrealba,OF,0.25,0.869880028325133,,2025,bat,OF
17750,Max Schrock,OF,0.25,0.9326900468673556,,2025,bat,OF
sa3017793,Cooper Kinney,2B,0.25,0.6824400118668563,TBR,2025,bat,2B
sa3010696,Colin Barber,OF,0.27000001072883606,0.923300032946281,,2025,bat,OF
sa3022897,Colton Ledbetter,OF,0.25,0.6991799426265061,STL,2025,bat,OF
sa3010043,DJ Gladney,OF,0.28999999165534973,1.0241999405901876,NYY,2025,bat,OF
sa738445,Luis Aviles Jr.,SS,0.25,0.7399599512107671,,2025,bat,SS
sa3017661,Logan Cerny,OF,0.25,0.7285300090909004,,2025,bat,OF
sa3015199,Kala'i Rosario,OF,0.38999998569488525,1.3753799147438257,MIN,2025,bat,OF
sa3015802,Jadher Areinamo,2B/SS,0.41999998688697815,1.265689902449958,TBR,2025,bat,2B/SS
20047,Brian Miller,OF,0.25,0.8473599593620746,,2025,bat,OF
sa918418,Jim Haley,1B/3B,0.8399999737739563,2.535320056695491,,2025,bat,1B/3B
10030,Chris Owings,2B/SS,0.25,0.7593000188935547,,2025,bat,2B/SS
sa3020762,Jack Pineda,SS,0.25,0.7282699876464902,KCR,2025,bat,SS
17992,David Fletcher,2B,0.9700000286102295,2.8542801450937985,,2025,bat,2B
sa3007788,Sean Roby,1B/3B,0.2800000011920929,0.8680800731759516,,2025,bat,1B/3B
sa3018552,Aron Estrada,2B,0.25,0.701919955993071,BAL,2025,bat,2B
18905,Yusniel Díaz,OF,0.25,0.9020799667108804,,2025,bat,OF
sa3017179,Damon Keith,OF,0.5099999904632568,1.847539934096858,LAD,2025,bat,OF
sa3015610,Onil Perez,C,0.41999998688697815,0.9707899773493408,SFG,2025,bat,C
sa3020195,Michael Turconi,2B/SS,0.7300000190734863,2.0156900318339463,,2025,bat,2B/SS
sa919893,Jose Mena,C,0.25,0.5995199824217706,,2025,bat,C
sa3017626,Edwin Arroyo,SS,0.25,0.7434200485702604,CIN,2025,bat,SS
12719,Dillon Thomas,OF,0.25,0.8959000600501894,,2025,bat,OF
sa1169809,Simon Whiteman,2B/SS,0.25,0.6412699975306168,,2025,bat,2B/SS
sa3005152,Jan Mercado,C,0.25,0.5928800010820852,,2025,bat,C
sa3020092,Josh Zamora,2B/3B,0.25,0.7592500190017744,,2025,bat,2B/3B
sa3010166,Jimmy Govern,3B,0.25,0.7399299577344208,,2025,bat,3B
sa3007282,Kekai Rios,C,0.3400000035762787,0.8180800061207263,,2025,bat,C
sa3022530,Will Simpson,1B,0.25,0.9518199705285951,TBR,2025,bat,1B
sa3017397,Brenden Dixon,1B/3B,0.6200000047683716,1.9487600975669919,,2025,bat,1B/3B
sa875626,Max McDowell,C,0.25,0.5796100381063296,,2025,bat,C
33252,Kyle Karros,3B,0.5699999928474426,2.0274800232611594,COL,2025,bat,3B
sa915868,Matt Whatley,C,0.25,0.5613799187587574,,2025,bat,C
sa3007031,Davis Bradshaw,OF,0.25,0.8499100056942552,,2025,bat,OF
9256,AJ Pollock,OF,0.25,0.9235800320282577,,2025,bat,OF
sa3005308,Diosbel Arias,2B/3B,0.25,0.6869300134014337,,2025,bat,2B/3B
21735,Sebastián Rivero,C,0.25,0.5797499891370534,LAA,2025,bat,C
sa3007005,Jeremy Eierman,SS,0.38999998569488525,1.0000099940923972,OAK,2025,bat,SS
sa3007289,Brhet Bewley,2B/3B,0.25,0.7254300084896386,,2025,bat,2B/3B
sa3014942,Brady Lindsly,C,0.28999999165534973,0.696030029724352,WSN,2025,bat,C
24400,Terrin Vavra,2B/OF,0.4000000059604645,1.3474199148826298,,2025,bat,2B/OF
15351,Frank Schwindel,1B,0.25,0.9927699318621308,,2025,bat,1B
15971,Ivan Castillo,2B/3B,0.25,0.7830500492826103,,2025,bat,2B/3B
19369,Jae-Gyun Hwang,3B,0.25,0.7443900271086021,,2025,bat,3B
25138,Levi Jordan,OF,1.7599999904632568,6.795219380035996,WSN,2025,bat,OF
sa3025253,Brendan Jones,OF,0.25,0.6969699641806073,MIA,2025,bat,OF
20034,Hunter Owen,OF,0.25,0.9414300703210755,,2025,bat,OF
sa915838,Cole Freeman,2B/OF,0.25,0.7270299795549363,,2025,bat,2B/OF
sa828797,Josh Morgan,3B/SS,0.25,0.7192700470564886,,2025,bat,3B/SS
sa736945,Michael Beltre,OF,0.25,0.8632300219032913,,2025,bat,OF
sa3009565,Nelson Quiroz,C,0.25,0.5872100199805571,LAD,2025,bat,C
sa915590,Justin Yurchak,1B,0.25,0.9121599966194481,,2025,bat,1B
sa3011467,Cam Cannon,2B,0.25,0.7231100343400612,,2025,bat,2B
sa3017043,Michael Trautwein,C,0.25,0.6491799928015096,CIN,2025,bat,C
sa3017561,Kyler Fedko,OF,0.25,0.8269300139974801,MIN,2025,bat,OF
sa3009891,Patrick Frick,2B/SS,0.25,0.7017800268717109,,2025,bat,2B/SS
sa3015525,Ronald Rosario,C,0.25,0.5996799807064235,BOS,2025,bat,C
sa3018399,Jaison Chourio,OF,0.25,0.6682500352966598,CLE,2025,bat,OF
sa3007065,Willie Joe Garry Jr.,OF,0.25,0.7355900020804255,,2025,bat,OF
4892,Mike Moustakas,3B,0.23999999463558197,0.8177199797471983,,2025,bat,3B
sa3007046,Jameson Hannah,OF,0.25,0.8419300368987023,,2025,bat,OF
8203,Dee Strange-Gordon,2B,0.25,0.7595399691257624,,2025,bat,2B
sa3029251,Cole Conn,C,0.25,0.5113399628666229,OAK,2025,bat,C
19477,Alex De Goti,2B,0.25,0.7193800058448687,,2025,bat,2B
sa3002866,Freuddy Batista,C,0.25,0.5066999710397794,HOU,2025,bat,C
sa1169803,Clay Dungan,2B/SS,3.569999933242798,10.060979709774255,SDP,2025,bat,2B/SS
sa3017341,Freylin Minyety,2B/3B,0.25,0.6971999660367144,,2025,bat,2B/3B
14145,Daniel Robertson,2B/3B/SS,0.25,0.722149963490665,,2025,bat,2B/3B/SS
sa3020220,Dylan O'Rae,2B/OF,0.8899999856948853,2.5615498892031603,MIL,2025,bat,2B/OF
16623,Greg Allen,OF,0.23999999463558197,0.8488300010096282,,2025,bat,OF
12174,Jorge Bonifacio,OF,0.25,0.8992199809290469,,2025,bat,OF
sa3008080,Connor Scott,OF,0.25,0.732899951050058,KCR,2025,bat,OF
15104,Jonathan Davis,OF,0.25,0.7682300405111163,,2025,bat,OF
sa737922,Xavier Fernández,C,0.25,0.918689985340461,,2025,bat,C
sa3020129,Nick Cimillo,1B,0.46000000834465027,1.7865399950649585,PIT,2025,bat,1B
sa858812,Arden Pabst,C,0.25,0.5914400139125063,,2025,bat,C
13075,Norichika Aoki,OF,0.25,0.8228500292403624,,2025,bat,OF
20463,Irving Lopez,2B/3B,0.25,0.7247099617496133,,2025,bat,2B/3B
sa3020201,Kamren James,3B,0.25,0.529290033574216,TBR,2025,bat,3B
11379,Delino DeShields,OF,0.25,0.7772299814037977,,2025,bat,OF
sa3020006,Henry Bolte,OF,0.5099999904632568,1.6732599415816367,OAK,2025,bat,OF
sa3014532,Jesse Franklin V,OF,0.25,0.8693500338122249,,2025,bat,OF
sa3016862,Myles Emmerson,C,0.25,0.5525099909631535,,2025,bat,C
12779,Andy Burns,3B,0.25,0.7839399937307461,,2025,bat,3B
sa3015781,Yamal Encarnacion,OF,0.25,0.8242699518566949,HOU,2025,bat,OF
sa3008146,Matt Pita,2B/OF,0.25,0.8616600031033158,,2025,bat,2B/OF
sa3015542,Adrian Pinto,2B,0.25,0.6776200365740807,TOR,2025,bat,2B
sa3017281,Drew Swift,SS,0.25,0.6398699862416833,OAK,2025,bat,SS
sa3004390,Demetrius Sims,2B/SS,0.25,0.6360999439377338,,2025,bat,2B/SS
sa1170373,Anthony Mulrine,C,0.25,0.5527700689155608,,2025,bat,C
18899,Lucius Fox,3B/SS,0.25,0.6941000026650728,,2025,bat,3B/SS
sa3018643,Ronny Hernandez,C,0.25,0.531680002901703,BOS,2025,bat,C
17736,Richie Martin,SS,0.25,0.7014900097157806,TEX,2025,bat,SS
sa3007089,Nick Ward,2B/3B,0.25,0.6893400259781628,,2025,bat,2B/3B
17468,Kelvin Gutiérrez,3B,0.25,0.767560022091493,,2025,bat,3B
sa3019922,Jack Brannigan,3B/SS,0.25,0.7546400296036154,PIT,2025,bat,3B/SS
8259,Kurt Suzuki,C,0.25,0.7218799689086153,,2025,bat,C
sa736824,Ray-Patrick Didder,SS/OF,0.8399999737739563,2.2011500796768813,,2025,bat,SS/OF
sa3018409,Lazaro Montes,OF,0.25,0.7720899899257346,SEA,2025,bat,OF
sa3016171,Luis Ravelo,2B/SS,0.25,0.6498699955875054,,2025,bat,2B/SS
sa3005628,Stanley Consuegra,OF,0.28999999165534973,0.8672200034372507,,2025,bat,OF
sa3014941,Brett Auerbach,2B,0.3499999940395355,1.012979991082102,,2025,bat,2B
sa876111,Garrett Wolforth,C/1B,0.25,0.5789000070653856,,2025,bat,C/1B
sa3010886,Daniel Mateo,OF,0.30000001192092896,0.904299992835149,,2025,bat,OF
18718,Hyun Soo Kim,OF,0.25,0.8119699992937965,,2025,bat,OF
7949,Tim Beckham,SS,0.25,0.8998200501315294,,2025,bat,SS
sa3004884,Justin Connell,OF,0.25,0.8362500531366094,,2025,bat,OF
sa3008076,Madison Stokes,1B,0.25,0.6353600175818428,,2025,bat,1B
sa3025386,Joshua Kuroda-Grauer,SS,0.25,0.5735299834515898,OAK,2025,bat,SS
5486,Abraham Almonte,OF,0.25,0.9781599959358573,,2025,bat,OF
sa3006783,Marty Costes,OF,0.25,0.8229800350032745,,2025,bat,OF
sa857819,Errol Robinson,SS,0.25,0.596100001130253,BAL,2025,bat,SS
12179,Maikel Franco,3B,0.25,0.7892200116300955,,2025,bat,3B
sa3011754,Shane Sasaki,OF,0.38999998569488525,1.4032000616658478,CIN,2025,bat,OF
sa3003282,Abiezel Ramirez,2B/SS,0.25,0.7039500073529779,,2025,bat,2B/SS
10047,Wil Myers,1B/OF,0.23999999463558197,0.8897400421323254,,2025,bat,1B/OF
14137,Tim Lopes,OF,0.25,0.7827299328986554,,2025,bat,OF
sa3014500,Freddy Zamora,SS,0.5,1.3149700107052924,MIL,2025,bat,SS
4922,Ender Inciarte,OF,0.25,0.8258200575597584,,2025,bat,OF
sa1169595,Beau Philip,3B/SS,0.25,0.6262900515925138,,2025,bat,3B/SS
20510,Jack Larsen,OF,0.25,0.8724499566946178,,2025,bat,OF
sa1170340,Terence Doston,OF,0.25,0.8321700118249282,,2025,bat,OF
sa3005486,Miguel Hiraldo,2B,0.27000001072883606,0.7811200557742266,,2025,bat,2B
25524,Aaron Schunk,2B/3B/SS,3.6600000858306885,13.26263968348503,ATL,2025,bat,2B/3B/SS
15676,José Abreu,1B,0.23999999463558197,0.9541700548725203,,2025,bat,1B
14388,Ronald Guzmán,1B,0.25,0.8963299635332077,,2025,bat,1B
sa917095,Eduardo Torrealba,2B/SS,0.25,0.6878400454064829,,2025,bat,2B/SS
sa3010710,Andrés Alvarez,2B/3B/SS,0.4399999976158142,1.281889960542321,,2025,bat,2B/3B/SS
19644,Ben DeLuzio,OF,0.25,0.7590300005860627,,2025,bat,OF
sa3003325,Nerio Rodriguez,C,0.25,0.559390017716214,,2025,bat,C
16496,Forrest Wall,OF,3.359999895095825,11.521159268170596,,2025,bat,OF
sa3008030,AJ Graffanino,2B/SS,0.25,0.6873600601218639,,2025,bat,2B/SS
sa3005233,LJ Hatch,2B/SS,0.25,0.7073500600410626,,2025,bat,2B/SS
10700,Ryan LaMarre,OF,0.25,0.8861500363564118,,2025,bat,OF
sa1170619,Josh Bissonette,2B/3B,0.25,0.6724399795290081,,2025,bat,2B/3B
17910,Marcus Wilson,OF,0.25,0.8579100333387032,,2025,bat,OF
17714,Christin Stewart,OF,0.25,0.9115699834190308,,2025,bat,OF
sa3020717,Geisel Cepeda,OF,0.25,0.8217300339136272,,2025,bat,OF
sa3015800,Gregory Barrios,SS,0.25,0.5692900562891734,TBR,2025,bat,SS
sa1170279,Matt O'Neill,C,0.25,0.5346599719021469,ARI,2025,bat,C
15124,Tim Locastro,OF,0.25,0.8304999710759148,,2025,bat,OF
sa875163,Moisés Gómez,OF,0.25,0.8404999884311108,,2025,bat,OF
sa738324,Jantzen Witte,1B/3B,0.25,0.7226999930571765,,2025,bat,1B/3B
sa3004128,Laz Rivera,SS,0.25,0.6980400169268248,,2025,bat,SS
19294,Nick Solak,2B,1.0800000429153442,3.987950121611356,SDP,2025,bat,2B
sa3016967,Austin Murr,1B/OF,0.25,0.8024500164669006,PHI,2025,bat,1B/OF
sa3017322,Straton Podaras,C,0.25,0.5516299561597408,,2025,bat,C
sa3014840,L.J. Jones,1B/OF,0.25,0.8397999727167189,,2025,bat,1B/OF
sa3010395,Darius Hill,OF,0.9900000095367432,3.40092997495085,,2025,bat,OF
sa923239,Reinaldo Ilarraza,2B/OF,0.25,0.6787899693939833,,2025,bat,2B/OF
5491,Austin Romine,C,0.25,0.6329899760894476,,2025,bat,C
sa3022683,Max Clark,OF,0.25,0.6732099691871554,DET,2025,bat,OF
sa830303,Micker Adolfo,OF,0.25,0.8513900127960368,,2025,bat,OF
14811,Luke Voit,1B/DH,0.23999999463558197,0.9610099689569325,,2025,bat,1B/DH
19533,Taylor Jones,1B/DH,0.25,0.8918799332343039,,2025,bat,1B/DH
sa3014525,A.J. Vukovich,3B/OF,3.069999933242798,11.31503982208669,ARI,2025,bat,3B/OF
sa3014452,Daniel Cabrera,OF,0.25,0.8018900509923697,DET,2025,bat,OF
sa3014548,Jimmy Glowenke,2B,1.0499999523162842,3.0116300365887576,,2025,bat,2B
sa3007078,Jordan Qsar,OF,0.25,0.8346900311764329,,2025,bat,OF
19212,Taylor Kohlwey,OF,0.25,0.8359700327506289,,2025,bat,OF
sa3004382,José Sánchez,3B/SS,0.25,0.6761599774938076,,2025,bat,3B/SS
sa3014688,Adrian Placencia,2B/SS,0.25,0.666669985000044,LAA,2025,bat,2B/SS
sa3017172,Wes Kath,3B,0.25,0.6831600045552477,CHW,2025,bat,3B
sa3007874,Wilderd Patiño,OF,0.38999998569488525,1.1235299211926757,,2025,bat,OF
sa3007501,Jonah Davis,OF,0.25,0.6937499924562871,,2025,bat,OF
sa873990,Vince Fernandez,OF,0.25,0.8323099573608487,,2025,bat,OF
sa3015090,Zac Cook,OF,0.25,0.7001999971456825,,2025,bat,OF
sa3006720,Nick Podkul,1B/3B,0.25,0.8700599785428493,,2025,bat,1B/3B
sa3021226,Miguel Rodríguez,C/1B,0.25,0.49663000421132886,BAL,2025,bat,C/1B
sa3004934,Riley Delgado,3B/SS,0.25,0.6781500117154791,,2025,bat,3B/SS
sa3006678,Manny Rodriguez,SS,0.25,0.6342300170799716,,2025,bat,SS
15817,Erick Mejia,3B/OF,0.25,0.7836600203067063,WSN,2025,bat,3B/OF
sa3020495,Seth Stephenson,OF,0.25,0.6684400398517026,DET,2025,bat,OF
sa917141,Kelvin Melean,2B/3B/SS,0.25,0.6592699281405656,,2025,bat,2B/3B/SS
sa3008929,Jorge Burgos,OF,0.25,0.8005500187049619,TOR,2025,bat,OF
9077,Lorenzo Cain,OF,0.25,0.7623400423908606,,2025,bat,OF
sa3008744,Gabriel Rodriguez,3B,0.25,0.6852700033457949,,2025,bat,3B
sa3006858,Jonathan Engelmann,1B/OF,0.25,0.8277200408745555,,2025,bat,1B/OF
sa3011753,Erick Brito,SS,0.5,1.321869952743873,PHI,2025,bat,SS
sa3015636,Victor Arias,OF,0.25,0.6629499534144997,TOR,2025,bat,OF
12546,C.J. Cron,1B,0.23999999463558197,0.9536599947605283,,2025,bat,1B
15697,Gosuke Katoh,1B/2B,0.25,0.8438800431787967,,2025,bat,1B/2B
22906,Israel Pineda,C,0.25,0.5554700464010238,,2025,bat,C
25814,C.J. Stubbs,C,0.25,0.5644600135157816,TOR,2025,bat,C
sa3007629,Patrick Dorrian,3B,0.27000001072883606,0.7636799888219685,,2025,bat,3B
sa3014449,Hudson Haskin,OF,0.25,0.7706200425047428,,2025,bat,OF
sa3020498,Xavier Isaac,1B,0.41999998688697815,1.5842498946469277,TBR,2025,bat,1B
sa3022694,Luke Shliger,C,0.25,0.5164699624292552,SFG,2025,bat,C
13359,Tyler Naquin,OF,0.25,0.8367000295314937,,2025,bat,OF
19878,Adam Haseley,OF,0.25,0.8191399956587702,,2025,bat,OF
sa738936,Harrison Wenson,C,0.25,0.5624600505689158,,2025,bat,C
sa915575,Devin Hairston,2B/SS,0.25,0.6145399573724717,,2025,bat,2B/SS
sa3022651,Caleb Cali,3B,0.25,0.5990300031146033,SEA,2025,bat,3B
sa3015076,Brandon McIlwain,OF,0.25,0.8063300365349279,,2025,bat,OF
sa917767,Lolo Sanchez,OF,0.25,0.8001199655234813,,2025,bat,OF
sa3008746,Antonio Gomez,C,0.25,0.5175500491284765,NYY,2025,bat,C
sa3022885,Mac Horvath,3B/OF,0.25,0.6374300617491826,TBR,2025,bat,3B/OF
sa3007044,Greyson Jenista,OF,0.25,0.8359000085154549,,2025,bat,OF
sa915847,Colton Shaver,1B/3B,0.25,0.8990199994063004,,2025,bat,1B/3B
sa3019865,Romeo Sanabria,1B,0.30000001192092896,1.0600100485724397,SDP,2025,bat,1B
sa917968,Thomas Jones,OF,0.25,0.6827800093917176,,2025,bat,OF
sa3014830,Micah Pries,1B/OF,0.25,0.8668499776162207,,2025,bat,1B/OF
sa3020951,Shawn Ross,C,0.25,0.5919600324821658,PIT,2025,bat,C
sa3020268,Josh Hood,3B/SS,0.25,0.6021100310608742,SEA,2025,bat,3B/SS
sa3016810,Konner Piotto,C/1B,0.25,0.5034299723338336,,2025,bat,C/1B
sa3008005,Joe Gray Jr.,OF,0.25,0.691740026557818,,2025,bat,OF
20540,José Devers,2B/SS,1.059999942779541,3.3891799259930844,,2025,bat,2B/SS
sa3006674,Jake Anchia,C,0.25,0.5177999721141531,,2025,bat,C
5452,Ji Man Choi,1B,0.23999999463558197,0.917540005221963,,2025,bat,1B
sa3007019,Frainyer Chavez,2B/3B,0.7300000190734863,1.9892200136557219,TEX,2025,bat,2B/3B
sa3017292,Jonny Butler,OF,0.25,0.7545900383964179,,2025,bat,OF
sa3010048,Ashton Creal,OF,0.25,0.6801300635328515,,2025,bat,OF
sa3011821,Willy Vasquez,3B,1.090000033378601,2.9856901506893334,BAL,2025,bat,3B
16909,Colin Moran,1B/3B,0.25,0.829860013979487,SEA,2025,bat,1B/3B
sa917068,Daniel Montano,OF,0.25,0.8031499989330767,,2025,bat,OF
sa3015126,Carter Williams,OF,0.25,0.8236900661839173,,2025,bat,OF
17473,Narciso Crook,OF,0.25,0.8440499826334417,,2025,bat,OF
sa918911,Armani Smith,OF,0.25,0.8074799587018787,,2025,bat,OF
sa3014935,Zach Daniels,OF,0.25,0.8261000540340317,,2025,bat,OF
sa915700,Michael Gigliotti,OF,0.25,0.7913900451734662,,2025,bat,OF
22093,Steele Walker,OF,0.25,0.8524400184629483,,2025,bat,OF
sa709546,Cole Sturgeon,OF,0.25,0.8150300063658504,,2025,bat,OF
sa927338,Fabricio Macias,OF,0.25,0.8574200167320668,,2025,bat,OF
19703,Jake Noll,1B,0.25,0.875170007487759,,2025,bat,1B
sa3007030,Frankie Tostado,1B,0.25,0.8975999458925799,,2025,bat,1B
sa3015834,Pedro Ramirez,2B/3B,0.25,0.663259960291907,CHC,2025,bat,2B/3B
sa3007876,Brennen Davis,OF,0.25,0.9143900431226938,SEA,2025,bat,OF
25005,Justin Dean,OF,0.4399999976158142,1.2702999857254325,CHC,2025,bat,OF
17710,Matt Beaty,1B/OF,0.25,0.8700400174362585,,2025,bat,1B/OF
sa917935,Delvin Pérez,SS,0.25,0.6661600371822716,,2025,bat,SS
10762,Corey Dickerson,OF,0.23999999463558197,0.8708099788054824,,2025,bat,OF
sa917055,Miguel Hernandez,SS,0.25,0.667409988120198,,2025,bat,SS
sa3018571,Jefferson Rojas,SS,0.25,0.6016500308644026,CHC,2025,bat,SS
sa3017797,Colby Smelley,C,0.25,0.4991999768186361,,2025,bat,C
sa3011258,Zach Watson,OF,0.25,0.6603999804239719,,2025,bat,OF
3142,Robinson Chirinos,C,0.25,0.7087499996414407,,2025,bat,C
5751,Hernán Pérez,2B/3B/OF,0.25,0.772420069342479,,2025,bat,2B/3B/OF
sa918541,Jeffry Parra,C,0.25,0.5283199749188497,,2025,bat,C
sa3023375,Matt Hogan,OF,0.25,0.6584200254641472,CHW,2025,bat,OF
sa3018398,Jace Avina,OF,0.25,0.6450600009877234,NYY,2025,bat,OF
sa3009875,J.D. Orr,OF,0.25,0.7798599447123706,,2025,bat,OF
sa3022809,Dominic Pitelli,2B/SS,0.38999998569488525,1.0961899287998675,CIN,2025,bat,2B/SS
sa3016961,Corey Rosier,OF,0.38999998569488525,1.334980006702244,BOS,2025,bat,OF
sa3004061,Connor Hoover,2B,0.25,0.6610900213010609,,2025,bat,2B
sa3010161,Chris Givin,2B/SS,0.25,0.6557499336311593,,2025,bat,2B/SS
14566,Franmil Reyes,DH/OF,0.23999999463558197,0.970010014763102,,2025,bat,DH/OF
sa3019928,Robert Moore,2B/SS,1.9600000381469727,6.011520124785602,PHI,2025,bat,2B/SS
sa3003347,Sebastian Espino,SS/OF,0.25,0.6160199748119338,,2025,bat,SS/OF
sa917182,Eduardo Diaz,OF,0.25,0.8243599542416632,,2025,bat,OF
sa3017399,Mariano Ricciardi,2B,0.25,0.6521200025919823,,2025,bat,2B
sa3017171,Ian Moller,C,0.25,0.47360999356023964,TEX,2025,bat,C
sa3020115,Josh Hatcher,1B/OF,0.7300000190734863,2.492559938970953,,2025,bat,1B/OF
sa3014679,Kevin Made,SS,0.25,0.6034999874653294,WSN,2025,bat,SS
15191,Chad Pinder,OF,0.25,0.878739999118261,,2025,bat,OF
sa3022704,Jackson Hornung,C/1B,0.25,0.49142998411552974,TOR,2025,bat,C/1B
10953,Phil Gosselin,2B/3B,0.25,0.762060006847605,,2025,bat,2B/3B
sa3022500,Sabin Ceballos,3B,0.25,0.6519700523233041,SFG,2025,bat,3B
sa3019825,Jacob Berry,3B/OF,2.5299999713897705,7.793599927052854,MIA,2025,bat,3B/OF
sa3011264,Drew Campbell,OF,0.25,0.8160900192102417,,2025,bat,OF
sa918769,Bret Boswell,2B/3B,0.25,0.6637699833605437,,2025,bat,2B/3B
19432,Yonny Hernández,2B/3B,0.28999999165534973,0.8149799449834971,NYM,2025,bat,2B/3B
27461,Shogo Akiyama,OF,0.25,0.7910299917217343,,2025,bat,OF
15189,Dustin Peterson,OF,0.25,0.7658300057752058,,2025,bat,OF
sa918408,Todd Lott,1B/OF,0.25,0.8078900348860769,,2025,bat,1B/OF
sa3008759,Juan Guerrero,OF,0.5,1.9857497997581957,,2025,bat,OF
sa917119,Shervyen Newton,SS,0.25,0.6066200350876897,,2025,bat,SS
sa3022752,Poncho Ruiz,C,0.25,0.4982799726887605,MIN,2025,bat,C
sa3022750,Roc Riggio,2B,0.25,0.6237700205529109,COL,2025,bat,2B
sa3017371,JT Schwartz,1B,0.75,2.6966301275417206,NYM,2025,bat,1B
sa3008905,Leandro Pineda,OF,0.25,0.837369951372966,WSN,2025,bat,OF
11381,Drew Maggi,3B/DH,0.23999999463558197,0.6981900234241039,,2025,bat,3B/DH
sa3016835,Raudelis Martinez,C/1B,0.25,0.4579799670493229,BOS,2025,bat,C/1B
sa3022535,Andy Blake,3B/SS,0.25,0.6590799950994551,,2025,bat,3B/SS
sa3015846,Bryant Betancourt,C/1B,0.25,0.6707000443479045,COL,2025,bat,C/1B
15214,Brandon Dixon,1B/OF,0.25,0.9147800150327383,,2025,bat,1B/OF
19348,DJ Peters,OF,0.25,0.804320035688579,,2025,bat,OF
sa3007007,Dillon Paulson,1B,0.25,0.8683799522696063,,2025,bat,1B
sa3006713,Cole Daily,2B/3B,0.25,0.6408899673260748,,2025,bat,2B/3B
sa3022433,Chase Adkison,C,0.25,0.5066000214545056,STL,2025,bat,C
29995,Daylen Lile,OF,0.8899999856948853,3.1020999364554878,WSN,2025,bat,OF
sa3007975,Ezequiel Pagan,OF,0.28999999165534973,0.9877299366518855,,2025,bat,OF
sa3020205,Jalen Battles,2B,0.25,0.595539983548224,TBR,2025,bat,2B
sa3015548,Luis Encarnacion,1B,0.25,0.8632600350072606,,2025,bat,1B
sa3015698,Danny De Andrade,SS,0.25,0.5732699614018201,MIN,2025,bat,SS
11470,Tony Wolters,C,0.25,0.6924599775113164,,2025,bat,C
sa3003291,Francisco Acuna,SS,0.25,0.5598600589437409,SDP,2025,bat,SS
sa3008946,Felix Stevens,1B/OF,0.25,0.8057599878171459,,2025,bat,1B/OF
sa3016858,Charlie Welch,C,0.25,0.5057800190290436,,2025,bat,C
17738,Chris Shaw,OF,0.25,0.7552300142822788,,2025,bat,OF
sa3022811,Cole Gabrielson,OF,0.25,0.7466199252987281,NYY,2025,bat,OF
sa877337,Gilbert Lara,3B/SS,0.25,0.5912900197552515,,2025,bat,3B/SS
sa873982,Nick Banks,OF,0.25,0.7991799902636557,,2025,bat,OF
13795,Eric Stamets,SS,0.25,0.5877699754899366,,2025,bat,SS
sa3019971,Chris Newell,OF,0.30000001192092896,1.0324500763788818,LAD,2025,bat,OF
sa3003280,Diego Infante,OF,0.25,0.788270051474683,,2025,bat,OF
sa3015659,Manuel Palencia,C,0.25,0.4740300153847784,NYY,2025,bat,C
sa3005555,Victor Planchart,C,0.25,0.5038699670229106,,2025,bat,C
sa3014837,Sheng-Ping Chen,2B/SS,0.25,0.646550000924617,,2025,bat,2B/SS
sa3020881,Ethan Salas,C,0.25,0.4876499494421296,SDP,2025,bat,C
sa738955,Jacob Heyward,OF,0.25,0.7857699990971014,,2025,bat,OF
23264,Canaan Smith-Njigba,OF,0.9800000190734863,3.4394401356577875,,2025,bat,OF
sa3017478,Jackson Glenn,2B/3B,0.25,0.6823699672007931,,2025,bat,2B/3B
sa3022593,Zach Arnold,3B,0.25,0.6812000177334994,PHI,2025,bat,3B
sa3022891,Jim Jarvis,SS,0.25,0.5532999476417899,ATL,2025,bat,SS
18690,Nick Plummer,DH/OF,0.25,0.9155900331214071,,2025,bat,DH/OF
19552,Jaylin Davis,OF,0.25,0.7880899338982998,,2025,bat,OF
sa3014549,Zavier Warren,1B/3B,0.5,1.4459899556823073,CIN,2025,bat,1B/3B
sa3022609,Aidan Miller,SS,0.25,0.6092300111660733,PHI,2025,bat,SS
sa3018938,Cristofer Torin,2B/SS,0.25,0.583390066633001,ARI,2025,bat,2B/SS
sa3022528,Casey Yamauchi,2B,0.25,0.5761500338558108,OAK,2025,bat,2B
sa3018376,Ben Norman,OF,0.25,0.7907199746929108,,2025,bat,OF
sa3007054,Andrew Moritz,OF,0.25,0.7853500473778695,,2025,bat,OF
sa3017051,Ethan Murray,2B/SS,0.36000001430511475,0.8715900419745594,MIL,2025,bat,2B/SS
15994,Kean Wong,2B/OF,0.25,0.7056600464507936,,2025,bat,2B/OF
sa3006685,Ian Dawkins,OF,0.25,0.7858700152719392,,2025,bat,OF
18316,Edwin Rios,1B/3B/DH,1.7000000476837158,6.711610297113657,,2025,bat,1B/3B/DH
sa3022672,Yohandy Morales,1B/3B,0.38999998569488525,1.4231500094756484,WSN,2025,bat,1B/3B
3516,Eric Hosmer,1B,0.25,0.9162700214423237,,2025,bat,1B
sa3015741,Aneudis Mordán,C/1B,0.25,0.4763800336746498,,2025,bat,C/1B
sa3015166,Ethan Workinger,OF,0.30000001192092896,1.0040199814364312,ATL,2025,bat,OF
sa3014878,Noah Campbell,OF,0.25,0.7550400298088789,,2025,bat,OF
sa3015606,Jorge Puerta,C/1B/OF,0.25,0.49127998505719006,,2025,bat,C/1B/OF
sa3014884,Landon Stephens,OF,0.25,0.7872199836885556,,2025,bat,OF
19968,Jared Oliva,OF,0.25,0.8498099738731979,SFG,2025,bat,OF
sa1169773,LJ Talley,1B/2B,0.25,0.8393800121732055,,2025,bat,1B/2B
sa3017175,Josue Gonzalez,C/1B,0.25,0.4649999542860314,NYY,2025,bat,C/1B
sa3014436,Alerick Soularie,2B/OF,0.25,0.7774499956285581,,2025,bat,2B/OF
sa828331,Jose Gomez,2B/3B/SS,0.25,0.6374099814798682,,2025,bat,2B/3B/SS
sa3004149,Agustin Ruiz,OF,0.25,0.7846400402719155,,2025,bat,OF
sa738683,Michael Reed,OF,0.25,0.7405500379856675,,2025,bat,OF
sa3019945,Jake Thompson,OF,0.25,0.9445100169628858,,2025,bat,OF
sa3021051,Demetrio Crisantes,2B,0.25,0.6628800415201113,ARI,2025,bat,2B
3298,Charlie Culberson,3B/OF,0.25,0.7092000287491826,,2025,bat,3B/OF
sa1170874,Dylan Shockley,C,0.25,0.5133000080240889,,2025,bat,C
sa3006888,Luis Verdugo,3B,1.2999999523162842,3.9234602659009394,SDP,2025,bat,3B
sa3022567,Max Anderson,2B,0.25,0.6219100249931215,DET,2025,bat,2B
sa657706,Santiago Chávez,C,0.25,0.5240500363754107,,2025,bat,C
sa3004163,Tyreque Reed,1B,0.25,0.8786700173746794,BOS,2025,bat,1B
sa3022616,Ethan O'Donnell,OF,0.25,0.7202999409986659,MIA,2025,bat,OF
sa3009334,Geovanny Planchart,C,0.25,0.5136399876791983,TOR,2025,bat,C
10847,Andrelton Simmons,SS,0.25,0.6010199527954683,,2025,bat,SS
17806,Braden Bishop,OF,0.25,0.83128003324382,,2025,bat,OF
sa3006548,Jose Cordova,C/1B,0.25,0.6444000247633083,COL,2025,bat,C/1B
sa3018591,Josue De Paula,OF,0.25,0.7647899778094142,LAD,2025,bat,OF
19788,Zach Remillard,2B,3.2699999809265137,9.644810947775838,,2025,bat,2B
sa3020100,Jordan Dissin,C,0.25,0.5188800232368519,PHI,2025,bat,C
22045,Grant Koch,C,0.6299999952316284,1.4021701301448042,,2025,bat,C
sa3019965,Bill Knight,OF,0.25,0.5557500122115016,SEA,2025,bat,OF
sa3021087,Welbyn Francisca,SS,0.25,0.5305399903794751,CLE,2025,bat,SS
sa3017734,Jake Fox,OF,0.25,0.5942899479297921,CLE,2025,bat,OF
sa3020534,Carter Young,SS,0.25,0.5994599832454693,BAL,2025,bat,SS
sa3008901,Dariel Lopez,3B/SS,0.25,0.6454400084912776,,2025,bat,3B/SS
sa3022607,Jay Harry,2B/SS,0.25,0.5423100273241289,TOR,2025,bat,2B/SS
17807,Drew Jackson,OF,0.25,0.8020500242477282,,2025,bat,OF
sa3018514,Luis Lara,OF,0.25,0.6378999511478467,MIL,2025,bat,OF
sa3007047,Grant Witherspoon,OF,0.25,0.773090022103861,,2025,bat,OF
sa548183,Josh Sale,OF,0.25,0.7724200349766761,,2025,bat,OF
sa3020416,Jacob Reimer,3B,0.25,0.6014000557130201,NYM,2025,bat,3B
sa3020001,Maxwell Costes,1B,0.25,0.83670004485175,,2025,bat,1B
sa3010165,Dilan Rosario,2B/SS,0.25,0.6245000123512,,2025,bat,2B/SS
sa3015631,Miguel Villarroel,3B/SS,0.25,0.5711000502808018,STL,2025,bat,3B/SS
sa829494,Michael Cantu,C,0.25,0.4816399966133758,,2025,bat,C
sa3019577,Andy Atwood,2B/SS,0.25,0.6296599686611444,,2025,bat,2B/SS
sa3016950,Ben Ramirez,3B,0.25,0.5529899929999375,,2025,bat,3B
sa3021845,Franklin Arias,SS,0.25,0.5782499419525265,BOS,2025,bat,SS
sa916848,Franklin Labour,OF,0.25,0.7648500234819949,,2025,bat,OF
sa3017283,CJ Rodriguez,C,0.25,0.41330005750060067,OAK,2025,bat,C
sa3006729,Jacob Rhinesmith,OF,0.25,0.7567900120280683,,2025,bat,OF
sa3017176,Collin Burns,2B/SS,0.7200000286102295,1.926729910355061,,2025,bat,2B/SS
sa3004972,Imanol Vargas,1B,0.25,0.8779599950998089,,2025,bat,1B
sa917196,Jose Sibrian,C,0.25,0.4876599451294168,,2025,bat,C
sa3015738,Ronald Hernandez,C,0.25,0.4612400207202881,NYM,2025,bat,C
sa738667,Torii Hunter Jr.,OF,0.25,0.7763399712741375,,2025,bat,OF
18722,Dae-Ho Lee,1B,0.25,0.8774999669753014,,2025,bat,1B
sa829382,K.J. Harrison,1B,0.25,0.8508899913867934,,2025,bat,1B
13836,Matt Duffy,3B,11.619999885559082,36.90461312904953,,2025,bat,3B
sa3016964,Grant Richardson,OF,0.7300000190734863,2.442990077892318,MIA,2025,bat,OF
sa738999,Robbie Tenerowicz,1B,0.30000001192092896,1.032239931053482,,2025,bat,1B
sa3010335,GJ Hill,2B/OF,0.25,0.800639961613342,COL,2025,bat,2B/OF
sa3009866,Evan Edwards,1B,0.25,0.8388800139073281,,2025,bat,1B
sa3016820,Lucas Dunn,3B/OF,0.25,0.6050099993823095,,2025,bat,3B/OF
sa3016920,Gabe Matthews,1B,0.25,0.8241300236666574,,2025,bat,1B
sa3025360,Kaelen Culpepper,SS,0.25,0.5503300087293609,MIN,2025,bat,SS
sa3025250,Malcolm Moore,C,0.25,0.4657099806237966,TEX,2025,bat,C
sa3021185,Juan Flores,C,0.25,0.48507995643885804,LAA,2025,bat,C
9929,Darin Ruf,1B/OF,0.23999999463558197,0.900029933056794,,2025,bat,1B/OF
sa3014880,Ty Duvall,C,0.25,0.4727500061504543,,2025,bat,C
sa3014886,J.D. Mundy,1B,0.25,0.8451200299197806,,2025,bat,1B
sa3010008,Carter Aldrete,1B/3B,0.25,0.797099942434579,,2025,bat,1B/3B
sa3002670,Justin Lopez,2B/SS,0.25,0.5607599962269887,,2025,bat,2B/SS
15654,Billy McKinney,OF,2.1500000953674316,7.701010028086602,,2025,bat,OF
sa3017116,Shawn Goosenberg,1B/OF,0.25,0.8244500364875421,,2025,bat,1B/OF
sa3023073,Kevin Bruggeman,C/1B,0.25,0.4732899623457341,LAA,2025,bat,C/1B
sa738152,Edwin Díaz,3B/SS,0.25,0.665800053672865,HOU,2025,bat,3B/SS
sa1115804,Shane Selman,OF,0.25,0.7698499890044331,,2025,bat,OF
sa829343,Isiah Gilliam,OF,0.25,0.8995199719211086,,2025,bat,OF
sa3007022,Jarryd Dale,2B/SS,0.25,0.6187299724202603,,2025,bat,2B/SS
sa3010342,Jackson Cluff,SS,0.25,0.6351300107548012,NYM,2025,bat,SS
sa3017562,Creed Willems,C/1B,0.25,0.8200900498079134,BAL,2025,bat,C/1B
sa969091,Lazaro Armenteros,OF,0.3700000047683716,1.188810007367283,,2025,bat,OF
sa3022442,Jared Sundstrom,OF,0.25,0.6702200173633173,SEA,2025,bat,OF
sa3017334,Matt Rudick,OF,2.240000009536743,7.433149697631596,NYM,2025,bat,OF
sa922180,Alfredo Rodriguez,SS,0.25,0.6233300556894391,,2025,bat,SS
sa3016719,Edward Duran,C,0.25,0.4413500230875797,TOR,2025,bat,C
sa3022532,Nate Nankil,OF,0.25,0.6936800553812643,OAK,2025,bat,OF
sa3004157,Cody Bohanek,2B/3B/SS,0.25,0.6109600497875362,,2025,bat,2B/3B/SS
sa3006428,Ramses Malave,C/1B,0.25,0.48886999408714465,,2025,bat,C/1B
sa3008851,Alexander Vargas,SS,0.38999998569488525,1.0299100562930106,CIN,2025,bat,SS
sa3005613,Felix Valerio,2B,0.25,0.7500300302170216,,2025,bat,2B
sa3004506,Matt Winaker,1B/OF,0.25,0.8051300462801008,,2025,bat,1B/OF
sa1170316,Jake Means,3B,0.25,0.6231299999868496,,2025,bat,3B
29614,Chad Stevens,2B/3B,0.44999998807907104,1.2155599878169594,COL,2025,bat,2B/3B
15117,Hunter Dozier,3B/OF,0.25,0.7427400011103601,,2025,bat,3B/OF
sa3015607,Carlos Rojas,C,0.25,0.47534004118060685,,2025,bat,C
sa3022606,Trent Farquhar,2B,0.25,0.6257300126599147,PHI,2025,bat,2B
18425,Trey Amburgey,OF,0.25,0.828689954476431,,2025,bat,OF
sa3010334,Ashton McGee,1B,0.25,0.8274100465001538,,2025,bat,1B
sa3005479,Cesar Idrogo,OF,0.25,0.8958800155203789,,2025,bat,OF
15983,Clint Frazier,OF,0.25,0.7969699910841882,,2025,bat,OF
sa3003377,José Alvarez,C/OF,0.25,0.7402399365557356,,2025,bat,C/OF
sa1170296,Toby Welk,1B/3B,0.25,0.7545800014631822,,2025,bat,1B/3B
sa549926,D.J. Peterson,1B/3B,0.25,0.8460200476925821,,2025,bat,1B/3B
sa3010603,Jesus Ordonez,C,0.25,0.6263899825513362,,2025,bat,C
sa3004979,Eddy Diaz,2B/SS,0.25,0.7614100263454019,,2025,bat,2B/SS
sa3018406,Anthony Gutierrez,OF,0.25,0.5948500266065819,TEX,2025,bat,OF
sa3022756,Blake Mitchell,C,0.25,0.4935799998929723,KCR,2025,bat,C
sa872765,Omar Meregildo,1B/3B,0.25,0.8427199847996234,,2025,bat,1B/3B
sa917074,Pedro Castellanos,1B/OF,0.25,0.8199600018328055,,2025,bat,1B/OF
sa3004819,Quincy Nieporte,1B,0.25,0.9132099876645953,,2025,bat,1B
sa3019400,Loidel Chapelli,2B,0.25,0.5929500029888003,,2025,bat,2B
sa3015723,Gabriel Gonzalez,OF,0.25,0.7375200182665138,MIN,2025,bat,OF
sa3022867,Cooper Pratt,SS,0.25,0.5596400012029333,MIL,2025,bat,SS
14818,JaCoby Jones,OF,0.25,0.7264999931911006,,2025,bat,OF
sa3008003,Alex McKenna,OF,0.25,0.7434900540858507,,2025,bat,OF
sa3019991,Caeden Trenkle,OF,0.25,0.7147299939300864,,2025,bat,OF
sa876363,Dalton Kelly,1B,0.25,0.8399199785431847,,2025,bat,1B
sa3017901,Mikey Perez,2B,0.25,0.6164700378198176,,2025,bat,2B
5273,Sandy León,C,0.25,0.529989979043603,ATL,2025,bat,C
sa3011776,Christopher Familia,OF,0.25,0.7408400085754692,,2025,bat,OF
sa3005551,Rainer Nunez,1B,1.0199999809265137,3.6702200337313107,,2025,bat,1B
sa3022828,Dustin Dickerson,SS,0.25,0.5231199818430469,KCR,2025,bat,SS
sa3022162,Eduardo Tait,C,0.25,0.5172400001203641,MIN,2025,bat,C
sa3017123,Wilfredo Lara,3B,0.25,0.6420399961527437,MIA,2025,bat,3B
sa3011350,Cameron Barstad,C,0.25,0.44500002179993314,CLE,2025,bat,C
25459,Peyton Burdick,OF,0.25,0.7642499768873676,,2025,bat,OF
sa3015696,Cristian Hernandez,SS,0.25,0.5378900230396538,MIA,2025,bat,SS
sa3010017,Tyler Osik,1B,0.25,0.8165500475792214,,2025,bat,1B
14938,Jack Reinheimer,3B/SS/OF,0.25,0.5453199855051934,,2025,bat,3B/SS/OF
sa3005500,Fabian Pertuz,2B/SS,0.30000001192092896,0.7041000077268107,,2025,bat,2B/SS
sa3011502,Ethan Hearn,C,0.25,0.48254996722098437,CHC,2025,bat,C
15982,Ryder Jones,1B/3B,0.25,0.6315700256265699,,2025,bat,1B/3B
sa3022496,Calvin Harris,C,0.25,0.43992999135516575,CHW,2025,bat,C
sa3018507,Jesus Baéz,SS,0.25,0.5352899758610875,STL,2025,bat,SS
sa3023070,Alex Mooney,3B/SS,0.25,0.5769800052046775,CLE,2025,bat,3B/SS
19667,Zach Reks,OF,0.25,0.7848300113342701,,2025,bat,OF
sa3017403,Jay Allen II,OF,0.25,0.6600000047590584,CIN,2025,bat,OF
sa3017151,Sam Praytor,C,0.25,0.4935299832839518,MIA,2025,bat,C
sa829268,Drew Lugbauer,1B,0.25,0.7863000294542871,,2025,bat,1B
sa3019861,Chris Rotondo,OF,0.25,0.7306800130289047,,2025,bat,OF
sa3018439,Victor Ortega,C,0.25,0.46923998198471956,MIA,2025,bat,C
14885,Pat Valaika,2B/SS,0.25,0.666189987771213,,2025,bat,2B/SS
sa3023485,Tomas Frick,C,0.25,0.43016000593779596,NYY,2025,bat,C
sa3018430,Kenni Gomez,OF,0.25,0.591120055760257,HOU,2025,bat,OF
sa3022920,Jalen Vasquez,3B/SS,0.25,0.4960999755654484,,2025,bat,3B/SS
sa3019869,Brett Johnson,OF,0.25,0.7268300079274923,,2025,bat,OF
sa3020141,Sammy Hernandez,C,0.25,0.44793999260291445,STL,2025,bat,C
sa3005037,PK Morris,1B,0.25,0.81446002649609,,2025,bat,1B
sa3010897,Shayne Fontana,OF,0.25,0.7969699952984227,,2025,bat,OF
sa920180,Jhailyn Ortiz,OF,0.25,0.8188000140013173,,2025,bat,OF
sa3007298,Rixon Wingrove,1B,0.25,0.8247700516600162,,2025,bat,1B
sa3015205,Narbe Cruz,2B/3B,0.25,0.5765199580229816,HOU,2025,bat,2B/3B
sa3022679,Bennett Lee,C,0.25,0.42981999490875744,DET,2025,bat,C
sa3017696,Mario Gomez,C/1B,0.25,0.4034399510826916,,2025,bat,C/1B
sa3007637,Scott Schreiber,1B/OF,0.25,0.8228399641346185,,2025,bat,1B/OF
sa3010341,Glenn Santiago,OF,0.25,0.7374600339448079,,2025,bat,OF
11982,Travis Shaw,3B,0.25,0.8565600571688265,BOS,2025,bat,3B
sa3004383,Ricardo Méndez,OF,0.25,0.6099899483611806,,2025,bat,OF
sa875352,Brantley Bell,2B/3B,0.25,0.6035499841207637,,2025,bat,2B/3B
sa3016859,James Parker,3B/SS,0.25,0.5417800037423147,,2025,bat,3B/SS
sa3022653,Jace Bohrofen,OF,0.25,0.7093200284289197,TOR,2025,bat,OF
sa3006889,D'Shawn Knowles,OF,0.25,0.7287899763090536,,2025,bat,OF
sa3015828,Héctor Rodríguez,OF,0.25,0.8202500341925769,CIN,2025,bat,OF
sa3006735,Justin Toerner,OF,0.25,0.7192099711392075,,2025,bat,OF
14320,Wilmer Difo,2B/SS,0.3400000035762787,0.9918801371008157,,2025,bat,2B/SS
sa962601,Yasel Antuna,SS/OF,0.25,0.7193400237476453,,2025,bat,SS/OF
sa3018470,Dario Laverde,C,0.25,0.44568998534232374,LAA,2025,bat,C
18136,Ka'ai Tom,OF,0.25,0.7949400174897164,,2025,bat,OF
sa3023072,Johnny Tincher,C,0.25,0.4138599517056718,CLE,2025,bat,C
sa3020128,Matt Higgins,1B/OF,0.25,0.7886699712602422,,2025,bat,1B/OF
sa3006728,Drew Mount,OF,0.25,0.8141799964709207,,2025,bat,OF
sa3005240,Walking Cabrera,OF,0.25,0.6067599347326903,,2025,bat,OF
sa3010853,Branden Fryman,2B/SS,0.25,0.5399499495048075,,2025,bat,2B/SS
sa3019990,Peyton Graham,2B/SS,0.25,0.49592998099979013,DET,2025,bat,2B/SS
sa3023233,George Lombard Jr.,SS,0.25,0.49443004225613546,NYY,2025,bat,SS
sa3020140,Andrew Kachel,1B/3B,0.25,0.7887299604248257,,2025,bat,1B/3B
sa3015813,Gleider Figuereo,3B,0.25,0.5780999908922239,TEX,2025,bat,3B
5384,Juan Lagares,OF,0.25,0.756290033319965,,2025,bat,OF
sa3022529,Luke Mann,3B,0.25,0.5465499476762488,OAK,2025,bat,3B
sa3010902,Javier Valdes,C,0.25,0.859839999047108,,2025,bat,C
sa3004691,Jacob Gonzalez,1B/3B,0.25,0.805989977135323,,2025,bat,1B/3B
sa3020418,Nick Morabito,OF,0.25,0.7034200122347102,NYM,2025,bat,OF
sa3018001,Zac Fascia,C,0.25,0.45415002102963625,,2025,bat,C
sa3018912,Andrew Miller,C,0.25,0.3771399853168986,,2025,bat,C
sa3004148,Jordy Barley,SS,0.25,0.599419968179427,,2025,bat,SS
sa829783,Quinn Brodey,OF,0.25,0.7017300125211478,,2025,bat,OF
sa3017220,Ryan Higgins,3B/OF,0.25,0.6003399618668481,,2025,bat,3B/OF
sa3017401,Mike Jarvis,2B,0.25,0.6380600160919131,PIT,2025,bat,2B
sa3002862,Ismael Alcantara,OF,0.25,0.7342600012896582,,2025,bat,OF
sa3020102,Jancel Villarroel,C,0.25,0.4221899975324049,SFG,2025,bat,C
sa3006911,Eric De La Rosa,OF,0.25,0.7278400051407515,,2025,bat,OF
sa3014530,Jordan Nwogu,OF,0.25,0.741539968526922,CHC,2025,bat,OF
sa3006670,Niko Decolati,OF,0.25999999046325684,0.749709985195659,,2025,bat,OF
sa3004882,Bryant Quijada,C/1B,0.25,0.4379099772311747,,2025,bat,C/1B
13546,Roman Quinn,OF,0.25,0.8294100565370173,COL,2025,bat,OF
sa3019857,Kai Murphy,OF,0.25,0.5673199711483903,SDP,2025,bat,OF
sa3010590,Bryant Packard,OF,0.25,0.8823000504635272,,2025,bat,OF
sa3006724,Grant Williams,2B/SS,0.25,0.5851400426123291,,2025,bat,2B/SS
sa3022541,Jonah Cox,OF,0.25,0.5868199943099168,SFG,2025,bat,OF
sa3010713,Luis Guerrero,2B/OF,0.25,0.5910600633127613,,2025,bat,2B/OF
15519,Franklin Barreto,2B/SS,0.25,0.6136500019812955,,2025,bat,2B/SS
12649,Alex Dickerson,OF,0.25,0.8983400108991191,,2025,bat,OF
sa3004142,Chris Seise,3B/SS,0.25,0.5924099619500339,,2025,bat,3B/SS
19170,Corey Ray,OF,0.25,0.8159399627707898,,2025,bat,OF
sa3016852,Max Wright,C,0.25,0.4495500172488391,,2025,bat,C
sa3019923,Eric Brown Jr.,SS,1.0,2.567409903462976,MIL,2025,bat,SS
sa3022688,Jared Dickey,OF,0.25,0.6639700087020175,OAK,2025,bat,OF
sa1169620,Marcus Smith,OF,0.25,0.5583699997747316,,2025,bat,OF
sa3017048,Michael Sandle,OF,0.25,0.7324500415241345,,2025,bat,OF
sa3017167,Cameron Cauley,2B/SS,0.25,0.578049960033968,TEX,2025,bat,2B/SS
sa3022159,Jeffrey Wehler,2B/3B,0.25,0.5913499792572111,,2025,bat,2B/3B
sa3020010,Tyler Robertson,OF,0.25,0.5809799492359161,SDP,2025,bat,OF
sa857840,Kyle Holder,SS,0.25,0.5839600453851744,,2025,bat,SS
12294,Cory Spangenberg,2B/3B,0.25,0.6474299995694307,,2025,bat,2B/3B
sa3015718,Samuel Zavala,OF,0.25,0.6873500046436674,CHW,2025,bat,OF
sa3020199,Cade Hunter,C,0.25,0.5167700387071817,CIN,2025,bat,C
11342,Jesús Aguilar,1B,0.23999999463558197,0.8681900456547736,,2025,bat,1B
sa3003959,Cullen Large,3B/OF,0.25,0.7837600183673203,,2025,bat,3B/OF
sa3018950,Alexander Albertus,3B,0.25,0.5597300316905602,CHW,2025,bat,3B
sa3004722,Jacob Pearson,OF,0.25,0.7180000563152134,,2025,bat,OF
sa3019964,David McCabe,3B,0.25,0.8043799958424641,ATL,2025,bat,3B
sa3017016,Jacob Teter,1B,0.25,0.7968600279651582,,2025,bat,1B
22165,Ryan Vilade,OF,4.25,14.551240372285244,TBR,2025,bat,OF
14555,Wyatt Mathisen,1B/3B,0.25,0.7614800482755526,,2025,bat,1B/3B
sa3022565,Mitch Jebb,2B/OF,0.25,0.6115699640940874,PIT,2025,bat,2B/OF
sa3016720,Rayne Doncon,3B/SS,0.25,0.5814599521690978,MIN,2025,bat,3B/SS
sa857823,Preston Palmeiro,1B,0.25,0.723159979726188,,2025,bat,1B
sa3022706,Bo Davidson,OF,0.25,0.5838100049179048,SFG,2025,bat,OF
sa3022424,Peter Burns,C,0.25,0.43542997494805596,LAA,2025,bat,C
sa3015595,Jose Sanabria,2B/3B,0.25,0.5538600016152484,,2025,bat,2B/3B
sa3014949,Paul Witt,3B,0.38999998569488525,1.0704699883237483,,2025,bat,3B
sa3008602,Victor Mesa,OF,0.25,0.7492800092790275,MIA,2025,bat,OF
sa829387,Cristian Santana,3B,0.25,0.7950200207065791,,2025,bat,3B
sa3023666,Patrick Lee,OF,0.25,0.5783499884419142,DET,2025,bat,OF
29830,Jack Winkler,2B,2.3299999237060547,6.345879638567568,HOU,2025,bat,2B
sa3015015,Alex McGarry,1B,0.25,0.814570017158985,,2025,bat,1B
sa3022689,Charlie Szykowny,1B/3B,0.25,0.5768000069772823,SFG,2025,bat,1B/3B
sa3022830,Dylan Jasso,1B/3B,0.25,0.5562200479442252,MIA,2025,bat,1B/3B
14735,Brett Phillips,OF,0.25,0.6707300003618002,,2025,bat,OF
sa3016641,Robert Lopez,C,0.25,0.41475998684763904,,2025,bat,C
sa3020642,Joe Lampe,OF,1.0,3.2107300300151103,CLE,2025,bat,OF
sa3006664,Orlando Martinez,OF,0.949999988079071,3.217060078773647,TEX,2025,bat,OF
sa3017791,Mason Auer,OF,0.5299999713897705,1.635130087379366,TBR,2025,bat,OF
25855,Matt Gorski,1B/OF,0.7599999904632568,2.744509957171976,LAD,2025,bat,1B/OF
sa3016834,Miguel Bleis,OF,0.25,0.6199400053359567,BOS,2025,bat,OF
15082,Adam Engel,OF,0.25,0.6953000348526985,,2025,bat,OF
18721,Guillermo Heredia,OF,0.25,0.7118700217455625,,2025,bat,OF
sa3023111,Jackson Castillo,OF,0.25,0.6850699806353078,NYY,2025,bat,OF
sa3006622,Eduardo Valencia,C/1B,0.25,0.424169978336431,DET,2025,bat,C/1B
sa3017395,Justice Thompson,OF,0.25,0.802490054257214,,2025,bat,OF
sa3010582,McCarthy Tatum,3B,0.25,0.7200800144812093,,2025,bat,3B
16925,Aramis Garcia,C,0.6899999976158142,1.561069958191365,ARI,2025,bat,C
sa3018400,Andy Lugo,3B/OF,0.25,0.6036699987947939,MIN,2025,bat,3B/OF
sa3018387,Dyan Jorge,SS,0.25,0.651640001544729,COL,2025,bat,SS
sa3018557,Jeral Perez,2B/SS,0.25,0.5580199437215922,CHW,2025,bat,2B/SS
19938,Aaron Whitefield,OF,0.25,0.7033099593594669,,2025,bat,OF
sa738930,Taylor Snyder,3B/SS,0.25,0.5954800108214839,,2025,bat,3B/SS
sa3005586,Jommer Hernandez,C,0.25,0.4310899735894053,,2025,bat,C
sa3020280,Cutter Coffey,3B/SS,0.25,0.5583700038841926,TOR,2025,bat,3B/SS
sa3010037,Yordys Valdes,2B/SS,1.100000023841858,2.633670294191688,,2025,bat,2B/SS
sa3023363,Leo De Vries,SS,0.25,0.49285997935803605,OAK,2025,bat,SS
sa3020271,Maxwell Romero Jr.,C,0.25,0.45938005585921926,WSN,2025,bat,C
sa3022539,Ryan Lasko,OF,0.25,0.5120800316217355,OAK,2025,bat,OF
sa3015715,Manuel Pena,2B,0.25,0.6002000484848394,ARI,2025,bat,2B
sa3019935,Collin Price,C/1B,0.25,0.7561100216698832,HOU,2025,bat,C/1B
sa658576,Jameson Fisher,1B/OF,0.25,0.7938499780837447,,2025,bat,1B/OF
15941,Austin Nola,C,0.25999999046325684,0.7576599266845732,,2025,bat,C
sa3014883,Matthew Dyer,OF,0.25,0.7129300584085285,,2025,bat,OF
17642,JT Riddle,SS,0.25,0.6349699616432188,,2025,bat,SS
sa3007295,Luis García,2B/SS,0.25,0.4924799995729699,,2025,bat,2B/SS
sa3016561,Edinson Duran,C/1B,0.25,0.4097899574553593,NYY,2025,bat,C/1B
13012,John Andreoli,OF,0.25,0.7435099892085417,,2025,bat,OF
sa3023056,Jonah Advincula,OF,0.25,0.6620599810499698,CLE,2025,bat,OF
sa3017180,Reed Trimble,OF,0.25,0.6810200222767889,BAL,2025,bat,OF
sa3021175,Andruw Musett,C,0.25,0.44033999878447505,BOS,2025,bat,C
sa3010876,William Lugo,3B/SS,0.25,0.5504099826561286,PIT,2025,bat,3B/SS
sa3020194,Dom Keegan,C,1.0,3.63632018212229,TBR,2025,bat,C
sa3022669,Kiko Romero,1B/3B,0.25,0.5418299736338669,,2025,bat,1B/3B
sa3020204,Ryan Cermak,OF,0.25,0.5226000044960528,TBR,2025,bat,OF
sa3022758,Justin Johnson,2B,0.25,0.5622100106207655,KCR,2025,bat,2B
sa3022808,Tavian Josenberger,2B/OF,0.25,0.6721800381317734,BAL,2025,bat,2B/OF
sa3009551,Ronaldo Flores,C,0.25,0.440540032996796,,2025,bat,C
sa3017169,Benny Montgomery,OF,0.25,1.0061199778225272,COL,2025,bat,OF
25055,Nate Eaton,3B/OF,0.6800000071525574,2.3646602028049526,BOS,2025,bat,3B/OF
sa3015593,Oswaldo Linares,C,0.25,0.3936700208112597,SDP,2025,bat,C
sa3022564,Jack Hurley,OF,0.25,0.6061199960997327,ARI,2025,bat,OF
18497,ByungHo Park,1B/DH,0.25,0.815539950574748,,2025,bat,1B/DH
17719,Steven Duggar,OF,0.25,0.650589953479357,,2025,bat,OF
sa3005549,Nelson Medina,OF,0.25,0.5781199918594211,,2025,bat,OF
sa3005598,Julio Carreras,3B/SS,1.100000023841858,3.4939000144600865,,2025,bat,3B/SS
sa3020221,Bryan Rincon,SS,0.25,0.5230199571000411,PHI,2025,bat,SS
27543,Duke Ellis,OF,0.8600000143051147,2.787479984015226,NYY,2025,bat,OF
12371,Tommy La Stella,2B/3B,0.25,0.8571899754460901,,2025,bat,2B/3B
sa3008771,Cristian Gonzalez,3B/SS,0.25,0.48574002659879634,,2025,bat,3B/SS
sa3022751,Dylan Campbell,OF,0.25,0.6141899931477384,PHI,2025,bat,OF
17216,Monte Harrison,OF,0.25,0.7090999705018475,,2025,bat,OF
sa875884,Delvin Zinn,2B/SS,0.25,0.5590900428825989,,2025,bat,2B/SS
sa3020013,Beau Brewer,2B/3B,0.25,0.5434200266608967,,2025,bat,2B/3B
sa3010888,Chad Bell,1B/3B,0.25,0.8288199777016416,NYY,2025,bat,1B/3B
sa3004727,Tyler Esplin,OF,0.25,0.7706299826037138,,2025,bat,OF
20122,Mark Contreras,OF,0.6600000262260437,2.053290044236928,,2025,bat,OF
sa3008839,Dionmy Salon,C,0.25,0.4232100032037124,,2025,bat,C
16542,Shed Long Jr.,2B/OF,0.25,0.7508699869271367,,2025,bat,2B/OF
16098,Taylor Gushue,C/1B,0.25,0.7604900224832817,,2025,bat,C/1B
sa3022600,Jake Gelof,3B,0.25,0.5867899828823282,LAD,2025,bat,3B
sa3022684,Ty Hanchey,C,0.25,0.41721994595136497,SFG,2025,bat,C
sa3022896,John Peck,3B/SS,0.25,0.487260008463636,DET,2025,bat,3B/SS
sa3008250,Charles Mack,C/3B,0.25,0.4304699708009138,,2025,bat,C/3B
sa3018480,Axiel Plaz,C/1B,0.25,0.4762999865808523,PIT,2025,bat,C/1B
sa3008807,Elio Prado,OF,0.25,0.5945800088811666,,2025,bat,OF
sa3016722,Carlos Jorge,2B/OF,0.25,0.6464600458042696,CIN,2025,bat,2B/OF
sa3022441,Alberto Rios,C/OF,0.25,0.41756005855277173,LAA,2025,bat,C/OF
sa3011260,Kervin Pichardo,3B/SS,1.399999976158142,4.189800346270203,WSN,2025,bat,3B/SS
sa3016861,Zach Zubia,1B,0.25,0.7942500127479434,,2025,bat,1B
19250,Trent Giambrone,2B,0.25,0.619480004021898,,2025,bat,2B
sa3019943,Ryan Leitch,C,0.25,0.43922996509354556,,2025,bat,C
sa3022444,Mac McCroskey,2B/SS,0.25,0.5463700191350651,LAA,2025,bat,2B/SS
sa3018497,Enmanuel Tejeda,2B/3B,0.25,0.5341299874475225,NYY,2025,bat,2B/3B
sa3015700,Jesus Galiz,C,0.25,0.43947001300984984,LAD,2025,bat,C
sa3017375,Hector Nieves,2B/SS,0.25,0.5604200552916154,,2025,bat,2B/SS
sa3007640,Nicholas Northcut,1B/3B,0.75,2.179010102711618,,2025,bat,1B/3B
13663,Jack López,2B,2.950000047683716,7.750490597262979,,2025,bat,2B
sa3019998,Jose Izarra,2B/SS,0.25,0.5735000089276581,LAD,2025,bat,2B/SS
sa3005750,Herard Gonzalez,2B,0.25,0.5479500088840723,,2025,bat,2B
sa3018634,Daniel Pena,C/1B,0.25,0.40589995749760416,MIN,2025,bat,C/1B
sa3002635,Geraldi Diaz,C,0.25,0.41506996029056603,,2025,bat,C
sa3018641,Erick Torres,OF,0.25,0.5596299715572969,KCR,2025,bat,OF
sa3008805,Bryan Gonzalez,1B/OF,0.25,0.7297699390212073,,2025,bat,1B/OF
sa3015727,Hendry Mendez,OF,0.25,0.7128500008024273,MIN,2025,bat,OF
sa3016717,Luis Suisbel,1B/3B,0.25,0.4844200147897936,SEA,2025,bat,1B/3B
sa3007326,Gionti Turner,2B/OF,0.25,0.5551399701973423,,2025,bat,2B/OF
sa918278,Brady Whalen,1B,0.25,0.769670009217225,,2025,bat,1B
12225,Scott Schebler,OF,0.25,0.7060099903028457,,2025,bat,OF
sa3011559,Jake Snider,OF,0.25,0.6539599514333532,TEX,2025,bat,OF
sa3011737,Jordan Brewer,1B/OF,0.25,0.7654399997321889,,2025,bat,1B/OF
sa3017732,Nicolas Deschamps,C,0.25,0.3849499868229031,TOR,2025,bat,C
sa3018504,Diomedes Hernandez,C,0.25,0.39002994443289923,NYY,2025,bat,C
sa3022894,Walker Jenkins,OF,0.25,0.8098099739989265,MIN,2025,bat,OF
sa3005373,Braxton Martinez,1B/3B,0.25,0.7675199958262965,,2025,bat,1B/3B
sa3010889,Hudson Head,OF,0.25,0.5999500413890927,,2025,bat,OF
sa3017053,Ruben Ibarra,1B,0.25,0.8463299452327192,CIN,2025,bat,1B
sa596287,Wilson Garcia,1B,0.25,0.8854200481437148,,2025,bat,1B
12775,Brad Miller,SS,0.25,0.8488099934533238,,2025,bat,SS
sa3016922,Mike Antico,OF,1.940000057220459,6.724560306966304,STL,2025,bat,OF
16593,Kevin Padlo,1B/3B,0.2800000011920929,0.8498600134393198,,2025,bat,1B/3B
sa3016819,Max Ferguson,2B/OF,0.25,0.698549950728193,BOS,2025,bat,2B/OF
sa3023651,Kyle Hess,OF,0.25,0.5623999714618548,MIN,2025,bat,OF
sa3015314,Juan Montero,C,0.25,0.42918001001235084,BOS,2025,bat,C
sa3022533,Landon Wallace,OF,0.25,0.6876200056169182,,2025,bat,OF
sa3007010,Josh Stowers,OF,0.25,0.7026500463252886,,2025,bat,OF
14196,Andrew Velazquez,SS,1.100000023841858,2.9169002261478454,TEX,2025,bat,SS
28816,Denzer Guzman,SS,1.2000000476837158,2.99161987863481,LAA,2025,bat,SS
sa3005774,Rolando Espinosa,OF,0.25,0.7152100312523543,,2025,bat,OF
sa3011578,Wuilfredo Antunez,OF,0.25,0.6689099578186868,CLE,2025,bat,OF
sa3020345,Devin Ortiz,3B,0.25,0.518240045150742,CHC,2025,bat,3B
sa3018424,Johanfran Garcia,C,0.25,0.4400799611816182,BOS,2025,bat,C
sa3020281,Emaarion Boyd,OF,0.25,0.5819100198335944,MIA,2025,bat,OF
sa3022701,Quinn McDaniel,2B,0.25,0.5453999683260918,SFG,2025,bat,2B
sa3018520,Victor Rodrigues,C,0.25,0.4260800293763168,LAD,2025,bat,C
sa3006869,Devin Mann,2B/3B,0.5,1.717460046941414,SFG,2025,bat,2B/3B
sa3017622,Justin Farmer,OF,0.25,0.6831300023011863,,2025,bat,OF
sa3015599,Carlos Jimenez,OF,0.25,0.46916995206847784,SEA,2025,bat,OF
sa3004031,Alex Destino,OF,0.25,0.7579799879109487,,2025,bat,OF
19872,Greg Deichmann,OF,0.25,0.7555699507240206,,2025,bat,OF
sa3020191,Gavin Logan,C,0.25,0.42991001335903994,ARI,2025,bat,C
sa3020099,Peyton Williams,1B,0.25,0.7417699302895924,TOR,2025,bat,1B
sa3010704,Sammy Siani,OF,1.0399999618530273,3.618499988690019,SEA,2025,bat,OF
sa3007826,Nick Meyer,C,0.25,0.7410799696110187,,2025,bat,C
sa3017396,Jose Torres,SS,0.25,0.7102999999653546,COL,2025,bat,SS
sa3011446,Jamari Baylor,2B,0.25,0.5399300426477566,,2025,bat,2B
sa3005730,Yeison Santana,2B/SS,0.25,0.5374999945284797,,2025,bat,2B/SS
sa3015187,Junior Tilien,2B/SS,0.25,0.5298700428567825,DET,2025,bat,2B/SS
16221,Bradley Zimmer,OF,0.25,0.6457100007450207,,2025,bat,OF
sa3021208,Eduardo Quintero,OF,0.25,0.5545100204879418,LAD,2025,bat,OF
sa3003331,Ghordy Santos,2B/SS,0.25,0.5556599854724482,,2025,bat,2B/SS
sa3019946,Adam Retzbach,C/1B,0.25,0.36707993608433753,BAL,2025,bat,C/1B
sa3018565,Echedry Vargas,SS,0.25,0.5965000363066791,MIA,2025,bat,SS
sa3023426,Nelly Taylor,OF,0.25,0.5716599748469889,BOS,2025,bat,OF
sa3022534,Mark Coley II,OF,0.25,0.5801699866540729,MIA,2025,bat,OF
sa3023377,Noah Myers,OF,0.25,0.6146199412527495,TBR,2025,bat,OF
sa3018123,Dylan Neuse,OF,0.25,0.5375100365374237,,2025,bat,OF
sa3021253,Adriander Mejía,C/1B,0.25,0.35733001523185515,BAL,2025,bat,C/1B
sa829837,Scott Manea,C,0.25,0.7313699899706988,,2025,bat,C
sa823925,Michael De León,SS,0.25,0.7547399925533681,,2025,bat,SS
sa3002634,Wilmer Perez,C,0.25,0.4055899614933878,,2025,bat,C
sa3004968,Tristen Lutz,OF,0.25,0.8193699998082592,,2025,bat,OF
sa3015565,Brenny Escanio,2B/SS,0.25,0.43669003676623097,,2025,bat,2B/SS
sa3005507,Gilberto Jimenez,OF,0.25,0.5555700195021928,,2025,bat,OF
sa3020950,Archer Brookman,C,0.25,0.37470000174362206,ATL,2025,bat,C
sa3019902,Bubba Alleyne,OF,0.25,0.700259979418479,,2025,bat,OF
sa3020126,Ryan Clifford,1B/OF,1.2599999904632568,4.496130355540663,NYM,2025,bat,1B/OF
sa3015106,Joe Suozzi,1B/OF,0.25999999046325684,0.7765300017781555,,2025,bat,1B/OF
sa3008808,Noelberth Romero,2B/3B,0.30000001192092896,0.6767400395125149,,2025,bat,2B/3B
sa3022531,Colby Halter,2B,0.25,0.4792500243987887,OAK,2025,bat,2B
sa3015601,Axel Sanchez,SS,0.25,0.39526002635248003,SEA,2025,bat,SS
sa3002852,Alexander Campos,2B/3B/SS,0.25,0.5251800479833036,,2025,bat,2B/3B/SS
sa3016136,Carlos Amaya,C,0.25,0.40226998587604607,,2025,bat,C
sa3015863,Kenny Castillo,C,0.25,0.427100007329136,ARI,2025,bat,C
22261,Bubba Thompson,OF,1.350000023841858,4.39761995896697,,2025,bat,OF
sa3020139,Carter Howell,OF,3.0199999809265137,10.240750417858363,,2025,bat,OF
sa3020190,Brock Jones,OF,0.25,0.6404499722528271,TBR,2025,bat,OF
sa3009539,Yohendrick Pinango,OF,1.0800000429153442,3.5304798950441176,TOR,2025,bat,OF
sa829082,Nick Tanielu,3B,0.25,0.7545699382200838,,2025,bat,3B
sa3006711,Gage Canning,OF,0.25,0.6796600364614277,,2025,bat,OF
sa3007827,Malcom Quintero,C,0.25,0.39575998398941004,,2025,bat,C
sa3016952,Channy Ortiz,2B/OF,0.25,0.46173000577837225,,2025,bat,2B/OF
sa3019837,Michael Curialle,3B,0.25,0.5311799656366929,,2025,bat,3B
sa3018576,Enderson Delgado,C,0.25,0.3730300146155059,DET,2025,bat,C
sa3008904,Victor Duarte,C,0.25,0.37815005653537803,SDP,2025,bat,C
sa1159681,Colin Simpson,1B/OF,0.25,0.8178199741756541,,2025,bat,1B/OF
sa3022825,Carson Roccaforte,OF,0.25,0.5532299904152751,KCR,2025,bat,OF
sa1169878,Brandon Parker,OF,0.25,0.6790100430138409,,2025,bat,OF
sa3022561,Tommy Troy,2B/SS,0.25,0.5621700250310823,ARI,2025,bat,2B/SS
sa3016923,Luis Caicuto,C,0.25,0.4185799800325184,PHI,2025,bat,C
sa3019972,Clark Elliott,OF,0.25,0.5973299976671115,OAK,2025,bat,OF
sa3022611,Aidan Smith,OF,0.25,0.6160500083817169,TBR,2025,bat,OF
sa3005928,Richard Paz,C,0.25,0.38839997311588376,,2025,bat,C
sa3020759,Tyresse Turner,2B/3B,0.25,0.5010199625976383,CLE,2025,bat,2B/3B
sa3005519,Joshwan Wright,2B/3B,0.25,0.5262200033059342,,2025,bat,2B/3B
sa872817,Yorman Rodriguez,C/1B,0.25,0.8049499655375256,,2025,bat,C/1B
sa3009763,Sergio Tapia,C,0.25,0.37845005837734785,DET,2025,bat,C
sa3003423,Julio Meza,C,0.25,0.40265996581874786,,2025,bat,C
sa3018638,Jesus Lopez,C,0.25,0.3652599463355727,TEX,2025,bat,C
sa3025154,JJ Wetherholt,SS,0.25,0.4571899896021932,STL,2025,bat,SS
sa3023055,Tommy Hawke,OF,0.25,0.4985699985641986,CLE,2025,bat,OF
sa3005925,Dereck Salom,3B/SS,0.25,0.45475995567394406,OAK,2025,bat,3B/SS
sa3022892,Arjun Nimmala,SS,0.25,0.45686997736338514,TOR,2025,bat,SS
sa3020413,Matt Coutney,1B,0.25,0.7380599896656349,LAA,2025,bat,1B
sa3014683,Roberto Campos,OF,0.25,0.6487099995370954,DET,2025,bat,OF
sa3008110,Osiris Johnson,OF,0.25,0.5409500332549214,,2025,bat,OF
sa3022502,Eddie Park,OF,0.25,0.6280299761099741,CHW,2025,bat,OF
sa3011810,Angel Galarraga,C,0.25,0.3872300086542963,,2025,bat,C
sa3019674,Roderick Arias,SS,0.25,0.4406700280029326,NYY,2025,bat,SS
sa3005080,Luis Santos,2B/SS,0.25,0.4943400368560105,,2025,bat,2B/SS
sa3019900,E.J. Exposito,2B/SS,0.25,0.5572300311410799,ATL,2025,bat,2B/SS
27459,Yoshi Tsutsugo,1B/DH/OF,0.25,0.7516399996355175,,2025,bat,1B/DH/OF
sa3022592,Trevor Werner,3B,0.25,0.5483800130197778,KCR,2025,bat,3B
sa917065,Cristopher Navarro,3B/SS,0.25,0.5201499769231305,,2025,bat,3B/SS
sa3017373,Kyler Castillo,OF,0.25,0.6452200387604533,,2025,bat,OF
sa1169950,Aaron Shackelford,1B/2B,0.25,0.7536399873904884,,2025,bat,1B/2B
sa735825,David Rodríguez,C,0.25,0.8067300100112332,,2025,bat,C
sa3022685,Nick Goodwin,2B/3B/SS,0.25,0.4369300000136717,TOR,2025,bat,2B/3B/SS
sa3004780,Shane Matheny,3B,0.25,0.7276400132570415,,2025,bat,3B
sa3015744,Angel Tejada,2B,0.25,0.5142499816603957,,2025,bat,2B
sa3023424,Julian Brock,C,0.25,0.3659599422710016,TEX,2025,bat,C
sa3014707,Aeverson Arteaga,SS,0.30000001192092896,0.6931899309158325,SFG,2025,bat,SS
sa3007307,Brian Rey,2B/OF,0.25,0.7979800038971007,,2025,bat,2B/OF
sa3016828,Colton Bender,C,0.25,0.3762700425926595,,2025,bat,C
sa3018508,Jansel Luis,2B/SS,0.25,0.5580200124531984,ARI,2025,bat,2B/SS
sa3004060,Marcus Chiu,1B,0.25,0.7496399614959954,,2025,bat,1B
sa3014715,Estiven Machado,2B/SS,0.25,0.44513003765605386,,2025,bat,2B/SS
sa3016854,Tanner Allen,OF,0.38999998569488525,1.164759999560192,,2025,bat,OF
sa3005775,Viandel Pena,2B,0.25,0.5267899964703247,WSN,2025,bat,2B
12984,Jackie Bradley Jr.,OF,0.25,0.6333400633651763,,2025,bat,OF
sa3018212,Kyle Hayes,C,0.25,0.38805001955479385,KCR,2025,bat,C
sa3022928,Weston Eberly,C,0.25,0.36906003541080284,,2025,bat,C
sa3016173,Ahbram Liendo,2B/3B,0.25,0.5386900074779987,BOS,2025,bat,2B/3B
sa3020417,Brooks Brannon,C/1B,0.25,0.41858000536449247,BOS,2025,bat,C/1B
sa3016639,Albertson Asigen,OF,0.25,0.5049599496764131,,2025,bat,OF
sa3025086,Justin Riemer,2B,0.25,0.5258200624259189,OAK,2025,bat,2B
sa3017343,Jared Carr,OF,0.25,0.5162199864629655,,2025,bat,OF
sa3022890,Adrian Santana,SS,0.25,0.40357999694533636,TBR,2025,bat,SS
sa3023362,Jonny Farmelo,OF,0.25,0.4465100286644883,SEA,2025,bat,OF
sa3020189,Devonte Brown,OF,0.7300000190734863,2.287419779691845,,2025,bat,OF
sa3005181,D.J. Stewart,1B/3B,0.25,0.5715700032655149,PHI,2025,bat,1B/3B
sa1159899,Quincy McAfee,2B/OF,0.4300000071525574,1.403070109291002,,2025,bat,2B/OF
sa3015137,Yoelqui Céspedes,OF,0.25,0.7927800104022026,CHW,2025,bat,OF
sa3022618,Arturo Disla,1B,0.25,0.7156799673452041,TEX,2025,bat,1B
sa3022556,Tony Bullard,3B,0.25,0.5498399487696587,MIA,2025,bat,3B
sa1170516,Alex Isola,C/1B,0.8999999761581421,2.9820700325071807,,2025,bat,C/1B
sa3018433,Leandro Arias,SS,0.25,0.48192999020684507,BAL,2025,bat,SS
sa872729,Dariel Gomez,1B,0.25,0.7232000160962342,,2025,bat,1B
sa3018525,Juan Baez,3B,0.25,0.525669944146648,MIL,2025,bat,3B
13367,Stephen Piscotty,OF,0.25,0.7340200458653271,,2025,bat,OF
sa3006187,Jose Acosta,2B,0.25,0.5312200314598157,,2025,bat,2B
sa3023374,Colby Shade,OF,0.25,0.5551499884342774,MIA,2025,bat,OF
sa3022660,Kendall George,OF,0.25,0.521640001842752,LAD,2025,bat,OF
sa3022608,Keaton Anthony,1B,0.25,0.7594600235810502,PHI,2025,bat,1B
10542,Derek Dietrich,2B/OF,0.25,0.8099000115413217,,2025,bat,2B/OF
18587,Brendon Davis,3B/OF,1.9600000381469727,6.901790434867143,,2025,bat,3B/OF
sa3020085,Dylan Rock,OF,0.25,0.6514200059929861,,2025,bat,OF
sa3003379,Josue Huma,2B/SS,0.25,0.5138699611648916,,2025,bat,2B/SS
sa3007503,Nick Dalesandro,C/OF,0.25,0.6449900017119942,,2025,bat,C/OF
sa3017152,Donta' Williams,OF,0.3700000047683716,1.0848799334373325,,2025,bat,OF
sa3025254,Walker Janek,C,0.25,0.3640299795661121,HOU,2025,bat,C
sa3022702,Pascanel Ferreras,2B/3B/SS,1.0800000429153442,2.8696600783616306,HOU,2025,bat,2B/3B/SS
sa3020351,Matt Suggs,C,0.25,0.4009100045310333,WSN,2025,bat,C
sa3007333,Nate Soria,C,0.25,0.322049991460517,TBR,2025,bat,C
sa3005712,Dalvy Rosario,OF,0.30000001192092896,0.7311500284820793,,2025,bat,OF
sa3017174,Garrett Spain,OF,1.0,2.8488900743424894,MIN,2025,bat,OF
sa3020676,Druw Jones,OF,0.25,0.5291499665472655,ARI,2025,bat,OF
sa3004885,Mason Martin,1B,0.25,0.8145700517809017,,2025,bat,1B
sa3014717,Sammy Infante,2B/3B,0.25,0.5162900153314695,,2025,bat,2B/3B
sa3022613,Brandon Winokur,SS/OF,0.25,0.45220000033732494,MIN,2025,bat,SS/OF
sa3009534,Rafael Morel,OF,0.25,0.5135800456162543,,2025,bat,OF
sa3022497,Jordan Thompson,2B/SS,0.25,0.534880029351916,LAD,2025,bat,2B/SS
sa3015292,Jose Devers,SS,0.25,0.48616002612980086,CLE,2025,bat,SS
sa3019839,Brody Moore,2B/SS,0.25,0.5040399787481873,STL,2025,bat,2B/SS
sa1170451,Bryce Ball,1B,0.25,0.7159499784931541,,2025,bat,1B
sa3008249,Korey Holland,OF,0.25,0.7966000232845543,,2025,bat,OF
sa3022540,Cole Conn,C,0.25,0.3076800268143415,,2025,bat,C
sa1170052,Tanner Murphy,OF,0.25,0.6539099795510991,,2025,bat,OF
25111,David Hensley,DH/OF,3.259999990463257,10.928450367227198,,2025,bat,DH/OF
sa3022671,Braylen Wimmer,3B/SS,0.25,0.6684900443069636,COL,2025,bat,3B/SS
sa3017017,Jack Rogers,1B/OF,0.25,0.725549941486679,WSN,2025,bat,1B/OF
sa3015864,Adrian De Leon,C,0.25,0.38577000350924207,ARI,2025,bat,C
sa3021070,Starlyn Caba,SS,0.25,0.4600400029681623,MIA,2025,bat,SS
sa3018244,Christian Sepulveda,1B/3B,0.25,0.5230500080157071,,2025,bat,1B/3B
sa3023987,Rainiel Rodriguez,C,0.25,0.3894399885786697,STL,2025,bat,C
sa3015566,Miguel Briceno,2B/3B,0.25,0.49769002383109184,MIN,2025,bat,2B/3B
sa3008740,Cesar Berbesi,2B/SS,0.25,0.42595999564509834,,2025,bat,2B/SS
sa3007068,Keegan Fish,C,0.25,0.3707899901783093,,2025,bat,C
sa3008029,Kyle Datres,1B/3B,0.38999998569488525,1.2179400078952314,,2025,bat,1B/3B
sa3017477,Anthony Quirion,C,0.25,0.3700299850199371,,2025,bat,C
sa3017214,Rowdey Jordan,2B/OF,0.9700000286102295,2.570289756916463,,2025,bat,2B/OF
sa3014934,Kale Emshoff,C/1B,0.25,0.7329699620604513,,2025,bat,C/1B
sa3011628,Tyler Reichenborn,OF,0.25,0.6380299850134179,,2025,bat,OF
4418,Jed Lowrie,2B/SS,0.25,0.8015500064007937,,2025,bat,2B/SS
16448,Jacob Nottingham,C,0.25,0.7219100286718457,SEA,2025,bat,C
sa3019662,Oliver Carrillo,1B/OF,0.25,0.6237300168490036,,2025,bat,1B/OF
sa3010026,Nerwilian Cedeño,2B,0.25,0.493979988596402,,2025,bat,2B
sa3008890,Marcos Cabrera,3B,0.25,0.5197700657416133,,2025,bat,3B
sa3015580,Carlos Franco,C,0.25,0.31182002362329503,OAK,2025,bat,C
11155,Elliot Soto,2B/SS,0.25,0.5518600351177155,,2025,bat,2B/SS
16271,Alex Blandino,2B/3B,0.25,0.6708800189429893,,2025,bat,2B/3B
sa3022674,Elijah Nunez,OF,0.25,0.5135200296994298,WSN,2025,bat,OF
sa1115752,Seth Gray,3B,0.25,0.7161500384565442,,2025,bat,3B
sa3017770,Gavin Conticello,3B/OF,0.25,0.6717499741818755,ARI,2025,bat,3B/OF
sa3008469,Juan Mora,2B/3B,0.25,0.5081299971323459,,2025,bat,2B/3B
sa3019891,Kevin Kilpatrick Jr.,OF,0.30000001192092896,0.6936399762984364,ATL,2025,bat,OF
sa3008938,Omar De Los Santos,OF,0.25,0.5214999666204675,,2025,bat,OF
sa3016955,Tyler Hardman,1B/3B,0.25,0.7078400316182524,NYY,2025,bat,1B/3B
sa3014540,Ed Howard,2B/SS,0.25,0.5006500254385172,CHC,2025,bat,2B/SS
sa3022812,Kehden Hettiger,C/1B,0.25,0.38279994392069056,PHI,2025,bat,C/1B
sa3011329,Jeremy De La Rosa,OF,0.30000001192092896,0.8895400679204614,,2025,bat,OF
sa3010708,Sal Gozzo,2B/SS,0.25,0.4962700489908456,,2025,bat,2B/SS
sa3009330,Frank Rodriguez,C,0.25,0.38301004163222374,LAD,2025,bat,C
sa3019840,R.J. Yeager,1B,1.2799999713897705,4.657240090798586,,2025,bat,1B
sa3004263,Abrahan Gutierrez,C,0.25,0.8010000169510022,NYY,2025,bat,C
12092,Niko Goodrum,2B/SS,1.850000023841858,6.352200102061033,,2025,bat,2B/SS
sa3017903,Dillon Tatum,C,0.25,0.3563800565199926,,2025,bat,C
sa3022759,Ryan Galanie,1B,0.25,0.6968499782960862,CHW,2025,bat,1B
sa3015785,Manuel Mejias,C,0.25,0.31999002471566196,,2025,bat,C
sa3004285,Dylan Rosa,OF,0.25,0.6519599843537434,,2025,bat,OF
sa3004942,Francisco Hernandez,2B/3B,0.25,0.49731000547762944,,2025,bat,2B/3B
sa3022443,Graysen Tarlow,C,0.25,0.42331000119447704,STL,2025,bat,C
sa3014882,Sahid Valenzuela,2B,0.38999998569488525,0.831120082968846,,2025,bat,2B
sa3016094,Lizandro Rodriguez,2B,0.25,0.50704994329717,,2025,bat,2B
sa3016969,Izaac Pacheco,3B,0.25,0.48837999040260904,DET,2025,bat,3B
sa3023544,Matthew Clayton,C,0.25,0.3598900170298293,,2025,bat,C
sa3011629,Jadiel Sanchez,OF,0.25,0.6380600076634436,,2025,bat,OF
sa3015697,Cristian Santana,3B/SS,0.25,0.4627400089753791,DET,2025,bat,3B/SS
sa3015535,Esteban González,OF,0.25,0.6149099795613437,CLE,2025,bat,OF
sa3017988,Anthony Scull,OF,0.25,0.4918999662622809,LAA,2025,bat,OF
sa3006727,Chris Bec,C,0.25,0.6921300269430503,,2025,bat,C
1744,Miguel Cabrera,1B/3B,0.25,0.8046499411575495,,2025,bat,1B/3B
sa3014507,David Calabrese,OF,0.6100000143051147,1.8880699430126693,LAA,2025,bat,OF
sa3014502,Werner Blakely,3B/OF,0.25,0.4808200158644467,,2025,bat,3B/OF
sa3008751,Eduardo Garcia,SS,0.25,0.45007005282677703,MIL,2025,bat,SS
sa3022755,Caden Connor,1B/OF,0.25,0.680089970026165,CHW,2025,bat,1B/OF
sa3009817,Jose Colmenares,C,0.25,0.36560005538631224,,2025,bat,C
sa3015526,Johnny Ascanio,2B,0.25,0.5542600351502187,CIN,2025,bat,2B
sa3025251,Dylan Dreiling,OF,0.25,0.5965599896153434,TEX,2025,bat,OF
sa3003360,Jorge Caballero,OF,0.25,0.6092300344957039,,2025,bat,OF
sa3007977,Miguel Pabon,C,0.25,0.34410002221120517,,2025,bat,C
sa3022483,Caleb Pendleton,C,0.25,0.35835999418050046,LAA,2025,bat,C
sa3007057,Jayce Easley,2B/OF,0.25,0.46999998453538855,,2025,bat,2B/OF
sa3019919,Cade Fergus,OF,0.30000001192092896,0.8850300779100506,PHI,2025,bat,OF
sa3019526,Won-Bin Cho,OF,0.25,0.4839999998686834,STL,2025,bat,OF
sa3019866,Sonny DiChiara,1B,0.25,0.6968499780516139,,2025,bat,1B
sa3019901,Jack Alexander,C,0.25,0.35549998586066056,,2025,bat,C
sa3008953,Rubel Cespedes,1B/3B,0.25,0.6999700031941756,LAA,2025,bat,1B/3B
sa3015857,Andy Perez,SS,0.25,0.6533299654256552,COL,2025,bat,SS
sa3009310,Jose Caguana,C/1B,0.25,0.2766799537348561,,2025,bat,C/1B
sa3022682,Drew Cavanaugh,C,0.25,0.34174997999798506,SFG,2025,bat,C
sa3017160,Nic Kent,2B/SS,0.7200000286102295,2.3110498266294597,COL,2025,bat,2B/SS
sa3018556,Alfredo Velásquez,2B/3B/SS,0.25,0.39496996691450476,BAL,2025,bat,2B/3B/SS
sa3004932,Lamar Sparks,OF,0.75,2.417970249056816,,2025,bat,OF
sa3016143,Daniel Vazquez,SS,0.25,0.4238900219323113,KCR,2025,bat,SS
sa3015798,Leo Balcazar,SS,0.25,0.563079963531345,CIN,2025,bat,SS
sa3018977,Alejandro Nunez,2B/SS,0.25,0.46133997461292886,HOU,2025,bat,2B/SS
sa3003430,Juan Carlos Negret,OF,0.25,0.652009978890419,,2025,bat,OF
sa3022557,Bryce Arnold,2B/OF,0.25,0.4634700087714009,,2025,bat,2B/OF
sa3009872,Quin Cotton,OF,0.25,0.6383699905825777,,2025,bat,OF
sa3011256,Drew Mendoza,1B,0.25,0.7092400197638198,,2025,bat,1B
sa3005603,Alberto Rodriguez,OF,1.0,3.2871502417139706,KCR,2025,bat,OF
sa739597,Wendell Rijo,2B,0.25,0.8024100351845844,,2025,bat,2B
sa3023425,Christian Knapczyk,2B,0.25,0.44130994693841774,CLE,2025,bat,2B
sa3022436,Caleb Ketchup,2B/OF,0.25,0.48623001666273913,LAA,2025,bat,2B/OF
sa3003267,Esney Chacon,OF,0.25,0.4894800375215708,,2025,bat,OF
sa3017158,Cody Morissette,2B,0.5099999904632568,1.3672301043756303,MIA,2025,bat,2B
sa3021083,Yophery Rodriguez,OF,0.25,0.49469000487588344,BOS,2025,bat,OF
sa3020121,Tres Gonzalez,OF,0.9900000095367432,3.313349907845259,PIT,2025,bat,OF
5222,Justin Upton,OF,0.25,0.7838200279977171,,2025,bat,OF
sa3020536,D'Andre Smith,2B/OF,0.25,0.4739199750358239,NYM,2025,bat,2B/OF
sa3009297,Freddy Guilamo,C,0.25,0.35980996673461046,,2025,bat,C
sa3020714,Brett Squires,1B,0.25,0.7087099393364041,KCR,2025,bat,1B
sa3010154,Darryl Collins,OF,0.25,0.6051200244575738,,2025,bat,OF
sa3022495,Drew Compton,1B,0.25,0.7012799860327503,ATL,2025,bat,1B
sa3002711,Nicolas Torres,2B,0.25,0.47835003877989946,,2025,bat,2B
sa3015818,Anderdson Rojas,OF,0.25,0.5132400031201539,ARI,2025,bat,OF
sa3005716,Ynmanol Mariñez,3B/SS,0.25,0.4794500123243778,,2025,bat,3B/SS
sa3025384,Rodney Green Jr.,OF,0.25,0.4403300132486037,OAK,2025,bat,OF
31583,Zach Cole,OF,0.28999999165534973,0.944560027355328,HOU,2025,bat,OF
sa3015057,Jacob Wetzel,OF,0.25,0.5944800246041267,TOR,2025,bat,OF
sa3018598,Sandro Gaston,C/1B,0.25,0.35038999277167016,,2025,bat,C/1B
sa3022485,Jay Beshears,3B/SS,0.25,0.5026099682669155,MIA,2025,bat,3B/SS
sa3017166,Juan Gonzalez,C,0.25,0.31615001088939604,CHW,2025,bat,C
sa3022827,Devin Saltiban,2B/OF,0.25,0.5236499384162014,PHI,2025,bat,2B/OF
sa3017628,Lonnie White Jr.,OF,0.25,0.5277600534493104,PIT,2025,bat,OF
sa3008826,Luis Pineda,C,0.25,0.3308100202470086,CHW,2025,bat,C
sa3015170,Junior Franco,OF,0.25,0.646740009333007,ARI,2025,bat,OF
sa3010906,Aaron Antonini,C,0.25,0.7516799908364192,DET,2025,bat,C
sa3015710,Manuel Beltre,SS,0.25,0.4479899785248563,TOR,2025,bat,SS
sa3015747,Anderson De Los Santos,3B,0.25,0.4494300254620611,BAL,2025,bat,3B
sa3015534,Maick Collado,1B/3B,0.25,0.6405099829426035,CLE,2025,bat,1B/3B
sa3017282,Vaun Brown,OF,0.38999998569488525,1.1399099760688842,,2025,bat,OF
sa3018564,Narciso Polanco,2B/3B,0.25,0.4179000084521248,TBR,2025,bat,2B/3B
sa3016145,Enderso Lira,C,0.25,0.35869004118721926,,2025,bat,C
sa3005602,Danny Bautista Jr.,1B/OF,0.25,0.6223500363063068,OAK,2025,bat,1B/OF
sa3023270,Cole Urman,C/1B,0.25,0.3028700320166536,,2025,bat,C/1B
sa3018397,Keiner Delgado,2B/SS,0.25,0.5092699946602807,PIT,2025,bat,2B/SS
sa3022542,Nick Schwartz,C,0.25,0.27759998578112566,OAK,2025,bat,C
sa3005727,Luis Rodriguez,C/1B,0.25,0.3405199637869372,,2025,bat,C/1B
sa969045,Kevin Maitan,3B,0.25,0.6783699990250169,,2025,bat,3B
sa3018393,Rosman Verdugo,2B/3B/SS,0.25,0.45529005962889635,SDP,2025,bat,2B/3B/SS
sa3017288,Jared Dupere,OF,0.25,0.49271997348405416,,2025,bat,OF
sa3018526,Edwin Amparo,2B/SS,0.25,0.440160004806239,BAL,2025,bat,2B/SS
5497,Marwin Gonzalez,SS,0.25,0.6764399474253877,,2025,bat,SS
sa3022612,Sammy Stafura,SS,0.25,0.47393999488558614,PIT,2025,bat,SS
16375,Óscar Mercado,OF,0.6499999761581421,2.2282698078081014,ARI,2025,bat,OF
sa3020122,Thomas Gavello,2B/3B,0.25,0.46201996200252327,SFG,2025,bat,2B/3B
sa3019907,Taylor Young,2B/3B,3.880000114440918,11.223079494386912,LAD,2025,bat,2B/3B
sa3015524,Lyonell James,1B/3B,0.25,0.47278998449910425,,2025,bat,1B/3B
sa917309,Brandon Leyton,2B/SS,0.25,0.5579700564267112,CIN,2025,bat,2B/SS
sa3009275,Eduardo Lopez,OF,0.25,0.6372199881821871,,2025,bat,OF
sa3022695,Jared Wegner,OF,0.6700000166893005,2.030159871000796,,2025,bat,OF
sa3008590,Nick Decker,OF,0.25,0.6145200223196295,,2025,bat,OF
sa3014817,Justin Lavey,2B,0.25,0.47289001150056714,,2025,bat,2B
20493,Seth Beer,DH,0.4399999976158142,1.5336801051162183,,2025,bat,DH
sa3008297,Jaylen Palmer,3B/OF,0.28999999165534973,0.7887300917180255,CHC,2025,bat,3B/OF
sa3022589,Jared Thomas,C,0.25,0.36153999369125805,,2025,bat,C
sa3020276,Murphy Stehly,3B,0.25,0.48963996930979187,WSN,2025,bat,3B
sa3004978,Robbie Glendinning,1B/3B/SS,0.25,0.7352599340723828,,2025,bat,1B/3B/SS
sa3018632,Marco Vargas,2B/SS,0.25,0.43497000376228234,NYM,2025,bat,2B/SS
sa915654,Donovan Casey,OF,0.25,0.6296100541017948,,2025,bat,OF
sa914242,Omar Estévez,2B/SS,0.25,0.7385999897727741,,2025,bat,2B/SS
sa3008824,Aiverson Rodriguez,2B/3B/SS,0.25,0.4648099970770999,,2025,bat,2B/3B/SS
sa3022511,Sam Mongelli,2B,0.25,0.481889980030246,LAD,2025,bat,2B
sa3018420,Jose De Jesus,OF,0.25,0.44094004053622476,,2025,bat,OF
sa3016120,Jean Arnaez,1B/2B,0.25,0.46702997572720034,,2025,bat,1B/2B
sa828381,Dennis Ortega,C,0.25,0.6740100063150749,,2025,bat,C
sa3005617,Darlin Moquete,OF,0.25,0.6172699944116176,,2025,bat,OF
sa3022435,Zach Levenson,OF,0.25,0.6043800299754365,STL,2025,bat,OF
sa3018388,Daniel Guilarte,2B/SS,0.25,0.40066998980473717,MIL,2025,bat,2B/SS
sa3022440,Trey Paige,1B/3B,0.25,0.456530008977279,STL,2025,bat,1B/3B
sa875808,Jonathan Morales,C,0.25,0.8366000404348596,,2025,bat,C
sa3020354,Caleb Farmer,C,0.25,0.345709944772534,WSN,2025,bat,C
sa3020497,Austin Charles,3B/SS,0.25,0.4817700033076107,KCR,2025,bat,3B/SS
sa3020131,Cam Collier,3B,0.25,0.7453899990534408,CIN,2025,bat,3B
sa3016962,Christian Molfetta,C/3B,0.25,0.3220299636013806,,2025,bat,C/3B
sa3005924,Anthony Garcia,1B/OF,0.25,0.6033200070029124,,2025,bat,1B/OF
sa3018405,Ricky Cabrera,3B/SS,0.25,0.5359800092992372,CIN,2025,bat,3B/SS
sa3024896,Nick Lucky,2B/SS,0.25,0.39270999361760905,,2025,bat,2B/SS
sa3014690,Jose Salas,2B/SS,0.25,0.4583500192034989,MIN,2025,bat,2B/SS
sa917184,Jose King,2B/SS,0.25,0.47468998241238286,,2025,bat,2B/SS
sa3022505,Jace Grady,OF,0.25,0.6157299982383847,,2025,bat,OF
sa3022423,Caleb Bartolero,3B,0.25,0.4719499505590647,LAA,2025,bat,3B
sa3023486,Chris Brito,1B,0.25,0.6613900020718574,KCR,2025,bat,1B
sa3010598,Oscar Santos,C/1B,0.25,0.3369199662934988,,2025,bat,C/1B
sa3007631,Max Burt,3B,0.4399999976158142,1.075899923592806,DET,2025,bat,3B
sa3018558,Marvin Alcantara,2B/SS,0.25,0.41483002295717586,BOS,2025,bat,2B/SS
sa917127,Jonathan Guzmán,SS,0.25,0.4605499867349862,,2025,bat,SS
sa3015071,Tommy Jew,OF,0.25,0.4715099534485488,,2025,bat,OF
sa3022966,Tai Peete,SS/OF,0.25,0.3874600417912006,STL,2025,bat,SS/OF
sa3017555,Will Frizzell,1B,0.25,0.731670005340129,,2025,bat,1B
sa3017340,Daniel McElveny,C,0.25,0.32987004297319794,,2025,bat,C
sa918086,Luis Curbelo,3B,0.25,0.6927399608539417,,2025,bat,3B
sa3015169,Juan Corniel,SS,0.25,0.4130699632922187,,2025,bat,SS
sa3008915,Alexander Suarez,OF,0.25,0.6083999807946382,,2025,bat,OF
sa3008775,Yohander Martinez,2B/3B,0.25,0.4251199953374452,,2025,bat,2B/3B
sa3011445,Marcus Lee Sang,OF,1.0,3.4189499961212273,TEX,2025,bat,OF
sa3018529,Ricardo Gonzalez,SS,0.25,0.3277399597456678,TBR,2025,bat,SS
sa3005917,Wilfri Castro,C,0.25,0.31783003858290615,,2025,bat,C
sa3022814,Bryan Broecker,C,0.25,0.2544300318229943,TBR,2025,bat,C
sa3015720,Yeison Morrobel,OF,0.25,0.5607299872208387,TEX,2025,bat,OF
sa3022575,Anthony Sherwin,2B/3B,0.25,0.4296199629781768,HOU,2025,bat,2B/3B
sa3017181,Trendon Craig,OF,0.25,0.5890700020361691,,2025,bat,OF
sa3019887,Cory Acton,2B/3B,0.25,0.4460400285432114,,2025,bat,2B/3B
sa3017044,Alex Binelas,1B/3B,0.7400000095367432,2.652040155045688,PHI,2025,bat,1B/3B
sa3019931,Jackson Loftin,SS/OF,0.25,0.4567199741955846,,2025,bat,SS/OF
sa3020200,Blake Robertson,1B,0.25,0.6111899802461267,TBR,2025,bat,1B
sa3016096,Yeremi Villahermosa,C,0.25,0.3029699757928028,LAA,2025,bat,C
sa3020494,Justin Bench,2B/3B,0.25,0.4469499489059671,,2025,bat,2B/3B
sa3015678,Frank Hernandez,C/OF,0.25,0.30946006586309516,,2025,bat,C/OF
sa3021584,Logun Clark,C,0.25,0.29126994592370464,CLE,2025,bat,C
sa3010723,Patrick Romeri,OF,0.25,0.6006499964511022,,2025,bat,OF
sa3022810,Nick Lorusso,1B/3B,0.25,0.6477600518614054,NYM,2025,bat,1B/3B
sa3008452,Jean Ramirez,OF,0.25,0.5946199995232745,KCR,2025,bat,OF
sa3015614,Jose Cordoba,OF,0.25,0.46109000323340293,STL,2025,bat,OF
sa3019904,Nick Clarno,C,0.25,0.32925995171535755,,2025,bat,C
sa3015017,Jake MacKenzie,2B,0.25,0.4469499885803087,,2025,bat,2B
sa3022816,Pierce Bennett,OF,0.25,0.6076699484372511,,2025,bat,OF
sa3020239,Ryan Wrobleski,C/1B,0.25,0.6398899928200991,,2025,bat,C/1B
sa919532,Gabriel Maciel,OF,0.25,0.579359960462898,,2025,bat,OF
sa3005492,Jesus Valdez,3B,0.25,0.7703000037465243,ARI,2025,bat,3B
sa3023089,Colton Vincent,C/OF,0.25,0.29163002127315846,SDP,2025,bat,C/OF
sa3020133,Haydn McGeary,1B,0.47999998927116394,1.5350598962977529,CHC,2025,bat,1B
21535,Connor Kaiser,2B,0.6200000047683716,1.5297401569783686,KCR,2025,bat,2B
sa3025205,Gage Miller,2B/3B,0.25,0.479610025975853,MIA,2025,bat,2B/3B
sa3019925,Jordan Sprinkle,SS,0.25,0.4306499715778044,CHW,2025,bat,SS
sa3019890,Sean McLain,SS,0.25,0.3946499729994684,LAD,2025,bat,SS
sa3022884,Justin Miknis,C/1B,0.25,0.3482599649461917,,2025,bat,C/1B
sa3022439,Joe Redfield,OF,0.25,0.5797099590068682,LAA,2025,bat,OF
sa3008933,José  Estrada,C,0.25,0.31728000072762363,,2025,bat,C
sa3015352,Blayberg Diaz,C,0.25,0.31764999182196324,MIL,2025,bat,C
sa3015014,AJ Lewis,1B,0.25,0.8618599678156899,COL,2025,bat,1B
sa3014460,Isaiah Greene,OF,0.25,0.5407299729995428,BAL,2025,bat,OF
sa3007048,P.J. Hilson,OF,0.25,0.6441899506840854,PIT,2025,bat,OF
sa3008007,Onix Vega,C,0.25,0.6813599850051106,NYM,2025,bat,C
sa3020213,Harry Owen,C,0.25,0.33374000645708285,,2025,bat,C
sa3020275,Chris Lanzilli,OF,0.25,0.579429986164905,,2025,bat,OF
sa3022428,Tre Richardson,2B,0.25,0.43986997506581244,STL,2025,bat,2B
sa3017289,Liam Spence,1B/2B,0.25,0.4368700522230938,,2025,bat,1B/2B
sa3019557,Yasser Mercedes,OF,0.25,0.4494499809574335,MIN,2025,bat,OF
sa3011254,Mike Salvatore,2B/SS,0.25,0.439050007238984,,2025,bat,2B/SS
sa3011739,Karson Simas,2B/OF,0.25,0.5990900578908621,CHC,2025,bat,2B/OF
sa3015874,Leosdany Molina,SS,0.25,0.3838400376727804,,2025,bat,SS
sa3003222,Aldenis Sanchez,OF,0.25,0.55293998895213,,2025,bat,OF
sa3016860,Cole Barr,3B,0.25,0.4366600299021228,,2025,bat,3B
sa3016157,Anyelo Encarnación,2B/SS,0.25,0.4325900231488048,STL,2025,bat,2B/SS
sa3021614,Gerardo Rodriguez,C,0.25,0.3290000373963266,BOS,2025,bat,C
sa3022807,Christian Pregent,C,0.25,0.29762005237862466,,2025,bat,C
sa3018648,Jean Carlos Sio,2B/SS,0.25,0.4233600147766992,SFG,2025,bat,2B/SS
sa3019932,Logan Wagner,2B/3B,0.25,0.4623999546514823,LAD,2025,bat,2B/3B
sa3015574,Jefrey De Los Santos,2B/OF,0.25,0.42309000375680617,,2025,bat,2B/OF
sa3019509,Elis Cuevas,1B/OF,0.25,0.5534000031766481,BAL,2025,bat,1B/OF
sa3022438,Kade Kretzschmar,OF,0.25,0.5581200442509726,,2025,bat,OF
sa3005570,Yunior Garcia,1B/OF,0.25,0.5926200016401708,,2025,bat,1B/OF
13369,Erik González,3B/SS,0.4399999976158142,1.1496000223793088,,2025,bat,3B/SS
sa3021284,John Gil,SS,0.25,0.3854900062782689,ATL,2025,bat,SS
sa3022599,Connor Burns,C,0.25,0.3742000128957442,CIN,2025,bat,C
sa3008878,Maikol Escotto,2B/SS,0.25,0.48991001569665965,,2025,bat,2B/SS
sa3018415,Jhonny Severino,3B/SS,0.25,0.49049003650434303,PIT,2025,bat,3B/SS
sa3017155,Robby Martin Jr.,OF,0.25,0.5869599709985776,,2025,bat,OF
sa3016113,Maikel Hernandez,C/1B,0.25,0.2934599637519567,,2025,bat,C/1B
sa917348,Osmy Gregorio,2B/3B/SS,0.25,0.430500013870187,,2025,bat,2B/3B/SS
sa3025382,Casey Saucke,OF,0.25,0.5718200102914125,CHW,2025,bat,OF
sa3014473,Jake Vogel,OF,0.25,0.4505099885165691,,2025,bat,OF
sa3022699,Scott Bandura,OF,0.25,0.5616400041617452,SFG,2025,bat,OF
sa3020193,Tim Borden II,2B/3B,0.25,0.439200012362562,,2025,bat,2B/3B
sa3022676,Marcus Brown,2B/SS,0.25,0.38625002838671196,WSN,2025,bat,2B/SS
sa3018501,Waner Luciano,3B,0.25,0.42242005000589417,HOU,2025,bat,3B
sa3017078,Riley Tirotta,1B/3B,0.7900000214576721,2.6247701175510882,TOR,2025,bat,1B/3B
19768,Rylan Bannon,2B/3B/DH,2.3499999046325684,7.244100431725382,,2025,bat,2B/3B/DH
sa3003274,Luis Mieses,OF,0.46000000834465027,1.5460500474553551,,2025,bat,OF
sa3025383,Tommy White,3B,0.25,0.3928200577851384,OAK,2025,bat,3B
sa3009896,Trent Tingelstad,OF,0.25,0.5506500363349913,,2025,bat,OF
sa3020825,Angel Zarate,OF,0.25,0.5594899900490418,,2025,bat,OF
sa3008943,Jose Hernandez,C/1B,0.25,0.2921900198562071,,2025,bat,C/1B
sa3014710,Jhon Diaz,OF,0.25,0.5299999947194008,TBR,2025,bat,OF
sa917936,Hudson Potts,3B,0.25,0.6610400211531668,,2025,bat,3B
sa3018120,Karl Ellison,C,0.25,0.3020799663150683,,2025,bat,C
sa3019921,Troy Schreffler Jr.,OF,0.25,0.5647699861088767,,2025,bat,OF
sa3010597,Victor Torres,C,0.25,0.3226300126640125,,2025,bat,C
sa3023620,Nate Rombach,C,0.25,0.31780999248148867,WSN,2025,bat,C
sa3020091,Joshua Day,3B/SS,0.25,0.43260996821336445,,2025,bat,3B/SS
sa914314,Jeison Guzmán,SS,0.25,0.7159700342454015,,2025,bat,SS
sa3023887,Emil Morales,SS,0.25,0.3941900072502903,LAD,2025,bat,SS
5000,Stephen Vogt,C,0.25,0.7250899319071322,,2025,bat,C
sa3015587,Jesus Castillo,2B,0.25,0.435549950459972,PIT,2025,bat,2B
sa3023013,Ralphy Velazquez,1B,0.25,0.6128200564999132,CLE,2025,bat,1B
sa3017398,Nathan Hickey,C/1B,0.75,2.5751799343153836,BOS,2025,bat,C/1B
sa3020218,Everett Cooper III,2B,0.25,0.4293499575462192,WSN,2025,bat,2B
sa3018601,Erick Alvarez,1B/OF,0.25,0.40294001316651695,,2025,bat,1B/OF
sa3023975,Javier Sanchez,C/1B,0.25,0.25139996283687643,TEX,2025,bat,C/1B
sa3025159,Ian Petrutz,OF,0.25,0.5501000200165436,STL,2025,bat,OF
sa3022570,Brennan Orf,1B/OF,0.25,0.597309984336607,TOR,2025,bat,1B/OF
sa3014833,Matt Chamberlain,OF,0.25,0.5551899810787289,,2025,bat,OF
sa3017212,Kevin Kendall,2B/SS,0.25,0.42309996131807565,,2025,bat,2B/SS
sa3019771,Kevyn Castillo,OF,0.25,0.5537099995883181,LAA,2025,bat,OF
sa3021085,Yoeilin Cespedes,2B/SS,0.25,0.3927899888018146,BOS,2025,bat,2B/SS
sa3015171,Angel Ortiz,OF,0.25,0.586870016134344,ARI,2025,bat,OF
sa3005565,Carlos Santiago,SS,0.25,0.45145003055222327,,2025,bat,SS
25467,Will Robertson,OF,0.8700000047683716,2.7312703144736585,BAL,2025,bat,OF
sa3005568,Enrique Valdez,3B/SS,0.25,0.43424000134691587,,2025,bat,3B/SS
sa3023951,Daniel Flames,2B/SS,0.25,0.2926400050055235,TEX,2025,bat,2B/SS
sa3015695,Armando Cruz,SS,0.25,0.3800999991828575,WSN,2025,bat,SS
sa3022806,Garrett Martin,OF,0.25,0.5454700104659423,NYY,2025,bat,OF
sa3010035,Brandon Lewis,1B/3B,0.25,0.6520000151824206,,2025,bat,1B/3B
sa829844,Riley Mahan,2B,0.25,0.6448299588635564,,2025,bat,2B
sa3022703,Zyhir Hope,OF,0.25,0.5748599873390048,LAD,2025,bat,OF
sa3015547,Fernando Caldera,C,0.25,0.26080996097298337,HOU,2025,bat,C
sa917277,Cristian Inoa,1B/2B/SS,0.25,0.6338999975007027,,2025,bat,1B/2B/SS
sa3023726,Yolfran Castillo,SS,0.25,0.30711004940094416,TEX,2025,bat,SS
sa3022597,Bryson Ware,3B,0.25,0.46480997339822344,PHI,2025,bat,3B
sa3022700,Chase Jaworsky,2B/SS,0.25,0.3996500180801375,MIA,2025,bat,2B/SS
sa3022656,Quincy Scott,1B/OF,0.25,0.5079400326125324,TEX,2025,bat,1B/OF
sa3019929,Tayden Hall,1B,0.25,0.6260900306282564,MIL,2025,bat,1B
sa829713,Evan Skoug,C,0.25,0.698630009102635,,2025,bat,C
sa3011114,Fernando Villalobos,C,0.25,0.2587100219679996,,2025,bat,C
sa3018926,Isaac Pena,3B,0.25,0.3974599783075974,,2025,bat,3B
sa3015202,Yosy Galan,OF,0.25,0.5516199866542593,,2025,bat,OF
sa3014691,Ian Lewis Jr.,2B/3B,0.25,0.4528399394359438,MIA,2025,bat,2B/3B
sa3015807,Samuel Escudero,C/1B,0.25,0.3178699614363722,PIT,2025,bat,C/1B
sa3022916,Cole Turney,OF,0.25,0.5501799991121515,,2025,bat,OF
sa3016162,Jose Perez,3B,0.25,0.47751999681349844,TBR,2025,bat,3B
sa3015188,Vincent Perozo,C,0.25,0.26403001809958365,NYM,2025,bat,C
sa3021638,Stiven Flores,C,0.25,0.26297999838134273,CHW,2025,bat,C
sa3019903,Justin Janas,1B/OF,0.25,0.6362600249703972,,2025,bat,1B/OF
sa3018582,Alberto Hernandez,2B/SS,0.25,0.3295599836972541,HOU,2025,bat,2B/SS
sa3024134,Luis Peña,2B/SS,0.25,0.3675599939422681,MIL,2025,bat,2B/SS
sa3022399,Lisbel Diaz,OF,0.25,0.5574599569197742,SFG,2025,bat,OF
sa3014943,Danny Oriente,OF,0.25,0.5409200268331914,,2025,bat,OF
sa3016642,Wally Soto,C/1B,0.25,0.2785399887245148,,2025,bat,C/1B
sa3018963,Samuel Gil,2B/SS,0.25,0.3861600199947133,DET,2025,bat,2B/SS
sa3024108,Jesús Made,SS,0.25,0.3586499555036425,MIL,2025,bat,SS
sa3015515,Yiddi Cappe,2B/SS,0.25,0.4496499678585678,MIA,2025,bat,2B/SS
sa3008885,Efrenyer Narvaez,C,0.25,0.2865400106413289,,2025,bat,C
25476,Cam Eden,DH/OF,0.75,2.34726002542302,,2025,bat,DH/OF
sa3008907,Rodolfo Nolasco,OF,0.25,0.553220022015739,,2025,bat,OF
sa3021057,Antonis Macias,2B/OF,0.25,0.3702200036728755,TEX,2025,bat,2B/OF
sa3021063,Luis Escudero,2B,0.25,0.36523999125929546,NYY,2025,bat,2B
sa3015705,Victor Acosta,2B/SS,0.25,0.4713600201997905,CIN,2025,bat,2B/SS
sa3021211,Yirer Garcia,C/1B,0.25,0.2093300414620898,TBR,2025,bat,C/1B
sa3007050,Mateo Gil,3B/SS,0.25,0.6376399874221533,,2025,bat,3B/SS
sa3019987,Anthony Hall,OF,0.25,0.5248600259888917,,2025,bat,OF
sa3008887,Cristopher Barete,OF,0.25,0.4245899633038789,,2025,bat,OF
sa3022865,Josh Moylan,1B/3B,0.25,0.5902900412329471,NYY,2025,bat,1B/3B
sa3003319,Angel Aponte,OF,0.25,0.5536200104746968,,2025,bat,OF
sa3018416,Braylin Tavera,OF,0.25,0.37412998846266415,BAL,2025,bat,OF
sa3010036,J.T. Arruda,2B,0.7599999904632568,1.9405698757618663,SEA,2025,bat,2B
sa3022573,Ryan Ignoffo,C,0.25,0.720979981869459,MIA,2025,bat,C
sa3018436,Fraymi De Leon,2B/SS,0.25,0.42569000073708596,BOS,2025,bat,2B/SS
sa3015725,Danyer Cueva,2B/SS,0.25,0.3844700257061049,TEX,2025,bat,2B/SS
sa3020116,Tanner O'Tremba,OF,0.25,0.53777001502458,,2025,bat,OF
sa3015656,Jhonny Perdomo,2B,0.25,0.43093998560216273,,2025,bat,2B
sa3019859,Ivan Melendez,1B/3B,0.7300000190734863,2.6023301535286003,ARI,2025,bat,1B/3B
sa3016824,Diego Omana,C,0.25,0.3342899738578126,CIN,2025,bat,C
sa3018215,Roque Salinas,OF,0.25,0.5209400251507759,,2025,bat,OF
sa3018969,Karell Paz,OF,0.25,0.5505099526140839,,2025,bat,OF
sa3021330,Edgleen Perez,C,0.25,0.22523001881781968,PIT,2025,bat,C
sa3023547,Cesar Hernandez,OF,0.25,0.3925500104902311,HOU,2025,bat,OF
sa3019214,Angel Diaz,C,0.25,0.28710995534202083,LAD,2025,bat,C
sa3015622,Edwin Barragan,2B/3B,0.25,0.40458002490922806,,2025,bat,2B/3B
sa3017082,Justin Guerrera,2B/3B,0.25,0.4038299595238641,,2025,bat,2B/3B
sa3015694,Wilman Diaz,2B/SS,0.25,0.36429995642974966,,2025,bat,2B/SS
sa3022927,Brett Callahan,OF,0.25,0.5299700237577781,DET,2025,bat,OF
sa3022829,Coby Morales,1B/OF,0.25,0.5091000509215519,NYY,2025,bat,1B/OF
sa3007315,Edison Mora,SS,0.25,0.41687999167479567,,2025,bat,SS
sa3018468,Ruben Santana,1B/3B,0.25,0.4337799608474597,ARI,2025,bat,1B/3B
sa3015196,Victor Mesia,C,0.25,0.2741100246319547,,2025,bat,C
sa3018473,Capri Ortiz,SS,0.25,0.39761997046880415,LAA,2025,bat,SS
sa3022610,Caleb Hobson,OF,0.25,0.5598600459750741,COL,2025,bat,OF
sa3022667,Gavin Dugas,2B/3B,0.25,0.41578001526650027,WSN,2025,bat,2B/3B
sa3018568,Jean Joseph,OF,0.25,0.3874099775915965,TOR,2025,bat,OF
sa3008819,Lazaro Benitez,OF,0.25,0.5434700204757974,,2025,bat,OF
sa3018549,Yeremy Cabrera,OF,0.25,0.5083999903872608,WSN,2025,bat,OF
sa3008782,Yoander Rivero,2B/SS,0.25,0.35030998222064225,WSN,2025,bat,2B/SS
sa3020352,Bryce Willits,1B/3B,0.25,0.5882399989757686,,2025,bat,1B/3B
sa3010025,Joe Naranjo,1B,0.3199999928474426,0.9019799613393843,,2025,bat,1B
20040,Jorge Ona,DH,0.25,0.6944100131280719,,2025,bat,DH
sa3021234,Julio Zayas,C,0.25,0.2571599534479901,NYM,2025,bat,C
sa3022482,Hunter Fitz-Gerald,1B,0.25,0.5356599787715821,SEA,2025,bat,1B
sa3017629,Kay-Lan Nicasia,OF,0.25,0.4252500310540199,MIL,2025,bat,OF
sa3020458,Andy Garriola,OF,0.25,0.5593200520146637,CHC,2025,bat,OF
sa3025202,Fenwick Trimble,OF,0.25,0.44812002098187803,MIA,2025,bat,OF
sa3006606,Wilfredo Flores,2B/OF,0.25,0.5332200263859705,,2025,bat,2B/OF
sa3016960,Tyler Tolve,C,0.25,0.7232600568095222,ATL,2025,bat,C
sa3016095,Johan Macias,2B,0.25,0.38941006064414974,LAA,2025,bat,2B
sa1169627,Ivan Johnson,2B/OF,0.75,2.530870173498988,CIN,2025,bat,2B/OF
sa3008941,Wilber Sanchez,2B/SS,0.25,0.38362001721980044,CHW,2025,bat,2B/SS
sa3022697,Spencer Nivens,OF,0.25,0.6986100147478281,KCR,2025,bat,OF
29524,Bryce Teodosio,OF,1.7999999523162842,5.101220351457595,LAA,2025,bat,OF
sa3015693,Arxy Hernandez,3B,0.25,0.3828400032594799,CHW,2025,bat,3B
sa3023289,Joe Olsavsky,1B/3B,0.25,0.41439000475220383,ATL,2025,bat,1B/3B
sa3023792,Eduardo Ponce,C,0.25,0.17740994499763466,SEA,2025,bat,C
sa3003364,Edwin Mateo,OF,0.25,0.5309400011785328,,2025,bat,OF
sa3008789,Gabriel Moncada,1B,0.25,0.521330041787587,,2025,bat,1B
sa3015293,Miguel Ugueto,OF,0.25,0.5399699717527254,STL,2025,bat,OF
sa3018408,Yordany De Los Santos,SS,0.25,0.42831001807935526,PIT,2025,bat,SS
sa3015869,Willy Montero,OF,0.25,0.5022800241480582,NYY,2025,bat,OF
sa3019895,Ambioris Tavarez,2B/SS,0.25,0.3537100160028785,ATL,2025,bat,2B/SS
sa3016336,David Leon,C/1B,0.25,0.2094199862214736,CLE,2025,bat,C/1B
sa3020461,Hector Osorio,OF,0.25,0.3429899789742194,TEX,2025,bat,OF
sa3022590,Josh Rivera,SS,0.9900000095367432,2.192669889051467,TOR,2025,bat,SS
sa3022655,Devin Hurdle,2B,0.25,0.3932799731148406,,2025,bat,2B
sa3014718,Roismar Quintana,1B/OF,0.25,0.5378900213399901,,2025,bat,1B/OF
sa3016109,Cesar Quintas,OF,0.25,0.4483300215797499,SEA,2025,bat,OF
sa3018381,Joseph Rodriguez,OF,0.25,0.3372499821474775,,2025,bat,OF
sa3011501,T.J. Schofield-Sam,1B/3B,0.25,0.5495799995493142,,2025,bat,1B/3B
sa3016091,Yeudi Advincola,SS,0.25,0.3291100061265751,,2025,bat,SS
sa3016541,Jose Ramos,2B/SS,0.25,0.38041998106054953,SFG,2025,bat,2B/SS
sa3019764,Keduar Trujillo,C/1B,0.25,0.2431300277356058,HOU,2025,bat,C/1B
27493,Rece Hinds,OF,4.570000171661377,17.525709968805312,CIN,2025,bat,OF
sa3022536,Will McGillis,2B,0.25,0.39284998609218746,,2025,bat,2B
sa3023775,Santiago Camacho,C,0.25,0.23566998362075536,SFG,2025,bat,C
sa3018426,Randy De Jesus,OF,0.25,0.5305300130276009,LAA,2025,bat,OF
sa3014448,Trevor Hauver,OF,0.8199999928474426,2.8702701181638983,TEX,2025,bat,OF
sa3021222,Jose Monzon,3B/SS,0.25,0.2621400507516227,TBR,2025,bat,3B/SS
sa3021078,Robert Calaz,OF,0.25,0.6882699668174609,COL,2025,bat,OF
sa3005077,Adam Hall,2B/SS/OF,0.25,0.6521899351151659,,2025,bat,2B/SS/OF
sa3008949,Michael Mantecón,C,0.25,0.2580199874704704,,2025,bat,C
sa3018383,Elis Barreat,1B/2B,0.25,0.38941999196540567,,2025,bat,1B/2B
sa3016321,Hans Montero,3B/SS,0.25,0.357009956263937,NYY,2025,bat,3B/SS
sa3017327,Mike Peabody,OF,0.25,0.5314300164114684,,2025,bat,OF
sa3014823,J.C. Correa,C/2B,0.3700000047683716,1.1463700863532722,,2025,bat,C/2B
sa3011469,Stephen Scott,C,0.6200000047683716,2.1487699878402053,,2025,bat,C
sa3023707,Sebastian Baquera,C,0.25,0.21385003043105824,TEX,2025,bat,C
sa3021309,Luis Puello,C/OF,0.25,0.22225001645274456,NYY,2025,bat,C/OF
sa3021631,Jhocsuanth Vargas,C,0.25,0.22462005986599246,TEX,2025,bat,C
sa3015643,Johnfrank Salazar,1B/3B,0.25,0.5899299730779602,STL,2025,bat,1B/3B
sa3018580,Franyerber Montilla,2B/SS,0.25,0.363670034520328,DET,2025,bat,2B/SS
sa3008743,Misael Urbina,OF,0.25,0.4966699715703725,,2025,bat,OF
sa3004969,Je'Von Ward,OF,0.25,0.6443200351437554,TOR,2025,bat,OF
sa3019944,Adam Crampton,2B/SS,0.25,0.28392994957976037,,2025,bat,2B/SS
sa3008897,Rayner Santana,C,0.25,0.257929973793216,,2025,bat,C
sa3022963,A.J. Ewing,OF,0.25,0.3638500513043254,NYM,2025,bat,OF
sa3015662,Jorge Mendez,C,0.25,0.24213997850893065,,2025,bat,C
sa3022569,Ryan Johnson,2B/SS,0.25,0.37021998323034494,HOU,2025,bat,2B/SS
sa3024879,Carlos Renzullo,2B/OF,0.25,0.5237399855395777,COL,2025,bat,2B/OF
sa3021123,Jesus Fernandez,SS,0.25,0.25984002378536375,OAK,2025,bat,SS
sa3014685,Dauri Lorenzo,2B,0.25,0.38381002843379963,,2025,bat,2B
sa3021169,José Mejía,2B,0.25,0.3446700440021231,ARI,2025,bat,2B
sa3016806,Colin Davis,OF,0.25,0.4441599902929737,SEA,2025,bat,OF
sa3016076,Luis Valdez,2B/OF,0.25,0.49898997915443033,,2025,bat,2B/OF
sa3023168,Josh Adamczewski,2B,0.25,0.3903800378087907,MIL,2025,bat,2B
sa3015873,Jorge Ruiz,OF,0.25,0.5126499778591095,LAA,2025,bat,OF
sa3022673,Cole Foster,SS,0.25,0.3817100170766934,SFG,2025,bat,SS
sa3015865,Gabriel Silva,C,0.25,0.2609100064029917,KCR,2025,bat,C
sa3008888,Albert Fabian,OF,0.25,0.6591999740106984,SDP,2025,bat,OF
sa3011405,Warren Saunders,1B/3B,0.25,0.5967699808767065,,2025,bat,1B/3B
sa3015229,Jose Pastrano,2B/3B,0.25,0.3611900511663407,,2025,bat,2B/3B
sa3022446,Alcides Hernandez,C,0.25,0.20438000438734885,SDP,2025,bat,C
sa3022922,Benjamin Blackwell,2B/3B,0.25,0.3806300491560249,,2025,bat,2B/3B
sa3018629,Jose Escobar,2B/OF,0.25,0.5110100384801627,CHC,2025,bat,2B/OF
sa3006221,Junior Gonzalez,C,0.25,0.2435500198742375,,2025,bat,C
sa3017178,Jaden Rudd,OF,0.25,0.47091003339737647,,2025,bat,OF
sa3015729,Javier Francisco,1B,0.25,0.37793998899869613,,2025,bat,1B
sa3018566,Thomas Sosa,OF,0.25,0.4862199364113621,BAL,2025,bat,OF
sa3007291,Abdiel Layer,3B/SS,0.25,0.3967799415113404,,2025,bat,3B/SS
sa3015752,Ramon Peralta,SS,0.25,0.3046599804423749,,2025,bat,SS
sa3018578,Luis Sanchez,2B/3B,0.25,0.39126998318824907,ATL,2025,bat,2B/3B
sa3018527,Esteban Mejia,3B,0.25,0.35391000329982486,TEX,2025,bat,3B
sa3010702,Cade Bunnell,1B/3B,0.25,0.5962399625917896,,2025,bat,1B/3B
sa3016186,Ricardo Cova,OF,0.25,0.43252999291289596,SEA,2025,bat,OF
sa3019986,Luke Gold,1B,0.25,0.5716400222619994,,2025,bat,1B
sa3015673,Kevin Villavicencio,2B/SS,0.25,0.36620001334231334,NYM,2025,bat,2B/SS
sa3017792,Ryan Spikes,2B/3B,0.25,0.4661300014937295,TBR,2025,bat,2B/3B
sa3018243,Max Hewitt,2B,0.25,0.3668000095989555,,2025,bat,2B
sa3020716,Maddux Houghton,OF,0.25,0.36696997412946064,MIN,2025,bat,OF
17975,Scott Kingery,SS/OF,2.130000114440918,6.633389681205152,CHC,2025,bat,SS/OF
sa3011632,Jean Perez,2B,0.25,0.5358100346289574,,2025,bat,2B
sa3019994,Cameron Masterman,OF,0.25,0.6581799995619803,,2025,bat,OF
sa3023458,Caden Rose,OF,0.25,0.545009952946566,BOS,2025,bat,OF
sa3011857,Jesus Bugarin,OF,0.25,0.6797800069209188,,2025,bat,OF
sa3015792,Yhoangel Aponte,OF,0.25,0.36483999200863765,TOR,2025,bat,OF
sa3019803,Curtis Washington Jr.,OF,0.25,0.29900998750235885,SEA,2025,bat,OF
sa3020824,Erik Stock,OF,0.25,0.5086099796695633,,2025,bat,OF
sa3018476,Rafael Ramirez Jr.,2B/SS,0.25,0.31922002194914967,WSN,2025,bat,2B/SS
sa3023546,J.D. Gonzalez,C,0.25,0.17541001749923452,TBR,2025,bat,C
sa3022306,Alirio Ferrebus,C/1B,0.25,0.2727900543599389,PHI,2025,bat,C/1B
sa3018377,Jarrod Watkins,1B/OF,0.25,0.5071800381410866,,2025,bat,1B/OF
sa3022605,Myles Naylor,3B/SS,0.25,0.3185799837578087,OAK,2025,bat,3B/SS
14446,Hiroyuki Nakajima,SS,0.25,0.6773100064136086,,2025,bat,SS
sa3019863,Braedon Karpathios,OF,0.25,0.46480999992927535,SDP,2025,bat,OF
sa3007914,Jesus Moreno,C,0.25,0.23571996997343375,,2025,bat,C
sa3008815,Ilvin Fernandez,SS,0.25,0.3090699897380545,,2025,bat,SS
sa3023948,Victor Leal,C/1B,0.25,0.2275000057532451,MIN,2025,bat,C/1B
sa3005942,Oneill Manzueta,OF,0.25,0.5054599758703261,,2025,bat,OF
sa3017407,Austin Callahan,3B,0.30000001192092896,0.8786500168498605,CIN,2025,bat,3B
sa3005722,Adanson Cruz,OF,0.25,0.37476002105977385,,2025,bat,OF
sa3016825,Diego Mosquera,2B/SS/OF,0.25,0.3404100196901708,NYM,2025,bat,2B/SS/OF
sa3020273,Jared McKenzie,OF,0.25,0.5246700000949204,WSN,2025,bat,OF
sa3011702,Pat DeMarco,OF,0.25,0.513800001516938,,2025,bat,OF
sa3010859,Kevin Strohschein,1B/OF,0.25,0.5136900001903995,,2025,bat,1B/OF
sa3021223,Jose Tovar,C,0.25,0.16469004114624108,TBR,2025,bat,C
25505,Cade Marlowe,OF,1.9700000286102295,6.168869891390204,OAK,2025,bat,OF
sa3008883,Milkar Perez,1B/3B,0.25,0.47963995485333716,,2025,bat,1B/3B
sa3015529,Juan Garcia,C,0.25,0.22976999573875215,,2025,bat,C
sa3015642,Alexis Hernandez,OF,0.25,0.4781399753643199,TOR,2025,bat,OF
sa1170876,Willie Carter,OF,0.25,0.5082700395258143,,2025,bat,OF
sa3019823,Torin Montgomery,1B,0.25,0.5932699928293005,,2025,bat,1B
sa3018614,Chris Suero,C,0.25,0.5469999971101059,NYM,2025,bat,C
sa3025186,Robert Hipwell,1B/3B,0.25,0.3663600184721871,SFG,2025,bat,1B/3B
sa3021067,Joendry Vargas,SS,0.25,0.31805004668422043,LAD,2025,bat,SS
16211,Kevin Cron,1B/DH,0.25,0.6806300405645742,,2025,bat,1B/DH
sa3021159,Yoiber Ocopio,C/1B,0.25,0.1859899619943462,SDP,2025,bat,C/1B
sa3020003,Griffin Doersching,1B,0.25,0.5815700128674506,,2025,bat,1B
sa3015590,Jeral Toledo,2B,0.25,0.3884299643104895,,2025,bat,2B
sa3020272,Nate Baez,C/1B,0.25,0.5626799396704881,BOS,2025,bat,C/1B
sa3015736,Jesus Hernandez,3B/SS,0.25,0.3825100500835105,MIA,2025,bat,3B/SS
sa3006201,Brandol Mezquita,OF,0.25,0.49909004014916714,,2025,bat,OF
sa3015612,Elian Rayo,3B,0.25,0.35783998006954787,,2025,bat,3B
sa3025242,Jack Costello,1B/OF,0.25,0.6336500189034269,SDP,2025,bat,1B/OF
sa3019308,Cesar Gonzalez,C/1B,0.25,0.16438996067736295,OAK,2025,bat,C/1B
sa3022562,Kemp Alderman,OF,0.25,0.5363199571613221,MIA,2025,bat,OF
sa3023898,Jhonny Level,SS,0.25,0.3005200093379244,SFG,2025,bat,SS
sa3021232,Luis Guevara,3B/SS,0.25,0.24643996622180564,BAL,2025,bat,3B/SS
sa3008757,Alexander Ramirez,OF,0.25,0.5048200129298492,CHC,2025,bat,OF
sa3015735,Leonel Espinoza,OF,0.25,0.49755000250879666,CHC,2025,bat,OF
sa3021084,Arnaldo Lantigua,OF,0.25,0.4445600109174847,CIN,2025,bat,OF
sa3017168,Tyler Collins,OF,0.25,0.3701999515062197,,2025,bat,OF
sa3023751,Jirvin Morillo,C,0.25,0.27420996390283103,CIN,2025,bat,C
sa3008750,Adinso Reyes,3B/SS,0.25,0.3751599929295479,,2025,bat,3B/SS
sa3021851,Juan Sulbaran,C,0.25,0.18502000904409213,TEX,2025,bat,C
sa3023920,Queni Pineda,C,0.25,0.18909999969182534,NYY,2025,bat,C
20926,Dérmis Garcia,1B,0.6399999856948853,2.0467700513079756,,2025,bat,1B
sa3023269,Jake Cunningham,OF,0.25,0.4657500161323695,SDP,2025,bat,OF
sa3018465,Carlos Sanchez,3B/SS,0.25,0.33853001331444826,CIN,2025,bat,3B/SS
sa3022484,Nik McClaughry,SS,0.25,0.2676099910400808,,2025,bat,SS
sa3021855,Javier Mogollon,2B/SS,0.25,0.2872999779880046,CHW,2025,bat,2B/SS
sa3014692,Hedbert Perez,OF,0.25,0.5288500505033881,TOR,2025,bat,OF
sa3015558,Jose Meza,OF,0.25,0.5070599447237327,LAD,2025,bat,OF
sa3005544,Neyfy Castillo,OF,0.5,1.5372800403274596,,2025,bat,OF
sa3023054,Kalae Harrison,2B/3B,0.25,0.38857000994030383,,2025,bat,2B/3B
sa3018471,Jose Cedeno,C,0.25,0.18490999408531936,,2025,bat,C
sa3018975,Elvis Rijo,2B/3B,0.25,0.2940000086207874,,2025,bat,2B/3B
sa3009542,Isaac Bellony,OF,0.25,0.4989599793218076,,2025,bat,OF
sa3015866,Luis Pino,OF,0.25,0.3664600384538062,STL,2025,bat,OF
sa3009834,Sergio Campana,OF,0.25,0.35790002846624697,,2025,bat,OF
sa3023167,Antonio Anderson,3B,0.25,0.3707199673401191,BOS,2025,bat,3B
sa3018414,Freili Encarnacion,1B/3B,0.25,0.3910200423561036,BOS,2025,bat,1B/3B
sa3003173,Ernesto Martinez Jr.,1B,10.09000015258789,38.73127420842647,NYY,2025,bat,1B
sa3021180,Félix Amparo,2B,0.25,0.329829959757626,BAL,2025,bat,2B
sa3020884,Luis Guanipa,OF,0.25,0.38526997470762575,ATL,2025,bat,OF
sa3005755,Carlos Aguiar,OF,0.25,0.5145799487829208,,2025,bat,OF
sa3004266,Alison Quintero,C,0.25,0.22110000986140213,,2025,bat,C
sa3007304,David Hollie,OF,0.25,0.5019899974111466,,2025,bat,OF
sa3022925,David Smith,OF,0.25,0.4496600283542648,,2025,bat,OF
sa3015770,Wesley Zapata,2B/3B,0.25,0.3461599809350445,,2025,bat,2B/3B
sa3014424,Baron Radcliff,OF,0.25,0.6384800479980185,,2025,bat,OF
sa3021632,Jeremy Almonte,C,0.25,0.24159000733634453,MIA,2025,bat,C
sa3015541,Juan Castillo,C,0.25,0.3699199697701259,COL,2025,bat,C
sa3023761,Avinson Pinto,SS,0.25,0.3037899993360042,BOS,2025,bat,SS
sa1170749,Chandler Redmond,1B,0.5,1.549859929876402,,2025,bat,1B
sa3021173,Yoiber Ruiz,C/2B,0.25,0.21940994674805542,,2025,bat,C/2B
28552,Yanquiel Fernández,DH/OF,2.740000009536743,11.193489868566392,NYY,2025,bat,DH/OF
sa3016872,Marco Soto,2B/SS,0.25,0.34745000223629174,,2025,bat,2B/SS
sa3017157,EJ Andrews Jr.,OF,0.25,0.6480200158897786,,2025,bat,OF
sa3018959,Nikau Pouaka-Grego,2B/3B,0.25,0.3804299461655319,PHI,2025,bat,2B/3B
sa3015871,Cristian Garcia,1B/3B,0.25,0.343110012623947,,2025,bat,1B/3B
sa3016972,Angel Arevalo,2B/SS,0.25,0.22524002341087906,,2025,bat,2B/SS
sa3014689,Luis Rodriguez,OF,0.25,0.49810994303552436,LAD,2025,bat,OF
sa3010870,Kadon Morton,OF,0.25,0.47110996770206837,,2025,bat,OF
sa3018450,Alain Camou,2B/3B,0.25,0.34934999060351396,,2025,bat,2B/3B
sa3017333,Luke Brown,OF,0.25,0.5229899417608975,,2025,bat,OF
sa3020005,Yeniel Laboy,1B/3B,0.25,0.34549995898269115,,2025,bat,1B/3B
sa3022257,Neurelin Montero,C,0.25,0.1578600106178783,TEX,2025,bat,C
sa3018612,Maykel Minoso,C,0.25,0.18091000134591012,TOR,2025,bat,C
sa3019979,Andrew Jenkins,1B,0.25,0.5478100457694379,DET,2025,bat,1B
sa3007023,Alex Hall,C,0.25,0.49301997569855305,,2025,bat,C
sa3015679,Alvaro Aguero,OF,0.25,0.3671000033384189,,2025,bat,OF
sa3018544,Nicandro Aybar,2B/3B/OF,0.25,0.28898993807379153,TBR,2025,bat,2B/3B/OF
sa3019888,Nick Biddison,3B/OF,0.25,0.5748100138967855,PHI,2025,bat,3B/OF
sa3023141,Ryan Wilson,OF,0.25,0.443689996912144,,2025,bat,OF
17307,Luis Liberato,DH/OF,0.4300000071525574,1.3608298781793564,,2025,bat,DH/OF
sa3007331,Dawson Dimon,C,0.25,0.20223000119440257,,2025,bat,C
sa3009641,Luis Chevalier,2B,0.25,0.40589006042573605,,2025,bat,2B
sa3023718,Paulino Santana,OF,0.25,0.2937699932837858,TEX,2025,bat,OF
sa3015572,Alexander Perez,2B/3B,0.25,0.34916995302774,,2025,bat,2B/3B
sa3005484,Roberto Chirinos,2B/SS,0.25,0.35136998393572855,,2025,bat,2B/SS
sa3018619,Ryan Burrowes,2B/SS,0.25,0.2588999583153053,CHW,2025,bat,2B/SS
sa3010887,Spencer Henson,1B,0.25,0.5705900277709588,,2025,bat,1B
sa3004880,Kevin Richards,OF,0.25,0.509090012544766,OAK,2025,bat,OF
sa3018536,Eduardo Guerrero,2B/SS,0.25,0.3432899705599993,LAD,2025,bat,2B/SS
sa3020349,Johnathon Thomas,OF,0.25,0.3700800216989591,WSN,2025,bat,OF
sa3021601,Pedro Dalmagro,C/1B,0.25,0.18071997447405005,CLE,2025,bat,C/1B
sa3007639,Nick Schnell,OF,0.7300000190734863,2.283469979278743,SDP,2025,bat,OF
sa3019765,Andrews Sosa,C,0.25,0.17645004143705587,HOU,2025,bat,C
sa3020537,Dom Johnson,OF,0.25,0.47926001546438773,,2025,bat,OF
sa3019975,Brett Barrera,2B/3B,0.25,0.34516001015435904,,2025,bat,2B/3B
sa3004053,Miguel Perez,OF,0.25,0.3499700480606407,,2025,bat,OF
sa3016999,Thomas Francisco,1B,0.25,0.5530399875948204,,2025,bat,1B
sa3015650,Luis Mendez,2B/SS,0.25,0.49230998305138196,COL,2025,bat,2B/SS
sa918983,Matt Fraizer,OF,0.7699999809265137,2.432429898995906,BOS,2025,bat,OF
sa3019852,Joe Stewart,OF,0.25,0.47348997655790287,,2025,bat,OF
sa3020132,Tucker Toman,3B,0.25,0.31225001738639546,TOR,2025,bat,3B
sa3025260,Kyle DeBarge,2B,0.25,0.3362600322579965,MIN,2025,bat,2B
sa3008886,Jose Escorche,2B/SS,0.25,0.3382900085998698,,2025,bat,2B/SS
sa3011851,Marcos De La Rosa,3B/OF,0.25,0.32842004486592485,,2025,bat,3B/OF
sa1169881,Zac Ching,2B/SS,0.25,0.5568399417214095,,2025,bat,2B/SS
sa3009322,Rafael Escalante,C,0.25,0.18244996785651885,,2025,bat,C
sa3019766,Gabriel Gomes,C,0.25,0.25714998021721835,,2025,bat,C
sa3017429,Jordan Viars,OF,0.25,0.5173000238137319,,2025,bat,OF
sa3019218,Dervy Ventura,2B,0.25,0.2490000257152133,SEA,2025,bat,2B
sa3015232,Luis Durango,OF,0.25,0.44443000723840664,NYY,2025,bat,OF
sa3022898,B.Y. Choi,SS,0.25,0.24865002668229857,,2025,bat,SS
sa3019199,Junior Sanchez,2B,0.25,0.3310700233327224,,2025,bat,2B
sa3016963,Jacen Roberson,OF,0.25,0.4716800115769729,,2025,bat,OF
sa3018486,Natanael Yuten,OF,0.25,0.5009100494440645,BOS,2025,bat,OF
sa3015117,Yhoswar Garcia,OF,0.25,0.49851001782808446,,2025,bat,OF
sa3020615,Chandler Pollard,2B/SS,0.25,0.3097399941179901,TEX,2025,bat,2B/SS
sa3017954,Jose Aular,C/1B,0.25,0.17240000281017273,NYM,2025,bat,C/1B
sa3015801,Luis Castillo,OF,0.25,0.49340996353421346,MIL,2025,bat,OF
sa3018919,Demetrio Nadal,2B/OF,0.25,0.2731000572210177,MIL,2025,bat,2B/OF
sa3014824,MacKenzie Mueller,OF,0.25,0.4719099910929798,,2025,bat,OF
sa3018546,Fernando Peguero,2B/OF,0.25,0.3000200455309822,BAL,2025,bat,2B/OF
sa3018531,Daniel Bruzual,C,0.25,0.16516002297867086,,2025,bat,C
sa3022822,Garret Forrester,C/1B/3B,0.25,0.3482700048829428,MIA,2025,bat,C/1B/3B
sa3019665,Darwin De Leon,2B,0.25,0.31131001242902123,HOU,2025,bat,2B
sa3022652,Carson Jones,OF,0.25,0.40054003539262334,,2025,bat,OF
sa3025333,James Tibbs III,OF,0.25,0.47036003735847765,LAD,2025,bat,OF
sa3015703,Pedro Pineda,OF,0.25,0.28559998886194077,OAK,2025,bat,OF
33703,Nolan McLean,P,0.25,0.618410026282072,NYM,2025,bat,P
sa3017376,Tyler Whitaker,OF,0.25,0.44214998028473934,HOU,2025,bat,OF
sa3022403,Cole Roberts,2B,0.25,0.36225001183338457,,2025,bat,2B
sa3019629,Ricson Gonzalez,C,0.25,0.19765997660579157,KCR,2025,bat,C
sa3022868,Alfonsin Rosario,OF,0.25,0.44264002782292666,CLE,2025,bat,OF
sa3022347,Wilder Dalis,3B/SS,0.25,0.40563003371935336,COL,2025,bat,3B/SS
sa3009191,Carlos Dominguez,OF,0.25,0.4847699612146243,,2025,bat,OF
sa3008747,Jose De La Cruz,OF,0.25,0.4626900309813208,,2025,bat,OF
sa3017165,Zach Kokoska,1B/OF,0.7300000190734863,2.9078101151622833,COL,2025,bat,1B/OF
sa3020278,Tatem Levins,C,0.25,0.5505200397456065,TBR,2025,bat,C
sa3005576,Carlos Arroyo,2B,0.25,0.3519700312754139,,2025,bat,2B
sa3022574,Aidan Longwell,1B,0.25,0.6829899507574737,COL,2025,bat,1B
sa3016122,Kelvin Diaz,OF,0.25,0.36703998523298653,,2025,bat,OF
sa3018593,Ricardo Pena,C,0.25,0.18195999761810516,MIN,2025,bat,C
sa3018407,Samuel Munoz,OF,0.25,0.4754599734675139,LAD,2025,bat,OF
sa3022361,Yosweld Vasquez,C/1B,0.25,0.17016994872828936,HOU,2025,bat,C/1B
sa3014885,William Simoneit,C/1B,0.25,0.5979900342179462,TOR,2025,bat,C/1B
sa3010720,Stephen Paolini,OF,0.25,0.4837000036612152,,2025,bat,OF
sa3006866,Caberea Weaver,OF,0.25,0.47708997388835983,,2025,bat,OF
sa1169978,Matt Lloyd,1B/OF,1.75,6.270560111664235,BOS,2025,bat,1B/OF
sa3023759,Anderson Fermin,OF,0.25,0.3360800525406375,BOS,2025,bat,OF
sa3021172,Reiner Herrera,C,0.25,0.1535099545842968,CLE,2025,bat,C
sa3016818,Marcos Castañon,2B/3B,0.7300000190734863,2.3339399813674393,SDP,2025,bat,2B/3B
sa3021256,Anyelo Gonzalez,C,0.25,0.1942699730279855,,2025,bat,C
sa3023982,Christian Gonzalez,OF,0.25,0.2988399536698125,CHW,2025,bat,OF
sa3019836,Jacob Campbell,OF,0.25,0.44453004749957464,SDP,2025,bat,OF
9807,Ryan Goins,2B/SS,0.25,0.6096900126896798,,2025,bat,2B/SS
sa3008184,Cole Roederer,OF,0.7400000095367432,2.1947698857635256,,2025,bat,OF
sa3021195,Eliesbert Alejos,3B/SS,0.25,0.2812300333054736,ARI,2025,bat,3B/SS
sa3008895,Charlis Aquino,2B/SS,0.25,0.32675000017043193,,2025,bat,2B/SS
sa3015176,Yerlin Confidan,OF,0.25,0.5318000003928316,CIN,2025,bat,OF
sa3010044,Wendell Marrero,OF,0.25,0.46228999642189583,,2025,bat,OF
sa3018245,Gaige Howard,OF,0.25,0.4500099400058388,,2025,bat,OF
sa3020355,Taishi Nakawake,SS,0.25,0.25206002038903536,,2025,bat,SS
sa3018517,Alexander Martinez,C,0.25,0.2104100112337619,,2025,bat,C
sa3024645,Gabriel Rodriguez,SS,0.25,0.21385004119947554,CLE,2025,bat,SS
sa3024304,Robert Arias,OF,0.25,0.28888000275474035,CLE,2025,bat,OF
sa917056,J.V. Martinez,3B,0.25,0.53972998727113,,2025,bat,3B
sa3025255,Kai Roberts,OF,0.25,0.4450899898773058,SDP,2025,bat,OF
sa3008420,Alan Mejia,OF,0.25,0.33340001895558086,,2025,bat,OF
sa3017156,Connor Pavolony,C,0.25,0.5489800099283455,BAL,2025,bat,C
sa3007877,Jack Herman,OF,0.25,0.4672799781197682,,2025,bat,OF
sa3021086,Daiverson Gutierrez,C,0.25,0.1584400121355429,NYM,2025,bat,C
sa3022426,Chase Davis,OF,0.25,0.5977200249908492,STL,2025,bat,OF
sa3022256,Eriandys Ramon,3B/SS,0.25,0.3210800070315598,CHC,2025,bat,3B/SS
sa3015236,Jean Walters,2B,0.30000001192092896,0.8479800697416068,ARI,2025,bat,2B
sa3021213,Gabriel Terrero,2B,0.25,0.29126994566759096,,2025,bat,2B
sa3021055,Luis Rodriguez,2B/SS,0.25,0.3095700129400938,LAA,2025,bat,2B/SS
sa3005715,Alvaro Gonzalez,2B,0.25,0.31000995987560603,,2025,bat,2B
sa3016954,Shane Muntz,1B,0.25,0.5282300070160999,,2025,bat,1B
sa3025157,Elijah Hainline,2B/SS,0.25,0.32460998577298594,LAD,2025,bat,2B/SS
sa3005777,Christopher De La Cruz,OF,0.25,0.44398998522665345,,2025,bat,OF
sa3008821,Francisco Floyd,3B/SS,0.25,0.31951999438460904,,2025,bat,3B/SS
sa3006897,Leandro Emiliani,1B,0.25,0.5339299537241459,,2025,bat,1B
sa3006884,Kristian Robinson,OF,1.0,3.2013700152747333,ARI,2025,bat,OF
sa3020283,Alec Sayre,OF,0.25,0.4377199621638283,,2025,bat,OF
sa3016927,Osvaldo Tovalin,1B/3B,0.25,0.5284499645233154,,2025,bat,1B/3B
sa3021091,Enrique Jimenez,C/1B,0.25,0.16301995955873275,MIN,2025,bat,C/1B
sa3018563,Andrés Nolaya,C,0.25,0.14265998975606628,BAL,2025,bat,C
sa3008749,Eduarqui Fernandez,OF,0.25,0.4516999607672914,,2025,bat,OF
sa3020939,David Avitia,C,0.25,0.17195002400549125,,2025,bat,C
sa3023781,Andres Torres,C/1B,0.25,0.1186400126083754,TBR,2025,bat,C/1B
sa3019864,Chase Luttrell,OF,0.25,0.46243999560829246,,2025,bat,OF
sa3015688,Felix Reyes,1B/OF,0.25,0.5677799966535529,PHI,2025,bat,1B/OF
sa3015624,Willmer De La Cruz,2B/3B/SS,0.25,0.3021200279239565,,2025,bat,2B/3B/SS
sa3015191,Anthony Rodriguez,3B/SS,0.25,0.31739994732197374,,2025,bat,3B/SS
sa3019824,David Martin,C/1B,0.25,0.5872400135267525,ARI,2025,bat,C/1B
sa3018472,Kelvin Hidalgo,3B/SS,0.25,0.40853998539969316,COL,2025,bat,3B/SS
sa3015536,Lexer Saduy,OF,0.25,0.44270000697579226,,2025,bat,OF
sa3018611,Juan Matheus,3B/SS,0.25,0.2731100428267382,MIA,2025,bat,3B/SS
sa3022961,Ethan Long,1B,0.25,0.5046799509669653,SDP,2025,bat,1B
sa3025167,Ryan Nicholson,1B,0.25,0.5224500320735387,LAA,2025,bat,1B
sa3022486,Yimy Tovar,SS,0.25,0.21259994884021577,SDP,2025,bat,SS
sa3015517,Diosfran Cabeza,C/1B,0.25,0.1954499949002638,ARI,2025,bat,C/1B
sa3018560,Oswaldo Osorio,2B/3B,0.25,0.31291995580540966,LAD,2025,bat,2B/3B
sa3016543,Estanlin Cassiani,OF,0.25,0.440870051155798,,2025,bat,OF
sa3019664,Lennyn Nunez,C/OF,0.25,0.15798996430821713,,2025,bat,C/OF
sa3021842,Sebastian De Andrade,C,0.25,0.09215006766607982,SEA,2025,bat,C
sa3021844,Marcos Terrero,C/2B,0.25,0.14967997190542515,,2025,bat,C/2B
sa3018943,Abrahan Ramirez,2B/3B,0.25,0.32299998330418006,MIA,2025,bat,2B/3B
sa3010047,Yassel Pino,1B,0.25,0.5263700326671823,,2025,bat,1B
sa3010271,Jack Stronach,1B/OF,0.25,0.5099800349678845,,2025,bat,1B/OF
sa3008785,Cristhian Rodriguez,3B/SS,0.25,0.29789996342733505,,2025,bat,3B/SS
sa3019894,Kyle Nevin,1B/3B,0.25,0.5332199930911883,LAD,2025,bat,1B/3B
sa3015709,Abel Bastidas,2B/3B/SS,0.25,0.29727003849111494,,2025,bat,2B/3B/SS
sa3021239,Juan Ortega,C/1B,0.25,0.12828001470770686,BAL,2025,bat,C/1B
sa3022754,Edrick Felix,2B/3B,0.25,0.2864900085958651,,2025,bat,2B/3B
sa3017558,Branden Boissiere,1B,0.25,0.522919958049897,WSN,2025,bat,1B
sa3015691,Nomar Fana,OF,0.25,0.4327600260498002,,2025,bat,OF
sa3015712,Maikol Hernández,3B/SS,0.25,0.26471998377237466,,2025,bat,3B/SS
sa3015598,Andres Mesa,2B/SS,0.25,0.3127799776382744,,2025,bat,2B/SS
sa3016331,Juan Alonso,OF,0.25,0.42572001093067224,,2025,bat,OF
sa3021133,Jeremy Ciriaco,2B/SS,0.25,0.3782800177810714,COL,2025,bat,2B/SS
sa3019896,Casey Dana,3B/OF,0.25,0.3143800246762112,,2025,bat,3B/OF
sa3021156,Abraham Nunez,OF,0.25,0.28544006187003096,CHW,2025,bat,OF
sa3002860,Carlos Luis,1B/3B,0.25,0.5775600065710021,,2025,bat,1B/3B
sa3022572,Nehomar Ochoa Jr.,OF,0.25,0.42223005405394365,HOU,2025,bat,OF
sa3018431,Adan Sanchez,C,0.25,0.15910000759176904,,2025,bat,C
sa3020217,Brenner Cox,OF,0.25,0.3239900164422579,WSN,2025,bat,OF
sa3021321,Aldalay Kolokie,OF,0.25,0.44159000110812485,COL,2025,bat,OF
sa3023723,Luis Cova,OF,0.25,0.32778002775739873,MIA,2025,bat,OF
sa916997,Harvin Mendoza,1B,0.25,0.5175500577781349,,2025,bat,1B
sa3016106,Adrian Perez,1B/3B,0.25,0.2973500252584926,,2025,bat,1B/3B
sa3021196,Luis Merejo,1B,0.25,0.47867003038991235,CLE,2025,bat,1B
sa3024368,Ronald Ramirez,2B/SS,0.25,0.20950001243036237,DET,2025,bat,2B/SS
sa3022675,Jack Payton,C/1B,0.25,0.4906200133264064,SFG,2025,bat,C/1B
sa3015204,Jose Fernandez,3B/SS,0.25,0.5372699688188731,ARI,2025,bat,3B/SS
sa3017045,Wes Clarke,C/1B,0.9700000286102295,3.27192001203075,,2025,bat,C/1B
sa3016306,Ricardo Rosario,OF,0.25,0.4367500003194436,,2025,bat,OF
sa3020000,Spencer Bramwell,C,0.25,0.19318001979263494,MIA,2025,bat,C
sa3021241,Kleyver Salazar,C,0.25,0.178709978039842,BOS,2025,bat,C
sa3010032,Will Bartlett,1B,0.25,0.49475001466926183,,2025,bat,1B
sa3019999,Sterlin Thompson,OF,2.430000066757202,9.62675948999822,COL,2025,bat,OF
sa3021203,Javier Herrera,2B/OF,0.25,0.2998400291544386,LAD,2025,bat,2B/OF
sa3021204,Omar Urbina,C/1B,0.25,0.13382001516874872,BAL,2025,bat,C/1B
sa3009835,Brandon Hernandez,2B/3B,0.25,0.28948995897080737,,2025,bat,2B/3B
sa3018957,Miguel Dominguez,C,0.25,0.15732999326428393,,2025,bat,C
sa3021182,Daniel Campos,C/1B,0.25,0.16313995409291232,CHC,2025,bat,C/1B
sa3022427,Jake DeLeo,OF,0.25,0.46453998186625534,,2025,bat,OF
sa3020120,Chase Estep,1B/3B,0.25,0.5073700035456566,,2025,bat,1B/3B
sa3014703,Ismael Mena,OF,0.25,0.43646003711037334,,2025,bat,OF
sa3022591,Brian Kalmer,1B,0.25,0.5200600386364385,CHC,2025,bat,1B
sa3018545,Robert Gonzalez,OF,0.25,0.32482999344356356,,2025,bat,OF
sa3018475,Jonathan Linares,C,0.25,0.142979979282245,LAA,2025,bat,C
sa3022962,Boston Baro,3B/SS,0.25,0.5426999918650836,NYM,2025,bat,3B/SS
sa3008952,Stiven Acevedo,OF,0.25,0.4501699972432106,,2025,bat,OF
sa3005562,Enmanuel Pire,C,0.25,0.15149002079851925,,2025,bat,C
sa3008737,Starlin Gill,1B/2B/3B,0.25,0.290650003706105,,2025,bat,1B/2B/3B
sa3015811,Keiderson Pavon,2B/3B/SS,0.25,0.21370003082556643,,2025,bat,2B/3B/SS
21560,Alfonso Rivas III,1B,2.759999990463257,9.706870831176637,,2025,bat,1B
sa3022668,Darius Perry,C,0.25,0.30795993704814456,,2025,bat,C
sa3021103,Felix Morrobel,SS,0.25,0.22164999826345588,LAA,2025,bat,SS
sa3014676,Juan Chacon,OF,0.25,0.44761001211591056,BOS,2025,bat,OF
sa3021853,Francisco Caldera,C/1B,0.25,0.14161993557354427,,2025,bat,C/1B
sa3022924,Alberth Palma,SS,0.25,0.16792002761503674,TBR,2025,bat,SS
sa3021606,Oswaldo Patino,2B/3B,0.25,0.27333000169601285,,2025,bat,2B/3B
sa3020123,Justin Boyd,OF,0.25,0.39351993997115636,,2025,bat,OF
sa3018464,Angel Mata,C,0.25,0.194720051321201,PHI,2025,bat,C
sa3008758,Omar Florentino,2B/SS,0.25,0.2883899937616661,,2025,bat,2B/SS
sa3021295,Angelo Hernandez,C,0.25,0.1376099755056202,CHW,2025,bat,C
sa3018463,Aroon Escobar,2B,0.25,0.3144199728500098,PHI,2025,bat,2B
sa3021187,Pablo Arosemena,C/1B,0.25,0.11344000356039026,CLE,2025,bat,C/1B
sa3015685,Daury Arias,OF,0.25,0.41994003002764646,,2025,bat,OF
sa3019963,Skyler Messinger,1B/3B,0.25,0.6624200091697274,COL,2025,bat,1B/3B
sa3015665,Omar Alfonzo,C,0.25,0.6008700286853126,PIT,2025,bat,C
sa3020088,Cole Moore,1B,0.25,0.5036600274266675,,2025,bat,1B
sa3022659,Braden Barry,OF,0.25,0.2718899400788359,TOR,2025,bat,OF
sa3016548,Jose Astudillo,2B/OF,0.25,0.28186999014578756,SFG,2025,bat,2B/OF
sa3015591,Enmanuel Terrero,OF,0.25,0.460179989086464,,2025,bat,OF
sa3021192,Jose Urbina,C,0.25,0.17770996771287167,ARI,2025,bat,C
sa3022491,Rio Foster,OF,0.25,0.42171995344106106,LAA,2025,bat,OF
sa3016156,José Suarez,OF,0.25,0.43177996920421713,STL,2025,bat,OF
sa3022208,Angelo Mora,C,0.25,0.22047998830676077,,2025,bat,C
sa3021216,Starlyn Nunez,3B/SS,0.25,0.32467005492653694,BOS,2025,bat,3B/SS
sa3023950,Steven Madero,C/1B,0.25,0.13918000136036418,DET,2025,bat,C/1B
sa3018595,Alberto Barriga,C,0.25,0.18442996807862067,ARI,2025,bat,C
sa3005538,Jesus Chirinos,1B,0.25,0.5568300151731819,,2025,bat,1B
sa3018410,Javier Osorio,3B/SS,0.25,0.221489992190618,DET,2025,bat,3B/SS
sa3021139,Wilian Trinidad,2B/3B/SS,0.25,0.15897998414002357,TBR,2025,bat,2B/3B/SS
sa3020136,Oliver Cedeno,SS,0.25,0.21254999273223796,,2025,bat,SS
sa3016968,Kyle Battle,OF,0.25,0.4260400817496702,,2025,bat,OF
sa3022964,Colin Houck,3B/SS,0.25,0.21049000066705045,NYM,2025,bat,3B/SS
sa3015107,TT Bowens,1B,0.6399999856948853,1.9211697915568946,BAL,2025,bat,1B
sa3015707,Fran Alduey,2B/3B/SS,0.25,0.2648199902381747,,2025,bat,2B/3B/SS
sa3021090,Carlos Silva,C,0.25,0.1312699765199795,MIN,2025,bat,C
sa3005575,Norkis Marcos,SS,0.25,0.28814997691661115,,2025,bat,SS
sa3024153,Luis Corobo,C,0.25,0.1708899904508143,MIL,2025,bat,C
sa3018098,Brady Allen,OF,0.7300000190734863,2.0921598741784693,,2025,bat,OF
sa3017294,Jordan McCants,2B,0.25,0.3182799924630671,,2025,bat,2B
sa3020210,Elijah Green,OF,0.25,0.3190899779321625,WSN,2025,bat,OF
sa3024147,Elvin Garcia,3B/SS,0.25,0.1813699581893161,BAL,2025,bat,3B/SS
sa3023370,JT Mabry,3B,0.25,0.2915500086732209,,2025,bat,3B
sa3021098,Maikol Orozco,2B/3B,0.25,0.25546005459036675,DET,2025,bat,2B/3B
sa3015847,Felix Tena,OF,0.25,0.5782200061483309,,2025,bat,OF
sa3023722,Curley Martha,3B/SS,0.25,0.18951994336675845,TEX,2025,bat,3B/SS
sa3015611,Lizandro Espinoza,SS,0.25,0.30828001329209653,ATL,2025,bat,SS
sa3018219,Wyatt Hoffman,2B/OF,0.25,0.25748000980820496,SDP,2025,bat,2B/OF
sa3016628,Moises Alcala,C,0.25,0.1763299899641424,ARI,2025,bat,C
sa3005612,Reidy Mercado,OF,0.25,0.4274299744982272,,2025,bat,OF
sa3017217,Juan Benjamin,2B/3B,0.25,0.4525100068305619,CLE,2025,bat,2B/3B
sa3022930,Mikey Kane,1B/3B,0.25,0.47251000663964077,,2025,bat,1B/3B
sa3019090,Jesus Castro,C,0.25,0.13004996310919523,SDP,2025,bat,C
sa3021127,Adrian Meza,SS,0.25,0.20020001565571868,,2025,bat,SS
sa3009328,Yorberto Mejicano,C/1B,0.25,0.49685003806371236,,2025,bat,C/1B
sa3022677,Garret Guillemette,C/1B,0.25,0.4697499798377975,HOU,2025,bat,C/1B
sa3024364,Johan Rodriguez,2B/SS,0.25,0.18333001858554773,CLE,2025,bat,2B/SS
sa3015771,Adari Grant,2B,0.25,0.28548993577715004,,2025,bat,2B
sa3016553,Edgardo Ordonez,C,0.25,0.15591001682914793,MIL,2025,bat,C
sa3015365,Diego Guzman,2B/3B,0.25,0.3018299369839951,KCR,2025,bat,2B/3B
sa3018495,Roynier Hernandez,2B,0.25,0.4115399747854097,COL,2025,bat,2B
sa3020197,Tanner Tredaway,OF,0.25,0.4116800225106999,,2025,bat,OF
sa3021101,Jeremy Rodriguez,SS,0.25,0.27008997668744994,NYM,2025,bat,SS
sa3015684,Kliubert Avila,C,0.25,0.14540001618443055,,2025,bat,C
sa3015708,Ariel Almonte,OF,0.25,0.4988699832232669,CIN,2025,bat,OF
sa3019498,Luis Marquez,2B/SS,0.25,0.2520000246237032,TEX,2025,bat,2B/SS
25813,Grae Kessinger,2B/3B,8.880000114440918,28.23471136987209,NYM,2025,bat,2B/3B
sa3016088,Samuel Rojas,C,0.25,0.1354599522892385,,2025,bat,C
sa3005597,Raimfer Salinas,OF,0.25,0.4224800240946933,,2025,bat,OF
sa3016856,Randy Bednar,OF,0.25,0.4274100376060232,,2025,bat,OF
sa3022601,Ben McCabe,C,0.25,0.2922599559184163,COL,2025,bat,C
sa3021207,Alfredo Rodriguez,C,0.25,0.08610997728537761,TBR,2025,bat,C
sa3015683,Anderson Suriel,1B/OF,0.25,0.4218100494239479,,2025,bat,1B/OF
sa3023774,Deinys Gonzalez,C,0.25,0.08583002052037039,TBR,2025,bat,C
sa3008823,Jauri Custodio,OF,0.25,0.4155999729875475,,2025,bat,OF
sa3015826,Yohairo Cuevas,1B/OF,0.25,0.3908999938052148,NYM,2025,bat,1B/OF
sa3023908,Kyle Sinzza,2B/SS,0.25,0.23830998745979734,ARI,2025,bat,2B/SS
sa3023921,Merphy Hernandez,OF,0.25,0.27146003751549863,MIN,2025,bat,OF
sa3016645,Elio Campos,2B,0.25,0.2845000270521267,ATL,2025,bat,2B
sa3017022,Joshua Baez,OF,0.25,0.561749981273897,STL,2025,bat,OF
sa3014714,Rikelbin De Castro,2B/SS,0.25,0.27587996122892944,,2025,bat,2B/SS
sa3023918,Feldi Tavarez,C,0.25,0.16461007216712456,WSN,2025,bat,C
sa3015680,Lewis Castillo,1B/3B,0.25,0.2732200523721985,,2025,bat,1B/3B
sa3022753,Dillon Head,OF,0.25,0.44809999282006174,MIA,2025,bat,OF
sa3019807,Bjay Cooke,2B/SS,0.25,0.2167500534211285,OAK,2025,bat,2B/SS
sa3021140,Sandro Pereira,2B,0.25,0.239949939912185,HOU,2025,bat,2B
sa3022537,Brock Vradenburg,1B,0.25,0.5079699937021359,PHI,2025,bat,1B
sa3024110,Emilio Sanchez,3B/SS,0.25,0.15688998212572186,BAL,2025,bat,3B/SS
sa3023766,Ilan Fernandez,SS,0.25,0.22498002026695754,BOS,2025,bat,SS
sa3024340,Juan Mateo,3B/SS,0.25,0.22602003504289314,ATL,2025,bat,3B/SS
sa3016840,Paxton Wallace,1B/3B,0.25,0.4840399624314159,,2025,bat,1B/3B
sa3018960,Ludwin Tejada,C,0.25,0.13314999765716493,,2025,bat,C
sa3015851,Derlin Figueroa,1B/3B,0.25,0.503239946370013,KCR,2025,bat,1B/3B
sa3005487,Adrian Hernandez,OF,0.25,0.41900997746270147,,2025,bat,OF
sa3024109,Edgar Montero,SS,0.25,0.14443001257022833,OAK,2025,bat,SS
sa3018404,Ryan Reckley,2B/SS,0.25,0.2649200124433264,SFG,2025,bat,2B/SS
sa3018506,Leiker Figueroa,3B/SS,0.25,0.22892001993022854,,2025,bat,3B/SS
sa3005151,Kevin Watson Jr,OF,0.25,0.5382299676071852,,2025,bat,OF
sa3024319,Cesar Lugo,OF,0.25,0.26474001099122674,CHC,2025,bat,OF
sa3018448,Claudio Simon,2B/3B/OF,0.25,0.27302998921368266,,2025,bat,2B/3B/OF
sa3021118,Rafhlmil Torres,2B/SS,0.25,0.2651300515513867,CIN,2025,bat,2B/SS
sa3022687,Cam Fisher,1B/OF,0.25,0.4647900331532583,,2025,bat,1B/OF
sa3024327,Dauri Fernandez,2B/3B/SS,0.25,0.23590000114636483,CLE,2025,bat,2B/3B/SS
sa3020138,Christopher Paciolla,3B,0.25,0.28297000228194513,CHC,2025,bat,3B
sa3010023,Jairo Pomares,OF,0.8600000143051147,3.123820115812123,,2025,bat,OF
sa3022817,George Wolkow,OF,0.25,0.4010500581236556,CHW,2025,bat,OF
sa3021325,Carlos Caro,2B,0.25,0.3007600357057526,PIT,2025,bat,2B
sa3021593,Angel Perez,C/1B,0.25,0.1675499799195677,,2025,bat,C/1B
sa3009794,Angeudis Santos,2B/SS,0.25,0.3916400254238397,,2025,bat,2B/SS
sa3015600,Edryn Rodriguez,2B,0.25,0.2668500098865479,,2025,bat,2B
22232,Mason McCoy,SS,10.329999923706055,26.395020093023774,SDP,2025,bat,SS
sa3005773,Eliezel Stevens,2B,0.25,0.47382001616060726,,2025,bat,2B
sa3021619,Liosward Marin,C,0.25,0.1540900054154917,BOS,2025,bat,C
sa3019440,Estiven Giron,C/1B,0.25,0.11977001025807113,,2025,bat,C/1B
sa3023720,Yovanny Rodriguez,C,0.25,0.10995998696889721,NYM,2025,bat,C
sa3022888,Wooyeoul Shin,1B/OF,0.25,0.4202999827917664,,2025,bat,1B/OF
sa3020118,Trey Faltine,2B/OF,0.25,0.33306992867728696,CIN,2025,bat,2B/OF
sa3023926,Santiago Ustariz,C/1B,0.25,0.09746998038608573,CLE,2025,bat,C/1B
sa3023892,Angel Feliz,SS,0.25,0.22593994495691727,WSN,2025,bat,SS
sa3022604,Avery Owusu-Asiedu,OF,0.25,0.3106399981421417,ARI,2025,bat,OF
sa3021178,Anyelo Marquez,2B,0.25,0.24594998693792147,LAA,2025,bat,2B
sa3021830,Williams Wong,2B,0.25,0.2130300122546032,,2025,bat,2B
sa3018616,Santiago Gomez,2B/3B,0.25,0.22709001650800922,NYY,2025,bat,2B/3B
sa3009299,Dayro Perez,SS,0.25,0.2691000013612211,,2025,bat,SS
sa3024133,José Anderson,OF,0.25,0.2866799919400364,MIL,2025,bat,OF
sa3006432,Angel Basabe,OF,0.25,0.40295000725891433,,2025,bat,OF
sa3021197,Jonathan Martinez,2B/SS,0.25,0.16715001122793183,CLE,2025,bat,2B/SS
sa3018474,Richard Ramirez,C,0.25,0.16628993607591835,PIT,2025,bat,C
sa3008937,Dyron Campos,OF,0.25,0.4141900133574381,,2025,bat,OF
sa3022568,Jackson Feltner,1B,0.25,0.4982899743830784,,2025,bat,1B
sa3005569,Eduardo Salazar,1B/OF,0.25,0.4829999771434813,,2025,bat,1B/OF
sa3017000,Wade Stauss,C,0.25,0.5171299900626763,,2025,bat,C
sa3022307,Erick Lara,3B/SS,0.25,0.13760998140787703,TBR,2025,bat,3B/SS
sa3021306,Michael Guzman,3B,0.25,0.22388002439402044,TEX,2025,bat,3B
sa3025309,Alec Makarewicz,1B/3B,0.25,0.46863997502950944,CHW,2025,bat,1B/3B
sa3008942,Geraldo Quintero,2B/OF,0.9599999785423279,2.964680169336498,ATL,2025,bat,2B/OF
sa1170897,Ernny Ordonez,1B,0.25,0.49122997934464363,,2025,bat,1B
sa3010636,Garrett Frechette,1B,0.25,0.47829001289792344,,2025,bat,1B
sa3015374,Cuba Bess,1B,0.25,0.48032002919353545,,2025,bat,1B
sa3022264,Ryan McCarthy,OF,0.25,0.39125001300126316,,2025,bat,OF
sa3021833,Jose Torrez,C,0.25,0.13678999299881978,,2025,bat,C
sa3023894,Joswa Lugo,SS,0.25,0.2057700361241586,LAA,2025,bat,SS
sa3023907,Jose Dickson,SS,0.25,0.16891001446638246,DET,2025,bat,SS
sa3018615,Wady Mendez,OF,0.25,0.3650699923979117,TEX,2025,bat,OF
sa3018391,Diego Benitez,SS,0.25,0.21372995951678603,,2025,bat,SS
sa3016965,J.D. McLaughlin,OF,0.25,0.39181999030988657,,2025,bat,OF
12155,Eddie Rosario,OF,3.5,13.210280273109673,,2025,bat,OF
sa3011263,Jake Guenther,1B/OF,0.25,0.4670200075255706,,2025,bat,1B/OF
sa3018555,Jose Rodriguez,OF,0.25,0.3995200002682395,,2025,bat,OF
sa3023769,Efren Teran,SS,0.25,0.2081699845613911,BOS,2025,bat,SS
sa3015699,Shalin Polanco,OF,0.25,0.4485199561459012,PIT,2025,bat,OF
sa3023972,Oliver Tejada,OF,0.25,0.2595600433414802,SFG,2025,bat,OF
sa3008748,Alvin Guzman,OF,0.25,0.3869499898049979,,2025,bat,OF
sa3023731,Justin Capellan,C,0.25,0.09049997441470614,NYY,2025,bat,C
sa3019936,Drake Logan,OF,0.25,0.38079001562437037,CHW,2025,bat,OF
sa3022818,Stanley Tucker,OF,0.25,0.4146500053582712,BOS,2025,bat,OF
sa3008853,Danyer Sanabria,1B/OF,0.25,0.39787995419465,,2025,bat,1B/OF
sa3020223,Cameron Decker,1B/OF,0.25,0.49070998115930703,LAD,2025,bat,1B/OF
sa3014681,Michel Triana,1B,0.25,0.47862996160984034,,2025,bat,1B
sa3021131,Ramon Landaeta,C,0.25,0.06696997769176954,OAK,2025,bat,C
sa3016826,Raylin Heredia,OF,0.25,0.43856998695991933,PHI,2025,bat,OF
sa3021221,Kleiver Chauran,2B/3B/SS,0.25,0.1256899749278091,TBR,2025,bat,2B/3B/SS
sa3025269,Edgar Alvarez,1B/OF,0.25,0.48010002751834685,CHC,2025,bat,1B/OF
sa3024635,Wuinder Torres,C/1B,0.25,0.08996001327177507,CLE,2025,bat,C/1B
sa3017481,Jakey Josepha,OF,0.25,0.2838499919278546,ARI,2025,bat,OF
sa3019303,Griffin Lockwood-Powell,C/1B,0.6399999856948853,1.9830700788414106,LAD,2025,bat,C/1B
sa3015167,Roger Leyton,OF,0.25,0.39356994580011806,,2025,bat,OF
sa3017023,Eric Martinez,C,0.25,0.13117001414066173,MIL,2025,bat,C
sa3018401,Guillermo Williamson,1B,0.25,0.46266001457115624,,2025,bat,1B
sa3018521,Alessandro Duran,C/1B,0.25,0.10506001038011156,SFG,2025,bat,C/1B
sa3018966,Gilberto Rojas,C/1B,0.25,0.11868000128306444,,2025,bat,C/1B
sa3018644,Byron Chourio,OF,0.25,0.37616002478171134,MIN,2025,bat,OF
sa3015589,Javier Rivas,3B/SS,0.25,0.30247998258564607,PIT,2025,bat,3B/SS
sa3015353,Jheremy Vargas,2B/3B,0.25,0.529550012713298,MIL,2025,bat,2B/3B
sa3021290,Angel Acosta,2B,0.25,0.25931004066951563,KCR,2025,bat,2B
sa3022284,Henniel Alcala,C,0.25,0.12402002479648214,CHC,2025,bat,C
sa3018449,Marcos Torres,OF,0.25,0.3604899978730828,TEX,2025,bat,OF
sa3008739,Felix Negueis,OF,0.25,0.3864700448466465,,2025,bat,OF
sa3018584,Josue Briceño,C/1B,0.25,0.5124899933347479,DET,2025,bat,C/1B
sa3022406,Wyatt Crenshaw,OF,0.25,0.38895993831101794,,2025,bat,OF
sa3008784,Isaac De León,3B/SS,0.25,0.44731002703774714,,2025,bat,3B/SS
sa3021082,Esmil Valencia,OF,0.25,0.23752005391288541,MIA,2025,bat,OF
sa3018445,Modeifi Marte,1B,0.25,0.4872300104005262,ARI,2025,bat,1B
sa3017113,Phillip Sikes,OF,0.9800000190734863,3.081359919998795,BOS,2025,bat,OF
sa3015238,Carlos Pelegrin,OF,0.25,0.39205998245161017,,2025,bat,OF
sa1170006,Joe Vranesh,OF,0.25,0.5356399659765885,,2025,bat,OF
sa3021649,Railin Familia,C/1B,0.25,0.12436998829944057,,2025,bat,C/1B
sa3023776,Kendrick Herrera,SS,0.25,0.20950999248307195,PIT,2025,bat,SS
sa3021144,Carlos Virahonda,C,0.25,0.13540000746725123,ARI,2025,bat,C
sa3018613,Carlos Sanchez,C,0.25,0.14585997951216992,MIA,2025,bat,C
sa3022824,Carter Graham,1B/3B,0.25,0.5433100126567296,CIN,2025,bat,1B/3B
sa3005747,Luis Baez,OF,0.25,0.381830039806664,,2025,bat,OF
sa3018487,Yonatan Henriquez,3B/OF,0.25,0.3592900022049434,NYM,2025,bat,3B/OF
sa3023882,Josueth Quinonez,OF,0.25,0.28004996001254756,DET,2025,bat,OF
24451,J.P. Martínez,OF,1.7799999713897705,5.82367008011788,,2025,bat,OF
sa3021639,Asbel Gonzalez,OF,0.25,0.25896004822570823,KCR,2025,bat,OF
sa3022434,Brayden Jobert,1B/OF,0.25,0.4488899613264948,,2025,bat,1B/OF
30162,Oscar Colás,OF,15.09000015258789,55.92043258249758,,2025,bat,OF
sa3016135,Oscar Silverio,C/1B,0.25,0.11054002637974912,,2025,bat,C/1B
sa3017326,Damiano Palmegiani,1B/3B,1.559999942779541,5.296159718744456,TOR,2025,bat,1B/3B
sa3018924,Luis Ogando,1B/3B,0.25,0.2554000044940039,,2025,bat,1B/3B
sa3019404,Josnaider Orellana,C/1B,0.25,0.12805005670525135,ATL,2025,bat,C/1B
sa3018392,Jair Casanova,OF,0.25,0.3858600390842184,,2025,bat,OF
sa3021634,Luis Parababire,C/1B,0.25,0.1270800101920031,ATL,2025,bat,C/1B
sa3016644,Javier Castillo,C/1B,0.25,0.10734002336394034,,2025,bat,C/1B
sa3018606,Jairo Diaz,C,0.25,0.11060994545696298,CHC,2025,bat,C
sa3015692,Javier Mora,2B,0.25,0.23859995962120595,,2025,bat,2B
sa3024121,Diorland Zambrano,1B/SS,0.25,0.31751001907978205,CIN,2025,bat,1B/SS
sa3005766,Iverson Leonardo,OF,0.25,0.3833299821941181,,2025,bat,OF
sa3022508,Kade Kern,OF,0.25,0.4118099810555576,,2025,bat,OF
sa3015686,Dilan Granadillo,C,0.25,0.10476002569776027,CHC,2025,bat,C
sa3005476,Fadriel Cruz,OF,0.25,0.37247006460092963,,2025,bat,OF
sa3015652,Layant Tapia,SS,0.25,0.24306000692304214,,2025,bat,SS
sa3021281,Jorge Ramirez,C,0.25,0.10169006903888653,SFG,2025,bat,C
sa3023579,John Michael Faile,1B,0.25,0.5438400173326954,CIN,2025,bat,1B
sa3010336,Trevor Boone,OF,0.3799999952316284,1.2433898826129735,,2025,bat,OF
sa3021611,Freider Rojas,C,0.25,0.10130003630183636,MIL,2025,bat,C
sa3019927,Ben Metzinger,1B/3B,0.25,0.43781000920571383,,2025,bat,1B/3B
sa3022560,Kevin Sim,1B/3B,0.25,0.4824600437656045,,2025,bat,1B/3B
sa3021050,Omari Daniel,DH,0.25,0.2343500331742688,DET,2025,bat,DH
sa3023962,Jurdrick Profar,2B/SS,0.25,0.1568200070294551,CHW,2025,bat,2B/SS
sa3025203,Carter Johnson,2B/SS,0.25,0.27775997086428095,MIA,2025,bat,2B/SS
14128,Joey Gallo,OF,3.4100000858306885,12.52955947369337,,2025,bat,OF
sa3017663,Javier Bolivar,1B/3B,0.25,0.24582998419646168,,2025,bat,1B/3B
sa3020679,Brando Mayea,OF,0.25,0.22052001454867423,NYY,2025,bat,OF
sa3015768,Esmerlyn Valdez,1B/OF,0.25,0.5585899290861561,PIT,2025,bat,1B/OF
sa3011614,Logan Glass,OF,0.25,0.37584000359056513,CHW,2025,bat,OF
sa3019524,Gary Mattis,OF,0.25,0.5256300514796748,,2025,bat,OF
sa3021219,Elias Medina,3B/OF,0.25,0.2611899755429477,LAD,2025,bat,3B/OF
sa3023784,Angel Brachi,2B/SS,0.25,0.12387004927732041,MIA,2025,bat,2B/SS
sa3018942,Jeffrey Mercedes,2B/3B,0.25,0.21478002672083676,CLE,2025,bat,2B/3B
sa3019916,Chad Castillo,1B,0.25,0.461069994373247,,2025,bat,1B
sa3024143,Eduardo Rojas,C,0.25,0.1004700341494754,LAD,2025,bat,C
sa3021327,Jorge Lara,2B,0.25,0.2600200102198869,ARI,2025,bat,2B
sa3021602,Sebastian Cadiz,C/1B,0.25,0.0724400061648339,CLE,2025,bat,C/1B
sa3021322,Derik Alcantara,OF,0.25,0.36758000166155397,CHC,2025,bat,OF
sa3023973,Jesus Pinto,OF,0.25,0.22400996978394683,DET,2025,bat,OF
sa3016097,Renny Hidalgo,OF,0.25,0.3740800415864214,,2025,bat,OF
sa3021155,Miguel Rodriguez,OF,0.25,0.26797002390958363,,2025,bat,OF
sa3005530,Ronny Rojas,3B,0.25,0.4569600395392626,,2025,bat,3B
sa3018440,Enzo Paulino,1B/OF,0.25,0.40060999069828535,,2025,bat,1B/OF
sa3014470,Carson Tucker,2B/3B/SS,0.25,0.2349799709161743,SDP,2025,bat,2B/3B/SS
sa3024119,Alexi Quiroz,C/1B,0.25,0.062029988993890554,HOU,2025,bat,C/1B
sa3023895,Angel Guzman,2B/SS,0.25,0.13999002189375453,TOR,2025,bat,2B/SS
sa3015629,Roylems Rangel,C,0.25,0.09914005117025221,,2025,bat,C
sa3015861,Anderson Colmenarez,2B/3B,0.25,0.22388004296226427,,2025,bat,2B/3B
sa3021320,Bairon Ledesma,2B,0.25,0.3792299767490475,COL,2025,bat,2B
sa3021168,Julian Hernandez,C,0.25,0.08285003773635254,,2025,bat,C
sa3022281,Yassel Soler,3B,0.25,0.27862005477072666,ARI,2025,bat,3B
sa3016161,Carlos Avila,C/1B,0.25,0.10609997634310268,LAD,2025,bat,C/1B
sa3022425,William Sullivan,1B,0.25,0.4451600113417953,,2025,bat,1B
sa3021061,Pedro Catuy,OF,0.25,0.2720699874218553,ARI,2025,bat,OF
sa3021181,Yaikel Mijares,2B/3B,0.25,0.13595997891388825,CLE,2025,bat,2B/3B
sa3015198,Solomon Maguire,OF,0.25,0.4097499844618141,,2025,bat,OF
sa3018427,Bryan Acuna,SS,0.25,0.1442999618593603,MIN,2025,bat,SS
sa3018934,Henry Guerrero,C,0.25,0.09665003677364435,,2025,bat,C
sa3005787,Johnabiell Laureano,OF,0.25,0.36686998796649267,,2025,bat,OF
sa3019510,Roiner Quintana,OF,0.25,0.2067900059279054,HOU,2025,bat,OF
sa3022571,Angelo DiSpigna,1B/OF,0.25,0.36425000445451583,,2025,bat,1B/OF
sa3018610,Daniel Castro,C/1B,0.25,0.09367996412329369,,2025,bat,C/1B
sa3015639,Robert Robertis,OF,0.25,0.36300998372025783,,2025,bat,OF
sa3022558,Tevin Tucker,2B,0.25,0.36704995930194856,COL,2025,bat,2B
sa3019638,Yoffry Solano,2B,0.25,0.25903995928820217,MIA,2025,bat,2B
sa3023713,Isael Arias,OF,0.25,0.20220998215954747,NYY,2025,bat,OF
sa3023925,Yairo Padilla,SS,0.25,0.16018005332443858,STL,2025,bat,SS
22117,Nick Pratto,1B,4.019999980926514,15.44986991509795,TEX,2025,bat,1B
sa3018946,Yidel Diaz,C/1B,0.25,0.09315998930251222,,2025,bat,C/1B
sa3010863,Junior Sanquintin,1B,0.25,0.4589600045466795,,2025,bat,1B
sa3023947,Juarlin Soto,3B,0.25,0.12140002743108193,TOR,2025,bat,3B
sa3018540,Angel Mateo,OF,0.25,0.4491299974033608,TBR,2025,bat,OF
sa3018589,Brayan Sanchez,C/1B,0.25,0.08660001412499697,,2025,bat,C/1B
sa3015625,Arison Jimenez,OF,0.25,0.18025000313064082,TBR,2025,bat,OF
sa3019102,Edwin Ramos,C/1B,0.25,0.08204000958940008,,2025,bat,C/1B
sa3024145,Yojackson Laya,SS,0.25,0.1572100103134289,LAD,2025,bat,SS
sa3019938,John McHenry,2B/3B/OF,0.25,0.35144003399182105,,2025,bat,2B/3B/OF
sa3016958,Austin Schultz,OF,0.25,0.3634100426686927,,2025,bat,OF
sa3022678,Brandon Pimentel,1B,0.25,0.4653900380362756,WSN,2025,bat,1B
sa3022595,A.J. Shaver,OF,0.25,0.23941000533523038,,2025,bat,OF
sa3008763,Estanli Castillo,OF,0.25,0.36395999330561607,,2025,bat,OF
sa3017697,T.J. White,1B/OF,0.25,0.522919960762374,WSN,2025,bat,1B/OF
sa3023721,Leonardo Pineda,OF,0.25,0.17301001334562896,TBR,2025,bat,OF
sa3016918,Jefferson Valladares,C/1B,0.25,0.41895998949185015,,2025,bat,C/1B
sa3015551,Luis Perez,OF,0.25,0.3670699516078457,,2025,bat,OF
sa3014831,Brett Rodriguez,2B/OF,0.25,0.3475500153144821,,2025,bat,2B/OF
sa3022893,Nazzan Zanetello,2B/SS,0.25,0.182029985054396,BOS,2025,bat,2B/SS
sa3017162,John Rhodes,1B/OF,1.090000033378601,3.431239801924675,LAD,2025,bat,1B/OF
sa3018489,Yordalin Peña,OF,0.25,0.2261099621769971,STL,2025,bat,OF
sa3018455,Carlos Pacheco,OF,0.25,0.16742997972760343,OAK,2025,bat,OF
sa3024148,Hector Campusano,2B/OF,0.25,0.19415001360466702,BAL,2025,bat,2B/OF
sa3008874,Nelson Beltran,OF,0.25,0.294869942322839,,2025,bat,OF
sa3015788,Luis Guerra,2B/3B,0.25,0.424140021414496,,2025,bat,2B/3B
sa3023906,Hayden Alvarez,OF,0.25,0.21964003312168637,LAA,2025,bat,OF
sa3009324,Darlyn Montero,1B,0.25,0.3830799853545613,,2025,bat,1B
sa3020093,Harrison Spohn,SS,0.7699999809265137,1.6524300406686958,,2025,bat,SS
sa3019540,Jean Mata,OF,0.25,0.21906001892639318,,2025,bat,OF
sa3022191,Estarling Mercado,1B/OF,0.25,0.4220900039887056,NYM,2025,bat,1B/OF
sa3017980,Luis Reyes,1B,0.25,0.4990299573051743,,2025,bat,1B
sa3016325,Miguel Sosa,C/OF,0.25,0.37946998155675826,PIT,2025,bat,C/OF
sa3022165,Arnaldo Montano,C/1B,0.25,0.08288998736534264,,2025,bat,C/1B
sa3022866,Eric Bitonti,1B/3B,0.25,0.4602599581587128,MIL,2025,bat,1B/3B
sa3010163,Jordan Brown,OF,0.25,0.36672999241855,,2025,bat,OF
sa3023890,Ashly Andujar,SS,0.25,0.2995799539610743,COL,2025,bat,SS
sa3008838,Jaswel De Los Santos,OF,0.25,0.364479993074201,,2025,bat,OF
sa3019926,Brett Roberts,OF,0.25,0.5359199796570464,,2025,bat,OF
sa3005744,Junior Perez,OF,1.100000023841858,3.15357010923326,OAK,2025,bat,OF
sa3015543,Esneider Gomez,1B/3B,0.25,0.22948003018973392,,2025,bat,1B/3B
sa3010015,Julio Carrion,1B/3B,0.25,0.35969995646737507,,2025,bat,1B/3B
sa3022384,Orlando Pacheco,C,0.25,0.07107998321298512,,2025,bat,C
sa3023968,Cristian Arguelles,OF,0.25,0.36562001511920234,COL,2025,bat,OF
sa3019527,Cruzmel Arias,C/1B,0.25,0.22933001432102162,COL,2025,bat,C/1B
sa3019465,Jorgelys Mota,3B,0.25,0.2482199407648295,WSN,2025,bat,3B
sa3015626,Odalys Peguero,2B/SS,0.25,0.3374799872515723,,2025,bat,2B/SS
sa3017405,Brennon McNair,3B/OF,0.25,0.36728992997668686,KCR,2025,bat,3B/OF
sa3021315,Dashyll Tejeda,OF,0.25,0.25681996091734605,WSN,2025,bat,OF
sa3015714,Jefferson Pena,OF,0.25,0.37641994075383983,,2025,bat,OF
sa3008889,Alexander Mojica,1B/3B,0.25,0.43202000234741716,,2025,bat,1B/3B
sa3017877,Christian Olivo,OF,0.25,0.3485600036103278,CHC,2025,bat,OF
sa3010164,Misael Gonzalez,OF,0.25,0.3612700248835608,,2025,bat,OF
sa3014472,Anthony Servideo,2B/3B/SS,0.75,1.38722988772206,,2025,bat,2B/3B/SS
sa3025257,Charlie Condon,1B,0.25,0.51766002853401,COL,2025,bat,1B
sa3022379,Enyervert Perez,1B/2B,0.25,0.2511400372488424,ARI,2025,bat,1B/2B
sa3024374,Luis Aguilera,2B/SS,0.25,0.19661996702197929,DET,2025,bat,2B/SS
sa3021255,Harold Gonzalez,2B/3B,0.25,0.21218999344855544,LAD,2025,bat,2B/3B
sa3022507,Isaiah Drake,OF,0.25,0.2460199561668559,ATL,2025,bat,OF
sa3024156,Hector Salas,2B,0.25,0.1863900654949247,HOU,2025,bat,2B
sa3021326,Kevin Verde,3B/SS,0.25,0.19505998601671304,NYY,2025,bat,3B/SS
sa3019778,Juan Olmos,C,0.25,0.0914200167637318,ATL,2025,bat,C
sa3018642,Jerson Florentino,2B,0.25,0.2072600042563863,,2025,bat,2B
sa3024361,Jhonayker Ugarte,3B/SS,0.25,0.2238599800388328,KCR,2025,bat,3B/SS
sa3015672,Beycker Barroso,C,0.25,0.38865998235996807,TEX,2025,bat,C
sa3020460,Tommy Specht,OF,0.25,0.3151100271265022,,2025,bat,OF
sa3021081,Luis Almeyda,3B/SS,0.25,0.12049994067056101,BAL,2025,bat,3B/SS
sa3021230,Victor Cardoza,OF,0.25,0.2744499814580194,PHI,2025,bat,OF
sa3021317,Heriberto Caraballo,C/1B,0.25,0.07443002456566315,STL,2025,bat,C/1B
sa3015651,Oswal Rada,C,0.25,0.0887700185878202,,2025,bat,C
sa3021160,Branny De Oleo,2B/SS,0.25,0.20143001817632458,NYM,2025,bat,2B/SS
sa3014468,Carson Taylor,C/1B,1.350000023841858,4.725409762561321,SEA,2025,bat,C/1B
sa3022749,Kellum Clark,1B/OF,0.25,0.4086999964900315,,2025,bat,1B/OF
sa3022503,Cam Magee,3B/SS,0.25,0.2158800247940234,,2025,bat,3B/SS
sa3014987,Jacob Buchberger,3B,0.7599999904632568,2.3574798135086894,,2025,bat,3B
sa3023931,Yeiferth Castillo,OF,0.25,0.30889997625490645,CLE,2025,bat,OF
sa3018961,Neifi Vasquez,OF,0.25,0.17183003196259955,,2025,bat,OF
sa3015840,Emerson Purroy,2B/SS,0.25,0.14037005173740902,,2025,bat,2B/SS
sa3022969,Darling Fernandez,OF,0.25,0.28622998986393206,OAK,2025,bat,OF
sa3021075,Ismael Javier,2B/SS,0.25,0.2028599551296793,,2025,bat,2B/SS
sa3021229,Braylin Morel,OF,0.25,0.32717999862506986,TEX,2025,bat,OF
sa3024380,Carlos  Garces,3B/OF,0.25,0.18307999693788582,CLE,2025,bat,3B/OF
18289,Brian Anderson,3B/OF,1.6200000047683716,5.452250021882354,,2025,bat,3B/OF
sa3018413,Alexis Hernandez,2B/SS,0.25,0.2102699767099693,CHC,2025,bat,2B/SS
sa3024305,Yandel Ricardo,SS,0.25,0.16519002462737256,KCR,2025,bat,SS
sa3021198,Joshua Liranzo,3B/SS,0.25,0.18227001845370974,BAL,2025,bat,3B/SS
sa3017559,Braylon Bishop,OF,0.25,0.3838599817361682,,2025,bat,OF
sa3021838,Jhorvic Abreus,3B,0.25,0.18046998683130358,CLE,2025,bat,3B
sa3016164,Luis Garcia,2B/SS,0.25,0.14203001261921594,,2025,bat,2B/SS
sa3015521,Rolphy Cruz,2B,0.25,0.3506699366727843,,2025,bat,2B
sa3020499,Milo Rushford,OF,0.25,0.351620028889738,KCR,2025,bat,OF
sa3017108,Hayden Jones,C,0.25,0.5026200232328847,,2025,bat,C
11200,Kole Calhoun,OF,1.1799999475479126,4.258439886569976,,2025,bat,OF
sa3003225,Jhoneiker Betancourt,C/1B,0.25,0.42273998432792714,,2025,bat,C/1B
sa3021249,Pablo Guerrero,1B,0.25,0.4025400436948984,TEX,2025,bat,1B
sa3022163,Alexander Requena,C,0.25,0.0963100164895877,MIA,2025,bat,C
sa3024347,Winder Linares,OF,0.25,0.17762999044498426,,2025,bat,OF
sa3022320,Cristian Perez,OF,0.25,0.19241998328361656,DET,2025,bat,OF
sa3021262,Yosneiker Rivas,2B/SS,0.25,0.12446003523655225,SFG,2025,bat,2B/SS
sa3015755,Jhosward Camacho,1B/3B,0.25,0.20824005089234557,,2025,bat,1B/3B
sa3021251,Keiver Garcia,2B/SS,0.25,0.11546002415707333,,2025,bat,2B/SS
sa3021278,Andres Valor,OF,0.25,0.24943002370418976,MIA,2025,bat,OF
sa3019933,Reece Walling,1B/OF,0.25,0.3454600479686632,,2025,bat,1B/OF
sa3016557,Manuel Guance,2B,0.25,0.13925999727798619,,2025,bat,2B
sa3021238,Heriberto Rincon,OF,0.25,0.19194997950689863,NYM,2025,bat,OF
sa3011828,Zion Bannister,OF,0.25,0.3427000234369188,,2025,bat,OF
sa3021267,Keiberg Camacaro,SS,0.25,0.1360800146823749,SFG,2025,bat,SS
sa3018941,Jeffry Rosa,OF,0.25,0.33687995083164424,,2025,bat,OF
sa3023770,Moises Bolivar,3B,0.25,0.2261300172074697,LAD,2025,bat,3B
sa3015737,Kevin Guerrero,OF,0.25,0.3105899794027209,,2025,bat,OF
sa3018600,Luis Torres,1B,0.25,0.4180699795251711,,2025,bat,1B
sa3022487,Charlie Pagliarini,2B,0.25,0.32261997233144935,SEA,2025,bat,2B
sa3018617,Raimel Medina,OF,0.25,0.3430399810196832,KCR,2025,bat,OF
sa3019909,Noah Williams,OF,0.25,0.3394399698125198,,2025,bat,OF
sa875232,Nick Shumpert,SS,0.25,0.33527994959149504,,2025,bat,SS
sa3021193,Bracewell Taveras,2B,0.25,0.2082900173845701,STL,2025,bat,2B
20242,Kevin Smith,3B/SS,0.47999998927116394,1.4565200408454984,,2025,bat,3B/SS
sa3015179,Manuel Sequera,SS,0.25,0.4754899628460406,,2025,bat,SS
sa3021301,Jorge Hernandez,2B/3B,0.25,0.2153400542330928,KCR,2025,bat,2B/3B
sa3008879,Deivis Nadal,SS/OF,0.25,0.348459948436357,,2025,bat,SS/OF
sa3016188,Jorluis Guerra,3B,0.25,0.2101200031931512,,2025,bat,3B
sa3021630,Miguel Blanco,OF,0.25,0.1916299754288047,SFG,2025,bat,OF
sa3019628,Jose Robledo,2B/3B/SS,0.25,0.10954005782259621,,2025,bat,2B/3B/SS
sa3015860,Ezequiel Surun,SS,0.25,0.13407001623418172,,2025,bat,SS
sa3021191,Jose Pirela,OF,0.25,0.18461997546255582,CLE,2025,bat,OF
sa3024331,Dariel Arias,OF,0.25,0.1036200035712681,CLE,2025,bat,OF
sa3024367,Darian Castillo,2B,0.25,0.1724099877756088,SDP,2025,bat,2B
sa3015596,George Feliz,OF,0.25,0.1298899859539232,SEA,2025,bat,OF
sa3011665,Blaine McIntosh,OF,0.25,0.3176900508347899,,2025,bat,OF
sa3025069,Yeisy Celesten,1B/3B,0.25,0.1649299869546666,TEX,2025,bat,1B/3B
sa3015594,Carlos Rodriguez,C,0.25,0.04021001274231823,SDP,2025,bat,C
sa3018458,Alberto Mendez,2B/3B,0.25,0.16705006677657358,,2025,bat,2B/3B
sa3023909,Christofer Reyes,2B/SS,0.25,0.1060500081046484,NYY,2025,bat,2B/SS
sa3020207,Nathaniel Ochoa Leyva,3B/OF,0.25,0.22234995906474064,WSN,2025,bat,3B/OF
sa3015513,Daniel Torres,1B,0.25,0.33601999895181506,,2025,bat,1B
sa3024362,Cleudis Valenzuela,1B/2B,0.25,0.15538999149575822,,2025,bat,1B/2B
sa3021165,Vladi Gomez,2B/OF,0.25,0.17564005523454396,NYM,2025,bat,2B/OF
sa3024116,Israfell Bautista,2B/OF,0.25,0.15071999602951097,TBR,2025,bat,2B/OF
sa3015546,Raudy De Los Santos,2B/OF,0.25,0.1963799951714463,,2025,bat,2B/OF
sa3021152,Juan Hernandez,3B/SS,0.25,0.18255000074859706,DET,2025,bat,3B/SS
sa3011667,Roilan Machandy,OF,0.25,0.3400900600245222,,2025,bat,OF
sa3021859,Paulo Asprilla,C,0.25,0.05332996587967491,STL,2025,bat,C
sa3017323,Elijah Cabell,OF,0.25,0.33170005057472735,,2025,bat,OF
sa3021286,Mario Baez,2B/SS,0.25,0.2185899972100742,ATL,2025,bat,2B/SS
sa3005780,Jefferson Encarnacion,OF,0.25,0.33087000509258363,,2025,bat,OF
sa3016187,Miguel Lopez,2B,0.25,0.1953699953388422,,2025,bat,2B
sa3015644,Moises Paiva,2B,0.25,0.1921700197388418,,2025,bat,2B
sa3021170,Jose Marcano,2B/SS,0.25,0.16741999755613501,CLE,2025,bat,2B/SS
sa3023885,Daiber De Los Santos,SS,0.25,0.12719994060462336,MIN,2025,bat,SS
sa3018604,Wilton Lara,3B/SS,0.25,0.17753997740801417,HOU,2025,bat,3B/SS
sa3022196,Jose Gonzalez,OF,0.25,0.2094899731106125,LAD,2025,bat,OF
sa3015726,Yeferson Tineo,2B/SS,0.25,0.12302000094205132,,2025,bat,2B/SS
sa3015556,Darol Garcia,2B/SS,0.25,0.19006999890552834,,2025,bat,2B/SS
sa3019684,Romel Mendez,OF,0.25,0.19569998930674046,,2025,bat,OF
sa3023985,Ramiro Dominguez,2B,0.25,0.19496005370747294,MIN,2025,bat,2B
sa3024142,Alexander Rincon,OF,0.25,0.17154999700142068,BAL,2025,bat,OF
sa3018411,Jonathan Mejia,2B/SS,0.25,0.1869799974258057,STL,2025,bat,2B/SS
sa3021231,Cristian Jauregui,OF,0.25,0.2270500030135736,PIT,2025,bat,OF
sa3015765,Anderson Machado,1B/3B,0.25,0.14134002928622066,,2025,bat,1B/3B
sa3024118,Domingo Batista,3B/OF,0.25,0.13328005450312047,TBR,2025,bat,3B/OF
sa3016857,Steven Rivas,OF,0.25,0.48377997500356285,,2025,bat,OF
sa3018389,Willy Fanas,OF,0.25,0.3134699712740257,,2025,bat,OF
13744,David Dahl,OF,2.609999895095825,8.982569978758693,,2025,bat,OF
sa3018479,Yerald Nin,2B/SS,0.25,0.14814994926564387,ARI,2025,bat,2B/SS
sa3022698,Will Bush,C/1B,0.25,0.379030033852905,HOU,2025,bat,C/1B
sa3016148,Bryant Mendez,2B/SS,0.25,0.04934005982941009,SEA,2025,bat,2B/SS
sa3015671,Victor Valera,2B,0.25,0.19366001674206926,,2025,bat,2B
sa3019402,Leny Carela,2B/3B,0.25,0.18038995888782666,,2025,bat,2B/3B
sa3015809,Gedionne Marlin,2B/3B,0.25,0.1884999875444918,,2025,bat,2B/3B
sa3024359,Darison Garcia,2B,0.25,0.19182002241723228,KCR,2025,bat,2B
sa3024322,Humberto Tiberi,C,0.25,0.048150035680737294,LAA,2025,bat,C
sa3015795,Yeuni Munoz,OF,0.25,0.30360001467633985,TOR,2025,bat,OF
sa3017107,Cam Williams,1B/3B,0.25,0.4832800341071561,,2025,bat,1B/3B
sa3018466,Nolan Beltran,SS,0.25,0.2149299989570863,PHI,2025,bat,SS
sa3016100,Luis Watter,3B/OF,0.25,0.19152003198396408,,2025,bat,3B/OF
sa3023974,Jorge Rodriguez,C,0.25,0.07546002537710583,BOS,2025,bat,C
sa3016155,Samil De La Rosa,2B/3B,0.25,0.1845000201719813,,2025,bat,2B/3B
sa3020282,Juanfel Peguero,SS,0.25,0.1250500284368172,TBR,2025,bat,SS
sa3023970,Reyli Mariano,2B/SS,0.25,0.12371999660972509,LAD,2025,bat,2B/SS
sa3024337,Christopher Alvarado,2B/3B,0.25,0.20081001941580323,BOS,2025,bat,2B/3B
sa3018573,John Cruz,OF,0.25,0.3490200425032527,MIA,2025,bat,OF
sa3016170,Karim Ayubi,OF,0.25,0.3293299447512254,,2025,bat,OF
sa3023927,Eriel Dihigo,3B,0.25,0.3415399963734671,COL,2025,bat,3B
sa3019439,Roinny Aguiar,2B,0.25,0.21166002934332928,,2025,bat,2B
sa3018425,Yilber Herrera,2B/SS,0.25,0.1627399974269792,MIN,2025,bat,2B/SS
sa3022481,Jarrod Belbin,1B,0.25,0.3967300009448081,,2025,bat,1B
sa3018550,Edrei Campos,3B/SS,0.25,0.15867002154700455,BAL,2025,bat,3B/SS
sa3018516,Juan Perez,C,0.25,0.042129971261601874,SFG,2025,bat,C
sa3005759,Diego Hernandez,OF,1.0199999809265137,3.1047500673681494,,2025,bat,OF
sa3023946,Pascual Archila,OF,0.25,0.15622997870668767,TOR,2025,bat,OF
sa3016154,Eddy Rodriguez,1B/OF,0.25,0.421219956711866,,2025,bat,1B/OF
sa3015554,Aldrin Lucas,1B,0.25,0.3978299713460728,,2025,bat,1B
sa3023786,Miguel Rivera,C/1B,0.25,0.06845000636531036,,2025,bat,C/1B
sa3020142,Griffin Cheney,1B/2B,0.25,0.3895799678284674,,2025,bat,1B/2B
sa3021141,John Santana,OF,0.25,0.1522799607249908,TBR,2025,bat,OF
sa3010155,Omar Hernandez,C,0.25,0.4716400079196318,KCR,2025,bat,C
sa3017159,J.C. Masson,OF,0.25,0.31440998488105826,,2025,bat,OF
sa3021257,Martin Tamara,C/1B,0.25,0.04132998174754902,DET,2025,bat,C/1B
sa3024112,Jordan Sanchez,OF,0.25,0.3108299974584951,BAL,2025,bat,OF
sa3024154,Leandro Morgado,OF,0.25,0.17100996918743466,,2025,bat,OF
sa3008793,Jeferson Espinal,OF,0.25,0.3196800239151343,,2025,bat,OF
sa3018454,Pedro Hernandez,SS,0.25,0.10439005107618868,,2025,bat,SS
sa3007059,Daneurys De La Cruz,C/1B,0.25,0.3674400404794141,,2025,bat,C/1B
sa3018492,Manolfi Jimenez,OF,0.25,0.2276099859853275,PHI,2025,bat,OF
sa3021109,Yeycol Soriano,OF,0.25,0.2514399657491594,CIN,2025,bat,OF
sa3024107,Jorge Quintana,SS,0.25,0.12434003173839298,SDP,2025,bat,SS
sa3024129,Moises Polanco,2B/SS,0.25,0.17765998649410905,MIL,2025,bat,2B/SS
sa3018640,Cristian Gonzalez,2B/SS,0.25,0.18748001448111598,,2025,bat,2B/SS
sa3009556,Matheus Silva,C,0.25,0.0375000106520019,,2025,bat,C
24671,Cody Wilson,PH/PR,0.25,0.45041003015357994,,2025,bat,PH/PR
sa3008892,Juan Jerez,1B/3B,0.25,0.39279003641568117,,2025,bat,1B/3B
sa3023757,Justin Gonzales,1B/OF,0.25,0.4166399996960535,BOS,2025,bat,1B/OF
sa3018533,Sandy Sanchez,2B/3B,0.25,0.16857998431660226,,2025,bat,2B/3B
sa3018453,Kendry Chirinos,1B/3B,0.25,0.1491300364956259,TOR,2025,bat,1B/3B
sa3014687,Arol Vera,2B/SS,0.5099999904632568,0.9265199643559753,LAA,2025,bat,2B/SS
sa3023969,Estivel Morillo,OF,0.25,0.14921997518977143,CLE,2025,bat,OF
sa3024128,Juan Martinez,2B/3B,0.25,0.18163996608927846,MIL,2025,bat,2B/3B
sa3021300,Pedro Roque,2B/SS,0.25,0.17922994911205017,KCR,2025,bat,2B/SS
sa3023090,TJayy Walton,OF,0.25,0.35121996103553105,PHI,2025,bat,OF
sa3021297,Jose Guerra,C/1B,0.25,0.19084999966435134,,2025,bat,C/1B
sa3015663,Jose Leanez,OF,0.25,0.17771000956417993,,2025,bat,OF
sa3019094,Aneudi Escanio,3B/OF,0.25,0.11322997401002789,,2025,bat,3B/OF
sa3018403,Cristhian Vaquero,OF,0.25,0.32971004152204836,WSN,2025,bat,OF
sa3020087,Kevin Graham,OF,0.6700000166893005,1.8885000256821514,,2025,bat,OF
sa3021650,Raynier Ramirez,2B/3B,0.25,0.19292003868613397,,2025,bat,2B/3B
sa3016130,Jose Chacon,3B,0.25,0.1724400582257657,,2025,bat,3B
sa3015592,Jose Cordero,OF,0.25,0.1805000194115564,,2025,bat,OF
sa3019204,Reylin Perez,2B/SS,0.25,0.15910003674216558,HOU,2025,bat,2B/SS
sa3021135,David Guzman,OF,0.25,0.276380042405799,TOR,2025,bat,OF
sa3023983,Jehancarlos Mendez,SS,0.25,0.09518998956773422,,2025,bat,SS
sa3015228,Frank Nigro,C,0.25,0.029710010834969533,,2025,bat,C
sa3015839,Leonardo Rondon,C/2B,0.25,0.17436995886964715,,2025,bat,C/2B
sa3024627,Stiven Martinez,OF,0.25,0.16298999397549774,BAL,2025,bat,OF
sa3017177,JoJo Blackmon,OF,0.25,0.31669004003051665,,2025,bat,OF
sa3023778,Amauri Ramirez,OF,0.25,0.15224001251626756,HOU,2025,bat,OF
sa3015758,Samuel Rodriguez,2B,0.25,0.1651299833203666,,2025,bat,2B
sa3021607,Junior Aybar,OF,0.25,0.14289999104803422,BAL,2025,bat,OF
sa3015180,Juan Santander,C/1B,0.25,0.3880300302524119,,2025,bat,C/1B
sa3021285,Joseph Tailor,2B/3B,0.25,0.20757001433521508,MIA,2025,bat,2B/3B
sa3018583,Lisandro Bonifacio,3B/SS,0.25,0.12682002575602372,,2025,bat,3B/SS
sa3022918,Hunter Haas,2B/3B/SS,0.25,0.3831400396535173,TBR,2025,bat,2B/3B/SS
sa3021113,Jhon Diaz,2B/3B,0.25,0.16149997725151477,,2025,bat,2B/3B
sa3023956,Andry Batista,OF,0.25,0.14471997623331836,TEX,2025,bat,OF
sa3016176,Denyerbe Gervis,2B,0.25,0.16375004157889636,,2025,bat,2B
sa3005515,Alexfri Planez,OF,1.100000023841858,3.4278901825658967,,2025,bat,OF
sa3018543,Josias Ramirez,1B/OF,0.25,0.17370998197002335,CHC,2025,bat,1B/OF
sa3024928,Eduardo Beltre,OF,0.25,0.30334002245217556,MIN,2025,bat,OF
sa3015815,Duncan Garcia,OF,0.25,0.18134002377046268,,2025,bat,OF
sa3003238,Yenci Pena,3B/SS,0.25,0.3702300442848354,,2025,bat,3B/SS
sa3022283,Junior Garcia,OF,0.25,0.3136399930808692,ATL,2025,bat,OF
sa3018441,David Beckles,1B/OF,0.25,0.274140002951026,TOR,2025,bat,1B/OF
sa3017076,Justin Williams,1B/3B,0.25,0.3809400014113634,,2025,bat,1B/3B
sa3023746,Franchely Silverio,3B/SS,0.25,0.0793100255075842,HOU,2025,bat,3B/SS
sa3024339,Edgardo De Leon,1B/3B,0.25,0.16878001198638232,MIA,2025,bat,1B/3B
sa3025201,Jacob Jenkins-Cowart,OF,0.25,0.3412300534313545,MIA,2025,bat,OF
sa3021276,Fabian Lopez,SS,0.25,0.13905002513201897,MIA,2025,bat,SS
sa3022819,Stone Russell,1B/2B/3B,0.25,0.17491998525802038,KCR,2025,bat,1B/2B/3B
sa3024354,Claudiel Lantigua,2B,0.25,0.12904998676385732,,2025,bat,2B
sa3018631,Rabel Colon,OF,0.25,0.30811002410482613,,2025,bat,OF
sa3023915,Rafael Flores,OF,0.25,0.13384001249214625,TOR,2025,bat,OF
sa3021293,Jose Paulino,OF,0.25,0.1722700367798097,KCR,2025,bat,OF
sa3015186,Yeral Martinez,1B/OF,0.25,0.34506997109856447,,2025,bat,1B/OF
sa3018608,Luis Frias,OF,0.25,0.16696003086399283,SFG,2025,bat,OF
sa3015516,Juan Aparicio,1B/2B/3B,0.25,0.15642999390838663,,2025,bat,1B/2B/3B
sa3023960,Anthony Marquez,2B/SS,0.25,0.15382005290593947,SFG,2025,bat,2B/SS
sa3019212,Yohander Linarez,3B/SS,0.25,0.186580010689795,BOS,2025,bat,3B/SS
sa3018542,Raynerd Ortega,2B/SS,0.25,0.17112001425120973,LAD,2025,bat,2B/SS
sa3022501,Joe Vetrano,1B,0.25,0.39555999946314835,LAD,2025,bat,1B
sa3018443,Jerffson Pena,OF,0.25,0.18103000053670257,,2025,bat,OF
sa3024330,Juan Ortuno,2B,0.25,0.3048899361980147,MIL,2025,bat,2B
sa3006621,Bladimir Restituyo,OF,1.2300000190734863,3.8928599333390586,,2025,bat,OF
sa3018386,Clayton Campbell,1B,0.25,0.3603200480458326,DET,2025,bat,1B
sa3023783,Aaron Pinero,2B/3B,0.25,0.1053099685697816,TBR,2025,bat,2B/3B
sa3015666,Jhonson Pena,3B/OF,0.25,0.19991004664916537,,2025,bat,3B/OF
sa3023755,Enyel Rosario,3B/SS,0.25,0.09765997297363346,,2025,bat,3B/SS
sa3021177,Gabriel Lara,OF,0.25,0.26809995280345894,NYY,2025,bat,OF
sa3018509,Daje Morales,2B/3B,0.25,0.15842003731522708,,2025,bat,2B/3B
sa3021124,Reinaldo De La Cruz,2B,0.25,0.1029499853495508,,2025,bat,2B
sa3023793,Diwarys Encarnacion,SS,0.25,0.12544005527161056,MIA,2025,bat,SS
sa3021064,Yannic Walther,C,0.25,0.03383998165372756,MIL,2025,bat,C
sa3021324,Justin Ramirez,OF,0.25,0.15924997418187553,NYM,2025,bat,OF
sa3021128,Jesus Superlano,3B,0.25,0.12002002274384713,OAK,2025,bat,3B
sa3021080,Angel Cepeda,3B/SS,0.25,0.15937005227897316,CHC,2025,bat,3B/SS
sa3021107,Angel Ramirez,OF,0.25,0.29852002321276816,KCR,2025,bat,OF
sa3024476,Edward Lantigua,OF,0.25,0.14601000120164825,NYM,2025,bat,OF
sa3015581,Erubiel Fuentes,2B/3B,0.25,0.14602997419424354,,2025,bat,2B/3B
sa3021079,Gian Zapata,OF,0.25,0.19158004687633362,ARI,2025,bat,OF
sa3016721,Eddy Isturiz,C/OF,0.25,0.3620399871841072,,2025,bat,C/OF
sa3024117,Samuel Gonzalez,2B,0.25,0.08810001518577332,OAK,2025,bat,2B
sa3018152,Jason Matthews,3B/SS,0.6299999952316284,1.2208101826719937,CHW,2025,bat,3B/SS
sa3018518,Albert Carpio,3B/SS,0.25,0.14988994422601531,,2025,bat,3B/SS
sa3015784,Yefri Rivera,2B/SS,0.25,0.1539299633586778,,2025,bat,2B/SS
sa3022512,Will Verdung,1B/2B,0.25,0.3701799478149041,ATL,2025,bat,1B/2B
sa3023745,Dexters Peralta,SS,0.25,0.07038001511245964,NYY,2025,bat,SS
sa3021146,Juan Sierra,OF,0.25,0.28256000075489285,HOU,2025,bat,OF
sa3016542,Erick Barria,3B/SS,0.25,0.15069002100499337,,2025,bat,3B/SS
sa3018422,Anthuan Valencia,2B/3B,0.25,0.2202099618734792,CIN,2025,bat,2B/3B
sa3023780,Albert Jimenez,1B/3B,0.25,0.15940000262344256,SFG,2025,bat,1B/3B
sa3021311,Anthony Tandron,2B/SS,0.25,0.08341997493989761,SFG,2025,bat,2B/SS
sa3021126,Yeiker Reyes,OF,0.25,0.3004299479769542,COL,2025,bat,OF
sa3015717,Yemal Flores,OF,0.25,0.2988700013142079,,2025,bat,OF
sa3021048,Jason Hinchman,1B/OF,0.25,0.3611099849920719,,2025,bat,1B/OF
sa3019097,Alexander Orasma,2B/3B/SS,0.25,0.08068995557259763,,2025,bat,2B/3B/SS
sa3015189,Donovan Antonia,2B/OF,0.25,0.2843900003936141,,2025,bat,2B/OF
sa3023708,Ichiro Cano,1B/3B,0.25,0.2160399444634095,CIN,2025,bat,1B/3B
sa3023938,Alejandro Blasco,2B/3B/OF,0.25,0.13186002394650126,CLE,2025,bat,2B/3B/OF
sa3018467,Bryan Andrade,3B,0.25,0.10319996147882188,OAK,2025,bat,3B
sa3010706,Keoni Cavaco,1B/3B/SS,0.25,0.37265995047055184,,2025,bat,1B/3B/SS
sa3023071,Barrett Riebock,OF,0.25,0.39823002030607313,,2025,bat,OF
sa3015819,Rafael Cruz,1B/3B,0.25,0.3793899971991777,,2025,bat,1B/3B
sa3022889,Sam Shaw,2B/OF,0.25,0.25391999738058074,TOR,2025,bat,2B/OF
sa3022346,Vicent Nunez,C/1B,0.25,0.007979986839927705,,2025,bat,C/1B
sa3015528,Iverson Espinoza,2B/3B,0.25,0.2125799821573309,,2025,bat,2B/3B
sa3015195,Angel Del Rosario,2B/SS/OF,0.25,0.4144099934259429,,2025,bat,2B/SS/OF
sa3024356,Jemone Nuel,SS,0.25,0.05125002715503793,BAL,2025,bat,SS
sa3021298,Daniel Lopez,OF,0.25,0.2941299415891989,KCR,2025,bat,OF
sa3020684,Enmanuel Bonilla,OF,0.25,0.13351005020085718,TOR,2025,bat,OF
sa3021627,Nelson Marin,C/1B,0.25,-0.0023700232384727075,,2025,bat,C/1B
sa3016195,Alejandro Loaiza,C/1B,0.25,0.014919986901804749,STL,2025,bat,C/1B
23552,Chandler Seagle,DH,0.25,0.4529699977952986,,2025,bat,DH
sa3015829,Samuel Camacaro,3B/SS,0.25,0.14472997559932987,,2025,bat,3B/SS
sa3018574,Harold Grant,2B/OF,0.25,0.1528000432183034,,2025,bat,2B/OF
sa3023737,Michell Ojeda,2B,0.25,0.17051999871619036,PIT,2025,bat,2B
sa3016546,Jake Perez,3B/OF,0.25,0.15570999118499448,,2025,bat,3B/OF
sa3024861,Gabriel Guanchez,C,0.25,-0.06401998726651077,SEA,2025,bat,C
sa3021138,Gustavo Marquez,OF,0.25,0.12216001555789253,,2025,bat,OF
sa3018930,Heison Sanchez,2B/3B,0.25,0.12741000750102094,,2025,bat,2B/3B
sa3015793,Nathanael Rodriguez,3B/SS,0.25,0.14909995979396617,,2025,bat,3B/SS
sa3016128,Moises Valero,1B,0.25,0.3700599751900881,,2025,bat,1B
sa3015585,Jehisbert Sevilla,2B/SS,0.25,0.1440400053979828,,2025,bat,2B/SS
sa3016837,Junior Marin,OF,0.25,0.2916899694944731,,2025,bat,OF
sa3023742,Emiliano Galan,OF,0.25,0.23604998135706406,,2025,bat,OF
sa3024341,Alonso Gallegos,2B/3B/SS,0.25,0.16377997297095123,,2025,bat,2B/3B/SS
sa3021225,Alfonzo Martinez,OF,0.25,0.22506996993906786,TBR,2025,bat,OF
sa3024336,Robin Ortiz,OF,0.25,0.15729002024745561,CHC,2025,bat,OF
sa3019497,Charles Nova,2B/SS,0.25,0.13183002177393063,,2025,bat,2B/SS
sa3017701,Ray Garrett,2B,0.25,0.13952996931038794,,2025,bat,2B
sa3021836,Emil Turbi,SS/OF,0.25,0.1216600032523274,,2025,bat,SS/OF
sa3022445,Ross Friedrick,1B,0.25,0.3535099974949844,,2025,bat,1B
sa3018594,Josi Novas,SS,0.25,0.09503999567823485,KCR,2025,bat,SS
sa3021653,Rafael Medina,C,0.25,0.00851000016555185,,2025,bat,C
sa3021633,Hojans Hernandez,C/1B,0.25,0.02437003871891648,,2025,bat,C/1B
sa3021199,Mason Bolivar,OF,0.25,0.24179001090815289,,2025,bat,OF
sa3021065,Yoerny Junco,2B/3B,0.25,0.13796005173353473,STL,2025,bat,2B/3B
sa3019977,Tayler Aguilar,OF,0.25,0.4273900194792077,,2025,bat,OF
sa3023986,Adrian Garcia,2B,0.25,0.17650002271402626,,2025,bat,2B
sa3018624,Leandro Alsinois,OF,0.25,0.26290995918679977,CHW,2025,bat,OF
sa3016533,Gregory Duran,1B/OF,0.25,0.34677003249526017,MIN,2025,bat,1B/OF
sa3015805,Armando Sierra,1B/OF,0.25,0.27876002845587206,,2025,bat,1B/OF
sa3016307,Santiago Torres,OF,0.25,0.14521001637913283,,2025,bat,OF
sa3021302,Darvin Cruz,OF,0.25,0.1451300111366435,,2025,bat,OF
sa3018435,Esmith Pineda,OF,0.25,0.4812099991366267,CIN,2025,bat,OF
sa3017329,Ethan Wilson,OF,0.949999988079071,2.834169921372086,,2025,bat,OF
sa3023765,Givian Sirvania,2B/OF,0.25,0.15253006770508362,BOS,2025,bat,2B/OF
sa3018585,Abel De Leon,C,0.25,0.0027899865293875437,CHC,2025,bat,C
sa3021240,Carlos De Sousa,C/1B,0.25,-0.050900017109233996,TBR,2025,bat,C/1B
sa3024625,Yadimir Fuentes,C/1B,0.25,0.04399000391131261,,2025,bat,C/1B
sa3021268,Angel Guzman,1B/OF,0.25,0.3363800215651281,SFG,2025,bat,1B/OF
sa3020208,Garrett McGowan,1B/OF,0.25,0.28116997866891325,,2025,bat,1B/OF
sa3018588,Ivan Sosa,SS,0.25,0.09289002661826087,KCR,2025,bat,SS
sa3018562,Jose Alpuria,OF,0.25,0.16438002635259175,ARI,2025,bat,OF
sa3014702,Reginald Preciado,3B,0.25,0.27376992655918,CHC,2025,bat,3B
sa3022598,Jack Moss,1B,0.25,0.4751000515418126,CIN,2025,bat,1B
sa3021066,Alfredo Duno,C,0.25,0.47804999760119227,CIN,2025,bat,C
sa3021132,Alessander De La Cruz,OF,0.25,0.4323399621527641,COL,2025,bat,OF
sa3021837,Kelvin Alcantara,OF,0.25,0.18679998544976106,SEA,2025,bat,OF
sa3024350,Yorvin Morla,2B,0.25,0.10635997311910603,SDP,2025,bat,2B
sa3008919,Junior Calderon,1B/3B,0.25,0.3447500240290537,,2025,bat,1B/3B
sa3016643,Edward De La Cruz,C,0.25,-0.004009972023777685,,2025,bat,C
sa3018939,Carlos Vasquez,2B,0.25,0.1259699949761852,,2025,bat,2B
sa3023904,Alfredo Benzan,OF,0.25,0.16661999792559073,ARI,2025,bat,OF
sa3024126,Jonathan Rangel,1B,0.25,0.14359005221631374,MIL,2025,bat,1B
sa3015764,Winder Diaz,SS,0.25,0.12353001504670827,,2025,bat,SS
sa3018561,Raylin Ramos,OF,0.25,0.24306998425163323,BAL,2025,bat,OF
sa3006222,Wilkin Grullon,C,0.25,0.41598000221420073,,2025,bat,C
sa3014494,Aaron Sabato,1B,0.7400000095367432,2.186899969121441,MIN,2025,bat,1B
sa3019676,Joan Delgado,OF,0.25,0.14899998768232758,CHC,2025,bat,OF
sa3021646,Wagnel Luna,3B/SS,0.25,0.04234999438049265,DET,2025,bat,3B/SS
sa3015719,Malvin Valdez,OF,0.25,0.3318399805459194,CIN,2025,bat,OF
sa3024369,Brayan Cota,1B/3B,0.25,0.07839001379907129,OAK,2025,bat,1B/3B
sa3020094,Dakota Kotowski,1B,0.25,0.35767003643559286,,2025,bat,1B
sa3018596,Cherif Neymour,2B/3B/SS,0.25,0.16545001303311427,,2025,bat,2B/3B/SS
sa3019798,Luis Colon,2B,0.25,0.12809003957081586,,2025,bat,2B
sa3008799,Albert Feliz,1B,0.25,0.3772699799155816,,2025,bat,1B
sa3014686,Erick Peña,OF,0.25,0.28235003449954094,,2025,bat,OF
sa3018592,Miguel Tamares,SS/OF,0.25,0.12413000992964944,,2025,bat,SS/OF
sa3021071,Ariel Castro,OF,0.25,0.12937000137753782,MIN,2025,bat,OF
sa3021166,Grenyerbert Velasquez,2B/3B,0.25,0.12300999246072017,,2025,bat,2B/3B
sa3018916,Andri Leon,OF,0.25,0.14096004132879897,,2025,bat,OF
sa3015844,Yosmi Fernandez,2B/SS,0.25,0.05664998129941522,,2025,bat,2B/SS
sa3015518,Riquelmin Cabral,1B/3B,0.25,0.3465600639116018,,2025,bat,1B/3B
sa3021860,Brian Sanchez,OF,0.25,0.24050006200559437,PIT,2025,bat,OF
sa3020761,Marc Filia,C/1B,0.25,0.33185000256635244,,2025,bat,C/1B
sa3019675,Dennys Riera,2B/3B,0.25,0.12162002652185033,SFG,2025,bat,2B/3B
sa3018647,Lazaro Morales,OF,0.25,0.13364000138826665,SFG,2025,bat,OF
sa3016108,Wueslly Lespe,2B/3B,0.25,0.117949969926849,,2025,bat,2B/3B
sa3022761,Pier-Olivier Boucher,OF,0.25,0.2630799987586215,,2025,bat,OF
sa3021280,Jancory De La Cruz,OF,0.25,0.16563001021277157,MIA,2025,bat,OF
sa3022826,Jason Hernandez,2B/SS,0.25,0.11081999507732679,,2025,bat,2B/SS
sa3018494,Juan Villavicencio,2B/SS,0.25,0.15791997308842837,PHI,2025,bat,2B/SS
sa3021202,Raimundo De Los Santos,OF,0.25,0.12464998917421316,TOR,2025,bat,OF
sa3016191,Godwin Bennett,OF,0.25,0.27460997893940653,,2025,bat,OF
sa3021073,Ludwing Espinoza,SS,0.25,0.05689997668378057,CHC,2025,bat,SS
sa3023782,Sandy Luciano,OF,0.25,0.26397000866709275,KCR,2025,bat,OF
sa3016869,Tyler McDonough,OF,0.75,2.107120109349489,BOS,2025,bat,OF
sa3024302,Yunior Quezada,OF,0.25,0.15251001369906583,LAD,2025,bat,OF
sa3018462,Misael Mojica,2B,0.25,0.1329999867361038,WSN,2025,bat,2B
sa3023728,Bohan Adderley,3B/SS,0.25,0.040789952850900604,NYM,2025,bat,3B/SS
sa3021644,Geyber Blanco,2B,0.25,0.12438997789286074,,2025,bat,2B
sa3021841,Samil Dishmey,OF,0.25,0.23947000452317296,LAA,2025,bat,OF
sa3021323,Jayson Bass,OF,0.25,0.2437000168254599,MIN,2025,bat,OF
sa3015173,Roberto Martínez,1B/2B,0.25,0.32972999599296593,,2025,bat,1B/2B
sa3011599,Mahki Backstrom,1B,0.25,0.34076000773347914,,2025,bat,1B
sa3018646,Jose Monserrate,OF,0.25,0.2841199960676022,MIA,2025,bat,OF
sa3005767,Miguel Fabrizio,C/1B,0.25,0.33517997572198505,,2025,bat,C/1B
sa3025169,Mitchell Daly,3B,0.25,0.39287997686769816,LAA,2025,bat,3B
sa3018418,Yendry Rojas,2B/SS,0.25,0.0979399743722751,,2025,bat,2B/SS
sa3019899,Adrian Rodriguez,2B/SS,0.25,0.1432899715146049,ARI,2025,bat,2B/SS
sa3015743,Héctor Jiménez,OF,0.25,0.11784999179653814,,2025,bat,OF
sa3015637,Cristian Feliz,1B,0.25,0.320000024861656,,2025,bat,1B
sa3021205,Roderick Flores,2B,0.25,0.11454003168037155,MIL,2025,bat,2B
sa3023903,Danny Cancro,3B,0.25,0.26960998896975075,COL,2025,bat,3B
sa3021189,Heribert Silva,OF,0.25,0.23840000045020132,CLE,2025,bat,OF
sa3022292,Edgar Mota,C/1B,0.25,-0.006169974198564921,,2025,bat,C/1B
sa3021214,Antonio Pimentel,2B/SS,0.25,0.14625005365815014,PIT,2025,bat,2B/SS
sa3021613,Daniel Rojas,3B/SS,0.25,0.11800995722878724,STL,2025,bat,3B/SS
sa3009761,Luis Castillo,1B/3B,0.25,0.3263300190446898,,2025,bat,1B/3B
sa3018541,Luis Suarez,2B/3B/SS,0.25,0.11430001734988762,,2025,bat,2B/3B/SS
sa3024140,Eddson Martinez,OF,0.25,0.09544001918984577,SDP,2025,bat,OF
sa3021599,Esterling Rodriguez,OF,0.25,0.1536900195758789,PHI,2025,bat,OF
sa3018496,Gueile Borrome,2B/3B,0.25,0.110970021050889,,2025,bat,2B/3B
sa3015586,Randy Vasquez,3B,0.25,0.11888004018692297,,2025,bat,3B
sa3014697,Robert Puason,SS,0.25,0.19377999353455377,OAK,2025,bat,SS
sa3016343,Yeison Vargas,2B,0.25,0.11572997329058124,,2025,bat,2B
sa3015870,Edgar Alfonso,2B,0.25,0.10848000904079522,LAA,2025,bat,2B
sa3021247,Moises Lopez,3B,0.25,0.12418001634068776,,2025,bat,3B
sa3024649,Guillermo Batista,2B/3B,0.25,0.09218998794676728,DET,2025,bat,2B/3B
sa3021289,Angel Nieblas,2B/3B,0.25,0.13668004822684446,,2025,bat,2B/3B
sa3015816,Ney Serrano,3B/SS,0.25,0.11378998392028733,,2025,bat,3B/SS
sa3023727,Leandro Romero,2B/SS,0.25,0.02698002014076329,SEA,2025,bat,2B/SS
sa3023714,Franco Willias,1B/2B/3B,0.25,0.1158599511487409,SFG,2025,bat,1B/2B/3B
sa3021060,Xavier Guillen,OF,0.25,0.19730000386480237,,2025,bat,OF
sa3021624,Dameury Pena,2B,0.25,0.36436003562994285,MIN,2025,bat,2B
sa3019570,Greyber Altamirano,2B/3B/SS,0.25,0.11389994092751289,,2025,bat,2B/3B/SS
sa3023949,Nestor Urbina,3B,0.25,0.11284003917826338,,2025,bat,3B
sa3023729,Rashawn Pinder,OF,0.25,0.21345004080794744,TEX,2025,bat,OF
sa3016545,Juan Machado,OF,0.25,0.23020997968269505,,2025,bat,OF
sa3020117,Logan Tanner,C,0.25,0.4486100402427837,CIN,2025,bat,C
sa3019310,Gabriel Araujo,OF,0.25,0.23946996682789168,,2025,bat,OF
sa3005490,Jose Reyes,OF,0.25,0.40057000471279025,,2025,bat,OF
sa3018438,Edwin Sanchez,1B/OF,0.25,0.3232399530825204,HOU,2025,bat,1B/OF
sa3011589,Cristian More,OF,0.25,0.38885995766613624,,2025,bat,OF
sa3008820,Jose Dilone,1B/3B,0.25,0.3190399456536397,,2025,bat,1B/3B
sa3015641,Johan Benitez,3B,0.25,0.32718000987078993,,2025,bat,3B
sa3018451,Eduardo Oviedo,OF,0.25,0.16263000087346877,,2025,bat,OF
sa3021595,Joseph Sequera,C,0.25,0.01075001073768358,,2025,bat,C
sa3017480,Carlos Colmenarez,3B/SS,0.25,0.3124400080414489,TBR,2025,bat,3B/SS
sa3008832,Geury Estevez,1B/3B,0.25,0.3153799725929275,,2025,bat,1B/3B
sa3022414,Edwardo Espinal,OF,0.25,0.10146998607087876,LAA,2025,bat,OF
sa3018605,Jose Rivera,2B/SS,0.25,0.10353999990038572,,2025,bat,2B/SS
sa3021307,Jayden Felicia,1B/2B,0.25,0.12819000945892184,,2025,bat,1B/2B
sa3019508,Edward Vargas,OF,0.25,0.249539954168722,CHC,2025,bat,OF
sa3021104,Kevin Ereu,2B/SS,0.25,0.10816000740742306,MIL,2025,bat,2B/SS
sa3021625,Jesus Mujica,3B,0.25,0.11844996450236059,,2025,bat,3B
sa3018575,Roni Cabrera,OF,0.25,0.257400012249127,KCR,2025,bat,OF
sa3023716,Justin Barry,2B/3B,0.25,0.1355500092031434,BOS,2025,bat,2B/3B
sa3011669,Erison Placencia,2B/SS,0.25,0.3131700064288451,,2025,bat,2B/SS
sa3015774,Yancel Guerrero,1B/3B,0.25,0.11079996272455897,STL,2025,bat,1B/3B
sa3016330,Reyden Hidalgo,2B/OF,0.25,0.23070001119049258,,2025,bat,2B/OF
sa3021604,Sebastián De Los Santos,2B,0.25,0.09493996746605263,CLE,2025,bat,2B
sa3024366,Erny Orellana,OF,0.25,0.13023999771103256,LAD,2025,bat,OF
sa3019551,Larry Martinez,1B,0.25,0.25284001366235304,TBR,2025,bat,1B
sa3015810,Edgar Basabe,OF,0.25,0.2436000401852652,,2025,bat,OF
sa3021645,Rafael Martinez,2B/3B/SS,0.25,0.10355998396407808,,2025,bat,2B/3B/SS
sa3015783,Carlos Gutierrez,OF,0.25,0.2115599639131687,,2025,bat,OF
sa3022198,Jose Perez,2B/3B,0.25,0.07602001875638958,BAL,2025,bat,2B/3B
sa3018547,Roosbert Tapia,1B/3B,0.25,0.25713001488475123,,2025,bat,1B/3B
sa3022236,Dariel Ramon,2B/SS/OF,0.25,0.21340999903623015,TOR,2025,bat,2B/SS/OF
sa3023905,Yensi Rivas,3B/SS,0.25,0.023039975028950724,,2025,bat,3B/SS
sa3021227,Facundo Velasquez,OF,0.25,0.10839001145213842,STL,2025,bat,OF
sa3015789,Roger Lasso,1B/OF,0.25,0.3132399638532661,,2025,bat,1B/OF
sa3021260,Lisandro Mejia,2B/SS,0.25,0.035880019282922115,,2025,bat,2B/SS
sa3018491,Rafael Ramirez,3B,0.25,0.11348998085595666,,2025,bat,3B
sa3021628,Jesus Alexander,C/1B,0.25,0.3093699859571642,SFG,2025,bat,C/1B
sa3018483,Kashon Conliffe,OF,0.25,0.0869599774829112,,2025,bat,OF
sa3021636,Jesus Abreu,C,0.25,-0.00888000453123824,,2025,bat,C
sa3018478,Jancel Santana,2B,0.25,0.0966100647812709,,2025,bat,2B
sa3023756,Frankeli Mesta,3B,0.25,0.14000999089330435,PIT,2025,bat,3B
sa3018434,Martin Gonzalez,3B,0.25,0.016920026135630838,SEA,2025,bat,3B
sa3019511,Jonatan Yan,OF,0.25,0.10652000473346554,,2025,bat,OF
sa3021275,Carlos Cordero,2B,0.25,0.12180999072734264,,2025,bat,2B
sa3023734,Gregori Arias,2B/SS,0.25,0.055899993935599857,MIA,2025,bat,2B/SS
sa3023749,Richard Matic,3B,0.25,0.07051002336665979,NYY,2025,bat,3B
sa3023740,Jean Santana,2B/3B,0.25,0.03852999277878547,,2025,bat,2B/3B
sa3021856,Adrian Gil,1B,0.25,0.2856400535441934,CHW,2025,bat,1B
sa3016866,Jostyn Almonte,OF,0.25,0.2330699817743152,,2025,bat,OF
sa3022681,Xavier Casserilla,1B/3B,0.25,0.30640996274305504,,2025,bat,1B/3B
sa3021329,Dario Reynoso,2B/3B,0.25,0.08565001970855518,SFG,2025,bat,2B/3B
sa3018010,Oscar Colina,OF,0.25,0.22254996688570827,,2025,bat,OF
sa3022661,Carter Trice,1B/OF,0.25,0.38188000431982794,CHC,2025,bat,1B/OF
sa3021148,Luis De Leon,2B,0.25,0.1911700319848023,SDP,2025,bat,2B
sa3024477,Ezequiel Pena,2B/3B,0.25,0.10023999505210662,CHC,2025,bat,2B/3B
sa3018948,Helder Rosario,C,0.25,-0.019650024245493204,,2025,bat,C
sa3024344,Manuel Dos Passos,C,0.25,-0.024630003701895525,ATL,2025,bat,C
sa3021242,Antony Gomez,OF,0.25,0.1018299948889762,,2025,bat,OF
sa3008867,Jesus Parra,1B/3B,0.25,0.3200799530139193,,2025,bat,1B/3B
sa3018477,Derek Bernard,2B/OF,0.25,0.383909985446371,COL,2025,bat,2B/OF
sa3018528,Franyer Noria,2B/3B/OF,0.25,0.23829004948493088,,2025,bat,2B/3B/OF
23557,Chris Roller,OF,1.5800000429153442,4.1580403441563245,,2025,bat,OF
sa3016998,Ryan Holgate,OF,0.25,0.3776399615919217,,2025,bat,OF
sa3018602,Guillermo Rodriguez,2B/SS,0.25,0.09457999232690781,,2025,bat,2B/SS
sa3021235,Renair Manrique,2B,0.25,0.08822001920780156,,2025,bat,2B
sa3015850,German Tapia,OF,0.25,0.22658997027901925,,2025,bat,OF
sa3021095,Hendry Chivilli,SS,0.25,0.01971999587258315,MIN,2025,bat,SS
13750,Elier Hernandez,DH/OF,2.0399999618530273,6.979430069401859,,2025,bat,DH/OF
sa3019930,Satchell Norman,C,0.25,0.3016399435466155,,2025,bat,C
sa3023893,Francisco Vilorio,OF,0.25,0.07690999936312438,NYY,2025,bat,OF
sa3023897,Adbiel Feliz,2B/SS,0.25,0.05893002250231801,PIT,2025,bat,2B/SS
sa3023874,Edgar Lugo,2B/OF,0.25,0.21443002132000394,DET,2025,bat,2B/OF
sa3016346,Carlos Linarez,C,0.25,0.3596300223609432,STL,2025,bat,C
sa3024127,Engel Paulino,OF,0.25,0.10653999955393376,MIL,2025,bat,OF
sa3023760,Edwin Brito,OF,0.25,0.25762995324330396,BOS,2025,bat,OF
sa3021183,Victor Rodriguez,3B,0.25,0.10162998839514326,LAA,2025,bat,3B
sa3015197,Ronny Polanco,1B/2B,0.25,0.2953999472549184,,2025,bat,1B/2B
sa3021585,Hyungchan Um,C,0.25,0.3691099596675485,KCR,2025,bat,C
sa3023787,Esteban Romero,OF,0.25,0.19803001557011154,HOU,2025,bat,OF
sa3021093,Filippo Di Turi,2B/SS,0.25,0.3503300014184788,MIL,2025,bat,2B/SS
sa3024943,Eduardo Acevedo,OF,0.25,0.17677997752325605,,2025,bat,OF
sa3018485,Arfeni Batista,3B/SS,0.25,0.02752002397319301,,2025,bat,3B/SS
sa3021642,Rafael Castillo,2B,0.25,0.039109962666407136,,2025,bat,2B
sa3021068,Derniche Valdez,SS,0.25,0.10280001189094037,CHC,2025,bat,SS
14274,Mitch Haniger,OF,31.639999389648438,126.72505372315645,,2025,bat,OF
sa3022970,Jose Subero,2B/3B/SS,0.25,0.020599979208782287,,2025,bat,2B/3B/SS
sa3019211,Audie Jimenez,2B/SS,0.25,0.022320013167336516,,2025,bat,2B/SS
sa3021303,Adrian Bello,C,0.25,-0.020750024227891135,MIA,2025,bat,C
sa3021117,Daniel Perez,1B/OF,0.25,0.2966800113674253,,2025,bat,1B/OF
sa3021120,Jarold Montealto,2B/3B,0.25,0.05745999956270677,,2025,bat,2B/3B
sa3018925,Dariam Gutierrez,OF,0.25,0.22435996605781836,,2025,bat,OF
sa3023917,Roldy Brito,2B/OF,0.25,0.227179980627261,COL,2025,bat,2B/OF
sa3015647,Elisandro Alcantara,OF,0.25,0.22783998082159082,,2025,bat,OF
sa3024929,Joaquin Arias Jr.,OF,0.25,0.1843400022480636,TEX,2025,bat,OF
sa3023052,Addison Kopack,C/1B,0.25,0.35632002081256353,,2025,bat,C/1B
sa3021056,Jesus Gamez,P/1B/OF,0.25,0.16221997094107787,TEX,2025,bat,P/1B/OF
sa3018548,Darlyn De Leon,OF,0.25,0.2132200109539553,CHC,2025,bat,OF
sa3015172,Luis González,OF,0.25,0.2193299897480756,,2025,bat,OF
sa3015583,Diego Gonzalez,3B/SS,0.25,0.3809100398560985,,2025,bat,3B/SS
sa3015772,Elias Reynoso,2B/SS,0.25,0.07137000202201302,,2025,bat,2B/SS
sa3008834,Wilmin Candelario,SS/OF,0.25,0.21793999576475467,,2025,bat,SS/OF
sa3015766,Ruben Vizcaya,OF,0.25,0.2101499744807369,,2025,bat,OF
sa3018011,German Ortiz,1B,0.25,0.22197999445488675,OAK,2025,bat,1B
sa3023923,Randy Soto,C/1B,0.25,0.23450995160965252,TOR,2025,bat,C/1B
sa3023773,Omar Mejia,3B,0.25,0.08699000726919626,KCR,2025,bat,3B
sa3023878,Meylin De Leon,2B/3B,0.25,0.11536003401270128,,2025,bat,2B/3B
sa3020279,Lamar King Jr.,C/1B,0.25,0.3310199563158675,SDP,2025,bat,C/1B
sa3022691,Anthony Huezo,OF,0.25,0.06554999134968958,HOU,2025,bat,OF
sa3019685,Douglas Glod,OF,0.25,0.09795001022284841,ATL,2025,bat,OF
sa3021274,Jaeden Calderon,1B/OF,0.25,0.24341001124121245,PHI,2025,bat,1B/OF
sa3018481,Estuar Suero,OF,0.25,0.12050998904742291,PIT,2025,bat,OF
sa3018597,Erbin Jaque,OF,0.25,0.08908997899852687,,2025,bat,OF
sa3022692,Yahil Melendez,3B/SS,0.25,0.08393993944628164,CHC,2025,bat,3B/SS
sa3023764,Enddy Azocar,OF,0.25,0.22901001744903626,BOS,2025,bat,OF
sa3021102,Anibal Salas,OF,0.25,0.19402998191071666,DET,2025,bat,OF
sa3018567,Jose Contreras,OF,0.25,0.16947998557006938,,2025,bat,OF
sa3018553,Anderson Nova,OF,0.25,0.21030998007627208,,2025,bat,OF
sa3023744,Carlos Matias,OF,0.25,0.16415001221466807,TBR,2025,bat,OF
sa3023942,Heudy Pena,2B,0.25,0.08266996771562843,,2025,bat,2B
sa3021059,Nick Gile,1B/2B/3B,0.25,0.27786998020019377,,2025,bat,1B/2B/3B
sa3022184,Alfredo Alcantara,2B/SS,0.25,0.14593999859644102,CIN,2025,bat,2B/SS
sa3024358,Randy Martinez,3B,0.25,-0.01878996841842314,CLE,2025,bat,3B
sa3008801,Victor Diaz,C/1B,0.25,0.30518005539197474,,2025,bat,C/1B
sa3015796,Justin Rodriguez,3B,0.25,0.07636999685782939,,2025,bat,3B
sa3018630,Antony Peguero,OF,0.25,0.21430995826376603,,2025,bat,OF
sa3023719,Dawel Joseph,3B/SS,0.25,-0.07549998378381137,SEA,2025,bat,3B/SS
sa3024323,Browm Martinez,OF,0.25,0.18135000860784203,WSN,2025,bat,OF
sa3005539,Sergio Gutierrez,C,0.25,0.2935100174741819,,2025,bat,C
sa3023789,Samuel Brito,2B/3B,0.25,0.0523799643386155,HOU,2025,bat,2B/3B
sa3018456,Yosander Asencio,OF,0.25,0.22044005256611846,,2025,bat,OF
sa3019403,Isaac Paulino,3B,0.25,0.07636002548970272,,2025,bat,3B
sa3020274,Kaden Hollow,1B/OF,0.25,0.25461996545782306,SDP,2025,bat,1B/OF
sa3017184,Noah Williamson,OF,0.25,0.2187699908623471,,2025,bat,OF
sa3015724,Martin Gimenez,3B/SS,0.25,0.0705999974976293,,2025,bat,3B/SS
sa3019630,Athanael Duarte,1B/3B,0.25,0.2770299932686612,LAA,2025,bat,1B/3B
sa3019483,Nomar Velasquez,3B/OF,0.25,0.23871996564557768,CLE,2025,bat,3B/OF
sa3018620,Yaisel Ramos,OF,0.25,0.06837998483097182,,2025,bat,OF
sa3023912,Greylin De La Paz,3B,0.25,0.06546997793484481,LAA,2025,bat,3B
sa3023988,Gabriel Lopez,C,0.25,0.08222998782293867,COL,2025,bat,C
sa3015670,Kelvin Diaz,2B/3B/SS,0.25,0.08607998653315002,,2025,bat,2B/3B/SS
sa3021282,Osvaldo Heredia,OF,0.25,0.11324998912168667,MIA,2025,bat,OF
sa3021062,Yael Romero,1B,0.25,0.31981998118571936,CIN,2025,bat,1B
sa3023738,Yordani Martinez,2B,0.25,0.09323997346218668,MIA,2025,bat,2B
sa3004160,Jake Scheiner,1B/3B,2.119999885559082,7.470800033211707,,2025,bat,1B/3B
sa3024386,Joan Acevedo,3B/SS,0.25,0.06821995456703005,,2025,bat,3B/SS
sa3023880,Cesar Mujica,C,0.25,-0.03776004565879712,PHI,2025,bat,C
sa3015557,Jose D. Hernandez,1B/3B,0.25,0.2930600114515982,LAD,2025,bat,1B/3B
sa3021074,Camilo Diaz,3B/SS,0.25,0.043109997967258076,HOU,2025,bat,3B/SS
sa3021292,Angel Herrera,OF,0.25,0.18891001488082113,,2025,bat,OF
sa3008936,Jeremy Celedonio,OF,0.25,0.3477600578102283,,2025,bat,OF
sa3011645,Elias Petiyan,OF,0.25,0.2034700568881817,,2025,bat,OF
sa1169894,Yan Contreras,2B/SS,0.25,0.26988003053702414,,2025,bat,2B/SS
sa3021582,Nick Peoples,OF,0.25,0.23182996822288254,WSN,2025,bat,OF
sa3019993,Brad Cumbest,OF,0.25,0.20575995191466054,,2025,bat,OF
sa3024329,Juneiker Caceres,OF,0.25,0.3205699897604063,CLE,2025,bat,OF
sa3023961,Ricardo Paez,OF,0.25,0.18985997439594934,MIN,2025,bat,OF
sa3024338,Deuri Castillo,OF,0.25,-0.022219995385967223,SEA,2025,bat,OF
sa3020090,Jorel Ortega,2B/3B,1.0,3.0543600821867587,MIN,2025,bat,2B/3B
sa3019806,Cristofher Paniagua,OF,0.25,0.1960400223499163,,2025,bat,OF
sa3018460,Ronny Ugarte,1B,0.25,0.43092000519391144,COL,2025,bat,1B
sa3015682,Joel Mendez,OF,0.25,0.23494995660148557,,2025,bat,OF
sa3016327,Marcelo Perez,3B,0.25,0.05924998925765971,,2025,bat,3B
sa3024375,Jose Cerice,1B/3B,0.25,0.28115003404673183,KCR,2025,bat,1B/3B
sa3023724,Vladimir Asencio,OF,0.25,0.08460998263908541,BOS,2025,bat,OF
sa3021605,Joenelly Van Der Linden,2B,0.25,0.05915999987628304,,2025,bat,2B
sa3020012,Tommy Stevenson,1B,0.25,0.34827996403910216,,2025,bat,1B
sa3016111,Samuel Reyes,OF,0.25,0.1945300135877914,,2025,bat,OF
sa3019978,Nathan Martorella,1B,2.2200000286102295,8.049969939701258,MIA,2025,bat,1B
sa3022821,Bernard Moon,2B,0.25,0.12454997927416117,CIN,2025,bat,2B
sa3024314,Cristofer Lebron,2B/OF,0.25,0.06025999444536855,STL,2025,bat,2B/OF
sa3021596,Yohangel Moris,3B,0.25,0.021260006353259066,,2025,bat,3B
sa3021237,Deward Tovar,OF,0.25,0.16579005499370392,TEX,2025,bat,OF
sa3021243,Abraham Cohen,OF,0.25,0.14820998134091487,,2025,bat,OF
sa3021261,Willian Berti,OF,0.25,0.1835700660478323,DET,2025,bat,OF
sa3023373,Maui Ahuna,SS,0.25,0.32288999510928984,SFG,2025,bat,SS
sa3023914,Eddy Marmolejos,3B,0.25,0.07990000511053952,WSN,2025,bat,3B
sa3018636,Karniel Pratt,OF,0.25,0.16806001965887837,HOU,2025,bat,OF
sa3021145,Moises Moreno,P/OF,0.25,0.09757004914572458,,2025,bat,P/OF
sa3015354,Brayan Hernández,C/1B,0.25,0.2767699738731607,,2025,bat,C/1B
sa3023881,Anderson Navas,C/1B,0.25,-0.02673999338876459,PHI,2025,bat,C/1B
sa3018394,Yimmy Diaz,3B,0.25,0.170380029163789,,2025,bat,3B
sa3018513,Moises De La Rosa,OF,0.25,0.1896199957700446,,2025,bat,OF
sa3019401,Abdias De La Cruz,SS/OF,0.25,0.2055499388370663,ARI,2025,bat,SS/OF
sa3018461,Brayan Guedez,2B/3B/SS,0.25,0.17997000162722543,,2025,bat,2B/3B/SS
sa3021099,Andy Acevedo,OF,0.25,0.07890001807827499,WSN,2025,bat,OF
sa3021263,D'Angelo Tejada,SS,0.25,0.04031003064010292,CHW,2025,bat,SS
sa3021310,Dauwin Gonzalez,OF,0.25,0.1957299799192696,,2025,bat,OF
sa3021149,Kevin Hacen,1B/3B,0.25,0.036220030114054655,,2025,bat,1B/3B
sa3015776,Carlos Carmona,OF,0.25,0.1886300423997454,,2025,bat,OF
sa3021164,Juan Frances,OF,0.25,0.18751001844648268,,2025,bat,OF
26148,Tristin English,1B,1.350000023841858,4.605919826775788,ATL,2025,bat,1B
sa3021252,Jorge Julio,OF,0.25,0.21011999334441497,,2025,bat,OF
sa3018412,Simon Juan,OF,0.25,0.18175999827217304,NYM,2025,bat,OF
sa3020285,Spence Coffman,OF,0.25,0.16799004239728663,,2025,bat,OF
5760,Avisaíl García,OF,1.4199999570846558,4.705389962904155,,2025,bat,OF
sa3024296,Santiago Prado,2B/3B,0.25,0.07968997134594241,,2025,bat,2B/3B
sa3016778,Ramiro Altagracia,OF,0.25,0.19160001452546566,,2025,bat,OF
sa3018532,Jordany Oliver,OF,0.25,0.0547500107903033,,2025,bat,OF
sa3022373,Aldo Gaxiola,3B,0.25,0.2468800090253352,TOR,2025,bat,3B
sa3015849,Gabriel Terrero,1B/OF,0.25,0.1921099765924737,,2025,bat,1B/OF
sa3021259,Eduarlin Tejeda,2B,0.25,0.02528997969347984,SDP,2025,bat,2B
sa3021217,Carlos Batista,OF,0.25,0.07523002570960673,WSN,2025,bat,OF
sa3024115,Deshandro Tromp,2B/3B,0.25,0.013310016109608068,,2025,bat,2B/3B
sa3021834,Ovandy Frias,3B/SS,0.25,0.05299001219682386,,2025,bat,3B/SS
sa3021832,Rainer Reyes,OF,0.25,0.18600999454502015,,2025,bat,OF
sa3022209,Adrian Hoyte,OF,0.25,0.16362005041446528,DET,2025,bat,OF
sa3023762,Tavano Baker,OF,0.25,0.20704998055007307,BOS,2025,bat,OF
sa3022305,Andres Villafane,OF,0.25,0.21879999412922183,,2025,bat,OF
sa3019096,Kleimir Lemos,1B,0.25,0.30657999421237025,TEX,2025,bat,1B
sa3024135,Jose Camacho,1B,0.25,0.240160011826083,LAA,2025,bat,1B
sa3017667,Donovan McIntyre,OF,0.25,0.04420996368862689,SFG,2025,bat,OF
sa3016121,Endri Garcia,OF,0.25,0.18504997034324328,,2025,bat,OF
sa3024798,Wilmeyber Penuela,2B/3B,0.25,0.04290000748587769,,2025,bat,2B/3B
sa3018530,Reminton Batista,OF,0.25,0.22131996096577486,,2025,bat,OF
sa3023889,Eduardo Herrera,1B/3B,0.25,0.03177998720202593,CHW,2025,bat,1B/3B
sa3015786,Christopher Espinola,OF,0.25,0.15009004240855567,,2025,bat,OF
sa3023715,Diover De Aza,2B/SS,0.25,-0.036180037050508,NYM,2025,bat,2B/SS
sa3017117,Dayton Dooney,1B/2B,0.25,0.248049990250729,,2025,bat,1B/2B
sa3021153,Railin Tea,2B/OF,0.25,0.1712900011334568,,2025,bat,2B/OF
sa3018510,Andres Hernandez,3B,0.25,0.044660001189913555,,2025,bat,3B
sa3021157,Luis Vicioso,1B/OF,0.25,0.18566998635651535,,2025,bat,1B/OF
sa3023879,Jose Familia,SS,0.25,0.015020024997647884,PHI,2025,bat,SS
sa3018498,Andy Encarnacion,OF,0.25,0.20145996392238885,ARI,2025,bat,OF
sa3023928,Luis De La Cruz,1B/OF,0.25,0.15088001119438552,CLE,2025,bat,1B/OF
sa3024644,Anderson Garcia,3B,0.25,0.05424996174406253,KCR,2025,bat,3B
sa3015856,Fidel Montero,OF,0.25,0.1509199808351695,CHW,2025,bat,OF
sa3018931,Jesus Correa,OF,0.25,0.16904998652171335,,2025,bat,OF
sa3019558,Cesar D'Oleo,OF,0.25,0.1663600053987465,,2025,bat,OF
sa3019216,Deivis Mosquera,OF,0.25,0.19750997720984736,,2025,bat,OF
sa3021637,Ramon Ramirez,C,0.25,0.32608001417247573,KCR,2025,bat,C
sa3021831,Abel Lorenzo,OF,0.25,0.18447001131717117,LAD,2025,bat,OF
sa3021137,Anielson Buten,OF,0.25,0.24110995207447553,CIN,2025,bat,OF
sa3019202,Andry Javier,2B/OF,0.25,0.23114995147334405,,2025,bat,2B/OF
sa3018503,Christopher Orelin,3B/SS,0.25,0.031019970448687588,,2025,bat,3B/SS
sa3022246,Joswuill Rondon,OF,0.25,0.17374999278690662,,2025,bat,OF
sa3018622,Julio Henriquez,1B,0.25,0.28245996496407316,MIA,2025,bat,1B
sa3017122,Geuri Lubo,SS/OF,0.25,0.16651002948638044,CHC,2025,bat,SS/OF
sa3024106,Yariell Almanzar,2B/3B/SS,0.25,-0.02111999946646403,,2025,bat,2B/3B/SS
sa3006876,Trey Harris,OF,0.4300000071525574,1.0693099278956653,,2025,bat,OF
sa3018970,Kendry Feliz,1B/2B/3B,0.25,0.2400800619390793,,2025,bat,1B/2B/3B
sa3021176,Alex Acosta,OF,0.25,0.15621000775136046,NYM,2025,bat,OF
sa3023944,Edward Florentino,1B/OF,0.25,0.2789299561991356,PIT,2025,bat,1B/OF
sa3021162,Daris Cordero,1B/3B,0.25,0.037270032090600515,,2025,bat,1B/3B
sa3019201,Luis Barett,OF,0.25,0.16893998454324896,,2025,bat,OF
sa3024309,Fabian Alcantara,OF,0.25,0.020730033318977815,SDP,2025,bat,OF
sa3016165,Jose Serrano,2B/3B,0.25,0.3068399658892304,,2025,bat,2B/3B
sa3021246,Moises Semerite,OF,0.25,0.03658998504979535,,2025,bat,OF
sa3024124,Handelfry Encarnacion,OF,0.25,0.17407998883863907,MIL,2025,bat,OF
sa3015635,Eliesel Santana,OF,0.25,0.16469001804944122,,2025,bat,OF
sa3021287,John Estevez,OF,0.25,0.17526999698020507,ATL,2025,bat,OF
19983,Conner Capel,OF,1.2300000190734863,4.399859842844307,COL,2025,bat,OF
sa3019215,Andres Tabares,OF,0.25,0.15693998350761823,,2025,bat,OF
sa3018932,Louis Pierre,OF,0.25,0.02739998571341852,,2025,bat,OF
sa3024299,Haniel German,OF,0.25,0.1593399395584128,,2025,bat,OF
sa3021119,Reynaldo De La Paz,OF,0.25,0.10230002509197218,OAK,2025,bat,OF
sa3015843,Carlos Jimenez,1B,0.25,0.24642000970197836,,2025,bat,1B
sa3023768,Zeus Nunez,3B,0.25,-0.04331003809347755,,2025,bat,3B
sa3021220,Jelson Coca,2B/SS,0.25,0.024209982145111934,,2025,bat,2B/SS
sa3015702,Jhonny Piron,OF,0.25,0.16395999088417734,,2025,bat,OF
sa3023012,Kyle Henley,OF,0.25,0.10248001099098475,CIN,2025,bat,OF
sa3023945,Pedro Blanco,1B/OF,0.25,0.209109997539781,ARI,2025,bat,1B/OF
sa3015690,Carlos Vicioso,OF,0.25,0.161799938220065,,2025,bat,OF
sa3024326,Yaxson Lucena,OF,0.25,0.16150001075584433,STL,2025,bat,OF
sa3018523,Yirber Ruiz,OF,0.25,0.15958995751570904,,2025,bat,OF
sa3021598,Jonathan Taveras,2B/3B,0.25,0.027200061932671715,,2025,bat,2B/3B
sa3021277,Andru Arthur,OF,0.25,0.14942999717313796,STL,2025,bat,OF
sa3008831,Angel Cruz,1B/2B,0.25,0.23879999147029587,,2025,bat,1B/2B
sa3021190,Reniel Diaz,OF,0.25,0.029189983697142444,,2025,bat,OF
sa3023754,Jhoan Peguero,OF,0.25,0.17931998168351124,BOS,2025,bat,OF
sa3017853,Jorge Garcia,OF,0.25,0.16195002290187394,,2025,bat,OF
sa3002851,Robert Perez Jr.,1B/OF,1.559999942779541,4.804880068730563,,2025,bat,1B/OF
sa3015628,Santiago Millan,OF,0.25,0.1649099841248244,,2025,bat,OF
sa3018586,Toby Simmons,OF,0.25,0.19222002384485676,,2025,bat,OF
sa3018432,Henry Ramos,OF,0.25,0.17132002741564056,KCR,2025,bat,OF
sa3021319,Yensi Reyes,OF,0.25,0.3143200427526608,,2025,bat,OF
sa3020002,Chase Valentine,2B/SS,0.25,0.26957995285047215,,2025,bat,2B/SS
sa3021094,Yerlin Luis,OF,0.25,0.1093599644489586,CLE,2025,bat,OF
sa3017695,Moises Gallardo,OF,0.25,0.17578997169621288,,2025,bat,OF
sa3019406,Andres Lacruz,OF,0.25,0.14725001021288328,,2025,bat,OF
sa3022820,Sheng-En Lin,3B,0.25,0.08178998780203982,CIN,2025,bat,3B
sa3023763,Josue Brito,1B/OF,0.25,0.17591002404224124,BOS,2025,bat,1B/OF
sa3023967,Alver Medina,3B,0.25,0.024330041138455168,,2025,bat,3B
sa3021618,Danny Puerta,1B/OF,0.25,0.1487900010077282,,2025,bat,1B/OF
sa3015621,Felix Taveras,OF,0.25,0.15767005170928314,,2025,bat,OF
sa3015763,Enmanuel Ramirez,OF,0.25,0.1735600692336447,WSN,2025,bat,OF
sa3018385,Jose Ochoa,OF,0.25,0.15731002569664268,,2025,bat,OF
sa3021308,Luis Quesada,1B/OF,0.25,0.20590999549021946,HOU,2025,bat,1B/OF
sa3019686,Railin Tejada,OF,0.25,0.12976995700737454,,2025,bat,OF
sa3021299,Enmanuel Santos,OF,0.25,0.16913000222994012,KCR,2025,bat,OF
sa3016092,Jairo Mendez,OF,0.25,0.1582199460710399,,2025,bat,OF
sa3015757,Diego Villegas,1B/OF,0.25,0.2071999689447693,SFG,2025,bat,1B/OF
sa3023954,Juan Colorado,3B,0.25,0.016730016539804656,SFG,2025,bat,3B
sa3023730,Alexander Mambel,1B,0.25,0.2610499763162807,BOS,2025,bat,1B
sa3023777,Manuel De Cesare,1B/OF,0.25,0.07424002167535941,,2025,bat,1B/OF
sa3016093,Omar Nuel,OF,0.25,0.16181004741229116,,2025,bat,OF
sa3016086,Samuel Parra,OF,0.25,0.14998999804956828,,2025,bat,OF
sa3016174,Kevin Santos,OF,0.25,0.15068998341448606,,2025,bat,OF
sa3018933,Nestor Chevalier,OF,0.25,0.14622998846461988,,2025,bat,OF
sa3015754,Mauricio Pierre,OF,0.25,0.15350000704638656,,2025,bat,OF
sa3016150,Victor Celedonio,2B/3B,0.25,0.14978005356388163,,2025,bat,2B/3B
sa3015539,Kevin Rivas,1B,0.25,0.17808002813253546,CLE,2025,bat,1B
sa3023955,Luis Fragoza,OF,0.25,0.13070998484035953,MIN,2025,bat,OF
sa3023743,Ismael Del Rosario,OF,0.25,-0.03796003173338253,,2025,bat,OF
sa3018915,Jesus Machado,OF,0.25,0.138619994779583,,2025,bat,OF
sa3015872,Raul Guzman,OF,0.25,0.14272996074287217,,2025,bat,OF
sa3017479,Luis Freitez,OF,0.25,0.08899003125261512,OAK,2025,bat,OF
sa3023891,Belfi Rivera,OF,0.25,0.040130012086592594,ARI,2025,bat,OF
sa3018609,Robert Perez,OF,0.25,0.18278005927568292,MIA,2025,bat,OF
sa3016550,John Zorrilla,3B/SS,0.25,0.046420009480789254,,2025,bat,3B/SS
sa3019763,Carlos Cauro,C/1B,0.25,0.20174996046116567,HOU,2025,bat,C/1B
sa3021254,Pedro Ibarguen,OF,0.25,0.15026000873185694,MIL,2025,bat,OF
sa3021266,Carlos Concepcion,OF,0.25,0.1406100183492526,SFG,2025,bat,OF
sa3015588,Ewry Espinal,1B/OF,0.25,0.13700995821272946,,2025,bat,1B/OF
sa3018469,Moises Molero,OF,0.25,0.13920998522080477,,2025,bat,OF
sa3018623,Manuel German,1B,0.25,0.23679993839468805,KCR,2025,bat,1B
sa3023959,Manni Ramirez,OF,0.25,0.11909006631467484,TEX,2025,bat,OF
sa3015751,Eliam Sandoval,OF,0.25,0.14928999723633748,,2025,bat,OF
sa3024956,Frandy Lafond,OF,0.25,0.15630998410051686,MIL,2025,bat,OF
sa3017665,Aaron Zavala,OF,2.0899999141693115,6.1553396522998804,TEX,2025,bat,OF
sa3015825,Junior Del Valle,OF,0.25,0.21597995021147642,,2025,bat,OF
sa3023790,Edwin Darville,2B,0.25,0.014909977477509495,BOS,2025,bat,2B
sa3018618,Elian Cortorreal,2B,0.25,0.19433003782760347,,2025,bat,2B
sa3024313,Oscar Aponte,OF,0.25,0.14483002272900186,,2025,bat,OF
sa3022282,Moises Valdez,OF,0.25,0.11364000730682158,SDP,2025,bat,OF
sa3021304,Marcelo Alcala,OF,0.25,0.12489006600808353,CHW,2025,bat,OF
sa3021318,Frandy Duran,OF,0.25,0.13383003076305608,,2025,bat,OF
sa3018945,Moises Febrillet,3B,0.25,0.004379964200779778,CHC,2025,bat,3B
sa3015640,Lewin De La Cruz,1B/2B/3B,0.25,0.19586999135790395,,2025,bat,1B/2B/3B
sa3024152,Saul Gomez,1B/3B,0.25,0.1759999885922297,BAL,2025,bat,1B/3B
sa3018944,Marco Marcelino,OF,0.25,0.1320499707362614,,2025,bat,OF
sa3022594,Drew Bowser,1B/3B,0.25,0.21504998232703654,CHC,2025,bat,1B/3B
sa3023902,Denilson Aguila,2B/3B/SS,0.25,-0.0004399923142045809,,2025,bat,2B/3B/SS
sa3023966,David Carrera,OF,0.25,0.10573003108147527,NYY,2025,bat,OF
sa3023916,Estivenzon Montero,OF,0.25,0.10684004261856896,NYY,2025,bat,OF
sa3018949,Junior Quezada,OF,0.25,0.13067004333715884,,2025,bat,OF
sa3021305,Eyke Ugueto,2B/OF,0.25,0.11766001812648022,,2025,bat,2B/OF
sa3016314,Isaias Dipre,OF,0.25,0.3081299890531226,,2025,bat,OF
sa3023953,Jose Marcano,C/1B,0.25,0.23345998262520873,TEX,2025,bat,C/1B
sa3018534,Gery Holguin,1B/3B,0.25,0.14194998344173648,MIL,2025,bat,1B/3B
sa3024352,Angel Garcia,OF,0.25,0.10799997223075478,BAL,2025,bat,OF
sa3023922,Anderson Tovar,OF,0.25,0.2856399594573304,,2025,bat,OF
sa3015806,Yeison Perez,1B/OF,0.25,0.21568001948762686,,2025,bat,1B/OF
sa3005936,Arturo Guerrero,OF,0.25,0.13756999145261936,,2025,bat,OF
sa3015669,Jesus Ortega,OF,0.25,0.1341899623861536,,2025,bat,OF
sa3016344,Randy Perea,OF,0.25,0.1314000428188592,,2025,bat,OF
sa3015761,Derwin Laya,1B/3B,0.25,0.19552003603894255,,2025,bat,1B/3B
sa3021054,Kevin Dume,1B,0.25,0.14764998735627158,OAK,2025,bat,1B
sa3019098,Ryan Castillo,1B,0.25,0.20647002351470287,,2025,bat,1B
sa3023888,Victor Hurtado,OF,0.25,0.1609800720820203,WSN,2025,bat,OF
sa3023990,Yorman Licourt,OF,0.25,0.10854000300168981,TOR,2025,bat,OF
sa3015630,Jose Pena,OF,0.25,0.13076997803291304,,2025,bat,OF
sa3015767,Rodolfo De La Cruz,OF,0.25,0.13130998814012856,,2025,bat,OF
sa3015739,Yasmil Bucce,C/1B,0.25,0.16098997158696865,BAL,2025,bat,C/1B
sa3010018,Aaron Bracho,1B/2B,0.9300000071525574,2.8385399833321565,,2025,bat,1B/2B
sa3024311,Jesmaylin Arias,OF,0.25,0.11096004210412497,SDP,2025,bat,OF
sa3016540,Oswaldo Ladera,OF,0.25,0.12775000543333587,,2025,bat,OF
sa3024370,Juan Martinez,1B/3B,0.25,-0.02744996856199581,,2025,bat,1B/3B
sa3023876,Maylerson Casanova,2B/SS,0.25,-0.038370044867042506,PHI,2025,bat,2B/SS
sa3016821,Luis Marinez,C/1B,0.25,0.14954996113665397,,2025,bat,C/1B
sa3022058,Derek Cueto,3B,0.25,0.02372999091166996,MIA,2025,bat,3B
sa3019618,Angel Rodriguez,OF,0.25,0.12459002106916156,,2025,bat,OF
sa3015653,Newremberg Rondon,C,0.25,0.2574899845640174,DET,2025,bat,C
sa3023709,Adolfo Sanchez,OF,0.25,0.05978996867779637,CIN,2025,bat,OF
sa3019528,Angel Feliz,OF,0.25,0.12316999448230481,,2025,bat,OF
sa3008797,Luis Rubio,2B/OF,0.25,0.11393999977735797,,2025,bat,2B/OF
sa3015791,Luis Ariza,C/1B,0.25,0.14017998402705412,,2025,bat,C/1B
sa3008930,Lizardo Ruiz,3B/SS,0.25,0.1946700308588333,,2025,bat,3B/SS
sa3016320,Randel Mondesi,OF,0.25,0.1282899876823648,,2025,bat,OF
sa3016151,Jediael Maduro,1B/OF,0.25,0.19286002297885707,,2025,bat,1B/OF
sa3018627,Agustin Acosta,OF,0.25,0.1416700031026266,LAD,2025,bat,OF
sa3015787,Ronald Pena,1B/OF,0.25,0.19204000149620692,,2025,bat,1B/OF
sa3021854,Omar Reyes,1B/2B,0.25,0.1872600133996457,KCR,2025,bat,1B/2B
sa3021265,Santiago Pinto,OF,0.25,0.1095099464757368,DET,2025,bat,OF
sa3016077,Brayan Altuve,OF,0.25,0.13156005353666836,,2025,bat,OF
sa3021147,Daniel Mielcarek,2B/SS,0.25,-0.002359983429778452,LAD,2025,bat,2B/SS
sa3021620,Juan Uribe,2B,0.25,-0.027889997768215838,,2025,bat,2B
sa3018607,Carlos Gonzalez,C/1B,0.25,0.1078200198127888,SEA,2025,bat,C/1B
sa3024382,Robinson Chacon,OF,0.25,0.12822004127083345,KCR,2025,bat,OF
sa3015859,Jhoan Contreras,1B,0.25,0.1921600532601587,,2025,bat,1B
sa3019541,Juan Martínez,OF,0.25,0.11543996710097411,,2025,bat,OF
sa3023886,Adriel Radney,OF,0.25,0.14250001194886855,ARI,2025,bat,OF
sa3024630,Gabriel Cesa,OF,0.25,0.008130009495653224,ATL,2025,bat,OF
sa3023957,Evan Estevez,1B/OF,0.25,0.11336996194440865,SFG,2025,bat,1B/OF
sa3018570,Maximo Maria,OF,0.25,0.11970000829314806,,2025,bat,OF
sa3015750,Saul Bautista,OF,0.25,0.11862998445285476,,2025,bat,OF
sa3008783,Erick Tejeda,1B,0.25,0.1928599915234372,,2025,bat,1B
23789,Blaze Alexander,3B,33.47999954223633,118.0656109213829,BAL,2025,bat,3B
sa3019200,Ricardo Hurtado,C/1B,0.25,0.1520899639814161,DET,2025,bat,C/1B
sa3019103,Erick Bautista,OF,0.25,0.2706799659412354,,2025,bat,OF
sa3024384,Marwin Rivero,OF,0.25,0.11884001491125668,KCR,2025,bat,OF
sa3018639,Joselin Payano,1B,0.25,0.18517001315485676,,2025,bat,1B
sa3024132,Angel Gonzalez,OF,0.25,0.11876000207848839,MIL,2025,bat,OF
sa3015822,Andres Centeno,OF,0.25,0.1135399793740361,,2025,bat,OF
sa3021100,Edwin Solano,SS,0.25,-0.02511001953389496,,2025,bat,SS
sa3018535,Cristian Benavides,3B,0.25,0.1157499958295375,,2025,bat,3B
sa3021194,Breiny Ramírez,OF,0.25,0.08359002834185958,BAL,2025,bat,OF
sa3023883,Angel Ventura,OF,0.25,0.08700003450503568,,2025,bat,OF
sa3019704,Arnold Prado,OF,0.25,0.09835997028276317,,2025,bat,OF
sa3015664,Jarol Martinez,1B/3B,0.25,0.17732002780539904,,2025,bat,1B/3B
sa3023873,Alfredo Guanchez,1B/3B,0.25,0.20331998544279484,ARI,2025,bat,1B/3B
sa3022235,Jose Castro,OF,0.25,0.09175000470131629,NYY,2025,bat,OF
sa3018390,Maikol Munoz,3B,0.25,0.19363998386543244,,2025,bat,3B
sa3018577,Carlos Tirado,1B,0.25,0.21609999047359443,,2025,bat,1B
sa3021849,Nixson Cueche,1B/3B,0.25,0.1708300295751541,,2025,bat,1B/3B
sa3015832,Sebastian Castro,OF,0.25,0.08786999773001299,,2025,bat,OF
sa3016125,Oscar Cedeno,1B,0.25,0.18281002406729382,,2025,bat,1B
sa3021652,Juan Pulinario,OF,0.25,0.10949999322183424,,2025,bat,OF
sa3018457,Adrian Reyes,OF,0.25,0.11065998527919871,,2025,bat,OF
sa3024632,Jonathan Moya,OF,0.25,0.09829998216591773,DET,2025,bat,OF
sa3021167,Elvis Rojas,OF,0.25,0.10049002249725156,,2025,bat,OF
sa3015701,Rickardo Perez,C/1B,0.25,0.21214999665971848,,2025,bat,C/1B
sa3021130,Yosmar Gimenez,1B,0.25,0.20091998142888765,,2025,bat,1B
sa3019826,Kevin Novoa,C/1B,0.25,0.15963004449149587,,2025,bat,C/1B
sa3019639,Andres Bonolis,OF,0.25,0.09731002303306009,,2025,bat,OF
sa3017699,Dayker Baldallo,SS/OF,0.25,0.08524000936886297,,2025,bat,SS/OF
sa3021201,Brailin Pascual,2B/3B,0.25,-0.026969969447236532,,2025,bat,2B/3B
sa3021116,Cristopfer Gonzalez,OF,0.25,0.15073000572156153,,2025,bat,OF
sa3015841,Dario Borrero,1B,0.25,0.1816800218774005,,2025,bat,1B
sa3021077,Janero Miller,P/OF,0.25,-0.0005999816115946017,MIA,2025,bat,P/OF
sa3024360,Kevin Robledo,C/1B,0.25,0.2092100005596876,MIA,2025,bat,C/1B
sa3021248,Pedro Tovar,OF,0.25,0.11136999044101682,,2025,bat,OF
sa3018921,Erick Hernandez,OF,0.25,0.1011299856705591,,2025,bat,OF
sa3008767,Victor Bericoto,1B/OF,1.7000000476837158,5.711120168492197,SFG,2025,bat,1B/OF
sa3021209,Carlos Tavares,1B,0.25,0.18623000674415374,WSN,2025,bat,1B
sa3018515,Elian Garcia,OF,0.25,0.09327997075160961,,2025,bat,OF
sa3021288,Frederik Jimenez,1B,0.25,0.20497000050963832,BOS,2025,bat,1B
sa3015797,Brayan Rijo,OF,0.25,0.10582005302421738,,2025,bat,OF
sa3005952,Jose Ferrer,C,0.25,0.23157005307730283,,2025,bat,C
sa3021616,Albert Alberto,OF,0.25,0.08736997724045067,,2025,bat,OF
sa3021224,Carlos Monteverde,1B/OF,0.25,0.18036994350841268,ATL,2025,bat,1B/OF
sa3017771,Jhon Imbert,1B/OF,0.25,0.16407000471372155,,2025,bat,1B/OF
sa3021835,Jjam Alvarez,1B,0.25,0.31295999733265484,,2025,bat,1B
sa3023934,Rocky Solano,OF,0.25,0.09713000495685263,,2025,bat,OF
sa3018524,Jose Sanabria,OF,0.25,0.09453002916416148,,2025,bat,OF
sa3021210,Luiyin Alastre,OF,0.25,0.23323997725965445,MIL,2025,bat,OF
sa3021296,Daniel Gaitor,OF,0.25,0.09432999638374895,,2025,bat,OF
sa3022234,Jose Marchan,OF,0.25,0.09353995922720051,,2025,bat,OF
sa3023924,Samuel Estevez,OF,0.25,-0.006309959478676418,MIA,2025,bat,OF
sa3016865,Ronal Antigua,OF,0.25,0.09418998131295658,,2025,bat,OF
sa3023976,Kendrick Hernandez,3B,0.25,-0.05785004347562793,DET,2025,bat,3B
sa3021603,Yelserth Ayala,1B/2B,0.25,0.1663699825410731,,2025,bat,1B/2B
sa3016338,Yohenny Mata,3B,0.25,0.16531999745639034,,2025,bat,3B
sa3023977,Carlos Villarroel,C/1B,0.25,0.1359800102189183,NYY,2025,bat,C/1B
sa3021258,Rafael Alvarez,3B,0.25,0.14481000982923428,,2025,bat,3B
sa3023725,Bralyn Brazoban,OF,0.25,-0.008179963170550753,PIT,2025,bat,OF
sa3021640,Sandy Ruiz,3B,0.25,0.1534699476789682,,2025,bat,3B
sa3023288,Jaron Elkins,OF,0.25,0.10315000871196384,LAD,2025,bat,OF
sa3018621,Jose Medina,C/1B,0.25,0.1405800059786997,,2025,bat,C/1B
sa3018645,Jose Gerardo,OF,0.25,0.1228599994676187,MIA,2025,bat,OF
sa3015578,Fabian Machado,OF,0.25,0.08106002011336387,,2025,bat,OF
sa3015646,Emilio Taveras,C/1B,0.25,0.15426000116858626,,2025,bat,C/1B
sa3020224,Ramses Velazquez,OF,0.25,0.07482002370525143,,2025,bat,OF
sa3021588,Paris Johnson,OF,0.25,0.08782002558000385,,2025,bat,OF
sa3018537,Angel Pereira,OF,0.25,0.07800002151634537,,2025,bat,OF
sa3021184,Abelardo Medrano,OF,0.25,0.06927999613108113,DET,2025,bat,OF
sa3015759,Brayan Ferrer,C/1B,0.25,0.14970998306525862,,2025,bat,C/1B
sa3019207,Yorfran Medina,1B,0.25,0.16566996170440682,,2025,bat,1B
sa3021589,Brayan Joseph,3B/SS,0.25,0.010670002852566501,,2025,bat,3B/SS
sa3024315,Juan Espinal,OF,0.25,-0.03018997331382717,ATL,2025,bat,OF
sa3015531,Jesus Torres,OF,0.25,0.1520900494884699,CIN,2025,bat,OF
sa3015660,Enger Castellano,1B/3B,0.25,0.15307002875488246,,2025,bat,1B/3B
sa3019910,Bernardo Zabala,C/1B,0.25,0.15178003585897384,,2025,bat,C/1B
sa3022405,Hector Liriano,OF,0.25,0.11646998953074209,,2025,bat,OF
sa3015722,Starlin Aguilar,3B,0.25,0.13729000391904267,LAA,2025,bat,3B
sa3024483,Leroy Escalante,OF,0.25,0.08530999546637759,,2025,bat,OF
sa3022404,Richard Meran,OF,0.25,0.04948997832834715,NYY,2025,bat,OF
sa3021114,Niurby Asigen,1B/OF,0.25,0.15125999081647024,,2025,bat,1B/OF
sa3021154,Eduardo Perez,OF,0.25,0.0653500133194029,HOU,2025,bat,OF
sa3024125,Frederi Montero,1B/3B,0.25,0.15251997825689606,MIL,2025,bat,1B/3B
sa3024307,Eddy Perez,3B,0.25,-0.05231997277587652,,2025,bat,3B
sa3023771,Carlos Carrasquel,1B/3B,0.25,0.16996000988874574,,2025,bat,1B/3B
sa3015632,Juan Garcia,1B/3B,0.25,0.1511100311530753,,2025,bat,1B/3B
sa3018929,Jose Colmenarez,C/1B,0.25,0.14541004541097205,,2025,bat,C/1B
sa3016956,Chris Meyers,1B/OF,2.180000066757202,7.356409708037971,DET,2025,bat,1B/OF
sa3021270,Anthony Rodriguez,1B/OF,0.25,0.08547001652186735,,2025,bat,1B/OF
sa3023980,Johmphy De La Cruz,2B/3B,0.25,-0.07062002010643484,,2025,bat,2B/3B
sa3021279,Alexander Garcia,SS/OF,0.25,0.06221003200625997,,2025,bat,SS/OF
sa3021058,Ramon Moreno,OF,0.25,0.06897002443438392,,2025,bat,OF
sa3023910,Brayan Amoroso,1B/OF,0.25,0.06834000174421814,STL,2025,bat,1B/OF
sa3021273,Khris Almonte,OF,0.25,0.07627994160866357,,2025,bat,OF
sa3021089,Tony Ruiz,1B/OF,0.25,0.15760995892342172,,2025,bat,1B/OF
sa3008950,Natanael Santana,OF,0.25,0.07176004213979464,,2025,bat,OF
33390,Bryce Eldridge,1B/DH,21.209999084472656,83.49293078184128,SFG,2025,bat,1B/DH
sa3024295,Freiderman Aguilera,OF,0.25,-0.02853000415489086,,2025,bat,OF
8090,Matt Carpenter,3B,1.3799999952316284,4.877430087234825,,2025,bat,3B
sa3021615,Tyler Rodriguez,OF,0.25,0.19989999425597482,MIL,2025,bat,OF
sa3021590,Aniel Mendoza,1B,0.25,0.20897995306877418,,2025,bat,1B
sa3018402,Irving Igualas,OF,0.25,0.06786000221036367,,2025,bat,OF
sa3015545,Abelaldo Lopez,OF,0.25,0.06688001429429274,,2025,bat,OF
sa3016871,Jose Herrera,C/1B,0.25,0.14029999296180892,,2025,bat,C/1B
sa3024480,Dariel Garcia,OF,0.25,0.20785996618214989,COL,2025,bat,OF
sa3017827,Brayan Oropeza,C/1B,0.25,0.1343299696687609,,2025,bat,C/1B
sa3021272,Santiago Contreras,OF,0.25,0.030860001209657595,SDP,2025,bat,OF
sa3023545,Walker Martin,3B/SS,0.25,0.18333999344613397,SFG,2025,bat,3B/SS
sa3015527,Ray-Jacson Chirino,1B,0.25,0.13827999948989594,,2025,bat,1B
sa3021142,Alexander Garcia,1B/OF,0.25,0.11330996722681448,,2025,bat,1B/OF
sa3021626,Luis Martinez,C/1B,0.25,0.1472900080261752,,2025,bat,C/1B
sa3023911,Raily Liriano,OF,0.25,-0.04753000799100849,ARI,2025,bat,OF
sa3007743,Grant Lavigne,1B,2.390000104904175,8.230629822611808,,2025,bat,1B
sa3015862,Jonaiker Sandoval,OF,0.25,0.06484996224753552,,2025,bat,OF
sa3021839,Johan Estrada,1B,0.25,0.12747000597883015,,2025,bat,1B
sa3018446,Javier Roman,C/1B,0.25,0.11462998096831142,,2025,bat,C/1B
sa3018500,Samuel Capellan,2B/OF,0.25,0.054959950898773896,,2025,bat,2B/OF
sa3023791,Steven Santos,1B,0.25,0.0933500468032434,,2025,bat,1B
sa3021188,Enderson Asencio,1B/OF,0.25,0.10829998387489467,,2025,bat,1B/OF
sa3021200,Albert Gutierrez,1B,0.25,0.1329899631440639,CHC,2025,bat,1B
sa3018417,Johan Barrios,1B/3B,0.25,0.13305003547575323,,2025,bat,1B/3B
sa3024298,Cristobal Bena,2B/3B,0.25,-0.08486999736633158,,2025,bat,2B/3B
sa3016549,Diego Gonzalez,C/1B,0.25,0.11785997414262964,,2025,bat,C/1B
sa3024155,Jose Sabino,C/OF,0.25,0.1149700217181816,CIN,2025,bat,C/OF
sa3015748,Carlos Rodríguez,C/1B,0.25,0.11820007399655869,,2025,bat,C/1B
sa3021049,Jhosmmel Zue,C/1B,0.25,0.14201997983036566,KCR,2025,bat,C/1B
sa3015837,Yoangel Ramos,1B/3B,0.25,0.12928000460378825,,2025,bat,1B/3B
sa3021233,Luis Lameda,2B/3B,0.25,0.17020996478386216,MIL,2025,bat,2B/3B
sa3018971,Ramon Ramirez,OF,0.25,0.18824997440678992,,2025,bat,OF
sa3021283,Adrian Ibarra,1B,0.25,0.12506001633591948,,2025,bat,1B
sa3021121,Adan Chacon,1B,0.25,0.11779000702081241,,2025,bat,1B
sa3015645,Nelson Aranguren,C/1B,0.25,0.11868006864096964,,2025,bat,C/1B
sa3019101,Carlos Altuve,C/1B,0.25,0.11356996695976704,,2025,bat,C/1B
18395,Travis Blankenhorn,DH/OF,3.2699999809265137,12.778679895400998,,2025,bat,DH/OF
sa3023739,Phillando Williams,OF,0.25,0.0693100086646154,,2025,bat,OF
sa3015838,Yemil Rosario,3B/SS,0.25,0.1026199802523479,,2025,bat,3B/SS
sa3016193,Miguel Vargas,1B/OF,0.25,0.11816997382557018,,2025,bat,1B/OF
sa3024111,Jose Ramos,OF,0.25,-0.020489991514477873,OAK,2025,bat,OF
sa3023952,Jesus Premoli,1B,0.25,0.10737999877892429,,2025,bat,1B
sa3018444,Jose Liriano,1B,0.25,0.1866899649146944,,2025,bat,1B
sa3025018,Franklin Rojas,C,0.25,0.14368000666145236,TOR,2025,bat,C
sa3024324,Jesus Lugo,OF,0.25,0.0637699994724244,BOS,2025,bat,OF
sa3022269,Joan Sierra,1B,0.25,0.0864899942651391,,2025,bat,1B
sa3016551,Jensy De Leon,2B/3B,0.25,0.10020996610401188,,2025,bat,2B/3B
sa3021651,Carlos Blanco,1B/OF,0.25,0.105709956260398,,2025,bat,1B/OF
sa3018442,Gregori Cano,1B/3B,0.25,0.10906000401591877,,2025,bat,1B/3B
sa3015817,Alexander Benua,OF,0.25,0.19802999078528952,ARI,2025,bat,OF
sa3016313,Rivaldo Avila,C,0.25,0.10540996973868454,,2025,bat,C
sa3024151,Rafy Peguero,OF,0.25,0.04106998890638351,LAD,2025,bat,OF
sa3022054,Adrian Gonzalez,1B/3B,0.25,0.09784999950788907,,2025,bat,1B/3B
sa3021171,Byron Castillo,OF,0.25,0.02715002580080173,LAA,2025,bat,OF
sa3021161,Kay Robles,OF,0.25,-0.09411997506394992,,2025,bat,OF
sa3022296,Alexey Lumpuy,OF,0.25,0.16860001152381301,CHC,2025,bat,OF
sa3018590,Angel Pierre,2B/3B,0.25,0.1620799781987443,,2025,bat,2B/3B
sa3021852,Jean C. Gutierrez,OF,0.25,0.03190997887868437,,2025,bat,OF
sa3024654,Michael Martinez,OF,0.25,0.045669988112058406,ATL,2025,bat,OF
sa3018396,Dervin Andrade,C,0.25,0.09557003143709152,,2025,bat,C
sa3018554,Faruk De La Cruz,C/1B,0.25,0.08939996617846184,,2025,bat,C/1B
sa3015852,Gustavo Armas,OF,0.25,0.08448000050848346,,2025,bat,OF
sa3009338,Fernando Diaz,1B,0.25,0.10818996548186988,,2025,bat,1B
sa3023884,Jarol Capellan,1B,0.25,0.24210997746558854,,2025,bat,1B
sa3011668,Fabian Urbina,C/3B,0.25,0.1567099991021677,,2025,bat,C/3B
sa3021151,Diego Felix,SS/OF,0.25,0.0383000313770025,,2025,bat,SS/OF
sa3018935,Delvis Matos,OF,0.25,0.029250006913207408,,2025,bat,OF
sa3020286,July Vittini,C/1B,0.25,0.08582003529882058,,2025,bat,C/1B
sa3015677,Francisco Garcia,1B/3B,0.25,0.25211004498414685,,2025,bat,1B/3B
sa3015582,Fernando Hernandez,3B/SS,0.25,0.17809002528665585,,2025,bat,3B/SS
sa3018488,Axell De Paula,OF,0.25,0.16440997882746153,,2025,bat,OF
sa3019217,Johan Contreras,C/1B,0.25,0.05977996317669743,,2025,bat,C/1B
sa3015597,Hugo Sanchez,1B/3B,0.25,0.14589000348933034,,2025,bat,1B/3B
sa3018538,Erick Arosemena,OF,0.25,0.1473899843986146,,2025,bat,OF
sa3024113,Frailin Yan,OF,0.25,0.00883997073397036,,2025,bat,OF
sa3018437,Carlos Oviedo,C/1B,0.25,0.0841400003526359,,2025,bat,C/1B
sa3023752,José Castro,OF,0.25,0.037639996688812925,MIA,2025,bat,OF
sa3021600,Bryan Martinez,OF,0.25,0.14100002001505346,LAA,2025,bat,OF
sa3021313,Adriel Cuello,2B/SS,0.25,0.007190018380060743,,2025,bat,2B/SS
sa3015845,Luis Paredes,OF,0.25,0.15349998674355442,,2025,bat,OF
sa3015775,Romtres Cabrera,OF,0.25,0.1465799963567405,STL,2025,bat,OF
sa3021294,Breyias Dean,1B/3B,0.25,0.10390998369548464,MIA,2025,bat,1B/3B
sa3015615,Justin Guerrero,C,0.25,0.0822700351011007,,2025,bat,C
sa3021228,Elian Soto,1B/OF,0.25,0.019270039070397583,WSN,2025,bat,1B/OF
sa3018964,Jesus Peraza,C/1B,0.25,0.07365997727029018,,2025,bat,C/1B
sa3019307,Johan Ferreira,1B,0.25,0.07688994699856261,,2025,bat,1B
sa3021271,Gustavo Beltran,1B,0.25,0.07496001109248024,,2025,bat,1B
sa3021586,Guillermo Rosario,C/1B,0.25,0.1052500439109281,PHI,2025,bat,C/1B
sa3021163,Fernando Roquez,1B/OF,0.25,0.06935999665874987,,2025,bat,1B/OF
sa3021092,German Ramirez,3B/SS,0.25,0.11180005173664538,HOU,2025,bat,3B/SS
sa3015231,Andruw Salcedo,C,0.25,0.05514999041333784,,2025,bat,C
sa3015620,Raul Guzman,3B,0.25,0.07190999838057908,,2025,bat,3B
sa3016308,Robert De Paula,OF,0.25,0.07736000441946088,,2025,bat,OF
sa3016341,Luis Bolivar,OF,0.25,-0.0066700043156743315,,2025,bat,OF
sa3016319,Gabriel Bersing,C/1B,0.25,0.0821299764793366,,2025,bat,C/1B
sa3019208,Jhonny Perez,C/1B,0.25,0.07267001032596455,,2025,bat,C/1B
sa3018581,Jose Fernandez,2B/SS,0.25,0.10340002332814037,,2025,bat,2B/SS
23378,José Barrero,SS,10.960000038146973,31.599510055780407,BAL,2025,bat,SS
sa3021106,Randy Guzman,1B/OF,0.25,0.05361996836727484,NYM,2025,bat,1B/OF
sa3024633,Robert Santos,OF,0.25,9.998674504456059e-05,,2025,bat,OF
sa3016539,German Guilarte,C/1B,0.25,0.05513999524991961,,2025,bat,C/1B
sa3021215,Joan Gutierrez,3B,0.25,-0.00926999637158591,,2025,bat,3B
sa3017336,Luis Leones,OF,0.25,0.06625002457294615,,2025,bat,OF
sa3018490,Jose Arias,OF,0.25,-0.002809981035534337,,2025,bat,OF
sa3021291,Angel Aquino,OF,0.25,0.031139959068968846,,2025,bat,OF
sa3021096,Manuel Cabrera,1B/2B/3B,0.25,0.06705007025739172,WSN,2025,bat,1B/2B/3B
sa3016152,Eduardo Montero,C/1B,0.25,0.05540000223554663,,2025,bat,C/1B
sa3015745,Wilmer Feliciano,OF,0.25,0.06018000901676712,,2025,bat,OF
sa3021112,Edwarli Brioso,2B/3B/SS,0.25,-0.014469988970086018,,2025,bat,2B/3B/SS
sa3019723,Yorfran John,2B/3B,0.25,0.11337999186944211,,2025,bat,2B/3B
sa3016868,Luis Maza,2B/3B,0.25,0.11595997388940296,,2025,bat,2B/3B
sa3017080,Cal Conley,2B/SS,2.2300000190734863,5.917099387384949,ATL,2025,bat,2B/SS
sa3019722,Tony Blanco Jr.,1B,0.25,0.15922005015891036,PIT,2025,bat,1B
sa3024332,David Freitas,OF,0.25,-0.02375999742653222,,2025,bat,OF
sa3016753,Brahian Silva,C,0.25,0.10094997588312245,,2025,bat,C
sa3018635,Andy Colon,1B/OF,0.25,-0.023889990965835783,,2025,bat,1B/OF
sa3021843,Yhoan Escalona,C/1B,0.25,0.06787000673357393,PHI,2025,bat,C/1B
sa3021110,Idalberto Santiesteban,P/OF,0.25,0.10686999238096168,,2025,bat,P/OF
sa3016959,Caleb Roberts,C/OF,1.649999976158142,6.026520454138517,ARI,2025,bat,C/OF
sa3024955,Christian Saez,1B,0.25,0.03661999311298124,STL,2025,bat,1B
sa3023900,Juan Alvarez,1B,0.25,0.06559998353477561,ARI,2025,bat,1B
sa3022662,Michael Baez,C/1B,0.25,0.030629991297610036,,2025,bat,C/1B
sa3023981,Herlinton Herrera,1B/2B,0.25,0.22936005077790467,COL,2025,bat,1B/2B
sa3019687,Julio Valdez,P/OF,0.25,-0.03427002429962163,CHC,2025,bat,P/OF
sa3021269,Roiber Niazoa,1B,0.25,0.053030006343033106,,2025,bat,1B
sa3018505,Mairoshendrick Martinus,3B/SS/OF,0.25,0.11575999272754407,LAD,2025,bat,3B/SS/OF
sa3024355,Clay Winklaar,OF,0.25,-0.06206998574780309,,2025,bat,OF
sa3018954,José Noguera,C/1B,0.25,0.0219800352468155,,2025,bat,C/1B
sa3018603,Danny Gonzalez,OF,0.25,0.11972998590208582,,2025,bat,OF
sa3015835,Daniel Ferreira,OF,0.25,0.07988003562204538,,2025,bat,OF
sa3021150,Jonathan Rivero,C,0.25,0.10176002534572035,PIT,2025,bat,C
23788,Jordyn Adams,OF,6.380000114440918,19.95442985445261,MIL,2025,bat,OF
sa3021250,Chad Delancey,OF,0.25,0.06943997996859243,,2025,bat,OF
sa3024379,Klendy Leen,C/1B,0.25,-0.04161999477073556,TEX,2025,bat,C/1B
sa3023933,Vladi Guerrero,1B/OF,0.25,-0.025219983700662887,,2025,bat,1B/OF
sa3024482,Isaac Ponce,C/1B,0.25,0.029880007542669736,SDP,2025,bat,C/1B
sa3022255,Juan Obispo,OF,0.25,0.07377999606542279,WSN,2025,bat,OF
sa3018965,Alen Pineda,C/1B,0.25,-0.0056800061371177785,ATL,2025,bat,C/1B
sa3008865,Gabriel Martinez,OF,1.2100000381469727,3.84959000563249,,2025,bat,OF
sa3014891,Bryson Horne,1B,0.7300000190734863,1.9068802525289354,,2025,bat,1B
sa3024149,Joandrew Pena,1B,0.25,-0.01559996372088796,,2025,bat,1B
sa3023937,Francisco Loreto,3B,0.25,0.05720998238539314,PIT,2025,bat,3B
sa3021143,Alan Frias,OF,0.25,0.01694998836610463,,2025,bat,OF
sa3016953,Andy Thomas,C,0.7599999904632568,1.9786699384450912,SDP,2025,bat,C
sa3022173,Brauli Diaz,1B/3B,0.25,-0.09398000361397872,,2025,bat,1B/3B
18063,Kyle Garlick,OF,2.3299999237060547,7.926079641282557,,2025,bat,OF
19717,Darick Hall,1B/DH,5.960000038146973,22.364489991217848,,2025,bat,1B/DH
27698,Eric Yang,PH/PR,0.8799999952316284,2.538959983782842,CHC,2025,bat,PH/PR
19643,Daniel Johnson,OF,2.740000009536743,9.160360032133758,MIA,2025,bat,OF
sa1169792,Ryan Ward,OF,1.600000023841858,5.625409936532378,LAD,2025,bat,OF
sa3011413,Hunter Bishop,OF,2.059999942779541,5.948510131239891,,2025,bat,OF
5254,Robbie Grossman,OF,18.190000534057617,70.05255891084671,,2025,bat,OF
sa3020202,Cortland Lawson,SS,0.7300000190734863,1.6348700501956046,WSN,2025,bat,SS
sa3019805,Hogan Windish,1B/2B,2.1600000858306885,6.001949955895544,SEA,2025,bat,1B/2B
15279,Garrett Cooper,1B/DH,6.190000057220459,24.296898704022166,,2025,bat,1B/DH
sa3008113,Malcom Nuñez,1B/3B,2.450000047683716,8.129010352678597,,2025,bat,1B/3B
sa3019893,Keshawn Ogans,3B,1.100000023841858,3.0552800592035054,ATL,2025,bat,3B
20054,Bligh Madris,1B/OF,3.4600000381469727,11.547349634766578,STL,2025,bat,1B/OF
sa3014524,Casey Martin,SS,0.6700000166893005,1.1778500670567151,MIL,2025,bat,SS
16434,Christian Arroyo,2B,5.380000114440918,15.802798862755298,NYM,2025,bat,2B
26536,Warming Bernabel,1B,2.5399999618530273,9.4131002523005,WSN,2025,bat,1B
sa3014521,Austin Hendrick,OF,1.600000023841858,4.204610120505094,CIN,2025,bat,OF
18607,Jared Walsh,1B,2.7799999713897705,8.628289873898026,,2025,bat,1B
25434,Will Wilson,2B/3B,11.489999771118164,29.593562481552354,SEA,2025,bat,2B/3B
20157,Matthew Batten,2B/3B,5.710000038146973,17.32713032960892,,2025,bat,2B/3B
sa3023367,Sam Brown,1B,2.5299999713897705,7.018689879961309,WSN,2025,bat,1B
29487,Blake Dunn,OF,46.68000030517578,166.7744241476059,CIN,2025,bat,OF
13329,Jake Lamb,3B,9.279999732971191,32.21780033558607,,2025,bat,3B
sa3014695,Alex Ramírez,OF,4.599999904632568,12.731619622558355,,2025,bat,OF
18433,P.J. Higgins,C/1B,4.179999828338623,13.915709648840126,CIN,2025,bat,C/1B
25844,Logan Davidson,1B,9.829999923706055,32.46378972232341,TBR,2025,bat,1B
14109,Albert Almora Jr.,OF,13.5600004196167,46.18980802148581,,2025,bat,OF
25183,Drew Avans,OF,28.389999389648438,87.57536816000939,COL,2025,bat,OF
21626,Griffin Conine,OF,67.41000366210938,253.3207024335861,MIA,2025,bat,OF
27482,Robert Hassell III,OF,30.43000030517578,95.30864928662777,WSN,2025,bat,OF
sa3022670,Andrew Pinckney,OF,7.320000171661377,22.480871909856788,WSN,2025,bat,OF
15149,Trey Mancini,1B/DH/OF,9.069999694824219,33.82842904701828,LAA,2025,bat,1B/DH/OF
15194,Jake Bauers,1B/OF,29.010000228881836,111.78895994722843,MIL,2025,bat,1B/OF
19273,Stone Garrett,OF,7.539999961853027,27.41608013436198,,2025,bat,OF
31522,Tim Elko,1B,16.079999923706055,57.331741560995575,CHW,2025,bat,1B
19966,Bobby Dalbec,1B,13.229999542236328,45.56943895965815,,2025,bat,1B
15429,Kris Bryant,3B/OF,88.7699966430664,414.83136873245235,COL,2025,bat,3B/OF
10199,Billy Hamilton,OF,9.399999618530273,20.109842517971995,,2025,bat,OF
sa3025129,Travis Bazzana,2B,23.739999771118164,50.775073318183416,CLE,2025,bat,2B
6887,Martín Maldonado,C,22.920000076293945,53.02475343644618,,2025,bat,C
35041,Jac Caglianone,OF,14.1899995803833,33.77622839063405,KCR,2025,bat,OF
35108,Cam Smith,OF,101.33999633789062,314.380341386795,HOU,2025,bat,OF
