playerid,PlayerName,minpos,G,GS,IP,SV,HLD,FPTS,Team,season,stats,role
27498,Spencer Strider,P,30.780000686645508,30.780000686645508,184.80160522460938,0.0,0.0,1051.2264472961426,ATL,2024,pit,SP
10310,Zack Wheeler,P,32.0,32.0,197.4420928955078,0.0,0.0,925.6005548477174,PHI,2024,pit,SP
14107,Kevin Gausman,P,32.0,32.0,193.297607421875,0.0,0.0,975.1276939392092,TOR,2024,pit,SP
17085,Pablo López,P,32.0,32.0,193.26589965820312,0.0,0.0,951.6532432556153,MIN,2024,pit,SP
17995,Logan Webb,P,32.0,32.0,201.37680053710938,0.0,0.0,953.7742877960205,SFG,2024,pit,SP
16149,Aaron Nola,P,32.0,32.0,195.10670471191406,0.0,0.0,873.7453845024108,PHI,2024,pit,SP
17295,Framber Valdez,P,30.780000686645508,30.780000686645508,195.4971923828125,0.0,0.0,949.2298377990722,DET,2024,pit,SP
22267,Tarik Skubal,P,29.15999984741211,29.15999984741211,171.18479919433594,0.0,0.0,878.9746930122374,DET,2024,pit,SP
14374,Tyler Glasnow,P,25.920000076293945,25.920000076293945,153.33889770507812,0.0,0.0,798.2237145423887,LAD,2024,pit,SP
19291,Zac Gallen,P,32.0,32.0,196.30990600585938,0.0,0.0,896.5627048492432,ARI,2024,pit,SP
13774,Zach Eflin,P,30.780000686645508,30.780000686645508,183.96609497070312,0.0,0.0,846.2523148536679,BAL,2024,pit,SP
19959,Jesús Luzardo,P,30.780000686645508,30.780000686645508,180.77720642089844,0.0,0.0,834.4156374931335,PHI,2024,pit,SP
13743,Max Fried,P,30.780000686645508,30.780000686645508,184.57960510253906,0.0,0.0,835.6190878868105,NYY,2024,pit,SP
25436,George Kirby,P,32.0,32.0,191.48240661621094,0.0,0.0,879.3828439712524,SEA,2024,pit,SP
19361,Corbin Burnes,P,32.0,32.0,197.1739044189453,0.0,0.0,891.9002700805664,ARI,2024,pit,SP
18679,Freddy Peralta,P,29.15999984741211,29.15999984741211,168.09080505371094,0.0,0.0,801.7119517326357,NYM,2024,pit,SP
17312,Justin Steele,P,30.780000686645508,30.780000686645508,181.1103057861328,0.0,0.0,805.7954257965088,CHC,2024,pit,SP
33825,Yoshinobu Yamamoto,P,29.15999984741211,29.15999984741211,176.34860229492188,0.0,0.0,783.5384342193604,LAD,2024,pit,SP
16137,Carlos Rodón,P,29.15999984741211,29.15999984741211,166.27650451660156,0.0,0.0,786.6710338592529,NYY,2024,pit,SP
15689,Luis Castillo,P,32.0,32.0,194.9217987060547,0.0,0.0,895.8087821960448,SEA,2024,pit,SP
33829,Shota Imanaga,P,29.15999984741211,29.15999984741211,177.87600708007812,0.0,0.0,778.8615756988524,CHC,2024,pit,SP
13543,Blake Snell,P,29.15999984741211,29.15999984741211,167.14590454101562,0.0,0.0,844.8466075897218,LAD,2024,pit,SP
12768,Sonny Gray,P,30.780000686645508,30.780000686645508,180.1392059326172,0.0,0.0,780.5823823928833,BOS,2024,pit,SP
24492,Grayson Rodriguez,P,30.780000686645508,30.780000686645508,174.90469360351562,0.0,0.0,811.2111715316772,LAA,2024,pit,SP
19427,Shane Bieber,P,30.780000686645508,30.780000686645508,192.76809692382812,0.0,0.0,812.384501361847,TOR,2024,pit,SP
10603,Chris Sale,P,27.540000915527344,27.540000915527344,149.85110473632812,0.0,0.0,702.1210801124573,ATL,2024,pit,SP
16511,Jordan Montgomery,P,29.15999984741211,29.15999984741211,168.90890502929688,0.0,0.0,713.8557412147522,TEX,2024,pit,SP
18525,Dylan Cease,P,30.780000686645508,30.780000686645508,178.46749877929688,0.0,0.0,795.5132230758667,TOR,2024,pit,SP
21390,Joe Ryan,P,30.780000686645508,30.780000686645508,178.56080627441406,0.0,0.0,782.8066779136657,MIN,2024,pit,SP
17594,Mitch Keller,P,32.0,32.0,190.09080505371094,0.0,0.0,766.0920778274537,PIT,2024,pit,SP
12970,Joe Musgrove,P,29.15999984741211,29.15999984741211,171.66600036621094,0.0,0.0,737.8870834350587,SDP,2024,pit,SP
13074,Yu Darvish,P,29.15999984741211,29.15999984741211,170.8614959716797,0.0,0.0,715.4427314758301,SDP,2024,pit,SP
26378,Nick Lodolo,P,35.68000030517578,22.68000030517578,139.04379272460938,0.0,0.5863000154495239,636.2109488487245,CIN,2024,pit,SP
22182,Hunter Greene,P,27.540000915527344,27.540000915527344,158.8491973876953,0.0,0.0,675.435905647278,CIN,2024,pit,SP
27483,Bobby Miller,P,25.920000076293945,25.920000076293945,150.64700317382812,0.0,0.0,636.7916642189025,LAD,2024,pit,SP
21846,Cole Ragans,P,29.15999984741211,29.15999984741211,177.37229919433594,0.0,0.0,759.7129608154298,KCR,2024,pit,SP
23920,Brayan Bello,P,30.780000686645508,30.780000686645508,182.2418975830078,0.0,0.0,710.0947525024413,BOS,2024,pit,SP
22250,Logan Gilbert,P,32.0,32.0,186.99850463867188,0.0,0.0,812.8880517959597,SEA,2024,pit,SP
11156,Merrill Kelly,P,30.780000686645508,30.780000686645508,185.27969360351562,0.0,0.0,746.9902613639831,ARI,2024,pit,SP
12304,Chris Bassitt,P,32.0,32.0,193.9055938720703,0.0,0.0,749.8565334320069,BAL,2024,pit,SP
22207,DL Hall,P,43.439998626708984,19.440000534057617,134.32009887695312,0.0,0.6033999919891357,632.7867711067202,MIL,2024,pit,RP
27468,Reid Detmers,P,30.780000686645508,30.780000686645508,177.0941925048828,0.0,0.0,713.6612440109254,LAA,2024,pit,SP
6562,Alex Cobb,P,24.299999237060547,24.299999237060547,134.14700317382812,0.0,0.0,602.6948266029358,,2024,pit,SP
14168,José Berríos,P,30.780000686645508,30.780000686645508,179.44740295410156,0.0,0.0,719.9508502960205,TOR,2024,pit,SP
31838,Kodai Senga,P,22.68000030517578,22.68000030517578,129.61920166015625,0.0,0.0,599.6259054183959,NYM,2024,pit,SP
17277,Ranger Suarez,P,27.540000915527344,27.540000915527344,154.8708038330078,0.0,0.0,604.1411179542542,BOS,2024,pit,SP
8700,Justin Verlander,P,25.920000076293945,25.920000076293945,155.460205078125,0.0,0.0,611.5435501098632,DET,2024,pit,SP
21844,Braxton Garrett,P,24.299999237060547,24.299999237060547,136.9927978515625,0.0,0.0,574.9777859687805,MIA,2024,pit,SP
25880,Hunter Brown,P,30.68000030517578,22.68000030517578,133.28109741210938,0.0,0.6520000100135803,612.6688348293305,HOU,2024,pit,SP
13164,Eduardo Rodriguez,P,24.299999237060547,24.299999237060547,137.4739990234375,0.0,0.0,579.4624634742738,ARI,2024,pit,SP
13431,Marcus Stroman,P,29.15999984741211,29.15999984741211,169.9394989013672,0.0,0.0,670.1268566131591,,2024,pit,SP
20633,Yusei Kikuchi,P,29.15999984741211,29.15999984741211,155.54359436035156,0.0,0.0,653.1904791831969,LAA,2024,pit,SP
18498,Kenta Maeda,P,34.29999923706055,24.299999237060547,145.40530395507812,0.0,0.6222000122070312,619.2424976348876,,2024,pit,SP
21224,Bailey Ober,P,27.540000915527344,27.540000915527344,155.3115997314453,0.0,0.0,618.6202295303344,MIN,2024,pit,SP
19853,Michael King,P,41.29999923706055,24.299999237060547,149.0883026123047,0.0,0.603600025177002,645.7706141471863,SDP,2024,pit,SP
22201,MacKenzie Gore,P,27.540000915527344,27.540000915527344,151.75379943847656,0.0,0.0,606.0509243011475,TEX,2024,pit,SP
19447,Patrick Sandoval,P,29.15999984741211,29.15999984741211,165.664794921875,0.0,0.0,631.3781043052672,BOS,2024,pit,SP
25377,Brady Singer,P,29.15999984741211,29.15999984741211,169.33920288085938,0.0,0.0,622.6918924331666,CIN,2024,pit,SP
27768,Eury Pérez,P,22.68000030517578,22.68000030517578,122.75379943847656,0.0,0.0,533.2419750213624,MIA,2024,pit,SP
9132,Nathan Eovaldi,P,29.15999984741211,29.15999984741211,174.34170532226562,0.0,0.0,669.6585709571839,TEX,2024,pit,SP
2520,Lance Lynn,P,29.15999984741211,29.15999984741211,166.7281036376953,0.0,0.0,622.779268360138,,2024,pit,SP
19867,Griffin Canning,P,25.920000076293945,25.920000076293945,144.2333984375,0.0,0.0,575.1567502975463,SDP,2024,pit,SP
15454,Nick Pivetta,P,35.15999984741211,29.15999984741211,173.42210388183594,0.0,0.6274999976158142,694.3306121349335,SDP,2024,pit,SP
12447,Seth Lugo,P,27.540000915527344,27.540000915527344,156.1968994140625,0.0,0.0,584.9536364555358,KCR,2024,pit,SP
14309,Frankie Montas,P,25.920000076293945,25.920000076293945,149.5843048095703,0.0,0.0,548.8862446784973,,2024,pit,SP
13361,Steven Matz,P,34.68000030517578,22.68000030517578,135.14500427246094,0.0,0.6334999799728394,569.5424719810486,TBR,2024,pit,SP
15873,Sean Manaea,P,25.920000076293945,25.920000076293945,145.44000244140625,0.0,0.0,593.0700478553772,NYM,2024,pit,SP
10123,Kyle Gibson,P,30.780000686645508,30.780000686645508,178.3520965576172,0.0,0.0,631.0159765243529,,2024,pit,SP
19479,Aaron Civale,P,25.920000076293945,25.920000076293945,147.7097930908203,0.0,0.0,598.0339682579042,OAK,2024,pit,SP
11828,James Paxton,P,35.060001373291016,21.059999465942383,129.27980041503906,0.0,0.6545000076293945,528.7378434181214,,2024,pit,SP
4676,Charlie Morton,P,27.540000915527344,27.540000915527344,156.2017059326172,0.0,0.0,643.7153190612794,,2024,pit,SP
19618,Jordan Hicks,P,51.060001373291016,21.059999465942383,145.43179321289062,0.0,0.6168000102043152,676.252476644516,CHW,2024,pit,RP
22264,Shane Baz,P,27.440000534057617,19.440000534057617,116.79010009765625,0.0,0.6200000047683716,551.5337790489198,BAL,2024,pit,SP
17874,Nestor Cortes,P,30.299999237060547,24.299999237060547,141.95199584960938,0.0,0.6502000093460083,565.9779914855958,,2024,pit,SP
14916,Jon Gray,P,29.15999984741211,29.15999984741211,165.9506072998047,0.0,0.0,628.913327407837,,2024,pit,SP
9803,Miles Mikolas,P,30.780000686645508,30.780000686645508,183.57470703125,0.0,0.0,606.7903271675109,WSN,2024,pit,SP
27552,Graham Ashcraft,P,27.540000915527344,27.540000915527344,161.2863006591797,0.0,0.0,499.8181001663209,CIN,2024,pit,SP
19879,Tanner Houck,P,33.91999816894531,25.920000076293945,147.67160034179688,0.0,0.6274999976158142,582.7715625286103,BOS,2024,pit,SP
19374,Walker Buehler,P,22.68000030517578,22.68000030517578,130.61050415039062,0.0,0.0,495.0520564079285,SDP,2024,pit,SP
3137,Max Scherzer,P,19.440000534057617,19.440000534057617,112.60690307617188,0.0,0.0,483.86681642532363,TOR,2024,pit,SP
22286,Trevor Rogers,P,28.68000030517578,22.68000030517578,128.21420288085938,0.0,0.6211000084877014,540.5184991359712,BAL,2024,pit,SP
20099,Chris Paddack,P,30.68000030517578,22.68000030517578,133.5677947998047,0.0,0.5995000004768372,506.6786596775053,MIA,2024,pit,SP
30134,Tanner Bibee,P,27.540000915527344,27.540000915527344,163.54519653320312,0.0,0.0,643.3621639251708,CLE,2024,pit,SP
27758,Kyle Harrison,P,27.540000915527344,27.540000915527344,158.59759521484375,0.0,0.0,658.8485260009766,MIL,2024,pit,SP
13125,Gerrit Cole,P,16.200000762939453,16.200000762939453,97.30919647216797,0.0,0.0,453.0942995548249,NYY,2024,pit,SP
20778,Cristopher Sánchez,P,34.060001373291016,21.059999465942383,130.40370178222656,0.0,0.5720999836921692,507.22742218971274,PHI,2024,pit,SP
24968,Reese Olson,P,24.299999237060547,24.299999237060547,133.93240356445312,0.0,0.0,533.129704093933,DET,2024,pit,SP
11423,Jose Quintana,P,29.15999984741211,29.15999984741211,170.98980712890625,0.0,0.0,628.6875696182251,COL,2024,pit,SP
21690,Edward Cabrera,P,22.68000030517578,22.68000030517578,121.87120056152344,0.0,0.0,509.56184396743777,CHC,2024,pit,SP
29911,Andrew Abbott,P,19.440000534057617,19.440000534057617,107.50189971923828,0.0,0.0,412.41245617866537,CIN,2024,pit,SP
15890,Luis Severino,P,25.920000076293945,25.920000076293945,146.81280517578125,0.0,0.0,558.3044068336488,OAK,2024,pit,SP
19899,Clarke Schmidt,P,29.15999984741211,29.15999984741211,158.6461944580078,0.0,0.0,564.931581878662,NYY,2024,pit,SP
27782,Brandon Pfaadt,P,25.920000076293945,25.920000076293945,142.11309814453125,0.0,0.0,538.3831002235414,ARI,2024,pit,SP
22543,Taj Bradley,P,45.060001373291016,21.059999465942383,138.16209411621094,0.0,0.6200000047683716,576.1142720222474,MIN,2024,pit,RP
20531,Kutter Crawford,P,36.91999816894531,25.920000076293945,151.29379272460938,0.0,0.6274999976158142,543.1738272190094,BOS,2024,pit,SP
19343,A.J. Puk,P,41.58000183105469,14.579999923706055,110.10600280761719,0.0,0.6211000084877014,468.552933073044,ARI,2024,pit,RP
27691,Louis Varland,P,49.060001373291016,21.059999465942383,147.139404296875,0.0,0.5995000004768372,598.3166875362397,TOR,2024,pit,RP
17479,Jack Flaherty,P,27.540000915527344,27.540000915527344,155.44720458984375,0.0,0.0,584.9047124862672,DET,2024,pit,SP
18000,Triston McKenzie,P,25.920000076293945,25.920000076293945,149.63819885253906,0.0,0.0,558.2482770919801,SDP,2024,pit,SP
14078,Michael Wacha,P,27.540000915527344,27.540000915527344,156.2082061767578,0.0,0.0,523.7589756965638,KCR,2024,pit,SP
24586,Kyle Bradish,P,19.440000534057617,19.440000534057617,108.6500015258789,0.0,0.0,461.9613063812256,BAL,2024,pit,SP
23429,JP Sears,P,29.15999984741211,29.15999984741211,169.57009887695312,0.0,0.0,623.104044532776,SDP,2024,pit,SP
17606,Cristian Javier,P,29.15999984741211,29.15999984741211,165.0408935546875,0.0,0.0,597.7268506050109,HOU,2024,pit,SP
11836,Taijuan Walker,P,29.15999984741211,29.15999984741211,165.343994140625,0.0,0.0,507.9480466842652,PHI,2024,pit,SP
11674,Jameson Taillon,P,25.920000076293945,25.920000076293945,141.35780334472656,0.0,0.0,490.3687953948974,CHC,2024,pit,SP
30074,Chase Silseth,P,32.68000030517578,22.68000030517578,133.01629638671875,0.0,0.6460999846458435,506.95497784614577,LAA,2024,pit,SP
2036,Clayton Kershaw,P,12.960000038146973,12.960000038146973,72.97219848632812,0.0,0.0,316.11422848701477,,2024,pit,SP
23550,Aaron Ashby,P,49.720001220703125,9.720000267028809,92.91410064697266,0.0,0.6033999919891357,444.28056812286377,MIL,2024,pit,RP
27589,Logan Allen,P,25.920000076293945,25.920000076293945,143.09779357910156,0.0,0.0,544.8173222541809,CLE,2024,pit,SP
15423,Andrew Heaney,P,37.29999923706055,24.299999237060547,141.49130249023438,0.0,0.6092000007629395,553.4892261505129,,2024,pit,SP
20191,Garrett Whitlock,P,44.20000076293945,16.200000762939453,116.92639923095703,0.0,0.6274999976158142,469.098331308365,BOS,2024,pit,RP
19409,Dane Dunning,P,27.540000915527344,27.540000915527344,155.0355987548828,0.0,0.0,529.4080783843993,SEA,2024,pit,SP
27474,Max Meyer,P,25.81999969482422,17.81999969482422,108.40049743652344,0.0,0.6211000084877014,418.86152024269103,MIA,2024,pit,SP
18383,Michael Soroka,P,24.299999237060547,24.299999237060547,144.39169311523438,0.0,0.0,506.2413381576539,ARI,2024,pit,SP
12317,Colin Rea,P,32.68000030517578,22.68000030517578,137.91299438476562,0.0,0.6033999919891357,488.38551788330085,CHC,2024,pit,SP
12049,Kyle Hendricks,P,27.540000915527344,27.540000915527344,158.49270629882812,0.0,0.0,486.0155833244323,,2024,pit,SP
12730,Nick Martinez,P,46.439998626708984,19.440000534057617,133.8616943359375,0.0,0.5863000154495239,447.2804233551026,TBR,2024,pit,RP
30279,Bryan Woo,P,32.060001373291016,21.059999465942383,125.61720275878906,0.0,0.6481000185012817,527.7959633827209,SEA,2024,pit,SP
19350,Dean Kremer,P,30.780000686645508,30.780000686645508,175.9178009033203,0.0,0.0,606.6228791236879,BAL,2024,pit,SP
16400,Reynaldo López,P,51.20000076293945,16.200000762939453,125.31620025634766,0.0,0.6449999809265137,514.2962790489196,ATL,2024,pit,RP
14710,Edwin Díaz,P,64.0,0.0,64.0,35.064998626708984,1.386199951171875,576.7511563777923,LAD,2024,pit,RP
27463,Garrett Crochet,P,46.20000076293945,16.200000762939453,122.33999633789062,0.0,0.5733000040054321,500.5135004997253,BOS,2024,pit,RP
14739,Paul Blackburn,P,25.920000076293945,25.920000076293945,146.75860595703125,0.0,0.0,528.0519274711609,NYY,2024,pit,SP
13619,Jakob Junis,P,33.439998626708984,19.440000534057617,118.220703125,0.0,0.6033999919891357,438.96722364425676,TEX,2024,pit,SP
20492,Casey Mize,P,22.68000030517578,22.68000030517578,126.53340148925781,0.0,0.0,435.30656776428225,DET,2024,pit,SP
8779,Wade Miley,P,24.299999237060547,24.299999237060547,138.76220703125,0.0,0.0,443.01179084777834,,2024,pit,SP
31967,Drew Thorpe,P,17.81999969482422,17.81999969482422,101.5739974975586,0.0,0.0,373.5691787719727,CHW,2024,pit,SP
9323,Patrick Corbin,P,29.15999984741211,29.15999984741211,166.3065948486328,0.0,0.0,485.9005741119386,,2024,pit,SP
30122,Gavin Williams,P,22.68000030517578,22.68000030517578,125.55000305175781,0.0,0.0,500.4761575698852,CLE,2024,pit,SP
30094,Jordan Wicks,P,30.68000030517578,22.68000030517578,134.74940490722656,0.0,0.6262999773025513,481.60677251815815,CHC,2024,pit,SP
16269,John Means,P,30.68000030517578,22.68000030517578,136.73919677734375,0.0,0.6195999979972839,460.81413664817813,KCR,2024,pit,SP
31757,Mason Miller,P,68.0,0.0,68.0,22.155000686645508,4.9670000076293945,525.4769112586976,SDP,2024,pit,RP
6902,Martín Pérez,P,25.920000076293945,25.920000076293945,151.22239685058594,0.0,0.0,468.4143218040468,ATL,2024,pit,SP
20302,David Peterson,P,39.34000015258789,11.34000015258789,88.04530334472656,0.0,0.6256999969482422,402.4262981414795,NYM,2024,pit,RP
29837,Bryce Miller,P,25.920000076293945,25.920000076293945,143.2877960205078,0.0,0.0,531.9134715080262,SEA,2024,pit,SP
21446,Ryan Feltner,P,22.68000030517578,22.68000030517578,120.92980194091797,0.0,0.0,334.4721919059753,COL,2024,pit,SP
17998,Pete Fairbanks,P,66.0,0.0,66.0,29.79800033569336,3.305299997329712,543.6229803562164,MIA,2024,pit,RP
21029,Jhoan Duran,P,55.0,0.0,55.0,24.694000244140625,2.663300037384033,473.0499445199967,PHI,2024,pit,RP
14120,Lance McCullers Jr.,P,32.34000015258789,11.34000015258789,86.01959991455078,0.0,0.6520000100135803,357.79397778511054,HOU,2024,pit,RP
13273,Ross Stripling,P,34.68000030517578,22.68000030517578,132.71099853515625,0.0,0.5755000114440918,470.18537292480477,,2024,pit,SP
24580,Josiah Gray,P,30.780000686645508,30.780000686645508,177.09519958496094,0.0,0.0,503.9416137695312,WSN,2024,pit,SP
21504,Jake Irvin,P,22.68000030517578,22.68000030517578,123.67970275878906,0.0,0.0,371.3297696113587,WSN,2024,pit,SP
10233,Aroldis Chapman,P,64.0,0.0,64.0,4.613999843597412,11.394200325012207,438.2210555553436,BOS,2024,pit,RP
17780,José Alvarado,P,65.0,0.0,65.0,21.905000686645508,5.578199863433838,482.9692533016205,PHI,2024,pit,RP
25977,Quinn Priester,P,31.579999923706055,14.579999923706055,98.40499877929688,0.0,0.6115999817848206,350.34892277717586,MIL,2024,pit,RP
12880,Tyler Anderson,P,29.15999984741211,29.15999984741211,166.41819763183594,0.0,0.0,479.3900329589843,LAA,2024,pit,SP
16561,Austin Gomber,P,27.540000915527344,27.540000915527344,151.73399353027344,0.0,0.0,339.6242710113527,TEX,2024,pit,SP
17586,Tanner Scott,P,66.0,0.0,66.0,27.17300033569336,4.2565999031066895,513.7062365531922,LAD,2024,pit,RP
16256,Kyle Freeland,P,29.15999984741211,29.15999984741211,169.68020629882812,0.0,0.0,362.78034687042225,COL,2024,pit,SP
13050,Anthony DeSclafani,P,30.200000762939453,16.200000762939453,102.95369720458984,0.0,0.5995000004768372,365.6374935626984,,2024,pit,SP
18138,Ryan Helsley,P,65.0,0.0,65.0,29.56399917602539,3.8006999492645264,512.8661172389984,BAL,2024,pit,RP
21052,Luis Gil,P,35.20000076293945,16.200000762939453,110.54309844970703,0.0,0.6502000093460083,441.9507781028748,NYY,2024,pit,RP
20369,Matt Manning,P,21.059999465942383,21.059999465942383,115.37680053710938,0.0,0.0,363.0512789726256,,2024,pit,SP
26221,Ryan Pepiot,P,32.68000030517578,22.68000030517578,137.62429809570312,0.0,0.6200000047683716,515.9159816741944,TBR,2024,pit,SP
12972,Joe Ross,P,38.20000076293945,16.200000762939453,113.86019897460938,0.0,0.6033999919891357,407.5010015487673,ARI,2024,pit,RP
12718,Adrian Houser,P,24.299999237060547,24.299999237060547,130.3769989013672,0.0,0.0,412.9869481086733,SFG,2024,pit,SP
10954,Jacob deGrom,P,4.860000133514404,4.860000133514404,27.577199935913086,0.0,0.0,168.94497941732408,TEX,2024,pit,SP
9761,Joe Kelly,P,62.0,0.0,62.0,2.571000099182129,12.483699798583984,390.9870206832885,,2024,pit,RP
27863,Jared Jones,P,27.059999465942383,21.059999465942383,126.04199981689453,0.0,0.6115999817848206,420.61342864036567,PIT,2024,pit,SP
21537,Daniel Lynch IV,P,24.200000762939453,16.200000762939453,96.8031997680664,0.0,0.6205000281333923,316.29648466110234,KCR,2024,pit,SP
16207,Spencer Turnbull,P,43.720001220703125,9.720000267028809,87.58390045166016,0.0,0.5720999836921692,330.8998737812042,,2024,pit,RP
20373,Andrés Muñoz,P,64.0,0.0,64.0,27.3700008392334,3.8287999629974365,519.903847694397,SEA,2024,pit,RP
25386,Jhony Brito,P,53.81999969482422,17.81999969482422,130.36630249023438,0.0,0.603600025177002,451.71168060302745,SDP,2024,pit,RP
17722,Trevor Megill,P,64.0,0.0,64.0,8.78600025177002,9.32450008392334,409.61292004585266,MIL,2024,pit,RP
23499,Keaton Winn,P,32.34000015258789,11.34000015258789,84.84040069580078,0.0,0.6168000102043152,345.86361289024353,SFG,2024,pit,RP
13781,Alex Wood,P,30.299999237060547,24.299999237060547,136.277099609375,0.0,0.5755000114440918,467.44364871978763,,2024,pit,SP
16609,Bryan Abreu,P,67.0,0.0,67.0,2.203000068664551,16.05109977722168,437.0343757152557,HOU,2024,pit,RP
21032,Emmanuel Clase,P,66.0,0.0,66.0,33.7760009765625,1.520900011062622,515.2382278919222,CLE,2024,pit,RP
33826,Yuki Matsui,P,64.0,0.0,64.0,6.421999931335449,10.477499961853027,396.75198760032663,SDP,2024,pit,RP
27779,Bryce Elder,P,37.20000076293945,16.200000762939453,112.94390106201172,0.0,0.6449999809265137,391.2903516769409,ATL,2024,pit,RP
14212,Josh Hader,P,63.0,0.0,63.0,31.20599937438965,2.3696999549865723,503.17688055038457,HOU,2024,pit,RP
19569,David Bednar,P,68.0,0.0,68.0,31.527000427246094,2.8794000148773193,500.1781658649445,NYY,2024,pit,RP
27792,Gavin Stone,P,33.720001220703125,9.720000267028809,77.75430297851562,0.0,0.6545000076293945,305.2870735168457,LAD,2024,pit,RP
26410,Alek Manoah,P,19.440000534057617,19.440000534057617,107.97799682617188,0.0,0.0,367.0466667175294,LAA,2024,pit,SP
18655,A.J. Minter,P,64.0,0.0,64.0,3.441999912261963,12.425600051879883,392.84005217552186,NYM,2024,pit,RP
15467,Marco Gonzales,P,24.299999237060547,24.299999237060547,139.02049255371094,0.0,0.0,402.0980239868164,SDP,2024,pit,SP
7005,Ryan Pressly,P,66.0,0.0,66.0,3.303999900817871,12.95199966430664,401.28265461921694,,2024,pit,RP
12808,Mike Clevinger,P,14.579999923706055,14.579999923706055,85.43779754638672,0.0,0.0,277.40268869400023,PIT,2024,pit,SP
13799,Matt Strahm,P,70.0,0.0,70.0,2.1549999713897705,11.711899757385254,394.32607517242434,KCR,2024,pit,RP
16727,Brock Stewart,P,63.0,0.0,63.0,1.9459999799728394,13.878899574279785,390.62592728137975,LAD,2024,pit,RP
24719,Randy Vásquez,P,44.34000015258789,11.34000015258789,96.08439636230469,0.0,0.603600025177002,351.975775051117,SDP,2024,pit,RP
21992,Camilo Doval,P,66.0,0.0,66.0,35.555999755859375,2.348400115966797,529.4038197517395,NYY,2024,pit,RP
17734,Evan Phillips,P,66.0,0.0,66.0,29.9950008392334,4.984300136566162,485.54159264564527,LAD,2024,pit,RP
19312,Cal Quantrill,P,27.540000915527344,27.540000915527344,159.79150390625,0.0,0.0,319.6050483703614,TEX,2024,pit,SP
19349,Caleb Ferguson,P,62.0,0.0,62.0,1.1239999532699585,12.796899795532227,363.99619352817535,CIN,2024,pit,RP
17677,Jeffrey Springs,P,17.479999542236328,6.480000019073486,46.786800384521484,0.0,0.6200000047683716,223.05540857315066,OAK,2024,pit,RP
13649,Clay Holmes,P,66.0,0.0,66.0,30.72599983215332,2.9707999229431152,489.66455111503615,NYM,2024,pit,RP
29812,Robert Gasser,P,22.200000762939453,16.200000762939453,98.33999633789062,0.0,0.6033999919891357,338.6034470558167,MIL,2024,pit,SP
29839,Emmet Sheehan,P,34.47999954223633,6.480000019073486,63.745201110839844,0.0,0.6545000076293945,272.899683046341,LAD,2024,pit,RP
16258,Aaron Bummer,P,62.0,0.0,62.0,0.0,12.441699981689453,366.58630437850945,ATL,2024,pit,RP
15507,Hunter Harvey,P,64.0,0.0,64.0,12.956999778747559,8.499899864196777,399.81912393569945,CHC,2024,pit,RP
15823,Zack Littell,P,41.29999923706055,24.299999237060547,154.14410400390625,0.0,0.6200000047683716,507.2065515518189,,2024,pit,SP
17859,Adbert Alzolay,P,67.0,0.0,67.0,28.726999282836914,4.357699871063232,475.7136683464049,NYM,2024,pit,RP
26048,Sawyer Gipson-Long,P,40.47999954223633,6.480000019073486,70.52359771728516,0.0,0.6222000122070312,297.8108282089234,DET,2024,pit,RP
19574,JoJo Romero,P,64.0,0.0,64.0,2.3340001106262207,14.897000312805176,380.8743176460266,STL,2024,pit,RP
16703,Julian Merryweather,P,63.0,0.0,63.0,2.3610000610351562,14.498900413513184,380.0240381717682,MIN,2024,pit,RP
11847,Chris Martin,P,66.0,0.0,66.0,3.3459999561309814,12.466699600219727,368.5980469703675,TEX,2024,pit,RP
25007,Alex Vesia,P,60.0,0.0,60.0,0.0,10.799300193786621,324.1197135448456,LAD,2024,pit,RP
19680,Sixto Sánchez,P,54.0,0.0,54.0,0.0,9.222599983215332,298.2346244812012,MIA,2024,pit,RP
6632,Carlos Carrasco,P,42.58000183105469,14.579999923706055,104.643798828125,0.0,0.6657000184059143,366.8859973430635,ATL,2024,pit,RP
23590,Ben Brown,P,38.47999954223633,6.480000019073486,68.93599700927734,0.0,0.6262999773025513,290.62375173568716,CHC,2024,pit,RP
13435,Pierce Johnson,P,63.0,0.0,63.0,1.1469999551773071,12.900099754333496,373.45717976093295,CIN,2024,pit,RP
17130,Raisel Iglesias,P,66.0,0.0,66.0,31.360000610351562,2.947200059890747,488.6798221111298,ATL,2024,pit,RP
17149,Domingo Germán,P,22.100000381469727,8.100000381469727,58.77880096435547,0.0,0.6115999817848206,226.17121415138243,,2024,pit,RP
27514,Kyle Hurt,P,51.619998931884766,1.6200000047683716,59.23400115966797,0.0,4.363399982452393,297.12808556556695,LAD,2024,pit,RP
10078,Caleb Thielbar,P,54.0,0.0,54.0,0.0,4.3165998458862305,279.51155643463136,CHC,2024,pit,RP
25385,Drew Rasmussen,P,31.239999771118164,3.240000009536743,45.89080047607422,0.0,0.6200000047683716,229.79912543296814,TBR,2024,pit,RP
22100,José Soriano,P,48.86000061035156,4.860000133514404,71.7020034790039,0.0,0.6460999846458435,305.7745753765106,LAA,2024,pit,RP
21318,Tylor Megill,P,44.959999084472656,12.960000038146973,101.60260009765625,0.0,0.6256999969482422,373.49445047378543,NYM,2024,pit,RP
7048,Fernando Cruz,P,62.0,0.0,62.0,1.1349999904632568,10.969300270080566,328.3074890613555,NYY,2024,pit,RP
22294,Matthew Liberatore,P,55.86000061035156,4.860000133514404,77.02369689941406,0.0,4.307499885559082,330.0605574607849,STL,2024,pit,RP
29608,Joe Boyle,P,24.200000762939453,16.200000762939453,99.92520141601562,0.0,0.5755000114440918,387.7249133110047,TBR,2024,pit,SP
25327,Abner Uribe,P,63.0,0.0,63.0,5.857999801635742,10.201399803161621,386.74407973289493,MIL,2024,pit,RP
19206,Dakota Hudson,P,28.68000030517578,22.68000030517578,132.02870178222656,0.0,0.5697000026702881,274.58222856521604,,2024,pit,SP
11861,Jason Adam,P,64.0,0.0,64.0,3.3949999809265137,11.944600105285645,379.81829295158394,SDP,2024,pit,RP
25756,Matt Brash,P,53.0,0.0,53.0,3.240999937057495,12.218999862670898,356.6618836402893,SEA,2024,pit,RP
18413,José Urquidy,P,35.20000076293945,16.200000762939453,108.82080078125,0.0,0.6520000100135803,335.20013251304624,PIT,2024,pit,RP
sa3018096,Ricky Tiedemann,P,14.479999542236328,6.480000019073486,44.93600082397461,0.0,0.6349999904632568,195.54756331443787,TOR,2024,pit,RP
13449,Taylor Rogers,P,63.0,0.0,63.0,2.509999990463257,14.277600288391113,375.60030746459967,MIN,2024,pit,RP
1943,Zack Greinke,P,11.34000015258789,11.34000015258789,63.125,0.0,0.0,200.23481659889222,,2024,pit,SP
22387,Josh Winckowski,P,62.86000061035156,4.860000133514404,84.5947036743164,0.0,10.009300231933594,362.54692301750174,TOR,2024,pit,RP
25942,Andrew Nardi,P,64.0,0.0,64.0,2.2330000400543213,12.358400344848633,354.71058645248416,MIA,2024,pit,RP
15042,Tim Mayza,P,62.0,0.0,62.0,0.0,10.826299667358398,332.6235527038574,PHI,2024,pit,RP
17425,Erick Fedde,P,25.920000076293945,25.920000076293945,149.88870239257812,0.0,0.0,391.49763660430915,CHW,2024,pit,SP
16358,Tyler Mahle,P,20.479999542236328,6.480000019073486,49.92789840698242,0.0,0.6092000007629395,203.06675424575803,SFG,2024,pit,RP
16122,Jordan Romano,P,57.0,0.0,57.0,27.7549991607666,2.92330002784729,421.75679926872243,LAA,2024,pit,RP
19876,Kevin Ginkel,P,64.0,0.0,64.0,9.217000007629395,9.930500030517578,384.56480698585506,ARI,2024,pit,RP
18323,Josh Sborz,P,64.0,0.0,64.0,1.965000033378601,14.325499534606934,361.97702519893653,TEX,2024,pit,RP
17432,Jeff Hoffman,P,66.0,0.0,66.0,2.1549999713897705,11.740400314331055,351.9898336887361,TOR,2024,pit,RP
20367,Brusdar Graterol,P,54.0,0.0,54.0,7.7129998207092285,9.586199760437012,313.3557798862457,LAD,2024,pit,RP
23221,Michael Grove,P,43.2400016784668,3.240000009536743,57.32899856567383,0.0,0.6545000076293945,242.69155712127682,LAD,2024,pit,RP
21649,Luis Medina,P,27.81999969482422,17.81999969482422,107.01930236816406,0.0,0.5755000114440918,377.3970757484437,OAK,2024,pit,SP
25550,Matt Waldron,P,24.959999084472656,12.960000038146973,85.15859985351562,0.0,0.603600025177002,263.17222118377686,SDP,2024,pit,SP
19677,Gregory Soto,P,62.0,0.0,62.0,2.1549999713897705,10.912300109863281,341.7411398887633,PIT,2024,pit,RP
3096,Kenley Jansen,P,64.0,0.0,64.0,31.601999282836914,2.3171000480651855,454.436928510666,DET,2024,pit,RP
31776,Orion Kerkering,P,63.0,0.0,63.0,4.309000015258789,8.72249984741211,343.9076600074768,PHI,2024,pit,RP
12056,Scott McGough,P,63.0,0.0,63.0,2.303999900817871,14.288800239562988,353.77766118049624,,2024,pit,RP
19769,Will Vest,P,60.0,0.0,60.0,0.9890000224113464,11.26609992980957,327.95359600782393,DET,2024,pit,RP
20253,Griffin Jax,P,65.0,0.0,65.0,3.8910000324249268,11.343099594116211,359.2856976985931,TBR,2024,pit,RP
27451,Alec Marsh,P,33.439998626708984,19.440000534057617,120.6511001586914,0.0,0.6205000281333923,388.0790298938752,KCR,2024,pit,SP
18548,Sam Hentges,P,55.0,0.0,55.0,1.1260000467300415,13.88379955291748,331.80473268032074,SFG,2024,pit,RP
21741,Javier Assad,P,49.720001220703125,9.720000267028809,94.00039672851562,0.0,0.6262999773025513,325.0593831062316,CHC,2024,pit,RP
12095,Yimi García,P,66.0,0.0,66.0,2.109999895095825,15.399399757385254,372.68003845214855,TOR,2024,pit,RP
7146,Daniel Hudson,P,61.0,0.0,61.0,1.2860000133514404,12.048399925231934,336.0824264526368,,2024,pit,RP
19261,Ian Hamilton,P,63.0,0.0,63.0,2.247999906539917,15.051400184631348,367.3506125926972,ATL,2024,pit,RP
11760,Drew Smyly,P,61.619998931884766,1.6200000047683716,68.60820007324219,1.180999994277954,11.340499877929688,332.3921126365661,,2024,pit,RP
5615,Ryan Brasier,P,64.0,0.0,64.0,1.2860000133514404,15.883299827575684,337.1193220615387,TEX,2024,pit,RP
11486,Robbie Ray,P,12.479999542236328,6.480000019073486,43.302398681640625,0.0,0.6168000102043152,191.04162619113924,SFG,2024,pit,SP
30115,Robert Suarez,P,65.0,0.0,65.0,26.04400062561035,4.07420015335083,449.98778705596925,ATL,2024,pit,RP
15009,Kyle Finnegan,P,66.0,0.0,66.0,21.594999313354492,6.845699787139893,412.40301713943484,DET,2024,pit,RP
19742,Anthony Bender,P,60.0,0.0,60.0,3.3499999046325684,11.097599983215332,326.3497649669647,MIA,2024,pit,RP
14843,Michael Lorenzen,P,48.959999084472656,12.960000038146973,110.52110290527344,0.0,0.6092000007629395,373.1275298118592,COL,2024,pit,RP
19249,Seranthony Domínguez,P,63.0,0.0,63.0,3.2320001125335693,12.821599960327148,335.16474590301516,CHW,2024,pit,RP
27473,Cade Cavalli,P,20.479999542236328,6.480000019073486,50.82659912109375,0.0,0.5993000268936157,192.71147665977475,WSN,2024,pit,RP
15816,Devin Williams,P,35.0,0.0,35.0,13.993000030517578,4.629799842834473,281.01298184394835,NYM,2024,pit,RP
6655,Craig Kimbrel,P,66.0,0.0,66.0,26.238000869750977,3.302799940109253,457.7165059566499,NYM,2024,pit,RP
25918,Zack Thompson,P,48.47999954223633,6.480000019073486,78.10900115966797,0.0,0.6334999799728394,303.78649339675906,STL,2024,pit,RP
23796,Ryan Weathers,P,55.86000061035156,4.860000133514404,76.50749969482422,0.0,6.334700107574463,306.2279082298279,NYY,2024,pit,RP
14332,Joel Payamps,P,67.0,0.0,67.0,3.9049999713897705,13.906900405883789,356.32620234489434,ATL,2024,pit,RP
19874,Alex Faedo,P,49.619998931884766,1.6200000047683716,56.75640106201172,0.0,0.6222000122070312,239.79490690231324,,2024,pit,RP
19244,Cole Irvin,P,42.720001220703125,9.720000267028809,87.57389831542969,0.0,0.6195999979972839,309.5682260990144,LAD,2024,pit,RP
19531,Jason Foley,P,63.0,0.0,63.0,8.901000022888184,9.46500015258789,355.818461561203,SFG,2024,pit,RP
13594,Robert Stephenson,P,56.0,0.0,56.0,6.552999973297119,9.813199996948242,322.97326831817634,LAA,2024,pit,RP
20468,Huascar Ynoa,P,34.619998931884766,1.6200000047683716,42.08760070800781,0.0,0.6449999809265137,197.50572793483732,LAA,2024,pit,RP
17969,Peter Lambert,P,40.20000076293945,16.200000762939453,113.78240203857422,0.0,0.5697000026702881,281.96651811599736,HOU,2024,pit,RP
20000,Tyler Wells,P,44.720001220703125,9.720000267028809,87.81320190429688,0.0,0.6195999979972839,313.72527151107784,BAL,2024,pit,RP
30182,Will Warren,P,20.479999542236328,6.480000019073486,50.93600082397461,0.0,0.6502000093460083,193.4688279628754,NYY,2024,pit,RP
17170,Gabe Speier,P,63.0,0.0,63.0,0.0,12.702699661254883,354.40896868705755,SEA,2024,pit,RP
22361,Colin Holderman,P,56.0,0.0,56.0,1.152999997138977,9.136699676513672,290.5463061571122,CLE,2024,pit,RP
17192,Jalen Beeks,P,60.0,0.0,60.0,0.0,9.400699615478516,272.12348065376284,,2024,pit,RP
20423,Ryan Walker,P,60.0,0.0,60.0,0.0,11.512700080871582,327.75316166877747,SFG,2024,pit,RP
13580,Steven Okert,P,62.0,0.0,62.0,0.0,11.564299583435059,323.31087846755975,HOU,2024,pit,RP
29833,Nick Nastrini,P,19.440000534057617,19.440000534057617,110.80799865722656,0.0,0.0,319.7267112731934,LAD,2024,pit,SP
19924,Bryan Hudson,P,57.0,0.0,57.0,0.0,4.585700035095215,271.59807848930353,NYM,2024,pit,RP
22925,Joan Adon,P,30.100000381469727,8.100000381469727,65.62439727783203,0.0,0.5993000268936157,220.81113786697392,,2024,pit,RP
30076,Landen Roupp,P,54.0,0.0,54.0,0.0,6.660900115966797,278.5769440174103,SFG,2024,pit,RP
27707,Mitch Spence,P,46.47999954223633,6.480000019073486,76.93599700927734,0.0,0.5755000114440918,290.0091592788696,KCR,2024,pit,RP
22717,Angel Zerpa,P,55.619998931884766,1.6200000047683716,63.02130126953125,0.0,6.700900077819824,277.17798042297363,MIL,2024,pit,RP
12857,Shawn Armstrong,P,62.0,0.0,62.0,1.1319999694824219,11.601200103759766,332.07377734184263,CLE,2024,pit,RP
21132,Alexis Díaz,P,68.0,0.0,68.0,31.01300048828125,2.759999990463257,441.90803461074825,TEX,2024,pit,RP
25463,Brandon Williamson,P,27.959999084472656,12.960000038146973,85.97160339355469,0.0,0.5863000154495239,233.01349191665648,CIN,2024,pit,RP
21212,J.P. France,P,43.34000015258789,11.34000015258789,96.98159790039062,0.0,0.6520000100135803,336.36228413581864,HOU,2024,pit,RP
25911,Yennier Cano,P,64.0,0.0,64.0,3.9860000610351562,11.541999816894531,350.37644801139834,BAL,2024,pit,RP
19362,Keegan Akin,P,48.0,0.0,48.0,0.0,3.9653000831604004,232.19279973506931,BAL,2024,pit,RP
19753,Jonathan Loáisiga,P,64.0,0.0,64.0,3.371999979019165,12.524999618530273,334.97302312850957,ARI,2024,pit,RP
17897,Garrett Cleavinger,P,55.0,0.0,55.0,0.0,6.820499897003174,303.02708353996275,TBR,2024,pit,RP
16977,Trevor Williams,P,37.20000076293945,16.200000762939453,105.64289855957031,0.0,0.5993000268936157,284.99276771545414,WSN,2024,pit,RP
15551,Mark Leiter Jr.,P,62.0,0.0,62.0,1.180999994277954,12.327199935913086,331.1128343582153,OAK,2024,pit,RP
11804,Héctor Neris,P,70.0,0.0,70.0,5.9029998779296875,12.326299667358398,371.1623542785644,KCR,2024,pit,RP
14986,Giovanny Gallegos,P,68.0,0.0,68.0,3.500999927520752,12.965499877929688,357.8087664604188,,2024,pit,RP
6984,Luis García,P,62.0,0.0,62.0,0.0,13.109399795532227,314.63023200035093,NYM,2024,pit,RP
19360,Lucas Erceg,P,66.0,0.0,66.0,5.952000141143799,10.30210018157959,384.27782473564156,KCR,2024,pit,RP
19407,Ronel Blanco,P,56.099998474121094,8.100000381469727,93.84310150146484,0.0,4.172599792480469,366.6269310951233,HOU,2024,pit,RP
27646,Luis Ortiz,P,39.58000183105469,14.579999923706055,104.04019927978516,0.0,0.6115999817848206,329.010252904892,CLE,2024,pit,RP
14874,Sam Moll,P,60.0,0.0,60.0,0.0,7.035299777984619,269.7957561016083,CIN,2024,pit,RP
24975,Cooper Criswell,P,23.719999313354492,9.720000267028809,68.86139678955078,0.0,0.6274999976158142,212.42740616798403,SEA,2024,pit,RP
30171,Mason Black,P,23.860000610351562,4.860000133514404,46.70199966430664,0.0,0.6168000102043152,194.61018104553227,KCR,2024,pit,RP
23252,Spencer Howard,P,49.619998931884766,1.6200000047683716,56.68239974975586,0.0,3.947200059890747,254.98599448204044,,2024,pit,RP
19962,Joey Wentz,P,60.2400016784668,3.240000009536743,73.83039855957031,0.0,7.093100070953369,318.1659387111664,ATL,2024,pit,RP
15761,Joe Jiménez,P,67.0,0.0,67.0,2.2950000762939453,15.880000114440918,382.6348155498505,ATL,2024,pit,RP
12572,Blake Treinen,P,55.0,0.0,55.0,0.0,7.1996002197265625,256.2768072605133,LAD,2024,pit,RP
27581,Hayden Wesneski,P,32.86000061035156,4.860000133514404,54.515899658203125,0.0,0.6262999773025513,212.18016901016236,HOU,2024,pit,RP
16918,Luke Weaver,P,53.619998931884766,1.6200000047683716,60.488800048828125,0.0,6.761899948120117,271.37725806236267,NYM,2024,pit,RP
27942,John McMillon,P,58.0,0.0,58.0,3.127000093460083,9.005499839782715,300.7487398147583,PHI,2024,pit,RP
13896,Chris Flexen,P,33.68000030517578,22.68000030517578,138.15899658203125,0.0,0.5733000040054321,351.9128633499146,,2024,pit,SP
20070,Bailey Falter,P,47.2400016784668,3.240000009536743,61.16749954223633,0.0,0.6115999817848206,221.84767489433284,KCR,2024,pit,RP
12988,Andrew Chafin,P,62.0,0.0,62.0,0.9890000224113464,14.627599716186523,332.7774079680442,MIN,2024,pit,RP
20020,John Schreiber,P,63.0,0.0,63.0,1.0420000553131104,14.821599960327148,325.48743906021116,KCR,2024,pit,RP
23363,Robert Garcia,P,61.0,0.0,61.0,0.0,11.373100280761719,286.65602054595956,TEX,2024,pit,RP
17639,Justin Lawrence,P,66.0,0.0,66.0,16.968000411987305,6.9421000480651855,359.964819765091,PIT,2024,pit,RP
15552,Chad Green,P,64.0,0.0,64.0,1.0549999475479126,12.900899887084961,340.96633775234227,,2024,pit,RP
31461,Ben Joyce,P,51.0,0.0,51.0,0.0,4.3933000564575195,248.52763829231264,LAA,2024,pit,RP
15038,Germán Márquez,P,4.860000133514404,4.860000133514404,27.636699676513672,0.0,0.0,90.19276156425475,SDP,2024,pit,SP
27649,Connor Phillips,P,19.239999771118164,3.240000009536743,33.903900146484375,0.0,0.5863000154495239,132.6670210599899,CIN,2024,pit,RP
19309,Trevor Richards,P,60.0,0.0,60.0,0.0,7.619699954986572,298.4495110034942,PHI,2024,pit,RP
26108,Andre Pallante,P,60.0,0.0,60.0,1.1670000553131104,11.46969985961914,296.185499715805,STL,2024,pit,RP
20160,Nate Pearson,P,54.0,0.0,54.0,1.0549999475479126,4.434700012207031,258.5036393880844,HOU,2024,pit,RP
21267,Jake Bird,P,63.0,0.0,63.0,0.9789999723434448,11.394599914550781,272.2811775445938,NYY,2024,pit,RP
28036,Luke Little,P,48.0,0.0,48.0,0.0,4.008399963378906,245.40586237907416,CHC,2024,pit,RP
12760,Rafael Montero,P,62.0,0.0,62.0,0.0,13.229100227355957,319.19231424331656,NYY,2024,pit,RP
14771,Emilio Pagán,P,66.0,0.0,66.0,2.2690000534057617,12.030900001525879,302.7230786323548,CIN,2024,pit,RP
26215,Jackson Rutledge,P,22.579999923706055,14.579999923706055,90.1781997680664,0.0,0.5993000268936157,227.4031477928161,WSN,2024,pit,SP
13892,Paul Sewald,P,54.0,0.0,54.0,25.729999542236328,4.230400085449219,388.43762006759647,ARI,2024,pit,RP
19320,Joey Lucchesi,P,18.860000610351562,4.860000133514404,40.92110061645508,0.0,0.6256999969482422,149.65046792030336,,2024,pit,RP
10061,Brooks Raley,P,64.0,0.0,64.0,1.187000036239624,15.185199737548828,337.351512336731,NYM,2024,pit,RP
33838,Yariel Rodríguez,P,49.2400016784668,3.240000009536743,64.46800231933594,0.0,0.6349999904632568,262.91433935165406,TOR,2024,pit,RP
14542,Carlos Estévez,P,66.0,0.0,66.0,25.483999252319336,4.920100212097168,407.7845425605775,KCR,2024,pit,RP
21306,Jacob Latz,P,58.0,0.0,58.0,0.0,9.715999603271484,281.84412522315984,TEX,2024,pit,RP
21345,Bennett Sousa,P,60.0,0.0,60.0,0.0,12.170100212097168,292.4272349357605,HOU,2024,pit,RP
12828,Andrew Kittredge,P,62.0,0.0,62.0,2.3340001106262207,12.082099914550781,296.1910711765289,BAL,2024,pit,RP
13293,Danny Coulombe,P,63.0,0.0,63.0,0.9959999918937683,14.800700187683105,328.940059030056,,2024,pit,RP
14416,Yunior Marte,P,48.0,0.0,48.0,0.0,0.5720999836921692,190.77133936882024,CIN,2024,pit,RP
25139,Tim Herrin,P,62.0,0.0,62.0,0.0,12.84119987487793,333.45522885322566,CLE,2024,pit,RP
8241,David Robertson,P,63.0,0.0,63.0,10.805999755859375,8.504899978637695,350.78383703231816,,2024,pit,RP
27681,Ken Waldichuk,P,21.100000381469727,8.100000381469727,56.076499938964844,0.0,0.5755000114440918,210.7222880840301,WSN,2024,pit,RP
17034,Sean Reid-Foley,P,57.0,0.0,57.0,0.0,7.133399963378906,293.025122308731,ATL,2024,pit,RP
14764,Wes Parsons,P,40.0,0.0,40.0,0.0,0.6349999904632568,174.59624671936035,,2024,pit,RP
20515,Kyle Nelson,P,58.0,0.0,58.0,0.0,9.844900131225586,275.636553478241,ATL,2024,pit,RP
26056,Brandon Walter,P,4.860000133514404,4.860000133514404,27.70199966430664,0.0,0.0,90.54787082672121,HOU,2024,pit,SP
20167,Kyle Muller,P,65.23999786376953,3.240000009536743,79.38079833984375,0.0,11.677399635314941,358.5107461452484,,2024,pit,RP
7432,Jay Jackson,P,60.0,0.0,60.0,0.0,9.892200469970703,285.696376991272,,2024,pit,RP
29960,AJ Smith-Shawver,P,25.479999542236328,6.480000019073486,55.14400100708008,0.0,0.6449999809265137,201.53415794372566,ATL,2024,pit,RP
16074,Nick Burdi,P,58.0,0.0,58.0,0.0,10.37030029296875,307.41558542251596,NYM,2024,pit,RP
14510,Thyago Vieira,P,55.0,0.0,55.0,0.0,0.6033999919891357,247.48443350791933,,2024,pit,RP
14993,Scott Barlow,P,64.0,0.0,64.0,2.252000093460083,13.247400283813477,347.8459074020386,OAK,2024,pit,RP
26253,Ryne Nelson,P,44.720001220703125,9.720000267028809,88.28089904785156,0.0,0.6172000169754028,285.1737941741943,ARI,2024,pit,RP
21894,Gregory Santos,P,54.0,0.0,54.0,3.240999937057495,10.534199714660645,311.7043818473816,SFG,2024,pit,RP
19883,Alex Lange,P,65.0,0.0,65.0,21.097999572753906,5.599899768829346,415.23071279525755,KCR,2024,pit,RP
16587,Erik Swanson,P,55.0,0.0,55.0,2.109999895095825,10.858599662780762,298.8019352912903,,2024,pit,RP
11762,Noah Syndergaard,P,9.720000267028809,9.720000267028809,53.97549819946289,0.0,0.0,149.32455773353578,,2024,pit,SP
13346,Hoby Milner,P,62.0,0.0,62.0,0.0,11.638699531555176,295.1474511146545,CHC,2024,pit,RP
24993,Kody Funderburk,P,43.0,0.0,43.0,0.0,0.5995000004768372,197.7955021858215,MIN,2024,pit,RP
17610,Tanner Rainey,P,60.0,0.0,60.0,4.711999893188477,12.36929988861084,310.2093686580657,DET,2024,pit,RP
18335,Josh Staumont,P,50.0,0.0,50.0,0.0,0.5995000004768372,223.574694776535,CIN,2024,pit,RP
19911,José Suarez,P,41.619998931884766,1.6200000047683716,48.64659881591797,0.0,0.6460999846458435,184.77986068725588,ATL,2024,pit,RP
19979,Zach Plesac,P,30.719999313354492,9.720000267028809,74.83899688720703,0.0,0.6460999846458435,205.44828672409054,,2024,pit,RP
11752,Luke Jackson,P,62.0,0.0,62.0,1.2549999952316284,12.139100074768066,322.0663307905196,,2024,pit,RP
15068,Yency Almonte,P,52.0,0.0,52.0,0.0,6.513700008392334,241.0031774044037,LAD,2024,pit,RP
18297,Tyler Kinley,P,64.0,0.0,64.0,7.830999851226807,9.166299819946289,291.3940098285675,ATL,2024,pit,RP
5003,Jake Diekman,P,61.0,0.0,61.0,0.0,11.875100135803223,326.34508213996895,,2024,pit,RP
26231,Tyler Holton,P,58.0,0.0,58.0,0.0,9.924200057983398,277.6792380332947,DET,2024,pit,RP
11384,Tommy Kahnle,P,50.0,0.0,50.0,0.0,4.334499835968018,236.44438953399657,,2024,pit,RP
16835,Brennan Bernardino,P,51.0,0.0,51.0,0.0,4.267300128936768,232.37734131813053,COL,2024,pit,RP
7593,Jordan Lyles,P,50.099998474121094,8.100000381469727,88.02050018310547,0.0,0.6205000281333923,261.0158831119537,,2024,pit,RP
16502,Ryan Yarbrough,P,38.2400016784668,3.240000009536743,52.83620071411133,0.0,0.6545000076293945,178.2730691432953,NYY,2024,pit,RP
sa3012630,Woo-Suk Go,P,44.0,0.0,44.0,0.0,0.603600025177002,200.18754613399506,DET,2024,pit,RP
16408,Victor González,P,60.0,0.0,60.0,0.0,12.136699676513672,306.01757760047906,,2024,pit,RP
16647,Ryan Thompson,P,60.0,0.0,60.0,0.0,11.521699905395508,280.07377834320073,ARI,2024,pit,RP
21527,James McArthur,P,66.0,0.0,66.0,17.024999618530273,8.032500267028809,382.66967511177074,KCR,2024,pit,RP
15145,Justin Topa,P,56.0,0.0,56.0,0.0,6.714700222015381,254.1960412502289,MIN,2024,pit,RP
17359,Josh Taylor,P,36.0,0.0,36.0,0.0,0.6205000281333923,153.83588306903843,,2024,pit,RP
13394,Dylan Floro,P,58.0,0.0,58.0,0.0,9.558600425720215,260.6191179275513,,2024,pit,RP
19225,Mitch White,P,52.619998931884766,1.6200000047683716,59.80730056762695,0.0,0.6349999904632568,241.46905360221862,,2024,pit,RP
18403,Enyel De Los Santos,P,66.0,0.0,66.0,1.0700000524520874,15.105299949645996,348.9834449529649,HOU,2024,pit,RP
19951,Ian Anderson,P,17.239999771118164,3.240000009536743,31.957799911499023,0.0,0.6449999809265137,127.64179072380068,,2024,pit,RP
17968,Brock Burke,P,60.0,0.0,60.0,0.0,11.37090015411377,293.28974490165706,CIN,2024,pit,RP
26203,Andrew Saalfrank,P,50.0,0.0,50.0,0.0,4.1149001121521,232.3572624206543,ARI,2024,pit,RP
27914,Daniel Palencia,P,44.0,0.0,44.0,0.0,0.6262999773025513,188.37963833808902,CHC,2024,pit,RP
14527,Jorge López,P,59.0,0.0,59.0,0.0,10.152600288391113,288.18174600601196,,2024,pit,RP
31839,Shintaro Fujinami,P,46.0,0.0,46.0,0.0,0.6256999969482422,206.29565296173098,,2024,pit,RP
4806,Rich Hill,P,6.480000019073486,6.480000019073486,34.31959915161133,0.0,0.0,110.22274298667911,,2024,pit,SP
22810,Roansy Contreras,P,54.0,0.0,54.0,0.0,6.6057000160217285,248.56455738544466,,2024,pit,RP
23735,Luis Garcia,P,3.240000009536743,3.240000009536743,17.940500259399414,0.0,0.0,69.12479370832443,,2024,pit,SP
14295,Wandy Peralta,P,62.0,0.0,62.0,2.1410000324249268,11.512499809265137,316.7174208164215,SDP,2024,pit,RP
6399,José Cisnero,P,60.0,0.0,60.0,0.0,10.660200119018555,277.70211658477785,,2024,pit,RP
26285,Tommy Henry,P,28.860000610351562,4.860000133514404,51.24580001831055,0.0,0.6172000169754028,177.9168200016022,ARI,2024,pit,RP
27590,Jake Eder,P,9.720000267028809,9.720000267028809,55.40399932861328,0.0,0.0,158.25591125488282,WSN,2024,pit,SP
20370,Bruce Zimmermann,P,27.239999771118164,3.240000009536743,41.97460174560547,0.0,0.6195999979972839,161.80508236885072,STL,2024,pit,RP
5448,Jesse Chavez,P,44.0,0.0,44.0,0.0,0.6449999809265137,182.1380506038666,,2024,pit,RP
14857,Joe Mantiply,P,54.0,0.0,54.0,0.0,6.666100025177002,245.00676403045657,TOR,2024,pit,RP
18864,Pedro Avila,P,43.2400016784668,3.240000009536743,57.840599060058594,0.0,0.603600025177002,224.6966088294983,CLE,2024,pit,RP
19614,Cionel Pérez,P,60.0,0.0,60.0,0.0,11.565400123596191,296.80366644859316,WSN,2024,pit,RP
9434,Dallas Keuchel,P,6.480000019073486,6.480000019073486,34.569000244140625,0.0,0.0,102.70018434524538,,2024,pit,SP
27494,Clayton Beeter,P,32.86000061035156,4.860000133514404,55.70199966430664,0.0,0.6502000093460083,213.1211842060089,WSN,2024,pit,RP
26226,Nick Robertson,P,38.0,0.0,38.0,0.0,0.6334999799728394,166.12174768447875,LAD,2024,pit,RP
16350,Ryan Borucki,P,63.0,0.0,63.0,1.152999997138977,14.611200332641602,304.1787833929062,CHW,2024,pit,RP
20491,J.B. Bukauskas,P,46.0,0.0,46.0,0.0,0.6033999919891357,192.0373067378998,MIL,2024,pit,RP
13767,JT Chargois,P,56.0,0.0,56.0,0.0,10.820099830627441,264.00132269859324,,2024,pit,RP
22713,Carlos Hernández,P,50.0,0.0,50.0,0.0,4.136300086975098,225.89060571193698,CLE,2024,pit,RP
26079,Beau Brieske,P,56.0,0.0,56.0,0.0,4.6458001136779785,243.08271360397347,DET,2024,pit,RP
19716,Dustin May,P,17.0,0.0,17.0,0.0,0.6545000076293945,85.85305787324907,STL,2024,pit,RP
24453,Justin Martinez,P,34.0,0.0,34.0,0.0,0.6172000169754028,159.17916822433472,ARI,2024,pit,RP
20548,Bowden Francis,P,34.47999954223633,6.480000019073486,64.93599700927734,0.0,0.6349999904632568,232.07972412109373,TOR,2024,pit,RP
10315,Michael Tonkin,P,55.0,0.0,55.0,0.0,4.588699817657471,246.68198828697206,MIN,2024,pit,RP
11487,Joely Rodríguez,P,61.0,0.0,61.0,0.0,12.527999877929688,292.87703232765205,BOS,2024,pit,RP
25551,Isaiah Campbell,P,63.0,0.0,63.0,1.1150000095367432,14.991000175476074,309.6305392742157,ARI,2024,pit,RP
29869,Michael McGreevy,P,9.239999771118164,3.240000009536743,24.468000411987305,0.0,0.6334999799728394,84.6869591832161,STL,2024,pit,RP
13183,Zach Davies,P,8.100000381469727,8.100000381469727,42.23400115966797,0.0,0.0,120.49295895099641,,2024,pit,SP
21652,Elvis Peguero,P,60.0,0.0,60.0,0.0,7.240600109100342,267.1454211235046,,2024,pit,RP
16990,Tanner Banks,P,55.0,0.0,55.0,0.0,6.30649995803833,239.59486455917354,PHI,2024,pit,RP
15440,Matthew Boyd,P,3.240000009536743,3.240000009536743,17.574600219726562,0.0,0.0,65.10108848810194,CHC,2024,pit,SP
6893,Johnny Cueto,P,8.100000381469727,8.100000381469727,45.65800094604492,0.0,0.0,122.90453300476074,,2024,pit,SP
16233,Tejay Antone,P,48.0,0.0,48.0,0.0,0.5863000154495239,184.56617860794069,CIN,2024,pit,RP
15947,Ryne Stanek,P,63.0,0.0,63.0,2.1610000133514404,12.56089973449707,335.90064687728886,STL,2024,pit,RP
10197,Shelby Miller,P,61.0,0.0,61.0,0.9890000224113464,12.048800468444824,294.50219086408623,CHC,2024,pit,RP
24602,Drew Rom,P,33.0,0.0,33.0,0.0,0.6334999799728394,145.70854122638707,MIL,2024,pit,RP
13761,Chris Stratton,P,62.0,0.0,62.0,0.0,12.589500427246094,285.70261883735645,,2024,pit,RP
27500,Slade Cecconi,P,22.6200008392334,1.6200000047683716,30.045000076293945,0.0,0.6172000169754028,117.95151624679563,CLE,2024,pit,RP
17282,Michael Kopech,P,70.0,0.0,70.0,16.30299949645996,7.872099876403809,392.38306584358213,,2024,pit,RP
15264,Keynan Middleton,P,52.0,0.0,52.0,0.0,6.587900161743164,246.38252558708191,LAD,2024,pit,RP
22318,Jose E. Hernandez,P,38.0,0.0,38.0,0.0,0.6115999817848206,156.1165344715118,,2024,pit,RP
30056,David Festa,P,9.239999771118164,3.240000009536743,24.468000411987305,0.0,0.5995000004768372,92.57496702671052,MIN,2024,pit,RP
18694,Kolby Allard,P,25.6200008392334,1.6200000047683716,32.99140167236328,0.0,0.5720999836921692,121.05885267257689,CLE,2024,pit,RP
17464,Jonathan Hernández,P,57.0,0.0,57.0,0.0,6.944399833679199,250.4214416027069,PHI,2024,pit,RP
27702,Brent Headrick,P,20.6200008392334,1.6200000047683716,28.233999252319336,0.0,0.5995000004768372,111.97297987937931,NYY,2024,pit,RP
23809,Ray Kerr,P,38.0,0.0,38.0,0.0,0.6449999809265137,171.0589870691299,ATL,2024,pit,RP
sa3020682,Chase Hampton,P,4.860000133514404,4.860000133514404,27.70199966430664,0.0,0.0,91.50099723339082,NYY,2024,pit,SP
23455,Hunter Stratton,P,60.0,0.0,60.0,0.0,11.4173002243042,277.85578556060784,ATL,2024,pit,RP
20151,James Karinchak,P,48.0,0.0,48.0,0.0,4.260700225830078,230.1299623012543,ATL,2024,pit,RP
19459,Jorge Alcala,P,63.0,0.0,63.0,0.9729999899864197,11.990400314331055,313.4453648924828,TOR,2024,pit,RP
21955,Yerry Rodríguez,P,52.0,0.0,52.0,0.0,4.223499774932861,234.32923460006714,NYY,2024,pit,RP
4301,Justin Wilson,P,52.0,0.0,52.0,0.0,0.5863000154495239,188.60094146728517,,2024,pit,RP
21324,Parker Mushinski,P,54.0,0.0,54.0,0.0,7.041299819946289,250.7947014808655,COL,2024,pit,RP
15684,Miguel Castro,P,62.0,0.0,62.0,1.1519999504089355,12.148500442504883,303.0509237766265,,2024,pit,RP
31872,Cade Horton,P,3.240000009536743,3.240000009536743,18.468000411987305,0.0,0.0,64.2321304678917,CHC,2024,pit,SP
11189,Vince Velasquez,P,4.860000133514404,4.860000133514404,25.857200622558594,0.0,0.0,80.33811762332915,CHC,2024,pit,SP
20348,Riley O'Brien,P,58.0,0.0,58.0,0.0,10.103599548339844,269.9584351539612,STL,2024,pit,RP
13801,Austin Adams,P,60.0,0.0,60.0,0.9919999837875366,10.42039966583252,294.90786077976225,,2024,pit,RP
27472,Jared Shuster,P,11.34000015258789,11.34000015258789,62.40739822387695,0.0,0.0,157.51389915943147,STL,2024,pit,SP
1890,Matt Moore,P,63.0,0.0,63.0,2.184000015258789,14.956399917602539,323.12381949424747,,2024,pit,RP
14524,José Leclerc,P,66.0,0.0,66.0,18.993000030517578,6.494500160217285,380.1871930122377,,2024,pit,RP
20794,Manuel Rodríguez,P,44.0,0.0,44.0,0.0,0.6200000047683716,190.7167425632477,TBR,2024,pit,RP
12777,John Brebbia,P,66.0,0.0,66.0,1.996000051498413,11.76509952545166,315.14203906059277,COL,2024,pit,RP
sa3011530,Matt Canterino,P,3.240000009536743,3.240000009536743,18.468000411987305,0.0,0.0,65.73969632387161,MIN,2024,pit,SP
13190,Jordan Weems,P,62.0,0.0,62.0,0.0,12.160099983215332,279.29535131454463,LAD,2024,pit,RP
20203,Eli Morgan,P,58.0,0.0,58.0,0.0,7.722499847412109,271.7598763942719,KCR,2024,pit,RP
10591,Scott Alexander,P,45.0,0.0,45.0,0.0,0.5755000114440918,184.35188589096066,SFG,2024,pit,RP
33527,Hurston Waldrep,P,18.6200008392334,1.6200000047683716,26.233999252319336,0.0,0.6449999809265137,107.19623587131501,ATL,2024,pit,RP
19996,Dylan Lee,P,48.0,0.0,48.0,0.0,4.1280999183654785,213.47789547443392,ATL,2024,pit,RP
24581,Lyon Richardson,P,11.619999885559082,1.6200000047683716,19.00819969177246,0.0,0.5863000154495239,71.2289708018303,CIN,2024,pit,RP
27597,Cody Bradford,P,39.86000061035156,4.860000133514404,61.493499755859375,0.0,0.6092000007629395,210.86641182899476,TEX,2024,pit,RP
26034,Anthony Maldonado,P,35.0,0.0,35.0,3.3499999046325684,0.5651999711990356,162.39310495853422,HOU,2024,pit,RP
5097,Anthony Gose,OF,19.0,0.0,19.0,0.0,0.6657000184059143,96.17274303436277,,2024,pit,RP
24282,Kai-Wei Teng,P,35.0,0.0,35.0,0.0,0.6168000102043152,156.06760494709016,HOU,2024,pit,RP
26304,Bryan Hoeing,P,33.619998931884766,1.6200000047683716,40.8047981262207,0.0,0.6211000084877014,145.31889619827268,SDP,2024,pit,RP
17793,Trey Wingenter,P,44.0,0.0,44.0,0.0,0.6222000122070312,187.55303444862363,,2024,pit,RP
23443,Tom Cosgrove,P,56.0,0.0,56.0,0.0,9.29520034790039,249.2376883983613,HOU,2024,pit,RP
19493,Zach Jackson,P,56.0,0.0,56.0,0.0,8.862700462341309,269.053259754181,OAK,2024,pit,RP
21290,Lucas Gilbreath,P,44.0,0.0,44.0,0.0,0.5697000026702881,156.2247570037842,COL,2024,pit,RP
21584,Tristan Beck,P,17.239999771118164,3.240000009536743,32.08369827270508,0.0,0.6168000102043152,116.72834944725034,SFG,2024,pit,RP
16943,Sean Newcomb,P,48.0,0.0,48.0,0.0,3.683199882507324,210.34252266883857,CHW,2024,pit,RP
7803,Richard Bleier,P,40.0,0.0,40.0,0.0,0.5993000268936157,132.72982964515685,,2024,pit,RP
21461,Cole Sands,P,38.0,0.0,38.0,0.0,0.5995000004768372,155.15025906562806,MIN,2024,pit,RP
19804,Bryan Baker,P,44.0,0.0,44.0,0.0,0.6195999979972839,185.39625694751743,TBR,2024,pit,RP
14552,José Ruiz,P,38.0,0.0,38.0,0.0,0.5720999836921692,146.2743222236633,,2024,pit,RP
27477,Bryce Jarvis,P,45.619998931884766,1.6200000047683716,53.114200592041016,0.0,0.6172000169754028,196.4293768882752,ARI,2024,pit,RP
20418,Josh Fleming,P,48.0,0.0,48.0,0.0,3.9144999980926514,183.72578234672548,TOR,2024,pit,RP
17578,JT Brubaker,P,16.0,0.0,16.0,0.0,0.6115999817848206,73.33302005529404,SFG,2024,pit,RP
20375,Greg Weissert,P,53.0,0.0,53.0,0.0,6.651899814605713,233.0375398635865,BOS,2024,pit,RP
22051,John King,P,34.0,0.0,34.0,0.0,0.6334999799728394,132.85272390842442,MIA,2024,pit,RP
30055,Cade Povich,P,13.619999885559082,1.6200000047683716,21.233999252319336,0.0,0.6195999979972839,88.91827071905136,BAL,2024,pit,RP
18333,Alex Young,P,38.0,0.0,38.0,0.0,0.5863000154495239,129.21004614830014,CIN,2024,pit,RP
14814,Buck Farmer,P,61.0,0.0,61.0,0.0,9.834699630737305,237.6203033924104,,2024,pit,RP
17871,Ian Gibaut,P,54.0,0.0,54.0,0.0,4.221199989318848,207.32671723365783,,2024,pit,RP
6107,Huascar Brazobán,P,21.0,0.0,21.0,0.0,0.6211000084877014,93.34943754673003,NYM,2024,pit,RP
26024,Brendan White,P,21.0,0.0,21.0,0.0,0.6222000122070312,92.84071645736694,SEA,2024,pit,RP
3548,Liam Hendriks,P,12.0,0.0,12.0,0.0,0.6274999976158142,61.65107994675637,MIN,2024,pit,RP
24614,Victor Vodnik,P,40.0,0.0,40.0,0.0,0.5697000026702881,143.0844999551773,COL,2024,pit,RP
13470,Lucas Sims,P,64.0,0.0,64.0,2.2690000534057617,13.787500381469727,287.0666967391968,CHW,2024,pit,RP
23335,Joey Cantillo,P,3.240000009536743,3.240000009536743,18.468000411987305,0.0,0.0,65.98010157346725,CLE,2024,pit,SP
1247,Adam Ottavino,P,63.0,0.0,63.0,2.374000072479248,12.256999969482422,316.5479395866395,,2024,pit,RP
27453,Anthony Veneziano,P,20.6200008392334,1.6200000047683716,28.233999252319336,0.0,0.6205000281333923,98.53787639141083,,2024,pit,RP
13942,Brent Suter,P,70.0,0.0,70.0,1.1349999904632568,13.02810001373291,278.472959947586,LAA,2024,pit,RP
21170,Dany Jiménez,P,64.0,0.0,64.0,3.9679999351501465,12.67020034790039,324.0519950389862,,2024,pit,RP
18337,Nick Anderson,P,60.0,0.0,60.0,1.0420000553131104,11.234299659729004,259.2670216083527,OAK,2024,pit,RP
24494,Simeon Woods Richardson,P,13.239999771118164,3.240000009536743,28.440000534057617,0.0,0.5995000004768372,92.48800033330917,MIN,2024,pit,RP
17611,Taylor Clarke,P,32.0,0.0,32.0,0.0,0.6033999919891357,128.59699931144712,ARI,2024,pit,RP
20153,Nick Nelson,P,24.6200008392334,1.6200000047683716,31.994600296020508,0.0,0.5720999836921692,103.967356801033,,2024,pit,RP
20039,Adrian Morejon,P,48.0,0.0,48.0,0.0,3.8629000186920166,212.31053950786597,SDP,2024,pit,RP
20546,Grant Anderson,P,40.0,0.0,40.0,0.0,0.6092000007629395,152.82057094573972,MIL,2024,pit,RP
20185,Zach Pop,P,34.0,0.0,34.0,0.0,0.6349999904632568,138.33890972137453,PHI,2024,pit,RP
23793,Braxton Ashcraft,P,33.0,0.0,33.0,0.0,0.6115999817848206,131.7717416286469,PIT,2024,pit,RP
16942,Luis Ortiz,P,55.0,0.0,55.0,0.0,4.195499897003174,216.0854821205139,,2024,pit,RP
18815,Miguel Díaz,P,28.0,0.0,28.0,0.0,0.6222000122070312,113.68655805587774,,2024,pit,RP
30140,Ty Madden,P,13.619999885559082,1.6200000047683716,21.233999252319336,0.0,0.6222000122070312,83.15500257015228,DET,2024,pit,RP
15734,Brad Keller,P,25.100000381469727,8.100000381469727,61.569000244140625,0.0,0.5733000040054321,183.30395922660838,PHI,2024,pit,RP
22932,Prelander Berroa,P,34.0,0.0,34.0,0.0,0.5733000040054321,147.49335534572603,CHW,2024,pit,RP
20206,Mike Baumann,P,54.0,0.0,54.0,0.0,6.691400051116943,243.445674943924,NYM,2024,pit,RP
19316,Eric Lauer,P,12.859999656677246,4.860000133514404,34.63029861450195,0.0,0.6115999817848206,110.8632525920868,TOR,2024,pit,RP
24017,Jose A. Ferrer,P,38.0,0.0,38.0,0.0,0.5993000268936157,144.36997036933897,SEA,2024,pit,RP
24977,Shawn Dubin,P,24.0,0.0,24.0,0.0,0.6520000100135803,107.68265860080723,ARI,2024,pit,RP
1246,Matt Bush,P,26.0,0.0,26.0,0.0,0.0,106.91804790496826,,2024,pit,RP
13133,Derek Law,P,52.0,0.0,52.0,0.0,6.232600212097168,206.53510947227474,ARI,2024,pit,RP
16866,Reed Garrett,P,36.0,0.0,36.0,0.0,0.6256999969482422,138.10952286720277,NYM,2024,pit,RP
19403,Colin Poche,P,63.0,0.0,63.0,1.1319999694824219,14.812000274658203,316.1660228729248,DET,2024,pit,RP
10343,Aaron Loup,P,34.0,0.0,34.0,0.0,0.0,131.83298816680912,,2024,pit,RP
27636,Mitchell Parker,P,14.859999656677246,4.860000133514404,37.70199966430664,0.0,0.5993000268936157,117.3066210269928,WSN,2024,pit,RP
12863,Matt Barnes,P,46.0,0.0,46.0,0.0,3.675600051879883,179.11361303329465,,2024,pit,RP
15915,Víctor Arano,P,28.0,0.0,28.0,0.0,0.0,111.20099112987522,WSN,2024,pit,RP
30107,Christian Scott,P,1.6200000047683716,1.6200000047683716,9.234000205993652,0.0,0.0,34.36137520074845,NYM,2024,pit,SP
18769,Cody Poteet,P,40.0,0.0,40.0,0.0,0.6502000093460083,163.70351991653445,,2024,pit,RP
sa917784,Bryan Mata,P,34.2400016784668,3.240000009536743,49.46799850463867,0.0,0.6274999976158142,171.7902915477753,,2024,pit,RP
19866,Brandon Bielak,P,46.0,0.0,46.0,0.0,0.6520000100135803,183.4462258338928,,2024,pit,RP
26907,Jairo Iriarte,P,4.860000133514404,4.860000133514404,27.70199966430664,0.0,0.0,77.39883224964142,CHW,2024,pit,SP
17186,Dinelson Lamet,P,12.0,0.0,12.0,0.0,0.6545000076293945,53.73332253694535,,2024,pit,RP
17369,Brett Martin,P,27.0,0.0,27.0,0.0,0.0,102.71931841373446,,2024,pit,RP
7982,Anthony Bass,P,28.0,0.0,28.0,0.0,0.0,106.4679777145386,,2024,pit,RP
sa3015223,Wilmer Flores,P,14.0,0.0,14.0,0.0,0.6222000122070312,62.18482589721682,,2024,pit,RP
17490,Génesis Cabrera,P,63.0,0.0,63.0,1.0549999475479126,12.072199821472168,301.52343885898597,PHI,2024,pit,RP
20517,Nick Sandlin,P,63.0,0.0,63.0,0.0,13.726200103759766,306.2299250602722,LAA,2024,pit,RP
12763,Chris Devenski,P,58.0,0.0,58.0,0.0,9.889800071716309,263.6349105358124,PIT,2024,pit,RP
21205,Connor Brogdon,P,60.0,0.0,60.0,0.0,6.8653998374938965,250.2990396976471,CLE,2024,pit,RP
21238,Allan Winans,P,12.0,0.0,12.0,0.0,0.6449999809265137,54.11313954591753,,2024,pit,RP
27572,Carmen Mlodzinski,P,61.0,0.0,61.0,0.0,12.210599899291992,278.10419135093696,PIT,2024,pit,RP
14825,Dylan Covey,P,27.0,0.0,27.0,0.0,0.5720999836921692,99.24677977561953,,2024,pit,RP
27867,Cade Smith,P,61.0,0.0,61.0,0.0,11.16759967803955,295.1357738971711,CLE,2024,pit,RP
18384,Scott Effross,P,24.0,0.0,24.0,0.0,0.6502000093460083,97.91596298217777,DET,2024,pit,RP
25957,Josh Simpson,P,14.0,0.0,14.0,0.0,0.6211000084877014,62.192452013492606,SEA,2024,pit,RP
19178,Tommy Nance,P,15.0,0.0,15.0,0.0,0.603600025177002,65.53254078626634,TOR,2024,pit,RP
19345,Daulton Jefferies,P,58.0,0.0,58.0,0.0,9.837200164794922,256.0009648799897,PIT,2024,pit,RP
26389,DJ Herz,P,18.6200008392334,1.6200000047683716,26.233999252319336,0.0,0.5993000268936157,98.35628092288971,WSN,2024,pit,RP
25388,Cody Morris,P,17.0,0.0,17.0,0.0,0.6502000093460083,78.34309446811677,,2024,pit,RP
22276,Dylan Coleman,P,41.0,0.0,41.0,0.0,0.6520000100135803,165.7670067787171,NYY,2024,pit,RP
21574,Brendon Little,P,24.0,0.0,24.0,0.0,0.6349999904632568,96.29516284465792,TOR,2024,pit,RP
15043,Lou Trivino,P,20.0,0.0,20.0,0.0,0.6502000093460083,84.62062665224076,PHI,2024,pit,RP
22630,Keider Montero,P,17.0,0.0,17.0,0.0,0.6222000122070312,71.89548559188844,DET,2024,pit,RP
19976,Tyson Miller,P,58.0,0.0,58.0,0.0,5.01200008392334,246.69318327903753,CHW,2024,pit,RP
27487,Landon Knack,P,20.0,0.0,20.0,0.0,0.6545000076293945,77.82595123052596,LAD,2024,pit,RP
30105,Mike Vasil,P,1.6200000047683716,1.6200000047683716,9.234000205993652,0.0,0.0,31.731915217638022,CHW,2024,pit,SP
30161,Carlos Rodriguez,P,3.240000009536743,3.240000009536743,18.468000411987305,0.0,0.0,55.150086236000064,MIL,2024,pit,SP
22116,Hagen Danner,P,21.0,0.0,21.0,0.0,0.6349999904632568,91.68779883384705,CIN,2024,pit,RP
20009,Kenny Rosenberg,P,9.619999885559082,1.6200000047683716,17.173799514770508,0.0,0.6460999846458435,62.13462607860568,,2024,pit,RP
19337,Richard Lovelady,P,18.0,0.0,18.0,0.0,0.6262999773025513,73.90184308290483,WSN,2024,pit,RP
23313,José Buttó,P,22.6200008392334,1.6200000047683716,30.10610008239746,0.0,0.6256999969482422,110.43357386589052,SFG,2024,pit,RP
23150,Osvaldo Bido,P,15.619999885559082,1.6200000047683716,22.684099197387695,0.0,0.5755000114440918,84.26523473262787,NYY,2024,pit,RP
2895,Zach McAllister,P,20.0,0.0,20.0,0.0,0.0,75.33128798007965,,2024,pit,RP
22915,Carlos Vargas,P,38.0,0.0,38.0,0.0,0.6481000185012817,167.74180402755735,SEA,2024,pit,RP
17701,Jose Cuas,P,56.0,0.0,56.0,0.0,9.6451997756958,253.34538803100594,KCR,2024,pit,RP
27974,Cristian Mena,P,11.619999885559082,1.6200000047683716,19.233999252319336,0.0,0.6172000169754028,70.31214781999587,ARI,2024,pit,RP
sa3017917,Nate Lavender,P,16.0,0.0,16.0,0.0,0.6256999969482422,72.03910747766496,NYM,2024,pit,RP
19200,José Quijada,P,15.0,0.0,15.0,0.0,0.6460999846458435,64.75388201475144,,2024,pit,RP
sa3020707,Robby Snelling,P,1.6200000047683716,1.6200000047683716,9.234000205993652,0.0,0.0,29.749073606729514,MIA,2024,pit,SP
24986,Colin Selby,P,19.0,0.0,19.0,0.0,0.6115999817848206,81.23913249969482,BAL,2024,pit,RP
26213,Caleb Kilian,P,20.0,0.0,20.0,0.0,0.6262999773025513,80.63723897933959,SFG,2024,pit,RP
29921,Spencer Arrighetti,P,9.239999771118164,3.240000009536743,24.468000411987305,0.0,0.6520000100135803,81.69266674518587,HOU,2024,pit,RP
25679,Kevin Kelly,P,35.0,0.0,35.0,0.0,0.6200000047683716,139.3771191596985,TBR,2024,pit,RP
10657,Andrew Bellatti,P,17.0,0.0,17.0,0.0,0.5720999836921692,65.1693738937378,,2024,pit,RP
14361,Ty Blach,P,15.239999771118164,3.240000009536743,29.814800262451172,0.0,0.5697000026702881,70.87482604980472,,2024,pit,RP
21520,Hogan Harris,P,33.0,0.0,33.0,0.0,0.5755000114440918,131.1123618602753,OAK,2024,pit,RP
26364,Ethan Small,P,24.0,0.0,24.0,0.0,0.6168000102043152,97.21915855407715,,2024,pit,RP
21997,Luis Frías,P,40.0,0.0,40.0,0.0,0.6172000169754028,161.61595189571378,,2024,pit,RP
17755,Drew Smith,P,62.0,0.0,62.0,0.0,12.696800231933594,281.8588620662689,WSN,2024,pit,RP
21859,Alex Speas,P,45.0,0.0,45.0,0.0,0.5733000040054321,183.3993225097656,,2024,pit,RP
14932,Ben Lively,P,33.0,0.0,33.0,0.0,0.6657000184059143,131.5520228862763,CLE,2024,pit,RP
25098,Jacob Lopez,P,14.0,0.0,14.0,0.0,0.6200000047683716,64.4156777262688,OAK,2024,pit,RP
9073,Kirby Yates,P,61.0,0.0,61.0,0.9819999933242798,11.796099662780762,301.4681653738023,LAA,2024,pit,RP
24862,Ryan Fernandez,P,45.0,0.0,45.0,0.0,0.6334999799728394,168.36822202205656,STL,2024,pit,RP
29519,Gordon Graceffo,P,1.6200000047683716,1.6200000047683716,9.234000205993652,0.0,0.0,27.638456207513812,STL,2024,pit,SP
19482,Andrew Vasquez,P,19.0,0.0,19.0,0.0,0.6222000122070312,74.7708193063736,,2024,pit,RP
20116,Calvin Faucher,P,19.0,0.0,19.0,0.0,0.6211000084877014,75.80621275901794,MIA,2024,pit,RP
29866,Chayce McDermott,P,14.619999885559082,1.6200000047683716,22.233999252319336,0.0,0.6195999979972839,86.19078382253647,BAL,2024,pit,RP
19454,Michael Rucker,P,21.0,0.0,21.0,0.0,0.5720999836921692,78.09849898815153,SEA,2024,pit,RP
25928,Darius Vines,P,24.0,0.0,24.0,0.0,0.6449999809265137,90.9444761157036,ATL,2024,pit,RP
18282,Jarlín García,P,30.0,0.0,30.0,0.0,0.0,112.67929885387422,,2024,pit,RP
9111,Brad Hand,P,32.0,0.0,32.0,0.0,0.0,121.45838398933411,,2024,pit,RP
25663,McKinley Moore,P,10.0,0.0,10.0,0.0,0.6502000093460083,44.24504770636558,,2024,pit,RP
15010,Corey Knebel,P,42.0,0.0,42.0,0.0,0.5733000040054321,159.4396342039108,,2024,pit,RP
17796,Dillon Tate,P,70.0,0.0,70.0,1.9930000305175781,13.342300415039062,316.0171460151672,,2024,pit,RP
20271,Daysbel Hernández,P,54.0,0.0,54.0,0.0,6.96619987487793,246.86007995605468,ATL,2024,pit,RP
21481,Sean Hjelle,P,12.0,0.0,12.0,0.0,0.6168000102043152,49.93836051225663,,2024,pit,RP
17783,Jake Brentz,P,11.0,0.0,11.0,0.0,0.6205000281333923,48.47377855777741,,2024,pit,RP
27765,Yosver Zulueta,P,17.0,0.0,17.0,0.0,0.6349999904632568,70.87348581552507,SEA,2024,pit,RP
21366,Glenn Otto Jr.,P,21.0,0.0,21.0,0.0,0.603600025177002,84.9500208377838,HOU,2024,pit,RP
25651,Ty Adcock,P,21.0,0.0,21.0,0.0,0.6481000185012817,89.75554021596908,SDP,2024,pit,RP
16401,Yonny Chirinos,P,24.0,0.0,24.0,0.0,0.6211000084877014,83.51109688282015,,2024,pit,RP
21025,Oliver Ortega,P,10.0,0.0,10.0,0.0,0.6520000100135803,41.518505078554156,,2024,pit,RP
12791,Michael Kelly,P,38.0,0.0,38.0,0.0,0.5755000114440918,153.39087941646574,OAK,2024,pit,RP
15094,Rob Zastryzny,P,12.0,0.0,12.0,0.0,0.6033999919891357,48.195659387111675,MIL,2024,pit,RP
23631,Clayton Andrews,P,16.0,0.0,16.0,0.0,0.6502000093460083,69.57757221460344,,2024,pit,RP
25862,Noah Davis,P,14.479999542236328,6.480000019073486,43.64030075073242,0.0,0.5697000026702881,85.15018644332886,PIT,2024,pit,RP
23617,Josh Walker,P,12.0,0.0,12.0,0.0,0.6256999969482422,53.43491888642312,BAL,2024,pit,RP
20038,Darren McCaughan,P,10.0,0.0,10.0,0.0,0.6211000084877014,37.879380667209624,CIN,2024,pit,RP
24930,Ethan Roberts,P,16.0,0.0,16.0,0.0,0.6262999773025513,65.38813141584396,CHC,2024,pit,RP
21956,Max Castillo,P,15.0,0.0,15.0,0.0,0.5720999836921692,52.064301908016205,,2024,pit,RP
sa3020079,T.J. Brock,P,12.0,0.0,12.0,0.0,0.6349999904632568,51.703660559654246,TOR,2024,pit,RP
13652,Tayler Scott,P,38.0,0.0,38.0,0.0,0.6520000100135803,150.00872132778164,ATL,2024,pit,RP
sa3011735,Sem Robberse,P,1.6200000047683716,1.6200000047683716,9.234000205993652,0.0,0.0,25.85711486935616,STL,2024,pit,SP
17556,Jimmy Herget,P,33.0,0.0,33.0,0.0,0.6460999846458435,113.39043872356417,COL,2024,pit,RP
6397,Jake Odorizzi,P,14.619999885559082,1.6200000047683716,21.74489974975586,0.0,0.6200000047683716,80.94821424484252,,2024,pit,RP
17381,Matt Gage,P,19.0,0.0,19.0,0.0,0.6545000076293945,73.57455724477768,SFG,2024,pit,RP
sa3014675,Chih-Jung Liu,P,3.240000009536743,3.240000009536743,18.468000411987305,0.0,0.0,47.335053396224986,BOS,2024,pit,SP
23191,Michael Plassmeyer,P,10.0,0.0,10.0,0.0,0.6115999817848206,38.92679388523102,TOR,2024,pit,RP
15015,Alex Reyes,P,26.0,0.0,26.0,0.0,0.0,103.24047272205354,,2024,pit,RP
18152,Anthony Misiewicz,P,12.0,0.0,12.0,0.0,0.6502000093460083,47.56273961663248,CIN,2024,pit,RP
26257,Joey Estes,P,31.479999542236328,6.480000019073486,61.720001220703125,0.0,0.5755000114440918,191.2374502658843,OAK,2024,pit,RP
21620,Jake Cousins,P,51.0,0.0,51.0,0.0,3.8986001014709473,210.36137785911563,,2024,pit,RP
30179,Pierson Ohl,P,12.0,0.0,12.0,0.0,0.5995000004768372,47.46991991996766,COL,2024,pit,RP
sa3017822,Connor Cooke,P,10.0,0.0,10.0,0.0,0.6349999904632568,43.52770081162452,TOR,2024,pit,RP
30153,Dom Hamel,P,6.0,0.0,6.0,0.0,0.6256999969482422,28.383280497789386,NYY,2024,pit,RP
25376,Nick Mears,P,62.0,0.0,62.0,0.0,10.98960018157959,234.77788453102104,KCR,2024,pit,RP
sa3018259,Anthony Solometo,P,12.0,0.0,12.0,0.0,0.6115999817848206,47.80018031597138,PIT,2024,pit,RP
29950,Jordan Leasure,P,62.0,0.0,62.0,6.986999988555908,9.190199851989746,301.1424276828766,CHW,2024,pit,RP
23493,Nick Snyder,P,6.0,0.0,6.0,0.0,0.5720999836921692,26.016620236635212,,2024,pit,RP
21045,Seth Martinez,P,58.0,0.0,58.0,0.0,10.398900032043457,257.91546258926394,BOS,2024,pit,RP
16933,Elieser Hernández,P,13.0,0.0,13.0,0.0,0.6545000076293945,50.7812072277069,ATL,2024,pit,RP
33828,Naoyuki Uwasawa,P,10.0,0.0,10.0,0.0,0.6274999976158142,39.53153932094574,,2024,pit,RP
24933,Andrew Wantz,P,37.2400016784668,3.240000009536743,51.46620178222656,0.0,0.6460999846458435,160.5371201038361,TBR,2024,pit,RP
23324,Freddy Tarnok,P,17.0,0.0,17.0,0.0,0.5755000114440918,68.3600007414818,,2024,pit,RP
27608,Jeff Criswell,P,1.6200000047683716,1.6200000047683716,9.234000205993652,0.0,0.0,19.177139419317246,COL,2024,pit,SP
31730,Jonathan Cannon,P,23.0,0.0,23.0,0.0,0.5733000040054321,81.7773047089577,CHW,2024,pit,RP
27685,Carson Spiers,P,23.6200008392334,1.6200000047683716,31.064300537109375,0.0,0.5863000154495239,88.54584684371949,CIN,2024,pit,RP
15256,Cole Sulser,P,10.0,0.0,10.0,0.0,0.6256999969482422,40.3970533490181,TBR,2024,pit,RP
19755,Shohei Ohtani,DH,0.1754000037908554,0.1754000037908554,1.0,0.0,0.0,4.994233495742083,LAD,2024,pit,SP
31623,Jacob Misiorowski,P,17.0,0.0,17.0,0.0,0.6033999919891357,69.7495904684067,MIL,2024,pit,RP
27775,Kyle Nicolas,P,21.0,0.0,21.0,0.0,0.6115999817848206,85.80667378902436,CIN,2024,pit,RP
16754,Vinny Nittoli,P,15.0,0.0,15.0,0.0,0.5755000114440918,58.263699114322655,BOS,2024,pit,RP
15541,Tyler Rogers,P,64.0,0.0,64.0,2.509999990463257,12.27280044555664,292.6882812023163,TOR,2024,pit,RP
19444,Yohan Ramírez,P,40.0,0.0,40.0,0.0,0.6256999969482422,158.51869859695432,PIT,2024,pit,RP
19871,Tucker Davidson,P,28.0,0.0,28.0,0.0,0.6195999979972839,107.76393918991089,PHI,2024,pit,RP
21483,Shane McClanahan,P,0.1754000037908554,0.1754000037908554,1.0,0.0,0.0,4.999873425811529,TBR,2024,pit,SP
29946,Grant Hartwig,P,24.0,0.0,24.0,0.0,0.6256999969482422,93.20918049812319,MIN,2024,pit,RP
16162,Brandon Woodruff,P,0.1754000037908554,0.1754000037908554,1.0,0.0,0.0,4.588573418557644,MIL,2024,pit,SP
27624,Walter Pennington,P,17.0,0.0,17.0,0.0,0.6205000281333923,62.102666413784036,,2024,pit,RP
21863,George Soriano,P,62.0,0.0,62.0,1.1169999837875366,14.600500106811523,283.9668489694595,STL,2024,pit,RP
16929,Touki Toussaint,P,8.0,0.0,8.0,0.0,0.5733000040054321,34.290167891979216,,2024,pit,RP
24493,Adam Kloffenstein,P,10.0,0.0,10.0,0.0,0.6334999799728394,40.16276602745056,NYY,2024,pit,RP
18684,Sandy Alcantara,P,0.1754000037908554,0.1754000037908554,1.0,0.0,0.0,4.318793454766274,MIA,2024,pit,SP
20666,Félix Bautista,P,1.0,0.0,1.0,0.0,0.0,6.064680178463459,BAL,2024,pit,RP
15444,Zack Weiss,P,21.0,0.0,21.0,0.0,0.5995000004768372,81.54174308776857,,2024,pit,RP
23391,Ricky Vanasco,P,15.0,0.0,15.0,0.0,0.6545000076293945,56.23986183404922,DET,2024,pit,RP
23301,Janson Junk,P,29.6200008392334,1.6200000047683716,37.05759811401367,0.0,0.6033999919891357,112.46705222129818,MIA,2024,pit,RP
27662,Christian Roa,P,14.0,0.0,14.0,0.0,0.5863000154495239,51.9035647749901,HOU,2024,pit,RP
25703,Zak Kent,P,6.0,0.0,6.0,0.0,0.6092000007629395,25.775600317120556,MIN,2024,pit,RP
12703,Trevor Bauer,P,0.1754000037908554,0.1754000037908554,1.0,0.0,0.0,4.103906647861004,,2024,pit,SP
17169,José Castillo,P,8.0,0.0,8.0,0.0,0.6172000169754028,34.9988726913929,,2024,pit,RP
14765,Julio Urías,P,0.1754000037908554,0.1754000037908554,1.0,0.0,0.0,4.057813239097595,LAD,2024,pit,SP
19586,Forrest Whitley,P,28.0,0.0,28.0,0.0,0.6520000100135803,108.75621285438542,,2024,pit,RP
25311,Roddery Muñoz,P,12.0,0.0,12.0,0.0,0.6211000084877014,46.163758808374425,HOU,2024,pit,RP
27582,Davis Daniel,P,20.239999771118164,3.240000009536743,35.46799850463867,0.0,0.6460999846458435,101.46597719192506,CIN,2024,pit,RP
14444,Hyun Jin Ryu,P,0.1754000037908554,0.1754000037908554,1.0,0.0,0.0,3.4593132779002196,,2024,pit,SP
30133,Brant Hurter,P,0.1754000037908554,0.1754000037908554,1.0,0.0,0.0,3.7342932708561425,DET,2024,pit,SP
15474,Lucas Giolito,P,0.1754000037908554,0.1754000037908554,1.0,0.0,0.0,3.731053235381842,,2024,pit,SP
14844,Matt Dermody,P,0.1754000037908554,0.1754000037908554,1.0,0.0,0.0,3.4262533731758595,,2024,pit,SP
19315,Matt Krook,P,14.0,0.0,14.0,0.0,0.6195999979972839,58.822118949890154,OAK,2024,pit,RP
19891,Ryder Ryan,P,40.0,0.0,40.0,0.0,0.6115999817848206,146.82545285224916,LAD,2024,pit,RP
sa3023350,Raidel Martinez,P,1.0,0.0,1.0,0.0,0.0,4.912080082297326,,2024,pit,RP
sa3017880,Andrew Painter,P,0.1754000037908554,0.1754000037908554,1.0,0.0,0.0,3.4529799833893775,PHI,2024,pit,SP
sa3011495,Daniel Espino,P,0.1754000037908554,0.1754000037908554,1.0,0.0,0.0,3.92017355710268,CLE,2024,pit,SP
sa3017130,Griff McGarry,P,8.0,0.0,8.0,0.0,0.5720999836921692,32.3838655769825,WSN,2024,pit,RP
sa3017103,Hayden Juenger,P,14.0,0.0,14.0,0.0,0.6349999904632568,56.649912953376784,TOR,2024,pit,RP
19665,Kyle Wright,P,0.3172999918460846,0.1453000009059906,1.0,0.0,0.0,3.7398667611181735,CHC,2024,pit,RP
17888,Tayler Saucedo,P,61.0,0.0,61.0,0.0,10.871899604797363,294.97392621040353,LAA,2024,pit,RP
27756,Mick Abel,P,23.860000610351562,4.860000133514404,46.70199966430664,0.0,0.5720999836921692,137.25105190277105,MIN,2024,pit,RP
21455,Kris Bubic,P,0.1754000037908554,0.1754000037908554,1.0,0.0,0.0,3.560893328487873,KCR,2024,pit,SP
31676,Carson Whisenhunt,P,0.1754000037908554,0.1754000037908554,1.0,0.0,0.0,3.758799979835749,SFG,2024,pit,SP
13287,Jesse Hahn,P,6.0,0.0,6.0,0.0,0.6545000076293945,24.23876041769982,TOR,2024,pit,RP
sa3017896,Christian McGowan,P,0.1754000037908554,0.1754000037908554,1.0,0.0,0.0,3.124886632710696,PHI,2024,pit,SP
15690,Jimmy Cordero,P,0.9496999979019165,0.010700000450015068,1.0,0.0,0.0,4.545093291252852,,2024,pit,RP
sa3014535,Dax Fulton,P,0.20180000364780426,0.16979999840259552,1.0,0.0,0.0,3.3014465674757956,MIA,2024,pit,SP
13046,Tsuyoshi Wada,P,0.19030000269412994,0.17229999601840973,1.0,0.0,0.0,3.3933798454701907,,2024,pit,SP
30031,Julian Aguiar,P,0.1754000037908554,0.1754000037908554,1.0,0.0,0.0,2.861033376306296,CIN,2024,pit,SP
15007,Yacksel Ríos,P,8.0,0.0,8.0,0.0,0.6256999969482422,32.55306162834168,CHC,2024,pit,RP
12575,Nick Ramirez,P,44.0,0.0,44.0,0.0,0.6502000093460083,154.69254486560823,,2024,pit,RP
25873,Connor Thomas,P,0.21250000596046448,0.16750000417232513,1.0,0.0,0.0,3.1472599193453794,ATL,2024,pit,SP
18674,Jake Woodford,P,11.619999885559082,1.6200000047683716,18.776199340820312,0.0,0.5733000040054321,57.80358175039292,TBR,2024,pit,RP
30084,Carson Seymour,P,0.210099995136261,0.1680999994277954,1.0,0.0,0.0,3.525100158900023,SFG,2024,pit,SP
15488,Antonio Senzatela,P,0.1754000037908554,0.1754000037908554,1.0,0.0,0.0,2.512353207916022,COL,2024,pit,SP
30184,Noah Cameron,P,0.1754000037908554,0.1754000037908554,1.0,0.0,0.0,3.2776332713663585,KCR,2024,pit,SP
22487,Johan Oviedo,P,0.1754000037908554,0.1754000037908554,1.0,0.0,0.0,3.355553314834833,BOS,2024,pit,SP
8223,Brett Anderson,P,0.1754000037908554,0.1754000037908554,1.0,0.0,0.0,2.976646631211043,,2024,pit,SP
19388,Tony Gonsolin,P,0.1754000037908554,0.1754000037908554,1.0,0.0,0.0,3.029253482818603,,2024,pit,SP
sa3014492,Nick Frasso,P,0.1754000037908554,0.1754000037908554,1.0,0.0,0.0,3.1136265560984615,LAD,2024,pit,SP
sa3010256,Avery Weems,P,0.25459998846054077,0.15860000252723694,1.0,0.0,0.0,3.424759914726019,,2024,pit,SP
sa3004347,Denny Brady,P,0.1754000037908554,0.1754000037908554,1.0,0.0,0.0,3.282233294844628,,2024,pit,SP
sa3007838,Nick Bush,P,0.1754000037908554,0.1754000037908554,1.0,0.0,0.0,2.453879986703396,,2024,pit,SP
sa3017501,Alex Cornwell,P,0.19280000030994415,0.17180000245571136,1.0,0.0,0.0,3.0978932574391362,STL,2024,pit,SP
3677,Logan Ondrusek,P,0.19519999623298645,0.1712000072002411,1.0,0.0,0.0,3.4215732961893086,,2024,pit,SP
15502,Kohl Stewart,P,0.23559999465942383,0.16259999573230743,1.0,0.0,0.0,3.2049532666802407,,2024,pit,SP
26260,Drey Jameson,P,0.824400007724762,0.03739999979734421,1.0,0.0,0.0,4.361333323270083,ARI,2024,pit,RP
17759,Angel Perdomo,P,1.0,0.0,1.0,0.0,0.0,4.864406659454108,LAA,2024,pit,RP
sa3020222,Isaac Coffey,P,0.18289999663829803,0.17389999330043793,1.0,0.0,0.0,3.2550332508981232,BOS,2024,pit,SP
sa3016914,Jimmy Joyce,P,0.1754000037908554,0.1754000037908554,1.0,0.0,0.0,3.586866743862629,SEA,2024,pit,SP
30170,Chase Petty,P,0.1754000037908554,0.1754000037908554,1.0,0.0,0.0,2.6437733665108683,CIN,2024,pit,SP
sa3015010,Adam Seminaris,P,0.1754000037908554,0.1754000037908554,1.0,0.0,0.0,3.117126715183258,PHI,2024,pit,SP
sa3020264,Tyler Stuart,P,0.1754000037908554,0.1754000037908554,1.0,0.0,0.0,3.2809400327503684,WSN,2024,pit,SP
sa3019278,Yu-Min Lin,P,0.1754000037908554,0.1754000037908554,1.0,0.0,0.0,3.327533233910799,ARI,2024,pit,SP
17030,Ariel Jurado,P,0.1754000037908554,0.1754000037908554,1.0,0.0,0.0,3.0812064915895463,,2024,pit,SP
27783,Zach Brzykcy,P,15.0,0.0,15.0,0.0,0.5993000268936157,56.16129988431931,MIA,2024,pit,RP
15849,Kent Emanuel,P,1.0,0.0,1.0,0.0,0.0,4.043320021778345,,2024,pit,RP
29574,Chase Lee,P,0.7386000156402588,0.05559999868273735,1.0,0.0,0.0,4.108720023185015,TOR,2024,pit,RP
30203,Jackson Jobe,P,0.1754000037908554,0.1754000037908554,1.0,0.0,0.0,3.19990647956729,DET,2024,pit,SP
21065,Thomas Szapucki,P,0.8399999737739563,0.03400000184774399,1.0,0.0,0.0,4.554273406416177,,2024,pit,RP
sa3017462,Matt Osterberg,P,0.1754000037908554,0.1754000037908554,1.0,0.0,0.0,2.778960201144219,,2024,pit,SP
sa3015142,Coleman Crow,P,0.1754000037908554,0.1754000037908554,1.0,0.0,0.0,3.1401600643992427,MIL,2024,pit,SP
23223,Michael Mercado,P,14.0,0.0,14.0,0.0,0.5720999836921692,52.1680570960045,PHI,2024,pit,RP
25582,Brady Basso,P,0.20350000262260437,0.16949999332427979,1.0,0.0,0.0,3.4202200986444957,OAK,2024,pit,SP
sa3005839,Luis De Avila,P,0.1754000037908554,0.1754000037908554,1.0,0.0,0.0,3.1666734553873543,,2024,pit,SP
10131,Stephen Strasburg,P,0.1754000037908554,0.1754000037908554,1.0,0.0,0.0,2.9040400475263595,,2024,pit,SP
sa599473,David Kubiak,P,0.20679999887943268,0.1687999963760376,1.0,0.0,0.0,3.168039951473474,,2024,pit,SP
sa3014519,Tekoah Roby,P,0.1754000037908554,0.1754000037908554,1.0,0.0,0.0,3.213586619496346,STL,2024,pit,SP
10745,Trevor Rosenthal,P,1.0,0.0,1.0,0.0,0.0,4.522339969873428,,2024,pit,RP
13932,Dietrich Enns,P,1.0,0.0,1.0,0.0,0.0,4.411326559633016,BAL,2024,pit,RP
sa3009243,Royber Salinas,P,0.19439999759197235,0.17139999568462372,1.0,0.0,0.0,3.6262400351464747,,2024,pit,SP
sa3020392,Dylan Ray,P,0.1754000037908554,0.1754000037908554,1.0,0.0,0.0,3.2433134257793426,ARI,2024,pit,SP
sa3007455,Brady Feigl,P,0.1754000037908554,0.1754000037908554,1.0,0.0,0.0,3.0715731315314776,,2024,pit,SP
sa3020661,Gabriel Hughes,P,0.1754000037908554,0.1754000037908554,1.0,0.0,0.0,2.4622200384736064,COL,2024,pit,SP
sa829625,Tyler Herb,P,1.0,0.0,1.0,0.0,0.0,4.081793335825205,,2024,pit,RP
19274,Jacob Webb,P,58.0,0.0,58.0,0.0,9.882200241088867,255.4318481445313,CHC,2024,pit,RP
4897,Scott Kazmir,P,0.24799999594688416,0.1599999964237213,1.0,0.0,0.0,3.2309199325740336,,2024,pit,SP
sa3014457,Garrett Stallings,P,0.24799999594688416,0.1599999964237213,1.0,0.0,0.0,3.2769932292401793,MIL,2024,pit,SP
20629,Tyler Phillips,P,0.18199999630451202,0.17399999499320984,1.0,0.0,0.0,2.7846268147230147,MIA,2024,pit,SP
1994,Iván Nova,P,0.1754000037908554,0.1754000037908554,1.0,0.0,0.0,2.2531598590314386,COL,2024,pit,SP
31635,Hayden Birdsong,P,0.19689999520778656,0.17090000212192535,1.0,0.0,0.0,3.5234934434294707,SFG,2024,pit,SP
sa3008263,Joander Suarez,P,0.19030000269412994,0.17229999601840973,1.0,0.0,0.0,3.3193667337298396,NYM,2024,pit,SP
29914,Andrew Alvarez,P,0.20430000126361847,0.16930000483989716,1.0,0.0,0.0,2.840380056202412,WSN,2024,pit,SP
30240,Hunter Dobbins,P,0.18449999392032623,0.17350000143051147,1.0,0.0,0.0,3.0089665800333023,STL,2024,pit,SP
sa3017815,Walker Powell,P,0.20589999854564667,0.1688999980688095,1.0,0.0,0.0,3.062953113019467,CHC,2024,pit,SP
sa3015286,Josh Stephan,P,0.18950000405311584,0.17249999940395355,1.0,0.0,0.0,3.144433207809925,TEX,2024,pit,SP
15463,José De León,P,0.9052000045776367,0.02019999921321869,1.0,0.0,0.0,4.0112065970897675,,2024,pit,RP
23165,Steven Cruz,P,33.0,0.0,33.0,0.0,0.6205000281333923,120.64397647380832,KCR,2024,pit,RP
10021,Mike Minor,P,0.1754000037908554,0.1754000037908554,1.0,0.0,0.0,3.0976267449557784,,2024,pit,SP
8362,Homer Bailey,P,0.1754000037908554,0.1754000037908554,1.0,0.0,0.0,2.9907600715756417,,2024,pit,SP
sa3007618,Sean Boyle,P,0.1754000037908554,0.1754000037908554,1.0,0.0,0.0,3.089606562256813,SDP,2024,pit,SP
3542,Danny Duffy,P,17.0,0.0,17.0,0.0,0.6092000007629395,68.11927464008332,,2024,pit,RP
12499,Drew Rucinski,P,0.1754000037908554,0.1754000037908554,1.0,0.0,0.0,3.1035664118826394,,2024,pit,SP
24728,Mike Burrows,P,0.1754000037908554,0.1754000037908554,1.0,0.0,0.0,3.1441998280584817,HOU,2024,pit,SP
sa658530,Kevin McCanna,P,0.25049999356269836,0.15950000286102295,1.0,0.0,0.0,3.2238599881529812,ARI,2024,pit,SP
sa3017850,Will Dion,P,0.23810000717639923,0.16210000216960907,1.0,0.0,0.0,3.4093799687922,CLE,2024,pit,SP
sa3018180,Chad Dallas,P,6.0,0.0,6.0,0.0,0.6349999904632568,25.20437963604928,TOR,2024,pit,RP
sa3003988,John Parke,P,0.2825999855995178,0.1526000052690506,1.0,0.0,0.0,2.979086551070213,,2024,pit,SP
sa738963,Frank Duncan,P,0.1754000037908554,0.1754000037908554,1.0,0.0,0.0,2.9427001409232614,,2024,pit,SP
27889,J.T. Ginn,P,0.1754000037908554,0.1754000037908554,1.0,0.0,0.0,3.1318266563117505,OAK,2024,pit,SP
30180,Travis Adams,P,0.18199999630451202,0.17399999499320984,1.0,0.0,0.0,3.020326458662749,MIN,2024,pit,SP
31741,Mason Barnett,P,0.1754000037908554,0.1754000037908554,1.0,0.0,0.0,3.0379733122885235,OAK,2024,pit,SP
sa3011411,Chris Clarke,P,0.4260999858379364,0.12210000306367874,1.0,0.0,0.0,3.2261068224906926,,2024,pit,RP
22176,Easton McGee,P,0.1754000037908554,0.1754000037908554,1.0,0.0,0.0,2.7221465341746804,MIL,2024,pit,SP
15688,Ronald Herrera,P,0.1754000037908554,0.1754000037908554,1.0,0.0,0.0,2.778846788406373,,2024,pit,SP
31612,Carson Palmquist,P,0.1754000037908554,0.1754000037908554,1.0,0.0,0.0,2.5409265793859963,COL,2024,pit,SP
21319,Bryce Montes de Oca,P,1.0,0.0,1.0,0.0,0.0,4.624386589229108,WSN,2024,pit,RP
27570,Cole Henry,P,0.23479999601840973,0.16279999911785126,1.0,0.0,0.0,3.00879337489605,WSN,2024,pit,SP
29514,River Ryan,P,0.18860000371932983,0.17260000109672546,1.0,0.0,0.0,2.8416199326515197,LAD,2024,pit,SP
sa599472,Markus Solbach,P,0.1754000037908554,0.1754000037908554,1.0,0.0,0.0,2.9086199723184114,,2024,pit,SP
30016,Joe Rock,P,0.1754000037908554,0.1754000037908554,1.0,0.0,0.0,3.358540038019419,TBR,2024,pit,SP
30145,Dylan Smith,P,0.19030000269412994,0.17229999601840973,1.0,0.0,0.0,2.997066687047482,DET,2024,pit,SP
sa829237,Brandon Barker,P,0.1754000037908554,0.1754000037908554,1.0,0.0,0.0,2.908053372800351,,2024,pit,SP
11776,Angel Sánchez,P,0.45829999446868896,0.1152999997138977,1.0,0.0,0.0,3.4901066765189173,,2024,pit,RP
sa3010380,Ethan Elliott,P,0.1754000037908554,0.1754000037908554,1.0,0.0,0.0,3.097506712377071,,2024,pit,SP
sa3014709,Tink Hence,P,0.1754000037908554,0.1754000037908554,1.0,0.0,0.0,3.0222666598856454,STL,2024,pit,SP
12905,Logan Verrett,P,0.19850000739097595,0.1704999953508377,1.0,0.0,0.0,2.7018867038190364,,2024,pit,SP
sa598974,Matt Tomshaw,P,0.29010000824928284,0.15109999477863312,1.0,0.0,0.0,3.110399760305882,,2024,pit,SP
16390,Brad Wieck,P,10.0,0.0,10.0,0.0,0.6262999773025513,41.16397498250008,,2024,pit,RP
9013,César Valdez,P,1.0,0.0,1.0,0.0,0.0,3.8232864275574685,,2024,pit,RP
sa501327,Brooks Hall,P,0.22660000622272491,0.16459999978542328,1.0,0.0,0.0,3.054433290660382,,2024,pit,SP
30160,Richard Fitts,P,0.1754000037908554,0.1754000037908554,1.0,0.0,0.0,2.8882065020501617,STL,2024,pit,SP
23798,Randy Dobnak,P,0.4408999979496002,0.11890000104904175,1.0,0.0,0.0,3.302933441847563,SEA,2024,pit,RP
22200,Ryan Rolison,P,0.1754000037908554,0.1754000037908554,1.0,0.0,0.0,2.2624264404177667,CHC,2024,pit,SP
27481,Cole Wilcox,P,0.1754000037908554,0.1754000037908554,1.0,0.0,0.0,3.1931398525834087,SEA,2024,pit,SP
11713,Matt Harvey,P,0.1754000037908554,0.1754000037908554,1.0,0.0,0.0,2.8576000660657885,,2024,pit,SP
2717,Rick Porcello,P,0.1754000037908554,0.1754000037908554,1.0,0.0,0.0,2.861573496460914,,2024,pit,SP
sa3005117,Blayne Enlow,P,0.20260000228881836,0.1695999950170517,1.0,0.0,0.0,3.2572465918958184,ATL,2024,pit,SP
sa3014550,Marco Raya,P,0.1754000037908554,0.1754000037908554,1.0,0.0,0.0,3.0595466867089276,MIN,2024,pit,SP
24607,Jonathan Bowlan,P,21.0,0.0,21.0,0.0,0.6205000281333923,77.95397939682007,PHI,2024,pit,RP
sa3003083,Victor Santos,P,0.19609999656677246,0.17110000550746918,1.0,0.0,0.0,2.9245199620723725,STL,2024,pit,SP
sa3004475,Jake Dahlberg,P,0.18369999527931213,0.1737000048160553,1.0,0.0,0.0,2.9155730478465562,,2024,pit,SP
22284,Matt Sauer,P,47.619998931884766,1.6200000047683716,55.23400115966797,0.0,0.6205000281333923,191.75981745719915,,2024,pit,RP
12185,Akeel Morris,P,0.18860000371932983,0.17260000109672546,1.0,0.0,0.0,3.1931800700724127,,2024,pit,SP
21546,Justin Hagenman,P,24.0,0.0,24.0,0.0,0.6274999976158142,86.94988379478455,NYM,2024,pit,RP
18325,Taylor Hearn,P,1.0,0.0,1.0,0.0,0.0,3.932679888606071,,2024,pit,RP
29863,Ryan Bergert,P,0.19939999282360077,0.1703999936580658,1.0,0.0,0.0,3.147033327817917,KCR,2024,pit,SP
21448,Davis Martin,P,0.4228000044822693,0.12280000001192093,1.0,0.0,0.0,3.2903066903352736,CHW,2024,pit,RP
sa3020798,Pete Hansen,P,0.18039999902248383,0.17440000176429749,1.0,0.0,0.0,2.9444134786725042,STL,2024,pit,SP
22358,Stephen Ridings,P,1.0,0.0,1.0,0.0,0.0,4.223686587810516,,2024,pit,RP
31900,Adam Mazur,P,0.22660000622272491,0.16459999978542328,1.0,0.0,0.0,3.0237935170531274,MIA,2024,pit,SP
6345,Chris Archer,P,0.1754000037908554,0.1754000037908554,1.0,0.0,0.0,2.9616734370589253,,2024,pit,SP
20186,Brendan McKay,P,0.23649999499320984,0.16249999403953552,1.0,0.0,0.0,3.430133306235075,,2024,pit,SP
11682,Carlos Martinez,P,0.1754000037908554,0.1754000037908554,1.0,0.0,0.0,2.7880132451653483,,2024,pit,SP
20422,Jovani Morán,P,1.0,0.0,1.0,0.0,0.0,4.531326691806317,BOS,2024,pit,RP
sa3018138,Chandler Champlain,P,0.1754000037908554,0.1754000037908554,1.0,0.0,0.0,2.7449931800365452,KCR,2024,pit,SP
sa3020388,Mason Adams,P,0.30649998784065247,0.14749999344348907,1.0,0.0,0.0,2.9776532791554935,CHW,2024,pit,RP
21101,Dauri Moreta,P,1.0,0.0,1.0,0.0,0.0,4.21929341480136,,2024,pit,RP
sa3014491,Trent Palmer,P,0.23649999499320984,0.16249999403953552,1.0,0.0,0.0,3.1545666955411433,,2024,pit,SP
sa3010787,Evan McKendry,P,0.21089999377727509,0.1678999960422516,1.0,0.0,0.0,2.909226717799902,MIA,2024,pit,SP
sa869541,Luke Westphal,P,0.3206000030040741,0.1446000039577484,1.0,0.0,0.0,3.336333390325308,,2024,pit,RP
sa3017544,Rhett Kouba,P,0.20430000126361847,0.16930000483989716,1.0,0.0,0.0,3.04541360810399,HOU,2024,pit,SP
2429,Corey Kluber,P,0.375,0.13300000131130219,1.0,0.0,0.0,3.008933299034834,,2024,pit,RP
26020,Seth Johnson,P,0.1754000037908554,0.1754000037908554,1.0,0.0,0.0,3.0485331542789935,PHI,2024,pit,SP
19277,Jesús Reyes,P,0.2240999937057495,0.16509999334812164,1.0,0.0,0.0,3.022719978541136,,2024,pit,SP
sa3008654,Shumpei Yoshikawa,P,0.29010000824928284,0.15109999477863312,1.0,0.0,0.0,3.101240210235119,,2024,pit,SP
4153,Jake Arrieta,P,0.1754000037908554,0.1754000037908554,1.0,0.0,0.0,2.7420666262507445,,2024,pit,SP
29823,Ky Bush,P,0.1754000037908554,0.1754000037908554,1.0,0.0,0.0,2.786546443402768,CHW,2024,pit,SP
6576,Robert Stock,P,0.1754000037908554,0.1754000037908554,1.0,0.0,0.0,2.9728332698345183,NYM,2024,pit,SP
sa3008630,Tim Brennan,P,0.24549999833106995,0.16050000488758087,1.0,0.0,0.0,2.861173360794783,,2024,pit,SP
19932,Trevor Stephan,P,1.0,0.0,1.0,0.0,0.0,4.392413435131312,CLE,2024,pit,RP
sa943755,Kenny Hernandez,P,0.18700000643730164,0.17299999296665192,1.0,0.0,0.0,2.7251066081225876,,2024,pit,SP
21163,Angel Felipe,P,1.0,0.0,1.0,0.0,0.0,4.1226132869720455,,2024,pit,RP
15764,Masahiro Tanaka,P,0.3172999918460846,0.1453000009059906,1.0,0.0,0.0,2.9520133517682554,,2024,pit,RP
sa506550,Andy Otero,P,0.5902000069618225,0.08720000088214874,1.0,0.0,0.0,3.411306463181973,,2024,pit,RP
sa3017140,Tyson Guerrero,P,0.18369999527931213,0.1737000048160553,1.0,0.0,0.0,2.87499342635274,KCR,2024,pit,SP
sa3011129,Grant Gambrell,P,0.1754000037908554,0.1754000037908554,1.0,0.0,0.0,2.7668267115950584,,2024,pit,SP
sa3008025,Paul Richan,P,0.1754000037908554,0.1754000037908554,1.0,0.0,0.0,2.864013358950615,,2024,pit,SP
27505,Kohei Arihara,P,0.2578999996185303,0.15790000557899475,1.0,0.0,0.0,2.791839913278818,,2024,pit,SP
sa597825,Bryan Brickhouse,P,0.2175000011920929,0.1665000021457672,1.0,0.0,0.0,2.8700332641601567,,2024,pit,SP
27458,Kwang Hyun Kim,P,0.25290000438690186,0.15889999270439148,1.0,0.0,0.0,2.9429000057280064,,2024,pit,SP
18376,Connor Overton,P,0.1754000037908554,0.1754000037908554,1.0,0.0,0.0,2.4265532426536085,,2024,pit,SP
19754,Reiver Sanmartin,P,1.0,0.0,1.0,0.0,0.0,3.677786659449339,SFG,2024,pit,RP
sa3020082,John Michael Bertrand,P,0.3163999915122986,0.1454000025987625,1.0,0.0,0.0,3.1259267993271354,SFG,2024,pit,RP
19269,T.J. Zeuch,P,0.1754000037908554,0.1754000037908554,1.0,0.0,0.0,2.4035532183945185,,2024,pit,SP
sa3014923,Kyle Brnovich,P,0.25540000200271606,0.15839999914169312,1.0,0.0,0.0,3.145593377947807,PHI,2024,pit,SP
13331,William Cuevas,P,0.21089999377727509,0.1678999960422516,1.0,0.0,0.0,2.741753243654966,,2024,pit,SP
sa3020477,Dylan Tebrake,P,0.8144999742507935,0.039500001817941666,1.0,0.0,0.0,4.0263133779168125,WSN,2024,pit,RP
7410,J.A. Happ,P,0.1754000037908554,0.1754000037908554,1.0,0.0,0.0,2.7621132731437688,,2024,pit,SP
sa3017913,Landon Marceaux,P,0.1754000037908554,0.1754000037908554,1.0,0.0,0.0,2.7533733613789084,,2024,pit,SP
sa3020378,Kyle Luckham,P,0.18199999630451202,0.17399999499320984,1.0,0.0,0.0,2.502833165973425,WSN,2024,pit,SP
20045,Sean Guenther,P,1.0,0.0,1.0,0.0,0.0,4.046939927339554,DET,2024,pit,RP
21189,Brooks Kriske,P,1.0,0.0,1.0,0.0,0.0,3.6624400004744535,OAK,2024,pit,RP
5372,Michael Pineda,P,0.1754000037908554,0.1754000037908554,1.0,0.0,0.0,2.6525334097445006,,2024,pit,SP
sa830370,Bo Takahashi,P,0.18529999256134033,0.17329999804496765,1.0,0.0,0.0,2.862299980968237,,2024,pit,SP
sa3019850,Collin Lowe,P,0.28760001063346863,0.15160000324249268,1.0,0.0,0.0,2.75280014872551,,2024,pit,SP
22310,Chris Rodriguez,P,0.722100019454956,0.05909999832510948,1.0,0.0,0.0,3.7351000450551517,CHW,2024,pit,RP
18331,James Kaprielian,P,0.21170000731945038,0.16769999265670776,1.0,0.0,0.0,2.7597465164959436,,2024,pit,SP
sa3010660,Jaime Melendez,P,0.25049999356269836,0.15950000286102295,1.0,0.0,0.0,3.1961333073675635,,2024,pit,SP
6249,Trevor Cahill,P,0.20509999990463257,0.16910000145435333,1.0,0.0,0.0,2.8406734764575963,,2024,pit,SP
sa3015131,Kevin McGovern,P,0.18700000643730164,0.17299999296665192,1.0,0.0,0.0,2.81580680385232,,2024,pit,SP
sa1170342,Jack Cushing,P,0.24879999458789825,0.1597999930381775,1.0,0.0,0.0,3.1031131803989416,TOR,2024,pit,SP
sa3011803,Jean Pinto,P,0.23729999363422394,0.1623000055551529,1.0,0.0,0.0,3.04674654379487,,2024,pit,SP
13218,Michael Fulmer,P,0.9710999727249146,0.006099999882280827,1.0,0.0,0.0,3.930300093442202,SFG,2024,pit,RP
sa875616,Justin Donatella,P,0.2150000035762787,0.16699999570846558,1.0,0.0,0.0,2.8865201108157637,,2024,pit,SP
3240,Zack Britton,P,1.0,0.0,1.0,0.0,0.0,3.936100161820651,,2024,pit,RP
sa3003021,Luis Palacios,P,0.19030000269412994,0.17229999601840973,1.0,0.0,0.0,2.5881465427577495,MIA,2024,pit,SP
27668,Brandon Eisert,P,0.9348999857902527,0.013899999670684338,1.0,0.0,0.0,3.996853395551444,CHW,2024,pit,RP
sa3017916,Keyshawn Askew,P,0.5242000222206116,0.10119999945163727,1.0,0.0,0.0,3.708073395490647,TBR,2024,pit,RP
sa3020180,Ike Buxton,P,0.2644999921321869,0.15649999678134918,1.0,0.0,0.0,2.8299333021044735,,2024,pit,SP
10962,Jake Buchanan,P,0.3709000051021576,0.1339000016450882,1.0,0.0,0.0,2.8924465157091617,,2024,pit,RP
sa3017610,Dustin Saenz,P,0.19110000133514404,0.1720999926328659,1.0,0.0,0.0,2.4840334519743923,WSN,2024,pit,SP
2233,Adam Wainwright,P,0.1754000037908554,0.1754000037908554,1.0,0.0,0.0,2.6294602192938332,,2024,pit,SP
sa3006133,Robert Colina,P,0.4120999872684479,0.1251000016927719,1.0,0.0,0.0,3.2924133993685243,,2024,pit,RP
27695,Brian Van Belle,P,0.18860000371932983,0.17260000109672546,1.0,0.0,0.0,2.670873355120421,TBR,2024,pit,SP
14646,Rowan Wick,P,1.0,0.0,1.0,0.0,0.0,4.071686704456807,SFG,2024,pit,RP
23292,Packy Naughton,P,1.0,0.0,1.0,0.0,0.0,4.041033285856248,STL,2024,pit,RP
4776,Matt Shoemaker,P,0.3073999881744385,0.14740000665187836,1.0,0.0,0.0,2.9165534369647506,,2024,pit,RP
31312,Colton Gordon,P,0.210099995136261,0.1680999994277954,1.0,0.0,0.0,3.039046872407198,HOU,2024,pit,SP
sa875610,Matthew Kent,P,0.19439999759197235,0.17139999568462372,1.0,0.0,0.0,2.578293390572071,,2024,pit,SP
sa709032,Jake Kalish,P,0.20679999887943268,0.1687999963760376,1.0,0.0,0.0,2.7018466383218773,,2024,pit,SP
sa3015005,Brandon Knarr,P,0.2727000117301941,0.15469999611377716,1.0,0.0,0.0,2.981040043383837,,2024,pit,SP
29770,Mason Montgomery,P,0.1754000037908554,0.1754000037908554,1.0,0.0,0.0,3.2440198607742787,PIT,2024,pit,SP
29868,Bubba Chandler,P,0.1754000037908554,0.1754000037908554,1.0,0.0,0.0,2.79005323573947,PIT,2024,pit,SP
sa3010243,Connor Van Scoyoc,P,0.1754000037908554,0.1754000037908554,1.0,0.0,0.0,1.9969598293304451,WSN,2024,pit,SP
12143,Jason García,P,0.310699999332428,0.14669999480247498,1.0,0.0,0.0,3.052393201738596,,2024,pit,RP
sa3006765,Colten Schmidt,P,0.40049999952316284,0.1274999976158142,1.0,0.0,0.0,3.0965399540960794,,2024,pit,RP
19712,Patrick Murphy,P,1.0,0.0,1.0,0.0,0.0,4.009393359720708,TEX,2024,pit,RP
26190,Blair Henley,P,0.24639999866485596,0.16040000319480896,1.0,0.0,0.0,2.9094932571053507,,2024,pit,SP
15627,Dillon Overton,P,0.19030000269412994,0.17229999601840973,1.0,0.0,0.0,2.064993124455213,,2024,pit,SP
sa3009716,Angel Bastardo,P,0.1754000037908554,0.1754000037908554,1.0,0.0,0.0,2.765480090677739,TOR,2024,pit,SP
7274,Craig Stammen,P,0.9390000104904175,0.013000000268220901,1.0,0.0,0.0,3.711993465572596,,2024,pit,RP
22690,Jack O'Loughlin,P,0.18950000405311584,0.17249999940395355,1.0,0.0,0.0,3.0365865513682366,,2024,pit,SP
sa3020839,Reid VanScoter,P,10.0,0.0,10.0,0.0,0.6481000185012817,41.674300509691236,SEA,2024,pit,RP
29564,Patrick Monteverde,P,0.1754000037908554,0.1754000037908554,1.0,0.0,0.0,2.683753291517496,MIA,2024,pit,SP
sa3014713,CJ Van Eyk,P,0.19189999997615814,0.17190000414848328,1.0,0.0,0.0,2.8543333053588875,TOR,2024,pit,SP
sa918420,Connor Grey,P,0.18860000371932983,0.17260000109672546,1.0,0.0,0.0,2.722566623985768,,2024,pit,SP
sa3008037,Ethan Evanko,P,0.3659000098705292,0.13490000367164612,1.0,0.0,0.0,3.0186601728200917,,2024,pit,RP
14682,Luis Perdomo,P,1.0,0.0,1.0,0.0,0.0,3.76717324629426,,2024,pit,RP
sa3020862,Samy Natera Jr.,P,0.1754000037908554,0.1754000037908554,1.0,0.0,0.0,2.7638533592224124,LAA,2024,pit,SP
12578,DJ Johnson,P,1.0,0.0,1.0,0.0,0.0,3.999366638064385,,2024,pit,RP
sa3020114,Adonys Perez,P,0.23729999363422394,0.1623000055551529,1.0,0.0,0.0,2.92940017208457,ARI,2024,pit,SP
22304,Brenan Hanifee,P,1.0,0.0,1.0,0.0,0.0,3.915400075912476,DET,2024,pit,RP
sa918324,Carson LaRue,P,0.5414999723434448,0.09749999642372131,1.0,0.0,0.0,3.3551931217312814,,2024,pit,RP
21183,Humberto Castellanos,P,0.23149999976158142,0.16349999606609344,1.0,0.0,0.0,2.886313366889954,,2024,pit,SP
sa3005692,Efrain Contreras,P,0.3197000026702881,0.14470000565052032,1.0,0.0,0.0,2.8731932848691937,LAA,2024,pit,RP
sa3017748,Trenton Wallace,P,0.1754000037908554,0.1754000037908554,1.0,0.0,0.0,2.973986714333296,TOR,2024,pit,SP
11440,Johnny Barbato,P,0.2232999950647354,0.16529999673366547,1.0,0.0,0.0,2.870413380861283,,2024,pit,SP
27669,Tanner Gordon,P,0.18199999630451202,0.17399999499320984,1.0,0.0,0.0,2.0396866112947465,COL,2024,pit,SP
26641,Wikelman González,P,0.1754000037908554,0.1754000037908554,1.0,0.0,0.0,2.9335731841623782,CHW,2024,pit,SP
21333,Seth Romero,P,1.0,0.0,1.0,0.0,0.0,4.08754003122449,,2024,pit,RP
sa3017316,Sean Hunley,P,0.18289999663829803,0.17389999330043793,1.0,0.0,0.0,2.8857064448297027,TBR,2024,pit,SP
sa916727,Johan Dominguez,P,0.1754000037908554,0.1754000037908554,1.0,0.0,0.0,2.620459862798452,,2024,pit,SP
18,Neftalí Feliz,P,1.0,0.0,1.0,0.0,0.0,3.8390332318842413,,2024,pit,RP
21197,Darien Núñez,P,0.7847999930381775,0.04580000042915344,1.0,0.0,0.0,3.8609666630625727,,2024,pit,RP
sa872724,Brandon Gold,P,0.2249000072479248,0.164900004863739,1.0,0.0,0.0,2.6486401751637465,,2024,pit,SP
sa874155,Zac Houston,P,0.8210999965667725,0.038100000470876694,1.0,0.0,0.0,3.715646623075009,,2024,pit,RP
sa3020594,Austin Krob,P,0.18289999663829803,0.17389999330043793,1.0,0.0,0.0,2.7642932154238227,,2024,pit,SP
sa872530,Leo Crawford,P,0.39149999618530273,0.12950000166893005,1.0,0.0,0.0,3.059600057452917,,2024,pit,RP
sa3018117,Tyler Mattison,P,0.661899983882904,0.07190000265836716,1.0,0.0,0.0,3.6958799421787263,DET,2024,pit,RP
sa738697,Connor Jones,P,0.1754000037908554,0.1754000037908554,1.0,0.0,0.0,2.6359598986804484,,2024,pit,SP
15514,Kendall Graveman,P,1.0,0.0,1.0,0.0,0.0,3.972339925169945,,2024,pit,RP
sa3017867,Nick Zwack,P,0.25049999356269836,0.15950000286102295,1.0,0.0,0.0,3.1607535250484946,SFG,2024,pit,SP
sa918550,Mike Ellenbest,P,0.640500009059906,0.07649999856948853,1.0,0.0,0.0,3.4008197970688347,,2024,pit,RP
sa3020603,Connor McCullough,P,0.1754000037908554,0.1754000037908554,1.0,0.0,0.0,2.581339862942696,CHW,2024,pit,SP
21241,Jonathan Bermúdez,P,0.18449999392032623,0.17350000143051147,1.0,0.0,0.0,2.7109266497194766,,2024,pit,SP
21298,Andre Jackson,P,0.6470999717712402,0.07509999722242355,1.0,0.0,0.0,3.484986685961485,,2024,pit,RP
18792,Miguel Del Pozo,P,1.0,0.0,1.0,0.0,0.0,3.9533268027007584,,2024,pit,RP
30002,Grant Holman,P,0.8384000062942505,0.03440000116825104,1.0,0.0,0.0,3.9039332240819937,ARI,2024,pit,RP
19264,Thomas Hatch,P,0.8565000295639038,0.030500000342726707,1.0,0.0,0.0,3.7523264944553376,ARI,2024,pit,RP
12297,Evan Marshall,P,1.0,0.0,1.0,0.0,0.0,3.7778467334806924,LAA,2024,pit,RP
9784,Garrett Richards,P,0.942300021648407,0.012299999594688416,1.0,0.0,0.0,3.7454198963940146,,2024,pit,RP
27626,Eric Orze,P,0.9043999910354614,0.020400000736117363,1.0,0.0,0.0,4.033066644519568,MIN,2024,pit,RP
sa918605,Corbin Clouse,P,0.6182000041007996,0.0812000036239624,1.0,0.0,0.0,3.4685266025364405,,2024,pit,RP
sa3002788,Alemao Hernandez,P,0.25619998574256897,0.1581999957561493,1.0,0.0,0.0,2.7004865542054177,,2024,pit,SP
13345,Luis Cessa,P,6.0,0.0,6.0,0.0,0.6205000281333923,21.866000270843507,,2024,pit,RP
12917,Dylan Bundy,P,0.1754000037908554,0.1754000037908554,1.0,0.0,0.0,2.5777800552546983,,2024,pit,SP
sa3004857,David Parkinson,P,0.2190999984741211,0.16609999537467957,1.0,0.0,0.0,2.578513243049383,,2024,pit,SP
21541,Reiss Knehr,P,0.708899974822998,0.061900001019239426,1.0,0.0,0.0,3.4276399627327923,,2024,pit,RP
sa3017468,Norge Vera,P,0.1754000037908554,0.1754000037908554,1.0,0.0,0.0,2.7475332573056224,,2024,pit,SP
sa3008224,Nolan Kingham,P,0.3188999891281128,0.14489999413490295,1.0,0.0,0.0,2.732159933447838,,2024,pit,RP
7738,Wily Peralta,P,0.957099974155426,0.009100000374019146,1.0,0.0,0.0,3.7922733038663865,,2024,pit,RP
20565,Jackson Tetreault,P,0.1754000037908554,0.1754000037908554,1.0,0.0,0.0,2.4543131798505784,,2024,pit,SP
20802,Aneurys Zabala,P,1.0,0.0,1.0,0.0,0.0,4.190093287825585,LAA,2024,pit,RP
sa736761,Emilio Vargas,P,0.23229999840259552,0.16329999268054962,1.0,0.0,0.0,2.79317983314395,,2024,pit,SP
sa3009950,Luis Moreno,P,0.20430000126361847,0.16930000483989716,1.0,0.0,0.0,2.8135534241795543,MIA,2024,pit,SP
sa737377,Ronald Medrano,P,0.25870001316070557,0.15770000219345093,1.0,0.0,0.0,2.8440131194889546,,2024,pit,SP
sa3007965,Caleb Sampen,P,0.31310001015663147,0.1460999995470047,1.0,0.0,0.0,2.745000217854977,,2024,pit,RP
sa872881,Domingo Robles,P,0.18950000405311584,0.17249999940395355,1.0,0.0,0.0,2.8828398473560815,OAK,2024,pit,SP
20237,Tyler Ivey,P,0.1754000037908554,0.1754000037908554,1.0,0.0,0.0,2.7835734494030477,,2024,pit,SP
31701,Blade Tidwell,P,0.1754000037908554,0.1754000037908554,1.0,0.0,0.0,3.069693373143673,SFG,2024,pit,SP
29633,Andrew Hoffmann,P,0.18119999766349792,0.17419999837875366,1.0,0.0,0.0,2.7038334742188455,ARI,2024,pit,SP
sa920718,Steven Moyers,P,0.3296000063419342,0.14259999990463257,1.0,0.0,0.0,2.737279888242483,,2024,pit,RP
sa3010630,Brandon Komar,P,0.19769999384880066,0.17069999873638153,1.0,0.0,0.0,2.5556198142468936,,2024,pit,SP
14934,Aaron Blair,P,0.1754000037908554,0.1754000037908554,1.0,0.0,0.0,2.8624200522899628,,2024,pit,SP
sa3014982,Taylor Dollard,P,0.1754000037908554,0.1754000037908554,1.0,0.0,0.0,3.1021866105496887,SEA,2024,pit,SP
29878,Sean Burke,P,0.1754000037908554,0.1754000037908554,1.0,0.0,0.0,2.694853543490172,CHW,2024,pit,SP
5498,Arodys Vizcaíno,P,1.0,0.0,1.0,0.0,0.0,3.9593665637075905,,2024,pit,RP
sa3021579,Josimar Cousin,P,0.1754000037908554,0.1754000037908554,1.0,0.0,0.0,2.541946802288294,,2024,pit,SP
16125,Chris Ellis,P,0.1754000037908554,0.1754000037908554,1.0,0.0,0.0,2.7306467309594162,,2024,pit,SP
5365,Manny Banuelos,P,1.0,0.0,1.0,0.0,0.0,3.975693465769291,,2024,pit,RP
22191,Tobias Myers,P,0.19689999520778656,0.17090000212192535,1.0,0.0,0.0,2.8121533282101154,NYM,2024,pit,SP
sa828505,Harol González,P,0.20430000126361847,0.16930000483989716,1.0,0.0,0.0,2.663666744530201,,2024,pit,SP
sa3009858,Andrew Quezada,P,0.2150000035762787,0.16699999570846558,1.0,0.0,0.0,1.886693290621042,,2024,pit,SP
12022,Matt Andriese,P,1.0,0.0,1.0,0.0,0.0,3.597026811540127,,2024,pit,RP
27932,Ian Seymour,P,0.1754000037908554,0.1754000037908554,1.0,0.0,0.0,3.1388200245797635,TBR,2024,pit,SP
sa3020737,Jake Bennett,P,0.1754000037908554,0.1754000037908554,1.0,0.0,0.0,2.4361867815256124,BOS,2024,pit,SP
sa874796,Juan Hillman,P,0.18369999527931213,0.1737000048160553,1.0,0.0,0.0,2.6187067538499833,,2024,pit,SP
sa738902,Scott Moss,P,0.19769999384880066,0.17069999873638153,1.0,0.0,0.0,2.845493152737618,,2024,pit,SP
7531,Collin McHugh,P,0.9768999814987183,0.004900000058114529,1.0,0.0,0.0,3.770773349702359,,2024,pit,RP
27517,Jared Koenig,P,0.4690000116825104,0.11299999803304672,1.0,0.0,0.0,3.055033273994923,MIL,2024,pit,RP
3184,David Price,P,1.0,0.0,1.0,0.0,0.0,3.7665668420493605,,2024,pit,RP
14165,Rob Whalen,P,0.4153999984264374,0.12439999729394913,1.0,0.0,0.0,3.116666716337204,,2024,pit,RP
16440,James Norwood,P,1.0,0.0,1.0,0.0,0.0,4.09888656809926,NYY,2024,pit,RP
13684,John Gant,P,0.3271999955177307,0.14319999516010284,1.0,0.0,0.0,2.9412334807217126,,2024,pit,RP
27819,Brandon Young,P,0.1754000037908554,0.1754000037908554,1.0,0.0,0.0,2.8015934877097606,BAL,2024,pit,SP
sa3017769,Jordan Carr,P,0.4235999882221222,0.1225999966263771,1.0,0.0,0.0,3.0370267562568194,,2024,pit,RP
sa918008,Mikey York,P,0.25049999356269836,0.15950000286102295,1.0,0.0,0.0,2.8110199354588983,,2024,pit,SP
sa918264,Brandon Lawson,P,0.22660000622272491,0.16459999978542328,1.0,0.0,0.0,2.6092934131622316,,2024,pit,SP
31468,Jack Perkins,P,0.19189999997615814,0.17190000414848328,1.0,0.0,0.0,2.884060001373291,OAK,2024,pit,SP
15046,Trevor Gott,P,1.0,0.0,1.0,0.0,0.0,3.870800057053566,WSN,2024,pit,RP
sa3004585,Ryan Wilson,P,0.40959998965263367,0.12559999525547028,1.0,0.0,0.0,3.1208466053009034,,2024,pit,RP
20387,Anthony Kay,P,1.0,0.0,1.0,0.0,0.0,4.125459810346365,CHW,2024,pit,RP
18790,Dillon Peters,P,0.8112000226974487,0.04019999876618385,1.0,0.0,0.0,3.650540082901717,,2024,pit,RP
16432,Foster Griffin,P,1.0,0.0,1.0,0.0,0.0,3.822860000282526,WSN,2024,pit,RP
sa3019958,Jordan Geber,P,0.35190001130104065,0.1378999948501587,1.0,0.0,0.0,2.9956801190972326,NYM,2024,pit,RP
sa873321,Cesar Rosado,P,0.28679999709129333,0.1518000066280365,1.0,0.0,0.0,2.86581324711442,,2024,pit,SP
31827,Zebby Matthews,P,0.19189999997615814,0.17190000414848328,1.0,0.0,0.0,2.678366705775261,MIN,2024,pit,SP
7853,Andrew Albers,P,0.4648999869823456,0.11389999836683273,1.0,0.0,0.0,2.9290732033550744,,2024,pit,RP
sa658377,David Hill,P,0.18369999527931213,0.1737000048160553,1.0,0.0,0.0,2.5949198834598066,,2024,pit,SP
sa3017639,Sam Benschoter,P,0.1754000037908554,0.1754000037908554,1.0,0.0,0.0,2.2502000093460084,CIN,2024,pit,SP
sa3006806,Taylor Varnell,P,0.20919999480247498,0.16820000112056732,1.0,0.0,0.0,2.6353333376348016,,2024,pit,SP
sa3009519,Carlos Peña,P,0.19850000739097595,0.1704999953508377,1.0,0.0,0.0,2.726266713440419,DET,2024,pit,SP
10968,Tim Adleman,P,0.29989999532699585,0.14890000224113464,1.0,0.0,0.0,2.933900044113398,,2024,pit,RP
31318,Gunnar Hoglund,P,0.1754000037908554,0.1754000037908554,1.0,0.0,0.0,2.8104867450892925,OAK,2024,pit,SP
sa829242,Dustin Beggs,P,0.2150000035762787,0.16699999570846558,1.0,0.0,0.0,2.715386661142111,,2024,pit,SP
16164,Daniel Gossett,P,0.2752000093460083,0.1542000025510788,1.0,0.0,0.0,2.824373273551464,,2024,pit,SP
sa3004197,Dylan File,P,0.23229999840259552,0.16329999268054962,1.0,0.0,0.0,2.7508734308183196,DET,2024,pit,SP
19675,James Marvel,P,0.1754000037908554,0.1754000037908554,1.0,0.0,0.0,2.368306850641966,,2024,pit,SP
sa3018362,Rafael Sanchez,P,0.1754000037908554,0.1754000037908554,1.0,0.0,0.0,2.5712666377425197,TOR,2024,pit,SP
20589,Edwar Colina,P,1.0,0.0,1.0,0.0,0.0,3.9586134143173695,,2024,pit,RP
26448,Trevor McDonald,P,0.19110000133514404,0.1720999926328659,1.0,0.0,0.0,2.793386805057526,SFG,2024,pit,SP
sa3015224,Aaron Rozek,P,0.2809999883174896,0.15299999713897705,1.0,0.0,0.0,2.8452932998538016,NYM,2024,pit,SP
sa503397,James Dykstra,P,0.5877000093460083,0.0877000018954277,1.0,0.0,0.0,3.320273216068745,,2024,pit,RP
15369,Kevin Herget,P,1.0,0.0,1.0,0.0,0.0,3.503420154005289,NYM,2024,pit,RP
17964,Tyler Gilbert,P,1.0,0.0,1.0,0.0,0.0,3.3374935269355777,CHW,2024,pit,RP
17553,Andrew Moore,P,0.1754000037908554,0.1754000037908554,1.0,0.0,0.0,2.5449868127703663,,2024,pit,SP
19865,Charlie Barnes,P,0.2768999934196472,0.15389999747276306,1.0,0.0,0.0,2.6830798685550694,CHC,2024,pit,SP
sa3010250,Nick Fraze,P,0.4681999981403351,0.11320000141859055,1.0,0.0,0.0,3.086526593565941,,2024,pit,RP
30113,Chad Patrick,P,0.18199999630451202,0.17399999499320984,1.0,0.0,0.0,2.665160055458546,MIL,2024,pit,SP
sa3017950,Brock Selvidge,P,0.18289999663829803,0.17389999330043793,1.0,0.0,0.0,2.605720022320748,NYY,2024,pit,SP
sa3017978,Jaylen Nowlin,P,0.20759999752044678,0.16859999299049377,1.0,0.0,0.0,2.874933215975762,MIN,2024,pit,SP
sa658278,Luc Rennie,P,0.19439999759197235,0.17139999568462372,1.0,0.0,0.0,2.601033262163401,,2024,pit,SP
sa3014912,Coleman Huntley III,P,1.0,0.0,1.0,0.0,0.0,3.7059667490422727,,2024,pit,RP
sa3017550,Alex Pham,P,0.23399999737739563,0.16300000250339508,1.0,0.0,0.0,2.919553393125535,BAL,2024,pit,SP
27688,Jack Kochanowicz,P,0.1754000037908554,0.1754000037908554,1.0,0.0,0.0,2.2756133340299134,LAA,2024,pit,SP
19666,Jason Alexander,P,0.35600000619888306,0.13699999451637268,1.0,0.0,0.0,2.576006764918566,HOU,2024,pit,RP
6797,Julio Teheran,P,0.2793000042438507,0.15330000221729279,1.0,0.0,0.0,2.9106798164546497,,2024,pit,SP
27513,Hyeon-Jong Yang,P,0.6496000289916992,0.07460000365972519,1.0,0.0,0.0,3.2804668050259354,,2024,pit,RP
21850,Mason Thompson,P,1.0,0.0,1.0,0.0,0.0,3.598813247680664,TEX,2024,pit,RP
11209,Casey Sadler,P,1.0,0.0,1.0,0.0,0.0,3.7238334164023406,,2024,pit,RP
sa3020938,Pat Gallagher,P,0.2215999960899353,0.1656000018119812,1.0,0.0,0.0,2.719766794890165,TOR,2024,pit,SP
sa3005070,Brayan De Paula,P,0.5374000072479248,0.09839999675750732,1.0,0.0,0.0,3.393753179907799,,2024,pit,RP
29629,Matt Svanson,P,1.0,0.0,1.0,0.0,0.0,3.695546525716782,STL,2024,pit,RP
17536,Ryan Burr,P,1.0,0.0,1.0,0.0,0.0,3.5509934075176717,TOR,2024,pit,RP
sa3007775,Justin Jarvis,P,0.1754000037908554,0.1754000037908554,1.0,0.0,0.0,2.7881268300116058,LAD,2024,pit,SP
sa3011654,Peyton Plumlee,P,0.35929998755455017,0.1362999975681305,1.0,0.0,0.0,2.922279998660088,,2024,pit,RP
sa3020558,Trace Bright,P,0.2134000062942505,0.16740000247955322,1.0,0.0,0.0,2.9812599278986456,BAL,2024,pit,SP
sa658824,Bryan Bonnell,P,0.6825000047683716,0.06750000268220901,1.0,0.0,0.0,3.1036466225981716,,2024,pit,RP
sa3017313,Logan Workman,P,0.18039999902248383,0.17440000176429749,1.0,0.0,0.0,2.9113068208098416,TBR,2024,pit,SP
sa3007733,Aiden McIntyre,P,0.39969998598098755,0.12770000100135803,1.0,0.0,0.0,2.98275327757001,,2024,pit,RP
sa3017502,Lael Lockhart,P,0.39480000734329224,0.12880000472068787,1.0,0.0,0.0,3.0621600918471814,DET,2024,pit,RP
4930,Jon Lester,P,0.1754000037908554,0.1754000037908554,1.0,0.0,0.0,2.37858654409647,,2024,pit,SP
16017,Odrisamer Despaigne,P,0.1754000037908554,0.1754000037908554,1.0,0.0,0.0,2.510553236305713,,2024,pit,SP
sa740812,Luis Ledo,P,0.25049999356269836,0.15950000286102295,1.0,0.0,0.0,2.518819940835238,,2024,pit,SP
9559,Austin Bibens-Dirkx,P,0.24639999866485596,0.16040000319480896,1.0,0.0,0.0,2.3840067997574805,,2024,pit,SP
3192,Will Harris,P,1.0,0.0,1.0,0.0,0.0,3.702973406016827,,2024,pit,RP
sa829043,Tyler Eppler,P,0.2175000011920929,0.1665000021457672,1.0,0.0,0.0,2.338306511193514,,2024,pit,SP
19848,Darwinzon Hernández,P,1.0,0.0,1.0,0.0,0.0,4.105020061135292,,2024,pit,RP
sa3006966,Brooks Wilson,P,1.0,0.0,1.0,0.0,0.0,3.9872866660356525,,2024,pit,RP
sa3014871,Ryan Murphy,P,0.18780000507831573,0.1728000044822693,1.0,0.0,0.0,2.9258001089096077,STL,2024,pit,SP
sa875229,Kyle Friedrichs,P,0.2232999950647354,0.16529999673366547,1.0,0.0,0.0,2.521293307840824,,2024,pit,SP
sa918951,Brian Keller,P,0.257099986076355,0.15809999406337738,1.0,0.0,0.0,2.887459941208363,,2024,pit,SP
19518,Tanner Tully,P,8.0,0.0,8.0,0.0,0.6502000093460083,30.675280261039735,,2024,pit,RP
sa1120125,Reid Anderson,P,0.4178999960422516,0.12389999628067017,1.0,0.0,0.0,3.0631533198058607,,2024,pit,RP
25174,Penn Murfee,P,14.0,0.0,14.0,0.0,0.6520000100135803,53.15711821317675,,2024,pit,RP
20962,Elvin Rodríguez,P,1.0,0.0,1.0,0.0,0.0,3.6105199173092846,,2024,pit,RP
19205,Jesse Scholtens,P,0.4796999990940094,0.11069999635219574,1.0,0.0,0.0,2.9038399890065194,TBR,2024,pit,RP
19695,Connor Seabold,P,0.4426000118255615,0.11860000342130661,1.0,0.0,0.0,3.0537266157567506,TOR,2024,pit,RP
sa3011433,Evan Fitterer,P,0.1754000037908554,0.1754000037908554,1.0,0.0,0.0,2.41452644392848,SDP,2024,pit,SP
sa657701,Jesús Castillo,P,0.23229999840259552,0.16329999268054962,1.0,0.0,0.0,2.478873461484909,,2024,pit,SP
19524,Alan Rangel,P,0.18449999392032623,0.17350000143051147,1.0,0.0,0.0,2.563646525144577,PHI,2024,pit,SP
sa3008453,Troy Miller,P,0.1754000037908554,0.1754000037908554,1.0,0.0,0.0,2.7001868449151516,,2024,pit,SP
sa3014447,Shane Drohan,P,0.18860000371932983,0.17260000109672546,1.0,0.0,0.0,2.5865601927042,MIL,2024,pit,SP
7448,Gio Gonzalez,P,0.5490000247955322,0.09600000083446503,1.0,0.0,0.0,3.1357799328863627,,2024,pit,RP
sa875762,Jordan Humphreys,P,0.31310001015663147,0.1460999995470047,1.0,0.0,0.0,2.819746416062117,,2024,pit,RP
sa738376,Tyler Alexander,P,0.34040001034736633,0.1404000073671341,1.0,0.0,0.0,2.6462201096117495,,2024,pit,RP
sa3009990,Richard Gallardo,P,0.1754000037908554,0.1754000037908554,1.0,0.0,0.0,2.4210401460528375,TOR,2024,pit,SP
26482,Jayden Murray,P,0.23319999873638153,0.1632000058889389,1.0,0.0,0.0,2.726666709035635,HOU,2024,pit,SP
sa3011889,Noah Denoyer,P,0.5414999723434448,0.09749999642372131,1.0,0.0,0.0,3.3730265557765966,,2024,pit,RP
sa875686,Alec Kisena,P,0.22660000622272491,0.16459999978542328,1.0,0.0,0.0,2.758326666802168,,2024,pit,SP
16159,Jace Fry,P,1.0,0.0,1.0,0.0,0.0,3.7744665637612345,,2024,pit,RP
26344,Taylor Rashi,P,0.7724000215530396,0.04839999973773956,1.0,0.0,0.0,3.6384667895734313,ARI,2024,pit,RP
31687,Shane Smith,P,1.0,0.0,1.0,0.0,0.0,3.8366667598485944,CHW,2024,pit,RP
15832,Paul Fry,P,1.0,0.0,1.0,0.0,0.0,3.852999969571829,,2024,pit,RP
sa1119979,Ben Gross,P,0.4375999867916107,0.11959999799728394,1.0,0.0,0.0,3.1021998137235642,,2024,pit,RP
sa3014469,Zach Peek,P,0.1754000037908554,0.1754000037908554,1.0,0.0,0.0,2.669866529107094,NYM,2024,pit,SP
18421,Tyler Cyr,P,1.0,0.0,1.0,0.0,0.0,3.921266711503268,,2024,pit,RP
17285,Justus Sheffield,P,0.6463000178337097,0.07530000060796738,1.0,0.0,0.0,3.1843000955879694,,2024,pit,RP
27508,Carson Ragsdale,P,0.1754000037908554,0.1754000037908554,1.0,0.0,0.0,2.808066885173321,,2024,pit,SP
7196,Greg Holland,P,1.0,0.0,1.0,0.0,0.0,3.745939997583628,,2024,pit,RP
20430,Rony García,P,0.40220001339912415,0.12720000743865967,1.0,0.0,0.0,3.0343934275209907,,2024,pit,RP
sa3010110,Kaleb Roper,P,0.3874000012874603,0.13040000200271606,1.0,0.0,0.0,2.881633526831866,,2024,pit,RP
sa856543,Jerry Keel,P,0.24799999594688416,0.1599999964237213,1.0,0.0,0.0,2.586239960789681,,2024,pit,SP
15285,Zac Reininger,P,0.9415000081062317,0.012500000186264515,1.0,0.0,0.0,3.6002134442329408,,2024,pit,RP
9674,Vidal Nuño,P,0.3725000023841858,0.13349999487400055,1.0,0.0,0.0,2.5983199931681162,,2024,pit,RP
21023,Adrián Martinez,P,35.0,0.0,35.0,0.0,0.5755000114440918,133.0810903549194,,2024,pit,RP
13758,Tyler Duffey,P,1.0,0.0,1.0,0.0,0.0,3.439686576277018,,2024,pit,RP
sa3011555,Adam Macko,P,0.1754000037908554,0.1754000037908554,1.0,0.0,0.0,2.7206067249178894,TOR,2024,pit,SP
11528,Josh Osich,P,1.0,0.0,1.0,0.0,0.0,3.69471338018775,,2024,pit,RP
16958,Jake Jewell,P,1.0,0.0,1.0,0.0,0.0,3.6797534190118317,,2024,pit,RP
sa3008335,Kohl Franklin,P,0.1754000037908554,0.1754000037908554,1.0,0.0,0.0,2.6033532403409487,CHC,2024,pit,SP
18186,James Naile,P,1.0,0.0,1.0,0.0,0.0,3.608519913256169,,2024,pit,RP
sa691863,Mario Sanchez,P,0.3296000063419342,0.14259999990463257,1.0,0.0,0.0,2.7666599974036212,,2024,pit,RP
sa3017654,Braden Olthoff,P,0.23980000615119934,0.16179999709129333,1.0,0.0,0.0,2.337713308632374,,2024,pit,SP
16094,Zach Thompson,P,0.30649998784065247,0.14749999344348907,1.0,0.0,0.0,2.6869467183947564,,2024,pit,RP
20462,Bryan Sammons,P,0.19359999895095825,0.17159999907016754,1.0,0.0,0.0,2.692926794290543,DET,2024,pit,SP
sa915571,Noah Bremer,P,0.29829999804496765,0.1492999941110611,1.0,0.0,0.0,2.623566486686468,,2024,pit,SP
sa3005334,Matt Tabor,P,0.1754000037908554,0.1754000037908554,1.0,0.0,0.0,2.492533420771361,,2024,pit,SP
sa3010317,Jake Walkinshaw,P,0.22660000622272491,0.16459999978542328,1.0,0.0,0.0,2.730946555733681,MIA,2024,pit,SP
sa3004944,John Swanda,P,0.30410000681877136,0.14810000360012054,1.0,0.0,0.0,2.5814732551574706,,2024,pit,RP
11346,Seth Frankoff,P,0.23149999976158142,0.16349999606609344,1.0,0.0,0.0,2.594853189587593,,2024,pit,SP
26413,Porter Hodge,P,0.40380001068115234,0.12680000066757202,1.0,0.0,0.0,3.08346011042595,CHC,2024,pit,RP
14375,Amir Garrett,P,1.0,0.0,1.0,0.0,0.0,4.106153251230717,,2024,pit,RP
23091,Robinson Piña,P,0.421999990940094,0.12300000339746475,1.0,0.0,0.0,2.7641800269484524,,2024,pit,RP
sa3020569,Andrew Morris,P,0.18449999392032623,0.17350000143051147,1.0,0.0,0.0,2.460846794396639,MIN,2024,pit,SP
sa3015297,Cole Stringer,P,0.44999998807907104,0.11699999868869781,1.0,0.0,0.0,2.9886600531637675,,2024,pit,RP
sa3020563,C.J. Culpepper,P,0.1754000037908554,0.1754000037908554,1.0,0.0,0.0,2.5091934449970728,MIN,2024,pit,SP
14681,Andrés Machado,P,1.0,0.0,1.0,0.0,0.0,3.8192733094096187,,2024,pit,RP
sa503437,Sam Wolff,P,0.7419000267982483,0.05490000173449516,1.0,0.0,0.0,3.4450399398803717,,2024,pit,RP
31533,Victor Mederos,P,14.0,0.0,14.0,0.0,0.6460999846458435,53.29350653886798,LAA,2024,pit,RP
sa3010369,Chase Chaney,P,0.21580000221729279,0.16680000722408295,1.0,0.0,0.0,2.249513315409422,NYY,2024,pit,SP
sa3004494,Austin Warner,P,0.41130000352859497,0.12530000507831573,1.0,0.0,0.0,2.875060170888901,,2024,pit,RP
sa738284,Ty Damron,P,0.20180000364780426,0.16979999840259552,1.0,0.0,0.0,2.5072933420538903,,2024,pit,SP
19646,Kyle Hart,P,0.3255000114440918,0.14350000023841858,1.0,0.0,0.0,2.748940087854862,SDP,2024,pit,RP
19456,Kyle Funkhouser,P,0.9398000240325928,0.012799999676644802,1.0,0.0,0.0,3.6599066168069845,,2024,pit,RP
13453,Eddie Butler,P,0.321399986743927,0.1444000005722046,1.0,0.0,0.0,2.5578467659652238,,2024,pit,RP
4338,Tyler Chatwood,P,1.0,0.0,1.0,0.0,0.0,3.7157066613435745,,2024,pit,RP
sa3007485,Josh Dye,P,0.7328000068664551,0.0568000003695488,1.0,0.0,0.0,3.237993304431439,,2024,pit,RP
sa3002734,Blake Battenfield,P,0.19939999282360077,0.1703999936580658,1.0,0.0,0.0,2.2983999803662303,,2024,pit,SP
17508,Wei-Chieh Huang,P,1.0,0.0,1.0,0.0,0.0,3.7309398859739304,PIT,2024,pit,RP
2859,Ross Detwiler,P,1.0,0.0,1.0,0.0,0.0,3.3278998687863353,CIN,2024,pit,RP
sa3018178,Franco Aleman,P,1.0,0.0,1.0,0.0,0.0,3.9672532565891743,CLE,2024,pit,RP
17878,Dennis Santana,P,33.0,0.0,33.0,0.0,0.6502000093460083,130.3788982868195,PIT,2024,pit,RP
sa3011732,Micah Kaczor,P,0.30079999566078186,0.14880000054836273,1.0,0.0,0.0,1.9668465673923494,,2024,pit,RP
14506,J.B. Wendelken,P,1.0,0.0,1.0,0.0,0.0,3.7615467377007006,,2024,pit,RP
sa1170012,Edgar Barclay,P,0.49779999256134033,0.10679999738931656,1.0,0.0,0.0,3.2669599756598475,NYY,2024,pit,RP
sa657697,Pedro Fernandez,P,0.3239000141620636,0.14390000700950623,1.0,0.0,0.0,2.729079852998256,,2024,pit,RP
21420,Yerry De los Santos,P,1.0,0.0,1.0,0.0,0.0,3.818526604771614,NYY,2024,pit,RP
14443,Kyuji Fujikawa,P,0.9966999888420105,0.000699999975040555,1.0,0.0,0.0,3.7284134380519394,,2024,pit,RP
29271,Yilber Díaz,P,0.1754000037908554,0.1754000037908554,1.0,0.0,0.0,2.778333371132612,ARI,2024,pit,SP
sa915638,Alex Troop,P,0.2282000035047531,0.16419999301433563,1.0,0.0,0.0,2.6475332826375966,,2024,pit,SP
14420,Jackson Stephens,P,1.0,0.0,1.0,0.0,0.0,3.787086674571037,,2024,pit,RP
11754,Justin Nicolino,P,0.19359999895095825,0.17159999907016754,1.0,0.0,0.0,1.9475733481347568,,2024,pit,SP
3284,Aníbal Sánchez,P,0.1754000037908554,0.1754000037908554,1.0,0.0,0.0,2.4664933301508425,,2024,pit,SP
22092,Kyle Tyler,P,1.0,0.0,1.0,0.0,0.0,3.4954668216407305,,2024,pit,RP
31843,Kumar Rocker,P,0.1754000037908554,0.1754000037908554,1.0,0.0,0.0,2.55206001996994,TEX,2024,pit,SP
sa3006810,Michael Baird,P,0.23890000581741333,0.16189999878406525,1.0,0.0,0.0,2.0144132889807227,COL,2024,pit,SP
sa3018185,Sean Sullivan,P,0.19850000739097595,0.1704999953508377,1.0,0.0,0.0,2.4972068868577484,PIT,2024,pit,SP
sa1170436,Trey McGough,P,0.39559999108314514,0.12860000133514404,1.0,0.0,0.0,2.9548132836818697,NYM,2024,pit,RP
20617,J.C. Mejía,P,1.0,0.0,1.0,0.0,0.0,3.8336133368313314,,2024,pit,RP
sa877526,Jesus Vargas,P,0.328000009059906,0.14300000667572021,1.0,0.0,0.0,2.6374667853116986,,2024,pit,RP
18519,Phil Bickford,P,1.0,0.0,1.0,0.0,0.0,3.692726612091065,DET,2024,pit,RP
sa3011122,Austin Bergner,P,0.6280999779701233,0.07909999787807465,1.0,0.0,0.0,3.301480057835579,TEX,2024,pit,RP
31764,AJ Blubaugh,P,0.34450000524520874,0.13950000703334808,1.0,0.0,0.0,2.947866585105658,HOU,2024,pit,RP
sa3017685,Mason Erla,P,0.20260000228881836,0.1695999950170517,1.0,0.0,0.0,2.2564333342015748,LAA,2024,pit,SP
sa917771,Carlos Ocampo,P,0.40959998965263367,0.12559999525547028,1.0,0.0,0.0,3.005959957838059,,2024,pit,RP
10811,Mike Foltynewicz,P,0.2290000021457672,0.164000004529953,1.0,0.0,0.0,2.51608657091856,,2024,pit,SP
sa3020702,Cory Lewis,P,0.1754000037908554,0.1754000037908554,1.0,0.0,0.0,2.5967533156275753,MIN,2024,pit,SP
19686,Kyle Cody,P,1.0,0.0,1.0,0.0,0.0,3.588920081406832,,2024,pit,RP
sa828326,Steven Fuentes,P,0.31310001015663147,0.1460999995470047,1.0,0.0,0.0,2.6101067006587986,,2024,pit,RP
sa3015070,Ryan Watson,P,0.39640000462532043,0.12839999794960022,1.0,0.0,0.0,2.98813351765275,BOS,2024,pit,RP
14665,Jandel Gustave,P,1.0,0.0,1.0,0.0,0.0,3.624366638064385,,2024,pit,RP
sa3007587,Adam Wolf,P,0.5753999948501587,0.09040000289678574,1.0,0.0,0.0,3.103486457467079,,2024,pit,RP
sa3007806,Miller Hogan,P,0.3156000077724457,0.14560000598430634,1.0,0.0,0.0,2.65231324210763,,2024,pit,RP
16279,Sam Clay,P,1.0,0.0,1.0,0.0,0.0,3.5773667596280583,,2024,pit,RP
sa3011189,Connor Lunn,P,0.18950000405311584,0.17249999940395355,1.0,0.0,0.0,2.4201267533004285,,2024,pit,SP
5524,Madison Bumgarner,P,0.1754000037908554,0.1754000037908554,1.0,0.0,0.0,2.384893167763949,,2024,pit,SP
19940,Jhon Romero,P,1.0,0.0,1.0,0.0,0.0,3.6987465471029286,,2024,pit,RP
sa913084,Matt Milburn,P,0.357699990272522,0.13670000433921814,1.0,0.0,0.0,2.543006716668606,,2024,pit,RP
31913,Hayden Harris,P,1.0,0.0,1.0,0.0,0.0,3.895733406394721,ATL,2024,pit,RP
sa597249,Luis Lugo,P,0.2134000062942505,0.16740000247955322,1.0,0.0,0.0,2.628979958593846,,2024,pit,SP
31815,Cade Gibson,P,0.20919999480247498,0.16820000112056732,1.0,0.0,0.0,2.251666489243507,MIA,2024,pit,SP
10836,Asher Wojciechowski,P,0.1754000037908554,0.1754000037908554,1.0,0.0,0.0,2.504926621168852,,2024,pit,SP
10160,Ryan Weber,P,1.0,0.0,1.0,0.0,0.0,3.4580199167132384,,2024,pit,RP
10066,Ian Krol,P,1.0,0.0,1.0,0.0,0.0,3.8066266715526584,,2024,pit,RP
sa3009940,Chase Solesky,P,0.18199999630451202,0.17399999499320984,1.0,0.0,0.0,2.329000093042851,TBR,2024,pit,SP
sa3006770,Noah Zavolas,P,0.218299999833107,0.1662999987602234,1.0,0.0,0.0,2.500106624513865,,2024,pit,SP
sa3021464,Davis Feldman,P,0.35519999265670776,0.1371999979019165,1.0,0.0,0.0,2.733573262393475,,2024,pit,RP
3132,Tony Watson,P,1.0,0.0,1.0,0.0,0.0,3.633226581662894,,2024,pit,RP
16904,Aaron Wilkerson,P,1.0,0.0,1.0,0.0,0.0,3.6496665529906753,,2024,pit,RP
18699,Nick Neidert,P,0.1754000037908554,0.1754000037908554,1.0,0.0,0.0,2.3795799411833287,,2024,pit,SP
sa3004676,Rio Gomez,P,0.34610000252723694,0.13910000026226044,1.0,0.0,0.0,2.8658866792917257,,2024,pit,RP
31501,Michael Darrell-Hicks,P,0.2612000107765198,0.15719999372959137,1.0,0.0,0.0,2.488626739382744,PIT,2024,pit,SP
20395,Nick Margevicius,P,0.49619999527931213,0.10719999670982361,1.0,0.0,0.0,2.86359990015626,SFG,2024,pit,RP
21866,Jordan Balazovic,P,1.0,0.0,1.0,0.0,0.0,3.7688132695853716,,2024,pit,RP
sa3006834,Gabe Mosser,P,0.24140000343322754,0.16140000522136688,1.0,0.0,0.0,2.543313407152891,SEA,2024,pit,SP
7466,Anthony Swarzak,P,1.0,0.0,1.0,0.0,0.0,3.588800097256899,,2024,pit,RP
12580,Adam Morgan,P,1.0,0.0,1.0,0.0,0.0,3.7106932453811172,,2024,pit,RP
sa3010118,Andrew Misiaszek,P,0.8234999775886536,0.03750000149011612,1.0,0.0,0.0,3.7810333214700225,,2024,pit,RP
17581,Ricardo Sánchez,P,1.0,0.0,1.0,0.0,0.0,3.5518132761120795,,2024,pit,RP
7608,Tommy Milone,P,0.1754000037908554,0.1754000037908554,1.0,0.0,0.0,2.4163266010582443,,2024,pit,SP
sa3003039,Angel Macuare,P,0.24060000479221344,0.1615999937057495,1.0,0.0,0.0,2.4833399809896948,,2024,pit,SP
sa658002,Dylan Baker,P,0.3321000039577484,0.1421000063419342,1.0,0.0,0.0,2.647006639838219,,2024,pit,RP
19191,Robert Dugger,P,0.7939000129699707,0.04390000179409981,1.0,0.0,0.0,3.348986453562975,,2024,pit,RP
2391,Héctor Rondón,P,1.0,0.0,1.0,0.0,0.0,3.599426508694888,BOS,2024,pit,RP
30106,Jack Neely,P,1.0,0.0,1.0,0.0,0.0,3.9090267568826675,CHC,2024,pit,RP
sa3014429,Chris McMahon,P,0.1754000037908554,0.1754000037908554,1.0,0.0,0.0,1.6836469523608684,,2024,pit,SP
31972,Brad Lord,P,0.2718999981880188,0.15489999949932098,1.0,0.0,0.0,2.195173356682062,WSN,2024,pit,SP
sa3020814,Darrell Thompson,P,1.0,0.0,1.0,0.0,0.0,3.773793387413025,,2024,pit,RP
sa3016056,Ricardo Yan,P,0.19519999623298645,0.1712000072002411,1.0,0.0,0.0,2.6351465910673144,ARI,2024,pit,SP
sa876287,Riley Thompson,P,0.2240999937057495,0.16509999334812164,1.0,0.0,0.0,2.6201332084834577,,2024,pit,SP
sa3010313,Jason Blanchard,P,1.0,0.0,1.0,0.0,0.0,3.7378199420869356,SDP,2024,pit,RP
sa3009860,Reid Morgan,P,0.3379000127315521,0.14090000092983246,1.0,0.0,0.0,3.076379823684693,,2024,pit,RP
25474,Nathan Wiles,P,0.2134000062942505,0.16740000247955322,1.0,0.0,0.0,2.730986696481705,,2024,pit,SP
14457,Adam Conley,P,1.0,0.0,1.0,0.0,0.0,3.7737200431525713,,2024,pit,RP
sa918537,Zach Matson,P,0.4921000003814697,0.10809999704360962,1.0,0.0,0.0,3.012613488733769,,2024,pit,RP
sa736742,Raffi Vizcaíno,P,0.8185999989509583,0.038600001484155655,1.0,0.0,0.0,3.433366594463587,,2024,pit,RP
sa3008068,Zach Neff,P,0.31310001015663147,0.1460999995470047,1.0,0.0,0.0,2.7028332464396954,,2024,pit,RP
sa3020956,Emailin Montilla,P,0.882099986076355,0.025100000202655792,1.0,0.0,0.0,3.5622467391192916,,2024,pit,RP
sa3007732,Ethan DeCaster,P,0.8300999999046326,0.03610000014305115,1.0,0.0,0.0,3.4504066787660124,,2024,pit,RP
sa3018252,Patrick Murphy,P,1.0,0.0,1.0,0.0,0.0,3.557653231173754,,2024,pit,RP
11437,Jesse Biddle,P,1.0,0.0,1.0,0.0,0.0,3.7365199036896235,,2024,pit,RP
18251,Art Warren,P,1.0,0.0,1.0,0.0,0.0,3.8448598228394992,,2024,pit,RP
20205,Jeremy Beasley,P,1.0,0.0,1.0,0.0,0.0,3.8708200305700307,,2024,pit,RP
sa1052944,Justin Lasko,P,0.4311000108718872,0.12110000103712082,1.0,0.0,0.0,2.7110664099454884,,2024,pit,RP
sa3020174,Blake Adams,P,0.1754000037908554,0.1754000037908554,1.0,0.0,0.0,1.612160132825374,COL,2024,pit,SP
sa3016065,Felipe De La Cruz,P,0.19030000269412994,0.17229999601840973,1.0,0.0,0.0,2.6091400161385536,NYM,2024,pit,SP
sa3006421,Jeffrey Colon,P,0.23890000581741333,0.16189999878406525,1.0,0.0,0.0,2.537033534049988,,2024,pit,SP
sa658593,José Mesa Jr.,P,0.6280999779701233,0.07909999787807465,1.0,0.0,0.0,3.097146636992693,,2024,pit,RP
19789,Anthony Castro,P,1.0,0.0,1.0,0.0,0.0,3.73856669664383,,2024,pit,RP
sa3019695,Duncan Snider,P,0.20350000262260437,0.16949999332427979,1.0,0.0,0.0,2.4171133734285837,,2024,pit,SP
sa3006817,Julio Robaina,P,0.2669999897480011,0.15600000321865082,1.0,0.0,0.0,2.713726807385683,,2024,pit,SP
17181,Yoan López,P,1.0,0.0,1.0,0.0,0.0,3.6191467024385933,,2024,pit,RP
sa3005098,Oscar Rojas,P,0.2777000069618225,0.15369999408721924,1.0,0.0,0.0,2.5370998404920106,,2024,pit,SP
4141,Derek Holland,P,0.9555000066757202,0.009499999694526196,1.0,0.0,0.0,3.632440006732941,,2024,pit,RP
sa3020749,Cole Paplham,P,1.0,0.0,1.0,0.0,0.0,3.723539996147156,SDP,2024,pit,RP
sa3007818,Jackson Rees,P,1.0,0.0,1.0,0.0,0.0,3.7091265805065636,,2024,pit,RP
sa658192,Ryan Kellogg,P,0.3675999939441681,0.13459999859333038,1.0,0.0,0.0,2.6343666844069964,,2024,pit,RP
sa3017873,Zac Leigh,P,1.0,0.0,1.0,0.0,0.0,3.7946600086987026,CHC,2024,pit,RP
sa3014913,Sean Mooney,P,0.475600004196167,0.11159999668598175,1.0,0.0,0.0,3.1867133535444743,,2024,pit,RP
19868,Drew Carlton,P,1.0,0.0,1.0,0.0,0.0,3.6481134191155435,,2024,pit,RP
16507,Dan Altavilla,P,1.0,0.0,1.0,0.0,0.0,3.6304200239479543,MIN,2024,pit,RP
sa3014924,Dane Acker,P,0.1754000037908554,0.1754000037908554,1.0,0.0,0.0,2.5755333036184314,TEX,2024,pit,SP
10819,R.J. Alaniz,P,1.0,0.0,1.0,0.0,0.0,3.23513317629695,,2024,pit,RP
19546,Jon Duplantier,P,0.1754000037908554,0.1754000037908554,1.0,0.0,0.0,2.6433534003794192,,2024,pit,SP
12778,Sam Gaviglio,P,1.0,0.0,1.0,0.0,0.0,3.4635733760893346,,2024,pit,RP
sa3016949,Kohl Simas,P,0.21250000596046448,0.16750000417232513,1.0,0.0,0.0,2.4627931617200374,,2024,pit,SP
15100,Ben Heller,P,1.0,0.0,1.0,0.0,0.0,3.714473283290863,CHC,2024,pit,RP
sa857700,Reilly Hovis,P,0.19030000269412994,0.17229999601840973,1.0,0.0,0.0,2.355399807542562,,2024,pit,SP
sa3011216,Cole Gordon,P,0.1754000037908554,0.1754000037908554,1.0,0.0,0.0,2.4900334082543845,,2024,pit,SP
sa871769,Jesus Rodriguez,P,0.20759999752044678,0.16859999299049377,1.0,0.0,0.0,2.4128997340798377,,2024,pit,SP
sa3009632,Misael Tamarez,P,0.25459998846054077,0.15860000252723694,1.0,0.0,0.0,2.8268399968743325,SDP,2024,pit,SP
11426,Drew Pomeranz,P,1.0,0.0,1.0,0.0,0.0,3.74925978332758,LAA,2024,pit,RP
sa827471,Jeremy Rhoades,P,1.0,0.0,1.0,0.0,0.0,3.687786783277989,,2024,pit,RP
6316,David Phelps,P,0.9868000149726868,0.00279999990016222,1.0,0.0,0.0,3.672606672346592,,2024,pit,RP
24458,Carlos Duran,P,0.18780000507831573,0.1728000044822693,1.0,0.0,0.0,2.1827867224812505,LAD,2024,pit,SP
sa3020706,Matt Brosky,P,0.5340999960899353,0.09910000115633011,1.0,0.0,0.0,2.9782933026552203,,2024,pit,RP
26214,Chris Murphy,P,1.0,0.0,1.0,0.0,0.0,3.721593452244997,CHW,2024,pit,RP
26429,Cody Laweryson,P,0.6561999917030334,0.07320000231266022,1.0,0.0,0.0,3.2773666381835938,MIN,2024,pit,RP
25501,Paxton Schultz,P,0.24390000104904175,0.16089999675750732,1.0,0.0,0.0,2.6361999511718754,WSN,2024,pit,SP
sa3014916,A.J. Block,P,0.2207999974489212,0.16580000519752502,1.0,0.0,0.0,2.366026730835438,,2024,pit,SP
24590,John Rooney,P,0.9265999794006348,0.015599999576807022,1.0,0.0,0.0,3.2867266848683365,TBR,2024,pit,RP
sa917323,Jose Chacin,P,0.23559999465942383,0.16259999573230743,1.0,0.0,0.0,2.465986619144678,,2024,pit,SP
sa3017592,Luke Albright,P,0.1754000037908554,0.1754000037908554,1.0,0.0,0.0,2.6126067660748964,ARI,2024,pit,SP
13606,Shawn Morimando,P,1.0,0.0,1.0,0.0,0.0,3.5034467026591307,,2024,pit,RP
10534,Jake Petricka,P,1.0,0.0,1.0,0.0,0.0,3.465639963001013,,2024,pit,RP
sa3004680,Hayden Deal,P,0.5795000195503235,0.08950000256299973,1.0,0.0,0.0,2.9452132858335975,,2024,pit,RP
17485,Albert Abreu,P,1.0,0.0,1.0,0.0,0.0,3.7350734204053877,,2024,pit,RP
26270,Blake Walston,P,0.1754000037908554,0.1754000037908554,1.0,0.0,0.0,2.4880864940583707,ARI,2024,pit,SP
19516,Raynel Espinal,P,1.0,0.0,1.0,0.0,0.0,3.6478401020169255,,2024,pit,RP
24094,Ronny Henriquez,P,1.0,0.0,1.0,0.0,0.0,3.641173188388348,MIA,2024,pit,RP
sa3011674,Kendall Williams,P,0.2142000049352646,0.1671999990940094,1.0,0.0,0.0,2.114386640489102,,2024,pit,SP
sa3017543,Peter Van Loon,P,0.2685999870300293,0.15559999644756317,1.0,0.0,0.0,2.7702131301164625,,2024,pit,SP
26030,Tyler Owens,P,0.3246999979019165,0.1437000036239624,1.0,0.0,0.0,2.6443398624658587,DET,2024,pit,RP
sa3017719,Mitch Bratt,P,0.1754000037908554,0.1754000037908554,1.0,0.0,0.0,2.448473180085421,ARI,2024,pit,SP
20739,Humberto Mejía,P,0.1754000037908554,0.1754000037908554,1.0,0.0,0.0,2.3624867364764213,,2024,pit,SP
11604,Dovydas Neverauskas,P,1.0,0.0,1.0,0.0,0.0,3.6244866289198403,,2024,pit,RP
18439,Danny Young,P,1.0,0.0,1.0,0.0,0.0,3.834413240849972,ATL,2024,pit,RP
sa3020439,Jared Kollar,P,0.19280000030994415,0.17180000245571136,1.0,0.0,0.0,2.37623997926712,SDP,2024,pit,SP
sa1115899,Owen Griffith,P,1.0,0.0,1.0,0.0,0.0,3.679926684498787,,2024,pit,RP
sa3020556,Kyle Jones,P,0.19189999997615814,0.17190000414848328,1.0,0.0,0.0,2.365726587176323,,2024,pit,SP
sa3005470,Junior Santos,P,0.29750001430511475,0.14949999749660492,1.0,0.0,0.0,2.5666001662611966,,2024,pit,SP
23899,Valente Bellozo,P,0.2694000005722046,0.15539999306201935,1.0,0.0,0.0,2.5823133133351805,COL,2024,pit,SP
sa3005891,Benito Garcia,P,0.7534999847412109,0.05249999836087227,1.0,0.0,0.0,3.171006635576487,STL,2024,pit,RP
sa657974,Tyler Pike,P,0.8968999981880188,0.021900000050663948,1.0,0.0,0.0,3.4092465534806253,,2024,pit,RP
sa3020836,Alex Hoppe,P,1.0,0.0,1.0,0.0,0.0,3.526760052889586,SEA,2024,pit,RP
sa3017304,Patrick Wicklander,P,0.2851000130176544,0.15209999680519104,1.0,0.0,0.0,2.859506703168154,,2024,pit,SP
sa738690,Nick Green,P,0.4855000078678131,0.10949999839067459,1.0,0.0,0.0,2.957233430445195,,2024,pit,RP
sa876313,Adam Hill,P,0.44999998807907104,0.11699999868869781,1.0,0.0,0.0,2.8489934086799624,,2024,pit,RP
sa738652,Matt Vogel,P,1.0,0.0,1.0,0.0,0.0,3.6761932052671917,,2024,pit,RP
19805,Daniel Castano,P,1.0,0.0,1.0,0.0,0.0,3.5794133536517623,,2024,pit,RP
9756,David Hale,P,0.9075999855995178,0.019600000232458115,1.0,0.0,0.0,3.3476266101002694,,2024,pit,RP
sa1170503,Chris Kachmar,P,0.34279999136924744,0.13979999721050262,1.0,0.0,0.0,2.7599266499280923,,2024,pit,RP
16155,Eric Skoglund,P,0.3716999888420105,0.13369999825954437,1.0,0.0,0.0,2.6977731339633473,,2024,pit,RP
sa828724,Alejandro Requena,P,0.25459998846054077,0.15860000252723694,1.0,0.0,0.0,2.4541465044021606,,2024,pit,SP
sa3019110,Jorge Mercedes,P,1.0,0.0,1.0,0.0,0.0,3.6512667015194897,,2024,pit,RP
sa3011651,Conor Grammes,P,0.640500009059906,0.07649999856948853,1.0,0.0,0.0,3.3106133893132217,,2024,pit,RP
sa3015328,Nolan Clenney,P,1.0,0.0,1.0,0.0,0.0,3.7292000330984596,,2024,pit,RP
11490,Aaron Sanchez,P,0.3905999958515167,0.12960000336170197,1.0,0.0,0.0,2.5970733374357224,KCR,2024,pit,RP
sa3008361,Brian Metoyer,P,1.0,0.0,1.0,0.0,0.0,3.8001400999724866,NYM,2024,pit,RP
sa3006766,Jake Lee,P,0.3831999897956848,0.13120000064373016,1.0,0.0,0.0,2.6214200340211398,,2024,pit,RP
sa3017882,Mat Olsen,P,1.0,0.0,1.0,0.0,0.0,3.833866672962904,,2024,pit,RP
13804,Walker Lockett,P,0.6866999864578247,0.06669999659061432,1.0,0.0,0.0,3.088486597687006,,2024,pit,RP
sa3017473,Tristan Garnett,P,1.0,0.0,1.0,0.0,0.0,3.3747533634305005,PHI,2024,pit,RP
sa3004355,Zach Draper,P,0.5414999723434448,0.09749999642372131,1.0,0.0,0.0,2.8407466128468513,,2024,pit,RP
sa3021977,Al Pesto,P,1.0,0.0,1.0,0.0,0.0,3.661353176087141,,2024,pit,RP
sa3018794,Brent Teller,P,0.5637999773025513,0.09279999881982803,1.0,0.0,0.0,3.030946459621191,,2024,pit,RP
sa597245,Geronimo Franzua,P,0.9381999969482422,0.013199999928474426,1.0,0.0,0.0,3.4553600780665876,,2024,pit,RP
sa3004092,Max Green,P,0.5440000295639038,0.09700000286102295,1.0,0.0,0.0,2.953959804028273,,2024,pit,RP
9419,Zac Rosscup,P,1.0,0.0,1.0,0.0,0.0,3.6112534195184716,,2024,pit,RP
sa918196,Trevor Lane,P,1.0,0.0,1.0,0.0,0.0,3.622960145026446,,2024,pit,RP
9794,Rex Brothers,P,1.0,0.0,1.0,0.0,0.0,3.8282266654074193,,2024,pit,RP
19942,Ljay Newsome,P,0.8878999948501587,0.023900000378489494,1.0,0.0,0.0,3.336226745694876,,2024,pit,RP
sa737037,Oscar De La Cruz,P,0.3181000053882599,0.14509999752044678,1.0,0.0,0.0,2.7145197905600074,,2024,pit,RP
sa3008227,Michael Byrne,P,1.0,0.0,1.0,0.0,0.0,3.0724401332437994,,2024,pit,RP
sa3020606,David Sandlin,P,0.1754000037908554,0.1754000037908554,1.0,0.0,0.0,2.274653308093548,CHW,2024,pit,SP
15906,Lewis Thorpe,P,0.2290000021457672,0.164000004529953,1.0,0.0,0.0,2.3594599060714248,,2024,pit,SP
sa3017609,Austin Love,P,0.1754000037908554,0.1754000037908554,1.0,0.0,0.0,2.343993210792542,STL,2024,pit,SP
21018,Francisco Pérez,P,0.9505000114440918,0.010499999858438969,1.0,0.0,0.0,3.6849531143903733,OAK,2024,pit,RP
sa3020800,Bryce Osmond,P,0.1754000037908554,0.1754000037908554,1.0,0.0,0.0,2.2370398618280887,LAA,2024,pit,SP
17092,Domingo Acevedo,P,1.0,0.0,1.0,0.0,0.0,3.5162733107805253,,2024,pit,RP
7550,Jake McGee,P,1.0,0.0,1.0,0.0,0.0,3.5978199675679208,,2024,pit,RP
18496,Junior Fernández,P,1.0,0.0,1.0,0.0,0.0,3.5565599940717223,ARI,2024,pit,RP
sa3011866,Matthew Thompson,P,0.1754000037908554,0.1754000037908554,1.0,0.0,0.0,2.4186267927289014,,2024,pit,SP
sa3008626,Justin Vernia,P,0.5414999723434448,0.09749999642372131,1.0,0.0,0.0,2.7729597948491573,,2024,pit,RP
11121,Casey Lawrence,P,1.0,0.0,1.0,0.0,0.0,3.5753465875983244,SEA,2024,pit,RP
15232,Cody Reed,P,1.0,0.0,1.0,0.0,0.0,3.5567866906523706,,2024,pit,RP
21131,Jose Espada,P,1.0,0.0,1.0,0.0,0.0,3.8187132075428964,BAL,2024,pit,RP
20190,Chad Smith,P,1.0,0.0,1.0,0.0,0.0,3.6951465234160428,,2024,pit,RP
sa3014915,TJ Shook,P,0.3222000002861023,0.14419999718666077,1.0,0.0,0.0,2.661646687984467,COL,2024,pit,RP
sa3004485,Taylor Ahearn,P,0.35850000381469727,0.13650000095367432,1.0,0.0,0.0,2.4563201501965524,,2024,pit,RP
sa3006823,Aaron Pinto,P,0.9118000268936157,0.018799999728798866,1.0,0.0,0.0,3.5073867008090023,,2024,pit,RP
sa548162,Peter Tago,P,1.0,0.0,1.0,0.0,0.0,3.5524065926671033,,2024,pit,RP
sa3014980,Nick Davila,P,0.21250000596046448,0.16750000417232513,1.0,0.0,0.0,2.780546656996011,SEA,2024,pit,SP
12178,Domingo Tapia,P,1.0,0.0,1.0,0.0,0.0,3.328966720402241,,2024,pit,RP
sa3011493,J.C. Flowers,P,0.7056000232696533,0.06260000169277191,1.0,0.0,0.0,3.04441333860159,,2024,pit,RP
5350,Alex Sanabia,P,0.2818000018596649,0.15279999375343323,1.0,0.0,0.0,2.525833360105753,,2024,pit,SP
13607,Carl Edwards Jr.,P,1.0,0.0,1.0,0.0,0.0,3.5516068451106553,NYM,2024,pit,RP
sa915725,Evan Miller,P,0.7864000201225281,0.04540000110864639,1.0,0.0,0.0,3.2082534030079843,,2024,pit,RP
sa3017500,Aaron Brown,P,0.29580000042915344,0.14980000257492065,1.0,0.0,0.0,2.572099930047989,,2024,pit,SP
10732,Drew Hutchison,P,0.29829999804496765,0.1492999941110611,1.0,0.0,0.0,2.512939924001694,,2024,pit,SP
sa946165,Christian Mejias,P,0.19519999623298645,0.1712000072002411,1.0,0.0,0.0,2.401086886227131,,2024,pit,SP
sa659283,Justin Dillon,P,0.7831000089645386,0.04610000178217888,1.0,0.0,0.0,3.3076932422816756,,2024,pit,RP
sa3018169,Jack Leftwich,P,6.0,0.0,6.0,0.0,0.6657000184059143,24.85588083267212,CLE,2024,pit,RP
sa829790,John Gavin,P,1.0,0.0,1.0,0.0,0.0,3.8744133397936826,,2024,pit,RP
21896,Brailyn Marquez,P,1.0,0.0,1.0,0.0,0.0,3.8110333196818833,,2024,pit,RP
sa3005213,Justin Bullock,P,0.1754000037908554,0.1754000037908554,1.0,0.0,0.0,2.275733256340027,MIL,2024,pit,SP
sa3017314,William Fleming,P,0.20919999480247498,0.16820000112056732,1.0,0.0,0.0,2.223406407982111,,2024,pit,SP
sa861440,Alvaro Seijas,P,0.25049999356269836,0.15950000286102295,1.0,0.0,0.0,2.4990799568593505,,2024,pit,SP
31807,Troy Melton,P,0.18289999663829803,0.17389999330043793,1.0,0.0,0.0,2.3352935008704665,DET,2024,pit,SP
15492,Stephen Gonsalves,P,1.0,0.0,1.0,0.0,0.0,3.608433146029711,,2024,pit,RP
sa3014699,Po-Yu Chen,P,0.18199999630451202,0.17399999499320984,1.0,0.0,0.0,2.2207065440714358,PIT,2024,pit,SP
sa3006826,Adam Scott,P,0.34529998898506165,0.13930000364780426,1.0,0.0,0.0,2.7230465948581704,,2024,pit,RP
24750,Frank German,P,1.0,0.0,1.0,0.0,0.0,3.555446659773588,,2024,pit,RP
sa873983,Boomer Biegalski,P,0.5910000205039978,0.08699999749660492,1.0,0.0,0.0,3.0222001783549786,,2024,pit,RP
4257,David Huff,P,0.2578999996185303,0.15790000557899475,1.0,0.0,0.0,2.8689068533480167,,2024,pit,SP
sa918347,Ben Krauth,P,0.4408999979496002,0.11890000104904175,1.0,0.0,0.0,2.7900733120739463,,2024,pit,RP
sa3011410,Nick Bennett,P,0.7279000282287598,0.05790000036358833,1.0,0.0,0.0,3.1515797957777982,,2024,pit,RP
25839,Luis Contreras,P,1.0,0.0,1.0,0.0,0.0,3.7403133206069468,,2024,pit,RP
sa3015135,Geison Urbaez,P,0.4796999990940094,0.11069999635219574,1.0,0.0,0.0,2.8570733696222312,TOR,2024,pit,RP
sa3008071,Zach Wolf,P,1.0,0.0,1.0,0.0,0.0,3.441786649823189,,2024,pit,RP
25078,Cam Alldred,P,1.0,0.0,1.0,0.0,0.0,3.435213469713926,,2024,pit,RP
18554,Enmanuel De Jesus,P,1.0,0.0,1.0,0.0,0.0,3.310953538864851,DET,2024,pit,RP
20526,Denyi Reyes,P,0.5390999913215637,0.09809999912977219,1.0,0.0,0.0,2.7061731822788717,,2024,pit,RP
12673,Roenis Elías,P,1.0,0.0,1.0,0.0,0.0,3.478693530708552,,2024,pit,RP
15157,Jimmy Yacabonis,P,1.0,0.0,1.0,0.0,0.0,3.396720030158759,,2024,pit,RP
sa3018093,Zach Messinger,P,0.18289999663829803,0.17389999330043793,1.0,0.0,0.0,2.5192401066422465,NYY,2024,pit,SP
sa876284,Daniel Tillo,P,0.5002999901771545,0.1062999963760376,1.0,0.0,0.0,2.7818467684090136,,2024,pit,RP
sa3014462,Beck Way,P,0.2703000009059906,0.15530000627040863,1.0,0.0,0.0,2.5137933209538463,KCR,2024,pit,SP
sa3007850,Tanner Andrews,P,0.76419997215271,0.050200000405311584,1.0,0.0,0.0,3.4571265541017056,TOR,2024,pit,RP
sa3011437,Michael Cuevas,P,0.1754000037908554,0.1754000037908554,1.0,0.0,0.0,1.9709000468254092,,2024,pit,SP
sa3004120,Matt Hardy,P,1.0,0.0,1.0,0.0,0.0,3.488393354415894,MIL,2024,pit,RP
sa917950,Travis MacGregor,P,0.7764999866485596,0.04749999940395355,1.0,0.0,0.0,3.137973274290562,NYY,2024,pit,RP
sa3007710,Kevin Smith,P,0.4244999885559082,0.12250000238418579,1.0,0.0,0.0,2.8697732113301755,,2024,pit,RP
sa3002818,Juan Mercedes,P,0.19769999384880066,0.17069999873638153,1.0,0.0,0.0,2.8111535497009754,,2024,pit,SP
sa875253,Thomas McIlraith,P,1.0,0.0,1.0,0.0,0.0,3.702653237432242,,2024,pit,RP
sa829618,Brad Bass,P,0.7839999794960022,0.04600000008940697,1.0,0.0,0.0,3.281486511230469,,2024,pit,RP
sa875993,Matthias Dietz,P,1.0,0.0,1.0,0.0,0.0,3.5397800192236906,,2024,pit,RP
sa873276,Thomas Jankins,P,0.7576000094413757,0.051600001752376556,1.0,0.0,0.0,3.088246816396713,,2024,pit,RP
sa916829,Abdiel Mendoza,P,0.4178999960422516,0.12389999628067017,1.0,0.0,0.0,2.724646696448326,SEA,2024,pit,RP
14862,Zack Godley,P,0.2578999996185303,0.15790000557899475,1.0,0.0,0.0,2.4688732028007507,,2024,pit,SP
sa827380,Kyle Kubat,P,0.3321000039577484,0.1421000063419342,1.0,0.0,0.0,2.5777465015649796,,2024,pit,RP
sa874187,Wyatt Short,P,0.4772000014781952,0.1111999973654747,1.0,0.0,0.0,2.8024200104177,,2024,pit,RP
sa3017390,Brett Kerry,P,0.20350000262260437,0.16949999332427979,1.0,0.0,0.0,2.225173500180244,LAA,2024,pit,SP
sa3005028,Ethan Lindow,P,0.2290000021457672,0.164000004529953,1.0,0.0,0.0,2.3504066437482836,,2024,pit,SP
31204,Justin Wrobleski,P,0.18950000405311584,0.17249999940395355,1.0,0.0,0.0,2.0803733408451084,LAD,2024,pit,SP
sa3017876,Tyler Samaniego,P,0.9085000157356262,0.019500000402331352,1.0,0.0,0.0,3.384026847034693,BOS,2024,pit,RP
sa3014453,Bryce Bonnin,P,0.20679999887943268,0.1687999963760376,1.0,0.0,0.0,2.4018868327140814,,2024,pit,SP
sa3020834,Connor Noland,P,0.18289999663829803,0.17389999330043793,1.0,0.0,0.0,2.111013217270375,CHC,2024,pit,SP
sa918087,Zack Trageton,P,0.3271999955177307,0.14319999516010284,1.0,0.0,0.0,2.517073268443346,,2024,pit,RP
sa875233,Gray Fenter,P,0.1754000037908554,0.1754000037908554,1.0,0.0,0.0,2.426753195375204,,2024,pit,SP
26419,Bradley Blalock,P,0.1754000037908554,0.1754000037908554,1.0,0.0,0.0,2.2580398090183733,MIA,2024,pit,SP
sa3008486,Joelvis Del Rosario,P,0.22660000622272491,0.16459999978542328,1.0,0.0,0.0,2.5387932837009433,,2024,pit,SP
sa3006946,Reagan Todd,P,1.0,0.0,1.0,0.0,0.0,2.9498133689165114,,2024,pit,RP
sa3015003,Clay Aguilar,P,0.9035000205039978,0.020500000566244125,1.0,0.0,0.0,3.563073334097862,,2024,pit,RP
sa3019506,Ryan Middendorf,P,1.0,0.0,1.0,0.0,0.0,3.4126732468605048,,2024,pit,RP
sa3020479,Dalton Rogers,P,0.1754000037908554,0.1754000037908554,1.0,0.0,0.0,2.409593448787928,BOS,2024,pit,SP
24988,Evan Lee,P,0.651199996471405,0.07419999688863754,1.0,0.0,0.0,2.9902798376977446,,2024,pit,RP
sa738506,Dalton Moats,P,0.925000011920929,0.01600000075995922,1.0,0.0,0.0,3.4263067595660694,,2024,pit,RP
16300,Jesus Tinoco,P,0.8804000020027161,0.02539999969303608,1.0,0.0,0.0,3.4633066080510617,MIA,2024,pit,RP
sa1119415,Zach Greene,P,0.6050000190734863,0.08399999886751175,1.0,0.0,0.0,3.1923067934811113,,2024,pit,RP
sa658076,Jesús Liranzo,P,1.0,0.0,1.0,0.0,0.0,3.649700178951025,,2024,pit,RP
11369,Brett Eibner,OF,1.0,0.0,1.0,0.0,0.0,3.522553326934576,,2024,pit,RP
sa3014431,R.J. Dabovich,P,1.0,0.0,1.0,0.0,0.0,3.919460006803274,SFG,2024,pit,RP
15106,Collin Wiles,P,1.0,0.0,1.0,0.0,0.0,3.2666866436600692,,2024,pit,RP
6398,Trevor May,P,1.0,0.0,1.0,0.0,0.0,3.412893536686898,,2024,pit,RP
sa550295,Mitch Horacek,P,1.0,0.0,1.0,0.0,0.0,3.580546659976244,,2024,pit,RP
13475,Daniel Norris,P,1.0,0.0,1.0,0.0,0.0,3.327366590499878,,2024,pit,RP
sa3006803,Michael Flynn,P,1.0,0.0,1.0,0.0,0.0,3.285566680133343,SDP,2024,pit,RP
5530,Nik Turley,P,1.0,0.0,1.0,0.0,0.0,3.633920181542635,,2024,pit,RP
sa874754,Nathan Kirby,P,0.4681999981403351,0.11320000141859055,1.0,0.0,0.0,2.8527868002653127,,2024,pit,RP
sa658525,Josh Graham,P,1.0,0.0,1.0,0.0,0.0,3.520373306423426,,2024,pit,RP
sa828972,Félix Paulino,P,0.888700008392334,0.02370000071823597,1.0,0.0,0.0,3.3034802652895454,,2024,pit,RP
sa918353,Scott Engler,P,0.6956999897956848,0.06469999998807907,1.0,0.0,0.0,3.1471999257802965,,2024,pit,RP
sa3007991,Anderson Paulino,P,1.0,0.0,1.0,0.0,0.0,3.1955600097775463,KCR,2024,pit,RP
5830,Jhan Mariñez,P,0.770799994468689,0.04879999905824661,1.0,0.0,0.0,3.1134665086865425,,2024,pit,RP
sa3010658,Hunter McMahon,P,0.9108999967575073,0.01889999955892563,1.0,0.0,0.0,3.2966600090265277,,2024,pit,RP
20010,Wyatt Mills,P,1.0,0.0,1.0,0.0,0.0,3.471900054067373,LAD,2024,pit,RP
sa3007835,Mitch Stallings,P,0.3650999963283539,0.13510000705718994,1.0,0.0,0.0,2.599206659942866,,2024,pit,RP
sa3020680,Brendan Beck,P,0.1754000037908554,0.1754000037908554,1.0,0.0,0.0,2.3315134376287463,NYY,2024,pit,SP
sa3015158,Emiliano Teodo,P,0.2199999988079071,0.16599999368190765,1.0,0.0,0.0,2.5107466571033004,TEX,2024,pit,SP
13339,Adrian Sampson,P,0.2199999988079071,0.16599999368190765,1.0,0.0,0.0,2.3068864859640605,,2024,pit,SP
sa1055560,Jake Lyons,P,0.44999998807907104,0.11699999868869781,1.0,0.0,0.0,2.732646714895964,,2024,pit,RP
sa3006796,Andrés Núñez,P,0.9043999910354614,0.020400000736117363,1.0,0.0,0.0,3.2770598694682125,,2024,pit,RP
sa3003041,Noe Toribio,P,1.0,0.0,1.0,0.0,0.0,3.4077600374817854,,2024,pit,RP
sa917882,Oddanier Mosqueda,P,0.7939000129699707,0.04390000179409981,1.0,0.0,0.0,3.435033424198628,PIT,2024,pit,RP
sa602699,Phil Pfeifer,P,0.608299970626831,0.08330000191926956,1.0,0.0,0.0,3.0126732744276525,,2024,pit,RP
sa3020797,Brandon Birdsell,P,0.1754000037908554,0.1754000037908554,1.0,0.0,0.0,2.283273385465146,CHC,2024,pit,SP
9866,Chaz Roe,P,1.0,0.0,1.0,0.0,0.0,3.4663800299167633,,2024,pit,RP
23055,Dedniel Núñez,P,1.0,0.0,1.0,0.0,0.0,3.70945338010788,NYM,2024,pit,RP
sa3017813,Jarrod Cande,P,0.1754000037908554,0.1754000037908554,1.0,0.0,0.0,1.5059668749570854,COL,2024,pit,SP
31571,Paul Gervase,P,1.0,0.0,1.0,0.0,0.0,3.8584266737103463,LAD,2024,pit,RP
17466,Heath Fillmyer,P,0.557200014591217,0.094200000166893,1.0,0.0,0.0,2.8519065670669077,,2024,pit,RP
sa3006809,Jack Labosky,P,1.0,0.0,1.0,0.0,0.0,3.704713305085898,,2024,pit,RP
14338,Williams Jerez,P,1.0,0.0,1.0,0.0,0.0,3.5238534361124043,,2024,pit,RP
sa917387,Juan Mota,P,1.0,0.0,1.0,0.0,0.0,3.5912200532853604,,2024,pit,RP
sa657843,Ramon Santos,P,1.0,0.0,1.0,0.0,0.0,3.4179066784679897,,2024,pit,RP
sa3004190,Connor Johnstone,P,1.0,0.0,1.0,0.0,0.0,3.231546620279551,,2024,pit,RP
sa3019488,Brett Matthews,P,0.593500018119812,0.08649999648332596,1.0,0.0,0.0,3.007006776332856,,2024,pit,RP
sa3006836,Tyler Joyner,P,0.1754000037908554,0.1754000037908554,1.0,0.0,0.0,2.205200090259314,,2024,pit,SP
17304,Emmanuel Ramirez,P,1.0,0.0,1.0,0.0,0.0,3.4479666255414494,,2024,pit,RP
10855,Chasen Shreve,P,1.0,0.0,1.0,0.0,0.0,3.492233331501484,,2024,pit,RP
sa3007999,Tyler Jones,P,1.0,0.0,1.0,0.0,0.0,3.5539666853845127,,2024,pit,RP
sa3004701,Aaron Leasher,P,0.44749999046325684,0.11749999970197678,1.0,0.0,0.0,2.826773213595152,,2024,pit,RP
sa3011592,Zach King,P,0.2660999894142151,0.15610000491142273,1.0,0.0,0.0,2.334993250668049,,2024,pit,SP
20447,Enoli Paredes,P,1.0,0.0,1.0,0.0,0.0,3.708233202248812,BAL,2024,pit,RP
21111,Miguel Yajure,P,0.864799976348877,0.02879999950528145,1.0,0.0,0.0,3.3059798307716846,,2024,pit,RP
5221,Wade LeBlanc,P,0.3783000111579895,0.13230000436306,1.0,0.0,0.0,2.507106552273035,,2024,pit,RP
21453,Konnor Pilkington,P,1.0,0.0,1.0,0.0,0.0,3.7944067142903806,DET,2024,pit,RP
sa3020599,Brody McCullough,P,0.1754000037908554,0.1754000037908554,1.0,0.0,0.0,2.2942532107234004,CHC,2024,pit,SP
sa3007205,Frankie Bartow,P,1.0,0.0,1.0,0.0,0.0,3.4374067783355713,,2024,pit,RP
20541,Phoenix Sanders,P,1.0,0.0,1.0,0.0,0.0,3.4093268066644673,,2024,pit,RP
sa875768,Kyle Wilson,P,0.515999972820282,0.10300000011920929,1.0,0.0,0.0,2.828906656801701,,2024,pit,RP
sa829808,Jeff Bain,P,0.385699987411499,0.1307000070810318,1.0,0.0,0.0,2.5749998621642587,,2024,pit,RP
sa3020875,Steven Zobac,P,0.20839999616146088,0.16840000450611115,1.0,0.0,0.0,2.2149600923061366,KCR,2024,pit,SP
sa3010652,Cole McDonald,P,1.0,0.0,1.0,0.0,0.0,3.6850465737283233,,2024,pit,RP
sa3005435,Luis Angel Rodriguez,P,0.3140000104904175,0.1459999978542328,1.0,0.0,0.0,2.807406502217055,HOU,2024,pit,RP
9178,Kyle Lobstein,P,1.0,0.0,1.0,0.0,0.0,3.2157864637672904,,2024,pit,RP
sa3004736,Jacob Heatherly,P,1.0,0.0,1.0,0.0,0.0,3.2230466701090337,CHW,2024,pit,RP
19800,Wil Crowe,P,1.0,0.0,1.0,0.0,0.0,3.4755464769899844,,2024,pit,RP
16201,Justin Anderson,P,1.0,0.0,1.0,0.0,0.0,3.4600467450916774,,2024,pit,RP
sa621533,Alex Powers,P,1.0,0.0,1.0,0.0,0.0,3.533813333511353,,2024,pit,RP
sa974592,Adrian Alcantara,P,0.3889999985694885,0.12999999523162842,1.0,0.0,0.0,2.583686541020871,,2024,pit,RP
sa3003036,Samuel Reyes,P,0.6248000264167786,0.07980000227689743,1.0,0.0,0.0,2.7921065114438535,,2024,pit,RP
sa3022996,Lucas Braun,P,0.1754000037908554,0.1754000037908554,1.0,0.0,0.0,2.2902201674878593,ATL,2024,pit,SP
sa828727,Carlos Luna,P,0.24639999866485596,0.16040000319480896,1.0,0.0,0.0,2.4041801154613496,,2024,pit,SP
sa3020472,Sean Harney,P,0.3831999897956848,0.13120000064373016,1.0,0.0,0.0,2.9251867510378364,ARI,2024,pit,RP
sa3008040,Yusniel Padron-Artiles,P,0.20430000126361847,0.16930000483989716,1.0,0.0,0.0,2.319786783307791,,2024,pit,SP
sa3008523,Zach Haake,P,0.20260000228881836,0.1695999950170517,1.0,0.0,0.0,2.0684398815035823,,2024,pit,SP
sa3002949,Juan Mejia,P,0.5770000219345093,0.09000000357627869,1.0,0.0,0.0,2.7914599515497684,,2024,pit,RP
sa503722,Tyler Higgins,P,1.0,0.0,1.0,0.0,0.0,3.4750866912305356,,2024,pit,RP
sa3017069,Ross Carver,P,0.2150000035762787,0.16699999570846558,1.0,0.0,0.0,2.657453261315822,CLE,2024,pit,SP
sa875297,Jon Olczak,P,1.0,0.0,1.0,0.0,0.0,3.429966624081135,,2024,pit,RP
sa3004455,Fred Schlichtholz,P,1.0,0.0,1.0,0.0,0.0,3.434186750650406,,2024,pit,RP
9490,Jeremy Jeffress,P,1.0,0.0,1.0,0.0,0.0,3.378273451328278,,2024,pit,RP
sa3020391,Micah Dallas,P,0.5209000110626221,0.10189999639987946,1.0,0.0,0.0,3.030873410403729,OAK,2024,pit,RP
21327,Nicholas Padilla,P,1.0,0.0,1.0,0.0,0.0,3.209926673769951,,2024,pit,RP
sa3014478,Zach McCambley,P,0.974399983882904,0.005400000140070915,1.0,0.0,0.0,3.341859825700522,PHI,2024,pit,RP
24995,Evan Sisk,P,0.8234999775886536,0.03750000149011612,1.0,0.0,0.0,3.1457598984241484,PIT,2024,pit,RP
sa3011496,Ryan Jensen,P,0.6816999912261963,0.06769999861717224,1.0,0.0,0.0,3.209273403137923,CHC,2024,pit,RP
14288,Luke Bard,P,1.0,0.0,1.0,0.0,0.0,3.4812333472073083,,2024,pit,RP
26440,Ryan Gusto,P,0.29660001397132874,0.14959999918937683,1.0,0.0,0.0,2.577693166583776,MIA,2024,pit,SP
sa3017914,Eric Cerantola,P,0.6916000247001648,0.06560000032186508,1.0,0.0,0.0,3.082073374837637,KCR,2024,pit,RP
sa3020745,Kaleb Bowman,P,1.0,0.0,1.0,0.0,0.0,3.515719998627901,MIL,2024,pit,RP
11812,Alberto Baldonado,P,1.0,0.0,1.0,0.0,0.0,3.5971400856971742,,2024,pit,RP
sa3018181,Orlando Ortiz-Mayr,P,0.3865000009536743,0.13050000369548798,1.0,0.0,0.0,2.272073309123516,MIA,2024,pit,RP
4869,Mike Montgomery,P,0.6908000111579895,0.0658000037074089,1.0,0.0,0.0,2.981773220002651,,2024,pit,RP
sa3020315,Cedric De Grandpre,P,0.19609999656677246,0.17110000550746918,1.0,0.0,0.0,2.26028667986393,ATL,2024,pit,SP
8185,Steven Wright,P,1.0,0.0,1.0,0.0,0.0,3.532720208913088,,2024,pit,RP
sa506311,Nelson Gonzalez,P,1.0,0.0,1.0,0.0,0.0,3.473560121655465,,2024,pit,RP
sa3018115,Hayden Seig,P,1.0,0.0,1.0,0.0,0.0,3.2111266873776914,LAA,2024,pit,RP
sa597194,Jose Adames,P,1.0,0.0,1.0,0.0,0.0,3.3866732798516757,,2024,pit,RP
15655,Yefry Ramírez,P,1.0,0.0,1.0,0.0,0.0,3.420586644858122,,2024,pit,RP
sa3018281,Kyle Mora,P,0.8985999822616577,0.02160000056028366,1.0,0.0,0.0,3.4066864095628264,ARI,2024,pit,RP
29928,Dylan Dodd,P,10.0,0.0,10.0,0.0,0.6449999809265137,38.74171839356423,ATL,2024,pit,RP
sa738442,Logan Shore,P,0.1754000037908554,0.1754000037908554,1.0,0.0,0.0,2.452793279290199,SFG,2024,pit,SP
sa3004770,Garrett Schilling,P,0.41130000352859497,0.12530000507831573,1.0,0.0,0.0,1.897719963639974,,2024,pit,RP
30004,McCade Brown,P,0.1754000037908554,0.1754000037908554,1.0,0.0,0.0,1.4409001328051088,COL,2024,pit,SP
sa3016906,Tommy Sommer,P,0.20100000500679016,0.17000000178813934,1.0,0.0,0.0,2.328520096093416,,2024,pit,SP
31475,Logan Henderson,P,0.1754000037908554,0.1754000037908554,1.0,0.0,0.0,2.2896131776273254,MIL,2024,pit,SP
sa547829,Claudio Custodio,P/SS,0.7724000215530396,0.04839999973773956,1.0,0.0,0.0,3.080880150943995,,2024,pit,RP
16166,Chandler Shepherd,P,0.4788999855518341,0.11089999973773956,1.0,0.0,0.0,2.526066564023495,,2024,pit,RP
23426,Max Lazar,P,0.9240999817848206,0.016100000590085983,1.0,0.0,0.0,3.0246069245040417,PHI,2024,pit,RP
20638,Luis F. Castillo,P,1.0,0.0,1.0,0.0,0.0,3.3731066539883616,,2024,pit,RP
sa3007840,Anderson Munoz,P,1.0,0.0,1.0,0.0,0.0,3.618680064380169,,2024,pit,RP
29891,James Meeker,P,0.52920001745224,0.10019999742507935,1.0,0.0,0.0,2.6639132432639605,,2024,pit,RP
sa3017862,Nick Sinacola,P,0.19939999282360077,0.1703999936580658,1.0,0.0,0.0,2.48086007758975,SFG,2024,pit,SP
sa3004573,Dominic LoBrutto,P,1.0,0.0,1.0,0.0,0.0,3.41109311953187,,2024,pit,RP
14699,Jonathan Aro,P,0.5753999948501587,0.09040000289678574,1.0,0.0,0.0,2.6604998588562014,,2024,pit,RP
sa3005359,Brendan Nail,P,0.7146999835968018,0.06069999933242798,1.0,0.0,0.0,3.0938869245350364,,2024,pit,RP
sa3014907,Ben Leeper,P,1.0,0.0,1.0,0.0,0.0,3.5945266433060175,,2024,pit,RP
20177,Ty Tice,P,1.0,0.0,1.0,0.0,0.0,3.3154733575880533,,2024,pit,RP
sa829631,Matt Blackham,P,0.84170001745224,0.03370000049471855,1.0,0.0,0.0,3.352580119669438,,2024,pit,RP
sa3009924,Dylan King,P,1.0,0.0,1.0,0.0,0.0,3.407840006053448,,2024,pit,RP
sa918556,Trevor Bettencourt,P,0.920799970626831,0.01679999940097332,1.0,0.0,0.0,3.237766866385937,,2024,pit,RP
sa3006164,Freddy Pacheco,P,1.0,0.0,1.0,0.0,0.0,3.6749665953218935,,2024,pit,RP
27460,Shun Yamaguchi,P,1.0,0.0,1.0,0.0,0.0,3.529466733336449,,2024,pit,RP
26443,Sam Aldegheri,P,0.18449999392032623,0.17350000143051147,1.0,0.0,0.0,2.016646584123373,LAA,2024,pit,SP
20243,Zac Lowther,P,1.0,0.0,1.0,0.0,0.0,3.412073292583228,,2024,pit,RP
16318,Ricardo Pinto,P,1.0,0.0,1.0,0.0,0.0,3.6318064495921134,,2024,pit,RP
4026,Héctor Santiago,P,0.906000018119812,0.019999999552965164,1.0,0.0,0.0,3.8408734284341337,,2024,pit,RP
19835,Gerson Garabito,P,0.321399986743927,0.1444000005722046,1.0,0.0,0.0,2.5039532363414763,MIL,2024,pit,RP
17679,Rogelio Armenteros,P,0.5877000093460083,0.0877000018954277,1.0,0.0,0.0,2.896733295172453,,2024,pit,RP
sa3006570,Miguel Rodriguez,P,1.0,0.0,1.0,0.0,0.0,3.4989267304539684,,2024,pit,RP
sa3016912,Cameron Leonard,P,1.0,0.0,1.0,0.0,0.0,3.6838800370693208,,2024,pit,RP
sa3011195,Brett Schulze,P,0.9093000292778015,0.019300000742077827,1.0,0.0,0.0,3.462920045107603,,2024,pit,RP
sa3020185,Grant Kipp,P,0.18289999663829803,0.17389999330043793,1.0,0.0,0.0,2.1319399543106554,CHC,2024,pit,SP
sa3004441,Ivan Pelaez,P,1.0,0.0,1.0,0.0,0.0,3.341073384135962,,2024,pit,RP
26058,Easton Lucas,P,1.0,0.0,1.0,0.0,0.0,3.564006631076336,,2024,pit,RP
sa3004362,Jonathan Cheshire,P,1.0,0.0,1.0,0.0,0.0,3.4313666209578515,,2024,pit,RP
sa3014802,Michael Giacone,P,1.0,0.0,1.0,0.0,0.0,3.6131401345133787,,2024,pit,RP
3254,Jeff Samardzija,P,0.1754000037908554,0.1754000037908554,1.0,0.0,0.0,2.0832133904099472,,2024,pit,SP
19903,Adonis Medina,P,1.0,0.0,1.0,0.0,0.0,3.1337732262909417,,2024,pit,RP
27910,Austin Kitchen,P,1.0,0.0,1.0,0.0,0.0,2.572966774553061,SEA,2024,pit,RP
sa3006825,Alex Royalty,P,1.0,0.0,1.0,0.0,0.0,3.404699900001288,,2024,pit,RP
sa3008406,Jorge Bautista,P,0.24799999594688416,0.1599999964237213,1.0,0.0,0.0,2.3263934977352627,,2024,pit,SP
7754,Mike Fiers,P,0.1754000037908554,0.1754000037908554,1.0,0.0,0.0,2.3279266975820065,,2024,pit,SP
sa915622,Kade McClure,P,1.0,0.0,1.0,0.0,0.0,3.2939532585442066,,2024,pit,RP
sa738318,Ian McKinney,P,0.3659000098705292,0.13490000367164612,1.0,0.0,0.0,2.579620116204024,,2024,pit,RP
sa3006964,Sean Rackoski,P,1.0,0.0,1.0,0.0,0.0,3.289566604048014,,2024,pit,RP
sa918295,Matt Dennis,P,0.5580000281333923,0.09399999678134918,1.0,0.0,0.0,2.645700041949749,,2024,pit,RP
sa874215,Thomas Burrows,P,1.0,0.0,1.0,0.0,0.0,3.579640040546656,,2024,pit,RP
17920,Cody Ponce,P,0.8565000295639038,0.030500000342726707,1.0,0.0,0.0,3.1781865790486337,TOR,2024,pit,RP
sa3018151,Ryan Boyer,P,1.0,0.0,1.0,0.0,0.0,3.57159999832511,,2024,pit,RP
sa3017601,Riley Martin,P,1.0,0.0,1.0,0.0,0.0,3.622613163292409,CHC,2024,pit,RP
sa3010581,Matt Mullenbach,P,1.0,0.0,1.0,0.0,0.0,3.3143333420157437,,2024,pit,RP
sa3011676,Lucas Knowles,P,0.84170001745224,0.03370000049471855,1.0,0.0,0.0,2.9894866906106476,LAA,2024,pit,RP
sa3005207,Alex Valverde,P,0.25130000710487366,0.15929999947547913,1.0,0.0,0.0,2.383246678113937,,2024,pit,SP
sa857567,Luke Leftwich,P,1.0,0.0,1.0,0.0,0.0,3.4845400050282485,,2024,pit,RP
sa829022,Jared Robinson,P,1.0,0.0,1.0,0.0,0.0,3.6062068022787575,ATL,2024,pit,RP
sa918634,Lucas Jacobsen,P,0.84170001745224,0.03370000049471855,1.0,0.0,0.0,3.2565534092485904,,2024,pit,RP
8753,Tanner Roark,P,0.6463000178337097,0.07530000060796738,1.0,0.0,0.0,2.9002867192029957,,2024,pit,RP
sa828462,Daniel Álvarez,P,1.0,0.0,1.0,0.0,0.0,3.4412132658064367,,2024,pit,RP
sa3020803,J.P. Massey,P,0.19689999520778656,0.17090000212192535,1.0,0.0,0.0,2.1407931245863443,PIT,2024,pit,SP
15605,Phillips Valdez,P,1.0,0.0,1.0,0.0,0.0,3.295286610722542,,2024,pit,RP
sa3004826,Brian Glowicki,P,0.6463000178337097,0.07530000060796738,1.0,0.0,0.0,3.0217669688165185,,2024,pit,RP
21549,Jackson Kowar,P,1.0,0.0,1.0,0.0,0.0,4.003799960762262,BAL,2024,pit,RP
sa828693,Joe Gatto,P,0.770799994468689,0.04879999905824661,1.0,0.0,0.0,3.193480075150728,,2024,pit,RP
17117,Austin Davis,P,0.9067999720573425,0.01979999989271164,1.0,0.0,0.0,3.585213226824999,,2024,pit,RP
sa738610,Tyler Viza,P,1.0,0.0,1.0,0.0,0.0,3.4039866425096994,,2024,pit,RP
sa3020325,Tristan Stivors,P,1.0,0.0,1.0,0.0,0.0,3.428953342139721,,2024,pit,RP
12664,Jerad Eickhoff,P,0.1754000037908554,0.1754000037908554,1.0,0.0,0.0,2.0697333656251433,,2024,pit,SP
9325,Jared Hughes,P,1.0,0.0,1.0,0.0,0.0,3.2925267212092884,,2024,pit,RP
sa505062,Endrys Briceno,P,1.0,0.0,1.0,0.0,0.0,3.463440047204495,,2024,pit,RP
sa3020872,Michael Knorr,P,0.25540000200271606,0.15839999914169312,1.0,0.0,0.0,2.457966803759336,HOU,2024,pit,SP
sa3014811,Braxton Roxby,P,1.0,0.0,1.0,0.0,0.0,3.024233311414719,SFG,2024,pit,RP
14272,Brian Johnson,P,0.5299999713897705,0.10000000149011612,1.0,0.0,0.0,2.675373511016369,,2024,pit,RP
sa3020077,Jake Garland,P,0.218299999833107,0.1662999987602234,1.0,0.0,0.0,2.294633410125971,OAK,2024,pit,SP
18347,Brandon Waddell,P,1.0,0.0,1.0,0.0,0.0,3.4107067629694936,NYM,2024,pit,RP
sa3020712,Tyler Schweitzer,P,0.18199999630451202,0.17399999499320984,1.0,0.0,0.0,2.0984198905527593,CHW,2024,pit,SP
21092,Nick Duron,P,1.0,0.0,1.0,0.0,0.0,3.5160666644573215,,2024,pit,RP
sa3010573,Matteo Bocchi,P,0.45329999923706055,0.11630000174045563,1.0,0.0,0.0,2.701220090687275,,2024,pit,RP
sa917637,Harold Chirino,P,1.0,0.0,1.0,0.0,0.0,3.424553209543228,,2024,pit,RP
sa3004341,Evan Kruczynski,P,1.0,0.0,1.0,0.0,0.0,3.5241600424051285,,2024,pit,RP
sa828794,Brian Gonzalez,P,0.31310001015663147,0.1460999995470047,1.0,0.0,0.0,2.541426849365234,SDP,2024,pit,RP
12249,Ryan Sherriff,P,1.0,0.0,1.0,0.0,0.0,3.180060079693795,,2024,pit,RP
sa3011198,Michael Dominguez,P,0.1754000037908554,0.1754000037908554,1.0,0.0,0.0,2.448699939250946,,2024,pit,SP
17355,Edgar Santana,P,1.0,0.0,1.0,0.0,0.0,3.3310401633381845,,2024,pit,RP
sa909930,Yaisel Sierra,P,1.0,0.0,1.0,0.0,0.0,3.3896266803145414,,2024,pit,RP
sa3011145,Jimmy Robbins,P,0.2142000049352646,0.1671999990940094,1.0,0.0,0.0,2.418553425371647,,2024,pit,SP
sa874732,Nolan Watson,P,0.19609999656677246,0.17110000550746918,1.0,0.0,0.0,2.148686827719212,,2024,pit,SP
11903,Michael Feliz,P,1.0,0.0,1.0,0.0,0.0,3.4505933649837974,,2024,pit,RP
sa3017752,Scott Randall,P,0.1754000037908554,0.1754000037908554,1.0,0.0,0.0,2.070206595957279,,2024,pit,SP
sa659266,Sean McLaughlin,P,0.9018999934196472,0.020899999886751175,1.0,0.0,0.0,3.2149466432631018,,2024,pit,RP
sa874231,Logan Salow,P,0.41130000352859497,0.12530000507831573,1.0,0.0,0.0,2.7279135204851626,,2024,pit,RP
15964,Keury Mella,P,1.0,0.0,1.0,0.0,0.0,3.367466600984335,,2024,pit,RP
sa918150,Tommy Eveld,P,1.0,0.0,1.0,0.0,0.0,3.4067466244101525,,2024,pit,RP
sa3003124,Marcos Tineo,P,0.1754000037908554,0.1754000037908554,1.0,0.0,0.0,2.2852266438305375,ARI,2024,pit,SP
sa928287,Raul Brito,P,1.0,0.0,1.0,0.0,0.0,3.4492799840867523,MIN,2024,pit,RP
sa3018284,Luke Summers,P,1.0,0.0,1.0,0.0,0.0,3.4014999382197857,,2024,pit,RP
sa828598,Cristopher Molina,P,0.6685000061988831,0.07050000131130219,1.0,0.0,0.0,2.9330132529139523,,2024,pit,RP
sa3017319,Patrick Halligan,P,0.3799000084400177,0.13189999759197235,1.0,0.0,0.0,2.5734601810574533,BOS,2024,pit,RP
sa3004591,Brody Rodning,P,0.7682999968528748,0.049300000071525574,1.0,0.0,0.0,3.0921266123652464,,2024,pit,RP
sa3017545,Tyler Schoff,P,1.0,0.0,1.0,0.0,0.0,3.189953346550465,WSN,2024,pit,RP
13058,Reymin Guduan,P,1.0,0.0,1.0,0.0,0.0,3.346920146048069,,2024,pit,RP
6819,Robbie Ross Jr.,P,0.8672000169754028,0.028200000524520874,1.0,0.0,0.0,3.21897981017828,,2024,pit,RP
sa3020470,Derek Diamond,P,0.19939999282360077,0.1703999936580658,1.0,0.0,0.0,1.9941932164132603,PIT,2024,pit,SP
12272,Aaron Brooks,P,1.0,0.0,1.0,0.0,0.0,3.4307200305163867,,2024,pit,RP
19535,Ryan Hendrix,P,1.0,0.0,1.0,0.0,0.0,3.4663866072893144,,2024,pit,RP
13616,Taylor Guerrieri,P,1.0,0.0,1.0,0.0,0.0,3.2987799130380155,,2024,pit,RP
11341,Sean Nolin,P,1.0,0.0,1.0,0.0,0.0,3.4643333308398723,,2024,pit,RP
26117,Blas Castaño,P,0.3808000087738037,0.13179999589920044,1.0,0.0,0.0,2.9675535589456556,SEA,2024,pit,RP
19705,Matt Swarmer,P,0.40220001339912415,0.12720000743865967,1.0,0.0,0.0,2.6333801448345184,,2024,pit,RP
sa739012,Sal Mendez,P,0.7649999856948853,0.05000000074505806,1.0,0.0,0.0,3.103699877113104,,2024,pit,RP
15290,Austin Pruitt,P,0.835099995136261,0.035100001841783524,1.0,0.0,0.0,2.8379466965794564,OAK,2024,pit,RP
sa3005836,Cristian Hernandez,P,0.676800012588501,0.06880000233650208,1.0,0.0,0.0,2.8033667325973513,,2024,pit,RP
4994,Fernando Abad,P,1.0,0.0,1.0,0.0,0.0,3.395520114898682,,2024,pit,RP
sa3020314,Alex Williams,P,0.1754000037908554,0.1754000037908554,1.0,0.0,0.0,2.0908798493444922,MIA,2024,pit,SP
sa732750,Edgar Arredondo,P,0.5637999773025513,0.09279999881982803,1.0,0.0,0.0,2.8499667160212994,,2024,pit,RP
sa3005694,Luis Devers,P,0.18700000643730164,0.17299999296665192,1.0,0.0,0.0,2.1615066468715676,,2024,pit,SP
sa3018005,Christian MacLeod,P,0.18619999289512634,0.17319999635219574,1.0,0.0,0.0,2.265686777234077,MIN,2024,pit,SP
8246,Paolo Espino,P,1.0,0.0,1.0,0.0,0.0,3.4639332830905922,,2024,pit,RP
16793,Kyle McGrath,P,0.552299976348877,0.09529999643564224,1.0,0.0,0.0,2.7904267325997356,,2024,pit,RP
5401,Brad Peacock,P,0.6396999955177307,0.07670000195503235,1.0,0.0,0.0,2.9060201980173592,,2024,pit,RP
sa3014501,Nick Garcia,P,0.24310000240802765,0.16110000014305115,1.0,0.0,0.0,2.509319812059403,SEA,2024,pit,SP
sa918495,Alejandro Mateo,P,0.9133999943733215,0.018400000408291817,1.0,0.0,0.0,3.3092465147376067,,2024,pit,RP
15126,Tyler Danish,P,1.0,0.0,1.0,0.0,0.0,3.1965931028127677,,2024,pit,RP
sa917869,Deyni Olivero,P,0.1754000037908554,0.1754000037908554,1.0,0.0,0.0,1.9627466909587383,,2024,pit,SP
23095,Jake Wong,P,1.0,0.0,1.0,0.0,0.0,2.6155533254146577,,2024,pit,RP
sa3004637,Joey Marciano,P,0.7889000177383423,0.04490000009536743,1.0,0.0,0.0,3.164646779745817,,2024,pit,RP
25665,Cole Waites,P,1.0,0.0,1.0,0.0,0.0,3.8974600717425347,DET,2024,pit,RP
sa3017777,Jordan Fowler,P,0.1754000037908554,0.1754000037908554,1.0,0.0,0.0,1.767893502116204,,2024,pit,SP
sa3017530,Christopher Troye,P,1.0,0.0,1.0,0.0,0.0,3.5382199652493,,2024,pit,RP
sa3004713,Tim Naughton,P,0.7419000267982483,0.05490000173449516,1.0,0.0,0.0,3.172146590799094,DET,2024,pit,RP
25777,Peyton Battenfield,P,0.2232999950647354,0.16529999673366547,1.0,0.0,0.0,2.263946601003409,,2024,pit,SP
sa3019367,Jhancarlos Lara,P,0.2282000035047531,0.16419999301433563,1.0,0.0,0.0,2.449893342703581,ATL,2024,pit,SP
sa828702,Ronnie Williams,P,0.35850000381469727,0.13650000095367432,1.0,0.0,0.0,2.7360465914011,,2024,pit,RP
sa3017751,Ronan Kopp,P,0.24060000479221344,0.1615999937057495,1.0,0.0,0.0,2.3179333478212354,LAD,2024,pit,SP
15051,Silvino Bracho,P,1.0,0.0,1.0,0.0,0.0,3.237586568295956,,2024,pit,RP
sa3018004,Blake Beers,P,0.21170000731945038,0.16769999265670776,1.0,0.0,0.0,2.495793384313584,OAK,2024,pit,SP
16470,Roel Ramírez,P,1.0,0.0,1.0,0.0,0.0,3.3637733213603496,,2024,pit,RP
sa3007585,Austin Schulfer,P,1.0,0.0,1.0,0.0,0.0,3.386246586591006,PHI,2024,pit,RP
sa917740,Faustino Carrera,P,0.3815999925136566,0.1316000074148178,1.0,0.0,0.0,2.8402734182775022,,2024,pit,RP
11596,Deck McGuire,P,0.24060000479221344,0.1615999937057495,1.0,0.0,0.0,1.802099872380495,,2024,pit,SP
sa3021722,Mitch Neunborn,P,0.263700008392334,0.156700000166893,1.0,0.0,0.0,2.1343865610659125,PHI,2024,pit,SP
17281,Thomas Pannone,P,6.0,0.0,6.0,0.0,0.6262999773025513,24.012399125099186,MIL,2024,pit,RP
sa3015476,Yordanny Monegro,P,0.19609999656677246,0.17110000550746918,1.0,0.0,0.0,2.1453598782420156,BOS,2024,pit,SP
22982,José Lopez,P,1.0,0.0,1.0,0.0,0.0,3.6383265323936937,,2024,pit,RP
sa3019817,Jonah Scolaro,P,0.9010999798774719,0.0210999995470047,1.0,0.0,0.0,3.2454400666058065,,2024,pit,RP
4696,Nate Jones,P,1.0,0.0,1.0,0.0,0.0,3.396819922327996,,2024,pit,RP
sa3006557,Valentin Linarez,P,0.49619999527931213,0.10719999670982361,1.0,0.0,0.0,2.690253331512213,WSN,2024,pit,RP
24914,Lazaro Estrada,P,0.4203000068664551,0.12330000102519989,1.0,0.0,0.0,2.7158932052552704,TOR,2024,pit,RP
15291,Steven Brault,P,1.0,0.0,1.0,0.0,0.0,3.33021979406476,,2024,pit,RP
sa3014975,Blane Abeyta,P,0.18950000405311584,0.17249999940395355,1.0,0.0,0.0,2.2351067200303083,ATL,2024,pit,SP
6435,Vance Worley,P,0.18619999289512634,0.17319999635219574,1.0,0.0,0.0,2.0870265021920207,,2024,pit,SP
sa3014850,Antonio Velez,P,1.0,0.0,1.0,0.0,0.0,3.2826800830662255,,2024,pit,RP
14169,Kyle Zimmer,P,0.9538000226020813,0.009800000116229057,1.0,0.0,0.0,3.3494066156446936,,2024,pit,RP
sa3020313,Ryan Brady,P,1.0,0.0,1.0,0.0,0.0,3.1884134471416474,KCR,2024,pit,RP
sa3008312,Colton Eastman,P,0.3353999853134155,0.14139999449253082,1.0,0.0,0.0,2.4090466067194938,,2024,pit,RP
sa3010005,Michael Stryffeler,P,1.0,0.0,1.0,0.0,0.0,3.8190400436520577,,2024,pit,RP
24604,Austin Cox,P,0.7609000205993652,0.05090000107884407,1.0,0.0,0.0,3.0026600882411008,ATL,2024,pit,RP
15240,Kevin McCarthy,P,1.0,0.0,1.0,0.0,0.0,3.0488265782594683,,2024,pit,RP
31989,Thomas Harrington,P,0.1754000037908554,0.1754000037908554,1.0,0.0,0.0,2.1483866028487677,PIT,2024,pit,SP
sa737032,Junior Garcia,P,1.0,0.0,1.0,0.0,0.0,3.342073471099139,,2024,pit,RP
sa3005177,Noel Vela,P,1.0,0.0,1.0,0.0,0.0,3.511226770281792,SDP,2024,pit,RP
sa3008129,Jackson Rose,P,1.0,0.0,1.0,0.0,0.0,3.2984467163681988,,2024,pit,RP
5358,Jose Alvarez,P,1.0,0.0,1.0,0.0,0.0,3.2387133248150355,,2024,pit,RP
sa3007906,Ryan Conroy,P,1.0,0.0,1.0,0.0,0.0,3.3110467955470084,,2024,pit,RP
sa3017725,Ryne Moore,P,0.25049999356269836,0.15950000286102295,1.0,0.0,0.0,2.1197398662567144,,2024,pit,SP
17877,Brett Kennedy,P,0.5414999723434448,0.09749999642372131,1.0,0.0,0.0,2.3088665701448923,,2024,pit,RP
sa3005702,Cruz Noriega,P,0.4375999867916107,0.11959999799728394,1.0,0.0,0.0,2.339973499625922,,2024,pit,RP
sa828216,Henry Martinez,P,1.0,0.0,1.0,0.0,0.0,3.355380127578974,,2024,pit,RP
sa738313,Cale Coshow,P,1.0,0.0,1.0,0.0,0.0,3.3539867527782916,,2024,pit,RP
sa658287,Ronald Peña,P,1.0,0.0,1.0,0.0,0.0,3.1201798200607307,,2024,pit,RP
20476,Peter Solomon,P,1.0,0.0,1.0,0.0,0.0,3.388833267241717,,2024,pit,RP
31846,Spencer Schwellenbach,P,0.1754000037908554,0.1754000037908554,1.0,0.0,0.0,2.0999400332570084,ATL,2024,pit,SP
sa876250,Adam Lau,P,0.777400016784668,0.04740000143647194,1.0,0.0,0.0,3.0710666671395304,,2024,pit,RP
sa3015136,David Griffin,P,0.24719999730587006,0.16019999980926514,1.0,0.0,0.0,2.337853356450797,,2024,pit,SP
sa874967,Riley Ferrell,P,1.0,0.0,1.0,0.0,0.0,3.452660018205643,,2024,pit,RP
sa3020746,Max Rajcic,P,0.1754000037908554,0.1754000037908554,1.0,0.0,0.0,2.1368932761251926,STL,2024,pit,SP
sa827486,Alex Katz,P,0.659500002861023,0.07249999791383743,1.0,0.0,0.0,2.9174666613340383,,2024,pit,RP
11964,Taylor Cole,P,0.8828999996185303,0.024900000542402267,1.0,0.0,0.0,3.060620009154082,,2024,pit,RP
sa923839,Jose Bravo,P,0.6545000076293945,0.07349999994039536,1.0,0.0,0.0,2.8879532679915427,,2024,pit,RP
sa916836,Miguel Figueroa,P,1.0,0.0,1.0,0.0,0.0,3.4663466118276127,,2024,pit,RP
sa3017260,Ryan Costeiu,P,0.263700008392334,0.156700000166893,1.0,0.0,0.0,2.207220043987036,LAA,2024,pit,SP
sa1171029,David Leal,P,0.5152000188827515,0.10320000350475311,1.0,0.0,0.0,2.836726763099432,,2024,pit,RP
sa875060,Jack Wynkoop,P,1.0,0.0,1.0,0.0,0.0,3.3576334334909914,,2024,pit,RP
sa3020526,Michael Prosecky,P,0.1754000037908554,0.1754000037908554,1.0,0.0,0.0,1.3723334386944765,COL,2024,pit,SP
8004,Marcus Walden,P,1.0,0.0,1.0,0.0,0.0,3.1156599298119545,,2024,pit,RP
sa975541,Osvaldo Hernandez,P,0.6825000047683716,0.06750000268220901,1.0,0.0,0.0,2.8585331432521346,,2024,pit,RP
sa3007728,Chris Gau,P,0.8828999996185303,0.024900000542402267,1.0,0.0,0.0,3.243226707726717,,2024,pit,RP
sa876201,Hector Lujan,P,1.0,0.0,1.0,0.0,0.0,3.4612000346183778,,2024,pit,RP
sa3006759,Aaron Shortridge,P,0.18700000643730164,0.17299999296665192,1.0,0.0,0.0,2.0415265962481493,,2024,pit,SP
32095,Cam Schlittler,P,0.18700000643730164,0.17299999296665192,1.0,0.0,0.0,2.1561533853411676,NYY,2024,pit,SP
sa3007254,Ryan Tapani,P,0.852400004863739,0.03139999881386757,1.0,0.0,0.0,3.0027535311877727,WSN,2024,pit,RP
sa917812,Alfonso Hernández,P,0.2727000117301941,0.15469999611377716,1.0,0.0,0.0,2.1314066730439665,WSN,2024,pit,SP
23310,Damon Jones,P,1.0,0.0,1.0,0.0,0.0,3.5231332801282407,,2024,pit,RP
sa915685,Colton Hock,P,1.0,0.0,1.0,0.0,0.0,3.2518268063664437,,2024,pit,RP
sa598926,Bradley Roney,P,1.0,0.0,1.0,0.0,0.0,3.5198066569864754,,2024,pit,RP
sa3018107,Rodney Boone,P,0.18529999256134033,0.17329999804496765,1.0,0.0,0.0,2.428526847064495,CLE,2024,pit,SP
10354,Robbie Erlin,P,1.0,0.0,1.0,0.0,0.0,3.2641199775040155,,2024,pit,RP
11294,Zach Neal,P,0.6948999762535095,0.0649000033736229,1.0,0.0,0.0,2.838539922237397,,2024,pit,RP
31508,Caden Dana,P,0.1754000037908554,0.1754000037908554,1.0,0.0,0.0,2.063560155779123,LAA,2024,pit,SP
16980,Daniel Mengden,P,0.6858000159263611,0.06679999828338623,1.0,0.0,0.0,2.881739983707667,,2024,pit,RP
16265,Sam Howard,P,1.0,0.0,1.0,0.0,0.0,3.5499067813158036,,2024,pit,RP
sa887660,Jefry Valdez,P,0.8853999972343445,0.024399999529123306,1.0,0.0,0.0,3.145666525512934,,2024,pit,RP
sa918394,Jacob Bosiokovic,P/1B,1.0,0.0,1.0,0.0,0.0,3.401733153313398,,2024,pit,RP
sa3008588,Rylan Kaufman,P,0.3140000104904175,0.1459999978542328,1.0,0.0,0.0,2.388273484259844,CHW,2024,pit,RP
sa3004215,Seth Nordlin,P,0.4194999933242798,0.12349999696016312,1.0,0.0,0.0,2.3943333640694626,,2024,pit,RP
sa3020677,Dylan Lesko,P,0.1754000037908554,0.1754000037908554,1.0,0.0,0.0,2.2788200095295914,TBR,2024,pit,SP
sa738686,A.J. Puckett,P,0.7939000129699707,0.04390000179409981,1.0,0.0,0.0,2.9787599235773086,,2024,pit,RP
sa3017535,Zane Mills,P,0.2190999984741211,0.16609999537467957,1.0,0.0,0.0,1.9712467700242997,CHC,2024,pit,SP
sa875198,Ryan Lawlor,P,1.0,0.0,1.0,0.0,0.0,3.4524533420801164,,2024,pit,RP
sa3002779,J.B. Olson,P,0.7831000089645386,0.04610000178217888,1.0,0.0,0.0,2.893926730006933,,2024,pit,RP
19285,Kyle Dowdy,P,1.0,0.0,1.0,0.0,0.0,3.365613222122193,,2024,pit,RP
sa3017367,Jimmy Burnette,P,1.0,0.0,1.0,0.0,0.0,3.6273334339261054,TOR,2024,pit,RP
23811,Luarbert Arias,P,1.0,0.0,1.0,0.0,0.0,3.3680601738393308,,2024,pit,RP
sa3014789,Jaime Arias,P,0.3617999851703644,0.13580000400543213,1.0,0.0,0.0,2.682539817690849,,2024,pit,RP
sa917951,Reggie Lawson,P,0.1754000037908554,0.1754000037908554,1.0,0.0,0.0,2.237066671997309,,2024,pit,SP
sa3014804,James Proctor,P,0.1754000037908554,0.1754000037908554,1.0,0.0,0.0,1.5234735682606693,CIN,2024,pit,SP
sa3017464,Donovan Benoit,P,1.0,0.0,1.0,0.0,0.0,2.9716333389282226,,2024,pit,RP
17018,Jefry Rodriguez,P,0.864799976348877,0.02879999950528145,1.0,0.0,0.0,3.2107932910323145,,2024,pit,RP
18593,Anderson Espinoza,P,1.0,0.0,1.0,0.0,0.0,3.388186693936586,,2024,pit,RP
11432,A.J. Schugel,P,1.0,0.0,1.0,0.0,0.0,3.4616800144314768,,2024,pit,RP
sa918535,Tyler Erwin,P,1.0,0.0,1.0,0.0,0.0,3.329686710983515,,2024,pit,RP
sa3020835,Erik Martinez,P,0.8968999981880188,0.021900000050663948,1.0,0.0,0.0,3.1448934160172937,,2024,pit,RP
22370,Raymond Burgos,P,0.8945000171661377,0.02250000089406967,1.0,0.0,0.0,3.1465666718780994,,2024,pit,RP
sa3007713,Jack Perkins,P,0.45249998569488525,0.11649999767541885,1.0,0.0,0.0,2.549859908968211,,2024,pit,RP
sa3005187,Lincoln Henzman,P,1.0,0.0,1.0,0.0,0.0,3.1184401705861093,OAK,2024,pit,RP
14696,Keone Kela,P,1.0,0.0,1.0,0.0,0.0,3.4251466035842895,,2024,pit,RP
sa918482,Colin McKee,P,0.8837000131607056,0.024700000882148743,1.0,0.0,0.0,3.2857600368559363,,2024,pit,RP
sa3018173,Garrett Burhenn,P,0.22660000622272491,0.16459999978542328,1.0,0.0,0.0,2.1239332102239126,DET,2024,pit,SP
6238,Diego Moreno,P,1.0,0.0,1.0,0.0,0.0,3.1524333670735367,,2024,pit,RP
sa3004864,Kyle Zurak,P,1.0,0.0,1.0,0.0,0.0,3.3360466435551643,,2024,pit,RP
14033,Mike Hauschild,P,0.18860000371932983,0.17260000109672546,1.0,0.0,0.0,2.0221867360174657,,2024,pit,SP
9646,Brian Moran,P,1.0,0.0,1.0,0.0,0.0,3.4401799589395523,,2024,pit,RP
979,Joe Beimel,P,0.8978000283241272,0.021800000220537186,1.0,0.0,0.0,3.2450464852154255,,2024,pit,RP
sa3010254,Austin Roberts,P,1.0,0.0,1.0,0.0,0.0,3.2305934101343157,TEX,2024,pit,RP
14467,Daniel Camarena,P,1.0,0.0,1.0,0.0,0.0,3.2278330743312833,,2024,pit,RP
sa828552,Breiling Eusebio,P,0.18449999392032623,0.17350000143051147,1.0,0.0,0.0,2.047519992291927,,2024,pit,SP
30085,Ben Casparius,P,0.21580000221729279,0.16680000722408295,1.0,0.0,0.0,2.0551665991544725,LAD,2024,pit,SP
sa3019458,Tim Holdgrafer,P,1.0,0.0,1.0,0.0,0.0,3.2746132478117946,,2024,pit,RP
sa3007862,Tyler Mitzel,P,1.0,0.0,1.0,0.0,0.0,3.3076999530196196,,2024,pit,RP
7882,Josh Lindblom,P,1.0,0.0,1.0,0.0,0.0,3.3405400991439826,,2024,pit,RP
sa737534,Ian Clarkin,P,0.2825999855995178,0.1526000052690506,1.0,0.0,0.0,2.146440130472184,,2024,pit,SP
21281,Tommy Doyle,P,1.0,0.0,1.0,0.0,0.0,3.5257866032421594,,2024,pit,RP
sa598099,Jason Creasy,P,1.0,0.0,1.0,0.0,0.0,3.3552868261933333,,2024,pit,RP
sa3004860,Jhordany Mezquita,P,0.5877000093460083,0.0877000018954277,1.0,0.0,0.0,2.624660187214613,PHI,2024,pit,RP
22192,Hans Crouse,P,0.1754000037908554,0.1754000037908554,1.0,0.0,0.0,2.1198133133351797,BAL,2024,pit,SP
sa873314,Melvin Adón,P,1.0,0.0,1.0,0.0,0.0,3.25000014230609,,2024,pit,RP
15792,Rob Kaminsky,P,1.0,0.0,1.0,0.0,0.0,3.177393451333046,,2024,pit,RP
sa3020735,Cameron Foster,P,0.19519999623298645,0.1712000072002411,1.0,0.0,0.0,2.248000071197748,BAL,2024,pit,SP
13194,Joe Biagini,P,1.0,0.0,1.0,0.0,0.0,3.2057131618261336,,2024,pit,RP
1157,Tommy Hunter,P,1.0,0.0,1.0,0.0,0.0,3.3311067208647733,,2024,pit,RP
16427,Scott Blewett,P,1.0,0.0,1.0,0.0,0.0,3.321586751937866,STL,2024,pit,RP
sa550615,Carlos Navas,P,0.8267999887466431,0.03680000081658363,1.0,0.0,0.0,2.9301533602178096,,2024,pit,RP
20632,Elvis Luciano,P,1.0,0.0,1.0,0.0,0.0,3.341013160347939,,2024,pit,RP
sa856254,Ryan Mason,P,1.0,0.0,1.0,0.0,0.0,3.3665333949029446,,2024,pit,RP
sa3005194,Mark Washington,P,0.7831000089645386,0.04610000178217888,1.0,0.0,0.0,3.117106667160988,,2024,pit,RP
sa3017315,Brooks Gosswein,P,0.274399995803833,0.15440000593662262,1.0,0.0,0.0,2.257400023937226,,2024,pit,SP
15451,Mike Mayers,P,0.6973999738693237,0.06440000236034393,1.0,0.0,0.0,3.0104268327355386,,2024,pit,RP
3599,Brian Schlitter,P,1.0,0.0,1.0,0.0,0.0,3.1171665117144585,,2024,pit,RP
23420,Beau Sulser,P,1.0,0.0,1.0,0.0,0.0,3.1861532375216486,,2024,pit,RP
11691,Tayron Guerrero,P,1.0,0.0,1.0,0.0,0.0,3.3221199065446854,BOS,2024,pit,RP
sa3017686,Keagan Gillies,P,1.0,0.0,1.0,0.0,0.0,3.559306695312262,BAL,2024,pit,RP
sa3017385,Ryan Cusick,P,0.1754000037908554,0.1754000037908554,1.0,0.0,0.0,2.4568534366786485,PHI,2024,pit,SP
sa3017383,Garrett Hawkins,P,0.1754000037908554,0.1754000037908554,1.0,0.0,0.0,2.1665933236479766,SDP,2024,pit,SP
sa3007958,Cody Deason,P,0.25049999356269836,0.15950000286102295,1.0,0.0,0.0,2.250433352589607,,2024,pit,SP
sa3017311,Evan Gates,P,1.0,0.0,1.0,0.0,0.0,3.571073394268751,PHI,2024,pit,RP
19529,Cam Vieaux,P,1.0,0.0,1.0,0.0,0.0,3.3550465904176243,,2024,pit,RP
sa3004584,Drew Strotman,P,0.3617999851703644,0.13580000400543213,1.0,0.0,0.0,2.543473539501429,,2024,pit,RP
sa917861,Andres Sotillet,P,1.0,0.0,1.0,0.0,0.0,3.2492600873112685,,2024,pit,RP
sa876362,Braden Webb,P,1.0,0.0,1.0,0.0,0.0,3.4151466064155107,,2024,pit,RP
sa3007597,Carson Teel,P,0.6092000007629395,0.08320000022649765,1.0,0.0,0.0,2.6005266606807704,,2024,pit,RP
sa1170867,Luis Quiñones,P,0.35519999265670776,0.1371999979019165,1.0,0.0,0.0,2.7242533475160595,MIN,2024,pit,RP
19341,Hector Velázquez,P,0.6776000261306763,0.06859999895095825,1.0,0.0,0.0,2.7841131485998636,,2024,pit,RP
sa3020407,Jack Choate,P,0.29499998688697815,0.15000000596046448,1.0,0.0,0.0,2.5971531331539155,SFG,2024,pit,SP
sa3002917,Rafael Kelly,P,0.1754000037908554,0.1754000037908554,1.0,0.0,0.0,1.9539930813014506,,2024,pit,SP
12774,Jairo Díaz,P,1.0,0.0,1.0,0.0,0.0,3.3167534939944745,,2024,pit,RP
sa3019952,Cameron Wagoner,P,0.19030000269412994,0.17229999601840973,1.0,0.0,0.0,2.009433291107416,MIL,2024,pit,SP
sa3008237,Rito Lugo,P,0.35600000619888306,0.13699999451637268,1.0,0.0,0.0,2.340526814758778,,2024,pit,RP
sa3004661,Shawn Semple,P,0.2669999897480011,0.15600000321865082,1.0,0.0,0.0,2.089900023490191,,2024,pit,SP
17292,Javy Guerra,P,0.9332000017166138,0.0142000000923872,1.0,0.0,0.0,3.092713347822428,ATL,2024,pit,RP
11467,A.J. Cole,P,1.0,0.0,1.0,0.0,0.0,3.3181265681982044,,2024,pit,RP
sa3004571,Kyle Johnston,P,0.7954999804496765,0.04349999874830246,1.0,0.0,0.0,2.9573468089103696,,2024,pit,RP
sa3018148,Hunter Stanley,P,0.18860000371932983,0.17260000109672546,1.0,0.0,0.0,2.309066578745842,CLE,2024,pit,SP
sa3016226,Victor Juarez,P,0.1754000037908554,0.1754000037908554,1.0,0.0,0.0,1.2478535480797288,COL,2024,pit,SP
sa873188,Robinson Martínez,P,1.0,0.0,1.0,0.0,0.0,3.260233291238546,NYM,2024,pit,RP
sa3020330,Owen Murphy,P,0.1754000037908554,0.1754000037908554,1.0,0.0,0.0,2.219573166966439,ATL,2024,pit,SP
sa3019429,Sean Hermann,P,0.1754000037908554,0.1754000037908554,1.0,0.0,0.0,1.9683468185365203,SEA,2024,pit,SP
sa1170425,Zack Phillips,P,0.6858000159263611,0.06679999828338623,1.0,0.0,0.0,2.851293563097715,,2024,pit,RP
sa873148,Dalbert Siri,P,1.0,0.0,1.0,0.0,0.0,3.352899976819754,,2024,pit,RP
sa3003015,Adolfo Ramirez,P,0.4277999997138977,0.121799997985363,1.0,0.0,0.0,2.511100120842457,,2024,pit,RP
16061,Cam Booser,P,1.0,0.0,1.0,0.0,0.0,3.2993132337927826,TBR,2024,pit,RP
sa832779,Moises Gomez,P,0.9052000045776367,0.02019999921321869,1.0,0.0,0.0,3.166066671907902,MIL,2024,pit,RP
18341,Julian Fernández,P,1.0,0.0,1.0,0.0,0.0,3.402359995990992,WSN,2024,pit,RP
19330,Matt Festa,P,1.0,0.0,1.0,0.0,0.0,3.613013461977244,CLE,2024,pit,RP
sa918258,Ryan Olson,P,0.6140999794006348,0.08209999650716782,1.0,0.0,0.0,2.332913324981928,,2024,pit,RP
sa3004022,Scott Boches,P,0.9258000254631042,0.015799999237060547,1.0,0.0,0.0,3.661879875510931,,2024,pit,RP
27583,Garrett Acton,P,1.0,0.0,1.0,0.0,0.0,3.5042066812515262,MIA,2024,pit,RP
24763,Kyle Leahy,P,1.0,0.0,1.0,0.0,0.0,3.3664267167449,STL,2024,pit,RP
sa3010134,Fernando Sanchez,P,0.49540001153945923,0.10740000009536743,1.0,0.0,0.0,2.7089199610054497,SDP,2024,pit,RP
sa3018191,Russell Smith,P,0.7749000191688538,0.0478999987244606,1.0,0.0,0.0,3.0989466033875943,MIL,2024,pit,RP
18332,Eric Hanhold,P,1.0,0.0,1.0,0.0,0.0,3.264300150424242,,2024,pit,RP
sa3011191,T.J. Sikkema,P,1.0,0.0,1.0,0.0,0.0,2.817099918425083,BOS,2024,pit,RP
sa3006694,Wen-Hua Sung,P,1.0,0.0,1.0,0.0,0.0,3.414433404803276,,2024,pit,RP
sa3020400,Trevin Michael,P,0.9578999876976013,0.008899999782443047,1.0,0.0,0.0,3.3734332576394084,DET,2024,pit,RP
17179,Bubby Rossman,P,1.0,0.0,1.0,0.0,0.0,3.417326597124339,,2024,pit,RP
19736,Caleb Boushley,P,1.0,0.0,1.0,0.0,0.0,3.3390600159764294,,2024,pit,RP
sa3008375,Jose Quezada,P,1.0,0.0,1.0,0.0,0.0,3.297746606916189,,2024,pit,RP
sa875052,Garrett Davila,P,0.20839999616146088,0.16840000450611115,1.0,0.0,0.0,2.6439264573156835,,2024,pit,SP
20227,Jake Walsh,P,1.0,0.0,1.0,0.0,0.0,3.521079932153225,,2024,pit,RP
sa3005114,Marshall Kasowski,P,1.0,0.0,1.0,0.0,0.0,3.4558067627251146,,2024,pit,RP
6661,Alex Colomé,P,1.0,0.0,1.0,0.0,0.0,3.227406693249941,,2024,pit,RP
16459,Joe Harvey,P,1.0,0.0,1.0,0.0,0.0,3.365126559883356,,2024,pit,RP
sa3020527,William Kempner,P,0.7294999957084656,0.057500001043081284,1.0,0.0,0.0,3.2311866514384753,MIA,2024,pit,RP
sa3002749,West Tunnell,P,1.0,0.0,1.0,0.0,0.0,3.3541799962520606,,2024,pit,RP
16106,Cy Sneed,P,1.0,0.0,1.0,0.0,0.0,3.3134132608771325,,2024,pit,RP
sa549740,Chase Johnson,P,0.8210999965667725,0.038100000470876694,1.0,0.0,0.0,2.98908661827445,,2024,pit,RP
sa3005456,Leonardo Pestana,P,0.18369999527931213,0.1737000048160553,1.0,0.0,0.0,2.1529598914086816,,2024,pit,SP
sa857571,Andrew Schwaab,P,1.0,0.0,1.0,0.0,0.0,3.3370934069156646,,2024,pit,RP
sa3011190,Ryan Garcia,P,0.1754000037908554,0.1754000037908554,1.0,0.0,0.0,2.2341798558831214,,2024,pit,SP
sa3006383,José Cruz,P,1.0,0.0,1.0,0.0,0.0,3.7055667966604235,,2024,pit,RP
sa3010242,Manuel Espinoza,P,0.2175000011920929,0.1665000021457672,1.0,0.0,0.0,2.1508266210556033,,2024,pit,SP
19766,Seth Elledge,P,1.0,0.0,1.0,0.0,0.0,3.34731317833066,OAK,2024,pit,RP
13323,James Pazos,P,1.0,0.0,1.0,0.0,0.0,3.3576399415731433,,2024,pit,RP
sa3014845,Noah Skirrow,P,0.2784999907016754,0.1535000056028366,1.0,0.0,0.0,2.0253800265491013,,2024,pit,SP
sa829601,Cameron Bishop,P,1.0,0.0,1.0,0.0,0.0,3.4595133781433103,,2024,pit,RP
sa915740,Shane McCarthy,P,1.0,0.0,1.0,0.0,0.0,3.2767535433173185,,2024,pit,RP
25178,Joe Jacques,P,17.0,0.0,17.0,0.0,0.6274999976158142,60.27498582601548,NYM,2024,pit,RP
sa829063,Erik Manoah Jr.,P,1.0,0.0,1.0,0.0,0.0,3.3631067425012593,,2024,pit,RP
sa3011245,Jacob Kostyshock,P,1.0,0.0,1.0,0.0,0.0,2.6529935225844383,,2024,pit,RP
sa3008330,Rafael Marcano,P,0.19939999282360077,0.1703999936580658,1.0,0.0,0.0,2.2267867654562,,2024,pit,SP
12452,Chasen Bradford,P,1.0,0.0,1.0,0.0,0.0,3.1153064362704757,,2024,pit,RP
sa3004698,Cody Beckman,P,0.7831000089645386,0.04610000178217888,1.0,0.0,0.0,3.035386677831412,,2024,pit,RP
19826,Riley Smith,P,0.694100022315979,0.06509999930858612,1.0,0.0,0.0,2.7976198293268686,,2024,pit,RP
sa3003102,Jose Montilla,P,0.6133000254631042,0.08229999989271164,1.0,0.0,0.0,2.660546741634608,,2024,pit,RP
sa3020634,Ryan Jennings,P,0.210099995136261,0.1680999994277954,1.0,0.0,0.0,2.2036068260669706,TOR,2024,pit,SP
sa3003046,Osiris German,P,1.0,0.0,1.0,0.0,0.0,3.2637067735195164,,2024,pit,RP
sa3014851,Adam Laskey,P,1.0,0.0,1.0,0.0,0.0,3.131820031255484,COL,2024,pit,RP
sa739743,Jake Sanchez,P,1.0,0.0,1.0,0.0,0.0,3.391799948364497,,2024,pit,RP
sa3007734,Daniel Martinez,P,0.20759999752044678,0.16859999299049377,1.0,0.0,0.0,2.2100999064743516,,2024,pit,SP
sa3020817,Yanlun Zhang,P,1.0,0.0,1.0,0.0,0.0,3.3370734140276914,,2024,pit,RP
sa918939,Garrison Bryant,P,0.24060000479221344,0.1615999937057495,1.0,0.0,0.0,2.137660050392151,,2024,pit,SP
sa3006697,C.J. Eldred,P,0.651199996471405,0.07419999688863754,1.0,0.0,0.0,2.7753267087042333,,2024,pit,RP
sa3015421,Alberto Pacheco,P,0.1754000037908554,0.1754000037908554,1.0,0.0,0.0,1.1857666037976746,COL,2024,pit,SP
20339,Matt Peacock,P,1.0,0.0,1.0,0.0,0.0,3.026866573095322,,2024,pit,RP
25416,Blair Calvo,P,1.0,0.0,1.0,0.0,0.0,3.4293267898261552,,2024,pit,RP
sa917899,Anderson Pilar,P,0.30079999566078186,0.14880000054836273,1.0,0.0,0.0,2.0899534299969678,ATL,2024,pit,RP
24452,Luinder Avila,P,0.19189999997615814,0.17190000414848328,1.0,0.0,0.0,1.8996533215045934,KCR,2024,pit,SP
21662,Elvis Alvarado,P,0.9035000205039978,0.020500000566244125,1.0,0.0,0.0,3.0187933892011642,OAK,2024,pit,RP
sa1159711,Ryan Smith,P,1.0,0.0,1.0,0.0,0.0,3.2581466175615788,,2024,pit,RP
sa856275,Andrew Lee,P,1.0,0.0,1.0,0.0,0.0,3.321333285421133,,2024,pit,RP
sa3006141,Jordi Martinez,P,1.0,0.0,1.0,0.0,0.0,3.0430333465337758,,2024,pit,RP
sa3015282,Dahian Santos,P,0.1754000037908554,0.1754000037908554,1.0,0.0,0.0,2.2916933856904502,TOR,2024,pit,SP
sa3017503,Konnor Ash,P,0.8465999960899353,0.032600000500679016,1.0,0.0,0.0,2.9718799024820335,,2024,pit,RP
sa3010364,M.D. Johnson,P,0.1754000037908554,0.1754000037908554,1.0,0.0,0.0,1.994559896737337,,2024,pit,SP
6627,Brad Brach,P,1.0,0.0,1.0,0.0,0.0,3.3451000772416593,,2024,pit,RP
14151,Chris Mazza,P,1.0,0.0,1.0,0.0,0.0,3.2096530959010128,,2024,pit,RP
sa3017277,Trey McLoughlin,P,1.0,0.0,1.0,0.0,0.0,3.446753291040659,HOU,2024,pit,RP
sa3007242,Jake Miednik,P,0.4442000091075897,0.11819999665021896,1.0,0.0,0.0,2.5395600706338888,,2024,pit,RP
sa3016584,Henry Baez,P,0.20350000262260437,0.16949999332427979,1.0,0.0,0.0,2.0997731007635596,OAK,2024,pit,SP
16317,Alex McRae,P,1.0,0.0,1.0,0.0,0.0,3.181153399497271,,2024,pit,RP
sa3006479,Alfredi Jimenez,P,0.2644999921321869,0.15649999678134918,1.0,0.0,0.0,2.101006614416838,,2024,pit,SP
sa3007724,Victor Vargas,P,0.1754000037908554,0.1754000037908554,1.0,0.0,0.0,1.9275931045413022,,2024,pit,SP
31986,Parker Messick,P,0.19110000133514404,0.1720999926328659,1.0,0.0,0.0,2.320366454124451,CLE,2024,pit,SP
sa3014538,Ian Bedell,P,0.23980000615119934,0.16179999709129333,1.0,0.0,0.0,2.252013353258372,STL,2024,pit,SP
sa919112,Chad Donato,P,0.20430000126361847,0.16930000483989716,1.0,0.0,0.0,2.0613467156887055,,2024,pit,SP
sa3015089,Kent Hasler,P,1.0,0.0,1.0,0.0,0.0,3.3625467464327814,,2024,pit,RP
17860,José Rodríguez,P,1.0,0.0,1.0,0.0,0.0,3.264440020918846,,2024,pit,RP
19580,Norge Ruiz,P,1.0,0.0,1.0,0.0,0.0,3.0480865657329557,,2024,pit,RP
27812,Dugan Darnell,P,1.0,0.0,1.0,0.0,0.0,2.694539949297905,DET,2024,pit,RP
17585,Jordan Yamamoto,P,0.505299985408783,0.10530000180006027,1.0,0.0,0.0,2.5532065160572537,,2024,pit,RP
sa856262,Patrick Ruotolo,P,1.0,0.0,1.0,0.0,0.0,3.401566661149264,,2024,pit,RP
sa3006701,Josh Green,P,1.0,0.0,1.0,0.0,0.0,3.0767065636813644,,2024,pit,RP
sa3009237,Juan Carela,P,0.18289999663829803,0.17389999330043793,1.0,0.0,0.0,2.0114266037940975,CHW,2024,pit,SP
sa3017887,Jack Carey,P,0.8300999999046326,0.03610000014305115,1.0,0.0,0.0,3.0088334657251843,CLE,2024,pit,RP
sa3008069,Keylan Killgore,P,1.0,0.0,1.0,0.0,0.0,3.226480080187321,,2024,pit,RP
6483,Steve Cishek,P,1.0,0.0,1.0,0.0,0.0,3.2925467148423193,,2024,pit,RP
3321,Darren O'Day,P,1.0,0.0,1.0,0.0,0.0,3.3323266647756102,,2024,pit,RP
sa3014786,Wil Jensen,P,0.670199990272522,0.07020000368356705,1.0,0.0,0.0,3.0819666497409344,,2024,pit,RP
sa3002982,Ignacio Feliz,P,1.0,0.0,1.0,0.0,0.0,3.288733305037022,,2024,pit,RP
13677,Corey Oswalt,P,0.680899977684021,0.06790000200271606,1.0,0.0,0.0,2.7733001269400126,,2024,pit,RP
sa3006695,David Lebron,P,1.0,0.0,1.0,0.0,0.0,3.4007001183927064,,2024,pit,RP
sa3007243,Andrew Politi,P,1.0,0.0,1.0,0.0,0.0,3.2350398734211923,,2024,pit,RP
27536,Evan Kravetz,P,0.828499972820282,0.0364999994635582,1.0,0.0,0.0,2.691866752505302,,2024,pit,RP
16208,Brandon Finnegan,P,0.7121999859809875,0.06120000034570694,1.0,0.0,0.0,2.8485200427472592,,2024,pit,RP
sa3019255,Jose Fleury,P,0.29580000042915344,0.14980000257492065,1.0,0.0,0.0,2.435600018501282,HOU,2024,pit,SP
sa873145,Felipe Tejada,P,1.0,0.0,1.0,0.0,0.0,3.217879843711853,CHW,2024,pit,RP
sa3020710,Brycen Mautz,P,0.1754000037908554,0.1754000037908554,1.0,0.0,0.0,2.006773350387812,STL,2024,pit,SP
8580,Justin Miller,P,1.0,0.0,1.0,0.0,0.0,3.3116466835141183,,2024,pit,RP
20827,Michael Petersen,P,1.0,0.0,1.0,0.0,0.0,3.1541666239500046,MIA,2024,pit,RP
sa3005696,Raúl Alcantara,P,0.18289999663829803,0.17389999330043793,1.0,0.0,0.0,2.5754933401942255,,2024,pit,SP
sa3020833,Trey Dombroski,P,0.2809999883174896,0.15299999713897705,1.0,0.0,0.0,2.337399874627591,HOU,2024,pit,SP
sa915726,Jeffrey Passantino,P,0.659500002861023,0.07249999791383743,1.0,0.0,0.0,2.780013145506382,,2024,pit,RP
sa978399,Victor Castaneda,P,0.9043999910354614,0.020400000736117363,1.0,0.0,0.0,3.338026573508978,,2024,pit,RP
sa3006487,Wilkin Ramos,P,1.0,0.0,1.0,0.0,0.0,3.4304733723402023,SFG,2024,pit,RP
20555,Kirk McCarty,P,0.8029000163078308,0.04190000146627426,1.0,0.0,0.0,3.002746713906527,,2024,pit,RP
sa3010775,Jensen Elliott,P,1.0,0.0,1.0,0.0,0.0,3.14921340122819,,2024,pit,RP
sa3020113,Tyler Guilfoil,P,0.28679999709129333,0.1518000066280365,1.0,0.0,0.0,2.4784932419657713,HOU,2024,pit,SP
20312,Alec Bettinger,P,0.670199990272522,0.07020000368356705,1.0,0.0,0.0,2.709506557881833,,2024,pit,RP
sa3018193,Robby Ahlstrom,P,1.0,0.0,1.0,0.0,0.0,3.3512533754110336,TEX,2024,pit,RP
sa3008046,Peyton Gray,P,1.0,0.0,1.0,0.0,0.0,2.948006570339203,TEX,2024,pit,RP
sa3004211,Blake Weiman,P,1.0,0.0,1.0,0.0,0.0,3.2290464915335186,LAA,2024,pit,RP
sa3017307,Chandler Jozwiak,P,1.0,0.0,1.0,0.0,0.0,3.0633066341280943,,2024,pit,RP
sa873280,Aaron McGarity,P,0.925000011920929,0.01600000075995922,1.0,0.0,0.0,3.1264999903738495,,2024,pit,RP
4185,Rafael Dolis,P,1.0,0.0,1.0,0.0,0.0,3.338793355226517,,2024,pit,RP
30142,Doug Nikhazy,P,0.20430000126361847,0.16930000483989716,1.0,0.0,0.0,2.5645132176578045,CLE,2024,pit,SP
sa3004657,Tony Dibrell,P,0.25049999356269836,0.15950000286102295,1.0,0.0,0.0,2.2551130354404454,,2024,pit,SP
sa3020405,John Klein,P,0.1754000037908554,0.1754000037908554,1.0,0.0,0.0,2.0490399196743967,MIN,2024,pit,SP
sa3004771,John Russell,P,1.0,0.0,1.0,0.0,0.0,3.2899401403963564,,2024,pit,RP
sa3011695,Noah Song,P,0.49619999527931213,0.10719999670982361,1.0,0.0,0.0,2.548219922930002,BOS,2024,pit,RP
sa918473,Max Kuhns,P,1.0,0.0,1.0,0.0,0.0,3.352386521548033,,2024,pit,RP
sa3006956,Austin Hansen,P,0.5810999870300293,0.08910000324249268,1.0,0.0,0.0,2.7567200347781187,,2024,pit,RP
13424,Drew VerHagen,P,1.0,0.0,1.0,0.0,0.0,3.3381932787597184,,2024,pit,RP
sa3010824,Andrew Magno,P,1.0,0.0,1.0,0.0,0.0,3.4155733689665797,BAL,2024,pit,RP
sa3007477,Chase Cohen,P,1.0,0.0,1.0,0.0,0.0,3.5325599424541,OAK,2024,pit,RP
sa3018147,Blake Holub,P,1.0,0.0,1.0,0.0,0.0,3.3143466234207155,MIL,2024,pit,RP
sa3007200,Chance Kirby,P,0.7807000279426575,0.04670000076293945,1.0,0.0,0.0,2.977546675503254,,2024,pit,RP
sa3016707,Cody Mincey,P,0.19110000133514404,0.1720999926328659,1.0,0.0,0.0,1.9561199352145198,,2024,pit,SP
21310,Josh Maciejewski,P,1.0,0.0,1.0,0.0,0.0,3.3188466213643553,,2024,pit,RP
13403,Félix Peña,P,1.0,0.0,1.0,0.0,0.0,3.130146739631891,,2024,pit,RP
sa3006768,Alan Strong,P,0.8680999875068665,0.02810000069439411,1.0,0.0,0.0,3.037673226743937,,2024,pit,RP
21544,Chase Shugart,P,0.828499972820282,0.0364999994635582,1.0,0.0,0.0,2.8195730827748777,PHI,2024,pit,RP
6499,Blaine Hardy,P,1.0,0.0,1.0,0.0,0.0,3.182979948818684,,2024,pit,RP
27515,Hirokazu Sawamura,P,1.0,0.0,1.0,0.0,0.0,3.3153932698071005,,2024,pit,RP
sa658577,Chris Nunn,P,1.0,0.0,1.0,0.0,0.0,3.363933455944062,,2024,pit,RP
3200,Ervin Santana,P,0.9240999817848206,0.016100000590085983,1.0,0.0,0.0,3.087046839296818,,2024,pit,RP
26790,Angel Chivilli,P,1.0,0.0,1.0,0.0,0.0,2.5315733715891837,NYY,2024,pit,RP
sa857699,Kyle Wilcox,P,1.0,0.0,1.0,0.0,0.0,2.741366757452488,,2024,pit,RP
19609,Luke Barker,P,1.0,0.0,1.0,0.0,0.0,3.208313213288784,,2024,pit,RP
sa873294,Jasier Herrera,P,0.8597999811172485,0.02979999966919422,1.0,0.0,0.0,3.049506729096174,,2024,pit,RP
sa3006358,Ivan Armstrong,P,0.7204999923706055,0.05950000137090683,1.0,0.0,0.0,2.7554598897695546,,2024,pit,RP
sa3007787,Pablo Garabitos,P/OF,1.0,0.0,1.0,0.0,0.0,3.2571000702679163,,2024,pit,RP
sa3020252,Jared Poland,P,0.1754000037908554,0.1754000037908554,1.0,0.0,0.0,1.8533600166440012,,2024,pit,SP
sa3017419,Nick Jones,P,1.0,0.0,1.0,0.0,0.0,3.1991865262389187,LAA,2024,pit,RP
sa3007851,Tyler McKay,P,1.0,0.0,1.0,0.0,0.0,2.9005401693284516,,2024,pit,RP
13182,Kyle Crick,P,1.0,0.0,1.0,0.0,0.0,3.476620118319988,,2024,pit,RP
sa3015134,Sean Kealey,P,1.0,0.0,1.0,0.0,0.0,3.3154399298131465,,2024,pit,RP
sa657954,Teddy Stankiewicz,P,0.2257000058889389,0.1647000014781952,1.0,0.0,0.0,2.0183934986591336,,2024,pit,SP
sa875247,Will Stewart,P,1.0,0.0,1.0,0.0,0.0,3.1001866005361083,,2024,pit,RP
sa3016939,Gabe Bierman,P,0.1754000037908554,0.1754000037908554,1.0,0.0,0.0,1.8117398403584963,MIA,2024,pit,SP
sa3011420,JJ Goss,P,0.1754000037908554,0.1754000037908554,1.0,0.0,0.0,2.263646806776524,OAK,2024,pit,SP
sa829246,Mac Marshall,P,1.0,0.0,1.0,0.0,0.0,3.570206767320633,,2024,pit,RP
sa3005216,Cam Robinson,P,1.0,0.0,1.0,0.0,0.0,3.384979996085167,TBR,2024,pit,RP
sa3004872,Diosmerky Taveras,P,0.7246000170707703,0.05860000103712082,1.0,0.0,0.0,3.083860085904599,,2024,pit,RP
15071,Kyle McGowin,P,1.0,0.0,1.0,0.0,0.0,3.0599266976118087,,2024,pit,RP
27585,Zac Kristofak,P,0.3815999925136566,0.1316000074148178,1.0,0.0,0.0,2.1952533952891833,,2024,pit,RP
sa828460,Jefry Yan,P,1.0,0.0,1.0,0.0,0.0,3.544580113887787,NYM,2024,pit,RP
17418,David Paulino,P,1.0,0.0,1.0,0.0,0.0,3.217466676980257,,2024,pit,RP
sa3020471,Eli Saul,P,0.6198999881744385,0.08089999854564667,1.0,0.0,0.0,2.7030000790953643,ARI,2024,pit,RP
12804,Matt Wisler,P,0.8565000295639038,0.030500000342726707,1.0,0.0,0.0,3.1213400065898895,,2024,pit,RP
5224,Blake Parker,P,1.0,0.0,1.0,0.0,0.0,3.247040140628815,,2024,pit,RP
14399,Robinson Leyer,P,0.8234999775886536,0.03750000149011612,1.0,0.0,0.0,3.155333283543587,,2024,pit,RP
sa828154,Arnaldo Hernandez,P,1.0,0.0,1.0,0.0,0.0,3.314326732605696,,2024,pit,RP
sa738670,Ryan Moseley,P,0.906000018119812,0.019999999552965164,1.0,0.0,0.0,3.034606707841158,,2024,pit,RP
12106,Parker Markel,P,1.0,0.0,1.0,0.0,0.0,3.446606639772654,,2024,pit,RP
sa3008589,Ethan Hankins,P,0.1754000037908554,0.1754000037908554,1.0,0.0,0.0,2.2161532782018187,,2024,pit,SP
sa736656,Gerson Moreno,P,1.0,0.0,1.0,0.0,0.0,3.7662466533482073,STL,2024,pit,RP
sa875398,Joe Zanghi,P,1.0,0.0,1.0,0.0,0.0,3.355973292142153,,2024,pit,RP
sa550522,Luis González,P,1.0,0.0,1.0,0.0,0.0,3.4483865380287173,,2024,pit,RP
22248,Paul Campbell,P,0.8870000243186951,0.024000000208616257,1.0,0.0,0.0,3.002380082756281,,2024,pit,RP
sa3002814,Moises Lugo,P,1.0,0.0,1.0,0.0,0.0,3.4568001173436644,,2024,pit,RP
17237,Austin Brice,P,1.0,0.0,1.0,0.0,0.0,3.053840060532093,,2024,pit,RP
sa3011712,Avery Short,P,0.19189999997615814,0.17190000414848328,1.0,0.0,0.0,2.052213355898857,ARI,2024,pit,SP
sa3016264,Jedixson Paez,P,0.19519999623298645,0.1712000072002411,1.0,0.0,0.0,1.7722198054194447,CHW,2024,pit,SP
12890,Alex Claudio,P,1.0,0.0,1.0,0.0,0.0,3.0884468190371996,,2024,pit,RP
25589,Sammy Peralta,P,19.0,0.0,19.0,0.0,0.5733000040054321,67.12724764347075,MIL,2024,pit,RP
sa3016937,Garrett Schoenle,P,0.29989999532699585,0.14890000224113464,1.0,0.0,0.0,2.2748865149915223,CHW,2024,pit,RP
16668,James Bourque,P,1.0,0.0,1.0,0.0,0.0,3.3344801299273965,,2024,pit,RP
sa3020633,Alex McFarlane,P,0.1754000037908554,0.1754000037908554,1.0,0.0,0.0,1.7661734230816366,PHI,2024,pit,SP
sa3020891,Jackson Ferris,P,0.1754000037908554,0.1754000037908554,1.0,0.0,0.0,1.7758866257965562,LAD,2024,pit,SP
sa3008532,Blaine Knight,P,0.5340999960899353,0.09910000115633011,1.0,0.0,0.0,2.5539065599441533,,2024,pit,RP
sa874212,Nolan Blackwood,P,1.0,0.0,1.0,0.0,0.0,3.0638667352497575,,2024,pit,RP
sa918026,Wilkel Hernandez,P,0.2223999947309494,0.16539999842643738,1.0,0.0,0.0,2.1107933543622495,,2024,pit,SP
sa738512,Garrett Williams,P,0.910099983215332,0.019099999219179153,1.0,0.0,0.0,3.312486642599106,,2024,pit,RP
sa3006122,Josan Méndez,P,1.0,0.0,1.0,0.0,0.0,2.946486729383469,,2024,pit,RP
sa3017201,Nick Dombkowski,P,0.515999972820282,0.10300000011920929,1.0,0.0,0.0,2.490793389827014,PIT,2024,pit,RP
sa3007234,Joey Murray,P,0.8770999908447266,0.026100000366568565,1.0,0.0,0.0,3.1424535363912587,,2024,pit,RP
18600,Travis Lakins,P,1.0,0.0,1.0,0.0,0.0,3.2567733563482766,,2024,pit,RP
sa3011784,Ben Peoples,P,0.1754000037908554,0.1754000037908554,1.0,0.0,0.0,2.380186837166548,CHW,2024,pit,SP
25413,Nash Walters,P,1.0,0.0,1.0,0.0,0.0,3.075793241709471,,2024,pit,RP
19487,Devin Smeltzer,P,0.852400004863739,0.03139999881386757,1.0,0.0,0.0,2.874473188072443,,2024,pit,RP
27488,Karl Kauffmann,P,0.7014999985694885,0.06350000202655792,1.0,0.0,0.0,2.055133295059204,,2024,pit,RP
sa3020401,Connor Holden,P,1.0,0.0,1.0,0.0,0.0,3.1999067187309267,,2024,pit,RP
31884,Logan VanWey,P,1.0,0.0,1.0,0.0,0.0,3.4228266380727295,HOU,2024,pit,RP
sa3014455,Sam Weatherly,P,0.262800008058548,0.15680000185966492,1.0,0.0,0.0,1.4811933599412437,COL,2024,pit,SP
sa3007718,Layne Henderson,P,1.0,0.0,1.0,0.0,0.0,3.3531865455210212,,2024,pit,RP
sa879559,Jasseel De La Cruz,P,0.8507999777793884,0.03180000185966492,1.0,0.0,0.0,2.9780865967273717,,2024,pit,RP
11801,Hansel Robles,P,1.0,0.0,1.0,0.0,0.0,3.2779666677117354,,2024,pit,RP
sa3007495,Domingo Gonzalez,P,0.906000018119812,0.019999999552965164,1.0,0.0,0.0,3.226200126111508,SEA,2024,pit,RP
sa876290,Blake Rogers,P,1.0,0.0,1.0,0.0,0.0,3.31935997530818,,2024,pit,RP
sa828412,Joan Baez,P,0.8952999711036682,0.022299999371170998,1.0,0.0,0.0,3.151346631348133,,2024,pit,RP
sa873466,Yorvin Pantoja,P,1.0,0.0,1.0,0.0,0.0,3.242606853693724,,2024,pit,RP
sa3010814,Bryce Tassin,P,0.8952999711036682,0.022299999371170998,1.0,0.0,0.0,2.957486584037543,,2024,pit,RP
sa3011249,Alec Gamboa,P,0.8012999892234802,0.04230000078678131,1.0,0.0,0.0,2.7329400606453427,BOS,2024,pit,RP
23465,Tommy Romero,P,0.428600013256073,0.12160000205039978,1.0,0.0,0.0,2.788933154940605,,2024,pit,RP
sa3020171,Tyler Woessner,P,0.19030000269412994,0.17229999601840973,1.0,0.0,0.0,1.9473466470837595,,2024,pit,SP
sa3006177,Adrian Hernandez,P,1.0,0.0,1.0,0.0,0.0,3.475439956039191,,2024,pit,RP
sa3017848,RJ Petit,P,0.9067999720573425,0.01979999989271164,1.0,0.0,0.0,3.091206452995539,COL,2024,pit,RP
29530,Fraser Ellard,P,1.0,0.0,1.0,0.0,0.0,3.144233404099942,,2024,pit,RP
sa3017205,Taylor Broadway,P,0.8574000000953674,0.030400000512599945,1.0,0.0,0.0,2.9735600925981998,,2024,pit,RP
22036,Angel Rondón,P,1.0,0.0,1.0,0.0,0.0,3.2570932760834697,,2024,pit,RP
sa738328,Matt Brill,P,1.0,0.0,1.0,0.0,0.0,3.0499800674617292,,2024,pit,RP
sa3019302,Hunter Dollander,P,0.6841999888420105,0.06719999760389328,1.0,0.0,0.0,2.8069934144616133,,2024,pit,RP
sa918249,Brandon White,P,1.0,0.0,1.0,0.0,0.0,3.3310934834182264,,2024,pit,RP
9939,Brandon Kintzler,P,0.972000002861023,0.006000000052154064,1.0,0.0,0.0,2.9488398060202603,,2024,pit,RP
sa829689,Will Carter,P,0.8804000020027161,0.02539999969303608,1.0,0.0,0.0,3.0982266202569013,,2024,pit,RP
sa3004470,Will Latcham,P,1.0,0.0,1.0,0.0,0.0,3.2116398461163045,,2024,pit,RP
1514,Oliver Pérez,P,1.0,0.0,1.0,0.0,0.0,3.152280005067587,,2024,pit,RP
18890,Kyle Keller,P,1.0,0.0,1.0,0.0,0.0,3.372386687994003,BOS,2024,pit,RP
sa3008595,Alex Phillips,P,1.0,0.0,1.0,0.0,0.0,3.216899862140417,,2024,pit,RP
sa3011218,Ben Brecht,P,0.20180000364780426,0.16979999840259552,1.0,0.0,0.0,2.307579822093249,,2024,pit,SP
sa868984,Yadier Álvarez,P,1.0,0.0,1.0,0.0,0.0,3.2449735410511495,,2024,pit,RP
17583,Marcos Diplán,P,1.0,0.0,1.0,0.0,0.0,3.3156201221048835,,2024,pit,RP
11618,Mike Kickham,P,1.0,0.0,1.0,0.0,0.0,3.164713311940432,,2024,pit,RP
sa3017643,Tyler Uberstine,P,0.24469999969005585,0.1606999933719635,1.0,0.0,0.0,1.9855934314429762,BOS,2024,pit,SP
sa3017716,Haylen Green,P,0.9348999857902527,0.013899999670684338,1.0,0.0,0.0,3.082786523550749,,2024,pit,RP
sa3015450,Hansel Rincon,P,1.0,0.0,1.0,0.0,0.0,3.2062067054212093,NYY,2024,pit,RP
sa1172728,Albertus Barber,P,1.0,0.0,1.0,0.0,0.0,3.2601333335042004,,2024,pit,RP
18361,Thomas Eshelman,P,0.3741999864578247,0.133200004696846,1.0,0.0,0.0,2.0446799546480174,,2024,pit,RP
23381,Nolan Hoffman,P,1.0,0.0,1.0,0.0,0.0,3.1771266944706444,PHI,2024,pit,RP
sa3003126,Liu Fuenmayor,P,1.0,0.0,1.0,0.0,0.0,3.269626664370299,ARI,2024,pit,RP
sa3020452,Johnathan Harmon,P,0.24310000240802765,0.16110000014305115,1.0,0.0,0.0,1.5327931679785256,CIN,2024,pit,SP
sa917970,Curtis Taylor,P,0.8952999711036682,0.022299999371170998,1.0,0.0,0.0,3.1304000027477743,,2024,pit,RP
23394,PJ Poulin,P,1.0,0.0,1.0,0.0,0.0,3.2358200415968903,WSN,2024,pit,RP
20023,Rico Garcia,P,1.0,0.0,1.0,0.0,0.0,3.17627342492342,BAL,2024,pit,RP
sa3015220,Victor Lizarraga,P,0.1754000037908554,0.1754000037908554,1.0,0.0,0.0,1.9331467315554627,SDP,2024,pit,SP
sa3018277,Ryan Hennen,P,1.0,0.0,1.0,0.0,0.0,3.382166709005833,,2024,pit,RP
14677,Duane Underwood Jr.,P,1.0,0.0,1.0,0.0,0.0,3.3426598288118843,,2024,pit,RP
sa3015006,Nick Krauth,P,0.19519999623298645,0.1712000072002411,1.0,0.0,0.0,1.847073219716549,TEX,2024,pit,SP
6941,Joakim Soria,P,1.0,0.0,1.0,0.0,0.0,3.192139872908592,,2024,pit,RP
sa3007730,Thomas Ponticelli,P,0.6776000261306763,0.06859999895095825,1.0,0.0,0.0,2.025759886950255,,2024,pit,RP
sa3015433,Jean Cabrera,P,0.24549999833106995,0.16050000488758087,1.0,0.0,0.0,1.7754132017493247,PHI,2024,pit,SP
13654,Jharel Cotton,P,1.0,0.0,1.0,0.0,0.0,3.33679333627224,,2024,pit,RP
sa3017653,Luke Murphy,P,0.9142000079154968,0.018200000748038292,1.0,0.0,0.0,3.082526731491089,LAA,2024,pit,RP
19480,Ryan Hartman,P,1.0,0.0,1.0,0.0,0.0,3.166866773366928,,2024,pit,RP
sa3007592,Mark Moclair,P,0.3659000098705292,0.13490000367164612,1.0,0.0,0.0,2.438666493445635,,2024,pit,RP
sa3011609,James Gonzalez,P,0.2167000025510788,0.16670000553131104,1.0,0.0,0.0,2.3467466846108436,OAK,2024,pit,SP
15118,James Sherfy,P,1.0,0.0,1.0,0.0,0.0,2.99767342209816,,2024,pit,RP
sa917401,Melvi Acosta,P,1.0,0.0,1.0,0.0,0.0,3.0815600961446763,,2024,pit,RP
sa3010821,Fineas Del Bonta-Smith,P,1.0,0.0,1.0,0.0,0.0,3.1832998633384713,,2024,pit,RP
sa872514,Alberto Guerrero,P,1.0,0.0,1.0,0.0,0.0,2.9886601001024244,,2024,pit,RP
sa3019911,Ian Mejia,P,0.1754000037908554,0.1754000037908554,1.0,0.0,0.0,1.9483268186450005,ATL,2024,pit,SP
sa919036,Alex Segal,P,1.0,0.0,1.0,0.0,0.0,3.352786595374346,,2024,pit,RP
sa3008166,Justin Wilson,P,1.0,0.0,1.0,0.0,0.0,3.338986594229937,,2024,pit,RP
19457,Bryan Garcia,P,0.1754000037908554,0.1754000037908554,1.0,0.0,0.0,1.925046797841787,,2024,pit,SP
15949,D.J. Snelten,P,1.0,0.0,1.0,0.0,0.0,3.4711933262646197,SDP,2024,pit,RP
sa3008678,Jerming Rosario,P,0.2858999967575073,0.15189999341964722,1.0,0.0,0.0,1.9903865590691567,LAD,2024,pit,SP
sa3005683,Heitor Tokar,P,0.29170000553131104,0.15070000290870667,1.0,0.0,0.0,2.0246998071670532,,2024,pit,SP
sa3014805,Colby Morris,P,0.4715000092983246,0.11249999701976776,1.0,0.0,0.0,2.4848266191780564,,2024,pit,RP
sa3015952,Winston Santos,P,0.18950000405311584,0.17249999940395355,1.0,0.0,0.0,1.9067134141922,TEX,2024,pit,SP
9460,Dan Straily,P,0.4235999882221222,0.1225999966263771,1.0,0.0,0.0,2.397993447631598,,2024,pit,RP
11720,Justin Grimm,P,1.0,0.0,1.0,0.0,0.0,3.2232200093567376,,2024,pit,RP
sa3002790,Gerardo Carrillo,P,1.0,0.0,1.0,0.0,0.0,3.304679898917675,ARI,2024,pit,RP
sa659074,Matt Withrow,P,0.597599983215332,0.08560000360012054,1.0,0.0,0.0,2.730453482270241,,2024,pit,RP
4505,Jordan Zimmermann,P,1.0,0.0,1.0,0.0,0.0,3.0471665911376475,,2024,pit,RP
sa3014423,Asa Lacy,P,0.41620001196861267,0.1242000013589859,1.0,0.0,0.0,2.5381666973233226,KCR,2024,pit,RP
19845,Alex Wells,P,1.0,0.0,1.0,0.0,0.0,3.121953418850899,,2024,pit,RP
sa3003037,Jairo Solis,P,0.2199999988079071,0.16599999368190765,1.0,0.0,0.0,2.160819829255343,,2024,pit,SP
sa3020736,Cooper Hjerpe,P,0.2150000035762787,0.16699999570846558,1.0,0.0,0.0,2.164393343776465,STL,2024,pit,SP
sa3020811,Harrison Cohen,P,1.0,0.0,1.0,0.0,0.0,3.3574131876230244,NYY,2024,pit,RP
22218,Mac Sceroler,P,1.0,0.0,1.0,0.0,0.0,3.199199929833412,,2024,pit,RP
sa3007931,Denny Bentley,P,1.0,0.0,1.0,0.0,0.0,3.3136600174009803,,2024,pit,RP
20323,Erich Uelmen,P,1.0,0.0,1.0,0.0,0.0,3.0544265449047088,,2024,pit,RP
sa3005302,Peyton Remy,P,1.0,0.0,1.0,0.0,0.0,3.2595465898513796,,2024,pit,RP
sa3017071,Austin Smith,P,1.0,0.0,1.0,0.0,0.0,3.3296334423124794,COL,2024,pit,RP
sa3018280,Ryan Webb,P,0.1754000037908554,0.1754000037908554,1.0,0.0,0.0,2.181053244322539,CLE,2024,pit,SP
sa3017935,Jamison Hill,P,0.18199999630451202,0.17399999499320984,1.0,0.0,0.0,2.107619749754667,,2024,pit,SP
sa3008228,Rodney Theophile,P,0.19359999895095825,0.17159999907016754,1.0,0.0,0.0,1.7297000154852875,,2024,pit,SP
sa915852,Jake Walters,P,0.3815999925136566,0.1316000074148178,1.0,0.0,0.0,2.24503984451294,,2024,pit,RP
sa3020859,Jared Karros,P,0.21170000731945038,0.16769999265670776,1.0,0.0,0.0,1.7202332720160487,LAD,2024,pit,SP
sa3008101,Regi Grace,P,0.906000018119812,0.019999999552965164,1.0,0.0,0.0,3.1860533878207207,,2024,pit,RP
sa3010244,Seth Mayberry,P,1.0,0.0,1.0,0.0,0.0,3.3658668212592606,,2024,pit,RP
sa3007856,Blake Workman,P,1.0,0.0,1.0,0.0,0.0,3.2059200033545494,,2024,pit,RP
sa3005060,Marcelo Martinez,P,0.6825000047683716,0.06750000268220901,1.0,0.0,0.0,2.8021001271903514,,2024,pit,RP
sa3014919,Cole Percival,P,0.2660999894142151,0.15610000491142273,1.0,0.0,0.0,2.2293133676052093,MIN,2024,pit,SP
sa3017541,Tyler Myrick,P,1.0,0.0,1.0,0.0,0.0,3.3352666139602665,SFG,2024,pit,RP
sa873708,David Ellingson,P,1.0,0.0,1.0,0.0,0.0,3.0866800695657735,,2024,pit,RP
sa3007461,Andrew Cabezas,P,1.0,0.0,1.0,0.0,0.0,3.1585933141410356,,2024,pit,RP
sa3010367,Eric Mock,P,1.0,0.0,1.0,0.0,0.0,3.189993417263031,,2024,pit,RP
20379,Tyler Zuber,P,1.0,0.0,1.0,0.0,0.0,3.324413447082043,MIA,2024,pit,RP
sa3015125,Erubiel Armenta,P,1.0,0.0,1.0,0.0,0.0,3.1942266002297406,,2024,pit,RP
sa3020869,Payton Martin,P,0.20180000364780426,0.16979999840259552,1.0,0.0,0.0,1.6903665848076344,LAD,2024,pit,SP
sa3006640,Andrew Pérez,P,0.916700005531311,0.01769999973475933,1.0,0.0,0.0,3.1287933126091962,KCR,2024,pit,RP
sa3011607,Jack Weisenburger,P,0.6561999917030334,0.07320000231266022,1.0,0.0,0.0,3.111633361130953,,2024,pit,RP
19222,Lake Bachar,P,1.0,0.0,1.0,0.0,0.0,3.2797065518796447,MIA,2024,pit,RP
sa3008290,Brendan Hardy,P,1.0,0.0,1.0,0.0,0.0,2.7113266125321394,COL,2024,pit,RP
sa918731,Juan Gámez,P,1.0,0.0,1.0,0.0,0.0,3.147293312102556,,2024,pit,RP
20582,Anderson Severino,P,1.0,0.0,1.0,0.0,0.0,3.406106746196747,NYM,2024,pit,RP
sa3017847,Mason Albright,P,0.18369999527931213,0.1737000048160553,1.0,0.0,0.0,1.1601531580090523,COL,2024,pit,SP
sa3011805,Pedro Garcia,P,1.0,0.0,1.0,0.0,0.0,2.8908198572695256,,2024,pit,RP
20074,Miguel Sánchez,P,1.0,0.0,1.0,0.0,0.0,3.143533495813608,,2024,pit,RP
20060,Jake Fishman,P,1.0,0.0,1.0,0.0,0.0,3.0482933819293976,,2024,pit,RP
sa737048,Luis Reyes,P,1.0,0.0,1.0,0.0,0.0,2.982546757906676,,2024,pit,RP
sa3017532,Bryan Pope,P,1.0,0.0,1.0,0.0,0.0,3.0548800051212313,,2024,pit,RP
7555,Nick Vincent,P,1.0,0.0,1.0,0.0,0.0,3.121900049597025,,2024,pit,RP
sa3002781,Gabe Morales,P,0.7253999710083008,0.058400001376867294,1.0,0.0,0.0,3.063946635276079,,2024,pit,RP
sa3011900,Graeme Stinson,P,0.7929999828338623,0.04399999976158142,1.0,0.0,0.0,3.2245532438158993,TBR,2024,pit,RP
sa3011849,Bodi Rascon,P,0.19689999520778656,0.17090000212192535,1.0,0.0,0.0,2.0221931837499145,,2024,pit,SP
6832,Sam Freeman,P,1.0,0.0,1.0,0.0,0.0,3.2610001087188727,,2024,pit,RP
sa3009992,Hyun-il Choi,P,0.21170000731945038,0.16769999265670776,1.0,0.0,0.0,1.612806624919176,,2024,pit,SP
sa3009933,Derrick Adams,P,0.6363999843597412,0.07739999890327454,1.0,0.0,0.0,2.5963599354028704,,2024,pit,RP
16873,Eric Stout,P,1.0,0.0,1.0,0.0,0.0,3.3574998997151853,,2024,pit,RP
5114,Jeurys Familia,P,18.0,0.0,18.0,0.0,0.0,61.27125945091249,,2024,pit,RP
sa3010661,Zak Baayoun,P,1.0,0.0,1.0,0.0,0.0,2.478506706655026,,2024,pit,RP
16537,Dusten Knight,P,1.0,0.0,1.0,0.0,0.0,3.1742399036884312,,2024,pit,RP
sa3011523,Jake Reindl,P,1.0,0.0,1.0,0.0,0.0,3.2570401526987554,,2024,pit,RP
sa621016,Mason Melotakis,P,1.0,0.0,1.0,0.0,0.0,3.1494266234338286,,2024,pit,RP
sa3015035,Jack Dashwood,P,0.8317999839782715,0.03579999879002571,1.0,0.0,0.0,2.8646802522242067,ATL,2024,pit,RP
sa3008488,Nick Starr,P,1.0,0.0,1.0,0.0,0.0,3.1760131493210797,DET,2024,pit,RP
sa1170614,Andrew Edwards,P,1.0,0.0,1.0,0.0,0.0,3.2855067797005177,,2024,pit,RP
sa3010258,Triston Polley,P,0.9108999967575073,0.01889999955892563,1.0,0.0,0.0,3.030613468587399,,2024,pit,RP
3281,Joe Smith,P,1.0,0.0,1.0,0.0,0.0,2.933146470785141,,2024,pit,RP
sa917985,Jace Vines,P,1.0,0.0,1.0,0.0,0.0,3.135853178054094,,2024,pit,RP
sa3006801,Matt Frisbee,P,1.0,0.0,1.0,0.0,0.0,3.2847865998744967,,2024,pit,RP
sa3020605,Ryan Ramsey,P,0.25290000438690186,0.15889999270439148,1.0,0.0,0.0,2.0858000375330445,KCR,2024,pit,SP
sa3006100,Brayan Perez,P,0.8582000136375427,0.03020000085234642,1.0,0.0,0.0,3.2694999806582934,,2024,pit,RP
sa3018253,Ben Kudrna,P,0.18289999663829803,0.17389999330043793,1.0,0.0,0.0,1.7926867552101613,KCR,2024,pit,SP
sa1169991,Adam Leverett,P,0.5077000260353088,0.1046999990940094,1.0,0.0,0.0,2.8183265194296845,SEA,2024,pit,RP
32227,Luis Morales,P,0.18700000643730164,0.17299999296665192,1.0,0.0,0.0,2.213886695355177,OAK,2024,pit,SP
sa3011303,Jared Biddy,P,1.0,0.0,1.0,0.0,0.0,3.064433493465186,,2024,pit,RP
sa3020949,Noah Schultz,P,0.1754000037908554,0.1754000037908554,1.0,0.0,0.0,1.826419930160045,CHW,2024,pit,SP
25071,Lane Ramsey,P,1.0,0.0,1.0,0.0,0.0,2.9406800419092183,,2024,pit,RP
14966,Reyes Moronta,P,1.0,0.0,1.0,0.0,0.0,3.1755133680999283,,2024,pit,RP
sa737857,Adrian De Horta,P,0.5662999749183655,0.09229999780654907,1.0,0.0,0.0,2.9712864503264433,,2024,pit,RP
sa3020816,Miguel Cienfuegos,P,0.19769999384880066,0.17069999873638153,1.0,0.0,0.0,1.9113064877688886,SDP,2024,pit,SP
sa857686,Tate Scioneaux,P,1.0,0.0,1.0,0.0,0.0,3.147500130534172,,2024,pit,RP
sa3004024,Graham Spraker,P,1.0,0.0,1.0,0.0,0.0,3.372333321720362,,2024,pit,RP
26191,Kade Strowd,P,1.0,0.0,1.0,0.0,0.0,3.2755400896072393,ARI,2024,pit,RP
16218,Brett Graves,P,1.0,0.0,1.0,0.0,0.0,3.4696400560438634,,2024,pit,RP
sa829656,Bryan Dobzanski,P,1.0,0.0,1.0,0.0,0.0,3.17324001044035,,2024,pit,RP
sa3017504,Trent Baker,P,0.18289999663829803,0.17389999330043793,1.0,0.0,0.0,1.8941734515130526,MIN,2024,pit,SP
12918,Archie Bradley,P,1.0,0.0,1.0,0.0,0.0,3.102700077742339,,2024,pit,RP
19266,Taylor Widener,P,1.0,0.0,1.0,0.0,0.0,3.3262331843376156,,2024,pit,RP
25368,Zach Penrod,P,0.1754000037908554,0.1754000037908554,1.0,0.0,0.0,1.8266402371227746,WSN,2024,pit,SP
sa3007613,Brad Case,P,0.5407000184059143,0.09769999980926514,1.0,0.0,0.0,2.4228864848613743,,2024,pit,RP
sa3011196,Josh Hendrickson,P,0.25870001316070557,0.15770000219345093,1.0,0.0,0.0,2.1064067818224426,,2024,pit,SP
sa876081,Fitz Stadler,P,1.0,0.0,1.0,0.0,0.0,3.3222732745110988,,2024,pit,RP
sa1172845,Ryan Anderson,P,1.0,0.0,1.0,0.0,0.0,3.224466465413571,,2024,pit,RP
15231,Aaron Slegers,P,1.0,0.0,1.0,0.0,0.0,2.9245466694235804,,2024,pit,RP
sa3018025,Jorge Marcheco,P,0.1754000037908554,0.1754000037908554,1.0,0.0,0.0,1.7972734436392779,OAK,2024,pit,SP
sa3017720,Thomas Farr,P,0.1754000037908554,0.1754000037908554,1.0,0.0,0.0,1.2738665789365773,CIN,2024,pit,SP
sa3018242,Frank Mozzicato,P,0.1754000037908554,0.1754000037908554,1.0,0.0,0.0,2.0411534398794178,KCR,2024,pit,SP
sa3020756,Grayson Thurman,P,0.9002000093460083,0.021199999377131462,1.0,0.0,0.0,3.146933364123106,,2024,pit,RP
sa857604,Michael Boyle,P,0.9283000230789185,0.015300000086426735,1.0,0.0,0.0,3.211726831644774,,2024,pit,RP
sa3011139,Daniel Juarez,P,0.7896999716758728,0.04470000043511391,1.0,0.0,0.0,3.1791400529444216,,2024,pit,RP
sa875031,Jordan Stephens,P,1.0,0.0,1.0,0.0,0.0,3.154746732860804,,2024,pit,RP
sa3004648,Seth Corry,P,0.1754000037908554,0.1754000037908554,1.0,0.0,0.0,2.295326627790928,,2024,pit,SP
16455,Conner Greene,P,0.9670000076293945,0.007000000216066837,1.0,0.0,0.0,3.2810867145657543,,2024,pit,RP
8302,JC Ramírez,P,1.0,0.0,1.0,0.0,0.0,2.9407599315047266,,2024,pit,RP
sa3010631,Jacques Pucheu,P,0.5259000062942505,0.10090000182390213,1.0,0.0,0.0,2.1035932019352916,,2024,pit,RP
sa918674,Grant Gavin,P,0.920799970626831,0.01679999940097332,1.0,0.0,0.0,3.1481331780552866,,2024,pit,RP
sa3004014,Max Roberts,P,1.0,0.0,1.0,0.0,0.0,3.252333344519139,,2024,pit,RP
20231,Zach Logue,P,1.0,0.0,1.0,0.0,0.0,3.2110400475561613,,2024,pit,RP
sa3010563,Tyler Beck,P,0.8845999836921692,0.02459999918937683,1.0,0.0,0.0,3.026913210749626,,2024,pit,RP
sa3006417,Inohan Paniagua,P,0.1754000037908554,0.1754000037908554,1.0,0.0,0.0,1.9032135486602777,DET,2024,pit,SP
sa1115734,Griffin McLarty,P,0.6503999829292297,0.07440000027418137,1.0,0.0,0.0,2.7504932805895805,,2024,pit,RP
25075,William Woods,P,1.0,0.0,1.0,0.0,0.0,3.203593247383833,,2024,pit,RP
sa875998,Jason Bilous,P,0.8210999965667725,0.038100000470876694,1.0,0.0,0.0,3.061873365193606,,2024,pit,RP
sa3007614,Will Kobos,P,1.0,0.0,1.0,0.0,0.0,3.2586398884654053,,2024,pit,RP
11468,Zach Lee,P,1.0,0.0,1.0,0.0,0.0,2.401573492586613,,2024,pit,RP
sa3005848,Yon Castro,P,0.1754000037908554,0.1754000037908554,1.0,0.0,0.0,1.6245867908000946,,2024,pit,SP
27908,Noah Murdock,P,0.8968999981880188,0.021900000050663948,1.0,0.0,0.0,2.9166466899216177,PIT,2024,pit,RP
sa3014927,Brent Killam,P,1.0,0.0,1.0,0.0,0.0,3.111366645246744,,2024,pit,RP
sa876088,Sean Chandler,P,1.0,0.0,1.0,0.0,0.0,3.262326691299677,,2024,pit,RP
sa3009851,Wander Guante,P,0.23479999601840973,0.16279999911785126,1.0,0.0,0.0,2.258039984107017,,2024,pit,SP
sa875199,Nate Griep,P,1.0,0.0,1.0,0.0,0.0,3.156626652926207,,2024,pit,RP
sa3020402,Spencer Giesting,P,0.1754000037908554,0.1754000037908554,1.0,0.0,0.0,2.012766631692648,ARI,2024,pit,SP
sa3004740,Ryan Lillie,P,0.4268999993801117,0.12189999967813492,1.0,0.0,0.0,2.3643866889178757,,2024,pit,RP
sa872726,Tom Hackimer,P,1.0,0.0,1.0,0.0,0.0,3.2631198748946195,,2024,pit,RP
sa3020751,Brandon Schaeffer,P,0.19030000269412994,0.17229999601840973,1.0,0.0,0.0,2.3057933419942858,SEA,2024,pit,SP
sa3017302,Glenn Albanese Jr.,P,1.0,0.0,1.0,0.0,0.0,3.004966575652361,,2024,pit,RP
sa3009944,Mitch Ragan,P,0.49540001153945923,0.10740000009536743,1.0,0.0,0.0,2.50294667929411,,2024,pit,RP
sa3016905,Hunter Perdue,P,0.2150000035762787,0.16699999570846558,1.0,0.0,0.0,1.8252666026353834,,2024,pit,SP
sa3006385,Joseph Hernandez,P,0.23479999601840973,0.16279999911785126,1.0,0.0,0.0,2.100406678020954,,2024,pit,SP
sa887275,Ezequiel Zabaleta,P,1.0,0.0,1.0,0.0,0.0,3.1036465391516685,,2024,pit,RP
sa3003115,Miguel Pena,P,1.0,0.0,1.0,0.0,0.0,3.140113337337971,,2024,pit,RP
sa3016260,Christian Romero,P,0.31310001015663147,0.1460999995470047,1.0,0.0,0.0,1.784786718338728,LAD,2024,pit,RP
sa3009593,Gabriel Barbosa,P,0.2759999930858612,0.15399999916553497,1.0,0.0,0.0,1.9805465690791602,PHI,2024,pit,SP
19545,Stephen Nogosek,P,1.0,0.0,1.0,0.0,0.0,2.976439918577671,,2024,pit,RP
sa3017460,Daniel Federman,P,0.2727000117301941,0.15469999611377716,1.0,0.0,0.0,2.2149000346660617,BAL,2024,pit,SP
sa3010783,Nelson L. Alvarez,P,1.0,0.0,1.0,0.0,0.0,3.5328667126595974,,2024,pit,RP
sa919323,Jeff Singer,P,0.8582000136375427,0.03020000085234642,1.0,0.0,0.0,3.0040598385035997,,2024,pit,RP
sa3005209,Francis Peguero,P,0.91839998960495,0.017400000244379044,1.0,0.0,0.0,2.9463001295924185,,2024,pit,RP
sa3011534,Alex Moore,P,1.0,0.0,1.0,0.0,0.0,2.4951666399836547,,2024,pit,RP
sa3006619,Yoelvin Silven,P,1.0,0.0,1.0,0.0,0.0,3.039013473689556,,2024,pit,RP
sa3017036,Michael Arias,P,0.1754000037908554,0.1754000037908554,1.0,0.0,0.0,2.0055267110466963,NYY,2024,pit,SP
sa915680,Matt Pidich,P,1.0,0.0,1.0,0.0,0.0,3.1555267430841925,,2024,pit,RP
sa3017857,Seth Lonsway,P,0.2703000009059906,0.15530000627040863,1.0,0.0,0.0,2.2575198322534566,SFG,2024,pit,SP
sa3004463,Robbie Hitt,P,1.0,0.0,1.0,0.0,0.0,3.0844533830881127,,2024,pit,RP
sa3018184,Javi Rivera,P,0.19359999895095825,0.17159999907016754,1.0,0.0,0.0,1.373593314737081,CIN,2024,pit,SP
sa3019862,Dylan Phillips,P,1.0,0.0,1.0,0.0,0.0,3.0693599902093416,LAA,2024,pit,RP
sa917753,Willy Taveras,P,1.0,0.0,1.0,0.0,0.0,3.0392533726990227,,2024,pit,RP
sa3014909,Kyle Molnar,P,1.0,0.0,1.0,0.0,0.0,3.0268798604607587,,2024,pit,RP
19199,Conner Menez,P,1.0,0.0,1.0,0.0,0.0,3.167073341459036,,2024,pit,RP
sa3008134,John O'Reilly,P,0.8582000136375427,0.03020000085234642,1.0,0.0,0.0,2.6830533370375633,,2024,pit,RP
sa3004823,Jakob Hernandez,P,1.0,0.0,1.0,0.0,0.0,3.430526667833328,,2024,pit,RP
sa3004097,Holden Capps,P,1.0,0.0,1.0,0.0,0.0,3.0832066431641585,,2024,pit,RP
sa875266,James Reeves,P,1.0,0.0,1.0,0.0,0.0,3.313519988954068,,2024,pit,RP
sa875849,Dalton Sawyer,P,1.0,0.0,1.0,0.0,0.0,3.251033398509026,,2024,pit,RP
sa3002941,Roy Garcia,P,1.0,0.0,1.0,0.0,0.0,3.155126754194498,,2024,pit,RP
sa3007721,Josh Roberson,P,1.0,0.0,1.0,0.0,0.0,3.252540168911219,,2024,pit,RP
22828,Juan Then,P,1.0,0.0,1.0,0.0,0.0,2.917699782550335,,2024,pit,RP
sa918459,Joe Navilhon,P,0.8582000136375427,0.03020000085234642,1.0,0.0,0.0,3.0138266980648036,,2024,pit,RP
sa875796,Ike Schlabach,P,1.0,0.0,1.0,0.0,0.0,3.1503531791269785,,2024,pit,RP
15258,Shane Carle,P,1.0,0.0,1.0,0.0,0.0,3.098946820944548,,2024,pit,RP
sa3009923,Josh Smith,P,1.0,0.0,1.0,0.0,0.0,3.04371314868331,,2024,pit,RP
20198,Ben Bowden,P,1.0,0.0,1.0,0.0,0.0,3.4621733486652375,OAK,2024,pit,RP
5257,Wilmer Font,P,1.0,0.0,1.0,0.0,0.0,3.1453465379774572,,2024,pit,RP
sa737454,Alexander Guillen,P,0.8705000281333923,0.027499999850988388,1.0,0.0,0.0,2.9003531947731975,,2024,pit,RP
sa3008668,Kyle Marman,P,0.7929999828338623,0.04399999976158142,1.0,0.0,0.0,2.9425799980759626,,2024,pit,RP
sa3020176,Garrett Irvin,P,1.0,0.0,1.0,0.0,0.0,3.457493173331023,,2024,pit,RP
sa3017387,Antonio Knowles,P,1.0,0.0,1.0,0.0,0.0,3.010239910334349,LAD,2024,pit,RP
sa3010569,Adrian Florencio,P,0.23649999499320984,0.16249999403953552,1.0,0.0,0.0,1.9308133609592915,,2024,pit,SP
sa3020395,JR Ritchie,P,0.1754000037908554,0.1754000037908554,1.0,0.0,0.0,1.953179894387722,ATL,2024,pit,SP
sa3008173,Ben Madison,P,1.0,0.0,1.0,0.0,0.0,3.570893212407828,,2024,pit,RP
6785,Andrew Miller,P,1.0,0.0,1.0,0.0,0.0,3.124693250656128,,2024,pit,RP
21623,Grant Wolfram,P,0.9085000157356262,0.019500000402331352,1.0,0.0,0.0,3.1970200367271904,BAL,2024,pit,RP
sa875183,Bubba Derby,P,0.906000018119812,0.019999999552965164,1.0,0.0,0.0,2.9827533915638926,,2024,pit,RP
sa3011865,Sean Mellen,P,0.7914000153541565,0.04439999908208847,1.0,0.0,0.0,2.9263666428625585,,2024,pit,RP
sa3006815,Alejandro Melean,P,0.49540001153945923,0.10740000009536743,1.0,0.0,0.0,2.551580233126879,,2024,pit,RP
15101,Luke Farrell,P,0.6743000149726868,0.06930000334978104,1.0,0.0,0.0,2.4586532652378077,,2024,pit,RP
sa873974,Tyler Thomas,P,1.0,0.0,1.0,0.0,0.0,3.0688933081924916,,2024,pit,RP
8410,Deolis Guerra,P,1.0,0.0,1.0,0.0,0.0,3.1045933909714223,,2024,pit,RP
sa3019882,Wyatt Wendell,P,0.18289999663829803,0.17389999330043793,1.0,0.0,0.0,1.895713540166617,,2024,pit,SP
17664,Cody Carroll,P,1.0,0.0,1.0,0.0,0.0,3.209079917520285,,2024,pit,RP
sa3005099,Ryley Widell,P,0.24310000240802765,0.16110000014305115,1.0,0.0,0.0,2.017193371057511,,2024,pit,SP
21761,José Marte,P,1.0,0.0,1.0,0.0,0.0,3.270239925384522,NYM,2024,pit,RP
23135,Eduardo Salazar,P,1.0,0.0,1.0,0.0,0.0,2.8875266402959823,MIN,2024,pit,RP
sa875269,Darin Gillies,P,1.0,0.0,1.0,0.0,0.0,3.147126539796591,,2024,pit,RP
sa3020111,Jacob Miller,P,0.18369999527931213,0.1737000048160553,1.0,0.0,0.0,1.6604468531906607,MIA,2024,pit,SP
19784,Justin Garza,P,0.9545999765396118,0.009600000455975533,1.0,0.0,0.0,3.461986719071865,NYM,2024,pit,RP
sa857605,Zack Erwin,P,0.7939000129699707,0.04390000179409981,1.0,0.0,0.0,3.1305998906493193,,2024,pit,RP
sa3008498,Matt Hartman,P,1.0,0.0,1.0,0.0,0.0,3.234106597304345,,2024,pit,RP
sa3008024,Brett Conine,P,0.3206000030040741,0.1446000039577484,1.0,0.0,0.0,2.090026766061783,,2024,pit,RP
sa1119694,Wyatt Sparks,P,0.8935999870300293,0.022600000724196434,1.0,0.0,0.0,2.911833510547877,,2024,pit,RP
sa3010827,Carlos A. Francisco,P,1.0,0.0,1.0,0.0,0.0,2.973593126982451,,2024,pit,RP
sa915801,Tyler Stevens,P,1.0,0.0,1.0,0.0,0.0,3.188693454861641,,2024,pit,RP
14663,Chi Chi González,P,1.0,0.0,1.0,0.0,0.0,2.9238867752254016,,2024,pit,RP
18029,Tanner Anderson,P,1.0,0.0,1.0,0.0,0.0,2.819393476098776,,2024,pit,RP
9388,Josh Tomlin,P,1.0,0.0,1.0,0.0,0.0,2.956806724518538,,2024,pit,RP
sa3020709,Will Mabrey,P,0.8664000034332275,0.0284000001847744,1.0,0.0,0.0,3.067933278530836,ARI,2024,pit,RP
18719,Seunghwan Oh,P,1.0,0.0,1.0,0.0,0.0,2.958866658061743,,2024,pit,RP
sa3014808,Shohei Tomioka,P,1.0,0.0,1.0,0.0,0.0,3.284200220555067,OAK,2024,pit,RP
sa3007707,Andrew Karp,P,0.8515999913215637,0.031599998474121094,1.0,0.0,0.0,2.973753374069929,,2024,pit,RP
sa598306,Aaron Brown,P/OF,0.9175000190734863,0.017500000074505806,1.0,0.0,0.0,3.248773343861103,,2024,pit,RP
18105,Ryan Meisinger,P,1.0,0.0,1.0,0.0,0.0,3.1474867068231114,,2024,pit,RP
24591,Joey Gerber,P,1.0,0.0,1.0,0.0,0.0,3.141753259301186,NYM,2024,pit,RP
sa872809,Luis Amaya,P,1.0,0.0,1.0,0.0,0.0,3.142613292485476,,2024,pit,RP
sa3005371,Aldo Ramirez,P,0.20430000126361847,0.16930000483989716,1.0,0.0,0.0,1.5854400165379054,,2024,pit,SP
sa3007803,Trenton Toplikar,P,0.8375999927520752,0.03460000082850456,1.0,0.0,0.0,2.8530401296913626,,2024,pit,RP
sa3015112,Chase Walter,P,0.31310001015663147,0.1460999995470047,1.0,0.0,0.0,2.196500101685524,,2024,pit,RP
sa873686,Tyler Zombro,P,1.0,0.0,1.0,0.0,0.0,3.1691534109413624,,2024,pit,RP
sa3017365,Tyler Eckberg,P,1.0,0.0,1.0,0.0,0.0,2.9043467737734314,,2024,pit,RP
sa875717,Nathan Bates,P,1.0,0.0,1.0,0.0,0.0,3.1194533117115495,,2024,pit,RP
sa1169914,Matt Walker,P,0.2603999972343445,0.1573999971151352,1.0,0.0,0.0,1.914293245226145,,2024,pit,SP
sa3017204,Tommy McCollum,P,1.0,0.0,1.0,0.0,0.0,3.1188534878194334,TBR,2024,pit,RP
sa3006811,Chris Muller,P,1.0,0.0,1.0,0.0,0.0,3.1852931484580047,,2024,pit,RP
sa3019955,Matt Pushard,P,1.0,0.0,1.0,0.0,0.0,3.010493338108063,STL,2024,pit,RP
sa3017596,Jack Sinclair,P,1.0,0.0,1.0,0.0,0.0,2.9362732440233232,WSN,2024,pit,RP
sa947763,Miguel Medrano,P,0.52920001745224,0.10019999742507935,1.0,0.0,0.0,2.5089732475578788,,2024,pit,RP
sa3008074,Antonio Jimenez,P,0.805400013923645,0.0414000004529953,1.0,0.0,0.0,3.1816465258598328,,2024,pit,RP
sa738349,Cory Thompson,P/SS,1.0,0.0,1.0,0.0,0.0,3.093686669319868,,2024,pit,RP
sa549147,Ben Holmes,P,1.0,0.0,1.0,0.0,0.0,3.19409990683198,,2024,pit,RP
sa3011844,Noah Gotsis,P,1.0,0.0,1.0,0.0,0.0,3.0407133966684348,,2024,pit,RP
sa3007778,Ryan Weiss,P,1.0,0.0,1.0,0.0,0.0,3.0802466198802,HOU,2024,pit,RP
23237,Juan Mejia,P,1.0,0.0,1.0,0.0,0.0,2.5282735258340834,COL,2024,pit,RP
sa3007959,Durbin Feltman,P,1.0,0.0,1.0,0.0,0.0,3.3959666348993784,OAK,2024,pit,RP
sa3011231,Jeff Belge,P,1.0,0.0,1.0,0.0,0.0,3.6019666798412797,,2024,pit,RP
sa829124,Sam McWilliams,P,0.2842999994754791,0.15230000019073486,1.0,0.0,0.0,2.1838065326213836,,2024,pit,SP
sa918447,Jonathan Hennigan,P,0.8442000150680542,0.03319999948143959,1.0,0.0,0.0,2.915953388810158,,2024,pit,RP
10148,Manny Barreda,P,1.0,0.0,1.0,0.0,0.0,3.2175866231322288,,2024,pit,RP
sa3006824,Derek Craft,P,1.0,0.0,1.0,0.0,0.0,3.220646850764752,,2024,pit,RP
sa3014870,Joe Jones,P,0.8582000136375427,0.03020000085234642,1.0,0.0,0.0,2.9486933350563054,,2024,pit,RP
19357,Cody Sedlock,P,1.0,0.0,1.0,0.0,0.0,3.1272799231112005,,2024,pit,RP
sa3020464,Hayden Wynja,P,0.29010000824928284,0.15109999477863312,1.0,0.0,0.0,2.3670598156750207,SFG,2024,pit,SP
sa3017312,Anthony Simonelli,P,1.0,0.0,1.0,0.0,0.0,2.9726932428777224,KCR,2024,pit,RP
20368,Ramón Rosso,P,1.0,0.0,1.0,0.0,0.0,3.1668801359832286,,2024,pit,RP
19820,CD Pelham,P,1.0,0.0,1.0,0.0,0.0,3.2382199265062814,OAK,2024,pit,RP
sa915688,Tyler Johnson,P,1.0,0.0,1.0,0.0,0.0,3.1744867846369744,,2024,pit,RP
sa3015087,Jake McSteen,P,1.0,0.0,1.0,0.0,0.0,3.07292006611824,,2024,pit,RP
sa3002980,Danis Correa,P,1.0,0.0,1.0,0.0,0.0,3.4535267159342764,NYM,2024,pit,RP
11479,Bryan Mitchell,P,1.0,0.0,1.0,0.0,0.0,3.0324133686721324,,2024,pit,RP
sa3006482,Jose Salvador,P,0.34940001368522644,0.13840000331401825,1.0,0.0,0.0,2.195440156012774,,2024,pit,RP
6979,Brandon Dickson,P,1.0,0.0,1.0,0.0,0.0,2.9444800347089775,,2024,pit,RP
13483,Connor Sadzeck,P,1.0,0.0,1.0,0.0,0.0,3.162686616927385,,2024,pit,RP
2882,Luis Avilán,P,1.0,0.0,1.0,0.0,0.0,3.0773932494223115,,2024,pit,RP
sa876117,Steven Klimek,P,1.0,0.0,1.0,0.0,0.0,3.0536067456007006,,2024,pit,RP
22913,Francisco Morales,P,1.0,0.0,1.0,0.0,0.0,3.4150534167885787,,2024,pit,RP
sa3004471,Billy Lescher,P,1.0,0.0,1.0,0.0,0.0,3.1267666876316076,,2024,pit,RP
sa3007216,Bobby Milacki,P,0.6545000076293945,0.07349999994039536,1.0,0.0,0.0,2.6420598089694978,,2024,pit,RP
sa3018042,Jose Cabrera,P,0.1754000037908554,0.1754000037908554,1.0,0.0,0.0,1.7794132597744472,ARI,2024,pit,SP
20408,Eli Villalobos,P,1.0,0.0,1.0,0.0,0.0,3.0504664607346057,SDP,2024,pit,RP
20042,Jesus Cruz,P,1.0,0.0,1.0,0.0,0.0,3.28970662727952,,2024,pit,RP
sa3007245,Christian Cosby,P,1.0,0.0,1.0,0.0,0.0,3.0536665596067913,,2024,pit,RP
sa3004213,Alex Manasa,P,1.0,0.0,1.0,0.0,0.0,2.976126596331597,,2024,pit,RP
17861,Franklyn Kilome,P,1.0,0.0,1.0,0.0,0.0,3.1350067108869557,,2024,pit,RP
sa3008023,Reid Schaller,P,1.0,0.0,1.0,0.0,0.0,2.942466686666012,WSN,2024,pit,RP
15091,Hunter Wood,P,1.0,0.0,1.0,0.0,0.0,3.1974131762981415,,2024,pit,RP
19243,Wes Benjamin,P,0.817799985408783,0.03880000114440918,1.0,0.0,0.0,2.8345465123653417,,2024,pit,RP
sa3015069,Justin Courtney,P,1.0,0.0,1.0,0.0,0.0,3.030993407964707,,2024,pit,RP
sa875726,Mack Lemieux,P,1.0,0.0,1.0,0.0,0.0,3.2121601514518265,,2024,pit,RP
sa3014783,Dakota Donovan,P,1.0,0.0,1.0,0.0,0.0,3.0528865933418277,,2024,pit,RP
sa736746,Carlos Belen,P/3B,1.0,0.0,1.0,0.0,0.0,2.989926867187023,,2024,pit,RP
sa872808,Norwith Gudiño,P,0.3889999985694885,0.12999999523162842,1.0,0.0,0.0,2.257326567173005,,2024,pit,RP
sa3014978,Blake Goldsberry,P,0.798799991607666,0.04280000180006027,1.0,0.0,0.0,2.2285800755023955,,2024,pit,RP
sa3011241,Aaron Ochsenbein,P,0.8680999875068665,0.02810000069439411,1.0,0.0,0.0,2.694326779246331,,2024,pit,RP
sa918255,Andrew Brown,P,1.0,0.0,1.0,0.0,0.0,3.127753457427025,,2024,pit,RP
sa3011531,Chris Wright,P,0.9118000268936157,0.018799999728798866,1.0,0.0,0.0,3.483453278243542,,2024,pit,RP
sa917136,Wilfredo Pereira,P,0.18860000371932983,0.17260000109672546,1.0,0.0,0.0,1.8738199330866339,STL,2024,pit,SP
11428,Brandon Workman,P,1.0,0.0,1.0,0.0,0.0,3.005139918625355,,2024,pit,RP
sa3010568,Josue Panacual,P,0.20759999752044678,0.16859999299049377,1.0,0.0,0.0,1.876866786926985,,2024,pit,SP
8823,Oliver Drake,P,1.0,0.0,1.0,0.0,0.0,3.305653045326472,TBR,2024,pit,RP
24486,Nick Allgeyer,P,1.0,0.0,1.0,0.0,0.0,3.1652532644569873,,2024,pit,RP
sa3014860,Evan Reifert,P,0.730400025844574,0.05739999935030937,1.0,0.0,0.0,3.2439866796135903,TBR,2024,pit,RP
sa3011152,Josh Hejka,P,0.9018999934196472,0.020899999886751175,1.0,0.0,0.0,3.0054401017725474,TEX,2024,pit,RP
sa828707,Trey Supak,P,0.6470999717712402,0.07509999722242355,1.0,0.0,0.0,2.4869068101048475,TEX,2024,pit,RP
sa915630,Ryan Nutof,P,1.0,0.0,1.0,0.0,0.0,3.0558600805699827,,2024,pit,RP
sa875845,Cameron Gann,P,1.0,0.0,1.0,0.0,0.0,3.2218799158930778,,2024,pit,RP
13713,Kyle Barraclough,P,1.0,0.0,1.0,0.0,0.0,2.932886630296707,,2024,pit,RP
sa3008103,Robbie Baker,P,1.0,0.0,1.0,0.0,0.0,3.0011667490005496,,2024,pit,RP
sa3016489,Eury Rosado,P,0.6215000152587891,0.08049999922513962,1.0,0.0,0.0,2.6098066538572313,,2024,pit,RP
sa917928,Kevin Gowdy,P,1.0,0.0,1.0,0.0,0.0,2.7868732705712325,,2024,pit,RP
sa737853,Stephen Woods Jr.,P,1.0,0.0,1.0,0.0,0.0,3.1093866847455502,,2024,pit,RP
sa3004106,Addison Russ,P,1.0,0.0,1.0,0.0,0.0,3.257459950447083,,2024,pit,RP
sa3008243,Barrett Loseke,P,1.0,0.0,1.0,0.0,0.0,3.2347265325486667,NYY,2024,pit,RP
sa3008713,Carlo Reyes,P,0.9075999855995178,0.019600000232458115,1.0,0.0,0.0,3.016226697713137,,2024,pit,RP
sa3020889,Marcelo Perez,P,0.1754000037908554,0.1754000037908554,1.0,0.0,0.0,2.2591068208217626,SEA,2024,pit,SP
14899,Taylor Williams,P,1.0,0.0,1.0,0.0,0.0,2.989399971812964,,2024,pit,RP
24935,Chris Vallimont,P,1.0,0.0,1.0,0.0,0.0,3.3112868100404738,,2024,pit,RP
19192,Brandyn Sittinger,P,1.0,0.0,1.0,0.0,0.0,3.1199799336493017,,2024,pit,RP
sa3017474,Ruben Ramirez,P,1.0,0.0,1.0,0.0,0.0,3.0931398645043378,,2024,pit,RP
sa915633,Brian Shaffer,P,1.0,0.0,1.0,0.0,0.0,3.341740080714226,,2024,pit,RP
sa3011187,Seth Shuman,P,0.1754000037908554,0.1754000037908554,1.0,0.0,0.0,1.5517200514674192,WSN,2024,pit,SP
sa3010566,Alec Barger,P,1.0,0.0,1.0,0.0,0.0,2.4413863308727746,,2024,pit,RP
25348,Devin Sweet,P,6.0,0.0,6.0,0.0,0.6222000122070312,22.4515204846859,BOS,2024,pit,RP
6109,Joe Wieland,P,0.8475000262260437,0.032499998807907104,1.0,0.0,0.0,3.0690999388694764,,2024,pit,RP
sa3008434,Richard Guasch,P,0.9225000143051147,0.016499999910593033,1.0,0.0,0.0,2.892806640267372,BAL,2024,pit,RP
sa738717,Caleb Simpson,P,0.7253999710083008,0.058400001376867294,1.0,0.0,0.0,2.7660598799586302,,2024,pit,RP
sa3010117,Dan Metzdorf,P,0.3346000015735626,0.14159999787807465,1.0,0.0,0.0,1.9617466129362588,,2024,pit,RP
sa3020888,Baron Stuart,P,0.19359999895095825,0.17159999907016754,1.0,0.0,0.0,1.804239811003208,NYY,2024,pit,SP
14605,James Hoyt,P,1.0,0.0,1.0,0.0,0.0,2.9437800474464897,,2024,pit,RP
sa873262,Zac Ryan,P,1.0,0.0,1.0,0.0,0.0,3.1654000595211986,,2024,pit,RP
sa3017508,Bradford Webb,P,1.0,0.0,1.0,0.0,0.0,3.086466620117426,,2024,pit,RP
sa945728,Lisandro Santos,P,1.0,0.0,1.0,0.0,0.0,3.191293422132731,,2024,pit,RP
sa3017538,Daniel Lloyd,P,0.2727000117301941,0.15469999611377716,1.0,0.0,0.0,2.12383998259902,BAL,2024,pit,SP
7441,Wade Davis,P,1.0,0.0,1.0,0.0,0.0,3.051580004394055,,2024,pit,RP
sa3011395,Drew Parrish,P,0.20180000364780426,0.16979999840259552,1.0,0.0,0.0,2.0087398901581763,,2024,pit,SP
sa915693,Matt Ruppenthal,P,0.8935999870300293,0.022600000724196434,1.0,0.0,0.0,2.9938000947237016,,2024,pit,RP
sa3020624,Nick Hull,P,0.2644999921321869,0.15649999678134918,1.0,0.0,0.0,1.928926805406809,CHC,2024,pit,SP
sa3019113,Dylan Heid,P,1.0,0.0,1.0,0.0,0.0,3.3087532818317418,BAL,2024,pit,RP
13527,Brandon Brennan,P,1.0,0.0,1.0,0.0,0.0,2.917206484824419,,2024,pit,RP
24584,Jonathan Stiever,P,1.0,0.0,1.0,0.0,0.0,3.0138933330774305,,2024,pit,RP
sa738344,Alec Hansen,P,1.0,0.0,1.0,0.0,0.0,3.1897668309509757,,2024,pit,RP
sa3011726,Indigo Diaz,P,1.0,0.0,1.0,0.0,0.0,3.329306709766388,ARI,2024,pit,RP
27984,Jose Corniell,P,0.23229999840259552,0.16329999268054962,1.0,0.0,0.0,2.0038601495325565,TEX,2024,pit,SP
sa3008066,Mark Potter,P,1.0,0.0,1.0,0.0,0.0,3.121773392707109,,2024,pit,RP
sa3010813,Peyton Williams,P,1.0,0.0,1.0,0.0,0.0,3.1800132900476457,,2024,pit,RP
19159,Zack Burdi,P,1.0,0.0,1.0,0.0,0.0,3.2968600258231167,,2024,pit,RP
sa3019283,Luis De León,P,0.23149999976158142,0.16349999606609344,1.0,0.0,0.0,2.0882533326745034,BAL,2024,pit,SP
7303,Preston Guilmet,P,1.0,0.0,1.0,0.0,0.0,3.053540051728487,,2024,pit,RP
13690,Sal Romano,P,1.0,0.0,1.0,0.0,0.0,3.0177533328533173,,2024,pit,RP
11243,Aaron Barrett,P,1.0,0.0,1.0,0.0,0.0,2.7992667332291608,,2024,pit,RP
19281,Nick Hernandez,P,1.0,0.0,1.0,0.0,0.0,3.4416067786514764,OAK,2024,pit,RP
sa3015078,Andrew DiPiazza,P,0.3625999987125397,0.1356000006198883,1.0,0.0,0.0,2.146626695990563,,2024,pit,RP
29832,Jackson Wolf,P,13.0,0.0,13.0,0.0,0.6115999817848206,49.52754064798356,SDP,2024,pit,RP
19453,Shaun Anderson,P,1.0,0.0,1.0,0.0,0.0,2.962086632102728,LAA,2024,pit,RP
19756,Yoshihisa Hirano,P,1.0,0.0,1.0,0.0,0.0,2.935380153357983,,2024,pit,RP
22187,Ryan Miller,P,0.9085000157356262,0.019500000402331352,1.0,0.0,0.0,2.8576268896460535,COL,2024,pit,RP
sa3002925,Franklin Dacosta,P,1.0,0.0,1.0,0.0,0.0,3.09675319865346,,2024,pit,RP
19311,Reggie McClain,P,1.0,0.0,1.0,0.0,0.0,3.012299907952547,,2024,pit,RP
18806,Drew Steckenrider,P,1.0,0.0,1.0,0.0,0.0,3.2656133197247983,OAK,2024,pit,RP
sa3005162,Frank Rubio,P,1.0,0.0,1.0,0.0,0.0,2.9696868695318703,,2024,pit,RP
17811,Daniel Zamora,P,1.0,0.0,1.0,0.0,0.0,3.0926733218133453,,2024,pit,RP
sa3011585,Mitchell Stumpo,P,1.0,0.0,1.0,0.0,0.0,3.228013405203819,,2024,pit,RP
sa3002965,Helcris Olivárez,P,0.1754000037908554,0.1754000037908554,1.0,0.0,0.0,1.7487267479300503,KCR,2024,pit,SP
20494,Braden Bristo,P,1.0,0.0,1.0,0.0,0.0,2.953173193335533,,2024,pit,RP
sa3017754,Hunter Gregory,P,0.3831999897956848,0.13120000064373016,1.0,0.0,0.0,2.279660092294217,TOR,2024,pit,RP
sa3017687,Adam McKillican,P,1.0,0.0,1.0,0.0,0.0,2.3107933476567273,COL,2024,pit,RP
sa3017779,Ben Harris,P,1.0,0.0,1.0,0.0,0.0,3.15073336660862,,2024,pit,RP
sa3011815,Tyler Schlaffer,P,0.1754000037908554,0.1754000037908554,1.0,0.0,0.0,1.7561999149620533,CHC,2024,pit,SP
sa3006407,Cristian Charle,P,1.0,0.0,1.0,0.0,0.0,2.9454333886504176,,2024,pit,RP
17303,Francis Martes,P,1.0,0.0,1.0,0.0,0.0,3.2474266722798353,,2024,pit,RP
15859,Stephen Tarpley,P,1.0,0.0,1.0,0.0,0.0,3.049546576291323,,2024,pit,RP
sa3011779,Alexander Cornielle,P,0.19359999895095825,0.17159999907016754,1.0,0.0,0.0,1.885006773471833,NYY,2024,pit,SP
sa828343,Aneuris Rosario,P,1.0,0.0,1.0,0.0,0.0,3.091946805268526,,2024,pit,RP
sa3007590,Jake Higginbotham,P,0.9645000100135803,0.007499999832361937,1.0,0.0,0.0,3.005366404354572,,2024,pit,RP
sa3011367,Taylor Floyd,P,1.0,0.0,1.0,0.0,0.0,3.1655000679194933,CIN,2024,pit,RP
sa3018112,Davis Sharpe,P,1.0,0.0,1.0,0.0,0.0,3.262873398512602,CLE,2024,pit,RP
sa3010259,Andrew Bash,P,0.4830000102519989,0.10999999940395355,1.0,0.0,0.0,2.3944001451134675,MIN,2024,pit,RP
sa3020628,Jacob Watters,P,0.18289999663829803,0.17389999330043793,1.0,0.0,0.0,2.106766746938229,TBR,2024,pit,SP
sa828791,Nick Wells,P,1.0,0.0,1.0,0.0,0.0,3.0937000334262845,,2024,pit,RP
sa918266,Zach Featherstone,P/1B,1.0,0.0,1.0,0.0,0.0,3.227146703004837,,2024,pit,RP
sa1169765,Karan Patel,P,0.7006999850273132,0.06369999796152115,1.0,0.0,0.0,2.7991133399307735,,2024,pit,RP
sa3010265,Trey Jeans,P,0.9052000045776367,0.02019999921321869,1.0,0.0,0.0,3.0153936319053174,,2024,pit,RP
sa3018172,Jordan Jackson,P,0.19030000269412994,0.17229999601840973,1.0,0.0,0.0,2.1630200363695624,,2024,pit,SP
sa3002981,Didier Vargas,P,1.0,0.0,1.0,0.0,0.0,2.9979863971471787,,2024,pit,RP
sa875153,Jordan Guerrero,P,1.0,0.0,1.0,0.0,0.0,3.0594199128448967,,2024,pit,RP
sa3017936,Peter Heubeck,P,0.18199999630451202,0.17399999499320984,1.0,0.0,0.0,1.6327266514301297,LAD,2024,pit,SP
sa876206,Quintin Torres-Costa,P,1.0,0.0,1.0,0.0,0.0,3.198333488404751,,2024,pit,RP
sa3018194,Jack Snyder,P,1.0,0.0,1.0,0.0,0.0,3.3322400361299516,TBR,2024,pit,RP
19981,Jeremy Walker,P,1.0,0.0,1.0,0.0,0.0,2.8885665133595473,,2024,pit,RP
sa3004987,Nick Kennedy,P,1.0,0.0,1.0,0.0,0.0,2.92974668815732,,2024,pit,RP
19671,Sterling Sharp,P,1.0,0.0,1.0,0.0,0.0,2.8618598967790603,,2024,pit,RP
16135,Brandon Leibrandt,P,1.0,0.0,1.0,0.0,0.0,2.9851734310388562,CIN,2024,pit,RP
21656,Kervin Castro,P,1.0,0.0,1.0,0.0,0.0,3.2179800681769852,NYY,2024,pit,RP
sa3019634,Michael Krauza,P,1.0,0.0,1.0,0.0,0.0,3.1228665389120587,,2024,pit,RP
sa3020389,Shane Murphy,P,0.1754000037908554,0.1754000037908554,1.0,0.0,0.0,1.6108666799962523,CHW,2024,pit,SP
sa918811,Michael Danielak,P,0.9085000157356262,0.019500000402331352,1.0,0.0,0.0,3.103959888219834,,2024,pit,RP
13834,Alec Mills,P,1.0,0.0,1.0,0.0,0.0,2.9203533351421362,,2024,pit,RP
12586,Mike Wright Jr.,P,1.0,0.0,1.0,0.0,0.0,2.9398732595145707,,2024,pit,RP
10341,Juan Minaya,P,1.0,0.0,1.0,0.0,0.0,3.052473413944245,,2024,pit,RP
19757,Kazuhisa Makita,P,0.9876000285148621,0.0026000000070780516,1.0,0.0,0.0,2.8559798203408717,,2024,pit,RP
sa3020528,Cameron Weston,P,0.5242000222206116,0.10119999945163727,1.0,0.0,0.0,2.4963601462543012,BAL,2024,pit,RP
10688,Tyler Thornburg,P,1.0,0.0,1.0,0.0,0.0,3.059326498955488,,2024,pit,RP
sa3009262,Enmanuel Mejia,P,0.925000011920929,0.01600000075995922,1.0,0.0,0.0,3.4005533568561077,,2024,pit,RP
27407,Rolddy Muñoz,P,0.39890000224113464,0.12790000438690186,1.0,0.0,0.0,2.2705932401120665,ATL,2024,pit,RP
sa3016908,Theo Denlinger,P,1.0,0.0,1.0,0.0,0.0,3.0415933482348922,,2024,pit,RP
sa3010139,Denson Hull,P,1.0,0.0,1.0,0.0,0.0,3.1264001190662385,,2024,pit,RP
sa3002984,Joseph Salazar,P,0.18529999256134033,0.17329999804496765,1.0,0.0,0.0,1.6957934044301504,,2024,pit,SP
sa828277,Diomar Lopez,P,1.0,0.0,1.0,0.0,0.0,2.56032001376152,CIN,2024,pit,RP
sa3005016,Marcel Rentería,P,1.0,0.0,1.0,0.0,0.0,3.101520146429539,,2024,pit,RP
14545,Dakota Bacus,P,1.0,0.0,1.0,0.0,0.0,2.9046666048467165,,2024,pit,RP
30206,Christian Montes De Oca,P,1.0,0.0,1.0,0.0,0.0,3.159446756541729,,2024,pit,RP
sa3011463,Matt Cronin,P,1.0,0.0,1.0,0.0,0.0,2.982686651498079,,2024,pit,RP
sa3014677,Luis Perales,P,0.1754000037908554,0.1754000037908554,1.0,0.0,0.0,1.842893304675818,WSN,2024,pit,SP
sa3010778,Jake Sommers,P,0.3659000098705292,0.13490000367164612,1.0,0.0,0.0,1.3375465959310526,,2024,pit,RP
sa3020805,Cade Winquest,P,0.29499998688697815,0.15000000596046448,1.0,0.0,0.0,1.967753417789936,NYY,2024,pit,SP
sa871482,Wladimir Pinto,P,1.0,0.0,1.0,0.0,0.0,3.1679465323686604,,2024,pit,RP
17821,José Mujica,P,1.0,0.0,1.0,0.0,0.0,2.979133313149214,,2024,pit,RP
sa3010142,Bernie Martinez,P,0.45579999685287476,0.11580000072717667,1.0,0.0,0.0,2.6740531705319883,,2024,pit,RP
sa3010800,Edwin Jimenez,P,0.2703000009059906,0.15530000627040863,1.0,0.0,0.0,1.8928534567356117,MIL,2024,pit,SP
sa3010260,Leon Hunter Jr.,P,1.0,0.0,1.0,0.0,0.0,3.4560065791010857,,2024,pit,RP
sa3004772,Nate Harris,P,0.41130000352859497,0.12530000507831573,1.0,0.0,0.0,2.170839982479811,,2024,pit,RP
sa873429,Cristofer Melendez,P,0.9192000031471252,0.01720000058412552,1.0,0.0,0.0,3.078033359348774,,2024,pit,RP
20030,Phillip Diehl,P,1.0,0.0,1.0,0.0,0.0,3.0503333464264872,,2024,pit,RP
sa3016910,Caleb Wurster,P,1.0,0.0,1.0,0.0,0.0,3.048253425955773,,2024,pit,RP
sa3007817,Austin Ross,P,1.0,0.0,1.0,0.0,0.0,3.109506690502167,,2024,pit,RP
sa658929,Jon Harris,P,1.0,0.0,1.0,0.0,0.0,3.0183466553688048,,2024,pit,RP
16266,A.J. Ladwig,P,1.0,0.0,1.0,0.0,0.0,2.7776666499674323,,2024,pit,RP
16588,Jonathan Holder,P,1.0,0.0,1.0,0.0,0.0,3.034946513175964,,2024,pit,RP
sa3015993,Layonel Ovalles,P,0.20679999887943268,0.1687999963760376,1.0,0.0,0.0,1.918206787109375,,2024,pit,SP
sa3004321,Connor Law,P,1.0,0.0,1.0,0.0,0.0,3.102873290330172,TOR,2024,pit,RP
sa3015119,Gianluca Dalatri,P,1.0,0.0,1.0,0.0,0.0,3.163953375816345,MIN,2024,pit,RP
sa3008461,Franklin Parra,P,0.3939000070095062,0.12890000641345978,1.0,0.0,0.0,2.206746854633093,,2024,pit,RP
sa3010300,Jared Janczak,P,1.0,0.0,1.0,0.0,0.0,3.0584734819829467,,2024,pit,RP
sa3014517,Justin Lange,P,0.1754000037908554,0.1754000037908554,1.0,0.0,0.0,1.9997999019920831,,2024,pit,SP
15203,Tyler Bashlor,P,1.0,0.0,1.0,0.0,0.0,3.1542133122682574,MIN,2024,pit,RP
sa3008043,Austin Drury,P,1.0,0.0,1.0,0.0,0.0,2.9737333305180074,,2024,pit,RP
sa3011606,Hunter Parsons,P,1.0,0.0,1.0,0.0,0.0,3.264160051941872,,2024,pit,RP
20643,Johan Quezada,P,1.0,0.0,1.0,0.0,0.0,3.200493285059929,,2024,pit,RP
1581,Sean Doolittle,P,1.0,0.0,1.0,0.0,0.0,3.1962401516735555,,2024,pit,RP
sa828664,Kodi Medeiros,P,1.0,0.0,1.0,0.0,0.0,3.077273502200842,,2024,pit,RP
sa3008697,Juan Daniel Encarnacion,P,0.19850000739097595,0.1704999953508377,1.0,0.0,0.0,1.7321597486734395,,2024,pit,SP
17748,Brody Koerner,P,1.0,0.0,1.0,0.0,0.0,2.8948799222707753,,2024,pit,RP
sa835215,Diogenes Almengo,P,1.0,0.0,1.0,0.0,0.0,3.03661994189024,,2024,pit,RP
sa3007249,Troy Watson,P,1.0,0.0,1.0,0.0,0.0,3.0368799448013313,DET,2024,pit,RP
sa833270,Mitchell Osnowitz,P,1.0,0.0,1.0,0.0,0.0,3.059086752682924,,2024,pit,RP
15158,Braden Shipley,P,1.0,0.0,1.0,0.0,0.0,3.501986655592919,,2024,pit,RP
sa872567,Carlos Espinal,P,1.0,0.0,1.0,0.0,0.0,3.0611400365829473,,2024,pit,RP
sa3009639,Sandro Bargallo,P,0.19189999997615814,0.17190000414848328,1.0,0.0,0.0,1.7019532509148125,,2024,pit,SP
13699,Jake Faria,P,1.0,0.0,1.0,0.0,0.0,3.131399793177844,,2024,pit,RP
sa737066,Jesus Zambrano,P,1.0,0.0,1.0,0.0,0.0,3.0211998879909516,,2024,pit,RP
sa3010303,Nick Mikolajchak,P,1.0,0.0,1.0,0.0,0.0,3.313386598229408,,2024,pit,RP
sa3018183,Reid Johnston,P,0.25459998846054077,0.15860000252723694,1.0,0.0,0.0,2.166566516458988,CLE,2024,pit,SP
sa871477,Carlos Guzman,P,0.9067999720573425,0.01979999989271164,1.0,0.0,0.0,2.9978067718446257,NYM,2024,pit,RP
sa875283,Logan Cozart,P,1.0,0.0,1.0,0.0,0.0,3.0787732116878037,,2024,pit,RP
17735,Tyler Alexander,P,42.86000061035156,4.860000133514404,64.25450134277344,0.0,0.6200000047683716,222.82347455024723,TEX,2024,pit,RP
sa3008261,Blake Rivera,P,1.0,0.0,1.0,0.0,0.0,3.2995866134762766,,2024,pit,RP
sa3009629,Hancel Rincon,P,0.18289999663829803,0.17389999330043793,1.0,0.0,0.0,1.614273362606764,STL,2024,pit,SP
sa3007833,Keegan Curtis,P,0.828499972820282,0.0364999994635582,1.0,0.0,0.0,2.76453329846263,,2024,pit,RP
sa3014791,Braden Zarbnisky,P,1.0,0.0,1.0,0.0,0.0,3.0878666087985036,,2024,pit,RP
sa3019533,Gunnar Groen,P,0.9158999919891357,0.017899999395012856,1.0,0.0,0.0,2.892886770516635,,2024,pit,RP
sa3021719,Erik Tolman,P,0.1754000037908554,0.1754000037908554,1.0,0.0,0.0,1.4583466768264772,WSN,2024,pit,SP
sa3016510,Patricio Aquino,P,0.19280000030994415,0.17180000245571136,1.0,0.0,0.0,1.7301800295710565,MIL,2024,pit,SP
sa829003,Jordan Brink,P,1.0,0.0,1.0,0.0,0.0,2.964279858767987,,2024,pit,RP
sa837103,Ben Bracewell,P,1.0,0.0,1.0,0.0,0.0,2.9542198084294804,,2024,pit,RP
sa3011125,Mike Ruff,P,0.3312999904155731,0.14229999482631683,1.0,0.0,0.0,2.0486465603113175,,2024,pit,RP
sa3020659,Karson Milbrandt,P,0.1754000037908554,0.1754000037908554,1.0,0.0,0.0,1.6044668346643443,MIA,2024,pit,SP
sa3009725,Listher Sosa,P,0.9043999910354614,0.020400000736117363,1.0,0.0,0.0,2.8211732819676407,,2024,pit,RP
sa3017270,Ray Gaither,P,1.0,0.0,1.0,0.0,0.0,3.10449333935976,,2024,pit,RP
23449,Ricky Karcher,P,1.0,0.0,1.0,0.0,0.0,3.183086583763361,,2024,pit,RP
sa3006829,Kevin Magee,P,0.2825999855995178,0.1526000052690506,1.0,0.0,0.0,1.9271799802780154,,2024,pit,SP
15136,Jake Newberry,P,1.0,0.0,1.0,0.0,0.0,3.0006866484880446,,2024,pit,RP
sa3007214,Conner Nurse,P,0.19939999282360077,0.1703999936580658,1.0,0.0,0.0,2.0192133285105234,,2024,pit,SP
sa3010119,Mitchell Kilkenny,P,1.0,0.0,1.0,0.0,0.0,2.8329334132373334,,2024,pit,RP
sa3004345,Charlie Neuweiler,P,1.0,0.0,1.0,0.0,0.0,2.9011599406600004,,2024,pit,RP
18581,Travis Bergen,P,0.9225000143051147,0.016499999910593033,1.0,0.0,0.0,3.0703934252262117,,2024,pit,RP
sa3004704,Bryce Conley,P,0.920799970626831,0.01679999940097332,1.0,0.0,0.0,2.902826787531376,NYM,2024,pit,RP
17987,Bobby Poyner,P,0.859000027179718,0.029999999329447746,1.0,0.0,0.0,2.805253402888775,,2024,pit,RP
sa3017542,Tyler Santana,P,0.4375999867916107,0.11959999799728394,1.0,0.0,0.0,2.07602648139,CHC,2024,pit,RP
sa920272,Alexander Vizcaíno,P,0.24469999969005585,0.1606999933719635,1.0,0.0,0.0,1.8773531347513206,,2024,pit,SP
sa873684,Kit Scheetz,P,0.8210999965667725,0.038100000470876694,1.0,0.0,0.0,2.8615801654756075,,2024,pit,RP
sa3004222,Sam Delaplane,P,1.0,0.0,1.0,0.0,0.0,3.148853289335966,,2024,pit,RP
sa3007896,Dominic Pipkin,P,0.929099977016449,0.01510000042617321,1.0,0.0,0.0,2.7325398482382304,PIT,2024,pit,RP
sa3010237,Joe Corbett,P,1.0,0.0,1.0,0.0,0.0,3.0518132910132416,MIL,2024,pit,RP
sa3017782,Maddux Bruns,P,0.1754000037908554,0.1754000037908554,1.0,0.0,0.0,1.6576132014393812,LAD,2024,pit,SP
sa3005698,Williander Moreno,P,0.3650999963283539,0.13510000705718994,1.0,0.0,0.0,1.9561600163578987,,2024,pit,RP
14672,Dillon Maples,P,1.0,0.0,1.0,0.0,0.0,3.1852002233266834,,2024,pit,RP
sa3008427,Charlie Ruegger,P,1.0,0.0,1.0,0.0,0.0,2.926613511890173,,2024,pit,RP
sa3018143,Braden Scott,P,1.0,0.0,1.0,0.0,0.0,3.1347332604229456,,2024,pit,RP
sa3020453,Nolan DeVos,P,0.2727000117301941,0.15469999611377716,1.0,0.0,0.0,2.0928265832364557,HOU,2024,pit,SP
sa3017964,Drew Gray,P,0.1754000037908554,0.1754000037908554,1.0,0.0,0.0,1.8463065944612027,CHC,2024,pit,SP
21951,Joel Peguero,P,1.0,0.0,1.0,0.0,0.0,2.9195532515645026,SFG,2024,pit,RP
sa3007488,Travis Perry,P,1.0,0.0,1.0,0.0,0.0,2.9916067540645606,,2024,pit,RP
11203,Grant Dayton,P,1.0,0.0,1.0,0.0,0.0,3.076299995929003,,2024,pit,RP
sa3015007,Shane Davis,P,0.18860000371932983,0.17260000109672546,1.0,0.0,0.0,1.691373530775309,,2024,pit,SP
sa920187,Garrett Kelly,P,1.0,0.0,1.0,0.0,0.0,3.0894266024231913,,2024,pit,RP
sa3010326,Zach Vennaro,P,1.0,0.0,1.0,0.0,0.0,2.968253165483475,,2024,pit,RP
sa3017536,Carlos Tavera,P,0.22990000247955322,0.1639000028371811,1.0,0.0,0.0,2.180440196394921,BAL,2024,pit,SP
sa917893,Angel Acevedo,P,1.0,0.0,1.0,0.0,0.0,2.8710865713655953,,2024,pit,RP
sa3010263,Robert Winslow,P,0.8475000262260437,0.032499998807907104,1.0,0.0,0.0,2.8684332005679614,,2024,pit,RP
sa3003009,Rodolfo Sanchez,P,0.6248000264167786,0.07980000227689743,1.0,0.0,0.0,2.559859972447157,,2024,pit,RP
sa3020393,Joe Miller,P,0.25049999356269836,0.15950000286102295,1.0,0.0,0.0,1.906846656650305,DET,2024,pit,SP
sa526934,Seth Blair,P,0.715499997138977,0.060499999672174454,1.0,0.0,0.0,2.989893335103989,,2024,pit,RP
sa3017645,Raimon Gomez,P,0.1754000037908554,0.1754000037908554,1.0,0.0,0.0,1.855373191833496,BAL,2024,pit,SP
sa3017616,Ryan Long,P,0.34119999408721924,0.14020000398159027,1.0,0.0,0.0,2.281853269040585,BAL,2024,pit,RP
sa829420,Zach Warren,P,1.0,0.0,1.0,0.0,0.0,3.121746764332056,,2024,pit,RP
13360,Cam Bedrosian,P,0.9588000178337097,0.008799999952316284,1.0,0.0,0.0,2.902133417129517,,2024,pit,RP
20631,Jordan Holloway,P,1.0,0.0,1.0,0.0,0.0,3.679139944165945,LAA,2024,pit,RP
14741,Tyler Olson,P,1.0,0.0,1.0,0.0,0.0,2.920859883725644,,2024,pit,RP
27967,Andry Lara,P,0.1754000037908554,0.1754000037908554,1.0,0.0,0.0,1.3774799734354022,WSN,2024,pit,SP
sa883710,Jhonatan German,P,1.0,0.0,1.0,0.0,0.0,3.033819830417633,,2024,pit,RP
sa917483,Joan Martinez,P,1.0,0.0,1.0,0.0,0.0,3.0202001444995408,,2024,pit,RP
sa3011710,Brendan Cellucci,P,1.0,0.0,1.0,0.0,0.0,3.0392798654735094,TOR,2024,pit,RP
sa3007932,Calvin Coker,P,1.0,0.0,1.0,0.0,0.0,2.848739914596081,,2024,pit,RP
sa3010305,Alec Wisely,P,1.0,0.0,1.0,0.0,0.0,3.024106625467539,,2024,pit,RP
18592,Hector Perez,P,1.0,0.0,1.0,0.0,0.0,3.295779979974032,,2024,pit,RP
sa3002794,Aldry Acosta,P,1.0,0.0,1.0,0.0,0.0,2.830513297766447,,2024,pit,RP
sa917061,Anderson Amarista,P,0.3222000002861023,0.14419999718666077,1.0,0.0,0.0,1.9432665482163434,,2024,pit,RP
sa3009638,Edgar Manzo,P,0.6520000100135803,0.07400000095367432,1.0,0.0,0.0,2.394653555005789,,2024,pit,RP
sa3020863,Andy Rodriguez,P,1.0,0.0,1.0,0.0,0.0,3.0868467666208743,,2024,pit,RP
sa3008690,Jordano Perez,P,0.1754000037908554,0.1754000037908554,1.0,0.0,0.0,1.5465466119349003,,2024,pit,SP
sa3007261,Austin Briggs,P,1.0,0.0,1.0,0.0,0.0,3.235966659337282,,2024,pit,RP
sa3008483,Griffin Roberts,P,1.0,0.0,1.0,0.0,0.0,3.0961799785494812,,2024,pit,RP
sa828239,Ofelky Peralta,P,0.9075999855995178,0.019600000232458115,1.0,0.0,0.0,3.117433444410563,,2024,pit,RP
sa3014972,John Beller,P,1.0,0.0,1.0,0.0,0.0,3.0598664738237864,,2024,pit,RP
17035,Joe Palumbo,P,1.0,0.0,1.0,0.0,0.0,3.1104733690619475,,2024,pit,RP
sa737451,Ofreidy Gómez,P,1.0,0.0,1.0,0.0,0.0,3.2254733726382256,NYM,2024,pit,RP
13259,Louis Head,P,1.0,0.0,1.0,0.0,0.0,3.0968665979802608,,2024,pit,RP
sa3014868,Casey Cobb,P,0.8747000098228455,0.02669999934732914,1.0,0.0,0.0,2.763226655870676,,2024,pit,RP
sa3002795,Edward Cuello,P,0.7444000244140625,0.0544000007212162,1.0,0.0,0.0,2.640640026330948,,2024,pit,RP
sa3010115,Kevin Coulter,P,1.0,0.0,1.0,0.0,0.0,2.8969932615756995,,2024,pit,RP
sa916950,Luis Rijo,P,0.18950000405311584,0.17249999940395355,1.0,0.0,0.0,1.6541668348014356,,2024,pit,SP
sa3010236,Jarod Bayless,P,1.0,0.0,1.0,0.0,0.0,3.4671533823013307,PIT,2024,pit,RP
sa3014795,Justin Evans,P,1.0,0.0,1.0,0.0,0.0,2.932773316651583,,2024,pit,RP
sa3006983,Boby Johnson,P,1.0,0.0,1.0,0.0,0.0,2.9060466572642327,,2024,pit,RP
13442,Mike Morin,P,1.0,0.0,1.0,0.0,0.0,2.939999830722809,,2024,pit,RP
sa3017207,Justin Meis,P,0.40220001339912415,0.12720000743865967,1.0,0.0,0.0,2.1842135094106196,PIT,2024,pit,RP
sa3010304,Jose Atencio,P,0.3725000023841858,0.13349999487400055,1.0,0.0,0.0,1.769166764616966,,2024,pit,RP
sa3017946,Bailey Dees,P,1.0,0.0,1.0,0.0,0.0,3.1192067086696627,NYY,2024,pit,RP
12680,Ryne Harper,P,1.0,0.0,1.0,0.0,0.0,2.9099933922290804,,2024,pit,RP
sa3010555,Ryan Shreve,P,1.0,0.0,1.0,0.0,0.0,2.908366753906012,,2024,pit,RP
sa917752,Jaison Vilera,P,0.25049999356269836,0.15950000286102295,1.0,0.0,0.0,1.715306647866964,,2024,pit,SP
sa3010777,Zack Hess,P,1.0,0.0,1.0,0.0,0.0,3.093393479287624,,2024,pit,RP
sa3020531,Caleb Franzen,P,0.18289999663829803,0.17389999330043793,1.0,0.0,0.0,0.8812266811728473,,2024,pit,SP
22323,Angel De Jesus,P,1.0,0.0,1.0,0.0,0.0,3.02708677276969,,2024,pit,RP
sa3017206,Ethan Routzahn,P,1.0,0.0,1.0,0.0,0.0,2.9548065818846223,SDP,2024,pit,RP
sa1172214,Nick Belzer,P,0.1754000037908554,0.1754000037908554,1.0,0.0,0.0,1.4971132777631277,,2024,pit,SP
sa3020806,Chris McElvain,P,0.2134000062942505,0.16740000247955322,1.0,0.0,0.0,1.79637994915247,TOR,2024,pit,SP
sa3015331,Jose Acuna,P,0.20100000500679016,0.17000000178813934,1.0,0.0,0.0,1.2550134479999544,CIN,2024,pit,SP
sa3006707,Connor Curlis,P,1.0,0.0,1.0,0.0,0.0,2.6221601039171216,,2024,pit,RP
sa3010789,Cayne Ueckert,P,1.0,0.0,1.0,0.0,0.0,3.106706666946412,,2024,pit,RP
sa918539,Skylar Arias,P,0.770799994468689,0.04879999905824661,1.0,0.0,0.0,2.784046639502049,,2024,pit,RP
sa3002820,Reinaldo De Paula,P,1.0,0.0,1.0,0.0,0.0,2.9366266474127776,,2024,pit,RP
sa3004489,Marcus Reyes,P,0.8574000000953674,0.030400000512599945,1.0,0.0,0.0,2.743733331561089,,2024,pit,RP
sa3020711,Allan Saathoff,P,0.7444000244140625,0.0544000007212162,1.0,0.0,0.0,3.148506627231837,,2024,pit,RP
sa3020804,Nate Peterson,P,0.2784999907016754,0.1535000056028366,1.0,0.0,0.0,1.9042333483695986,CIN,2024,pit,SP
sa3018808,Jarlin Susana,P,0.1754000037908554,0.1754000037908554,1.0,0.0,0.0,1.4529132328927523,WSN,2024,pit,SP
sa875002,Justin Maese,P,1.0,0.0,1.0,0.0,0.0,3.0780666910111907,,2024,pit,RP
sa3011397,Joel Valdez,P,0.30410000681877136,0.14810000360012054,1.0,0.0,0.0,2.075979977846146,CIN,2024,pit,RP
sa3015928,Oswald Medina,P,0.1754000037908554,0.1754000037908554,1.0,0.0,0.0,1.4962333321571353,,2024,pit,SP
18313,Pedro Payano,P,0.40049999952316284,0.1274999976158142,1.0,0.0,0.0,2.226340211927891,,2024,pit,RP
sa3004127,Jordan Gore,P/SS,1.0,0.0,1.0,0.0,0.0,2.9572666853666303,,2024,pit,RP
sa3016843,Peyton Alford,P,1.0,0.0,1.0,0.0,0.0,3.554713305085898,SEA,2024,pit,RP
sa3017724,Frankie Scalzo Jr.,P,0.9588000178337097,0.008799999952316284,1.0,0.0,0.0,2.91831998154521,CHC,2024,pit,RP
sa3020340,Hunter Riggins,P,0.3849000036716461,0.13089999556541443,1.0,0.0,0.0,2.0209865808486938,,2024,pit,RP
sa3014486,Christian Chamberlain,P,1.0,0.0,1.0,0.0,0.0,3.183146765083075,KCR,2024,pit,RP
sa3007966,Blake Whitney,P,1.0,0.0,1.0,0.0,0.0,3.034126409888268,,2024,pit,RP
sa3019881,Tristan Stevens,P,0.45500001311302185,0.11599999666213989,1.0,0.0,0.0,1.9703399099409582,MIA,2024,pit,RP
5702,Junior Guerra,P,0.9876000285148621,0.0026000000070780516,1.0,0.0,0.0,2.8266733519732954,,2024,pit,RP
sa918814,Nate Webb,P,0.942300021648407,0.012299999594688416,1.0,0.0,0.0,3.0843466162681583,,2024,pit,RP
sa3010385,Sam Williams,P,1.0,0.0,1.0,0.0,0.0,3.01397350281477,,2024,pit,RP
sa918377,Brian Howard,P,1.0,0.0,1.0,0.0,0.0,2.898093492537737,,2024,pit,RP
sa919537,Kai-Wei Lin,P,1.0,0.0,1.0,0.0,0.0,2.9533469334244735,,2024,pit,RP
31261,Chris Roycroft,P,1.0,0.0,1.0,0.0,0.0,2.964740209281445,STL,2024,pit,RP
sa3005146,Adam Stauffer,P,1.0,0.0,1.0,0.0,0.0,3.1513135164976123,BAL,2024,pit,RP
sa874248,Oddy Nunez,P,1.0,0.0,1.0,0.0,0.0,3.025666624307633,,2024,pit,RP
sa3020868,Austin Peterson,P,0.1754000037908554,0.1754000037908554,1.0,0.0,0.0,1.751466684043407,CLE,2024,pit,SP
sa3015033,Mason Hickman,P,1.0,0.0,1.0,0.0,0.0,3.3203999601304535,,2024,pit,RP
sa3011143,Andrew McInvale,P,1.0,0.0,1.0,0.0,0.0,3.0441132761538032,,2024,pit,RP
sa3020828,Bradley Brehmer,P,0.19850000739097595,0.1704999953508377,1.0,0.0,0.0,1.7287599951028825,BAL,2024,pit,SP
sa874197,Stephen Villines,P,1.0,0.0,1.0,0.0,0.0,2.8978731870651253,,2024,pit,RP
sa3018289,Pablo Aldonis,P,0.1754000037908554,0.1754000037908554,1.0,0.0,0.0,1.4570533677935602,WSN,2024,pit,SP
20997,Eduard Bazardo,P,33.0,0.0,33.0,0.0,0.6481000185012817,131.81048269271855,SEA,2024,pit,RP
sa3007270,Tyler Palm,P,0.8104000091552734,0.04039999842643738,1.0,0.0,0.0,2.716079783439636,MIN,2024,pit,RP
sa3006381,Victor Munoz,P,0.35269999504089355,0.13770000636577606,1.0,0.0,0.0,2.26721344217658,,2024,pit,RP
sa3007934,Gabriel Cotto,P,0.21089999377727509,0.1678999960422516,1.0,0.0,0.0,1.6980199366807938,,2024,pit,SP
sa3009998,Dan Goggin,P,1.0,0.0,1.0,0.0,0.0,2.9411533653736117,,2024,pit,RP
sa3018799,Antonio Menendez,P,0.9118000268936157,0.018799999728798866,1.0,0.0,0.0,3.157433293014765,ARI,2024,pit,RP
sa3010776,Jonah Dipoto,P,1.0,0.0,1.0,0.0,0.0,3.001719685643912,,2024,pit,RP
sa3010365,Cameron Junker,P,0.9192000031471252,0.01720000058412552,1.0,0.0,0.0,2.8239733397960665,,2024,pit,RP
sa735841,Kevin Gadea,P,1.0,0.0,1.0,0.0,0.0,3.012259944528342,,2024,pit,RP
14974,Tyler Webb,P,1.0,0.0,1.0,0.0,0.0,3.02473331540823,,2024,pit,RP
sa3017786,Bryce McGowan,P,1.0,0.0,1.0,0.0,0.0,2.3546267040073876,COL,2024,pit,RP
sa3020831,Luis Ramirez,P,0.25049999356269836,0.15950000286102295,1.0,0.0,0.0,1.7914066120982168,TEX,2024,pit,SP
sa3010127,Andrew Gross,P,0.816100001335144,0.03909999877214432,1.0,0.0,0.0,2.921666714549065,,2024,pit,RP
sa3010649,Michael Bienlien,P,0.9067999720573425,0.01979999989271164,1.0,0.0,0.0,2.8534532532095906,,2024,pit,RP
sa3017985,Chase Plymell,P,0.9307000041007996,0.014700000174343586,1.0,0.0,0.0,2.7419799558818343,CHW,2024,pit,RP
sa3018140,Tommy Mace,P,0.23890000581741333,0.16189999878406525,1.0,0.0,0.0,2.0312399022281173,CLE,2024,pit,SP
sa1172135,Andy Fisher,P,1.0,0.0,1.0,0.0,0.0,2.523026566207409,,2024,pit,RP
20209,Zach Muckenhirn,P,1.0,0.0,1.0,0.0,0.0,2.9240465573966503,,2024,pit,RP
sa3010557,Derek West,P,1.0,0.0,1.0,0.0,0.0,3.028460149466992,,2024,pit,RP
13401,R.J. Alvarez,P,1.0,0.0,1.0,0.0,0.0,2.9501799777150155,,2024,pit,RP
sa3019774,Joel Hurtado,P,0.3353999853134155,0.14139999449253082,1.0,0.0,0.0,1.827606835216284,LAA,2024,pit,RP
sa3019119,Aldrin Batista,P,0.2167000025510788,0.16670000553131104,1.0,0.0,0.0,1.5861467726528646,CHW,2024,pit,SP
sa875057,Ryan Clark,P,1.0,0.0,1.0,0.0,0.0,2.8528267227113253,,2024,pit,RP
sa3009997,Zach Hart,P,0.8037999868392944,0.04179999977350235,1.0,0.0,0.0,2.731866649538279,,2024,pit,RP
sa3017965,Eric Silva,P,0.25209999084472656,0.1590999960899353,1.0,0.0,0.0,2.1091664753854276,DET,2024,pit,SP
12800,Noé Ramirez,P,1.0,0.0,1.0,0.0,0.0,2.9987733177840714,,2024,pit,RP
sa3007624,Tommy Parsons,P,0.23070000112056732,0.16369999945163727,1.0,0.0,0.0,1.795160005241633,,2024,pit,SP
sa3014854,Holden Powell,P,1.0,0.0,1.0,0.0,0.0,2.7544734537601476,WSN,2024,pit,RP
sa3014929,Robert Kwiatkowski,P,0.76419997215271,0.050200000405311584,1.0,0.0,0.0,2.3971602469682693,,2024,pit,RP
sa1169965,Shelton Perkins,P,1.0,0.0,1.0,0.0,0.0,2.9779269538819797,,2024,pit,RP
22533,Michel Otañez,P,1.0,0.0,1.0,0.0,0.0,3.4037134453654287,TEX,2024,pit,RP
sa3011346,Jake Prizina,P,1.0,0.0,1.0,0.0,0.0,2.854160019010306,,2024,pit,RP
sa3015013,Case Williams,P,0.1754000037908554,0.1754000037908554,1.0,0.0,0.0,0.8546733915805822,COL,2024,pit,SP
sa919034,Kevin Malisheski,P,0.8705000281333923,0.027499999850988388,1.0,0.0,0.0,2.906393408030272,,2024,pit,RP
sa3007464,Kyle Glogoski,P,1.0,0.0,1.0,0.0,0.0,3.0411733262240888,,2024,pit,RP
sa3017861,Owen Holt,P,1.0,0.0,1.0,0.0,0.0,2.5056667074561125,CIN,2024,pit,RP
sa3020733,John Murphy,P,1.0,0.0,1.0,0.0,0.0,2.4367267787456512,,2024,pit,RP
sa1170906,Charles Hall,P,1.0,0.0,1.0,0.0,0.0,2.9704400926828387,,2024,pit,RP
sa3004744,Jason Bahr,P,1.0,0.0,1.0,0.0,0.0,3.025653384625912,,2024,pit,RP
sa3007491,Tyler Carr,P,1.0,0.0,1.0,0.0,0.0,2.8515198998153215,,2024,pit,RP
sa3007776,Jackson Goddard,P,1.0,0.0,1.0,0.0,0.0,2.9985733762383466,,2024,pit,RP
sa3020876,Jagger Haynes,P,0.1754000037908554,0.1754000037908554,1.0,0.0,0.0,1.7067601889371873,SDP,2024,pit,SP
sa913150,Collin Kober,P,0.9125999808311462,0.01860000006854534,1.0,0.0,0.0,2.857626748085022,,2024,pit,RP
sa3017274,Nick Mondak,P,0.7939000129699707,0.04390000179409981,1.0,0.0,0.0,2.444453384727239,,2024,pit,RP
25512,Nate Fisher,P,1.0,0.0,1.0,0.0,0.0,2.91427341401577,,2024,pit,RP
12237,Dan Winkler,P,1.0,0.0,1.0,0.0,0.0,3.0507734715938573,,2024,pit,RP
sa736965,Julio Pinto,P,1.0,0.0,1.0,0.0,0.0,3.0088666938245296,,2024,pit,RP
sa3004647,Juan Pablo Lopez,P,0.35600000619888306,0.13699999451637268,1.0,0.0,0.0,2.0711201056838036,,2024,pit,RP
26259,Hunter Bigge,P,1.0,0.0,1.0,0.0,0.0,3.08359995558858,TBR,2024,pit,RP
11753,Kyle Ryan,P,1.0,0.0,1.0,0.0,0.0,2.74801996126771,,2024,pit,RP
sa3020685,Jake Pilarski,P,1.0,0.0,1.0,0.0,0.0,2.705626650154591,,2024,pit,RP
12360,Kevin Quackenbush,P,1.0,0.0,1.0,0.0,0.0,2.885000086575747,,2024,pit,RP
sa3005034,Derrik Watson,P,1.0,0.0,1.0,0.0,0.0,2.3209666877985,,2024,pit,RP
10946,Josh A. Smith,P,0.9373000264167786,0.013299999758601189,1.0,0.0,0.0,2.6332068361341947,,2024,pit,RP
10756,Shane Greene,P,1.0,0.0,1.0,0.0,0.0,3.1514935366809373,,2024,pit,RP
20329,Andre Scrubb,P,1.0,0.0,1.0,0.0,0.0,3.1569933868944653,NYM,2024,pit,RP
sa3008599,Aaron Hernandez,P,1.0,0.0,1.0,0.0,0.0,2.860493301600218,,2024,pit,RP
19583,Sean Poppen,P,1.0,0.0,1.0,0.0,0.0,3.2501599937677383,,2024,pit,RP
sa3006494,Franny Cobos,P,0.8968999981880188,0.021900000050663948,1.0,0.0,0.0,2.9366266936063767,,2024,pit,RP
sa738180,Hever Bueno,P,1.0,0.0,1.0,0.0,0.0,3.018899950385094,,2024,pit,RP
sa3003109,Luis Romero,P,1.0,0.0,1.0,0.0,0.0,2.7275865755975253,,2024,pit,RP
14509,Dereck Rodríguez,P,1.0,0.0,1.0,0.0,0.0,2.984173342585564,,2024,pit,RP
sa3020841,Dominic Perachi,P,0.21089999377727509,0.1678999960422516,1.0,0.0,0.0,1.6877466708421713,PIT,2024,pit,SP
sa3020396,Chris Campos,P,0.25870001316070557,0.15770000219345093,1.0,0.0,0.0,1.5391866490244865,LAD,2024,pit,SP
20399,Luís Madero,P,1.0,0.0,1.0,0.0,0.0,2.7593466430902485,MIA,2024,pit,RP
sa3005452,Juan Zapata,P,0.6850000023841858,0.06700000166893005,1.0,0.0,0.0,2.499860066175461,,2024,pit,RP
sa3015002,Logan Boyer,P,0.20180000364780426,0.16979999840259552,1.0,0.0,0.0,1.366306776553393,,2024,pit,SP
sa3014738,Adisyn Coffey,P,1.0,0.0,1.0,0.0,0.0,2.835466560721397,CHW,2024,pit,RP
sa3008165,Bryan Warzek,P,0.5242000222206116,0.10119999945163727,1.0,0.0,0.0,2.3789334617555147,,2024,pit,RP
23592,Brett de Geus,P,1.0,0.0,1.0,0.0,0.0,3.202533427625895,,2024,pit,RP
sa3015216,Joe Elbis,P,0.1754000037908554,0.1754000037908554,1.0,0.0,0.0,1.6638599343597886,,2024,pit,SP
sa3009205,Breidy Encarnación,P,1.0,0.0,1.0,0.0,0.0,2.90741318166256,,2024,pit,RP
sa3007801,Andrew Mitchell,P,1.0,0.0,1.0,0.0,0.0,2.9691668204963206,,2024,pit,RP
sa3007460,Mason Fox,P,1.0,0.0,1.0,0.0,0.0,2.9790666230022915,,2024,pit,RP
sa3005397,Alex Scherff,P,1.0,0.0,1.0,0.0,0.0,3.012666511535645,,2024,pit,RP
12361,Spencer Patton,P,1.0,0.0,1.0,0.0,0.0,2.929386652261019,,2024,pit,RP
sa3005243,Landon Leach,P,0.2644999921321869,0.15649999678134918,1.0,0.0,0.0,1.741866566240788,,2024,pit,SP
sa3011538,Nick Richmond,P,1.0,0.0,1.0,0.0,0.0,3.0144665241241455,,2024,pit,RP
sa3017139,Samuel Strickland,P,0.45579999685287476,0.11580000072717667,1.0,0.0,0.0,2.2102667845785624,ATL,2024,pit,RP
sa3007263,Jared Tobey,P,1.0,0.0,1.0,0.0,0.0,2.969820031523705,,2024,pit,RP
sa3020708,Brock Porter,P,0.1754000037908554,0.1754000037908554,1.0,0.0,0.0,1.762806506454945,TEX,2024,pit,SP
sa3018276,Alfredo Zarraga,P,1.0,0.0,1.0,0.0,0.0,3.305413249880076,TBR,2024,pit,RP
sa3011131,Edgar Sanchez,P,0.41620001196861267,0.1242000013589859,1.0,0.0,0.0,1.9087865889072417,OAK,2024,pit,RP
20334,Kyle Dohy,P,1.0,0.0,1.0,0.0,0.0,3.0560799896717077,,2024,pit,RP
sa3008159,R.J. Freure,P,1.0,0.0,1.0,0.0,0.0,3.0191666759550575,,2024,pit,RP
sa3017257,Brandon Dufault,P,1.0,0.0,1.0,0.0,0.0,2.835646624863148,LAD,2024,pit,RP
sa3017491,Kyle Virbitsky,P,0.2727000117301941,0.15469999611377716,1.0,0.0,0.0,1.9693468801677234,,2024,pit,SP
sa3009266,Edinson Batista,P,0.2603999972343445,0.1573999971151352,1.0,0.0,0.0,1.912819895148277,,2024,pit,SP
sa3019134,Luis Madrazo,P,1.0,0.0,1.0,0.0,0.0,3.016433367133141,SDP,2024,pit,RP
sa3017196,Andrew Baker,P,1.0,0.0,1.0,0.0,0.0,2.8982465356588363,PHI,2024,pit,RP
sa3006410,Carlos Meza,P,1.0,0.0,1.0,0.0,0.0,3.02824659049511,,2024,pit,RP
sa3020394,Duncan Davitt,P,0.43849998712539673,0.11949999630451202,1.0,0.0,0.0,2.4655933089554307,CHW,2024,pit,RP
sa3018137,John Creel,P,1.0,0.0,1.0,0.0,0.0,2.969353516399861,,2024,pit,RP
sa3016746,Kendry Rojas,P,0.22660000622272491,0.16459999978542328,1.0,0.0,0.0,1.828206621855497,MIN,2024,pit,SP
23875,Omar Cruz,P,0.8672000169754028,0.028200000524520874,1.0,0.0,0.0,2.8963132619857785,SDP,2024,pit,RP
sa921678,Kyle Johnson,P,1.0,0.0,1.0,0.0,0.0,2.8665265358984473,,2024,pit,RP
sa3016052,Jordy Vargas,P,0.1754000037908554,0.1754000037908554,1.0,0.0,0.0,0.8689132355153562,COL,2024,pit,SP
sa1170484,Bear Bellomy,P,1.0,0.0,1.0,0.0,0.0,2.8212267741560937,,2024,pit,RP
sa874818,Wandisson Charles,P,1.0,0.0,1.0,0.0,0.0,3.2027532123029236,DET,2024,pit,RP
18615,Hobie Harris,P,1.0,0.0,1.0,0.0,0.0,2.8101399436593058,BOS,2024,pit,RP
sa1170341,JC Keys,P,1.0,0.0,1.0,0.0,0.0,2.9189000897109514,,2024,pit,RP
sa3006763,J.T. Hintzen,P,0.9010999798774719,0.0210999995470047,1.0,0.0,0.0,2.8113133899867537,,2024,pit,RP
13685,Nick Goody,P,0.925000011920929,0.01600000075995922,1.0,0.0,0.0,2.8848200514912605,,2024,pit,RP
sa3014910,Zach Linginfelter,P,1.0,0.0,1.0,0.0,0.0,2.9152066461741923,,2024,pit,RP
sa3004005,Ramon Perez,P,0.9258000254631042,0.015799999237060547,1.0,0.0,0.0,2.9382733777165417,,2024,pit,RP
sa873694,Luis Moncada,P,0.428600013256073,0.12160000205039978,1.0,0.0,0.0,1.9946665160357955,,2024,pit,RP
sa3015214,Manuel Mercedes,P,0.20589999854564667,0.1688999980688095,1.0,0.0,0.0,1.7266732200980188,SFG,2024,pit,SP
sa3006951,Solomon Bates,P,0.965399980545044,0.007400000002235174,1.0,0.0,0.0,2.9314266458153724,,2024,pit,RP
sa3005026,Gerald Ogando,P,1.0,0.0,1.0,0.0,0.0,3.003279796242714,BAL,2024,pit,RP
sa3017134,Dylan Spain,P,1.0,0.0,1.0,0.0,0.0,2.185339973121882,,2024,pit,RP
sa738914,Jake Thompson,P,1.0,0.0,1.0,0.0,0.0,2.8862534120678904,,2024,pit,RP
sa3022323,Joe Adametz,P,0.3271999955177307,0.14319999516010284,1.0,0.0,0.0,1.9170133762061599,TEX,2024,pit,RP
sa3006798,Eli Lingos,P,1.0,0.0,1.0,0.0,0.0,2.84979344457388,,2024,pit,RP
sa3018229,Tyler Thornton,P,1.0,0.0,1.0,0.0,0.0,3.3964733377099035,CLE,2024,pit,RP
sa3014799,Cesar Gomez,P,1.0,0.0,1.0,0.0,0.0,2.830693389475346,,2024,pit,RP
sa873263,Hunter Schryver,P,1.0,0.0,1.0,0.0,0.0,2.819973485171795,,2024,pit,RP
sa3020608,Trevor Martin,P,0.19769999384880066,0.17069999873638153,1.0,0.0,0.0,2.0120399616658684,TBR,2024,pit,SP
sa3020830,Riley Cornelio,P,0.1754000037908554,0.1754000037908554,1.0,0.0,0.0,1.263646848499775,WSN,2024,pit,SP
sa3004493,Nick Kuzia,P,1.0,0.0,1.0,0.0,0.0,2.8710068069398407,,2024,pit,RP
sa3008127,Brett Daniels,P,0.7962999939918518,0.043299999088048935,1.0,0.0,0.0,2.705120053887367,,2024,pit,RP
sa3008577,Justin Lewis,P,0.31310001015663147,0.1460999995470047,1.0,0.0,0.0,2.1919199623167516,CLE,2024,pit,RP
sa3007008,Tanner Dodson,P,1.0,0.0,1.0,0.0,0.0,2.534013561159373,,2024,pit,RP
27694,Justin Sterner,P,1.0,0.0,1.0,0.0,0.0,3.3708265148103242,OAK,2024,pit,RP
sa3003103,Nelvin Correa,P,1.0,0.0,1.0,0.0,0.0,2.8641001187264923,,2024,pit,RP
sa3008443,Zach Willeman,P,1.0,0.0,1.0,0.0,0.0,2.9043266080319885,,2024,pit,RP
sa873328,Gregori Vasquez,P,1.0,0.0,1.0,0.0,0.0,2.8049401678144936,,2024,pit,RP
24606,Josh Winder,P,24.0,0.0,24.0,0.0,0.5995000004768372,88.59500012397768,,2024,pit,RP
sa1170265,Clayton McGinness,P,1.0,0.0,1.0,0.0,0.0,2.8592201910912993,,2024,pit,RP
sa3005015,Sam Carlson,P,0.9043999910354614,0.020400000736117363,1.0,0.0,0.0,2.7135199487209323,HOU,2024,pit,RP
19558,Geoff Hartlieb,P,10.0,0.0,10.0,0.0,0.5697000026702881,28.5519546508789,OAK,2024,pit,RP
sa3019879,Joey Lancellotti,P,0.8985999822616577,0.02160000056028366,1.0,0.0,0.0,2.9326733462512498,,2024,pit,RP
sa3011194,Nicio Rodriguez,P,0.210099995136261,0.1680999994277954,1.0,0.0,0.0,1.7198467344045634,,2024,pit,SP
19785,Jake Lemoine,P,1.0,0.0,1.0,0.0,0.0,2.7648666620254523,,2024,pit,RP
sa3020324,Marcus Johnson,P,0.18860000371932983,0.17260000109672546,1.0,0.0,0.0,1.866240186989307,TBR,2024,pit,SP
sa3004491,Wes Robertson,P,1.0,0.0,1.0,0.0,0.0,2.8625268362462526,,2024,pit,RP
sa3017551,Nic Swanson,P,0.2603999972343445,0.1573999971151352,1.0,0.0,0.0,1.9289599716663366,HOU,2024,pit,SP
sa3010322,Michael Horrell,P,0.9735999703407288,0.00559999980032444,1.0,0.0,0.0,2.792120023071766,,2024,pit,RP
16768,Montana DuRapau,P,0.8730000257492065,0.027000000700354576,1.0,0.0,0.0,2.637173449248075,,2024,pit,RP
sa3014875,Mike Adams,P,0.6998999714851379,0.06390000134706497,1.0,0.0,0.0,2.471186511963606,,2024,pit,RP
sa3011369,Matt Minnick,P,1.0,0.0,1.0,0.0,0.0,2.956906770914794,,2024,pit,RP
sa3020866,Jake Madden,P,0.1754000037908554,0.1754000037908554,1.0,0.0,0.0,0.7378332018852238,COL,2024,pit,SP
19731,Kodi Whitley,P,1.0,0.0,1.0,0.0,0.0,2.929439790546894,TBR,2024,pit,RP
sa3020172,Billy Corcoran,P,0.5109999775886536,0.10400000214576721,1.0,0.0,0.0,2.270613480359316,ARI,2024,pit,RP
sa3020837,Joshua Loeschorn,P,0.758400022983551,0.05139999836683273,1.0,0.0,0.0,2.533833272755146,PIT,2024,pit,RP
sa3004812,Steven Jennings,P,1.0,0.0,1.0,0.0,0.0,2.898333396017552,,2024,pit,RP
sa917763,Edwuin Bencomo,P,0.558899998664856,0.09390000253915787,1.0,0.0,0.0,2.2063200995326047,,2024,pit,RP
sa3007967,Zack Leban,P,0.878000020980835,0.026000000536441803,1.0,0.0,0.0,2.801873247325421,,2024,pit,RP
sa3010567,Dalton Roach,P,1.0,0.0,1.0,0.0,0.0,2.899680162966251,,2024,pit,RP
sa829470,Argenis Angulo,P,1.0,0.0,1.0,0.0,0.0,3.0492534250020986,,2024,pit,RP
16850,Locke St. John,P,1.0,0.0,1.0,0.0,0.0,2.9215799614787104,,2024,pit,RP
18510,Josh Rogers,P,0.5612999796867371,0.093299999833107,1.0,0.0,0.0,1.368433087319136,,2024,pit,RP
sa3014873,Hunter Peck,P,1.0,0.0,1.0,0.0,0.0,2.9639865852892404,,2024,pit,RP
sa3005687,Bryan Caceres,P,0.24879999458789825,0.1597999930381775,1.0,0.0,0.0,1.4218864932656294,,2024,pit,SP
sa3010820,Chandler Casey,P,1.0,0.0,1.0,0.0,0.0,2.7256467476487165,,2024,pit,RP
sa3007272,Felix Minjarez,P,1.0,0.0,1.0,0.0,0.0,2.982199818640948,,2024,pit,RP
20018,Parker Dunshee,P,0.7121999859809875,0.06120000034570694,1.0,0.0,0.0,2.5891400262713433,,2024,pit,RP
sa3008724,Benjamin Arias,P,0.20100000500679016,0.17000000178813934,1.0,0.0,0.0,1.612273250520229,,2024,pit,SP
sa918276,Trey Cobb,P,1.0,0.0,1.0,0.0,0.0,2.8531532838940623,,2024,pit,RP
sa3014814,Vin Timpanelli,P,1.0,0.0,1.0,0.0,0.0,2.543933559954167,,2024,pit,RP
sa3008020,Michael Brettell,P,1.0,0.0,1.0,0.0,0.0,2.7188933454453945,STL,2024,pit,RP
sa3004473,John Ghyzel,P,1.0,0.0,1.0,0.0,0.0,3.0227798454463484,,2024,pit,RP
sa3019459,Elmer Rodríguez,P,0.1754000037908554,0.1754000037908554,1.0,0.0,0.0,1.4316000640392303,NYY,2024,pit,SP
15538,Eric Yardley,P,1.0,0.0,1.0,0.0,0.0,2.5915399461984636,,2024,pit,RP
14823,Mark Appel,P,1.0,0.0,1.0,0.0,0.0,2.813819834589959,,2024,pit,RP
sa3017818,Cullen Kafka,P,0.46239998936653137,0.1143999993801117,1.0,0.0,0.0,1.9815733894705772,,2024,pit,RP
sa3015073,Zarion Sharpe,P,0.31310001015663147,0.1460999995470047,1.0,0.0,0.0,1.7617202527821072,,2024,pit,RP
sa3020873,Andrew Taylor,P,0.31310001015663147,0.1460999995470047,1.0,0.0,0.0,2.0503933914005756,HOU,2024,pit,RP
sa3016019,Jefrem Leon,P,0.227400004863739,0.16439999639987946,1.0,0.0,0.0,1.6257532633841039,,2024,pit,SP
sa3007811,Trent Fennell,P,0.835099995136261,0.035100001841783524,1.0,0.0,0.0,2.7044999584555627,,2024,pit,RP
sa828518,Dilmer Mejia,P,0.4715000092983246,0.11249999701976776,1.0,0.0,0.0,2.0371669776737695,,2024,pit,RP
sa3011337,Will Ethridge,P,0.8689000010490417,0.027899999171495438,1.0,0.0,0.0,2.608966422826052,,2024,pit,RP
25890,Bryan King,P,1.0,0.0,1.0,0.0,0.0,2.951486671715975,HOU,2024,pit,RP
26171,Connor Gillispie,P,0.30489999055862427,0.14790000021457672,1.0,0.0,0.0,2.1058265842497343,PHI,2024,pit,RP
sa3014847,Blake Brown,P,1.0,0.0,1.0,0.0,0.0,3.3380598925054072,,2024,pit,RP
sa3017547,Jacob Webb,P,1.0,0.0,1.0,0.0,0.0,2.878526826947928,BOS,2024,pit,RP
sa3007473,Reid Birlingmair,P,1.0,0.0,1.0,0.0,0.0,2.884286569058895,,2024,pit,RP
sa3017781,Ryan Sublette,P,0.9125999808311462,0.01860000006854534,1.0,0.0,0.0,2.6901132389903064,LAD,2024,pit,RP
sa3014812,Carson Rudd,P,0.23649999499320984,0.16249999403953552,1.0,0.0,0.0,1.3154133409261703,,2024,pit,SP
17505,Jorge Guzmán,P,1.0,0.0,1.0,0.0,0.0,2.899186764657498,,2024,pit,RP
sa3018171,Jake Miller,P,0.2818000018596649,0.15279999375343323,1.0,0.0,0.0,2.0045199163258074,CLE,2024,pit,SP
sa941791,Freylin Garcia,P,1.0,0.0,1.0,0.0,0.0,2.8961598061025144,,2024,pit,RP
sa3008162,Rodney Hutchison,P,1.0,0.0,1.0,0.0,0.0,3.2887134909629823,SEA,2024,pit,RP
sa3002971,Yefri Del Rosario,P,1.0,0.0,1.0,0.0,0.0,2.9103467777371415,,2024,pit,RP
sa3017309,Nathan Burns,P,1.0,0.0,1.0,0.0,0.0,2.9705601245164877,,2024,pit,RP
sa3006950,Yaya Chentouf,P,1.0,0.0,1.0,0.0,0.0,2.7892666034400464,,2024,pit,RP
sa1116003,Ricky DeVito,P,1.0,0.0,1.0,0.0,0.0,2.934173223376274,,2024,pit,RP
sa3010558,Nick Ernst,P,1.0,0.0,1.0,0.0,0.0,2.958619925379754,,2024,pit,RP
sa1172127,Luis Carrasco,P,0.19689999520778656,0.17090000212192535,1.0,0.0,0.0,1.7889332696795468,OAK,2024,pit,SP
sa3010255,Logan Rinehart,P,0.8878999948501587,0.023900000378489494,1.0,0.0,0.0,2.908233239501715,,2024,pit,RP
sa3020258,Cole Kirschsieper,P,0.263700008392334,0.156700000166893,1.0,0.0,0.0,1.603800062090159,,2024,pit,SP
sa3020858,Joey Mancini,P,0.30410000681877136,0.14810000360012054,1.0,0.0,0.0,1.9203399583697314,HOU,2024,pit,RP
sa3006145,Emilio Marquez,P,1.0,0.0,1.0,0.0,0.0,2.8666600100696087,,2024,pit,RP
sa3006954,Trey Cumbie,P,0.899399995803833,0.021400000900030136,1.0,0.0,0.0,2.8862932257354266,,2024,pit,RP
sa3011557,Cyrillo Watson,P,0.9027000069618225,0.02070000022649765,1.0,0.0,0.0,2.809019699692726,,2024,pit,RP
sa3017392,Hunter Dula,P,1.0,0.0,1.0,0.0,0.0,3.1180666707456117,,2024,pit,RP
sa877342,Chester Pimentel,P,1.0,0.0,1.0,0.0,0.0,3.1980866312980654,,2024,pit,RP
sa3020893,Will Rudy,P,0.1754000037908554,0.1754000037908554,1.0,0.0,0.0,1.4443867169320583,MIL,2024,pit,SP
sa738901,Zack Brown,P,0.52920001745224,0.10019999742507935,1.0,0.0,0.0,1.6143134847283358,,2024,pit,RP
2608,Jhoulys Chacín,P,1.0,0.0,1.0,0.0,0.0,2.807193419337273,,2024,pit,RP
sa3010371,Yorlin Calderon,P,0.6875,0.06650000065565109,1.0,0.0,0.0,2.4673600599169734,,2024,pit,RP
sa3015222,D.J. McCarty,P,0.30320000648498535,0.14820000529289246,1.0,0.0,0.0,1.8468534074723726,TEX,2024,pit,RP
sa3014866,Stevie Branche,P,1.0,0.0,1.0,0.0,0.0,2.5916066363453867,,2024,pit,RP
8350,AJ Ramos,P,1.0,0.0,1.0,0.0,0.0,2.9322466015815736,,2024,pit,RP
sa3005340,Nathan Witt,P,1.0,0.0,1.0,0.0,0.0,2.861933101713658,,2024,pit,RP
sa918121,Henry Henry,P,0.7501999735832214,0.053199999034404755,1.0,0.0,0.0,2.501253411173821,,2024,pit,RP
sa918319,Ruben Garcia,P,1.0,0.0,1.0,0.0,0.0,2.9961066156625753,,2024,pit,RP
16110,Daniel Ponce de Leon,P,0.8432999849319458,0.0333000011742115,1.0,0.0,0.0,2.760386592149734,,2024,pit,RP
26944,Edgardo Henriquez,P,0.18780000507831573,0.1728000044822693,1.0,0.0,0.0,1.2825733557343484,LAD,2024,pit,SP
sa3005826,Jorge Juan,P,1.0,0.0,1.0,0.0,0.0,3.0899733044207096,BOS,2024,pit,RP
21087,Demarcus Evans,P,1.0,0.0,1.0,0.0,0.0,3.0920133620500567,,2024,pit,RP
sa3017366,Deylen Miley,P,0.30410000681877136,0.14810000360012054,1.0,0.0,0.0,1.9987132266163825,,2024,pit,RP
24363,Edgar Navarro,P,1.0,0.0,1.0,0.0,0.0,2.676946534216404,,2024,pit,RP
sa658087,Adrian Almeida,P,1.0,0.0,1.0,0.0,0.0,2.900046791881323,,2024,pit,RP
sa3014698,Stevie Emanuels,P,1.0,0.0,1.0,0.0,0.0,3.1423265680670744,OAK,2024,pit,RP
sa3008462,Kevin Folman,P,0.4120999872684479,0.1251000016927719,1.0,0.0,0.0,1.784539998322725,CHW,2024,pit,RP
sa3010000,Evan Johnson,P,1.0,0.0,1.0,0.0,0.0,3.4306867361068725,,2024,pit,RP
sa3019153,Franklin Gomez,P,0.3156000077724457,0.14560000598430634,1.0,0.0,0.0,2.0083534680306916,CLE,2024,pit,RP
sa3015446,Yoniel Curet,P,0.20430000126361847,0.16930000483989716,1.0,0.0,0.0,2.176666654646397,PHI,2024,pit,SP
sa3015034,Trey Benton,P,1.0,0.0,1.0,0.0,0.0,3.169806675612927,,2024,pit,RP
sa3016839,Kenyon Yovan,P,1.0,0.0,1.0,0.0,0.0,2.779753363877535,LAA,2024,pit,RP
sa3017952,Danny Watson,P,1.0,0.0,1.0,0.0,0.0,3.0522600442171095,NYY,2024,pit,RP
sa3017129,J.J. Niekro,P,0.5109999775886536,0.10400000214576721,1.0,0.0,0.0,2.111460092663765,,2024,pit,RP
sa3014781,Luke Shilling,P,0.9381999969482422,0.013199999928474426,1.0,0.0,0.0,2.869666480273009,,2024,pit,RP
14655,Konner Wade,P,1.0,0.0,1.0,0.0,0.0,2.582033336162567,,2024,pit,RP
sa3017593,Jake Rice,P,1.0,0.0,1.0,0.0,0.0,3.0456533841788773,ARI,2024,pit,RP
sa3010560,Ben Anderson,P,0.3230000138282776,0.14399999380111694,1.0,0.0,0.0,1.8003131717443468,TEX,2024,pit,RP
sa3018145,Riley Davis,P,0.4253000020980835,0.12229999899864197,1.0,0.0,0.0,2.398593164235354,,2024,pit,RP
sa3017470,Ryan Cardona,P,0.25130000710487366,0.15929999947547913,1.0,0.0,0.0,1.274213320016861,CIN,2024,pit,SP
sa3017539,Wyatt Olds,P,0.35109999775886536,0.13809999823570251,1.0,0.0,0.0,1.9999733194708824,BOS,2024,pit,RP
sa3005029,Matt Turner,P,1.0,0.0,1.0,0.0,0.0,2.7838601179420954,NYM,2024,pit,RP
sa3009509,Jesus Lugo,P,0.18700000643730164,0.17299999296665192,1.0,0.0,0.0,1.4900064915418625,,2024,pit,SP
14875,Caleb Smith,P,0.9884999990463257,0.0024999999441206455,1.0,0.0,0.0,3.011520025134087,,2024,pit,RP
21728,Luis Oviedo,P,0.972000002861023,0.006000000052154064,1.0,0.0,0.0,2.8706133499741555,,2024,pit,RP
21093,Nick Vespi,P,38.0,0.0,38.0,0.0,0.6195999979972839,144.2893766403198,,2024,pit,RP
5640,Tyler Clippard,P,1.0,0.0,1.0,0.0,0.0,2.653240156173706,WSN,2024,pit,RP
sa3006771,Shelby Lackey,P,1.0,0.0,1.0,0.0,0.0,2.881200172007084,,2024,pit,RP
sa3011250,Aidan Anderson,P,0.835099995136261,0.035100001841783524,1.0,0.0,0.0,2.687486821413041,TEX,2024,pit,RP
sa3009985,Gabriel Ponce,P,0.8259999752044678,0.03700000047683716,1.0,0.0,0.0,2.8660198166966437,,2024,pit,RP
sa3017422,Marino Santy,P,0.23319999873638153,0.1632000058889389,1.0,0.0,0.0,1.794073314964772,CHC,2024,pit,SP
sa1170802,Patrick Smith,P,1.0,0.0,1.0,0.0,0.0,2.8753665491938594,,2024,pit,RP
sa3020259,Devereaux Harrison,P,0.2669999897480011,0.15600000321865082,1.0,0.0,0.0,1.799793361872434,TOR,2024,pit,SP
25420,Ryan Zeferjahn,P,0.9621000289916992,0.008100000210106373,1.0,0.0,0.0,2.8399934194982057,LAA,2024,pit,RP
sa3015441,Mikell Manzano,P,0.3617999851703644,0.13580000400543213,1.0,0.0,0.0,2.098866550624371,,2024,pit,RP
18076,Matt Hall,P,0.7459999918937683,0.05400000140070915,1.0,0.0,0.0,2.446226494014263,,2024,pit,RP
19881,Gabe Klobosits,P,1.0,0.0,1.0,0.0,0.0,2.813660015165806,CHC,2024,pit,RP
sa3017417,Adrian Chaidez,P,0.41130000352859497,0.12530000507831573,1.0,0.0,0.0,2.2601134039461614,,2024,pit,RP
sa3017011,Jacob DeLabio,P,1.0,0.0,1.0,0.0,0.0,3.007653377950192,,2024,pit,RP
sa3007204,Sean Wymer,P,1.0,0.0,1.0,0.0,0.0,2.819186601787806,,2024,pit,RP
sa3016842,Jonathan Petit,P,0.21250000596046448,0.16750000417232513,1.0,0.0,0.0,1.2671133443713183,,2024,pit,SP
13707,Joey Krehbiel,P,1.0,0.0,1.0,0.0,0.0,3.356446768343449,,2024,pit,RP
sa3004483,Matt Seelinger,P,1.0,0.0,1.0,0.0,0.0,2.957586611807347,DET,2024,pit,RP
sa3017879,Kevin Abel,P,0.23399999737739563,0.16300000250339508,1.0,0.0,0.0,1.2326465457677842,CIN,2024,pit,SP
sa3008454,Michael Gomez,P,1.0,0.0,1.0,0.0,0.0,3.037206740677357,,2024,pit,RP
20383,Antonio Santos,P,1.0,0.0,1.0,0.0,0.0,2.7675933375954633,,2024,pit,RP
sa3014853,Cam Opp,P,1.0,0.0,1.0,0.0,0.0,2.761173437535763,,2024,pit,RP
sa919409,Jake Elliott,P,0.9240999817848206,0.016100000590085983,1.0,0.0,0.0,2.752393276244402,,2024,pit,RP
sa3008614,Bryan Pall,P,1.0,0.0,1.0,0.0,0.0,3.3491868101060396,,2024,pit,RP
sa3019071,Emmanuel Reyes,P,0.2711000144481659,0.1551000028848648,1.0,0.0,0.0,1.5649201035499574,KCR,2024,pit,SP
sa738946,Parker Bugg,P,0.745199978351593,0.05420000106096268,1.0,0.0,0.0,2.692920063436032,,2024,pit,RP
sa3008225,Ryley Gilliam,P,1.0,0.0,1.0,0.0,0.0,2.9340134039521217,,2024,pit,RP
sa3009494,Gabriel Aguilera,P,0.1754000037908554,0.1754000037908554,1.0,0.0,0.0,0.9416867174208168,,2024,pit,SP
sa944989,Daison Acosta,P,1.0,0.0,1.0,0.0,0.0,2.6844867520034312,SDP,2024,pit,RP
19246,Miguel Aguilar,P,1.0,0.0,1.0,0.0,0.0,2.8641801454126834,,2024,pit,RP
sa3020408,Jake Miller,P,0.24140000343322754,0.16140000522136688,1.0,0.0,0.0,1.7428866393864157,DET,2024,pit,SP
sa3016018,Gerelmi Maldonado,P,0.20509999990463257,0.16910000145435333,1.0,0.0,0.0,1.895206778496504,SFG,2024,pit,SP
20667,Cristofer Ogando,P,1.0,0.0,1.0,0.0,0.0,3.1895601563155656,,2024,pit,RP
9817,Sergio Romo,P,1.0,0.0,1.0,0.0,0.0,2.843706533312797,,2024,pit,RP
sa874072,Jack Anderson,P,1.0,0.0,1.0,0.0,0.0,2.718393360823393,,2024,pit,RP
sa918618,Tyree Thompson,P,0.8021000027656555,0.042100001126527786,1.0,0.0,0.0,2.7277866475284105,,2024,pit,RP
sa3014542,Nick Swiney,P,1.0,0.0,1.0,0.0,0.0,3.1273400321602822,,2024,pit,RP
sa3002926,Marco Jimenez,P,0.2784999907016754,0.1535000056028366,1.0,0.0,0.0,1.7381933659315116,DET,2024,pit,SP
14707,Brady Lail,P,1.0,0.0,1.0,0.0,0.0,2.7390400066971785,,2024,pit,RP
sa917194,Hector Yan,P,0.2150000035762787,0.16699999570846558,1.0,0.0,0.0,1.6711202390491962,,2024,pit,SP
sa827196,Nick Howard,P,1.0,0.0,1.0,0.0,0.0,2.780093432962895,,2024,pit,RP
sa738309,Dylan Rheault,P,1.0,0.0,1.0,0.0,0.0,2.7929332405328755,,2024,pit,RP
5420,Pedro Báez,P,1.0,0.0,1.0,0.0,0.0,2.8143665678799152,,2024,pit,RP
14832,Bobby Wahl,P,1.0,0.0,1.0,0.0,0.0,2.8620799981057643,,2024,pit,RP
20175,Ben Braymer,P,0.4375999867916107,0.11959999799728394,1.0,0.0,0.0,2.0005531303584583,,2024,pit,RP
sa3018174,Chen Zhong-Ao Zhuang,P,0.1754000037908554,0.1754000037908554,1.0,0.0,0.0,1.7367132209241394,OAK,2024,pit,SP
sa3008096,Ben Onyshko,P,0.6825000047683716,0.06750000268220901,1.0,0.0,0.0,2.8460268422961237,,2024,pit,RP
15139,Ashton Goudeau,P,1.0,0.0,1.0,0.0,0.0,2.6257667817175396,,2024,pit,RP
sa3021979,Landon Sims,P,0.19189999997615814,0.17190000414848328,1.0,0.0,0.0,1.6088198676705363,ARI,2024,pit,SP
sa919234,Yeizo Campos,P,1.0,0.0,1.0,0.0,0.0,2.8063533611595637,,2024,pit,RP
sa3010554,Connor Lehmann,P,0.25870001316070557,0.15770000219345093,1.0,0.0,0.0,1.6236200511455539,,2024,pit,SP
16058,Stefan Crichton,P,1.0,0.0,1.0,0.0,0.0,2.7269599221646788,,2024,pit,RP
sa3011199,Gunner Mayer,P,0.19939999282360077,0.1703999936580658,1.0,0.0,0.0,1.3818533793091774,SEA,2024,pit,SP
sa3016714,Alessandro Ercolani,P,0.19689999520778656,0.17090000212192535,1.0,0.0,0.0,1.5075199127197267,PIT,2024,pit,SP
sa3014520,Jeremy Wu-Yelland,P,0.25049999356269836,0.15950000286102295,1.0,0.0,0.0,1.6643201261758809,BOS,2024,pit,SP
sa3007459,Clay Helvey,P,1.0,0.0,1.0,0.0,0.0,3.013513341546059,,2024,pit,RP
sa3015334,Aidan Curry,P,0.2134000062942505,0.16740000247955322,1.0,0.0,0.0,1.7290600262582303,TEX,2024,pit,SP
19548,JD Hammer,P,1.0,0.0,1.0,0.0,0.0,2.7004333361983304,,2024,pit,RP
sa3020901,Henry Williams,P,0.1754000037908554,0.1754000037908554,1.0,0.0,0.0,1.3799865528941155,KCR,2024,pit,SP
sa3021729,Jackson Humphries,P,0.18780000507831573,0.1728000044822693,1.0,0.0,0.0,1.7569599434733392,CLE,2024,pit,SP
sa3008514,Jake Haberer,P,0.6825000047683716,0.06750000268220901,1.0,0.0,0.0,2.872173295915127,,2024,pit,RP
sa3017255,Hugh Fisher,P,1.0,0.0,1.0,0.0,0.0,2.9325733229517943,,2024,pit,RP
sa3014846,Grant Black,P,0.7749000191688538,0.0478999987244606,1.0,0.0,0.0,2.4435801029205324,,2024,pit,RP
8048,Will Smith,P,64.0,0.0,64.0,12.508000373840332,8.406100273132324,320.65164494514465,,2024,pit,RP
sa3014976,Jason Parker,P,0.18369999527931213,0.1737000048160553,1.0,0.0,0.0,0.896353313326836,,2024,pit,SP
19814,David McKay,P,1.0,0.0,1.0,0.0,0.0,2.7626465894281864,,2024,pit,RP
sa3019953,Josh White,P,0.439300000667572,0.1193000003695488,1.0,0.0,0.0,1.8817600131034853,MIA,2024,pit,RP
sa3006808,Connor Higgins,P,1.0,0.0,1.0,0.0,0.0,2.832606676220894,,2024,pit,RP
13974,Ryan Dull,P,1.0,0.0,1.0,0.0,0.0,2.7831597626209263,,2024,pit,RP
sa3014797,Cameron Gibbens,P,1.0,0.0,1.0,0.0,0.0,3.0001868098974236,,2024,pit,RP
6216,Dellin Betances,P,1.0,0.0,1.0,0.0,0.0,2.8328932069242003,,2024,pit,RP
sa3018142,Calvin Ziegler,P,0.1754000037908554,0.1754000037908554,1.0,0.0,0.0,1.7223934128880507,NYM,2024,pit,SP
sa873758,Luis Perez,P,0.8853999972343445,0.024399999529123306,1.0,0.0,0.0,2.6527466863393787,,2024,pit,RP
26136,Austin Pope,P,17.0,0.0,17.0,0.0,0.6172000169754028,63.25281717777253,ATL,2024,pit,RP
sa3014874,Thomas Ruwe,P,1.0,0.0,1.0,0.0,0.0,2.952459955215454,,2024,pit,RP
sa3005408,Nick Gallagher,P,1.0,0.0,1.0,0.0,0.0,2.8991800010204316,,2024,pit,RP
sa918182,Julian Garcia,P,1.0,0.0,1.0,0.0,0.0,2.802393348515034,CIN,2024,pit,RP
sa3004482,Patrick Dayton,P,1.0,0.0,1.0,0.0,0.0,2.7708001166582115,,2024,pit,RP
sa3009271,Jonatan Bernal,P,0.3239000141620636,0.14390000700950623,1.0,0.0,0.0,1.5713466987013822,ARI,2024,pit,RP
18873,Beau Burrows,P,0.8507999777793884,0.03180000185966492,1.0,0.0,0.0,2.6955733008682734,PIT,2024,pit,RP
sa3017783,Michael Morales,P,0.1754000037908554,0.1754000037908554,1.0,0.0,0.0,1.9204600170254706,SEA,2024,pit,SP
sa3018257,Shane Panzini,P,0.1754000037908554,0.1754000037908554,1.0,0.0,0.0,1.4338266991078847,KCR,2024,pit,SP
sa3017717,Mason Green,P,0.40139999985694885,0.1273999959230423,1.0,0.0,0.0,1.1720597267150876,COL,2024,pit,RP
sa3017271,Kolby Kubichek,P,1.0,0.0,1.0,0.0,0.0,2.73132017031312,,2024,pit,RP
sa917925,Jay Groome,P,7.619999885559082,1.6200000047683716,15.234000205993652,0.0,0.603600025177002,48.08483067750931,,2024,pit,RP
16209,Jake Reed,P,1.0,0.0,1.0,0.0,0.0,2.853886719048024,,2024,pit,RP
sa3007852,Eddy Demurias,P,1.0,0.0,1.0,0.0,0.0,2.3343533605337146,,2024,pit,RP
sa875566,Wesley Rodriguez,P,1.0,0.0,1.0,0.0,0.0,2.846646738052369,ARI,2024,pit,RP
sa3004747,Aaron Phillips,P,0.1754000037908554,0.1754000037908554,1.0,0.0,0.0,1.2855334386229518,,2024,pit,SP
sa3014782,Nick Trogrlic-Iverson,P,1.0,0.0,1.0,0.0,0.0,2.606993305683136,,2024,pit,RP
sa3004348,Xavier Moore,P,1.0,0.0,1.0,0.0,0.0,2.9923066839575774,,2024,pit,RP
sa877574,Odalvi Javier,P,1.0,0.0,1.0,0.0,0.0,2.814066869020462,,2024,pit,RP
sa915807,Dakota Mekkes,P,0.8622999787330627,0.02930000051856041,1.0,0.0,0.0,2.6107802502810955,,2024,pit,RP
sa872728,Nick Highberger,P,1.0,0.0,1.0,0.0,0.0,2.730386526882649,,2024,pit,RP
sa748442,Francys Peguero,P,1.0,0.0,1.0,0.0,0.0,2.7835798397660256,,2024,pit,RP
sa3017493,Manuel Castro,P,0.35600000619888306,0.13699999451637268,1.0,0.0,0.0,1.9215064920485028,SDP,2024,pit,RP
sa3020959,Zack Showalter,P,0.2215999960899353,0.1656000018119812,1.0,0.0,0.0,1.6127933777868746,STL,2024,pit,SP
sa3006986,Conner Loeprich,P,1.0,0.0,1.0,0.0,0.0,2.8955266930162913,,2024,pit,RP
sa3015498,Lorenzo Encarnacion,P,0.1754000037908554,0.1754000037908554,1.0,0.0,0.0,1.4740398027002812,ARI,2024,pit,SP
sa3017726,Dameivi Tineo,P,0.2207999974489212,0.16580000519752502,1.0,0.0,0.0,1.472060000896454,MIA,2024,pit,SP
sa3018179,Mitch Myers,P,0.19110000133514404,0.1720999926328659,1.0,0.0,0.0,1.5881866708397867,OAK,2024,pit,SP
sa3010143,Jeremiah Burke,P,1.0,0.0,1.0,0.0,0.0,2.6887734524905684,CHW,2024,pit,RP
9029,Adam Warren,P,1.0,0.0,1.0,0.0,0.0,2.7220466986298564,,2024,pit,RP
sa3020571,Jared Beck,P,0.30820000171661377,0.14720000326633453,1.0,0.0,0.0,2.012133138626814,WSN,2024,pit,RP
sa3009928,Travis Kuhn,P,1.0,0.0,1.0,0.0,0.0,3.2405000068247323,TOR,2024,pit,RP
sa3011797,Jordan Martinson,P,0.8689000010490417,0.027899999171495438,1.0,0.0,0.0,2.6716065764427186,,2024,pit,RP
sa3011296,Jack Ralston,P,1.0,0.0,1.0,0.0,0.0,3.0074668131768707,MIA,2024,pit,RP
sa3021985,Colin Fields,P,0.2777000069618225,0.15369999408721924,1.0,0.0,0.0,1.7682599812746052,DET,2024,pit,SP
sa3007719,Tanner Myatt,P,1.0,0.0,1.0,0.0,0.0,3.001960164308548,,2024,pit,RP
sa3016465,Adrian Quintana,P,0.2578999996185303,0.15790000557899475,1.0,0.0,0.0,2.0837002344429494,LAA,2024,pit,SP
sa3020945,Darren Bowen,P,0.2175000011920929,0.1665000021457672,1.0,0.0,0.0,1.6178334556519984,MIN,2024,pit,SP
sa3007456,Ricky Salinas,P,0.7889000177383423,0.04490000009536743,1.0,0.0,0.0,2.048713429272175,,2024,pit,RP
sa3017382,Sheldon Reed,P,1.0,0.0,1.0,0.0,0.0,2.949219858646393,,2024,pit,RP
6986,Ian Kennedy,P,1.0,0.0,1.0,0.0,0.0,2.9894599080085755,TEX,2024,pit,RP
sa3007617,Daiveyon Whittle,P,0.23649999499320984,0.16249999403953552,1.0,0.0,0.0,1.4866466924548152,,2024,pit,SP
sa3017534,Conor Grady,P,0.263700008392334,0.156700000166893,1.0,0.0,0.0,1.551873484998941,,2024,pit,SP
sa3004602,Alex FaGalde,P,1.0,0.0,1.0,0.0,0.0,2.8346198774874214,,2024,pit,RP
sa3002812,Dayeison Arias,P,1.0,0.0,1.0,0.0,0.0,2.959813489019871,,2024,pit,RP
sa3014792,Jonathan Sprinkle,P,1.0,0.0,1.0,0.0,0.0,2.9275733366608625,,2024,pit,RP
sa3010382,Joey Steele,P,0.8945000171661377,0.02250000089406967,1.0,0.0,0.0,2.521526850759983,,2024,pit,RP
sa875346,Danny Dopico,P,1.0,0.0,1.0,0.0,0.0,2.8745599776506423,,2024,pit,RP
sa3017820,Houston Harding,P,0.7369999885559082,0.0560000017285347,1.0,0.0,0.0,2.332660049945116,LAA,2024,pit,RP
sa549785,Tom Windle,P,1.0,0.0,1.0,0.0,0.0,2.826099895685911,,2024,pit,RP
sa3016749,Oscar Rayo,P,0.4738999903202057,0.11190000176429749,1.0,0.0,0.0,1.8983664780855185,KCR,2024,pit,RP
18135,Chance Adams,P,1.0,0.0,1.0,0.0,0.0,1.8756267584860322,,2024,pit,RP
sa3020739,Connor Staine,P,0.18369999527931213,0.1737000048160553,1.0,0.0,0.0,0.6695668585598469,COL,2024,pit,SP
sa3014788,Ty Weber,P,0.8087000250816345,0.040699999779462814,1.0,0.0,0.0,2.576046660542488,SFG,2024,pit,RP
22343,A.J. Alexy,P,1.0,0.0,1.0,0.0,0.0,3.027679864317179,,2024,pit,RP
sa3011394,Zack Plunkett,P,1.0,0.0,1.0,0.0,0.0,2.720806581526995,,2024,pit,RP
sa3020253,Roel Garcia III,P,0.24060000479221344,0.1615999937057495,1.0,0.0,0.0,1.9459399022161965,TBR,2024,pit,SP
sa3011363,Hansen Butler,P,1.0,0.0,1.0,0.0,0.0,2.7807267323136333,,2024,pit,RP
sa3020589,Brandon White,P,0.30160000920295715,0.1485999971628189,1.0,0.0,0.0,1.5569533728063112,MIA,2024,pit,RP
sa3015509,Carlos Marcano,P,0.21089999377727509,0.1678999960422516,1.0,0.0,0.0,1.4626201465725903,DET,2024,pit,SP
sa738501,Ben Hecht,P,1.0,0.0,1.0,0.0,0.0,2.8727133169770243,,2024,pit,RP
sa3011500,Spencer Stockton,P,1.0,0.0,1.0,0.0,0.0,2.3104798443615437,,2024,pit,RP
sa3020819,Luke Young,P,0.2809999883174896,0.15299999713897705,1.0,0.0,0.0,1.481013494729995,WSN,2024,pit,SP
sa3009922,Kyle Hill,P,1.0,0.0,1.0,0.0,0.0,3.2909333229064943,,2024,pit,RP
20100,Michel Baez,P,1.0,0.0,1.0,0.0,0.0,2.738866742700339,,2024,pit,RP
sa3011477,Fred Villarreal,P,1.0,0.0,1.0,0.0,0.0,3.0705065973103047,,2024,pit,RP
12385,Nick Tropeano,P,1.0,0.0,1.0,0.0,0.0,2.757446686923504,,2024,pit,RP
sa3018139,Trenton Denholm,P,0.4738999903202057,0.11190000176429749,1.0,0.0,0.0,2.180153176188469,CLE,2024,pit,RP
sa3016009,Tomas Cleto,P,0.1754000037908554,0.1754000037908554,1.0,0.0,0.0,1.3978000104427335,,2024,pit,SP
16618,Kyle Bird,P,1.0,0.0,1.0,0.0,0.0,2.7224132619798183,,2024,pit,RP
17732,Nabil Crismatt,P,10.0,0.0,10.0,0.0,0.6545000076293945,35.275773614645004,TEX,2024,pit,RP
sa3014471,Jared Kelley,P,0.6265000104904175,0.0794999971985817,1.0,0.0,0.0,2.2375132046639927,CHW,2024,pit,RP
sa3016504,Miguel Ullola,P,0.30410000681877136,0.14810000360012054,1.0,0.0,0.0,2.0606666050851343,HOU,2024,pit,RP
16418,Blake Taylor,P,1.0,0.0,1.0,0.0,0.0,2.7356066875159746,,2024,pit,RP
sa3017846,Jeff Hakanson,P,0.6693999767303467,0.07039999961853027,1.0,0.0,0.0,2.693706574290991,,2024,pit,RP
sa3017471,Tanner McDougal,P,0.1754000037908554,0.1754000037908554,1.0,0.0,0.0,1.33080006763339,CHW,2024,pit,SP
19682,Jordan Sheffield,P,1.0,0.0,1.0,0.0,0.0,2.7330135606229313,,2024,pit,RP
24203,Luis Peralta,P,0.3709000051021576,0.1339000016450882,1.0,0.0,0.0,1.9104135401546962,COL,2024,pit,RP
13549,Richard Rodríguez,P,1.0,0.0,1.0,0.0,0.0,2.5754001736640935,,2024,pit,RP
sa3015275,Myles Gayman,P,1.0,0.0,1.0,0.0,0.0,2.140019983053208,,2024,pit,RP
22052,Aaron Fletcher,P,1.0,0.0,1.0,0.0,0.0,2.596020125597715,,2024,pit,RP
15036,Chase De Jong,P,1.0,0.0,1.0,0.0,0.0,2.8115666970610618,,2024,pit,RP
sa3010238,Garvin Alston,P,0.9142000079154968,0.018200000748038292,1.0,0.0,0.0,2.34764014557004,,2024,pit,RP
sa1172141,Gerald Garcia,P,0.22990000247955322,0.1639000028371811,1.0,0.0,0.0,1.8413132026791579,OAK,2024,pit,SP
20041,Ronald Bolaños,P,1.0,0.0,1.0,0.0,0.0,2.570299865305424,,2024,pit,RP
sa3020483,Jared Lyons,P,0.2215999960899353,0.1656000018119812,1.0,0.0,0.0,0.9843667507171632,CIN,2024,pit,SP
sa3015931,Yorman Gómez,P,0.19769999384880066,0.17069999873638153,1.0,0.0,0.0,1.6557800039649009,CLE,2024,pit,SP
16840,Cam Hill,P,1.0,0.0,1.0,0.0,0.0,2.6326734386384487,TBR,2024,pit,RP
26247,Orlando Ribalta,P,1.0,0.0,1.0,0.0,0.0,2.576473168283701,WSN,2024,pit,RP
sa3020857,Joseph King,P,0.6420999765396118,0.07609999924898148,1.0,0.0,0.0,2.126673468202353,STL,2024,pit,RP
sa918926,Troy Bacon,P,0.8475000262260437,0.032499998807907104,1.0,0.0,0.0,2.671033029258251,,2024,pit,RP
sa828600,Juan Nunez,P,1.0,0.0,1.0,0.0,0.0,3.036819885671139,,2024,pit,RP
18300,Andrew Suárez,P,6.0,0.0,6.0,0.0,0.6195999979972839,23.13785917460919,,2024,pit,RP
sa918461,Pearson McMahan,P,0.888700008392334,0.02370000071823597,1.0,0.0,0.0,2.6202136151492597,,2024,pit,RP
sa3017844,Will Bednar,P,0.22660000622272491,0.16459999978542328,1.0,0.0,0.0,1.7868799433112144,SFG,2024,pit,SP
sa3002988,Nathanael Perez Lopez,P,0.5382000207901001,0.0982000008225441,1.0,0.0,0.0,2.033466698974371,,2024,pit,RP
14706,Anthony Banda,P,12.0,0.0,12.0,0.0,0.6657000184059143,48.754879975318914,MIN,2024,pit,RP
sa3004337,Alex Mauricio,P,1.0,0.0,1.0,0.0,0.0,2.806193324923516,NYY,2024,pit,RP
sa3009592,Luis Vargas,P,0.24639999866485596,0.16040000319480896,1.0,0.0,0.0,1.6665534324944016,ATL,2024,pit,SP
sa3011421,Orlando Rodriguez,P,0.35600000619888306,0.13699999451637268,1.0,0.0,0.0,1.7973668552935131,,2024,pit,RP
sa3020588,Adam Tulloch,P,0.23649999499320984,0.16249999403953552,1.0,0.0,0.0,1.86273992061615,CLE,2024,pit,SP
17792,Patrick Weigel,P,1.0,0.0,1.0,0.0,0.0,2.7818467222154144,COL,2024,pit,RP
sa3011527,Houston Roth,P,0.6092000007629395,0.08320000022649765,1.0,0.0,0.0,2.3763068236410616,SEA,2024,pit,RP
sa1115967,John Doxakis,P,1.0,0.0,1.0,0.0,0.0,2.9481599733233455,,2024,pit,RP
sa3015414,Eiberson Castellano,P,0.4228000044822693,0.12280000001192093,1.0,0.0,0.0,1.6245800331234932,COL,2024,pit,RP
sa3011417,Cody Scroggins,P,1.0,0.0,1.0,0.0,0.0,2.6356599457561978,,2024,pit,RP
sa873497,Jhonleider Salinas,P,1.0,0.0,1.0,0.0,0.0,2.805900003761053,,2024,pit,RP
10835,Michael Mariot,P,1.0,0.0,1.0,0.0,0.0,2.235073254257441,,2024,pit,RP
sa3015500,Joel Díaz,P,0.263700008392334,0.156700000166893,1.0,0.0,0.0,1.6725399829447265,NYM,2024,pit,SP
sa3011126,Colin Peluse,P,0.6676999926567078,0.07069999724626541,1.0,0.0,0.0,2.463586553931236,PHI,2024,pit,RP
sa657950,Kieran Lovegrove,P,1.0,0.0,1.0,0.0,0.0,2.823539938777685,,2024,pit,RP
sa3011237,Jake Cantleberry,P,1.0,0.0,1.0,0.0,0.0,2.801306556165219,,2024,pit,RP
sa3017301,Gil Luna,P,1.0,0.0,1.0,0.0,0.0,2.8366333663463594,,2024,pit,RP
30008,Evan Justice,P,33.0,0.0,33.0,0.0,0.5697000026702881,109.80142090320591,COL,2024,pit,RP
sa3006541,Jerson Ramirez,P,1.0,0.0,1.0,0.0,0.0,3.0365398578345784,,2024,pit,RP
25830,Jeff Lindgren,P,1.0,0.0,1.0,0.0,0.0,2.5829334199428566,,2024,pit,RP
23162,Eduarniel Núñez,P,1.0,0.0,1.0,0.0,0.0,2.7727064438164235,OAK,2024,pit,RP
sa3010786,Nick Lackney,P,1.0,0.0,1.0,0.0,0.0,2.716406637430191,,2024,pit,RP
sa3010656,Julian Valdez,P,1.0,0.0,1.0,0.0,0.0,2.667620107531548,,2024,pit,RP
sa918110,Tai Tiedemann,P,0.7749000191688538,0.0478999987244606,1.0,0.0,0.0,2.1979734718799597,,2024,pit,RP
20218,Yennsy Díaz,P,1.0,0.0,1.0,0.0,0.0,2.881553296744824,,2024,pit,RP
19561,Bernardo Flores Jr.,P,1.0,0.0,1.0,0.0,0.0,2.6701066069304944,,2024,pit,RP
sa3014918,Billy Sullivan,P,1.0,0.0,1.0,0.0,0.0,3.055380094796419,,2024,pit,RP
sa3015464,Juan Nuñez,P,0.23229999840259552,0.16329999268054962,1.0,0.0,0.0,1.7955466397106647,BAL,2024,pit,SP
sa3006702,Jose Ramirez,P,0.18369999527931213,0.1737000048160553,1.0,0.0,0.0,1.1862931013107305,,2024,pit,SP
sa3017490,Jack Owen,P,0.7056000232696533,0.06260000169277191,1.0,0.0,0.0,2.4462001606822015,,2024,pit,RP
sa3020641,Cooper Chandler,P,0.2851000130176544,0.15209999680519104,1.0,0.0,0.0,1.7410130672156816,,2024,pit,SP
sa3020482,Jack Noble,P,0.18950000405311584,0.17249999940395355,1.0,0.0,0.0,1.4212532848119737,,2024,pit,SP
sa3010246,Tyrone Yulie,P,0.1754000037908554,0.1754000037908554,1.0,0.0,0.0,1.539019971340894,PIT,2024,pit,SP
sa3016748,Leandro Lopez,P,0.2768999934196472,0.15389999747276306,1.0,0.0,0.0,1.7629198171198373,TEX,2024,pit,SP
sa3007611,Trey Riley,P,1.0,0.0,1.0,0.0,0.0,2.811333394795656,,2024,pit,RP
sa3014921,Jimmy Endersby,P,0.7476999759674072,0.053700000047683716,1.0,0.0,0.0,2.397520089149476,,2024,pit,RP
sa3006804,Cole Uvila,P,1.0,0.0,1.0,0.0,0.0,2.8836267113685605,BAL,2024,pit,RP
sa3015427,Miguelangel Boadas,P,0.1754000037908554,0.1754000037908554,1.0,0.0,0.0,1.3480466306209564,MIN,2024,pit,SP
sa3006486,Teodoro Ortega,P,0.1754000037908554,0.1754000037908554,1.0,0.0,0.0,1.314940274506807,,2024,pit,SP
sa3010782,Andrew Schultz,P,1.0,0.0,1.0,0.0,0.0,2.562666799128056,,2024,pit,RP
sa3020376,Jaycob Deese,P,0.7188000082969666,0.05979999899864197,1.0,0.0,0.0,2.1933466948568827,PIT,2024,pit,RP
sa873729,Eury Ramos,P,1.0,0.0,1.0,0.0,0.0,2.724746539443732,,2024,pit,RP
sa3017465,Alex Garbrick,P,0.44999998807907104,0.11699999868869781,1.0,0.0,0.0,1.6521332308650019,,2024,pit,RP
sa3020757,Kevin Miranda,P,0.41620001196861267,0.1242000013589859,1.0,0.0,0.0,1.7259332001209255,,2024,pit,RP
sa3015506,Miguel Mendez,P,0.1754000037908554,0.1754000037908554,1.0,0.0,0.0,1.4292667560279377,SDP,2024,pit,SP
23425,Jared Solomon,P,1.0,0.0,1.0,0.0,0.0,2.8549664027988917,,2024,pit,RP
sa3016526,Felix Arronde,P,0.30079999566078186,0.14880000054836273,1.0,0.0,0.0,1.5683933489024637,KCR,2024,pit,RP
sa3007598,Dario Gardea,P,1.0,0.0,1.0,0.0,0.0,2.702426627278328,,2024,pit,RP
sa3017106,Saul Garcia,P,0.3684000074863434,0.13439999520778656,1.0,0.0,0.0,2.024213226139546,NYM,2024,pit,RP
sa3018312,Jose Montero,P,0.4401000142097473,0.11909999698400497,1.0,0.0,0.0,1.2765467248857023,CIN,2024,pit,RP
sa3015008,Dylan Hall,P,1.0,0.0,1.0,0.0,0.0,2.9785799242556097,OAK,2024,pit,RP
sa3002934,Leonardo Taveras,P,1.0,0.0,1.0,0.0,0.0,2.938566748052836,,2024,pit,RP
sa3005217,Brandon Withers,P,0.7056000232696533,0.06260000169277191,1.0,0.0,0.0,2.209446652978659,,2024,pit,RP
sa3010781,Morgan McSweeney,P,1.0,0.0,1.0,0.0,0.0,2.890760020166636,,2024,pit,RP
sa829573,Tyler Schimpf,P,1.0,0.0,1.0,0.0,0.0,2.767213521897793,,2024,pit,RP
sa3017262,Eric Torres,P,1.0,0.0,1.0,0.0,0.0,2.848553322255612,BAL,2024,pit,RP
25097,Garrett Hill,P,8.0,0.0,8.0,0.0,0.6222000122070312,31.808947837352754,,2024,pit,RP
26152,Jack Little,P,1.0,0.0,1.0,0.0,0.0,2.4572666823863987,DET,2024,pit,RP
sa3009983,Nathan Ocker,P,1.0,0.0,1.0,0.0,0.0,2.9414665102958684,CLE,2024,pit,RP
19231,Caleb Baragar,P,1.0,0.0,1.0,0.0,0.0,2.8639400035142892,,2024,pit,RP
sa3010665,Brian Marconi,P,0.9273999929428101,0.015399999916553497,1.0,0.0,0.0,2.7190935380756858,,2024,pit,RP
sa3015983,Estibenzon Jimenez,P,0.19280000030994415,0.17180000245571136,1.0,0.0,0.0,1.0672334171831608,PHI,2024,pit,SP
sa3005261,Kevin Marnon,P,1.0,0.0,1.0,0.0,0.0,2.7446666851639754,,2024,pit,RP
sa3007252,Devin Conn,P,1.0,0.0,1.0,0.0,0.0,2.6156534358859065,,2024,pit,RP
sa3011252,Dalton Stambaugh,P,1.0,0.0,1.0,0.0,0.0,2.7165465988218784,,2024,pit,RP
sa3003106,Carlos Romero,P,1.0,0.0,1.0,0.0,0.0,2.5918531857430938,,2024,pit,RP
sa3011368,Zach Bryant,P,1.0,0.0,1.0,0.0,0.0,2.677206571400166,TEX,2024,pit,RP
16130,David Hess,P,0.9603999853134155,0.00839999970048666,1.0,0.0,0.0,2.5463333748281003,,2024,pit,RP
sa3018322,Yorman Galindez,P,0.2603999972343445,0.1573999971151352,1.0,0.0,0.0,1.5415002338588244,MIL,2024,pit,SP
sa829399,Cre Finfrock,P,1.0,0.0,1.0,0.0,0.0,2.7590266190469266,,2024,pit,RP
sa3011679,Joe Nahas,P,0.7749000191688538,0.0478999987244606,1.0,0.0,0.0,2.314206591248513,,2024,pit,RP
sa917989,Braeden Ogle,P,0.805400013923645,0.0414000004529953,1.0,0.0,0.0,2.4690866060554986,,2024,pit,RP
sa3015032,Jon Olsen,P,0.6651999950408936,0.07119999825954437,1.0,0.0,0.0,2.153106527775526,,2024,pit,RP
sa3011608,Starlyn Castillo,P,0.2892000079154968,0.15119999647140503,1.0,0.0,0.0,1.2955666944384583,,2024,pit,SP
sa737459,Salvador Justo,P,1.0,0.0,1.0,0.0,0.0,2.738273414969445,,2024,pit,RP
sa3011497,Jose Dicochea,P,0.20180000364780426,0.16979999840259552,1.0,0.0,0.0,1.7441467292606831,OAK,2024,pit,SP
sa3007235,Robert Broom,P,1.0,0.0,1.0,0.0,0.0,2.861893270909787,CLE,2024,pit,RP
sa3020826,Hayden Merda,P,0.18369999527931213,0.1737000048160553,1.0,0.0,0.0,1.375273200869561,NYY,2024,pit,SP
sa3015949,Darlin Saladin,P,0.2290000021457672,0.164000004529953,1.0,0.0,0.0,1.4172532081604006,STL,2024,pit,SP
sa3014450,Tyler Brown,P,1.0,0.0,1.0,0.0,0.0,2.9390467584133155,,2024,pit,RP
sa3008542,Jordany Ventura,P,0.18860000371932983,0.17260000109672546,1.0,0.0,0.0,1.5702733606100083,,2024,pit,SP
17682,Ralph Garza Jr.,P,1.0,0.0,1.0,0.0,0.0,2.5159533567726617,,2024,pit,RP
sa3010812,Dylan Spacke,P,1.0,0.0,1.0,0.0,0.0,2.50244667455554,,2024,pit,RP
sa3008332,Holden Laws,P,1.0,0.0,1.0,0.0,0.0,3.124906630814076,,2024,pit,RP
sa3006512,Jhoan Cruz,P,0.22660000622272491,0.16459999978542328,1.0,0.0,0.0,1.3304465599358086,MIL,2024,pit,SP
sa3016282,Keythel Key,P,0.2240999937057495,0.16509999334812164,1.0,0.0,0.0,1.308006693422794,LAA,2024,pit,SP
sa917739,Melvin Jimenez,P,1.0,0.0,1.0,0.0,0.0,2.744713261723519,,2024,pit,RP
13946,Tim Peterson,P,1.0,0.0,1.0,0.0,0.0,2.7353600904345514,,2024,pit,RP
sa3020183,Cooper McKeehan,P,1.0,0.0,1.0,0.0,0.0,2.5322065308690074,,2024,pit,RP
sa3017640,Hunter Parks,P,0.1754000037908554,0.1754000037908554,1.0,0.0,0.0,0.8893933117389681,CIN,2024,pit,SP
sa1169633,Kasey Kalich,P,1.0,0.0,1.0,0.0,0.0,2.6716734290122988,,2024,pit,RP
sa3020905,Jarret Whorff,P,0.5514000058174133,0.09539999812841415,1.0,0.0,0.0,2.106013414263725,MIN,2024,pit,RP
sa3018802,Joseph Montalvo,P,0.2215999960899353,0.1656000018119812,1.0,0.0,0.0,1.516099831461907,DET,2024,pit,SP
sa659000,Jackson McClelland,P,1.0,0.0,1.0,0.0,0.0,2.6513933353126053,,2024,pit,RP
sa3016216,Gerardo Salas,P,0.20350000262260437,0.16949999332427979,1.0,0.0,0.0,1.3341397881507877,STL,2024,pit,SP
sa3010311,John Matthews,P,0.8912000060081482,0.02319999970495701,1.0,0.0,0.0,2.5479799941182137,,2024,pit,RP
sa3020265,Brian Fitzpatrick,P,0.2578999996185303,0.15790000557899475,1.0,0.0,0.0,1.5031465813517575,MIL,2024,pit,SP
sa3020899,Jackson Cox,P,0.19359999895095825,0.17159999907016754,1.0,0.0,0.0,0.5251267232000831,COL,2024,pit,SP
sa3016817,Douglas Orellana,P,0.2190999984741211,0.16609999537467957,1.0,0.0,0.0,1.6637067496776576,NYM,2024,pit,SP
sa3007244,Edgar Escobar,P,0.45579999685287476,0.11580000072717667,1.0,0.0,0.0,1.8550665140151978,,2024,pit,RP
sa3003065,Juan Diaz,P,0.2703000009059906,0.15530000627040863,1.0,0.0,0.0,1.4724334113299844,,2024,pit,SP
sa3007809,Theo McDowell,P,1.0,0.0,1.0,0.0,0.0,2.751060132682323,,2024,pit,RP
sa3014780,Graham Lawson,P,1.0,0.0,1.0,0.0,0.0,2.6932866729795935,,2024,pit,RP
sa3017780,Evan Shawver,P,0.5877000093460083,0.0877000018954277,1.0,0.0,0.0,1.326586550474167,COL,2024,pit,RP
sa3016001,John Stankiewicz,P,1.0,0.0,1.0,0.0,0.0,2.652246724814177,DET,2024,pit,RP
sa3011682,Gabriel Sosa,P,1.0,0.0,1.0,0.0,0.0,3.082573361694813,SEA,2024,pit,RP
sa3008259,Derek Casey,P,0.7929999828338623,0.04399999976158142,1.0,0.0,0.0,2.390866750478745,,2024,pit,RP
sa3020822,Dannel Diaz,P,0.7526000142097473,0.05260000005364418,1.0,0.0,0.0,2.235120110958815,,2024,pit,RP
sa3010647,Dante Biasi,P,0.7419000267982483,0.05490000173449516,1.0,0.0,0.0,2.4973401047289365,,2024,pit,RP
sa3010619,Parker Caracci,P,1.0,0.0,1.0,0.0,0.0,2.631273254752159,,2024,pit,RP
17470,Chad Sobotka,P,1.0,0.0,1.0,0.0,0.0,2.5618198916316035,,2024,pit,RP
sa3014856,Scott Kobos,P,1.0,0.0,1.0,0.0,0.0,2.8308998428285124,,2024,pit,RP
sa3014543,Liam Norris,P,1.0,0.0,1.0,0.0,0.0,2.9990601107478145,,2024,pit,RP
26068,Kolton Ingram,P,19.0,0.0,19.0,0.0,0.6256999969482422,75.80034302473067,,2024,pit,RP
sa875190,Blake Bass,P,1.0,0.0,1.0,0.0,0.0,2.7351467266678813,TEX,2024,pit,RP
sa3009937,Willy Gaston,P,0.8828999996185303,0.024900000542402267,1.0,0.0,0.0,2.401479934901,,2024,pit,RP
sa3019556,Elvis Soto,P,0.20509999990463257,0.16910000145435333,1.0,0.0,0.0,1.2608931250870228,,2024,pit,SP
sa3020256,Liam Simon,P,0.41130000352859497,0.12530000507831573,1.0,0.0,0.0,2.0606998629868034,SFG,2024,pit,RP
sa3007903,Rainiery Rodriguez,P,0.24390000104904175,0.16089999675750732,1.0,0.0,0.0,1.323086594045162,,2024,pit,SP
sa3007484,Will Gardner,P,1.0,0.0,1.0,0.0,0.0,2.6909865856170656,,2024,pit,RP
sa3020384,Drew McDaniel,P,0.20350000262260437,0.16949999332427979,1.0,0.0,0.0,1.0897599555552007,CHW,2024,pit,SP
sa3016783,Yondrei Rojas,P,0.2851000130176544,0.15209999680519104,1.0,0.0,0.0,1.5341798968613145,TOR,2024,pit,SP
sa3016463,Giussepe Velasquez,P,0.3156000077724457,0.14560000598430634,1.0,0.0,0.0,1.334266637265682,PHI,2024,pit,RP
sa3018305,Candido Cuevas,P,0.2892000079154968,0.15119999647140503,1.0,0.0,0.0,1.705213352292776,NYM,2024,pit,SP
sa3022104,Jackson Fristoe,P,0.20589999854564667,0.1688999980688095,1.0,0.0,0.0,1.4437266103923325,NYY,2024,pit,SP
11071,Mickey Jannis,P,1.0,0.0,1.0,0.0,0.0,2.546586453914642,,2024,pit,RP
sa3005332,Gabriel Yanez,P,1.0,0.0,1.0,0.0,0.0,2.64984676912427,,2024,pit,RP
9456,Ryan Buchter,P,1.0,0.0,1.0,0.0,0.0,2.721313244849444,,2024,pit,RP
sa829753,Keith Rogalla,P,1.0,0.0,1.0,0.0,0.0,2.6180599555373196,,2024,pit,RP
sa3015149,Michael Brewer,P,1.0,0.0,1.0,0.0,0.0,2.693026876449585,,2024,pit,RP
sa3020609,Kenya Huggins,P,0.34940001368522644,0.13840000331401825,1.0,0.0,0.0,1.0975131675601006,OAK,2024,pit,RP
sa3017505,Larson Kindreich,P,0.34610000252723694,0.13910000026226044,1.0,0.0,0.0,1.9363934293389318,TEX,2024,pit,RP
sa3017951,Eduardo Rivera,P,0.22660000622272491,0.16459999978542328,1.0,0.0,0.0,1.7703466810286046,BOS,2024,pit,SP
sa3006069,Jesus Gonzalez,P,1.0,0.0,1.0,0.0,0.0,2.5712933830916884,,2024,pit,RP
sa3014480,Carter Baumler,P,0.23980000615119934,0.16179999709129333,1.0,0.0,0.0,1.625926667451858,TEX,2024,pit,SP
30661,Didier Fuentes,P,0.24060000479221344,0.1615999937057495,1.0,0.0,0.0,1.508866582810879,ATL,2024,pit,SP
22449,Nivaldo Rodriguez,P,1.0,0.0,1.0,0.0,0.0,2.544746714830399,,2024,pit,RP
sa3020462,Haden Erbe,P,0.8582000136375427,0.03020000085234642,1.0,0.0,0.0,2.809486845880747,,2024,pit,RP
sa3010125,Blake Townsend,P,1.0,0.0,1.0,0.0,0.0,3.143353330343962,TEX,2024,pit,RP
sa3018298,Walbert Urena,P,0.18289999663829803,0.17389999330043793,1.0,0.0,0.0,1.114779908955097,LAA,2024,pit,SP
sa738380,Tanner Kiest,P,1.0,0.0,1.0,0.0,0.0,2.860586848109961,,2024,pit,RP
sa3017194,Joey Walsh,P,0.357699990272522,0.13670000433921814,1.0,0.0,0.0,1.5364732176065452,,2024,pit,RP
sa3014865,Jordan DiValerio,P,0.5877000093460083,0.0877000018954277,1.0,0.0,0.0,1.9115800328552726,,2024,pit,RP
26255,Caleb Freeman,P,1.0,0.0,1.0,0.0,0.0,2.5913466192781924,,2024,pit,RP
sa918421,Dakody Clemmer,P,1.0,0.0,1.0,0.0,0.0,2.7494067072868353,,2024,pit,RP
13397,Sam Selman,P,1.0,0.0,1.0,0.0,0.0,2.6718798898160463,,2024,pit,RP
sa3020623,Cole Patten,P,0.5414999723434448,0.09749999642372131,1.0,0.0,0.0,1.9216932207345967,,2024,pit,RP
sa3016838,Jimmy Kingsbury,P,0.4763999879360199,0.11140000075101852,1.0,0.0,0.0,2.303186783194542,SEA,2024,pit,RP
sa3010124,Florencio Serrano,P,1.0,0.0,1.0,0.0,0.0,2.552266545593739,,2024,pit,RP
sa3002791,Martin Carrasco,P,0.23649999499320984,0.16249999403953552,1.0,0.0,0.0,1.1875999130308634,,2024,pit,SP
sa3006699,Carlos Gomez,P,1.0,0.0,1.0,0.0,0.0,2.7550667151808743,,2024,pit,RP
sa3010314,Trayson Kubo,P,1.0,0.0,1.0,0.0,0.0,2.9026334062218666,,2024,pit,RP
sa3021469,Thomas Ireland,P,0.3089999854564667,0.1469999998807907,1.0,0.0,0.0,1.5603733830153943,TEX,2024,pit,RP
sa3019818,Anders Tolhurst,P,0.7394000291824341,0.055399999022483826,1.0,0.0,0.0,2.3425132684409617,,2024,pit,RP
sa3018094,Vince Vannelle,P,0.920799970626831,0.01679999940097332,1.0,0.0,0.0,2.365686707943678,,2024,pit,RP
sa3019130,Cristian Nunez,P,0.25380000472068787,0.15880000591278076,1.0,0.0,0.0,1.2803001023828986,,2024,pit,SP
sa3010627,Sam Ryan,P,1.0,0.0,1.0,0.0,0.0,2.5047867760062217,MIN,2024,pit,RP
sa3020878,Wen-Hui Pan,P,0.8853999972343445,0.024399999529123306,1.0,0.0,0.0,2.2611733876168736,PHI,2024,pit,RP
sa917688,Christian Fernandez,P,0.4681999981403351,0.11320000141859055,1.0,0.0,0.0,1.8804465755820274,,2024,pit,RP
sa3018832,Enmanuel Pinales,P,0.2759999930858612,0.15399999916553497,1.0,0.0,0.0,1.4866333261132243,SDP,2024,pit,SP
sa3004961,Brendan Murphy,P,0.24060000479221344,0.1615999937057495,1.0,0.0,0.0,1.379093462228775,,2024,pit,SP
sa3017968,Mike Paredes,P,0.6908000111579895,0.0658000037074089,1.0,0.0,0.0,2.159639853984118,MIN,2024,pit,RP
20385,Isaac Mattson,P,1.0,0.0,1.0,0.0,0.0,2.6266333483159547,PIT,2024,pit,RP
sa3017816,Chris Jefferson,P,1.0,0.0,1.0,0.0,0.0,2.9971400178968906,,2024,pit,RP
21924,Juan Morillo,P,0.8292999863624573,0.03629999980330467,1.0,0.0,0.0,2.1635868966579435,ARI,2024,pit,RP
sa3009742,Nomar Rojas,P,1.0,0.0,1.0,0.0,0.0,2.8583066388964657,,2024,pit,RP
sa3009247,Julio Goff,P,0.24639999866485596,0.16040000319480896,1.0,0.0,0.0,1.3545865945518014,,2024,pit,SP
sa3017612,Kris Anglin,P,0.24469999969005585,0.1606999933719635,1.0,0.0,0.0,1.438746838271618,,2024,pit,SP
18256,Zac Grotz,P,1.0,0.0,1.0,0.0,0.0,2.92099998369813,,2024,pit,RP
sa3002777,Jacob Patterson,P,1.0,0.0,1.0,0.0,0.0,2.6354999348521235,,2024,pit,RP
sa3011326,Austin Reich,P,1.0,0.0,1.0,0.0,0.0,2.628713330626488,,2024,pit,RP
17002,Trevor Hildenberger,P,1.0,0.0,1.0,0.0,0.0,2.497386765480042,,2024,pit,RP
sa3016278,Juan Martinez,P,0.35929998755455017,0.1362999975681305,1.0,0.0,0.0,1.0192935042083264,,2024,pit,RP
sa3018872,Pedro Garcia,P,0.263700008392334,0.156700000166893,1.0,0.0,0.0,1.4480533160269258,DET,2024,pit,SP
sa3003133,Manuel Cachutt,P,0.6858000159263611,0.06679999828338623,1.0,0.0,0.0,2.0485202006995684,,2024,pit,RP
sa3020802,Shaddon Peavyhouse,P,0.19609999656677246,0.17110000550746918,1.0,0.0,0.0,1.654126618802548,,2024,pit,SP
sa3015369,Arij Fransen,P,0.25049999356269836,0.15950000286102295,1.0,0.0,0.0,0.7747067585587506,,2024,pit,SP
sa3017131,Conor Dryer,P,0.698199987411499,0.06419999897480011,1.0,0.0,0.0,2.4378400057554246,,2024,pit,RP
sa3007970,Hunter Speer,P,1.0,0.0,1.0,0.0,0.0,2.6438398599624637,,2024,pit,RP
sa3019962,Nick Merkel,P,1.0,0.0,1.0,0.0,0.0,2.5333268202841284,MIL,2024,pit,RP
sa3006113,Israel Puello,P,0.24469999969005585,0.1606999933719635,1.0,0.0,0.0,1.4314400166273114,,2024,pit,SP
sa3020840,Tyler Cleveland,P,0.2150000035762787,0.16699999570846558,1.0,0.0,0.0,1.7098999522626404,SEA,2024,pit,SP
18140,Jay Flaa,P,1.0,0.0,1.0,0.0,0.0,2.726146686822176,ATL,2024,pit,RP
sa918551,Dylan Bice,P,0.8515999913215637,0.031599998474121094,1.0,0.0,0.0,2.3913132958114143,,2024,pit,RP
sa3011554,Brooks Crawford,P,1.0,0.0,1.0,0.0,0.0,2.06348649635911,,2024,pit,RP
sa3021728,Michael Kennedy,P,0.3379000127315521,0.14090000092983246,1.0,0.0,0.0,1.6139332897961145,CLE,2024,pit,RP
sa3006398,Braunny Munoz,P,0.4970000088214874,0.10700000077486038,1.0,0.0,0.0,1.7202131740748885,,2024,pit,RP
sa3018801,Owen Kellington,P,0.2190999984741211,0.16609999537467957,1.0,0.0,0.0,1.3442867472767834,PIT,2024,pit,SP
sa3020829,Aidan Maldonado,P,0.29829999804496765,0.1492999941110611,1.0,0.0,0.0,1.4615867145359513,,2024,pit,SP
sa1172727,Tyler Burch,P,1.0,0.0,1.0,0.0,0.0,2.6521868370473385,NYM,2024,pit,RP
sa3019052,Kevin Valdez,P,0.2669999897480011,0.15600000321865082,1.0,0.0,0.0,1.449266620725393,CHC,2024,pit,SP
sa3015959,Mauricio Veliz,P,0.19189999997615814,0.17190000414848328,1.0,0.0,0.0,1.0387331590056417,,2024,pit,SP
sa3015310,Wilton Castillo,P,0.35600000619888306,0.13699999451637268,1.0,0.0,0.0,1.5456265598535537,,2024,pit,RP
sa3014541,Ben Hernandez,P,0.24390000104904175,0.16089999675750732,1.0,0.0,0.0,1.2023399554193026,SEA,2024,pit,SP
sa3002796,Jose E. Martinez,P,0.8837000131607056,0.024700000882148743,1.0,0.0,0.0,2.1866266809403903,,2024,pit,RP
sa3021724,Ryan Harvey,P,0.19030000269412994,0.17229999601840973,1.0,0.0,0.0,1.267673417180776,DET,2024,pit,SP
sa3015100,Ruben Galindo,P,0.910099983215332,0.019099999219179153,1.0,0.0,0.0,2.402413259446621,SDP,2024,pit,RP
sa3002816,Kelvin Nunez,P,0.6486999988555908,0.0746999979019165,1.0,0.0,0.0,1.9558399073779587,,2024,pit,RP
sa1054042,Tyler Baum,P,1.0,0.0,1.0,0.0,0.0,2.947453209012747,WSN,2024,pit,RP
sa3020704,Lucas Wepf,P,1.0,0.0,1.0,0.0,0.0,2.375566432625056,LAD,2024,pit,RP
sa3019518,Hung-Leng Chang,P,0.23229999840259552,0.16329999268054962,1.0,0.0,0.0,1.1964601002633568,PIT,2024,pit,SP
sa3016034,Alex Vallecillo,P,0.25619998574256897,0.1581999957561493,1.0,0.0,0.0,1.4035534627735622,,2024,pit,SP
sa3016710,Jhoniel Serrano,P,0.18860000371932983,0.17260000109672546,1.0,0.0,0.0,1.082740027457476,MIA,2024,pit,SP
sa3019386,Santiago Suarez,P,0.34529998898506165,0.13930000364780426,1.0,0.0,0.0,1.7982866331934928,TBR,2024,pit,RP
sa3018118,Rob Griswold,P,1.0,0.0,1.0,0.0,0.0,2.443780079483986,,2024,pit,RP
sa3010374,Jacob Wallace,P,1.0,0.0,1.0,0.0,0.0,2.6408536024391656,ATL,2024,pit,RP
sa3007709,Brian Rapp,P,0.23649999499320984,0.16249999403953552,1.0,0.0,0.0,1.3629999831318855,,2024,pit,SP
sa916841,Willian Suarez,P,1.0,0.0,1.0,0.0,0.0,2.5286867015063765,,2024,pit,RP
sa3015040,Rafael Ohashi,P,0.21089999377727509,0.1678999960422516,1.0,0.0,0.0,1.3371400728821752,,2024,pit,SP
sa3007606,Manuel Urias,P,0.5315999984741211,0.09960000216960907,1.0,0.0,0.0,1.9641132906079286,HOU,2024,pit,RP
sa3006590,Carlos Garcia,P,0.8409000039100647,0.033900000154972076,1.0,0.0,0.0,2.7904133357107637,,2024,pit,RP
sa918959,Jean Casanova,P,0.5390999913215637,0.09809999912977219,1.0,0.0,0.0,1.8948799669742589,,2024,pit,RP
sa3016915,Bryan Polanco,P,0.2150000035762787,0.16699999570846558,1.0,0.0,0.0,0.958873108029366,WSN,2024,pit,SP
sa3011727,Michael McAvene,P,1.0,0.0,1.0,0.0,0.0,2.60639336258173,,2024,pit,RP
sa3018372,Rolando Gutierrez,P,0.29910001158714294,0.14910000562667847,1.0,0.0,0.0,1.4555069290101526,,2024,pit,RP
sa3007478,Matt Willrodt,P,1.0,0.0,1.0,0.0,0.0,2.997773122042418,,2024,pit,RP
sa3017499,Hunter Breault,P,0.9513999819755554,0.010400000028312206,1.0,0.0,0.0,2.584393383562565,OAK,2024,pit,RP
sa3004652,Sandel De La Cruz,P,0.633899986743927,0.0778999999165535,1.0,0.0,0.0,2.055573348701001,,2024,pit,RP
7407,Javy Guerra,P,1.0,0.0,1.0,0.0,0.0,2.2279934011399742,,2024,pit,RP
sa3015974,Luis Valdez,P,0.35350000858306885,0.13750000298023224,1.0,0.0,0.0,1.6531000606715684,,2024,pit,RP
sa3019125,Alejandro Manzano,P,0.24310000240802765,0.16110000014305115,1.0,0.0,0.0,1.5388532496988772,OAK,2024,pit,SP
sa3009599,Yoscar Pimentel,P,0.1754000037908554,0.1754000037908554,1.0,0.0,0.0,1.1954864487051968,,2024,pit,SP
sa3006544,Brayan Castillo,P,0.41130000352859497,0.12530000507831573,1.0,0.0,0.0,0.8437867939472201,COL,2024,pit,RP
sa3011626,Jared Johnson,P,0.4375999867916107,0.11959999799728394,1.0,0.0,0.0,1.923679880797863,OAK,2024,pit,RP
sa3002998,Naswell Paulino,P,1.0,0.0,1.0,0.0,0.0,2.6352398060262203,,2024,pit,RP
sa3004702,Osvaldo Berrios,P,0.3610000014305115,0.13600000739097595,1.0,0.0,0.0,1.7629732169210919,BOS,2024,pit,RP
sa3016204,Jawilme Ramirez,P,0.34450000524520874,0.13950000703334808,1.0,0.0,0.0,1.5535800397396087,STL,2024,pit,RP
sa3009463,Gabriel Jackson,P,0.651199996471405,0.07419999688863754,1.0,0.0,0.0,1.7103598691523083,,2024,pit,RP
sa3018279,Mitch Miller,P,0.770799994468689,0.04879999905824661,1.0,0.0,0.0,2.2820599757134916,,2024,pit,RP
sa3017921,Quinton Low,P/1B,0.31310001015663147,0.1460999995470047,1.0,0.0,0.0,1.5720133662223819,MIL,2024,pit,RP
sa3008333,Nick Thwaits,P,1.0,0.0,1.0,0.0,0.0,2.4948601022362706,,2024,pit,RP
sa829086,Yoan Aybar,P/OF,1.0,0.0,1.0,0.0,0.0,2.634386567026377,,2024,pit,RP
4020,Yusmeiro Petit,P,1.0,0.0,1.0,0.0,0.0,2.274573404341936,,2024,pit,RP
sa3008172,Zach Mort,P,0.4846000075340271,0.1096000000834465,1.0,0.0,0.0,1.698526763916016,,2024,pit,RP
sa3018793,Dylan Burns,P,0.7328000068664551,0.0568000003695488,1.0,0.0,0.0,1.987480159103871,,2024,pit,RP
sa3004709,Franklin Van Gurp,P,0.7889000177383423,0.04490000009536743,1.0,0.0,0.0,2.187560084462165,,2024,pit,RP
sa3010625,Grant Ford,P,1.0,0.0,1.0,0.0,0.0,2.5359065711498263,,2024,pit,RP
sa3009558,Bryan Sanchez,P,0.31310001015663147,0.1460999995470047,1.0,0.0,0.0,1.204873213917017,,2024,pit,RP
sa3007620,Michael Costanzo,P,1.0,0.0,1.0,0.0,0.0,2.529200009256602,,2024,pit,RP
sa3011533,Nick Morreale,P,0.9142000079154968,0.018200000748038292,1.0,0.0,0.0,2.573693303763867,,2024,pit,RP
sa3015440,Roque Gutierrez,P,0.3089999854564667,0.1469999998807907,1.0,0.0,0.0,1.117526775598526,LAD,2024,pit,RP
sa3010615,Randy Labaut,P,0.9093000292778015,0.019300000742077827,1.0,0.0,0.0,2.71615326628089,,2024,pit,RP
sa3017368,Holt Jones,P,0.34200000762939453,0.14000000059604645,1.0,0.0,0.0,1.4675267018377784,MIA,2024,pit,RP
sa3008533,Over Galue,P,0.41130000352859497,0.12530000507831573,1.0,0.0,0.0,1.9407266333699225,,2024,pit,RP
sa3009471,Manuel Olivares,P,0.23319999873638153,0.1632000058889389,1.0,0.0,0.0,1.1148668207228178,COL,2024,pit,SP
sa3015208,Drake Fellows,P,0.35190001130104065,0.1378999948501587,1.0,0.0,0.0,1.4306534029543405,NYY,2024,pit,RP
sa3014858,Gabriel Sequeira,P,1.0,0.0,1.0,0.0,0.0,2.5234401203691963,,2024,pit,RP
sa917415,Oliver Garcia,P,1.0,0.0,1.0,0.0,0.0,2.545420075953007,,2024,pit,RP
sa3018192,Jordan Marks,P,1.0,0.0,1.0,0.0,0.0,2.371959891915321,,2024,pit,RP
sa3020742,Peyton Pallette,P,0.1754000037908554,0.1754000037908554,1.0,0.0,0.0,1.005800099670887,CLE,2024,pit,SP
sa3011742,Gavin Collyer,P,0.5622000098228455,0.09319999814033508,1.0,0.0,0.0,1.9578799828886981,TEX,2024,pit,RP
sa3005828,Felix Ramires,P,1.0,0.0,1.0,0.0,0.0,1.7333466015756134,,2024,pit,RP
sa3009222,Christian Suarez,P,1.0,0.0,1.0,0.0,0.0,2.2377600222826004,LAD,2024,pit,RP
sa3018791,Cole Ayers,P,1.0,0.0,1.0,0.0,0.0,2.560740072280169,NYY,2024,pit,RP
sa602623,Heath Holder,P,1.0,0.0,1.0,0.0,0.0,2.600086697936058,,2024,pit,RP
sa3019884,Kyle Crigger,P,1.0,0.0,1.0,0.0,0.0,2.2642933979630473,,2024,pit,RP
sa3017549,Brendan Collins,P,1.0,0.0,1.0,0.0,0.0,2.297213331609965,WSN,2024,pit,RP
sa830644,Malvin Pena,P,1.0,0.0,1.0,0.0,0.0,2.4732800111174584,,2024,pit,RP
sa3016013,Deivy Cruz,P,0.25870001316070557,0.15770000219345093,1.0,0.0,0.0,1.5615733951330193,BAL,2024,pit,SP
31598,Jake Palisch,P,1.0,0.0,1.0,0.0,0.0,2.386386576294899,CHW,2024,pit,RP
sa3015488,Gabriel Agostini,P,0.29010000824928284,0.15109999477863312,1.0,0.0,0.0,1.1653201580047607,WSN,2024,pit,SP
25804,Randy Wynne,P,1.0,0.0,1.0,0.0,0.0,1.8317800797522064,,2024,pit,RP
sa3017932,Luke Taggart,P,1.0,0.0,1.0,0.0,0.0,1.7605600409209727,DET,2024,pit,RP
sa3022158,Matt Gabbert,P,0.4327000081539154,0.12070000171661377,1.0,0.0,0.0,1.7255468025803569,,2024,pit,RP
sa3009861,Nic Laio,P,1.0,0.0,1.0,0.0,0.0,2.4481532640755175,,2024,pit,RP
sa3018177,Steve Hajjar,P,0.19030000269412994,0.17229999601840973,1.0,0.0,0.0,1.5835667446255681,,2024,pit,SP
sa3020630,Seth Clark,P,0.9480999708175659,0.011099999770522118,1.0,0.0,0.0,2.4996600918471814,TEX,2024,pit,RP
sa857600,Matt Eckelman,P,0.6248000264167786,0.07980000227689743,1.0,0.0,0.0,1.8487532213330269,,2024,pit,RP
15846,Adam Plutko,P,0.9851999878883362,0.0031999999191612005,1.0,0.0,0.0,2.4133667767047884,,2024,pit,RP
sa3016285,Juan Rojas,P,0.3312999904155731,0.14229999482631683,1.0,0.0,0.0,1.6284533239901067,BAL,2024,pit,RP
sa3008711,Carlos Jimenez,P,0.44839999079704285,0.11739999800920486,1.0,0.0,0.0,1.7088733680546286,,2024,pit,RP
sa3019171,Juan De La Cruz,P,0.19609999656677246,0.17110000550746918,1.0,0.0,0.0,1.0055668093264103,MIA,2024,pit,SP
sa3020410,Jake Christianson,P,0.4203000068664551,0.12330000102519989,1.0,0.0,0.0,1.9139799609780312,,2024,pit,RP
sa3019549,Carlos Espinosa,P,0.3361999988555908,0.1412000060081482,1.0,0.0,0.0,1.5568135805428027,LAA,2024,pit,RP
sa3007240,Chavez Fernander,P,1.0,0.0,1.0,0.0,0.0,2.392926696687937,,2024,pit,RP
sa3020796,Wesley Moore,P,1.0,0.0,1.0,0.0,0.0,2.3444864384829995,PHI,2024,pit,RP
sa3011750,Chris Mokma,P,0.7764999866485596,0.04749999940395355,1.0,0.0,0.0,1.9711999535560607,,2024,pit,RP
sa3018835,Ernesto Mercedes,P,0.25619998574256897,0.1581999957561493,1.0,0.0,0.0,1.446826626360417,NYM,2024,pit,SP
sa3020463,Caleb Bolden,P,1.0,0.0,1.0,0.0,0.0,2.389520018547773,BOS,2024,pit,RP
sa3017938,Gabe Emmett,P,0.31310001015663147,0.1460999995470047,1.0,0.0,0.0,1.0250864312052728,,2024,pit,RP
sa3010135,Luis Velasquez,P,1.0,0.0,1.0,0.0,0.0,2.5788133114576346,NYY,2024,pit,RP
sa3010654,Denny Larrondo,P,0.2215999960899353,0.1656000018119812,1.0,0.0,0.0,1.3501932375133037,,2024,pit,SP
sa3018235,Marlon Perez,P,0.8968999981880188,0.021900000050663948,1.0,0.0,0.0,2.2109398871660226,,2024,pit,RP
sa3009631,Eudrys Manon,P,1.0,0.0,1.0,0.0,0.0,2.6294133991003044,,2024,pit,RP
19276,Edgar García,P,1.0,0.0,1.0,0.0,0.0,2.456680197268724,,2024,pit,RP
sa3015372,Nomar Medina,P,0.28760001063346863,0.15160000324249268,1.0,0.0,0.0,1.2730001688003538,,2024,pit,SP
sa3006600,Carlos Betancourt,P,0.824400007724762,0.03739999979734421,1.0,0.0,0.0,2.323646546900273,,2024,pit,RP
10218,Aaron Northcraft,P,1.0,0.0,1.0,0.0,0.0,2.294040047377348,,2024,pit,RP
sa3020595,Alex Rao,P,0.3808000087738037,0.13179999589920044,1.0,0.0,0.0,1.2680465787649156,,2024,pit,RP
16634,Carlos Sanabria,P,1.0,0.0,1.0,0.0,0.0,2.4819266147911554,,2024,pit,RP
sa3017976,Jacob Steinmetz,P,0.20509999990463257,0.16910000145435333,1.0,0.0,0.0,1.2255066961050036,ARI,2024,pit,SP
sa3008714,Jose Franco,P,0.25540000200271606,0.15839999914169312,1.0,0.0,0.0,0.8183134689927103,CIN,2024,pit,SP
sa3003066,Tahnaj Thomas,P,0.8968999981880188,0.021900000050663948,1.0,0.0,0.0,2.3083731859922403,,2024,pit,RP
sa3017149,Amilcar Chirinos,P,0.2768999934196472,0.15389999747276306,1.0,0.0,0.0,1.416066977381707,HOU,2024,pit,SP
15979,Akeem Bostick,P,1.0,0.0,1.0,0.0,0.0,2.3844865866005427,,2024,pit,RP
sa3017849,Aaron Haase,P,1.0,0.0,1.0,0.0,0.0,2.4752600058913234,,2024,pit,RP
sa3006760,Shea Murray,P,1.0,0.0,1.0,0.0,0.0,2.5193730957806113,,2024,pit,RP
sa3014809,J.P. Woodward,P,1.0,0.0,1.0,0.0,0.0,2.1048400536179543,,2024,pit,RP
sa3018857,Mauricio Estrella,P,0.3239000141620636,0.14390000700950623,1.0,0.0,0.0,1.5885534703731539,SFG,2024,pit,RP
sa3016267,Jose Olivares,P,0.18369999527931213,0.1737000048160553,1.0,0.0,0.0,1.1634399704635143,MIN,2024,pit,SP
sa3009602,Javier Atencio,P,0.2809999883174896,0.15299999713897705,1.0,0.0,0.0,1.509126602113247,,2024,pit,SP
sa3011200,Colby White,P,21.0,0.0,21.0,0.0,0.6200000047683716,85.20891600847243,,2024,pit,RP
sa3020490,Jack Dallas,P,1.0,0.0,1.0,0.0,0.0,2.1547332987189294,PHI,2024,pit,RP
sa3003132,Frainger Aranguren,P,0.8144999742507935,0.039500001817941666,1.0,0.0,0.0,2.075566706806422,,2024,pit,RP
sa3019384,Cesar Lares,P,0.1754000037908554,0.1754000037908554,1.0,0.0,0.0,1.1620267026126387,MIN,2024,pit,SP
9895,Chris Rusin,P,1.0,0.0,1.0,0.0,0.0,2.2933734297752384,,2024,pit,RP
sa829731,Will Gaddis,P,1.0,0.0,1.0,0.0,0.0,2.204846476763487,,2024,pit,RP
sa3007481,Bryce Nightengale,P,0.6363999843597412,0.07739999890327454,1.0,0.0,0.0,2.238360128551722,,2024,pit,RP
sa3020879,Alex Cook,P,1.0,0.0,1.0,0.0,0.0,2.8127666994929315,TBR,2024,pit,RP
sa3017388,Brett Standlee,P,0.824400007724762,0.03739999979734421,1.0,0.0,0.0,2.3581068269908427,,2024,pit,RP
sa3015092,José Davila,P,0.31310001015663147,0.1460999995470047,1.0,0.0,0.0,1.3627799324691297,STL,2024,pit,RP
sa3017146,Ryan Och,P,0.9430999755859375,0.01209999993443489,1.0,0.0,0.0,2.56929331868887,SDP,2024,pit,RP
sa1055363,Aaron Perry,P,1.0,0.0,1.0,0.0,0.0,2.387559954822064,,2024,pit,RP
sa3017638,A.J. Labas,P,1.0,0.0,1.0,0.0,0.0,2.3537932224571705,,2024,pit,RP
sa1170108,Tyler Yankosky,P,1.0,0.0,1.0,0.0,0.0,2.044093389809132,,2024,pit,RP
sa829632,Brady Puckett,P,1.0,0.0,1.0,0.0,0.0,2.4132331594824796,,2024,pit,RP
sa3009508,Dwayne Matos,P,1.0,0.0,1.0,0.0,0.0,2.3508798807859423,,2024,pit,RP
sa3011574,Yehizon Sanchez,P,0.3799000084400177,0.13189999759197235,1.0,0.0,0.0,1.6916799522936352,MIN,2024,pit,RP
sa3015938,Stiven Cruz,P,0.2167000025510788,0.16670000553131104,1.0,0.0,0.0,1.1876399025321,MIL,2024,pit,SP
sa3011841,Andrew Dalquist,P,0.24549999833106995,0.16050000488758087,1.0,0.0,0.0,1.176679944992065,SDP,2024,pit,SP
sa3007720,Will Tribucher,P,0.8202000260353088,0.03819999843835831,1.0,0.0,0.0,1.4556068085134029,,2024,pit,RP
sa3002811,Franklin De La Paz,P,1.0,0.0,1.0,0.0,0.0,2.147500068694353,,2024,pit,RP
sa3020818,Dylan Cumming,P,0.5340999960899353,0.09910000115633011,1.0,0.0,0.0,1.9088398829102515,CHW,2024,pit,RP
sa3014848,Robbie Peto,P,0.5365999937057495,0.09860000014305115,1.0,0.0,0.0,1.5109068118035793,,2024,pit,RP
sa3011743,Nick Lockhart,P,0.5200999975204468,0.10209999978542328,1.0,0.0,0.0,1.726626500487328,,2024,pit,RP
sa3018826,Fernando Perez,P,0.19189999997615814,0.17190000414848328,1.0,0.0,0.0,1.0558531679213048,TOR,2024,pit,SP
sa3015425,Waylin Santana,P,0.24549999833106995,0.16050000488758087,1.0,0.0,0.0,0.8438731722533706,,2024,pit,SP
sa3011733,Ryan Harbin,P,1.0,0.0,1.0,0.0,0.0,2.338040012121201,PIT,2024,pit,RP
sa3015489,Antwone Kelly,P,0.45329999923706055,0.11630000174045563,1.0,0.0,0.0,1.5726935163140299,PIT,2024,pit,RP
sa3020317,Chance Huff,P,0.4203000068664551,0.12330000102519989,1.0,0.0,0.0,1.2124268725514407,WSN,2024,pit,RP
10983,Ben Rowen,P,1.0,0.0,1.0,0.0,0.0,2.213153418153524,,2024,pit,RP
sa3015477,Brayan Mendoza,P,0.3312999904155731,0.14229999482631683,1.0,0.0,0.0,1.4353667870163913,MIA,2024,pit,RP
sa3020336,Braden Nett,P,0.2240999937057495,0.16509999334812164,1.0,0.0,0.0,1.2307467214763168,OAK,2024,pit,SP
sa3017203,Zach Barnes,P,1.0,0.0,1.0,0.0,0.0,2.444106493145228,,2024,pit,RP
sa3010249,Huei-Sheng Lin,P,0.4426000118255615,0.11860000342130661,1.0,0.0,0.0,1.497586731612682,,2024,pit,RP
sa3002947,Jol Concepcion,P,1.0,0.0,1.0,0.0,0.0,2.509033133834601,,2024,pit,RP
sa3015156,Leonard Garcia,P,0.19189999997615814,0.17190000414848328,1.0,0.0,0.0,0.9275733456015587,LAA,2024,pit,SP
sa3019950,Evan Taylor,P,1.0,0.0,1.0,0.0,0.0,2.3031333126127724,CHC,2024,pit,RP
16377,Ryan Castellani,P,1.0,0.0,1.0,0.0,0.0,2.3795934453606606,,2024,pit,RP
sa3021726,Cameron Cotter,P,1.0,0.0,1.0,0.0,0.0,2.525193473696709,,2024,pit,RP
12323,Jacob Barnes,P,44.0,0.0,44.0,0.0,0.5993000268936157,140.19809513092042,,2024,pit,RP
sa3006543,Eddy Yean,P,0.906000018119812,0.019999999552965164,1.0,0.0,0.0,2.11967349126935,WSN,2024,pit,RP
sa621512,Paul Schwendel,P,1.0,0.0,1.0,0.0,0.0,2.439520035684109,,2024,pit,RP
sa3016800,Arielbi Gonzalez,P,0.31310001015663147,0.1460999995470047,1.0,0.0,0.0,1.2741333618760113,,2024,pit,RP
sa3020380,Jake Pfennigs,P,0.31310001015663147,0.1460999995470047,1.0,0.0,0.0,1.6441598877310755,,2024,pit,RP
sa3020972,Gary Gill Hill,P,0.20430000126361847,0.16930000483989716,1.0,0.0,0.0,1.3707401975989337,TBR,2024,pit,SP
sa3020178,Ben Sears,P,1.0,0.0,1.0,0.0,0.0,2.164466704428196,KCR,2024,pit,RP
sa3014684,Alex Santos II,P,0.3222000002861023,0.14419999718666077,1.0,0.0,0.0,1.548506789654494,HOU,2024,pit,RP
sa3006159,Andres Diaz,P,0.39559999108314514,0.12860000133514404,1.0,0.0,0.0,1.3779866896569728,,2024,pit,RP
19884,Corbin Martin,P,28.0,0.0,28.0,0.0,0.6172000169754028,103.68277940750127,CHC,2024,pit,RP
sa3005188,Michell Miliano,P,1.0,0.0,1.0,0.0,0.0,2.517666599899531,,2024,pit,RP
sa3018263,Dillon Larsen,P,1.0,0.0,1.0,0.0,0.0,2.5777133837342263,,2024,pit,RP
30249,Jack Dreyer,P,1.0,0.0,1.0,0.0,0.0,2.2821399204432966,LAD,2024,pit,RP
sa3018234,Ben Wereski,P,0.9217000007629395,0.016699999570846558,1.0,0.0,0.0,2.199259904772044,,2024,pit,RP
sa3017005,Kevin Kopps,P,10.0,0.0,10.0,0.0,0.603600025177002,37.071025121212,SDP,2024,pit,RP
sa3010808,Juan De Los Santos,P,0.263700008392334,0.156700000166893,1.0,0.0,0.0,1.3723601587116718,BAL,2024,pit,SP
sa3004867,Jose Betances,P,1.0,0.0,1.0,0.0,0.0,2.517686548829079,,2024,pit,RP
sa1170117,Michael YaSenka,P,1.0,0.0,1.0,0.0,0.0,2.4612266145646577,,2024,pit,RP
sa3015370,Yujanyer Herrera,P,0.31310001015663147,0.1460999995470047,1.0,0.0,0.0,1.2328465335071095,COL,2024,pit,RP
sa3003064,Eliezer Rodriguez,P,0.6990000009536743,0.06400000303983688,1.0,0.0,0.0,1.951900039613247,,2024,pit,RP
sa3011192,Keegan Collett,P,0.798799991607666,0.04280000180006027,1.0,0.0,0.0,2.3716667436063297,,2024,pit,RP
sa3015997,Ulices Campos,P,0.29989999532699585,0.14890000224113464,1.0,0.0,0.0,1.2785932742059232,,2024,pit,RP
sa3020813,Magnus Ellerts,P,1.0,0.0,1.0,0.0,0.0,2.7063066504895685,CLE,2024,pit,RP
sa3008176,Samuel Perez,P,0.8945000171661377,0.02250000089406967,1.0,0.0,0.0,2.2708532184362418,,2024,pit,RP
sa3016038,Ivan Oviedo,P,0.4731000065803528,0.11209999769926071,1.0,0.0,0.0,1.6194200098514555,,2024,pit,RP
sa3017138,Austin Vernon,P,0.53329998254776,0.09929999709129333,1.0,0.0,0.0,2.2142933495342736,TBR,2024,pit,RP
sa3020333,Will Geerdes,P,1.0,0.0,1.0,0.0,0.0,2.3738200046122078,,2024,pit,RP
sa3015480,Raynel Moron,P,0.1754000037908554,0.1754000037908554,1.0,0.0,0.0,0.8167199142277242,,2024,pit,SP
sa3020755,Jackson Kelley,P,1.0,0.0,1.0,0.0,0.0,2.529893548786641,CHW,2024,pit,RP
sa3006985,Angel Reyes,P,0.670199990272522,0.07020000368356705,1.0,0.0,0.0,1.8236466601490977,,2024,pit,RP
sa3010774,Devon Roedahl,P,1.0,0.0,1.0,0.0,0.0,2.17043349146843,,2024,pit,RP
sa3019682,Jose Guedez,P,0.3156000077724457,0.14560000598430634,1.0,0.0,0.0,1.4676065899431703,HOU,2024,pit,RP
sa3020468,Chazz Martinez,P,1.0,0.0,1.0,0.0,0.0,2.3203331999480725,KCR,2024,pit,RP
sa3015004,Grant Judkins,P,0.20020000636577606,0.17020000517368317,1.0,0.0,0.0,1.3299731425940995,,2024,pit,SP
sa3020958,Bryan Chi,P,0.35679998993873596,0.13680000603199005,1.0,0.0,0.0,1.3821800209581858,,2024,pit,RP
sa3011235,Mitchell Tyranski,P,0.8968999981880188,0.021900000050663948,1.0,0.0,0.0,2.251586628705263,,2024,pit,RP
sa3022238,Tanner Kohlhepp,P,0.5414999723434448,0.09749999642372131,1.0,0.0,0.0,1.8219733133912093,DET,2024,pit,RP
sa3020321,Cy Nielson,P,1.0,0.0,1.0,0.0,0.0,2.2809864670038222,PIT,2024,pit,RP
sa3017507,Chris Gerard,P,1.0,0.0,1.0,0.0,0.0,2.357353170961142,,2024,pit,RP
sa3019377,Anthony Flores,P,0.1754000037908554,0.1754000037908554,1.0,0.0,0.0,0.9006935462355616,MIL,2024,pit,SP
sa3006374,Cristofer Mezquita,P,0.35600000619888306,0.13699999451637268,1.0,0.0,0.0,1.41875985339284,,2024,pit,RP
sa3011123,Tony Locey,P,1.0,0.0,1.0,0.0,0.0,2.378853247314692,,2024,pit,RP
sa3016751,Peniel Otano,P,1.0,0.0,1.0,0.0,0.0,2.2721866749227044,,2024,pit,RP
sa3015348,Edgardo Ibarra,P,0.20919999480247498,0.16820000112056732,1.0,0.0,0.0,1.0663334198296068,,2024,pit,SP
sa3015079,Sammy Tavarez,P,1.0,0.0,1.0,0.0,0.0,2.5701333217322824,,2024,pit,RP
sa3017280,Jackson Hicks,P,1.0,0.0,1.0,0.0,0.0,2.2717399463057526,,2024,pit,RP
sa3020744,Daniel Blair,P,0.6503999829292297,0.07440000027418137,1.0,0.0,0.0,2.0452400572597975,,2024,pit,RP
sa3009754,Yordan Nodal,P,0.34279999136924744,0.13979999721050262,1.0,0.0,0.0,1.2864468686282637,,2024,pit,RP
sa3015478,Alimber Santa,P,0.29580000042915344,0.14980000257492065,1.0,0.0,0.0,1.4552398413419732,HOU,2024,pit,SP
sa3018900,Moises Brito,P,0.18860000371932983,0.17260000109672546,1.0,0.0,0.0,0.9524466380476952,,2024,pit,SP
sa3006769,Kyler Stout,P,0.616599977016449,0.08160000294446945,1.0,0.0,0.0,1.9081201314926148,ARI,2024,pit,RP
sa3009926,Josh McMinn,P,0.608299970626831,0.08330000191926956,1.0,0.0,0.0,1.8673065118491654,ARI,2024,pit,RP
sa3006074,Jorge Rodriguez,P,1.0,0.0,1.0,0.0,0.0,2.174773386865855,,2024,pit,RP
sa3011247,Kevin Holcomb,P,0.41130000352859497,0.12530000507831573,1.0,0.0,0.0,1.4336666412651535,,2024,pit,RP
sa3009586,Diomede Sierra,P,1.0,0.0,1.0,0.0,0.0,2.4219932757318023,ARI,2024,pit,RP
sa3020234,Ian Churchill,P,1.0,0.0,1.0,0.0,0.0,2.4814268022775647,,2024,pit,RP
sa3017150,Haminton Mendez,P,0.328000009059906,0.14300000667572021,1.0,0.0,0.0,1.095073536783457,LAA,2024,pit,RP
sa3018260,Cam Brown,P,1.0,0.0,1.0,0.0,0.0,2.2660335659980775,,2024,pit,RP
sa3003158,Emilker Guzman,P,1.0,0.0,1.0,0.0,0.0,2.279933276772499,,2024,pit,RP
sa3006135,Benony Robles,P,0.888700008392334,0.02370000071823597,1.0,0.0,0.0,1.9987400382757192,,2024,pit,RP
sa3020598,Braeden Fausnaught,P,0.44510000944137573,0.11810000240802765,1.0,0.0,0.0,1.2621998935937881,PHI,2024,pit,RP
sa3015102,Luis Montas,P,1.0,0.0,1.0,0.0,0.0,2.1826599322259423,,2024,pit,RP
sa3020327,Wilian Bormie,P,0.24060000479221344,0.1615999937057495,1.0,0.0,0.0,1.1475667499005797,TEX,2024,pit,SP
sa3017615,Aaron Davenport,P,0.2167000025510788,0.16670000553131104,1.0,0.0,0.0,1.332166631519795,CLE,2024,pit,SP
sa3018092,Conor Larkin,P,1.0,0.0,1.0,0.0,0.0,2.3830200590193273,TOR,2024,pit,RP
sa3010140,Arman Sabouri,P,1.0,0.0,1.0,0.0,0.0,2.297940020263195,,2024,pit,RP
sa3017918,Zack Matthews,P,0.8169000148773193,0.03889999911189079,1.0,0.0,0.0,2.0864001505076883,,2024,pit,RP
sa916725,Freisis Adames,P,0.40139999985694885,0.1273999959230423,1.0,0.0,0.0,1.3535868473351007,,2024,pit,RP
sa3014928,Mac Lardner,P,1.0,0.0,1.0,0.0,0.0,2.232339910417795,,2024,pit,RP
sa3020319,Andrew Walling,P,1.0,0.0,1.0,0.0,0.0,2.1517598986625672,PHI,2024,pit,RP
15239,Alan Busenitz,P,6.0,0.0,6.0,0.0,0.5863000154495239,20.386640006303793,,2024,pit,RP
sa3015458,Abel Brito,P,0.1754000037908554,0.1754000037908554,1.0,0.0,0.0,1.0717799112200739,,2024,pit,SP
sa3020740,Noah Dean,P,0.21250000596046448,0.16750000417232513,1.0,0.0,0.0,1.1194134809076788,BOS,2024,pit,SP
sa3015163,Wilber Dotel,P,0.20679999887943268,0.1687999963760376,1.0,0.0,0.0,0.9073800750076773,PIT,2024,pit,SP
sa3011879,Dheygler Gimenez,P,0.18780000507831573,0.1728000044822693,1.0,0.0,0.0,0.9389133080840111,,2024,pit,SP
sa3006955,Jojanse Torres,P,1.0,0.0,1.0,0.0,0.0,2.414933407306671,,2024,pit,RP
sa3004333,Roither Hernandez,P,1.0,0.0,1.0,0.0,0.0,2.333846652507783,TOR,2024,pit,RP
sa3018332,Luichi Casilla,P,0.19189999997615814,0.17190000414848328,1.0,0.0,0.0,0.8999265298247341,COL,2024,pit,SP
sa1170930,Tanner Cooper,P,0.5134999752044678,0.10350000113248825,1.0,0.0,0.0,0.9179400734603407,,2024,pit,RP
sa3015496,Fernando Guanare,P,0.34450000524520874,0.13950000703334808,1.0,0.0,0.0,1.0451065436005593,,2024,pit,RP
sa1170441,Matt Gill,P,1.0,0.0,1.0,0.0,0.0,2.153820097446442,,2024,pit,RP
sa3016795,Andrew Moore,P,1.0,0.0,1.0,0.0,0.0,1.8678067572414876,SDP,2024,pit,RP
sa915735,Tommy DeJuneas,P,1.0,0.0,1.0,0.0,0.0,2.383866769075394,,2024,pit,RP
sa3015415,Jose Gonzalez,P,0.2653000056743622,0.15629999339580536,1.0,0.0,0.0,1.1232199698686602,LAA,2024,pit,SP
sa3011658,Josh Gessner,P,0.30160000920295715,0.1485999971628189,1.0,0.0,0.0,1.3248131126165386,,2024,pit,RP
sa3018287,Angel Jimenez,P,0.19359999895095825,0.17159999907016754,1.0,0.0,0.0,0.8919598773121833,COL,2024,pit,SP
sa3009857,Kipp Rollings,P,0.7056000232696533,0.06260000169277191,1.0,0.0,0.0,1.7481597527861594,,2024,pit,RP
sa3003030,Ronny Garcia,P,1.0,0.0,1.0,0.0,0.0,2.282740040868521,,2024,pit,RP
sa3017533,Peyton Glavine,P,1.0,0.0,1.0,0.0,0.0,2.0991932414472103,ATL,2024,pit,RP
sa3007454,Luis Alvarado,P,0.7336999773979187,0.056699998676776886,1.0,0.0,0.0,1.8897398717701432,,2024,pit,RP
sa3019431,Sabier Marte,P,0.23319999873638153,0.1632000058889389,1.0,0.0,0.0,0.9401868365705015,NYY,2024,pit,SP
sa3020904,Luis Rujano,P,0.3255000114440918,0.14350000023841858,1.0,0.0,0.0,1.2689667984843251,CHC,2024,pit,RP
sa3014844,Carter Loewen,P,1.0,0.0,1.0,0.0,0.0,2.372779767215252,SDP,2024,pit,RP
sa3017825,Joe Kemlage,P,1.0,0.0,1.0,0.0,0.0,2.215626706928015,,2024,pit,RP
sa3017141,Alex Ayala Jr.,P,0.25459998846054077,0.15860000252723694,1.0,0.0,0.0,1.495373422652483,,2024,pit,SP
sa3021028,Francis Texido,P,0.1754000037908554,0.1754000037908554,1.0,0.0,0.0,0.8310066178441047,LAA,2024,pit,SP
sa3015447,Gabriel Torres,P,0.2257000058889389,0.1647000014781952,1.0,0.0,0.0,0.9377799965441227,,2024,pit,SP
sa3016032,Reynardo Cruz,P,0.34940001368522644,0.13840000331401825,1.0,0.0,0.0,0.721626725792885,CIN,2024,pit,RP
sa3014801,Levi Thomas,P,0.49869999289512634,0.10670000314712524,1.0,0.0,0.0,1.5464666120707995,,2024,pit,RP
sa1169632,Tim Elliott,P,1.0,0.0,1.0,0.0,0.0,2.192473420500756,,2024,pit,RP
sa3019370,Chalniel Arias,P,0.1754000037908554,0.1754000037908554,1.0,0.0,0.0,0.8921467512845993,NYY,2024,pit,SP
sa3011728,Manuel Medina,P,1.0,0.0,1.0,0.0,0.0,2.1773599408566957,,2024,pit,RP
sa3015109,Jarod Wright,P,1.0,0.0,1.0,0.0,0.0,2.1150067500770096,,2024,pit,RP
sa3014495,Burl Carraway,P,1.0,0.0,1.0,0.0,0.0,2.5035933054983617,,2024,pit,RP
sa3020865,Tyler Gough,P,0.19359999895095825,0.17159999907016754,1.0,0.0,0.0,1.3665400125086307,LAD,2024,pit,SP
sa3004204,Anderson Bido,P,1.0,0.0,1.0,0.0,0.0,1.3615065068006516,,2024,pit,RP
sa3021817,Engert Garcia,P,0.21089999377727509,0.1678999960422516,1.0,0.0,0.0,0.8249065041542054,,2024,pit,SP
sa3020823,Tanner Shears,P,1.0,0.0,1.0,0.0,0.0,2.4006932064890867,,2024,pit,RP
17480,Daniel Duarte,P,32.0,0.0,32.0,0.0,0.5995000004768372,112.67940394878389,NYM,2024,pit,RP
sa3017305,Caden Monke,P,1.0,0.0,1.0,0.0,0.0,2.182066796720028,KCR,2024,pit,RP
31616,David Morgan,P,1.0,0.0,1.0,0.0,0.0,2.2506265848875047,SDP,2024,pit,RP
sa3020322,Kade Mechals,P,0.7741000056266785,0.04809999838471413,1.0,0.0,0.0,1.9161265954375266,,2024,pit,RP
sa3010253,Tyler Driver,P,1.0,0.0,1.0,0.0,0.0,2.186960066854954,,2024,pit,RP
sa3011640,Nestor Lorant,P,0.3765999972820282,0.13259999454021454,1.0,0.0,0.0,0.8237801946699617,CIN,2024,pit,RP
sa3018880,Rayner Urbaez,P,0.18950000405311584,0.17249999940395355,1.0,0.0,0.0,0.8559199288487433,,2024,pit,SP
sa3011811,Jace Beck,P,0.8622999787330627,0.02930000051856041,1.0,0.0,0.0,2.4016867883503443,CHC,2024,pit,RP
sa3015094,Jordan Mikel,P,0.8202000260353088,0.03819999843835831,1.0,0.0,0.0,1.8925333589315416,,2024,pit,RP
sa3009778,Luis De La Rosa,P,0.5242000222206116,0.10119999945163727,1.0,0.0,0.0,1.6238999359309667,,2024,pit,RP
sa3015386,Edgar Portes,P,0.35679998993873596,0.13680000603199005,1.0,0.0,0.0,1.5224465996026995,BAL,2024,pit,RP
sa3005361,Dante Mendoza,P,1.0,0.0,1.0,0.0,0.0,2.2965399093925956,,2024,pit,RP
sa3020447,Brody Jessee,P,1.0,0.0,1.0,0.0,0.0,1.8165665552020074,CIN,2024,pit,RP
29615,Kyle Backhus,P,14.0,0.0,14.0,0.0,0.6172000169754028,51.8743601679802,PHI,2024,pit,RP
sa3020820,Ben Ethridge,P,0.30410000681877136,0.14810000360012054,1.0,0.0,0.0,1.2066667728126053,,2024,pit,RP
sa3018822,Maxwel Hernandez,P,0.1754000037908554,0.1754000037908554,1.0,0.0,0.0,0.7261799871921539,,2024,pit,SP
sa3004364,Matt Merrill,P,1.0,0.0,1.0,0.0,0.0,2.4111268386244777,,2024,pit,RP
sa3005890,Joshua Cornielly,P,0.882099986076355,0.025100000202655792,1.0,0.0,0.0,2.2171198420226577,NYM,2024,pit,RP
sa3019239,Irv Carter,P,0.2223999947309494,0.16539999842643738,1.0,0.0,0.0,0.9925265491008752,TOR,2024,pit,SP
sa3010312,Serafino Brito,P,1.0,0.0,1.0,0.0,0.0,2.480046492815018,OAK,2024,pit,RP
sa918085,Remey Reed,P,1.0,0.0,1.0,0.0,0.0,2.1916600197553637,,2024,pit,RP
sa3014794,Mike Mokma,P,1.0,0.0,1.0,0.0,0.0,2.1095933921635157,,2024,pit,RP
sa3018278,Justin King,P,1.0,0.0,1.0,0.0,0.0,2.3893534347414978,MIA,2024,pit,RP
sa3010310,Cooper Bradford,P,0.899399995803833,0.021400000900030136,1.0,0.0,0.0,2.031026784330607,,2024,pit,RP
sa3018297,Andre Sanchez,P,0.6956999897956848,0.06469999998807907,1.0,0.0,0.0,1.6493868410587318,,2024,pit,RP
sa3006757,Will McAffer,P,1.0,0.0,1.0,0.0,0.0,2.317906673252583,,2024,pit,RP
sa3016622,Domingo Mejia,P,0.1754000037908554,0.1754000037908554,1.0,0.0,0.0,0.7411065213382249,,2024,pit,SP
sa3015085,Julio Dilone,P,1.0,0.0,1.0,0.0,0.0,2.1422198444604876,,2024,pit,RP
sa3005879,Robinson Hernandez,P,0.6603000164031982,0.0723000019788742,1.0,0.0,0.0,1.7151797138154508,,2024,pit,RP
sa3018827,Ervin Torres,P,0.19189999997615814,0.17190000414848328,1.0,0.0,0.0,0.7702332437038426,,2024,pit,SP
sa3017540,Justin Fall,P,1.0,0.0,1.0,0.0,0.0,2.0831533178687103,,2024,pit,RP
sa3009938,Pauly Milto,P,1.0,0.0,1.0,0.0,0.0,2.180913341790438,,2024,pit,RP
31610,Zach Maxwell,P,1.0,0.0,1.0,0.0,0.0,1.8575399957597258,CIN,2024,pit,RP
sa3020381,Mason Pelio,P,0.2150000035762787,0.16699999570846558,1.0,0.0,0.0,0.28214672133326557,CIN,2024,pit,SP
sa3015304,Jose Luis Reyes,P,0.25049999356269836,0.15950000286102295,1.0,0.0,0.0,1.0139133445918564,SDP,2024,pit,SP
20061,Kaleb Ort,P,17.0,0.0,17.0,0.0,0.6195999979972839,64.03753492832185,LAA,2024,pit,RP
sa832333,Jesus Linarez,P,0.8912000060081482,0.02319999970495701,1.0,0.0,0.0,1.9046266809105874,,2024,pit,RP
sa3011731,Dylan Castaneda,P,0.40959998965263367,0.12559999525547028,1.0,0.0,0.0,1.2852868676185611,,2024,pit,RP
sa3020810,Chase Antle,P,0.8037999868392944,0.04179999977350235,1.0,0.0,0.0,2.0379533149302005,,2024,pit,RP
sa3015309,Joey Stock,P,1.0,0.0,1.0,0.0,0.0,2.1822866730391977,,2024,pit,RP
sa3015151,Alejandro Hidalgo,P,0.3774999976158142,0.13249999284744263,1.0,0.0,0.0,1.5112066149711612,MIN,2024,pit,RP
sa3020262,Kole Ramage,P,0.824400007724762,0.03739999979734421,1.0,0.0,0.0,1.8258464694023133,,2024,pit,RP
sa3015359,Sam Jacobsak,P,0.6133000254631042,0.08229999989271164,1.0,0.0,0.0,1.6677866250276563,,2024,pit,RP
sa3020753,Mason Vinyard,P,1.0,0.0,1.0,0.0,0.0,2.3165197625756266,NYY,2024,pit,RP
sa3006386,Yeuris Jimenez,P,1.0,0.0,1.0,0.0,0.0,2.0713730633258822,WSN,2024,pit,RP
sa3020489,Alex Amalfi,P,0.5094000101089478,0.10440000146627426,1.0,0.0,0.0,1.6016267053782944,TOR,2024,pit,RP
sa3020743,Shawn Rapp,P,1.0,0.0,1.0,0.0,0.0,2.5209532976150517,,2024,pit,RP
sa3017842,Chase Watkins,P,1.0,0.0,1.0,0.0,0.0,2.1961266197264195,CHC,2024,pit,RP
sa3019287,German Nunez,P,0.19189999997615814,0.17190000414848328,1.0,0.0,0.0,0.7841998875141147,,2024,pit,SP
sa3005285,Karlos Morales,P,1.0,0.0,1.0,0.0,0.0,2.214173233509064,,2024,pit,RP
sa3019157,Wilson Esterlin,P,0.34610000252723694,0.13910000026226044,1.0,0.0,0.0,1.4225132606923583,,2024,pit,RP
sa3016528,Luis Serna,P,0.1754000037908554,0.1754000037908554,1.0,0.0,0.0,0.8111001610755921,NYY,2024,pit,SP
sa3014932,Max Bain,P,1.0,0.0,1.0,0.0,0.0,2.316266638040543,,2024,pit,RP
sa3015212,Raúl Rangel,P,0.3939000070095062,0.12890000641345978,1.0,0.0,0.0,1.1890333011746415,,2024,pit,RP
sa3016515,Bryan Perez,P,0.1754000037908554,0.1754000037908554,1.0,0.0,0.0,0.6383334122598177,COL,2024,pit,SP
sa3006068,Miguel Rondon,P,0.2603999972343445,0.1573999971151352,1.0,0.0,0.0,1.0175932049751286,,2024,pit,SP
sa3009626,Reidis Sena,P,1.0,0.0,1.0,0.0,0.0,2.0978932999074464,BOS,2024,pit,RP
sa3010129,Julian Smith,P,1.0,0.0,1.0,0.0,0.0,2.1636932298541076,,2024,pit,RP
sa3017145,Jack Aldrich,P,1.0,0.0,1.0,0.0,0.0,2.0780535258352755,,2024,pit,RP
18475,Shea Spitzbarth,P,1.0,0.0,1.0,0.0,0.0,2.1596466057002544,,2024,pit,RP
sa3014708,Esmerlin Vinicio,P,0.6133000254631042,0.08229999989271164,1.0,0.0,0.0,1.9264732152223591,SFG,2024,pit,RP
sa3014859,Trevor Holloway,P,1.0,0.0,1.0,0.0,0.0,2.0769468545913696,,2024,pit,RP
sa3015465,Oliver Roque,P,0.6100000143051147,0.08299999684095383,1.0,0.0,0.0,1.5862532198429116,,2024,pit,RP
sa3008478,Tom Sutera,P,0.5910000205039978,0.08699999749660492,1.0,0.0,0.0,1.4649265468120576,,2024,pit,RP
sa3017931,Jonny Cuevas,P,0.2150000035762787,0.16699999570846558,1.0,0.0,0.0,1.1118400901556011,TBR,2024,pit,SP
sa3018330,Aldo Leija,P,0.1754000037908554,0.1754000037908554,1.0,0.0,0.0,0.7711465403437616,,2024,pit,SP
sa3017256,Matt Russell,P,1.0,0.0,1.0,0.0,0.0,1.8268599279224875,,2024,pit,RP
sa917897,Jesus E. Sanchez,P,0.8475000262260437,0.032499998807907104,1.0,0.0,0.0,1.8699197866022588,MIA,2024,pit,RP
sa3016459,Jorge Rodriguez,P,0.40880000591278076,0.1257999986410141,1.0,0.0,0.0,1.406306621432305,,2024,pit,RP
sa3018860,Jesús  Palacios,P,0.1754000037908554,0.1754000037908554,1.0,0.0,0.0,0.684326708316803,BAL,2024,pit,SP
sa3017608,Cody Greenhill,P,1.0,0.0,1.0,0.0,0.0,1.9881330974400049,WSN,2024,pit,RP
sa3008500,Levi Kelly,P,1.0,0.0,1.0,0.0,0.0,2.339680057764053,,2024,pit,RP
sa917865,Manuel Silva,P,0.6948999762535095,0.0649000033736229,1.0,0.0,0.0,1.560193251818419,PHI,2024,pit,RP
sa3018870,Alfred Morillo,P,1.0,0.0,1.0,0.0,0.0,2.2778800696134573,ARI,2024,pit,RP
sa3020332,Rob Hensey,P,0.5490000247955322,0.09600000083446503,1.0,0.0,0.0,1.0036665990948679,,2024,pit,RP
sa3019374,Francis Peña,P,1.0,0.0,1.0,0.0,0.0,2.1845467709004884,SDP,2024,pit,RP
sa3019390,Carlos Lagrange,P,0.19030000269412994,0.17229999601840973,1.0,0.0,0.0,0.8834132425487042,NYY,2024,pit,SP
sa3008535,Hsin-Chieh Lin,P,0.421999990940094,0.12300000339746475,1.0,0.0,0.0,1.3280865445733077,,2024,pit,RP
sa874790,Austin Smith,P,1.0,0.0,1.0,0.0,0.0,2.07815330773592,,2024,pit,RP
sa3019562,Yanquiel Sanchez,P,0.25049999356269836,0.15950000286102295,1.0,0.0,0.0,0.9592398509383204,,2024,pit,SP
sa3019136,Sadiel Baro,P,0.19030000269412994,0.17229999601840973,1.0,0.0,0.0,0.7636533007025723,,2024,pit,SP
sa3019718,Eliseo Mota,P,0.1754000037908554,0.1754000037908554,1.0,0.0,0.0,0.5962333381175999,DET,2024,pit,SP
sa3021720,Will Childers,P,0.2825999855995178,0.1526000052690506,1.0,0.0,0.0,0.9340333260595801,MIL,2024,pit,SP
sa3019563,Juan Mercedes,P,0.4772000014781952,0.1111999973654747,1.0,0.0,0.0,1.4930868551135066,,2024,pit,RP
sa3005121,James Marinan,P,0.6075000166893005,0.08349999785423279,1.0,0.0,0.0,1.0514667212963111,CIN,2024,pit,RP
sa3020390,Eli Ankeney,P,0.8672000169754028,0.028200000524520874,1.0,0.0,0.0,2.2452265620231633,NYM,2024,pit,RP
sa3017888,Adam Shoemaker,P,0.2603999972343445,0.1573999971151352,1.0,0.0,0.0,1.1370467975735665,,2024,pit,SP
sa3016245,Randy Lara,P,0.19189999997615814,0.17190000414848328,1.0,0.0,0.0,0.700713173300028,,2024,pit,SP
sa3017552,Edwar Polimir,P,0.6017000079154968,0.08470000326633453,1.0,0.0,0.0,1.734420173615217,,2024,pit,RP
31883,Troy Taylor,P,1.0,0.0,1.0,0.0,0.0,2.6520065784454343,SEA,2024,pit,RP
sa3009506,Martin Salazar,P,0.1754000037908554,0.1754000037908554,1.0,0.0,0.0,0.5964933834969997,,2024,pit,SP
sa3020989,Edgar Moreta,P,0.1754000037908554,0.1754000037908554,1.0,0.0,0.0,0.626606442034245,NYM,2024,pit,SP
sa3019382,Bryan Rivera,P,0.1754000037908554,0.1754000037908554,1.0,0.0,0.0,0.6857068769633772,MIL,2024,pit,SP
sa3011141,Nick Paciorek,P,1.0,0.0,1.0,0.0,0.0,2.250593246519566,,2024,pit,RP
sa3021723,Kohl Drake,P,0.4903999865055084,0.10840000212192535,1.0,0.0,0.0,1.4785531252622612,ARI,2024,pit,RP
sa3007627,Ronaldo Alesandro,P,1.0,0.0,1.0,0.0,0.0,2.252466328442097,,2024,pit,RP
sa3010141,Garrett Leonard,P,0.8442000150680542,0.03319999948143959,1.0,0.0,0.0,1.9865531526505955,,2024,pit,RP
sa3019086,Jeremy Gonzalez,P,0.1754000037908554,0.1754000037908554,1.0,0.0,0.0,0.6757798776030546,CHW,2024,pit,SP
sa3006495,Alfred Vega,P,0.34529998898506165,0.13930000364780426,1.0,0.0,0.0,1.0569135010242463,,2024,pit,RP
sa3005229,Matt Givin,P,1.0,0.0,1.0,0.0,0.0,2.1106134481728076,,2024,pit,RP
sa875330,Justin Marsden,P,1.0,0.0,1.0,0.0,0.0,2.1312066532671454,,2024,pit,RP
sa3006408,Heribert Garcia,P,0.4846000075340271,0.1096000000834465,1.0,0.0,0.0,1.290946810692549,,2024,pit,RP
sa3007819,Jose Alcantara,P,1.0,0.0,1.0,0.0,0.0,2.145506523549557,,2024,pit,RP
sa3005202,Derek Molina,P,1.0,0.0,1.0,0.0,0.0,2.133933213353157,,2024,pit,RP
sa3017644,Malik Barrington,P,1.0,0.0,1.0,0.0,0.0,2.247000332921744,,2024,pit,RP
sa3011850,Brendan McGuigan,P,0.8507999777793884,0.03180000185966492,1.0,0.0,0.0,1.948880028724671,,2024,pit,RP
sa3015105,Chase Wallace,P,1.0,0.0,1.0,0.0,0.0,1.8974200919270516,,2024,pit,RP
sa885669,Jose Morban,P,0.46320000290870667,0.11420000344514847,1.0,0.0,0.0,1.3159066371619699,,2024,pit,RP
sa1172219,Brock Whittlesey,P,1.0,0.0,1.0,0.0,0.0,1.9874134823679923,,2024,pit,RP
sa3017874,Matt Mikulski,P,0.5267000198364258,0.1006999984383583,1.0,0.0,0.0,1.8118334695696836,,2024,pit,RP
sa3017872,Jack Anderson,P,1.0,0.0,1.0,0.0,0.0,2.0930198505520816,BOS,2024,pit,RP
sa3011440,Wander Arias,P,1.0,0.0,1.0,0.0,0.0,1.880593275278807,,2024,pit,RP
sa3015360,Elvis Garcia,P,0.45989999175071716,0.11490000039339066,1.0,0.0,0.0,1.2741467326879508,,2024,pit,RP
sa3020898,Jacob Maton,P,1.0,0.0,1.0,0.0,0.0,2.2164602078497415,,2024,pit,RP
sa3020175,C.J. Mayhue,P,0.7872999906539917,0.04529999941587448,1.0,0.0,0.0,1.820126647502184,,2024,pit,RP
sa3019065,Ledwin Taveras,P,0.1754000037908554,0.1754000037908554,1.0,0.0,0.0,0.6014935545623303,,2024,pit,SP
sa3008585,Fernando Lozano,P,0.7246000170707703,0.05860000103712082,1.0,0.0,0.0,1.4141467265784735,,2024,pit,RP
sa3003026,Santiago Florez,P,1.0,0.0,1.0,0.0,0.0,2.0604199990630154,,2024,pit,RP
sa872457,Mailon Arroyo,P/3B,1.0,0.0,1.0,0.0,0.0,2.0440199963748458,,2024,pit,RP
sa3005457,Carlos Campos,P,0.7856000065803528,0.04560000076889992,1.0,0.0,0.0,1.797946590930224,,2024,pit,RP
sa3009984,Jordan Jones,P,1.0,0.0,1.0,0.0,0.0,2.4478530809283257,,2024,pit,RP
sa3019294,Frank Moreno,P,0.1754000037908554,0.1754000037908554,1.0,0.0,0.0,0.5504000455141069,,2024,pit,SP
30146,Jack Leiter,P,11.619999885559082,1.6200000047683716,19.233999252319336,0.0,0.6092000007629395,64.60737833976745,TEX,2024,pit,RP
sa3020662,Shane Gray,P,1.0,0.0,1.0,0.0,0.0,2.1024533502757548,,2024,pit,RP
sa3020890,Logan Clayton,P,0.8985999822616577,0.02160000056028366,1.0,0.0,0.0,2.0310999751091003,,2024,pit,RP
sa3019268,Leonel Sequera,P,0.1754000037908554,0.1754000037908554,1.0,0.0,0.0,0.6366199888288975,STL,2024,pit,SP
sa3018368,Luis Cesar,P,0.21089999377727509,0.1678999960422516,1.0,0.0,0.0,0.6245735548436642,MIA,2024,pit,SP
sa3020466,Chris Williams Jr.,P,0.6453999876976013,0.07540000230073929,1.0,0.0,0.0,1.7207933180034165,,2024,pit,RP
sa3017506,Alfredo Ruiz,P,1.0,0.0,1.0,0.0,0.0,2.15520680770278,,2024,pit,RP
sa3005866,Jesus Valles,P,0.7756999731063843,0.04769999906420708,1.0,0.0,0.0,1.5724734649062162,,2024,pit,RP
32026,Drew Sommers,P,1.0,0.0,1.0,0.0,0.0,2.4701601088047034,DET,2024,pit,RP
sa3004588,Harold Cortijo,P,1.0,0.0,1.0,0.0,0.0,2.187460169941187,,2024,pit,RP
sa3016613,Bryan Mena,P,0.1754000037908554,0.1754000037908554,1.0,0.0,0.0,0.5602066636085512,PIT,2024,pit,SP
sa3020450,Hunter Hayes,P,0.4846000075340271,0.1096000000834465,1.0,0.0,0.0,1.2903133042156698,STL,2024,pit,RP
sa3010819,Kevin Milam,P,1.0,0.0,1.0,0.0,0.0,2.1534200675785544,,2024,pit,RP
sa3020328,Cade Halemanu,P,0.6322000026702881,0.07819999754428864,1.0,0.0,0.0,1.9470599859952933,,2024,pit,RP
sa3018859,Jose Chirinos,P,0.1754000037908554,0.1754000037908554,1.0,0.0,0.0,0.5962133787572386,NYM,2024,pit,SP
sa3017192,Collin Sullivan,P,1.0,0.0,1.0,0.0,0.0,2.088040116429329,,2024,pit,RP
sa3019288,Luis Valdez,P,0.1754000037908554,0.1754000037908554,1.0,0.0,0.0,0.5819266118109225,KCR,2024,pit,SP
sa3021721,Sam Gardner,P,1.0,0.0,1.0,0.0,0.0,2.181626750528813,,2024,pit,RP
sa3016066,Henry Lalane,P,0.263700008392334,0.156700000166893,1.0,0.0,0.0,0.9731135725975038,NYY,2024,pit,SP
sa3017602,Ricardo Velez,P,1.0,0.0,1.0,0.0,0.0,2.199133303016424,TEX,2024,pit,RP
sa3022005,Miguel Cordero,P,0.1754000037908554,0.1754000037908554,1.0,0.0,0.0,0.584746564179659,MIN,2024,pit,SP
sa3020632,Franklin Paulino,P,0.19359999895095825,0.17159999907016754,1.0,0.0,0.0,0.5637400858104233,,2024,pit,SP
sa3017785,Zhiorman Imbriano,P,0.19030000269412994,0.17229999601840973,1.0,0.0,0.0,0.5946600563824176,,2024,pit,SP
sa3018283,Armando Vasquez,P,0.8935999870300293,0.022600000724196434,1.0,0.0,0.0,2.120393303781748,,2024,pit,RP
sa3006501,Jeisson Cabrera,P,0.6561999917030334,0.07320000231266022,1.0,0.0,0.0,1.3909465685486793,BAL,2024,pit,RP
sa3011349,Manuel Veloz,P,0.8424999713897705,0.03350000083446503,1.0,0.0,0.0,1.5881267212331291,,2024,pit,RP
sa3019055,Emmanuel Martinez,P,0.2603999972343445,0.1573999971151352,1.0,0.0,0.0,0.9571066558361054,,2024,pit,SP
20298,Jhonathan Díaz,P,6.0,0.0,6.0,0.0,0.6481000185012817,24.018439030647286,SEA,2024,pit,RP
sa3008683,Kevin Rodriguez,P,0.9018999934196472,0.020899999886751175,1.0,0.0,0.0,1.655493254959583,,2024,pit,RP
sa3015333,Alonzo Richardson,P,0.18860000371932983,0.17260000109672546,1.0,0.0,0.0,0.780159886926413,CLE,2024,pit,SP
sa3016833,Gabriel Reyes,P,0.2727000117301941,0.15469999611377716,1.0,0.0,0.0,0.9280466094613082,DET,2024,pit,SP
sa917988,Nolan Martinez,P,0.770799994468689,0.04879999905824661,1.0,0.0,0.0,1.6686535328626633,,2024,pit,RP
sa3015346,Moisés Chace,P,0.34940001368522644,0.13840000331401825,1.0,0.0,0.0,1.4581666700541973,PHI,2024,pit,RP
sa873291,Carlos Suniaga,P,1.0,0.0,1.0,0.0,0.0,1.9714599907398225,,2024,pit,RP
sa3020451,Carson Skipper,P,1.0,0.0,1.0,0.0,0.0,1.3438665993511676,COL,2024,pit,RP
sa3002951,Yovanny Cruz,P,1.0,0.0,1.0,0.0,0.0,2.164613432437182,NYY,2024,pit,RP
sa3009991,Osiel Rodriguez,P,1.0,0.0,1.0,0.0,0.0,2.171980196982622,,2024,pit,RP
sa3018176,A.J. Candelario,P,1.0,0.0,1.0,0.0,0.0,1.8630801655352118,,2024,pit,RP
sa3008137,Victor Villanueva,P,0.41130000352859497,0.12530000507831573,1.0,0.0,0.0,1.1930399902164939,,2024,pit,RP
sa3016030,Kikito Severino,P,0.5094000101089478,0.10440000146627426,1.0,0.0,0.0,1.2963466867804532,,2024,pit,RP
sa3016936,Kyle Whitten,P,1.0,0.0,1.0,0.0,0.0,2.299113478511572,TBR,2024,pit,RP
sa3014796,Mitch Ellis,P,1.0,0.0,1.0,0.0,0.0,1.9520065866410734,KCR,2024,pit,RP
sa3018364,Julio Zapata,P,0.1754000037908554,0.1754000037908554,1.0,0.0,0.0,0.528386652469635,CLE,2024,pit,SP
sa3010811,Garrett Farmer,P,1.0,0.0,1.0,0.0,0.0,1.9833132877945894,,2024,pit,RP
sa3005430,Damian Mendoza,P,1.0,0.0,1.0,0.0,0.0,2.010239815711975,,2024,pit,RP
sa3008766,Roberto Monegro,P/SS,0.2199999988079071,0.16599999368190765,1.0,0.0,0.0,0.682866744697094,,2024,pit,SP
sa3016941,Andrew Marrero,P,1.0,0.0,1.0,0.0,0.0,2.2504665292799477,,2024,pit,RP
sa3017778,Dennis Boatman,P,1.0,0.0,1.0,0.0,0.0,1.5626201361417777,,2024,pit,RP
sa3017272,Noah Owen,P,0.84170001745224,0.03370000049471855,1.0,0.0,0.0,1.7053735122084617,,2024,pit,RP
sa3020404,Landon Harper,P,1.0,0.0,1.0,0.0,0.0,1.999986762553454,ATL,2024,pit,RP
sa3006127,Carlos Guarate,P,0.8968999981880188,0.021900000050663948,1.0,0.0,0.0,1.7427334085106847,,2024,pit,RP
sa3010669,Nick Roth,P,1.0,0.0,1.0,0.0,0.0,2.110933397710323,,2024,pit,RP
sa3019273,Omar Victorino,P,0.23729999363422394,0.1623000055551529,1.0,0.0,0.0,0.9477335020899771,NYM,2024,pit,SP
sa3010780,Davis Moore,P,1.0,0.0,1.0,0.0,0.0,1.8659867025911807,,2024,pit,RP
sa3009747,Harold Melenge,P,0.25049999356269836,0.15950000286102295,1.0,0.0,0.0,0.7941265664994717,,2024,pit,SP
sa3021472,Mavis Graves,P,0.1754000037908554,0.1754000037908554,1.0,0.0,0.0,0.32265325412154233,PHI,2024,pit,SP
sa3020562,Wyatt Cheney,P,0.29989999532699585,0.14890000224113464,1.0,0.0,0.0,1.1241734214127068,,2024,pit,RP
sa3009919,Sam Hellinger,P,1.0,0.0,1.0,0.0,0.0,2.046419917792082,,2024,pit,RP
sa3020734,Julian Bosnic,P,1.0,0.0,1.0,0.0,0.0,2.1441267699003226,PIT,2024,pit,RP
sa3015298,Anthony Hoopii-Tuionetoa,P,1.0,0.0,1.0,0.0,0.0,2.146213298290968,TEX,2024,pit,RP
10291,Ryan Tepera,P,23.0,0.0,23.0,0.0,0.0,83.70502541065215,,2024,pit,RP
21858,Riley Pint,P,35.0,0.0,35.0,0.0,0.5697000026702881,114.037619972229,SDP,2024,pit,RP
sa3011348,Jordan Bocko,P,0.8605999946594238,0.029600000008940697,1.0,0.0,0.0,1.7892198912799353,,2024,pit,RP
sa3005318,Hunter Haworth,P,1.0,0.0,1.0,0.0,0.0,2.0582933977246287,ARI,2024,pit,RP
sa3011783,Brock Jones,P,0.3255000114440918,0.14350000023841858,1.0,0.0,0.0,1.004333394020796,,2024,pit,RP
sa3018815,Melvin Pineda,P,0.1754000037908554,0.1754000037908554,1.0,0.0,0.0,0.5594467006623747,SFG,2024,pit,SP
sa916947,Jhonatan Munoz,P,0.8672000169754028,0.028200000524520874,1.0,0.0,0.0,1.8845800586044787,,2024,pit,RP
sa876164,Tyler Watson,P,1.0,0.0,1.0,0.0,0.0,1.9953202836215493,,2024,pit,RP
sa3020592,Eric Adler,P,1.0,0.0,1.0,0.0,0.0,2.013613327592611,CHW,2024,pit,RP
sa3016519,Eliander Alcalde,P,0.30320000648498535,0.14820000529289246,1.0,0.0,0.0,1.0241197466850283,TOR,2024,pit,RP
sa3005889,Luis Amoroso,P,1.0,0.0,1.0,0.0,0.0,1.0768531963229173,COL,2024,pit,RP
sa3016938,Jake Schrand,P,0.8450000286102295,0.032999999821186066,1.0,0.0,0.0,1.6681867621839048,,2024,pit,RP
sa3009227,Reinys Portillo,P,0.36010000109672546,0.13609999418258667,1.0,0.0,0.0,1.0657466918230059,,2024,pit,RP
31552,Zach Agnos,P,1.0,0.0,1.0,0.0,0.0,1.298273564130068,COL,2024,pit,RP
sa3022127,Davidxon Lara,P,0.1754000037908554,0.1754000037908554,1.0,0.0,0.0,0.45989315733313596,LAA,2024,pit,SP
sa3017012,Jesus Rivero,P,0.3939000070095062,0.12890000641345978,1.0,0.0,0.0,1.291246847808361,,2024,pit,RP
sa3009988,Destin Dotson,P,1.0,0.0,1.0,0.0,0.0,2.1443533368408687,,2024,pit,RP
sa3022130,Francisco Morao,P,0.1754000037908554,0.1754000037908554,1.0,0.0,0.0,0.5903934843838217,BAL,2024,pit,SP
sa3020476,Nate Dahle,P,1.0,0.0,1.0,0.0,0.0,2.3828266948461536,,2024,pit,RP
sa3021568,Javier Bartolozzi,P,0.1754000037908554,0.1754000037908554,1.0,0.0,0.0,0.4936266995966436,LAD,2024,pit,SP
sa3018238,Graham Hoffman,P,1.0,0.0,1.0,0.0,0.0,2.0641066618263726,,2024,pit,RP
sa3004715,Elian Rodriguez,P,0.40549999475479126,0.1264999955892563,1.0,0.0,0.0,1.128946774452925,,2024,pit,RP
sa3017594,Michael Kirian,P,1.0,0.0,1.0,0.0,0.0,2.0226865470409394,,2024,pit,RP
sa3018883,Adrian Acosta,P,0.1754000037908554,0.1754000037908554,1.0,0.0,0.0,0.5798465177416805,LAA,2024,pit,SP
sa3020976,Franyel Diaz,P,0.20679999887943268,0.1687999963760376,1.0,0.0,0.0,0.6355665460228921,NYM,2024,pit,SP
sa3018867,Christian Zazueta,P,0.1754000037908554,0.1754000037908554,1.0,0.0,0.0,0.49450008049607286,LAD,2024,pit,SP
sa3018816,Adilson Peralta,P,0.19189999997615814,0.17190000414848328,1.0,0.0,0.0,0.5230267308652401,PHI,2024,pit,SP
sa3005706,Daury Cabrera,P,0.5259000062942505,0.10090000182390213,1.0,0.0,0.0,1.253240067511797,,2024,pit,RP
sa3015075,Tanner Propst,P,1.0,0.0,1.0,0.0,0.0,2.0487133644521243,,2024,pit,RP
sa3019048,Juan Amarante,P,0.19359999895095825,0.17159999907016754,1.0,0.0,0.0,0.6465066507458688,PHI,2024,pit,SP
sa3020108,Joe Joe Rodriguez,P,1.0,0.0,1.0,0.0,0.0,2.0009198628365996,,2024,pit,RP
sa3017718,Tyler Ras,P,1.0,0.0,1.0,0.0,0.0,1.9496933765709406,CHC,2024,pit,RP
sa3007602,Chih-Ting Wang,P,0.6486999988555908,0.0746999979019165,1.0,0.0,0.0,1.5729666635394093,,2024,pit,RP
sa3017814,Brannon Jordan,P,1.0,0.0,1.0,0.0,0.0,2.0453999690711497,,2024,pit,RP
sa1172846,Jake Gilbert,P,1.0,0.0,1.0,0.0,0.0,1.4706602379679685,,2024,pit,RP
sa3021738,Jeter Martinez,P,0.2150000035762787,0.16699999570846558,1.0,0.0,0.0,0.6751466058194642,PIT,2024,pit,SP
sa3006693,Cobi Johnson,P,0.6923999786376953,0.06539999693632126,1.0,0.0,0.0,1.663033427298069,,2024,pit,RP
sa3017072,Justin Kelly,P,1.0,0.0,1.0,0.0,0.0,1.9356468386948111,,2024,pit,RP
sa3020604,Mark McLaughlin,P,0.3865000009536743,0.13050000369548798,1.0,0.0,0.0,0.9093734823167328,CHW,2024,pit,RP
sa3008102,Joel Condreay,P,1.0,0.0,1.0,0.0,0.0,2.0185933396220213,,2024,pit,RP
sa917957,Nick Hanson,P,0.8828999996185303,0.024900000542402267,1.0,0.0,0.0,1.7814066626131542,,2024,pit,RP
sa3020963,Henry Martinez,P,0.20679999887943268,0.1687999963760376,1.0,0.0,0.0,0.7257869109511379,,2024,pit,SP
sa3008729,Hugo Villalobos,P,0.5877000093460083,0.0877000018954277,1.0,0.0,0.0,1.6596598520874979,,2024,pit,RP
sa3009750,Yonael Dominguez,P,0.6248000264167786,0.07980000227689743,1.0,0.0,0.0,1.409913270175457,,2024,pit,RP
sa3021022,Hamlet Garcia,P,0.1754000037908554,0.1754000037908554,1.0,0.0,0.0,0.47169992253184345,MIA,2024,pit,SP
sa875839,Jose Mora,P,1.0,0.0,1.0,0.0,0.0,2.0244931928813457,,2024,pit,RP
sa3005410,Manuel Alvarez,P,0.9085000157356262,0.019500000402331352,1.0,0.0,0.0,2.0507999420166017,,2024,pit,RP
sa3020379,Nick Pogue,P,1.0,0.0,1.0,0.0,0.0,1.7480465173721313,,2024,pit,RP
sa3015148,Johzan Oquendo,P,1.0,0.0,1.0,0.0,0.0,2.1375400841236116,CHC,2024,pit,RP
sa3011571,Brock Bell,P,1.0,0.0,1.0,0.0,0.0,1.4341866113245483,,2024,pit,RP
sa3017492,Cam Wynne,P,0.8912000060081482,0.02319999970495701,1.0,0.0,0.0,1.8495534665882594,,2024,pit,RP
sa3021795,Keyner Benitez,P,0.1754000037908554,0.1754000037908554,1.0,0.0,0.0,0.5196065299212935,MIA,2024,pit,SP
sa3015368,Danny Denz,P,0.5960000157356262,0.0860000029206276,1.0,0.0,0.0,1.5027932770550256,,2024,pit,RP
sa3006163,Sonny Vargas,P,0.263700008392334,0.156700000166893,1.0,0.0,0.0,0.8033135011792187,,2024,pit,SP
sa3003164,Matthew Peguero,P,0.7609000205993652,0.05090000107884407,1.0,0.0,0.0,1.6528799921274189,,2024,pit,RP
sa3010003,Nate Jones,P,1.0,0.0,1.0,0.0,0.0,1.898906721174717,,2024,pit,RP
sa3014803,Austin Faith,P,0.5414999723434448,0.09749999642372131,1.0,0.0,0.0,1.5061266444623467,NYM,2024,pit,RP
sa3019632,Eminen Flores,P,0.1754000037908554,0.1754000037908554,1.0,0.0,0.0,0.4383266545832156,TOR,2024,pit,SP
sa3019164,Luis Gonzalez,P,0.22660000622272491,0.16459999978542328,1.0,0.0,0.0,0.5546266175806522,PHI,2024,pit,SP
sa3020978,Yereny Teus,P,0.20679999887943268,0.1687999963760376,1.0,0.0,0.0,0.647686553001404,TBR,2024,pit,SP
sa3014931,Diego Granado,P,0.8672000169754028,0.028200000524520874,1.0,0.0,0.0,2.0287400506436826,OAK,2024,pit,RP
23460,Brandon Hughes,P,19.0,0.0,19.0,0.0,0.6172000169754028,76.05870060920714,,2024,pit,RP
sa3017764,Kobe Robinson,P,1.0,0.0,1.0,0.0,0.0,2.0852132283151152,,2024,pit,RP
sa3010378,Enmanuel De La Cruz,P,0.218299999833107,0.1662999987602234,1.0,0.0,0.0,0.603720162063837,,2024,pit,SP
sa3017099,Kasey Ford,P,1.0,0.0,1.0,0.0,0.0,2.124713342636824,,2024,pit,RP
sa3014508,Dylan MacLean,P,0.4343999922275543,0.12039999663829803,1.0,0.0,0.0,1.2440601103007798,TEX,2024,pit,RP
sa968102,Eric Pardinho,P,0.8945000171661377,0.02250000089406967,1.0,0.0,0.0,1.987146701663732,TOR,2024,pit,RP
sa873152,Fabian Blanco,P,1.0,0.0,1.0,0.0,0.0,2.0021866939961916,,2024,pit,RP
sa3017105,Walker Brockhouse,P,1.0,0.0,1.0,0.0,0.0,2.106480093300343,,2024,pit,RP
sa3005685,Yohanse Morel,P,0.7939000129699707,0.04390000179409981,1.0,0.0,0.0,1.7884867176413537,,2024,pit,RP
sa3016017,Ricardo Estrada,P,0.1754000037908554,0.1754000037908554,1.0,0.0,0.0,0.4621799476444721,SFG,2024,pit,SP
sa3017617,Adrian Ogando,P,0.1754000037908554,0.1754000037908554,1.0,0.0,0.0,0.2008132204413413,,2024,pit,SP
sa3009713,Carlos Calderon,P,0.7056000232696533,0.06260000169277191,1.0,0.0,0.0,1.6704866275191308,,2024,pit,RP
sa3019176,Luis Tejeda,P,0.21089999377727509,0.1678999960422516,1.0,0.0,0.0,0.5386465653777126,COL,2024,pit,SP
sa3015468,Luis Garcia,P,0.1754000037908554,0.1754000037908554,1.0,0.0,0.0,0.4118400275707246,,2024,pit,SP
sa3021787,Denny Lima,P,0.1754000037908554,0.1754000037908554,1.0,0.0,0.0,0.4139798544347286,CHW,2024,pit,SP
sa3020821,Garrett Apker,P,0.421999990940094,0.12300000339746475,1.0,0.0,0.0,1.2016066558659078,HOU,2024,pit,RP
sa3008426,Niklas Rimmel,P,1.0,0.0,1.0,0.0,0.0,2.0015800900757315,,2024,pit,RP
sa3019253,Jose Gomez,P,0.46070000529289246,0.11469999700784683,1.0,0.0,0.0,1.2012466259300711,,2024,pit,RP
sa3021498,Roberto Medina,P,0.1754000037908554,0.1754000037908554,1.0,0.0,0.0,0.5410200215876104,TBR,2024,pit,SP
sa3006981,Kyle Hinton,P,1.0,0.0,1.0,0.0,0.0,1.9806197553873068,,2024,pit,RP
sa3008438,Gustavo Rodriguez,P,1.0,0.0,1.0,0.0,0.0,1.990500128269196,OAK,2024,pit,RP
sa3007220,Leif Strom,P,0.5877000093460083,0.0877000018954277,1.0,0.0,0.0,1.3840333007276056,,2024,pit,RP
sa3016046,Weskendry Espinosa,P,0.21250000596046448,0.16750000417232513,1.0,0.0,0.0,0.5150732949376109,,2024,pit,SP
sa3008360,Saul Gonzalez,P,1.0,0.0,1.0,0.0,0.0,1.9307732917368412,,2024,pit,RP
sa3015501,Gleiner Diaz,P,0.21089999377727509,0.1678999960422516,1.0,0.0,0.0,0.5929067365825178,SEA,2024,pit,SP
sa3002928,Luis Moreno,P,1.0,0.0,1.0,0.0,0.0,1.8580534458160405,NYM,2024,pit,RP
sa3019149,Nelfy Ynfante,P,0.1754000037908554,0.1754000037908554,1.0,0.0,0.0,0.43972657471895227,STL,2024,pit,SP
sa3014979,Jake Gozzo,P,1.0,0.0,1.0,0.0,0.0,1.5115199744701386,,2024,pit,RP
sa920454,Cristhian Tortosa,P,0.8787999749183655,0.025800000876188278,1.0,0.0,0.0,1.8895999185740946,PHI,2024,pit,RP
sa828333,Erick Julio,P,0.8672000169754028,0.028200000524520874,1.0,0.0,0.0,1.7675533086061481,,2024,pit,RP
22872,Yoendrys Gómez,P,15.0,0.0,15.0,0.0,0.6502000093460083,59.57764115333558,TBR,2024,pit,RP
sa3006070,José Geraldo,P,1.0,0.0,1.0,0.0,0.0,2.0209067709743973,,2024,pit,RP
sa3011780,Addison Moss,P,1.0,0.0,1.0,0.0,0.0,1.9564466118812565,,2024,pit,RP
sa3007236,Austin Lambright,P,1.0,0.0,1.0,0.0,0.0,1.9160466276109225,,2024,pit,RP
18555,Logan Allen,P,13.0,0.0,13.0,0.0,0.6172000169754028,47.24269232749939,,2024,pit,RP
sa3019146,Abrahan Tejada,P,0.1754000037908554,0.1754000037908554,1.0,0.0,0.0,0.38585337698459643,,2024,pit,SP
sa3014908,Jonathan Hughes,P,1.0,0.0,1.0,0.0,0.0,1.9107600055634975,,2024,pit,RP
sa3008726,Develson Aria,P,0.3222000002861023,0.14419999718666077,1.0,0.0,0.0,1.1646998681128031,,2024,pit,RP
sa3011525,Dan Hammer,P,1.0,0.0,1.0,0.0,0.0,2.350013434886933,,2024,pit,RP
sa873302,Gilberto Chu,P,1.0,0.0,1.0,0.0,0.0,1.9497467823326593,,2024,pit,RP
sa3016583,Yojeiry Osoria,P,0.22660000622272491,0.16459999978542328,1.0,0.0,0.0,0.6748530521988871,,2024,pit,SP
sa3014969,James Acuna,P,0.770799994468689,0.04879999905824661,1.0,0.0,0.0,1.6610533811151984,,2024,pit,RP
sa919033,Carlos Alejo,P,1.0,0.0,1.0,0.0,0.0,1.6854666709899906,LAD,2024,pit,RP
sa3014800,Ty Madrigal,P,1.0,0.0,1.0,0.0,0.0,1.8510065704584124,,2024,pit,RP
sa3018819,Andinson Ferrer,P,0.4747999906539917,0.11180000007152557,1.0,0.0,0.0,1.372493424266577,,2024,pit,RP
29628,Alek Jacob,P,38.0,0.0,38.0,0.0,0.603600025177002,141.2284475803375,SDP,2024,pit,RP
sa3011775,Elkyn Chirinos,P,0.1754000037908554,0.1754000037908554,1.0,0.0,0.0,0.4158199250698087,,2024,pit,SP
sa3017498,Michael Hobbs,P,1.0,0.0,1.0,0.0,0.0,1.7810932785272597,SEA,2024,pit,RP
sa3006831,Tyler Suellentrop,P,1.0,0.0,1.0,0.0,0.0,1.9489134192466735,,2024,pit,RP
sa3015929,José  Ramírez,P,0.1754000037908554,0.1754000037908554,1.0,0.0,0.0,0.529246605932713,,2024,pit,SP
sa3016022,Luigi Hernandez,P,0.597599983215332,0.08560000360012054,1.0,0.0,0.0,1.3895066276192671,,2024,pit,RP
sa3003113,Jose Moreno,P,0.5662999749183655,0.09229999780654907,1.0,0.0,0.0,1.3915335059165952,,2024,pit,RP
sa3022113,Jervis Alfaro,P,0.1754000037908554,0.1754000037908554,1.0,0.0,0.0,0.36522669941186914,CLE,2024,pit,SP
sa3018108,Carlos Lomeli,P,0.8622999787330627,0.02930000051856041,1.0,0.0,0.0,1.6593000300228598,,2024,pit,RP
sa3021467,Cole Stupp,P,0.2150000035762787,0.16699999570846558,1.0,0.0,0.0,0.6002599336206913,,2024,pit,SP
sa3020998,Wilkin Paredes,P,0.2134000062942505,0.16740000247955322,1.0,0.0,0.0,0.5733269520103934,ARI,2024,pit,SP
sa3022135,Javier González,P,0.1754000037908554,0.1754000037908554,1.0,0.0,0.0,0.39832667261362076,BAL,2024,pit,SP
sa3009527,Miguel Gomez,P,1.0,0.0,1.0,0.0,0.0,1.6452467225491998,,2024,pit,RP
sa3018892,Wander Ventura,P,0.1754000037908554,0.1754000037908554,1.0,0.0,0.0,0.3619732461869716,,2024,pit,SP
sa3009623,Sergio Umana,P,1.0,0.0,1.0,0.0,0.0,1.7332532390952107,,2024,pit,RP
sa3017747,Tyler Ahearn,P,1.0,0.0,1.0,0.0,0.0,1.1555266864597802,,2024,pit,RP
sa3018839,Pitterson Rosa,P,0.19030000269412994,0.17229999601840973,1.0,0.0,0.0,0.5193931080400942,PIT,2024,pit,SP
sa3008702,Rafael Garcia,P,0.1754000037908554,0.1754000037908554,1.0,0.0,0.0,0.3822999224066739,,2024,pit,SP
sa3019833,Dale Stanavich,P,1.0,0.0,1.0,0.0,0.0,1.896006847172976,MIA,2024,pit,RP
sa3007480,Tanner Driskill,P,1.0,0.0,1.0,0.0,0.0,1.827933436632156,,2024,pit,RP
sa3009238,Brailin Rodriguez,P,0.46239998936653137,0.1143999993801117,1.0,0.0,0.0,1.1528869390487677,,2024,pit,RP
17489,Spenser Watkins,P,6.0,0.0,6.0,0.0,0.5993000268936157,20.602480158209808,,2024,pit,RP
sa3018855,Jorger Petri,P,0.1754000037908554,0.1754000037908554,1.0,0.0,0.0,0.38593332618474996,DET,2024,pit,SP
sa3015504,Yaqui Rivera,P,0.8112000226974487,0.04019999876618385,1.0,0.0,0.0,1.9582132525742053,BAL,2024,pit,RP
sa3021768,Miguel Cruz,P,0.1754000037908554,0.1754000037908554,1.0,0.0,0.0,0.42228665575385094,,2024,pit,SP
sa3008645,Tyler Gillies,P,1.0,0.0,1.0,0.0,0.0,1.9132599085569377,,2024,pit,RP
sa3011859,Ezequiel Ventura,P,0.4821999967098236,0.11020000278949738,1.0,0.0,0.0,1.2404000408947469,,2024,pit,RP
sa3008373,Jose Santamaria,P,1.0,0.0,1.0,0.0,0.0,1.8926331833004957,,2024,pit,RP
sa915599,Conner O'Neil,P,1.0,0.0,1.0,0.0,0.0,1.8884399414062503,,2024,pit,RP
sa3020478,Marcus Olivarez,P,1.0,0.0,1.0,0.0,0.0,1.938473454117775,,2024,pit,RP
sa3020236,Matt Hickey,P,1.0,0.0,1.0,0.0,0.0,1.8446068868041037,,2024,pit,RP
sa3019054,Noelin Cuevas,P,0.28839999437332153,0.15139999985694885,1.0,0.0,0.0,0.7532865680754188,,2024,pit,SP
sa3020607,Kristófer Bow,P,0.4277999997138977,0.121799997985363,1.0,0.0,0.0,1.1434665679931642,,2024,pit,RP
sa3009230,Adriel Gonzalez,P,0.2727000117301941,0.15469999611377716,1.0,0.0,0.0,0.6550266146659856,,2024,pit,SP
23293,Codi Heuer,P,30.0,0.0,30.0,0.0,0.0,105.69259979724883,CLE,2024,pit,RP
sa3008258,Ryan Williamson,P,1.0,0.0,1.0,0.0,0.0,1.9737999200820924,,2024,pit,RP
sa3017819,Hayes Heinecke,P,0.852400004863739,0.03139999881386757,1.0,0.0,0.0,1.758039831370115,,2024,pit,RP
sa3017147,Adam Smith,P,1.0,0.0,1.0,0.0,0.0,1.860646615177393,,2024,pit,RP
sa3007926,Tim Cate,P,13.0,0.0,13.0,0.0,0.5993000268936157,43.71295938491821,,2024,pit,RP
sa3016486,Isaias Uribe,P,0.2784999907016754,0.1535000056028366,1.0,0.0,0.0,0.6881333030760288,PIT,2024,pit,SP
sa3018324,Jeffrey German,P,0.19519999623298645,0.1712000072002411,1.0,0.0,0.0,0.42575338631868354,,2024,pit,SP
sa3019487,Evelio Hernandez,P,0.24140000343322754,0.16140000522136688,1.0,0.0,0.0,0.6538797199726107,CLE,2024,pit,SP
sa3002986,Ricardo Silva,P,0.2644999921321869,0.15649999678134918,1.0,0.0,0.0,0.6274065688252453,,2024,pit,SP
sa3009234,Roger Rodriguez,P,0.2784999907016754,0.1535000056028366,1.0,0.0,0.0,0.6619934402406216,,2024,pit,SP
sa3022860,Joan Gonzalez,P,1.0,0.0,1.0,0.0,0.0,1.9601534441113477,SDP,2024,pit,RP
sa3019739,Enrique Coronel,P,0.25049999356269836,0.15950000286102295,1.0,0.0,0.0,0.6362798996269703,,2024,pit,SP
24710,Luis Curvelo,P,1.0,0.0,1.0,0.0,0.0,2.442746703326702,TEX,2024,pit,RP
sa3019672,Wuilliams Rodriguez,P,0.23319999873638153,0.1632000058889389,1.0,0.0,0.0,0.5559398666024209,SEA,2024,pit,SP
sa3016234,Junior Cerda,P,0.6636000275611877,0.07159999758005142,1.0,0.0,0.0,1.5662466481328012,,2024,pit,RP
sa3008619,Joe Record,P,6.0,0.0,6.0,0.0,0.6200000047683716,23.69149942994118,,2024,pit,RP
sa1170345,Shea Barry,P,0.3659000098705292,0.13490000367164612,1.0,0.0,0.0,0.8728332594037056,,2024,pit,RP
sa3020323,Bryce Hubbart,P,0.34450000524520874,0.13950000703334808,1.0,0.0,0.0,0.42788633182644853,CIN,2024,pit,RP
sa917835,Eris Filpo,P,1.0,0.0,1.0,0.0,0.0,1.845219999551773,,2024,pit,RP
sa3016944,Javier Tovar,P,0.1754000037908554,0.1754000037908554,1.0,0.0,0.0,0.3423201598227026,,2024,pit,SP
sa918871,Brady Schanuel,P,0.5795000195503235,0.08950000256299973,1.0,0.0,0.0,1.398793480545283,,2024,pit,RP
sa3017308,Alaska Abney,P,1.0,0.0,1.0,0.0,0.0,2.201066625863314,CLE,2024,pit,RP
sa3019394,Donal Montas,P,0.1754000037908554,0.1754000037908554,1.0,0.0,0.0,0.3169931173324585,DET,2024,pit,SP
sa3002996,Delvin Capellan,P,1.0,0.0,1.0,0.0,0.0,1.870220062881708,,2024,pit,RP
sa3003013,Joan Valdez,P,0.8968999981880188,0.021900000050663948,1.0,0.0,0.0,1.8484465956687925,,2024,pit,RP
sa3019265,Wellington Aracena,P,0.19189999997615814,0.17190000414848328,1.0,0.0,0.0,0.45097333788871774,ARI,2024,pit,SP
sa3018317,Luis Bermudez,P,0.2825999855995178,0.1526000052690506,1.0,0.0,0.0,0.9711065702140336,,2024,pit,SP
sa3009477,Wilker Reyes,P,0.6908000111579895,0.0658000037074089,1.0,0.0,0.0,1.5522932693362237,,2024,pit,RP
sa3019387,Enger Sanchez,P,0.21089999377727509,0.1678999960422516,1.0,0.0,0.0,0.48116653412580535,,2024,pit,SP
sa3009740,Miguel Padilla,P,0.5069000124931335,0.10490000247955322,1.0,0.0,0.0,1.1833866775035853,,2024,pit,RP
sa3005881,Freddery Paulino,P,0.25049999356269836,0.15950000286102295,1.0,0.0,0.0,0.5199333354830746,,2024,pit,SP
sa3005222,Alexander Montero,P,1.0,0.0,1.0,0.0,0.0,1.893340113759041,,2024,pit,RP
sa3015284,Alex Martinez,P,1.0,0.0,1.0,0.0,0.0,1.8220732755959035,LAA,2024,pit,RP
sa917821,Luis Ramirez,P,1.0,0.0,1.0,0.0,0.0,1.8644264072179793,,2024,pit,RP
sa3015009,Jacinto Arredondo,P,1.0,0.0,1.0,0.0,0.0,1.721086733788252,,2024,pit,RP
sa3019184,Wilmer Blanco,P,0.19189999997615814,0.17190000414848328,1.0,0.0,0.0,0.4268532924354078,PHI,2024,pit,SP
sa3021525,Enniel Cortez,P,0.23319999873638153,0.1632000058889389,1.0,0.0,0.0,0.5527802437543872,MIL,2024,pit,SP
sa3018820,Bryan Bautista,P,0.1754000037908554,0.1754000037908554,1.0,0.0,0.0,0.5056800946593287,,2024,pit,SP
sa3021815,Wilmis Paulino,P,0.1754000037908554,0.1754000037908554,1.0,0.0,0.0,0.2873198039829732,COL,2024,pit,SP
sa3019435,Pierce Banks,P,1.0,0.0,1.0,0.0,0.0,1.871919820457697,,2024,pit,RP
sa3005877,Dionys Rodriguez,P,0.3874000012874603,0.13040000200271606,1.0,0.0,0.0,1.0990533597767347,,2024,pit,RP
sa3020600,Zach Jacobs,P,0.698199987411499,0.06419999897480011,1.0,0.0,0.0,1.6798067353665824,CLE,2024,pit,RP
sa3018352,Frankeli Arias,P,0.2223999947309494,0.16539999842643738,1.0,0.0,0.0,0.5524534463882445,CHW,2024,pit,SP
sa3021562,Ubert Mejias,P,0.218299999833107,0.1662999987602234,1.0,0.0,0.0,0.7629798151552678,SFG,2024,pit,SP
sa3019135,David Lorduy,P,0.2669999897480011,0.15600000321865082,1.0,0.0,0.0,0.655160203576088,CIN,2024,pit,SP
sa3020610,Brandon Johnson,P,1.0,0.0,1.0,0.0,0.0,1.8679266095161444,KCR,2024,pit,RP
sa3022018,Jesus Garcia,P,0.19189999997615814,0.17190000414848328,1.0,0.0,0.0,0.36602652221918097,,2024,pit,SP
sa3020799,Chase Costello,P,1.0,0.0,1.0,0.0,0.0,1.7582998797297478,MIL,2024,pit,RP
sa3022146,Ezequiel Jimenez,P,0.1754000037908554,0.1754000037908554,1.0,0.0,0.0,0.35256665199995085,,2024,pit,SP
sa3019284,Eric Dominguez,P,0.22660000622272491,0.16459999978542328,1.0,0.0,0.0,0.5592334695160392,,2024,pit,SP
sa3011140,Jonathan Pendergast,P,1.0,0.0,1.0,0.0,0.0,1.855973128974438,,2024,pit,RP
sa3017790,Juan Reynoso,P,0.45739999413490295,0.11540000140666962,1.0,0.0,0.0,1.0502064608037478,MIA,2024,pit,RP
sa3019457,Cooper Benson,P,1.0,0.0,1.0,0.0,0.0,2.0769332446157933,,2024,pit,RP
sa3019612,Liomar Martinez,P,0.2199999988079071,0.16599999368190765,1.0,0.0,0.0,0.3056333728134635,MIA,2024,pit,SP
sa3016063,Deyer Zapata,P,0.20679999887943268,0.1687999963760376,1.0,0.0,0.0,0.5007735520601271,ARI,2024,pit,SP
sa3021543,Juan Archbold,P,0.1754000037908554,0.1754000037908554,1.0,0.0,0.0,0.3003331951797006,,2024,pit,SP
sa3020406,Tyler Vogel,P,1.0,0.0,1.0,0.0,0.0,2.185193310678006,SFG,2024,pit,RP
sa3015001,Isaiah Carranza,P,1.0,0.0,1.0,0.0,0.0,1.7051466032862668,CHW,2024,pit,RP
sa3019432,Leam Mendez,P,1.0,0.0,1.0,0.0,0.0,1.9582331724464894,,2024,pit,RP
sa3019395,Daniel Corniel,P,0.23319999873638153,0.1632000058889389,1.0,0.0,0.0,0.5783265292644502,MIL,2024,pit,SP
sa1054455,Greg Veliz,P,1.0,0.0,1.0,0.0,0.0,1.8673801824450496,,2024,pit,RP
sa3007265,Cody Tyler,P,1.0,0.0,1.0,0.0,0.0,1.8180667661130427,,2024,pit,RP
sa3004732,Evy Ruibal,P,1.0,0.0,1.0,0.0,0.0,1.871566484123469,,2024,pit,RP
sa3020485,Nathan Landry,P,1.0,0.0,1.0,0.0,0.0,1.8454533562064177,,2024,pit,RP
sa3020486,Blaze Pontes,P,0.9043999910354614,0.020400000736117363,1.0,0.0,0.0,1.961286567151547,OAK,2024,pit,RP
sa3011232,Keegan James,P,1.0,0.0,1.0,0.0,0.0,1.769600064307451,,2024,pit,RP
sa3022002,Anderson Beltre,P,0.20679999887943268,0.1687999963760376,1.0,0.0,0.0,0.3956866867840292,,2024,pit,SP
sa3014977,Chris Mauloni,P,1.0,0.0,1.0,0.0,0.0,1.9789534538984301,,2024,pit,RP
sa3021551,Tzu-Chen Sha,P,0.5530999898910522,0.09510000050067902,1.0,0.0,0.0,1.4760601431131364,OAK,2024,pit,RP
sa3015437,José Rodríguez,P,1.0,0.0,1.0,0.0,0.0,1.5602132439613343,LAD,2024,pit,RP
sa3014920,Sam Thoresen,P,1.0,0.0,1.0,0.0,0.0,1.9841666191816332,CHC,2024,pit,RP
sa3006828,Tyler Smith,P,1.0,0.0,1.0,0.0,0.0,1.8533933222293855,,2024,pit,RP
sa3019159,Elías Moscoso,P,0.19189999997615814,0.17190000414848328,1.0,0.0,0.0,0.3837132968008521,BAL,2024,pit,SP
sa3007712,Colin Schmid,P,1.0,0.0,1.0,0.0,0.0,1.8404067248106006,,2024,pit,RP
sa3015469,Milleran Cedano,P,0.1754000037908554,0.1754000037908554,1.0,0.0,0.0,0.1651733115315439,LAA,2024,pit,SP
sa3015988,Luis Osorio,P,0.2223999947309494,0.16539999842643738,1.0,0.0,0.0,0.4484600067138671,,2024,pit,SP
sa3020083,Michael Sansone,P,1.0,0.0,1.0,0.0,0.0,1.8880865976214412,BOS,2024,pit,RP
sa3005688,Alan Mundo,P,1.0,0.0,1.0,0.0,0.0,1.9157001040875916,,2024,pit,RP
sa3016611,Rony Cruz,P,0.1754000037908554,0.1754000037908554,1.0,0.0,0.0,0.28018679022788984,,2024,pit,SP
sa3021762,Samuel Colmenares,P,0.1754000037908554,0.1754000037908554,1.0,0.0,0.0,0.29146658554673177,TOR,2024,pit,SP
sa3022009,Junior Sanchez,P,0.21089999377727509,0.1678999960422516,1.0,0.0,0.0,0.41599983870983115,ARI,2024,pit,SP
sa3015116,John Wilson,P,1.0,0.0,1.0,0.0,0.0,1.713320002704859,,2024,pit,RP
sa917807,Edison Suriel,P,1.0,0.0,1.0,0.0,0.0,1.7339265085756783,,2024,pit,RP
sa3006485,Jenrry Gonzalez,P,1.0,0.0,1.0,0.0,0.0,1.8105200693011283,,2024,pit,RP
sa3014806,Troy Stainbrook,P,1.0,0.0,1.0,0.0,0.0,1.9014198414981367,,2024,pit,RP
sa3017389,Moises Rodriguez,P,0.19030000269412994,0.17229999601840973,1.0,0.0,0.0,0.3125401146709921,DET,2024,pit,SP
sa3011638,Josh Wolf,P,0.9588000178337097,0.008799999952316284,1.0,0.0,0.0,2.0290998972952368,,2024,pit,RP
sa3019122,Khristian Guevara,P,0.24310000240802765,0.16110000014305115,1.0,0.0,0.0,0.5350268237292766,CIN,2024,pit,SP
sa3007608,Denny Roman,P,1.0,0.0,1.0,0.0,0.0,1.7930933125317101,,2024,pit,RP
sa3018350,Josue Arias,P,0.1754000037908554,0.1754000037908554,1.0,0.0,0.0,0.3620464526116849,MIA,2024,pit,SP
sa3018109,Zach Pettway,P,1.0,0.0,1.0,0.0,0.0,1.8351734012365344,,2024,pit,RP
sa3006123,Bryan Lucas,P,1.0,0.0,1.0,0.0,0.0,1.7988799452781672,,2024,pit,RP
sa3002985,Cleiverth Perez,P,0.9018999934196472,0.020899999886751175,1.0,0.0,0.0,1.697300132364035,,2024,pit,RP
sa3014862,Braidyn Fink,P,1.0,0.0,1.0,0.0,0.0,1.5775532975792879,LAD,2024,pit,RP
sa3019129,Eligio Paredes,P,0.8490999937057495,0.032099999487400055,1.0,0.0,0.0,1.6960801847279066,,2024,pit,RP
sa3019249,Smil Guzman,P,0.1754000037908554,0.1754000037908554,1.0,0.0,0.0,0.2667932055890563,BOS,2024,pit,SP
sa3007998,Leudeny Pineda,P,0.8622999787330627,0.02930000051856041,1.0,0.0,0.0,1.636466915905475,,2024,pit,RP
sa3006101,Daniel Cruz,P,1.0,0.0,1.0,0.0,0.0,1.8591000430285933,,2024,pit,RP
sa3022136,Juan Henriquez,P,0.1754000037908554,0.1754000037908554,1.0,0.0,0.0,0.28716677352786046,,2024,pit,SP
sa3005697,Luis Barroso,P,0.8499000072479248,0.03189999982714653,1.0,0.0,0.0,1.4838468790054322,,2024,pit,RP
sa3011334,Todd Peterson,P,1.0,0.0,1.0,0.0,0.0,1.5321200869977472,,2024,pit,RP
sa3007601,Ricardo Leon,P,0.24310000240802765,0.16110000014305115,1.0,0.0,0.0,0.5602401427924635,,2024,pit,SP
sa3019276,Rodolfo Toledano,P,0.1754000037908554,0.1754000037908554,1.0,0.0,0.0,0.17520007118582726,,2024,pit,SP
12997,Colten Brewer,P,12.0,0.0,12.0,0.0,0.6262999773025513,44.38634012937546,,2024,pit,RP
sa3015487,Rayner Castillo,P,0.31310001015663147,0.1460999995470047,1.0,0.0,0.0,0.6984201043844225,DET,2024,pit,RP
sa3016064,Luis A. Rodriguez,P,1.0,0.0,1.0,0.0,0.0,1.831306667625904,,2024,pit,RP
sa3007774,Zach Daniels,P,1.0,0.0,1.0,0.0,0.0,1.8828600227832797,,2024,pit,RP
sa3004993,Mark Simon,P,1.0,0.0,1.0,0.0,0.0,1.7564734220504765,,2024,pit,RP
sa3006354,Hugo Beltran,P,1.0,0.0,1.0,0.0,0.0,1.89553996399045,,2024,pit,RP
sa3008387,Damon Casetta-Stubbs,P,1.0,0.0,1.0,0.0,0.0,1.8045866623520852,,2024,pit,RP
sa3009622,Railin Perez,P,1.0,0.0,1.0,0.0,0.0,1.9122064694762235,HOU,2024,pit,RP
sa3020320,Jaren Zinn,P,1.0,0.0,1.0,0.0,0.0,1.7825066916644574,,2024,pit,RP
25215,Yaramil Hiraldo,P,1.0,0.0,1.0,0.0,0.0,1.9188998870551588,BAL,2024,pit,RP
sa3015011,Thomas Girard,P,1.0,0.0,1.0,0.0,0.0,1.7923799298703669,,2024,pit,RP
sa3017259,Andrew Peters,P,1.0,0.0,1.0,0.0,0.0,1.8964932523667812,,2024,pit,RP
sa3017317,Kevin Briceno,P,0.23890000581741333,0.16189999878406525,1.0,0.0,0.0,0.46932675316929817,,2024,pit,SP
sa3019912,Jason Franks,P,1.0,0.0,1.0,0.0,0.0,1.9201530687510973,,2024,pit,RP
sa3019147,Enrique Segura,P,0.19189999997615814,0.17190000414848328,1.0,0.0,0.0,0.04313329011201894,TEX,2024,pit,SP
sa3015157,Franklin Sanchez,P,1.0,0.0,1.0,0.0,0.0,1.7896535098552708,MIA,2024,pit,RP
sa3016487,Wilkerman Munoz,P,0.2290000021457672,0.164000004529953,1.0,0.0,0.0,0.4115468829870226,,2024,pit,SP
sa3009524,Jorge Ramos,P,1.0,0.0,1.0,0.0,0.0,1.7718535557389266,,2024,pit,RP
sa3011801,Brad Deppermann,P,1.0,0.0,1.0,0.0,0.0,1.8156067162752154,SFG,2024,pit,RP
sa3018904,Wanmer Ramirez,P,0.1754000037908554,0.1754000037908554,1.0,0.0,0.0,0.1993932932615281,DET,2024,pit,SP
sa3017279,Matthew McMillan,P,1.0,0.0,1.0,0.0,0.0,1.7868601270020008,,2024,pit,RP
sa3017466,Carson Carter,P,1.0,0.0,1.0,0.0,0.0,1.9650665149092674,,2024,pit,RP
sa3010245,Rolando Sirit,P,0.2150000035762787,0.16699999570846558,1.0,0.0,0.0,0.373433493077755,,2024,pit,SP
sa3015217,Yunior Thibo,P,1.0,0.0,1.0,0.0,0.0,1.664619880914688,,2024,pit,RP
sa3019080,David Bracho,P,0.1754000037908554,0.1754000037908554,1.0,0.0,0.0,0.18703983873128927,CHC,2024,pit,SP
sa3019297,Wilson Lopez,P,0.6603000164031982,0.0723000019788742,1.0,0.0,0.0,1.5193598270416264,NYM,2024,pit,RP
sa919907,Jose Albertos,P,1.0,0.0,1.0,0.0,0.0,1.7736667424440387,,2024,pit,RP
sa3004641,Moises Ceja,P,1.0,0.0,1.0,0.0,0.0,0.9596535004675393,,2024,pit,RP
sa917912,Abel Adames,P,0.8912000060081482,0.02319999970495701,1.0,0.0,0.0,1.6440333411097532,,2024,pit,RP
sa3009636,Victor Lopez,P,1.0,0.0,1.0,0.0,0.0,1.5184799872338766,,2024,pit,RP
sa3017258,Jake Smith,P,1.0,0.0,1.0,0.0,0.0,1.707793404906989,MIA,2024,pit,RP
sa3016797,Maceo Campbell,P,1.0,0.0,1.0,0.0,0.0,1.8695667028427123,,2024,pit,RP
sa3020747,Danny Wilkinson,P,1.0,0.0,1.0,0.0,0.0,1.8028665289282801,,2024,pit,RP
sa3017789,Daniel Guerrero,P,0.2669999897480011,0.15600000321865082,1.0,0.0,0.0,0.5140198782086371,,2024,pit,SP
sa3015502,Danyony Pulido,P,0.19189999997615814,0.17190000414848328,1.0,0.0,0.0,0.3375666931271555,PHI,2024,pit,SP
sa3018345,Alfredo Romero,P,0.19110000133514404,0.1720999926328659,1.0,0.0,0.0,0.31494651585817346,CHC,2024,pit,SP
sa3011591,Marrick Crouse,P,1.0,0.0,1.0,0.0,0.0,1.7427934832870964,,2024,pit,RP
sa3019141,Sandy Mejia,P,0.612500011920929,0.08250000327825546,1.0,0.0,0.0,1.403433273732663,HOU,2024,pit,RP
sa3015387,Kyle Gruller,P,1.0,0.0,1.0,0.0,0.0,1.908746732026339,,2024,pit,RP
sa3017364,Bryant Salgado,P,1.0,0.0,1.0,0.0,0.0,1.7795864112675197,,2024,pit,RP
sa3019848,Ben Beutel,P,1.0,0.0,1.0,0.0,0.0,1.6015334025025365,,2024,pit,RP
sa1171936,Pedro Santos,P,1.0,0.0,1.0,0.0,0.0,2.225866410881281,,2024,pit,RP
sa3017273,Johnny Ray,P,1.0,0.0,1.0,0.0,0.0,1.75439333319664,,2024,pit,RP
sa3008477,Jean Correa,P,1.0,0.0,1.0,0.0,0.0,1.7240267604589468,,2024,pit,RP
sa3015510,Carlos Garcia,P,0.31310001015663147,0.1460999995470047,1.0,0.0,0.0,0.7013933569192887,,2024,pit,RP
sa917804,Yeremin Lara,P,1.0,0.0,1.0,0.0,0.0,1.758380173891783,,2024,pit,RP
30226,Spencer Bivens,P,8.0,0.0,8.0,0.0,0.6168000102043152,30.411694878339773,SFG,2024,pit,RP
sa3019461,Nicolas Cruz,P,0.29339998960494995,0.15039999783039093,1.0,0.0,0.0,0.5128266878426078,LAD,2024,pit,SP
sa3005075,Yasel Santana,P,1.0,0.0,1.0,0.0,0.0,1.721486431360245,,2024,pit,RP
sa3019652,Francisco Mercado,P,0.1754000037908554,0.1754000037908554,1.0,0.0,0.0,0.18210689425468418,,2024,pit,SP
sa3020109,Quinton Martinez,P,1.0,0.0,1.0,0.0,0.0,1.6473067298531534,,2024,pit,RP
sa3020387,Carlos Torres,P,1.0,0.0,1.0,0.0,0.0,0.9013734333217145,COL,2024,pit,RP
sa3020184,Nicholas Regalado,P,1.0,0.0,1.0,0.0,0.0,1.7429266706109048,,2024,pit,RP
sa3018301,Eybersson Polanco,P,0.19850000739097595,0.1704999953508377,1.0,0.0,0.0,0.1892867423593998,LAA,2024,pit,SP
sa3017937,Aaron Holiday,P,1.0,0.0,1.0,0.0,0.0,1.9468131899833678,STL,2024,pit,RP
sa3003096,Rafael Monsion,P,0.7576000094413757,0.051600001752376556,1.0,0.0,0.0,1.4528334386646748,,2024,pit,RP
sa3019642,Drew Irvine,P,1.0,0.0,1.0,0.0,0.0,1.7728331513702873,,2024,pit,RP
sa3018366,Yenrri Rojas,P,0.2150000035762787,0.16699999570846558,1.0,0.0,0.0,0.273693420737982,CHC,2024,pit,SP
sa3015994,Pedro Reyes,P,0.22660000622272491,0.16459999978542328,1.0,0.0,0.0,0.3475934796035287,,2024,pit,SP
sa3015492,Kelvin Ramirez,P,1.0,0.0,1.0,0.0,0.0,1.4850865423679354,LAD,2024,pit,RP
sa3022126,Keiverson Ramirez,P,0.23319999873638153,0.1632000058889389,1.0,0.0,0.0,0.3628267407417298,STL,2024,pit,SP
sa3010267,Alex Nolan,P,1.0,0.0,1.0,0.0,0.0,1.6553668200969693,,2024,pit,RP
sa3010651,Davis Schwab,P,1.0,0.0,1.0,0.0,0.0,1.8072000801563268,,2024,pit,RP
sa3020397,Seth Keller,P,0.34450000524520874,0.13950000703334808,1.0,0.0,0.0,0.8097732856869699,,2024,pit,RP
sa3011862,Michael Valera,P,1.0,0.0,1.0,0.0,0.0,1.7522667743265634,,2024,pit,RP
sa3009521,Reibyn Corona,P,0.19189999997615814,0.17190000414848328,1.0,0.0,0.0,0.3289866775274275,,2024,pit,SP
sa1119388,Bryce Tucker,P,0.835099995136261,0.035100001841783524,1.0,0.0,0.0,1.5895331665873527,,2024,pit,RP
sa3016263,Jared Albir,P,0.2199999988079071,0.16599999368190765,1.0,0.0,0.0,0.3214131295681004,,2024,pit,SP
sa3019192,Cesar Espinal,P,0.19519999623298645,0.1712000072002411,1.0,0.0,0.0,0.27740678340196645,MIL,2024,pit,SP
sa3017845,Adam Scoggins,P,1.0,0.0,1.0,0.0,0.0,1.8209801018238072,,2024,pit,RP
sa3002939,Raymells Rosa,P,1.0,0.0,1.0,0.0,0.0,1.019540126621723,,2024,pit,RP
sa3021739,Joel Heredia,P,0.19189999997615814,0.17190000414848328,1.0,0.0,0.0,0.2287466891109946,,2024,pit,SP
sa3006638,Igor Januario,P,1.0,0.0,1.0,0.0,0.0,1.702686724066735,,2024,pit,RP
sa3020880,Ryan Langford,P,0.7121999859809875,0.06120000034570694,1.0,0.0,0.0,1.191966600716114,,2024,pit,RP
sa3018898,Richard Fernandez,P,0.3353999853134155,0.14139999449253082,1.0,0.0,0.0,0.650426568090916,OAK,2024,pit,RP
sa3018825,Wandy Abreu,P,0.2199999988079071,0.16599999368190765,1.0,0.0,0.0,0.3319600351154808,,2024,pit,SP
sa3019148,Melkis Hernandez,P,0.1754000037908554,0.1754000037908554,1.0,0.0,0.0,0.25008005201816585,CLE,2024,pit,SP
sa3019161,Edgar Leon,P,0.20509999990463257,0.16910000145435333,1.0,0.0,0.0,0.3019534215331081,LAD,2024,pit,SP
sa3002680,Jonas De La Cruz,P,0.8672000169754028,0.028200000524520874,1.0,0.0,0.0,1.5882801525294785,,2024,pit,RP
sa3016712,Alberto Mota,P,1.0,0.0,1.0,0.0,0.0,1.8831667006015782,TEX,2024,pit,RP
sa3019754,Marcelo Valladares,P,0.20430000126361847,0.16930000483989716,1.0,0.0,0.0,0.28900678604841223,CHW,2024,pit,SP
sa3016784,Gabriel Rodriguez,P,0.2578999996185303,0.15790000557899475,1.0,0.0,0.0,0.5231934830546381,CHW,2024,pit,SP
sa3019165,Wande Torres,P,0.1754000037908554,0.1754000037908554,1.0,0.0,0.0,0.23342011719942102,MIL,2024,pit,SP
sa3015056,Mason Feole,P,1.0,0.0,1.0,0.0,0.0,1.8450999625027182,,2024,pit,RP
sa3019626,Franklin Gil,P,0.35600000619888306,0.13699999451637268,1.0,0.0,0.0,0.7192468360066417,HOU,2024,pit,RP
sa3016904,Luke Boyd,P,1.0,0.0,1.0,0.0,0.0,1.672866669297218,,2024,pit,RP
sa3005437,Jhosmer Alvarez,P,0.6743000149726868,0.06930000334978104,1.0,0.0,0.0,1.3781066529452808,,2024,pit,RP
sa3009812,Bernardo Hiraldo,P,0.31310001015663147,0.1460999995470047,1.0,0.0,0.0,0.5482200734317306,,2024,pit,RP
sa3002809,Nelfri Contreras,P,1.0,0.0,1.0,0.0,0.0,1.6892866931855681,,2024,pit,RP
sa3020999,Johan Moreno,P,0.29660001397132874,0.14959999918937683,1.0,0.0,0.0,0.6391664274036883,SDP,2024,pit,SP
sa3018150,Jacob Coats,P,1.0,0.0,1.0,0.0,0.0,1.7954332694411277,,2024,pit,RP
sa3008559,Gabriel Jaramillo,P,1.0,0.0,1.0,0.0,0.0,1.771526774764061,,2024,pit,RP
sa3020465,Austin Becker,P,1.0,0.0,1.0,0.0,0.0,0.9740134634077551,,2024,pit,RP
sa3011364,Jose Aquino,P,1.0,0.0,1.0,0.0,0.0,1.8159534044563777,,2024,pit,RP
sa3021998,Josue Juarez,P,0.20679999887943268,0.1687999963760376,1.0,0.0,0.0,0.2518333248794078,,2024,pit,SP
sa3014867,Bailey Reid,P,1.0,0.0,1.0,0.0,0.0,1.9832133442163475,,2024,pit,RP
sa3004769,Yoilan Quinonez,P,1.0,0.0,1.0,0.0,0.0,1.7003065951168543,,2024,pit,RP
sa3019272,Jholbran Herder,P,0.22660000622272491,0.16459999978542328,1.0,0.0,0.0,0.31831995099782917,LAD,2024,pit,SP
sa3015497,Lisandro Almonte,P,0.31310001015663147,0.1460999995470047,1.0,0.0,0.0,0.6442935124039653,CHC,2024,pit,RP
sa873186,Oscar Tovar,P,1.0,0.0,1.0,0.0,0.0,1.6369135402143002,,2024,pit,RP
sa1172730,Neraldo Catalina,P,1.0,0.0,1.0,0.0,0.0,1.8057797551155095,,2024,pit,RP
sa3019293,Diego Dugarte,P,0.19030000269412994,0.17229999601840973,1.0,0.0,0.0,0.1675933256745341,,2024,pit,SP
sa3020838,Jimmy Loper,P,1.0,0.0,1.0,0.0,0.0,1.892393503338099,,2024,pit,RP
sa3021978,Brandon Neeck,P,1.0,0.0,1.0,0.0,0.0,1.5043133325874805,PIT,2024,pit,RP
sa3002617,Pedro González,P,1.0,0.0,1.0,0.0,0.0,1.4960465095937252,,2024,pit,RP
sa3016612,Redinson Gomez,P,0.41130000352859497,0.12530000507831573,1.0,0.0,0.0,0.7826868548989299,COL,2024,pit,RP
sa3020960,C.J. Widger,P,1.0,0.0,1.0,0.0,0.0,1.714539789408446,SDP,2024,pit,RP
sa3020480,Davison Palermo,P,1.0,0.0,1.0,0.0,0.0,0.949053306132555,COL,2024,pit,RP
sa3011432,Tyler Dyson,P,1.0,0.0,1.0,0.0,0.0,1.7843265354633329,,2024,pit,RP
sa3016227,Ismael Luciano,P,0.263700008392334,0.156700000166893,1.0,0.0,0.0,0.43562662005424535,COL,2024,pit,SP
sa3003139,Jose Miguel Gonzalez,P,0.7253999710083008,0.058400001376867294,1.0,0.0,0.0,1.3313733093440532,,2024,pit,RP
sa3019270,Sean Paul Liñan,P,0.31310001015663147,0.1460999995470047,1.0,0.0,0.0,0.5812333613634109,WSN,2024,pit,RP
sa3015483,Jose Romero,P,1.0,0.0,1.0,0.0,0.0,1.811393439024687,CHC,2024,pit,RP
sa3020250,Easton Sikorski,P,1.0,0.0,1.0,0.0,0.0,1.190786796808243,CIN,2024,pit,RP
sa3018375,Riskiel Tineo,P,1.0,0.0,1.0,0.0,0.0,1.5015398912131785,MIA,2024,pit,RP
sa3019819,Jonh Henriquez,P,1.0,0.0,1.0,0.0,0.0,1.4451868288218974,,2024,pit,RP
sa3019951,Jared Southard,P,1.0,0.0,1.0,0.0,0.0,1.5990800209343434,LAA,2024,pit,RP
sa3011795,Benjamin Dum,P,1.0,0.0,1.0,0.0,0.0,1.6879401713609696,,2024,pit,RP
sa3010320,Brock Begue,P,0.5414999723434448,0.09749999642372131,1.0,0.0,0.0,1.079826540499925,,2024,pit,RP
sa3015420,Kenny Pinto,P,0.1754000037908554,0.1754000037908554,1.0,0.0,0.0,0.09944674596190461,,2024,pit,SP
sa3009229,Jorge Garcia,P,0.8705000281333923,0.027499999850988388,1.0,0.0,0.0,1.7741933897137643,,2024,pit,RP
sa3021797,Jorge Luna,P,0.1754000037908554,0.1754000037908554,1.0,0.0,0.0,0.11319982185959798,NYY,2024,pit,SP
sa3016284,Andres Silvera,P,0.3659000098705292,0.13490000367164612,1.0,0.0,0.0,0.6520600929856304,PIT,2024,pit,RP
sa3019820,Braulio Salas,P,0.19519999623298645,0.1712000072002411,1.0,0.0,0.0,0.17885316610336321,MIA,2024,pit,SP
sa3007992,Julio Rodriguez,P,1.0,0.0,1.0,0.0,0.0,1.9961799845099448,HOU,2024,pit,RP
sa3008430,Andrew Shaps,P/OF,1.0,0.0,1.0,0.0,0.0,1.7524201184511186,,2024,pit,RP
sa3020861,Thomas Balboni Jr.,P,0.7336999773979187,0.056699998676776886,1.0,0.0,0.0,1.4086666814982896,NYY,2024,pit,RP
sa3017843,Sean Mullen,P,0.8787999749183655,0.025800000876188278,1.0,0.0,0.0,1.8400201663374895,TBR,2024,pit,RP
sa3011236,Brendan Bell,P,0.8185999989509583,0.038600001484155655,1.0,0.0,0.0,1.1835267186164864,PHI,2024,pit,RP
sa3005196,Sergio Morillo,P,1.0,0.0,1.0,0.0,0.0,1.8160665377974516,,2024,pit,RP
sa3009220,Samuel Valerio,P,0.6825000047683716,0.06750000268220901,1.0,0.0,0.0,1.4111400067806241,,2024,pit,RP
sa3015989,Euri Montero,P,1.0,0.0,1.0,0.0,0.0,1.453606760501862,WSN,2024,pit,RP
sa3015439,Joiner Vicent,P,0.2825999855995178,0.1526000052690506,1.0,0.0,0.0,0.4888265818357467,,2024,pit,SP
sa3020443,Joseph Menefee,P,1.0,0.0,1.0,0.0,0.0,1.2606065198779106,CIN,2024,pit,RP
sa3011242,Brayden Theriot,P,1.0,0.0,1.0,0.0,0.0,2.0405265413224702,,2024,pit,RP
sa873207,Freicer Perez,P,0.7939000129699707,0.04390000179409981,1.0,0.0,0.0,1.444746775925159,,2024,pit,RP
sa3008487,Wilkelma Castillo,P,0.8565000295639038,0.030500000342726707,1.0,0.0,0.0,1.819420182704926,,2024,pit,RP
sa3009640,Yovanny Cabrera,P,1.0,0.0,1.0,0.0,0.0,1.7344265818595894,,2024,pit,RP
sa3014705,Brayan Medina,P,0.19519999623298645,0.1712000072002411,1.0,0.0,0.0,0.30027317777276075,,2024,pit,SP
sa3015277,Brandan Bidois,P,1.0,0.0,1.0,0.0,0.0,1.7661601833999154,PIT,2024,pit,RP
sa3021486,Dawel Serda,P,0.23399999737739563,0.16300000250339508,1.0,0.0,0.0,0.352360185980797,,2024,pit,SP
sa3016619,Luis Arejula,P,1.0,0.0,1.0,0.0,0.0,1.7591402001678937,,2024,pit,RP
20277,Cory Abbott,P,1.6200000047683716,1.6200000047683716,9.005000114440918,0.0,0.0,25.79520917534828,,2024,pit,SP
sa3009753,Miguel Alfonseca,P,1.0,0.0,1.0,0.0,0.0,1.7656468510627747,,2024,pit,RP
sa3019383,Gabriel Torres,P,0.21089999377727509,0.1678999960422516,1.0,0.0,0.0,0.23596019148826608,,2024,pit,SP
sa3018367,Yunior Marte,P,0.31310001015663147,0.1460999995470047,1.0,0.0,0.0,0.45835990011692074,SFG,2024,pit,RP
sa3015452,Dualvert Gutierrez,P,0.35600000619888306,0.13699999451637268,1.0,0.0,0.0,0.08438659533858317,,2024,pit,RP
sa3020961,Mason McGwire,P,0.19189999997615814,0.17190000414848328,1.0,0.0,0.0,0.17679993212223044,CHC,2024,pit,SP
sa3019188,Junior Sanchez,P,0.1754000037908554,0.1754000037908554,1.0,0.0,0.0,0.04722678437829009,,2024,pit,SP
sa3015288,Nate Tellier,P,1.0,0.0,1.0,0.0,0.0,1.8114333376288414,,2024,pit,RP
sa3005432,Alex Valdez,P,1.0,0.0,1.0,0.0,0.0,1.6432400837540633,,2024,pit,RP
sa3015975,Yoldin De La Paz,P,1.0,0.0,1.0,0.0,0.0,1.6640999540686607,,2024,pit,RP
sa3019701,Eudry Alcantara,P,0.1754000037908554,0.1754000037908554,1.0,0.0,0.0,0.06167997494339961,CLE,2024,pit,SP
sa3019949,Roman Phansalkar,P,1.0,0.0,1.0,0.0,0.0,1.5652465313673027,LAA,2024,pit,RP
sa3020525,Max Alba,P,1.0,0.0,1.0,0.0,0.0,1.746340018510819,DET,2024,pit,RP
sa3004091,Sal Biasi,P,1.0,0.0,1.0,0.0,0.0,1.6895665101706983,,2024,pit,RP
sa3004465,Gio Arriera,P,1.0,0.0,1.0,0.0,0.0,1.6920798756182194,,2024,pit,RP
sa3019625,Erian Rodriguez,P,0.6743000149726868,0.06930000334978104,1.0,0.0,0.0,1.2713065139949324,CHC,2024,pit,RP
sa3015979,Walki Lezan,P,1.0,0.0,1.0,0.0,0.0,1.7068001791834826,,2024,pit,RP
sa3020398,T.J. Czyz,P,0.8194000124931335,0.03840000182390213,1.0,0.0,0.0,1.7763334251940255,,2024,pit,RP
sa1170357,Matthew Swain,P,1.0,0.0,1.0,0.0,0.0,1.698053263872862,,2024,pit,RP
sa3018331,Maikel Hernandez,P,0.21089999377727509,0.1678999960422516,1.0,0.0,0.0,0.572919946908951,,2024,pit,SP
sa3017197,Everhett Hazelwood,P,1.0,0.0,1.0,0.0,0.0,1.5383731946349148,CHW,2024,pit,RP
sa3017618,Alejandro Gomez,P,0.31310001015663147,0.1460999995470047,1.0,0.0,0.0,0.5441466093063356,,2024,pit,RP
sa3010266,Andricson Salvador,P,1.0,0.0,1.0,0.0,0.0,1.7114266388118273,,2024,pit,RP
sa3017198,Parker Harm,P,1.0,0.0,1.0,0.0,0.0,1.7049932479858403,,2024,pit,RP
sa3009484,Yaifer Perdomo,P,1.0,0.0,1.0,0.0,0.0,1.81982686817646,,2024,pit,RP
sa3006542,Yoelvis Reyes,P,0.7896999716758728,0.04470000043511391,1.0,0.0,0.0,1.414346594363451,,2024,pit,RP
sa3018334,Ezequiel Bonilla,P,0.1754000037908554,0.1754000037908554,1.0,0.0,0.0,0.10227339491248122,,2024,pit,SP
sa3020741,Marques Johnson,P,1.0,0.0,1.0,0.0,0.0,1.9885067872703077,SFG,2024,pit,RP
sa3018095,Palmer Wenzel,P,1.0,0.0,1.0,0.0,0.0,1.6149064861238003,,2024,pit,RP
sa3020625,Matt Keating,P,1.0,0.0,1.0,0.0,0.0,1.8245600633323198,NYY,2024,pit,RP
sa3022031,Miguel Toscano,P,0.20679999887943268,0.1687999963760376,1.0,0.0,0.0,0.1607334308326247,TBR,2024,pit,SP
sa3011136,Sandy Gaston,P,0.5630000233650208,0.09300000220537186,1.0,0.0,0.0,1.6067801177501684,WSN,2024,pit,RP
sa3019248,Cesar Perdomo,P,0.41130000352859497,0.12530000507831573,1.0,0.0,0.0,1.006953501701355,SFG,2024,pit,RP
sa3005451,Oliver Mateo,P,1.0,0.0,1.0,0.0,0.0,1.8934466972947122,,2024,pit,RP
sa3019269,Luis Cohen,P,0.24060000479221344,0.1615999937057495,1.0,0.0,0.0,0.25006676837801933,BOS,2024,pit,SP
sa3019373,Manuel Perez,P,0.2727000117301941,0.15469999611377716,1.0,0.0,0.0,0.41163321360945737,OAK,2024,pit,SP
3237,T.J. McFarland,P,52.0,0.0,52.0,0.0,5.985199928283691,213.41803727149963,,2024,pit,RP
sa3018304,Brayan Cabello,P,0.29580000042915344,0.14980000257492065,1.0,0.0,0.0,0.4543598897755148,SFG,2024,pit,SP
sa3008274,Joey Matulovich,P,1.0,0.0,1.0,0.0,0.0,1.7032999604940415,,2024,pit,RP
sa3020992,Donny Troconis,P,0.25049999356269836,0.15950000286102295,1.0,0.0,0.0,0.3547732502222063,OAK,2024,pit,SP
sa3004871,Estarlin Rodriguez,P,1.0,0.0,1.0,0.0,0.0,1.591686487197876,,2024,pit,RP
sa3019150,Osbriel Mogollon,P,0.3353999853134155,0.14139999449253082,1.0,0.0,0.0,0.6501863941550257,,2024,pit,RP
sa3009735,Sergio Sanchez,P,0.899399995803833,0.021400000900030136,1.0,0.0,0.0,0.8080932378768919,,2024,pit,RP
sa3018834,Camilo Sanchez,P,0.2199999988079071,0.16599999368190765,1.0,0.0,0.0,-0.057573314756155014,WSN,2024,pit,SP
sa3017613,Genderson Zapata,P,0.24060000479221344,0.1615999937057495,1.0,0.0,0.0,-0.014580143988132566,,2024,pit,SP
sa3019538,Engel Daniel Peralta,P,0.3889999985694885,0.12999999523162842,1.0,0.0,0.0,0.7333400405943395,HOU,2024,pit,RP
sa904550,Duilio Ochoa,P,1.0,0.0,1.0,0.0,0.0,1.7149335294961934,,2024,pit,RP
sa3007458,Liam Jenkins,P,1.0,0.0,1.0,0.0,0.0,1.7254198409616954,,2024,pit,RP
sa3005448,Carlos De Los Santos,P,1.0,0.0,1.0,0.0,0.0,1.7068401448428632,,2024,pit,RP
sa3006369,Karlo Seijas,P,0.7146999835968018,0.06069999933242798,1.0,0.0,0.0,1.1370665855705737,,2024,pit,RP
sa3017067,Harry Rutkowski,P,1.0,0.0,1.0,0.0,0.0,1.7353468410670763,,2024,pit,RP
sa3015074,Parker Brahms,P,0.6248000264167786,0.07980000227689743,1.0,0.0,0.0,1.1313067018985743,,2024,pit,RP
sa3020596,Josh Bortka,P,1.0,0.0,1.0,0.0,0.0,1.4876934647560116,,2024,pit,RP
sa3019181,Eliazar Dishmey,P,0.34940001368522644,0.13840000331401825,1.0,0.0,0.0,0.5231665588915351,MIA,2024,pit,RP
sa3011872,Ben Thompson,P,1.0,0.0,1.0,0.0,0.0,1.5870732225477697,,2024,pit,RP
sa1171993,Anthony Zimmerman,P,1.0,0.0,1.0,0.0,0.0,1.6625200450420388,,2024,pit,RP
sa3021763,Keywill Cedeno,P,0.22660000622272491,0.16459999978542328,1.0,0.0,0.0,0.22159999012947074,,2024,pit,SP
sa1169857,Jake Stevenson,P,0.84170001745224,0.03370000049471855,1.0,0.0,0.0,1.500153556466103,,2024,pit,RP
sa3018267,Logan Lyle,P,0.8762999773025513,0.02630000002682209,1.0,0.0,0.0,1.4492130488157278,,2024,pit,RP
sa3020612,Braxton Hyde,P,1.0,0.0,1.0,0.0,0.0,0.7556132517755039,COL,2024,pit,RP
sa3020454,Tanner Jacobson,P,1.0,0.0,1.0,0.0,0.0,1.7250066652894023,,2024,pit,RP
sa3017999,Dominic Hambley,P,0.6388000249862671,0.07680000364780426,1.0,0.0,0.0,1.164300185441971,CHC,2024,pit,RP
sa3008710,Audry Lugo,P,1.0,0.0,1.0,0.0,0.0,1.5917264886200426,,2024,pit,RP
sa3015426,Miguel Segura,P,0.3353999853134155,0.14139999449253082,1.0,0.0,0.0,0.6374466843903068,,2024,pit,RP
sa3015438,Samuel Rodriguez,P,0.3815999925136566,0.1316000074148178,1.0,0.0,0.0,0.6220665402710441,CHC,2024,pit,RP
sa3010577,Jason Reynolds,P,1.0,0.0,1.0,0.0,0.0,1.6879866190254682,,2024,pit,RP
sa3005433,Eric Mendez,P,1.0,0.0,1.0,0.0,0.0,1.6440866462886339,,2024,pit,RP
sa3002961,Jose Rodulfo,P,1.0,0.0,1.0,0.0,0.0,1.61659331843257,,2024,pit,RP
sa3004579,Wellington Diaz,P,1.0,0.0,1.0,0.0,0.0,1.6608067587018018,,2024,pit,RP
sa1170086,Tyler Garbee,P,1.0,0.0,1.0,0.0,0.0,1.6476932242512703,,2024,pit,RP
sa3004644,Rickey Ramirez,P,1.0,0.0,1.0,0.0,0.0,1.7246869064867494,,2024,pit,RP
sa3007496,Enrique Santana,P,1.0,0.0,1.0,0.0,0.0,1.7204133160412316,,2024,pit,RP
sa3007468,Yeury Gervacio,P,1.0,0.0,1.0,0.0,0.0,1.9551998257637027,,2024,pit,RP
sa3015418,César Álvarez,P,1.0,0.0,1.0,0.0,0.0,1.6271133996546276,,2024,pit,RP
sa3011812,Luis Vizcaino,P,0.3353999853134155,0.14139999449253082,1.0,0.0,0.0,0.43160641193389937,,2024,pit,RP
sa3006066,Miguel Suero,P,1.0,0.0,1.0,0.0,0.0,1.4806401632726196,,2024,pit,RP
sa3019755,Jonaiker Castellar,P,0.2784999907016754,0.1535000056028366,1.0,0.0,0.0,0.40860661566257495,,2024,pit,SP
sa3008723,Frander Veras,P,1.0,0.0,1.0,0.0,0.0,1.4422200120985509,,2024,pit,RP
sa3019280,Walin Castillo,P,0.41130000352859497,0.12530000507831573,1.0,0.0,0.0,0.5491266287863255,MIA,2024,pit,RP
sa3016027,Dailoui Abad,P,1.0,0.0,1.0,0.0,0.0,1.2802335835993293,LAD,2024,pit,RP
sa917883,Yeremi Ceballos,P,1.0,0.0,1.0,0.0,0.0,1.7269133538007742,,2024,pit,RP
sa3007812,Christian Vann,P,1.0,0.0,1.0,0.0,0.0,1.68300656452775,,2024,pit,RP
sa3018296,Saul Teran,P,1.0,0.0,1.0,0.0,0.0,1.335193371027708,PHI,2024,pit,RP
sa3019961,Tyler Wehrle,P,0.871399998664856,0.027400000020861626,1.0,0.0,0.0,1.3998534880578517,,2024,pit,RP
sa3017692,Jorge Geraldo,P,0.29339998960494995,0.15039999783039093,1.0,0.0,0.0,0.46193976849317586,HOU,2024,pit,SP
sa916705,Angello Infante,P,1.0,0.0,1.0,0.0,0.0,1.4953402161598213,,2024,pit,RP
sa3020568,Ian Koenig,P,1.0,0.0,1.0,0.0,0.0,1.6972932144999504,SDP,2024,pit,RP
sa3007610,Christian Tripp,P,1.0,0.0,1.0,0.0,0.0,1.6240534298121934,,2024,pit,RP
sa3010666,Kumar Nambiar,P,0.9018999934196472,0.020899999886751175,1.0,0.0,0.0,1.7917132459580896,,2024,pit,RP
sa3009475,Nyan Hernandez,P,0.2660999894142151,0.15610000491142273,1.0,0.0,0.0,0.3326133385300638,,2024,pit,SP
sa3019254,Eliecer Bata,P,0.2892000079154968,0.15119999647140503,1.0,0.0,0.0,0.3683931834995744,,2024,pit,SP
sa3016242,Marlon Franco,P,0.2825999855995178,0.1526000052690506,1.0,0.0,0.0,0.33216026723384884,SFG,2024,pit,SP
25481,Joe La Sorsa,P,36.0,0.0,36.0,0.0,0.5993000268936157,115.237628030777,PIT,2024,pit,RP
sa3008597,Joe DeMers,P,1.0,0.0,1.0,0.0,0.0,1.4528600744903089,,2024,pit,RP
24978,Erik Sabrowski,P,10.0,0.0,10.0,0.0,0.6657000184059143,40.05988225340843,CLE,2024,pit,RP
sa3019954,Max Gieg,P,1.0,0.0,1.0,0.0,0.0,1.495453176647425,LAA,2024,pit,RP
sa3021476,Nolan Perry,P,0.34040001034736633,0.1404000073671341,1.0,0.0,0.0,0.6132867120206358,TOR,2024,pit,RP
sa3016518,Jonathan Salazar,P,0.22660000622272491,0.16459999978542328,1.0,0.0,0.0,0.22197990864515305,,2024,pit,SP
sa3019166,Edwin Moreno,P,0.25049999356269836,0.15950000286102295,1.0,0.0,0.0,0.2858065716922287,,2024,pit,SP
sa3010574,Spencer Mraz,P,1.0,0.0,1.0,0.0,0.0,1.6496198818087584,,2024,pit,RP
sa3007963,Erick Pinales,P,1.0,0.0,1.0,0.0,0.0,1.7541199795901776,,2024,pit,RP
sa3021987,Jose Varela,P,0.375,0.13300000131130219,1.0,0.0,0.0,0.6809266388416289,HOU,2024,pit,RP
sa3017278,Eduardo Soriano,P,0.3122999966144562,0.14630000293254852,1.0,0.0,0.0,0.534566677361727,,2024,pit,RP
sa3018349,Luifer Romero,P,0.3666999936103821,0.1347000002861023,1.0,0.0,0.0,0.589219892770052,,2024,pit,RP
sa3005442,Brailin Gonzalez,P,1.0,0.0,1.0,0.0,0.0,1.6461666040122513,,2024,pit,RP
sa3018887,Xiomer Guacache,P,0.25049999356269836,0.15950000286102295,1.0,0.0,0.0,0.2724866695702075,DET,2024,pit,SP
sa3019633,Jogly Garcia,P,0.21089999377727509,0.1678999960422516,1.0,0.0,0.0,0.1554465390741826,CLE,2024,pit,SP
sa3019259,Derek Corro,P,0.2603999972343445,0.1573999971151352,1.0,0.0,0.0,0.3318200282752515,,2024,pit,SP
sa3016265,Taylor Bloye,P,0.751800000667572,0.052799999713897705,1.0,0.0,0.0,1.1990202523767945,,2024,pit,RP
sa3019261,Marcos Herrera,P,0.2825999855995178,0.1526000052690506,1.0,0.0,0.0,0.3455933757126335,COL,2024,pit,SP
22175,Max Kranick,P,17.0,0.0,17.0,0.0,0.6256999969482422,63.77408232688905,,2024,pit,RP
sa3021791,Jose Romero,P,0.41130000352859497,0.12530000507831573,1.0,0.0,0.0,0.6953066579997542,SEA,2024,pit,RP
sa3018303,Reynaldo Yean,P,1.0,0.0,1.0,0.0,0.0,1.4480067119002338,LAD,2024,pit,RP
sa3009986,Nathanael Heredia,P,1.0,0.0,1.0,0.0,0.0,1.6813333660364154,,2024,pit,RP
sa3020955,Caswell Smith,P,1.0,0.0,1.0,0.0,0.0,1.7220398537814616,,2024,pit,RP
sa3011535,Bobby Ay,P,1.0,0.0,1.0,0.0,0.0,1.7336798846721653,ARI,2024,pit,RP
sa3011130,Chris Lincoln,P,1.0,0.0,1.0,0.0,0.0,1.5821868270635604,,2024,pit,RP
sa3021731,Gage Stanifer,P,0.2603999972343445,0.1573999971151352,1.0,0.0,0.0,0.3841000840067865,TOR,2024,pit,SP
sa3020331,Livan Reinoso,P,1.0,0.0,1.0,0.0,0.0,1.3248001918196683,MIA,2024,pit,RP
sa3018858,Yuliangel De La Cruz,P,0.20430000126361847,0.16930000483989716,1.0,0.0,0.0,0.07253992483019855,LAD,2024,pit,SP
sa3010576,Evan Brabrand,P,1.0,0.0,1.0,0.0,0.0,1.4992931693792344,,2024,pit,RP
sa3014872,Miguel Guerrero,P,1.0,0.0,1.0,0.0,0.0,1.6037868082523343,,2024,pit,RP
sa3019637,Davis Polo,P,0.24310000240802765,0.16110000014305115,1.0,0.0,0.0,0.3074198327958584,ATL,2024,pit,SP
sa3019175,Henson Leal,P,0.321399986743927,0.1444000005722046,1.0,0.0,0.0,0.42107335701584825,KCR,2024,pit,RP
sa3015401,Reinier Parra,P,1.0,0.0,1.0,0.0,0.0,1.592633444815874,,2024,pit,RP
sa3020801,Elliot Johnstone,P,1.0,0.0,1.0,0.0,0.0,1.5450334541499617,,2024,pit,RP
sa3016811,Jeferson Figueroa,P,0.8672000169754028,0.028200000524520874,1.0,0.0,0.0,1.491180013865233,,2024,pit,RP
sa3018309,Dioni Baez,P,0.29499998688697815,0.15000000596046448,1.0,0.0,0.0,0.3860998429358009,,2024,pit,SP
sa3002702,Eduardo Herrera,P,1.0,0.0,1.0,0.0,0.0,1.6002465382218363,,2024,pit,RP
sa3015456,Franyelson Rodriguez,P,1.0,0.0,1.0,0.0,0.0,1.7421198740601547,,2024,pit,RP
sa3020557,Graham Firoved,P,1.0,0.0,1.0,0.0,0.0,1.778339883685112,,2024,pit,RP
sa3008264,Oriel Castro,P,0.7764999866485596,0.04749999940395355,1.0,0.0,0.0,1.328673263639212,,2024,pit,RP
sa3020967,Wilmer Ramirez,P,0.24310000240802765,0.16110000014305115,1.0,0.0,0.0,0.28588011562824267,,2024,pit,SP
sa3009246,Winder Garcia,P,0.8432999849319458,0.0333000011742115,1.0,0.0,0.0,1.3288734100759032,,2024,pit,RP
sa3005017,Nate Peden,P,1.0,0.0,1.0,0.0,0.0,1.4992933817207814,,2024,pit,RP
sa3009525,Luis Almonte,P,1.0,0.0,1.0,0.0,0.0,1.6221866816282273,,2024,pit,RP
sa3009253,Alejandro Lugo,P,1.0,0.0,1.0,0.0,0.0,1.6799401260912412,,2024,pit,RP
sa3009755,Yordy Richard,P,1.0,0.0,1.0,0.0,0.0,1.5178000964224343,,2024,pit,RP
sa3010650,Sam Kessler,P,1.0,0.0,1.0,0.0,0.0,1.6332266680896281,,2024,pit,RP
sa3008549,Yamil Castillo,P,1.0,0.0,1.0,0.0,0.0,1.2841867215931417,,2024,pit,RP
sa3011636,Yosber Sanchez,P,1.0,0.0,1.0,0.0,0.0,1.6800533652305605,DET,2024,pit,RP
sa3016070,Leoni De La Cruz,P,1.0,0.0,1.0,0.0,0.0,1.5694065667688846,,2024,pit,RP
sa3007935,Leury Tejada,P,0.777400016784668,0.04740000143647194,1.0,0.0,0.0,1.2025534510612488,,2024,pit,RP
sa918090,Cole Duensing,P,1.0,0.0,1.0,0.0,0.0,1.455840055644512,,2024,pit,RP
sa3017897,Trevor Tietz,P,1.0,0.0,1.0,0.0,0.0,1.5806267492473132,,2024,pit,RP
sa3011528,Nick Snyder,P,1.0,0.0,1.0,0.0,0.0,1.656773301959038,,2024,pit,RP
sa3018250,Jack Hartman,P,1.0,0.0,1.0,0.0,0.0,1.8773330852389334,TBR,2024,pit,RP
sa3019258,Lisnerkin Lantigua,P,0.2784999907016754,0.1535000056028366,1.0,0.0,0.0,0.29556002765893963,CIN,2024,pit,SP
sa738270,Daniel Procopio,P,1.0,0.0,1.0,0.0,0.0,1.5930334672331812,,2024,pit,RP
sa3015335,Nicolo Pinazzi,P,0.7797999978065491,0.046799998730421066,1.0,0.0,0.0,1.426586435735226,LAA,2024,pit,RP
sa3016249,Jose G. Gonzalez,P,0.31310001015663147,0.1460999995470047,1.0,0.0,0.0,0.3951731689274314,SFG,2024,pit,RP
sa3020947,Liam Doolan,P,1.0,0.0,1.0,0.0,0.0,1.2547067567706107,,2024,pit,RP
sa3015155,Erick Rodriguez,P,1.0,0.0,1.0,0.0,0.0,1.5477998092770577,,2024,pit,RP
sa3011134,Jake Sweeney,P,0.8210999965667725,0.038100000470876694,1.0,0.0,0.0,1.3962265469133857,,2024,pit,RP
sa3020567,Jonathan Brand,P,1.0,0.0,1.0,0.0,0.0,1.5437999479472642,TEX,2024,pit,RP
sa3018882,Adolfo Oviedo,P,0.2199999988079071,0.16599999368190765,1.0,0.0,0.0,0.145653309673071,PIT,2024,pit,SP
sa3008329,Lenny Torres Jr.,P,1.0,0.0,1.0,0.0,0.0,1.9111864477396012,PHI,2024,pit,RP
sa3006521,Wuardo Fernandez,P,1.0,0.0,1.0,0.0,0.0,0.7634198367595677,,2024,pit,RP
sa3009605,Soenni Martinez,P,1.0,0.0,1.0,0.0,0.0,1.6244401440024374,,2024,pit,RP
sa3018111,Riggs Threadgill,P,1.0,0.0,1.0,0.0,0.0,1.5099266424775126,,2024,pit,RP
sa3014933,John LaRossa,P,1.0,0.0,1.0,0.0,0.0,1.5546466551721099,,2024,pit,RP
sa3017144,Daniel Mejia,P,0.2199999988079071,0.16599999368190765,1.0,0.0,0.0,0.09929352775216138,,2024,pit,SP
sa921578,Enmanuel Solano,P,1.0,0.0,1.0,0.0,0.0,1.424079950153828,,2024,pit,RP
sa3008580,Royman Blanco,P,1.0,0.0,1.0,0.0,0.0,1.3116866059601313,,2024,pit,RP
sa3009488,Johan Montero,P,1.0,0.0,1.0,0.0,0.0,1.4656733021140096,,2024,pit,RP
sa3018829,Manuel Cazorla,P,0.2892000079154968,0.15119999647140503,1.0,0.0,0.0,0.19011336266994494,,2024,pit,SP
sa3019290,Ricardo Brizuela,P,0.3939000070095062,0.12890000641345978,1.0,0.0,0.0,0.582606536895037,CHW,2024,pit,RP
sa3016221,Barbaro Pinero,P,1.0,0.0,1.0,0.0,0.0,1.5481599330902105,,2024,pit,RP
sa3011422,Wandi Montout,P,1.0,0.0,1.0,0.0,0.0,1.547313424944878,,2024,pit,RP
sa3010662,Danny Cody,P,1.0,0.0,1.0,0.0,0.0,1.5596064627170558,,2024,pit,RP
sa3021045,Yunior Tur,P,0.8945000171661377,0.02250000089406967,1.0,0.0,0.0,1.7788331963121888,OAK,2024,pit,RP
sa3017984,Luke Anderson,P,1.0,0.0,1.0,0.0,0.0,1.8690335102379327,,2024,pit,RP
sa3017753,Josh Swales,P,1.0,0.0,1.0,0.0,0.0,1.5434400618076327,,2024,pit,RP
sa873724,Hector Figueroa,P,1.0,0.0,1.0,0.0,0.0,1.4998468592762952,,2024,pit,RP
sa3015987,Carlos Lopez,P,0.25130000710487366,0.15929999947547913,1.0,0.0,0.0,0.29628009945154243,,2024,pit,SP
sa3006406,Augusto Calderon,P,1.0,0.0,1.0,0.0,0.0,1.546020138263703,,2024,pit,RP
sa3021813,Raudy Rivera,P,0.19189999997615814,0.17190000414848328,1.0,0.0,0.0,0.07143330425024041,CLE,2024,pit,SP
sa3009217,Francis Rivera,P,1.0,0.0,1.0,0.0,0.0,0.6950266793370248,COL,2024,pit,RP
sa3019534,Anthony Cruz,P,0.34940001368522644,0.13840000331401825,1.0,0.0,0.0,0.4940200075507164,HOU,2024,pit,RP
sa3005445,Felix Cepeda,P,1.0,0.0,1.0,0.0,0.0,1.5559065952897075,,2024,pit,RP
sa3009596,Pablo Mujica,P,0.8862000107765198,0.02419999986886978,1.0,0.0,0.0,1.3643997281789786,,2024,pit,RP
sa3011716,Darvin Garcia,P,1.0,0.0,1.0,0.0,0.0,1.425493223965168,,2024,pit,RP
sa3015363,Angel Hernandez,P,1.0,0.0,1.0,0.0,0.0,1.7078600928187373,,2024,pit,RP
sa3020995,Rafael Gonzalez,P,0.3312999904155731,0.14229999482631683,1.0,0.0,0.0,0.4617734037339689,HOU,2024,pit,RP
sa3019251,Gerlin Rosario,P,1.0,0.0,1.0,0.0,0.0,1.8259267009794709,TBR,2024,pit,RP
sa3011751,Montana Semmel,P,1.0,0.0,1.0,0.0,0.0,1.5986000023782254,,2024,pit,RP
sa3019393,Aneuris Rodriguez,P,0.3889999985694885,0.12999999523162842,1.0,0.0,0.0,0.5461534179747107,,2024,pit,RP
sa3016287,Yendy Gomez,P,0.25049999356269836,0.15950000286102295,1.0,0.0,0.0,-0.03934678286313975,DET,2024,pit,SP
sa3016621,Gerson Calzadilla,P,1.0,0.0,1.0,0.0,0.0,1.4141867026686668,,2024,pit,RP
sa3019659,Alfonso Perez,P,0.19189999997615814,0.17190000414848328,1.0,0.0,0.0,-0.1004267066717146,SFG,2024,pit,SP
sa3018237,Bowen Plagge,P,1.0,0.0,1.0,0.0,0.0,1.4719464033842091,,2024,pit,RP
sa3016471,Rolfi Jimenez,P,0.34940001368522644,0.13840000331401825,1.0,0.0,0.0,0.39271993935108185,,2024,pit,RP
sa3018852,Willian Colmenares,P,0.22660000622272491,0.16459999978542328,1.0,0.0,0.0,0.018226617574692128,,2024,pit,SP
sa3014861,Levi Prater,P,1.0,0.0,1.0,0.0,0.0,1.66976010799408,,2024,pit,RP
sa3014509,Koen Moreno,P,0.505299985408783,0.10530000180006027,1.0,0.0,0.0,0.964306602627039,CHC,2024,pit,RP
sa3002914,Gabriel Noguera,P,1.0,0.0,1.0,0.0,0.0,1.6286532975733286,,2024,pit,RP
sa3016484,Olmandi Diaz,P,0.34940001368522644,0.13840000331401825,1.0,0.0,0.0,0.3323731601238249,,2024,pit,RP
sa3016010,David Tiburcio,P,0.882099986076355,0.025100000202655792,1.0,0.0,0.0,1.00182673111558,,2024,pit,RP
sa3008571,Fernando Olguin,P,1.0,0.0,1.0,0.0,0.0,1.5038866423070436,,2024,pit,RP
sa3008334,Alexuan Vega,P,1.0,0.0,1.0,0.0,0.0,1.4215800374746324,,2024,pit,RP
sa3018797,Giomar Diaz,P,1.0,0.0,1.0,0.0,0.0,1.5874931074678904,,2024,pit,RP
sa3004869,Ernesto Jaquez,P,1.0,0.0,1.0,0.0,0.0,1.4035533428192135,,2024,pit,RP
sa3016594,Jean Munoz,P,0.31310001015663147,0.1460999995470047,1.0,0.0,0.0,0.938833452016115,SEA,2024,pit,RP
sa3006816,Adrian Del Moral,P,1.0,0.0,1.0,0.0,0.0,1.5469534166157253,,2024,pit,RP
sa3015349,Cesar Ayala,P,0.19189999997615814,0.17190000414848328,1.0,0.0,0.0,-0.059380201250314624,,2024,pit,SP
sa3019053,Yafrerlyn Vasquez,P,0.25049999356269836,0.15950000286102295,1.0,0.0,0.0,0.16439337506890306,,2024,pit,SP
sa3020832,Matt Wyatt,P,1.0,0.0,1.0,0.0,0.0,1.8438933454453945,,2024,pit,RP
sa3020492,Abraham Gaitan,P,0.2669999897480011,0.15600000321865082,1.0,0.0,0.0,0.17200006023049363,CIN,2024,pit,SP
sa3009788,Wilmer Ortega,P,0.8234999775886536,0.03750000149011612,1.0,0.0,0.0,1.2889000691473482,,2024,pit,RP
sa3010131,Mario Perez,P,0.29339998960494995,0.15039999783039093,1.0,0.0,0.0,0.2588467888534072,,2024,pit,SP
sa3015161,Edward Urena,P,1.0,0.0,1.0,0.0,0.0,1.47413329705596,,2024,pit,RP
sa3005073,Sadrac Franco,P,1.0,0.0,1.0,0.0,0.0,1.3275599777698517,SDP,2024,pit,RP
sa3016211,Darlin Pinales,P,0.7476999759674072,0.053700000047683716,1.0,0.0,0.0,1.296839895099402,OAK,2024,pit,RP
sa3018355,Rodolfo Garrido,P,0.25049999356269836,0.15950000286102295,1.0,0.0,0.0,0.31968659460544613,,2024,pit,SP
sa3005863,Luis Tena,P,1.0,0.0,1.0,0.0,0.0,1.4755934908986093,,2024,pit,RP
sa3021034,Alexander Agramonte,P,0.29750001430511475,0.14949999749660492,1.0,0.0,0.0,0.23049334213137618,,2024,pit,SP
sa3019298,Vince Sanchez,P,0.28349998593330383,0.1525000035762787,1.0,0.0,0.0,0.28008651062846157,,2024,pit,SP
sa3006132,Luis Cepeda,P,0.4846000075340271,0.1096000000834465,1.0,0.0,0.0,0.7027731917798521,,2024,pit,RP
sa3011366,Brayner Sánchez,P,1.0,0.0,1.0,0.0,0.0,1.6356400318443778,,2024,pit,RP
sa3011683,Jose Catano,P,0.4846000075340271,0.1096000000834465,1.0,0.0,0.0,0.7402466066181663,,2024,pit,RP
sa3007586,Hazahel Quijada,P,1.0,0.0,1.0,0.0,0.0,1.5765200190246107,,2024,pit,RP
sa918752,Malcolm Van Buren,P,1.0,0.0,1.0,0.0,0.0,1.8021067768335346,,2024,pit,RP
sa3020620,Mack Anglin,P,0.935699999332428,0.013700000010430813,1.0,0.0,0.0,1.3738265097141267,KCR,2024,pit,RP
sa3009226,Carlos Gutierrez,P,0.46239998936653137,0.1143999993801117,1.0,0.0,0.0,0.75802641287446,,2024,pit,RP
sa3010634,Nick Yoder,P,1.0,0.0,1.0,0.0,0.0,1.5064333207905292,,2024,pit,RP
sa3008708,Wilgenis Alvarado,P,1.0,0.0,1.0,0.0,0.0,1.4634532116353518,,2024,pit,RP
sa3006415,Michael Martinez,P,1.0,0.0,1.0,0.0,0.0,1.2064533226192,,2024,pit,RP
sa3011220,Alex Roth,P,0.8037999868392944,0.04179999977350235,1.0,0.0,0.0,1.2333868958055976,,2024,pit,RP
sa3019169,Yimi Presinal,P,0.41130000352859497,0.12530000507831573,1.0,0.0,0.0,0.466100046038628,KCR,2024,pit,RP
sa3022023,Carlos Molina,P,0.40139999985694885,0.1273999959230423,1.0,0.0,0.0,0.5458931736648083,,2024,pit,RP
sa3019849,Ethan Hammerberg,P,1.0,0.0,1.0,0.0,0.0,1.4510999664664275,CHW,2024,pit,RP
sa3009830,Luis Vega,P,0.7576000094413757,0.051600001752376556,1.0,0.0,0.0,1.2670001998543734,,2024,pit,RP
sa3009782,Johan Otanez,P,0.734499990940094,0.05649999901652336,1.0,0.0,0.0,0.9119265660643578,WSN,2024,pit,RP
sa3008445,Tomas Reyes,P,1.0,0.0,1.0,0.0,0.0,1.4385202124714858,,2024,pit,RP
sa3015313,Cole Bellair,P,1.0,0.0,1.0,0.0,0.0,1.4395799778401845,,2024,pit,RP
sa3019062,Josmar Acevedo,P,0.25540000200271606,0.15839999914169312,1.0,0.0,0.0,0.15167994648218164,,2024,pit,SP
sa3014852,Logan Hofmann,P,1.0,0.0,1.0,0.0,0.0,1.459773367643356,,2024,pit,RP
sa3008303,Octavio Becerra,P,1.0,0.0,1.0,0.0,0.0,1.3063734307885175,,2024,pit,RP
sa3009503,Diorys Guerrero,P,1.0,0.0,1.0,0.0,0.0,1.5380733020603663,,2024,pit,RP
sa3016071,Allen Facundo,P,0.5662999749183655,0.09229999780654907,1.0,0.0,0.0,1.017113174498081,NYY,2024,pit,RP
sa3010648,Mason Denaburg,P,0.6248000264167786,0.07980000227689743,1.0,0.0,0.0,0.7103801637887956,,2024,pit,RP
sa3020983,Luis Reyes,P,0.28679999709129333,0.1518000066280365,1.0,0.0,0.0,0.282313196361065,CHW,2024,pit,SP
sa3019050,Alain Pena,P,0.29339998960494995,0.15039999783039093,1.0,0.0,0.0,0.34830651059746787,HOU,2024,pit,SP
sa3022015,Ubaldo Soto,P,0.29339998960494995,0.15039999783039093,1.0,0.0,0.0,0.2650001488626006,LAA,2024,pit,SP
sa3020631,Alex Bustamante,P,1.0,0.0,1.0,0.0,0.0,1.5590534672141074,,2024,pit,RP
sa3017722,Marc Davis,P,1.0,0.0,1.0,0.0,0.0,1.2773069903254508,,2024,pit,RP
8337,Lucas Luetge,P,21.0,0.0,21.0,0.0,0.6274999976158142,75.70823925733566,,2024,pit,RP
sa3020377,Elijah Birdsong,P,1.0,0.0,1.0,0.0,0.0,1.334786701947451,,2024,pit,RP
sa3018805,Daniel Nunez,P,0.2727000117301941,0.15469999611377716,1.0,0.0,0.0,0.31024668216705376,,2024,pit,SP
sa3017208,Ben Miller,P,1.0,0.0,1.0,0.0,0.0,1.4662465892732146,SDP,2024,pit,RP
sa3020257,Billy Seidl,P,1.0,0.0,1.0,0.0,0.0,1.3006732493638995,,2024,pit,RP
sa3008164,Miguel Vinicio,P,1.0,0.0,1.0,0.0,0.0,1.4092266023159028,,2024,pit,RP
sa3006615,Danny Moreno,P,1.0,0.0,1.0,0.0,0.0,1.43681340366602,,2024,pit,RP
sa3009466,Alberto Sojo,P,1.0,0.0,1.0,0.0,0.0,1.4276333160698416,,2024,pit,RP
sa1169870,Chad Sykes,P,1.0,0.0,1.0,0.0,0.0,1.3237133510410781,LAA,2024,pit,RP
sa3015218,Christopher Vasquez,P,0.666100025177002,0.07109999656677246,1.0,0.0,0.0,0.9586268089711671,,2024,pit,RP
sa3020263,Austin Temple,P,1.0,0.0,1.0,0.0,0.0,1.5003267832100398,,2024,pit,RP
sa3019177,Jordy Arias,P,0.24879999458789825,0.1597999930381775,1.0,0.0,0.0,0.1848333217203617,,2024,pit,SP
sa3019610,Shane Gustafson,P,1.0,0.0,1.0,0.0,0.0,1.367206697911024,,2024,pit,RP
sa3018356,Rolando Casihis,P,0.31310001015663147,0.1460999995470047,1.0,0.0,0.0,0.3059668868780139,,2024,pit,RP
sa3016475,Samuel Mejia,P,1.0,0.0,1.0,0.0,0.0,1.7991666048765182,,2024,pit,RP
sa3021751,Mariano Salomon,P,0.46239998936653137,0.1143999993801117,1.0,0.0,0.0,0.6339867644011976,NYY,2024,pit,RP
sa3016469,Luis Gutierrez,P,0.35600000619888306,0.13699999451637268,1.0,0.0,0.0,0.49099985510110855,SDP,2024,pit,RP
sa3010375,Jefferson Lopez,P,1.0,0.0,1.0,0.0,0.0,0.8990665987133979,,2024,pit,RP
sa3017421,Jared Wetherbee,P,1.0,0.0,1.0,0.0,0.0,1.5690535657107838,,2024,pit,RP
sa3019786,Daniel Guerra,P,0.2892000079154968,0.15119999647140503,1.0,0.0,0.0,0.28754678666591627,TOR,2024,pit,SP
31553,Mason Fluharty,P,19.0,0.0,19.0,0.0,0.6349999904632568,71.28312938213347,TOR,2024,pit,RP
sa3015336,Juan Mendez,P,1.0,0.0,1.0,0.0,0.0,1.6427932821214202,,2024,pit,RP
sa3020312,Marquis Grissom Jr.,P,1.0,0.0,1.0,0.0,0.0,1.2057801797986025,WSN,2024,pit,RP
sa3009730,Osvanni Gutierrez,P,1.0,0.0,1.0,0.0,0.0,1.4188734464347363,,2024,pit,RP
sa3017899,Blake Seigler,P,1.0,0.0,1.0,0.0,0.0,1.4656399093568329,,2024,pit,RP
sa3016230,Jaydenn Estanista,P,0.7394000291824341,0.055399999022483826,1.0,0.0,0.0,0.9051731996238233,PHI,2024,pit,RP
sa1119731,Keegan McCarville,P,1.0,0.0,1.0,0.0,0.0,1.392686703801156,,2024,pit,RP
sa3006502,Wardquelin Vasquez,P,0.762499988079071,0.05050000175833702,1.0,0.0,0.0,1.3481399387121202,,2024,pit,RP
sa3014785,Garrett Lawson,P,1.0,0.0,1.0,0.0,0.0,1.450566643476487,,2024,pit,RP
sa3016589,Luis Tejeda,P,1.0,0.0,1.0,0.0,0.0,1.359513422101736,,2024,pit,RP
sa872871,Xavier Javier,P,1.0,0.0,1.0,0.0,0.0,1.364926505088806,,2024,pit,RP
sa3021468,Jackson Lancaster,P,0.8475000262260437,0.032499998807907104,1.0,0.0,0.0,1.6704933211207393,TBR,2024,pit,RP
sa3020467,Javier Ramos,P,1.0,0.0,1.0,0.0,0.0,1.444946693629027,,2024,pit,RP
sa3005460,Osvaldo De La Rosa,P,0.8853999972343445,0.024399999529123306,1.0,0.0,0.0,1.2014200046658519,,2024,pit,RP
sa3020973,Garrett Ramsey,P,1.0,0.0,1.0,0.0,0.0,1.4275001592934138,,2024,pit,RP
sa3009472,Jhan Zambrano,P,1.0,0.0,1.0,0.0,0.0,1.3737667731940744,,2024,pit,RP
sa3018351,Kendeglys Virguez,P,0.2603999972343445,0.1573999971151352,1.0,0.0,0.0,0.12984002232551584,CLE,2024,pit,SP
sa3016026,Maximo Martinez,P,0.2892000079154968,0.15119999647140503,1.0,0.0,0.0,0.19573981091380155,CHW,2024,pit,SP
sa3018342,Victor Cabreja,P,0.4311000108718872,0.12110000103712082,1.0,0.0,0.0,0.5584866628050804,PIT,2024,pit,RP
sa875595,Jacob Schlesener,P,1.0,0.0,1.0,0.0,0.0,1.5266134001314646,,2024,pit,RP
sa3015404,Andy Garcia,P,0.2727000117301941,0.15469999611377716,1.0,0.0,0.0,0.16492680832743645,,2024,pit,SP
sa3020807,Geoffrey Gilbert,P,1.0,0.0,1.0,0.0,0.0,1.5905067138373852,NYY,2024,pit,RP
sa3007230,Charlie Cerny,P,1.0,0.0,1.0,0.0,0.0,1.3277733191847805,,2024,pit,RP
sa3017987,Malik Binns,P,1.0,0.0,1.0,0.0,0.0,1.4993132978677757,,2024,pit,RP
sa3018239,Jackson Leath,P,1.0,0.0,1.0,0.0,0.0,1.457973168045283,,2024,pit,RP
sa3005258,Junior Mieses,P,1.0,0.0,1.0,0.0,0.0,1.5725931897759442,,2024,pit,RP
sa3015495,Luis Viloria,P,0.3659000098705292,0.13490000367164612,1.0,0.0,0.0,0.24332653731107712,,2024,pit,RP
sa3015279,Juan Mateo,P,1.0,0.0,1.0,0.0,0.0,1.3236600697040566,,2024,pit,RP
18318,Jacob Waguespack,P,49.619998931884766,1.6200000047683716,57.23400115966797,0.0,3.9683001041412354,221.79750385284424,MIL,2024,pit,RP
sa3017900,Dayan Reinoso,P,1.0,0.0,1.0,0.0,0.0,1.4117866493761544,,2024,pit,RP
sa3019796,Yeimison Arias,P,0.31310001015663147,0.1460999995470047,1.0,0.0,0.0,0.22087994739413297,,2024,pit,RP
sa3018877,Darwin Rodriguez,P,0.20679999887943268,0.1687999963760376,1.0,0.0,0.0,-0.09858672022819492,MIA,2024,pit,SP
sa3017193,Jason Ruffcorn,P,1.0,0.0,1.0,0.0,0.0,1.8944132663309574,SEA,2024,pit,RP
sa3014974,Justin Crump,P,1.0,0.0,1.0,0.0,0.0,1.3696932561695574,,2024,pit,RP
sa873529,Tomás Alastre,P,1.0,0.0,1.0,0.0,0.0,1.411259959638119,,2024,pit,RP
sa3009989,Danny Chang,P,0.3659000098705292,0.13490000367164612,1.0,0.0,0.0,0.43322687074542054,,2024,pit,RP
sa3006402,Martin Santana,P,1.0,0.0,1.0,0.0,0.0,1.410146683454514,,2024,pit,RP
sa3009497,Engels Martinez,P,0.31310001015663147,0.1460999995470047,1.0,0.0,0.0,0.17510683685541162,,2024,pit,RP
sa3017102,Dawry Segura,P,0.29339998960494995,0.15039999783039093,1.0,0.0,0.0,-0.07682661339640617,,2024,pit,SP
sa3016478,Bryan Magdaleno,P,1.0,0.0,1.0,0.0,0.0,1.4565466716885571,TEX,2024,pit,RP
sa3011595,Jose Jimenez,P,1.0,0.0,1.0,0.0,0.0,1.3731602013111113,,2024,pit,RP
sa3016072,Junior William,P,1.0,0.0,1.0,0.0,0.0,1.7760867603123192,TBR,2024,pit,RP
sa3009504,Jorge Gonzalez,P,1.0,0.0,1.0,0.0,0.0,1.142839862406254,,2024,pit,RP
sa3005025,Sam Keating,P,1.0,0.0,1.0,0.0,0.0,1.2857668504118918,,2024,pit,RP
sa3006585,Hendry Nunez,P,1.0,0.0,1.0,0.0,0.0,1.3919867485761643,,2024,pit,RP
sa3019548,Raudy Gomez,P,0.2784999907016754,0.1535000056028366,1.0,0.0,0.0,0.06468686833977744,,2024,pit,SP
sa3008374,Eduar Segovia,P,1.0,0.0,1.0,0.0,0.0,1.4950535424053673,,2024,pit,RP
sa3008266,Reyson Santos,P,1.0,0.0,1.0,0.0,0.0,1.40999326184392,,2024,pit,RP
sa3017721,Harrison Beethe,P,1.0,0.0,1.0,0.0,0.0,1.4180933728814122,,2024,pit,RP
sa3008707,Orlando Gil,P,0.5175999999046326,0.10260000079870224,1.0,0.0,0.0,0.7142665766179563,,2024,pit,RP
sa3015145,Connor Sechler,P,1.0,0.0,1.0,0.0,0.0,1.432520227879286,,2024,pit,RP
sa3007036,Yerry Landinez,P/3B,1.0,0.0,1.0,0.0,0.0,1.4301001571118839,,2024,pit,RP
sa3015362,Yerlin Rodriguez,P,1.0,0.0,1.0,0.0,0.0,1.422726709395647,MIL,2024,pit,RP
sa3021789,Joshua Quezada,P,0.3889999985694885,0.12999999523162842,1.0,0.0,0.0,0.3931465856730938,MIL,2024,pit,RP
sa3020965,Edwin Cervantes,P,0.31310001015663147,0.1460999995470047,1.0,0.0,0.0,0.2680266559123998,CIN,2024,pit,RP
sa3011677,Victor Simeon,P,0.3659000098705292,0.13490000367164612,1.0,0.0,0.0,0.41769338250160226,TEX,2024,pit,RP
sa3011419,A.J. Franklin,P,1.0,0.0,1.0,0.0,0.0,1.4039733037352562,,2024,pit,RP
sa3019059,Carlos Meza,P,0.3353999853134155,0.14139999449253082,1.0,0.0,0.0,0.17598667368292809,,2024,pit,RP
sa3015444,Alexander Beltre,P,0.41130000352859497,0.12530000507831573,1.0,0.0,0.0,0.5246133059263229,,2024,pit,RP
sa3021479,Alix Hernandez,P,0.3939000070095062,0.12890000641345978,1.0,0.0,0.0,0.4676467239856721,SFG,2024,pit,RP
sa3015399,Adrion Lacle,P,0.3353999853134155,0.14139999449253082,1.0,0.0,0.0,0.2622266098856927,,2024,pit,RP
sa3017137,Nathanael Perez Gonzalez,P,1.0,0.0,1.0,0.0,0.0,1.3082197614014155,,2024,pit,RP
sa3019627,Ben Serunkuma,P,1.0,0.0,1.0,0.0,0.0,1.0955799132585522,,2024,pit,RP
sa3015274,Mason Cole,P,1.0,0.0,1.0,0.0,0.0,1.3877932891249656,,2024,pit,RP
sa3019503,Alvaro Pineda,P,0.3239000141620636,0.14390000700950623,1.0,0.0,0.0,0.1517531968653203,,2024,pit,RP
sa3006483,Bryan Peña,P,1.0,0.0,1.0,0.0,0.0,1.412006676197052,,2024,pit,RP
sa3019660,Albert Polanco,P,0.3824000060558319,0.131400004029274,1.0,0.0,0.0,0.37207327336072904,MIA,2024,pit,RP
sa3009242,Aneudy Cortorreal,P,1.0,0.0,1.0,0.0,0.0,1.9072065815329555,,2024,pit,RP
sa3015099,Haydn King,P,1.0,0.0,1.0,0.0,0.0,1.3509398616850383,,2024,pit,RP
sa3009993,Henry Gomez,P,1.0,0.0,1.0,0.0,0.0,1.2851068049669263,,2024,pit,RP
25620,Luis Mey,P,1.0,0.0,1.0,0.0,0.0,0.850046767294407,CIN,2024,pit,RP
sa3006390,Robert Cruz,P,0.3889999985694885,0.12999999523162842,1.0,0.0,0.0,0.30414664894342414,,2024,pit,RP
sa3005849,Samuel Vasquez,P,1.0,0.0,1.0,0.0,0.0,1.1419800586998456,MIA,2024,pit,RP
sa3011099,Natanael Garabitos,P,0.9043999910354614,0.020400000736117363,1.0,0.0,0.0,1.2940532520413397,,2024,pit,RP
sa3016815,Jose Chavez,P,1.0,0.0,1.0,0.0,0.0,1.3890733122825623,,2024,pit,RP
sa3020084,Felipe Bello,P,1.0,0.0,1.0,0.0,0.0,1.3599201358854769,,2024,pit,RP
sa3007857,Steffon Moore,P,1.0,0.0,1.0,0.0,0.0,1.4453267112374304,,2024,pit,RP
sa3011736,Jiorgeny Casimiri,P,1.0,0.0,1.0,0.0,0.0,1.4177069269120701,,2024,pit,RP
sa3015964,Franck De La Rosa,P,0.9373000264167786,0.013299999758601189,1.0,0.0,0.0,1.6218666136264805,,2024,pit,RP
sa3009499,Homer Cruz,P,1.0,0.0,1.0,0.0,0.0,1.348733449727297,,2024,pit,RP
sa3005885,Juan Geraldo,P,1.0,0.0,1.0,0.0,0.0,1.3502666756510728,MIL,2024,pit,RP
sa3020449,Tyler Hoffman,P,1.0,0.0,1.0,0.0,0.0,0.5669134698808191,,2024,pit,RP
sa3019375,Alexis Torres,P,0.3815999925136566,0.1316000074148178,1.0,0.0,0.0,0.3287932142615322,PIT,2024,pit,RP
sa873218,Julio Frias,P,1.0,0.0,1.0,0.0,0.0,1.4805265471339224,,2024,pit,RP
sa3011049,Arturo Roque,P,0.5983999967575073,0.08540000021457672,1.0,0.0,0.0,0.7032533101737504,,2024,pit,RP
sa3015039,Drake Nightengale,P,1.0,0.0,1.0,0.0,0.0,1.3118000276386743,,2024,pit,RP
sa3005464,Moises Diaz,P,1.0,0.0,1.0,0.0,0.0,1.039326745271683,,2024,pit,RP
sa3014813,Edwin Nuñez,P,1.0,0.0,1.0,0.0,0.0,1.3893665149807934,STL,2024,pit,RP
sa3019291,Manuel Rodriguez,P,0.31310001015663147,0.1460999995470047,1.0,0.0,0.0,0.11732675284147254,MIL,2024,pit,RP
sa3020326,Dylan Nedved,P,1.0,0.0,1.0,0.0,0.0,1.252826518565417,,2024,pit,RP
sa3007250,Jake Zebron,P,1.0,0.0,1.0,0.0,0.0,1.2723931059241296,,2024,pit,RP
sa3009326,Joel Ibarra,P,0.8210999965667725,0.038100000470876694,1.0,0.0,0.0,0.9339867129921915,LAD,2024,pit,RP
sa3006357,Jose Peralta,P,1.0,0.0,1.0,0.0,0.0,1.2696866229176527,,2024,pit,RP
sa3021485,Jesus Lopez,P,0.30570000410079956,0.1476999968290329,1.0,0.0,0.0,0.21338660717010471,,2024,pit,RP
sa3022119,Eliezer Pena,P,0.24390000104904175,0.16089999675750732,1.0,0.0,0.0,-0.06405343711376155,COL,2024,pit,SP
sa3009212,Luis Talavera,P,1.0,0.0,1.0,0.0,0.0,1.0862464904785156,,2024,pit,RP
sa3018790,Jack DeGroat,P,1.0,0.0,1.0,0.0,0.0,1.3410865366458897,,2024,pit,RP
sa3015403,Jeison Pena,P,1.0,0.0,1.0,0.0,0.0,1.4280133605003362,,2024,pit,RP
sa3008699,Jesus Cruz,P,1.0,0.0,1.0,0.0,0.0,1.417626680433751,,2024,pit,RP
sa3015283,Stephen Vargas,P,0.2892000079154968,0.15119999647140503,1.0,0.0,0.0,0.12210662141442308,,2024,pit,SP
sa3016775,Guillermo Cuevas,P,0.4846000075340271,0.1096000000834465,1.0,0.0,0.0,0.5713601380586626,,2024,pit,RP
sa3015329,Miguel Gil,P,1.0,0.0,1.0,0.0,0.0,1.4948400691151624,,2024,pit,RP
sa3016232,Sebastian Rodriguez,P,1.0,0.0,1.0,0.0,0.0,1.3067401200532913,,2024,pit,RP
sa3020339,Zach Veen,P,1.0,0.0,1.0,0.0,0.0,1.2811467275023465,,2024,pit,RP
sa3019566,Yeri Perez,P,0.25870001316070557,0.15770000219345093,1.0,0.0,0.0,-0.00463997349142975,KCR,2024,pit,SP
29521,Ryan Loutos,P,25.0,0.0,25.0,0.0,0.6334999799728394,88.82312033176422,SEA,2024,pit,RP
sa3019240,Henry Montilla,P,0.3659000098705292,0.13490000367164612,1.0,0.0,0.0,0.2790600657463074,,2024,pit,RP
sa3015041,Brett Lockwood,P,1.0,0.0,1.0,0.0,0.0,1.1400865897536283,,2024,pit,RP
sa3022219,Jordany Chirinos,P,0.35600000619888306,0.13699999451637268,1.0,0.0,0.0,0.26418014615774155,CHW,2024,pit,RP
sa3006414,Angel Cuenca,P,1.0,0.0,1.0,0.0,0.0,1.341433425247669,,2024,pit,RP
sa3005431,Jean Carlos Lucas,P,1.0,0.0,1.0,0.0,0.0,1.321333216875792,,2024,pit,RP
sa3010302,Sam Romero,P,1.0,0.0,1.0,0.0,0.0,1.6451731584966183,,2024,pit,RP
sa3007842,Eiker Huizi,P,1.0,0.0,1.0,0.0,0.0,1.353946481645108,WSN,2024,pit,RP
sa3006508,Josias De Los Santos,P,1.0,0.0,1.0,0.0,0.0,1.3201532617211336,,2024,pit,RP
sa3010664,Edward Baram,P,1.0,0.0,1.0,0.0,0.0,1.2725067578256128,,2024,pit,RP
sa3005856,Ludwin Jimenez,P,1.0,0.0,1.0,0.0,0.0,1.4037199191749097,,2024,pit,RP
sa3016624,Ronny Oliver,P,0.29339998960494995,0.15039999783039093,1.0,0.0,0.0,0.12139338329434413,,2024,pit,SP
sa3011894,Dawel Rodriguez,P,1.0,0.0,1.0,0.0,0.0,1.2805399268865583,,2024,pit,RP
sa3006491,Kelvin Bautista,P,1.0,0.0,1.0,0.0,0.0,1.0777334481477738,,2024,pit,RP
sa3020442,Wesley Scott,P,1.0,0.0,1.0,0.0,0.0,1.3596266910433776,,2024,pit,RP
sa3018206,Madison Jeffrey,P,0.7666000127792358,0.04960000142455101,1.0,0.0,0.0,0.8313533216714863,CHW,2024,pit,RP
sa3021466,Nathan Karaffa,P,1.0,0.0,1.0,0.0,0.0,0.999746598303318,PHI,2024,pit,RP
sa3016616,Jonney Rosario,P,0.505299985408783,0.10530000180006027,1.0,0.0,0.0,0.6231064304709437,,2024,pit,RP
sa3005709,Jose Diaz,P,1.0,0.0,1.0,0.0,0.0,1.4127733118832118,,2024,pit,RP
sa3004802,Michele Vassalotti,P,1.0,0.0,1.0,0.0,0.0,1.415986847877503,,2024,pit,RP
sa3020403,Bubba Hall,P,1.0,0.0,1.0,0.0,0.0,1.074239905923605,,2024,pit,RP
sa3009495,Luis Florentino,P,1.0,0.0,1.0,0.0,0.0,1.290053319931031,,2024,pit,RP
sa3017391,Ocean Gabonia,P,1.0,0.0,1.0,0.0,0.0,1.333486535400152,NYY,2024,pit,RP
sa3015160,Angel Gonzalez,P,1.0,0.0,1.0,0.0,0.0,1.3847732514142996,,2024,pit,RP
sa3017472,Vitico Valdez,P,0.39309999346733093,0.1290999948978424,1.0,0.0,0.0,0.2768066160380842,ARI,2024,pit,RP
sa3016816,Elvis Novas,P,1.0,0.0,1.0,0.0,0.0,1.1908264540135867,,2024,pit,RP
sa3008727,Juan Pichardo,P,1.0,0.0,1.0,0.0,0.0,1.4029467575252057,,2024,pit,RP
sa3017014,Bryan Perez,P,1.0,0.0,1.0,0.0,0.0,1.2890932463109501,,2024,pit,RP
sa3010318,Peyton Long,P,1.0,0.0,1.0,0.0,0.0,1.2234533987939362,,2024,pit,RP
sa3003058,Leonardo Rodriguez,P,1.0,0.0,1.0,0.0,0.0,1.2034066751599313,,2024,pit,RP
sa3015306,Elison Joseph,P,1.0,0.0,1.0,0.0,0.0,1.5107798874378209,ATL,2024,pit,RP
sa3020892,Miguel Fulgencio,P,1.0,0.0,1.0,0.0,0.0,1.250179959833622,,2024,pit,RP
sa3017369,Marshall Hunt,P,1.0,0.0,1.0,0.0,0.0,1.3020065009593966,,2024,pit,RP
sa3019381,Cesar Jimenez,P,0.4715000092983246,0.11249999701976776,1.0,0.0,0.0,0.43471984863281277,,2024,pit,RP
sa3006517,Francisco Jimenez,P,1.0,0.0,1.0,0.0,0.0,1.3158867359161381,,2024,pit,RP
sa3019158,Jose Meneses,P,0.3353999853134155,0.14139999449253082,1.0,0.0,0.0,0.20848651751875868,MIL,2024,pit,RP
sa3011763,Anthony Tomczak,P,1.0,0.0,1.0,0.0,0.0,1.8315599873661994,,2024,pit,RP
sa3010319,Jacob Forrester,P,1.0,0.0,1.0,0.0,0.0,1.2068801581859585,,2024,pit,RP
sa3016254,Samir Chires,P,0.375,0.13300000131130219,1.0,0.0,0.0,0.23190667703747758,SFG,2024,pit,RP
sa3008693,Maycold Leon,P,1.0,0.0,1.0,0.0,0.0,1.3005000889301308,,2024,pit,RP
sa3010370,Horacio Andujar,P,1.0,0.0,1.0,0.0,0.0,1.1941267326474185,,2024,pit,RP
sa3021537,Adan Moreno,P,0.35109999775886536,0.13809999823570251,1.0,0.0,0.0,0.24765339270234143,,2024,pit,RP
sa3005219,Wilber Perez,P,1.0,0.0,1.0,0.0,0.0,1.3828266061842442,,2024,pit,RP
sa3018798,Adel Dilone,P,0.3815999925136566,0.1316000074148178,1.0,0.0,0.0,0.3526266604661945,,2024,pit,RP
sa3008540,Maikel Garrido,P,1.0,0.0,1.0,0.0,0.0,1.3244334369897843,,2024,pit,RP
sa3015162,Omar Sanchez,P,1.0,0.0,1.0,0.0,0.0,1.355486410111189,,2024,pit,RP
sa3019168,Andy Basora,P,0.41130000352859497,0.12530000507831573,1.0,0.0,0.0,0.2829132184386256,KCR,2024,pit,RP
sa3017320,Shane Connolly,P,1.0,0.0,1.0,0.0,0.0,1.192053391039372,,2024,pit,RP
sa917879,Leonel Aponte,P,1.0,0.0,1.0,0.0,0.0,1.2620665960013868,,2024,pit,RP
sa1170121,Tanner Jesson-Dalton,P,1.0,0.0,1.0,0.0,0.0,1.3371532700955862,,2024,pit,RP
sa3011133,Chad Bryant,P,1.0,0.0,1.0,0.0,0.0,1.4061534240841866,,2024,pit,RP
sa3009514,Christopher Soriano,P,1.0,0.0,1.0,0.0,0.0,1.2773534633219246,,2024,pit,RP
sa3007258,Kellen Rholl,P,1.0,0.0,1.0,0.0,0.0,1.296220074594021,,2024,pit,RP
sa3015467,Brian Carrion,P,1.0,0.0,1.0,0.0,0.0,1.274433413892984,,2024,pit,RP
sa3011436,Darlin Alcántara,P,1.0,0.0,1.0,0.0,0.0,1.1554667435586454,,2024,pit,RP
sa3019267,Ranwell Smith,P,0.3889999985694885,0.12999999523162842,1.0,0.0,0.0,0.2699400506913663,,2024,pit,RP
sa3020597,Ricky Mineo,P,1.0,0.0,1.0,0.0,0.0,1.408066438883543,,2024,pit,RP
sa3020988,Angel Cruz,P,0.45739999413490295,0.11540000140666962,1.0,0.0,0.0,0.4737933859229093,LAD,2024,pit,RP
sa3009859,Cristian Sierra,P,1.0,0.0,1.0,0.0,0.0,1.3827665865421297,,2024,pit,RP
sa3017611,Ian Foggo,P,1.0,0.0,1.0,0.0,0.0,1.4932133950293065,,2024,pit,RP
sa3016799,Roiber Talavera,P,0.31310001015663147,0.1460999995470047,1.0,0.0,0.0,0.6486464463174344,,2024,pit,RP
sa917392,Joshua Javier,P,1.0,0.0,1.0,0.0,0.0,1.4034333005547528,,2024,pit,RP
sa3019271,Freilyn Silverio,P,0.2727000117301941,0.15469999611377716,1.0,0.0,0.0,-0.004860019683837535,,2024,pit,SP
sa3015423,Carlos Martinez,P,1.0,0.0,1.0,0.0,0.0,1.0717866189777854,LAD,2024,pit,RP
sa3020877,Seth Nightingale,P,1.0,0.0,1.0,0.0,0.0,1.2578801117837428,,2024,pit,RP
sa3002804,Jose Garcia,P,1.0,0.0,1.0,0.0,0.0,1.1684798330068595,,2024,pit,RP
sa3015978,Darwin Cruz,P,1.0,0.0,1.0,0.0,0.0,1.2495134480297567,,2024,pit,RP
sa1115756,Zach Kohn,P,1.0,0.0,1.0,0.0,0.0,1.2720599710941318,,2024,pit,RP
sa916839,Jorge Labrador,P,1.0,0.0,1.0,0.0,0.0,1.594080080091954,,2024,pit,RP
sa917060,Jhosua Alcantara,P,1.0,0.0,1.0,0.0,0.0,1.1710931539535525,,2024,pit,RP
sa3008131,Yoniel Ramirez,P,1.0,0.0,1.0,0.0,0.0,1.2571599662303927,,2024,pit,RP
sa3017463,Preston Price,P,1.0,0.0,1.0,0.0,0.0,1.1535533793270596,,2024,pit,RP
sa3016715,Natanael Polanco,P,1.0,0.0,1.0,0.0,0.0,1.0878532879054554,MIA,2024,pit,RP
sa3014706,Kristian Cardozo,P,0.3353999853134155,0.14139999449253082,1.0,0.0,0.0,0.6899531483650212,,2024,pit,RP
sa3008390,Dario Peralta,P,1.0,0.0,1.0,0.0,0.0,1.1923065312206753,,2024,pit,RP
sa3011343,Kenny Wells,P,1.0,0.0,1.0,0.0,0.0,1.3550065934658053,,2024,pit,RP
sa3015147,Gabriel Hernandez,P,1.0,0.0,1.0,0.0,0.0,1.1388136215507978,,2024,pit,RP
sa3005691,Anthony Escobar,P,1.0,0.0,1.0,0.0,0.0,1.2226534478366369,,2024,pit,RP
sa3006110,Jeremy Molero,P,1.0,0.0,1.0,0.0,0.0,1.4947665169835096,,2024,pit,RP
sa3022112,Yency De Jesus,P,0.3659000098705292,0.13490000367164612,1.0,0.0,0.0,0.20889314413070714,,2024,pit,RP
sa3019058,Moises Lira,P,0.31310001015663147,0.1460999995470047,1.0,0.0,0.0,-0.009266763180494575,,2024,pit,RP
sa3011881,Anthony Morillo,P,0.41130000352859497,0.12530000507831573,1.0,0.0,0.0,0.5136534050107002,,2024,pit,RP
sa3021788,Cristian Hernandez,P,0.2603999972343445,0.1573999971151352,1.0,0.0,0.0,-0.09835348278284073,MIN,2024,pit,SP
27271,Juan Burgos,P,1.0,0.0,1.0,0.0,0.0,1.7652733929455287,ARI,2024,pit,RP
sa3016279,Keiner Leon,P,1.0,0.0,1.0,0.0,0.0,1.3010001279413697,,2024,pit,RP
sa3008265,Robin Vazquez,P,1.0,0.0,1.0,0.0,0.0,1.1158534288406377,,2024,pit,RP
sa3011529,Daniel Nunan,P,1.0,0.0,1.0,0.0,0.0,1.2743665046989916,,2024,pit,RP
sa3018144,Jakob Brustoski,P,1.0,0.0,1.0,0.0,0.0,1.4227002687752255,,2024,pit,RP
sa3018831,Joneiker Arellano,P,0.41130000352859497,0.12530000507831573,1.0,0.0,0.0,-0.4179731935262678,,2024,pit,RP
sa3020266,Ryan Chasse,P,0.7831000089645386,0.04610000178217888,1.0,0.0,0.0,1.0331533841788771,,2024,pit,RP
sa3016935,Zach Cable,P,1.0,0.0,1.0,0.0,0.0,1.2618600480258468,,2024,pit,RP
sa3005018,Liam McCall,P,1.0,0.0,1.0,0.0,0.0,1.2303468920290475,,2024,pit,RP
sa3014970,Ben Keizer,P,1.0,0.0,1.0,0.0,0.0,1.2895934224128727,,2024,pit,RP
sa3009225,Heisell Baro,P,1.0,0.0,1.0,0.0,0.0,1.2380200818181044,,2024,pit,RP
sa3011137,Nolberto Henriquez,P,1.0,0.0,1.0,0.0,0.0,1.2236200936138624,,2024,pit,RP
sa3006901,Darling Florentino,P/3B,1.0,0.0,1.0,0.0,0.0,1.1994269102811814,,2024,pit,RP
sa3002957,Andy Santana,P,1.0,0.0,1.0,0.0,0.0,1.13774661719799,,2024,pit,RP
sa918239,Justin Miller,P,1.0,0.0,1.0,0.0,0.0,1.1715467430651185,,2024,pit,RP
sa917471,Kenlly Montas,P,1.0,0.0,1.0,0.0,0.0,1.2785201966762543,NYY,2024,pit,RP
sa3002813,Daritzon Feliz,P,1.0,0.0,1.0,0.0,0.0,1.4765065781772138,CLE,2024,pit,RP
sa3016500,Yohemy Nolasco,P,1.0,0.0,1.0,0.0,0.0,1.0413599692285063,,2024,pit,RP
sa3005812,Yeury Tatiz,P,1.0,0.0,1.0,0.0,0.0,1.6581600069999696,SEA,2024,pit,RP
sa3019299,Jhon Cabral,P,0.2199999988079071,0.16599999368190765,1.0,0.0,0.0,-0.4004332959651946,MIA,2024,pit,SP
sa3019699,Gregori Louis,P,1.0,0.0,1.0,0.0,0.0,1.4315200947225093,NYM,2024,pit,RP
sa3008044,Gregoris Chalas,P,1.0,0.0,1.0,0.0,0.0,1.190026624500752,,2024,pit,RP
sa917393,Jhonny Valdez,P,1.0,0.0,1.0,0.0,0.0,1.1584864750504495,,2024,pit,RP
sa1170297,Matt Stil,P,0.7939000129699707,0.04390000179409981,1.0,0.0,0.0,1.017686508595944,,2024,pit,RP
sa3010675,Fran Castro,P,1.0,0.0,1.0,0.0,0.0,1.1587266437709332,,2024,pit,RP
sa3019717,Xavier Ruiz,P,1.0,0.0,1.0,0.0,0.0,1.2272598937153818,,2024,pit,RP
sa3017136,Jean Reyes,P,1.0,0.0,1.0,0.0,0.0,1.1292067602276803,,2024,pit,RP
sa3010795,Kelvin LaRoche,P,1.0,0.0,1.0,0.0,0.0,1.301473296433687,,2024,pit,RP
sa3014533,Jimmy Lewis,P,1.0,0.0,1.0,0.0,0.0,0.818873316794634,LAD,2024,pit,RP
16944,Grant Holmes,P,8.0,0.0,8.0,0.0,0.6449999809265137,29.148526668548584,ATL,2024,pit,RP
sa3015012,Connor Pellerin,P,1.0,0.0,1.0,0.0,0.0,1.1807199373841288,,2024,pit,RP
sa3011238,Ted Stuka,P,1.0,0.0,1.0,0.0,0.0,1.2198600023984913,,2024,pit,RP
sa3008680,Reimy Beltre,P,0.3741999864578247,0.133200004696846,1.0,0.0,0.0,0.3046131961047651,,2024,pit,RP
sa3005872,Luis Ortiz,P,1.0,0.0,1.0,0.0,0.0,1.2122066199779518,,2024,pit,RP
sa3017658,Matt Sparling,P,1.0,0.0,1.0,0.0,0.0,1.2003068663179879,,2024,pit,RP
sa3015095,Jefferson Herrera,P,0.835099995136261,0.035100001841783524,1.0,0.0,0.0,0.9099266923964024,,2024,pit,RP
sa3017013,Abel Mercedes,P,0.46239998936653137,0.1143999993801117,1.0,0.0,0.0,0.5620868831872943,OAK,2024,pit,RP
sa3021465,Michael Brewer,P,1.0,0.0,1.0,0.0,0.0,1.1983533032238487,,2024,pit,RP
sa3005116,Marlin Willis,P,1.0,0.0,1.0,0.0,0.0,1.3664334267377858,,2024,pit,RP
sa3018891,Yeriel Santos,P,0.3353999853134155,0.14139999449253082,1.0,0.0,0.0,0.2161067493259905,HOU,2024,pit,RP
sa3018901,Wander Severino,P,0.4311000108718872,0.12110000103712082,1.0,0.0,0.0,0.2769601956009864,,2024,pit,RP
sa3017993,Johnathan Lavallee,P,1.0,0.0,1.0,0.0,0.0,1.2658533602952953,CIN,2024,pit,RP
sa3016277,Scarlyn Lebron,P,1.0,0.0,1.0,0.0,0.0,1.1474534362554554,,2024,pit,RP
sa3019120,Michael Peres,P,0.4846000075340271,0.1096000000834465,1.0,0.0,0.0,0.48151330649852797,,2024,pit,RP
sa3016062,Roger Duran,P,0.31310001015663147,0.1460999995470047,1.0,0.0,0.0,-0.05207980424165681,,2024,pit,RP
sa3019066,Miguel Mesa,P,0.25949999690055847,0.1574999988079071,1.0,0.0,0.0,0.007820339500903994,BAL,2024,pit,SP
sa3009206,Abdiel Medina,P,0.3659000098705292,0.13490000367164612,1.0,0.0,0.0,0.6100866287946705,,2024,pit,RP
sa3020559,Brady Hill,P,1.0,0.0,1.0,0.0,0.0,0.30748659893870345,WSN,2024,pit,RP
sa3008695,Jean Marcelino,P,1.0,0.0,1.0,0.0,0.0,1.1716867826879027,,2024,pit,RP
sa3007257,Rigo Fernandez,P,1.0,0.0,1.0,0.0,0.0,1.0618867821991445,,2024,pit,RP
sa3020867,Branden Noriega,P,0.852400004863739,0.03139999881386757,1.0,0.0,0.0,1.1679333671927457,,2024,pit,RP
sa3009469,Elvis Jerez,P,1.0,0.0,1.0,0.0,0.0,1.5650398105382917,,2024,pit,RP
sa3015312,Javier Chacon,P,1.0,0.0,1.0,0.0,0.0,1.3506931215524678,SDP,2024,pit,RP
sa3006351,Zaquiel Puentes,P,1.0,0.0,1.0,0.0,0.0,1.1619599319994447,,2024,pit,RP
sa3006641,Alexis Cedano,P,1.0,0.0,1.0,0.0,0.0,1.0984732709825042,,2024,pit,RP
sa3005295,Harrison Francis,P,1.0,0.0,1.0,0.0,0.0,1.1545467182993892,,2024,pit,RP
sa3007239,Alberto Gonzalez,P,1.0,0.0,1.0,0.0,0.0,0.7017734535038476,,2024,pit,RP
sa3007476,Yomil Maysonet,P,1.0,0.0,1.0,0.0,0.0,0.5810997843742371,CIN,2024,pit,RP
sa3009621,Ronaldo Guzman,P,0.2825999855995178,0.1526000052690506,1.0,0.0,0.0,-0.041066531836986275,CHW,2024,pit,SP
sa3015992,Anthony Mendez,P,1.0,0.0,1.0,0.0,0.0,1.1332933351397512,,2024,pit,RP
sa3020446,Chandler Arnold,P,0.8804000020027161,0.02539999969303608,1.0,0.0,0.0,1.055533340573311,,2024,pit,RP
sa3010562,Corey Stone,P,1.0,0.0,1.0,0.0,0.0,1.155499932169914,,2024,pit,RP
sa3017691,Christian Edwards,P,0.7807000279426575,0.04670000076293945,1.0,0.0,0.0,0.708046843856573,,2024,pit,RP
sa3015159,Carlos Hiraldo,P,1.0,0.0,1.0,0.0,0.0,1.0954201772809031,,2024,pit,RP
sa3021734,Jhon Nunez,P,0.39969998598098755,0.12770000100135803,1.0,0.0,0.0,0.12480001375079164,,2024,pit,RP
sa3020561,Reese Sharp,P,1.0,0.0,1.0,0.0,0.0,1.4810000784695152,,2024,pit,RP
sa3019462,Ricardo Gomez,P,0.3889999985694885,0.12999999523162842,1.0,0.0,0.0,0.12278661727905282,,2024,pit,RP
sa3016223,Francis Hernandez,P,0.5242000222206116,0.10119999945163727,1.0,0.0,0.0,0.26278657019138363,,2024,pit,RP
sa3015305,Franklin Marquez,P,1.0,0.0,1.0,0.0,0.0,0.8757068485021593,,2024,pit,RP
sa3015060,Carson King,P,0.8432999849319458,0.0333000011742115,1.0,0.0,0.0,1.02628653421998,,2024,pit,RP
sa1170483,Tyler Adams,P,1.0,0.0,1.0,0.0,0.0,1.2001331202685832,,2024,pit,RP
sa3014855,Brandon Jenkins,P,1.0,0.0,1.0,0.0,0.0,1.0808134220540526,,2024,pit,RP
sa3008701,Junior Montero,P,1.0,0.0,1.0,0.0,0.0,1.1866866819560529,,2024,pit,RP
sa3018314,Angel Roman,P,0.6413000226020813,0.0763000026345253,1.0,0.0,0.0,0.5859732754528526,,2024,pit,RP
sa3009244,Rafael Camacho,P,0.5580000281333923,0.09399999678134918,1.0,0.0,0.0,0.4083800554275512,,2024,pit,RP
sa3014930,Cole Milam,P,1.0,0.0,1.0,0.0,0.0,1.0126798480749133,,2024,pit,RP
sa3007904,Yeancarlos Lleras,P,1.0,0.0,1.0,0.0,0.0,1.118706794828177,,2024,pit,RP
sa3011855,Ángel Vargas,P,1.0,0.0,1.0,0.0,0.0,1.2898468643426901,,2024,pit,RP
sa3015154,Kelvin Perez,P,1.0,0.0,1.0,0.0,0.0,0.9983197666704662,,2024,pit,RP
sa3018906,Estarlin Escalante,P,1.0,0.0,1.0,0.0,0.0,1.2772532857954508,,2024,pit,RP
sa3017859,Eris Rodríguez,P,1.0,0.0,1.0,0.0,0.0,1.2537598572671418,,2024,pit,RP
sa3010629,Will Guay,P,1.0,0.0,1.0,0.0,0.0,1.1202867023646834,,2024,pit,RP
sa3011464,Gregori Montano,P,1.0,0.0,1.0,0.0,0.0,1.1777599111199382,,2024,pit,RP
sa3019396,Wilmy Sanchez,P,0.5414999723434448,0.09749999642372131,1.0,0.0,0.0,0.542280089110136,HOU,2024,pit,RP
sa3022124,Renil Ramos,P,0.29339998960494995,0.15039999783039093,1.0,0.0,0.0,-0.16568669229745847,CLE,2024,pit,SP
27470,Emerson Hancock,P,31.959999084472656,12.960000038146973,91.33489990234375,0.0,0.6481000185012817,290.54734325408936,SEA,2024,pit,RP
sa3020944,Adam Stone,P,1.0,0.0,1.0,0.0,0.0,1.1857200168073185,CHC,2024,pit,RP
sa3007905,Adenys Bautista,P,1.0,0.0,1.0,0.0,0.0,1.135373381525278,,2024,pit,RP
sa3015985,Miguel Mora,P,0.8507999777793884,0.03180000185966492,1.0,0.0,0.0,0.9325065866112712,,2024,pit,RP
sa3016274,Claudio Galva,P,0.6561999917030334,0.07320000231266022,1.0,0.0,0.0,0.5832863740623,,2024,pit,RP
sa3021507,Ramon Henriquez,P,1.0,0.0,1.0,0.0,0.0,1.0797866351902483,,2024,pit,RP
sa3016049,Adrian Martinez,P,0.2825999855995178,0.1526000052690506,1.0,0.0,0.0,-0.18437999188899967,,2024,pit,SP
sa3016011,Brayan Palencia,P,0.5885000228881836,0.08749999850988388,1.0,0.0,0.0,0.7317998677492143,SFG,2024,pit,RP
sa873153,Juan De Paula,P,1.0,0.0,1.0,0.0,0.0,1.0717734575271614,,2024,pit,RP
sa3009264,Marcos Eusebio,P,0.31310001015663147,0.1460999995470047,1.0,0.0,0.0,-0.07897323444485638,,2024,pit,RP
sa3015219,Luis Sánchez,P,1.0,0.0,1.0,0.0,0.0,1.3315135262906552,,2024,pit,RP
sa3002911,Stiward Aquino,P,1.0,0.0,1.0,0.0,0.0,1.1347599253058438,,2024,pit,RP
sa3016295,Jose Geraldo,P,1.0,0.0,1.0,0.0,0.0,1.63397998586297,SEA,2024,pit,RP
sa917066,Enrique Saldana,P/SS,0.6075000166893005,0.08349999785423279,1.0,0.0,0.0,0.42851329296827334,,2024,pit,RP
sa917836,Ever Moya,P,1.0,0.0,1.0,0.0,0.0,1.050486643612385,,2024,pit,RP
sa3015986,Alexander Alberto,P,0.46239998936653137,0.1143999993801117,1.0,0.0,0.0,0.6335268072783946,CHW,2024,pit,RP
sa3015311,Kai Wynyard,P,1.0,0.0,1.0,0.0,0.0,1.1630132235586648,TEX,2024,pit,RP
sa3016580,Adrian Pena,P,0.5414999723434448,0.09749999642372131,1.0,0.0,0.0,0.3948200665414334,,2024,pit,RP
sa3020316,Daniel Harper,P,1.0,0.0,1.0,0.0,0.0,0.7494002737104895,PHI,2024,pit,RP
sa3019262,Felipe De Los Santos,P,0.4375999867916107,0.11959999799728394,1.0,0.0,0.0,0.1928198531270029,,2024,pit,RP
sa3018007,Brawny Reyes,P,1.0,0.0,1.0,0.0,0.0,1.0949067242443555,,2024,pit,RP
sa3016846,Cleiber Maldonado,P,0.5662999749183655,0.09229999780654907,1.0,0.0,0.0,0.5290734305977822,MIN,2024,pit,RP
sa3017210,Aaron Cohn,P,1.0,0.0,1.0,0.0,0.0,0.9145667076110837,,2024,pit,RP
sa3006987,Marcus Evey,P,1.0,0.0,1.0,0.0,0.0,0.8731732986867429,,2024,pit,RP
sa3019757,Jeison Sanchez,P,0.385699987411499,0.1307000070810318,1.0,0.0,0.0,0.0025667473673820496,,2024,pit,RP
sa3008682,Jose Cedeno,P,0.7419000267982483,0.05490000173449516,1.0,0.0,0.0,0.7319867432117464,,2024,pit,RP
sa3018293,Eward Rodriguez,P,0.4697999954223633,0.1128000020980835,1.0,0.0,0.0,0.19970665052533176,,2024,pit,RP
sa3020809,John Lynch,P,1.0,0.0,1.0,0.0,0.0,1.1043731905519967,,2024,pit,RP
sa3011730,Blake Loubier,P,1.0,0.0,1.0,0.0,0.0,0.9048466481268411,,2024,pit,RP
sa3015308,Angel Alfonseca,P,1.0,0.0,1.0,0.0,0.0,1.0741531096398833,,2024,pit,RP
sa3020948,Eric Foggo,P,1.0,0.0,1.0,0.0,0.0,1.1943000450730326,,2024,pit,RP
sa3018823,Arlison Rodriguez,P,0.6092000007629395,0.08320000022649765,1.0,0.0,0.0,0.45487333089113235,,2024,pit,RP
sa3015490,Jose Garces,P,0.4375999867916107,0.11959999799728394,1.0,0.0,0.0,0.09639336466789272,PIT,2024,pit,RP
sa3020487,Stefan Raeth,P,1.0,0.0,1.0,0.0,0.0,1.5657931566238399,SEA,2024,pit,RP
sa3018803,Ankeily Feliz,P,0.4277999997138977,0.121799997985363,1.0,0.0,0.0,0.12658005654811877,,2024,pit,RP
sa3015385,Adrian Rodriguez,P,0.8787999749183655,0.025800000876188278,1.0,0.0,0.0,1.023660180717707,TEX,2024,pit,RP
sa3017209,Alex McKenney,P,1.0,0.0,1.0,0.0,0.0,1.0254198074340826,,2024,pit,RP
sa3016741,Gerardo Abrego,P,0.6248000264167786,0.07980000227689743,1.0,0.0,0.0,0.5504999756813049,,2024,pit,RP
sa3017811,Jonathan Edwards,P,0.8037999868392944,0.04179999977350235,1.0,0.0,0.0,0.5504599422216416,,2024,pit,RP
sa3019067,Gerson Balbino,P,0.4936999976634979,0.10769999772310257,1.0,0.0,0.0,0.20663339272141457,,2024,pit,RP
sa3002973,Elixon Caballero,P,1.0,0.0,1.0,0.0,0.0,1.068713326752186,,2024,pit,RP
sa3018866,Jeral Vizcaino,P,0.6585999727249146,0.07259999960660934,1.0,0.0,0.0,0.5079398728907112,,2024,pit,RP
sa3018326,Raimy Rodriguez,P,0.4738999903202057,0.11190000176429749,1.0,0.0,0.0,0.359286600351334,HOU,2024,pit,RP
sa3021475,Abel Fuerte,P,0.4871000051498413,0.10909999907016754,1.0,0.0,0.0,0.19136682674288785,,2024,pit,RP
sa3010836,Jose Ulloa,P,1.0,0.0,1.0,0.0,0.0,0.9528464995324613,,2024,pit,RP
sa3007462,Cole Aker,P,1.0,0.0,1.0,0.0,0.0,1.0472066655755041,,2024,pit,RP
sa3019535,Denis Reguillo,P,0.5414999723434448,0.09749999642372131,1.0,0.0,0.0,0.1922064252197746,,2024,pit,RP
sa3021727,Connor Butler,P,1.0,0.0,1.0,0.0,0.0,1.0879068024456502,,2024,pit,RP
sa3016199,Randy Berigüete,P,1.0,0.0,1.0,0.0,0.0,1.1291399352252478,,2024,pit,RP
sa3018842,Edwar Chirinos,P,0.5580000281333923,0.09399999678134918,1.0,0.0,0.0,0.3858066223561769,,2024,pit,RP
sa3018360,Juan Sanchez,P,0.31310001015663147,0.1460999995470047,1.0,0.0,0.0,-0.10177310258150118,ATL,2024,pit,RP
sa3017731,Jean Calderon,P,1.0,0.0,1.0,0.0,0.0,1.208999725431204,,2024,pit,RP
sa3010325,Enmanuel Acosta,P,1.0,0.0,1.0,0.0,0.0,0.9639065004885197,,2024,pit,RP
sa3019523,David Landeta,P,0.6075000166893005,0.08349999785423279,1.0,0.0,0.0,0.37574002817273167,HOU,2024,pit,RP
sa3017104,Doimil Perez,P,0.6248000264167786,0.07980000227689743,1.0,0.0,0.0,0.4355198107659817,,2024,pit,RP
sa3018329,Andrés Parra,P,0.4936999976634979,0.10769999772310257,1.0,0.0,0.0,0.4277734234929089,BAL,2024,pit,RP
sa3015278,Alexander Johnson,P,1.0,0.0,1.0,0.0,0.0,0.4788467653095725,CIN,2024,pit,RP
sa3018295,Juan Pinto,P,0.31310001015663147,0.1460999995470047,1.0,0.0,0.0,0.42522002905607215,SEA,2024,pit,RP
sa3017200,Juan Abreu,P,1.0,0.0,1.0,0.0,0.0,0.8262866057455542,WSN,2024,pit,RP
sa3018908,Eiver Espinoza,P,0.6075000166893005,0.08349999785423279,1.0,0.0,0.0,0.3815866313874725,,2024,pit,RP
sa3004833,Manny Ramirez,P,1.0,0.0,1.0,0.0,0.0,1.0645399913191795,,2024,pit,RP
sa3006802,Clark Cota,P,1.0,0.0,1.0,0.0,0.0,1.2550401762127876,,2024,pit,RP
sa3018300,Jesael Cabrera,P,0.4846000075340271,0.1096000000834465,1.0,0.0,0.0,0.08754644766449937,,2024,pit,RP
sa3022108,Irving Cota,P,0.6430000066757202,0.07599999755620956,1.0,0.0,0.0,0.41582022383809125,NYM,2024,pit,RP
sa3011243,Eduard Monroy,P,1.0,0.0,1.0,0.0,0.0,1.1697199746966365,BAL,2024,pit,RP
sa3020572,Quinn Gudaitis,P,1.0,0.0,1.0,0.0,0.0,0.9987200491130355,,2024,pit,RP
sa3009528,Juan Rivera,P,1.0,0.0,1.0,0.0,0.0,1.022773273289204,,2024,pit,RP
sa3008554,Rafael Martinez,P,0.7253999710083008,0.058400001376867294,1.0,0.0,0.0,0.5134598948061466,,2024,pit,RP
sa3019083,Richy Valdez,P,0.5414999723434448,0.09749999642372131,1.0,0.0,0.0,0.164606837183237,,2024,pit,RP
sa3015481,Johan Simon,P,0.7056000232696533,0.06260000169277191,1.0,0.0,0.0,0.635433289408684,DET,2024,pit,RP
sa3005875,Nicoly Pina,P,1.0,0.0,1.0,0.0,0.0,1.0133600503206255,,2024,pit,RP
sa3016774,Starlyn Pichardo,P,1.0,0.0,1.0,0.0,0.0,1.060533267259598,,2024,pit,RP
sa3008518,Ian Koch,P,1.0,0.0,1.0,0.0,0.0,0.9448867313563825,,2024,pit,RP
sa3016005,Emerson Talavera,P,1.0,0.0,1.0,0.0,0.0,0.80100652128458,,2024,pit,RP
sa3015950,Manuel De La Rosa,P,0.7939000129699707,0.04390000179409981,1.0,0.0,0.0,1.1003666788339617,,2024,pit,RP
sa3005257,Henry Valencio,P,1.0,0.0,1.0,0.0,0.0,0.9019066981971267,,2024,pit,RP
sa3018353,Luis Ramirez,P,0.5877000093460083,0.0877000018954277,1.0,0.0,0.0,0.26771323755383536,MIA,2024,pit,RP
sa737055,Jose Almonte,P,1.0,0.0,1.0,0.0,0.0,0.9447467491030697,,2024,pit,RP
sa3018286,Albert Rivas,P,0.5414999723434448,0.09749999642372131,1.0,0.0,0.0,0.2744535245001316,,2024,pit,RP
sa3019371,Lester Nin,P,0.6825000047683716,0.06750000268220901,1.0,0.0,0.0,0.32798648029565847,,2024,pit,RP
sa3015347,Harol Arias,P,1.0,0.0,1.0,0.0,0.0,0.992193561047316,BAL,2024,pit,RP
sa3007834,Taylor Lehman,P,10.0,0.0,10.0,0.0,0.5720999836921692,33.76227305531501,,2024,pit,RP
sa3018032,Alvaro Benua,P,0.5737000107765198,0.09070000052452087,1.0,0.0,0.0,0.3684001766145233,LAD,2024,pit,RP
sa3002921,Juan Manuel Abril,P,1.0,0.0,1.0,0.0,0.0,0.35690665692091006,CIN,2024,pit,RP
sa3016771,Jaison Brete,P,0.8210999965667725,0.038100000470876694,1.0,0.0,0.0,0.7223135218024255,,2024,pit,RP
sa3016036,Yariel Moreno,P,0.5877000093460083,0.0877000018954277,1.0,0.0,0.0,0.2429334573447708,,2024,pit,RP
sa3018899,Camilo Hernandez,P,0.5877000093460083,0.0877000018954277,1.0,0.0,0.0,0.1784932740032672,OAK,2024,pit,RP
sa3008733,Joel Benitez,P,1.0,0.0,1.0,0.0,0.0,1.1167466789484024,,2024,pit,RP
sa3015300,Elmson Candelario,P,0.5414999723434448,0.09749999642372131,1.0,0.0,0.0,0.15079336985945702,,2024,pit,RP
sa3009487,Miguel Vargas,P,0.7576000094413757,0.051600001752376556,1.0,0.0,0.0,0.5439934678375722,NYY,2024,pit,RP
sa3011641,Jose Viola,P,0.5612999796867371,0.093299999833107,1.0,0.0,0.0,0.20148001089692125,,2024,pit,RP
sa3018292,Jose Chavez,P,0.44999998807907104,0.11699999868869781,1.0,0.0,0.0,0.06673331782221803,,2024,pit,RP
sa1170406,Ryan Troutman,P,1.0,0.0,1.0,0.0,0.0,0.8843200422823432,,2024,pit,RP
sa3011678,Elian Almanzar,P,0.5414999723434448,0.09749999642372131,1.0,0.0,0.0,0.17294660583138466,,2024,pit,RP
sa3005739,Yefri Carrillo,P/OF,0.4846000075340271,0.1096000000834465,1.0,0.0,0.0,0.091066874563694,,2024,pit,RP
sa3009532,Joel Jimenez,P,0.4375999867916107,0.11959999799728394,1.0,0.0,0.0,-0.06255992650985709,CHC,2024,pit,RP
sa1170576,Whit Drennan,P,1.0,0.0,1.0,0.0,0.0,0.9310865908861161,,2024,pit,RP
sa3016213,Argenis Perez,P,0.6075000166893005,0.08349999785423279,1.0,0.0,0.0,0.27988000884652164,,2024,pit,RP
sa3019236,Owen Sharts,P,1.0,0.0,1.0,0.0,0.0,0.8733933828771119,,2024,pit,RP
17496,Diego Castillo,P,19.0,0.0,19.0,0.0,0.6092000007629395,64.76698279380797,,2024,pit,RP
sa873722,Franklin Pérez,P,1.0,0.0,1.0,0.0,0.0,0.8068133302032949,,2024,pit,RP
sa3018347,Mauricio Maican,P,0.4846000075340271,0.1096000000834465,1.0,0.0,0.0,0.16983986869454393,,2024,pit,RP
sa3015361,Lisander De La Cruz,P,0.828499972820282,0.0364999994635582,1.0,0.0,0.0,0.6410067327320581,,2024,pit,RP
sa3006635,Rael Santos,P,1.0,0.0,1.0,0.0,0.0,1.0663198895752433,,2024,pit,RP
sa3017641,Jhonny Felix,P,0.852400004863739,0.03139999881386757,1.0,0.0,0.0,0.6721198588609694,,2024,pit,RP
sa3009745,Gustavo Del Pozo,P,1.0,0.0,1.0,0.0,0.0,0.8490665659308436,,2024,pit,RP
sa3009481,Roberto Garza,P,0.5414999723434448,0.09749999642372131,1.0,0.0,0.0,0.12291990816593179,,2024,pit,RP
21513,Thaddeus Ward,P,19.0,0.0,19.0,0.0,0.5993000268936157,63.51626716852187,,2024,pit,RP
sa3011135,Antoine Kelly,P,28.0,0.0,28.0,0.0,0.6092000007629395,105.48381779193882,LAD,2024,pit,RP
26252,Erik Miller,P,44.0,0.0,44.0,0.0,0.6168000102043152,177.19089498519898,SFG,2024,pit,RP
sa3017015,Victor Pena,P,1.0,0.0,1.0,0.0,0.0,0.8843601711094382,KCR,2024,pit,RP
sa3007783,Zach Seipel,P,1.0,0.0,1.0,0.0,0.0,0.8553869560360909,ATL,2024,pit,RP
sa3017007,Wilker Palma,P,0.659500002861023,0.07249999791383743,1.0,0.0,0.0,0.33318671807646805,,2024,pit,RP
sa3016581,Miguel Pozo,P,1.0,0.0,1.0,0.0,0.0,0.958473324030638,,2024,pit,RP
sa3016268,Jhonny Gomez,P,0.6470999717712402,0.07509999722242355,1.0,0.0,0.0,0.18766652867198008,,2024,pit,RP
sa3016615,Juan Rodriguez,P,1.0,0.0,1.0,0.0,0.0,1.1862468361854561,TBR,2024,pit,RP
sa3016016,Anderson Azor,P,0.5877000093460083,0.0877000018954277,1.0,0.0,0.0,0.10464014858007475,,2024,pit,RP
sa3009211,Andres Ortuno,P,0.8037999868392944,0.04179999977350235,1.0,0.0,0.0,0.4970134079456332,,2024,pit,RP
sa3007907,Francisco Justo,P,1.0,0.0,1.0,0.0,0.0,0.7822001330554484,,2024,pit,RP
sa3016454,Elvis Contreras,P,1.0,0.0,1.0,0.0,0.0,0.7603067897260192,,2024,pit,RP
sa3017614,Cristian Jimenez,P,1.0,0.0,1.0,0.0,0.0,0.7294999904930592,,2024,pit,RP
sa3007219,Gabriel Rodriguez,P,1.0,0.0,1.0,0.0,0.0,0.9841202102601527,NYM,2024,pit,RP
sa3009738,Osiris Santana,P,1.0,0.0,1.0,0.0,0.0,0.5989534474909308,,2024,pit,RP
sa3016457,Nathanael Cruz,P,1.0,0.0,1.0,0.0,0.0,0.7547200605273248,,2024,pit,RP
sa3015455,Ruben Castillo,P,1.0,0.0,1.0,0.0,0.0,0.765446608513594,,2024,pit,RP
sa3019599,Yeiber Cartaya,P,0.45080000162124634,0.11680000275373459,1.0,0.0,0.0,0.06731352433562288,BAL,2024,pit,RP
sa3007771,Dallas Woolfolk,P,1.0,0.0,1.0,0.0,0.0,0.7077135212719439,,2024,pit,RP
24937,Austin Warren,P,10.0,0.0,10.0,0.0,0.6168000102043152,38.01078711748123,NYM,2024,pit,RP
sa3019581,Geury Rodriguez,P,0.7056000232696533,0.06260000169277191,1.0,0.0,0.0,0.3846331663429736,TEX,2024,pit,RP
sa3019045,Gilberto Alcala,P,0.7939000129699707,0.04390000179409981,1.0,0.0,0.0,0.3882866665720943,,2024,pit,RP
sa3016206,Patricio Ress,P,0.5810999870300293,0.08910000324249268,1.0,0.0,0.0,0.037359876185655505,,2024,pit,RP
sa3016007,Jose Andujar,P,0.505299985408783,0.10530000180006027,1.0,0.0,0.0,0.0295934095978736,,2024,pit,RP
sa3015453,Wander De La Rosa,P,0.7056000232696533,0.06260000169277191,1.0,0.0,0.0,0.1965134486556055,,2024,pit,RP
sa3017919,Kamron Fields,P,0.8912000060081482,0.02319999970495701,1.0,0.0,0.0,0.9384399712085729,,2024,pit,RP
sa3016472,Jorge Martinez,P,1.0,0.0,1.0,0.0,0.0,0.744453466683626,,2024,pit,RP
21367,Peter Strzelecki,P,12.0,0.0,12.0,0.0,0.6172000169754028,44.63413852453233,MIL,2024,pit,RP
15047,Austin Voth,P,45.619998931884766,1.6200000047683716,52.86149978637695,0.0,0.6481000185012817,198.20090022087098,CHW,2024,pit,RP
sa3016462,Geralmi Santana,P,1.0,0.0,1.0,0.0,0.0,0.7237667113542559,,2024,pit,RP
sa3003143,Fabricio Reina,P,1.0,0.0,1.0,0.0,0.0,0.7058999300003053,,2024,pit,RP
sa3016525,Johan Figuereo,P,0.5950999855995178,0.08609999716281891,1.0,0.0,0.0,-0.024613389372825534,,2024,pit,RP
sa3016290,Juan Severino,P,0.5414999723434448,0.09749999642372131,1.0,0.0,0.0,-0.07366635650396347,,2024,pit,RP
20080,Mauricio Llovera,P,14.0,0.0,14.0,0.0,0.6481000185012817,56.54371430873872,,2024,pit,RP
sa3015301,Cristopher Cruz,P,0.5414999723434448,0.09749999642372131,1.0,0.0,0.0,-0.13964028283953667,,2024,pit,RP
sa3019246,Darling Solano,P,0.5414999723434448,0.09749999642372131,1.0,0.0,0.0,-0.046460010111331496,,2024,pit,RP
sa3018370,Ricardo Montero,P,0.5580000281333923,0.09399999678134918,1.0,0.0,0.0,-0.0853201910853385,LAD,2024,pit,RP
sa3018849,Jose Felipe Torres,P,0.6825000047683716,0.06750000268220901,1.0,0.0,0.0,0.13907322064042127,,2024,pit,RP
sa3006399,Alan Perdomo,P,1.0,0.0,1.0,0.0,0.0,0.5394200138747696,,2024,pit,RP
sa3015474,Jesus Valdez,P,1.0,0.0,1.0,0.0,0.0,0.5628201492130755,,2024,pit,RP
sa3016744,Edgar Zuniga,P,0.770799994468689,0.04879999905824661,1.0,0.0,0.0,0.20340659916400927,,2024,pit,RP
sa3016008,Kenyi Perez,P,1.0,0.0,1.0,0.0,0.0,0.7755533009767537,CHC,2024,pit,RP
sa3015965,Javier Fuenmayor,P,1.0,0.0,1.0,0.0,0.0,0.24067337065935135,,2024,pit,RP
sa3010114,Tyson Messer,P,1.0,0.0,1.0,0.0,0.0,0.48426645770668975,,2024,pit,RP
21229,Daniel Robert,P,11.0,0.0,11.0,0.0,0.6092000007629395,40.61926008462906,PHI,2024,pit,RP
16128,John Curtiss,P,17.0,0.0,17.0,0.0,0.5697000026702881,46.075393784046184,ARI,2024,pit,RP
sa3011785,Alejandro Méndez,P,1.0,0.0,1.0,0.0,0.0,0.8804867111146453,,2024,pit,RP
sa3019183,Chariel Radney,P,0.5414999723434448,0.09749999642372131,1.0,0.0,0.0,-0.03445352837443316,,2024,pit,RP
sa3011817,Douglas Mijares,P,0.770799994468689,0.04879999905824661,1.0,0.0,0.0,0.21080643758177775,,2024,pit,RP
sa917183,David Sanchez,P/OF,1.0,0.0,1.0,0.0,0.0,0.7085133090615274,,2024,pit,RP
sa3006575,Frederic Garcia,P,1.0,0.0,1.0,0.0,0.0,0.6471332699060444,,2024,pit,RP
sa3008716,Reny Artiles,P,1.0,0.0,1.0,0.0,0.0,0.8502934098243715,,2024,pit,RP
sa3019069,Oscar Moreta,P,0.652899980545044,0.0738999992609024,1.0,0.0,0.0,0.08759350925684029,,2024,pit,RP
sa3006352,Delvis Alegre,P,1.0,0.0,1.0,0.0,0.0,0.42626644074916875,,2024,pit,RP
22288,Mason Englert,P,22.0,0.0,22.0,0.0,0.6222000122070312,79.14901101589204,TBR,2024,pit,RP
sa3009723,Jason Bonilla,P,0.5877000093460083,0.0877000018954277,1.0,0.0,0.0,-0.015760076045989724,,2024,pit,RP
sa3019491,Eddy Alberto,P,0.6248000264167786,0.07980000227689743,1.0,0.0,0.0,0.16216664910316458,,2024,pit,RP
sa3006384,Adolfo Bauza,P,0.6248000264167786,0.07980000227689743,1.0,0.0,0.0,0.015066707134246737,,2024,pit,RP
sa3019372,Ramon Cuevas,P,0.770799994468689,0.04879999905824661,1.0,0.0,0.0,0.17902024611830747,,2024,pit,RP
sa3016527,Jheremy Vicente,P,0.5703999996185303,0.09139999747276306,1.0,0.0,0.0,-0.08064002096652967,,2024,pit,RP
sa3018041,Greiber Mendez,P,0.7939000129699707,0.04390000179409981,1.0,0.0,0.0,0.2686401627957822,PIT,2024,pit,RP
sa3018340,Leonardo Lugo,P,0.5414999723434448,0.09749999642372131,1.0,0.0,0.0,-0.1466800153255461,,2024,pit,RP
sa3016275,Elvis Saba,P,1.0,0.0,1.0,0.0,0.0,0.5571266151964669,,2024,pit,RP
sa3020738,Jack Jasiak,P,1.0,0.0,1.0,0.0,0.0,0.775900062173605,CLE,2024,pit,RP
sa3017321,Jordarlin Mendoza,P,1.0,0.0,1.0,0.0,0.0,0.7235467076301578,NYY,2024,pit,RP
sa3011880,Luis Alcala,P,0.8029000163078308,0.04190000146627426,1.0,0.0,0.0,-0.040200138837099164,,2024,pit,RP
sa3009493,Miguel Cordones,P,0.7609000205993652,0.05090000107884407,1.0,0.0,0.0,0.14850676208734503,,2024,pit,RP
sa3016520,Nixon Parra,P,0.6092000007629395,0.08320000022649765,1.0,0.0,0.0,-0.047213321924209684,,2024,pit,RP
sa3016025,Juan Soto,P,0.46239998936653137,0.1143999993801117,1.0,0.0,0.0,-0.172506530582905,HOU,2024,pit,RP
sa3016464,Emmanuel Marcano,P,0.7939000129699707,0.04390000179409981,1.0,0.0,0.0,0.2152335382997994,,2024,pit,RP
sa3016061,Welinton Herrera,P,1.0,0.0,1.0,0.0,0.0,0.6310134477913381,COL,2024,pit,RP
16794,Josh James,P,8.0,0.0,8.0,0.0,0.6334999799728394,28.969919681549076,,2024,pit,RP
sa3017821,Jose Pena Jr.,P,0.6248000264167786,0.07980000227689743,1.0,0.0,0.0,-0.305039774626493,PHI,2024,pit,RP
sa3006516,Kevin Garcia,P,1.0,0.0,1.0,0.0,0.0,0.5640332438051705,,2024,pit,RP
sa3016588,Andri Tavarez,P,1.0,0.0,1.0,0.0,0.0,0.5650331407785414,,2024,pit,RP
sa3015459,Ignacio Briceno,P,1.0,0.0,1.0,0.0,0.0,0.5149665988981726,,2024,pit,RP
sa3016595,Steven Sanchez,P,0.6561999917030334,0.07320000231266022,1.0,0.0,0.0,0.5097199022769927,,2024,pit,RP
sa3006376,Luis Gomez,P,1.0,0.0,1.0,0.0,0.0,0.4314268536865713,,2024,pit,RP
23779,Justin Bruihl,P,8.0,0.0,8.0,0.0,0.5863000154495239,24.480774474143985,STL,2024,pit,RP
sa3011624,Deretd Parra,P,1.0,0.0,1.0,0.0,0.0,0.5115532629191879,,2024,pit,RP
sa3018807,Anfernny Reyes,P,1.0,0.0,1.0,0.0,0.0,0.5651268281042579,MIL,2024,pit,RP
sa3019187,Melvyn Amador,P,0.5877000093460083,0.0877000018954277,1.0,0.0,0.0,-0.0889199711382389,CHC,2024,pit,RP
sa3016467,Jesus Silverio,P,0.5877000093460083,0.0877000018954277,1.0,0.0,0.0,-0.1509998522698881,,2024,pit,RP
sa3018311,Michael Saturria,P,1.0,0.0,1.0,0.0,0.0,0.5888333678245545,,2024,pit,RP
18311,Carson Fulmer,P,6.0,0.0,6.0,0.0,0.6460999846458435,20.779260188341148,PIT,2024,pit,RP
sa3011537,Tyler Statler,P,0.7253999710083008,0.058400001376867294,1.0,0.0,0.0,0.05271342992782602,,2024,pit,RP
sa3015462,Fraimin Marte,P,0.5737000107765198,0.09070000052452087,1.0,0.0,0.0,-0.1782067351043226,,2024,pit,RP
sa3015486,Jose Rojas,P,0.770799994468689,0.04879999905824661,1.0,0.0,0.0,0.07849343121051788,,2024,pit,RP
sa3015422,Jean Herrera,P,1.0,0.0,1.0,0.0,0.0,0.45835987031459835,,2024,pit,RP
sa3019127,Leomar Rosario,P,0.5877000093460083,0.0877000018954277,1.0,0.0,0.0,-0.026439919322728933,HOU,2024,pit,RP
sa3015970,Ronny Chalas,P,1.0,0.0,1.0,0.0,0.0,0.50266654714942,,2024,pit,RP
sa3019117,Guillermo Arvizu,P,1.0,0.0,1.0,0.0,0.0,0.5233068250119688,,2024,pit,RP
sa3015436,Adrian Luna,P,0.7253999710083008,0.058400001376867294,1.0,0.0,0.0,0.02052018120884913,,2024,pit,RP
sa3016236,Jan Pena,P,1.0,0.0,1.0,0.0,0.0,0.4111334517598153,NYY,2024,pit,RP
sa3021033,Anel Cabrera,P,1.0,0.0,1.0,0.0,0.0,0.44307336062192926,,2024,pit,RP
21487,Stephen Kolek,P,52.0,0.0,52.0,0.0,6.277299880981445,213.38437356948853,KCR,2024,pit,RP
sa3011441,Issac Solano,P,0.4846000075340271,0.1096000000834465,1.0,0.0,0.0,-0.18674676418304426,,2024,pit,RP
sa917964,Skylar Szynski,P,1.0,0.0,1.0,0.0,0.0,0.39855338931083706,,2024,pit,RP
sa3016585,Vladimir Davila,P,1.0,0.0,1.0,0.0,0.0,-0.2405198931694028,,2024,pit,RP
sa3021009,Elwis Mijares,P,0.8202000260353088,0.03819999843835831,1.0,0.0,0.0,0.20222687721252441,NYM,2024,pit,RP
sa3005846,Luis Paulino,P,1.0,0.0,1.0,0.0,0.0,0.44817324355244637,,2024,pit,RP
sa3011868,Stanley Encarnacion,P,0.770799994468689,0.04879999905824661,1.0,0.0,0.0,0.08601320609450358,,2024,pit,RP
sa3021812,Bernard Jose,P,0.715499997138977,0.060499999672174454,1.0,0.0,0.0,0.007880105078220456,SDP,2024,pit,RP
19795,Keegan Thompson,P,36.0,0.0,36.0,0.0,0.6262999773025513,130.65808348655705,COL,2024,pit,RP
sa3015962,Pedro Rodriguez,P,1.0,0.0,1.0,0.0,0.0,0.47748018726706487,NYY,2024,pit,RP
sa3016502,Jarold Rosado,P,0.7831000089645386,0.04610000178217888,1.0,0.0,0.0,0.04771333113312748,CHW,2024,pit,RP
sa3015925,Jesus Luna,P,1.0,0.0,1.0,0.0,0.0,0.42555992826819455,,2024,pit,RP
sa3009587,Johangel Ramirez,P,0.7253999710083008,0.058400001376867294,1.0,0.0,0.0,-0.015153295546769918,,2024,pit,RP
sa3018813,Miguel Olivares,P,1.0,0.0,1.0,0.0,0.0,0.4627865411341192,,2024,pit,RP
sa3016739,Luis Polanco,P,1.0,0.0,1.0,0.0,0.0,0.3561933144927023,,2024,pit,RP
sa3018812,Luis Hernandez,P,0.7419000267982483,0.05490000173449516,1.0,0.0,0.0,0.46610652059316626,,2024,pit,RP
sa3019250,Josbel Garcia,P,0.7741000056266785,0.04809999838471413,1.0,0.0,0.0,-0.03550665676593745,PHI,2024,pit,RP
20353,Steven Wilson,P,63.0,0.0,63.0,5.988999843597412,11.577899932861328,294.3366824626923,TBR,2024,pit,RP
sa3015967,Pedro Almanzar,P,1.0,0.0,1.0,0.0,0.0,0.36611329764127776,,2024,pit,RP
sa3019155,Yoryi Simarra,P,0.8037999868392944,0.04179999977350235,1.0,0.0,0.0,0.1542202346026902,,2024,pit,RP
sa3019696,Fraynel Nova,P,1.0,0.0,1.0,0.0,0.0,0.3551999300718309,KCR,2024,pit,RP
sa3016233,Carlos Rosario,P,1.0,0.0,1.0,0.0,0.0,0.36399348527193087,,2024,pit,RP
sa3015330,Sandi Charle,P,1.0,0.0,1.0,0.0,0.0,0.38040673509240186,,2024,pit,RP
sa3008728,Jordany Vasquez,P,0.7419000267982483,0.05490000173449516,1.0,0.0,0.0,0.18191347047686612,BAL,2024,pit,RP
sa3008795,Teofilo Mendez,P/3B,1.0,0.0,1.0,0.0,0.0,0.3739533543586733,ARI,2024,pit,RP
sa3019061,Johandry Milano,P,1.0,0.0,1.0,0.0,0.0,0.3691133454442026,,2024,pit,RP
sa3016281,Jesus A. Rodriguez,P,1.0,0.0,1.0,0.0,0.0,0.44188667088747025,,2024,pit,RP
sa3016259,Austin Aldeano,P,1.0,0.0,1.0,0.0,0.0,0.34169337525963783,,2024,pit,RP
sa3019257,Biembenido  Brito,P,0.7419000267982483,0.05490000173449516,1.0,0.0,0.0,0.1162066802382471,,2024,pit,RP
sa3016507,Humberto Jimenez,P,0.7831000089645386,0.04610000178217888,1.0,0.0,0.0,-0.015986560285091045,,2024,pit,RP
sa3008692,Rafael Tua,P,1.0,0.0,1.0,0.0,0.0,0.363333022594452,,2024,pit,RP
sa3019075,Amauri Otero,P,0.7253999710083008,0.058400001376867294,1.0,0.0,0.0,-0.028860122710466563,,2024,pit,RP
sa3009610,David Morillo,P,0.7939000129699707,0.04390000179409981,1.0,0.0,0.0,0.6309067837893965,,2024,pit,RP
sa3016470,Lesther Medrano,P,1.0,0.0,1.0,0.0,0.0,0.28388001099228877,,2024,pit,RP
sa3009715,Luis Nunez,P,1.0,0.0,1.0,0.0,0.0,0.3344068408012393,,2024,pit,RP
sa3018833,Rafelin Nivar,P,1.0,0.0,1.0,0.0,0.0,0.3939667619764804,,2024,pit,RP
sa3018810,David Rodriguez,P,1.0,0.0,1.0,0.0,0.0,0.3582733787596224,KCR,2024,pit,RP
sa3019565,Anthony Bello,P,1.0,0.0,1.0,0.0,0.0,0.3143601544201373,,2024,pit,RP
sa3017010,Ismael Agreda,P,0.7253999710083008,0.058400001376867294,1.0,0.0,0.0,-0.012933176010847092,TEX,2024,pit,RP
sa3021025,Miguel Valdez,P,0.8210999965667725,0.038100000470876694,1.0,0.0,0.0,0.07518001645803452,,2024,pit,RP
22210,Jeremiah Estrada,P,61.0,0.0,61.0,0.0,11.454700469970703,282.48300333023076,SDP,2024,pit,RP
18088,Cody Stashak,P,17.0,0.0,17.0,0.0,0.6168000102043152,64.56577117443086,,2024,pit,RP
sa3008362,Steven Pérez,P,1.0,0.0,1.0,0.0,0.0,0.37428671568632144,CLE,2024,pit,RP
sa3017823,Yenfri Sosa,P,1.0,0.0,1.0,0.0,0.0,0.3936264999210839,KCR,2024,pit,RP
sa3016623,Anthony Perez,P,0.7576000094413757,0.051600001752376556,1.0,0.0,0.0,-0.008766303956508459,,2024,pit,RP
sa3015448,Sergio Caruci,P,1.0,0.0,1.0,0.0,0.0,0.35118652954697627,,2024,pit,RP
sa3016222,Simon Pacheco,P,1.0,0.0,1.0,0.0,0.0,0.2783334478735928,,2024,pit,RP
sa3018871,Elian Serrata,P,1.0,0.0,1.0,0.0,0.0,0.33488680198788634,,2024,pit,RP
sa3016593,Carlos Sarmiento,P,1.0,0.0,1.0,0.0,0.0,0.32513988614082345,,2024,pit,RP
sa3016812,Emilio Castillo,P,1.0,0.0,1.0,0.0,0.0,0.39871329739689854,,2024,pit,RP
sa3015932,Nelvis Ochoa,P,1.0,0.0,1.0,0.0,0.0,0.269706781208515,,2024,pit,RP
sa3009714,Luis Lopez,P,1.0,0.0,1.0,0.0,0.0,0.24019984826445606,,2024,pit,RP
sa3016503,Gustavo Rivas,P,1.0,0.0,1.0,0.0,0.0,0.28585331737995157,,2024,pit,RP
sa3016490,Starlin Santos,P,1.0,0.0,1.0,0.0,0.0,0.303546839207411,,2024,pit,RP
sa3019145,Dermis Ordonez,P,0.6833999752998352,0.0674000009894371,1.0,0.0,0.0,-0.1528199598193165,,2024,pit,RP
sa3009473,Jose Gonzalez,P,1.0,0.0,1.0,0.0,0.0,0.26597326397895804,,2024,pit,RP
24609,Braydon Fisher,P,8.0,0.0,8.0,0.0,0.6545000076293945,27.23069477081299,TOR,2024,pit,RP
sa3016057,Jose Aguirre,P,1.0,0.0,1.0,0.0,0.0,0.307066605985165,,2024,pit,RP
sa3015461,Brayan Restituyo,P,1.0,0.0,1.0,0.0,0.0,0.3567333377897741,OAK,2024,pit,RP
sa3016948,Kinn Omosako,P,0.8127999901771545,0.039799999445676804,1.0,0.0,0.0,-0.005706484615802587,LAD,2024,pit,RP
sa3009612,Julio Ayola,P,1.0,0.0,1.0,0.0,0.0,0.21480675637722024,,2024,pit,RP
sa3008709,Felix Polanco,P,1.0,0.0,1.0,0.0,0.0,0.31255985274910936,,2024,pit,RP
sa3015460,Francisco Lucumi,P,1.0,0.0,1.0,0.0,0.0,0.19956682845950136,,2024,pit,RP
sa3019885,Alexis Liebano,P,0.770799994468689,0.04879999905824661,1.0,0.0,0.0,-0.0850330539047719,ARI,2024,pit,RP
sa3009203,Odue Civada,P,1.0,0.0,1.0,0.0,0.0,0.24837328940629977,,2024,pit,RP
sa3019616,Jose Linares,P,1.0,0.0,1.0,0.0,0.0,0.27924655899405515,,2024,pit,RP
sa3015941,Donys Garcia,P,1.0,0.0,1.0,0.0,0.0,0.30954672023653984,,2024,pit,RP
sa3006821,Darlin Noboa,P,1.0,0.0,1.0,0.0,0.0,0.24427999928593636,,2024,pit,RP
sa3015503,Carlos Hinestroza,P,1.0,0.0,1.0,0.0,0.0,0.20711988285183924,,2024,pit,RP
sa3015430,Kevin Ribon,P,1.0,0.0,1.0,0.0,0.0,0.1703867539763455,,2024,pit,RP
sa3017986,Cristian Galindo,P,1.0,0.0,1.0,0.0,0.0,-0.3217668071389199,CIN,2024,pit,RP
sa3016014,Pavel Duarte,P,0.8557000160217285,0.030700000002980232,1.0,0.0,0.0,0.08438668847084063,,2024,pit,RP
sa3007603,Abel Moya,P,1.0,0.0,1.0,0.0,0.0,0.1502466134727003,,2024,pit,RP
sa3019391,Marcos  Fortunato,P,1.0,0.0,1.0,0.0,0.0,-0.019373299181461245,,2024,pit,RP
sa3016280,Luis Acosta,P,1.0,0.0,1.0,0.0,0.0,0.21785965040326127,,2024,pit,RP
sa3016522,Junior Castillo,P,0.7939000129699707,0.04390000179409981,1.0,0.0,0.0,-0.01777991056442252,,2024,pit,RP
19647,Matt Foster,P,13.0,0.0,13.0,0.0,0.5733000040054321,44.92834726572037,,2024,pit,RP
sa3016620,Kevison Hernandez,P,1.0,0.0,1.0,0.0,0.0,0.28307355716824567,,2024,pit,RP
sa3011375,Wilny Moron,P,1.0,0.0,1.0,0.0,0.0,0.1919332884252074,,2024,pit,RP
sa3015428,Jonaiker Palacios,P,1.0,0.0,1.0,0.0,0.0,0.20584665760397902,,2024,pit,RP
sa3015429,Jeremy Peguero,P,1.0,0.0,1.0,0.0,0.0,0.45576002001762417,,2024,pit,RP
sa3016814,Luis Baldiris,P,1.0,0.0,1.0,0.0,0.0,0.22344669252634075,,2024,pit,RP
sa3018320,Luis Torres,P,1.0,0.0,1.0,0.0,0.0,0.32420005425810805,TOR,2024,pit,RP
sa3015445,Miguel Martinez,P,1.0,0.0,1.0,0.0,0.0,0.31844006627798116,,2024,pit,RP
sa3016602,Luis Joseph,P,1.0,0.0,1.0,0.0,0.0,0.16546655893325823,,2024,pit,RP
sa3006144,Cristian Acosta,P,1.0,0.0,1.0,0.0,0.0,0.20948669090867078,,2024,pit,RP
sa3016047,Welington Quintero,P,1.0,0.0,1.0,0.0,0.0,0.16805344894528407,,2024,pit,RP
sa3018881,Yoerys Hernandez,P,1.0,0.0,1.0,0.0,0.0,0.21089319512248084,,2024,pit,RP
sa3015424,Alberluis Matos,P,1.0,0.0,1.0,0.0,0.0,0.25919328704476374,,2024,pit,RP
sa3009250,Jose Rivas,P,1.0,0.0,1.0,0.0,0.0,0.18453335985541397,,2024,pit,RP
sa3011377,Isaac Rudecindo,P,1.0,0.0,1.0,0.0,0.0,0.20767334699630746,,2024,pit,RP
sa3015507,Luis R. Reyes,P,1.0,0.0,1.0,0.0,0.0,0.20282017961144483,,2024,pit,RP
sa3016481,Franklin Corniel,P,1.0,0.0,1.0,0.0,0.0,0.20459302961826342,,2024,pit,RP
sa3016033,Dikember Sanchez,P,1.0,0.0,1.0,0.0,0.0,0.1881798982620242,,2024,pit,RP
sa3018346,José Fernández,P,1.0,0.0,1.0,0.0,0.0,0.1057468742132186,,2024,pit,RP
sa3015405,Edrian Robinson,P,0.670199990272522,0.07020000368356705,1.0,0.0,0.0,-0.2860732637345791,,2024,pit,RP
sa3015351,Stiven Almanzar,P,1.0,0.0,1.0,0.0,0.0,0.059346520155668436,MIA,2024,pit,RP
sa3015466,Christopher Dishmey,P,1.0,0.0,1.0,0.0,0.0,0.1437998861074452,,2024,pit,RP
sa3010578,Jairo Vásquez,P,1.0,0.0,1.0,0.0,0.0,0.15185994803905523,,2024,pit,RP
sa3019490,Yensy Bello,P,1.0,0.0,1.0,0.0,0.0,0.28105325922369984,LAA,2024,pit,RP
sa3011598,Michael Francisco,P,1.0,0.0,1.0,0.0,0.0,0.1713733509182931,,2024,pit,RP
sa3016496,Felix Cabrera,P,1.0,0.0,1.0,0.0,0.0,0.19302670508623132,,2024,pit,RP
sa3015482,Yohan Crispin,P,1.0,0.0,1.0,0.0,0.0,0.15676685720682126,,2024,pit,RP
sa3005837,Emmanuel Duran,P,1.0,0.0,1.0,0.0,0.0,0.18619327247142836,,2024,pit,RP
sa3019144,Jhosep Chirinos,P,1.0,0.0,1.0,0.0,0.0,0.2952931478619578,,2024,pit,RP
sa3009936,Edgar Isea,P,1.0,0.0,1.0,0.0,0.0,0.26986669078469294,,2024,pit,RP
sa3018853,Juan Oramas,P,1.0,0.0,1.0,0.0,0.0,0.32479334175586727,,2024,pit,RP
sa3018344,Gemil Santa,P,0.8037999868392944,0.04179999977350235,1.0,0.0,0.0,-0.10076659917831376,,2024,pit,RP
sa3019598,Edinson Salgado,P,0.762499988079071,0.05050000175833702,1.0,0.0,0.0,-0.11828671991825068,KCR,2024,pit,RP
sa3018343,Mado Villegas,P,1.0,0.0,1.0,0.0,0.0,0.12926001921296137,,2024,pit,RP
sa3017143,Gabriel Agrazal,P,1.0,0.0,1.0,0.0,0.0,0.11273325830698022,,2024,pit,RP
sa3016067,Yokelvin Reyes,P,1.0,0.0,1.0,0.0,0.0,0.21647352948784837,LAA,2024,pit,RP
sa3017318,Franyer Duarte,P,1.0,0.0,1.0,0.0,0.0,9.33244824410373e-05,MIA,2024,pit,RP
sa3016247,Yoelvis Burguillos,P,1.0,0.0,1.0,0.0,0.0,0.048439813405275256,,2024,pit,RP
sa3019143,Keninson Diaz,P,1.0,0.0,1.0,0.0,0.0,0.2170066088438034,,2024,pit,RP
sa3017765,Dairon De Jesus,P,1.0,0.0,1.0,0.0,0.0,0.1942001774907114,OAK,2024,pit,RP
sa3017657,Alvaro Mejias,P,1.0,0.0,1.0,0.0,0.0,0.11345973312854785,TBR,2024,pit,RP
sa3009261,Dahan Batista,P,1.0,0.0,1.0,0.0,0.0,0.019966498762369334,,2024,pit,RP
sa3016586,Ismael Mota,P,1.0,0.0,1.0,0.0,0.0,0.18919997364282626,,2024,pit,RP
sa3016270,Ismael Michel,P,1.0,0.0,1.0,0.0,0.0,0.12939997985959062,,2024,pit,RP
sa3015493,Pedro Santillan,P,1.0,0.0,1.0,0.0,0.0,0.08743313476443326,,2024,pit,RP
sa3015939,Michael Perdomo,P,1.0,0.0,1.0,0.0,0.0,0.10810008794069326,,2024,pit,RP
sa3016488,Victor Fransua,P,1.0,0.0,1.0,0.0,0.0,0.14853999167680776,,2024,pit,RP
sa3015957,Daniel Gonzalez,P,1.0,0.0,1.0,0.0,0.0,0.20159303545951834,,2024,pit,RP
sa3007900,Daniel Figueroa,P,1.0,0.0,1.0,0.0,0.0,0.09377343654632586,,2024,pit,RP
sa3008473,Adauri Vicente,P,1.0,0.0,1.0,0.0,0.0,0.09794668480753899,,2024,pit,RP
sa3018361,Felix Castro,P,1.0,0.0,1.0,0.0,0.0,0.17122675329446846,OAK,2024,pit,RP
sa3015943,Jesus Querales,P,1.0,0.0,1.0,0.0,0.0,0.1323867104947567,,2024,pit,RP
sa3016796,Keneth Quintanilla,P,1.0,0.0,1.0,0.0,0.0,0.17078686654567754,,2024,pit,RP
sa3009752,Mario Doble,P,1.0,0.0,1.0,0.0,0.0,0.09780668616294896,,2024,pit,RP
sa3019292,Yoan Valdez,P,1.0,0.0,1.0,0.0,0.0,0.09541330635547673,DET,2024,pit,RP
sa3015472,Luis Acosta,P,1.0,0.0,1.0,0.0,0.0,0.10203317478299168,,2024,pit,RP
sa3016514,Aneudis George,P,1.0,0.0,1.0,0.0,0.0,0.02716007903218287,,2024,pit,RP
sa3015984,Ken Salas,P,1.0,0.0,1.0,0.0,0.0,0.10737319439649573,,2024,pit,RP
sa3015977,Omar Yanez,P,1.0,0.0,1.0,0.0,0.0,0.16470024213194856,,2024,pit,RP
sa3005708,Jorge Ferrer,P,1.0,0.0,1.0,0.0,0.0,0.18386664241552353,,2024,pit,RP
sa3008490,Enmanuel Pio,P,1.0,0.0,1.0,0.0,0.0,0.051286856085062116,,2024,pit,RP
sa3017098,Victor Soteldo,P,1.0,0.0,1.0,0.0,0.0,0.08711339607834834,,2024,pit,RP
sa3011499,Americo Lugo,P,1.0,0.0,1.0,0.0,0.0,0.08390032202005404,,2024,pit,RP
sa3017038,Sebastian Perrone,P,1.0,0.0,1.0,0.0,0.0,0.10682664364576366,,2024,pit,RP
sa3016003,Randel Clemente,P,1.0,0.0,1.0,0.0,0.0,0.17815339416265497,STL,2024,pit,RP
14975,Chad Kuhl,P,14.0,0.0,14.0,0.0,0.5733000040054321,49.28605934381487,,2024,pit,RP
sa3016600,Johnny Grullon,P,1.0,0.0,1.0,0.0,0.0,0.11042649522423753,,2024,pit,RP
sa3015951,Edwin Zamudio,P,1.0,0.0,1.0,0.0,0.0,0.01872008666396141,,2024,pit,RP
sa3015511,Herlyn Pena,P,1.0,0.0,1.0,0.0,0.0,0.20240665748715392,,2024,pit,RP
sa3019172,Cristian Rueda,P,1.0,0.0,1.0,0.0,0.0,0.03672000616788873,,2024,pit,RP
sa3019260,Nelfri Payano,P,1.0,0.0,1.0,0.0,0.0,0.09370671585202217,CIN,2024,pit,RP
sa3019279,Brandison Polanco,P,1.0,0.0,1.0,0.0,0.0,0.03657342344522485,,2024,pit,RP
sa3019138,Keider Herrera,P,1.0,0.0,1.0,0.0,0.0,0.026900068670511423,,2024,pit,RP
sa3016207,Joaquin Tejada,P,1.0,0.0,1.0,0.0,0.0,0.08681334480643255,,2024,pit,RP
sa3016051,Carlos Millan,P,1.0,0.0,1.0,0.0,0.0,0.10463318601250693,,2024,pit,RP
sa3016591,Diego Navarro,P,1.0,0.0,1.0,0.0,0.0,0.054646760970353814,,2024,pit,RP
sa3015980,Stiwar Adames,P,1.0,0.0,1.0,0.0,0.0,0.05938639789819744,,2024,pit,RP
sa3016250,Yonathan Ochoa,P,1.0,0.0,1.0,0.0,0.0,0.0455934457480911,,2024,pit,RP
sa3011372,Julio Bonilla,P,1.0,0.0,1.0,0.0,0.0,0.1407865434885025,,2024,pit,RP
sa3006496,Luis Villar,P,1.0,0.0,1.0,0.0,0.0,0.10809332281351125,,2024,pit,RP
sa3016219,Victor Basora,P,1.0,0.0,1.0,0.0,0.0,0.04008676037192371,,2024,pit,RP
sa3018876,Adrian Santana,P,0.7939000129699707,0.04390000179409981,1.0,0.0,0.0,-0.23926638737320882,,2024,pit,RP
sa3015479,Junior Flores,P,0.9488999843597412,0.010900000110268593,1.0,0.0,0.0,0.3304597094655035,PIT,2024,pit,RP
sa3010251,Harif Frias,P,1.0,0.0,1.0,0.0,0.0,0.2635333083570006,,2024,pit,RP
sa3005434,Jose Brito,P,1.0,0.0,1.0,0.0,0.0,0.05355311334133139,,2024,pit,RP
sa3018902,Abel Mendez,P,0.7419000267982483,0.05490000173449516,1.0,0.0,0.0,-0.29324675127863875,,2024,pit,RP
sa3019133,Melvin Javier,P,0.835099995136261,0.035100001841783524,1.0,0.0,0.0,-0.21381332501769013,,2024,pit,RP
sa3015371,Henry Nunez,P,1.0,0.0,1.0,0.0,0.0,0.1280530549585821,,2024,pit,RP
sa3018848,Luciano Romero,P,0.7056000232696533,0.06260000169277191,1.0,0.0,0.0,-0.3758132755756378,,2024,pit,RP
sa3019256,Ronny Robles,P,1.0,0.0,1.0,0.0,0.0,0.037539889663458226,,2024,pit,RP
sa3018811,Santiago Sojo,P,1.0,0.0,1.0,0.0,0.0,0.048126880824566065,,2024,pit,RP
sa3015991,Gleiber Morales,P,1.0,0.0,1.0,0.0,0.0,0.0468531236052514,,2024,pit,RP
sa3019673,Danery Tejada,P,1.0,0.0,1.0,0.0,0.0,0.07092655301094064,,2024,pit,RP
sa3016844,Diego Linares,P,1.0,0.0,1.0,0.0,0.0,0.0468600839376454,,2024,pit,RP
sa3015491,Jesus Clode,P,1.0,0.0,1.0,0.0,0.0,0.002459768205881563,,2024,pit,RP
sa3016617,Gregory Baez,P,1.0,0.0,1.0,0.0,0.0,0.04991338998079309,,2024,pit,RP
sa3018850,Peter Bonilla,P,1.0,0.0,1.0,0.0,0.0,0.1401598080992703,LAD,2024,pit,RP
sa3016508,Jean Carlos Reyes,P,1.0,0.0,1.0,0.0,0.0,0.017700061947107493,,2024,pit,RP
sa3018847,Jhonly Taveras,P,0.6248000264167786,0.07980000227689743,1.0,0.0,0.0,-0.42728678286075583,,2024,pit,RP
sa3015944,Luis Faringthon,P,1.0,0.0,1.0,0.0,0.0,0.03399364948272732,,2024,pit,RP
sa3016239,Anthony Martinez,P,1.0,0.0,1.0,0.0,0.0,0.06811333149671572,,2024,pit,RP
sa3015146,Luis Diaz,P,1.0,0.0,1.0,0.0,0.0,0.0643401369452481,,2024,pit,RP
sa3018851,Domingo Geronimo,P,1.0,0.0,1.0,0.0,0.0,0.015613191574812113,,2024,pit,RP
sa3017979,Josue Carmona,P,1.0,0.0,1.0,0.0,0.0,0.10461324304342279,,2024,pit,RP
sa3006972,Miguel Diaz,P,1.0,0.0,1.0,0.0,0.0,0.036146684736013235,,2024,pit,RP
sa3019115,Miguel Hernandez,P,1.0,0.0,1.0,0.0,0.0,0.13306653723120698,,2024,pit,RP
sa3019179,Jordy Luciano,P,1.0,0.0,1.0,0.0,0.0,0.1328199408948425,,2024,pit,RP
sa3009459,Fernando Ortega,P,1.0,0.0,1.0,0.0,0.0,-0.06486641615629152,,2024,pit,RP
sa3009526,Nelson Cuevas,P,1.0,0.0,1.0,0.0,0.0,0.002126797288656501,,2024,pit,RP
sa3016582,Diego Chiquillo,P,1.0,0.0,1.0,0.0,0.0,0.15360681712627455,,2024,pit,RP
sa3018363,Diovel Mariano,P,1.0,0.0,1.0,0.0,0.0,-0.07788674533367157,CLE,2024,pit,RP
sa3018282,Omar Munoz,P,1.0,0.0,1.0,0.0,0.0,-0.06298003867268553,,2024,pit,RP
sa3015969,Bienvenido Polanco,P,1.0,0.0,1.0,0.0,0.0,-0.02028672918677321,,2024,pit,RP
sa3016289,Baltazar Arredondo,P,1.0,0.0,1.0,0.0,0.0,0.041139723360538394,,2024,pit,RP
sa3016590,Cesar Ruiz,P,1.0,0.0,1.0,0.0,0.0,0.023659827560186475,,2024,pit,RP
sa3016238,Yon Landaeta,P,1.0,0.0,1.0,0.0,0.0,0.22340642437338865,,2024,pit,RP
sa3018316,Jose S. Mendoza,P,1.0,0.0,1.0,0.0,0.0,0.03806651607155853,,2024,pit,RP
sa3016237,Raimund Uzcategui,P,1.0,0.0,1.0,0.0,0.0,-0.04129323810338992,,2024,pit,RP
sa3015999,Bruno Lopez,P,1.0,0.0,1.0,0.0,0.0,0.05320675820112264,STL,2024,pit,RP
sa3019072,Santiago Quintero,P,1.0,0.0,1.0,0.0,0.0,-0.07296690791845295,,2024,pit,RP
sa3008717,Edgar Castro,P,1.0,0.0,1.0,0.0,0.0,0.015713508427143363,,2024,pit,RP
sa3018854,Alvaro Gamez,P,1.0,0.0,1.0,0.0,0.0,-0.022886714339256375,,2024,pit,RP
sa3016252,Dianye Florentino,P,1.0,0.0,1.0,0.0,0.0,0.019846590608358472,,2024,pit,RP
25921,Casey Legumina,P,28.0,0.0,28.0,0.0,0.5863000154495239,89.40621843338018,SEA,2024,pit,RP
sa3009598,Orlando Barrios,P,1.0,0.0,1.0,0.0,0.0,0.3304664060473441,,2024,pit,RP
sa3019301,Roger Jorge,P,0.7056000232696533,0.06260000169277191,1.0,0.0,0.0,-0.3107864521443844,,2024,pit,RP
sa3015419,Irving Medina,P,1.0,0.0,1.0,0.0,0.0,-0.06608665809035275,,2024,pit,RP
sa3008437,Yonaiker Garcia,P,1.0,0.0,1.0,0.0,0.0,-0.014273432642220918,,2024,pit,RP
sa3016202,Jemir Leal,P,1.0,0.0,1.0,0.0,0.0,-0.09201987534761402,,2024,pit,RP
sa3015505,Cristian Rojas,P,1.0,0.0,1.0,0.0,0.0,0.01855974197387722,,2024,pit,RP
sa3016512,Wilson Betemit Jr.,P,1.0,0.0,1.0,0.0,0.0,-0.014926451444625677,,2024,pit,RP
sa3019121,Angel Tello,P,1.0,0.0,1.0,0.0,0.0,-0.06697312816977474,LAD,2024,pit,RP
sa3008704,Lisander Brito,P,1.0,0.0,1.0,0.0,0.0,0.023033112287521806,,2024,pit,RP
19995,Joel Kuhnel,P,12.0,0.0,12.0,0.0,0.6520000100135803,40.85593978166582,OAK,2024,pit,RP
sa3019085,Juan Ozuna,P,1.0,0.0,1.0,0.0,0.0,0.015346812456846326,,2024,pit,RP
sa3015400,Fraudy Maldonado,P,1.0,0.0,1.0,0.0,0.0,0.038279724866152165,,2024,pit,RP
sa3019537,Marco Patino,P,1.0,0.0,1.0,0.0,0.0,0.0329933762550354,,2024,pit,RP
sa3019648,Andres Jimenez,P,1.0,0.0,1.0,0.0,0.0,-0.0015335530042643875,,2024,pit,RP
sa3015389,Phili Silverio,P,1.0,0.0,1.0,0.0,0.0,-0.0008864298462865072,,2024,pit,RP
sa3015442,Luis Yepez,P,1.0,0.0,1.0,0.0,0.0,-0.06766003593802461,,2024,pit,RP
sa3019613,Jeferson Lopez,P,1.0,0.0,1.0,0.0,0.0,-0.04832679182291022,,2024,pit,RP
sa3019156,Cristhofer Gonzalez,P,1.0,0.0,1.0,0.0,0.0,0.40028684213757515,,2024,pit,RP
sa3007725,Martin Herrera,P,1.0,0.0,1.0,0.0,0.0,-0.12925311923027039,,2024,pit,RP
sa3009737,Juan Vargas,P,1.0,0.0,1.0,0.0,0.0,-0.12038631811737988,,2024,pit,RP
sa3007843,Giovahniey German,P,1.0,0.0,1.0,0.0,0.0,-0.02653321921825391,,2024,pit,RP
sa3016228,Luis Joseph,P,1.0,0.0,1.0,0.0,0.0,0.0093598611652852,,2024,pit,RP
sa3016780,Yeremi Bastardo,P,1.0,0.0,1.0,0.0,0.0,-0.004053130745887756,,2024,pit,RP
sa3016499,Luis C Gonzalez,P,1.0,0.0,1.0,0.0,0.0,-0.015120040625333342,,2024,pit,RP
sa3011804,Raul Mendoza,P,1.0,0.0,1.0,0.0,0.0,-0.08065330758690781,,2024,pit,RP
sa3019139,Darlyn De La Cruz,P,1.0,0.0,1.0,0.0,0.0,-0.10807360932230958,,2024,pit,RP
sa3017619,Dencer Geraldo,P,1.0,0.0,1.0,0.0,0.0,-0.0777334868907924,,2024,pit,RP
sa3011577,Adrian Rodriguez,P,1.0,0.0,1.0,0.0,0.0,-0.09388003125786781,CLE,2024,pit,RP
sa3011808,Abraham Calzadilla,P,1.0,0.0,1.0,0.0,0.0,-0.048546763509512036,,2024,pit,RP
sa3018035,Ricardito Lorenzo,P,1.0,0.0,1.0,0.0,0.0,-0.0949334703385829,,2024,pit,RP
sa3015996,Anyelo Ovando,P,0.8127999901771545,0.039799999445676804,1.0,0.0,0.0,0.33238679915666625,LAA,2024,pit,RP
sa3017101,Jose Estrada,P,1.0,0.0,1.0,0.0,0.0,-0.03213327974081004,,2024,pit,RP
29754,Sam Bachman,P,25.0,0.0,25.0,0.0,0.6460999846458435,88.80903985500336,LAA,2024,pit,RP
sa3019489,Jonathan Batista,P,1.0,0.0,1.0,0.0,0.0,-0.7353466227650642,,2024,pit,RP
sa3019289,Luis Victorino,P,1.0,0.0,1.0,0.0,0.0,0.05447339341044444,TOR,2024,pit,RP
sa3015287,Joshua Paulina,P,1.0,0.0,1.0,0.0,0.0,-0.04889993667602521,,2024,pit,RP
sa3019398,Rodolfo De La Cruz,P,1.0,0.0,1.0,0.0,0.0,-0.19300671815872184,,2024,pit,RP
sa3016058,Edwin Rodriguez,P,1.0,0.0,1.0,0.0,0.0,-0.08600658923387527,,2024,pit,RP
sa3016039,Daniel Jean,P,1.0,0.0,1.0,0.0,0.0,-0.04061312824487695,,2024,pit,RP
sa3019502,Wilton Rondon,P,1.0,0.0,1.0,0.0,0.0,-0.11420657262206069,,2024,pit,RP
sa3008356,Jayson Schroeder,P,1.0,0.0,1.0,0.0,0.0,0.019646903872490018,,2024,pit,RP
sa3015435,Rafael Mendez,P,1.0,0.0,1.0,0.0,0.0,-0.1271065115928649,,2024,pit,RP
sa3018893,Luis Aguilar,P,1.0,0.0,1.0,0.0,0.0,-0.1183065563440322,,2024,pit,RP
sa3015388,Samuel Dario,P,1.0,0.0,1.0,0.0,0.0,-0.09651969447731945,,2024,pit,RP
sa3016041,Luis Martinez,P,1.0,0.0,1.0,0.0,0.0,-0.050659939646720886,,2024,pit,RP
sa3016851,Hamlet Vasquez,P,1.0,0.0,1.0,0.0,0.0,-0.12294673472642881,,2024,pit,RP
sa3017898,Jogly Garcia,P,1.0,0.0,1.0,0.0,0.0,-0.1519600108265875,,2024,pit,RP
sa3016200,Francisco Crispin,P,1.0,0.0,1.0,0.0,0.0,-0.1269134029746053,,2024,pit,RP
sa3015281,Ettore Giulianelli,P,1.0,0.0,1.0,0.0,0.0,0.03078000396490088,CLE,2024,pit,RP
sa3019649,Brayan Suarez,P,1.0,0.0,1.0,0.0,0.0,-0.09996662735939044,,2024,pit,RP
sa3009995,Albert Breton,P,1.0,0.0,1.0,0.0,0.0,-0.14150665998458845,,2024,pit,RP
sa3006071,Francisco Benitez,P,1.0,0.0,1.0,0.0,0.0,-0.1432399049401285,,2024,pit,RP
sa3015946,Alejandro Cervantes,P,1.0,0.0,1.0,0.0,0.0,-0.11441348344087565,,2024,pit,RP
sa3009607,Andy Maldonado,P,1.0,0.0,1.0,0.0,0.0,-0.04335314035415605,,2024,pit,RP
sa3016040,Oscar Paredes,P,1.0,0.0,1.0,0.0,0.0,-0.1394732788205144,,2024,pit,RP
sa3019578,Jorge Guerra,P,1.0,0.0,1.0,0.0,0.0,-0.1627866923809047,,2024,pit,RP
sa3009464,Carlos Reyes,P,1.0,0.0,1.0,0.0,0.0,-0.09391996860504115,,2024,pit,RP
sa3019643,Yordy Herrera,P,1.0,0.0,1.0,0.0,0.0,0.00950659886002514,STL,2024,pit,RP
sa3011691,Henry Morales,P/OF,1.0,0.0,1.0,0.0,0.0,-0.16727994680404645,,2024,pit,RP
sa3016266,Jesus Jimenez,P,1.0,0.0,1.0,0.0,0.0,-0.18255305737257022,,2024,pit,RP
sa3015976,Israel Mateo,P,1.0,0.0,1.0,0.0,0.0,-0.11355323567986497,,2024,pit,RP
sa3015945,Eliecer Romero,P,1.0,0.0,1.0,0.0,0.0,-0.12733337655663446,,2024,pit,RP
sa3015667,Grabiel Salazar,P/OF,1.0,0.0,1.0,0.0,0.0,0.0537865877151491,,2024,pit,RP
sa3017875,Edinson Valdespina,P,1.0,0.0,1.0,0.0,0.0,-0.1338268913328644,,2024,pit,RP
sa3016292,Tomy Sanchez,P,1.0,0.0,1.0,0.0,0.0,-0.11187984645366633,,2024,pit,RP
sa3019504,Juan Nunez,P,1.0,0.0,1.0,0.0,0.0,-0.1171599611639973,HOU,2024,pit,RP
sa3019733,Carlos Gomez,P,1.0,0.0,1.0,0.0,0.0,-0.11033344641327814,SFG,2024,pit,RP
sa3018845,Roman Perez,P,1.0,0.0,1.0,0.0,0.0,-0.11176644861698115,,2024,pit,RP
sa3019193,Johan Palacios,P,1.0,0.0,1.0,0.0,0.0,-0.13319317623972848,,2024,pit,RP
sa3006388,Jerald Cabrera,P,1.0,0.0,1.0,0.0,0.0,-0.17254676818847647,,2024,pit,RP
sa3019140,John Sosa,P,1.0,0.0,1.0,0.0,0.0,-0.018693531304597943,,2024,pit,RP
sa3015289,Joel Baez,P,0.7831000089645386,0.04610000178217888,1.0,0.0,0.0,-0.46844009011983845,,2024,pit,RP
sa3016054,Elchero Francisca,P,1.0,0.0,1.0,0.0,0.0,-0.13914672434329933,,2024,pit,RP
sa3016224,Leury Gomez,P,1.0,0.0,1.0,0.0,0.0,-0.14930013939738274,,2024,pit,RP
sa3016605,Michael Vilchez,P,1.0,0.0,1.0,0.0,0.0,-0.18799329698085776,,2024,pit,RP
sa3018885,David Dominguez,P,1.0,0.0,1.0,0.0,0.0,-0.07940668836236009,,2024,pit,RP
sa3019162,Moises Palma,P,1.0,0.0,1.0,0.0,0.0,-0.18062690347433108,TBR,2024,pit,RP
sa3011439,Brayan Ramirez,P,1.0,0.0,1.0,0.0,0.0,-0.17537309378385535,,2024,pit,RP
sa3018325,Frelianderson Seijas,P,1.0,0.0,1.0,0.0,0.0,-0.1707466080784794,,2024,pit,RP
sa3015215,Guillermo Villasmil,P,1.0,0.0,1.0,0.0,0.0,-0.1954667642712593,,2024,pit,RP
sa3010805,Felipito Santos,P,1.0,0.0,1.0,0.0,0.0,-0.2091332629323004,,2024,pit,RP
sa3018339,Wermer Pineda,P,1.0,0.0,1.0,0.0,0.0,-0.20889341533184025,,2024,pit,RP
sa3009777,Frandy Cuevas,P,1.0,0.0,1.0,0.0,0.0,-0.13121333271265057,,2024,pit,RP
sa3019555,Dilan Figueredo,P,1.0,0.0,1.0,0.0,0.0,-0.16886693090200433,,2024,pit,RP
sa3019079,Maicor Serrano,P,1.0,0.0,1.0,0.0,0.0,-0.19406671375036222,,2024,pit,RP
sa3016291,Adrian Almonte,P,1.0,0.0,1.0,0.0,0.0,-0.15371988937258685,,2024,pit,RP
sa3015485,Jan Caraballo,P,1.0,0.0,1.0,0.0,0.0,-0.2438866749405859,DET,2024,pit,RP
sa3019049,Luis A. Reyes,P,1.0,0.0,1.0,0.0,0.0,-0.12277307659387571,CHC,2024,pit,RP
sa3011466,Joldanny Genao,P,1.0,0.0,1.0,0.0,0.0,-0.20543308034539187,,2024,pit,RP
sa3016479,Jose Alcila,P,1.0,0.0,1.0,0.0,0.0,-0.17346010059118244,,2024,pit,RP
sa3018806,Jilber Canas,P,1.0,0.0,1.0,0.0,0.0,-0.19148678779602069,,2024,pit,RP
sa3016042,Brian Sierra,P,1.0,0.0,1.0,0.0,0.0,-0.20853986367583222,,2024,pit,RP
sa3015150,Erick Bello,P,1.0,0.0,1.0,0.0,0.0,-0.17034679576754552,,2024,pit,RP
sa3018294,Juan Arnaud,P,1.0,0.0,1.0,0.0,0.0,-0.027660067379474462,NYM,2024,pit,RP
sa3019180,Irving Vazquez,P,1.0,0.0,1.0,0.0,0.0,-0.17080670148134214,,2024,pit,RP
sa3016214,Cristofer Valenzuela,P,1.0,0.0,1.0,0.0,0.0,-0.23644651696085894,,2024,pit,RP
25553,Nic Enright,P,14.0,0.0,14.0,0.0,0.6657000184059143,53.287807679176346,TOR,2024,pit,RP
sa3009815,Fray Morelo,P,1.0,0.0,1.0,0.0,0.0,-0.1919266685843466,,2024,pit,RP
sa3009594,Jose Peraza,P,1.0,0.0,1.0,0.0,0.0,-0.17271291986107817,,2024,pit,RP
sa3018868,Johandry Fuente,P,1.0,0.0,1.0,0.0,0.0,-0.15455311015248263,,2024,pit,RP
sa3008698,Janer Feliciano,P,1.0,0.0,1.0,0.0,0.0,-0.20141332894563657,,2024,pit,RP
22461,Logan Gillaspie,P,14.0,0.0,14.0,0.0,0.603600025177002,50.334620738029486,SDP,2024,pit,RP
sa3016293,Pedro Figueroa,P,1.0,0.0,1.0,0.0,0.0,-0.008840202540159048,,2024,pit,RP
sa3015958,Luis Bellorin,P,1.0,0.0,1.0,0.0,0.0,-0.26838019117712975,,2024,pit,RP
sa3019433,Neiver Acosta,P,1.0,0.0,1.0,0.0,0.0,-0.16778653487563133,,2024,pit,RP
sa3011586,Wilfri Figuereo,P,1.0,0.0,1.0,0.0,0.0,-0.19109991565346718,,2024,pit,RP
sa3009630,Wilkin Valdez,P,1.0,0.0,1.0,0.0,0.0,-0.22519343420863125,,2024,pit,RP
sa3018884,Ruben De La Cruz,P,1.0,0.0,1.0,0.0,0.0,-0.20549310445785496,,2024,pit,RP
sa3019481,Enyer Burgos,P,1.0,0.0,1.0,0.0,0.0,-0.15386654138565037,,2024,pit,RP
sa3009789,Ronni Montero,P,1.0,0.0,1.0,0.0,0.0,-0.25061336234211895,,2024,pit,RP
sa3015449,Jean Lopez,P,1.0,0.0,1.0,0.0,0.0,-0.2877333998680114,,2024,pit,RP
sa3018306,Ali Ascanio,P,1.0,0.0,1.0,0.0,0.0,-0.21599995866417832,,2024,pit,RP
sa3018838,Justin Caceres,P,1.0,0.0,1.0,0.0,0.0,-0.2742666549980637,,2024,pit,RP
22224,Jonathan Heasley,P,21.0,0.0,21.0,0.0,0.6195999979972839,70.60071959495545,KCR,2024,pit,RP
sa3016597,Luis Brito,P,1.0,0.0,1.0,0.0,0.0,-0.23263324797153428,,2024,pit,RP
sa3018865,Danny Hilario,P,1.0,0.0,1.0,0.0,0.0,-0.21981326714158067,TBR,2024,pit,RP
sa3016060,Omar Hernandez,P,1.0,0.0,1.0,0.0,0.0,-0.1616536460816862,,2024,pit,RP
sa3016773,Waldin Rodriguez,P,1.0,0.0,1.0,0.0,0.0,-0.23575356602668718,,2024,pit,RP
sa3011842,Willy De Paula,P,1.0,0.0,1.0,0.0,0.0,-0.2907069750130171,,2024,pit,RP
sa3015947,Antoni Cuello,P,1.0,0.0,1.0,0.0,0.0,-0.25541327074170095,STL,2024,pit,RP
sa3015955,Cesar Soto,P,1.0,0.0,1.0,0.0,0.0,-0.31218688189983324,,2024,pit,RP
sa3015930,Victor Garcia,P,1.0,0.0,1.0,0.0,0.0,-0.3112464457750317,,2024,pit,RP
sa3017135,Jorge Boyer,P,1.0,0.0,1.0,0.0,0.0,-0.16600679010152808,,2024,pit,RP
sa3019185,Wellington Guzman,P,1.0,0.0,1.0,0.0,0.0,-0.32365301176905614,,2024,pit,RP
sa3009741,Samuel Cruz,P,1.0,0.0,1.0,0.0,0.0,-0.2581599265336991,,2024,pit,RP
sa3019247,Hansel Rosario,P,1.0,0.0,1.0,0.0,0.0,-0.2705333098769187,,2024,pit,RP
sa3016506,Jhonny Jimenez,P,1.0,0.0,1.0,0.0,0.0,-0.31939972788095483,,2024,pit,RP
sa3019463,Rancel Duarte,P,1.0,0.0,1.0,0.0,0.0,-0.31192687973380107,,2024,pit,RP
sa3019128,Alexis Paulino,P,1.0,0.0,1.0,0.0,0.0,-0.25757995396852484,NYY,2024,pit,RP
sa3015434,Roelmy Garcia,P,0.8127999901771545,0.039799999445676804,1.0,0.0,0.0,-0.04445359706878671,,2024,pit,RP
sa3017006,Erick Caines,P,1.0,0.0,1.0,0.0,0.0,-0.3093998044729229,,2024,pit,RP
sa3016257,Darlin Diaz,P,1.0,0.0,1.0,0.0,0.0,-0.3337733574211592,,2024,pit,RP
sa3016801,Henrison Mota,P,1.0,0.0,1.0,0.0,0.0,-0.16668008267879442,,2024,pit,RP
sa3017659,Eduardo Torres,P,1.0,0.0,1.0,0.0,0.0,-0.2670000538229944,BAL,2024,pit,RP
sa3019430,Eider Machuca,P,1.0,0.0,1.0,0.0,0.0,-0.23305986598133988,,2024,pit,RP
sa3016205,Luis Urbano,P,1.0,0.0,1.0,0.0,0.0,-0.25683318898081753,,2024,pit,RP
sa3015272,Wilmer A. Fenelon,P,1.0,0.0,1.0,0.0,0.0,-0.2380598783493042,,2024,pit,RP
27787,Will Klein,P,24.0,0.0,24.0,0.0,0.6205000281333923,86.14252061843874,LAD,2024,pit,RP
sa3019266,Hader Blanco,P,1.0,0.0,1.0,0.0,0.0,-0.27629319578409195,,2024,pit,RP
sa3017211,Fernando Costume,P,1.0,0.0,1.0,0.0,0.0,-0.2933935135602952,,2024,pit,RP
sa3019126,Renaldito Florian,P,1.0,0.0,1.0,0.0,0.0,0.0886131361126905,,2024,pit,RP
sa829628,Logan Sawyer,P,14.0,0.0,14.0,0.0,0.6334999799728394,48.26311963796616,,2024,pit,RP
sa3018354,Wagner Castillo,P,1.0,0.0,1.0,0.0,0.0,-0.3683666296303274,,2024,pit,RP
sa3016024,Freilyn De Pena,P,1.0,0.0,1.0,0.0,0.0,-0.33123356178402874,,2024,pit,RP
sa3016618,Joel Asencio,P,1.0,0.0,1.0,0.0,0.0,-0.3362665437161918,,2024,pit,RP
sa3016029,Keni Salgado,P,1.0,0.0,1.0,0.0,0.0,-0.36253342777490616,,2024,pit,RP
sa3018333,Jarlen De La Paz,P,1.0,0.0,1.0,0.0,0.0,-0.2935931950807569,,2024,pit,RP
sa3016747,Sulivan Ribeiro,P,1.0,0.0,1.0,0.0,0.0,-0.2987603217363355,,2024,pit,RP
sa3017693,Yonfi Rodriguez,P,1.0,0.0,1.0,0.0,0.0,-0.4666332252323624,,2024,pit,RP
13528,Matt Bowman,P,17.0,0.0,17.0,0.0,0.5995000004768372,60.94904506206514,MIN,2024,pit,RP
sa3016711,Samuel Fabian,P,1.0,0.0,1.0,0.0,0.0,-0.32551364749669975,,2024,pit,RP
sa3010810,Orlando Fulgencio,P,1.0,0.0,1.0,0.0,0.0,-0.37669989168643925,,2024,pit,RP
sa3018817,Jair Jimenez,P,1.0,0.0,1.0,0.0,0.0,-0.3721533827483654,,2024,pit,RP
sa3019194,Julio Ramirez,P,1.0,0.0,1.0,0.0,0.0,-0.42137316092848787,,2024,pit,RP
sa3017767,Cesar De Jesus,P,1.0,0.0,1.0,0.0,0.0,0.1150933735072619,TBR,2024,pit,RP
sa3005468,Fredely De Dios,P,1.0,0.0,1.0,0.0,0.0,-0.37850678190588916,,2024,pit,RP
sa3019479,Jose Ramirez,P,1.0,0.0,1.0,0.0,0.0,-0.364226834475994,CLE,2024,pit,RP
sa3016752,Jordy Andujar,P,1.0,0.0,1.0,0.0,0.0,-0.3551332995295522,,2024,pit,RP
sa3011596,Sarlin Polanco,P,1.0,0.0,1.0,0.0,0.0,-0.4037600703537465,,2024,pit,RP
sa3018302,Wuillians Herrera,P,1.0,0.0,1.0,0.0,0.0,-0.39408704936504346,LAD,2024,pit,RP
sa3018879,Hayrol Done,P,1.0,0.0,1.0,0.0,0.0,-0.4369997322559356,,2024,pit,RP
sa3019399,Willian Campos,P,1.0,0.0,1.0,0.0,0.0,-0.45820676535367966,,2024,pit,RP
sa3010792,Danny Subero,P,1.0,0.0,1.0,0.0,0.0,-0.31128685101866704,,2024,pit,RP
sa3019163,Yorvi Pirela,P,1.0,0.0,1.0,0.0,0.0,-0.36019322276115373,,2024,pit,RP
11589,José Ureña,P,32.0,0.0,32.0,0.0,0.6092000007629395,113.29985048770907,,2024,pit,RP
sa3015332,Wilker Cubillan,P,1.0,0.0,1.0,0.0,0.0,-0.32408667877316466,ATL,2024,pit,RP
sa3015484,Elvis Polanco,P,1.0,0.0,1.0,0.0,0.0,-0.17210657000541651,,2024,pit,RP
sa3018031,Yoryi Jimenez,P,1.0,0.0,1.0,0.0,0.0,-0.4535467989742754,,2024,pit,RP
19278,Vladimir Gutierrez,P,17.0,0.0,17.0,0.0,0.6211000084877014,57.018161392211915,,2024,pit,RP
sa3019703,Charbel Gonzalez,P,1.0,0.0,1.0,0.0,0.0,-0.4666334226727482,,2024,pit,RP
sa3016524,Bryan Hernandez,P,1.0,0.0,1.0,0.0,0.0,-0.4201532810926438,,2024,pit,RP
sa3019243,Runelvis Toribio,P,1.0,0.0,1.0,0.0,0.0,-0.45160653591155997,,2024,pit,RP
sa3017656,Eduardo Zapata,P,1.0,0.0,1.0,0.0,0.0,-0.5088732205331321,,2024,pit,RP
sa3016513,Juan Melendez,P,1.0,0.0,1.0,0.0,0.0,-0.502040062844753,,2024,pit,RP
sa3016068,Marcos Rodriguez,P,1.0,0.0,1.0,0.0,0.0,-0.42295346930623046,,2024,pit,RP
sa3016911,Junior Pina,P,1.0,0.0,1.0,0.0,0.0,-0.4800600051879882,,2024,pit,RP
sa3014857,Carson Coleman,P,15.0,0.0,15.0,0.0,0.6092000007629395,54.08215949535369,NYY,2024,pit,RP
sa3019190,Juan Ortega,P,1.0,0.0,1.0,0.0,0.0,-0.5481934890151021,,2024,pit,RP
19926,Tony Santillan,P,33.0,0.0,33.0,0.0,0.5863000154495239,111.81573925018314,CIN,2024,pit,RP
sa3019191,Landany Alfonseca,P,1.0,0.0,1.0,0.0,0.0,-0.5402535125613208,,2024,pit,RP
26353,Marc Church,P,42.0,0.0,42.0,0.0,0.6092000007629395,156.2098645925522,TEX,2024,pit,RP
sa3018844,Jhonny Martinez,P,1.0,0.0,1.0,0.0,0.0,-0.45628655254840833,,2024,pit,RP
sa3016004,Juan Morillo,P,1.0,0.0,1.0,0.0,0.0,-0.5808865576982494,,2024,pit,RP
sa3018357,Fraylin Suriel,P,1.0,0.0,1.0,0.0,0.0,-0.5996198654174805,,2024,pit,RP
sa3016229,Jose Contreras,P,1.0,0.0,1.0,0.0,0.0,-0.5651267506182194,CLE,2024,pit,RP
sa3011340,Daniele Di Monte,P,1.0,0.0,1.0,0.0,0.0,-0.6124402016401289,,2024,pit,RP
sa3018907,Denison Sanchez,P,1.0,0.0,1.0,0.0,0.0,-0.5781599648296831,BOS,2024,pit,RP
sa3019480,Jose Ojeda,P,1.0,0.0,1.0,0.0,0.0,-0.5394132748246192,,2024,pit,RP
sa3009718,Cesari Moreno,P,1.0,0.0,1.0,0.0,0.0,-0.575266723334789,,2024,pit,RP
sa3019274,Ismael Laureano,P,1.0,0.0,1.0,0.0,0.0,-0.6787200242280957,,2024,pit,RP
sa3009935,Stephen Jones,P,14.0,0.0,14.0,0.0,0.5697000026702881,39.492526745796205,MIA,2024,pit,RP
sa3016606,Sebastian Javier,P,1.0,0.0,1.0,0.0,0.0,-0.25892027616500846,,2024,pit,RP
sa3016048,David Olivo,P,1.0,0.0,1.0,0.0,0.0,-0.7129268288612365,,2024,pit,RP
20349,Zack Kelly,P,38.0,0.0,38.0,0.0,0.6274999976158142,139.37214169502255,BOS,2024,pit,RP
sa3015982,Reyson Santos,P,1.0,0.0,1.0,0.0,0.0,-0.7578998789191242,,2024,pit,RP
sa3019366,Tommy Ventimiglia,P,1.0,0.0,1.0,0.0,0.0,-0.6786799646914004,,2024,pit,RP
sa3016294,Remy Cesar,P,1.0,0.0,1.0,0.0,0.0,-0.7405666679143903,,2024,pit,RP
sa3015933,Eurys Martich,P,1.0,0.0,1.0,0.0,0.0,-0.5416000619530674,HOU,2024,pit,RP
10314,Erasmo Ramírez,P,15.0,0.0,15.0,0.0,0.6200000047683716,54.651638853549954,,2024,pit,RP
sa3015471,Yonatan Pineda,P,1.0,0.0,1.0,0.0,0.0,-0.5709132209420207,,2024,pit,RP
sa3010825,Justin Yeager,P,19.0,0.0,19.0,0.0,0.6033999919891357,68.89353172779082,SDP,2024,pit,RP
sa3016529,Wilfredo Cordero,P,1.0,0.0,1.0,0.0,0.0,-0.7856201872229573,TOR,2024,pit,RP
sa3018837,Jovi Galvez,P,1.0,0.0,1.0,0.0,0.0,-0.9030264064669606,STL,2024,pit,RP
13276,Matt Carasiti,P,48.0,0.0,48.0,0.0,3.6463000774383545,152.05073962211614,,2024,pit,RP
10058,Tyler Matzek,P,58.0,0.0,58.0,0.0,10.288000106811523,258.52411227226264,,2024,pit,RP
sa3016485,Dielmon Urena,P,1.0,0.0,1.0,0.0,0.0,-0.9586468189954753,,2024,pit,RP
24681,Kelvin Cáceres,P,19.0,0.0,19.0,0.0,0.6460999846458435,69.72342922687531,,2024,pit,RP
10843,Adam Kolarek,P,12.0,0.0,12.0,0.0,0.6460999846458435,38.31890124082566,,2024,pit,RP
13763,Dominic Leone,P,28.0,0.0,28.0,0.0,0.5733000040054321,100.9758524179459,,2024,pit,RP
25379,Sam Long,P,28.0,0.0,28.0,0.0,0.6205000281333923,95.28976800441741,KCR,2024,pit,RP
sa875017,Dakota Chalmers,P,6.0,0.0,6.0,0.0,0.6172000169754028,20.37997980713845,,2024,pit,RP
16631,Jeff Brigham,P,15.0,0.0,15.0,0.0,0.5995000004768372,55.04975756406784,CHC,2024,pit,RP
19179,Kirby Snead,P,12.0,0.0,12.0,0.0,0.6481000185012817,46.73571908473969,,2024,pit,RP
22296,Joe Barlow,P,6.0,0.0,6.0,0.0,0.5733000040054321,18.64496039748192,,2024,pit,RP
sa3017548,Justin Armbruester,P,10.0,0.0,10.0,0.0,0.6195999979972839,34.75902708768844,NYM,2024,pit,RP
22113,Cole Winn,P,8.0,0.0,8.0,0.0,0.6092000007629395,26.937534058094027,TEX,2024,pit,RP
16466,Brent Honeywell,P,36.0,0.0,36.0,0.0,0.6115999817848206,120.36372039318087,SFG,2024,pit,RP
4264,Mark Melancon,P,29.0,0.0,29.0,0.0,0.0,91.34233679771425,,2024,pit,RP
22815,Luis Patiño,P,25.0,0.0,25.0,0.0,0.603600025177002,83.64345552921294,,2024,pit,RP
19268,Justin Dunn,P,4.860000133514404,4.860000133514404,26.909299850463867,0.0,0.0,59.398642706871044,,2024,pit,SP
24737,Gus Varland,P,32.0,0.0,32.0,0.0,0.6545000076293945,108.9662068605423,WSN,2024,pit,RP
25158,Jayvien Sandridge,P,8.0,0.0,8.0,0.0,0.603600025177002,27.258866232633594,LAA,2024,pit,RP
19588,Guillo Zuñiga,P,55.0,0.0,55.0,2.184000015258789,6.6803998947143555,238.7472476005554,SEA,2024,pit,RP
10547,Jimmy Nelson,P,21.0,0.0,21.0,0.0,0.0,72.47498042583466,,2024,pit,RP
19541,Jimmy Lambert,P,21.0,0.0,21.0,0.0,0.5733000040054321,68.0178562760353,,2024,pit,RP
18064,Phil Maton,P,65.0,0.0,65.0,2.263000011444092,12.398699760437012,315.4090459823608,CHC,2024,pit,RP
26952,Anthony Molina,P,54.0,0.0,54.0,0.0,6.153200149536133,165.89290266036988,ATL,2024,pit,RP
27753,Bailey Horn,P,15.0,0.0,15.0,0.0,0.5733000040054321,49.608520364761354,DET,2024,pit,RP
15130,Drew Anderson,P,32.0,0.0,32.0,0.0,0.6222000122070312,111.76389391422273,DET,2024,pit,RP
sa3010837,Bradley Hanner,P,8.0,0.0,8.0,0.0,0.6657000184059143,26.20596636533737,NYY,2024,pit,RP
19481,Tyler Ferguson,P,21.0,0.0,21.0,0.0,0.5755000114440918,76.8053952217102,OAK,2024,pit,RP
sa3011481,Trevor Brigden,P,33.0,0.0,33.0,0.0,0.6200000047683716,126.73463902473455,,2024,pit,RP
16306,Gerardo Reyes,P,19.0,0.0,19.0,0.0,0.5755000114440918,70.58381161689758,,2024,pit,RP
11632,Heath Hembree,P,8.0,0.0,8.0,0.0,0.6481000185012817,29.574692726135254,,2024,pit,RP
19990,Bryse Wilson,P,61.0,0.0,61.0,0.0,10.121800422668457,241.53597750663766,PHI,2024,pit,RP
25427,Gavin Hollowell,P,28.0,0.0,28.0,0.0,0.5697000026702881,80.74728474617008,CHC,2024,pit,RP
25636,Hunter Gaddis,P,39.619998931884766,1.6200000047683716,46.87620162963867,0.0,0.6657000184059143,155.84281792640684,CLE,2024,pit,RP
26128,Amos Willingham,P,24.0,0.0,24.0,0.0,0.5993000268936157,72.31791720390322,HOU,2024,pit,RP
15855,Wander Suero,P,17.0,0.0,17.0,0.0,0.6520000100135803,55.99245314598083,OAK,2024,pit,RP
20539,Edwin Uceta,P,19.0,0.0,19.0,0.0,0.6200000047683716,73.99108635187149,TBR,2024,pit,RP
12910,Ken Giles,P,28.0,0.0,28.0,0.0,0.6449999809265137,100.59333598613743,,2024,pit,RP
sa3014451,Tanner Burns,P,17.0,0.0,17.0,0.0,0.6657000184059143,59.81738140583039,CLE,2024,pit,RP
18356,Jaime Barria,P,24.0,0.0,24.0,0.0,0.6657000184059143,78.78453729152682,,2024,pit,RP
sa3004462,Jorge Benitez,P,19.0,0.0,19.0,0.0,0.6274999976158142,61.94129247665405,,2024,pit,RP
23974,Randy Rodríguez,P,15.0,0.0,15.0,0.0,0.6168000102043152,53.58443940877915,SFG,2024,pit,RP
sa3005444,Juan Sanchez,P,38.0,0.0,38.0,0.0,0.6168000102043152,140.3219495296478,SFG,2024,pit,RP
23479,Cam Sanders,P,25.0,0.0,25.0,0.0,0.6262999773025513,88.09375231266023,PIT,2024,pit,RP
8110,Bryan Shaw,P,38.0,0.0,38.0,0.0,0.5733000040054321,130.1228519439697,,2024,pit,RP
6895,Chase Anderson,P,43.099998474121094,8.100000381469727,77.54319763183594,0.0,0.6274999976158142,218.420969247818,TEX,2024,pit,RP
22273,Owen White,P,22.6200008392334,1.6200000047683716,30.233999252319336,0.0,0.6092000007629395,93.53209319114683,,2024,pit,RP
25648,Justin Slaten,P,62.0,0.0,62.0,1.1150000095367432,11.741399765014648,267.08631644248953,BOS,2024,pit,RP
20132,Adam Oller,P,21.0,0.0,21.0,0.0,0.6657000184059143,68.9050765991211,MIA,2024,pit,RP
23488,Ron Marinaccio,P,48.0,0.0,48.0,0.0,0.6502000093460083,181.28464565277102,SDP,2024,pit,RP
17264,Sam Coonrod,P,29.0,0.0,29.0,0.0,0.0,95.64060277938846,,2024,pit,RP
13696,Robert Gsellman,P,33.0,0.0,33.0,0.0,0.5993000268936157,95.88578011989597,,2024,pit,RP
18454,Trevor Kelley,P,15.0,0.0,15.0,0.0,0.6481000185012817,48.83168196678161,,2024,pit,RP
25650,Levi Stoudt,P,18.6200008392334,1.6200000047683716,26.064300537109375,0.0,0.6481000185012817,78.99199712276457,PHI,2024,pit,RP
13420,Matt Koch,P,21.0,0.0,21.0,0.0,0.5697000026702881,51.307760190963734,,2024,pit,RP
25667,Nick Avila,P,32.0,0.0,32.0,0.0,0.6168000102043152,109.2617711544037,,2024,pit,RP
29542,Andre Granillo,P,19.0,0.0,19.0,0.0,0.6334999799728394,61.11930185556412,WSN,2024,pit,RP
25645,Declan Cronin,P,46.0,0.0,46.0,0.0,0.6211000084877014,144.41489062309267,TEX,2024,pit,RP
15594,Nick Wittgren,P,24.0,0.0,24.0,0.0,0.0,69.09750351905826,,2024,pit,RP
30250,Jaden Hill,P,19.0,0.0,19.0,0.0,0.5697000026702881,42.42781255245208,COL,2024,pit,RP
16814,Tim Hill,P,60.0,0.0,60.0,0.0,9.459799766540527,224.04922170639037,NYY,2024,pit,RP
sa3010306,Logan Gragg,P,21.0,0.0,21.0,0.0,0.6334999799728394,60.468658280372615,,2024,pit,RP
23265,Cody Bolton,P,36.0,0.0,36.0,0.0,0.6481000185012817,139.09617633819582,HOU,2024,pit,RP
16610,J.P. Feyereisen,P,46.0,0.0,46.0,0.0,0.6545000076293945,151.1583415746689,LAD,2024,pit,RP
7115,Daniel Bard,P,55.0,0.0,55.0,6.8520002365112305,9.677000045776367,221.709134721756,,2024,pit,RP
14719,Ty Buttrey,P,24.0,0.0,24.0,0.0,0.6481000185012817,80.94161911010744,,2024,pit,RP
22253,Sean Reynolds,P,19.0,0.0,19.0,0.0,0.603600025177002,55.76875201463698,,2024,pit,RP
25595,Xzavion Curry,P,48.86000061035156,4.860000133514404,69.95240020751953,0.0,0.6657000184059143,213.94678263664252,,2024,pit,RP
17948,Trent Thornton,P,60.0,0.0,60.0,0.0,7.777200222015381,242.9759369850159,CHC,2024,pit,RP
10430,Mychal Givens,P,38.0,0.0,38.0,0.0,0.6211000084877014,121.43214044570921,,2024,pit,RP
12784,Burch Smith,P,50.0,0.0,50.0,0.0,4.140399932861328,163.37416315078738,DET,2024,pit,RP
10133,Brad Boxberger,P,33.0,0.0,33.0,0.0,0.0,101.08723363876346,,2024,pit,RP
15288,Adam Cimber,P,62.0,0.0,62.0,0.0,12.4621000289917,228.50284676551811,,2024,pit,RP
31184,Luis Guerrero,P,44.0,0.0,44.0,0.0,0.6274999976158142,138.7790584087372,TBR,2024,pit,RP
23307,Collin Snider,P,28.0,0.0,28.0,0.0,0.6481000185012817,88.10583648681641,CHC,2024,pit,RP
16981,Tyler Beede,P,39.86000061035156,4.860000133514404,61.93009948730469,0.0,0.6657000184059143,175.49811282157907,CHC,2024,pit,RP
7836,Hunter Strickland,P,37.0,0.0,37.0,0.0,0.6460999846458435,101.2971618652344,LAA,2024,pit,RP
20276,Deivi García,P,61.0,0.0,61.0,1.996000051498413,10.227499961853027,227.61280159950263,,2024,pit,RP
