playerid,PlayerName,minpos,G,GS,IP,SV,HLD,FPTS,Team,season,stats,role
10954,Jacob deGrom,P,32.0,32.0,200.5238037109375,0.0,0.0,1215.7318943023681,TEX,2021,pit,SP
19427,Shane Bieber,P,30.780000686645508,30.780000686645508,194.55670166015625,0.0,0.0,1034.8698766708374,TOR,2021,pit,SP
15689,Luis Castillo,P,30.780000686645508,30.780000686645508,186.8105010986328,0.0,0.0,924.0240779876709,SEA,2021,pit,SP
13125,Gerrit Cole,P,32.0,32.0,201.30990600585938,0.0,0.0,1021.7996824264527,NYY,2021,pit,SP
13074,Yu Darvish,P,30.780000686645508,30.780000686645508,189.2628936767578,0.0,0.0,989.7213628768922,SDP,2021,pit,SP
3137,Max Scherzer,P,29.15999984741211,29.15999984741211,178.9835968017578,0.0,0.0,903.6807181358338,TOR,2021,pit,SP
16162,Brandon Woodruff,P,30.780000686645508,30.780000686645508,184.8813018798828,0.0,0.0,914.0905698776245,MIL,2021,pit,SP
12703,Trevor Bauer,P,30.780000686645508,30.780000686645508,195.31629943847656,0.0,0.0,931.2319730758668,,2021,pit,SP
19374,Walker Buehler,P,29.15999984741211,29.15999984741211,172.16909790039062,0.0,0.0,854.8997991561889,SDP,2021,pit,SP
16149,Aaron Nola,P,30.780000686645508,30.780000686645508,190.29249572753906,0.0,0.0,895.8347072601321,PHI,2021,pit,SP
2036,Clayton Kershaw,P,29.15999984741211,29.15999984741211,175.09689331054688,0.0,0.0,822.4662808418274,,2021,pit,SP
15038,Germán Márquez,P,30.780000686645508,30.780000686645508,192.1116943359375,0.0,0.0,750.0164352416995,SDP,2021,pit,SP
10131,Stephen Strasburg,P,27.540000915527344,27.540000915527344,162.66160583496094,0.0,0.0,704.9968727111816,,2021,pit,SP
9323,Patrick Corbin,P,30.780000686645508,30.780000686645508,190.44219970703125,0.0,0.0,791.2288007736206,,2021,pit,SP
13543,Blake Snell,P,27.540000915527344,27.540000915527344,150.80499267578125,0.0,0.0,767.1178327560424,LAD,2021,pit,SP
4676,Charlie Morton,P,29.15999984741211,29.15999984741211,168.20050048828125,0.0,0.0,767.0683193206786,,2021,pit,SP
14107,Kevin Gausman,P,29.15999984741211,29.15999984741211,169.71890258789062,0.0,0.0,794.5167349815368,TOR,2021,pit,SP
12768,Sonny Gray,P,27.540000915527344,27.540000915527344,158.5406951904297,0.0,0.0,692.6563711166382,BOS,2021,pit,SP
17479,Jack Flaherty,P,30.780000686645508,30.780000686645508,181.81320190429688,0.0,0.0,851.4424638748169,DET,2021,pit,SP
12970,Joe Musgrove,P,29.15999984741211,29.15999984741211,169.47540283203125,0.0,0.0,727.8372172355652,SDP,2021,pit,SP
10310,Zack Wheeler,P,29.15999984741211,29.15999984741211,181.18539428710938,0.0,0.0,755.1944207191468,PHI,2021,pit,SP
19361,Corbin Burnes,P,25.920000076293945,25.920000076293945,152.38720703125,0.0,0.0,707.2908835411072,ARI,2021,pit,SP
2520,Lance Lynn,P,30.780000686645508,30.780000686645508,191.4969024658203,0.0,0.0,766.2092189788818,,2021,pit,SP
13743,Max Fried,P,29.15999984741211,29.15999984741211,170.6634063720703,0.0,0.0,723.8495937347411,NYY,2021,pit,SP
17186,Dinelson Lamet,P,22.68000030517578,22.68000030517578,128.202392578125,0.0,0.0,674.5280635833742,,2021,pit,SP
12049,Kyle Hendricks,P,29.15999984741211,29.15999984741211,182.7382049560547,0.0,0.0,696.5669728279115,,2021,pit,SP
15474,Lucas Giolito,P,29.15999984741211,29.15999984741211,172.21949768066406,0.0,0.0,744.5501823425291,,2021,pit,SP
14374,Tyler Glasnow,P,27.540000915527344,27.540000915527344,162.9696044921875,0.0,0.0,790.0719517707826,LAD,2021,pit,SP
17085,Pablo López,P,27.540000915527344,27.540000915527344,159.92820739746094,0.0,0.0,691.5016386032104,MIN,2021,pit,SP
13431,Marcus Stroman,P,27.540000915527344,27.540000915527344,163.99620056152344,0.0,0.0,671.1848119735716,,2021,pit,SP
6632,Carlos Carrasco,P,21.059999465942383,21.059999465942383,120.62409973144531,0.0,0.0,607.8067988395692,ATL,2021,pit,SP
14120,Lance McCullers Jr.,P,25.920000076293945,25.920000076293945,147.94720458984375,0.0,0.0,650.2459886550903,HOU,2021,pit,SP
19680,Sixto Sánchez,P,24.299999237060547,24.299999237060547,138.04310607910156,0.0,0.0,589.6005214691163,MIA,2021,pit,SP
19959,Jesús Luzardo,P,25.920000076293945,25.920000076293945,150.93319702148438,0.0,0.0,642.3785042762756,PHI,2021,pit,SP
18498,Kenta Maeda,P,29.15999984741211,29.15999984741211,171.6134033203125,0.0,0.0,679.0705386161806,,2021,pit,SP
15423,Andrew Heaney,P,29.15999984741211,29.15999984741211,171.70069885253906,0.0,0.0,655.1049063682556,,2021,pit,SP
14444,Hyun Jin Ryu,P,29.15999984741211,29.15999984741211,178.87379455566406,0.0,0.0,676.049763774872,,2021,pit,SP
14168,José Berríos,P,29.15999984741211,29.15999984741211,177.74090576171875,0.0,0.0,709.4489633560179,TOR,2021,pit,SP
16358,Tyler Mahle,P,25.920000076293945,25.920000076293945,143.83250427246094,0.0,0.0,533.9900063514708,SFG,2021,pit,SP
19291,Zac Gallen,P,22.68000030517578,22.68000030517578,129.60299682617188,0.0,0.0,575.943279361725,ARI,2021,pit,SP
19716,Dustin May,P,43.439998626708984,19.440000534057617,130.85569763183594,0.0,0.7509999871253967,583.195411157608,STL,2021,pit,RP
18684,Sandy Alcantara,P,29.15999984741211,29.15999984741211,181.35980224609375,0.0,0.0,687.0044178009034,MIA,2021,pit,SP
1943,Zack Greinke,P,30.780000686645508,30.780000686645508,190.597900390625,0.0,0.0,680.0782665252686,,2021,pit,SP
27458,Kwang Hyun Kim,P,27.540000915527344,27.540000915527344,165.24180603027344,0.0,0.0,632.2353149414062,,2021,pit,SP
9132,Nathan Eovaldi,P,25.920000076293945,25.920000076293945,145.5491943359375,0.0,0.0,586.8393889427184,TEX,2021,pit,SP
20099,Chris Paddack,P,22.68000030517578,22.68000030517578,124.67890167236328,0.0,0.0,544.9694122314452,MIA,2021,pit,SP
14916,Jon Gray,P,27.540000915527344,27.540000915527344,158.55320739746094,0.0,0.0,466.7198184013367,,2021,pit,SP
13164,Eduardo Rodriguez,P,27.540000915527344,27.540000915527344,165.2382049560547,0.0,0.0,630.9349581718445,ARI,2021,pit,SP
2429,Corey Kluber,P,25.920000076293945,25.920000076293945,155.56210327148438,0.0,0.0,607.5211997032166,,2021,pit,SP
18383,Michael Soroka,P,24.299999237060547,24.299999237060547,138.73489379882812,0.0,0.0,542.2233661651611,ARI,2021,pit,SP
7882,Josh Lindblom,P,58.060001373291016,21.059999465942383,151.28419494628906,0.0,0.5842000246047974,616.8944010734558,,2021,pit,RP
13774,Zach Eflin,P,29.15999984741211,29.15999984741211,167.9449005126953,0.0,0.0,602.3605162620545,BAL,2021,pit,SP
14765,Julio Urías,P,37.68000030517578,22.68000030517578,137.70799255371094,0.0,0.7509999871253967,549.6356899738312,LAD,2021,pit,SP
10603,Chris Sale,P,14.579999923706055,14.579999923706055,83.95390319824219,0.0,0.0,437.0612430572511,ATL,2021,pit,SP
10021,Mike Minor,P,29.15999984741211,29.15999984741211,177.74600219726562,0.0,0.0,611.6265127182005,,2021,pit,SP
9434,Dallas Keuchel,P,30.780000686645508,30.780000686645508,185.05430603027344,0.0,0.0,568.315886116028,,2021,pit,SP
11760,Drew Smyly,P,24.299999237060547,24.299999237060547,134.12680053710938,0.0,0.0,577.9384610176085,,2021,pit,SP
16233,Tejay Antone,P,66.19999694824219,16.200000762939453,139.95860290527344,0.0,9.302499771118164,587.380753993988,CIN,2021,pit,RP
15467,Marco Gonzales,P,29.15999984741211,29.15999984741211,180.1291961669922,0.0,0.0,585.9934213638303,SDP,2021,pit,SP
16269,John Means,P,27.540000915527344,27.540000915527344,160.1811065673828,0.0,0.0,491.13277406692515,KCR,2021,pit,SP
11156,Merrill Kelly,P,25.920000076293945,25.920000076293945,155.943603515625,0.0,0.0,537.0438227653503,ARI,2021,pit,SP
13050,Anthony DeSclafani,P,25.920000076293945,25.920000076293945,144.5196075439453,0.0,0.0,560.6338034629821,,2021,pit,SP
11762,Noah Syndergaard,P,16.200000762939453,16.200000762939453,95.09619903564453,0.0,0.0,438.2521681308747,,2021,pit,SP
17578,JT Brubaker,P,42.060001373291016,21.059999465942383,137.18930053710938,0.0,0.613099992275238,543.0021033763885,SFG,2021,pit,SP
19951,Ian Anderson,P,24.299999237060547,24.299999237060547,137.52430725097656,0.0,0.0,565.9335635185242,,2021,pit,SP
11828,James Paxton,P,24.299999237060547,24.299999237060547,132.922607421875,0.0,0.0,551.3806592941285,,2021,pit,SP
5372,Michael Pineda,P,27.540000915527344,27.540000915527344,159.3834991455078,0.0,0.0,546.1038314819334,,2021,pit,SP
15440,Matthew Boyd,P,29.15999984741211,29.15999984741211,172.29930114746094,0.0,0.0,632.3651386260985,CHC,2021,pit,SP
15873,Sean Manaea,P,27.540000915527344,27.540000915527344,161.3572998046875,0.0,0.0,589.3640668869018,NYM,2021,pit,SP
22286,Trevor Rogers,P,22.68000030517578,22.68000030517578,123.53359985351562,0.0,0.0,513.2292950630188,BAL,2021,pit,SP
14309,Frankie Montas,P,25.920000076293945,25.920000076293945,144.77679443359375,0.0,0.0,563.7301762580871,,2021,pit,SP
12718,Adrian Houser,P,24.299999237060547,24.299999237060547,134.1927032470703,0.0,0.0,503.1349268913269,SFG,2021,pit,SP
6893,Johnny Cueto,P,29.15999984741211,29.15999984741211,174.48370361328125,0.0,0.0,634.7077018737793,,2021,pit,SP
12917,Dylan Bundy,P,29.15999984741211,29.15999984741211,174.52699279785156,0.0,0.0,586.3663557052612,,2021,pit,SP
11423,Jose Quintana,P,27.540000915527344,27.540000915527344,155.88519287109375,0.0,0.0,536.8963005065917,COL,2021,pit,SP
17594,Mitch Keller,P,24.299999237060547,24.299999237060547,135.53359985351562,0.0,0.0,514.553217124939,PIT,2021,pit,SP
11486,Robbie Ray,P,29.15999984741211,29.15999984741211,162.83099365234375,0.0,0.0,622.1583065032958,SFG,2021,pit,SP
20633,Yusei Kikuchi,P,27.540000915527344,27.540000915527344,157.53939819335938,0.0,0.0,599.9634881019592,LAA,2021,pit,SP
17295,Framber Valdez,P,16.200000762939453,16.200000762939453,92.72899627685547,0.0,0.0,425.17848062515253,DET,2021,pit,SP
3184,David Price,P,56.959999084472656,12.960000038146973,116.14649963378906,0.0,4.406099796295166,532.1380710601809,,2021,pit,RP
16511,Jordan Montgomery,P,24.299999237060547,24.299999237060547,134.5041961669922,0.0,0.0,491.40046901702897,TEX,2021,pit,SP
10123,Kyle Gibson,P,29.15999984741211,29.15999984741211,174.49850463867188,0.0,0.0,566.7136198997498,,2021,pit,SP
25377,Brady Singer,P,24.299999237060547,24.299999237060547,136.60899353027344,0.0,0.0,498.6391362190248,CIN,2021,pit,SP
6397,Jake Odorizzi,P,25.920000076293945,25.920000076293945,146.32960510253906,0.0,0.0,538.9350580215453,,2021,pit,SP
18679,Freddy Peralta,P,57.81999969482422,17.81999969482422,138.19479370117188,0.0,0.5842000246047974,593.4865487098693,NYM,2021,pit,RP
8223,Brett Anderson,P,24.299999237060547,24.299999237060547,133.46249389648438,0.0,0.0,460.22056274414064,,2021,pit,SP
2233,Adam Wainwright,P,25.920000076293945,25.920000076293945,152.6746063232422,0.0,0.0,535.3573904037476,,2021,pit,SP
12304,Chris Bassitt,P,29.15999984741211,29.15999984741211,175.93319702148438,0.0,0.0,633.0499925613403,BAL,2021,pit,SP
17995,Logan Webb,P,24.299999237060547,24.299999237060547,131.0012969970703,0.0,0.0,510.6095389366151,SFG,2021,pit,SP
6345,Chris Archer,P,24.299999237060547,24.299999237060547,138.88580322265625,0.0,0.0,549.7811491966247,,2021,pit,SP
19409,Dane Dunning,P,22.68000030517578,22.68000030517578,130.2888946533203,0.0,0.0,442.664931678772,SEA,2021,pit,SP
16933,Elieser Hernández,P,25.920000076293945,25.920000076293945,143.8583984375,0.0,0.0,543.3534330368043,ATL,2021,pit,SP
14843,Michael Lorenzen,P,59.81999969482422,17.81999969482422,142.49420166015625,0.0,3.7887001037597656,519.179098701477,COL,2021,pit,RP
8779,Wade Miley,P,25.920000076293945,25.920000076293945,138.30209350585938,0.0,0.0,435.3275296211243,,2021,pit,SP
16918,Luke Weaver,P,24.299999237060547,24.299999237060547,133.31790161132812,0.0,0.0,496.978335094452,NYM,2021,pit,SP
15488,Antonio Senzatela,P,29.15999984741211,29.15999984741211,171.27110290527344,0.0,0.0,404.15269660949707,COL,2021,pit,SP
19388,Tony Gonsolin,P,60.959999084472656,12.960000038146973,120.08580017089844,0.0,7.20989990234375,536.6647243499756,,2021,pit,RP
11189,Vince Velasquez,P,64.58000183105469,14.579999923706055,127.08090209960938,0.0,6.583199977874756,531.717621231079,CHC,2021,pit,RP
11682,Carlos Martinez,P,24.299999237060547,24.299999237060547,134.06089782714844,0.0,0.0,467.09167976379393,,2021,pit,SP
19979,Zach Plesac,P,27.540000915527344,27.540000915527344,168.14210510253906,0.0,0.0,534.1800597190856,,2021,pit,SP
3542,Danny Duffy,P,27.540000915527344,27.540000915527344,156.95680236816406,0.0,0.0,517.9554675102233,,2021,pit,SP
15734,Brad Keller,P,27.540000915527344,27.540000915527344,166.38369750976562,0.0,0.0,529.5197293281556,PHI,2021,pit,SP
11836,Taijuan Walker,P,25.920000076293945,25.920000076293945,145.39259338378906,0.0,0.0,520.2416277885438,PHI,2021,pit,SP
11674,Jameson Taillon,P,22.68000030517578,22.68000030517578,129.6558074951172,0.0,0.0,441.7396588325501,CHC,2021,pit,SP
9803,Miles Mikolas,P,17.81999969482422,17.81999969482422,103.0708999633789,0.0,0.0,385.90608901977544,WSN,2021,pit,SP
19343,A.J. Puk,P,58.959999084472656,12.960000038146973,119.87200164794922,0.0,3.649600028991699,559.1138836860655,ARI,2021,pit,RP
16207,Spencer Turnbull,P,22.68000030517578,22.68000030517578,128.6591033935547,0.0,0.0,472.9070872306824,,2021,pit,SP
13781,Alex Wood,P,35.81999969482422,17.81999969482422,116.16480255126953,0.0,0.6826000213623047,475.829990005493,,2021,pit,RP
12880,Tyler Anderson,P,25.920000076293945,25.920000076293945,151.8695068359375,0.0,0.0,448.6283623695373,LAA,2021,pit,SP
9784,Garrett Richards,P,24.299999237060547,24.299999237060547,130.36619567871094,0.0,0.0,453.19183177947986,,2021,pit,SP
20160,Nate Pearson,P,22.68000030517578,22.68000030517578,125.94200134277344,0.0,0.0,430.9011235237122,HOU,2021,pit,SP
22267,Tarik Skubal,P,22.68000030517578,22.68000030517578,126.91100311279297,0.0,0.0,489.4003798484803,DET,2021,pit,SP
6562,Alex Cobb,P,25.920000076293945,25.920000076293945,143.8177032470703,0.0,0.0,446.4432080268859,,2021,pit,SP
15890,Luis Severino,P,14.579999923706055,14.579999923706055,83.01370239257812,0.0,0.0,348.7757272243499,OAK,2021,pit,SP
13183,Zach Davies,P,27.540000915527344,27.540000915527344,159.4716033935547,0.0,0.0,469.2482402801515,,2021,pit,SP
19867,Griffin Canning,P,24.299999237060547,24.299999237060547,134.1616973876953,0.0,0.0,453.4317539215088,SDP,2021,pit,SP
16561,Austin Gomber,P,24.299999237060547,24.299999237060547,134.0612030029297,0.0,0.0,386.6285824775696,TEX,2021,pit,SP
5524,Madison Bumgarner,P,29.15999984741211,29.15999984741211,175.94479370117188,0.0,0.0,496.2699493408203,,2021,pit,SP
4153,Jake Arrieta,P,24.299999237060547,24.299999237060547,138.31959533691406,0.0,0.0,436.4963076591492,,2021,pit,SP
2717,Rick Porcello,P,19.440000534057617,19.440000534057617,113.71060180664062,0.0,0.0,362.5534965515137,,2021,pit,SP
16256,Kyle Freeland,P,21.059999465942383,21.059999465942383,117.00559997558594,0.0,0.0,325.99669389724727,COL,2021,pit,SP
19479,Aaron Civale,P,25.920000076293945,25.920000076293945,154.07980346679688,0.0,0.0,505.181735610962,OAK,2021,pit,SP
17285,Justus Sheffield,P,25.920000076293945,25.920000076293945,149.14100646972656,0.0,0.0,500.31844615936274,,2021,pit,SP
14212,Josh Hader,P,66.0,0.0,66.0,24.836000442504883,2.224400043487549,516.1150075912477,HOU,2021,pit,RP
18000,Triston McKenzie,P,36.68000030517578,22.68000030517578,140.8769073486328,0.0,0.6784999966621399,508.46552834510817,SDP,2021,pit,SP
6249,Trevor Cahill,P,28.200000762939453,16.200000762939453,98.35060119628906,0.0,0.613099992275238,344.17221951484686,,2021,pit,SP
14975,Chad Kuhl,P,24.299999237060547,24.299999237060547,140.56500244140625,0.0,0.0,464.8464790344238,,2021,pit,SP
27463,Garrett Crochet,P,53.0,0.0,53.0,0.0,9.681699752807617,367.0357635498047,BOS,2021,pit,RP
17859,Adbert Alzolay,P,25.440000534057617,19.440000534057617,113.13600158691406,0.0,0.7111999988555908,427.08359708786014,NYM,2021,pit,SP
18525,Dylan Cease,P,24.299999237060547,24.299999237060547,132.96180725097656,0.0,0.0,450.5233242988586,TOR,2021,pit,SP
20302,David Peterson,P,19.440000534057617,19.440000534057617,108.57279968261719,0.0,0.0,409.39907236099253,NYM,2021,pit,SP
4930,Jon Lester,P,24.299999237060547,24.299999237060547,135.25360107421875,0.0,0.0,406.123633480072,,2021,pit,SP
17282,Michael Kopech,P,48.959999084472656,12.960000038146973,109.20279693603516,0.0,3.188499927520752,454.83198719024676,,2021,pit,RP
20039,Adrian Morejon,P,29.719999313354492,9.720000267028809,71.69640350341797,0.0,0.6970999836921692,344.2144759178162,SDP,2021,pit,RP
17149,Domingo Germán,P,49.060001373291016,21.059999465942383,146.548095703125,0.0,0.6644999980926514,508.3808574676514,,2021,pit,RP
14710,Edwin Díaz,P,63.0,0.0,63.0,32.24399948120117,2.223400115966797,556.4044330120087,LAD,2021,pit,RP
18413,José Urquidy,P,24.299999237060547,24.299999237060547,137.61570739746094,0.0,0.0,438.805877494812,PIT,2021,pit,SP
19350,Dean Kremer,P,24.299999237060547,24.299999237060547,145.0644073486328,0.0,0.0,420.34549903869635,BAL,2021,pit,SP
13361,Steven Matz,P,24.299999237060547,24.299999237060547,131.9080047607422,0.0,0.0,436.9586493492127,TBR,2021,pit,SP
12972,Joe Ross,P,22.68000030517578,22.68000030517578,127.4760971069336,0.0,0.0,378.14931879043587,ARI,2021,pit,SP
13896,Chris Flexen,P,28.579999923706055,14.579999923706055,96.62000274658203,0.0,0.6492000222206116,392.6795601367951,,2021,pit,SP
21455,Kris Bubic,P,19.440000534057617,19.440000534057617,108.0864028930664,0.0,0.0,370.1613488197327,KCR,2021,pit,SP
25385,Drew Rasmussen,P,62.86000061035156,4.860000133514404,85.7020034790039,0.0,10.541500091552734,451.04339480400085,TBR,2021,pit,RP
6902,Martín Pérez,P,27.540000915527344,27.540000915527344,161.1569061279297,0.0,0.0,451.6091349601747,ATL,2021,pit,SP
13834,Alec Mills,P,42.81999969482422,17.81999969482422,125.92649841308594,0.0,0.7111999988555908,421.18665256500236,,2021,pit,RP
11490,Aaron Sanchez,P,35.439998626708984,19.440000534057617,122.30789947509766,0.0,0.6826000213623047,443.2178503036499,KCR,2021,pit,SP
3548,Liam Hendriks,P,68.0,0.0,68.0,28.777000427246094,2.6059999465942383,524.8947165489197,MIN,2021,pit,RP
22201,MacKenzie Gore,P,14.579999923706055,14.579999923706055,83.10600280761719,0.0,0.0,320.7640401840209,TEX,2021,pit,SP
1890,Matt Moore,P,24.299999237060547,24.299999237060547,136.27439880371094,0.0,0.0,412.2118062973021,,2021,pit,SP
15291,Steven Brault,P,22.68000030517578,22.68000030517578,121.33570098876953,0.0,0.0,399.88333492279037,,2021,pit,SP
14875,Caleb Smith,P,24.299999237060547,24.299999237060547,131.6894989013672,0.0,0.0,424.61001710891725,,2021,pit,SP
16137,Carlos Rodón,P,42.20000076293945,16.200000762939453,116.19439697265625,0.0,0.6643000245094299,381.01468024253853,NYY,2021,pit,RP
19686,Kyle Cody,P,28.81999969482422,17.81999969482422,108.54869842529297,0.0,0.6049000024795532,344.76819181442255,,2021,pit,SP
7410,J.A. Happ,P,24.299999237060547,24.299999237060547,135.44540405273438,0.0,0.0,432.0485726356506,,2021,pit,SP
10233,Aroldis Chapman,P,63.0,0.0,63.0,31.527999877929688,2.4151999950408936,527.1277755260468,BOS,2021,pit,RP
19884,Corbin Martin,P,14.579999923706055,14.579999923706055,81.53389739990234,0.0,0.0,309.5469803333283,CHC,2021,pit,SP
23252,Spencer Howard,P,37.959999084472656,12.960000038146973,96.09290313720703,0.0,0.65829998254776,363.9751165866852,,2021,pit,RP
13273,Ross Stripling,P,68.95999908447266,12.960000038146973,125.45320129394531,0.0,10.081199645996094,486.6509087562562,,2021,pit,RP
16977,Trevor Williams,P,24.299999237060547,24.299999237060547,135.07980346679688,0.0,0.0,408.62756128311156,WSN,2021,pit,SP
6398,Trevor May,P,64.0,0.0,64.0,2.9649999141693115,13.746899604797363,404.3901872634888,,2021,pit,RP
4776,Matt Shoemaker,P,19.440000534057617,19.440000534057617,107.83789825439453,0.0,0.0,354.12345495224,,2021,pit,SP
19755,Shohei Ohtani,DH,17.81999969482422,17.81999969482422,97.1427993774414,0.0,0.0,339.9532421588898,LAD,2021,pit,SP
19362,Keegan Akin,P,21.059999465942383,21.059999465942383,118.27110290527344,0.0,0.0,335.1960388183594,BAL,2021,pit,SP
17432,Jeff Hoffman,P,60.47999954223633,6.480000019073486,89.8042984008789,0.0,11.366000175476074,376.9144748687744,TOR,2021,pit,RP
17606,Cristian Javier,P,21.059999465942383,21.059999465942383,117.65380096435547,0.0,0.0,378.8178429603579,HOU,2021,pit,SP
14527,Jorge López,P,39.58000183105469,14.579999923706055,104.38790130615234,0.0,0.5848000049591064,288.9819883346558,,2021,pit,RP
20492,Casey Mize,P,22.68000030517578,22.68000030517578,123.69580078125,0.0,0.0,362.1992064476013,DET,2021,pit,SP
13619,Jakob Junis,P,50.58000183105469,14.579999923706055,116.97959899902344,0.0,0.6459000110626221,396.24547109603884,TEX,2021,pit,RP
19990,Bryse Wilson,P,37.720001220703125,9.720000267028809,82.05500030517578,0.0,0.6847000122070312,309.09172596931455,PHI,2021,pit,RP
21844,Braxton Garrett,P,12.960000038146973,12.960000038146973,72.71980285644531,0.0,0.0,266.106399011612,MIA,2021,pit,SP
16502,Ryan Yarbrough,P,27.540000915527344,27.540000915527344,163.16610717773438,0.0,0.0,500.3006526947022,NYY,2021,pit,SP
15816,Devin Williams,P,65.0,0.0,65.0,2.921999931335449,11.304200172424316,396.1850449085236,NYM,2021,pit,RP
6655,Craig Kimbrel,P,65.0,0.0,65.0,29.684999465942383,3.5560998916625977,500.7652133941651,NYM,2021,pit,RP
4806,Rich Hill,P,19.440000534057617,19.440000534057617,105.6897964477539,0.0,0.0,365.70908918380735,,2021,pit,SP
19665,Kyle Wright,P,27.959999084472656,12.960000038146973,86.1063003540039,0.0,0.6847000122070312,314.0520097732544,CHC,2021,pit,RP
17780,José Alvarado,P,58.0,0.0,58.0,3.9000000953674316,10.996600151062012,354.9090043067933,PHI,2021,pit,RP
17998,Pete Fairbanks,P,67.0,0.0,67.0,14.958999633789062,8.343000411987305,451.49521074295046,MIA,2021,pit,RP
19618,Jordan Hicks,P,56.0,0.0,56.0,0.0,9.77649974822998,328.7728506565095,CHW,2021,pit,RP
19312,Cal Quantrill,P,51.20000076293945,16.200000762939453,123.63140106201172,0.0,0.6784999966621399,400.6544870853424,TEX,2021,pit,RP
8048,Will Smith,P,64.0,0.0,64.0,14.065999984741211,8.406900405883789,415.86424331665046,,2021,pit,RP
16258,Aaron Bummer,P,62.0,0.0,62.0,2.7079999446868896,12.53279972076416,363.12189326286307,ATL,2021,pit,RP
10130,Mike Leake,P,14.579999923706055,14.579999923706055,85.28959655761719,0.0,0.0,241.235111284256,,2021,pit,SP
20276,Deivi García,P,16.200000762939453,16.200000762939453,92.3864974975586,0.0,0.0,279.2872065544129,,2021,pit,SP
20151,James Karinchak,P,64.0,0.0,64.0,22.2810001373291,6.680200099945068,476.59012370109565,ATL,2021,pit,RP
14078,Michael Wacha,P,24.299999237060547,24.299999237060547,130.14930725097656,0.0,0.0,422.1333647727966,KCR,2021,pit,SP
17586,Tanner Scott,P,65.0,0.0,65.0,8.397000312805176,10.672900199890137,384.81073946952813,LAD,2021,pit,RP
19320,Joey Lucchesi,P,17.959999084472656,12.960000038146973,75.95590209960938,0.0,0.7057999968528748,283.1936571121215,,2021,pit,SP
11426,Drew Pomeranz,P,56.0,0.0,56.0,16.80299949645996,7.507500171661377,389.2784895896912,LAA,2021,pit,RP
10547,Jimmy Nelson,P,51.2400016784668,3.240000009536743,66.2688980102539,0.0,9.913599967956543,326.96792306900034,,2021,pit,RP
18555,Logan Allen,P,49.060001373291016,21.059999465942383,147.17250061035156,0.0,0.6784999966621399,472.21992449760427,,2021,pit,RP
4972,Cole Hamels,P,16.200000762939453,16.200000762939453,92.75150299072266,0.0,0.0,291.002947807312,,2021,pit,SP
12572,Blake Treinen,P,67.0,0.0,67.0,6.289000034332275,13.980999946594238,399.5654976844787,LAD,2021,pit,RP
18325,Taylor Hearn,P,68.86000061035156,4.860000133514404,91.37999725341797,3.806999921798706,11.269499778747559,423.6047440052033,,2021,pit,RP
13470,Lucas Sims,P,63.0,0.0,63.0,7.445000171661377,10.855600357055664,364.001560497284,CHW,2021,pit,RP
14375,Amir Garrett,P,63.0,0.0,63.0,19.743999481201172,6.393400192260742,401.6523611068726,,2021,pit,RP
12447,Seth Lugo,P,47.619998931884766,1.6200000047683716,54.732398986816406,0.0,6.493800163269043,294.07714834213255,KCR,2021,pit,RP
7005,Ryan Pressly,P,63.0,0.0,63.0,30.422000885009766,2.639699935913086,469.3636754512787,,2021,pit,RP
10058,Tyler Matzek,P,58.0,0.0,58.0,1.0049999952316284,12.607000350952148,348.43471949100496,,2021,pit,RP
20370,Bruce Zimmermann,P,21.059999465942383,21.059999465942383,118.65509796142578,0.0,0.0,297.12405891418456,STL,2021,pit,SP
20418,Josh Fleming,P,24.579999923706055,14.579999923706055,92.1875,0.0,0.6273999810218811,308.9886907100678,TOR,2021,pit,SP
13449,Taylor Rogers,P,64.0,0.0,64.0,10.586000442504883,9.66510009765625,396.48894596099854,MIN,2021,pit,RP
21032,Emmanuel Clase,P,60.0,0.0,60.0,5.570000171661377,13.526000022888184,367.08945236206057,CLE,2021,pit,RP
12863,Matt Barnes,P,65.0,0.0,65.0,25.17300033569336,5.501500129699707,458.84824085235596,,2021,pit,RP
15015,Alex Reyes,P,62.0,0.0,62.0,13.88599967956543,9.23169994354248,399.67962093353265,,2021,pit,RP
15552,Chad Green,P,64.0,0.0,64.0,1.1130000352859497,13.64490032196045,358.2077912092209,,2021,pit,RP
14696,Keone Kela,P,58.0,0.0,58.0,1.0080000162124634,12.835700035095215,346.7861129522324,,2021,pit,RP
15463,José De León,P,61.619998931884766,1.6200000047683716,69.23400115966797,0.0,13.284899711608887,336.29169239997873,,2021,pit,RP
9111,Brad Hand,P,64.0,0.0,64.0,21.124000549316406,7.452199935913086,424.2294641494751,,2021,pit,RP
15454,Nick Pivetta,P,29.81999969482422,17.81999969482422,110.80020141601562,0.0,0.6876999735832214,326.1022600650788,SDP,2021,pit,SP
13475,Daniel Norris,P,64.86000061035156,4.860000133514404,85.91960144042969,0.9620000123977661,11.525699615478516,389.7086824655533,,2021,pit,RP
7115,Daniel Bard,P,63.0,0.0,63.0,23.070999145507812,3.4911000728607178,383.55289278030403,,2021,pit,RP
20367,Brusdar Graterol,P,52.0,0.0,52.0,2.3580000400543213,11.420999526977539,306.8877513408661,LAD,2021,pit,RP
12988,Andrew Chafin,P,62.0,0.0,62.0,0.0,14.58530044555664,338.6939492225647,MIN,2021,pit,RP
17425,Erick Fedde,P,32.34000015258789,11.34000015258789,83.09420013427734,0.0,0.72079998254776,259.41338815689085,CHW,2021,pit,RP
11847,Chris Martin,P,65.0,0.0,65.0,15.071000099182129,9.41469955444336,403.49737787246704,TEX,2021,pit,RP
19345,Daulton Jefferies,P,30.479999542236328,6.480000019073486,60.351200103759766,0.0,0.5950000286102295,233.1183769226074,PIT,2021,pit,RP
15832,Paul Fry,P,58.0,0.0,58.0,0.9330000281333923,10.767900466918945,290.56883877515793,,2021,pit,RP
13218,Michael Fulmer,P,57.959999084472656,12.960000038146973,111.82550048828125,0.0,3.63070011138916,356.46993865966806,SFG,2021,pit,RP
6895,Chase Anderson,P,34.20000076293945,16.200000762939453,103.36920166015625,0.0,0.65829998254776,306.7279117107392,TEX,2021,pit,RP
17130,Raisel Iglesias,P,64.0,0.0,64.0,29.148000717163086,3.0510001182556152,445.7827837944031,ATL,2021,pit,RP
7550,Jake McGee,P,63.0,0.0,63.0,13.579000473022461,10.758600234985352,406.9702329158783,,2021,pit,RP
16110,Daniel Ponce de Leon,P,36.959999084472656,12.960000038146973,93.07830047607422,0.0,0.6348000168800354,349.16040225028996,,2021,pit,RP
15010,Corey Knebel,P,59.0,0.0,59.0,1.1790000200271606,14.066699981689453,328.0896093130112,,2021,pit,RP
10430,Mychal Givens,P,65.0,0.0,65.0,2.3970000743865967,12.39050006866455,306.7115641593933,,2021,pit,RP
23798,Randy Dobnak,P,50.58000183105469,14.579999923706055,114.964599609375,0.0,0.6714000105857849,354.62741589546204,SEA,2021,pit,RP
10811,Mike Foltynewicz,P,22.68000030517578,22.68000030517578,128.45809936523438,0.0,0.0,298.0912346839905,,2021,pit,SP
12804,Matt Wisler,P,62.0,0.0,62.0,3.7720000743865967,12.59850025177002,342.60582737922664,,2021,pit,RP
19266,Taylor Widener,P,47.720001220703125,9.720000267028809,93.40399932861328,0.0,3.4254000186920166,364.8649764060975,,2021,pit,RP
14986,Giovanny Gallegos,P,63.0,0.0,63.0,5.206999778747559,13.075300216674805,371.358060503006,,2021,pit,RP
16408,Victor González,P,62.0,0.0,62.0,0.0,18.202299118041992,347.3925498485564,,2021,pit,RP
13394,Dylan Floro,P,64.0,0.0,64.0,2.697000026702881,14.65310001373291,337.9981381893158,,2021,pit,RP
8362,Homer Bailey,P,11.34000015258789,11.34000015258789,62.462100982666016,0.0,0.0,186.6042142868042,,2021,pit,SP
3096,Kenley Jansen,P,63.0,0.0,63.0,29.481000900268555,4.549499988555908,434.11265406608584,DET,2021,pit,RP
15047,Austin Voth,P,38.86000061035156,4.860000133514404,60.328399658203125,0.0,3.267699956893921,235.40481462478633,CHW,2021,pit,RP
17496,Diego Castillo,P,65.0,0.0,65.0,9.722999572753906,11.607600212097168,405.98950796127315,,2021,pit,RP
8753,Tanner Roark,P,24.299999237060547,24.299999237060547,135.07449340820312,0.0,0.0,339.2926900863649,,2021,pit,SP
22250,Logan Gilbert,P,11.34000015258789,11.34000015258789,64.63800048828125,0.0,0.0,219.56507935523996,SEA,2021,pit,SP
16814,Tim Hill,P,53.0,0.0,53.0,0.0,10.160599708557129,280.88733334541325,NYY,2021,pit,RP
19879,Tanner Houck,P,16.200000762939453,16.200000762939453,92.30269622802734,0.0,0.0,260.0618352890015,BOS,2021,pit,SP
7982,Anthony Bass,P,63.0,0.0,63.0,21.573999404907227,5.553299903869629,392.3065116405488,,2021,pit,RP
18699,Nick Neidert,P,21.34000015258789,11.34000015258789,74.63800048828125,0.0,0.6366000175476074,250.88642477989188,,2021,pit,SP
14771,Emilio Pagán,P,63.0,0.0,63.0,10.753999710083008,9.878399848937988,367.84526538848877,CIN,2021,pit,RP
21111,Miguel Yajure,P,18.100000381469727,8.100000381469727,56.16999816894531,0.0,0.613099992275238,190.82222719192504,,2021,pit,RP
22815,Luis Patiño,P,27.34000015258789,11.34000015258789,79.52249908447266,0.0,0.6273999810218811,277.43684215545653,,2021,pit,RP
13435,Pierce Johnson,P,57.0,0.0,57.0,0.0,12.36240005493164,309.45568623542783,CIN,2021,pit,RP
18655,A.J. Minter,P,60.0,0.0,60.0,3.3489999771118164,14.453499794006348,343.3189805030823,NYM,2021,pit,RP
19753,Jonathan Loáisiga,P,64.0,0.0,64.0,0.0,13.918299674987793,338.2842108726502,ARI,2021,pit,RP
16794,Josh James,P,45.0,0.0,45.0,0.0,4.085299968719482,232.6910195350647,,2021,pit,RP
19876,Kevin Ginkel,P,60.0,0.0,60.0,2.0420000553131104,14.905599594116211,337.98333830833434,ARI,2021,pit,RP
4264,Mark Melancon,P,62.0,0.0,62.0,5.040999889373779,14.36139965057373,339.335539484024,,2021,pit,RP
5003,Jake Diekman,P,67.0,0.0,67.0,4.335000038146973,11.472900390625,388.5915469646453,,2021,pit,RP
15684,Miguel Castro,P,62.0,0.0,62.0,0.0,17.107200622558594,355.5857662200927,,2021,pit,RP
6941,Joakim Soria,P,62.0,0.0,62.0,19.05699920654297,7.093599796295166,386.1801130771636,,2021,pit,RP
11713,Matt Harvey,P,25.81999969482422,17.81999969482422,103.1697006225586,0.0,0.5848000049591064,245.1529449462891,,2021,pit,SP
13684,John Gant,P,44.720001220703125,9.720000267028809,89.80870056152344,0.0,0.6348000168800354,315.39065446853635,,2021,pit,RP
17610,Tanner Rainey,P,62.0,0.0,62.0,8.741000175476074,11.234600067138672,368.0138661384582,DET,2021,pit,RP
19316,Eric Lauer,P,17.719999313354492,9.720000267028809,60.59339904785156,0.0,0.5842000246047974,205.9123896121979,TOR,2021,pit,SP
16981,Tyler Beede,P,8.100000381469727,8.100000381469727,45.02149963378906,0.0,0.0,164.26551017761233,CHC,2021,pit,SP
13549,Richard Rodríguez,P,65.0,0.0,65.0,20.70400047302246,5.671000003814697,402.6507130146026,,2021,pit,RP
14993,Scott Barlow,P,65.0,0.0,65.0,1.0390000343322754,15.663000106811523,354.2559046268463,OAK,2021,pit,RP
6216,Dellin Betances,P,58.0,0.0,58.0,1.8530000448226929,12.728300094604492,327.71303360462196,,2021,pit,RP
12760,Rafael Montero,P,63.0,0.0,63.0,23.81399917602539,5.03410005569458,406.00424633026125,NYY,2021,pit,RP
19569,David Bednar,P,58.0,0.0,58.0,3.944000005722046,9.735099792480469,295.0702620506287,NYY,2021,pit,RP
13397,Sam Selman,P,50.0,0.0,50.0,0.0,9.385600090026855,270.1564020633698,,2021,pit,RP
12095,Yimi García,P,63.0,0.0,63.0,7.415999889373779,10.347700119018555,332.506997871399,TOR,2021,pit,RP
8241,David Robertson,P,38.0,0.0,38.0,0.0,0.0,182.0467060804367,,2021,pit,RP
10343,Aaron Loup,P,52.0,0.0,52.0,0.0,10.093600273132324,275.7429143428802,,2021,pit,RP
19800,Wil Crowe,P,22.959999084472656,12.960000038146973,81.2300033569336,0.0,0.613099992275238,226.27097167968756,,2021,pit,SP
19268,Justin Dunn,P,21.059999465942383,21.059999465942383,112.18340301513672,0.0,0.0,302.4302638053893,,2021,pit,SP
18335,Josh Staumont,P,63.0,0.0,63.0,10.392999649047852,9.421699523925781,362.02509770393374,CIN,2021,pit,RP
11804,Héctor Neris,P,65.0,0.0,65.0,18.52400016784668,6.08620023727417,395.9264855384826,KCR,2021,pit,RP
21690,Edward Cabrera,P,29.860000610351562,4.860000133514404,52.70199966430664,0.0,0.6366000175476074,204.24046964645387,CHC,2021,pit,RP
13801,Austin Adams,P,34.0,0.0,34.0,0.0,0.6970999836921692,177.9190816640854,,2021,pit,RP
17369,Brett Martin,P,48.0,0.0,48.0,0.0,7.985300064086914,223.08143856525425,,2021,pit,RP
11752,Luke Jackson,P,50.0,0.0,50.0,0.0,9.41469955444336,246.35739421844482,,2021,pit,RP
7803,Richard Bleier,P,59.0,0.0,59.0,1.0110000371932983,11.92389965057373,286.75756971836086,,2021,pit,RP
15009,Kyle Finnegan,P,58.0,0.0,58.0,0.0,13.006799697875977,294.15814170837405,DET,2021,pit,RP
12918,Archie Bradley,P,67.0,0.0,67.0,8.125,12.723299980163574,354.770789861679,,2021,pit,RP
13403,Félix Peña,P,58.0,0.0,58.0,1.065999984741211,15.144000053405762,307.50154223442087,,2021,pit,RP
13799,Matt Strahm,P,44.0,0.0,44.0,0.0,4.089799880981445,202.99851694107053,KCR,2021,pit,RP
15071,Kyle McGowin,P,31.6200008392334,1.6200000047683716,39.18330001831055,0.0,0.72079998254776,166.1993989706039,,2021,pit,RP
7593,Jordan Lyles,P,44.060001373291016,21.059999465942383,137.6717071533203,0.0,0.6049000024795532,340.6652318954468,,2021,pit,RP
13942,Brent Suter,P,64.0,0.0,64.0,1.4609999656677246,13.88479995727539,324.9523458480835,LAA,2021,pit,RP
14966,Reyes Moronta,P,58.0,0.0,58.0,11.315999984741211,9.06980037689209,360.8086837291718,,2021,pit,RP
23293,Codi Heuer,P,58.0,0.0,58.0,0.0,12.609000205993652,286.856176185608,CLE,2021,pit,RP
16703,Julian Merryweather,P,53.0,0.0,53.0,0.0,6.939000129699707,250.2832542896271,MIN,2021,pit,RP
16265,Sam Howard,P,51.0,0.0,51.0,0.0,8.598400115966797,239.93020749092105,,2021,pit,RP
16400,Reynaldo López,P,43.720001220703125,9.720000267028809,86.75479888916016,0.0,0.6643000245094299,264.09157290458677,ATL,2021,pit,RP
3284,Aníbal Sánchez,P,17.81999969482422,17.81999969482422,102.31849670410156,0.0,0.0,269.43664045333867,,2021,pit,SP
12828,Andrew Kittredge,P,46.0,0.0,46.0,2.24399995803833,5.42609977722168,239.96780297756197,BAL,2021,pit,RP
19614,Cionel Pérez,P,32.0,0.0,32.0,0.0,0.6765000224113464,142.06565337181092,WSN,2021,pit,RP
11428,Brandon Workman,P,61.0,0.0,61.0,2.2260000705718994,15.94159984588623,334.42881703376776,,2021,pit,RP
10745,Trevor Rosenthal,P,62.0,0.0,62.0,26.009000778198242,3.1217000484466553,435.95708885192863,,2021,pit,RP
13761,Chris Stratton,P,64.0,0.0,64.0,2.9579999446868896,11.81029987335205,318.3089828014374,,2021,pit,RP
21481,Sean Hjelle,P,4.860000133514404,4.860000133514404,27.70199966430664,0.0,0.0,103.1631036043167,,2021,pit,SP
20369,Matt Manning,P,8.100000381469727,8.100000381469727,46.16999816894531,0.0,0.0,147.50056080818175,,2021,pit,SP
18694,Kolby Allard,P,24.479999542236328,6.480000019073486,52.59130096435547,0.0,0.6049000024795532,174.6624110221863,CLE,2021,pit,RP
14542,Carlos Estévez,P,55.0,0.0,55.0,1.7979999780654907,8.906100273132324,239.3140424966812,KCR,2021,pit,RP
13287,Jesse Hahn,P,56.0,0.0,56.0,7.620999813079834,9.23330020904541,302.5352303981782,TOR,2021,pit,RP
17679,Rogelio Armenteros,P,6.480000019073486,6.480000019073486,36.746299743652344,0.0,0.0,116.74457676410675,,2021,pit,SP
15538,Eric Yardley,P,63.0,0.0,63.0,0.0,12.045100212097168,278.3610414505006,,2021,pit,RP
11903,Michael Feliz,P,60.0,0.0,60.0,3.2860000133514404,12.941499710083008,301.0359752178192,,2021,pit,RP
19574,JoJo Romero,P,40.0,0.0,40.0,0.0,0.65829998254776,164.05723600387574,STL,2021,pit,RP
14646,Rowan Wick,P,50.0,0.0,50.0,4.081999778747559,8.703499794006348,262.4132028102875,SFG,2021,pit,RP
18152,Anthony Misiewicz,P,62.0,0.0,62.0,1.7510000467300415,14.94849967956543,320.7907269716262,CIN,2021,pit,RP
13758,Tyler Duffey,P,62.0,0.0,62.0,1.6540000438690186,15.458999633789062,331.1005514621734,,2021,pit,RP
9761,Joe Kelly,P,42.0,0.0,42.0,0.0,0.7509999871253967,188.1706388235092,,2021,pit,RP
14677,Duane Underwood Jr.,P,44.0,0.0,44.0,0.0,5.395100116729736,211.36505239009858,,2021,pit,RP
7754,Mike Fiers,P,25.920000076293945,25.920000076293945,145.67559814453125,0.0,0.0,344.0049779891968,,2021,pit,SP
20373,Andrés Muñoz,P,30.0,0.0,30.0,5.603000164031982,0.5454000234603882,182.8622039079666,SEA,2021,pit,RP
18333,Alex Young,P,33.2400016784668,3.240000009536743,47.70600128173828,0.0,0.6761000156402588,188.83469285964964,CIN,2021,pit,RP
17920,Cody Ponce,P,12.859999656677246,4.860000133514404,35.3140983581543,0.0,0.613099992275238,115.33368134498598,TOR,2021,pit,RP
19447,Patrick Sandoval,P,17.239999771118164,3.240000009536743,31.355100631713867,0.0,0.6886000037193298,127.12051792144774,BOS,2021,pit,RP
14672,Dillon Maples,P,38.0,0.0,38.0,0.0,0.7111999988555908,185.44995622634883,,2021,pit,RP
3240,Zack Britton,P,35.0,0.0,35.0,2.2249999046325684,2.914900064468384,176.45406305789945,,2021,pit,RP
14663,Chi Chi González,P,11.479999542236328,6.480000019073486,40.078800201416016,0.0,0.6263999938964844,96.12486763000489,,2021,pit,SP
3192,Will Harris,P,28.0,0.0,28.0,0.0,0.72079998254776,123.1693907618523,,2021,pit,RP
13690,Sal Romano,P,38.0,0.0,38.0,0.0,0.6765000224113464,141.20309953689573,,2021,pit,RP
13360,Cam Bedrosian,P,44.0,0.0,44.0,0.0,5.95359992980957,180.12346262931828,,2021,pit,RP
7146,Daniel Hudson,P,61.0,0.0,61.0,5.4629998207092285,14.610099792480469,318.4919491291047,,2021,pit,RP
17277,Ranger Suarez,P,34.619998931884766,1.6200000047683716,42.18330001831055,0.0,0.65829998254776,149.0164792060852,BOS,2021,pit,RP
18337,Nick Anderson,P,24.0,0.0,24.0,0.0,0.6273999810218811,123.67573992013934,OAK,2021,pit,RP
7274,Craig Stammen,P,46.0,0.0,46.0,0.0,6.413599967956543,212.2232278823853,,2021,pit,RP
16943,Sean Newcomb,P,35.0,0.0,35.0,0.0,0.6847000122070312,149.68684136867523,CHW,2021,pit,RP
16058,Stefan Crichton,P,63.0,0.0,63.0,10.890000343322754,9.580100059509277,339.2598798274994,,2021,pit,RP
18138,Ryan Helsley,P,58.0,0.0,58.0,3.4709999561309814,10.309800148010254,293.3930041790009,BAL,2021,pit,RP
11487,Joely Rodríguez,P,58.0,0.0,58.0,9.201000213623047,9.581399917602539,316.04598879814154,BOS,2021,pit,RP
12297,Evan Marshall,P,60.0,0.0,60.0,0.0,15.579999923706055,295.53563532829287,LAA,2021,pit,RP
5114,Jeurys Familia,P,56.0,0.0,56.0,0.0,12.29740047454834,290.1432180881501,,2021,pit,RP
15541,Tyler Rogers,P,63.0,0.0,63.0,7.544000148773193,13.23169994354248,341.2484566688538,TOR,2021,pit,RP
23735,Luis Garcia,P,11.34000015258789,11.34000015258789,64.44439697265625,0.0,0.0,198.01218333244327,,2021,pit,SP
15502,Kohl Stewart,P,4.860000133514404,4.860000133514404,27.549699783325195,0.0,0.0,86.91661946773532,,2021,pit,SP
3254,Jeff Samardzija,P,16.200000762939453,16.200000762939453,89.814697265625,0.0,0.0,193.30163326263425,,2021,pit,SP
10197,Shelby Miller,P,16.100000381469727,8.100000381469727,52.354698181152344,0.0,0.7111999988555908,158.74819884300229,CHC,2021,pit,SP
14506,J.B. Wendelken,P,59.0,0.0,59.0,0.0,9.65470027923584,278.3088590621948,,2021,pit,RP
7531,Collin McHugh,P,61.619998931884766,1.6200000047683716,69.14929962158203,1.121999979019165,11.951000213623047,334.66780104637155,,2021,pit,RP
21205,Connor Brogdon,P,56.0,0.0,56.0,0.0,11.469400405883789,276.41334152221685,CLE,2021,pit,RP
17611,Taylor Clarke,P,60.86000061035156,4.860000133514404,82.21279907226562,2.0420000553131104,11.647199630737305,344.41242232322696,ARI,2021,pit,RP
17359,Josh Taylor,P,54.0,0.0,54.0,1.1109999418258667,11.206500053405762,263.64675438404083,,2021,pit,RP
15232,Cody Reed,P,40.0,0.0,40.0,0.0,3.346299886703491,195.21536233425138,,2021,pit,RP
17264,Sam Coonrod,P,42.0,0.0,42.0,0.0,3.6865999698638916,191.5417021274567,,2021,pit,RP
20185,Zach Pop,P,42.0,0.0,42.0,0.0,3.5650999546051025,186.7558787822723,PHI,2021,pit,RP
4301,Justin Wilson,P,50.0,0.0,50.0,0.0,9.136899948120117,236.26288921833037,,2021,pit,RP
15906,Lewis Thorpe,P,42.86000061035156,4.860000133514404,65.34719848632812,0.0,3.4017999172210693,237.2410945415497,,2021,pit,RP
19853,Michael King,P,33.2400016784668,3.240000009536743,47.81999969482422,0.0,0.6644999980926514,166.47944912910464,SDP,2021,pit,RP
15256,Cole Sulser,P,56.0,0.0,56.0,1.8660000562667847,9.577500343322754,245.4138794183732,TBR,2021,pit,RP
15855,Wander Suero,P,60.0,0.0,60.0,1.093000054359436,13.729700088500977,276.104286980629,OAK,2021,pit,RP
12763,Chris Devenski,P,52.0,0.0,52.0,0.0,10.937399864196777,241.1721723079681,PIT,2021,pit,RP
16122,Jordan Romano,P,60.0,0.0,60.0,18.437999725341797,7.251200199127197,365.62401823997493,LAA,2021,pit,RP
17490,Génesis Cabrera,P,50.0,0.0,50.0,8.678999900817871,4.761300086975098,282.9450652122498,PHI,2021,pit,RP
10291,Ryan Tepera,P,56.0,0.0,56.0,1.1130000352859497,12.019200325012207,280.4458917856217,,2021,pit,RP
19695,Connor Seabold,P,6.480000019073486,6.480000019073486,36.93600082397461,0.0,0.0,107.19273426532747,TOR,2021,pit,SP
16610,J.P. Feyereisen,P,58.0,0.0,58.0,0.0,9.317899703979492,260.6168763160706,LAD,2021,pit,RP
10061,Brooks Raley,P,56.0,0.0,56.0,0.0,10.48550033569336,251.61972084045422,NYM,2021,pit,RP
15288,Adam Cimber,P,53.0,0.0,53.0,0.0,9.278800010681152,222.73283157348638,,2021,pit,RP
5221,Wade LeBlanc,P,25.719999313354492,9.720000267028809,68.36869812011719,0.0,0.5848000049591064,144.02056241035464,,2021,pit,RP
2882,Luis Avilán,P,50.0,0.0,50.0,0.0,9.911299705505371,220.9852546215057,,2021,pit,RP
20447,Enoli Paredes,P,61.0,0.0,61.0,1.8109999895095825,12.913100242614746,311.07606952190406,BAL,2021,pit,RP
2859,Ross Detwiler,P,48.0,0.0,48.0,0.0,6.111599922180176,207.21927778720857,CIN,2021,pit,RP
15145,Justin Topa,P,28.0,0.0,28.0,0.0,0.5842000246047974,124.50483272075657,MIN,2021,pit,RP
18064,Phil Maton,P,58.0,0.0,58.0,0.0,12.878399848937988,289.53080129623413,CHC,2021,pit,RP
10591,Scott Alexander,P,24.0,0.0,24.0,0.0,0.7509999871253967,106.61087970733644,SFG,2021,pit,RP
17878,Dennis Santana,P,30.0,0.0,30.0,0.0,0.7509999871253967,134.4549449443817,PIT,2021,pit,RP
21483,Shane McClanahan,P,56.2400016784668,3.240000009536743,71.46800231933594,4.48799991607666,8.047499656677246,328.7161394119263,TBR,2021,pit,RP
9756,David Hale,P,53.0,0.0,53.0,0.0,9.595000267028809,232.81337828636174,,2021,pit,RP
3281,Joe Smith,P,57.0,0.0,57.0,0.0,12.074199676513672,266.1404985427856,,2021,pit,RP
4338,Tyler Chatwood,P,68.23999786376953,3.240000009536743,82.40339660644531,4.255000114440918,14.637399673461914,378.94786262512207,,2021,pit,RP
15042,Tim Mayza,P,42.0,0.0,42.0,0.0,3.6658999919891357,184.96910524368286,PHI,2021,pit,RP
24584,Jonathan Stiever,P,12.479999542236328,6.480000019073486,42.15439987182617,0.0,0.6643000245094299,113.57838444709776,,2021,pit,SP
16647,Ryan Thompson,P,64.0,0.0,64.0,3.740000009536743,14.127699851989746,325.2622319221497,ARI,2021,pit,RP
17796,Dillon Tate,P,60.0,0.0,60.0,3.109999895095825,10.445699691772461,256.805117225647,,2021,pit,RP
12385,Nick Tropeano,P,27.239999771118164,3.240000009536743,42.37229919433594,0.0,0.6826000213623047,156.97793481349947,,2021,pit,RP
17948,Trent Thornton,P,36.099998474121094,8.100000381469727,70.73100280761719,0.0,0.6546000242233276,227.26905980110178,CHC,2021,pit,RP
16390,Brad Wieck,P,34.0,0.0,34.0,0.0,0.7111999988555908,150.54527215957643,,2021,pit,RP
10756,Shane Greene,P,44.0,0.0,44.0,0.0,0.0,156.52030420303348,,2021,pit,RP
20468,Huascar Ynoa,P,21.239999771118164,3.240000009536743,35.32789993286133,0.0,0.6847000122070312,133.28641209602353,LAA,2021,pit,RP
22051,John King,P,38.0,0.0,38.0,0.0,0.6049000024795532,144.70658748149867,MIA,2021,pit,RP
1247,Adam Ottavino,P,66.0,0.0,66.0,7.4039998054504395,12.010100364685059,343.08153581619274,,2021,pit,RP
11589,José Ureña,P,48.20000076293945,16.200000762939453,122.81890106201172,0.0,0.6050999760627747,317.6477816104891,,2021,pit,RP
6316,David Phelps,P,64.0,0.0,64.0,2.128000020980835,12.888699531555176,314.05812335014343,,2021,pit,RP
15514,Kendall Graveman,P,63.0,0.0,63.0,3.8519999980926514,12.041000366210938,300.70389428138736,,2021,pit,RP
6399,José Cisnero,P,56.0,0.0,56.0,0.9620000123977661,10.226099967956543,261.2027387857438,,2021,pit,RP
15451,Mike Mayers,P,63.0,0.0,63.0,4.265999794006348,12.627400398254395,303.94606380462653,,2021,pit,RP
5358,Jose Alvarez,P,44.0,0.0,44.0,0.0,6.006800174713135,204.0050587892532,,2021,pit,RP
18356,Jaime Barria,P,21.239999771118164,3.240000009536743,35.51279830932617,0.0,0.6886000037193298,112.49428260326383,,2021,pit,RP
20395,Nick Margevicius,P,14.859999656677246,4.860000133514404,36.683998107910156,0.0,0.6492000222206116,115.27312185764312,SFG,2021,pit,RP
17759,Angel Perdomo,P,52.0,0.0,52.0,0.0,6.0756001472473145,242.47105808258053,LAA,2021,pit,RP
15290,Austin Pruitt,P,27.6200008392334,1.6200000047683716,35.21289825439453,0.0,0.680899977684021,127.33390927314757,OAK,2021,pit,RP
18323,Josh Sborz,P,58.0,0.0,58.0,2.8550000190734863,10.44950008392334,278.48479137420657,TEX,2021,pit,RP
20491,J.B. Bukauskas,P,46.0,0.0,46.0,0.0,6.219900131225586,210.72186431884768,MIL,2021,pit,RP
8823,Oliver Drake,P,28.0,0.0,28.0,0.0,0.6273999810218811,118.21085655689244,TBR,2021,pit,RP
15947,Ryne Stanek,P,48.0,0.0,48.0,0.0,6.536399841308594,223.47982385158542,STL,2021,pit,RP
20198,Ben Bowden,P,48.0,0.0,48.0,0.0,6.013599872589111,185.24961962699894,OAK,2021,pit,RP
12022,Matt Andriese,P,67.0,0.0,67.0,0.0,18.01110076904297,310.3672487735748,,2021,pit,RP
16507,Dan Altavilla,P,22.0,0.0,22.0,0.0,0.6970999836921692,101.59990355968475,MIN,2021,pit,RP
9013,César Valdez,P,59.0,0.0,59.0,6.21999979019165,10.790399551391602,257.2614789962769,,2021,pit,RP
9794,Rex Brothers,P,40.0,0.0,40.0,0.0,3.793100118637085,189.0056169986725,,2021,pit,RP
15849,Kent Emanuel,P,25.0,0.0,25.0,0.0,0.680899977684021,104.83847682476043,,2021,pit,RP
6986,Ian Kennedy,P,40.0,0.0,40.0,4.441999912261963,2.7746999263763428,181.64785280227662,TEX,2021,pit,RP
4185,Rafael Dolis,P,62.0,0.0,62.0,9.574000358581543,9.800200462341309,329.2781860828399,,2021,pit,RP
12323,Jacob Barnes,P,38.0,0.0,38.0,0.0,3.5762999057769775,171.02645783424379,,2021,pit,RP
21029,Jhoan Duran,P,3.240000009536743,3.240000009536743,18.468000411987305,0.0,0.0,60.133582198619855,PHI,2021,pit,SP
19535,Ryan Hendrix,P,23.0,0.0,23.0,0.0,0.6765000224113464,92.9147954940796,,2021,pit,RP
10843,Adam Kolarek,P,53.0,0.0,53.0,0.0,6.307499885559082,229.0205788612366,,2021,pit,RP
19558,Geoff Hartlieb,P,42.0,0.0,42.0,0.0,3.433199882507324,174.31303949356078,OAK,2021,pit,RP
20206,Mike Baumann,P,8.100000381469727,8.100000381469727,46.16999816894531,0.0,0.0,97.97052190303805,NYM,2021,pit,SP
19546,Jon Duplantier,P,23.6200008392334,1.6200000047683716,31.15399932861328,0.0,0.6761000156402588,119.82871351242063,,2021,pit,RP
11861,Jason Adam,P,58.0,0.0,58.0,0.0,13.500100135803223,283.79906077384953,SDP,2021,pit,RP
16350,Ryan Borucki,P,58.0,0.0,58.0,1.0640000104904175,11.458000183105469,270.9712527036667,CHW,2021,pit,RP
13594,Robert Stephenson,P,62.0,0.0,62.0,0.8989999890327454,14.72659969329834,273.22252694368353,LAA,2021,pit,RP
18251,Art Warren,P,20.0,0.0,20.0,0.0,0.6765000224113464,82.04645997285843,,2021,pit,RP
19805,Daniel Castano,P,21.6200008392334,1.6200000047683716,28.851299285888672,0.0,0.6366000175476074,103.81816549301148,,2021,pit,RP
14719,Ty Buttrey,P,26.0,0.0,26.0,0.0,0.6886000037193298,107.9438138484955,,2021,pit,RP
19274,Jacob Webb,P,38.0,0.0,38.0,0.0,3.4691998958587646,154.04608275890348,CHC,2021,pit,RP
14509,Dereck Rodríguez,P,7.860000133514404,4.860000133514404,30.194499969482422,0.0,0.6263999938964844,56.33161690235141,,2021,pit,SP
1246,Matt Bush,P,61.0,0.0,61.0,10.470000267028809,9.664899826049805,310.2876215457917,,2021,pit,RP
16944,Grant Holmes,P,6.239999771118164,3.240000009536743,21.468000411987305,0.0,0.5950000286102295,74.42872726917267,ATL,2021,pit,SP
16128,John Curtiss,P,56.0,0.0,56.0,1.0110000371932983,10.758700370788574,268.9129588842393,ARI,2021,pit,RP
15043,Lou Trivino,P,62.0,0.0,62.0,0.0,11.477800369262695,280.0934884548187,PHI,2021,pit,RP
18088,Cody Stashak,P,58.0,0.0,58.0,0.0,12.74470043182373,257.1399600028992,,2021,pit,RP
12774,Jairo Díaz,P,42.0,0.0,42.0,0.0,3.5078999996185303,148.3944908618927,,2021,pit,RP
20243,Zac Lowther,P,4.860000133514404,4.860000133514404,27.70199966430664,0.0,0.0,65.98790071010588,,2021,pit,SP
22200,Ryan Rolison,P,11.34000015258789,11.34000015258789,64.63800048828125,0.0,0.0,105.23629479408271,CHC,2021,pit,SP
6785,Andrew Miller,P,63.0,0.0,63.0,3.4709999561309814,11.906200408935547,314.9816538333894,,2021,pit,RP
22713,Carlos Hernández,P,6.239999771118164,3.240000009536743,20.8075008392334,0.0,0.6459000110626221,66.38760389089585,CLE,2021,pit,SP
5615,Ryan Brasier,P,35.0,0.0,35.0,0.0,0.6876999735832214,140.11514935493472,TEX,2021,pit,RP
16929,Touki Toussaint,P,9.619999885559082,1.6200000047683716,16.862300872802734,0.0,0.6847000122070312,68.64866967201235,,2021,pit,RP
19899,Clarke Schmidt,P,11.619999885559082,1.6200000047683716,19.166799545288086,0.0,0.6644999980926514,67.75831997394562,NYY,2021,pit,RP
19871,Tucker Davidson,P,3.240000009536743,3.240000009536743,18.14929962158203,0.0,0.0,57.491898703575124,PHI,2021,pit,SP
17464,Jonathan Hernández,P,18.0,0.0,18.0,0.0,0.6049000024795532,75.23408430814744,PHI,2021,pit,RP
4696,Nate Jones,P,28.0,0.0,28.0,0.0,0.6847000122070312,116.7356706142426,,2021,pit,RP
19866,Brandon Bielak,P,23.239999771118164,3.240000009536743,37.585201263427734,0.0,0.680899977684021,129.39529449939727,,2021,pit,RP
21549,Jackson Kowar,P,3.240000009536743,3.240000009536743,18.468000411987305,0.0,0.0,53.407672798633584,BAL,2021,pit,SP
15507,Hunter Harvey,P,38.0,0.0,38.0,7.775000095367432,0.43860000371932983,173.1601782083511,CHC,2021,pit,RP
19269,T.J. Zeuch,P,4.860000133514404,4.860000133514404,27.406700134277344,0.0,0.0,67.12542068958284,,2021,pit,SP
16159,Jace Fry,P,44.0,0.0,44.0,2.369999885559082,5.436299800872803,200.9729191064835,,2021,pit,RP
7872,Tyson Ross,P,6.480000019073486,6.480000019073486,36.57699966430664,0.0,0.0,83.49043240547181,TEX,2021,pit,SP
20191,Garrett Whitlock,P,42.0,0.0,42.0,0.0,3.8510000705718994,164.27774620056152,BOS,2021,pit,RP
1581,Sean Doolittle,P,58.0,0.0,58.0,5.178999900817871,12.884900093078613,255.57303099632267,,2021,pit,RP
12890,Alex Claudio,P,60.0,0.0,60.0,1.065999984741211,13.115900039672852,254.06114106178285,,2021,pit,RP
9346,Brandon Morrow,P,10.0,0.0,10.0,0.0,0.7509999871253967,48.747244596481316,,2021,pit,RP
19848,Darwinzon Hernández,P,58.0,0.0,58.0,1.1109999418258667,12.66189956665039,297.12586047649387,,2021,pit,RP
13911,Scott Oberg,P,12.0,0.0,12.0,0.0,0.6263999938964844,47.15512048006059,,2021,pit,RP
19677,Gregory Soto,P,65.0,0.0,65.0,16.038000106811523,6.504899978637695,357.83522787094114,PIT,2021,pit,RP
5401,Brad Peacock,P,18.0,0.0,18.0,0.0,0.0,75.98280096054079,,2021,pit,RP
19199,Conner Menez,P,12.0,0.0,12.0,0.0,0.6826000213623047,57.18589953184129,,2021,pit,RP
9939,Brandon Kintzler,P,62.0,0.0,62.0,1.9500000476837158,14.998000144958496,277.14070487022394,,2021,pit,RP
17585,Jordan Yamamoto,P,4.860000133514404,4.860000133514404,26.561199188232422,0.0,0.0,79.32615823745728,,2021,pit,SP
27460,Shun Yamaguchi,P,12.0,0.0,12.0,0.0,0.6826000213623047,57.76095967292787,,2021,pit,RP
20385,Isaac Mattson,P,32.0,0.0,32.0,0.0,0.5848000049591064,111.23329610824587,PIT,2021,pit,RP
21390,Joe Ryan,P,7.619999885559082,1.6200000047683716,15.234000205993652,0.0,0.6273999810218811,62.353576087951666,MIN,2021,pit,RP
20517,Nick Sandlin,P,32.0,0.0,32.0,0.0,0.6784999966621399,128.98615298271181,LAA,2021,pit,RP
12555,Tony Cingrani,P,15.0,0.0,15.0,0.0,0.0,62.90455832481384,,2021,pit,RP
14295,Wandy Peralta,P,36.0,0.0,36.0,0.0,3.276400089263916,154.63869884014133,SDP,2021,pit,RP
14244,Ray Black,P,14.0,0.0,14.0,0.0,0.5842000246047974,65.66601375341418,MIL,2021,pit,RP
17677,Jeffrey Springs,P,32.0,0.0,32.0,0.0,0.6273999810218811,141.08536615371705,OAK,2021,pit,RP
19903,Adonis Medina,P,3.240000009536743,3.240000009536743,18.33370018005371,0.0,0.0,50.87180426120759,,2021,pit,SP
17735,Tyler Alexander,P,36.0,0.0,36.0,0.0,0.6050999760627747,135.98258035182954,TEX,2021,pit,RP
9388,Josh Tomlin,P,54.0,0.0,54.0,0.0,11.503100395202637,224.30611717700958,,2021,pit,RP
17355,Edgar Santana,P,25.0,0.0,25.0,0.0,0.613099992275238,92.86393530368805,,2021,pit,RP
14605,James Hoyt,P,31.0,0.0,31.0,0.0,0.6886000037193298,107.06336009502408,,2021,pit,RP
10133,Brad Boxberger,P,44.0,0.0,44.0,0.0,3.427299976348877,183.58155314922334,,2021,pit,RP
20237,Tyler Ivey,P,1.6200000047683716,1.6200000047683716,9.234000205993652,0.0,0.0,31.796490597724915,,2021,pit,SP
4994,Fernando Abad,P,18.0,0.0,18.0,0.0,0.5848000049591064,64.58519644737245,,2021,pit,RP
12680,Ryne Harper,P,16.0,0.0,16.0,0.0,0.72079998254776,61.25452654361726,,2021,pit,RP
19561,Bernardo Flores Jr.,P,4.619999885559082,1.6200000047683716,12.234000205993652,0.0,0.6643000245094299,40.782482254505155,,2021,pit,RP
19459,Jorge Alcala,P,45.0,0.0,45.0,0.0,6.042699813842773,188.044278883934,TOR,2021,pit,RP
17035,Joe Palumbo,P,12.0,0.0,12.0,0.0,0.6049000024795532,55.749320995807665,,2021,pit,RP
4505,Jordan Zimmermann,P,7.619999885559082,1.6200000047683716,14.69849967956543,0.0,0.5842000246047974,50.63679474592211,,2021,pit,RP
24580,Josiah Gray,P,1.6200000047683716,1.6200000047683716,9.234000205993652,0.0,0.0,30.032617747783668,WSN,2021,pit,SP
19926,Tony Santillan,P,3.240000009536743,3.240000009536743,18.468000411987305,0.0,0.0,43.37028160095216,CIN,2021,pit,SP
14974,Tyler Webb,P,59.0,0.0,59.0,0.0,12.258199691772461,261.42197828292854,,2021,pit,RP
9492,Bud Norris,P,20.0,0.0,20.0,0.0,0.0,77.4125519633293,,2021,pit,RP
25376,Nick Mears,P,17.0,0.0,17.0,0.0,0.613099992275238,72.2396058678627,KCR,2021,pit,RP
sa917951,Reggie Lawson,P,1.6200000047683716,1.6200000047683716,9.234000205993652,0.0,0.0,30.41011017560959,,2021,pit,SP
16587,Erik Swanson,P,36.0,0.0,36.0,0.0,3.1164000034332275,157.64560444355016,,2021,pit,RP
20000,Tyler Wells,P,34.0,0.0,34.0,0.0,0.5848000049591064,115.22715454101562,BAL,2021,pit,RP
4070,Pedro Strop,P,32.0,0.0,32.0,0.0,0.7111999988555908,110.0623209476471,,2021,pit,RP
19453,Shaun Anderson,P,15.619999885559082,1.6200000047683716,23.090099334716797,0.0,0.6714000105857849,75.40992974042892,LAA,2021,pit,RP
11384,Tommy Kahnle,P,5.0,0.0,5.0,0.0,0.7509999871253967,29.88895322680473,,2021,pit,RP
19976,Tyson Miller,P,4.860000133514404,4.860000133514404,27.263399124145508,0.0,0.0,71.92328717708587,CHW,2021,pit,SP
21896,Brailyn Marquez,P,1.6200000047683716,1.6200000047683716,9.234000205993652,0.0,0.0,31.229124653339387,,2021,pit,SP
19826,Riley Smith,P,22.0,0.0,22.0,0.0,0.6761000156402588,87.0470084667206,,2021,pit,RP
19487,Devin Smeltzer,P,18.479999542236328,6.480000019073486,48.474700927734375,0.0,0.6714000105857849,133.52740712165834,,2021,pit,RP
12784,Burch Smith,P,36.0,0.0,36.0,0.0,0.5950000286102295,137.76441738605502,DET,2021,pit,RP
17732,Nabil Crismatt,P,10.0,0.0,10.0,0.0,0.6970999836921692,46.19625258445739,TEX,2021,pit,RP
20186,Brendan McKay,P,6.0,0.0,6.0,0.0,0.6273999810218811,33.57381949126721,,2021,pit,RP
10855,Chasen Shreve,P,28.0,0.0,28.0,0.0,0.613099992275238,111.25908374786383,,2021,pit,RP
19337,Richard Lovelady,P,40.0,0.0,40.0,0.0,3.4447999000549316,160.7770373106003,WSN,2021,pit,RP
20312,Alec Bettinger,P,1.6200000047683716,1.6200000047683716,9.234000205993652,0.0,0.0,28.607012003660206,,2021,pit,SP
15091,Hunter Wood,P,36.0,0.0,36.0,0.0,0.6049000024795532,130.49203345775607,,2021,pit,RP
11203,Grant Dayton,P,44.0,0.0,44.0,0.0,6.025400161743164,186.56577270030976,,2021,pit,RP
15859,Stephen Tarpley,P,14.0,0.0,14.0,0.0,0.7057999968528748,61.15212138891223,,2021,pit,RP
18282,Jarlín García,P,55.0,0.0,55.0,1.5089999437332153,11.212699890136719,255.56942551136015,,2021,pit,RP
8782,Andrew Cashner,P,20.0,0.0,20.0,0.0,0.0,71.90622299909592,,2021,pit,RP
19278,Vladimir Gutierrez,P,12.0,0.0,12.0,0.0,0.6765000224113464,46.734759807586684,,2021,pit,RP
13763,Dominic Leone,P,16.0,0.0,16.0,0.0,0.6826000213623047,71.83775411844255,,2021,pit,RP
15823,Zack Littell,P,14.0,0.0,14.0,0.0,0.6826000213623047,63.06863299608232,,2021,pit,RP
21087,Demarcus Evans,P,20.0,0.0,20.0,0.0,0.6049000024795532,76.74460552930833,,2021,pit,RP
12777,John Brebbia,P,22.0,0.0,22.0,0.0,0.6826000213623047,92.2060107588768,COL,2021,pit,RP
19911,José Suarez,P,1.6200000047683716,1.6200000047683716,8.634599685668945,0.0,0.0,27.200823700428003,ATL,2021,pit,SP
17755,Drew Smith,P,26.0,0.0,26.0,0.0,0.7057999968528748,99.74286553859712,WSN,2021,pit,RP
19583,Sean Poppen,P,8.0,0.0,8.0,0.0,0.613099992275238,36.71426674127579,,2021,pit,RP
8337,Lucas Luetge,P,20.0,0.0,20.0,0.0,0.6644999980926514,76.75036970376968,,2021,pit,RP
11753,Kyle Ryan,P,18.0,0.0,18.0,0.0,0.7111999988555908,65.8788411974907,,2021,pit,RP
5640,Tyler Clippard,P,34.0,0.0,34.0,0.0,0.6761000156402588,123.45857982635498,WSN,2021,pit,RP
14832,Bobby Wahl,P,10.0,0.0,10.0,0.0,0.5842000246047974,45.79760043025017,,2021,pit,RP
11071,Mickey Jannis,P,5.619999885559082,1.6200000047683716,13.234000205993652,0.0,0.5848000049591064,35.73822025060654,,2021,pit,RP
18496,Junior Fernández,P,18.0,0.0,18.0,0.0,0.6348000168800354,68.95316025018693,ARI,2021,pit,RP
15046,Trevor Gott,P,10.0,0.0,10.0,0.0,0.6826000213623047,43.23730589151382,WSN,2021,pit,RP
16164,Daniel Gossett,P,1.6200000047683716,1.6200000047683716,9.193099975585938,0.0,0.0,25.548174321651466,,2021,pit,SP
14899,Taylor Williams,P,14.0,0.0,14.0,0.0,0.6970999836921692,58.593459999561325,,2021,pit,RP
21281,Tommy Doyle,P,28.0,0.0,28.0,0.0,0.6263999938964844,88.0709216356278,,2021,pit,RP
11632,Heath Hembree,P,16.0,0.0,16.0,0.0,0.6765000224113464,59.600634241104125,,2021,pit,RP
19231,Caleb Baragar,P,28.0,0.0,28.0,0.0,0.6826000213623047,109.36507780551914,,2021,pit,RP
12857,Shawn Armstrong,P,50.0,0.0,50.0,0.9330000281333923,5.672699928283691,192.8710235953331,CLE,2021,pit,RP
13533,Andrew Triggs,P,12.0,0.0,12.0,0.0,0.0,44.25531973838807,BOS,2021,pit,RP
16588,Jonathan Holder,P,14.0,0.0,14.0,0.0,0.7111999988555908,53.148239243030574,,2021,pit,RP
19159,Zack Burdi,P,12.0,0.0,12.0,0.0,0.6643000245094299,48.69827821850778,,2021,pit,RP
3990,Edinson Volquez,P,12.0,0.0,12.0,0.0,0.0,42.82699836492539,TEX,2021,pit,RP
4141,Derek Holland,P,50.0,0.0,50.0,0.9620000123977661,8.070599555969238,216.05819203853605,,2021,pit,RP
17292,Javy Guerra,P,5.0,0.0,5.0,0.0,0.6970999836921692,25.88363355696201,ATL,2021,pit,RP
10078,Caleb Thielbar,P,56.0,0.0,56.0,0.0,11.697500228881836,240.5524453639985,CHC,2021,pit,RP
8185,Steven Wright,P,6.619999885559082,1.6200000047683716,14.24590015411377,0.0,0.613099992275238,42.07170547246934,,2021,pit,RP
22248,Paul Campbell,P,36.0,0.0,36.0,0.0,0.6366000175476074,128.97656202316287,,2021,pit,RP
17722,Trevor Megill,P,6.0,0.0,6.0,0.0,0.7111999988555908,28.436019742488867,MIL,2021,pit,RP
15068,Yency Almonte,P,58.0,0.0,58.0,0.8989999890327454,11.53380012512207,216.33038731813434,LAD,2021,pit,RP
18600,Travis Lakins,P,42.0,0.0,42.0,0.0,3.2750000953674316,141.9895263671875,,2021,pit,RP
15100,Ben Heller,P,8.0,0.0,8.0,0.0,0.6761000156402588,34.24261931777001,CHC,2021,pit,RP
20383,Antonio Santos,P,1.6200000047683716,1.6200000047683716,9.035099983215332,0.0,0.0,18.08233668208123,,2021,pit,SP
19942,Ljay Newsome,P,11.239999771118164,3.240000009536743,25.721900939941406,0.0,0.6492000222206116,76.42651190757753,,2021,pit,RP
18347,Brandon Waddell,P,25.0,0.0,25.0,0.0,0.6714000105857849,89.10363821983337,NYM,2021,pit,RP
15264,Keynan Middleton,P,56.0,0.0,56.0,0.0,11.311300277709961,263.66303043365485,LAD,2021,pit,RP
17871,Ian Gibaut,P,18.0,0.0,18.0,0.0,0.6714000105857849,69.58597760200502,,2021,pit,RP
sa3004222,Sam Delaplane,P,8.0,0.0,8.0,0.0,0.6492000222206116,37.06537327766418,,2021,pit,RP
13649,Clay Holmes,P,11.0,0.0,11.0,0.0,0.613099992275238,44.13742007017136,NYM,2021,pit,RP
12800,Noé Ramirez,P,20.0,0.0,20.0,0.0,0.6886000037193298,68.44565505981444,,2021,pit,RP
sa829124,Sam McWilliams,P,21.0,0.0,21.0,0.0,0.7057999968528748,81.4041837453842,,2021,pit,RP
12997,Colten Brewer,P,28.0,0.0,28.0,0.0,0.6876999735832214,104.9224253416062,,2021,pit,RP
7432,Jay Jackson,P,6.0,0.0,6.0,0.0,0.6826000213623047,29.326339766383175,,2021,pit,RP
22052,Aaron Fletcher,P,10.0,0.0,10.0,0.0,0.6492000222206116,40.39995914697647,,2021,pit,RP
16631,Jeff Brigham,P,8.0,0.0,8.0,0.0,0.6366000175476074,33.24388141036033,CHC,2021,pit,RP
sa915688,Tyler Johnson,P,8.0,0.0,8.0,0.0,0.6643000245094299,33.86542035937309,,2021,pit,RP
23310,Damon Jones,P,5.0,0.0,5.0,0.0,0.65829998254776,23.86572672128677,,2021,pit,RP
21333,Seth Romero,P,12.0,0.0,12.0,0.0,0.72079998254776,47.664199173450484,,2021,pit,RP
20041,Ronald Bolaños,P,17.6200008392334,1.6200000047683716,24.900699615478516,0.0,0.6459000110626221,85.89104855060577,,2021,pit,RP
18311,Carson Fulmer,P,27.0,0.0,27.0,0.0,0.6765000224113464,85.9511570453644,PIT,2021,pit,RP
15761,Joe Jiménez,P,48.0,0.0,48.0,3.8489999771118164,5.111999988555908,216.30573611259462,ATL,2021,pit,RP
19712,Patrick Murphy,P,10.0,0.0,10.0,0.0,0.6546000242233276,40.69698140025139,TEX,2021,pit,RP
1157,Tommy Hunter,P,6.0,0.0,6.0,0.0,0.7057999968528748,26.591719633340837,,2021,pit,RP
17034,Sean Reid-Foley,P,4.0,0.0,4.0,0.0,0.7057999968528748,20.451619583368306,ATL,2021,pit,RP
5498,Arodys Vizcaíno,P,8.0,0.0,8.0,0.0,0.7057999968528748,35.634433245658876,,2021,pit,RP
20018,Parker Dunshee,P,1.6200000047683716,1.6200000047683716,9.234000205993652,0.0,0.0,26.66399482488632,,2021,pit,SP
9866,Chaz Roe,P,58.0,0.0,58.0,1.121999979019165,10.982199668884277,268.1697270393372,,2021,pit,RP
19225,Mitch White,P,3.0,0.0,3.0,0.0,0.7509999871253967,15.436839939653877,,2021,pit,RP
22036,Angel Rondón,P,1.6200000047683716,1.6200000047683716,9.234000205993652,0.0,0.0,25.08025617599488,,2021,pit,SP
19647,Matt Foster,P,56.0,0.0,56.0,0.0,11.572999954223633,244.62595710754405,,2021,pit,RP
20203,Eli Morgan,P,4.860000133514404,4.860000133514404,27.70199966430664,0.0,0.0,67.07619390487672,KCR,2021,pit,SP
16279,Sam Clay,P,4.0,0.0,4.0,0.0,0.72079998254776,18.367346382141115,,2021,pit,RP
20629,Tyler Phillips,P,5.0,0.0,5.0,0.0,0.6049000024795532,20.56524034440517,MIA,2021,pit,RP
20368,Ramón Rosso,P,10.0,0.0,10.0,0.0,0.65829998254776,38.75215399265289,,2021,pit,RP
18475,Shea Spitzbarth,P,4.0,0.0,4.0,0.0,0.613099992275238,18.545726388692856,,2021,pit,RP
7608,Tommy Milone,P,1.6200000047683716,1.6200000047683716,8.8056001663208,0.0,0.0,21.033015316724786,,2021,pit,SP
sa738901,Zack Brown,P,4.0,0.0,4.0,0.0,0.5842000246047974,18.03092003762722,,2021,pit,RP
12808,Mike Clevinger,P,0.20509999990463257,0.16910000145435333,1.0,0.0,0.0,4.937933266162872,PIT,2021,pit,SP
12237,Dan Winkler,P,44.0,0.0,44.0,0.0,6.258699893951416,171.9315111637116,,2021,pit,RP
20739,Humberto Mejía,P,6.619999885559082,1.6200000047683716,13.966500282287598,0.0,0.6761000156402588,45.8490143299103,,2021,pit,RP
17303,Francis Martes,P,5.0,0.0,5.0,0.0,0.680899977684021,23.681506353616715,,2021,pit,RP
14862,Zack Godley,P,3.0,0.0,3.0,0.0,0.5842000246047974,14.41381959319115,,2021,pit,RP
13058,Reymin Guduan,P,4.0,0.0,4.0,0.0,0.5950000286102295,19.70897289514542,,2021,pit,RP
8700,Justin Verlander,P,0.1754000037908554,0.1754000037908554,1.0,0.0,0.0,4.854493243992329,DET,2021,pit,SP
15915,Víctor Arano,P,4.0,0.0,4.0,0.0,0.6847000122070312,18.896459683775902,WSN,2021,pit,RP
sa918150,Tommy Eveld,P,4.0,0.0,4.0,0.0,0.6366000175476074,18.775013780593873,,2021,pit,RP
12076,Felipe Vázquez,P,1.0,0.0,1.0,0.0,0.0,5.691559905558824,PIT,2021,pit,RP
25007,Alex Vesia,P,16.0,0.0,16.0,0.0,0.7509999871253967,62.546364998817445,LAD,2021,pit,RP
18297,Tyler Kinley,P,56.0,0.0,56.0,0.8989999890327454,10.586099624633789,219.91219459772117,ATL,2021,pit,RP
sa3004211,Blake Weiman,P,4.0,0.0,4.0,0.0,0.613099992275238,17.797526398301127,LAA,2021,pit,RP
22487,Johan Oviedo,P,12.479999542236328,6.480000019073486,42.3838005065918,0.0,0.6348000168800354,120.40269045829776,BOS,2021,pit,SP
15764,Masahiro Tanaka,P,0.3172999918460846,0.1453000009059906,1.0,0.0,0.0,4.034619949758053,,2021,pit,RP
11528,Josh Osich,P,4.0,0.0,4.0,0.0,0.6765000224113464,17.131773844361305,,2021,pit,RP
19309,Trevor Richards,P,18.0,0.0,18.0,0.0,0.6273999810218811,70.21082233190538,PHI,2021,pit,RP
15594,Nick Wittgren,P,66.0,0.0,66.0,9.284000396728516,11.108400344848633,332.7886784076692,,2021,pit,RP
13527,Brandon Brennan,P,20.0,0.0,20.0,0.0,0.6492000222206116,73.71392490863799,,2021,pit,RP
sa879559,Jasseel De La Cruz,P,8.0,0.0,8.0,0.0,0.6847000122070312,31.798608314991,,2021,pit,RP
20010,Wyatt Mills,P,5.0,0.0,5.0,0.0,0.6492000222206116,22.0999795794487,LAD,2021,pit,RP
19349,Caleb Ferguson,P,0.9555000066757202,0.009499999694526196,1.0,0.0,0.0,5.3220267161726955,CIN,2021,pit,RP
15051,Silvino Bracho,P,6.0,0.0,6.0,0.0,0.6826000213623047,27.34939998388291,,2021,pit,RP
14151,Chris Mazza,P,8.0,0.0,8.0,0.0,0.6273999810218811,33.75671826601028,,2021,pit,RP
19541,Jimmy Lambert,P,12.0,0.0,12.0,0.0,0.6643000245094299,45.68423887491227,,2021,pit,RP
18674,Jake Woodford,P,12.859999656677246,4.860000133514404,35.38199996948242,0.0,0.6348000168800354,99.25270280838016,TBR,2021,pit,RP
17169,José Castillo,P,1.0,0.0,1.0,0.0,0.0,5.197673339396715,,2021,pit,RP
20334,Kyle Dohy,P,8.0,0.0,8.0,0.0,0.65829998254776,33.50192661285401,,2021,pit,RP
sa3006701,Josh Green,P,0.1754000037908554,0.1754000037908554,1.0,0.0,0.0,3.5420198164880277,,2021,pit,SP
8410,Deolis Guerra,P,3.0,0.0,3.0,0.0,0.5950000286102295,14.512599706649782,,2021,pit,RP
13677,Corey Oswalt,P,3.0,0.0,3.0,0.0,0.7057999968528748,15.093100011348724,,2021,pit,RP
19249,Seranthony Domínguez,P,1.0,0.0,1.0,0.0,0.0,4.910773298889399,CHW,2021,pit,RP
10190,Tyler Skaggs,P,0.1754000037908554,0.1754000037908554,1.0,0.0,0.0,3.6050533883273608,LAA,2021,pit,SP
12578,DJ Johnson,P,3.0,0.0,3.0,0.0,0.6784999966621399,14.80969976782799,,2021,pit,RP
17877,Brett Kennedy,P,0.1754000037908554,0.1754000037908554,1.0,0.0,0.0,3.585440114140511,,2021,pit,SP
21866,Jordan Balazovic,P,1.6200000047683716,1.6200000047683716,9.234000205993652,0.0,0.0,22.919332867860792,,2021,pit,SP
sa3004197,Dylan File,P,3.0,0.0,3.0,0.0,0.5842000246047974,13.479680573940279,DET,2021,pit,RP
19754,Reiver Sanmartin,P,0.1754000037908554,0.1754000037908554,1.0,0.0,0.0,3.081599881500006,SFG,2021,pit,SP
sa658314,Michael Peoples,P,0.19769999384880066,0.17069999873638153,1.0,0.0,0.0,3.4430935412645347,,2021,pit,SP
20339,Matt Peacock,P,0.18369999527931213,0.1737000048160553,1.0,0.0,0.0,3.3810464911162854,,2021,pit,SP
12833,Alex Meyer,P,0.1754000037908554,0.1754000037908554,1.0,0.0,0.0,3.5887933075428013,,2021,pit,SP
19205,Jesse Scholtens,P,0.20679999887943268,0.1687999963760376,1.0,0.0,0.0,3.515326571464539,TBR,2021,pit,SP
20167,Kyle Muller,P,12.0,0.0,12.0,0.0,0.6847000122070312,47.28768045902254,,2021,pit,RP
1077,Freddy Garcia,P,0.1754000037908554,0.1754000037908554,1.0,0.0,0.0,3.3350397951900956,,2021,pit,SP
5980,Francisley Bueno,P,0.1754000037908554,0.1754000037908554,1.0,0.0,0.0,3.3457600697875027,,2021,pit,SP
5177,C.C. Lee,P,1.0,0.0,1.0,0.0,0.0,4.7622267082333565,,2021,pit,RP
18890,Kyle Keller,P,4.0,0.0,4.0,0.0,0.6886000037193298,16.86816603243351,BOS,2021,pit,RP
16074,Nick Burdi,P,1.0,0.0,1.0,0.0,0.0,5.024519850313663,NYM,2021,pit,RP
sa828326,Steven Fuentes,P,0.3831999897956848,0.13120000064373016,1.0,0.0,0.0,3.547546646744013,,2021,pit,RP
sa599472,Markus Solbach,P,0.19030000269412994,0.17229999601840973,1.0,0.0,0.0,3.340979859977961,,2021,pit,SP
1953,Raul Valdes,P,0.1754000037908554,0.1754000037908554,1.0,0.0,0.0,3.3525467716157435,,2021,pit,SP
18864,Pedro Avila,P,0.1754000037908554,0.1754000037908554,1.0,0.0,0.0,3.5494999080896377,CLE,2021,pit,SP
15139,Ashton Goudeau,P,3.0,0.0,3.0,0.0,0.6826000213623047,14.712059858441354,,2021,pit,RP
16401,Yonny Chirinos,P,0.1754000037908554,0.1754000037908554,1.0,0.0,0.0,3.4188267685472966,,2021,pit,SP
404,CC Sabathia,P,0.19110000133514404,0.1720999926328659,1.0,0.0,0.0,3.350953182578087,,2021,pit,SP
sa738639,Cole Stapler,P,0.20919999480247498,0.16820000112056732,1.0,0.0,0.0,3.3790398493409164,,2021,pit,SP
20070,Bailey Falter,P,0.1754000037908554,0.1754000037908554,1.0,0.0,0.0,3.2075866192579263,KCR,2021,pit,SP
13046,Tsuyoshi Wada,P,0.1754000037908554,0.1754000037908554,1.0,0.0,0.0,3.353700145334005,,2021,pit,SP
8532,Rob Wooten,P,0.1754000037908554,0.1754000037908554,1.0,0.0,0.0,2.891560104489327,,2021,pit,SP
14524,José Leclerc,P,1.0,0.0,1.0,0.0,0.0,4.59137994647026,,2021,pit,RP
sa738902,Scott Moss,P,12.859999656677246,4.860000133514404,35.70199966430664,0.0,0.6784999966621399,101.65585858821868,,2021,pit,RP
sa873276,Thomas Jankins,P,0.18950000405311584,0.17249999940395355,1.0,0.0,0.0,3.1789531245827676,,2021,pit,SP
11592,Williams Pérez,P,0.1754000037908554,0.1754000037908554,1.0,0.0,0.0,3.165573184192181,,2021,pit,SP
15166,Luiz Gohara,P,0.8325999975204468,0.035599999129772186,1.0,0.0,0.0,4.411053059250117,,2021,pit,RP
None,,,0.1754000037908554,0.1754000037908554,1.0,0.0,0.0,3.0714401155710225,,2021,pit,SP
17775,Jacob Nix,P,0.1754000037908554,0.1754000037908554,1.0,0.0,0.0,3.210159777849913,,2021,pit,SP
9073,Kirby Yates,P,1.0,0.0,1.0,0.0,0.0,4.787473271042109,LAA,2021,pit,RP
sa3008024,Brett Conine,P,0.2759999930858612,0.15399999916553497,1.0,0.0,0.0,3.4959133125841624,,2021,pit,SP
23265,Cody Bolton,P,0.1754000037908554,0.1754000037908554,1.0,0.0,0.0,3.1546465523540976,HOU,2021,pit,SP
sa874105,Duncan Robinson,P,0.1754000037908554,0.1754000037908554,1.0,0.0,0.0,3.062346944957972,,2021,pit,SP
sa872530,Leo Crawford,P,0.20589999854564667,0.1688999980688095,1.0,0.0,0.0,3.270006609708071,,2021,pit,SP
19932,Trevor Stephan,P,46.0,0.0,46.0,0.0,6.241799831390381,189.2706829071045,CLE,2021,pit,RP
19206,Dakota Hudson,P,0.1754000037908554,0.1754000037908554,1.0,0.0,0.0,3.378626596182585,,2021,pit,SP
6576,Robert Stock,P,1.0,0.0,1.0,0.0,0.0,4.326826524734497,NYM,2021,pit,RP
17030,Ariel Jurado,P,0.1754000037908554,0.1754000037908554,1.0,0.0,0.0,2.732933153957128,,2021,pit,SP
21224,Bailey Ober,P,0.19189999997615814,0.17190000414848328,1.0,0.0,0.0,3.368526631593704,MIN,2021,pit,SP
20399,Luís Madero,P,0.19030000269412994,0.17229999601840973,1.0,0.0,0.0,3.269873177260161,MIA,2021,pit,SP
3551,Clayton Richard,P,0.1754000037908554,0.1754000037908554,1.0,0.0,0.0,2.9726866528391844,,2021,pit,SP
5744,Jose De Paula,P,0.1754000037908554,0.1754000037908554,1.0,0.0,0.0,3.0951666660606865,,2021,pit,SP
sa856543,Jerry Keel,P,0.19439999759197235,0.17139999568462372,1.0,0.0,0.0,3.1380533903837207,,2021,pit,SP
sa868984,Yadier Álvarez,P,0.1754000037908554,0.1754000037908554,1.0,0.0,0.0,3.2570464760065083,,2021,pit,SP
sa829043,Tyler Eppler,P,0.19439999759197235,0.17139999568462372,1.0,0.0,0.0,2.927586491405964,,2021,pit,SP
17969,Peter Lambert,P,0.1754000037908554,0.1754000037908554,1.0,0.0,0.0,2.3149467930197716,HOU,2021,pit,SP
3374,Ubaldo Jiménez,P,0.2777000069618225,0.15369999408721924,1.0,0.0,0.0,3.303600023686886,,2021,pit,SP
8493,John Lamb,P,0.1754000037908554,0.1754000037908554,1.0,0.0,0.0,3.154680070281029,,2021,pit,SP
19666,Jason Alexander,P,0.2578999996185303,0.15790000557899475,1.0,0.0,0.0,3.1246600560843945,HOU,2021,pit,SP
4440,Michael Bowden,P,0.1754000037908554,0.1754000037908554,1.0,0.0,0.0,3.0908332824707028,,2021,pit,SP
17793,Trey Wingenter,P,0.978600025177002,0.004600000102072954,1.0,0.0,0.0,4.581646648049355,,2021,pit,RP
1478,Felix Doubront,P,0.1754000037908554,0.1754000037908554,1.0,0.0,0.0,2.9939667098224163,,2021,pit,SP
8246,Paolo Espino,P,0.44999998807907104,0.11699999868869781,1.0,0.0,0.0,3.2198334522545338,,2021,pit,RP
sa737933,Matt Ball,P,0.25290000438690186,0.15889999270439148,1.0,0.0,0.0,2.947086583077907,,2021,pit,SP
sa691863,Mario Sanchez,P,0.21089999377727509,0.1678999960422516,1.0,0.0,0.0,2.9417066827416427,,2021,pit,SP
20277,Cory Abbott,P,0.1754000037908554,0.1754000037908554,1.0,0.0,0.0,3.2384268060326575,,2021,pit,SP
10218,Aaron Northcraft,P,1.0,0.0,1.0,0.0,0.0,4.30416663736105,,2021,pit,RP
17968,Brock Burke,P,0.1754000037908554,0.1754000037908554,1.0,0.0,0.0,3.0259931564331057,CIN,2021,pit,SP
21065,Thomas Szapucki,P,0.19439999759197235,0.17139999568462372,1.0,0.0,0.0,3.417360171675682,,2021,pit,SP
sa738925,Isaac Anderson,P,0.30079999566078186,0.14880000054836273,1.0,0.0,0.0,3.217273246496916,,2021,pit,RP
sa550539,Wirkin Estevez,P,0.18700000643730164,0.17299999296665192,1.0,0.0,0.0,2.7662065282464035,,2021,pit,SP
19264,Thomas Hatch,P,15.0,0.0,15.0,0.0,0.6546000242233276,51.970499920845036,ARI,2021,pit,RP
12638,Nate Karns,P,0.3815999925136566,0.1316000074148178,1.0,0.0,0.0,3.415986437350512,,2021,pit,RP
1852,Ryan Madson,P,1.0,0.0,1.0,0.0,0.0,4.226926766335964,,2021,pit,RP
sa549258,Randy LeBlanc,P,0.1754000037908554,0.1754000037908554,1.0,0.0,0.0,3.064253181219101,,2021,pit,SP
21318,Tylor Megill,P,0.3246999979019165,0.1437000036239624,1.0,0.0,0.0,3.573120106011629,NYM,2021,pit,RP
sa3007710,Kevin Smith,P,0.1754000037908554,0.1754000037908554,1.0,0.0,0.0,2.7197864808142183,,2021,pit,SP
5903,Darin Downs,P,0.31310001015663147,0.1460999995470047,1.0,0.0,0.0,3.234113193303347,,2021,pit,RP
11157,Eric Jokisch,P,0.19609999656677246,0.17110000550746918,1.0,0.0,0.0,3.24908008351922,,2021,pit,SP
18790,Dillon Peters,P,0.1754000037908554,0.1754000037908554,1.0,0.0,0.0,2.646866664290428,,2021,pit,SP
19675,James Marvel,P,0.1754000037908554,0.1754000037908554,1.0,0.0,0.0,2.836300111562014,,2021,pit,SP
19403,Colin Poche,P,1.0,0.0,1.0,0.0,0.0,4.872619999200106,DET,2021,pit,RP
6248,Aaron Laffey,P,0.1754000037908554,0.1754000037908554,1.0,0.0,0.0,3.14798650443554,,2021,pit,SP
9425,Doug Fister,P,0.1754000037908554,0.1754000037908554,1.0,0.0,0.0,2.8884599961340434,,2021,pit,SP
15524,Jen-Ho Tseng,P,0.1754000037908554,0.1754000037908554,1.0,0.0,0.0,2.9477532163262365,,2021,pit,SP
sa503067,David Hurlbut,P,0.18529999256134033,0.17329999804496765,1.0,0.0,0.0,2.9450332790613176,,2021,pit,SP
19736,Caleb Boushley,P,0.375,0.13300000131130219,1.0,0.0,0.0,3.3233331561088564,,2021,pit,RP
17418,David Paulino,P,1.0,0.0,1.0,0.0,0.0,4.211640030145645,,2021,pit,RP
12056,Scott McGough,P,0.9125999808311462,0.01860000006854534,1.0,0.0,0.0,3.486113258451224,,2021,pit,RP
sa876861,Yoanys Quiala,P,0.18449999392032623,0.17350000143051147,1.0,0.0,0.0,3.2769599892199044,,2021,pit,SP
4662,Brandon McCarthy,P,0.1754000037908554,0.1754000037908554,1.0,0.0,0.0,2.912500181049109,,2021,pit,SP
13764,Roberto Osuna,P,1.0,0.0,1.0,0.0,0.0,4.3537131369113915,,2021,pit,RP
8851,Brandon Beachy,P,0.19030000269412994,0.17229999601840973,1.0,0.0,0.0,3.302059920132161,,2021,pit,SP
sa738176,Joe Gunkel,P,0.25619998574256897,0.1581999957561493,1.0,0.0,0.0,2.9834466986358166,,2021,pit,SP
17312,Justin Steele,P,0.1754000037908554,0.1754000037908554,1.0,0.0,0.0,3.110706719756127,CHC,2021,pit,SP
sa918488,Kyle Young,P,0.1754000037908554,0.1754000037908554,1.0,0.0,0.0,2.831986591219902,,2021,pit,SP
sa829545,Dylan Thompson,P,0.20350000262260437,0.16949999332427979,1.0,0.0,0.0,2.838559870421887,,2021,pit,SP
11420,Yunesky Maya,P,0.1754000037908554,0.1754000037908554,1.0,0.0,0.0,2.8492732003331183,,2021,pit,SP
sa921212,Anthony Shew,P,0.20020000636577606,0.17020000517368317,1.0,0.0,0.0,3.1359267190098765,,2021,pit,SP
14099,César Vargas,P,0.1754000037908554,0.1754000037908554,1.0,0.0,0.0,2.8868000485003003,,2021,pit,SP
20323,Erich Uelmen,P,0.1754000037908554,0.1754000037908554,1.0,0.0,0.0,2.906286701560021,,2021,pit,SP
sa503763,Ryan Bollinger,P,0.1754000037908554,0.1754000037908554,1.0,0.0,0.0,2.926393370330334,,2021,pit,SP
14467,Daniel Camarena,P,0.2199999988079071,0.16599999368190765,1.0,0.0,0.0,3.1340333893895154,,2021,pit,SP
sa3004857,David Parkinson,P,0.1754000037908554,0.1754000037908554,1.0,0.0,0.0,2.9752598807215693,,2021,pit,SP
6283,Scott Feldman,P,0.1754000037908554,0.1754000037908554,1.0,0.0,0.0,2.838806957751513,,2021,pit,SP
13804,Walker Lockett,P,0.6866999864578247,0.06669999659061432,1.0,0.0,0.0,3.348613391071558,,2021,pit,RP
17381,Matt Gage,P,0.18199999630451202,0.17399999499320984,1.0,0.0,0.0,3.0027733318507672,SFG,2021,pit,SP
sa830370,Bo Takahashi,P,0.1754000037908554,0.1754000037908554,1.0,0.0,0.0,2.662206569314003,,2021,pit,SP
10065,Johnny Hellweg,P,1.0,0.0,1.0,0.0,0.0,4.105493181943894,,2021,pit,RP
sa602555,Jordan Kipper,P,0.652899980545044,0.0738999992609024,1.0,0.0,0.0,3.6012332960963254,,2021,pit,RP
19705,Matt Swarmer,P,0.18860000371932983,0.17260000109672546,1.0,0.0,0.0,2.989166677743196,,2021,pit,SP
sa875227,Karsen Lindell,P,0.4253000020980835,0.12229999899864197,1.0,0.0,0.0,3.110333410650491,CIN,2021,pit,RP
17018,Jefry Rodriguez,P,0.2282000035047531,0.16419999301433563,1.0,0.0,0.0,2.8864934414625174,,2021,pit,SP
10304,Jarred Cosart,P,0.19850000739097595,0.1704999953508377,1.0,0.0,0.0,2.868159981817007,SDP,2021,pit,SP
20030,Phillip Diehl,P,18.0,0.0,18.0,0.0,0.6263999938964844,54.87362104654313,,2021,pit,RP
sa598974,Matt Tomshaw,P,0.25540000200271606,0.15839999914169312,1.0,0.0,0.0,2.8863867335021496,,2021,pit,SP
3862,Rubby De La Rosa,P,1.0,0.0,1.0,0.0,0.0,4.217460019886494,,2021,pit,RP
15605,Phillips Valdez,P,40.0,0.0,40.0,0.0,0.6876999735832214,137.40675539970397,,2021,pit,RP
19480,Ryan Hartman,P,0.2240999937057495,0.16509999334812164,1.0,0.0,0.0,3.216166636347771,,2021,pit,SP
13424,Drew VerHagen,P,0.7204999923706055,0.05950000137090683,1.0,0.0,0.0,3.718286646157503,,2021,pit,RP
sa3004680,Hayden Deal,P,0.18289999663829803,0.17389999330043793,1.0,0.0,0.0,2.822313478589058,,2021,pit,SP
19586,Forrest Whitley,P,0.2134000062942505,0.16740000247955322,1.0,0.0,0.0,3.3366598978638655,,2021,pit,SP
14682,Luis Perdomo,P,0.9521999955177307,0.010200000368058681,1.0,0.0,0.0,3.9979598961770537,,2021,pit,RP
20074,Miguel Sánchez,P,0.6561999917030334,0.07320000231266022,1.0,0.0,0.0,3.750133508443833,,2021,pit,RP
sa737545,Andrew Church,P,0.2175000011920929,0.1665000021457672,1.0,0.0,0.0,2.9090600907802586,,2021,pit,SP
sa501640,Hector Hernandez,P,0.5134999752044678,0.10350000113248825,1.0,0.0,0.0,3.459373412281275,,2021,pit,RP
19962,Joey Wentz,P,1.6200000047683716,1.6200000047683716,9.234000205993652,0.0,0.0,22.27082891464234,ATL,2021,pit,SP
16017,Odrisamer Despaigne,P,0.1754000037908554,0.1754000037908554,1.0,0.0,0.0,2.8461266577243807,,2021,pit,SP
sa549147,Ben Holmes,P,0.1754000037908554,0.1754000037908554,1.0,0.0,0.0,3.004180074483157,,2021,pit,SP
sa918605,Corbin Clouse,P,0.8482999801635742,0.03229999914765358,1.0,0.0,0.0,4.108673399686813,,2021,pit,RP
4772,Félix Hernández,P,0.1754000037908554,0.1754000037908554,1.0,0.0,0.0,2.786939908564091,,2021,pit,SP
sa829393,Zach Hedges,P,0.3287999927997589,0.1428000032901764,1.0,0.0,0.0,2.9805864669382576,,2021,pit,RP
20539,Edwin Uceta,P,0.18860000371932983,0.17260000109672546,1.0,0.0,0.0,3.028639896214008,TBR,2021,pit,SP
sa3008224,Nolan Kingham,P,0.1754000037908554,0.1754000037908554,1.0,0.0,0.0,2.7886199206113815,,2021,pit,SP
sa915726,Jeffrey Passantino,P,0.5109999775886536,0.10400000214576721,1.0,0.0,0.0,3.352906723320484,,2021,pit,RP
19795,Keegan Thompson,P,0.1754000037908554,0.1754000037908554,1.0,0.0,0.0,2.9079466558992864,COL,2021,pit,SP
17470,Chad Sobotka,P,25.0,0.0,25.0,0.0,0.6847000122070312,95.89702234268188,,2021,pit,RP
11618,Mike Kickham,P,0.6075000166893005,0.08349999785423279,1.0,0.0,0.0,3.625613325089217,,2021,pit,RP
sa827476,Andro Cutura,P,0.25049999356269836,0.15950000286102295,1.0,0.0,0.0,2.8446534007787707,,2021,pit,SP
11468,Zach Lee,P,0.44999998807907104,0.11699999868869781,1.0,0.0,0.0,3.2277665324509144,,2021,pit,RP
sa3008312,Colton Eastman,P,0.218299999833107,0.1662999987602234,1.0,0.0,0.0,2.9239398971199995,,2021,pit,SP
13767,JT Chargois,P,1.0,0.0,1.0,0.0,0.0,4.355713413655758,,2021,pit,RP
11543,Dayan Díaz,P,0.8309999704360962,0.035999998450279236,1.0,0.0,0.0,3.9127066388726237,,2021,pit,RP
sa598143,Jorgan Cavanerio,P,0.24959999322891235,0.15960000455379486,1.0,0.0,0.0,2.7752201609313487,,2021,pit,SP
1773,Sergio Mitre,P,0.18449999392032623,0.17350000143051147,1.0,0.0,0.0,2.645326791703701,,2021,pit,SP
3292,Hector Noesí,P,0.45329999923706055,0.11630000174045563,1.0,0.0,0.0,3.3591732494533066,,2021,pit,RP
5669,Henderson Alvarez,P,0.1754000037908554,0.1754000037908554,1.0,0.0,0.0,2.5549201101064676,,2021,pit,SP
sa829444,Jake Paulson,P,0.23729999363422394,0.1623000055551529,1.0,0.0,0.0,2.7176200464367866,,2021,pit,SP
sa603121,Tyler Mapes,P,0.1754000037908554,0.1754000037908554,1.0,0.0,0.0,2.690706552565098,,2021,pit,SP
sa3007860,Jack Patterson,P,0.510200023651123,0.10419999808073044,1.0,0.0,0.0,3.3657265581190585,,2021,pit,RP
sa658600,Colton Turner,P,0.4921000003814697,0.10809999704360962,1.0,0.0,0.0,3.3752667345106606,,2021,pit,RP
3543,Clay Buchholz,P,0.1754000037908554,0.1754000037908554,1.0,0.0,0.0,2.7237934008240705,,2021,pit,SP
sa827380,Kyle Kubat,P,0.1754000037908554,0.1754000037908554,1.0,0.0,0.0,2.5578534089028833,,2021,pit,SP
sa659598,Shao-Ching Chiang,P,0.1754000037908554,0.1754000037908554,1.0,0.0,0.0,2.817233244329691,,2021,pit,SP
sa706969,Jaron Long,P,0.25949999690055847,0.1574999988079071,1.0,0.0,0.0,2.7615400396287444,,2021,pit,SP
sa829207,T.J. Weir,P,0.1754000037908554,0.1754000037908554,1.0,0.0,0.0,2.8157731771469123,,2021,pit,SP
15821,Dario Agrazal,P,0.19769999384880066,0.17069999873638153,1.0,0.0,0.0,2.6826866440474983,,2021,pit,SP
sa658262,Jordan Guerrero,P,0.35600000619888306,0.13699999451637268,1.0,0.0,0.0,3.22852006405592,,2021,pit,RP
1994,Iván Nova,P,0.1754000037908554,0.1754000037908554,1.0,0.0,0.0,2.6770598530769347,COL,2021,pit,SP
12106,Parker Markel,P,1.0,0.0,1.0,0.0,0.0,4.321433290094137,,2021,pit,RP
2929,Jeff Locke,P,0.1754000037908554,0.1754000037908554,1.0,0.0,0.0,2.7368732981383794,,2021,pit,SP
sa548475,Evan Grills,P,0.5242000222206116,0.10119999945163727,1.0,0.0,0.0,3.327573390305042,,2021,pit,RP
13688,Ryan Merritt,P,0.2150000035762787,0.16699999570846558,1.0,0.0,0.0,2.69917323589325,,2021,pit,SP
sa503722,Tyler Higgins,P,0.8277000188827515,0.03669999912381172,1.0,0.0,0.0,3.818393456935883,,2021,pit,RP
7448,Gio Gonzalez,P,0.5490000247955322,0.09600000083446503,1.0,0.0,0.0,3.489493430405856,,2021,pit,RP
3126,Luis Mendoza,P,0.1754000037908554,0.1754000037908554,1.0,0.0,0.0,2.672726722806692,,2021,pit,SP
sa964182,Elian Leyva,P,0.25949999690055847,0.1574999988079071,1.0,0.0,0.0,2.960159983485937,,2021,pit,SP
8077,Stephen Fife,P,0.20350000262260437,0.16949999332427979,1.0,0.0,0.0,2.7648533768951893,,2021,pit,SP
sa920718,Steven Moyers,P,0.18780000507831573,0.1728000044822693,1.0,0.0,0.0,2.6652531430125244,,2021,pit,SP
sa829242,Dustin Beggs,P,0.18199999630451202,0.17399999499320984,1.0,0.0,0.0,2.7179998196661472,,2021,pit,SP
sa3004494,Austin Warner,P,0.18199999630451202,0.17399999499320984,1.0,0.0,0.0,2.9733602106571198,,2021,pit,SP
sa917121,Matt Solter,P,0.1754000037908554,0.1754000037908554,1.0,0.0,0.0,2.780913545191288,,2021,pit,SP
18769,Cody Poteet,P,0.1754000037908554,0.1754000037908554,1.0,0.0,0.0,2.8282401047647006,,2021,pit,SP
19516,Raynel Espinal,P,0.25049999356269836,0.15950000286102295,1.0,0.0,0.0,3.0225333079695704,,2021,pit,SP
sa3005114,Marshall Kasowski,P,0.9496999979019165,0.010700000450015068,1.0,0.0,0.0,4.1664465419948105,,2021,pit,RP
14443,Kyuji Fujikawa,P,0.9966999888420105,0.000699999975040555,1.0,0.0,0.0,4.246826875954866,,2021,pit,RP
7507,Jonathan Sánchez,P,0.19189999997615814,0.17190000414848328,1.0,0.0,0.0,2.7772067926824096,,2021,pit,SP
17192,Jalen Beeks,P,1.0,0.0,1.0,0.0,0.0,4.3278666652739055,,2021,pit,RP
sa3005187,Lincoln Henzman,P,0.1754000037908554,0.1754000037908554,1.0,0.0,0.0,2.4154533594846725,OAK,2021,pit,SP
25174,Penn Murfee,P,0.31150001287460327,0.14650000631809235,1.0,0.0,0.0,3.219086827337742,,2021,pit,RP
sa747285,Emerson Martinez,P,0.3163999915122986,0.1454000025987625,1.0,0.0,0.0,2.873046697676182,,2021,pit,RP
20353,Steven Wilson,P,1.0,0.0,1.0,0.0,0.0,4.152193173021079,TBR,2021,pit,RP
sa3010385,Sam Williams,P,0.8862000107765198,0.02419999986886978,1.0,0.0,0.0,3.951139982789755,,2021,pit,RP
sa597847,Richelson Peña,P,0.24879999458789825,0.1597999930381775,1.0,0.0,0.0,2.817606731504202,,2021,pit,SP
15369,Kevin Herget,P,0.31310001015663147,0.1460999995470047,1.0,0.0,0.0,2.9951665379107006,NYM,2021,pit,RP
sa876206,Quintin Torres-Costa,P,0.6017000079154968,0.08470000326633453,1.0,0.0,0.0,3.5859466463327405,,2021,pit,RP
sa658168,Logan Taylor,P,0.5597000122070312,0.09369999915361404,1.0,0.0,0.0,3.3642468295991423,,2021,pit,RP
15968,Brady Feigl,P,0.9273999929428101,0.015399999916553497,1.0,0.0,0.0,3.875706705451012,,2021,pit,RP
13346,Hoby Milner,P,1.0,0.0,1.0,0.0,0.0,3.819779814034701,CHC,2021,pit,RP
sa917784,Bryan Mata,P,0.1754000037908554,0.1754000037908554,1.0,0.0,0.0,2.807540081441403,,2021,pit,SP
13398,Paco Rodríguez,P,0.8795999884605408,0.025599999353289604,1.0,0.0,0.0,3.8434866882860663,,2021,pit,RP
sa526832,Kyle Regnault,P,1.0,0.0,1.0,0.0,0.0,4.0885333545506,,2021,pit,RP
20060,Jake Fishman,P,1.0,0.0,1.0,0.0,0.0,4.027366787195206,,2021,pit,RP
9683,Mike Zagurski,P,1.0,0.0,1.0,0.0,0.0,4.084853254258633,,2021,pit,RP
sa550615,Carlos Navas,P,0.5795000195503235,0.08950000256299973,1.0,0.0,0.0,3.517406740784646,,2021,pit,RP
16440,James Norwood,P,1.0,0.0,1.0,0.0,0.0,3.9153266772627835,NYY,2021,pit,RP
19529,Cam Vieaux,P,0.1754000037908554,0.1754000037908554,1.0,0.0,0.0,2.755793406069279,,2021,pit,SP
20100,Michel Baez,P,0.5877000093460083,0.0877000018954277,1.0,0.0,0.0,3.733913296461106,,2021,pit,RP
sa455162,Bryan Evans,P,0.1754000037908554,0.1754000037908554,1.0,0.0,0.0,2.6981398418545717,,2021,pit,SP
12874,Danny Hultzen,P,1.0,0.0,1.0,0.0,0.0,4.100126449763776,,2021,pit,RP
1345,Blake Wood,P,1.0,0.0,1.0,0.0,0.0,3.946946703642607,LAA,2021,pit,RP
sa877529,Brad Kuntz,P,0.31310001015663147,0.1460999995470047,1.0,0.0,0.0,3.0281598009169106,MIL,2021,pit,RP
13652,Tayler Scott,P,0.9365000128746033,0.013500000350177288,1.0,0.0,0.0,3.8883666113018993,ATL,2021,pit,RP
sa737643,David Ledbetter,P,0.1754000037908554,0.1754000037908554,1.0,0.0,0.0,2.5961665675044054,,2021,pit,SP
sa829808,Jeff Bain,P,0.18199999630451202,0.17399999499320984,1.0,0.0,0.0,2.8834999367594714,,2021,pit,SP
sa708470,Mike Connolly,P,0.3287999927997589,0.1428000032901764,1.0,0.0,0.0,3.1635734751820572,SFG,2021,pit,RP
21461,Cole Sands,P,0.1754000037908554,0.1754000037908554,1.0,0.0,0.0,2.8789798833429807,MIN,2021,pit,SP
sa738610,Tyler Viza,P,0.20350000262260437,0.16949999332427979,1.0,0.0,0.0,2.7336199261248106,,2021,pit,SP
sa829078,Matt Pearce,P,0.1754000037908554,0.1754000037908554,1.0,0.0,0.0,2.6878663718700415,,2021,pit,SP
8505,Michael Kohn,P,1.0,0.0,1.0,0.0,0.0,4.18698677122593,,2021,pit,RP
12910,Ken Giles,P,1.0,0.0,1.0,0.0,0.0,4.367713499069215,,2021,pit,RP
3920,Frankie De La Cruz,P,0.21089999377727509,0.1678999960422516,1.0,0.0,0.0,2.62600684389472,,2021,pit,SP
sa580429,Matt Flemer,P,0.2150000035762787,0.16699999570846558,1.0,0.0,0.0,2.8033066384494307,,2021,pit,SP
12545,Drew Gagnon,P,1.0,0.0,1.0,0.0,0.0,3.870866686850787,,2021,pit,RP
3815,Mat Latos,P,0.1754000037908554,0.1754000037908554,1.0,0.0,0.0,2.6626134194433684,,2021,pit,SP
11261,Logan Darnell,P,0.23319999873638153,0.1632000058889389,1.0,0.0,0.0,2.6818731941282756,,2021,pit,SP
17734,Evan Phillips,P,1.0,0.0,1.0,0.0,0.0,3.7976934581995008,LAD,2021,pit,RP
10354,Robbie Erlin,P,0.46239998936653137,0.1143999993801117,1.0,0.0,0.0,3.019733371585608,,2021,pit,RP
sa602699,Phil Pfeifer,P,0.29829999804496765,0.1492999941110611,1.0,0.0,0.0,3.3163132995367057,,2021,pit,SP
8137,Jaime García,P,0.3790999948978424,0.13210000097751617,1.0,0.0,0.0,3.0250733532011513,,2021,pit,RP
12240,Matt Tracy,P,0.20679999887943268,0.1687999963760376,1.0,0.0,0.0,2.7756866514682774,,2021,pit,SP
sa393410,Carlos Hernandez,P,0.18529999256134033,0.17329999804496765,1.0,0.0,0.0,2.5180332437157635,COL,2021,pit,SP
14288,Luke Bard,P,3.0,0.0,3.0,0.0,0.6886000037193298,12.55725984871388,,2021,pit,RP
12272,Aaron Brooks,P,0.3831999897956848,0.13120000064373016,1.0,0.0,0.0,2.917746587842703,,2021,pit,RP
20548,Bowden Francis,P,0.18119999766349792,0.17419999837875366,1.0,0.0,0.0,2.846800162643194,TOR,2021,pit,SP
sa737454,Alexander Guillen,P,1.0,0.0,1.0,0.0,0.0,4.100866720080376,,2021,pit,RP
7422,Bradin Hagens,P,0.46239998936653137,0.1143999993801117,1.0,0.0,0.0,3.1997864574193957,,2021,pit,RP
sa829632,Brady Puckett,P,0.18369999527931213,0.1737000048160553,1.0,0.0,0.0,2.697126646339894,,2021,pit,SP
sa872881,Domingo Robles,P,0.1754000037908554,0.1754000037908554,1.0,0.0,0.0,2.770846574753523,OAK,2021,pit,SP
9417,Kris Medlen,P,0.1754000037908554,0.1754000037908554,1.0,0.0,0.0,2.778340023756028,,2021,pit,SP
5365,Manny Banuelos,P,0.4359999895095825,0.11999999731779099,1.0,0.0,0.0,3.2636600330472,,2021,pit,RP
sa875247,Will Stewart,P,0.19110000133514404,0.1720999926328659,1.0,0.0,0.0,2.6947732090950014,,2021,pit,SP
16942,Luis Ortiz,P,0.1754000037908554,0.1754000037908554,1.0,0.0,0.0,2.6183666847646236,,2021,pit,SP
sa3004747,Aaron Phillips,P,0.20430000126361847,0.16930000483989716,1.0,0.0,0.0,3.0379200570285323,,2021,pit,SP
17002,Trevor Hildenberger,P,5.0,0.0,5.0,0.0,0.7057999968528748,20.37604682743549,,2021,pit,RP
25839,Luis Contreras,P,0.6158000230789185,0.08179999887943268,1.0,0.0,0.0,3.526286768913269,,2021,pit,RP
10706,Scott Copeland,P,1.0,0.0,1.0,0.0,0.0,3.7550733432173735,,2021,pit,RP
sa872724,Brandon Gold,P,0.1754000037908554,0.1754000037908554,1.0,0.0,0.0,1.8571865849196918,,2021,pit,SP
5518,Tim Dillard,P,0.2603999972343445,0.1573999971151352,1.0,0.0,0.0,2.5491400882601742,,2021,pit,SP
19315,Matt Krook,P,0.28679999709129333,0.1518000066280365,1.0,0.0,0.0,2.9826734863221644,OAK,2021,pit,SP
2412,Barry Enright,P,0.25540000200271606,0.15839999914169312,1.0,0.0,0.0,2.8579265780746934,,2021,pit,SP
sa658513,Brock Dykxhoorn,P,0.20589999854564667,0.1688999980688095,1.0,0.0,0.0,2.8847933545708657,,2021,pit,SP
sa738439,Jason Jester,P,1.0,0.0,1.0,0.0,0.0,3.881326738744974,,2021,pit,RP
5525,Boone Logan,P,1.0,0.0,1.0,0.0,0.0,4.0810933947563175,,2021,pit,RP
18029,Tanner Anderson,P,0.1754000037908554,0.1754000037908554,1.0,0.0,0.0,2.8044532380998133,,2021,pit,SP
3507,André Rienzo,P,0.1754000037908554,0.1754000037908554,1.0,0.0,0.0,2.6576599031686787,,2021,pit,SP
14739,Paul Blackburn,P,0.1754000037908554,0.1754000037908554,1.0,0.0,0.0,2.883540201187134,NYY,2021,pit,SP
sa828963,Josh Prevost,P,0.1754000037908554,0.1754000037908554,1.0,0.0,0.0,2.617013134807348,,2021,pit,SP
sa597101,Ivan Pineyro,P,0.19359999895095825,0.17159999907016754,1.0,0.0,0.0,2.6806667327880858,,2021,pit,SP
sa918356,DJ Myers,P,0.29089999198913574,0.1509000062942505,1.0,0.0,0.0,2.911639914661646,,2021,pit,SP
1507,John Lackey,P,0.19939999282360077,0.1703999936580658,1.0,0.0,0.0,2.7031064957380297,,2021,pit,SP
23191,Michael Plassmeyer,P,0.18700000643730164,0.17299999296665192,1.0,0.0,0.0,2.9881999611854555,TOR,2021,pit,SP
sa827144,Corey Taylor,P,0.7056000232696533,0.06260000169277191,1.0,0.0,0.0,3.6298731416463856,,2021,pit,RP
19766,Seth Elledge,P,15.0,0.0,15.0,0.0,0.6348000168800354,57.583200371265406,OAK,2021,pit,RP
20023,Rico Garcia,P,1.0,0.0,1.0,0.0,0.0,4.266906498372554,BAL,2021,pit,RP
sa739833,Tyler Spurlin,P,0.84170001745224,0.03370000049471855,1.0,0.0,0.0,3.6908533446490766,,2021,pit,RP
sa3008626,Justin Vernia,P,0.2142000049352646,0.1671999990940094,1.0,0.0,0.0,2.7958667434751994,,2021,pit,SP
sa829168,Seth Varner,P,0.24390000104904175,0.16089999675750732,1.0,0.0,0.0,2.786753325909376,,2021,pit,SP
sa915725,Evan Miller,P,1.0,0.0,1.0,0.0,0.0,3.8826799608767035,,2021,pit,RP
sa597249,Luis Lugo,P,0.2290000021457672,0.164000004529953,1.0,0.0,0.0,2.850913479179144,,2021,pit,SP
sa829372,Kolton Mahoney,P,0.3732999861240387,0.13330000638961792,1.0,0.0,0.0,2.9247133404016497,,2021,pit,RP
sa549740,Chase Johnson,P,0.6801000237464905,0.06809999793767929,1.0,0.0,0.0,3.4395132280886176,,2021,pit,RP
16309,Austen Williams,P,1.0,0.0,1.0,0.0,0.0,3.7571067877113826,WSN,2021,pit,RP
17304,Emmanuel Ramirez,P,0.2215999960899353,0.1656000018119812,1.0,0.0,0.0,2.8571397803723815,,2021,pit,SP
16094,Zach Thompson,P,1.0,0.0,1.0,0.0,0.0,3.9537733934819697,,2021,pit,RP
12699,Ryan Carpenter,P,0.1754000037908554,0.1754000037908554,1.0,0.0,0.0,2.613333334028721,,2021,pit,SP
sa3006988,Bryce Hensley,P,0.4235999882221222,0.1225999966263771,1.0,0.0,0.0,2.9312998846173293,KCR,2021,pit,RP
sa828462,Daniel Álvarez,P,1.0,0.0,1.0,0.0,0.0,4.187659906595945,,2021,pit,RP
sa3007491,Tyler Carr,P,0.9085000157356262,0.019500000402331352,1.0,0.0,0.0,3.6561132378876215,,2021,pit,RP
12316,Justin Hancock,P,1.0,0.0,1.0,0.0,0.0,3.928913415968418,,2021,pit,RP
19609,Luke Barker,P,0.899399995803833,0.021400000900030136,1.0,0.0,0.0,3.7987932503223423,,2021,pit,RP
sa919112,Chad Donato,P,0.23980000615119934,0.16179999709129333,1.0,0.0,0.0,2.9337535724043846,,2021,pit,SP
15846,Adam Plutko,P,65.33999633789062,11.34000015258789,116.33820343017578,1.8660000562667847,8.16349983215332,280.9245771169663,,2021,pit,RP
sa977821,Parker Curry,P,0.29499998688697815,0.15000000596046448,1.0,0.0,0.0,2.8183934219181537,,2021,pit,SP
16609,Bryan Abreu,P,30.0,0.0,30.0,0.0,0.680899977684021,118.41779828071594,HOU,2021,pit,RP
16958,Jake Jewell,P,1.0,0.0,1.0,0.0,0.0,3.7830199681222445,,2021,pit,RP
12938,Gabriel Ynoa,P,0.5209000110626221,0.10189999639987946,1.0,0.0,0.0,3.016260034590959,,2021,pit,RP
8270,Casey Coleman,P,0.3361999988555908,0.1412000060081482,1.0,0.0,0.0,3.119059973955155,,2021,pit,RP
sa3007479,Edgar Gonzalez,P,0.19280000030994415,0.17180000245571136,1.0,0.0,0.0,2.8226667858660224,,2021,pit,SP
11710,Sam Dyson,P,1.0,0.0,1.0,0.0,0.0,3.660699785500765,,2021,pit,RP
11964,Taylor Cole,P,0.8828999996185303,0.024900000542402267,1.0,0.0,0.0,3.610060001164675,,2021,pit,RP
sa737857,Adrian De Horta,P,0.3758000135421753,0.13279999792575836,1.0,0.0,0.0,3.5012598708271985,,2021,pit,RP
sa828505,Harol González,P,0.18950000405311584,0.17249999940395355,1.0,0.0,0.0,2.798313225805759,,2021,pit,SP
16215,Jacob Lindgren,P,0.8136000037193298,0.03959999978542328,1.0,0.0,0.0,3.480986738950014,,2021,pit,RP
13172,Carson Smith,P,1.0,0.0,1.0,0.0,0.0,3.8194665864109996,,2021,pit,RP
sa739006,Arturo Reyes,P,0.210099995136261,0.1680999994277954,1.0,0.0,0.0,2.6674467116594323,,2021,pit,SP
6336,Ryan Feierabend,P,0.4178999960422516,0.12389999628067017,1.0,0.0,0.0,2.9916797570884226,,2021,pit,RP
15979,Akeem Bostick,P,0.2825999855995178,0.1526000052690506,1.0,0.0,0.0,3.039093342423439,,2021,pit,SP
sa918556,Trevor Bettencourt,P,1.0,0.0,1.0,0.0,0.0,3.849420035630465,,2021,pit,RP
sa738512,Garrett Williams,P,0.24390000104904175,0.16089999675750732,1.0,0.0,0.0,2.9576398149132728,,2021,pit,SP
9059,John Axford,P,0.9563000202178955,0.00930000003427267,1.0,0.0,0.0,3.7761266067624093,,2021,pit,RP
sa829486,Brendan McCurry,P,0.899399995803833,0.021400000900030136,1.0,0.0,0.0,3.794553136825562,,2021,pit,RP
sa602806,Travis Radke,P,1.0,0.0,1.0,0.0,0.0,3.7462733246386053,,2021,pit,RP
sa550088,John Simms,P,0.4846000075340271,0.1096000000834465,1.0,0.0,0.0,3.1615201234817505,,2021,pit,RP
17897,Garrett Cleavinger,P,1.0,0.0,1.0,0.0,0.0,4.14595335572958,TBR,2021,pit,RP
10819,R.J. Alaniz,P,1.0,0.0,1.0,0.0,0.0,3.5465266831219195,,2021,pit,RP
20038,Darren McCaughan,P,0.1754000037908554,0.1754000037908554,1.0,0.0,0.0,2.7685935072600842,CIN,2021,pit,SP
sa657701,Jesús Castillo,P,0.4244999885559082,0.12250000238418579,1.0,0.0,0.0,2.957720102369786,,2021,pit,RP
sa550261,James Buckelew,P,0.794700026512146,0.043699998408555984,1.0,0.0,0.0,3.6166934981942185,,2021,pit,RP
sa828727,Carlos Luna,P,0.1754000037908554,0.1754000037908554,1.0,0.0,0.0,2.602606606483459,,2021,pit,SP
sa3007234,Joey Murray,P,0.18860000371932983,0.17260000109672546,1.0,0.0,0.0,2.833513306081295,,2021,pit,SP
sa827432,Preston Morrison,P,0.8978000283241272,0.021800000220537186,1.0,0.0,0.0,3.6107600405812263,,2021,pit,RP
sa598926,Bradley Roney,P,1.0,0.0,1.0,0.0,0.0,3.934306674450636,,2021,pit,RP
sa657825,Erick Leal,P,0.18619999289512634,0.17319999635219574,1.0,0.0,0.0,2.6834600210189823,,2021,pit,SP
sa736761,Emilio Vargas,P,0.1754000037908554,0.1754000037908554,1.0,0.0,0.0,2.5478131599724296,,2021,pit,SP
sa918377,Brian Howard,P,0.1754000037908554,0.1754000037908554,1.0,0.0,0.0,2.925133162736893,,2021,pit,SP
494,Fernando Rodney,P,1.0,0.0,1.0,0.0,0.0,3.7282665699720385,,2021,pit,RP
17811,Daniel Zamora,P,1.0,0.0,1.0,0.0,0.0,4.078526750206947,,2021,pit,RP
20253,Griffin Jax,P,0.1754000037908554,0.1754000037908554,1.0,0.0,0.0,2.515700009465218,TBR,2021,pit,SP
sa3004018,Austin Hutchison,P,0.18860000371932983,0.17260000109672546,1.0,0.0,0.0,2.617066694051027,,2021,pit,SP
10534,Jake Petricka,P,1.0,0.0,1.0,0.0,0.0,3.645300006121398,,2021,pit,RP
2391,Héctor Rondón,P,20.0,0.0,20.0,0.0,0.6876999735832214,69.88365113735199,BOS,2021,pit,RP
sa550449,Dylan Unsworth,P,0.263700008392334,0.156700000166893,1.0,0.0,0.0,2.645066524296999,,2021,pit,SP
sa3003927,J.C. Cloney,P,0.2711000144481659,0.1551000028848648,1.0,0.0,0.0,2.72415329888463,,2021,pit,SP
4538,Jason Hammel,P,0.3353999853134155,0.14139999449253082,1.0,0.0,0.0,2.753553428500891,,2021,pit,RP
sa829365,Tyler Carpenter,P,0.2175000011920929,0.1665000021457672,1.0,0.0,0.0,2.6098068967461585,,2021,pit,SP
sa918264,Brandon Lawson,P,0.1754000037908554,0.1754000037908554,1.0,0.0,0.0,2.392873419076205,,2021,pit,SP
sa875280,Reid Love,P,0.6115999817848206,0.08259999752044678,1.0,0.0,0.0,2.851880053430796,,2021,pit,RP
14844,Matt Dermody,P,1.0,0.0,1.0,0.0,0.0,3.939106412976981,,2021,pit,RP
sa701852,Sam Lewis,P,0.39149999618530273,0.12950000166893005,1.0,0.0,0.0,3.0003867760300635,,2021,pit,RP
14361,Ty Blach,P,0.3889999985694885,0.12999999523162842,1.0,0.0,0.0,2.296160092949868,,2021,pit,RP
sa738268,Sam Tewes,P,0.1754000037908554,0.1754000037908554,1.0,0.0,0.0,2.7170464910566814,,2021,pit,SP
sa598911,Brady Dragmire,P,0.6948999762535095,0.0649000033736229,1.0,0.0,0.0,3.1356532476842403,,2021,pit,RP
sa549462,Forrest Snow,P,0.20679999887943268,0.1687999963760376,1.0,0.0,0.0,2.697599970549345,,2021,pit,SP
24763,Kyle Leahy,P,0.19280000030994415,0.17180000245571136,1.0,0.0,0.0,2.6920467540621758,STL,2021,pit,SP
sa876096,Conor Lillis-White,P,1.0,0.0,1.0,0.0,0.0,3.938240072876215,,2021,pit,RP
3555,Tony Barnette,P,1.0,0.0,1.0,0.0,0.0,3.7356533594429497,,2021,pit,RP
4961,Mitch Talbot,P,0.19030000269412994,0.17229999601840973,1.0,0.0,0.0,2.5327800191938876,,2021,pit,SP
sa3004701,Aaron Leasher,P,0.2223999947309494,0.16539999842643738,1.0,0.0,0.0,2.7837535008788112,,2021,pit,SP
sa503950,Omar Bencomo,P,0.21089999377727509,0.1678999960422516,1.0,0.0,0.0,2.5346133492887026,,2021,pit,SP
sa829625,Tyler Herb,P,0.19769999384880066,0.17069999873638153,1.0,0.0,0.0,2.5679065153002734,,2021,pit,SP
15690,Jimmy Cordero,P,1.0,0.0,1.0,0.0,0.0,3.700353441387415,,2021,pit,RP
8490,Buddy Boshers,P,0.9588000178337097,0.008799999952316284,1.0,0.0,0.0,3.768133218586445,,2021,pit,RP
12730,Nick Martinez,P,0.2619999945163727,0.15700000524520874,1.0,0.0,0.0,2.5276266485452656,TBR,2021,pit,SP
15378,Kyle Lloyd,P,0.1754000037908554,0.1754000037908554,1.0,0.0,0.0,2.4765667438507077,,2021,pit,SP
18815,Miguel Díaz,P,1.0,0.0,1.0,0.0,0.0,3.9852866768836983,,2021,pit,RP
10510,Hunter Cervenka,P,1.0,0.0,1.0,0.0,0.0,3.5362000785768037,,2021,pit,RP
13150,Jayson Aquino,P,0.29910001158714294,0.14910000562667847,1.0,0.0,0.0,2.710926645249128,,2021,pit,RP
sa857567,Luke Leftwich,P,0.8549000024795532,0.030899999663233757,1.0,0.0,0.0,3.6339601024985315,,2021,pit,RP
sa505234,Todd Van Steensel,P,0.7501999735832214,0.053199999034404755,1.0,0.0,0.0,3.6154733717441565,SDP,2021,pit,RP
sa923839,Jose Bravo,P,0.3156000077724457,0.14560000598430634,1.0,0.0,0.0,2.8667600616812705,,2021,pit,RP
sa3006810,Michael Baird,P,0.35850000381469727,0.13650000095367432,1.0,0.0,0.0,2.9137065969407554,COL,2021,pit,RP
sa550522,Luis González,P,0.9052000045776367,0.02019999921321869,1.0,0.0,0.0,4.025519971549511,,2021,pit,RP
11369,Brett Eibner,OF,1.0,0.0,1.0,0.0,0.0,4.043186668306589,,2021,pit,RP
20349,Zack Kelly,P,0.29010000824928284,0.15109999477863312,1.0,0.0,0.0,2.7469400770962236,BOS,2021,pit,SP
15106,Collin Wiles,P,0.20430000126361847,0.16930000483989716,1.0,0.0,0.0,2.4929398350417618,,2021,pit,SP
sa3004740,Ryan Lillie,P,0.18199999630451202,0.17399999499320984,1.0,0.0,0.0,2.1569666564464574,,2021,pit,SP
8173,Yovani Gallardo,P,0.21250000596046448,0.16750000417232513,1.0,0.0,0.0,2.524353182315827,,2021,pit,SP
9178,Kyle Lobstein,P,1.0,0.0,1.0,0.0,0.0,3.4887934640049933,,2021,pit,RP
16306,Gerardo Reyes,P,1.0,0.0,1.0,0.0,0.0,3.9125866457819938,,2021,pit,RP
sa3007838,Nick Bush,P,0.18199999630451202,0.17399999499320984,1.0,0.0,0.0,1.7366133503615857,,2021,pit,SP
sa918614,Vince Arobio,P,0.9052000045776367,0.02019999921321869,1.0,0.0,0.0,3.577753388136626,,2021,pit,RP
sa872742,Cristian Castillo,P,0.1754000037908554,0.1754000037908554,1.0,0.0,0.0,2.3721399240195753,,2021,pit,SP
15655,Yefry Ramírez,P,0.8902999758720398,0.02329999953508377,1.0,0.0,0.0,3.8292065642774107,,2021,pit,RP
10968,Tim Adleman,P,0.29010000824928284,0.15109999477863312,1.0,0.0,0.0,2.8062730669975275,,2021,pit,SP
5530,Nik Turley,P,5.0,0.0,5.0,0.0,0.6643000245094299,20.520693176984786,,2021,pit,RP
sa599309,Christian Binford,P,0.3246999979019165,0.1437000036239624,1.0,0.0,0.0,2.693006840348244,,2021,pit,RP
11437,Jesse Biddle,P,1.0,0.0,1.0,0.0,0.0,3.9828933387994767,,2021,pit,RP
sa737568,Derian González,P,0.8482999801635742,0.03229999914765358,1.0,0.0,0.0,3.700560108572245,,2021,pit,RP
sa876284,Daniel Tillo,P,0.2167000025510788,0.16670000553131104,1.0,0.0,0.0,2.504666621983051,,2021,pit,SP
2203,Ronald Belisario,P,1.0,0.0,1.0,0.0,0.0,3.517746587097645,,2021,pit,RP
sa827457,Andrew Istler,P,1.0,0.0,1.0,0.0,0.0,3.5917867295444013,WSN,2021,pit,RP
18403,Enyel De Los Santos,P,0.6998999714851379,0.06390000134706497,1.0,0.0,0.0,3.339280132949353,HOU,2021,pit,RP
sa658530,Kevin McCanna,P,0.45660001039505005,0.11559999734163284,1.0,0.0,0.0,3.1932468868792054,ARI,2021,pit,RP
15964,Keury Mella,P,3.0,0.0,3.0,0.0,0.6761000156402588,13.539880111813549,,2021,pit,RP
sa732750,Edgar Arredondo,P,0.18369999527931213,0.1737000048160553,1.0,0.0,0.0,2.640853429585695,,2021,pit,SP
sa526011,Michael Dimock,P,1.0,0.0,1.0,0.0,0.0,3.833293224871159,ARI,2021,pit,RP
sa602623,Heath Holder,P,0.45989999175071716,0.11490000039339066,1.0,0.0,0.0,2.4448065340518954,,2021,pit,RP
sa3003122,Yoel De Leon,P,0.2603999972343445,0.1573999971151352,1.0,0.0,0.0,2.702246744930744,,2021,pit,SP
sa3008654,Shumpei Yoshikawa,P,0.18289999663829803,0.17389999330043793,1.0,0.0,0.0,2.616620130091906,,2021,pit,SP
20617,J.C. Mejía,P,4.619999885559082,1.6200000047683716,12.234000205993652,0.0,0.6784999966621399,33.74052948951722,,2021,pit,RP
sa875610,Matthew Kent,P,0.20350000262260437,0.16949999332427979,1.0,0.0,0.0,2.41289324760437,,2021,pit,SP
21584,Tristan Beck,P,0.1754000037908554,0.1754000037908554,1.0,0.0,0.0,2.7877598434686663,SFG,2021,pit,SP
sa621533,Alex Powers,P,0.910099983215332,0.019099999219179153,1.0,0.0,0.0,3.767273274809123,,2021,pit,RP
19178,Tommy Nance,P,1.0,0.0,1.0,0.0,0.0,3.7686666995286946,TOR,2021,pit,RP
sa3006826,Adam Scott,P,0.1754000037908554,0.1754000037908554,1.0,0.0,0.0,2.70828660055995,,2021,pit,SP
sa875060,Jack Wynkoop,P,0.1754000037908554,0.1754000037908554,1.0,0.0,0.0,1.6073266431689257,,2021,pit,SP
13580,Steven Okert,P,1.0,0.0,1.0,0.0,0.0,3.9598799601197245,HOU,2021,pit,RP
2608,Jhoulys Chacín,P,1.0,0.0,1.0,0.0,0.0,3.4652399763464934,,2021,pit,RP
7303,Preston Guilmet,P,1.0,0.0,1.0,0.0,0.0,3.778626740723848,,2021,pit,RP
sa709032,Jake Kalish,P,0.35929998755455017,0.1362999975681305,1.0,0.0,0.0,2.809426669031382,,2021,pit,RP
1245,R.A. Dickey,P,0.1754000037908554,0.1754000037908554,1.0,0.0,0.0,2.4411201782524588,,2021,pit,SP
17536,Ryan Burr,P,0.9158999919891357,0.017899999395012856,1.0,0.0,0.0,3.633033458143473,TOR,2021,pit,RP
sa915801,Tyler Stevens,P,1.0,0.0,1.0,0.0,0.0,3.9063531562685974,,2021,pit,RP
sa876296,Lucas Humpal,P,0.25130000710487366,0.15929999947547913,1.0,0.0,0.0,2.526106678694487,BAL,2021,pit,SP
sa657123,Eduar Lopez,P,0.19030000269412994,0.17229999601840973,1.0,0.0,0.0,2.50131319463253,,2021,pit,SP
sa918182,Julian Garcia,P,0.18289999663829803,0.17389999330043793,1.0,0.0,0.0,2.5046799190342424,CIN,2021,pit,SP
sa738670,Ryan Moseley,P,0.9200000166893005,0.017000000923871994,1.0,0.0,0.0,3.5542400248348716,,2021,pit,RP
sa918889,Clark Beeker,P,0.20260000228881836,0.1695999950170517,1.0,0.0,0.0,2.407413256913423,MIN,2021,pit,SP
23631,Clayton Andrews,P,1.0,0.0,1.0,0.0,0.0,3.8974133953452115,,2021,pit,RP
13401,R.J. Alvarez,P,1.0,0.0,1.0,0.0,0.0,3.93185340538621,,2021,pit,RP
9325,Jared Hughes,P,1.0,0.0,1.0,0.0,0.0,3.3113799788057805,,2021,pit,RP
23221,Michael Grove,P,0.1754000037908554,0.1754000037908554,1.0,0.0,0.0,2.5597200162708758,LAD,2021,pit,SP
19246,Miguel Aguilar,P,1.0,0.0,1.0,0.0,0.0,3.8494999587535856,,2021,pit,RP
sa3002796,Jose E. Martinez,P,0.2768999934196472,0.15389999747276306,1.0,0.0,0.0,2.557519824802876,,2021,pit,SP
13339,Adrian Sampson,P,0.4821999967098236,0.11020000278949738,1.0,0.0,0.0,2.8880998596549037,,2021,pit,RP
sa738376,Tyler Alexander,P,0.30489999055862427,0.14790000021457672,1.0,0.0,0.0,3.0859665811061867,,2021,pit,RP
sa917985,Jace Vines,P,0.21089999377727509,0.1678999960422516,1.0,0.0,0.0,2.418080218136311,,2021,pit,SP
6499,Blaine Hardy,P,1.0,0.0,1.0,0.0,0.0,3.640500044077635,,2021,pit,RP
17888,Tayler Saucedo,P,0.5365999937057495,0.09860000014305115,1.0,0.0,0.0,2.9610268294811246,LAA,2021,pit,RP
9419,Zac Rosscup,P,1.0,0.0,1.0,0.0,0.0,3.3160200931131842,,2021,pit,RP
11604,Dovydas Neverauskas,P,1.0,0.0,1.0,0.0,0.0,3.7088534332811838,,2021,pit,RP
17117,Austin Davis,P,1.0,0.0,1.0,0.0,0.0,3.8531534992158414,,2021,pit,RP
4869,Mike Montgomery,P,0.6908000111579895,0.0658000037074089,1.0,0.0,0.0,3.205066667497159,,2021,pit,RP
5843,Radhames Liz,P,1.0,0.0,1.0,0.0,0.0,3.812073418498039,,2021,pit,RP
15885,Fernando Romero,P,1.0,0.0,1.0,0.0,0.0,3.830299972742796,,2021,pit,RP
sa560990,Josh Lowey,P,0.1754000037908554,0.1754000037908554,1.0,0.0,0.0,2.4559065647423273,,2021,pit,SP
3243,Angel Castro,P,0.20260000228881836,0.1695999950170517,1.0,0.0,0.0,2.4517667345702656,,2021,pit,SP
sa738636,Jordan Milbrath,P,0.8878999948501587,0.023900000378489494,1.0,0.0,0.0,3.5329267188906672,,2021,pit,RP
12575,Nick Ramirez,P,1.0,0.0,1.0,0.0,0.0,3.8585733421146875,,2021,pit,RP
sa3007251,Scott Sunitsch,P,0.18780000507831573,0.1728000044822693,1.0,0.0,0.0,2.4707799494266514,,2021,pit,SP
5362,Phillippe Aumont,P,0.6478999853134155,0.07490000128746033,1.0,0.0,0.0,3.35004660859704,,2021,pit,RP
6577,Anthony Vasquez,P,0.34279999136924744,0.13979999721050262,1.0,0.0,0.0,2.8681868106126793,,2021,pit,RP
sa738685,Reid Humphreys,P,1.0,0.0,1.0,0.0,0.0,3.180626893043518,,2021,pit,RP
305,Carlos Zambrano,P,0.1754000037908554,0.1754000037908554,1.0,0.0,0.0,2.3576066285371784,,2021,pit,SP
sa829656,Bryan Dobzanski,P,0.9125999808311462,0.01860000006854534,1.0,0.0,0.0,3.455766661465168,,2021,pit,RP
sa3002749,West Tunnell,P,1.0,0.0,1.0,0.0,0.0,3.8663401111960414,,2021,pit,RP
sa3008225,Ryley Gilliam,P,1.0,0.0,1.0,0.0,0.0,4.068193184584379,,2021,pit,RP
sa577014,DJ Baxendale,P,0.616599977016449,0.08160000294446945,1.0,0.0,0.0,3.199066455662251,,2021,pit,RP
19222,Lake Bachar,P,0.2150000035762787,0.16699999570846558,1.0,0.0,0.0,2.6744933977723124,MIA,2021,pit,SP
23292,Packy Naughton,P,0.1754000037908554,0.1754000037908554,1.0,0.0,0.0,2.3201132550835606,STL,2021,pit,SP
sa738473,Jake Stinnett,P,0.6033999919891357,0.0843999981880188,1.0,0.0,0.0,3.2169666394591334,,2021,pit,RP
14711,Jamie Callahan,P,1.0,0.0,1.0,0.0,0.0,3.9564600355923174,SFG,2021,pit,RP
sa913072,Rollie Lacy,P,0.23149999976158142,0.16349999606609344,1.0,0.0,0.0,2.5300732329487805,,2021,pit,SP
8422,Erik Davis,P,1.0,0.0,1.0,0.0,0.0,3.6539066411554812,,2021,pit,RP
14825,Dylan Covey,P,1.0,0.0,1.0,0.0,0.0,3.389126781374216,,2021,pit,RP
2895,Zach McAllister,P,1.0,0.0,1.0,0.0,0.0,3.7013998210430152,,2021,pit,RP
sa3008629,Luke Heimlich,P,0.1754000037908554,0.1754000037908554,1.0,0.0,0.0,2.3878599606454376,,2021,pit,SP
8855,Ryan Cook,P,1.0,0.0,1.0,0.0,0.0,3.6998333312571052,,2021,pit,RP
sa526875,Kaleb Fleck,P,1.0,0.0,1.0,0.0,0.0,3.7522932983934885,,2021,pit,RP
17695,Koda Glover,P,1.0,0.0,1.0,0.0,0.0,3.518366853892804,,2021,pit,RP
sa597095,Kevin Canelon,P,0.61080002784729,0.0828000009059906,1.0,0.0,0.0,3.1923267647624023,,2021,pit,RP
18256,Zac Grotz,P,1.0,0.0,1.0,0.0,0.0,3.5629999689757823,,2021,pit,RP
13572,Justin Haley,P,1.0,0.0,1.0,0.0,0.0,3.577826507389546,,2021,pit,RP
18421,Tyler Cyr,P,1.0,0.0,1.0,0.0,0.0,3.9846266634762286,,2021,pit,RP
4955,Justin De Fratus,P,0.19769999384880066,0.17069999873638153,1.0,0.0,0.0,2.40257321074605,,2021,pit,SP
21537,Daniel Lynch IV,P,0.1754000037908554,0.1754000037908554,1.0,0.0,0.0,2.4561533272266387,KCR,2021,pit,SP
sa873314,Melvin Adón,P,1.0,0.0,1.0,0.0,0.0,3.9845665484666832,,2021,pit,RP
sa549903,Aaron Kurcz,P,1.0,0.0,1.0,0.0,0.0,3.7511532723903662,MIL,2021,pit,RP
21541,Reiss Knehr,P,0.23890000581741333,0.16189999878406525,1.0,0.0,0.0,2.699340199679136,,2021,pit,SP
sa3008072,Tommy Wilson,P,0.1754000037908554,0.1754000037908554,1.0,0.0,0.0,2.722006972879172,,2021,pit,SP
sa3007734,Daniel Martinez,P,0.22660000622272491,0.16459999978542328,1.0,0.0,0.0,2.873893398791552,,2021,pit,SP
sa3006770,Noah Zavolas,P,0.1754000037908554,0.1754000037908554,1.0,0.0,0.0,2.308333286643029,,2021,pit,SP
sa918047,Austin McGeorge,P,0.44670000672340393,0.1177000030875206,1.0,0.0,0.0,2.865673274546862,,2021,pit,RP
sa829664,Jon Perrin,P,0.1754000037908554,0.1754000037908554,1.0,0.0,0.0,2.4365999370813367,,2021,pit,SP
sa827385,David Speer,P,0.6735000014305115,0.06949999928474426,1.0,0.0,0.0,3.1293531201779845,,2021,pit,RP
sa919234,Yeizo Campos,P,0.7731999754905701,0.04820000007748604,1.0,0.0,0.0,3.587133239209652,,2021,pit,RP
17581,Ricardo Sánchez,P,1.0,0.0,1.0,0.0,0.0,3.7048465020954615,,2021,pit,RP
19256,Gerson Bautista,P,0.8169000148773193,0.03889999911189079,1.0,0.0,0.0,3.6687399566173555,,2021,pit,RP
19671,Sterling Sharp,P,1.0,0.0,1.0,0.0,0.0,3.354566622525454,,2021,pit,RP
15158,Braden Shipley,P,1.0,0.0,1.0,0.0,0.0,3.2810599006712438,,2021,pit,RP
sa549763,Joel Bender,P,1.0,0.0,1.0,0.0,0.0,3.6756933256983757,,2021,pit,RP
16165,Max Povse,P,1.0,0.0,1.0,0.0,0.0,3.728240092843771,,2021,pit,RP
sa3004349,Jordan Barrett,P,0.1754000037908554,0.1754000037908554,1.0,0.0,0.0,2.4487668044865125,,2021,pit,SP
17964,Tyler Gilbert,P,1.0,0.0,1.0,0.0,0.0,3.7358866982162002,CHW,2021,pit,RP
20333,Nick Raquet,P,0.1754000037908554,0.1754000037908554,1.0,0.0,0.0,2.3320334047079085,STL,2021,pit,SP
5028,Bo Schultz,P,1.0,0.0,1.0,0.0,0.0,3.6440666712820535,,2021,pit,RP
3340,Matt Garza,P,0.19439999759197235,0.17139999568462372,1.0,0.0,0.0,2.3195600479841234,,2021,pit,SP
sa829022,Jared Robinson,P,1.0,0.0,1.0,0.0,0.0,3.9505999989807608,ATL,2021,pit,RP
12664,Jerad Eickhoff,P,0.24639999866485596,0.16040000319480896,1.0,0.0,0.0,2.8097133576869973,,2021,pit,SP
14338,Williams Jerez,P,1.0,0.0,1.0,0.0,0.0,3.758146652579308,,2021,pit,RP
4001,Enny Romero,P,1.0,0.0,1.0,0.0,0.0,3.747640221565962,,2021,pit,RP
sa918095,Ty Culbreth,P,0.18529999256134033,0.17329999804496765,1.0,0.0,0.0,1.6275865852832796,,2021,pit,SP
13606,Shawn Morimando,P,1.0,0.0,1.0,0.0,0.0,3.7619466386735447,,2021,pit,RP
18114,Ben Taylor,P,1.0,0.0,1.0,0.0,0.0,3.7420264318585397,,2021,pit,RP
sa919377,Bryan Valdez,P,0.2282000035047531,0.16419999301433563,1.0,0.0,0.0,2.4907733261585236,,2021,pit,SP
sa827466,Lucas Long,P,0.6248000264167786,0.07980000227689743,1.0,0.0,0.0,2.9593799479305747,,2021,pit,RP
sa737032,Junior Garcia,P,1.0,0.0,1.0,0.0,0.0,3.8541331633925444,,2021,pit,RP
sa875665,Elliot Ashbeck,P,0.49869999289512634,0.10670000314712524,1.0,0.0,0.0,3.048326559364796,SDP,2021,pit,RP
sa828707,Trey Supak,P,0.1754000037908554,0.1754000037908554,1.0,0.0,0.0,2.6959866955876355,TEX,2021,pit,SP
sa737037,Oscar De La Cruz,P,0.4293999969959259,0.12139999866485596,1.0,0.0,0.0,3.1899199992418286,,2021,pit,RP
sa3006834,Gabe Mosser,P,0.20509999990463257,0.16910000145435333,1.0,0.0,0.0,2.5016998209059236,SEA,2021,pit,SP
sa3008604,Yasutomo Kubo,P,0.18860000371932983,0.17260000109672546,1.0,0.0,0.0,2.32476672232151,,2021,pit,SP
sa3005422,Jacob Condra-Bogan,P,0.9018999934196472,0.020899999886751175,1.0,0.0,0.0,3.2800400428473955,WSN,2021,pit,RP
19995,Joel Kuhnel,P,1.0,0.0,1.0,0.0,0.0,3.4248067408800127,OAK,2021,pit,RP
9901,Chris Volstad,P,0.9240999817848206,0.016100000590085983,1.0,0.0,0.0,2.9438199125230318,CIN,2021,pit,RP
sa874072,Jack Anderson,P,1.0,0.0,1.0,0.0,0.0,3.7520267099142077,,2021,pit,RP
sa502768,Trey McNutt,P,1.0,0.0,1.0,0.0,0.0,3.6936132825911043,,2021,pit,RP
5257,Wilmer Font,P,1.0,0.0,1.0,0.0,0.0,3.6600467465817927,,2021,pit,RP
sa856262,Patrick Ruotolo,P,1.0,0.0,1.0,0.0,0.0,4.056460090726613,,2021,pit,RP
13188,Adalberto Mejía,P,1.0,0.0,1.0,0.0,0.0,3.7199199289083484,,2021,pit,RP
12499,Drew Rucinski,P,1.0,0.0,1.0,0.0,0.0,3.6311732269823556,,2021,pit,RP
sa658286,Andrew Sopko,P,0.18369999527931213,0.1737000048160553,1.0,0.0,0.0,2.4590332604944707,,2021,pit,SP
sa658297,Shane Broyles,P,1.0,0.0,1.0,0.0,0.0,3.7295132353901863,,2021,pit,RP
16731,Artie Lewicki,P,1.0,0.0,1.0,0.0,0.0,3.7379067398607733,,2021,pit,RP
19454,Michael Rucker,P,0.9611999988555908,0.008200000040233135,1.0,0.0,0.0,3.594439913332463,SEA,2021,pit,RP
sa549287,Logan Bawcom,P,0.2207999974489212,0.16580000519752502,1.0,0.0,0.0,2.4796798676252365,,2021,pit,SP
16990,Tanner Banks,P,0.24879999458789825,0.1597999930381775,1.0,0.0,0.0,2.269773326814175,PHI,2021,pit,SP
12520,Erik Johnson,P,0.1754000037908554,0.1754000037908554,1.0,0.0,0.0,2.3626667335629463,,2021,pit,SP
8044,Jason Vargas,P,0.18119999766349792,0.17419999837875366,1.0,0.0,0.0,2.4018464893102647,,2021,pit,SP
11479,Bryan Mitchell,P,0.36010000109672546,0.13609999418258667,1.0,0.0,0.0,2.5439333245158195,,2021,pit,RP
20344,Blake Cederlind,P,1.0,0.0,1.0,0.0,0.0,3.7834601208567626,,2021,pit,RP
15118,James Sherfy,P,1.0,0.0,1.0,0.0,0.0,4.025473430752754,,2021,pit,RP
sa3004744,Jason Bahr,P,0.1754000037908554,0.1754000037908554,1.0,0.0,0.0,2.3886065609753135,,2021,pit,SP
23420,Beau Sulser,P,0.5662999749183655,0.09229999780654907,1.0,0.0,0.0,2.8392933398485183,,2021,pit,RP
11457,Sammy Solís,P,1.0,0.0,1.0,0.0,0.0,3.731919980049134,,2021,pit,RP
sa550044,Chris Lee,P,1.0,0.0,1.0,0.0,0.0,3.5819267213344577,,2021,pit,RP
13442,Mike Morin,P,1.0,0.0,1.0,0.0,0.0,3.3715665765106677,,2021,pit,RP
sa919819,Steven Bruce,P,0.18529999256134033,0.17329999804496765,1.0,0.0,0.0,2.262026566267014,,2021,pit,SP
13194,Joe Biagini,P,1.0,0.0,1.0,0.0,0.0,3.5817401237785815,,2021,pit,RP
sa546553,Johan Belisario,P,0.30820000171661377,0.14720000326633453,1.0,0.0,0.0,2.576313485950232,,2021,pit,RP
18076,Matt Hall,P,0.7459999918937683,0.05400000140070915,1.0,0.0,0.0,3.4529202044010163,,2021,pit,RP
sa3004190,Connor Johnstone,P,0.5605000257492065,0.09350000321865082,1.0,0.0,0.0,2.9239000618457793,,2021,pit,RP
7175,Jonny Venters,P,1.0,0.0,1.0,0.0,0.0,3.6186199277639397,,2021,pit,RP
sa3006765,Colten Schmidt,P,0.18199999630451202,0.17399999499320984,1.0,0.0,0.0,1.5841468065977096,,2021,pit,SP
9174,Casey Kelly,P,0.4657000005245209,0.1137000024318695,1.0,0.0,0.0,2.7815599322319025,,2021,pit,RP
9069,Jeremy Bleich,P,1.0,0.0,1.0,0.0,0.0,3.567226731777192,,2021,pit,RP
sa915635,Jesse Stallings,P,1.0,0.0,1.0,0.0,0.0,3.1610399596393113,,2021,pit,RP
12799,Cody Anderson,P,0.651199996471405,0.07419999688863754,1.0,0.0,0.0,3.459726536273957,,2021,pit,RP
23055,Dedniel Núñez,P,0.18860000371932983,0.17260000109672546,1.0,0.0,0.0,2.7261333353817467,NYM,2021,pit,SP
3830,Ricky Nolasco,P,0.1754000037908554,0.1754000037908554,1.0,0.0,0.0,2.316579899191856,,2021,pit,SP
1727,Edgar Gonzalez,P,0.18289999663829803,0.17389999330043793,1.0,0.0,0.0,2.1927931942045693,,2021,pit,SP
6033,Kelvin Herrera,P,1.0,0.0,1.0,0.0,0.0,3.3453265614807606,,2021,pit,RP
16754,Vinny Nittoli,P,0.7402999997138977,0.05530000105500221,1.0,0.0,0.0,3.479246675223113,BOS,2021,pit,RP
15458,Ricardo Rodríguez,P,1.0,0.0,1.0,0.0,0.0,3.5762667946517466,,2021,pit,RP
7411,Austin Adams,P,1.0,0.0,1.0,0.0,0.0,3.680146645009518,,2021,pit,RP
24737,Gus Varland,P,0.2150000035762787,0.16699999570846558,1.0,0.0,0.0,2.467706704884768,WSN,2021,pit,SP
sa3004717,Austin Hamilton,P,0.34779998660087585,0.1387999951839447,1.0,0.0,0.0,2.6462200112640866,,2021,pit,RP
sa656021,Liarvis Breto,P,1.0,0.0,1.0,0.0,0.0,3.645546702295542,,2021,pit,RP
14808,Ryan Eades,P,1.0,0.0,1.0,0.0,0.0,3.6262068025767804,,2021,pit,RP
sa556821,Terance Marin,P,0.18529999256134033,0.17329999804496765,1.0,0.0,0.0,2.11146657243371,,2021,pit,SP
sa3001062,Dustin Crenshaw,P,0.1754000037908554,0.1754000037908554,1.0,0.0,0.0,2.1617668785154818,,2021,pit,SP
20778,Cristopher Sánchez,P,0.3684000074863434,0.13439999520778656,1.0,0.0,0.0,3.052999874204397,PHI,2021,pit,RP
sa3004482,Patrick Dayton,P,1.0,0.0,1.0,0.0,0.0,3.7107399798929697,,2021,pit,RP
sa829792,Karch Kowalczyk,P,1.0,0.0,1.0,0.0,0.0,3.5784799851477147,,2021,pit,RP
sa509281,Daniel Rodriguez,P,0.1754000037908554,0.1754000037908554,1.0,0.0,0.0,2.32056006193161,,2021,pit,SP
20080,Mauricio Llovera,P,1.0,0.0,1.0,0.0,0.0,3.7208667442202574,,2021,pit,RP
sa876538,Michael Gibbons,P,0.1754000037908554,0.1754000037908554,1.0,0.0,0.0,2.394493432343006,,2021,pit,SP
sa598328,Mark Montgomery,P,1.0,0.0,1.0,0.0,0.0,3.665553448349238,,2021,pit,RP
sa738394,Jordan Mills,P,1.0,0.0,1.0,0.0,0.0,3.661140044778586,,2021,pit,RP
sa594882,Alex Delgado,P,0.1754000037908554,0.1754000037908554,1.0,0.0,0.0,2.256233418732882,,2021,pit,SP
sa737808,Sean Brady,P,0.1754000037908554,0.1754000037908554,1.0,0.0,0.0,2.2054399929940707,,2021,pit,SP
sa549950,Conor Fisk,P,0.328000009059906,0.14300000667572021,1.0,0.0,0.0,2.706326730549336,,2021,pit,RP
sa3006759,Aaron Shortridge,P,0.1754000037908554,0.1754000037908554,1.0,0.0,0.0,2.167826736718416,,2021,pit,SP
sa918493,Cameron Roegner,P,0.25619998574256897,0.1581999957561493,1.0,0.0,0.0,2.5020397156476974,,2021,pit,SP
sa876067,Josh DeGraaf,P,0.20260000228881836,0.1695999950170517,1.0,0.0,0.0,2.45074005201459,,2021,pit,SP
sa3007613,Brad Case,P,0.1754000037908554,0.1754000037908554,1.0,0.0,0.0,2.149086666107178,,2021,pit,SP
15301,Layne Somsen,P,1.0,0.0,1.0,0.0,0.0,3.6226798914372926,,2021,pit,RP
sa873684,Kit Scheetz,P,1.0,0.0,1.0,0.0,0.0,3.7522332385182384,,2021,pit,RP
15028,Victor Alcántara,P,1.0,0.0,1.0,0.0,0.0,3.4187333166599276,,2021,pit,RP
3993,Allen Webster,P,1.0,0.0,1.0,0.0,0.0,3.5517334163188936,,2021,pit,RP
14706,Anthony Banda,P,1.0,0.0,1.0,0.0,0.0,3.9510066300630573,MIN,2021,pit,RP
sa875229,Kyle Friedrichs,P,0.18369999527931213,0.1737000048160553,1.0,0.0,0.0,2.5784201256930825,,2021,pit,SP
14332,Joel Payamps,P,3.0,0.0,3.0,0.0,0.6546000242233276,13.366659767925743,ATL,2021,pit,RP
1975,Josh Judy,P,1.0,0.0,1.0,0.0,0.0,3.544613402336836,SEA,2021,pit,RP
sa874212,Nolan Blackwood,P,4.0,0.0,4.0,0.0,0.6050999760627747,15.883139669895174,,2021,pit,RP
sa506311,Nelson Gonzalez,P,0.52920001745224,0.10019999742507935,1.0,0.0,0.0,2.9400664493441586,,2021,pit,RP
sa920186,Brady Anderson,P,0.3296000063419342,0.14259999990463257,1.0,0.0,0.0,2.554313251376153,,2021,pit,RP
10160,Ryan Weber,P,0.6355000138282776,0.07750000059604645,1.0,0.0,0.0,2.822806510329247,,2021,pit,RP
20298,Jhonathan Díaz,P,0.1754000037908554,0.1754000037908554,1.0,0.0,0.0,2.2162867113947873,SEA,2021,pit,SP
3201,Francisco Liriano,P,1.0,0.0,1.0,0.0,0.0,3.627426693588496,,2021,pit,RP
sa827154,Kenny Koplove,P,1.0,0.0,1.0,0.0,0.0,3.646540053188801,COL,2021,pit,RP
1783,Chad Gaudin,P,1.0,0.0,1.0,0.0,0.0,3.5285199448466305,,2021,pit,RP
21025,Oliver Ortega,P,0.21580000221729279,0.16680000722408295,1.0,0.0,0.0,2.4704665206372742,,2021,pit,SP
24977,Shawn Dubin,P,0.23070000112056732,0.16369999945163727,1.0,0.0,0.0,2.675626719743014,ARI,2021,pit,SP
9149,Tim Melville,P,0.1754000037908554,0.1754000037908554,1.0,0.0,0.0,2.340839855372906,,2021,pit,SP
5766,Bruce Rondón,P,1.0,0.0,1.0,0.0,0.0,3.6880000703036786,,2021,pit,RP
11341,Sean Nolin,P,0.18449999392032623,0.17350000143051147,1.0,0.0,0.0,2.658326720446348,,2021,pit,SP
24607,Jonathan Bowlan,P,0.19609999656677246,0.17110000550746918,1.0,0.0,0.0,2.314806555211544,PHI,2021,pit,SP
18384,Scott Effross,P,0.8664000034332275,0.0284000001847744,1.0,0.0,0.0,3.2343932695686815,DET,2021,pit,RP
sa875703,Scooter Hightower,P,0.19359999895095825,0.17159999907016754,1.0,0.0,0.0,2.2725866496562954,,2021,pit,SP
21324,Parker Mushinski,P,0.21170000731945038,0.16769999265670776,1.0,0.0,0.0,2.59104667082429,COL,2021,pit,SP
sa738945,Conor Harber,P,0.1754000037908554,0.1754000037908554,1.0,0.0,0.0,2.3477800175547605,,2021,pit,SP
sa658287,Ronald Peña,P,1.0,0.0,1.0,0.0,0.0,3.478800094127655,,2021,pit,RP
sa503437,Sam Wolff,P,1.0,0.0,1.0,0.0,0.0,3.925726652145386,,2021,pit,RP
20531,Kutter Crawford,P,0.1754000037908554,0.1754000037908554,1.0,0.0,0.0,2.4626931816339495,BOS,2021,pit,SP
6832,Sam Freeman,P,1.0,0.0,1.0,0.0,0.0,3.4055533394217496,,2021,pit,RP
10946,Josh A. Smith,P,0.9373000264167786,0.013299999758601189,1.0,0.0,0.0,3.612200000137091,,2021,pit,RP
16166,Chandler Shepherd,P,0.4788999855518341,0.11089999973773956,1.0,0.0,0.0,2.933573380112648,,2021,pit,RP
18105,Ryan Meisinger,P,1.0,0.0,1.0,0.0,0.0,3.7273132570087912,,2021,pit,RP
11449,Matt Grace,P,1.0,0.0,1.0,0.0,0.0,3.075886834412813,,2021,pit,RP
13144,Frank Garces,P,0.1754000037908554,0.1754000037908554,1.0,0.0,0.0,2.2732532732188706,,2021,pit,SP
sa736624,Jhoan Quijada,P,0.34529998898506165,0.13930000364780426,1.0,0.0,0.0,2.524373312294483,,2021,pit,RP
7108,Pat Venditte,P,1.0,0.0,1.0,0.0,0.0,3.4417800962924954,,2021,pit,RP
sa657710,Harold Arauz,P,0.218299999833107,0.1662999987602234,1.0,0.0,0.0,2.3213331617414945,,2021,pit,SP
559,Hector Ambriz,P,0.1754000037908554,0.1754000037908554,1.0,0.0,0.0,2.173226874321699,,2021,pit,SP
3319,Arturo Lopez,P,0.1754000037908554,0.1754000037908554,1.0,0.0,0.0,2.182460052520036,,2021,pit,SP
18186,James Naile,P,0.19609999656677246,0.17110000550746918,1.0,0.0,0.0,2.464653372764588,,2021,pit,SP
16513,Nick Gardewine,P,1.0,0.0,1.0,0.0,0.0,3.6152133159339432,,2021,pit,RP
11012,Kevin Shackelford,P,1.0,0.0,1.0,0.0,0.0,3.5612599968910224,,2021,pit,RP
8073,Dan Jennings,P,1.0,0.0,1.0,0.0,0.0,3.421986815333367,,2021,pit,RP
sa918190,Spencer Jones,P,0.1754000037908554,0.1754000037908554,1.0,0.0,0.0,2.2302333727478976,,2021,pit,SP
24494,Simeon Woods Richardson,P,0.1754000037908554,0.1754000037908554,1.0,0.0,0.0,2.3522531636059285,MIN,2021,pit,SP
16980,Daniel Mengden,P,0.7328000068664551,0.0568000003695488,1.0,0.0,0.0,2.907446608692408,,2021,pit,RP
sa874187,Wyatt Short,P,1.0,0.0,1.0,0.0,0.0,3.6284534730017186,,2021,pit,RP
sa3005351,Christian Pedrol,P,0.3321000039577484,0.1421000063419342,1.0,0.0,0.0,2.6282065503299243,SEA,2021,pit,RP
1483,Jon Edwards,P,1.0,0.0,1.0,0.0,0.0,3.6913599334657192,,2021,pit,RP
1726,Jose Valverde,P,1.0,0.0,1.0,0.0,0.0,3.446606500446797,,2021,pit,RP
sa738389,Dillon McNamara,P,1.0,0.0,1.0,0.0,0.0,3.597366565465927,,2021,pit,RP
sa547829,Claudio Custodio,P/SS,0.569599986076355,0.09160000085830688,1.0,0.0,0.0,2.466653350740671,,2021,pit,RP
sa828705,Andrew Morales,P,1.0,0.0,1.0,0.0,0.0,3.6503601022064687,,2021,pit,RP
24933,Andrew Wantz,P,0.23729999363422394,0.1623000055551529,1.0,0.0,0.0,2.449086625128985,TBR,2021,pit,SP
sa503583,Jose A. Flores,P,0.3089999854564667,0.1469999998807907,1.0,0.0,0.0,2.5276468768715863,,2021,pit,RP
sa599520,Bennett Parry,P,0.1754000037908554,0.1754000037908554,1.0,0.0,0.0,2.289766445755959,,2021,pit,SP
sa918327,Christian James,P,0.19850000739097595,0.1704999953508377,1.0,0.0,0.0,2.2188532650470734,,2021,pit,SP
sa738690,Nick Green,P,0.19609999656677246,0.17110000550746918,1.0,0.0,0.0,2.2003600187599663,,2021,pit,SP
sa3008630,Tim Brennan,P,0.1754000037908554,0.1754000037908554,1.0,0.0,0.0,1.9293132156133654,,2021,pit,SP
10796,Josh Edgin,P,1.0,0.0,1.0,0.0,0.0,3.7903266660869126,,2021,pit,RP
16209,Jake Reed,P,0.9158999919891357,0.017899999395012856,1.0,0.0,0.0,3.4656332992017274,,2021,pit,RP
sa3007624,Tommy Parsons,P,4.0,0.0,4.0,0.0,0.6348000168800354,16.478939720988276,,2021,pit,RP
sa548243,Yordy Cabrera,P/SS,0.6948999762535095,0.0649000033736229,1.0,0.0,0.0,3.0761999092996124,,2021,pit,RP
19981,Jeremy Walker,P,1.0,0.0,1.0,0.0,0.0,3.3601000085473065,,2021,pit,RP
sa873686,Tyler Zombro,P,0.7741000056266785,0.04809999838471413,1.0,0.0,0.0,3.422406768798828,,2021,pit,RP
sa507213,Emmanuel De Leon,P,0.5184999704360962,0.10249999910593033,1.0,0.0,0.0,2.9154601499438293,,2021,pit,RP
sa884740,Anthony Marzi,P,0.28349998593330383,0.1525000035762787,1.0,0.0,0.0,2.490166579186916,,2021,pit,SP
13483,Connor Sadzeck,P,1.0,0.0,1.0,0.0,0.0,3.612466887384653,,2021,pit,RP
7059,James Shields,P,0.17790000140666962,0.17489999532699585,1.0,0.0,0.0,2.284493375569582,,2021,pit,SP
5867,Danny Salazar,P,0.1754000037908554,0.1754000037908554,1.0,0.0,0.0,2.2438598223030564,,2021,pit,SP
13048,Hisashi Iwakuma,P,0.1754000037908554,0.1754000037908554,1.0,0.0,0.0,2.160699877142906,,2021,pit,SP
21241,Jonathan Bermúdez,P,0.3709000051021576,0.1339000016450882,1.0,0.0,0.0,2.870226670056581,,2021,pit,RP
6317,Esmil Rogers,P,0.1754000037908554,0.1754000037908554,1.0,0.0,0.0,2.1966398201882846,,2021,pit,SP
19582,Brandon Bailey,P,1.0,0.0,1.0,0.0,0.0,3.201766654103995,CHW,2021,pit,RP
9490,Jeremy Jeffress,P,1.0,0.0,1.0,0.0,0.0,3.5462998330593107,,2021,pit,RP
16432,Foster Griffin,P,1.0,0.0,1.0,0.0,0.0,3.259253281354905,WSN,2021,pit,RP
13276,Matt Carasiti,P,0.6305999755859375,0.07859999686479568,1.0,0.0,0.0,3.29601341560483,,2021,pit,RP
19835,Gerson Garabito,P,0.1754000037908554,0.1754000037908554,1.0,0.0,0.0,2.646299914270639,MIL,2021,pit,SP
sa875183,Bubba Derby,P,0.25049999356269836,0.15950000286102295,1.0,0.0,0.0,2.5314600810408594,,2021,pit,SP
14655,Konner Wade,P,0.2199999988079071,0.16599999368190765,1.0,0.0,0.0,2.224886772036553,,2021,pit,SP
sa829216,Jean Cosme,P,0.906000018119812,0.019999999552965164,1.0,0.0,0.0,3.3209865935146814,,2021,pit,RP
sa3007811,Trent Fennell,P,0.7426999807357788,0.05469999834895134,1.0,0.0,0.0,2.5942331485450274,,2021,pit,RP
16687,Dean Deetz,P,1.0,0.0,1.0,0.0,0.0,3.7982065014541146,,2021,pit,RP
sa829565,Turner Larkins,P,0.28679999709129333,0.1518000066280365,1.0,0.0,0.0,2.434226686507464,,2021,pit,SP
6984,Luis García,P,0.9010999798774719,0.0210999995470047,1.0,0.0,0.0,3.386546541750431,NYM,2021,pit,RP
sa827463,Brian Clark,P,1.0,0.0,1.0,0.0,0.0,3.5538800567388535,,2021,pit,RP
13654,Jharel Cotton,P,0.1754000037908554,0.1754000037908554,1.0,0.0,0.0,2.2590932965278623,,2021,pit,SP
sa3004097,Holden Capps,P,1.0,0.0,1.0,0.0,0.0,3.450280175358057,,2021,pit,RP
18306,Taylor Guilbeau,P,1.0,0.0,1.0,0.0,0.0,3.4698197685182097,,2021,pit,RP
sa875720,Austin Mason,P,0.8300999999046326,0.03610000014305115,1.0,0.0,0.0,3.3114865660667423,,2021,pit,RP
sa659283,Justin Dillon,P,0.2223999947309494,0.16539999842643738,1.0,0.0,0.0,2.540680045634508,,2021,pit,SP
sa3004102,Gavin Wallace,P,0.34610000252723694,0.13910000026226044,1.0,0.0,0.0,2.3128798186779025,,2021,pit,RP
sa3007906,Ryan Conroy,P,0.2150000035762787,0.16699999570846558,1.0,0.0,0.0,1.7433667644858355,,2021,pit,SP
sa3003988,John Parke,P,0.1754000037908554,0.1754000037908554,1.0,0.0,0.0,1.9566933542490008,,2021,pit,SP
sa3004455,Fred Schlichtholz,P,0.8853999972343445,0.024399999529123306,1.0,0.0,0.0,3.504833284765482,,2021,pit,RP
sa658377,David Hill,P,0.1754000037908554,0.1754000037908554,1.0,0.0,0.0,1.4662131682038306,,2021,pit,SP
23095,Jake Wong,P,0.1754000037908554,0.1754000037908554,1.0,0.0,0.0,2.526266793906689,,2021,pit,SP
sa828523,Abdiel Saldana,P,0.23319999873638153,0.1632000058889389,1.0,0.0,0.0,2.321826868504286,,2021,pit,SP
7196,Greg Holland,P,58.0,0.0,58.0,15.58899974822998,8.054300308227539,316.7311792850495,,2021,pit,RP
sa3007926,Tim Cate,P,4.0,0.0,4.0,0.0,0.72079998254776,15.426179519295694,,2021,pit,RP
19874,Alex Faedo,P,0.1754000037908554,0.1754000037908554,1.0,0.0,0.0,2.4846267156302937,,2021,pit,SP
19865,Charlie Barnes,P,0.18199999630451202,0.17399999499320984,1.0,0.0,0.0,2.4127931818366046,CHC,2021,pit,SP
sa597505,Angel Ventura,P,0.7204999923706055,0.05950000137090683,1.0,0.0,0.0,3.2018132843077187,,2021,pit,RP
sa328299,Orlando Lara,P,0.1754000037908554,0.1754000037908554,1.0,0.0,0.0,2.2541064567863947,,2021,pit,SP
sa658605,Matt Tenuta,P,0.8747000098228455,0.02669999934732914,1.0,0.0,0.0,3.351639883220196,,2021,pit,RP
sa658929,Jon Harris,P,0.21170000731945038,0.16769999265670776,1.0,0.0,0.0,2.2874398522078994,,2021,pit,SP
7024,Miguel González,P,0.1754000037908554,0.1754000037908554,1.0,0.0,0.0,2.1407666273415096,CHW,2021,pit,SP
sa3007265,Cody Tyler,P,1.0,0.0,1.0,0.0,0.0,3.5610999137163164,,2021,pit,RP
sa738366,Matt Pierpont,P,1.0,0.0,1.0,0.0,0.0,3.6257066883146765,,2021,pit,RP
sa708969,Evan Mitchell,P,0.31150001287460327,0.14650000631809235,1.0,0.0,0.0,2.4294134460389616,CLE,2021,pit,RP
15792,Rob Kaminsky,P,1.0,0.0,1.0,0.0,0.0,3.6012801565229897,,2021,pit,RP
14510,Thyago Vieira,P,1.0,0.0,1.0,0.0,0.0,3.616486632823944,,2021,pit,RP
sa739569,Luis Ysla,P,0.23319999873638153,0.1632000058889389,1.0,0.0,0.0,2.53898650482297,,2021,pit,SP
sa918295,Matt Dennis,P,0.24469999969005585,0.1606999933719635,1.0,0.0,0.0,1.5981265962123872,,2021,pit,SP
sa549495,Tyler Jones,P,1.0,0.0,1.0,0.0,0.0,3.5622533708810806,,2021,pit,RP
16348,Gabriel Moya,P,0.8409000039100647,0.033900000154972076,1.0,0.0,0.0,3.40544001609087,,2021,pit,RP
sa738946,Parker Bugg,P,1.0,0.0,1.0,0.0,0.0,3.7649264656007295,,2021,pit,RP
7853,Andrew Albers,P,0.3700000047683716,0.1340000033378601,1.0,0.0,0.0,2.65059327557683,,2021,pit,RP
15239,Alan Busenitz,P,1.0,0.0,1.0,0.0,0.0,3.5410733550786975,,2021,pit,RP
sa828724,Alejandro Requena,P,0.19110000133514404,0.1720999926328659,1.0,0.0,0.0,2.5704801172018055,,2021,pit,SP
sa883710,Jhonatan German,P,1.0,0.0,1.0,0.0,0.0,3.271753100305796,,2021,pit,RP
14272,Brian Johnson,P,0.5299999713897705,0.10000000149011612,1.0,0.0,0.0,2.8625531673431395,,2021,pit,RP
15570,Troy Scribner,P,0.1754000037908554,0.1754000037908554,1.0,0.0,0.0,2.3079133674502375,,2021,pit,SP
10620,Donn Roach,P,1.0,0.0,1.0,0.0,0.0,3.1928600497543815,,2021,pit,RP
19518,Tanner Tully,P,0.1754000037908554,0.1754000037908554,1.0,0.0,0.0,2.2018532373011106,,2021,pit,SP
sa737042,Wendolyn Bautista,P,0.3666999936103821,0.1347000002861023,1.0,0.0,0.0,2.569526729732752,,2021,pit,RP
14741,Tyler Olson,P,1.0,0.0,1.0,0.0,0.0,3.538946574181319,,2021,pit,RP
17466,Heath Fillmyer,P,0.557200014591217,0.094200000166893,1.0,0.0,0.0,2.8976066052913665,,2021,pit,RP
sa829586,Corey Walter,P,0.4368000030517578,0.11980000138282776,1.0,0.0,0.0,2.5519201859831813,,2021,pit,RP
sa602658,Jordan Johnson,P,0.1754000037908554,0.1754000037908554,1.0,0.0,0.0,2.2932801075279707,,2021,pit,SP
sa598115,Ian Gardeck,P,1.0,0.0,1.0,0.0,0.0,3.5467932961881163,,2021,pit,RP
12673,Roenis Elías,P,1.0,0.0,1.0,0.0,0.0,3.5339199990034103,,2021,pit,RP
23443,Tom Cosgrove,P,0.1754000037908554,0.1754000037908554,1.0,0.0,0.0,2.295846650749445,HOU,2021,pit,SP
11928,David Rollins,P,1.0,0.0,1.0,0.0,0.0,3.4190868057310584,,2021,pit,RP
sa550714,Johendí Jiminian,P,0.33709999918937683,0.14110000431537628,1.0,0.0,0.0,2.459646473824978,,2021,pit,RP
3950,Matt Magill,P,1.0,0.0,1.0,0.0,0.0,3.286059944331646,,2021,pit,RP
sa709715,José López,P,0.2240999937057495,0.16509999334812164,1.0,0.0,0.0,2.425386694073677,,2021,pit,SP
7293,Brad Ziegler,P,1.0,0.0,1.0,0.0,0.0,3.209613216668368,,2021,pit,RP
8739,Daniel Schlereth,P,1.0,0.0,1.0,0.0,0.0,3.811306459456682,,2021,pit,RP
12317,Colin Rea,P,0.6858000159263611,0.06679999828338623,1.0,0.0,0.0,3.085153356194496,CHC,2021,pit,RP
5157,Walter Silva,P,0.1754000037908554,0.1754000037908554,1.0,0.0,0.0,2.0388466574251654,,2021,pit,SP
11137,Mike Bolsinger,P,0.4878999888896942,0.10890000313520432,1.0,0.0,0.0,2.8096933230757717,,2021,pit,RP
12580,Adam Morgan,P,1.0,0.0,1.0,0.0,0.0,3.5432668291032314,,2021,pit,RP
sa503702,David Holman,P,0.3939000070095062,0.12890000641345978,1.0,0.0,0.0,1.7453001305460938,,2021,pit,RP
16201,Justin Anderson,P,1.0,0.0,1.0,0.0,0.0,3.63466008156538,,2021,pit,RP
sa602627,John Gorman,P,0.9125999808311462,0.01860000006854534,1.0,0.0,0.0,3.3528864435851577,,2021,pit,RP
10587,Chad Bettis,P,0.8277000188827515,0.03669999912381172,1.0,0.0,0.0,3.022553119808436,,2021,pit,RP
2951,Josh Ravin,P,1.0,0.0,1.0,0.0,0.0,3.6254599273204806,,2021,pit,RP
18332,Eric Hanhold,P,1.0,0.0,1.0,0.0,0.0,3.6286932133138183,,2021,pit,RP
24937,Austin Warren,P,1.0,0.0,1.0,0.0,0.0,3.471593315154314,NYM,2021,pit,RP
3895,Enrique Burgos,P,1.0,0.0,1.0,0.0,0.0,3.68388661518693,,2021,pit,RP
sa918491,Adam Atkins,P,1.0,0.0,1.0,0.0,0.0,3.505006631463766,,2021,pit,RP
sa508060,Jorge Castillo,P,0.18950000405311584,0.17249999940395355,1.0,0.0,0.0,2.2110465057194233,,2021,pit,SP
sa874215,Thomas Burrows,P,3.0,0.0,3.0,0.0,0.6847000122070312,13.603439861536028,,2021,pit,RP
3959,David Carpenter,P,1.0,0.0,1.0,0.0,0.0,3.494419930875302,,2021,pit,RP
11776,Angel Sánchez,P,1.0,0.0,1.0,0.0,0.0,3.4398133747279647,,2021,pit,RP
14932,Ben Lively,P,1.0,0.0,1.0,0.0,0.0,3.5451199203729633,CLE,2021,pit,RP
sa874231,Logan Salow,P,0.8737999796867371,0.026799999177455902,1.0,0.0,0.0,3.4871932633221157,,2021,pit,RP
sa3002777,Jacob Patterson,P,0.925000011920929,0.01600000075995922,1.0,0.0,0.0,3.625639943033457,,2021,pit,RP
sa915665,Simon Mathews,P,0.7146999835968018,0.06069999933242798,1.0,0.0,0.0,2.9495132640004162,,2021,pit,RP
14416,Yunior Marte,P,1.0,0.0,1.0,0.0,0.0,3.8166267007589343,CIN,2021,pit,RP
19311,Reggie McClain,P,1.0,0.0,1.0,0.0,0.0,3.04997338578105,,2021,pit,RP
17748,Brody Koerner,P,0.2150000035762787,0.16699999570846558,1.0,0.0,0.0,2.2050733871757986,,2021,pit,SP
8580,Justin Miller,P,1.0,0.0,1.0,0.0,0.0,3.4177800446748736,,2021,pit,RP
15033,Kyle Crockett,P,1.0,0.0,1.0,0.0,0.0,3.471906613558531,ARI,2021,pit,RP
sa874155,Zac Houston,P,0.9307000041007996,0.014700000174343586,1.0,0.0,0.0,3.5824332714080813,,2021,pit,RP
13780,Daniel Stumpf,P,1.0,0.0,1.0,0.0,0.0,3.5457067690789703,,2021,pit,RP
sa920823,Adams Cuevas,P,1.0,0.0,1.0,0.0,0.0,3.487393286824227,,2021,pit,RP
sa3007274,JJ Santa Cruz,P,1.0,0.0,1.0,0.0,0.0,3.731893349438906,,2021,pit,RP
14665,Jandel Gustave,P,1.0,0.0,1.0,0.0,0.0,3.7154599115252496,,2021,pit,RP
20476,Peter Solomon,P,0.1754000037908554,0.1754000037908554,1.0,0.0,0.0,2.4029667772352696,,2021,pit,SP
sa471754,Robert Zárate,P,0.6570000052452087,0.0729999989271164,1.0,0.0,0.0,3.2015933327376844,,2021,pit,RP
14874,Sam Moll,P,1.0,0.0,1.0,0.0,0.0,3.558799867331982,CIN,2021,pit,RP
16106,Cy Sneed,P,1.0,0.0,1.0,0.0,0.0,3.598766652494669,,2021,pit,RP
21183,Humberto Castellanos,P,1.0,0.0,1.0,0.0,0.0,3.4894933782517907,,2021,pit,RP
sa3006766,Jake Lee,P,0.25049999356269836,0.15950000286102295,1.0,0.0,0.0,2.2555732578039174,,2021,pit,SP
sa393198,Luis Vasquez,P,0.8837000131607056,0.024700000882148743,1.0,0.0,0.0,3.5009666576981546,,2021,pit,RP
23335,Joey Cantillo,P,0.1754000037908554,0.1754000037908554,1.0,0.0,0.0,2.459806524217129,CLE,2021,pit,SP
sa830278,Randy Valladares,P,1.0,0.0,1.0,0.0,0.0,3.4794732578098775,,2021,pit,RP
sa3002591,Romario Gil,P,0.2892000079154968,0.15119999647140503,1.0,0.0,0.0,2.381073564291001,,2021,pit,SP
18318,Jacob Waguespack,P,1.0,0.0,1.0,0.0,0.0,3.435193291306496,MIL,2021,pit,RP
sa658941,Joe Shaw,P,0.7386000156402588,0.05559999868273735,1.0,0.0,0.0,3.339646777510643,,2021,pit,RP
7655,Wilfredo Boscan,P,0.8384000062942505,0.03440000116825104,1.0,0.0,0.0,2.9232133686542516,,2021,pit,RP
4424,Jonathon Niese,P,0.2768999934196472,0.15389999747276306,1.0,0.0,0.0,2.242000067234039,,2021,pit,SP
sa684104,Elniery García,P,0.3824000060558319,0.131400004029274,1.0,0.0,0.0,2.5459532923996453,,2021,pit,RP
7385,Dan Otero,P,1.0,0.0,1.0,0.0,0.0,3.0274931095540523,,2021,pit,RP
14764,Wes Parsons,P,1.0,0.0,1.0,0.0,0.0,3.4144735224545006,,2021,pit,RP
sa918951,Brian Keller,P,0.1754000037908554,0.1754000037908554,1.0,0.0,0.0,2.16819316148758,,2021,pit,SP
sa857614,Seth McGarry,P,0.5200999975204468,0.10209999978542328,1.0,0.0,0.0,2.790753500163555,,2021,pit,RP
12360,Kevin Quackenbush,P,1.0,0.0,1.0,0.0,0.0,3.5154665187001233,,2021,pit,RP
4090,Luke Gregerson,P,1.0,0.0,1.0,0.0,0.0,3.2909331999719145,,2021,pit,RP
sa3006801,Matt Frisbee,P,0.20589999854564667,0.1688999980688095,1.0,0.0,0.0,2.6665665261447424,,2021,pit,SP
20348,Riley O'Brien,P,0.20509999990463257,0.16910000145435333,1.0,0.0,0.0,2.761060203611851,STL,2021,pit,SP
12691,Tyler Wilson,P,0.6776000261306763,0.06859999895095825,1.0,0.0,0.0,2.8815666757524014,,2021,pit,RP
sa913084,Matt Milburn,P,0.18199999630451202,0.17399999499320984,1.0,0.0,0.0,2.3390202052891262,,2021,pit,SP
4004,Josh Outman,P,0.19359999895095825,0.17159999907016754,1.0,0.0,0.0,2.310180158168077,WSN,2021,pit,SP
19646,Kyle Hart,P,0.3255000114440918,0.14350000023841858,1.0,0.0,0.0,2.3322133377194407,SDP,2021,pit,RP
sa736656,Gerson Moreno,P,0.20180000364780426,0.16979999840259552,1.0,0.0,0.0,2.4350398756563663,STL,2021,pit,SP
sa3007778,Ryan Weiss,P,0.1754000037908554,0.1754000037908554,1.0,0.0,0.0,2.1807200349867344,HOU,2021,pit,SP
13699,Jake Faria,P,1.0,0.0,1.0,0.0,0.0,3.4698132477700705,,2021,pit,RP
sa915630,Ryan Nutof,P,1.0,0.0,1.0,0.0,0.0,3.1557066008448604,,2021,pit,RP
3840,Zach Duke,P,1.0,0.0,1.0,0.0,0.0,3.368813089281321,,2021,pit,RP
4858,Ryan Kelly,P,1.0,0.0,1.0,0.0,0.0,3.423213232308626,,2021,pit,RP
sa835895,Alexander Vargas,P,0.23070000112056732,0.16369999945163727,1.0,0.0,0.0,2.1463268518447878,,2021,pit,SP
sa657917,Marcos Molina,P,0.18619999289512634,0.17319999635219574,1.0,0.0,0.0,2.155119954049587,,2021,pit,SP
15094,Rob Zastryzny,P,1.0,0.0,1.0,0.0,0.0,3.3906999051570894,MIL,2021,pit,RP
21298,Andre Jackson,P,0.1754000037908554,0.1754000037908554,1.0,0.0,0.0,2.296119914203882,,2021,pit,SP
24282,Kai-Wei Teng,P,0.18860000371932983,0.17260000109672546,1.0,0.0,0.0,2.4926000952720644,HOU,2021,pit,SP
23875,Omar Cruz,P,0.1754000037908554,0.1754000037908554,1.0,0.0,0.0,2.2246066756546496,SDP,2021,pit,SP
sa917999,Dauris Valdez,P,1.0,0.0,1.0,0.0,0.0,3.667806465178728,,2021,pit,RP
9559,Austin Bibens-Dirkx,P,0.3765999972820282,0.13259999454021454,1.0,0.0,0.0,2.490646685659886,,2021,pit,RP
16266,A.J. Ladwig,P,0.18950000405311584,0.17249999940395355,1.0,0.0,0.0,2.2224400542676443,,2021,pit,SP
20462,Bryan Sammons,P,0.18289999663829803,0.17389999330043793,1.0,0.0,0.0,2.444306858628989,DET,2021,pit,SP
sa914407,Jon Kennedy,P,1.0,0.0,1.0,0.0,0.0,3.4130732946097853,,2021,pit,RP
11691,Tayron Guerrero,P,1.0,0.0,1.0,0.0,0.0,3.544033413380385,BOS,2021,pit,RP
12790,Raúl Alcántara,P,0.4846000075340271,0.1096000000834465,1.0,0.0,0.0,2.589080151170492,,2021,pit,RP
sa918378,Reid Anderson,P,0.1754000037908554,0.1754000037908554,1.0,0.0,0.0,1.9635933548212057,TEX,2021,pit,SP
7558,Fernando Rodriguez Jr.,P,1.0,0.0,1.0,0.0,0.0,3.575706741958857,,2021,pit,RP
16768,Montana DuRapau,P,0.8730000257492065,0.027000000700354576,1.0,0.0,0.0,3.670533201098442,,2021,pit,RP
20565,Jackson Tetreault,P,0.1754000037908554,0.1754000037908554,1.0,0.0,0.0,2.0222666732966896,,2021,pit,SP
sa738963,Frank Duncan,P,0.24390000104904175,0.16089999675750732,1.0,0.0,0.0,2.1508130766451363,,2021,pit,SP
110,Horacio Ramirez,P,0.8853999972343445,0.024399999529123306,1.0,0.0,0.0,3.114279891550541,,2021,pit,RP
14957,José Torres,P,1.0,0.0,1.0,0.0,0.0,3.503686658293009,,2021,pit,RP
13259,Louis Head,P,0.7889000177383423,0.04490000009536743,1.0,0.0,0.0,3.5554533004760747,,2021,pit,RP
sa739598,Daniel McGrath,P,0.29089999198913574,0.1509000062942505,1.0,0.0,0.0,2.536326672136784,,2021,pit,SP
13616,Taylor Guerrieri,P,1.0,0.0,1.0,0.0,0.0,3.6356066435575487,,2021,pit,RP
10835,Michael Mariot,P,1.0,0.0,1.0,0.0,0.0,3.3736800640821456,,2021,pit,RP
19482,Andrew Vasquez,P,1.0,0.0,1.0,0.0,0.0,3.654226482659579,,2021,pit,RP
3777,Felipe Paulino,P,1.0,0.0,1.0,0.0,0.0,3.5637065745890144,,2021,pit,RP
21310,Josh Maciejewski,P,0.20350000262260437,0.16949999332427979,1.0,0.0,0.0,2.232106747478247,,2021,pit,SP
9033,Jeanmar Gómez,P,1.0,0.0,1.0,0.0,0.0,3.2876265764236448,,2021,pit,RP
375,Bartolo Colon,P,0.2150000035762787,0.16699999570846558,1.0,0.0,0.0,1.8476335100829604,,2021,pit,SP
11350,Pat Dean,P,0.4690000116825104,0.11299999803304672,1.0,0.0,0.0,2.5166933394968516,,2021,pit,RP
sa3004106,Addison Russ,P,1.0,0.0,1.0,0.0,0.0,3.4898934252560143,,2021,pit,RP
5448,Jesse Chavez,P,1.0,0.0,1.0,0.0,0.0,3.3819798998534685,,2021,pit,RP
sa549733,Daniel Gibson,P,1.0,0.0,1.0,0.0,0.0,3.5784532748162747,,2021,pit,RP
sa918629,Eric Carter,P,1.0,0.0,1.0,0.0,0.0,3.4639933250844486,,2021,pit,RP
sa657658,Eduardo Vera,P,0.20919999480247498,0.16820000112056732,1.0,0.0,0.0,2.1548066616058352,,2021,pit,SP
sa3004602,Alex FaGalde,P,0.18289999663829803,0.17389999330043793,1.0,0.0,0.0,2.384126645326615,,2021,pit,SP
15066,Jaime Schultz,P,1.0,0.0,1.0,0.0,0.0,3.8616135127842433,,2021,pit,RP
sa504069,Gabriel Garcia,P,0.1754000037908554,0.1754000037908554,1.0,0.0,0.0,2.0909731589257716,,2021,pit,SP
sa3005259,Max Herrmann,P,0.2644999921321869,0.15649999678134918,1.0,0.0,0.0,2.259366635978222,,2021,pit,SP
12515,Taylor Hill,P,0.1754000037908554,0.1754000037908554,1.0,0.0,0.0,2.079346694052219,,2021,pit,SP
sa875616,Justin Donatella,P,0.30239999294281006,0.14839999377727509,1.0,0.0,0.0,2.530846840143204,,2021,pit,RP
20190,Chad Smith,P,1.0,0.0,1.0,0.0,0.0,2.833606664091349,,2021,pit,RP
13293,Danny Coulombe,P,1.0,0.0,1.0,0.0,0.0,3.6355999343097216,,2021,pit,RP
sa875845,Cameron Gann,P,1.0,0.0,1.0,0.0,0.0,3.60095345005393,,2021,pit,RP
sa917752,Jaison Vilera,P,0.19769999384880066,0.17069999873638153,1.0,0.0,0.0,2.43625321239233,,2021,pit,SP
sa503616,Nestor Molina,P,0.1754000037908554,0.1754000037908554,1.0,0.0,0.0,1.988300024718046,,2021,pit,SP
sa875197,Craig Brooks,P,1.0,0.0,1.0,0.0,0.0,3.6984535120427613,,2021,pit,RP
15258,Shane Carle,P,1.0,0.0,1.0,0.0,0.0,2.9834267340600498,,2021,pit,RP
11121,Casey Lawrence,P,1.0,0.0,1.0,0.0,0.0,3.252620020508766,SEA,2021,pit,RP
sa833631,Gustavo Armas,P,0.6148999929428101,0.08190000057220459,1.0,0.0,0.0,2.804693242162466,,2021,pit,RP
sa550079,Jake McCasland,P,0.34450000524520874,0.13950000703334808,1.0,0.0,0.0,2.397373522073031,,2021,pit,RP
sa546796,Dennis O'Grady,P,0.1754000037908554,0.1754000037908554,1.0,0.0,0.0,2.047420153021813,SDP,2021,pit,SP
20997,Eduard Bazardo,P,3.0,0.0,3.0,0.0,0.6876999735832214,12.896479973196985,SEA,2021,pit,RP
sa876264,Matt Walker,P,0.557200014591217,0.094200000166893,1.0,0.0,0.0,2.8392667070031172,,2021,pit,RP
sa885669,Jose Morban,P,0.2727000117301941,0.15469999611377716,1.0,0.0,0.0,2.6427067503333097,,2021,pit,SP
sa737842,Trevor Frank,P,1.0,0.0,1.0,0.0,0.0,3.4298066884279255,,2021,pit,RP
13485,Sam Tuivailala,P,0.9283000230789185,0.015300000086426735,1.0,0.0,0.0,3.2525933124125004,,2021,pit,RP
sa3004823,Jakob Hernandez,P,0.9192000031471252,0.01720000058412552,1.0,0.0,0.0,3.3960999295115473,,2021,pit,RP
sa599194,Joel Seddon,P,0.4772000014781952,0.1111999973654747,1.0,0.0,0.0,2.5760399870574475,,2021,pit,RP
15949,D.J. Snelten,P,1.0,0.0,1.0,0.0,0.0,3.3062532700598246,SDP,2021,pit,RP
7731,Juan Nicasio,P,1.0,0.0,1.0,0.0,0.0,3.4610867530107496,,2021,pit,RP
sa3004492,Danny Sexton,P,1.0,0.0,1.0,0.0,0.0,3.4352600768208505,,2021,pit,RP
sa736667,Michael Santos,P,0.5242000222206116,0.10119999945163727,1.0,0.0,0.0,2.598026674985886,,2021,pit,RP
sa657482,Jose Rafael De Paula,P,1.0,0.0,1.0,0.0,0.0,3.555233493447304,,2021,pit,RP
sa3004599,Joe Cavallaro,P,0.4846000075340271,0.1096000000834465,1.0,0.0,0.0,2.9772334732115264,,2021,pit,RP
sa738318,Ian McKinney,P,0.1754000037908554,0.1754000037908554,1.0,0.0,0.0,2.5277068756520755,,2021,pit,SP
sa3008577,Justin Lewis,P,0.18950000405311584,0.17249999940395355,1.0,0.0,0.0,2.336139898002148,CLE,2021,pit,SP
14353,Caleb Frare,P,1.0,0.0,1.0,0.0,0.0,3.634086770564318,,2021,pit,RP
15267,Jacob Rhame,P,1.0,0.0,1.0,0.0,0.0,3.5515867948532107,,2021,pit,RP
sa599215,Scott Squier,P,1.0,0.0,1.0,0.0,0.0,3.5482268042862417,,2021,pit,RP
sa917950,Travis MacGregor,P,0.1754000037908554,0.1754000037908554,1.0,0.0,0.0,2.049579992890358,NYY,2021,pit,SP
sa827491,Kevin McAvoy,P,0.2768999934196472,0.15389999747276306,1.0,0.0,0.0,2.4201468512415887,,2021,pit,SP
sa3007999,Tyler Jones,P,0.4648999869823456,0.11389999836683273,1.0,0.0,0.0,2.754479924589396,,2021,pit,RP
sa659063,Tyler Watson,P,1.0,0.0,1.0,0.0,0.0,3.372933346033097,,2021,pit,RP
sa915807,Dakota Mekkes,P,1.0,0.0,1.0,0.0,0.0,3.602580088376999,,2021,pit,RP
4697,Cesar Carrillo,P,0.23149999976158142,0.16349999606609344,1.0,0.0,0.0,2.1275732859969136,,2021,pit,SP
sa874139,Grant Dyer,P,1.0,0.0,1.0,0.0,0.0,3.3420465894043443,,2021,pit,RP
sa875301,Nicholas Economos,P,0.20430000126361847,0.16930000483989716,1.0,0.0,0.0,2.2443399339914323,,2021,pit,SP
sa709509,Chris Huffman,P,0.2653000056743622,0.15629999339580536,1.0,0.0,0.0,2.2632200606167316,,2021,pit,SP
1841,Edwin Jackson,P,0.3271999955177307,0.14319999516010284,1.0,0.0,0.0,2.4350598953664297,,2021,pit,RP
sa3004355,Zach Draper,P,0.3296000063419342,0.14259999990463257,1.0,0.0,0.0,2.4574400790035726,,2021,pit,RP
9832,Carlos Fisher,P,1.0,0.0,1.0,0.0,0.0,3.387286548316479,SDP,2021,pit,RP
sa875266,James Reeves,P,1.0,0.0,1.0,0.0,0.0,3.6279998339712622,,2021,pit,RP
sa658824,Bryan Bonnell,P,0.9240999817848206,0.016100000590085983,1.0,0.0,0.0,3.085800073295831,,2021,pit,RP
17281,Thomas Pannone,P,0.7213000059127808,0.059300001710653305,1.0,0.0,0.0,3.0471865884959697,MIL,2021,pit,RP
21345,Bennett Sousa,P,1.0,0.0,1.0,0.0,0.0,3.3052067339420326,HOU,2021,pit,RP
sa658577,Chris Nunn,P,1.0,0.0,1.0,0.0,0.0,3.5368599183857445,,2021,pit,RP
sa918944,Sean Isaac,P,0.515999972820282,0.10300000011920929,1.0,0.0,0.0,2.939733523130417,,2021,pit,RP
sa3006991,Perry DellaValle,P,0.18369999527931213,0.1737000048160553,1.0,0.0,0.0,2.063466723263264,,2021,pit,SP
sa3007490,C.J. Carter,P,1.0,0.0,1.0,0.0,0.0,3.578546755760908,,2021,pit,RP
sa3007455,Brady Feigl,P,0.18860000371932983,0.17260000109672546,1.0,0.0,0.0,2.3409000471234322,,2021,pit,SP
13395,Damien Magnifico,P,1.0,0.0,1.0,0.0,0.0,3.4724000826478005,,2021,pit,RP
sa918447,Jonathan Hennigan,P,1.0,0.0,1.0,0.0,0.0,3.314466675370932,,2021,pit,RP
21446,Ryan Feltner,P,0.1754000037908554,0.1754000037908554,1.0,0.0,0.0,1.3240201622247696,COL,2021,pit,SP
sa3004341,Evan Kruczynski,P,4.0,0.0,4.0,0.0,0.6348000168800354,16.680520039796832,,2021,pit,RP
17126,Jerry Vasto,P,1.0,0.0,1.0,0.0,0.0,3.4404666997492312,,2021,pit,RP
sa857696,Nathan Bannister,P,0.21170000731945038,0.16769999265670776,1.0,0.0,0.0,2.1089532643556597,,2021,pit,SP
17526,Aríel Miranda,P,0.1754000037908554,0.1754000037908554,1.0,0.0,0.0,2.253633473068476,,2021,pit,SP
sa3004320,Vincenzo Aiello,P,1.0,0.0,1.0,0.0,0.0,3.4173000663518907,,2021,pit,RP
4080,Dan Runzler,P,1.0,0.0,1.0,0.0,0.0,3.4269467279315,,2021,pit,RP
sa829717,Spencer Herrmann,P,0.5539000034332275,0.09489999711513519,1.0,0.0,0.0,3.0136133700609204,SEA,2021,pit,RP
sa455628,Leuris Gomez,P/3B,0.1754000037908554,0.1754000037908554,1.0,0.0,0.0,1.9626198023557664,,2021,pit,SP
sa3002790,Gerardo Carrillo,P,0.19110000133514404,0.1720999926328659,1.0,0.0,0.0,2.164726729691029,ARI,2021,pit,SP
20631,Jordan Holloway,P,14.0,0.0,14.0,0.0,0.6366000175476074,54.579360485076926,LAA,2021,pit,RP
sa3005028,Ethan Lindow,P,0.2694000005722046,0.15539999306201935,1.0,0.0,0.0,2.215046564489603,,2021,pit,SP
4279,Manny Parra,P,0.8475000262260437,0.032499998807907104,1.0,0.0,0.0,3.1590132765471934,,2021,pit,RP
sa3007837,Matt Mercer,P,0.18289999663829803,0.17389999330043793,1.0,0.0,0.0,2.330406697094441,,2021,pit,SP
5535,Phil Coke,P,1.0,0.0,1.0,0.0,0.0,3.31483323276043,,2021,pit,RP
13607,Carl Edwards Jr.,P,1.0,0.0,1.0,0.0,0.0,3.720439924299717,NYM,2021,pit,RP
5985,Randall Delgado,P,1.0,0.0,1.0,0.0,0.0,3.278886583447456,,2021,pit,RP
23150,Osvaldo Bido,P,0.1754000037908554,0.1754000037908554,1.0,0.0,0.0,1.9435799732804298,NYY,2021,pit,SP
sa657871,Walker Weickel,P,0.9125999808311462,0.01860000006854534,1.0,0.0,0.0,2.8833268068730833,,2021,pit,RP
11266,Lisalverto Bonilla,P,0.5349000096321106,0.09889999777078629,1.0,0.0,0.0,2.3064265310764314,,2021,pit,RP
sa3006990,Bryan Menendez,P,0.9217000007629395,0.016699999570846558,1.0,0.0,0.0,3.452613291144371,,2021,pit,RP
sa975541,Osvaldo Hernandez,P,0.20350000262260437,0.16949999332427979,1.0,0.0,0.0,2.1990531854331494,,2021,pit,SP
sa917861,Andres Sotillet,P,0.670199990272522,0.07020000368356705,1.0,0.0,0.0,2.8395532608032226,,2021,pit,RP
sa3007721,Josh Roberson,P,0.1754000037908554,0.1754000037908554,1.0,0.0,0.0,2.181606661528349,,2021,pit,SP
19550,Adam McCreery,P,1.0,0.0,1.0,0.0,0.0,3.464246638119221,,2021,pit,RP
sa578783,Lindsey Caughel,P,0.5514000058174133,0.09539999812841415,1.0,0.0,0.0,2.760233402252197,,2021,pit,RP
sa501947,Jorge Reyes,P,0.2150000035762787,0.16699999570846558,1.0,0.0,0.0,2.0547732226550584,,2021,pit,SP
24975,Cooper Criswell,P,0.20589999854564667,0.1688999980688095,1.0,0.0,0.0,1.9768067874014377,SEA,2021,pit,SP
sa833270,Mitchell Osnowitz,P,1.0,0.0,1.0,0.0,0.0,3.3574865639209746,,2021,pit,RP
sa656043,Alfred Gutierrez,P,0.18199999630451202,0.17399999499320984,1.0,0.0,0.0,2.2459866262972357,,2021,pit,SP
sa3006771,Shelby Lackey,P,0.1754000037908554,0.1754000037908554,1.0,0.0,0.0,1.347793362289667,,2021,pit,SP
sa653446,Yuhei Nakaushiro,P,1.0,0.0,1.0,0.0,0.0,3.417140182852745,,2021,pit,RP
sa3003041,Noe Toribio,P,0.2215999960899353,0.1656000018119812,1.0,0.0,0.0,2.0374666422605516,,2021,pit,SP
sa918255,Andrew Brown,P,0.20679999887943268,0.1687999963760376,1.0,0.0,0.0,1.9401467092335225,,2021,pit,SP
sa857606,Jacob Evans,P,0.777400016784668,0.04740000143647194,1.0,0.0,0.0,3.077259954810143,,2021,pit,RP
sa3007713,Jack Perkins,P,0.2167000025510788,0.16670000553131104,1.0,0.0,0.0,2.0859667509794235,,2021,pit,SP
3599,Brian Schlitter,P,1.0,0.0,1.0,0.0,0.0,3.389913132041693,,2021,pit,RP
sa739706,Scott Harkin,P,0.20919999480247498,0.16820000112056732,1.0,0.0,0.0,2.0722198992967606,,2021,pit,SP
20209,Zach Muckenhirn,P,1.0,0.0,1.0,0.0,0.0,3.042593302577734,,2021,pit,RP
12963,Roberto Gómez,P,1.0,0.0,1.0,0.0,0.0,3.2748932629823684,,2021,pit,RP
4371,Jeremy Hellickson,P,0.2175000011920929,0.1665000021457672,1.0,0.0,0.0,2.076446659117938,,2021,pit,SP
sa876362,Braden Webb,P,0.18449999392032623,0.17350000143051147,1.0,0.0,0.0,2.331386569142341,,2021,pit,SP
sa603091,David Peterson,P,1.0,0.0,1.0,0.0,0.0,3.249673059582711,,2021,pit,RP
sa795710,Raul Carrillo,P,0.1754000037908554,0.1754000037908554,1.0,0.0,0.0,1.9110400192439552,,2021,pit,SP
23426,Max Lazar,P,0.29339998960494995,0.15039999783039093,1.0,0.0,0.0,2.374473311752081,PHI,2021,pit,SP
sa598307,Adam Choplick,P,1.0,0.0,1.0,0.0,0.0,3.4327999792993076,,2021,pit,RP
sa918623,Greg Belton,P,0.8325999975204468,0.035599999129772186,1.0,0.0,0.0,3.2121599458158014,,2021,pit,RP
11896,Enderson Franco,P,1.0,0.0,1.0,0.0,0.0,3.364206748455763,,2021,pit,RP
19357,Cody Sedlock,P,0.23319999873638153,0.1632000058889389,1.0,0.0,0.0,1.8390134036540986,,2021,pit,SP
sa876116,Adam Bray,P,0.5200999975204468,0.10209999978542328,1.0,0.0,0.0,2.7890065774321555,,2021,pit,RP
sa3007247,Brad Wilson,P,1.0,0.0,1.0,0.0,0.0,3.4138999029994017,TOR,2021,pit,RP
sa3005334,Matt Tabor,P,0.1754000037908554,0.1754000037908554,1.0,0.0,0.0,2.1614533357322214,,2021,pit,SP
11720,Justin Grimm,P,1.0,0.0,1.0,0.0,0.0,3.2485200308263305,,2021,pit,RP
11294,Zach Neal,P,1.0,0.0,1.0,0.0,0.0,3.102186919003725,,2021,pit,RP
6324,Al Alburquerque,P,1.0,0.0,1.0,0.0,0.0,3.0866596966981885,,2021,pit,RP
sa599160,Cole Wiper,P,1.0,0.0,1.0,0.0,0.0,3.280406914651394,,2021,pit,RP
sa736925,Dedgar Jimenez,P,0.33869999647140503,0.14069999754428864,1.0,0.0,0.0,2.4817066997289663,,2021,pit,RP
11754,Justin Nicolino,P,0.43849998712539673,0.11949999630451202,1.0,0.0,0.0,2.420246587693691,,2021,pit,RP
sa608348,Yoanner Negrin,P,0.1754000037908554,0.1754000037908554,1.0,0.0,0.0,1.957073380053043,,2021,pit,SP
sa857600,Matt Eckelman,P,0.9225000143051147,0.016499999910593033,1.0,0.0,0.0,3.1833000637590887,,2021,pit,RP
sa708442,Joe Broussard,P,0.864799976348877,0.02879999950528145,1.0,0.0,0.0,3.2422599799931047,,2021,pit,RP
sa748874,Jose Disla,P,0.5877000093460083,0.0877000018954277,1.0,0.0,0.0,2.8173800356686116,,2021,pit,RP
sa508496,Andres Ivan Meza,P,0.18449999392032623,0.17350000143051147,1.0,0.0,0.0,1.8859464935958385,,2021,pit,SP
sa502697,Jordan Harrison,P,1.0,0.0,1.0,0.0,0.0,3.367733328789473,,2021,pit,RP
10297,Chad Bell,P,1.0,0.0,1.0,0.0,0.0,3.3379400044679643,,2021,pit,RP
4300,Matt Albers,P,1.0,0.0,1.0,0.0,0.0,3.283859840780497,,2021,pit,RP
sa918085,Remey Reed,P,0.1754000037908554,0.1754000037908554,1.0,0.0,0.0,2.1693400248885153,,2021,pit,SP
sa738202,Matt Whitehouse,P,0.5993000268936157,0.08529999852180481,1.0,0.0,0.0,2.9014799915254117,,2021,pit,RP
24586,Kyle Bradish,P,0.22660000622272491,0.16459999978542328,1.0,0.0,0.0,1.7931000590324402,BAL,2021,pit,SP
4259,David Hernandez,P,1.0,0.0,1.0,0.0,0.0,3.4123000383377082,,2021,pit,RP
4759,Jonathan Broxton,P,1.0,0.0,1.0,0.0,0.0,3.33195348456502,,2021,pit,RP
sa503562,R.C. Orlan,P,1.0,0.0,1.0,0.0,0.0,3.3924134030938147,,2021,pit,RP
sa3008237,Rito Lugo,P,0.3361999988555908,0.1412000060081482,1.0,0.0,0.0,2.3258133031427866,,2021,pit,RP
19924,Bryan Hudson,P,0.20180000364780426,0.16979999840259552,1.0,0.0,0.0,2.0658067196607592,NYM,2021,pit,SP
5722,Josh Lueke,P,1.0,0.0,1.0,0.0,0.0,3.28258675634861,,2021,pit,RP
sa3005162,Frank Rubio,P,1.0,0.0,1.0,0.0,0.0,3.524773317575455,,2021,pit,RP
5332,Atahualpa Severino,P,1.0,0.0,1.0,0.0,0.0,3.4027264684438707,,2021,pit,RP
21894,Gregory Santos,P,0.1754000037908554,0.1754000037908554,1.0,0.0,0.0,2.260713358968497,SFG,2021,pit,SP
16668,James Bourque,P,1.0,0.0,1.0,0.0,0.0,3.5942133560776717,,2021,pit,RP
6688,Francisco Rodriguez,P,0.1754000037908554,0.1754000037908554,1.0,0.0,0.0,1.922513297200203,,2021,pit,SP
17489,Spenser Watkins,P,0.19519999623298645,0.1712000072002411,1.0,0.0,0.0,2.1617601886391635,,2021,pit,SP
14776,Brad Goldberg,P,1.0,0.0,1.0,0.0,0.0,3.455526539683342,,2021,pit,RP
10976,Ryan O'Rourke,P,1.0,0.0,1.0,0.0,0.0,3.460273392498493,,2021,pit,RP
sa3007609,Daniel Bies,P,0.421999990940094,0.12300000339746475,1.0,0.0,0.0,2.5324399285018444,,2021,pit,RP
16468,Trevor Oaks,P,0.45660001039505005,0.11559999734163284,1.0,0.0,0.0,2.36940646097064,,2021,pit,RP
sa915643,Mike Kaelin,P,0.41130000352859497,0.12530000507831573,1.0,0.0,0.0,2.5505267009139065,,2021,pit,RP
sa795280,Erasmo Pinales,P,1.0,0.0,1.0,0.0,0.0,3.487593223154545,,2021,pit,RP
sa550364,Dusty Isaacs,P,1.0,0.0,1.0,0.0,0.0,3.4101732395589353,,2021,pit,RP
sa875211,Tommy Bergjans,P,0.24639999866485596,0.16040000319480896,1.0,0.0,0.0,2.1392333388328555,,2021,pit,SP
sa875234,Grant Borne,P,0.24060000479221344,0.1615999937057495,1.0,0.0,0.0,2.1070534214377403,,2021,pit,SP
11716,Nick Tepesch,P,0.1754000037908554,0.1754000037908554,1.0,0.0,0.0,1.8498133301734927,,2021,pit,SP
sa3008135,Cooper Casad,P,1.0,0.0,1.0,0.0,0.0,3.2651666194200524,,2021,pit,RP
sa550022,John Fasola,P,1.0,0.0,1.0,0.0,0.0,3.2958865657448775,,2021,pit,RP
sa3008500,Levi Kelly,P,0.1754000037908554,0.1754000037908554,1.0,0.0,0.0,2.268266749382019,,2021,pit,SP
sa549808,Casey Harman,P,0.1754000037908554,0.1754000037908554,1.0,0.0,0.0,1.9771733246743675,,2021,pit,SP
sa875153,Jordan Guerrero,P,1.0,0.0,1.0,0.0,0.0,3.4619600623846054,,2021,pit,RP
12876,Tony Zych,P,1.0,0.0,1.0,0.0,0.0,3.283486466854811,,2021,pit,RP
sa856254,Ryan Mason,P,1.0,0.0,1.0,0.0,0.0,3.343973261117936,,2021,pit,RP
3656,Jim Johnson,P,0.982699990272522,0.003700000001117587,1.0,0.0,0.0,3.144566705077887,,2021,pit,RP
sa875209,Ian Oxnevad,P,0.21089999377727509,0.1678999960422516,1.0,0.0,0.0,2.1455334879457952,,2021,pit,SP
sa920102,Max Duval,P,0.25049999356269836,0.15950000286102295,1.0,0.0,0.0,2.207706632465124,,2021,pit,SP
sa549980,Ryan Halstead,P,0.5950999855995178,0.08609999716281891,1.0,0.0,0.0,3.0370467171072963,,2021,pit,RP
sa3004213,Alex Manasa,P,0.1754000037908554,0.1754000037908554,1.0,0.0,0.0,1.8435600332915785,,2021,pit,SP
sa829567,Dominic DeMasi,P,0.428600013256073,0.12160000205039978,1.0,0.0,0.0,2.5122867308557035,,2021,pit,RP
12905,Logan Verrett,P,1.0,0.0,1.0,0.0,0.0,3.194320151209831,,2021,pit,RP
22175,Max Kranick,P,0.1754000037908554,0.1754000037908554,1.0,0.0,0.0,1.8937532447278493,,2021,pit,SP
17861,Franklyn Kilome,P,1.0,0.0,1.0,0.0,0.0,3.626693384349347,,2021,pit,RP
sa829342,Luke Eubank,P,1.0,0.0,1.0,0.0,0.0,3.3400400392711167,,2021,pit,RP
9239,Alex Wilson,P,1.0,0.0,1.0,0.0,0.0,3.1254667386412622,,2021,pit,RP
sa598099,Jason Creasy,P,1.0,0.0,1.0,0.0,0.0,3.3280531540513043,,2021,pit,RP
9286,Rob Scahill,P,1.0,0.0,1.0,0.0,0.0,3.1789866127073765,,2021,pit,RP
sa913150,Collin Kober,P,1.0,0.0,1.0,0.0,0.0,3.551626732200384,,2021,pit,RP
sa875625,Anthony McIver,P,1.0,0.0,1.0,0.0,0.0,3.2920266352593903,,2021,pit,RP
sa875297,Jon Olczak,P,1.0,0.0,1.0,0.0,0.0,3.3148733511567117,,2021,pit,RP
sa837845,Luis Pena,P,1.0,0.0,1.0,0.0,0.0,3.4274331092834474,,2021,pit,RP
sa3004233,Durin O'Linger,P,0.5497999787330627,0.0957999974489212,1.0,0.0,0.0,2.7188798516988752,,2021,pit,RP
sa602907,David Sosebee,P,1.0,0.0,1.0,0.0,0.0,3.3583933219313624,,2021,pit,RP
sa738697,Connor Jones,P,1.0,0.0,1.0,0.0,0.0,3.379986809194089,,2021,pit,RP
14139,Miguel Almonte,P,1.0,0.0,1.0,0.0,0.0,3.2980066731572157,,2021,pit,RP
2170,Chad Qualls,P,1.0,0.0,1.0,0.0,0.0,3.1124600812792784,,2021,pit,RP
14101,Branden Kline,P,1.0,0.0,1.0,0.0,0.0,3.0630799025297164,,2021,pit,RP
18300,Andrew Suárez,P,1.0,0.0,1.0,0.0,0.0,3.273960053920746,,2021,pit,RP
sa3004657,Tony Dibrell,P,0.18860000371932983,0.17260000109672546,1.0,0.0,0.0,2.4155999012291436,,2021,pit,SP
sa529273,Logan Duran,P,0.2727000117301941,0.15469999611377716,1.0,0.0,0.0,2.1042667344212536,,2021,pit,SP
20205,Jeremy Beasley,P,1.0,0.0,1.0,0.0,0.0,3.5048333577811723,,2021,pit,RP
12751,Tyler Pill,P,0.3882000148296356,0.13019999861717224,1.0,0.0,0.0,2.302053429931402,,2021,pit,RP
sa918535,Tyler Erwin,P,1.0,0.0,1.0,0.0,0.0,2.8703531935811046,,2021,pit,RP
19341,Hector Velázquez,P,0.6776000261306763,0.06859999895095825,1.0,0.0,0.0,2.952306663990021,,2021,pit,RP
sa918513,Connor Eller,P,0.41290000081062317,0.12489999830722809,1.0,0.0,0.0,2.370559991151095,,2021,pit,RP
15306,Donnie Hart,P,1.0,0.0,1.0,0.0,0.0,3.089366578310728,,2021,pit,RP
sa737921,Jose Samayoa,P,0.1754000037908554,0.1754000037908554,1.0,0.0,0.0,1.9644801169633865,,2021,pit,SP
sa737001,Werner Leal,P,1.0,0.0,1.0,0.0,0.0,3.334466646611691,,2021,pit,RP
7501,Tommy Layne,P,1.0,0.0,1.0,0.0,0.0,3.2296133846044546,,2021,pit,RP
8476,Jenrry Mejia,P,1.0,0.0,1.0,0.0,0.0,3.2960264697670945,,2021,pit,RP
25178,Joe Jacques,P,0.8185999989509583,0.038600001484155655,1.0,0.0,0.0,3.0085600480437282,NYM,2021,pit,RP
sa198885,Mauricio Lara,P,0.19030000269412994,0.17229999601840973,1.0,0.0,0.0,1.874653451889754,,2021,pit,SP
20526,Denyi Reyes,P,0.1754000037908554,0.1754000037908554,1.0,0.0,0.0,2.0173334673047063,,2021,pit,SP
20132,Adam Oller,P,0.1754000037908554,0.1754000037908554,1.0,0.0,0.0,2.208893488347531,MIA,2021,pit,SP
sa919323,Jeff Singer,P,1.0,0.0,1.0,0.0,0.0,3.3572666302323344,,2021,pit,RP
21093,Nick Vespi,P,0.24140000343322754,0.16140000522136688,1.0,0.0,0.0,1.65019985511899,,2021,pit,SP
sa824737,Ruddy Acosta,P,0.1754000037908554,0.1754000037908554,1.0,0.0,0.0,1.8559666737914093,,2021,pit,SP
sa917401,Melvi Acosta,P,0.45829999446868896,0.1152999997138977,1.0,0.0,0.0,2.547879851609469,,2021,pit,RP
7677,Neil Ramírez,P,0.9670000076293945,0.007000000216066837,1.0,0.0,0.0,3.4925267286598682,,2021,pit,RP
sa738717,Caleb Simpson,P,1.0,0.0,1.0,0.0,0.0,3.7566198922693728,,2021,pit,RP
sa873296,Resly Linares,P,0.1754000037908554,0.1754000037908554,1.0,0.0,0.0,2.0697398498654365,,2021,pit,SP
sa3004022,Scott Boches,P,0.8605999946594238,0.029600000008940697,1.0,0.0,0.0,3.317560181766749,,2021,pit,RP
sa455420,Jarret Martin,P,1.0,0.0,1.0,0.0,0.0,3.4126465663313867,,2021,pit,RP
13323,James Pazos,P,1.0,0.0,1.0,0.0,0.0,3.3661133319139482,,2021,pit,RP
10185,Jacob Turner,P,0.8029000163078308,0.04190000146627426,1.0,0.0,0.0,2.906213263422251,,2021,pit,RP
sa3007835,Mitch Stallings,P,0.20180000364780426,0.16979999840259552,1.0,0.0,0.0,2.0392268113791947,,2021,pit,SP
21513,Thaddeus Ward,P,0.1754000037908554,0.1754000037908554,1.0,0.0,0.0,2.1212932668626308,,2021,pit,SP
5203,Mike Pelfrey,P,0.310699999332428,0.14669999480247498,1.0,0.0,0.0,2.1570932626724244,,2021,pit,RP
sa918392,Will Hibbs,P,1.0,0.0,1.0,0.0,0.0,3.291006582975388,PHI,2021,pit,RP
sa658278,Luc Rennie,P,0.18860000371932983,0.17260000109672546,1.0,0.0,0.0,2.019186591356993,,2021,pit,SP
8280,Tony Sipp,P,1.0,0.0,1.0,0.0,0.0,3.3525067314505574,,2021,pit,RP
sa872824,Pedro Vasquez,P,0.19189999997615814,0.17190000414848328,1.0,0.0,0.0,2.07838654667139,,2021,pit,SP
sa3004493,Nick Kuzia,P,1.0,0.0,1.0,0.0,0.0,3.349606533348561,,2021,pit,RP
19820,CD Pelham,P,1.0,0.0,1.0,0.0,0.0,3.465906508266926,OAK,2021,pit,RP
sa915571,Noah Bremer,P,0.20839999616146088,0.16840000450611115,1.0,0.0,0.0,1.9018199831247329,,2021,pit,SP
13528,Matt Bowman,P,1.0,0.0,1.0,0.0,0.0,3.1692064382135867,MIN,2021,pit,RP
sa503159,Josh Turley,P,0.23649999499320984,0.16249999403953552,1.0,0.0,0.0,2.294799960404634,,2021,pit,SP
sa3007850,Tanner Andrews,P,0.2150000035762787,0.16699999570846558,1.0,0.0,0.0,2.192113431543112,TOR,2021,pit,SP
sa3007597,Carson Teel,P,0.29910001158714294,0.14910000562667847,1.0,0.0,0.0,2.06179326325655,,2021,pit,RP
sa549785,Tom Windle,P,1.0,0.0,1.0,0.0,0.0,3.56736008822918,,2021,pit,RP
sa3004573,Dominic LoBrutto,P,0.9661999940872192,0.007199999876320362,1.0,0.0,0.0,3.226113356649876,,2021,pit,RP
sa920921,Jayson McKinley,P,1.0,0.0,1.0,0.0,0.0,3.4600398406386383,,2021,pit,RP
sa918587,Kevin Hill,P,1.0,0.0,1.0,0.0,0.0,3.3301733002066616,,2021,pit,RP
sa737451,Ofreidy Gómez,P,0.2199999988079071,0.16599999368190765,1.0,0.0,0.0,2.0281330287456507,NYM,2021,pit,SP
19191,Robert Dugger,P,0.7426999807357788,0.05469999834895134,1.0,0.0,0.0,2.9538802132010464,,2021,pit,RP
sa918696,Christian Torres,P,0.33709999918937683,0.14110000431537628,1.0,0.0,0.0,2.2463467307388787,,2021,pit,RP
sa875282,Adam Hofacket,P,0.91839998960495,0.017400000244379044,1.0,0.0,0.0,3.095393315702677,,2021,pit,RP
12277,Leonel Campos,P,1.0,0.0,1.0,0.0,0.0,3.3053267352283004,,2021,pit,RP
8992,Arquimedes Caminero,P,1.0,0.0,1.0,0.0,0.0,3.6129999518394476,,2021,pit,RP
sa827957,Samir Vivas,P,1.0,0.0,1.0,0.0,0.0,3.362566611915827,,2021,pit,RP
sa455370,Rayan González,P,1.0,0.0,1.0,0.0,0.0,3.288919904083014,,2021,pit,RP
19200,José Quijada,P,4.0,0.0,4.0,0.0,0.6886000037193298,17.418173468112947,,2021,pit,RP
sa3008127,Brett Daniels,P,0.29989999532699585,0.14890000224113464,1.0,0.0,0.0,2.457986463606358,,2021,pit,RP
sa657954,Teddy Stankiewicz,P,0.18289999663829803,0.17389999330043793,1.0,0.0,0.0,2.015793237835169,,2021,pit,SP
10732,Drew Hutchison,P,0.5645999908447266,0.09260000288486481,1.0,0.0,0.0,2.7525998204946522,,2021,pit,RP
8846,Arcenio Leon,P,1.0,0.0,1.0,0.0,0.0,3.231226560473442,,2021,pit,RP
sa738309,Dylan Rheault,P,1.0,0.0,1.0,0.0,0.0,3.2282133467495444,,2021,pit,RP
sa659907,Joshua Torres,P,0.9315999746322632,0.014600000344216824,1.0,0.0,0.0,3.239493288099766,,2021,pit,RP
14457,Adam Conley,P,1.0,0.0,1.0,0.0,0.0,3.2944599248468878,,2021,pit,RP
sa828972,Félix Paulino,P,0.20679999887943268,0.1687999963760376,1.0,0.0,0.0,1.9176933176815512,,2021,pit,SP
21955,Yerry Rodríguez,P,0.1754000037908554,0.1754000037908554,1.0,0.0,0.0,1.884773424267769,NYY,2021,pit,SP
99,Zach Phillips,P,1.0,0.0,1.0,0.0,0.0,3.098160015791655,,2021,pit,RP
36,Xavier Cedeño,P,1.0,0.0,1.0,0.0,0.0,3.193273461610079,,2021,pit,RP
sa827462,Andrew Thome,P,1.0,0.0,1.0,0.0,0.0,3.1672332756221295,,2021,pit,RP
sa3004347,Denny Brady,P,0.2768999934196472,0.15389999747276306,1.0,0.0,0.0,2.1022332996129984,,2021,pit,SP
sa548289,Matthew Grimes,P,0.5514000058174133,0.09539999812841415,1.0,0.0,0.0,2.61088017821312,,2021,pit,RP
16130,David Hess,P,1.0,0.0,1.0,0.0,0.0,3.5264798685908314,,2021,pit,RP
12027,Brian Flynn,P,0.9438999891281128,0.011900000274181366,1.0,0.0,0.0,3.118133232742548,,2021,pit,RP
3677,Logan Ondrusek,P,1.0,0.0,1.0,0.0,0.0,2.799279882013798,,2021,pit,RP
sa3002775,Matt Wivinis,P,1.0,0.0,1.0,0.0,0.0,3.2034735426306726,,2021,pit,RP
16835,Brennan Bernardino,P,0.8549000024795532,0.030899999663233757,1.0,0.0,0.0,3.222626679390669,COL,2021,pit,RP
5746,Eric O'Flaherty,P,1.0,0.0,1.0,0.0,0.0,3.2107533827424053,,2021,pit,RP
sa550547,Esmerling De La Rosa,P,0.6453999876976013,0.07540000230073929,1.0,0.0,0.0,2.742499992996455,,2021,pit,RP
sa918371,Jake Winston,P,0.5637999773025513,0.09279999881982803,1.0,0.0,0.0,2.7201468057930476,,2021,pit,RP
sa739056,Williams Ramirez,P,0.751800000667572,0.052799999713897705,1.0,0.0,0.0,3.119626807421446,,2021,pit,RP
sa3010142,Bernie Martinez,P,0.8902999758720398,0.02329999953508377,1.0,0.0,0.0,3.377553474903107,,2021,pit,RP
sa875299,Josh Roeder,P,0.4146000146865845,0.12460000067949295,1.0,0.0,0.0,2.361940133571624,,2021,pit,RP
11694,Nick Kingham,P,0.7551000118255615,0.05209999904036522,1.0,0.0,0.0,2.885813296586275,,2021,pit,RP
sa621510,Tucker Healy,P,1.0,0.0,1.0,0.0,0.0,3.33214657381177,,2021,pit,RP
sa658514,Nick Pasquale,P,1.0,0.0,1.0,0.0,0.0,3.3454867824912076,ATL,2021,pit,RP
sa3005016,Marcel Rentería,P,1.0,0.0,1.0,0.0,0.0,3.4439866803586487,,2021,pit,RP
15179,Daniel Wright,P,0.608299970626831,0.08330000191926956,1.0,0.0,0.0,2.549413483589888,,2021,pit,RP
13629,Josh D. Smith,P,1.0,0.0,1.0,0.0,0.0,3.5381932929158215,,2021,pit,RP
5106,Guillermo Moscoso,P,0.19189999997615814,0.17190000414848328,1.0,0.0,0.0,1.9994999758899206,,2021,pit,SP
9119,Gregory Infante,P,1.0,0.0,1.0,0.0,0.0,3.2323199465870855,,2021,pit,RP
sa659265,Nolan Long,P,0.906000018119812,0.019999999552965164,1.0,0.0,0.0,3.3330799371004103,,2021,pit,RP
sa857686,Tate Scioneaux,P,1.0,0.0,1.0,0.0,0.0,2.694633328169584,,2021,pit,RP
sa657697,Pedro Fernandez,P,0.375,0.13300000131130219,1.0,0.0,0.0,2.2898467287421225,,2021,pit,RP
sa828687,Spencer Adams,P,0.2727000117301941,0.15469999611377716,1.0,0.0,0.0,2.090346924960613,,2021,pit,SP
4026,Héctor Santiago,P,0.7699000239372253,0.048900000751018524,1.0,0.0,0.0,3.1485333830118174,,2021,pit,RP
sa657843,Ramon Santos,P,0.8037999868392944,0.04179999977350235,1.0,0.0,0.0,3.1411134369671347,,2021,pit,RP
16155,Eric Skoglund,P,0.3716999888420105,0.13369999825954437,1.0,0.0,0.0,2.2567799925804137,,2021,pit,RP
22182,Hunter Greene,P,0.1754000037908554,0.1754000037908554,1.0,0.0,0.0,1.6494533352553842,CIN,2021,pit,SP
sa3005462,Luis Nova,P,0.2802000045776367,0.15320000052452087,1.0,0.0,0.0,2.0431600041687483,PIT,2021,pit,SP
sa577722,Derek Self,P,0.920799970626831,0.01679999940097332,1.0,0.0,0.0,2.8638469330966467,,2021,pit,RP
3237,T.J. McFarland,P,1.0,0.0,1.0,0.0,0.0,2.94756655395031,,2021,pit,RP
10529,Dean Kiekhefer,P,1.0,0.0,1.0,0.0,0.0,3.0314999923110015,,2021,pit,RP
19285,Kyle Dowdy,P,0.8895000219345093,0.023499999195337296,1.0,0.0,0.0,3.2528199441730976,,2021,pit,RP
9895,Chris Rusin,P,1.0,0.0,1.0,0.0,0.0,2.786873209476471,,2021,pit,RP
sa503650,Jonathan Vargas,P,0.1754000037908554,0.1754000037908554,1.0,0.0,0.0,1.7625600300729283,,2021,pit,SP
15036,Chase De Jong,P,0.25049999356269836,0.15950000286102295,1.0,0.0,0.0,2.2259268924593933,,2021,pit,SP
sa657211,Angel Duno,P,1.0,0.0,1.0,0.0,0.0,3.158339997380972,,2021,pit,RP
sa3002734,Blake Battenfield,P,0.1754000037908554,0.1754000037908554,1.0,0.0,0.0,1.8108066707849502,,2021,pit,SP
14391,Yohander Méndez,P,1.0,0.0,1.0,0.0,0.0,3.3075866095721724,,2021,pit,RP
12778,Sam Gaviglio,P,1.0,0.0,1.0,0.0,0.0,3.0955199137330056,,2021,pit,RP
sa598797,Seth Simmons,P,0.34040001034736633,0.1404000073671341,1.0,0.0,0.0,2.3052666962146757,,2021,pit,RP
sa876131,Drew Hasler,P,0.8812999725341797,0.025299999862909317,1.0,0.0,0.0,2.8799067333340647,CHW,2021,pit,RP
14681,Andrés Machado,P,1.0,0.0,1.0,0.0,0.0,3.0568334564566615,,2021,pit,RP
sa3005692,Efrain Contreras,P,0.18950000405311584,0.17249999940395355,1.0,0.0,0.0,2.1190134361386295,LAA,2021,pit,SP
4891,Peter Moylan,P,1.0,0.0,1.0,0.0,0.0,3.0761065609753135,ATL,2021,pit,RP
sa709586,Trent Szkutnik,P,0.7551000118255615,0.05209999904036522,1.0,0.0,0.0,2.961166640371084,,2021,pit,RP
sa830501,Colby Blueberg,P,1.0,0.0,1.0,0.0,0.0,3.2971601530909536,,2021,pit,RP
sa503277,Tristan Archer,P,0.8392000198364258,0.03420000150799751,1.0,0.0,0.0,2.9807800367474555,,2021,pit,RP
sa501564,Danny Reynolds,P,1.0,0.0,1.0,0.0,0.0,3.2136067964136608,,2021,pit,RP
20231,Zach Logue,P,0.2207999974489212,0.16580000519752502,1.0,0.0,0.0,2.099406798183918,,2021,pit,SP
sa3007464,Kyle Glogoski,P,0.24310000240802765,0.16110000014305115,1.0,0.0,0.0,2.0949467204511167,,2021,pit,SP
sa875031,Jordan Stephens,P,0.3172999918460846,0.1453000009059906,1.0,0.0,0.0,2.3788667976856233,,2021,pit,RP
1886,Sean Burnett,P,1.0,0.0,1.0,0.0,0.0,2.9320131622254855,,2021,pit,RP
5261,Casey Crosby,P,0.593500018119812,0.08649999648332596,1.0,0.0,0.0,2.9319198578596115,,2021,pit,RP
14420,Jackson Stephens,P,1.0,0.0,1.0,0.0,0.0,3.2244932554662227,,2021,pit,RP
sa827396,Jacob Dorris,P,1.0,0.0,1.0,0.0,0.0,3.291620057821274,,2021,pit,RP
16537,Dusten Knight,P,0.8895000219345093,0.023499999195337296,1.0,0.0,0.0,2.685293211787939,,2021,pit,RP
sa739267,Marc Magliaro,P,1.0,0.0,1.0,0.0,0.0,3.2635198220610624,,2021,pit,RP
22387,Josh Winckowski,P,0.18199999630451202,0.17399999499320984,1.0,0.0,0.0,1.8540131665766233,TOR,2021,pit,SP
sa502935,Scott Griggs,P,1.0,0.0,1.0,0.0,0.0,3.259753417223692,,2021,pit,RP
sa921224,Ryan Atkinson,P,1.0,0.0,1.0,0.0,0.0,3.38317997455597,,2021,pit,RP
sa3004362,Jonathan Cheshire,P,1.0,0.0,1.0,0.0,0.0,3.1431199282407762,,2021,pit,RP
sa3005145,Taylor Braley,P,0.34279999136924744,0.13979999721050262,1.0,0.0,0.0,2.0523732908070085,,2021,pit,RP
sa737048,Luis Reyes,P,0.5109999775886536,0.10400000214576721,1.0,0.0,0.0,2.361320086568594,,2021,pit,RP
sa875190,Blake Bass,P,0.8037999868392944,0.04179999977350235,1.0,0.0,0.0,2.8597266480326655,TEX,2021,pit,RP
sa827389,Trey Cochran-Gill,P,0.8432999849319458,0.0333000011742115,1.0,0.0,0.0,2.9266198821365834,,2021,pit,RP
sa748442,Francys Peguero,P,0.21089999377727509,0.1678999960422516,1.0,0.0,0.0,1.7417000867426395,,2021,pit,SP
sa873263,Hunter Schryver,P,1.0,0.0,1.0,0.0,0.0,3.170426532626152,,2021,pit,RP
11663,Mayckol Guaipe,P,1.0,0.0,1.0,0.0,0.0,3.222546806186438,CHW,2021,pit,RP
9460,Dan Straily,P,0.4235999882221222,0.1225999966263771,1.0,0.0,0.0,2.4589800857007504,,2021,pit,RP
sa3004648,Seth Corry,P,0.18199999630451202,0.17399999499320984,1.0,0.0,0.0,2.442926523834467,,2021,pit,SP
sa3007235,Robert Broom,P,1.0,0.0,1.0,0.0,0.0,3.427046683430672,CLE,2021,pit,RP
sa3004606,Trevor Charpie,P,1.0,0.0,1.0,0.0,0.0,3.1733732238411907,,2021,pit,RP
sa3007733,Aiden McIntyre,P,0.21089999377727509,0.1678999960422516,1.0,0.0,0.0,2.5455132603645327,,2021,pit,SP
sa828710,Jhenderson Hurtado,P,0.5060999989509583,0.10509999841451645,1.0,0.0,0.0,2.6707333281636236,,2021,pit,RP
sa701548,Willy Ortiz,P,0.4846000075340271,0.1096000000834465,1.0,0.0,0.0,2.541873194277286,,2021,pit,RP
5830,Jhan Mariñez,P,1.0,0.0,1.0,0.0,0.0,2.741760174185038,,2021,pit,RP
sa921578,Enmanuel Solano,P,0.20589999854564667,0.1688999980688095,1.0,0.0,0.0,2.045086699724197,,2021,pit,SP
16866,Reed Garrett,P,1.0,0.0,1.0,0.0,0.0,3.2409199051558977,NYM,2021,pit,RP
3164,Tim Collins,P,1.0,0.0,1.0,0.0,0.0,3.3230399787426,,2021,pit,RP
sa550026,William Oliver,P,0.1754000037908554,0.1754000037908554,1.0,0.0,0.0,1.8153000436723232,NYY,2021,pit,SP
sa829601,Cameron Bishop,P,0.19030000269412994,0.17229999601840973,1.0,0.0,0.0,1.4564333811402328,,2021,pit,SP
sa875355,Tyler Davis,P,0.39559999108314514,0.12860000133514404,1.0,0.0,0.0,2.1710201457142833,CHW,2021,pit,RP
sa597802,Kevin Comer,P,0.920799970626831,0.01679999940097332,1.0,0.0,0.0,3.208626626431942,,2021,pit,RP
sa550236,Ismael Guillón,P,1.0,0.0,1.0,0.0,0.0,3.3342667602002622,,2021,pit,RP
14508,Randy Rosario,P,1.0,0.0,1.0,0.0,0.0,3.1819664925336837,,2021,pit,RP
sa920466,Colton Thomson,P,1.0,0.0,1.0,0.0,0.0,3.2615266121923923,,2021,pit,RP
sa599273,Tanner Chleborad,P,1.0,0.0,1.0,0.0,0.0,2.6924269132316114,,2021,pit,RP
sa737486,Adonis Uceta,P,0.9018999934196472,0.020899999886751175,1.0,0.0,0.0,3.1518466316163547,,2021,pit,RP
sa3008134,John O'Reilly,P,1.0,0.0,1.0,0.0,0.0,3.061246803402901,,2021,pit,RP
24492,Grayson Rodriguez,P,0.1754000037908554,0.1754000037908554,1.0,0.0,0.0,1.5609999328851698,LAA,2021,pit,SP
sa857562,Bailey Clark,P,1.0,0.0,1.0,0.0,0.0,3.230606807768345,,2021,pit,RP
sa971745,Josh Tols,P,1.0,0.0,1.0,0.0,0.0,3.323333429545164,,2021,pit,RP
19277,Jesús Reyes,P,1.0,0.0,1.0,0.0,0.0,3.3791999943554405,,2021,pit,RP
sa857571,Andrew Schwaab,P,1.0,0.0,1.0,0.0,0.0,3.2734666287899024,,2021,pit,RP
sa913153,Jared Carkuff,P,1.0,0.0,1.0,0.0,0.0,3.2755402088165284,,2021,pit,RP
sa3008227,Michael Byrne,P,0.5942999720573425,0.08630000054836273,1.0,0.0,0.0,2.1874801121652125,,2021,pit,RP
25388,Cody Morris,P,0.18369999527931213,0.1737000048160553,1.0,0.0,0.0,2.083186607062817,,2021,pit,SP
19179,Kirby Snead,P,7.0,0.0,7.0,0.0,0.6546000242233276,26.235293805599223,,2021,pit,RP
sa548111,Victor Payano,P,1.0,0.0,1.0,0.0,0.0,3.3215667173266414,,2021,pit,RP
24590,John Rooney,P,0.1754000037908554,0.1754000037908554,1.0,0.0,0.0,1.93838009685278,TBR,2021,pit,SP
sa550321,David Roseboom,P,1.0,0.0,1.0,0.0,0.0,3.304560023546219,,2021,pit,RP
20045,Sean Guenther,P,0.7378000020980835,0.055799998342990875,1.0,0.0,0.0,2.8307335279881958,DET,2021,pit,RP
sa659458,Kurt Spomer,P,1.0,0.0,1.0,0.0,0.0,3.10937339887023,,2021,pit,RP
sa738460,Travis Ott,P,0.8432999849319458,0.0333000011742115,1.0,0.0,0.0,3.5159532345831397,TBR,2021,pit,RP
1837,Matt Belisle,P,1.0,0.0,1.0,0.0,0.0,3.0833665706217293,,2021,pit,RP
4878,Brandon Maurer,P,1.0,0.0,1.0,0.0,0.0,3.2486801102757457,,2021,pit,RP
sa3006760,Shea Murray,P,1.0,0.0,1.0,0.0,0.0,3.326093596220016,,2021,pit,RP
12586,Mike Wright Jr.,P,1.0,0.0,1.0,0.0,0.0,3.084046444296837,,2021,pit,RP
sa3007732,Ethan DeCaster,P,1.0,0.0,1.0,0.0,0.0,3.220559899508953,,2021,pit,RP
14449,Chris Smith,P,1.0,0.0,1.0,0.0,0.0,3.2613865554332735,,2021,pit,RP
5350,Alex Sanabia,P,0.1754000037908554,0.1754000037908554,1.0,0.0,0.0,1.8200866587460038,,2021,pit,SP
19261,Ian Hamilton,P,3.0,0.0,3.0,0.0,0.6714000105857849,13.31311951875687,ATL,2021,pit,RP
sa828246,José Taveras,P,0.24799999594688416,0.1599999964237213,1.0,0.0,0.0,2.070073480904103,,2021,pit,SP
sa3006806,Taylor Varnell,P,0.1754000037908554,0.1754000037908554,1.0,0.0,0.0,1.811933469772339,,2021,pit,SP
sa3004743,Tyler Jackson,P,0.4814000129699707,0.1103999987244606,1.0,0.0,0.0,2.3869400449097156,SEA,2021,pit,RP
sa917324,Elio Serrano,P,0.25049999356269836,0.15950000286102295,1.0,0.0,0.0,2.0324265994131565,,2021,pit,SP
20555,Kirk McCarty,P,0.1754000037908554,0.1754000037908554,1.0,0.0,0.0,2.026000095158816,,2021,pit,SP
7397,Zach Stewart,P,0.44999998807907104,0.11699999868869781,1.0,0.0,0.0,2.400920149683952,,2021,pit,RP
sa918324,Carson LaRue,P,0.19939999282360077,0.1703999936580658,1.0,0.0,0.0,2.124619973450899,,2021,pit,SP
17345,Luis Escobar,P,1.0,0.0,1.0,0.0,0.0,3.2865598954260355,,2021,pit,RP
sa920635,Chase Hodson,P,1.0,0.0,1.0,0.0,0.0,3.2807199090719226,NYY,2021,pit,RP
sa915793,Brigham Hill,P,0.1754000037908554,0.1754000037908554,1.0,0.0,0.0,1.597840144485236,,2021,pit,SP
13331,William Cuevas,P,0.9027000069618225,0.02070000022649765,1.0,0.0,0.0,3.13084001392126,,2021,pit,RP
sa554616,Ryan Kussmaul,P,0.25049999356269836,0.15950000286102295,1.0,0.0,0.0,1.9946936264634139,,2021,pit,SP
sa657740,Juan Martinez,P,0.8062000274658203,0.041200000792741776,1.0,0.0,0.0,2.9132466539740567,,2021,pit,RP
17664,Cody Carroll,P,1.0,0.0,1.0,0.0,0.0,3.028346556425095,,2021,pit,RP
14016,Ryan Garton,P,1.0,0.0,1.0,0.0,0.0,3.1988600924611093,,2021,pit,RP
10962,Jake Buchanan,P,1.0,0.0,1.0,0.0,0.0,2.8977533057332043,,2021,pit,RP
sa658128,Daniel Minor,P,0.1754000037908554,0.1754000037908554,1.0,0.0,0.0,1.7361666440963743,,2021,pit,SP
8725,Manny Acosta,P,1.0,0.0,1.0,0.0,0.0,3.1871134907007215,,2021,pit,RP
15006,Luis Santos,P,0.9175000190734863,0.017500000074505806,1.0,0.0,0.0,3.1728865794837477,,2021,pit,RP
16618,Kyle Bird,P,1.0,0.0,1.0,0.0,0.0,3.3472132295370107,,2021,pit,RP
sa919542,Carlos Sierra,P,1.0,0.0,1.0,0.0,0.0,3.2341466985642917,,2021,pit,RP
sa876290,Blake Rogers,P,0.8680999875068665,0.02810000069439411,1.0,0.0,0.0,3.0155800610780714,,2021,pit,RP
10836,Asher Wojciechowski,P,0.30160000920295715,0.1485999971628189,1.0,0.0,0.0,2.20553322583437,,2021,pit,RP
sa875346,Danny Dopico,P,1.0,0.0,1.0,0.0,0.0,3.227406685054303,,2021,pit,RP
sa737676,Yapson Gomez,P,1.0,0.0,1.0,0.0,0.0,3.0952732138335706,,2021,pit,RP
sa829657,Adam Parks,P,1.0,0.0,1.0,0.0,0.0,3.253899994492531,,2021,pit,RP
sa918336,Tyler Keele,P,0.36010000109672546,0.13609999418258667,1.0,0.0,0.0,2.293053262680769,,2021,pit,RP
4732,Matt Cain,P,0.20839999616146088,0.16840000450611115,1.0,0.0,0.0,2.123100227117539,,2021,pit,SP
sa389212,Andres Santiago,P,0.4194999933242798,0.12349999696016312,1.0,0.0,0.0,2.293546497821808,,2021,pit,RP
sa919034,Kevin Malisheski,P,0.21089999377727509,0.1678999960422516,1.0,0.0,0.0,1.9508598975837232,,2021,pit,SP
12235,Seth Maness,P,1.0,0.0,1.0,0.0,0.0,2.871993152797222,,2021,pit,RP
sa829290,Benton Moss,P,1.0,0.0,1.0,0.0,0.0,3.4404800742864605,,2021,pit,RP
sa977116,Luis Payan,P,0.3222000002861023,0.14419999718666077,1.0,0.0,0.0,2.023153280466795,,2021,pit,RP
sa874113,Alex Winkelman,P,0.5580000281333923,0.09399999678134918,1.0,0.0,0.0,2.7089532628655437,,2021,pit,RP
sa3004801,Walter Borkovich,P,0.5424000024795532,0.09740000218153,1.0,0.0,0.0,2.4583934143185617,,2021,pit,RP
sa837103,Ben Bracewell,P,0.9125999808311462,0.01860000006854534,1.0,0.0,0.0,3.344026555866004,,2021,pit,RP
6435,Vance Worley,P,0.39809998869895935,0.12809999287128448,1.0,0.0,0.0,2.1108534567058084,,2021,pit,RP
16317,Alex McRae,P,1.0,0.0,1.0,0.0,0.0,3.148519919067622,,2021,pit,RP
8245,J.P. Howell,P,1.0,0.0,1.0,0.0,0.0,2.9766867220401765,,2021,pit,RP
10302,Chris Heston,P,0.557200014591217,0.094200000166893,1.0,0.0,0.0,2.451053353399038,,2021,pit,RP
14460,Matt Ramsey,P,1.0,0.0,1.0,0.0,0.0,3.077206853032113,,2021,pit,RP
23499,Keaton Winn,P,0.2223999947309494,0.16539999842643738,1.0,0.0,0.0,2.1628931865096095,SFG,2021,pit,SP
10148,Manny Barreda,P,0.19110000133514404,0.1720999926328659,1.0,0.0,0.0,1.865393334627151,,2021,pit,SP
sa738235,Sam Bragg,P,0.586899995803833,0.08789999783039093,1.0,0.0,0.0,2.553006587922573,,2021,pit,RP
sa3008502,Kyle Arjona,P,0.8540999889373779,0.031099999323487282,1.0,0.0,0.0,2.944419983774424,,2021,pit,RP
sa550679,Dario Beltre,P,1.0,0.0,1.0,0.0,0.0,3.2708132371306418,,2021,pit,RP
11712,Erik Goeddel,P,1.0,0.0,1.0,0.0,0.0,3.2731399103999133,,2021,pit,RP
sa917970,Curtis Taylor,P,0.7831000089645386,0.04610000178217888,1.0,0.0,0.0,3.1024466358125204,,2021,pit,RP
11812,Alberto Baldonado,P,1.0,0.0,1.0,0.0,0.0,3.3334331974387177,,2021,pit,RP
sa873691,Brett Adcock,P,0.20839999616146088,0.16840000450611115,1.0,0.0,0.0,2.1558401226997375,,2021,pit,SP
sa874248,Oddy Nunez,P,0.1754000037908554,0.1754000037908554,1.0,0.0,0.0,1.7318866319954398,,2021,pit,SP
sa3006069,Jesus Gonzalez,P,0.3222000002861023,0.14419999718666077,1.0,0.0,0.0,2.189446696639061,,2021,pit,RP
17508,Wei-Chieh Huang,P,1.0,0.0,1.0,0.0,0.0,3.3592799425125124,PIT,2021,pit,RP
sa526880,Patrick Johnson,P,0.1754000037908554,0.1754000037908554,1.0,0.0,0.0,1.7975066311657426,,2021,pit,SP
24602,Drew Rom,P,0.23649999499320984,0.16249999403953552,1.0,0.0,0.0,1.6014465287327768,MIL,2021,pit,SP
sa602584,Zech Lemond,P,1.0,0.0,1.0,0.0,0.0,3.180353255569935,,2021,pit,RP
14200,Shae Simmons,P,1.0,0.0,1.0,0.0,0.0,3.2439665973186496,,2021,pit,RP
13974,Ryan Dull,P,1.0,0.0,1.0,0.0,0.0,3.205853178352117,,2021,pit,RP
sa3008261,Blake Rivera,P,0.18619999289512634,0.17319999635219574,1.0,0.0,0.0,2.2466199107468126,,2021,pit,SP
19996,Dylan Lee,P,1.0,0.0,1.0,0.0,0.0,3.225973442196846,ATL,2021,pit,RP
16459,Joe Harvey,P,1.0,0.0,1.0,0.0,0.0,2.8254332788288594,,2021,pit,RP
sa828154,Arnaldo Hernandez,P,0.18860000371932983,0.17260000109672546,1.0,0.0,0.0,1.8980068258941176,,2021,pit,SP
7396,Dillon Gee,P,0.734499990940094,0.05649999901652336,1.0,0.0,0.0,2.738600017130375,,2021,pit,RP
14914,Jason Hursh,P,1.0,0.0,1.0,0.0,0.0,3.0333132609725006,,2021,pit,RP
sa856275,Andrew Lee,P,0.29499998688697815,0.15000000596046448,1.0,0.0,0.0,2.115073420852423,,2021,pit,SP
sa736868,Yeison Medina,P,1.0,0.0,1.0,0.0,0.0,3.0785265333950522,,2021,pit,RP
sa3006816,Adrian Del Moral,P,0.1754000037908554,0.1754000037908554,1.0,0.0,0.0,1.9036865919828418,,2021,pit,SP
sa738368,Austin Coley,P,0.5357999801635742,0.09880000352859497,1.0,0.0,0.0,2.4549464769661427,,2021,pit,RP
sa857554,Mike Wallace,P,0.30489999055862427,0.14790000021457672,1.0,0.0,0.0,1.8955664776265615,,2021,pit,RP
sa828702,Ronnie Williams,P,1.0,0.0,1.0,0.0,0.0,3.4845666378736495,,2021,pit,RP
19548,JD Hammer,P,1.0,0.0,1.0,0.0,0.0,3.1415200658142566,,2021,pit,RP
20541,Phoenix Sanders,P,0.9175000190734863,0.017500000074505806,1.0,0.0,0.0,3.456306735426188,,2021,pit,RP
sa828664,Kodi Medeiros,P,0.4203000068664551,0.12330000102519989,1.0,0.0,0.0,2.3467998862266546,,2021,pit,RP
10637,Adam Liberatore,P,1.0,0.0,1.0,0.0,0.0,3.1646201059222223,,2021,pit,RP
20218,Yennsy Díaz,P,1.0,0.0,1.0,0.0,0.0,3.4171801678836347,,2021,pit,RP
4235,Jered Weaver,P,0.1754000037908554,0.1754000037908554,1.0,0.0,0.0,1.8316466100513935,,2021,pit,SP
12143,Jason García,P,0.2150000035762787,0.16699999570846558,1.0,0.0,0.0,2.3114665634930134,,2021,pit,SP
11243,Aaron Barrett,P,1.0,0.0,1.0,0.0,0.0,3.038759820908308,,2021,pit,RP
9266,Daniel Corcino,P,1.0,0.0,1.0,0.0,0.0,3.2672532737255104,,2021,pit,RP
sa3007270,Tyler Palm,P,0.25380000472068787,0.15880000591278076,1.0,0.0,0.0,2.0655868500471115,MIN,2021,pit,SP
sa602422,Jared Ruxer,P,1.0,0.0,1.0,0.0,0.0,3.1785932451486594,,2021,pit,RP
17583,Marcos Diplán,P,0.5712000131607056,0.09120000153779984,1.0,0.0,0.0,2.2659066699445245,,2021,pit,RP
sa294505,Marlon Arias,P,0.1754000037908554,0.1754000037908554,1.0,0.0,0.0,1.8786064416170123,ARI,2021,pit,SP
sa827471,Jeremy Rhoades,P,1.0,0.0,1.0,0.0,0.0,3.2545332744717594,,2021,pit,RP
sa596959,Daury Torrez,P,0.6850000023841858,0.06700000166893005,1.0,0.0,0.0,2.6609531380236153,,2021,pit,RP
sa737901,Trevor Clifton,P,0.20679999887943268,0.1687999963760376,1.0,0.0,0.0,2.032580143213272,,2021,pit,SP
5529,Maikel Cleto,P,1.0,0.0,1.0,0.0,0.0,3.188613375276327,,2021,pit,RP
sa857658,Jason Richman,P,1.0,0.0,1.0,0.0,0.0,3.1039668612182143,,2021,pit,RP
sa737818,Dan Lietz,P,0.8722000122070312,0.0272000003606081,1.0,0.0,0.0,2.9619931578636174,,2021,pit,RP
sa872808,Norwith Gudiño,P,0.4772000014781952,0.1111999973654747,1.0,0.0,0.0,2.700199852138758,,2021,pit,RP
sa874754,Nathan Kirby,P,0.3610000014305115,0.13600000739097595,1.0,0.0,0.0,2.285313279926777,,2021,pit,RP
sa508100,Juan Pablo Oramas,P,0.1754000037908554,0.1754000037908554,1.0,0.0,0.0,1.9033000051975257,,2021,pit,SP
13071,Wei-Yin Chen,P,1.0,0.0,1.0,0.0,0.0,3.097386728227138,,2021,pit,RP
sa3005352,Jose Olague,P,0.1754000037908554,0.1754000037908554,1.0,0.0,0.0,1.6795399822294712,,2021,pit,SP
sa3003994,Evan Guillory,P,0.19689999520778656,0.17090000212192535,1.0,0.0,0.0,1.9556200973689557,,2021,pit,SP
sa875057,Ryan Clark,P,1.0,0.0,1.0,0.0,0.0,3.1397866971790798,,2021,pit,RP
4089,James Russell,P,1.0,0.0,1.0,0.0,0.0,2.9444134898483756,,2021,pit,RP
sa3007456,Ricky Salinas,P,0.1754000037908554,0.1754000037908554,1.0,0.0,0.0,1.3818400420248507,,2021,pit,SP
sa621679,Stephen Perakslis,P,1.0,0.0,1.0,0.0,0.0,3.0506533317267897,,2021,pit,RP
9894,Mike Broadway,P,1.0,0.0,1.0,0.0,0.0,3.2073065765202045,,2021,pit,RP
sa597196,Carlos Diaz,P,1.0,0.0,1.0,0.0,0.0,3.173353412747383,,2021,pit,RP
sa739743,Jake Sanchez,P,1.0,0.0,1.0,0.0,0.0,3.366399978101254,,2021,pit,RP
11432,A.J. Schugel,P,1.0,0.0,1.0,0.0,0.0,3.0299933306872844,,2021,pit,RP
sa3002715,Joe Kuzia,P,1.0,0.0,1.0,0.0,0.0,3.007499773055315,,2021,pit,RP
22092,Kyle Tyler,P,0.23810000717639923,0.16210000216960907,1.0,0.0,0.0,1.7943532004952427,,2021,pit,SP
sa3004927,Tom Colletti,P,1.0,0.0,1.0,0.0,0.0,3.1357001647353178,,2021,pit,RP
10387,Brooks Pounders,P,1.0,0.0,1.0,0.0,0.0,3.1917932987213136,,2021,pit,RP
sa915852,Jake Walters,P,0.19439999759197235,0.17139999568462372,1.0,0.0,0.0,2.0345133125782007,,2021,pit,SP
sa3006798,Eli Lingos,P,0.40139999985694885,0.1273999959230423,1.0,0.0,0.0,2.3988865695893766,,2021,pit,RP
sa915636,Evan Steele,P,0.1754000037908554,0.1754000037908554,1.0,0.0,0.0,1.8975533597171306,KCR,2021,pit,SP
10261,Alexi Ogando,P,1.0,0.0,1.0,0.0,0.0,3.0945466987788675,,2021,pit,RP
21761,José Marte,P,0.18529999256134033,0.17329999804496765,1.0,0.0,0.0,2.256186665594578,NYM,2021,pit,SP
sa657957,Mitch Brown,P,1.0,0.0,1.0,0.0,0.0,3.2829933516681193,,2021,pit,RP
sa658525,Josh Graham,P,0.9018999934196472,0.020899999886751175,1.0,0.0,0.0,3.114500115811825,,2021,pit,RP
12452,Chasen Bradford,P,1.0,0.0,1.0,0.0,0.0,2.984520098567009,,2021,pit,RP
sa3011410,Nick Bennett,P,0.2892000079154968,0.15119999647140503,1.0,0.0,0.0,2.1094202362000947,,2021,pit,SP
sa918420,Connor Grey,P,0.6396999955177307,0.07670000195503235,1.0,0.0,0.0,2.5862599797546864,,2021,pit,RP
sa3004475,Jake Dahlberg,P,0.18529999256134033,0.17329999804496765,1.0,0.0,0.0,1.7281933590769767,,2021,pit,SP
19940,Jhon Romero,P,1.0,0.0,1.0,0.0,0.0,2.991320042312145,,2021,pit,RP
20408,Eli Villalobos,P,0.31310001015663147,0.1460999995470047,1.0,0.0,0.0,2.216993463039399,SDP,2021,pit,RP
13932,Dietrich Enns,P,0.5192999839782715,0.1023000031709671,1.0,0.0,0.0,2.7639532864093788,BAL,2021,pit,RP
sa857604,Michael Boyle,P,0.906000018119812,0.019999999552965164,1.0,0.0,0.0,3.0727066107094294,,2021,pit,RP
sa737853,Stephen Woods Jr.,P,0.25049999356269836,0.15950000286102295,1.0,0.0,0.0,1.9727132603526116,,2021,pit,SP
8536,Tyler Cloyd,P,1.0,0.0,1.0,0.0,0.0,3.032593350112438,,2021,pit,RP
sa737438,Trey Ball,P,0.8912000060081482,0.02319999970495701,1.0,0.0,0.0,2.9433000810444363,,2021,pit,RP
18554,Enmanuel De Jesus,P,0.1754000037908554,0.1754000037908554,1.0,0.0,0.0,1.8619865417480472,DET,2021,pit,SP
sa828804,Michael Mader,P,1.0,0.0,1.0,0.0,0.0,3.1379999727010732,,2021,pit,RP
9243,Simon Castro,P,1.0,0.0,1.0,0.0,0.0,3.150293434411288,,2021,pit,RP
12975,Mauricio Cabrera,P,1.0,0.0,1.0,0.0,0.0,3.4459867209196093,,2021,pit,RP
sa3008025,Paul Richan,P,0.1754000037908554,0.1754000037908554,1.0,0.0,0.0,1.8518998637795447,,2021,pit,SP
sa709582,Craig Schlitter,P,0.6725999712944031,0.06960000097751617,1.0,0.0,0.0,2.02328671887517,,2021,pit,RP
10925,Christian Bergman,P,0.3321000039577484,0.1421000063419342,1.0,0.0,0.0,2.0127666488289835,,2021,pit,RP
22294,Matthew Liberatore,P,0.18619999289512634,0.17319999635219574,1.0,0.0,0.0,2.021220095455647,STL,2021,pit,SP
sa621016,Mason Melotakis,P,1.0,0.0,1.0,0.0,0.0,3.090706612914801,,2021,pit,RP
sa3006707,Connor Curlis,P,0.218299999833107,0.1662999987602234,1.0,0.0,0.0,1.5534001938998698,,2021,pit,SP
sa577012,Mitch Lambson,P,0.1754000037908554,0.1754000037908554,1.0,0.0,0.0,1.7306733809411532,,2021,pit,SP
21487,Stephen Kolek,P,0.18860000371932983,0.17260000109672546,1.0,0.0,0.0,1.7232201814651495,KCR,2021,pit,SP
sa918459,Joe Navilhon,P,0.7954999804496765,0.04349999874830246,1.0,0.0,0.0,2.956593372672796,,2021,pit,RP
14371,Jake Thompson,P,1.0,0.0,1.0,0.0,0.0,3.1056735426187516,,2021,pit,RP
sa828141,Carlos Hiraldo,P,0.5777999758720398,0.08980000019073486,1.0,0.0,0.0,2.7346532747149466,HOU,2021,pit,RP
19407,Ronel Blanco,P,0.9398000240325928,0.012799999676644802,1.0,0.0,0.0,3.2787399411201483,HOU,2021,pit,RP
sa918176,Nick Hartman,P,1.0,0.0,1.0,0.0,0.0,3.1032599151134495,,2021,pit,RP
sa857572,Austin Sexton,P,0.9118000268936157,0.018799999728798866,1.0,0.0,0.0,3.046033310890198,,2021,pit,RP
18213,P.J. Conlon,P,0.3905999958515167,0.12960000336170197,1.0,0.0,0.0,2.193673208355904,,2021,pit,RP
sa737935,Jonah Wesely,P,1.0,0.0,1.0,0.0,0.0,3.198713355511427,,2021,pit,RP
sa829390,Landon Beck,P,1.0,0.0,1.0,0.0,0.0,3.2911534599959857,STL,2021,pit,RP
6175,Albert Suárez,P,1.0,0.0,1.0,0.0,0.0,3.0575932785868645,BAL,2021,pit,RP
sa917887,Joel Cesar,P,0.899399995803833,0.021400000900030136,1.0,0.0,0.0,2.9630934461951264,,2021,pit,RP
15627,Dillon Overton,P,0.6923999786376953,0.06539999693632126,1.0,0.0,0.0,2.655193281918765,,2021,pit,RP
sa389775,Travis Banwart,P,0.1754000037908554,0.1754000037908554,1.0,0.0,0.0,1.6995131880044934,,2021,pit,SP
8302,JC Ramírez,P,1.0,0.0,1.0,0.0,0.0,2.9028800480067734,,2021,pit,RP
sa916950,Luis Rijo,P,0.1754000037908554,0.1754000037908554,1.0,0.0,0.0,1.831113279610873,,2021,pit,SP
21574,Brendon Little,P,0.1754000037908554,0.1754000037908554,1.0,0.0,0.0,1.8571267634630204,TOR,2021,pit,SP
sa579472,Arik Sikula,P,0.20180000364780426,0.16979999840259552,1.0,0.0,0.0,1.70596016868949,,2021,pit,SP
sa738442,Logan Shore,P,0.24140000343322754,0.16140000522136688,1.0,0.0,0.0,1.9729934126138682,SFG,2021,pit,SP
12831,Matt Purke,P,1.0,0.0,1.0,0.0,0.0,3.102706632763147,,2021,pit,RP
16135,Brandon Leibrandt,P,1.0,0.0,1.0,0.0,0.0,2.7666467256844047,CIN,2021,pit,RP
sa3004471,Billy Lescher,P,0.6956999897956848,0.06469999998807907,1.0,0.0,0.0,2.8171866811811923,,2021,pit,RP
sa828421,Franco Terrero,P,1.0,0.0,1.0,0.0,0.0,3.114346543699503,,2021,pit,RP
sa508712,Alejandro Astorga,P,0.19850000739097595,0.1704999953508377,1.0,0.0,0.0,1.7868466526269917,,2021,pit,SP
sa3008037,Ethan Evanko,P,0.3395000100135803,0.1404999941587448,1.0,0.0,0.0,2.0148733153939253,,2021,pit,RP
sa829197,Gabriel Llanes,P,0.18289999663829803,0.17389999330043793,1.0,0.0,0.0,1.6193334229290492,,2021,pit,SP
15157,Jimmy Yacabonis,P,0.52920001745224,0.10019999742507935,1.0,0.0,0.0,2.5134933471679695,,2021,pit,RP
21023,Adrián Martinez,P,0.5737000107765198,0.09070000052452087,1.0,0.0,0.0,2.5347599439322948,,2021,pit,RP
sa550295,Mitch Horacek,P,1.0,0.0,1.0,0.0,0.0,3.33700657337904,,2021,pit,RP
15542,Chad Girodo,P,1.0,0.0,1.0,0.0,0.0,3.0053064882755285,,2021,pit,RP
1118,Marco Estrada,P,0.1754000037908554,0.1754000037908554,1.0,0.0,0.0,1.8807065181434148,,2021,pit,SP
sa857590,Jeff Kinley,P,1.0,0.0,1.0,0.0,0.0,3.160593315958977,,2021,pit,RP
sa455650,Javier Solano,P,0.18289999663829803,0.17389999330043793,1.0,0.0,0.0,1.6632933385670179,,2021,pit,SP
16904,Aaron Wilkerson,P,1.0,0.0,1.0,0.0,0.0,3.09630010202527,,2021,pit,RP
sa3004661,Shawn Semple,P,0.29660001397132874,0.14959999918937683,1.0,0.0,0.0,2.0286065727472304,,2021,pit,SP
sa918815,Pat Krall,P,0.8475000262260437,0.032499998807907104,1.0,0.0,0.0,2.809166562557221,,2021,pit,RP
sa875558,Jake Simon,P,0.92330002784729,0.016300000250339508,1.0,0.0,0.0,3.039346615225077,,2021,pit,RP
24604,Austin Cox,P,0.18199999630451202,0.17399999499320984,1.0,0.0,0.0,1.9335532031953337,ATL,2021,pit,SP
sa873220,Wennington Romero,P,0.1754000037908554,0.1754000037908554,1.0,0.0,0.0,1.3211066246032717,,2021,pit,SP
sa876058,Nick Fanti,P,0.1754000037908554,0.1754000037908554,1.0,0.0,0.0,1.6820933498442172,,2021,pit,SP
sa918774,Matt Smith,P,0.218299999833107,0.1662999987602234,1.0,0.0,0.0,1.7894266463816173,,2021,pit,SP
sa503669,Jake Johansen,P,1.0,0.0,1.0,0.0,0.0,3.016359993815422,,2021,pit,RP
15492,Stephen Gonsalves,P,0.5877000093460083,0.0877000018954277,1.0,0.0,0.0,2.8220532894134527,,2021,pit,RP
sa873731,Wuilder Rodriguez,P,0.2752000093460083,0.1542000025510788,1.0,0.0,0.0,1.9654800824820993,,2021,pit,SP
21306,Jacob Latz,P,0.1754000037908554,0.1754000037908554,1.0,0.0,0.0,1.7703667528927327,TEX,2021,pit,SP
sa737475,Anyelo Gómez,P,1.0,0.0,1.0,0.0,0.0,3.1214734166860585,,2021,pit,RP
sa875272,Logan Sendelbach,P,0.7369999885559082,0.0560000017285347,1.0,0.0,0.0,2.701480025798083,,2021,pit,RP
26215,Jackson Rutledge,P,0.1754000037908554,0.1754000037908554,1.0,0.0,0.0,1.5811533153057105,WSN,2021,pit,SP
20009,Kenny Rosenberg,P,0.25540000200271606,0.15839999914169312,1.0,0.0,0.0,2.4109268553555014,,2021,pit,SP
sa658002,Dylan Baker,P,1.0,0.0,1.0,0.0,0.0,3.0023467972874647,,2021,pit,RP
6612,Marc Rzepczynski,P,1.0,0.0,1.0,0.0,0.0,3.0386334896087646,,2021,pit,RP
sa658011,Zach Lovvorn,P,0.4763999879360199,0.11140000075101852,1.0,0.0,0.0,2.236293100565672,,2021,pit,RP
10258,Rafael Martín,P,1.0,0.0,1.0,0.0,0.0,2.814480117708445,,2021,pit,RP
sa828693,Joe Gatto,P,1.0,0.0,1.0,0.0,0.0,2.928493385761976,,2021,pit,RP
3855,Brett Oberholtzer,P,0.9513999819755554,0.010400000028312206,1.0,0.0,0.0,2.8775398820638665,,2021,pit,RP
sa659074,Matt Withrow,P,0.3172999918460846,0.1453000009059906,1.0,0.0,0.0,2.184213417768479,,2021,pit,RP
sa737056,Daniel Gonzalez,P,0.1754000037908554,0.1754000037908554,1.0,0.0,0.0,1.6778733506798744,,2021,pit,SP
sa829634,Alex Klonowski,P,0.28679999709129333,0.1518000066280365,1.0,0.0,0.0,1.9082666501402854,,2021,pit,SP
16452,Matt Wotherspoon,P,1.0,0.0,1.0,0.0,0.0,3.155859982222319,,2021,pit,RP
sa3006966,Brooks Wilson,P,0.3328999876976013,0.14190000295639038,1.0,0.0,0.0,2.0930599160492416,,2021,pit,RP
sa736833,Francisco Rios,P,0.882099986076355,0.025100000202655792,1.0,0.0,0.0,2.836833365261555,,2021,pit,RP
sa526934,Seth Blair,P,0.670199990272522,0.07020000368356705,1.0,0.0,0.0,2.736253356933594,,2021,pit,RP
12220,Keith Hessler,P,1.0,0.0,1.0,0.0,0.0,3.1212001115083696,,2021,pit,RP
sa738501,Ben Hecht,P,0.920799970626831,0.01679999940097332,1.0,0.0,0.0,3.071786710619927,,2021,pit,RP
24986,Colin Selby,P,0.1754000037908554,0.1754000037908554,1.0,0.0,0.0,1.6787398777902132,BAL,2021,pit,SP
15603,Ariel Hernández,P,1.0,0.0,1.0,0.0,0.0,3.250199972838164,,2021,pit,RP
21045,Seth Martinez,P,1.0,0.0,1.0,0.0,0.0,3.133586669713259,BOS,2021,pit,RP
sa738313,Cale Coshow,P,1.0,0.0,1.0,0.0,0.0,3.2511931270360948,,2021,pit,RP
sa747275,Rodrigo Benoit,P,1.0,0.0,1.0,0.0,0.0,3.090293472260237,,2021,pit,RP
sa875823,Evan Manarino,P,0.20919999480247498,0.16820000112056732,1.0,0.0,0.0,1.7610667563974851,,2021,pit,SP
12781,Sean Gilmartin,P,1.0,0.0,1.0,0.0,0.0,3.1632532395422457,,2021,pit,RP
10315,Michael Tonkin,P,1.0,0.0,1.0,0.0,0.0,3.1643334597349173,MIN,2021,pit,RP
22370,Raymond Burgos,P,0.1754000037908554,0.1754000037908554,1.0,0.0,0.0,1.8594797745347025,,2021,pit,SP
sa657689,Anthony Vizcaya,P,0.8507999777793884,0.03180000185966492,1.0,0.0,0.0,3.040626580268145,,2021,pit,RP
sa599323,Jordan Foley,P,0.835099995136261,0.035100001841783524,1.0,0.0,0.0,2.934946700930596,,2021,pit,RP
sa875283,Logan Cozart,P,0.8902999758720398,0.02329999953508377,1.0,0.0,0.0,2.259820011258125,,2021,pit,RP
sa875873,Franklyn Soriano,P,0.6791999936103821,0.0681999996304512,1.0,0.0,0.0,2.6787199519574645,,2021,pit,RP
22361,Colin Holderman,P,0.18700000643730164,0.17299999296665192,1.0,0.0,0.0,1.9620333723723884,CLE,2021,pit,SP
sa508063,Irwin Delgado,P,0.20350000262260437,0.16949999332427979,1.0,0.0,0.0,1.733660057932139,,2021,pit,SP
sa550328,Kenneth Sigman,P,0.2232999950647354,0.16529999673366547,1.0,0.0,0.0,1.7301866985857481,,2021,pit,SP
sa3007254,Ryan Tapani,P,0.4293999969959259,0.12139999866485596,1.0,0.0,0.0,2.012913198769093,WSN,2021,pit,RP
sa657974,Tyler Pike,P,0.828499972820282,0.0364999994635582,1.0,0.0,0.0,3.031033152341843,,2021,pit,RP
sa878421,Leovanny Rodriguez,P,1.0,0.0,1.0,0.0,0.0,3.214753366261721,,2021,pit,RP
521,Jason Grilli,P,1.0,0.0,1.0,0.0,0.0,3.1616933450102804,,2021,pit,RP
sa857700,Reilly Hovis,P,1.0,0.0,1.0,0.0,0.0,3.147693211585284,,2021,pit,RP
sa737380,Darwin Ramos,P,0.9093000292778015,0.019300000742077827,1.0,0.0,0.0,2.892746718227864,,2021,pit,RP
24750,Frank German,P,0.18529999256134033,0.17329999804496765,1.0,0.0,0.0,1.827673314511776,,2021,pit,SP
sa3004803,Brendan Feldmann,P,1.0,0.0,1.0,0.0,0.0,3.1029665894806393,,2021,pit,RP
sa841347,Jason Zgardowski,P,1.0,0.0,1.0,0.0,0.0,3.062559900432826,,2021,pit,RP
sa828791,Nick Wells,P,0.49619999527931213,0.10719999670982361,1.0,0.0,0.0,2.1448802404105662,,2021,pit,RP
sa3006956,Austin Hansen,P,0.2736000120639801,0.15459999442100525,1.0,0.0,0.0,2.3160134546458724,,2021,pit,SP
sa829470,Argenis Angulo,P,0.9273999929428101,0.015399999916553497,1.0,0.0,0.0,3.430833381414413,,2021,pit,RP
15101,Luke Farrell,P,1.0,0.0,1.0,0.0,0.0,3.0666600793600085,,2021,pit,RP
sa709717,Michael Johnson,P,0.84170001745224,0.03370000049471855,1.0,0.0,0.0,2.799926593899727,,2021,pit,RP
sa828365,Gabriel Valdez,P,0.5993000268936157,0.08529999852180481,1.0,0.0,0.0,2.5404468119144443,,2021,pit,RP
sa871772,Abdallah Aris,P,1.0,0.0,1.0,0.0,0.0,3.1493998758494857,PHI,2021,pit,RP
sa875269,Darin Gillies,P,0.9142000079154968,0.018200000748038292,1.0,0.0,0.0,3.245180048048496,,2021,pit,RP
11240,Kevin Chapman,P,1.0,0.0,1.0,0.0,0.0,3.037873250246048,,2021,pit,RP
6911,Eddie Gamboa,P,1.0,0.0,1.0,0.0,0.0,3.3714266657829284,,2021,pit,RP
sa830629,Wilmer Rios,P,0.3610000014305115,0.13600000739097595,1.0,0.0,0.0,1.9626332506537438,,2021,pit,RP
sa579619,Chris Jensen,P,0.3741999864578247,0.133200004696846,1.0,0.0,0.0,2.1277066908776763,,2021,pit,RP
sa945471,Cameron Mingo,P,0.2727000117301941,0.15469999611377716,1.0,0.0,0.0,1.954226694256068,CLE,2021,pit,SP
21448,Davis Martin,P,0.1754000037908554,0.1754000037908554,1.0,0.0,0.0,1.547386641055346,CHW,2021,pit,SP
12183,Cody Allen,P,1.0,0.0,1.0,0.0,0.0,3.200886829942465,,2021,pit,RP
sa876287,Riley Thompson,P,0.1754000037908554,0.1754000037908554,1.0,0.0,0.0,1.7278334617614752,,2021,pit,SP
sa829005,Lane Ratliff,P,0.41130000352859497,0.12530000507831573,1.0,0.0,0.0,2.2803733877837664,,2021,pit,RP
sa829137,Ryan Williams,P,1.0,0.0,1.0,0.0,0.0,2.958040115982295,,2021,pit,RP
sa3001059,Jorge Martinez,P,0.18289999663829803,0.17389999330043793,1.0,0.0,0.0,1.6468598634004588,,2021,pit,SP
18439,Danny Young,P,1.0,0.0,1.0,0.0,0.0,3.073239865154028,ATL,2021,pit,RP
19642,Eduardo Jiménez,P,1.0,0.0,1.0,0.0,0.0,3.0025935269892217,,2021,pit,RP
sa873974,Tyler Thomas,P,0.1754000037908554,0.1754000037908554,1.0,0.0,0.0,1.6593731306493287,,2021,pit,SP
sa830644,Malvin Pena,P,0.1754000037908554,0.1754000037908554,1.0,0.0,0.0,1.5096732243895539,,2021,pit,SP
sa857605,Zack Erwin,P,1.0,0.0,1.0,0.0,0.0,3.277239920943976,,2021,pit,RP
sa829651,Cody Stull,P,1.0,0.0,1.0,0.0,0.0,3.0451199389994144,,2021,pit,RP
sa3004671,Justin Hoyt,P,1.0,0.0,1.0,0.0,0.0,3.107786639034748,LAD,2021,pit,RP
3685,J.D. Martin,P,0.1754000037908554,0.1754000037908554,1.0,0.0,0.0,1.7596998184919355,,2021,pit,SP
sa599473,David Kubiak,P,0.1754000037908554,0.1754000037908554,1.0,0.0,0.0,1.64886012673378,,2021,pit,SP
sa737329,Juliandry Higuera,P,0.8770999908447266,0.026100000366568565,1.0,0.0,0.0,2.904753339290619,,2021,pit,RP
sa3004576,Cameron Ming,P,1.0,0.0,1.0,0.0,0.0,2.9743133783340454,,2021,pit,RP
23301,Janson Junk,P,0.2644999921321869,0.15649999678134918,1.0,0.0,0.0,1.8925132490694527,MIA,2021,pit,SP
20020,John Schreiber,P,1.0,0.0,1.0,0.0,0.0,3.1273067869246005,KCR,2021,pit,RP
23809,Ray Kerr,P,0.45989999175071716,0.11490000039339066,1.0,0.0,0.0,2.551013222336769,ATL,2021,pit,RP
26252,Erik Miller,P,0.25540000200271606,0.15839999914169312,1.0,0.0,0.0,1.8773998007178307,SFG,2021,pit,SP
sa736742,Raffi Vizcaíno,P,1.0,0.0,1.0,0.0,0.0,3.4979464851319793,,2021,pit,RP
16727,Brock Stewart,P,1.0,0.0,1.0,0.0,0.0,2.9920865707099433,LAD,2021,pit,RP
sa915740,Shane McCarthy,P,0.1754000037908554,0.1754000037908554,1.0,0.0,0.0,1.8073333293199538,,2021,pit,SP
sa3010380,Ethan Elliott,P,0.1754000037908554,0.1754000037908554,1.0,0.0,0.0,1.767173539847136,,2021,pit,SP
sa875398,Joe Zanghi,P,0.8112000226974487,0.04019999876618385,1.0,0.0,0.0,3.026859948784113,,2021,pit,RP
sa501219,Zack Dodson,P,0.1754000037908554,0.1754000037908554,1.0,0.0,0.0,1.63617330417037,,2021,pit,SP
21453,Konnor Pilkington,P,0.1754000037908554,0.1754000037908554,1.0,0.0,0.0,1.6556866921484468,DET,2021,pit,SP
sa3007803,Trenton Toplikar,P,0.23810000717639923,0.16210000216960907,1.0,0.0,0.0,2.138446694612503,,2021,pit,SP
8421,Adam Wilk,P,0.5827999711036682,0.08879999816417694,1.0,0.0,0.0,2.357193461060524,,2021,pit,RP
20042,Jesus Cruz,P,1.0,0.0,1.0,0.0,0.0,3.492706635594368,,2021,pit,RP
sa738506,Dalton Moats,P,0.835099995136261,0.035100001841783524,1.0,0.0,0.0,3.218640022724867,,2021,pit,RP
sa547815,Joan Gregorio,P,1.0,0.0,1.0,0.0,0.0,3.050439900159836,,2021,pit,RP
11506,Jeff Ferrell,P,1.0,0.0,1.0,0.0,0.0,2.541593194007874,BAL,2021,pit,RP
sa392227,Roy Merritt,P,0.1754000037908554,0.1754000037908554,1.0,0.0,0.0,1.5851466722786434,,2021,pit,SP
6661,Alex Colomé,P,65.0,0.0,65.0,19.849000930786133,6.714200019836426,352.2002653598786,,2021,pit,RP
19756,Yoshihisa Hirano,P,1.0,0.0,1.0,0.0,0.0,3.0654867462813855,,2021,pit,RP
2047,Jorge De La Rosa,P,1.0,0.0,1.0,0.0,0.0,2.9917067706584928,,2021,pit,RP
sa3008514,Jake Haberer,P,1.0,0.0,1.0,0.0,0.0,3.4029599189758306,,2021,pit,RP
17952,Tyler Jay,P,0.978600025177002,0.004600000102072954,1.0,0.0,0.0,2.9600602276623253,MIL,2021,pit,RP
17860,José Rodríguez,P,1.0,0.0,1.0,0.0,0.0,3.1094397678971295,,2021,pit,RP
12982,Andrew Faulkner,P,1.0,0.0,1.0,0.0,0.0,3.0675467193126678,LAD,2021,pit,RP
sa3002745,Jon Malmin,P,0.8144999742507935,0.039500001817941666,1.0,0.0,0.0,2.851313392072916,LAA,2021,pit,RP
14860,Kyle Martin,P,1.0,0.0,1.0,0.0,0.0,3.070266585052013,,2021,pit,RP
3547,Carlos Frías,P,1.0,0.0,1.0,0.0,0.0,2.93104659691453,CLE,2021,pit,RP
sa737077,Rafael Pujols,P,1.0,0.0,1.0,0.0,0.0,3.1300132319331175,,2021,pit,RP
sa739879,Estarlin Arias,P,1.0,0.0,1.0,0.0,0.0,3.0711268581449986,,2021,pit,RP
sa738349,Cory Thompson,P/SS,1.0,0.0,1.0,0.0,0.0,2.9202931992709638,,2021,pit,RP
11571,José Domínguez,P,1.0,0.0,1.0,0.0,0.0,3.0132400237023833,SFG,2021,pit,RP
19868,Drew Carlton,P,1.0,0.0,1.0,0.0,0.0,3.0538932174444198,,2021,pit,RP
sa875253,Thomas McIlraith,P,1.0,0.0,1.0,0.0,0.0,3.23200001269579,,2021,pit,RP
sa857676,Drew Harrington,P,0.2669999897480011,0.15600000321865082,1.0,0.0,0.0,1.772806640714407,,2021,pit,SP
13420,Matt Koch,P,1.0,0.0,1.0,0.0,0.0,2.809159883111715,,2021,pit,RP
sa919895,Willy Collado,P,1.0,0.0,1.0,0.0,0.0,3.2207134626805787,,2021,pit,RP
sa737234,Olbis Parra,P,1.0,0.0,1.0,0.0,0.0,2.950206733494997,,2021,pit,RP
sa915622,Kade McClure,P,0.1754000037908554,0.1754000037908554,1.0,0.0,0.0,1.5030065476894374,,2021,pit,SP
14033,Mike Hauschild,P,0.76910001039505,0.04910000041127205,1.0,0.0,0.0,2.6267200477421286,,2021,pit,RP
19524,Alan Rangel,P,0.20180000364780426,0.16979999840259552,1.0,0.0,0.0,1.7970467753708363,PHI,2021,pit,SP
9646,Brian Moran,P,1.0,0.0,1.0,0.0,0.0,3.569999861717225,,2021,pit,RP
sa3004713,Tim Naughton,P,1.0,0.0,1.0,0.0,0.0,2.6589201368391513,DET,2021,pit,RP
sa502134,Zack Jones,P,1.0,0.0,1.0,0.0,0.0,3.2094668403267863,,2021,pit,RP
23920,Brayan Bello,P,0.1754000037908554,0.1754000037908554,1.0,0.0,0.0,1.6415267594158647,BOS,2021,pit,SP
23425,Jared Solomon,P,0.1754000037908554,0.1754000037908554,1.0,0.0,0.0,1.3297200232744215,,2021,pit,SP
6697,Miguel Socolovich,P,1.0,0.0,1.0,0.0,0.0,2.9161665223538877,,2021,pit,RP
sa3004663,Alex Eubanks,P,0.33869999647140503,0.14069999754428864,1.0,0.0,0.0,1.8916065938770772,,2021,pit,RP
sa737825,Josh Uhen,P,1.0,0.0,1.0,0.0,0.0,3.1549934417009355,MIL,2021,pit,RP
16125,Chris Ellis,P,1.0,0.0,1.0,0.0,0.0,3.4090132631361487,,2021,pit,RP
sa874197,Stephen Villines,P,1.0,0.0,1.0,0.0,0.0,2.9824734397232526,,2021,pit,RP
sa657275,Frederis Parra,P,0.19769999384880066,0.17069999873638153,1.0,0.0,0.0,1.505580162256957,,2021,pit,SP
sa737066,Jesus Zambrano,P,0.9200000166893005,0.017000000923871994,1.0,0.0,0.0,3.154539799690247,,2021,pit,RP
sa876303,Andy Cox,P,1.0,0.0,1.0,0.0,0.0,3.1305134303867823,,2021,pit,RP
sa918249,Brandon White,P,1.0,0.0,1.0,0.0,0.0,3.098846640437842,,2021,pit,RP
7841,Jerry Blevins,P,1.0,0.0,1.0,0.0,0.0,3.360333184897899,NYM,2021,pit,RP
sa598187,Fernando Perez,P,1.0,0.0,1.0,0.0,0.0,3.017539964616299,,2021,pit,RP
10983,Ben Rowen,P,1.0,0.0,1.0,0.0,0.0,2.6869532480835923,,2021,pit,RP
21997,Luis Frías,P,0.1754000037908554,0.1754000037908554,1.0,0.0,0.0,1.9245933018624783,,2021,pit,SP
14239,Dario Alvarez,P,1.0,0.0,1.0,0.0,0.0,3.0873533785343175,,2021,pit,RP
12854,Elvis Araujo,P,1.0,0.0,1.0,0.0,0.0,3.059393292665482,,2021,pit,RP
7725,David Holmberg,P,0.5902000069618225,0.08720000088214874,1.0,0.0,0.0,2.2754934065043924,,2021,pit,RP
9486,George Kontos,P,1.0,0.0,1.0,0.0,0.0,2.849326517432928,,2021,pit,RP
11596,Deck McGuire,P,0.7906000018119812,0.044599998742341995,1.0,0.0,0.0,2.784313529729843,,2021,pit,RP
21520,Hogan Harris,P,0.20100000500679016,0.17000000178813934,1.0,0.0,0.0,2.159220051765442,OAK,2021,pit,SP
sa737233,Algenis Martinez,P,1.0,0.0,1.0,0.0,0.0,2.9822798490524294,,2021,pit,RP
8007,Jason Gurka,P,1.0,0.0,1.0,0.0,0.0,2.7753266505897045,,2021,pit,RP
19891,Ryder Ryan,P,0.7501999735832214,0.053199999034404755,1.0,0.0,0.0,2.633626889437437,LAD,2021,pit,RP
6570,Tom Koehler,P,0.30649998784065247,0.14749999344348907,1.0,0.0,0.0,2.0033332549035547,,2021,pit,RP
sa875342,Domenic Mazza,P,0.2578999996185303,0.15790000557899475,1.0,0.0,0.0,1.827899925410748,,2021,pit,SP
sa915601,Christian Taugner,P,0.25459998846054077,0.15860000252723694,1.0,0.0,0.0,1.6612266920506955,,2021,pit,SP
sa840024,Nolan Riggs,P,1.0,0.0,1.0,0.0,0.0,3.07725997492671,HOU,2021,pit,RP
sa3003104,Ismael Aquino,P,0.8770999908447266,0.026100000366568565,1.0,0.0,0.0,2.944119901955128,,2021,pit,RP
sa918908,Justin Kelly,P,1.0,0.0,1.0,0.0,0.0,3.2088066637516026,,2021,pit,RP
18313,Pedro Payano,P,0.40049999952316284,0.1274999976158142,1.0,0.0,0.0,2.3352398842573168,,2021,pit,RP
sa3005060,Marcelo Martinez,P,0.25870001316070557,0.15770000219345093,1.0,0.0,0.0,1.9707132637500764,,2021,pit,SP
19785,Jake Lemoine,P,1.0,0.0,1.0,0.0,0.0,2.8776132136583334,,2021,pit,RP
sa658316,Will LaMarche,P,1.0,0.0,1.0,0.0,0.0,3.04810672774911,,2021,pit,RP
22207,DL Hall,P,0.19439999759197235,0.17139999568462372,1.0,0.0,0.0,1.4774266324937346,MIL,2021,pit,SP
sa917821,Luis Ramirez,P,0.7469000220298767,0.05389999970793724,1.0,0.0,0.0,2.5664798311889174,,2021,pit,RP
19281,Nick Hernandez,P,1.0,0.0,1.0,0.0,0.0,3.2255599379539497,OAK,2021,pit,RP
4971,Fernando Salas,P,1.0,0.0,1.0,0.0,0.0,2.7902465946972366,,2021,pit,RP
14962,Rookie Davis,P,0.7682999968528748,0.049300000071525574,1.0,0.0,0.0,2.6282067075371742,,2021,pit,RP
8501,Danny Farquhar,P,1.0,0.0,1.0,0.0,0.0,3.027113348245621,,2021,pit,RP
sa203945,Pablo Ortega,P,0.6248000264167786,0.07980000227689743,1.0,0.0,0.0,2.2539332814514643,,2021,pit,RP
3397,Jumbo Diaz,P,1.0,0.0,1.0,0.0,0.0,3.4223532795906073,,2021,pit,RP
10234,Bryan Morris,P,1.0,0.0,1.0,0.0,0.0,2.8885398335754875,,2021,pit,RP
sa735860,Alexis Rivero,P,0.4821999967098236,0.11020000278949738,1.0,0.0,0.0,2.267053314298391,,2021,pit,RP
sa918532,Hunter Smith,P,0.7484999895095825,0.05350000038743019,1.0,0.0,0.0,2.599479953199625,,2021,pit,RP
sa829294,McKenzie Mills,P,0.4203000068664551,0.12330000102519989,1.0,0.0,0.0,2.2245667226612564,,2021,pit,RP
21170,Dany Jiménez,P,1.0,0.0,1.0,0.0,0.0,3.245099946856499,,2021,pit,RP
16470,Roel Ramírez,P,1.0,0.0,1.0,0.0,0.0,3.287606675177813,,2021,pit,RP
sa505270,Gabriel Perez,P,0.1754000037908554,0.1754000037908554,1.0,0.0,0.0,1.6880864344537256,,2021,pit,SP
sa3008478,Tom Sutera,P,0.34940001368522644,0.13840000331401825,1.0,0.0,0.0,1.886373218894005,,2021,pit,RP
sa3004441,Ivan Pelaez,P,0.7419000267982483,0.05490000173449516,1.0,0.0,0.0,2.833213512599469,,2021,pit,RP
sa829707,Justin Ferrell,P,0.9480999708175659,0.011099999770522118,1.0,0.0,0.0,3.0083999827504164,,2021,pit,RP
sa603017,Ranfi Casimiro,P,1.0,0.0,1.0,0.0,0.0,2.9732799127697946,,2021,pit,RP
sa3004024,Graham Spraker,P,0.24719999730587006,0.16019999980926514,1.0,0.0,0.0,1.8356464490294457,,2021,pit,SP
sa659945,Luis Cedeno,P,0.7484999895095825,0.05350000038743019,1.0,0.0,0.0,2.7311532653868205,,2021,pit,RP
5057,Yohan Flande,P,1.0,0.0,1.0,0.0,0.0,2.7649666979908942,COL,2021,pit,RP
5200,Kelvin Marte,P,1.0,0.0,1.0,0.0,0.0,2.8125134944915775,,2021,pit,RP
sa3002607,Niomar Gomez,P,0.1754000037908554,0.1754000037908554,1.0,0.0,0.0,1.4248732343316077,,2021,pit,SP
16419,Chih-Wei Hu,P,1.0,0.0,1.0,0.0,0.0,2.980393312126398,,2021,pit,RP
24993,Kody Funderburk,P,0.25049999356269836,0.15950000286102295,1.0,0.0,0.0,1.9613133855164055,MIN,2021,pit,SP
16532,Harrison Musgrave,P,1.0,0.0,1.0,0.0,0.0,2.987373401224614,,2021,pit,RP
22296,Joe Barlow,P,1.0,0.0,1.0,0.0,0.0,3.2578266240656375,,2021,pit,RP
12232,Cody Hall,P,1.0,0.0,1.0,0.0,0.0,3.0133398167788985,,2021,pit,RP
sa3010661,Zak Baayoun,P,0.1754000037908554,0.1754000037908554,1.0,0.0,0.0,0.7677933320403101,,2021,pit,SP
sa3008335,Kohl Franklin,P,0.1754000037908554,0.1754000037908554,1.0,0.0,0.0,1.7245534271001817,CHC,2021,pit,SP
sa873675,Mitchell Jordan,P,0.210099995136261,0.1680999994277954,1.0,0.0,0.0,1.8088868513703344,,2021,pit,SP
sa875411,Blake Smith,P,1.0,0.0,1.0,0.0,0.0,3.0233201950788504,,2021,pit,RP
sa550830,Harrison Cooney,P,1.0,0.0,1.0,0.0,0.0,3.084846670925618,,2021,pit,RP
13707,Joey Krehbiel,P,1.0,0.0,1.0,0.0,0.0,3.436526542901993,,2021,pit,RP
21504,Jake Irvin,P,0.1754000037908554,0.1754000037908554,1.0,0.0,0.0,1.3965001806616777,WSN,2021,pit,SP
sa548115,Octavio Acosta,P,0.19030000269412994,0.17229999601840973,1.0,0.0,0.0,1.5962268896400933,,2021,pit,SP
sa918674,Grant Gavin,P,1.0,0.0,1.0,0.0,0.0,3.1754934199154374,,2021,pit,RP
sa455794,Charle Rosario,P,0.1754000037908554,0.1754000037908554,1.0,0.0,0.0,1.4639599531888958,,2021,pit,SP
20422,Jovani Morán,P,1.0,0.0,1.0,0.0,0.0,3.330433209985495,BOS,2021,pit,RP
sa659070,Jonathan Dziedzic,P,0.5414999723434448,0.09749999642372131,1.0,0.0,0.0,2.3057600229978563,,2021,pit,RP
4682,Pat Neshek,P,1.0,0.0,1.0,0.0,0.0,2.811353384703398,,2021,pit,RP
18719,Seunghwan Oh,P,1.0,0.0,1.0,0.0,0.0,2.942999746650458,,2021,pit,RP
sa3007931,Denny Bentley,P,1.0,0.0,1.0,0.0,0.0,3.1530333593487745,,2021,pit,RP
19330,Matt Festa,P,1.0,0.0,1.0,0.0,0.0,3.2401532590389257,CLE,2021,pit,RP
5279,Chris Tillman,P,0.1754000037908554,0.1754000037908554,1.0,0.0,0.0,1.5102201759815217,,2021,pit,SP
sa829631,Matt Blackham,P,1.0,0.0,1.0,0.0,0.0,3.4464334450662135,,2021,pit,RP
23465,Tommy Romero,P,0.2167000025510788,0.16670000553131104,1.0,0.0,0.0,2.258400055766106,,2021,pit,SP
13393,Brady Rodgers,P,1.0,0.0,1.0,0.0,0.0,2.8773066230118274,,2021,pit,RP
sa599334,Wyatt Strahan,P,0.8945000171661377,0.02250000089406967,1.0,0.0,0.0,2.7010666139423853,,2021,pit,RP
sa3007614,Will Kobos,P,0.1754000037908554,0.1754000037908554,1.0,0.0,0.0,1.6068866416811947,,2021,pit,SP
sa829049,Emilio Ogando,P,0.8252000212669373,0.03720000013709068,1.0,0.0,0.0,2.823206831514836,,2021,pit,RP
sa874967,Riley Ferrell,P,1.0,0.0,1.0,0.0,0.0,3.252579963952303,,2021,pit,RP
sa737534,Ian Clarkin,P,1.0,0.0,1.0,0.0,0.0,2.168319880962372,,2021,pit,RP
16793,Kyle McGrath,P,1.0,0.0,1.0,0.0,0.0,2.916786702722311,,2021,pit,RP
21741,Javier Assad,P,0.1754000037908554,0.1754000037908554,1.0,0.0,0.0,1.6286069430410857,CHC,2021,pit,SP
sa549801,Kirby Bellow,P,1.0,0.0,1.0,0.0,0.0,2.9918001137673857,,2021,pit,RP
21656,Kervin Castro,P,0.1754000037908554,0.1754000037908554,1.0,0.0,0.0,1.8719133168458946,NYY,2021,pit,SP
sa501449,Miguel Pena,P,0.3305000066757202,0.14249999821186066,1.0,0.0,0.0,1.8721665531396865,,2021,pit,RP
7947,Cory Gearrin,P,1.0,0.0,1.0,0.0,0.0,3.0191465385258205,,2021,pit,RP
sa3007712,Colin Schmid,P,0.1754000037908554,0.1754000037908554,1.0,0.0,0.0,1.7952467225492001,,2021,pit,SP
18140,Jay Flaa,P,0.7682999968528748,0.049300000071525574,1.0,0.0,0.0,2.2561200603842737,ATL,2021,pit,RP
sa553503,Reinier Roibal,P,0.19359999895095825,0.17159999907016754,1.0,0.0,0.0,1.6297133028507238,,2021,pit,SP
22304,Brenan Hanifee,P,0.19030000269412994,0.17229999601840973,1.0,0.0,0.0,0.9979534015059475,DET,2021,pit,SP
11686,Josh Lucas,P,1.0,0.0,1.0,0.0,0.0,2.88040019273758,,2021,pit,RP
sa3007718,Layne Henderson,P,1.0,0.0,1.0,0.0,0.0,3.170586591213942,,2021,pit,RP
sa875199,Nate Griep,P,1.0,0.0,1.0,0.0,0.0,2.3366798713803294,,2021,pit,RP
7466,Anthony Swarzak,P,12.0,0.0,12.0,0.0,0.6761000156402588,44.17719999551774,,2021,pit,RP
sa828802,Jake Cosart,P,1.0,0.0,1.0,0.0,0.0,3.0932000897824765,,2021,pit,RP
17874,Nestor Cortes,P,0.9645000100135803,0.007499999832361937,1.0,0.0,0.0,2.7083133734762663,,2021,pit,RP
sa659658,Francisco Jimenez,P,1.0,0.0,1.0,0.0,0.0,2.928500017523766,,2021,pit,RP
9121,TJ House,P,1.0,0.0,1.0,0.0,0.0,2.7691131360828884,,2021,pit,RP
sa738692,Lukas Schiraldi,P,1.0,0.0,1.0,0.0,0.0,3.030446524173022,,2021,pit,RP
sa656038,Jefferson Medina,P,0.9075999855995178,0.019600000232458115,1.0,0.0,0.0,2.7964264869689948,,2021,pit,RP
14165,Rob Whalen,P,1.0,0.0,1.0,0.0,0.0,3.0649198718369006,,2021,pit,RP
18510,Josh Rogers,P,1.0,0.0,1.0,0.0,0.0,2.3198602557182313,,2021,pit,RP
24094,Ronny Henriquez,P,0.19280000030994415,0.17180000245571136,1.0,0.0,0.0,1.5737799741327763,MIA,2021,pit,SP
sa3004470,Will Latcham,P,1.0,0.0,1.0,0.0,0.0,2.925866750627756,,2021,pit,RP
9654,Michael Blazek,P,1.0,0.0,1.0,0.0,0.0,2.991886850446462,,2021,pit,RP
sa656048,Eudis Idrogo,P,0.39149999618530273,0.12950000166893005,1.0,0.0,0.0,1.937593489140272,,2021,pit,RP
sa3006127,Carlos Guarate,P,0.20759999752044678,0.16859999299049377,1.0,0.0,0.0,1.7342932425439357,,2021,pit,SP
21527,James McArthur,P,0.3296000063419342,0.14259999990463257,1.0,0.0,0.0,1.9449932143092155,KCR,2021,pit,RP
19814,David McKay,P,1.0,0.0,1.0,0.0,0.0,3.350733218342066,,2021,pit,RP
5280,Esmerling Vasquez,P,0.24799999594688416,0.1599999964237213,1.0,0.0,0.0,1.6606066539883613,,2021,pit,SP
sa3004736,Jacob Heatherly,P,0.1754000037908554,0.1754000037908554,1.0,0.0,0.0,1.263346682488919,CHW,2021,pit,SP
sa827196,Nick Howard,P,1.0,0.0,1.0,0.0,0.0,2.572046756744385,,2021,pit,RP
sa875780,Travis Herrin,P,0.2694000005722046,0.15539999306201935,1.0,0.0,0.0,1.6714134797453886,,2021,pit,SP
sa919332,Kevin Lenik,P,1.0,0.0,1.0,0.0,0.0,3.047419868409634,,2021,pit,RP
sa3003084,Hector Soto,P,0.5069000124931335,0.10490000247955322,1.0,0.0,0.0,2.354013212025165,,2021,pit,RP
19545,Stephen Nogosek,P,1.0,0.0,1.0,0.0,0.0,3.3094866186380387,,2021,pit,RP
11502,Parker Bridwell,P,0.7939000129699707,0.04390000179409981,1.0,0.0,0.0,2.5605599924921987,,2021,pit,RP
9227,Koji Uehara,P,1.0,0.0,1.0,0.0,0.0,2.9732067123055463,,2021,pit,RP
2873,Santiago Casilla,P,1.0,0.0,1.0,0.0,0.0,2.9059267424046995,,2021,pit,RP
sa3010256,Avery Weems,P,0.1754000037908554,0.1754000037908554,1.0,0.0,0.0,1.4320000663399703,,2021,pit,SP
sa872514,Alberto Guerrero,P,0.18860000371932983,0.17260000109672546,1.0,0.0,0.0,1.7589665077626706,,2021,pit,SP
sa508195,Manuel Flores,P,0.1754000037908554,0.1754000037908554,1.0,0.0,0.0,1.5046598747372628,,2021,pit,SP
sa873148,Dalbert Siri,P,1.0,0.0,1.0,0.0,0.0,3.181993424892426,,2021,pit,RP
sa917880,Jeronimo Castro,P,0.1754000037908554,0.1754000037908554,1.0,0.0,0.0,1.6272198811173442,LAD,2021,pit,SP
sa917323,Jose Chacin,P,0.3312999904155731,0.14229999482631683,1.0,0.0,0.0,1.7461265951395042,,2021,pit,RP
sa3008618,Jin-Woo Kim,P,0.20679999887943268,0.1687999963760376,1.0,0.0,0.0,1.5875934407114984,,2021,pit,SP
9975,Tom Wilhelmsen,P,1.0,0.0,1.0,0.0,0.0,2.8255065403878694,SDP,2021,pit,RP
4920,Joe Colón J,P,1.0,0.0,1.0,0.0,0.0,3.0161799453198914,,2021,pit,RP
22224,Jonathan Heasley,P,0.2150000035762787,0.16699999570846558,1.0,0.0,0.0,1.6784067936241622,KCR,2021,pit,SP
15007,Yacksel Ríos,P,1.0,0.0,1.0,0.0,0.0,3.0631600938737393,CHC,2021,pit,RP
14399,Robinson Leyer,P,0.8234999775886536,0.03750000149011612,1.0,0.0,0.0,3.1176467821002007,,2021,pit,RP
13322,Jake Barrett,P,1.0,0.0,1.0,0.0,0.0,2.981100012362003,,2021,pit,RP
sa657885,Cristian Alvarado,P,1.0,0.0,1.0,0.0,0.0,3.086433477699757,,2021,pit,RP
sa592948,David Reyes,P,0.35440000891685486,0.13740000128746033,1.0,0.0,0.0,1.7824000164866445,,2021,pit,RP
6983,Drew Storen,P,1.0,0.0,1.0,0.0,0.0,2.7556867733597756,,2021,pit,RP
13946,Tim Peterson,P,1.0,0.0,1.0,0.0,0.0,2.9328199446201326,,2021,pit,RP
sa875683,Dustin Hurlbutt,P,0.1754000037908554,0.1754000037908554,1.0,0.0,0.0,1.5910465732216839,,2021,pit,SP
24486,Nick Allgeyer,P,0.18289999663829803,0.17389999330043793,1.0,0.0,0.0,1.6124066568911073,,2021,pit,SP
17942,Adonis Rosa,P,1.0,0.0,1.0,0.0,0.0,2.8300866723060603,,2021,pit,RP
25097,Garrett Hill,P,0.1754000037908554,0.1754000037908554,1.0,0.0,0.0,1.7264267392456532,,2021,pit,SP
sa919018,Justin Camp,P,1.0,0.0,1.0,0.0,0.0,2.9055398106575017,,2021,pit,RP
14867,Nick Rumbelow,P,1.0,0.0,1.0,0.0,0.0,2.876526489853859,,2021,pit,RP
sa3007958,Cody Deason,P,0.23070000112056732,0.16369999945163727,1.0,0.0,0.0,1.9379333250224589,,2021,pit,SP
sa1116003,Ricky DeVito,P,0.24310000240802765,0.16110000014305115,1.0,0.0,0.0,1.7646266892552376,,2021,pit,SP
sa3005415,Carlos Sano,P,0.957099974155426,0.009100000374019146,1.0,0.0,0.0,3.2271199241280564,,2021,pit,RP
sa202000,Jose Oyervides,P,0.1754000037908554,0.1754000037908554,1.0,0.0,0.0,1.5057265609502792,,2021,pit,SP
sa919219,Randy Pondler,P,1.0,0.0,1.0,0.0,0.0,2.8833000980317594,,2021,pit,RP
sa828794,Brian Gonzalez,P,0.852400004863739,0.03139999881386757,1.0,0.0,0.0,2.0668934904038903,SDP,2021,pit,RP
sa918361,Devan Watts,P,1.0,0.0,1.0,0.0,0.0,2.9066465221345426,,2021,pit,RP
7773,Shawn Kelley,P,1.0,0.0,1.0,0.0,0.0,2.903046629577876,,2021,pit,RP
sa3006776,Wyatt Burns,P,1.0,0.0,1.0,0.0,0.0,2.7939134098589427,,2021,pit,RP
sa915633,Brian Shaffer,P,0.5819000005722046,0.08889999985694885,1.0,0.0,0.0,2.718639914691449,,2021,pit,RP
7450,Phil Hughes,P,0.8259999752044678,0.03700000047683716,1.0,0.0,0.0,2.5634801693260676,,2021,pit,RP
9674,Vidal Nuño,P,1.0,0.0,1.0,0.0,0.0,3.22006002664566,,2021,pit,RP
sa542987,Luis Niebla,P,0.29580000042915344,0.14980000257492065,1.0,0.0,0.0,1.748873347043991,,2021,pit,SP
18854,Ben Meyer,P,1.0,0.0,1.0,0.0,0.0,2.234133295714855,COL,2021,pit,RP
sa738328,Matt Brill,P,1.0,0.0,1.0,0.0,0.0,3.1195064902305605,,2021,pit,RP
14382,Wei-Chung Wang,P,1.0,0.0,1.0,0.0,0.0,2.8528065212070945,,2021,pit,RP
sa921581,Matt Pobereyko,P,1.0,0.0,1.0,0.0,0.0,3.007413238286972,,2021,pit,RP
23091,Robinson Piña,P,0.21250000596046448,0.16750000417232513,1.0,0.0,0.0,1.6695332653820514,,2021,pit,SP
sa873200,Joel Espinal,P,0.3732999861240387,0.13330000638961792,1.0,0.0,0.0,1.9800200648605824,TOR,2021,pit,RP
sa3004338,Randy Bell,P,0.24469999969005585,0.1606999933719635,1.0,0.0,0.0,1.6291067212820054,SEA,2021,pit,SP
sa502193,Austin House,P,1.0,0.0,1.0,0.0,0.0,2.870220082253218,,2021,pit,RP
sa3003145,Manuel Santiago,P,0.28839999437332153,0.15139999985694885,1.0,0.0,0.0,1.7006799466907982,,2021,pit,SP
17092,Domingo Acevedo,P,1.0,0.0,1.0,0.0,0.0,3.2163133673369884,,2021,pit,RP
sa3010567,Dalton Roach,P,0.1754000037908554,0.1754000037908554,1.0,0.0,0.0,1.741846650838852,,2021,pit,SP
sa503692,Jeff Ames,P,0.8582000136375427,0.03020000085234642,1.0,0.0,0.0,2.9361068785190585,,2021,pit,RP
1137,Jerome Williams,P,1.0,0.0,1.0,0.0,0.0,2.6359733879566187,,2021,pit,RP
22913,Francisco Morales,P,0.2892000079154968,0.15119999647140503,1.0,0.0,0.0,1.8507331304252141,,2021,pit,SP
8004,Marcus Walden,P,3.0,0.0,3.0,0.0,0.6876999735832214,12.437559995055203,,2021,pit,RP
sa857684,Ryan Perez,P,0.2825999855995178,0.1526000052690506,1.0,0.0,0.0,1.7129467301070695,CLE,2021,pit,SP
19495,Mike Shawaryn,P,1.0,0.0,1.0,0.0,0.0,2.9398465745151046,,2021,pit,RP
sa828548,Jose Nin,P,1.0,0.0,1.0,0.0,0.0,2.809106697142125,,2021,pit,RP
sa795086,Tiago Da Silva,P,0.4442000091075897,0.11819999665021896,1.0,0.0,0.0,1.931613366305828,,2021,pit,RP
23391,Ricky Vanasco,P,0.1754000037908554,0.1754000037908554,1.0,0.0,0.0,1.5374265737831592,DET,2021,pit,SP
sa548277,Ralston Cash,P,1.0,0.0,1.0,0.0,0.0,3.011506558209658,,2021,pit,RP
sa918939,Garrison Bryant,P,0.2257000058889389,0.1647000014781952,1.0,0.0,0.0,1.8897999919950963,,2021,pit,SP
10688,Tyler Thornburg,P,1.0,0.0,1.0,0.0,0.0,2.910513278841973,,2021,pit,RP
6238,Diego Moreno,P,1.0,0.0,1.0,0.0,0.0,3.1632800228893756,,2021,pit,RP
sa873637,Reece Karalus,P,0.7972000241279602,0.04320000112056732,1.0,0.0,0.0,2.638833372294903,,2021,pit,RP
sa829666,Zach Lewis,P,0.2578999996185303,0.15790000557899475,1.0,0.0,0.0,1.5812867134809494,CHW,2021,pit,SP
sa828169,Yeudy Garcia,P,0.798799991607666,0.04280000180006027,1.0,0.0,0.0,2.6693998403847226,,2021,pit,RP
8600,Dustin McGowan,P,1.0,0.0,1.0,0.0,0.0,3.0886732168495654,TBR,2021,pit,RP
15130,Drew Anderson,P,1.0,0.0,1.0,0.0,0.0,2.5301867686212063,DET,2021,pit,RP
sa3008595,Alex Phillips,P,0.916700005531311,0.01769999973475933,1.0,0.0,0.0,2.9401733443140983,,2021,pit,RP
10285,Josh Smoker,P,1.0,0.0,1.0,0.0,0.0,2.9424998760223393,,2021,pit,RP
sa325738,Rolando Valdez,P,0.2167000025510788,0.16670000553131104,1.0,0.0,0.0,1.4135732404887675,,2021,pit,SP
sa3006830,Dallas Litscher,P,0.20180000364780426,0.16979999840259552,1.0,0.0,0.0,1.1253067620098585,,2021,pit,SP
18792,Miguel Del Pozo,P,1.0,0.0,1.0,0.0,0.0,3.207913330942393,,2021,pit,RP
sa509937,Luis Mendez,P,0.19850000739097595,0.1704999953508377,1.0,0.0,0.0,1.460266573727131,,2021,pit,SP
1642,Francisco Rodríguez,P,1.0,0.0,1.0,0.0,0.0,2.7739067278802394,,2021,pit,RP
16684,Zac Curtis,P,1.0,0.0,1.0,0.0,0.0,3.070939942449332,,2021,pit,RP
sa873150,Diego Cordero,P,0.1754000037908554,0.1754000037908554,1.0,0.0,0.0,1.6103868938982484,,2021,pit,SP
sa3000055,Alexis Candelario,P,0.19189999997615814,0.17190000414848328,1.0,0.0,0.0,1.4962067894637592,,2021,pit,SP
sa829581,Chris Mathewson,P,0.34940001368522644,0.13840000331401825,1.0,0.0,0.0,1.865693394094706,,2021,pit,RP
sa874149,Brett Hanewich,P,1.0,0.0,1.0,0.0,0.0,2.9986532770097263,,2021,pit,RP
4544,Chris Smith,P,0.3089999854564667,0.1469999998807907,1.0,0.0,0.0,1.6492334261536592,,2021,pit,RP
sa200086,Jonathan Castellanos,P,0.3395000100135803,0.1404999941587448,1.0,0.0,0.0,1.6374532960355288,,2021,pit,RP
sa3003083,Victor Santos,P,0.321399986743927,0.1444000005722046,1.0,0.0,0.0,1.659426592290402,STL,2021,pit,RP
2237,Blaine Boyer,P,1.0,0.0,1.0,0.0,0.0,2.692466924339533,,2021,pit,RP
sa658959,Rafael Pineda,P,0.375,0.13300000131130219,1.0,0.0,0.0,1.8276399627327913,,2021,pit,RP
20061,Kaleb Ort,P,1.0,0.0,1.0,0.0,0.0,3.08365994989872,LAA,2021,pit,RP
24581,Lyon Richardson,P,0.1754000037908554,0.1754000037908554,1.0,0.0,0.0,1.0634399406611923,CIN,2021,pit,SP
sa542183,Angel Araiza,P,0.2784999907016754,0.1535000056028366,1.0,0.0,0.0,1.6445200584828856,,2021,pit,SP
12182,Cody Martin,P,1.0,0.0,1.0,0.0,0.0,2.7956265687942508,,2021,pit,RP
sa3007851,Tyler McKay,P,0.25049999356269836,0.15950000286102295,1.0,0.0,0.0,1.5488264791667468,,2021,pit,SP
sa3004812,Steven Jennings,P,0.1754000037908554,0.1754000037908554,1.0,0.0,0.0,1.399733208864928,,2021,pit,SP
sa875613,Andrew Jordan,P,0.1754000037908554,0.1754000037908554,1.0,0.0,0.0,1.0798199519515035,CIN,2021,pit,SP
sa918495,Alejandro Mateo,P,1.0,0.0,1.0,0.0,0.0,2.79289341121912,,2021,pit,RP
8504,Jeff Beliveau,P,1.0,0.0,1.0,0.0,0.0,2.8988467097282418,,2021,pit,RP
9037,J.J. Hoover,P,1.0,0.0,1.0,0.0,0.0,2.8785933569073685,,2021,pit,RP
sa3006825,Alex Royalty,P,0.18199999630451202,0.17399999499320984,1.0,0.0,0.0,1.5643532276153564,,2021,pit,SP
sa877526,Jesus Vargas,P,0.2612000107765198,0.15719999372959137,1.0,0.0,0.0,1.6615999959409238,,2021,pit,SP
sa657149,Jaime Lugo,P,0.3700000047683716,0.1340000033378601,1.0,0.0,0.0,1.8214267238974569,,2021,pit,RP
978,Bronson Arroyo,P,0.1754000037908554,0.1754000037908554,1.0,0.0,0.0,1.3468134380877022,,2021,pit,SP
sa659266,Sean McLaughlin,P,1.0,0.0,1.0,0.0,0.0,2.799099794775248,,2021,pit,RP
15688,Ronald Herrera,P,1.0,0.0,1.0,0.0,0.0,2.728453336656094,,2021,pit,RP
sa917763,Edwuin Bencomo,P,0.5440000295639038,0.09700000286102295,1.0,0.0,0.0,2.233020145446062,,2021,pit,RP
sa504951,Oscar Verdugo,P,0.2150000035762787,0.16699999570846558,1.0,0.0,0.0,1.4878065049648286,PIT,2021,pit,SP
19192,Brandyn Sittinger,P,1.0,0.0,1.0,0.0,0.0,3.059353195875883,,2021,pit,RP
15853,Jesen Therrien,P,1.0,0.0,1.0,0.0,0.0,2.6986933752894404,,2021,pit,RP
sa829140,Mike Franco,P,1.0,0.0,1.0,0.0,0.0,3.319079966843129,,2021,pit,RP
26231,Tyler Holton,P,0.21250000596046448,0.16750000417232513,1.0,0.0,0.0,1.791766723990441,DET,2021,pit,SP
4168,Edward Paredes,P,1.0,0.0,1.0,0.0,0.0,2.901573503762484,,2021,pit,RP
sa837843,Sven Schüller,P,1.0,0.0,1.0,0.0,0.0,2.721359862387181,,2021,pit,RP
sa602917,Kelvin Vasquez,P,0.8812999725341797,0.025299999862909317,1.0,0.0,0.0,2.7182733543217177,,2021,pit,RP
13818,Chris O'Grady,P,1.0,0.0,1.0,0.0,0.0,2.881639786064625,,2021,pit,RP
24935,Chris Vallimont,P,0.1754000037908554,0.1754000037908554,1.0,0.0,0.0,1.7662466980516913,,2021,pit,SP
13211,Warwick Saupold,P,1.0,0.0,1.0,0.0,0.0,2.6534598074853424,,2021,pit,RP
sa917194,Hector Yan,P,0.2223999947309494,0.16539999842643738,1.0,0.0,0.0,1.686139938235283,,2021,pit,SP
21863,George Soriano,P,0.19939999282360077,0.1703999936580658,1.0,0.0,0.0,1.716806548088789,STL,2021,pit,SP
3926,Casey Fien,P,1.0,0.0,1.0,0.0,0.0,2.806859946995973,,2021,pit,RP
sa830305,Luis Martinez,P,1.0,0.0,1.0,0.0,0.0,2.9107932880520826,,2021,pit,RP
sa1172135,Andy Fisher,P,0.6545000076293945,0.07349999994039536,1.0,0.0,0.0,1.9856401398777965,,2021,pit,RP
8180,Kevin Siegrist,P,1.0,0.0,1.0,0.0,0.0,2.970693288743496,,2021,pit,RP
sa549734,Ernesto Zaragoza,P,0.2825999855995178,0.1526000052690506,1.0,0.0,0.0,1.6738867409527298,,2021,pit,SP
sa875768,Kyle Wilson,P,0.20919999480247498,0.16820000112056732,1.0,0.0,0.0,1.769913343340158,,2021,pit,SP
sa918033,Dan Dallas,P,0.8945000171661377,0.02250000089406967,1.0,0.0,0.0,2.8757068812847137,,2021,pit,RP
23779,Justin Bruihl,P,1.0,0.0,1.0,0.0,0.0,2.8410067349672317,STL,2021,pit,RP
13530,Alejandro Chacin,P,1.0,0.0,1.0,0.0,0.0,2.8283532835543155,,2021,pit,RP
1437,Joaquín Benoit,P,1.0,0.0,1.0,0.0,0.0,2.850846619158983,,2021,pit,RP
sa659790,Ryne Slack,P,0.8912000060081482,0.02319999970495701,1.0,0.0,0.0,2.7273002088069918,,2021,pit,RP
sa737945,Ty Boyles,P,1.0,0.0,1.0,0.0,0.0,2.8435533322393893,,2021,pit,RP
15215,Kevin McGowan,P,1.0,0.0,1.0,0.0,0.0,3.076946613937616,,2021,pit,RP
12537,Cory Mazzoni,P,1.0,0.0,1.0,0.0,0.0,2.763046658784151,,2021,pit,RP
sa599246,Josh Martin,P,1.0,0.0,1.0,0.0,0.0,2.98921328112483,,2021,pit,RP
sa828552,Breiling Eusebio,P,0.1754000037908554,0.1754000037908554,1.0,0.0,0.0,0.6832665205001831,,2021,pit,SP
15551,Mark Leiter Jr.,P,1.0,0.0,1.0,0.0,0.0,2.7926001109182836,OAK,2021,pit,RP
17682,Ralph Garza Jr.,P,5.0,0.0,5.0,0.0,0.680899977684021,19.964032673835753,,2021,pit,RP
sa3008535,Hsin-Chieh Lin,P,0.35269999504089355,0.13770000636577606,1.0,0.0,0.0,1.8335867784917355,,2021,pit,RP
sa530473,Wirfin Obispo,P,1.0,0.0,1.0,0.0,0.0,2.865206529945136,,2021,pit,RP
sa875831,Corey Copping,P,1.0,0.0,1.0,0.0,0.0,2.9247267566621304,,2021,pit,RP
sa603201,Cesilio Pimentel,P,0.2851000130176544,0.15209999680519104,1.0,0.0,0.0,1.5998600281774995,,2021,pit,SP
sa871482,Wladimir Pinto,P,1.0,0.0,1.0,0.0,0.0,3.14615333750844,,2021,pit,RP
sa872726,Tom Hackimer,P,1.0,0.0,1.0,0.0,0.0,3.01817343980074,,2021,pit,RP
23324,Freddy Tarnok,P,0.1754000037908554,0.1754000037908554,1.0,0.0,0.0,1.6187934331595906,,2021,pit,SP
sa599231,Justin Kamplain,P,1.0,0.0,1.0,0.0,0.0,2.8513934232294553,NYY,2021,pit,RP
sa918196,Trevor Lane,P,1.0,0.0,1.0,0.0,0.0,2.834680156409741,,2021,pit,RP
13313,Jordan Jankowski,P,1.0,0.0,1.0,0.0,0.0,2.832293263077736,,2021,pit,RP
sa875751,Matt Portland,P,0.20919999480247498,0.16820000112056732,1.0,0.0,0.0,1.552506626397371,,2021,pit,SP
23313,José Buttó,P,0.18860000371932983,0.17260000109672546,1.0,0.0,0.0,1.764653497189284,SFG,2021,pit,SP
11388,Danny Barnes,P,1.0,0.0,1.0,0.0,0.0,2.8636664770543576,,2021,pit,RP
5070,Josh Fields,P,1.0,0.0,1.0,0.0,0.0,2.8740132123231894,,2021,pit,RP
sa598306,Aaron Brown,P/OF,1.0,0.0,1.0,0.0,0.0,3.20847331956029,,2021,pit,RP
sa857583,Michael Murray,P,0.21170000731945038,0.16769999265670776,1.0,0.0,0.0,1.5113066695630555,,2021,pit,SP
14857,Joe Mantiply,P,14.0,0.0,14.0,0.0,0.6761000156402588,51.34146034717563,TOR,2021,pit,RP
11132,A.J. Griffin,P,0.23229999840259552,0.16329999268054962,1.0,0.0,0.0,1.6976799830794334,,2021,pit,SP
21197,Darien Núñez,P,1.0,0.0,1.0,0.0,0.0,2.9431001730263233,,2021,pit,RP
sa3005856,Ludwin Jimenez,P,0.25049999356269836,0.15950000286102295,1.0,0.0,0.0,1.8621131137013434,,2021,pit,SP
18376,Connor Overton,P,1.0,0.0,1.0,0.0,0.0,2.8699600107967855,,2021,pit,RP
11769,Myles Jaye,P,0.652899980545044,0.0738999992609024,1.0,0.0,0.0,2.096946699917317,,2021,pit,RP
sa507276,Gabriel Arias,P,0.2685999870300293,0.15559999644756317,1.0,0.0,0.0,1.555726424604654,,2021,pit,SP
3299,Chris Hatcher,P,1.0,0.0,1.0,0.0,0.0,2.8023067481815818,,2021,pit,RP
11440,Johnny Barbato,P,1.0,0.0,1.0,0.0,0.0,2.840473229438067,,2021,pit,RP
22343,A.J. Alexy,P,0.1754000037908554,0.1754000037908554,1.0,0.0,0.0,1.5741935022175313,,2021,pit,SP
sa3004770,Garrett Schilling,P,0.1754000037908554,0.1754000037908554,1.0,0.0,0.0,0.7437465541064738,,2021,pit,SP
sa3006145,Emilio Marquez,P,0.36010000109672546,0.13609999418258667,1.0,0.0,0.0,1.9312466420233254,,2021,pit,RP
sa875765,Geno Encina,P,0.4260999858379364,0.12210000306367874,1.0,0.0,0.0,1.759506594389677,,2021,pit,RP
sa877574,Odalvi Javier,P,0.1754000037908554,0.1754000037908554,1.0,0.0,0.0,1.6137733101844782,,2021,pit,SP
sa917830,Orlandy Navarro,P,0.375,0.13300000131130219,1.0,0.0,0.0,1.8974801562726493,,2021,pit,RP
sa549768,Bryan Harper,P,1.0,0.0,1.0,0.0,0.0,2.8689600661396986,,2021,pit,RP
sa828880,Blake Bivens,P,0.6825000047683716,0.06750000268220901,1.0,0.0,0.0,2.361113433539868,,2021,pit,RP
20494,Braden Bristo,P,1.0,0.0,1.0,0.0,0.0,2.864393100887537,,2021,pit,RP
sa3007965,Caleb Sampen,P,0.18289999663829803,0.17389999330043793,1.0,0.0,0.0,1.820239998400211,,2021,pit,SP
sa599917,Hector Silvestre,P,0.4343999922275543,0.12039999663829803,1.0,0.0,0.0,1.9434334807097908,WSN,2021,pit,RP
sa917997,Sam Perez,P,0.19519999623298645,0.1712000072002411,1.0,0.0,0.0,1.486406572163105,,2021,pit,SP
10586,Addison Reed,P,1.0,0.0,1.0,0.0,0.0,2.6860401310026645,,2021,pit,RP
sa547921,Aldo Montes,P,0.3659000098705292,0.13490000367164612,1.0,0.0,0.0,1.797086507081986,,2021,pit,RP
sa3008599,Aaron Hernandez,P,0.22660000622272491,0.16459999978542328,1.0,0.0,0.0,1.5729734025895592,,2021,pit,SP
sa828216,Henry Martinez,P,1.0,0.0,1.0,0.0,0.0,2.872966673225165,,2021,pit,RP
13453,Eddie Butler,P,1.0,0.0,1.0,0.0,0.0,2.591606732457876,,2021,pit,RP
19757,Kazuhisa Makita,P,2.0,0.0,2.0,0.0,0.0,2.4265333786606793,,2021,pit,RP
sa877525,Jhon De Jesus,P,0.1754000037908554,0.1754000037908554,1.0,0.0,0.0,0.9273133859038354,,2021,pit,SP
sa883461,Adam Quintana,P,0.45989999175071716,0.11490000039339066,1.0,0.0,0.0,1.9861933559179312,TEX,2021,pit,RP
sa873266,Hunter Martin,P,1.0,0.0,1.0,0.0,0.0,2.827173294126988,,2021,pit,RP
15444,Zack Weiss,P,1.0,0.0,1.0,0.0,0.0,2.8710866354405886,,2021,pit,RP
sa3005685,Yohanse Morel,P,0.218299999833107,0.1662999987602234,1.0,0.0,0.0,1.5955665983259681,,2021,pit,SP
sa273164,Jesse Estrada,P,0.2802000045776367,0.15320000052452087,1.0,0.0,0.0,1.5652467764914038,,2021,pit,SP
sa508092,Marco Tovar,P,0.19519999623298645,0.1712000072002411,1.0,0.0,0.0,1.3814132697880268,,2021,pit,SP
sa3008333,Nick Thwaits,P,0.1754000037908554,0.1754000037908554,1.0,0.0,0.0,1.4548198305070401,,2021,pit,SP
sa918482,Colin McKee,P,1.0,0.0,1.0,0.0,0.0,3.1468467213213445,,2021,pit,RP
sa738369,Bud Jeter,P,1.0,0.0,1.0,0.0,0.0,2.895446728169918,,2021,pit,RP
sa875267,Logan Longwith,P,0.1754000037908554,0.1754000037908554,1.0,0.0,0.0,0.5982733719050892,,2021,pit,SP
sa3007488,Travis Perry,P,0.2578999996185303,0.15790000557899475,1.0,0.0,0.0,1.9369001530110834,,2021,pit,SP
sa455494,Jose Barajas,P,0.24060000479221344,0.1615999937057495,1.0,0.0,0.0,1.530506554245949,,2021,pit,SP
sa602703,Adam Ravenelle,P,1.0,0.0,1.0,0.0,0.0,2.9000734187662602,,2021,pit,RP
sa873651,Zach Schellenger,P,1.0,0.0,1.0,0.0,0.0,2.9811665646731855,,2021,pit,RP
19444,Yohan Ramírez,P,10.0,0.0,10.0,0.0,0.6492000222206116,38.91145250797271,PIT,2021,pit,RP
sa3002917,Rafael Kelly,P,0.24310000240802765,0.16110000014305115,1.0,0.0,0.0,1.885853266716003,,2021,pit,SP
sa918031,Daniel Brown,P,0.8945000171661377,0.02250000089406967,1.0,0.0,0.0,2.7205000609159478,,2021,pit,RP
13418,Chris Beck,P,1.0,0.0,1.0,0.0,0.0,2.7370200820267194,,2021,pit,RP
sa875843,Marcus Crescentini,P,1.0,0.0,1.0,0.0,0.0,2.915399833023548,,2021,pit,RP
sa3007781,Miguel Figueroa,P,1.0,0.0,1.0,0.0,0.0,3.022160141170025,,2021,pit,RP
sa3007272,Felix Minjarez,P,0.6420999765396118,0.07609999924898148,1.0,0.0,0.0,2.351846843212843,,2021,pit,RP
13042,Robby Scott,P,1.0,0.0,1.0,0.0,0.0,2.96920662894845,,2021,pit,RP
sa918262,Matthew Gorst,P,0.7657999992370605,0.049800001084804535,1.0,0.0,0.0,2.504720206558704,,2021,pit,RP
21956,Max Castillo,P,0.1754000037908554,0.1754000037908554,1.0,0.0,0.0,1.4674065515398982,,2021,pit,SP
21052,Luis Gil,P,0.1754000037908554,0.1754000037908554,1.0,0.0,0.0,1.5569334030151372,NYY,2021,pit,SP
sa829731,Will Gaddis,P,0.1754000037908554,0.1754000037908554,1.0,0.0,0.0,0.44465318024158496,,2021,pit,SP
sa919409,Jake Elliott,P,0.6783999800682068,0.06840000301599503,1.0,0.0,0.0,2.272193239629269,,2021,pit,RP
14707,Brady Lail,P,1.0,0.0,1.0,0.0,0.0,2.8023199103772636,,2021,pit,RP
sa738905,Tyler Kane,P,0.1754000037908554,0.1754000037908554,1.0,0.0,0.0,1.2849532939493655,,2021,pit,SP
sa208507,Juan Antonio Pena,P,0.3659000098705292,0.13490000367164612,1.0,0.0,0.0,1.7608534015715116,,2021,pit,RP
sa3004345,Charlie Neuweiler,P,0.1754000037908554,0.1754000037908554,1.0,0.0,0.0,1.4860335156321525,,2021,pit,SP
sa3004206,Andrew Beckwith,P,1.0,0.0,1.0,0.0,0.0,2.7494399659335613,,2021,pit,RP
sa3004584,Drew Strotman,P,0.1754000037908554,0.1754000037908554,1.0,0.0,0.0,1.8275931924581523,,2021,pit,SP
12803,Carter Capps,P,1.0,0.0,1.0,0.0,0.0,2.7081800274550916,,2021,pit,RP
25348,Devin Sweet,P,0.34610000252723694,0.13910000026226044,1.0,0.0,0.0,2.109733305126429,BOS,2021,pit,RP
sa3004709,Franklin Van Gurp,P,1.0,0.0,1.0,0.0,0.0,2.9087468311190605,,2021,pit,RP
2660,Brett Cecil,P,1.0,0.0,1.0,0.0,0.0,2.701333323121071,,2021,pit,RP
sa828598,Cristopher Molina,P,0.20509999990463257,0.16910000145435333,1.0,0.0,0.0,1.392353171110153,,2021,pit,SP
14470,José A. Váldez,P,1.0,0.0,1.0,0.0,0.0,2.798933410644531,,2021,pit,RP
sa3003045,Alfredo Garcia,P,0.1754000037908554,0.1754000037908554,1.0,0.0,0.0,1.4407267227768905,,2021,pit,SP
sa206642,Rodolfo Martinez,P,1.0,0.0,1.0,0.0,0.0,2.754266565293074,,2021,pit,RP
12562,Jack Leathersich,P,1.0,0.0,1.0,0.0,0.0,2.9418331585824498,,2021,pit,RP
sa876113,Sean Keselica,P,1.0,0.0,1.0,0.0,0.0,2.8537399083375936,,2021,pit,RP
17553,Andrew Moore,P,0.1754000037908554,0.1754000037908554,1.0,0.0,0.0,1.4655131556093695,,2021,pit,SP
14812,Barrett Astin,P,1.0,0.0,1.0,0.0,0.0,2.6194731734693053,,2021,pit,RP
10307,Roman Mendez,P,1.0,0.0,1.0,0.0,0.0,2.86632673367858,,2021,pit,RP
sa738270,Daniel Procopio,P,1.0,0.0,1.0,0.0,0.0,2.8900867141783237,,2021,pit,RP
5172,Brandon Mann,P,1.0,0.0,1.0,0.0,0.0,2.8032267570495613,,2021,pit,RP
sa3008387,Damon Casetta-Stubbs,P,0.19769999384880066,0.17069999873638153,1.0,0.0,0.0,1.6673663854599,,2021,pit,SP
sa873294,Jasier Herrera,P,0.2190999984741211,0.16609999537467957,1.0,0.0,0.0,1.7447732307016848,,2021,pit,SP
sa659004,Brad Markey,P,0.3206000030040741,0.1446000039577484,1.0,0.0,0.0,1.7796666949987405,,2021,pit,RP
16418,Blake Taylor,P,64.0,0.0,64.0,2.8970000743865967,15.671600341796875,303.10320382118226,,2021,pit,RP
sa917387,Juan Mota,P,0.1754000037908554,0.1754000037908554,1.0,0.0,0.0,1.5101864337921147,,2021,pit,SP
sa873262,Zac Ryan,P,1.0,0.0,1.0,0.0,0.0,2.837926641106605,,2021,pit,RP
sa875233,Gray Fenter,P,0.2215999960899353,0.1656000018119812,1.0,0.0,0.0,1.149100017547608,,2021,pit,SP
sa918013,Tyler Mondile,P,0.1754000037908554,0.1754000037908554,1.0,0.0,0.0,1.3078133136034014,,2021,pit,SP
sa3004944,John Swanda,P,0.1754000037908554,0.1754000037908554,1.0,0.0,0.0,1.170400047302247,,2021,pit,SP
sa3003124,Marcos Tineo,P,0.29829999804496765,0.1492999941110611,1.0,0.0,0.0,1.7275534063577656,ARI,2021,pit,SP
15639,Dan Slania,P,1.0,0.0,1.0,0.0,0.0,2.7779665268957614,,2021,pit,RP
sa3003090,Jose Alberto Rivera,P,0.2685999870300293,0.15559999644756317,1.0,0.0,0.0,1.5618199437856672,,2021,pit,SP
sa830035,Edgardo Sandoval,P,0.4788999855518341,0.11089999973773956,1.0,0.0,0.0,2.0209932371973993,,2021,pit,RP
sa546533,Ignacio Marrujo,P,0.25049999356269836,0.15950000286102295,1.0,0.0,0.0,1.5033399894833566,,2021,pit,SP
16318,Ricardo Pinto,P,1.0,0.0,1.0,0.0,0.0,3.0680799894034867,,2021,pit,RP
sa3010313,Jason Blanchard,P,0.2223999947309494,0.16539999842643738,1.0,0.0,0.0,1.6240734949707987,SDP,2021,pit,SP
21366,Glenn Otto Jr.,P,0.20839999616146088,0.16840000450611115,1.0,0.0,0.0,1.5702135421335703,HOU,2021,pit,SP
18592,Hector Perez,P,1.0,0.0,1.0,0.0,0.0,3.040466691553593,,2021,pit,RP
sa3004772,Nate Harris,P,0.7666000127792358,0.04960000142455101,1.0,0.0,0.0,1.5607465930283073,,2021,pit,RP
sa876117,Steven Klimek,P,0.9010999798774719,0.0210999995470047,1.0,0.0,0.0,2.149913414567709,,2021,pit,RP
sa944989,Daison Acosta,P,0.18700000643730164,0.17299999296665192,1.0,0.0,0.0,1.7080267764627934,SDP,2021,pit,SP
17556,Jimmy Herget,P,0.9578999876976013,0.008899999782443047,1.0,0.0,0.0,2.606086717545986,COL,2021,pit,RP
sa657790,Dallas Martinez,P,0.2603999972343445,0.1573999971151352,1.0,0.0,0.0,1.3994664706289766,,2021,pit,SP
sa3008023,Reid Schaller,P,0.1754000037908554,0.1754000037908554,1.0,0.0,0.0,1.197080116719007,WSN,2021,pit,SP
sa828297,Samuel Zazueta,P,0.5414999723434448,0.09749999642372131,1.0,0.0,0.0,2.1299334943294523,,2021,pit,RP
sa918258,Ryan Olson,P,1.0,0.0,1.0,0.0,0.0,2.341266676038504,,2021,pit,RP
11743,Carlos Ramirez,P,1.0,0.0,1.0,0.0,0.0,2.788633268326521,,2021,pit,RP
sa873729,Eury Ramos,P,0.1754000037908554,0.1754000037908554,1.0,0.0,0.0,1.4001065902411938,,2021,pit,SP
sa3004749,Clay Chandler,P,0.1754000037908554,0.1754000037908554,1.0,0.0,0.0,1.3247066579759124,,2021,pit,SP
sa740138,Carlos Felix,P,0.492900013923645,0.10790000110864639,1.0,0.0,0.0,1.7731934383511545,LAD,2021,pit,RP
sa871477,Carlos Guzman,P,0.1754000037908554,0.1754000037908554,1.0,0.0,0.0,1.4660801067948346,NYM,2021,pit,SP
16132,Justin Shafer,P,1.0,0.0,1.0,0.0,0.0,2.5315601222217077,,2021,pit,RP
sa3010670,Robert Klinchock,P,0.29089999198913574,0.1509000062942505,1.0,0.0,0.0,1.593593563139439,,2021,pit,SP
sa3004993,Mark Simon,P,0.3659000098705292,0.13490000367164612,1.0,0.0,0.0,1.7721864804625507,,2021,pit,RP
14169,Kyle Zimmer,P,55.0,0.0,55.0,0.0,11.052000045776367,237.7383608818054,,2021,pit,RP
19588,Guillo Zuñiga,P,0.61080002784729,0.0828000009059906,1.0,0.0,0.0,2.2503867469727994,SEA,2021,pit,RP
sa829031,Connor Walsh,P,1.0,0.0,1.0,0.0,0.0,2.750506561249495,,2021,pit,RP
sa915735,Tommy DeJuneas,P,1.0,0.0,1.0,0.0,0.0,2.9946333266794682,,2021,pit,RP
sa3006695,David Lebron,P,0.21089999377727509,0.1678999960422516,1.0,0.0,0.0,1.0286464326083662,,2021,pit,SP
21267,Jake Bird,P,0.5414999723434448,0.09749999642372131,1.0,0.0,0.0,1.2193667128682137,NYY,2021,pit,RP
22925,Joan Adon,P,0.18289999663829803,0.17389999330043793,1.0,0.0,0.0,1.2020600631833074,,2021,pit,SP
12166,David Goforth,P,1.0,0.0,1.0,0.0,0.0,2.722266522049904,,2021,pit,RP
sa3003167,Dionis Zamora,P,0.1754000037908554,0.1754000037908554,1.0,0.0,0.0,1.3690664790570741,,2021,pit,SP
sa658192,Ryan Kellogg,P,0.40049999952316284,0.1274999976158142,1.0,0.0,0.0,1.7249001182615764,,2021,pit,RP
16873,Eric Stout,P,1.0,0.0,1.0,0.0,0.0,2.750006542354822,,2021,pit,RP
sa829277,Matthew Crownover,P,0.19850000739097595,0.1704999953508377,1.0,0.0,0.0,1.389806562662124,,2021,pit,SP
sa657950,Kieran Lovegrove,P,1.0,0.0,1.0,0.0,0.0,2.866673378646374,,2021,pit,RP
sa873292,Sandro Cabrera,P,0.9298999905586243,0.01489999983459711,1.0,0.0,0.0,2.721120142191649,,2021,pit,RP
sa597019,Jorge Ortega,P,0.20759999752044678,0.16859999299049377,1.0,0.0,0.0,1.2827599421143532,,2021,pit,SP
sa195168,Francisco Campos,P,0.2199999988079071,0.16599999368190765,1.0,0.0,0.0,1.330239918082953,,2021,pit,SP
21212,J.P. France,P,0.2150000035762787,0.16699999570846558,1.0,0.0,0.0,1.6959266692399981,HOU,2021,pit,SP
21544,Chase Shugart,P,0.1754000037908554,0.1754000037908554,1.0,0.0,0.0,1.2733400501310825,PHI,2021,pit,SP
sa3006132,Luis Cepeda,P,0.1754000037908554,0.1754000037908554,1.0,0.0,0.0,1.4069999076426036,,2021,pit,SP
sa3004120,Matt Hardy,P,0.6998999714851379,0.06390000134706497,1.0,0.0,0.0,2.3258535347878935,MIL,2021,pit,RP
9884,Travis Wood,P,0.4293999969959259,0.12139999866485596,1.0,0.0,0.0,1.8407400459051138,,2021,pit,RP
sa3007776,Jackson Goddard,P,0.2223999947309494,0.16539999842643738,1.0,0.0,0.0,1.6357800647616387,,2021,pit,SP
6819,Robbie Ross Jr.,P,1.0,0.0,1.0,0.0,0.0,2.847966565936804,,2021,pit,RP
25804,Randy Wynne,P,0.486299991607666,0.10930000245571136,1.0,0.0,0.0,1.4935333997011182,,2021,pit,RP
sa873218,Julio Frias,P,0.1754000037908554,0.1754000037908554,1.0,0.0,0.0,1.4908865265548235,,2021,pit,SP
15126,Tyler Danish,P,1.0,0.0,1.0,0.0,0.0,2.567626549303532,,2021,pit,RP
sa917893,Angel Acevedo,P,0.3799000084400177,0.13189999759197235,1.0,0.0,0.0,1.6069067142903806,,2021,pit,RP
sa3008259,Derek Casey,P,0.18289999663829803,0.17389999330043793,1.0,0.0,0.0,1.3181066036224367,,2021,pit,SP
sa872825,Roniel Raudes,P,0.1754000037908554,0.1754000037908554,1.0,0.0,0.0,1.297206551581621,,2021,pit,SP
sa918550,Mike Ellenbest,P,0.8574000000953674,0.030400000512599945,1.0,0.0,0.0,2.5218199625611306,,2021,pit,RP
18135,Chance Adams,P,1.0,0.0,1.0,0.0,0.0,2.8814534120261666,,2021,pit,RP
sa876065,Matt Custred,P,1.0,0.0,1.0,0.0,0.0,2.862266703695059,,2021,pit,RP
sa827492,Jordan Minch,P,1.0,0.0,1.0,0.0,0.0,2.7424867741763594,,2021,pit,RP
23811,Luarbert Arias,P,0.24469999969005585,0.1606999933719635,1.0,0.0,0.0,1.5729468233883388,,2021,pit,SP
sa3004006,Robinson Ortiz,P,0.18449999392032623,0.17350000143051147,1.0,0.0,0.0,1.4145664729177954,SEA,2021,pit,SP
sa657308,Jose Paulino,P,0.4936999976634979,0.10769999772310257,1.0,0.0,0.0,1.8456866391003128,,2021,pit,RP
sa3008020,Michael Brettell,P,0.21250000596046448,0.16750000417232513,1.0,0.0,0.0,1.5009200468659398,STL,2021,pit,SP
sa3008597,Joe DeMers,P,0.2851000130176544,0.15209999680519104,1.0,0.0,0.0,1.800099808722734,,2021,pit,SP
sa826043,Sergio Sierra,P,0.29339998960494995,0.15039999783039093,1.0,0.0,0.0,1.5551798656582831,,2021,pit,SP
sa510464,Amilcar Gaxiola,P,0.2150000035762787,0.16699999570846558,1.0,0.0,0.0,1.3465799897909165,,2021,pit,SP
sa737083,Manuel Rondon,P,1.0,0.0,1.0,0.0,0.0,2.770873383432627,,2021,pit,RP
sa876164,Tyler Watson,P,0.2190999984741211,0.16609999537467957,1.0,0.0,0.0,1.6002066940069204,,2021,pit,SP
sa657940,Colin Rodgers,P,0.34940001368522644,0.13840000331401825,1.0,0.0,0.0,1.9938466660678387,,2021,pit,RP
sa915861,Wills Montgomerie,P,0.44510000944137573,0.11810000240802765,1.0,0.0,0.0,2.023940099775791,,2021,pit,RP
sa3008483,Griffin Roberts,P,0.20020000636577606,0.17020000517368317,1.0,0.0,0.0,1.533233524858952,,2021,pit,SP
sa874229,Blake Quinn,P,0.8862000107765198,0.02419999986886978,1.0,0.0,0.0,2.635993210971356,,2021,pit,RP
sa3005031,Jackson Stoeckinger,P,0.40220001339912415,0.12720000743865967,1.0,0.0,0.0,1.509086657315493,WSN,2021,pit,RP
16344,Eduardo Paredes,P,1.0,0.0,1.0,0.0,0.0,2.5970932349562648,,2021,pit,RP
25873,Connor Thomas,P,0.4747999906539917,0.11180000007152557,1.0,0.0,0.0,2.0582131348550323,ATL,2021,pit,RP
25386,Jhony Brito,P,0.36010000109672546,0.13609999418258667,1.0,0.0,0.0,1.5498933643102641,SDP,2021,pit,RP
sa829473,Parker French,P,0.4408999979496002,0.11890000104904175,1.0,0.0,0.0,1.8477733954787254,,2021,pit,RP
sa3006986,Conner Loeprich,P,0.5127000212669373,0.10369999706745148,1.0,0.0,0.0,1.4668066315352917,,2021,pit,RP
sa829176,Paul Voelker,P,0.8144999742507935,0.039500001817941666,1.0,0.0,0.0,2.4874066263437267,,2021,pit,RP
sa874796,Juan Hillman,P,0.1754000037908554,0.1754000037908554,1.0,0.0,0.0,1.3552668347954757,,2021,pit,SP
sa920319,Sean Stutzman,P,1.0,0.0,1.0,0.0,0.0,2.7664133653044702,,2021,pit,RP
sa3007478,Matt Willrodt,P,1.0,0.0,1.0,0.0,0.0,2.935726657509804,,2021,pit,RP
sa828518,Dilmer Mejia,P,0.30489999055862427,0.14790000021457672,1.0,0.0,0.0,1.4324733130633835,,2021,pit,RP
sa3010112,Cullen Dana,P,0.24549999833106995,0.16050000488758087,1.0,0.0,0.0,1.532113324850798,,2021,pit,SP
sa918099,Ben Sheckler,P,0.5860999822616577,0.08810000121593475,1.0,0.0,0.0,1.9754333145916463,,2021,pit,RP
sa3007932,Calvin Coker,P,1.0,0.0,1.0,0.0,0.0,2.9948400042951104,,2021,pit,RP
20643,Johan Quezada,P,12.0,0.0,12.0,0.0,0.6348000168800354,45.7295398592949,,2021,pit,RP
sa918386,Matt Frawley,P,1.0,0.0,1.0,0.0,0.0,2.740346540510654,NYY,2021,pit,RP
sa875701,Jio Orozco,P,0.19850000739097595,0.1704999953508377,1.0,0.0,0.0,1.3075398311018938,,2021,pit,SP
10171,José Ramírez,P,1.0,0.0,1.0,0.0,0.0,2.716346587985754,,2021,pit,RP
sa918916,Patrick McGuff,P,0.1754000037908554,0.1754000037908554,1.0,0.0,0.0,1.4062867693603036,ARI,2021,pit,SP
4064,Brian Duensing,P,1.0,0.0,1.0,0.0,0.0,2.587593330442906,,2021,pit,RP
sa738347,Matthew DeRosier,P,0.2190999984741211,0.16609999537467957,1.0,0.0,0.0,1.4509332224726679,,2021,pit,SP
sa3005121,James Marinan,P,0.1754000037908554,0.1754000037908554,1.0,0.0,0.0,0.7718133144080639,CIN,2021,pit,SP
13796,Tyler Wagner,P,1.0,0.0,1.0,0.0,0.0,2.4776199333369737,,2021,pit,RP
sa3006829,Kevin Magee,P,0.1754000037908554,0.1754000037908554,1.0,0.0,0.0,0.7917201869189743,,2021,pit,SP
sa3008034,Clayton Chatham,P,0.23070000112056732,0.16369999945163727,1.0,0.0,0.0,1.4644868642091748,,2021,pit,SP
sa3008631,Victor Buelna,P,0.263700008392334,0.156700000166893,1.0,0.0,0.0,1.4794933073222638,,2021,pit,SP
9309,Buddy Baumann,P,1.0,0.0,1.0,0.0,0.0,2.722246758639813,,2021,pit,RP
19493,Zach Jackson,P,1.0,0.0,1.0,0.0,0.0,3.171473456919194,OAK,2021,pit,RP
16877,Greg Mahle,P,1.0,0.0,1.0,0.0,0.0,2.472393554449081,,2021,pit,RP
10982,Chase Whitley,P,1.0,0.0,1.0,0.0,0.0,2.533233454078436,,2021,pit,RP
2091,Francisco Del Rosario,P,0.4814000129699707,0.1103999987244606,1.0,0.0,0.0,1.9651998542249203,,2021,pit,RP
sa3008523,Zach Haake,P,0.1754000037908554,0.1754000037908554,1.0,0.0,0.0,1.4283933915197857,,2021,pit,SP
sa875198,Ryan Lawlor,P,1.0,0.0,1.0,0.0,0.0,2.823353271186352,,2021,pit,RP
sa874732,Nolan Watson,P,0.1754000037908554,0.1754000037908554,1.0,0.0,0.0,1.2783531941473485,,2021,pit,SP
17313,Merandy Gonzalez,P,0.8252000212669373,0.03720000013709068,1.0,0.0,0.0,2.423786465823651,,2021,pit,RP
21859,Alex Speas,P,0.1754000037908554,0.1754000037908554,1.0,0.0,0.0,1.2941065736114985,,2021,pit,SP
sa503435,Gerardo Sanchez,P,1.0,0.0,1.0,0.0,0.0,2.5350264899432657,,2021,pit,RP
sa857699,Kyle Wilcox,P,1.0,0.0,1.0,0.0,0.0,3.151713292300702,,2021,pit,RP
sa918925,Brayden Bouchey,P,1.0,0.0,1.0,0.0,0.0,2.8037868745625016,,2021,pit,RP
20227,Jake Walsh,P,0.31310001015663147,0.1460999995470047,1.0,0.0,0.0,1.8698599450290208,,2021,pit,RP
sa3011493,J.C. Flowers,P,0.19519999623298645,0.1712000072002411,1.0,0.0,0.0,1.2032064601778987,,2021,pit,SP
sa917989,Braeden Ogle,P,0.7822999954223633,0.046300001442432404,1.0,0.0,0.0,2.368353334814311,,2021,pit,RP
sa3004215,Seth Nordlin,P,0.18860000371932983,0.17260000109672546,1.0,0.0,0.0,1.1683733463287358,,2021,pit,SP
sa919827,Aaron Fossas,P,0.6008999943733215,0.08489999920129776,1.0,0.0,0.0,1.6716401480138305,CIN,2021,pit,RP
sa918087,Zack Trageton,P,0.2190999984741211,0.16609999537467957,1.0,0.0,0.0,1.7356065280735495,,2021,pit,SP
20632,Elvis Luciano,P,1.0,0.0,1.0,0.0,0.0,2.7291733548045163,,2021,pit,RP
13685,Nick Goody,P,0.925000011920929,0.01600000075995922,1.0,0.0,0.0,2.775599915534258,,2021,pit,RP
sa3004585,Ryan Wilson,P,0.1754000037908554,0.1754000037908554,1.0,0.0,0.0,0.8750066637992857,,2021,pit,SP
sa3006153,Michel Gelabert,P,0.25459998846054077,0.15860000252723694,1.0,0.0,0.0,1.727866841852665,ARI,2021,pit,SP
sa828356,Carlos Hernandez,P,1.0,0.0,1.0,0.0,0.0,2.9044665627181527,SEA,2021,pit,RP
7624,Carlos Torres,P,1.0,0.0,1.0,0.0,0.0,2.6335999056696897,,2021,pit,RP
sa3008161,Ryan Shetter,P,0.722100019454956,0.05909999832510948,1.0,0.0,0.0,2.1580199040472507,,2021,pit,RP
sa829420,Zach Warren,P,1.0,0.0,1.0,0.0,0.0,2.7869266934692862,,2021,pit,RP
sa658593,José Mesa Jr.,P,0.6248000264167786,0.07980000227689743,1.0,0.0,0.0,2.2275464490056036,,2021,pit,RP
sa914205,Wes Torrez,P,0.29010000824928284,0.15109999477863312,1.0,0.0,0.0,1.4477597407996656,,2021,pit,SP
sa827467,Jared Miller,P,1.0,0.0,1.0,0.0,0.0,2.915233504772186,,2021,pit,RP
sa659749,Victor Diaz,P,0.321399986743927,0.1444000005722046,1.0,0.0,0.0,1.5664066486060615,,2021,pit,RP
3970,Edward Mujica,P,1.0,0.0,1.0,0.0,0.0,2.495539897680283,,2021,pit,RP
sa596949,Anderson Polanco,P,0.6453999876976013,0.07540000230073929,1.0,0.0,0.0,2.3445332728326322,,2021,pit,RP
sa3007460,Mason Fox,P,1.0,0.0,1.0,0.0,0.0,2.843580017238856,,2021,pit,RP
sa658076,Jesús Liranzo,P,1.0,0.0,1.0,0.0,0.0,2.8172000549733642,,2021,pit,RP
sa3008462,Kevin Folman,P,0.2768999934196472,0.15389999747276306,1.0,0.0,0.0,1.4463267289102082,CHW,2021,pit,SP
sa861440,Alvaro Seijas,P,0.1754000037908554,0.1754000037908554,1.0,0.0,0.0,1.4813400454819203,,2021,pit,SP
sa827249,Luis Carrasco,P,1.0,0.0,1.0,0.0,0.0,2.6581266514956954,,2021,pit,RP
9812,Murphy Smith,P,1.0,0.0,1.0,0.0,0.0,2.520766799896955,,2021,pit,RP
sa737469,Nattino Diplan,P,1.0,0.0,1.0,0.0,0.0,2.65269340351224,,2021,pit,RP
sa3004987,Nick Kennedy,P,1.0,0.0,1.0,0.0,0.0,1.8475601710379124,,2021,pit,RP
sa3010625,Grant Ford,P,0.23319999873638153,0.1632000058889389,1.0,0.0,0.0,1.328073540329933,,2021,pit,SP
sa828823,Nelson Hernandez,P,0.18199999630451202,0.17399999499320984,1.0,0.0,0.0,1.1844333358108994,,2021,pit,SP
sa3004486,Ryan Valdes,P,1.0,0.0,1.0,0.0,0.0,2.6270001873373983,,2021,pit,RP
19804,Bryan Baker,P,1.0,0.0,1.0,0.0,0.0,2.906926687061787,TBR,2021,pit,RP
14093,Michael Ynoa,P,1.0,0.0,1.0,0.0,0.0,2.6966000542044637,,2021,pit,RP
14241,Austin Maddox,P,1.0,0.0,1.0,0.0,0.0,2.6716002702713006,,2021,pit,RP
13736,Michael Roth,P,1.0,0.0,1.0,0.0,0.0,2.482379928976297,,2021,pit,RP
sa3007818,Jackson Rees,P,1.0,0.0,1.0,0.0,0.0,2.6692932300269607,,2021,pit,RP
sa3008589,Ethan Hankins,P,0.18780000507831573,0.1728000044822693,1.0,0.0,0.0,1.4718465387821205,,2021,pit,SP
sa504880,Jesus Pirela,P,1.0,0.0,1.0,0.0,0.0,2.571326759457589,,2021,pit,RP
10657,Andrew Bellatti,P,1.0,0.0,1.0,0.0,0.0,2.6382933013141154,,2021,pit,RP
sa3006953,Chris Holba,P,0.20679999887943268,0.1687999963760376,1.0,0.0,0.0,1.4450267970561987,,2021,pit,SP
sa652174,Mario Meza,P,1.0,0.0,1.0,0.0,0.0,2.6280998721718793,,2021,pit,RP
sa922562,Miguel Jerez,P,0.503600001335144,0.10559999942779541,1.0,0.0,0.0,1.899466949701309,,2021,pit,RP
sa876135,Connor Bennett,P,1.0,0.0,1.0,0.0,0.0,2.384586731344462,CIN,2021,pit,RP
3220,Jean Machi,P,1.0,0.0,1.0,0.0,0.0,2.706406608223915,,2021,pit,RP
16850,Locke St. John,P,1.0,0.0,1.0,0.0,0.0,2.7740199759602544,,2021,pit,RP
sa602272,Alejandro Arteaga,P,0.5307999849319458,0.0997999981045723,1.0,0.0,0.0,1.886113131046296,,2021,pit,RP
sa3007477,Chase Cohen,P,0.25049999356269836,0.15950000286102295,1.0,0.0,0.0,1.7884536348283295,OAK,2021,pit,SP
23429,JP Sears,P,0.3312999904155731,0.14229999482631683,1.0,0.0,0.0,1.589746548235417,SDP,2021,pit,RP
sa3006965,Robbie Welhaf,P,0.25540000200271606,0.15839999914169312,1.0,0.0,0.0,1.487013386189937,DET,2021,pit,SP
sa922004,Evan Piechota,P,0.385699987411499,0.1307000070810318,1.0,0.0,0.0,1.6152669027447701,,2021,pit,RP
sa3005397,Alex Scherff,P,0.1754000037908554,0.1754000037908554,1.0,0.0,0.0,1.222366645932198,,2021,pit,SP
sa830500,Leandro Linares,P,0.8853999972343445,0.024399999529123306,1.0,0.0,0.0,2.577633569389582,,2021,pit,RP
sa3011337,Will Ethridge,P,0.1754000037908554,0.1754000037908554,1.0,0.0,0.0,0.3471666254103183,,2021,pit,SP
sa3004121,Austin Krzeminski,P,0.8730000257492065,0.027000000700354576,1.0,0.0,0.0,2.4352667346596713,,2021,pit,RP
24728,Mike Burrows,P,0.1754000037908554,0.1754000037908554,1.0,0.0,0.0,1.161013394594193,HOU,2021,pit,SP
sa873722,Franklin Pérez,P,0.1754000037908554,0.1754000037908554,1.0,0.0,0.0,1.3172199860215188,,2021,pit,SP
sa738415,Robert Tyler,P,1.0,0.0,1.0,0.0,0.0,1.8702200129628181,,2021,pit,RP
sa739256,Angel German,P,1.0,0.0,1.0,0.0,0.0,2.752886734902859,,2021,pit,RP
19845,Alex Wells,P,6.0,0.0,6.0,0.0,0.5848000049591064,18.552860489487653,,2021,pit,RP
16086,Edubray Ramos,P,1.0,0.0,1.0,0.0,0.0,2.5468865923583506,,2021,pit,RP
21420,Yerry De los Santos,P,1.0,0.0,1.0,0.0,0.0,2.592606733739376,NYY,2021,pit,RP
11394,Alex Wimmers,P,1.0,0.0,1.0,0.0,0.0,2.559406819194556,,2021,pit,RP
sa828277,Diomar Lopez,P,1.0,0.0,1.0,0.0,0.0,2.2733197785913943,CIN,2021,pit,RP
sa877857,Lachlan Wells,P,0.19359999895095825,0.17159999907016754,1.0,0.0,0.0,1.4198867589235311,,2021,pit,SP
sa3005232,Zach Prendergast,P,0.7188000082969666,0.05979999899864197,1.0,0.0,0.0,2.1830798245966436,,2021,pit,RP
9720,Louis Coleman,P,1.0,0.0,1.0,0.0,0.0,2.603333374112845,,2021,pit,RP
sa3006974,Zach Spears,P,0.1754000037908554,0.1754000037908554,1.0,0.0,0.0,1.1280798889696593,,2021,pit,SP
sa3006955,Jojanse Torres,P,0.35440000891685486,0.13740000128746033,1.0,0.0,0.0,1.9030731312930587,,2021,pit,RP
sa3005117,Blayne Enlow,P,0.18369999527931213,0.1737000048160553,1.0,0.0,0.0,1.3266465000808245,ATL,2021,pit,SP
sa829753,Keith Rogalla,P,0.22990000247955322,0.1639000028371811,1.0,0.0,0.0,1.267713164538145,,2021,pit,SP
sa659446,Yankory Pimentel,P,1.0,0.0,1.0,0.0,0.0,2.580440331995487,,2021,pit,RP
sa833402,Manuel Rodriguez,P,0.4212000072002411,0.12319999933242798,1.0,0.0,0.0,1.6544000953435902,,2021,pit,RP
sa3007008,Tanner Dodson,P,0.3815999925136566,0.1316000074148178,1.0,0.0,0.0,2.041446761786938,,2021,pit,RP
sa3002951,Yovanny Cruz,P,0.23810000717639923,0.16210000216960907,1.0,0.0,0.0,1.4172599576413636,NYY,2021,pit,SP
sa597725,Yoel Espinal,P,1.0,0.0,1.0,0.0,0.0,2.81570665165782,,2021,pit,RP
11366,Brandon Cumpton,P,1.0,0.0,1.0,0.0,0.0,2.423673389106989,,2021,pit,RP
sa971762,Tom de Blok,P,0.18369999527931213,0.1737000048160553,1.0,0.0,0.0,1.2418468780815606,,2021,pit,SP
sa829472,Gary Cornish,P,0.20679999887943268,0.1687999963760376,1.0,0.0,0.0,1.288813370466233,,2021,pit,SP
sa3005346,Jeferson Garcia,P,0.2660999894142151,0.15610000491142273,1.0,0.0,0.0,1.5688934415578841,,2021,pit,SP
15285,Zac Reininger,P,0.9415000081062317,0.012500000186264515,1.0,0.0,0.0,2.7784200578928,,2021,pit,RP
sa876081,Fitz Stadler,P,0.2752000093460083,0.1542000025510788,1.0,0.0,0.0,1.4607666231691834,,2021,pit,SP
sa3006380,Deivy Florido,P,0.4228000044822693,0.12280000001192093,1.0,0.0,0.0,1.9466200128197668,,2021,pit,RP
6475,Kevin Jepsen,P,1.0,0.0,1.0,0.0,0.0,2.540733109414578,,2021,pit,RP
sa737630,Casey Meisner,P,0.24220000207424164,0.16120000183582306,1.0,0.0,0.0,1.447539875656366,,2021,pit,SP
sa918600,Jared Oliver,P,1.0,0.0,1.0,0.0,0.0,2.806533236801625,,2021,pit,RP
25918,Zack Thompson,P,0.8837000131607056,0.024700000882148743,1.0,0.0,0.0,2.674466698616743,STL,2021,pit,RP
8742,Zack Segovia,P,1.0,0.0,1.0,0.0,0.0,2.6319865785539154,,2021,pit,RP
sa917753,Willy Taveras,P,0.29089999198913574,0.1509000062942505,1.0,0.0,0.0,1.6634867452085023,,2021,pit,SP
sa875202,Travis Neubeck,P,1.0,0.0,1.0,0.0,0.0,2.728433440625668,,2021,pit,RP
sa828333,Erick Julio,P,1.0,0.0,1.0,0.0,0.0,2.474886785447597,,2021,pit,RP
8461,Michael Brady,P,1.0,0.0,1.0,0.0,0.0,2.4569266669452188,,2021,pit,RP
sa509749,Alejandro Soto,P,0.5299999713897705,0.10000000149011612,1.0,0.0,0.0,1.8603931464254857,,2021,pit,RP
20430,Rony García,P,0.8037999868392944,0.04179999977350235,1.0,0.0,0.0,2.5385266758501532,,2021,pit,RP
sa3008532,Blaine Knight,P,0.18289999663829803,0.17389999330043793,1.0,0.0,0.0,0.6763801701366905,,2021,pit,SP
sa918177,Walker Sheller,P,1.0,0.0,1.0,0.0,0.0,2.5043932683765893,,2021,pit,RP
sa3004368,Tanner Duncan,P,1.0,0.0,1.0,0.0,0.0,2.7130333766341215,,2021,pit,RP
sa875749,Austin Sodders,P,0.5885000228881836,0.08749999850988388,1.0,0.0,0.0,1.9829399809241295,,2021,pit,RP
sa915714,Paul Balestrieri,P,0.23980000615119934,0.16179999709129333,1.0,0.0,0.0,1.3138735562562944,,2021,pit,SP
25512,Nate Fisher,P,0.34040001034736633,0.1404000073671341,1.0,0.0,0.0,1.5279399268329148,,2021,pit,RP
sa510341,Jose Pena,P,1.0,0.0,1.0,0.0,0.0,2.7057467587292194,,2021,pit,RP
sa872713,J.D. Busfield,P,0.40959998965263367,0.12559999525547028,1.0,0.0,0.0,1.5675665639340872,,2021,pit,RP
sa3011196,Josh Hendrickson,P,0.4648999869823456,0.11389999836683273,1.0,0.0,0.0,1.7498068712651729,,2021,pit,RP
sa875673,Austin Orewiler,P,0.18199999630451202,0.17399999499320984,1.0,0.0,0.0,1.1036334283649922,,2021,pit,SP
sa3011223,Frank Valentino,P,0.19030000269412994,0.17229999601840973,1.0,0.0,0.0,1.1657064966857433,,2021,pit,SP
sa873529,Tomás Alastre,P,0.1754000037908554,0.1754000037908554,1.0,0.0,0.0,0.987706679105758,,2021,pit,SP
sa3003036,Samuel Reyes,P,0.7378000020980835,0.055799998342990875,1.0,0.0,0.0,2.1776066660881046,,2021,pit,RP
22461,Logan Gillaspie,P,0.30570000410079956,0.1476999968290329,1.0,0.0,0.0,1.444593489170075,SDP,2021,pit,RP
1330,Pedro Beato,P,1.0,0.0,1.0,0.0,0.0,2.5263066574931146,PHI,2021,pit,RP
23590,Ben Brown,P,0.4846000075340271,0.1096000000834465,1.0,0.0,0.0,1.791140065342188,CHC,2021,pit,RP
sa3005358,Max Gamboa,P,1.0,0.0,1.0,0.0,0.0,2.6991467326879506,,2021,pit,RP
sa917803,Deivi Diaz,P,0.30570000410079956,0.1476999968290329,1.0,0.0,0.0,1.4915599755942819,,2021,pit,RP
13892,Paul Sewald,P,1.0,0.0,1.0,0.0,0.0,2.9479468040168286,ARI,2021,pit,RP
sa829881,Andrew Case,P,1.0,0.0,1.0,0.0,0.0,2.5217600397765634,,2021,pit,RP
sa857665,Brock Hartson,P,0.2240999937057495,0.16509999334812164,1.0,0.0,0.0,1.4115132540464406,,2021,pit,SP
sa3007243,Andrew Politi,P,0.61080002784729,0.0828000009059906,1.0,0.0,0.0,2.138140112906695,,2021,pit,RP
16218,Brett Graves,P,1.0,0.0,1.0,0.0,0.0,2.839373278617859,,2021,pit,RP
sa3007801,Andrew Mitchell,P,0.8795999884605408,0.025599999353289604,1.0,0.0,0.0,2.70658670514822,,2021,pit,RP
sa3005420,Connor Strain,P,1.0,0.0,1.0,0.0,0.0,2.5094266474246982,,2021,pit,RP
sa3006543,Eddy Yean,P,0.1754000037908554,0.1754000037908554,1.0,0.0,0.0,1.0420467987656594,WSN,2021,pit,SP
sa549266,David Richardson,P,1.0,0.0,1.0,0.0,0.0,2.564066652953625,,2021,pit,RP
sa3007834,Taylor Lehman,P,0.29660001397132874,0.14959999918937683,1.0,0.0,0.0,1.34781359359622,,2021,pit,SP
sa876201,Hector Lujan,P,1.0,0.0,1.0,0.0,0.0,2.6387464575469495,,2021,pit,RP
25830,Jeff Lindgren,P,1.0,0.0,1.0,0.0,0.0,2.676799926906824,,2021,pit,RP
sa917740,Faustino Carrera,P,0.18289999663829803,0.17389999330043793,1.0,0.0,0.0,1.5959268033504492,,2021,pit,SP
sa824922,Jorge Rivera,P,0.25049999356269836,0.15950000286102295,1.0,0.0,0.0,1.3402200281620025,,2021,pit,SP
10636,Madison Younginer IV,P,1.0,0.0,1.0,0.0,0.0,2.611979842185974,,2021,pit,RP
19580,Norge Ruiz,P,1.0,0.0,1.0,0.0,0.0,2.7299465566873544,,2021,pit,RP
17697,Pedro Araújo,P,1.0,0.0,1.0,0.0,0.0,2.6172000743448733,,2021,pit,RP
9948,Mike Dunn,P,1.0,0.0,1.0,0.0,0.0,2.678099937736988,,2021,pit,RP
sa871769,Jesus Rodriguez,P,0.1754000037908554,0.1754000037908554,1.0,0.0,0.0,1.1831466130912305,,2021,pit,SP
sa875407,Heath Bowers,P,0.9415000081062317,0.012500000186264515,1.0,0.0,0.0,2.5489598415791987,,2021,pit,RP
sa3007485,Josh Dye,P,1.0,0.0,1.0,0.0,0.0,2.5931532822549346,,2021,pit,RP
sa918756,Jordan Jess,P,1.0,0.0,1.0,0.0,0.0,2.5038864910602574,,2021,pit,RP
7312,Josh Collmenter,P,1.0,0.0,1.0,0.0,0.0,2.431799799948931,,2021,pit,RP
sa3008498,Matt Hartman,P,0.2685999870300293,0.15559999644756317,1.0,0.0,0.0,1.4827200904488564,,2021,pit,SP
sa3005312,Scott Kuzminsky,P,1.0,0.0,1.0,0.0,0.0,2.5983132697641844,,2021,pit,RP
sa872546,Jorge Tavarez,P,1.0,0.0,1.0,0.0,0.0,2.5423535525798795,,2021,pit,RP
sa916725,Freisis Adames,P,0.31310001015663147,0.1460999995470047,1.0,0.0,0.0,1.555799928307533,,2021,pit,RP
sa3004193,Colton Laws,P,0.20679999887943268,0.1687999963760376,1.0,0.0,0.0,1.1956197477877146,,2021,pit,SP
4849,Joe Blanton,P,1.0,0.0,1.0,0.0,0.0,2.4431666612625116,,2021,pit,RP
sa737091,Dalton Rodriguez,P,1.0,0.0,1.0,0.0,0.0,2.50651355534792,,2021,pit,RP
sa916571,Marcos Machado,P,0.2603999972343445,0.1573999971151352,1.0,0.0,0.0,1.2987934119999416,,2021,pit,SP
sa3008000,Connor Mitchell,P,1.0,0.0,1.0,0.0,0.0,2.5157133609056475,,2021,pit,RP
sa599832,Joshua Corrales,P,0.9225000143051147,0.016499999910593033,1.0,0.0,0.0,2.410406810045243,,2021,pit,RP
sa3007470,Brian Brown,P,0.19189999997615814,0.17190000414848328,1.0,0.0,0.0,1.1615402616560453,,2021,pit,SP
sa876250,Adam Lau,P,0.9158999919891357,0.017899999395012856,1.0,0.0,0.0,2.5401866219937803,,2021,pit,RP
sa918665,Sam Held,P,0.475600004196167,0.11159999668598175,1.0,0.0,0.0,1.609419871121645,,2021,pit,RP
sa3007806,Miller Hogan,P,0.35190001130104065,0.1378999948501587,1.0,0.0,0.0,1.9409733794629576,,2021,pit,RP
sa294706,Jason Urquidez,P,1.0,0.0,1.0,0.0,0.0,2.4832067616283897,,2021,pit,RP
17754,Sandy Báez,P,1.0,0.0,1.0,0.0,0.0,2.5112266607582567,,2021,pit,RP
sa3004358,Cole Watts,P,0.31310001015663147,0.1460999995470047,1.0,0.0,0.0,1.4728067912161351,KCR,2021,pit,RP
sa3005146,Adam Stauffer,P,0.2809999883174896,0.15299999713897705,1.0,0.0,0.0,0.9653866536915303,BAL,2021,pit,SP
sa875205,Cory Taylor,P,1.0,0.0,1.0,0.0,0.0,2.511186649650336,,2021,pit,RP
26429,Cody Laweryson,P,0.2619999945163727,0.15700000524520874,1.0,0.0,0.0,1.502806747704744,MIN,2021,pit,SP
sa3003066,Tahnaj Thomas,P,0.1754000037908554,0.1754000037908554,1.0,0.0,0.0,1.0564799629151822,,2021,pit,SP
sa873207,Freicer Perez,P,0.1754000037908554,0.1754000037908554,1.0,0.0,0.0,1.102859980612994,,2021,pit,SP
20423,Ryan Walker,P,1.0,0.0,1.0,0.0,0.0,2.7350400120019915,SFG,2021,pit,RP
sa828239,Ofelky Peralta,P,0.18950000405311584,0.17249999940395355,1.0,0.0,0.0,0.7274332068860532,,2021,pit,SP
sa875796,Ike Schlabach,P,0.666100025177002,0.07109999656677246,1.0,0.0,0.0,1.9202867999672892,,2021,pit,RP
sa3007587,Adam Wolf,P,0.1754000037908554,0.1754000037908554,1.0,0.0,0.0,1.1725665643811234,,2021,pit,SP
sa3006697,C.J. Eldred,P,0.6783999800682068,0.06840000301599503,1.0,0.0,0.0,1.8589199960231784,,2021,pit,RP
20375,Greg Weissert,P,1.0,0.0,1.0,0.0,0.0,2.632860215753317,BOS,2021,pit,RP
sa503963,Robinson Lopez,P,0.1754000037908554,0.1754000037908554,1.0,0.0,0.0,1.0153267577290541,ATL,2021,pit,SP
sa3007200,Chance Kirby,P,0.2207999974489212,0.16580000519752502,1.0,0.0,0.0,1.2578800611197951,,2021,pit,SP
sa918353,Scott Engler,P,0.7699000239372253,0.048900000751018524,1.0,0.0,0.0,2.1860535360872744,,2021,pit,RP
17987,Bobby Poyner,P,0.859000027179718,0.029999999329447746,1.0,0.0,0.0,2.494613292068243,,2021,pit,RP
sa3003065,Juan Diaz,P,0.1754000037908554,0.1754000037908554,1.0,0.0,0.0,1.0599866755306726,,2021,pit,SP
sa829790,John Gavin,P,0.5002999901771545,0.1062999963760376,1.0,0.0,0.0,2.271786764264107,,2021,pit,RP
24968,Reese Olson,P,0.30489999055862427,0.14790000021457672,1.0,0.0,0.0,1.4413798958063126,DET,2021,pit,RP
sa455989,Carlos Teller,P,0.31310001015663147,0.1460999995470047,1.0,0.0,0.0,1.3826665803790092,,2021,pit,RP
sa737194,Ivan Andueza,P,0.23319999873638153,0.1632000058889389,1.0,0.0,0.0,1.2111400276422501,,2021,pit,SP
sa915685,Colton Hock,P,1.0,0.0,1.0,0.0,0.0,2.567306798696518,,2021,pit,RP
23793,Braxton Ashcraft,P,0.1754000037908554,0.1754000037908554,1.0,0.0,0.0,0.9780865475535396,PIT,2021,pit,SP
17133,Osmer Morales,P,1.0,0.0,1.0,0.0,0.0,2.418499957025051,,2021,pit,RP
22176,Easton McGee,P,0.19030000269412994,0.17229999601840973,1.0,0.0,0.0,1.42183334082365,MIL,2021,pit,SP
sa875686,Alec Kisena,P,0.5645999908447266,0.09260000288486481,1.0,0.0,0.0,2.1576733842492106,,2021,pit,RP
sa3011432,Tyler Dyson,P,0.1754000037908554,0.1754000037908554,1.0,0.0,0.0,0.8003934986889365,,2021,pit,SP
sa828746,Hector Guance,P,0.19030000269412994,0.17229999601840973,1.0,0.0,0.0,1.1542932376265522,,2021,pit,SP
sa737281,Enrique De Los Rios,P,0.6956999897956848,0.06469999998807907,1.0,0.0,0.0,1.9296332783997054,,2021,pit,RP
sa3006152,Abismael Villaman,P,0.25049999356269836,0.15950000286102295,1.0,0.0,0.0,1.249926652759314,,2021,pit,SP
sa873983,Boomer Biegalski,P,1.0,0.0,1.0,0.0,0.0,2.46413349956274,,2021,pit,RP
sa737570,Hector Galvan,P,0.2240999937057495,0.16509999334812164,1.0,0.0,0.0,1.2036001466214654,,2021,pit,SP
sa3002819,Jesus Ozoria,P,0.23729999363422394,0.1623000055551529,1.0,0.0,0.0,1.5974800482392317,,2021,pit,SP
sa3003009,Rodolfo Sanchez,P,0.1754000037908554,0.1754000037908554,1.0,0.0,0.0,0.9872934550046928,,2021,pit,SP
22533,Michel Otañez,P,0.1754000037908554,0.1754000037908554,1.0,0.0,0.0,1.3668865568935868,TEX,2021,pit,SP
27552,Graham Ashcraft,P,0.1754000037908554,0.1754000037908554,1.0,0.0,0.0,0.6218869417905806,CIN,2021,pit,SP
sa3008040,Yusniel Padron-Artiles,P,0.262800008058548,0.15680000185966492,1.0,0.0,0.0,1.3645466908812525,,2021,pit,SP
5861,Jason Motte,P,1.0,0.0,1.0,0.0,0.0,2.406033143401146,,2021,pit,RP
sa655012,Adrian Gusman,P,0.9142000079154968,0.018200000748038292,1.0,0.0,0.0,2.330200053751469,,2021,pit,RP
sa3002817,Carlos Montilla,P,0.1754000037908554,0.1754000037908554,1.0,0.0,0.0,0.9768131271004674,,2021,pit,SP
sa3004571,Kyle Johnston,P,0.18860000371932983,0.17260000109672546,1.0,0.0,0.0,1.2818134665489196,,2021,pit,SP
sa3009506,Martin Salazar,P,0.1754000037908554,0.1754000037908554,1.0,0.0,0.0,0.5820466741919521,,2021,pit,SP
sa873299,Randy Acevedo,P,0.1754000037908554,0.1754000037908554,1.0,0.0,0.0,0.9333402670919897,,2021,pit,SP
sa915858,Oliver Jaskie,P,0.3255000114440918,0.14350000023841858,1.0,0.0,0.0,1.9176465667784215,SEA,2021,pit,RP
sa828412,Joan Baez,P,1.0,0.0,1.0,0.0,0.0,2.383199943602085,,2021,pit,RP
sa947763,Miguel Medrano,P,0.1754000037908554,0.1754000037908554,1.0,0.0,0.0,0.6240864574909213,,2021,pit,SP
24614,Victor Vodnik,P,0.6463000178337097,0.07530000060796738,1.0,0.0,0.0,2.0861930459737783,COL,2021,pit,RP
sa3007268,Grant Townsend,P,0.19439999759197235,0.17139999568462372,1.0,0.0,0.0,1.2571333967149259,,2021,pit,SP
14733,José Manuel Fernández,P,1.0,0.0,1.0,0.0,0.0,2.5421332098543643,,2021,pit,RP
26108,Andre Pallante,P,0.21089999377727509,0.1678999960422516,1.0,0.0,0.0,1.3887000970542434,STL,2021,pit,SP
sa541874,Andres Avila,P,1.0,0.0,1.0,0.0,0.0,2.3723533295094965,,2021,pit,RP
sa543294,Juan Ramon Noriega,P,1.0,0.0,1.0,0.0,0.0,2.4496800757944586,,2021,pit,RP
sa918496,Burris Warner,P,0.7419000267982483,0.05490000173449516,1.0,0.0,0.0,2.1286934278905396,,2021,pit,RP
24493,Adam Kloffenstein,P,0.1754000037908554,0.1754000037908554,1.0,0.0,0.0,1.1126067869365213,NYY,2021,pit,SP
25098,Jacob Lopez,P,0.1754000037908554,0.1754000037908554,1.0,0.0,0.0,1.475473340600729,OAK,2021,pit,SP
sa3002971,Yefri Del Rosario,P,0.1754000037908554,0.1754000037908554,1.0,0.0,0.0,1.1485065631568436,,2021,pit,SP
21101,Dauri Moreta,P,1.0,0.0,1.0,0.0,0.0,2.1565533369779595,,2021,pit,RP
21132,Alexis Díaz,P,0.5860999822616577,0.08810000121593475,1.0,0.0,0.0,1.5692400075495243,TEX,2021,pit,RP
sa827446,Mason McCullough,P,1.0,0.0,1.0,0.0,0.0,2.7271932981908322,,2021,pit,RP
21018,Francisco Pérez,P,0.19609999656677246,0.17110000550746918,1.0,0.0,0.0,1.2684465825557707,OAK,2021,pit,SP
sa3004453,Wyatt Marks,P,0.1754000037908554,0.1754000037908554,1.0,0.0,0.0,1.5512531958520412,,2021,pit,SP
sa918643,Mike O'Reilly,P,1.0,0.0,1.0,0.0,0.0,2.4699800059199335,,2021,pit,RP
sa3007214,Conner Nurse,P,0.18780000507831573,0.1728000044822693,1.0,0.0,0.0,1.431093407422305,,2021,pit,SP
sa3008043,Austin Drury,P,1.0,0.0,1.0,0.0,0.0,2.468893276154995,,2021,pit,RP
sa3002781,Gabe Morales,P,0.2858999967575073,0.15189999341964722,1.0,0.0,0.0,1.5154200792312627,,2021,pit,SP
sa829689,Will Carter,P,0.9085000157356262,0.019500000402331352,1.0,0.0,0.0,2.1655265301465993,,2021,pit,RP
sa915693,Matt Ruppenthal,P,0.2784999907016754,0.1535000056028366,1.0,0.0,0.0,1.508033417910338,,2021,pit,SP
sa863882,Hector Mendoza,P,1.0,0.0,1.0,0.0,0.0,2.527559883892536,,2021,pit,RP
sa829809,Keith Weisenberg,P,0.28349998593330383,0.1525000035762787,1.0,0.0,0.0,1.401013664901257,,2021,pit,SP
sa738140,Alex Schick,P,1.0,0.0,1.0,0.0,0.0,2.7022200420498854,MIN,2021,pit,RP
sa502106,Jeff Ibarra,P,1.0,0.0,1.0,0.0,0.0,2.4234864987432956,,2021,pit,RP
sa659272,Mitchell Traver,P,0.1754000037908554,0.1754000037908554,1.0,0.0,0.0,1.046047005802393,,2021,pit,SP
sa3007205,Frankie Bartow,P,1.0,0.0,1.0,0.0,0.0,2.1236534483730796,,2021,pit,RP
sa829020,Spencer Moran,P,0.1754000037908554,0.1754000037908554,1.0,0.0,0.0,1.0503798097372061,,2021,pit,SP
sa918097,Will Gilbert,P,1.0,0.0,1.0,0.0,0.0,2.4108200214803226,,2021,pit,RP
4363,Craig Breslow,P,1.0,0.0,1.0,0.0,0.0,2.4050932452082634,,2021,pit,RP
sa3006496,Luis Villar,P,0.20430000126361847,0.16930000483989716,1.0,0.0,0.0,1.1590133875608446,,2021,pit,SP
sa3002914,Gabriel Noguera,P,0.25049999356269836,0.15950000286102295,1.0,0.0,0.0,1.3677468329668048,,2021,pit,SP
sa968102,Eric Pardinho,P,0.25209999084472656,0.1590999960899353,1.0,0.0,0.0,1.3270000398159034,TOR,2021,pit,SP
sa3007711,Parker Kelly,P,0.34940001368522644,0.13840000331401825,1.0,0.0,0.0,1.403273463249207,,2021,pit,RP
sa3007625,Carter Love,P,0.1754000037908554,0.1754000037908554,1.0,0.0,0.0,0.8186665602028373,CHW,2021,pit,SP
sa873281,Brandon Miller,P,0.2703000009059906,0.15530000627040863,1.0,0.0,0.0,1.2270600661635407,,2021,pit,SP
17233,Brian Ellington,P,1.0,0.0,1.0,0.0,0.0,2.73229328840971,,2021,pit,RP
sa918043,Jordan Watson,P,1.0,0.0,1.0,0.0,0.0,2.637300214916468,,2021,pit,RP
12791,Michael Kelly,P,0.515999972820282,0.10300000011920929,1.0,0.0,0.0,1.9334934122860439,OAK,2021,pit,RP
20638,Luis F. Castillo,P,1.0,0.0,1.0,0.0,0.0,2.493019979447127,,2021,pit,RP
sa919042,Sergio Pacheco,P,0.3625999987125397,0.1356000006198883,1.0,0.0,0.0,1.2934534728527067,,2021,pit,RP
sa3004009,Cole Bartlett,P,1.0,0.0,1.0,0.0,0.0,2.2293732851743697,,2021,pit,RP
sa393279,Marco Antonio Duarte,P,0.44999998807907104,0.11699999868869781,1.0,0.0,0.0,1.504839984327555,,2021,pit,RP
sa875058,Tyler Mark,P,1.0,0.0,1.0,0.0,0.0,2.6058067433536056,,2021,pit,RP
sa3004773,Peter Lannoo,P,1.0,0.0,1.0,0.0,0.0,2.4531066417694096,,2021,pit,RP
sa3008434,Richard Guasch,P,0.28349998593330383,0.1525000035762787,1.0,0.0,0.0,1.7810797639191152,BAL,2021,pit,SP
sa918672,Will Kincanon,P,1.0,0.0,1.0,0.0,0.0,2.377566674351692,,2021,pit,RP
sa3011500,Spencer Stockton,P,0.24140000343322754,0.16140000522136688,1.0,0.0,0.0,0.7676932662725449,,2021,pit,SP
18454,Trevor Kelley,P,1.0,0.0,1.0,0.0,0.0,2.5870534338057043,,2021,pit,RP
sa873758,Luis Perez,P,0.7188000082969666,0.05979999899864197,1.0,0.0,0.0,1.542206780612469,,2021,pit,RP
sa658087,Adrian Almeida,P,1.0,0.0,1.0,0.0,0.0,2.527986646443606,,2021,pit,RP
sa3006095,Doug Still,P,1.0,0.0,1.0,0.0,0.0,2.7595933347940447,,2021,pit,RP
sa3005866,Jesus Valles,P,0.20180000364780426,0.16979999840259552,1.0,0.0,0.0,0.9222334355115893,,2021,pit,SP
sa3004217,Orlando Razo,P,0.1754000037908554,0.1754000037908554,1.0,0.0,0.0,1.298320010304451,,2021,pit,SP
sa3003993,Adam Reuss,P,0.2892000079154968,0.15119999647140503,1.0,0.0,0.0,1.2629330918192863,,2021,pit,SP
sa3006819,Joey Pulido,P,1.0,0.0,1.0,0.0,0.0,2.527886526286603,,2021,pit,RP
sa875020,Breckin Williams,P,1.0,0.0,1.0,0.0,0.0,2.5503868229687217,,2021,pit,RP
sa3008129,Jackson Rose,P,0.23149999976158142,0.16349999606609344,1.0,0.0,0.0,1.303560049831868,,2021,pit,SP
20794,Manuel Rodríguez,P,1.0,0.0,1.0,0.0,0.0,2.5679665729403496,TBR,2021,pit,RP
sa917865,Manuel Silva,P,0.30320000648498535,0.14820000529289246,1.0,0.0,0.0,1.3258067041635515,PHI,2021,pit,RP
sa3007817,Austin Ross,P,1.0,0.0,1.0,0.0,0.0,2.395706897228956,,2021,pit,RP
sa3010377,Scott Politz,P,0.18780000507831573,0.1728000044822693,1.0,0.0,0.0,0.9512731470167637,,2021,pit,SP
sa3004588,Harold Cortijo,P,0.1754000037908554,0.1754000037908554,1.0,0.0,0.0,0.9689531370997431,,2021,pit,SP
sa688946,Nicolas Debora,P,0.39309999346733093,0.1290999948978424,1.0,0.0,0.0,1.4873601630330087,,2021,pit,RP
sa3006836,Tyler Joyner,P,1.0,0.0,1.0,0.0,0.0,1.9250665932893751,,2021,pit,RP
sa875595,Jacob Schlesener,P,0.3691999912261963,0.13420000672340393,1.0,0.0,0.0,1.8596867352724074,,2021,pit,RP
sa3005029,Matt Turner,P,0.1754000037908554,0.1754000037908554,1.0,0.0,0.0,1.0818065315484997,NYM,2021,pit,SP
sa509404,Adrian Garza,P,0.18289999663829803,0.17389999330043793,1.0,0.0,0.0,0.8535399183630945,,2021,pit,SP
sa597557,Luis Mateo,P,0.25049999356269836,0.15950000286102295,1.0,0.0,0.0,1.1552533186972136,NYM,2021,pit,SP
20962,Elvin Rodríguez,P,0.18289999663829803,0.17389999330043793,1.0,0.0,0.0,1.1780532449483867,,2021,pit,SP
sa3006945,Cason Sherrod,P,1.0,0.0,1.0,0.0,0.0,2.542393463850021,,2021,pit,RP
sa923379,Jeffri Ocando,P,0.1754000037908554,0.1754000037908554,1.0,0.0,0.0,0.8745934583246711,COL,2021,pit,SP
sa3005213,Justin Bullock,P,0.34940001368522644,0.13840000331401825,1.0,0.0,0.0,1.494393272697926,MIL,2021,pit,RP
sa3003013,Joan Valdez,P,0.19189999997615814,0.17190000414848328,1.0,0.0,0.0,0.9822799921035772,,2021,pit,SP
18615,Hobie Harris,P,1.0,0.0,1.0,0.0,0.0,2.6000666916370396,BOS,2021,pit,RP
sa3004771,John Russell,P,1.0,0.0,1.0,0.0,0.0,2.7880398951470853,,2021,pit,RP
23899,Valente Bellozo,P,0.39480000734329224,0.12880000472068787,1.0,0.0,0.0,1.6809799678623674,COL,2021,pit,RP
22113,Cole Winn,P,0.1754000037908554,0.1754000037908554,1.0,0.0,0.0,0.9359866559505465,TEX,2021,pit,SP
sa3008305,Chandler Raiden,P,0.9133999943733215,0.018400000408291817,1.0,0.0,0.0,2.6167001008987434,,2021,pit,RP
sa3005302,Peyton Remy,P,0.30320000648498535,0.14820000529289246,1.0,0.0,0.0,1.403066628426314,,2021,pit,RP
sa3006171,Emmy Morel,P,0.1754000037908554,0.1754000037908554,1.0,0.0,0.0,0.974273416399956,,2021,pit,SP
sa3010306,Logan Gragg,P,0.3882000148296356,0.13019999861717224,1.0,0.0,0.0,1.720606692135334,,2021,pit,RP
sa875726,Mack Lemieux,P,1.0,0.0,1.0,0.0,0.0,2.6645935788750648,,2021,pit,RP
sa873429,Cristofer Melendez,P,1.0,0.0,1.0,0.0,0.0,2.500066720694304,,2021,pit,RP
sa3007220,Leif Strom,P,0.3262999951839447,0.14329999685287476,1.0,0.0,0.0,1.160353471338749,,2021,pit,RP
sa3009992,Hyun-il Choi,P,0.218299999833107,0.1662999987602234,1.0,0.0,0.0,1.082433422654867,,2021,pit,SP
sa659414,Manuel Chavez,P,1.0,0.0,1.0,0.0,0.0,2.5015799492597584,,2021,pit,RP
sa737330,Alexis Tapia,P,0.6248000264167786,0.07980000227689743,1.0,0.0,0.0,1.850826790183782,,2021,pit,RP
sa827345,Trey Killian,P,0.1754000037908554,0.1754000037908554,1.0,0.0,0.0,1.0089733175933362,,2021,pit,SP
sa3004647,Juan Pablo Lopez,P,0.4187000095844269,0.12370000034570694,1.0,0.0,0.0,1.6496999196708209,,2021,pit,RP
24930,Ethan Roberts,P,1.0,0.0,1.0,0.0,0.0,2.3363600574433803,CHC,2021,pit,RP
sa328973,Edgar Osuna,P,0.39890000224113464,0.12790000438690186,1.0,0.0,0.0,1.3428733170032503,,2021,pit,RP
sa918276,Trey Cobb,P,1.0,0.0,1.0,0.0,0.0,2.5841666206717493,,2021,pit,RP
20175,Ben Braymer,P,13.239999771118164,3.240000009536743,28.412700653076172,0.0,0.72079998254776,75.83582394123074,,2021,pit,RP
sa829194,Alec Kenilvort,P,1.0,0.0,1.0,0.0,0.0,2.3868731506168848,,2021,pit,RP
sa829724,Garett King,P,0.1754000037908554,0.1754000037908554,1.0,0.0,0.0,1.0693265102803706,,2021,pit,SP
sa3008635,Vicente Valenzuela,P,0.4311000108718872,0.12110000103712082,1.0,0.0,0.0,1.641860022395849,,2021,pit,RP
sa3007204,Sean Wymer,P,0.18780000507831573,0.1728000044822693,1.0,0.0,0.0,0.9616730742156507,,2021,pit,SP
sa872723,Danny Garcia,P,1.0,0.0,1.0,0.0,0.0,2.3537865072488784,,2021,pit,RP
sa827076,Erling Moreno,P,0.31310001015663147,0.1460999995470047,1.0,0.0,0.0,1.2523134067654609,,2021,pit,RP
sa598569,Samil De Los Santos,P,1.0,0.0,1.0,0.0,0.0,2.5512867793440823,,2021,pit,RP
sa3006951,Solomon Bates,P,1.0,0.0,1.0,0.0,0.0,2.7869065843522556,,2021,pit,RP
sa3008165,Bryan Warzek,P,0.4657000005245209,0.1137000024318695,1.0,0.0,0.0,1.8034998171031478,,2021,pit,RP
24606,Josh Winder,P,0.1754000037908554,0.1754000037908554,1.0,0.0,0.0,1.1331931069493302,,2021,pit,SP
sa921422,William Ouellette,P,0.8902999758720398,0.02329999953508377,1.0,0.0,0.0,2.1862733818590643,,2021,pit,RP
sa3004485,Taylor Ahearn,P,0.569599986076355,0.09160000085830688,1.0,0.0,0.0,1.7367199555039408,,2021,pit,RP
sa654744,Carlos Bustamante,P,1.0,0.0,1.0,0.0,0.0,2.4683734916150573,,2021,pit,RP
sa3008714,Jose Franco,P,0.1754000037908554,0.1754000037908554,1.0,0.0,0.0,0.5265665195882323,CIN,2021,pit,SP
sa328993,Marco Carrillo,P,0.1754000037908554,0.1754000037908554,1.0,0.0,0.0,0.8333934746682643,,2021,pit,SP
10240,Ariel Peña,P,1.0,0.0,1.0,0.0,0.0,2.431939750164748,MIL,2021,pit,RP
sa601493,Gonzalo Sanudo,P,1.0,0.0,1.0,0.0,0.0,2.3583467423915865,,2021,pit,RP
sa262058,Salvador Valdez,P,0.6470999717712402,0.07509999722242355,1.0,0.0,0.0,1.7763332366943358,,2021,pit,RP
21649,Luis Medina,P,0.1754000037908554,0.1754000037908554,1.0,0.0,0.0,1.1549401134252548,OAK,2021,pit,SP
sa3007805,Peyton Culbertson,P,0.3700000047683716,0.1340000033378601,1.0,0.0,0.0,1.3803466960787771,,2021,pit,RP
22192,Hans Crouse,P,0.1754000037908554,0.1754000037908554,1.0,0.0,0.0,0.870513264834881,BAL,2021,pit,SP
sa918926,Troy Bacon,P,0.8622999787330627,0.02930000051856041,1.0,0.0,0.0,2.352946749329567,,2021,pit,RP
sa3004467,John Curtis,P,0.52920001745224,0.10019999742507935,1.0,0.0,0.0,1.6797867007553582,,2021,pit,RP
sa918024,Winston Nicacio,P,0.35679998993873596,0.13680000603199005,1.0,0.0,0.0,1.3322731941938395,,2021,pit,RP
12185,Akeel Morris,P,1.0,0.0,1.0,0.0,0.0,2.4085465148091316,,2021,pit,RP
sa707780,Jeff Thompson,P,1.0,0.0,1.0,0.0,0.0,2.482646578550339,,2021,pit,RP
sa3004664,Ryan Dease,P,0.18950000405311584,0.17249999940395355,1.0,0.0,0.0,0.7829735197126868,TEX,2021,pit,SP
sa740428,Luis Ivan Rodriguez,P,1.0,0.0,1.0,0.0,0.0,2.27946666404605,,2021,pit,RP
sa659000,Jackson McClelland,P,1.0,0.0,1.0,0.0,0.0,2.556420101225376,,2021,pit,RP
sa508101,Marco Quevedo,P,0.29339998960494995,0.15039999783039093,1.0,0.0,0.0,1.2164133399724961,,2021,pit,SP
14697,Severino González,P,1.0,0.0,1.0,0.0,0.0,2.2819266192615033,,2021,pit,RP
sa916829,Abdiel Mendoza,P,0.4212000072002411,0.12319999933242798,1.0,0.0,0.0,1.3376999028027057,SEA,2021,pit,RP
18820,Chris Rowley,P,1.0,0.0,1.0,0.0,0.0,2.29331351146102,,2021,pit,RP
sa875307,Bret Helton,P,0.8945000171661377,0.02250000089406967,1.0,0.0,0.0,2.29413344040513,,2021,pit,RP
sa829449,Jess Amedee,P,1.0,0.0,1.0,0.0,0.0,2.320980049669743,PIT,2021,pit,RP
sa3003058,Leonardo Rodriguez,P,0.18780000507831573,0.1728000044822693,1.0,0.0,0.0,0.46573984622955367,,2021,pit,SP
sa3008096,Ben Onyshko,P,0.9018999934196472,0.020899999886751175,1.0,0.0,0.0,2.4618932358920573,,2021,pit,RP
sa3002982,Ignacio Feliz,P,0.18860000371932983,0.17260000109672546,1.0,0.0,0.0,0.45947325602173805,,2021,pit,SP
sa3005318,Hunter Haworth,P,0.4194999933242798,0.12349999696016312,1.0,0.0,0.0,1.5521267034113406,ARI,2021,pit,RP
sa658086,Carlos Diaz,P,1.0,0.0,1.0,0.0,0.0,2.5079067274928097,,2021,pit,RP
21623,Grant Wolfram,P,0.39149999618530273,0.12950000166893005,1.0,0.0,0.0,1.3752599775791166,BAL,2021,pit,RP
sa3008019,Reza Aleaziz,P,1.0,0.0,1.0,0.0,0.0,2.328593369573355,,2021,pit,RP
sa508761,Luis De La O,P,1.0,0.0,1.0,0.0,0.0,2.2702534936368473,,2021,pit,RP
sa915671,Parker Rigler,P,0.1754000037908554,0.1754000037908554,1.0,0.0,0.0,0.7898399837315084,,2021,pit,SP
sa916727,Johan Dominguez,P,0.263700008392334,0.156700000166893,1.0,0.0,0.0,1.0726464681327341,,2021,pit,SP
sa829147,Micah Miniard,P,0.5027999877929688,0.10580000281333923,1.0,0.0,0.0,1.5792599841952324,,2021,pit,RP
24458,Carlos Duran,P,0.1754000037908554,0.1754000037908554,1.0,0.0,0.0,0.8755464285612109,LAD,2021,pit,SP
sa491795,Heriberto Ruelas,P,1.0,0.0,1.0,0.0,0.0,2.314973337948323,,2021,pit,RP
sa3002788,Alemao Hernandez,P,0.18700000643730164,0.17299999296665192,1.0,0.0,0.0,0.9236999385058882,,2021,pit,SP
sa828536,Jean Ruiz,P,0.2290000021457672,0.164000004529953,1.0,0.0,0.0,1.0291265130043024,,2021,pit,SP
14699,Jonathan Aro,P,1.0,0.0,1.0,0.0,0.0,2.484706477075816,,2021,pit,RP
sa659047,Clate Schmidt,P,0.657800018787384,0.07280000299215317,1.0,0.0,0.0,1.7843135885894306,,2021,pit,RP
sa3007862,Tyler Mitzel,P,0.864799976348877,0.02879999950528145,1.0,0.0,0.0,2.379306795448065,,2021,pit,RP
sa3008669,Hugh Smith,P,0.1754000037908554,0.1754000037908554,1.0,0.0,0.0,1.060426756739616,,2021,pit,SP
sa916092,Carlos De Leon,P,0.5472999811172485,0.09629999846220016,1.0,0.0,0.0,1.7714600361883641,,2021,pit,RP
sa918347,Ben Krauth,P,1.0,0.0,1.0,0.0,0.0,2.6050200760364532,,2021,pit,RP
sa739012,Sal Mendez,P,0.2669999897480011,0.15600000321865082,1.0,0.0,0.0,1.0901867620646954,,2021,pit,SP
sa738344,Alec Hansen,P,0.9027000069618225,0.02070000022649765,1.0,0.0,0.0,2.399633233249188,,2021,pit,RP
sa3007592,Mark Moclair,P,0.25049999356269836,0.15950000286102295,1.0,0.0,0.0,1.4401267141103746,,2021,pit,SP
sa3008314,Jacob Billingsley,P,0.9545999765396118,0.009600000455975533,1.0,0.0,0.0,2.34934688732028,,2021,pit,RP
sa3010119,Mitchell Kilkenny,P,0.1754000037908554,0.1754000037908554,1.0,0.0,0.0,0.019193602353334782,,2021,pit,SP
17821,José Mujica,P,4.0,0.0,4.0,0.0,0.6263999938964844,12.497146585583687,,2021,pit,RP
sa3008619,Joe Record,P,1.0,0.0,1.0,0.0,0.0,2.4478867091238503,,2021,pit,RP
sa917366,Sergio Cubilete,P,0.2851000130176544,0.15209999680519104,1.0,0.0,0.0,1.1688134804368016,,2021,pit,SP
sa915638,Alex Troop,P,0.809499979019165,0.04050000011920929,1.0,0.0,0.0,1.9115933269262313,,2021,pit,RP
sa876243,Billy Layne Jr.,P,0.45249998569488525,0.11649999767541885,1.0,0.0,0.0,1.4979199118912216,,2021,pit,RP
sa328208,Derrick Loop,P,1.0,0.0,1.0,0.0,0.0,2.2839933380484587,,2021,pit,RP
sa918959,Jean Casanova,P,0.1754000037908554,0.1754000037908554,1.0,0.0,0.0,0.7514866404235363,,2021,pit,SP
sa3006515,Israiky Berroa,P,0.19359999895095825,0.17159999907016754,1.0,0.0,0.0,0.9422269165515904,,2021,pit,SP
sa502234,Mario Gonzalez,P,0.5414999723434448,0.09749999642372131,1.0,0.0,0.0,1.49310007095337,,2021,pit,RP
18806,Drew Steckenrider,P,38.0,0.0,38.0,0.0,4.934299945831299,160.96425623893734,OAK,2021,pit,RP
sa829165,Stetson Woods,P,0.46650001406669617,0.11349999904632568,1.0,0.0,0.0,1.5167531371116638,,2021,pit,RP
sa3005408,Nick Gallagher,P,0.5027999877929688,0.10580000281333923,1.0,0.0,0.0,1.7561064049601556,,2021,pit,RP
sa3003134,Jose Conopoima,P,0.31310001015663147,0.1460999995470047,1.0,0.0,0.0,1.0783267892897137,PHI,2021,pit,RP
sa917460,Janser Lara,P,0.3625999987125397,0.1356000006198883,1.0,0.0,0.0,1.4335066929459575,TEX,2021,pit,RP
sa828800,John Richy,P,0.44999998807907104,0.11699999868869781,1.0,0.0,0.0,1.7311998628079897,SEA,2021,pit,RP
sa3008221,Parker Joe Robinson,P,1.0,0.0,1.0,0.0,0.0,2.1463466197252274,,2021,pit,RP
sa3010254,Austin Roberts,P,0.41130000352859497,0.12530000507831573,1.0,0.0,0.0,1.3442932739853863,TEX,2021,pit,RP
sa3008069,Keylan Killgore,P,1.0,0.0,1.0,0.0,0.0,2.3382465250790117,,2021,pit,RP
sa3006768,Alan Strong,P,0.21089999377727509,0.1678999960422516,1.0,0.0,0.0,1.393166866153479,,2021,pit,SP
sa3010666,Kumar Nambiar,P,0.46239998936653137,0.1143999993801117,1.0,0.0,0.0,1.920020008087159,,2021,pit,RP
sa3007492,Justin McGregor,P,0.18700000643730164,0.17299999296665192,1.0,0.0,0.0,0.7786667481064797,CIN,2021,pit,SP
sa3003037,Jairo Solis,P,0.20430000126361847,0.16930000483989716,1.0,0.0,0.0,1.1838468290865425,,2021,pit,SP
sa302341,Anthony Carter,P,1.0,0.0,1.0,0.0,0.0,2.2549002327024934,,2021,pit,RP
sa3003021,Luis Palacios,P,0.3659000098705292,0.13490000367164612,1.0,0.0,0.0,1.5012198887765416,MIA,2021,pit,RP
sa3006490,Edgar Martinez,P,0.2603999972343445,0.1573999971151352,1.0,0.0,0.0,1.1884931720793248,,2021,pit,SP
sa3010000,Evan Johnson,P,0.2215999960899353,0.1656000018119812,1.0,0.0,0.0,1.367026560753584,,2021,pit,SP
sa3007472,Tanner Chock,P,0.5720999836921692,0.09109999984502792,1.0,0.0,0.0,1.680679953843356,,2021,pit,RP
sa876105,Tyler Peyton,P,1.0,0.0,1.0,0.0,0.0,2.298046460747719,,2021,pit,RP
sa3004463,Robbie Hitt,P,1.0,0.0,1.0,0.0,0.0,2.2663199707865718,,2021,pit,RP
sa3009919,Sam Hellinger,P,1.0,0.0,1.0,0.0,0.0,2.0201466523110874,,2021,pit,RP
sa3006175,Juan Toribio,P,0.1754000037908554,0.1754000037908554,1.0,0.0,0.0,0.08059971854090708,,2021,pit,SP
sa3004483,Matt Seelinger,P,1.0,0.0,1.0,0.0,0.0,2.7067735001444824,DET,2021,pit,RP
sa3006844,Matt Leon,P,0.4268999993801117,0.12189999967813492,1.0,0.0,0.0,1.4056465648114682,LAA,2021,pit,RP
sa3006809,Jack Labosky,P,0.888700008392334,0.02370000071823597,1.0,0.0,0.0,2.3689266584813593,,2021,pit,RP
sa869604,Nathanael Santiago,P,1.0,0.0,1.0,0.0,0.0,2.251393368840218,,2021,pit,RP
sa3007724,Victor Vargas,P,0.24390000104904175,0.16089999675750732,1.0,0.0,0.0,0.8808199279010296,,2021,pit,SP
sa3005025,Sam Keating,P,0.29750001430511475,0.14949999749660492,1.0,0.0,0.0,1.1964332580566404,,2021,pit,SP
sa830462,Hansel Rodriguez,P,1.0,0.0,1.0,0.0,0.0,2.276213382929564,,2021,pit,RP
27451,Alec Marsh,P,0.1754000037908554,0.1754000037908554,1.0,0.0,0.0,0.8671867303550238,KCR,2021,pit,SP
sa875652,Ethan Clark,P,1.0,0.0,1.0,0.0,0.0,2.3871998064219953,,2021,pit,RP
sa829618,Brad Bass,P,0.3287999927997589,0.1428000032901764,1.0,0.0,0.0,1.2991067193448544,,2021,pit,RP
sa3009926,Josh McMinn,P,0.18780000507831573,0.1728000044822693,1.0,0.0,0.0,1.039286628365517,ARI,2021,pit,SP
sa3007606,Manuel Urias,P,0.1754000037908554,0.1754000037908554,1.0,0.0,0.0,0.7999801546335221,HOU,2021,pit,SP
sa828553,Juan Pena,P,0.899399995803833,0.021400000900030136,1.0,0.0,0.0,2.0914265409111983,,2021,pit,RP
sa918312,Justin Valdespina,P,0.3905999958515167,0.12960000336170197,1.0,0.0,0.0,1.2686131879687315,COL,2021,pit,RP
sa3004667,Chad Whitmer,P,1.0,0.0,1.0,0.0,0.0,2.190273246914148,,2021,pit,RP
sa3003168,Raul Hernandez,P,0.18780000507831573,0.1728000044822693,1.0,0.0,0.0,0.5419402055442335,,2021,pit,SP
sa3007595,Sean Thompson,P,0.1754000037908554,0.1754000037908554,1.0,0.0,0.0,0.7132866315543653,CHW,2021,pit,SP
sa3005371,Aldo Ramirez,P,0.18780000507831573,0.1728000044822693,1.0,0.0,0.0,0.8578266039490696,,2021,pit,SP
sa3004637,Joey Marciano,P,1.0,0.0,1.0,0.0,0.0,2.598873440176249,,2021,pit,RP
sa548554,Estevan Gonzalez,P,0.4871000051498413,0.10909999907016754,1.0,0.0,0.0,1.493166902661324,,2021,pit,RP
25075,William Woods,P,0.39890000224113464,0.12790000438690186,1.0,0.0,0.0,1.5734133072197434,,2021,pit,RP
sa602380,Brandon Bonilla,P,0.46239998936653137,0.1143999993801117,1.0,0.0,0.0,1.5768999725580213,,2021,pit,RP
sa3001064,Guillermo Trujillo,P,0.5414999723434448,0.09749999642372131,1.0,0.0,0.0,1.572826575487852,,2021,pit,RP
22932,Prelander Berroa,P,0.21250000596046448,0.16750000417232513,1.0,0.0,0.0,1.3778531983494764,CHW,2021,pit,SP
sa872820,Elio Silva,P,0.18780000507831573,0.1728000044822693,1.0,0.0,0.0,0.8409866452217103,,2021,pit,SP
sa829315,Corey Ray,P,1.0,0.0,1.0,0.0,0.0,2.4315734952688217,,2021,pit,RP
sa3009778,Luis De La Rosa,P,0.19030000269412994,0.17229999601840973,1.0,0.0,0.0,0.9828400388360019,,2021,pit,SP
sa3008427,Charlie Ruegger,P,0.3172999918460846,0.1453000009059906,1.0,0.0,0.0,1.0591065809130664,,2021,pit,RP
sa3006808,Connor Higgins,P,1.0,0.0,1.0,0.0,0.0,2.2724202655255796,,2021,pit,RP
sa3010117,Dan Metzdorf,P,0.1754000037908554,0.1754000037908554,1.0,0.0,0.0,0.592786829918623,,2021,pit,SP
22264,Shane Baz,P,0.1754000037908554,0.1754000037908554,1.0,0.0,0.0,1.3550399340689183,BAL,2021,pit,SP
sa829173,Brian Hunter,P,1.0,0.0,1.0,0.0,0.0,1.9342533044517038,CIN,2021,pit,RP
sa921661,Martin Buitimea,P,0.1754000037908554,0.1754000037908554,1.0,0.0,0.0,0.8321198306977751,,2021,pit,SP
sa3007244,Edgar Escobar,P,1.0,0.0,1.0,0.0,0.0,2.5443331763148307,,2021,pit,RP
sa918213,Michael Koval,P,1.0,0.0,1.0,0.0,0.0,2.197606632113457,,2021,pit,RP
sa509258,Jorge Ibarra,P,1.0,0.0,1.0,0.0,0.0,2.2714665636420253,,2021,pit,RP
11509,Brandon Cunniff,P,1.0,0.0,1.0,0.0,0.0,2.2173264354467386,,2021,pit,RP
sa3005119,Henry Omana,P,0.34940001368522644,0.13840000331401825,1.0,0.0,0.0,1.299699973315,,2021,pit,RP
sa597825,Bryan Brickhouse,P,1.0,0.0,1.0,0.0,0.0,2.446146691590547,,2021,pit,RP
sa3005328,Bryce Hutchinson,P,0.5109999775886536,0.10400000214576721,1.0,0.0,0.0,1.7306732513010497,,2021,pit,RP
26214,Chris Murphy,P,0.1754000037908554,0.1754000037908554,1.0,0.0,0.0,0.8470400728285314,CHW,2021,pit,SP
sa3007585,Austin Schulfer,P,0.34610000252723694,0.13910000026226044,1.0,0.0,0.0,1.4616398327052598,PHI,2021,pit,RP
22828,Juan Then,P,0.2232999950647354,0.16529999673366547,1.0,0.0,0.0,1.2523865662515168,,2021,pit,SP
sa3006516,Kevin Garcia,P,0.18860000371932983,0.17260000109672546,1.0,0.0,0.0,0.0909864753484726,,2021,pit,SP
sa875865,Xavier Altamirano,P,0.18780000507831573,0.1728000044822693,1.0,0.0,0.0,1.2097465999424455,,2021,pit,SP
sa877527,Yosmer Solorzano,P,0.30489999055862427,0.14790000021457672,1.0,0.0,0.0,1.151400081068278,,2021,pit,RP
sa3004192,Maverik Buffo,P,0.6265000104904175,0.0794999971985817,1.0,0.0,0.0,1.695486572384835,,2021,pit,RP
sa919818,Scott Sebald,P,0.3840999901294708,0.13109999895095825,1.0,0.0,0.0,1.3357399009168147,,2021,pit,RP
23307,Collin Snider,P,0.9217000007629395,0.016699999570846558,1.0,0.0,0.0,1.9400799997150897,CHC,2021,pit,RP
sa3003991,Donnie Sellers,P,0.2759999930858612,0.15399999916553497,1.0,0.0,0.0,1.0893466807901855,TOR,2021,pit,SP
sa3008557,Andrew Miller,P,0.1754000037908554,0.1754000037908554,1.0,0.0,0.0,0.775846565514803,,2021,pit,SP
sa977183,Carlos Chavez,P,0.5315999984741211,0.09960000216960907,1.0,0.0,0.0,1.5328799486160283,,2021,pit,RP
sa295625,Santiago Gutierrez,P,0.6610999703407288,0.07209999859333038,1.0,0.0,0.0,1.7852531023323532,,2021,pit,RP
sa3008172,Zach Mort,P,0.35679998993873596,0.13680000603199005,1.0,0.0,0.0,1.2781202077865608,,2021,pit,RP
sa3002965,Helcris Olivárez,P,0.1754000037908554,0.1754000037908554,1.0,0.0,0.0,0.12306013926863679,KCR,2021,pit,SP
17480,Daniel Duarte,P,1.0,0.0,1.0,0.0,0.0,2.2101200476288803,NYM,2021,pit,RP
8844,Antonio Bastardo,P,1.0,0.0,1.0,0.0,0.0,2.3280532367527487,,2021,pit,RP
sa508197,Tomas Solis,P,0.5142999887466431,0.10329999774694443,1.0,0.0,0.0,1.3931466519832614,,2021,pit,RP
sa3009623,Sergio Umana,P,0.1754000037908554,0.1754000037908554,1.0,0.0,0.0,0.7564665563404565,,2021,pit,SP
sa503356,Nick Struck,P,1.0,0.0,1.0,0.0,0.0,2.1640864424407487,,2021,pit,RP
sa3011233,Jared Horn,P,0.1754000037908554,0.1754000037908554,1.0,0.0,0.0,-0.12078680992126456,COL,2021,pit,SP
sa829573,Tyler Schimpf,P,0.8960999846458435,0.022099999710917473,1.0,0.0,0.0,2.5357666365802287,,2021,pit,RP
sa916705,Angello Infante,P,0.25870001316070557,0.15770000219345093,1.0,0.0,0.0,1.327073456346989,,2021,pit,SP
21620,Jake Cousins,P,1.0,0.0,1.0,0.0,0.0,2.254433488100768,,2021,pit,RP
sa737089,Eduardo Del Rosario,P,1.0,0.0,1.0,0.0,0.0,2.350286772102118,,2021,pit,RP
22810,Roansy Contreras,P,0.1754000037908554,0.1754000037908554,1.0,0.0,0.0,0.7827998459339143,,2021,pit,SP
sa873497,Jhonleider Salinas,P,0.550599992275238,0.09560000151395798,1.0,0.0,0.0,1.8927466593682771,,2021,pit,RP
sa3011334,Todd Peterson,P,0.3328999876976013,0.14190000295639038,1.0,0.0,0.0,0.9177534446120261,,2021,pit,RP
sa3007459,Clay Helvey,P,0.7939000129699707,0.04390000179409981,1.0,0.0,0.0,2.3062600947916505,,2021,pit,RP
sa1170117,Michael YaSenka,P,0.2167000025510788,0.16670000553131104,1.0,0.0,0.0,1.1546398706734178,,2021,pit,SP
sa3002818,Juan Mercedes,P,0.3874000012874603,0.13040000200271606,1.0,0.0,0.0,1.4846465803682798,,2021,pit,RP
sa829590,Nestor Bautista,P,1.0,0.0,1.0,0.0,0.0,2.4123666502535346,,2021,pit,RP
sa3005379,Gerardo Gutierrez,P,0.6075000166893005,0.08349999785423279,1.0,0.0,0.0,1.8107999838888649,ARI,2021,pit,RP
sa3007473,Reid Birlingmair,P,0.19850000739097595,0.1704999953508377,1.0,0.0,0.0,1.3085467450320727,,2021,pit,SP
21367,Peter Strzelecki,P,1.0,0.0,1.0,0.0,0.0,2.2969865515828127,MIL,2021,pit,RP
sa3006994,Alex Camacho,P,1.0,0.0,1.0,0.0,0.0,2.3121601305902004,ATL,2021,pit,RP
sa873319,Angel Padron,P,0.5703999996185303,0.09139999747276306,1.0,0.0,0.0,1.6699733689427378,,2021,pit,RP
22717,Angel Zerpa,P,0.18860000371932983,0.17260000109672546,1.0,0.0,0.0,0.8737467072904113,MIL,2021,pit,SP
sa913187,Chad Hockin,P,1.0,0.0,1.0,0.0,0.0,2.2883465312421323,,2021,pit,RP
sa3006969,Preston White,P,0.8912000060081482,0.02319999970495701,1.0,0.0,0.0,2.2833466842770584,,2021,pit,RP
13560,Alec Asher,P,1.0,0.0,1.0,0.0,0.0,2.0871933437883854,,2021,pit,RP
sa3011525,Dan Hammer,P,0.2727000117301941,0.15469999611377716,1.0,0.0,0.0,0.5792799033224583,,2021,pit,SP
sa922462,Angel Rodriguez,P,0.5877000093460083,0.0877000018954277,1.0,0.0,0.0,1.552113412320614,,2021,pit,RP
sa3010787,Evan McKendry,P,0.2167000025510788,0.16670000553131104,1.0,0.0,0.0,1.2919865563511843,MIA,2021,pit,SP
sa3005265,Cole Bellinger,P,0.18860000371932983,0.17260000109672546,1.0,0.0,0.0,0.9514065124094486,SDP,2021,pit,SP
sa875052,Garrett Davila,P,0.23479999601840973,0.16279999911785126,1.0,0.0,0.0,1.0514331459999084,,2021,pit,SP
sa598648,Fabian Cota,P,1.0,0.0,1.0,0.0,0.0,2.2101201467216014,,2021,pit,RP
sa3005634,Julio Puello,P,0.1754000037908554,0.1754000037908554,1.0,0.0,0.0,0.9906067408621313,STL,2021,pit,SP
sa202910,Juan Sandoval,P,1.0,0.0,1.0,0.0,0.0,2.0633397854864595,,2021,pit,RP
sa1054042,Tyler Baum,P,0.1754000037908554,0.1754000037908554,1.0,0.0,0.0,1.12283335402608,WSN,2021,pit,SP
sa872809,Luis Amaya,P,1.0,0.0,1.0,0.0,0.0,2.623393226414919,,2021,pit,RP
sa3005439,Elian Ferreira,P,0.1754000037908554,0.1754000037908554,1.0,0.0,0.0,0.7153733015060428,,2021,pit,SP
sa918300,Robby Sexton,P,1.0,0.0,1.0,0.0,0.0,2.1979933790862565,,2021,pit,RP
sa3010630,Brandon Komar,P,0.6693999767303467,0.07039999961853027,1.0,0.0,0.0,1.8547664821147922,,2021,pit,RP
sa3006482,Jose Salvador,P,0.1754000037908554,0.1754000037908554,1.0,0.0,0.0,0.7247999459505081,,2021,pit,SP
sa3003106,Carlos Romero,P,0.19189999997615814,0.17190000414848328,1.0,0.0,0.0,0.6243201337754725,,2021,pit,SP
sa3004479,Zack Mozingo,P,0.7253999710083008,0.058400001376867294,1.0,0.0,0.0,1.85139336809516,,2021,pit,RP
sa3005405,Francisco Gomez,P,0.4375999867916107,0.11959999799728394,1.0,0.0,0.0,1.3109800077974794,,2021,pit,RP
sa3007461,Andrew Cabezas,P,0.18289999663829803,0.17389999330043793,1.0,0.0,0.0,0.8976332359015942,,2021,pit,SP
sa3010778,Jake Sommers,P,0.20679999887943268,0.1687999963760376,1.0,0.0,0.0,0.0072265207767490125,,2021,pit,SP
sa3007495,Domingo Gonzalez,P,0.46070000529289246,0.11469999700784683,1.0,0.0,0.0,1.3515332378447056,SEA,2021,pit,RP
sa3009620,Jose Mullings,P,0.1754000037908554,0.1754000037908554,1.0,0.0,0.0,0.7581398889422419,,2021,pit,SP
sa737197,Jose Carlos Medina,P,0.45410001277923584,0.1160999983549118,1.0,0.0,0.0,1.3404732920229434,,2021,pit,RP
sa875615,RJ Peace,P,0.5390999913215637,0.09809999912977219,1.0,0.0,0.0,1.556173211336136,,2021,pit,RP
sa857589,Billy Strode,P,1.0,0.0,1.0,0.0,0.0,2.150333499163389,,2021,pit,RP
sa3007998,Leudeny Pineda,P,0.30160000920295715,0.1485999971628189,1.0,0.0,0.0,1.432966682314873,,2021,pit,RP
sa875696,Ryne Inman,P,0.1754000037908554,0.1754000037908554,1.0,0.0,0.0,1.1693199709057809,,2021,pit,SP
sa3004683,Tad Ratliff,P,1.0,0.0,1.0,0.0,0.0,2.213713243603707,,2021,pit,RP
sa3006408,Heribert Garcia,P,0.2578999996185303,0.15790000557899475,1.0,0.0,0.0,0.9311800435185433,,2021,pit,SP
25862,Noah Davis,P,0.1754000037908554,0.1754000037908554,1.0,0.0,0.0,0.24799355790019062,PIT,2021,pit,SP
sa3002617,Pedro González,P,0.3691999912261963,0.13420000672340393,1.0,0.0,0.0,0.9819464132189748,,2021,pit,RP
sa3007454,Luis Alvarado,P,0.25870001316070557,0.15770000219345093,1.0,0.0,0.0,0.9774400547146795,,2021,pit,SP
sa651344,Rogelio Martinez,P,0.5852000117301941,0.08820000290870667,1.0,0.0,0.0,1.5247000478208066,,2021,pit,RP
sa876313,Adam Hill,P,0.19609999656677246,0.17110000550746918,1.0,0.0,0.0,1.1462266296148296,,2021,pit,SP
sa3008713,Carlo Reyes,P,0.1754000037908554,0.1754000037908554,1.0,0.0,0.0,0.7581864424049853,,2021,pit,SP
sa3008445,Tomas Reyes,P,0.1754000037908554,0.1754000037908554,1.0,0.0,0.0,0.7692734211683279,,2021,pit,SP
sa3004005,Ramon Perez,P,0.5457000136375427,0.09669999778270721,1.0,0.0,0.0,1.7443066932260995,,2021,pit,RP
sa917566,Orlando Noriega,P,0.18780000507831573,0.1728000044822693,1.0,0.0,0.0,0.31298670843243626,CIN,2021,pit,SP
sa505062,Endrys Briceno,P,0.616599977016449,0.08160000294446945,1.0,0.0,0.0,1.6229000143706798,,2021,pit,RP
sa872819,Lupe Chavez,P,0.2694000005722046,0.15539999306201935,1.0,0.0,0.0,1.1663068510591978,,2021,pit,SP
sa3007208,Tanner Lawson,P,1.0,0.0,1.0,0.0,0.0,2.2573933154344563,ATL,2021,pit,RP
sa3009812,Bernardo Hiraldo,P,0.1754000037908554,0.1754000037908554,1.0,0.0,0.0,0.6529067598283294,,2021,pit,SP
sa3004592,Carson Lance,P,0.24959999322891235,0.15960000455379486,1.0,0.0,0.0,1.05619335770607,,2021,pit,SP
sa509457,Eder Llamas,P,1.0,0.0,1.0,0.0,0.0,2.0976532772183414,,2021,pit,RP
sa3008443,Zach Willeman,P,0.44999998807907104,0.11699999868869781,1.0,0.0,0.0,1.302320132404566,,2021,pit,RP
sa328589,Arturo Barradas,P,1.0,0.0,1.0,0.0,0.0,2.1117797657847404,,2021,pit,RP
sa740804,Edgar Gomez,P,0.44670000672340393,0.1177000030875206,1.0,0.0,0.0,1.23422010242939,,2021,pit,RP
sa512503,Felipe Gonzalez,P,1.0,0.0,1.0,0.0,0.0,2.212319950014353,,2021,pit,RP
sa3009940,Chase Solesky,P,0.18780000507831573,0.1728000044822693,1.0,0.0,0.0,0.5712066628038883,TBR,2021,pit,SP
22872,Yoendrys Gómez,P,0.1754000037908554,0.1754000037908554,1.0,0.0,0.0,0.7167530961334707,TBR,2021,pit,SP
sa875655,Brandon Quintero,P,1.0,0.0,1.0,0.0,0.0,2.0588266335427767,,2021,pit,RP
sa598757,Grant Sides,P,1.0,0.0,1.0,0.0,0.0,2.2090999312698845,,2021,pit,RP
sa918000,Mark Ecker,P,1.0,0.0,1.0,0.0,0.0,2.299659775197506,DET,2021,pit,RP
sa3003026,Santiago Florez,P,0.1754000037908554,0.1754000037908554,1.0,0.0,0.0,0.640593332052231,,2021,pit,SP
sa917061,Anderson Amarista,P,0.1754000037908554,0.1754000037908554,1.0,0.0,0.0,-0.16160676032304755,,2021,pit,SP
23479,Cam Sanders,P,0.18369999527931213,0.1737000048160553,1.0,0.0,0.0,0.8935665056109428,PIT,2021,pit,SP
sa917974,Jose Gomez,P,0.1754000037908554,0.1754000037908554,1.0,0.0,0.0,0.680020081996918,,2021,pit,SP
sa875988,Seth Davis,P,1.0,0.0,1.0,0.0,0.0,2.5124000191688545,,2021,pit,RP
sa917739,Melvin Jimenez,P,0.8935999870300293,0.022600000724196434,1.0,0.0,0.0,2.2316133439540864,,2021,pit,RP
4079,Junichi Tazawa,P,1.0,0.0,1.0,0.0,0.0,2.1174398340284823,,2021,pit,RP
sa919820,Enrique Oquendo,P,0.7996000051498413,0.04259999841451645,1.0,0.0,0.0,1.976900102943182,,2021,pit,RP
sa3004487,Drew Fischer,P,1.0,0.0,1.0,0.0,0.0,2.1241331733763222,,2021,pit,RP
sa3008612,Josh Hiatt,P,0.4212000072002411,0.12319999933242798,1.0,0.0,0.0,1.283220270276069,,2021,pit,RP
sa3004698,Cody Beckman,P,1.0,0.0,1.0,0.0,0.0,2.243113150447608,,2021,pit,RP
sa917804,Yeremin Lara,P,0.2727000117301941,0.15469999611377716,1.0,0.0,0.0,1.1812068238854416,,2021,pit,SP
sa877342,Chester Pimentel,P,1.0,0.0,1.0,0.0,0.0,2.39858687594533,,2021,pit,RP
sa3002996,Delvin Capellan,P,0.1754000037908554,0.1754000037908554,1.0,0.0,0.0,0.7337330877780919,,2021,pit,SP
sa3006487,Wilkin Ramos,P,0.1754000037908554,0.1754000037908554,1.0,0.0,0.0,0.6301734752953054,SFG,2021,pit,SP
sa3006354,Hugo Beltran,P,0.36340001225471497,0.13539999723434448,1.0,0.0,0.0,1.0723802171647554,,2021,pit,RP
sa503482,Alejandro Barraza,P,1.0,0.0,1.0,0.0,0.0,2.0973601050674917,,2021,pit,RP
sa3008678,Jerming Rosario,P,0.1754000037908554,0.1754000037908554,1.0,0.0,0.0,0.6924265325069432,LAD,2021,pit,SP
sa3006769,Kyler Stout,P,1.0,0.0,1.0,0.0,0.0,2.4738266550004484,ARI,2021,pit,RP
sa3007856,Blake Workman,P,1.0,0.0,1.0,0.0,0.0,2.3111532837152486,,2021,pit,RP
sa875356,Matt Bower,P,0.882099986076355,0.025100000202655792,1.0,0.0,0.0,2.061333499848843,,2021,pit,RP
sa875998,Jason Bilous,P,0.29170000553131104,0.15070000290870667,1.0,0.0,0.0,0.9797733530402182,,2021,pit,SP
sa3006068,Miguel Rondon,P,0.29339998960494995,0.15039999783039093,1.0,0.0,0.0,1.133426700532436,,2021,pit,SP
22915,Carlos Vargas,P,0.1754000037908554,0.1754000037908554,1.0,0.0,0.0,0.8000998094677927,SEA,2021,pit,SP
sa3008274,Joey Matulovich,P,0.5670999884605408,0.09210000187158585,1.0,0.0,0.0,1.6289266429841525,,2021,pit,RP
3196,Chris Young,P,0.8169000148773193,0.03889999911189079,1.0,0.0,0.0,1.8389599040150642,,2021,pit,RP
sa917815,Jhonneyver Gutierrez,P,0.24390000104904175,0.16089999675750732,1.0,0.0,0.0,0.8093936152756216,,2021,pit,SP
sa943755,Kenny Hernandez,P,0.8787999749183655,0.025800000876188278,1.0,0.0,0.0,2.0544066645205024,,2021,pit,RP
sa3009920,Jason Morgan,P,0.1754000037908554,0.1754000037908554,1.0,0.0,0.0,0.4894532665610316,CHW,2021,pit,SP
sa828481,Angel Guillen,P,0.7807000279426575,0.04670000076293945,1.0,0.0,0.0,1.8960065491497518,,2021,pit,RP
sa3002680,Jonas De La Cruz,P,0.1754000037908554,0.1754000037908554,1.0,0.0,0.0,0.5955864846706391,,2021,pit,SP
sa1170484,Bear Bellomy,P,0.475600004196167,0.11159999668598175,1.0,0.0,0.0,1.2679000318050382,,2021,pit,RP
sa913036,Dan Jagiello,P,1.0,0.0,1.0,0.0,0.0,2.2682398669421677,,2021,pit,RP
sa923902,Rafael Gomez,P,0.2223999947309494,0.16539999842643738,1.0,0.0,0.0,0.7062535397708416,,2021,pit,SP
sa875732,Casey Bloomquist,P,0.7831000089645386,0.04610000178217888,1.0,0.0,0.0,1.777439894527197,,2021,pit,RP
sa875789,Logan Lombana,P,1.0,0.0,1.0,0.0,0.0,2.119466609507799,,2021,pit,RP
26790,Angel Chivilli,P,0.1754000037908554,0.1754000037908554,1.0,0.0,0.0,-0.157473064213991,NYY,2021,pit,SP
sa3006156,Braham Rosario,P,0.18860000371932983,0.17260000109672546,1.0,0.0,0.0,0.7549466393887996,,2021,pit,SP
sa875357,Ryan McKay,P,1.0,0.0,1.0,0.0,0.0,2.155433358997107,,2021,pit,RP
sa3006699,Carlos Gomez,P,0.3691999912261963,0.13420000672340393,1.0,0.0,0.0,1.1825399816036226,,2021,pit,RP
sa509262,Demetrio Gutierrez,P,0.9225000143051147,0.016499999910593033,1.0,0.0,0.0,1.9829066216945646,,2021,pit,RP
sa3006123,Bryan Lucas,P,0.2223999947309494,0.16539999842643738,1.0,0.0,0.0,0.760353397578001,,2021,pit,SP
sa3003102,Jose Montilla,P,1.0,0.0,1.0,0.0,0.0,2.0873332798480995,,2021,pit,RP
sa3007611,Trey Riley,P,0.23890000581741333,0.16189999878406525,1.0,0.0,0.0,0.9990533202886578,,2021,pit,SP
sa3010253,Tyler Driver,P,0.263700008392334,0.156700000166893,1.0,0.0,0.0,1.1990999385714534,,2021,pit,SP
sa598434,Tyson Perez,P,0.835099995136261,0.035100001841783524,1.0,0.0,0.0,1.825626584887504,,2021,pit,RP
sa917756,Briam Campusano,P,0.8450000286102295,0.032999999821186066,1.0,0.0,0.0,1.9206467062234878,,2021,pit,RP
sa1169991,Adam Leverett,P,0.29170000553131104,0.15070000290870667,1.0,0.0,0.0,0.8698132507503034,SEA,2021,pit,SP
sa507037,Antonio Guzman,P,0.6966000199317932,0.06459999829530716,1.0,0.0,0.0,1.7470598287880414,,2021,pit,RP
sa3007598,Dario Gardea,P,0.22660000622272491,0.16459999978542328,1.0,0.0,0.0,0.8273264914751053,,2021,pit,SP
22284,Matt Sauer,P,0.1754000037908554,0.1754000037908554,1.0,0.0,0.0,0.5838532693684102,,2021,pit,SP
sa918958,Robbie Gordon,P,1.0,0.0,1.0,0.0,0.0,2.185953296720982,,2021,pit,RP
sa3006417,Inohan Paniagua,P,0.20679999887943268,0.1687999963760376,1.0,0.0,0.0,0.9772799953818323,DET,2021,pit,SP
sa3004103,Cutter Dyals,P,1.0,0.0,1.0,0.0,0.0,2.0731932416558267,,2021,pit,RP
sa3009725,Listher Sosa,P,0.1754000037908554,0.1754000037908554,1.0,0.0,0.0,0.64622670263052,,2021,pit,SP
sa1172727,Tyler Burch,P,0.40220001339912415,0.12720000743865967,1.0,0.0,0.0,1.0904466085135938,NYM,2021,pit,RP
sa3002816,Kelvin Nunez,P,0.321399986743927,0.1444000005722046,1.0,0.0,0.0,1.3012200973927976,,2021,pit,RP
sa328570,Thomas Melgarejo,P,1.0,0.0,1.0,0.0,0.0,2.101513350009918,,2021,pit,RP
sa917869,Deyni Olivero,P,0.29829999804496765,0.1492999941110611,1.0,0.0,0.0,1.0848533205688002,,2021,pit,SP
sa389223,Mike Antonini,P,1.0,0.0,1.0,0.0,0.0,2.1419201590120798,,2021,pit,RP
sa3006705,Ben Morrison,P,1.0,0.0,1.0,0.0,0.0,2.000586685538292,,2021,pit,RP
sa3006812,Devon Perez,P,0.715499997138977,0.060499999672174454,1.0,0.0,0.0,1.6919800847768784,,2021,pit,RP
sa829337,Steven Farnworth,P,1.0,0.0,1.0,0.0,0.0,2.065913420915604,,2021,pit,RP
sa945728,Lisandro Santos,P,0.20759999752044678,0.16859999299049377,1.0,0.0,0.0,0.9265334598720076,,2021,pit,SP
sa737628,Carter Hope,P,0.6668999791145325,0.07090000063180923,1.0,0.0,0.0,1.5556131266057496,,2021,pit,RP
21327,Nicholas Padilla,P,1.0,0.0,1.0,0.0,0.0,2.100113493204117,,2021,pit,RP
sa857617,Jared Poche,P,0.6561999917030334,0.07320000231266022,1.0,0.0,0.0,1.6268134936690335,,2021,pit,RP
sa918026,Wilkel Hernandez,P,0.1754000037908554,0.1754000037908554,1.0,0.0,0.0,0.7815200068056583,,2021,pit,SP
sa657895,Rafael Ordaz,P,0.5414999723434448,0.09749999642372131,1.0,0.0,0.0,1.391999996453524,,2021,pit,RP
sa3002979,Edisson Gonzalez,P,0.20430000126361847,0.16930000483989716,1.0,0.0,0.0,0.8241599060595037,,2021,pit,SP
sa3007775,Justin Jarvis,P,0.2685999870300293,0.15559999644756317,1.0,0.0,0.0,0.9821466527879239,LAD,2021,pit,SP
sa1055560,Jake Lyons,P,0.31310001015663147,0.1460999995470047,1.0,0.0,0.0,0.4789199851453305,,2021,pit,RP
sa3008326,Chris Machamer,P,0.1754000037908554,0.1754000037908554,1.0,0.0,0.0,0.5795998491346839,,2021,pit,SP
sa3006414,Angel Cuenca,P,0.1754000037908554,0.1754000037908554,1.0,0.0,0.0,0.8854268006980424,,2021,pit,SP
15200,Glenn Sparkman,P,5.0,0.0,5.0,0.0,0.6714000105857849,16.380767428874968,,2021,pit,RP
sa3005694,Luis Devers,P,0.1754000037908554,0.1754000037908554,1.0,0.0,0.0,0.6205268241465092,,2021,pit,SP
sa918472,Kaleb Fontenot,P,1.0,0.0,1.0,0.0,0.0,2.0185931585729127,,2021,pit,RP
sa918121,Henry Henry,P,1.0,0.0,1.0,0.0,0.0,2.100906621664763,,2021,pit,RP
sa3005432,Alex Valdez,P,0.18700000643730164,0.17299999296665192,1.0,0.0,0.0,0.8270331032574179,,2021,pit,SP
sa3007617,Daiveyon Whittle,P,0.23319999873638153,0.1632000058889389,1.0,0.0,0.0,1.2014332503080367,,2021,pit,SP
sa3010554,Connor Lehmann,P,0.31310001015663147,0.1460999995470047,1.0,0.0,0.0,1.1190133370459079,,2021,pit,RP
sa829068,Matt Trowbridge,P,1.0,0.0,1.0,0.0,0.0,2.140793386101723,BAL,2021,pit,RP
sa3006636,Ryan Campbell,P,0.8465999960899353,0.032600000500679016,1.0,0.0,0.0,1.4747335486114026,,2021,pit,RP
sa918468,Jacob Howell,P,1.0,0.0,1.0,0.0,0.0,2.1616267435252663,,2021,pit,RP
22191,Tobias Myers,P,0.24639999866485596,0.16040000319480896,1.0,0.0,0.0,1.2907331854105002,NYM,2021,pit,SP
sa3004220,Josh Advocate,P,0.676800012588501,0.06880000233650208,1.0,0.0,0.0,1.5752532839775086,,2021,pit,RP
sa877875,Chase Johnson-Mullins,P,1.0,0.0,1.0,0.0,0.0,2.1459532275795943,,2021,pit,RP
sa3006763,J.T. Hintzen,P,1.0,0.0,1.0,0.0,0.0,2.2421333841979503,,2021,pit,RP
sa3006545,Alexis Ramirez,P,0.21089999377727509,0.1678999960422516,1.0,0.0,0.0,0.802286780625582,,2021,pit,SP
sa3006823,Aaron Pinto,P,0.9192000031471252,0.01720000058412552,1.0,0.0,0.0,2.11473324149847,,2021,pit,RP
sa872562,Roger Santana,P,0.1754000037908554,0.1754000037908554,1.0,0.0,0.0,0.6025267809629442,,2021,pit,SP
sa3007774,Zach Daniels,P,0.6413000226020813,0.0763000026345253,1.0,0.0,0.0,1.6534865804016596,,2021,pit,RP
sa3009752,Mario Doble,P,0.30570000410079956,0.1476999968290329,1.0,0.0,0.0,1.165926584601403,,2021,pit,RP
23394,PJ Poulin,P,1.0,0.0,1.0,0.0,0.0,1.420826752483845,WSN,2021,pit,RP
23162,Eduarniel Núñez,P,0.2727000117301941,0.15469999611377716,1.0,0.0,0.0,0.9785865247249608,OAK,2021,pit,SP
sa3007841,Orceli Gomez,P,0.1754000037908554,0.1754000037908554,1.0,0.0,0.0,0.5354666836559772,,2021,pit,SP
sa3007236,Austin Lambright,P,1.0,0.0,1.0,0.0,0.0,2.2732798904180527,,2021,pit,RP
19881,Gabe Klobosits,P,1.0,0.0,1.0,0.0,0.0,1.948646856099367,CHC,2021,pit,RP
sa3010310,Cooper Bradford,P,0.1754000037908554,0.1754000037908554,1.0,0.0,0.0,0.4470999486744405,,2021,pit,SP
sa3004704,Bryce Conley,P,0.2249000072479248,0.164900004863739,1.0,0.0,0.0,1.3335532598197464,NYM,2021,pit,SP
sa3004705,Greg Jacknewitz,P,0.40380001068115234,0.12680000066757202,1.0,0.0,0.0,1.160826671123505,,2021,pit,RP
sa873309,Carlos Herrera,P,0.1754000037908554,0.1754000037908554,1.0,0.0,0.0,0.6365867152810094,,2021,pit,SP
sa3006964,Sean Rackoski,P,1.0,0.0,1.0,0.0,0.0,2.09038659632206,,2021,pit,RP
26058,Easton Lucas,P,0.28839999437332153,0.15139999985694885,1.0,0.0,0.0,0.4630133174359803,,2021,pit,SP
sa872848,Filyer Sanchez,P,0.5580000281333923,0.09399999678134918,1.0,0.0,0.0,1.432286714017391,ATL,2021,pit,RP
sa3006480,Manuel Partida,P,0.18860000371932983,0.17260000109672546,1.0,0.0,0.0,0.6951334677636622,SDP,2021,pit,SP
25311,Roddery Muñoz,P,0.1754000037908554,0.1754000037908554,1.0,0.0,0.0,0.7587999582290652,HOU,2021,pit,SP
sa916947,Jhonatan Munoz,P,0.1754000037908554,0.1754000037908554,1.0,0.0,0.0,0.6013866856694223,,2021,pit,SP
sa3006544,Brayan Castillo,P,0.1754000037908554,0.1754000037908554,1.0,0.0,0.0,-0.21722694933414433,COL,2021,pit,SP
sa3003158,Emilker Guzman,P,0.2150000035762787,0.16699999570846558,1.0,0.0,0.0,0.5153067335486412,,2021,pit,SP
sa3003057,Cesar Angomas,P,0.1754000037908554,0.1754000037908554,1.0,0.0,0.0,0.6725534625351428,,2021,pit,SP
sa3007249,Troy Watson,P,0.2142000049352646,0.1671999990940094,1.0,0.0,0.0,0.7075598448514939,DET,2021,pit,SP
sa506892,Juan Paniagua,P,1.0,0.0,1.0,0.0,0.0,2.0681866690516477,,2021,pit,RP
sa917835,Eris Filpo,P,0.263700008392334,0.156700000166893,1.0,0.0,0.0,0.6692266322672369,,2021,pit,SP
sa924538,Edgar Martinez,P,0.20020000636577606,0.17020000517368317,1.0,0.0,0.0,0.7091869242489337,,2021,pit,SP
23363,Robert Garcia,P,1.0,0.0,1.0,0.0,0.0,2.190260089188814,TEX,2021,pit,RP
25413,Nash Walters,P,0.1754000037908554,0.1754000037908554,1.0,0.0,0.0,0.62851342484355,,2021,pit,SP
sa874790,Austin Smith,P,1.0,0.0,1.0,0.0,0.0,2.1464867770671847,,2021,pit,RP
sa508208,Ivan Zavala,P,0.946399986743927,0.01140000019222498,1.0,0.0,0.0,1.8212400779128073,,2021,pit,RP
sa917564,Carlos Carreno,P,0.1754000037908554,0.1754000037908554,1.0,0.0,0.0,0.11526670232415226,,2021,pit,SP
22630,Keider Montero,P,0.1754000037908554,0.1754000037908554,1.0,0.0,0.0,0.7092333011329175,DET,2021,pit,SP
sa829433,Alex Palsha,P,1.0,0.0,1.0,0.0,0.0,2.308419861644506,,2021,pit,RP
sa3007802,Logan Browning,P,1.0,0.0,1.0,0.0,0.0,2.0717330947518353,,2021,pit,RP
sa897261,Ulises Lopez,P,1.0,0.0,1.0,0.0,0.0,1.9883934512734411,,2021,pit,RP
sa3008438,Gustavo Rodriguez,P,0.1754000037908554,0.1754000037908554,1.0,0.0,0.0,0.7911335170269016,OAK,2021,pit,SP
sa877346,Adrian Rodriguez,P,0.552299976348877,0.09529999643564224,1.0,0.0,0.0,1.3877668030560018,,2021,pit,RP
sa3005891,Benito Garcia,P,0.23399999737739563,0.16300000250339508,1.0,0.0,0.0,1.043180004507303,STL,2021,pit,SP
21092,Nick Duron,P,1.0,0.0,1.0,0.0,0.0,2.3772865071892744,,2021,pit,RP
sa918559,Blake Lillis,P,0.1754000037908554,0.1754000037908554,1.0,0.0,0.0,0.5780468426644805,,2021,pit,SP
sa883009,Orleny Quiroz,P,1.0,0.0,1.0,0.0,0.0,2.000913294404745,,2021,pit,RP
sa3004465,Gio Arriera,P,0.1754000037908554,0.1754000037908554,1.0,0.0,0.0,0.7374000959098339,,2021,pit,SP
sa3002921,Juan Manuel Abril,P,0.1754000037908554,0.1754000037908554,1.0,0.0,0.0,0.12761994600296012,CIN,2021,pit,SP
sa873280,Aaron McGarity,P,1.0,0.0,1.0,0.0,0.0,1.9971332862973221,,2021,pit,RP
sa287103,Jesus Adrian Castillo,P,1.0,0.0,1.0,0.0,0.0,1.9137200631201274,,2021,pit,RP
sa652170,Edwin Fierro,P,1.0,0.0,1.0,0.0,0.0,1.9933133296668526,,2021,pit,RP
20827,Michael Petersen,P,1.0,0.0,1.0,0.0,0.0,1.3929466672241682,MIA,2021,pit,RP
sa918589,Austin Moore,P,1.0,0.0,1.0,0.0,0.0,1.3150066964328286,,2021,pit,RP
sa3009599,Yoscar Pimentel,P,0.18780000507831573,0.1728000044822693,1.0,0.0,0.0,0.7429667405784133,,2021,pit,SP
sa737256,Kevin Escorcia,P,1.0,0.0,1.0,0.0,0.0,2.1717732280492785,,2021,pit,RP
sa3007723,Tyler Gray,P,0.6908000111579895,0.0658000037074089,1.0,0.0,0.0,1.5442400500178342,KCR,2021,pit,RP
sa828538,Felix Tati,P,1.0,0.0,1.0,0.0,0.0,2.0384269088506697,,2021,pit,RP
sa3004641,Moises Ceja,P,1.0,0.0,1.0,0.0,0.0,1.3390868172049522,,2021,pit,RP
sa3008429,Cody Brown,P,0.34040001034736633,0.1404000073671341,1.0,0.0,0.0,0.9245202548801901,,2021,pit,RP
sa917900,Carlos Gonzalez,P,0.218299999833107,0.1662999987602234,1.0,0.0,0.0,-0.1637533202767374,,2021,pit,SP
sa3009590,Neyker Ibarra,P,0.18860000371932983,0.17260000109672546,1.0,0.0,0.0,0.6203467801213267,,2021,pit,SP
sa3008549,Yamil Castillo,P,0.1754000037908554,0.1754000037908554,1.0,0.0,0.0,0.5695734314620498,,2021,pit,SP
23455,Hunter Stratton,P,0.7253999710083008,0.058400001376867294,1.0,0.0,0.0,1.672053479403257,ATL,2021,pit,RP
sa597845,Ulises Joaquin,P,1.0,0.0,1.0,0.0,0.0,1.994980090856552,,2021,pit,RP
sa657897,Yelmison Peralta,P,1.0,0.0,1.0,0.0,0.0,2.135786786675453,,2021,pit,RP
sa873677,John Kilichowski,P,0.7839999794960022,0.04600000008940697,1.0,0.0,0.0,1.8550865873694424,,2021,pit,RP
sa919499,Yeison Cespedes,P,0.7484999895095825,0.05350000038743019,1.0,0.0,0.0,1.7233934916555884,,2021,pit,RP
sa3002928,Luis Moreno,P,0.5564000010490417,0.09440000355243683,1.0,0.0,0.0,1.634113324433566,NYM,2021,pit,RP
sa3005178,Korey Anderson,P,1.0,0.0,1.0,0.0,0.0,2.0867866329848765,,2021,pit,RP
sa3005836,Cristian Hernandez,P,0.1754000037908554,0.1754000037908554,1.0,0.0,0.0,0.5036067605018615,,2021,pit,SP
sa915680,Matt Pidich,P,1.0,0.0,1.0,0.0,0.0,1.640253256261349,,2021,pit,RP
sa3002939,Raymells Rosa,P,1.0,0.0,1.0,0.0,0.0,1.2792400255799294,,2021,pit,RP
sa880047,Alexander Martinez,P,1.0,0.0,1.0,0.0,0.0,1.3330266714096068,,2021,pit,RP
sa3007909,Carlos Vega,P,0.510200023651123,0.10419999808073044,1.0,0.0,0.0,1.385046741366387,,2021,pit,RP
sa868960,Francisco Haro,P,1.0,0.0,1.0,0.0,0.0,1.9451266430318355,,2021,pit,RP
sa3006946,Reagan Todd,P,1.0,0.0,1.0,0.0,0.0,1.334519895911217,,2021,pit,RP
sa824990,Wilfredo Ramirez,P,1.0,0.0,1.0,0.0,0.0,2.0427265942096713,,2021,pit,RP
sa528296,Pedro Rodriguez,P,1.0,0.0,1.0,0.0,0.0,1.948659967631102,,2021,pit,RP
sa3005823,Jesus Gomez,P,0.18860000371932983,0.17260000109672546,1.0,0.0,0.0,0.7246599055826666,,2021,pit,SP
sa738914,Jake Thompson,P,1.0,0.0,1.0,0.0,0.0,1.9443467244505883,,2021,pit,RP
sa3008159,R.J. Freure,P,0.25049999356269836,0.15950000286102295,1.0,0.0,0.0,1.1166400358080866,,2021,pit,SP
sa913096,Joseph Camacho,P,1.0,0.0,1.0,0.0,0.0,2.393173175305128,,2021,pit,RP
sa3009497,Engels Martinez,P,0.19030000269412994,0.17229999601840973,1.0,0.0,0.0,0.7749132566154002,,2021,pit,SP
sa3011527,Houston Roth,P,0.3659000098705292,0.13490000367164612,1.0,0.0,0.0,0.5515800155699253,SEA,2021,pit,RP
25550,Matt Waldron,P,0.7634000182151794,0.05040000006556511,1.0,0.0,0.0,1.7899733245372773,SDP,2021,pit,RP
sa3008325,Kacey Murphy,P,0.1754000037908554,0.1754000037908554,1.0,0.0,0.0,0.6266999833285807,,2021,pit,SP
sa829246,Mac Marshall,P,1.0,0.0,1.0,0.0,0.0,2.5590199209749698,,2021,pit,RP
sa3007937,Cody Smith,P,1.0,0.0,1.0,0.0,0.0,1.9783068954944611,,2021,pit,RP
sa917928,Kevin Gowdy,P,0.25049999356269836,0.15950000286102295,1.0,0.0,0.0,0.684386690706015,,2021,pit,SP
23135,Eduardo Salazar,P,0.4260999858379364,0.12210000306367874,1.0,0.0,0.0,0.7031400077044965,MIN,2021,pit,RP
sa294348,Felipe Arredondo,P,0.8259999752044678,0.03700000047683716,1.0,0.0,0.0,1.7431335449218754,,2021,pit,RP
sa3007896,Dominic Pipkin,P,0.31310001015663147,0.1460999995470047,1.0,0.0,0.0,0.7911333307623867,PIT,2021,pit,RP
sa917392,Joshua Javier,P,0.1754000037908554,0.1754000037908554,1.0,0.0,0.0,0.5259468488395216,,2021,pit,SP
sa658199,Julio Felix,P,1.0,0.0,1.0,0.0,0.0,1.9708931066095832,,2021,pit,RP
sa3010566,Alec Barger,P,0.1754000037908554,0.1754000037908554,1.0,0.0,0.0,0.6334931537508965,,2021,pit,SP
sa3006479,Alfredi Jimenez,P,0.2825999855995178,0.1526000052690506,1.0,0.0,0.0,1.0145732991397383,,2021,pit,SP
sa737569,Fabian Anguamea,P,0.882099986076355,0.025100000202655792,1.0,0.0,0.0,1.8294200509786607,,2021,pit,RP
sa978399,Victor Castaneda,P,0.8853999972343445,0.024399999529123306,1.0,0.0,0.0,1.9016000479459758,,2021,pit,RP
sa3006368,Mauricio Rodriguez,P,0.1754000037908554,0.1754000037908554,1.0,0.0,0.0,0.4883933797478677,,2021,pit,SP
sa3009499,Homer Cruz,P,0.19850000739097595,0.1704999953508377,1.0,0.0,0.0,0.4813600428402425,,2021,pit,SP
sa3004994,Jesus Juarez,P,0.770799994468689,0.04879999905824661,1.0,0.0,0.0,1.7519934080541133,,2021,pit,RP
sa3009601,Oscar Castaneda,P,0.1754000037908554,0.1754000037908554,1.0,0.0,0.0,0.5201466858386992,,2021,pit,SP
sa3008375,Jose Quezada,P,1.0,0.0,1.0,0.0,0.0,2.1434134811162955,,2021,pit,RP
sa977562,Mario Morales,P,1.0,0.0,1.0,0.0,0.0,1.9654133193194872,,2021,pit,RP
sa3003153,Carlos M Francisco,P,0.2892000079154968,0.15119999647140503,1.0,0.0,0.0,0.7441530980169775,PHI,2021,pit,SP
sa3007725,Martin Herrera,P,0.1754000037908554,0.1754000037908554,1.0,0.0,0.0,0.4903401508927345,,2021,pit,SP
sa3006074,Jorge Rodriguez,P,0.3625999987125397,0.1356000006198883,1.0,0.0,0.0,1.0297664843499668,,2021,pit,RP
sa873145,Felipe Tejada,P,0.39890000224113464,0.12790000438690186,1.0,0.0,0.0,1.3623534910380841,CHW,2021,pit,RP
sa916960,Pedro Barrios,P,0.1754000037908554,0.1754000037908554,1.0,0.0,0.0,0.5030735090374949,NYY,2021,pit,SP
20271,Daysbel Hernández,P,1.0,0.0,1.0,0.0,0.0,2.252519729733468,ATL,2021,pit,RP
sa3005257,Henry Valencio,P,0.2825999855995178,0.1526000052690506,1.0,0.0,0.0,0.812606520205736,,2021,pit,SP
19784,Justin Garza,P,0.24390000104904175,0.16089999675750732,1.0,0.0,0.0,0.9243067756295207,NYM,2021,pit,SP
sa3008480,Blakely Brown,P,0.21089999377727509,0.1678999960422516,1.0,0.0,0.0,0.6160532221198083,NYY,2021,pit,SP
27453,Anthony Veneziano,P,0.20430000126361847,0.16930000483989716,1.0,0.0,0.0,0.6608267754316333,,2021,pit,SP
sa977180,Daniel Flores,P,0.8210999965667725,0.038100000470876694,1.0,0.0,0.0,1.8418801739811892,,2021,pit,RP
22276,Dylan Coleman,P,0.822700023651123,0.037700001150369644,1.0,0.0,0.0,1.8486334055662157,NYY,2021,pit,RP
sa3006944,Michael Mediavilla,P,1.0,0.0,1.0,0.0,0.0,2.0049134932458403,,2021,pit,RP
sa3006835,Miguel Ausua,P,0.5152000188827515,0.10320000350475311,1.0,0.0,0.0,1.2158065505325797,COL,2021,pit,RP
sa3007852,Eddy Demurias,P,1.0,0.0,1.0,0.0,0.0,1.5261599905788898,,2021,pit,RP
sa3005261,Kevin Marnon,P,0.8112000226974487,0.04019999876618385,1.0,0.0,0.0,1.7683065339922912,,2021,pit,RP
sa3005446,Arlinthon De Dios,P,0.1754000037908554,0.1754000037908554,1.0,0.0,0.0,0.4320264980196953,,2021,pit,SP
sa841386,Jesus Camargo,P,1.0,0.0,1.0,0.0,0.0,2.013906688243151,CHC,2021,pit,RP
sa501508,Mark Serrano,P,1.0,0.0,1.0,0.0,0.0,1.9846933260560036,,2021,pit,RP
sa873163,Luis Alecis,P,0.30410000681877136,0.14810000360012054,1.0,0.0,0.0,0.9685866139829162,CIN,2021,pit,RP
sa738284,Ty Damron,P,1.0,0.0,1.0,0.0,0.0,2.471253441274166,,2021,pit,RP
sa3011129,Grant Gambrell,P,0.19189999997615814,0.17190000414848328,1.0,0.0,0.0,0.5595664851367474,,2021,pit,SP
21546,Justin Hagenman,P,0.888700008392334,0.02370000071823597,1.0,0.0,0.0,1.7606267392635346,NYM,2021,pit,RP
sa3009924,Dylan King,P,0.4903999865055084,0.10840000212192535,1.0,0.0,0.0,1.1998600654304035,,2021,pit,RP
sa3006399,Alan Perdomo,P,0.1754000037908554,0.1754000037908554,1.0,0.0,0.0,-0.401780117303133,,2021,pit,SP
sa3010138,Tyler Poulin,P,0.20430000126361847,0.16930000483989716,1.0,0.0,0.0,0.559899913519621,ARI,2021,pit,SP
sa831599,Juan Escorcia,P,0.29339998960494995,0.15039999783039093,1.0,0.0,0.0,0.9230333946645262,,2021,pit,SP
sa3005435,Luis Angel Rodriguez,P,0.21089999377727509,0.1678999960422516,1.0,0.0,0.0,0.7164799064397815,HOU,2021,pit,SP
sa1171029,David Leal,P,0.9093000292778015,0.019300000742077827,1.0,0.0,0.0,2.25048679932952,,2021,pit,RP
sa875632,Chris Comito,P,0.29829999804496765,0.1492999941110611,1.0,0.0,0.0,0.7621801026165489,CHW,2021,pit,SP
sa3002998,Naswell Paulino,P,0.35190001130104065,0.1378999948501587,1.0,0.0,0.0,1.0528599135577679,,2021,pit,RP
sa3003144,Carlos Naveda,P,0.25049999356269836,0.15950000286102295,1.0,0.0,0.0,0.7420534662902356,,2021,pit,SP
sa3007462,Cole Aker,P,0.5440000295639038,0.09700000286102295,1.0,0.0,0.0,1.7000665456056598,,2021,pit,RP
sa3005887,Cristian Pacheco,P,0.18860000371932983,0.17260000109672546,1.0,0.0,0.0,0.7075466245412829,,2021,pit,SP
sa3008565,Alex Demchak,P,1.0,0.0,1.0,0.0,0.0,2.058853241056204,,2021,pit,RP
sa3004087,Matt Shannon,P,1.0,0.0,1.0,0.0,0.0,1.949720034748316,,2021,pit,RP
sa875997,Ben Yokley,P,0.882099986076355,0.025100000202655792,1.0,0.0,0.0,1.818246740847826,,2021,pit,RP
sa3008265,Robin Vazquez,P,0.23649999499320984,0.16249999403953552,1.0,0.0,0.0,0.6835999749600887,,2021,pit,SP
sa3008406,Jorge Bautista,P,0.18860000371932983,0.17260000109672546,1.0,0.0,0.0,0.6495665393769743,,2021,pit,SP
sa3003091,Diarlin Jimenez,P,0.1754000037908554,0.1754000037908554,1.0,0.0,0.0,0.4395133160054687,,2021,pit,SP
20582,Anderson Severino,P,1.0,0.0,1.0,0.0,0.0,1.8417066045105455,NYM,2021,pit,RP
25078,Cam Alldred,P,1.0,0.0,1.0,0.0,0.0,1.9588268116116527,,2021,pit,RP
sa3005697,Luis Barroso,P,0.34940001368522644,0.13840000331401825,1.0,0.0,0.0,0.9816801831126214,,2021,pit,RP
sa3006159,Andres Diaz,P,0.1754000037908554,0.1754000037908554,1.0,0.0,0.0,0.4990268386900425,,2021,pit,SP
sa3005361,Dante Mendoza,P,0.1754000037908554,0.1754000037908554,1.0,0.0,0.0,0.4428733855485918,,2021,pit,SP
sa1172141,Gerald Garcia,P,0.20180000364780426,0.16979999840259552,1.0,0.0,0.0,0.6306999742984774,OAK,2021,pit,SP
sa3006521,Wuardo Fernandez,P,0.1754000037908554,0.1754000037908554,1.0,0.0,0.0,-0.3792000897228718,,2021,pit,SP
sa918296,Michael Mertz,P,1.0,0.0,1.0,0.0,0.0,2.1556401111185557,,2021,pit,RP
sa3010136,Luke Chevalier,P,0.29580000042915344,0.14980000257492065,1.0,0.0,0.0,-0.023793309926986694,,2021,pit,SP
22358,Stephen Ridings,P,0.20430000126361847,0.16930000483989716,1.0,0.0,0.0,0.6916133761405945,,2021,pit,SP
sa3009509,Jesus Lugo,P,0.218299999833107,0.1662999987602234,1.0,0.0,0.0,0.6367598362267017,,2021,pit,SP
sa3003156,Edward Vasquez,P,0.1754000037908554,0.1754000037908554,1.0,0.0,0.0,0.43200645893812206,,2021,pit,SP
14545,Dakota Bacus,P,8.0,0.0,8.0,0.0,0.72079998254776,26.78090447187424,,2021,pit,RP
sa857669,Marc Brakeman,P,1.0,0.0,1.0,0.0,0.0,2.0249867223203184,,2021,pit,RP
sa3006975,Victor Rodriguez,P,0.2223999947309494,0.16539999842643738,1.0,0.0,0.0,0.819253492355347,,2021,pit,SP
sa202758,Rudy Gonzalez,P,0.852400004863739,0.03139999881386757,1.0,0.0,0.0,1.7238135002553463,,2021,pit,RP
22690,Jack O'Loughlin,P,0.18860000371932983,0.17260000109672546,1.0,0.0,0.0,0.6556866586208345,,2021,pit,SP
sa3009215,Osiris Sierra,P,0.1754000037908554,0.1754000037908554,1.0,0.0,0.0,0.5895132884383205,,2021,pit,SP
27908,Noah Murdock,P,0.29339998960494995,0.15039999783039093,1.0,0.0,0.0,0.8552399478852748,PIT,2021,pit,SP
sa3007221,Eli Kraus,P,1.0,0.0,1.0,0.0,0.0,1.9928666450083257,,2021,pit,RP
sa3006557,Valentin Linarez,P,0.1754000037908554,0.1754000037908554,1.0,0.0,0.0,0.4742731705307963,WSN,2021,pit,SP
sa504008,Alejandro Martinez,P,0.8127999901771545,0.039799999445676804,1.0,0.0,0.0,1.6118466474115851,,2021,pit,RP
sa3007720,Will Tribucher,P,1.0,0.0,1.0,0.0,0.0,1.267026679962874,,2021,pit,RP
sa3004478,Billy Oxford,P,1.0,0.0,1.0,0.0,0.0,1.8807667613029482,,2021,pit,RP
sa3010250,Nick Fraze,P,0.20679999887943268,0.1687999963760376,1.0,0.0,0.0,0.6248932935297487,,2021,pit,SP
sa918286,Brian Trieglaff,P,1.0,0.0,1.0,0.0,0.0,1.8880799457430841,,2021,pit,RP
sa3006967,Riley Cabral,P,1.0,0.0,1.0,0.0,0.0,2.1858464986085893,,2021,pit,RP
sa3008584,Carlos Stiff Rodriguez,P,1.0,0.0,1.0,0.0,0.0,2.1073864780366427,,2021,pit,RP
sa871495,Gonzalo Ochoa,P,1.0,0.0,1.0,0.0,0.0,1.8883800305426122,,2021,pit,RP
sa877017,Jose Gonzalez,P,0.23229999840259552,0.16329999268054962,1.0,0.0,0.0,0.6360466852784157,,2021,pit,SP
sa3006163,Sonny Vargas,P,0.375,0.13300000131130219,1.0,0.0,0.0,1.3513467691838743,,2021,pit,RP
sa3005099,Ryley Widell,P,0.1754000037908554,0.1754000037908554,1.0,0.0,0.0,0.5189464531838897,,2021,pit,SP
sa3002812,Dayeison Arias,P,1.0,0.0,1.0,0.0,0.0,2.383173405379057,,2021,pit,RP
sa876120,Winston Lavendier,P,1.0,0.0,1.0,0.0,0.0,1.9599600099027161,,2021,pit,RP
sa736965,Julio Pinto,P,1.0,0.0,1.0,0.0,0.0,1.6675065621733665,,2021,pit,RP
sa883144,Saul Castellanos,P,0.34940001368522644,0.13840000331401825,1.0,0.0,0.0,0.8618331611156465,,2021,pit,RP
sa917327,Jheyson Caraballo,P,0.1754000037908554,0.1754000037908554,1.0,0.0,0.0,0.4261468902230261,,2021,pit,SP
sa3004229,Matt Gunter,P,0.19439999759197235,0.17139999568462372,1.0,0.0,0.0,0.5948665231466292,,2021,pit,SP
sa738994,Hayden Howard,P,1.0,0.0,1.0,0.0,0.0,1.9842064552009107,,2021,pit,RP
18331,James Kaprielian,P,10.0,0.0,10.0,0.0,0.5950000286102295,39.23144094944,,2021,pit,RP
sa876039,Brendan Butler,P,0.8968999981880188,0.021900000050663948,1.0,0.0,0.0,1.778540010750294,,2021,pit,RP
23223,Michael Mercado,P,0.1754000037908554,0.1754000037908554,1.0,0.0,0.0,0.8425468772649767,PHI,2021,pit,SP
sa3007227,Frank Lopez,P,0.30160000920295715,0.1485999971628189,1.0,0.0,0.0,0.9854135759174825,,2021,pit,RP
sa3009723,Jason Bonilla,P,0.1754000037908554,0.1754000037908554,1.0,0.0,0.0,0.44962009340524656,,2021,pit,SP
sa3005214,Sean Barry,P,1.0,0.0,1.0,0.0,0.0,1.9945464827120305,,2021,pit,RP
sa1115967,John Doxakis,P,0.20679999887943268,0.1687999963760376,1.0,0.0,0.0,1.0291134059429168,,2021,pit,SP
sa917879,Leonel Aponte,P,0.2578999996185303,0.15790000557899475,1.0,0.0,0.0,0.6161331899464129,,2021,pit,SP
sa3008263,Joander Suarez,P,0.23319999873638153,0.1632000058889389,1.0,0.0,0.0,0.9688200220465664,NYM,2021,pit,SP
sa3002813,Daritzon Feliz,P,0.22660000622272491,0.16459999978542328,1.0,0.0,0.0,0.6701600685715676,CLE,2021,pit,SP
sa3006943,Gage Burland,P,1.0,0.0,1.0,0.0,0.0,1.9901934728026394,,2021,pit,RP
sa294474,Jose Pina,P,1.0,0.0,1.0,0.0,0.0,1.8496733032166954,,2021,pit,RP
sa3006113,Israel Puello,P,0.1754000037908554,0.1754000037908554,1.0,0.0,0.0,0.5572600655257705,,2021,pit,SP
sa3009638,Edgar Manzo,P,0.1754000037908554,0.1754000037908554,1.0,0.0,0.0,0.6694466866552835,,2021,pit,SP
25620,Luis Mey,P,0.18860000371932983,0.17260000109672546,1.0,0.0,0.0,0.004433322697877884,CIN,2021,pit,SP
sa3008727,Juan Pichardo,P,0.218299999833107,0.1662999987602234,1.0,0.0,0.0,0.736593332886696,,2021,pit,SP
sa3006546,Yorlenis Noa,P,0.34940001368522644,0.13840000331401825,1.0,0.0,0.0,0.9500798679888249,,2021,pit,RP
sa3006772,Simon Rosenblum-Larson,P,0.8169000148773193,0.03889999911189079,1.0,0.0,0.0,2.252353464812041,,2021,pit,RP
sa3003113,Jose Moreno,P,0.1754000037908554,0.1754000037908554,1.0,0.0,0.0,0.6483133062720303,,2021,pit,SP
sa3006634,Roberto Hernandez,P,0.20430000126361847,0.16930000483989716,1.0,0.0,0.0,0.5549532234668733,CLE,2021,pit,SP
sa1172214,Nick Belzer,P,0.2727000117301941,0.15469999611377716,1.0,0.0,0.0,0.729706681519747,,2021,pit,SP
sa508072,Rafael Cordova,P,1.0,0.0,1.0,0.0,0.0,1.9012733057141307,,2021,pit,RP
sa3005332,Gabriel Yanez,P,0.44339999556541443,0.11840000003576279,1.0,0.0,0.0,0.9787531398236751,,2021,pit,RP
sa3009458,Nixson Munoz,P,0.2825999855995178,0.1526000052690506,1.0,0.0,0.0,0.7850669167935851,,2021,pit,SP
sa3005892,Cesar Loaiza,P,0.18860000371932983,0.17260000109672546,1.0,0.0,0.0,0.8774867206811909,NYM,2021,pit,SP
sa3004797,Wilmer Mejia,P,0.2199999988079071,0.16599999368190765,1.0,0.0,0.0,0.5637398660182957,,2021,pit,SP
sa3005177,Noel Vela,P,0.2825999855995178,0.1526000052690506,1.0,0.0,0.0,0.9269134074449545,SDP,2021,pit,SP
sa3004644,Rickey Ramirez,P,1.0,0.0,1.0,0.0,0.0,1.5033733598887928,,2021,pit,RP
sa3004869,Ernesto Jaquez,P,0.39969998598098755,0.12770000100135803,1.0,0.0,0.0,1.2137867100536828,,2021,pit,RP
sa3004676,Rio Gomez,P,1.0,0.0,1.0,0.0,0.0,1.9567132271826275,,2021,pit,RP
sa3002985,Cleiverth Perez,P,0.19189999997615814,0.17190000414848328,1.0,0.0,0.0,0.5884198851883413,,2021,pit,SP
sa3005365,Braulio Torres-Perez,P,1.0,0.0,1.0,0.0,0.0,1.917366471886635,,2021,pit,RP
sa872465,Ricardo Smith,P,0.23149999976158142,0.16349999606609344,1.0,0.0,0.0,0.5502464957535271,CIN,2021,pit,SP
sa3010123,Justin Friedman,P,0.375,0.13300000131130219,1.0,0.0,0.0,0.7468997471034524,,2021,pit,RP
sa3005098,Oscar Rojas,P,0.19439999759197235,0.17139999568462372,1.0,0.0,0.0,0.7660934992134569,,2021,pit,SP
sa917461,Christopher Marte,P,0.20350000262260437,0.16949999332427979,1.0,0.0,0.0,0.4177066445350648,,2021,pit,SP
17170,Gabe Speier,P,4.0,0.0,4.0,0.0,0.6459000110626221,15.235193362832069,SEA,2021,pit,RP
sa3008245,Allen Montgomery,P,1.0,0.0,1.0,0.0,0.0,1.8663133874535562,,2021,pit,RP
sa917977,Austin Franklin,P,0.18619999289512634,0.17319999635219574,1.0,0.0,0.0,0.943533279746771,,2021,pit,SP
sa3009516,Jesus Chavez,P,0.1754000037908554,0.1754000037908554,1.0,0.0,0.0,0.4435598984360696,,2021,pit,SP
sa944591,Junior Tejada,P,0.31310001015663147,0.1460999995470047,1.0,0.0,0.0,0.8782335676252839,,2021,pit,RP
sa3006501,Jeisson Cabrera,P,0.3255000114440918,0.14350000023841858,1.0,0.0,0.0,0.9390267603099347,BAL,2021,pit,RP
sa3007240,Chavez Fernander,P,0.23319999873638153,0.1632000058889389,1.0,0.0,0.0,0.7149064078927041,,2021,pit,SP
sa829402,Willie Rios,P,0.22660000622272491,0.16459999978542328,1.0,0.0,0.0,0.6023133523762225,,2021,pit,SP
sa3010577,Jason Reynolds,P,0.31310001015663147,0.1460999995470047,1.0,0.0,0.0,0.9696534402668475,,2021,pit,RP
sa3005364,Robert Garcia,P,1.0,0.0,1.0,0.0,0.0,1.9438801862299444,,2021,pit,RP
sa3009494,Gabriel Aguilera,P,0.31310001015663147,0.1460999995470047,1.0,0.0,0.0,0.33162003606557855,,2021,pit,RP
sa3008692,Rafael Tua,P,0.2578999996185303,0.15790000557899475,1.0,0.0,0.0,0.6608134277164939,,2021,pit,SP
sa3008068,Zach Neff,P,0.9052000045776367,0.02019999921321869,1.0,0.0,0.0,1.9821134284138684,,2021,pit,RP
sa3011151,Daniel Cruz,P,1.0,0.0,1.0,0.0,0.0,1.9841999933123593,,2021,pit,RP
sa1052944,Justin Lasko,P,0.8267999887466431,0.03680000081658363,1.0,0.0,0.0,1.9141935154795653,,2021,pit,RP
sa873291,Carlos Suniaga,P,1.0,0.0,1.0,0.0,0.0,2.0003597415983685,,2021,pit,RP
11681,Jose Campos,P,1.0,0.0,1.0,0.0,0.0,1.8722600311040876,,2021,pit,RP
25474,Nathan Wiles,P,0.31310001015663147,0.1460999995470047,1.0,0.0,0.0,1.2243733502924443,,2021,pit,RP
sa916706,Dennis Herrera,P,0.18780000507831573,0.1728000044822693,1.0,0.0,0.0,0.5053133837878705,,2021,pit,SP
sa3009227,Reinys Portillo,P,0.1754000037908554,0.1754000037908554,1.0,0.0,0.0,0.6480666451156143,,2021,pit,SP
sa509287,Jose Lopez Cruz,P,1.0,0.0,1.0,0.0,0.0,1.8401865705847738,,2021,pit,RP
sa3006395,Estalin Ortiz,P,0.23319999873638153,0.1632000058889389,1.0,0.0,0.0,0.6154668428003793,,2021,pit,SP
sa832779,Moises Gomez,P,1.0,0.0,1.0,0.0,0.0,2.305706582963467,MIL,2021,pit,RP
sa829574,James Carter,P,1.0,0.0,1.0,0.0,0.0,1.9304598048329358,,2021,pit,RP
sa3006762,Logan Stoelke,P,1.0,0.0,1.0,0.0,0.0,1.920126798003912,PIT,2021,pit,RP
sa876046,Jorge Pantoja,P,1.0,0.0,1.0,0.0,0.0,1.8220399640500546,,2021,pit,RP
sa3004702,Osvaldo Berrios,P,0.29829999804496765,0.1492999941110611,1.0,0.0,0.0,1.0963266901671886,BOS,2021,pit,SP
sa829217,Garrett Cave,P,0.552299976348877,0.09529999643564224,1.0,0.0,0.0,1.4543599650263785,,2021,pit,RP
sa1169632,Tim Elliott,P,0.218299999833107,0.1662999987602234,1.0,0.0,0.0,0.8384400635957716,,2021,pit,SP
sa3007815,Kris Jackson,P,1.0,0.0,1.0,0.0,0.0,1.866539987921715,,2021,pit,RP
24988,Evan Lee,P,0.4846000075340271,0.1096000000834465,1.0,0.0,0.0,1.0378265686333181,,2021,pit,RP
sa3009503,Diorys Guerrero,P,0.1754000037908554,0.1754000037908554,1.0,0.0,0.0,0.6648734934628013,,2021,pit,SP
sa454556,Edwin Quirarte,P,1.0,0.0,1.0,0.0,0.0,1.752873130887747,,2021,pit,RP
sa3009715,Luis Nunez,P,0.20679999887943268,0.1687999963760376,1.0,0.0,0.0,0.3704600192606451,,2021,pit,SP
22323,Angel De Jesus,P,1.0,0.0,1.0,0.0,0.0,2.1491998404264447,,2021,pit,RP
23449,Ricky Karcher,P,0.1754000037908554,0.1754000037908554,1.0,0.0,0.0,-0.07064681351184854,,2021,pit,SP
sa917670,Francis Ventura,P,0.30820000171661377,0.14720000326633453,1.0,0.0,0.0,0.6991067901253705,,2021,pit,RP
19276,Edgar García,P,7.0,0.0,7.0,0.0,0.6765000224113464,24.41512575149537,,2021,pit,RP
sa3002961,Jose Rodulfo,P,0.3774999976158142,0.13249999284744263,1.0,0.0,0.0,0.8839865252375603,,2021,pit,RP
sa877362,Wes Helsabeck,P,1.0,0.0,1.0,0.0,0.0,2.0363999225199225,,2021,pit,RP
sa3004860,Jhordany Mezquita,P,0.30489999055862427,0.14790000021457672,1.0,0.0,0.0,0.8474732078611851,PHI,2021,pit,RP
sa3008454,Michael Gomez,P,1.0,0.0,1.0,0.0,0.0,1.8970999166369436,,2021,pit,RP
sa3002821,Juan Gomez,P,0.2223999947309494,0.16539999842643738,1.0,0.0,0.0,0.53045334815979,,2021,pit,SP
sa875697,Nate Bertness,P,0.7419000267982483,0.05490000173449516,1.0,0.0,0.0,1.6757131665945058,,2021,pit,RP
sa915777,Nick Brown,P,0.5152000188827515,0.10320000350475311,1.0,0.0,0.0,1.1776799432933331,,2021,pit,RP
sa916838,Johan Herrera,P,0.22660000622272491,0.16459999978542328,1.0,0.0,0.0,0.49585352689027795,,2021,pit,SP
sa737023,Adonis De La Cruz,P/OF,1.0,0.0,1.0,0.0,0.0,1.9212333783507352,,2021,pit,RP
sa3005464,Moises Diaz,P,0.1754000037908554,0.1754000037908554,1.0,0.0,0.0,0.29408645927906063,,2021,pit,SP
sa3004004,Diego Cordero,P,0.557200014591217,0.094200000166893,1.0,0.0,0.0,1.2089666582643988,NYY,2021,pit,RP
sa3005202,Derek Molina,P,1.0,0.0,1.0,0.0,0.0,2.1517599575221538,,2021,pit,RP
sa3005844,Kleiver Osorio,P,0.31310001015663147,0.1460999995470047,1.0,0.0,0.0,-6.644502282115994e-05,COL,2021,pit,RP
sa3010266,Andricson Salvador,P,0.2669999897480011,0.15600000321865082,1.0,0.0,0.0,0.7179665796458723,,2021,pit,SP
sa3008260,J.J. Montgomery,P,0.24060000479221344,0.1615999937057495,1.0,0.0,0.0,0.6294999301433561,,2021,pit,SP
sa915846,Ryan Selmer,P,1.0,0.0,1.0,0.0,0.0,1.796766593307257,,2021,pit,RP
sa830138,Ivan Medina,P,1.0,0.0,1.0,0.0,0.0,1.8266867332160475,,2021,pit,RP
sa3005872,Luis Ortiz,P,0.23479999601840973,0.16279999911785126,1.0,0.0,0.0,0.7368668742477897,,2021,pit,SP
sa325916,Daniel Guerrero,P,0.5877000093460083,0.0877000018954277,1.0,0.0,0.0,1.238793204724789,,2021,pit,RP
sa3004802,Michele Vassalotti,P,0.1754000037908554,0.1754000037908554,1.0,0.0,0.0,0.36912021711468723,,2021,pit,SP
sa738330,Travis Seabrooke,P,1.0,0.0,1.0,0.0,0.0,1.8585000291466711,BAL,2021,pit,RP
sa3010324,Alan Ramirez,P,0.218299999833107,0.1662999987602234,1.0,0.0,0.0,0.9179666787385945,,2021,pit,SP
sa830240,Israel Cruz,P,1.0,0.0,1.0,0.0,0.0,1.945513314753771,,2021,pit,RP
sa509282,Rafael Diaz,P,1.0,0.0,1.0,0.0,0.0,1.81336025223136,,2021,pit,RP
sa3005450,Edinson Lopez,P,0.2603999972343445,0.1573999971151352,1.0,0.0,0.0,0.7111466176807881,,2021,pit,SP
sa3006804,Cole Uvila,P,1.0,0.0,1.0,0.0,0.0,1.9967535063624386,BAL,2021,pit,RP
sa3004085,Adam Bleday,P,1.0,0.0,1.0,0.0,0.0,2.072800040990114,,2021,pit,RP
sa3006796,Andrés Núñez,P,1.0,0.0,1.0,0.0,0.0,1.915966599434614,,2021,pit,RP
sa542046,Oscar Felix,P,1.0,0.0,1.0,0.0,0.0,1.873633179068566,,2021,pit,RP
sa917771,Carlos Ocampo,P,0.19030000269412994,0.17229999601840973,1.0,0.0,0.0,0.4816264204680918,,2021,pit,SP
sa3008697,Juan Daniel Encarnacion,P,0.1754000037908554,0.1754000037908554,1.0,0.0,0.0,0.3607799574732784,,2021,pit,SP
sa509479,Antonio Garzon,P,1.0,0.0,1.0,0.0,0.0,1.8400931179523465,,2021,pit,RP
sa872807,Jesus Tona,P,1.0,0.0,1.0,0.0,0.0,2.3461599588394173,,2021,pit,RP
sa917812,Alfonso Hernández,P,0.816100001335144,0.03909999877214432,1.0,0.0,0.0,1.4517398685216905,WSN,2021,pit,RP
sa456031,Fredy Quintero,P,0.828499972820282,0.0364999994635582,1.0,0.0,0.0,1.6195265427231789,LAD,2021,pit,RP
sa915721,Brendan King,P,0.8705000281333923,0.027499999850988388,1.0,0.0,0.0,1.7100733846426017,,2021,pit,RP
sa3009788,Wilmer Ortega,P,0.1754000037908554,0.1754000037908554,1.0,0.0,0.0,0.5553401775658129,,2021,pit,SP
sa3009524,Jorge Ramos,P,0.1754000037908554,0.1754000037908554,1.0,0.0,0.0,0.357926931232214,,2021,pit,SP
sa3007468,Yeury Gervacio,P,0.1754000037908554,0.1754000037908554,1.0,0.0,0.0,0.4358267240226268,,2021,pit,SP
sa913975,Jose Isidro Marquez,P,1.0,0.0,1.0,0.0,0.0,1.8603931106626987,,2021,pit,RP
sa3006828,Tyler Smith,P,1.0,0.0,1.0,0.0,0.0,1.8113733597099788,,2021,pit,RP
sa3007275,Jerry D'Andrea,P,1.0,0.0,1.0,0.0,0.0,1.6146199487149722,,2021,pit,RP
sa914150,Erick Casillas,P,1.0,0.0,1.0,0.0,0.0,1.889959975332022,,2021,pit,RP
sa658504,Blake Hickman,P,0.5267000198364258,0.1006999984383583,1.0,0.0,0.0,1.2246734201908116,,2021,pit,RP
sa656847,Jesus Garcia,P,1.0,0.0,1.0,0.0,0.0,1.722326693683863,,2021,pit,RP
sa508498,Juan Omar Espinoza,P,1.0,0.0,1.0,0.0,0.0,1.8005000658333299,,2021,pit,RP
sa3002923,Alejandro Mejia,P,0.7831000089645386,0.04610000178217888,1.0,0.0,0.0,0.7451933957636352,COL,2021,pit,RP
sa914047,Carlos Zuniga,P,1.0,0.0,1.0,0.0,0.0,1.864640127122402,,2021,pit,RP
sa3006352,Delvis Alegre,P,0.29170000553131104,0.15070000290870667,1.0,0.0,0.0,0.8529265552759173,,2021,pit,SP
sa738576,Jake Bray,P,0.8945000171661377,0.02250000089406967,1.0,0.0,0.0,1.7965335525572308,,2021,pit,RP
sa3005353,Kelvin Sanchez,P,0.375,0.13300000131130219,1.0,0.0,0.0,0.9590801820158958,,2021,pit,RP
sa3006508,Josias De Los Santos,P,0.2215999960899353,0.1656000018119812,1.0,0.0,0.0,0.7938333846628667,,2021,pit,SP
sa918489,Aaron Quillen,P,1.0,0.0,1.0,0.0,0.0,1.8352200075984002,,2021,pit,RP
sa3008486,Joelvis Del Rosario,P,0.19030000269412994,0.17229999601840973,1.0,0.0,0.0,0.3760734312236309,,2021,pit,SP
sa3003078,Christofer Dominguez,P,0.2825999855995178,0.1526000052690506,1.0,0.0,0.0,0.9981134973466399,,2021,pit,SP
sa504961,Jovany Lopez,P,1.0,0.0,1.0,0.0,0.0,1.8920000061392783,,2021,pit,RP
sa3009627,Jesus Rojas,P,0.20020000636577606,0.17020000517368317,1.0,0.0,0.0,-0.06705993860960024,,2021,pit,SP
sa3006843,Jameson McGrane,P,1.0,0.0,1.0,0.0,0.0,1.9750200301408776,,2021,pit,RP
sa875810,Jacob Shortslef,P,1.0,0.0,1.0,0.0,0.0,1.7995400503277779,,2021,pit,RP
sa506933,Carlos Vazquez,P,1.0,0.0,1.0,0.0,0.0,1.9102799274027356,,2021,pit,RP
sa918811,Michael Danielak,P,1.0,0.0,1.0,0.0,0.0,2.2435201399028304,,2021,pit,RP
sa3006122,Josan Méndez,P,0.34940001368522644,0.13840000331401825,1.0,0.0,0.0,0.7638665035367014,,2021,pit,RP
sa3010129,Julian Smith,P,0.34940001368522644,0.13840000331401825,1.0,0.0,0.0,0.8418268829584123,,2021,pit,RP
sa832333,Jesus Linarez,P,0.7253999710083008,0.058400001376867294,1.0,0.0,0.0,1.3765132427215576,,2021,pit,RP
sa3004769,Yoilan Quinonez,P,0.2727000117301941,0.15469999611377716,1.0,0.0,0.0,0.6395132683217524,,2021,pit,SP
sa828812,Carlos Acevedo,P,1.0,0.0,1.0,0.0,0.0,1.8239731386303908,,2021,pit,RP
sa918044,Tyler Buffett,P,1.0,0.0,1.0,0.0,0.0,1.4028868228197093,CIN,2021,pit,RP
sa824772,Ruben Molina,P,1.0,0.0,1.0,0.0,0.0,1.8779400587081914,,2021,pit,RP
sa3009716,Angel Bastardo,P,0.1754000037908554,0.1754000037908554,1.0,0.0,0.0,0.3138465054333208,TOR,2021,pit,SP
sa3002983,Luis D. Garcia,P,0.20430000126361847,0.16930000483989716,1.0,0.0,0.0,0.3798266395926473,,2021,pit,SP
sa876242,Alex Webb,P,1.0,0.0,1.0,0.0,0.0,1.8698265448212625,,2021,pit,RP
sa509455,Esteban Haro,P,1.0,0.0,1.0,0.0,0.0,1.681753233075142,,2021,pit,RP
sa3009239,Wilson Castillo,P,0.1754000037908554,0.1754000037908554,1.0,0.0,0.0,0.3413067914545538,,2021,pit,SP
sa735851,Adrian Navas,P,1.0,0.0,1.0,0.0,0.0,1.8658065043389795,,2021,pit,RP
sa3004473,John Ghyzel,P,1.0,0.0,1.0,0.0,0.0,1.5240864261984828,,2021,pit,RP
sa3002814,Moises Lugo,P,0.8787999749183655,0.025800000876188278,1.0,0.0,0.0,1.7769067570567132,,2021,pit,RP
24719,Randy Vásquez,P,0.1754000037908554,0.1754000037908554,1.0,0.0,0.0,0.3675800174474717,SDP,2021,pit,SP
sa3006983,Boby Johnson,P,1.0,0.0,1.0,0.0,0.0,1.0670534439384944,,2021,pit,RP
sa918326,Derek Heffel,P,0.5877000093460083,0.0877000018954277,1.0,0.0,0.0,1.0788201011717327,TEX,2021,pit,RP
sa3009724,Ronny Rincones,P,0.20509999990463257,0.16910000145435333,1.0,0.0,0.0,0.7432333149015906,,2021,pit,SP
sa977264,Daniel Diaz,P,1.0,0.0,1.0,0.0,0.0,1.8696533665060997,,2021,pit,RP
sa3006174,Carlos Perez,P,0.2578999996185303,0.15790000557899475,1.0,0.0,0.0,-0.1791067697107791,,2021,pit,SP
sa744295,Isaac Jimenez,P,1.0,0.0,1.0,0.0,0.0,1.8119398333132275,,2021,pit,RP
sa3009950,Luis Moreno,P,0.2223999947309494,0.16539999842643738,1.0,0.0,0.0,0.8011066913604736,MIA,2021,pit,SP
sa729437,Gabino Avalos,P,0.8037999868392944,0.04179999977350235,1.0,0.0,0.0,1.6965067632496358,,2021,pit,RP
24914,Lazaro Estrada,P,0.21089999377727509,0.1678999960422516,1.0,0.0,0.0,0.4928334653377533,TOR,2021,pit,SP
22054,Dane Myers,OF,0.3287999927997589,0.1428000032901764,1.0,0.0,0.0,0.8914932586252688,CIN,2021,pit,RP
sa3004321,Connor Law,P,1.0,0.0,1.0,0.0,0.0,1.9349202550947666,TOR,2021,pit,RP
sa3009783,Rafmar Medina,P,0.1754000037908554,0.1754000037908554,1.0,0.0,0.0,0.349719800055027,,2021,pit,SP
sa1120125,Reid Anderson,P,0.29339998960494995,0.15039999783039093,1.0,0.0,0.0,0.6688668087124823,,2021,pit,SP
sa3003103,Nelvin Correa,P,0.2703000009059906,0.15530000627040863,1.0,0.0,0.0,0.5257135830819606,,2021,pit,SP
sa872813,Jose Bermudez,P/OF,0.19850000739097595,0.1704999953508377,1.0,0.0,0.0,0.5142002418637275,MIN,2021,pit,SP
sa244124,Ruben Vicente,P,1.0,0.0,1.0,0.0,0.0,1.7374599270522588,,2021,pit,RP
sa3007466,Chi-Feng Lee,P,0.3353999853134155,0.14139999449253082,1.0,0.0,0.0,0.7123533166944984,,2021,pit,RP
sa1170086,Tyler Garbee,P,0.41130000352859497,0.12530000507831573,1.0,0.0,0.0,0.48027338683605203,,2021,pit,RP
sa3006100,Brayan Perez,P,0.49779999256134033,0.10679999738931656,1.0,0.0,0.0,1.3482332773506647,,2021,pit,RP
sa739579,Lenix Osuna,P,1.0,0.0,1.0,0.0,0.0,1.8615534029901029,LAD,2021,pit,RP
sa3009596,Pablo Mujica,P,0.24310000240802765,0.16110000014305115,1.0,0.0,0.0,0.691673415899277,,2021,pit,SP
sa918537,Zach Matson,P,1.0,0.0,1.0,0.0,0.0,2.0464798435568814,,2021,pit,RP
sa3011187,Seth Shuman,P,0.23319999873638153,0.1632000058889389,1.0,0.0,0.0,0.8130800858139993,WSN,2021,pit,SP
sa918821,John Timmins,P,1.0,0.0,1.0,0.0,0.0,2.153953263908625,,2021,pit,RP
sa3007840,Anderson Munoz,P,0.4442000091075897,0.11819999665021896,1.0,0.0,0.0,1.0428467333316807,,2021,pit,RP
sa873958,Christian Morris,P,0.8639000058174133,0.02889999933540821,1.0,0.0,0.0,1.6632600896060468,,2021,pit,RP
sa3004108,Josh Mitchell,P,0.8672000169754028,0.028200000524520874,1.0,0.0,0.0,1.7722465202212327,,2021,pit,RP
sa3007263,Jared Tobey,P,0.8292999863624573,0.03629999980330467,1.0,0.0,0.0,1.7447531372308727,,2021,pit,RP
sa835215,Diogenes Almengo,P,1.0,0.0,1.0,0.0,0.0,1.4176200225949285,,2021,pit,RP
sa3007250,Jake Zebron,P,0.23319999873638153,0.1632000058889389,1.0,0.0,0.0,-0.1034531228244302,,2021,pit,SP
sa3005819,Emmanuel Quinones,P,0.1754000037908554,0.1754000037908554,1.0,0.0,0.0,0.23650646507740003,,2021,pit,SP
sa3008404,Edinson Diaz,P,0.1754000037908554,0.1754000037908554,1.0,0.0,0.0,0.5676931835711003,,2021,pit,SP
sa883131,Austin Glorius,P,1.0,0.0,1.0,0.0,0.0,1.90905327051878,,2021,pit,RP
sa652485,Juan Rodriguez,P,1.0,0.0,1.0,0.0,0.0,1.7794665858149528,,2021,pit,RP
sa3009993,Henry Gomez,P,0.19189999997615814,0.17190000414848328,1.0,0.0,0.0,0.55335341244936,,2021,pit,SP
sa3005369,Edgar Acosta,P,1.0,0.0,1.0,0.0,0.0,1.8837799392640595,,2021,pit,RP
sa3008627,Ryan Fritze,P,0.8837000131607056,0.024700000882148743,1.0,0.0,0.0,1.7656933382153515,,2021,pit,RP
sa3004962,Benjamin Rodriguez,P,0.20679999887943268,0.1687999963760376,1.0,0.0,0.0,0.42880664393305823,,2021,pit,SP
sa3008258,Ryan Williamson,P,0.7336999773979187,0.056699998676776886,1.0,0.0,0.0,1.47957331314683,,2021,pit,RP
sa3006640,Andrew Pérez,P,1.0,0.0,1.0,0.0,0.0,1.8299535065889354,KCR,2021,pit,RP
sa828384,Franyel Casadilla,P,0.4408999979496002,0.11890000104904175,1.0,0.0,0.0,1.1813266538083553,,2021,pit,RP
sa3009505,Alfredo Raciel,P,0.1754000037908554,0.1754000037908554,1.0,0.0,0.0,0.2951865345239644,,2021,pit,SP
sa917988,Nolan Martinez,P,0.20180000364780426,0.16979999840259552,1.0,0.0,0.0,0.34178633540868786,,2021,pit,SP
sa3009779,Gabriel Tapia,P,0.25049999356269836,0.15950000286102295,1.0,0.0,0.0,0.3868666090071202,,2021,pit,SP
sa832269,Hildemaro Requena,P,0.8079000115394592,0.04089999943971634,1.0,0.0,0.0,1.4107134789228444,,2021,pit,RP
sa3005073,Sadrac Franco,P,0.1754000037908554,0.1754000037908554,1.0,0.0,0.0,0.1274864487349987,SDP,2021,pit,SP
sa3007911,Colton Harlow,P,1.0,0.0,1.0,0.0,0.0,1.9117264613509177,COL,2021,pit,RP
sa3008702,Rafael Garcia,P,0.18860000371932983,0.17260000109672546,1.0,0.0,0.0,0.41669335439801225,,2021,pit,SP
sa3005311,AJ Franks,P,1.0,0.0,1.0,0.0,0.0,1.745153216272593,SEA,2021,pit,RP
sa3008374,Eduar Segovia,P,0.19359999895095825,0.17159999907016754,1.0,0.0,0.0,0.44544651284813863,,2021,pit,SP
sa3004231,Luke Lind,P,1.0,0.0,1.0,0.0,0.0,1.9283666186034685,,2021,pit,RP
sa830645,Yonathan Ramirez,P,0.29339998960494995,0.15039999783039093,1.0,0.0,0.0,0.6161933086812499,,2021,pit,SP
sa3008173,Ben Madison,P,1.0,0.0,1.0,0.0,0.0,2.203446862101555,,2021,pit,RP
sa328471,Raul Barron,P,1.0,0.0,1.0,0.0,0.0,1.7145933829247952,,2021,pit,RP
sa3007858,Joey Gonzalez,P,1.0,0.0,1.0,0.0,0.0,1.9622400261461737,HOU,2021,pit,RP
sa3006693,Cobi Johnson,P,0.25870001316070557,0.15770000219345093,1.0,0.0,0.0,0.7473801150918007,,2021,pit,SP
sa3008071,Zach Wolf,P,1.0,0.0,1.0,0.0,0.0,2.0741534739732748,,2021,pit,RP
sa3003117,Rodolfo Fajardo,P,0.24060000479221344,0.1615999937057495,1.0,0.0,0.0,0.6590735211968419,,2021,pit,SP
sa3009466,Alberto Sojo,P,0.18780000507831573,0.1728000044822693,1.0,0.0,0.0,0.33469348549842826,,2021,pit,SP
sa3006600,Carlos Betancourt,P,0.19359999895095825,0.17159999907016754,1.0,0.0,0.0,0.2578602693974972,,2021,pit,SP
sa3004090,Jesus Balaguer,P,1.0,0.0,1.0,0.0,0.0,1.9899933002889156,,2021,pit,RP
sa3008542,Jordany Ventura,P,0.20430000126361847,0.16930000483989716,1.0,0.0,0.0,0.711593246459961,,2021,pit,SP
sa504429,Federico Castaneda,P,1.0,0.0,1.0,0.0,0.0,1.6852467060089116,,2021,pit,RP
sa3010803,Hector Lopez,P,0.1754000037908554,0.1754000037908554,1.0,0.0,0.0,0.3257669255137441,BAL,2021,pit,SP
sa874234,James Teague,P,1.0,0.0,1.0,0.0,0.0,1.3589067332446576,BAL,2021,pit,RP
sa872815,Andriu Marin,P,0.1754000037908554,0.1754000037908554,1.0,0.0,0.0,0.17989334911108035,,2021,pit,SP
sa914049,Juan Macias,P,0.39719998836517334,0.1281999945640564,1.0,0.0,0.0,0.8443799883127214,,2021,pit,RP
sa3009463,Gabriel Jackson,P,0.1754000037908554,0.1754000037908554,1.0,0.0,0.0,0.24118661954998988,,2021,pit,SP
sa873694,Luis Moncada,P,0.21089999377727509,0.1678999960422516,1.0,0.0,0.0,0.8902599677443508,,2021,pit,SP
sa3006586,Daniel Vitriago,P,0.34450000524520874,0.13950000703334808,1.0,0.0,0.0,0.9043599888682365,,2021,pit,RP
sa3006135,Benony Robles,P,0.1754000037908554,0.1754000037908554,1.0,0.0,0.0,0.351346644759178,,2021,pit,SP
20802,Aneurys Zabala,P,1.0,0.0,1.0,0.0,0.0,1.7175666652619839,LAA,2021,pit,RP
sa1170287,Adrian Mardueno,P,0.20430000126361847,0.16930000483989716,1.0,0.0,0.0,0.38847304657101667,,2021,pit,SP
sa3007238,Victor Azor,P,0.19359999895095825,0.17159999907016754,1.0,0.0,0.0,-0.48827314376831055,,2021,pit,SP
sa3004014,Max Roberts,P,0.19359999895095825,0.17159999907016754,1.0,0.0,0.0,0.7047402463853358,,2021,pit,SP
sa3005404,Esteban Romero,P,0.8127999901771545,0.039799999445676804,1.0,0.0,0.0,1.5339467324316503,,2021,pit,RP
sa918273,Matt Cleveland,P,0.1754000037908554,0.1754000037908554,1.0,0.0,0.0,0.5364266857504845,ARI,2021,pit,SP
sa1119979,Ben Gross,P,0.1754000037908554,0.1754000037908554,1.0,0.0,0.0,0.3476532086730004,,2021,pit,SP
sa3009472,Jhan Zambrano,P,0.19110000133514404,0.1720999926328659,1.0,0.0,0.0,0.343053340166807,,2021,pit,SP
sa3006133,Robert Colina,P,0.3321000039577484,0.1421000063419342,1.0,0.0,0.0,1.0085600592195991,,2021,pit,RP
sa3005026,Gerald Ogando,P,0.2207999974489212,0.16580000519752502,1.0,0.0,0.0,0.6033133342862129,BAL,2021,pit,SP
sa827436,Alex Robinson,P,1.0,0.0,1.0,0.0,0.0,2.0555332958698274,,2021,pit,RP
26190,Blair Henley,P,0.5374000072479248,0.09839999675750732,1.0,0.0,0.0,1.2775998808443547,,2021,pit,RP
sa3005075,Yasel Santana,P,0.34529998898506165,0.13930000364780426,1.0,0.0,0.0,0.7723933890461923,,2021,pit,RP
sa3005702,Cruz Noriega,P,0.375,0.13300000131130219,1.0,0.0,0.0,0.7617133796215061,,2021,pit,RP
27646,Luis Ortiz,P,0.1754000037908554,0.1754000037908554,1.0,0.0,0.0,0.22422658652067184,CLE,2021,pit,SP
sa916839,Jorge Labrador,P,1.0,0.0,1.0,0.0,0.0,2.130180050432682,,2021,pit,RP
sa874819,David Gutierrez,P,1.0,0.0,1.0,0.0,0.0,1.7280932217836384,,2021,pit,RP
sa3008703,Jose Chambuco,P,0.2736000120639801,0.15459999442100525,1.0,0.0,0.0,0.6088798172771934,,2021,pit,SP
sa3007482,Cam Baird,P,1.0,0.0,1.0,0.0,0.0,1.8077999733388426,,2021,pit,RP
sa827490,Michael Matuella,P,1.0,0.0,1.0,0.0,0.0,1.6958468884229658,TEX,2021,pit,RP
sa550244,El'Hajj Muhammad,P,1.0,0.0,1.0,0.0,0.0,1.7444067381322381,,2021,pit,RP
sa3008403,Jose Maldonado,P,0.1754000037908554,0.1754000037908554,1.0,0.0,0.0,0.28131319135427457,,2021,pit,SP
sa3002981,Didier Vargas,P,0.2727000117301941,0.15469999611377716,1.0,0.0,0.0,0.6223268404603006,,2021,pit,SP
sa828512,Daniel Ramos,P,1.0,0.0,1.0,0.0,0.0,1.7599667206406595,,2021,pit,RP
sa3010838,Jack Dellinger,P,0.3156000077724457,0.14560000598430634,1.0,0.0,0.0,0.7041866697371009,,2021,pit,RP
sa651343,Marco Ramirez,P,1.0,0.0,1.0,0.0,0.0,1.8438802003860482,,2021,pit,RP
sa3007807,Rafi Gonell,P,0.492900013923645,0.10790000110864639,1.0,0.0,0.0,1.0695999272167689,,2021,pit,RP
sa593936,Jose Manuel Lopez,P/OF,1.0,0.0,1.0,0.0,0.0,1.7770932853221892,,2021,pit,RP
sa3009493,Miguel Cordones,P,0.1754000037908554,0.1754000037908554,1.0,0.0,0.0,0.23907318785786646,,2021,pit,SP
sa873563,Ronny Agustin,P,1.0,0.0,1.0,0.0,0.0,1.823800002038479,PIT,2021,pit,RP
sa3008418,Gregorio Reyes,P,0.23319999873638153,0.1632000058889389,1.0,0.0,0.0,0.44447339996695545,,2021,pit,SP
sa3006512,Jhoan Cruz,P,0.31310001015663147,0.1460999995470047,1.0,0.0,0.0,0.6492999009788036,MIL,2021,pit,RP
sa918494,Rayniel Adames,P,0.23319999873638153,0.1632000058889389,1.0,0.0,0.0,0.4238133758306506,,2021,pit,SP
sa3009605,Soenni Martinez,P,0.1754000037908554,0.1754000037908554,1.0,0.0,0.0,0.3155331663787364,,2021,pit,SP
sa3006963,Erin Baldwin,P,0.6899999976158142,0.06599999964237213,1.0,0.0,0.0,1.2554602749645705,,2021,pit,RP
sa3011303,Jared Biddy,P,1.0,0.0,1.0,0.0,0.0,2.0382401242852213,,2021,pit,RP
sa871316,Edgar Torres,P,0.9298999905586243,0.01489999983459711,1.0,0.0,0.0,1.6525001727044581,,2021,pit,RP
sa3011395,Drew Parrish,P,0.34040001034736633,0.1404000073671341,1.0,0.0,0.0,0.884206684678793,,2021,pit,RP
sa875306,Juan Echevarria,P,1.0,0.0,1.0,0.0,0.0,1.7550066508352757,,2021,pit,RP
sa3004833,Manny Ramirez,P,0.3395000100135803,0.1404999941587448,1.0,0.0,0.0,1.0663534924387932,,2021,pit,RP
sa829063,Erik Manoah Jr.,P,1.0,0.0,1.0,0.0,0.0,1.8929866686463357,,2021,pit,RP
sa3008158,Brendan Meyer,P,0.8747000098228455,0.02669999934732914,1.0,0.0,0.0,1.5734932042658332,,2021,pit,RP
sa827486,Alex Katz,P,1.0,0.0,1.0,0.0,0.0,1.8301931887865064,,2021,pit,RP
sa917805,Francisco Villegas,P,0.676800012588501,0.06880000233650208,1.0,0.0,0.0,1.4833065532147884,,2021,pit,RP
sa3009222,Christian Suarez,P,0.375,0.13300000131130219,1.0,0.0,0.0,0.7787067070603371,LAD,2021,pit,RP
sa3008303,Octavio Becerra,P,1.0,0.0,1.0,0.0,0.0,1.8249067939817905,,2021,pit,RP
sa3007483,J.T. Salter,P,1.0,0.0,1.0,0.0,0.0,1.8972000896930692,,2021,pit,RP
sa659315,Alberto Tirado,P,1.0,0.0,1.0,0.0,0.0,1.842153252661229,,2021,pit,RP
sa917475,Johsson Arias,P,0.31310001015663147,0.1460999995470047,1.0,0.0,0.0,0.620866768807173,,2021,pit,RP
sa3009621,Ronaldo Guzman,P,0.20180000364780426,0.16979999840259552,1.0,0.0,0.0,0.34925999417901066,CHW,2021,pit,SP
sa3005456,Leonardo Pestana,P,0.1754000037908554,0.1754000037908554,1.0,0.0,0.0,0.36049985736608514,,2021,pit,SP
sa3002801,Elias Espino,P,0.8747000098228455,0.02669999934732914,1.0,0.0,0.0,1.630213618278503,SEA,2021,pit,RP
sa3002934,Leonardo Taveras,P,1.0,0.0,1.0,0.0,0.0,2.1222934581339366,,2021,pit,RP
sa3007457,Trevor Horn,P,0.7526000142097473,0.05260000005364418,1.0,0.0,0.0,1.4027398787438874,,2021,pit,RP
sa977114,Jonathan Partida,P,1.0,0.0,1.0,0.0,0.0,1.8458068251609796,,2021,pit,RP
sa875992,Christian Meister,P,1.0,0.0,1.0,0.0,0.0,1.8716465294361115,,2021,pit,RP
sa3004748,Joshua Payne,P,1.0,0.0,1.0,0.0,0.0,1.7265998356044294,,2021,pit,RP
sa3009944,Mitch Ragan,P,0.5414999723434448,0.09749999642372131,1.0,0.0,0.0,1.3091732695698735,,2021,pit,RP
sa3006509,Andy Hernandez,P,0.1754000037908554,0.1754000037908554,1.0,0.0,0.0,0.2013198874890807,,2021,pit,SP
sa3007961,Harold Galindo,P,0.3230000138282776,0.14399999380111694,1.0,0.0,0.0,0.6357000492513181,,2021,pit,RP
sa3006390,Robert Cruz,P,0.1754000037908554,0.1754000037908554,1.0,0.0,0.0,0.1395002037286761,,2021,pit,SP
sa3007590,Jake Higginbotham,P,1.0,0.0,1.0,0.0,0.0,1.9056266225874423,,2021,pit,RP
sa3009474,Luis Castillo,P,0.1754000037908554,0.1754000037908554,1.0,0.0,0.0,0.2823334805667401,SFG,2021,pit,SP
24995,Evan Sisk,P,1.0,0.0,1.0,0.0,0.0,1.9620531938970092,PIT,2021,pit,RP
sa3009229,Jorge Garcia,P,0.2223999947309494,0.16539999842643738,1.0,0.0,0.0,0.3669067271053792,,2021,pit,SP
sa3004703,Keenan Bartlett,P,1.0,0.0,1.0,0.0,0.0,1.7297065667808051,,2021,pit,RP
sa3004491,Wes Robertson,P,1.0,0.0,1.0,0.0,0.0,1.3361333921551708,,2021,pit,RP
sa3006360,Jesus Cisneros,P,0.1754000037908554,0.1754000037908554,1.0,0.0,0.0,0.20941332429647463,,2021,pit,SP
sa729217,Jorge Quinones,P,0.7939000129699707,0.04390000179409981,1.0,0.0,0.0,1.5479269146919252,,2021,pit,RP
sa918618,Tyree Thompson,P,0.1754000037908554,0.1754000037908554,1.0,0.0,0.0,0.06588675305247316,,2021,pit,SP
sa3007218,Andy Toelken,P,1.0,0.0,1.0,0.0,0.0,1.621660064160824,,2021,pit,RP
sa974592,Adrian Alcantara,P,0.20430000126361847,0.16930000483989716,1.0,0.0,0.0,0.4130001723766328,,2021,pit,SP
26117,Blas Castaño,P,0.24220000207424164,0.16120000183582306,1.0,0.0,0.0,0.3497131094336514,SEA,2021,pit,SP
sa3005461,Kelvin Moncion,P,0.3271999955177307,0.14319999516010284,1.0,0.0,0.0,0.7114531397819519,,2021,pit,RP
sa3004672,Devin Hemmerich,P,1.0,0.0,1.0,0.0,0.0,1.7332531534135347,LAD,2021,pit,RP
sa827251,Orlando Romero,P,1.0,0.0,1.0,0.0,0.0,1.8338000446557996,,2021,pit,RP
sa887660,Jefry Valdez,P,0.8722000122070312,0.0272000003606081,1.0,0.0,0.0,1.4784534022212026,,2021,pit,RP
sa656388,Yair Lozoya,P,1.0,0.0,1.0,0.0,0.0,1.6247802518308156,,2021,pit,RP
sa873298,Marlon Constante,P,1.0,0.0,1.0,0.0,0.0,1.7785864993929859,,2021,pit,RP
sa3008362,Steven Pérez,P,0.1754000037908554,0.1754000037908554,1.0,0.0,0.0,0.2844266839325429,CLE,2021,pit,SP
sa509482,Edwin Salas,P,0.8895000219345093,0.023499999195337296,1.0,0.0,0.0,1.4680065609514714,,2021,pit,RP
sa873320,Wander Cabrera,P,0.5490000247955322,0.09600000083446503,1.0,0.0,0.0,1.1576265804469585,COL,2021,pit,RP
sa3006161,Luis Ramos,P,0.19189999997615814,0.17190000414848328,1.0,0.0,0.0,0.24071336835622814,,2021,pit,SP
sa3007991,Anderson Paulino,P,0.23649999499320984,0.16249999403953552,1.0,0.0,0.0,0.36668013706803304,KCR,2021,pit,SP
sa1172530,Ian Exposito,P,0.2858999967575073,0.15189999341964722,1.0,0.0,0.0,0.6017731390893459,MIL,2021,pit,SP
sa829399,Cre Finfrock,P,1.0,0.0,1.0,0.0,0.0,1.8717332109808922,,2021,pit,RP
sa875896,Reed Hayes,P,1.0,0.0,1.0,0.0,0.0,1.2556999564170845,,2021,pit,RP
sa514279,Miguel Mejia,P,1.0,0.0,1.0,0.0,0.0,1.7151999436318874,,2021,pit,RP
sa3004348,Xavier Moore,P,0.34040001034736633,0.1404000073671341,1.0,0.0,0.0,0.13556655570864695,,2021,pit,RP
sa918715,Sam Sheehan,P,1.0,0.0,1.0,0.0,0.0,1.9730865806341171,,2021,pit,RP
sa3007812,Christian Vann,P,1.0,0.0,1.0,0.0,0.0,1.5895001083612446,,2021,pit,RP
sa658930,C.J. Saylor,P,1.0,0.0,1.0,0.0,0.0,1.8518201947212214,,2021,pit,RP
sa918814,Nate Webb,P,0.18860000371932983,0.17260000109672546,1.0,0.0,0.0,0.35534669905900973,,2021,pit,SP
sa918503,Nick Gruener,P,0.7253999710083008,0.058400001376867294,1.0,0.0,0.0,0.7340600892901419,,2021,pit,RP
sa3002794,Aldry Acosta,P,0.31310001015663147,0.1460999995470047,1.0,0.0,0.0,0.6102335438132287,,2021,pit,RP
sa3009987,Brian Eichhorn,P,0.2825999855995178,0.1526000052690506,1.0,0.0,0.0,0.6259668618440628,,2021,pit,SP
sa880807,Fernando Irazoqui,P,1.0,0.0,1.0,0.0,0.0,1.6759200878441334,,2021,pit,RP
sa3009223,Hamilton Andujar,P,0.29580000042915344,0.14980000257492065,1.0,0.0,0.0,0.730373239517212,,2021,pit,SP
sa3008103,Robbie Baker,P,1.0,0.0,1.0,0.0,0.0,1.7236600778996944,,2021,pit,RP
sa875255,Jaret Hellinger,P,1.0,0.0,1.0,0.0,0.0,1.6928132668137548,KCR,2021,pit,RP
sa3003039,Angel Macuare,P,0.2727000117301941,0.15469999611377716,1.0,0.0,0.0,0.6972799599170685,,2021,pit,SP
sa3004205,Connor Mayes,P,0.20430000126361847,0.16930000483989716,1.0,0.0,0.0,0.2553534239530566,KCR,2021,pit,SP
sa3006591,Christian Sumoza,P,0.1754000037908554,0.1754000037908554,1.0,0.0,0.0,0.1319930464029313,,2021,pit,SP
sa924083,Rafael Carvajal,P,0.670199990272522,0.07020000368356705,1.0,0.0,0.0,1.2546931780874724,,2021,pit,RP
sa393318,Francisco Gil,P,1.0,0.0,1.0,0.0,0.0,1.5889067992568013,,2021,pit,RP
sa3006486,Teodoro Ortega,P,0.31310001015663147,0.1460999995470047,1.0,0.0,0.0,0.47751347273588207,,2021,pit,RP
sa3007783,Zach Seipel,P,0.29420000314712524,0.1501999944448471,1.0,0.0,0.0,0.6831531509757043,ATL,2021,pit,SP
20116,Calvin Faucher,P,1.0,0.0,1.0,0.0,0.0,1.8563266895711426,MIA,2021,pit,RP
sa3008453,Troy Miller,P,0.18289999663829803,0.17389999330043793,1.0,0.0,0.0,0.27606661319732684,,2021,pit,SP
sa3006500,Kelvin Feliz,P,0.1754000037908554,0.1754000037908554,1.0,0.0,0.0,0.22524646595120412,,2021,pit,SP
sa3005470,Junior Santos,P,0.1754000037908554,0.1754000037908554,1.0,0.0,0.0,0.4720464803278448,,2021,pit,SP
sa3008641,Irvin Machuca,P,0.8968999981880188,0.021900000050663948,1.0,0.0,0.0,1.699306786805392,CIN,2021,pit,RP
sa3008733,Joel Benitez,P,0.1754000037908554,0.1754000037908554,1.0,0.0,0.0,0.18410013020038596,,2021,pit,SP
sa977111,Chris Rocha,P,0.882099986076355,0.025100000202655792,1.0,0.0,0.0,1.472126752883196,,2021,pit,RP
sa3009860,Reid Morgan,P,1.0,0.0,1.0,0.0,0.0,1.9457066245377064,,2021,pit,RP
sa918634,Lucas Jacobsen,P,1.0,0.0,1.0,0.0,0.0,1.7173265680670737,,2021,pit,RP
sa875758,Sam Pastrone,P,0.41040000319480896,0.12540000677108765,1.0,0.0,0.0,0.8832998849451545,,2021,pit,RP
sa3004595,Lukas Young,P,1.0,0.0,1.0,0.0,0.0,1.7433198027312762,,2021,pit,RP
sa3004476,Aaron Ford,P,1.0,0.0,1.0,0.0,0.0,1.7438398838043212,,2021,pit,RP
sa3004864,Kyle Zurak,P,1.0,0.0,1.0,0.0,0.0,1.6195333108305938,,2021,pit,RP
sa3009586,Diomede Sierra,P,0.18780000507831573,0.1728000044822693,1.0,0.0,0.0,0.4597602233290674,ARI,2021,pit,SP
sa916728,Henry Medina,P,0.3353999853134155,0.14139999449253082,1.0,0.0,0.0,0.5530998162925242,,2021,pit,RP
sa3006495,Alfred Vega,P,0.2694000005722046,0.15539999306201935,1.0,0.0,0.0,0.42977332919836053,,2021,pit,SP
sa3005229,Matt Givin,P,0.31310001015663147,0.1460999995470047,1.0,0.0,0.0,0.7507865019142628,,2021,pit,RP
sa828470,Yeison Santana,P,0.8399999737739563,0.03400000184774399,1.0,0.0,0.0,1.5115999825298787,,2021,pit,RP
sa873153,Juan De Paula,P,0.23890000581741333,0.16189999878406525,1.0,0.0,0.0,0.45989340394735345,,2021,pit,SP
sa3005222,Alexander Montero,P,0.31310001015663147,0.1460999995470047,1.0,0.0,0.0,0.5999199122190473,,2021,pit,RP
sa3006357,Jose Peralta,P,0.31310001015663147,0.1460999995470047,1.0,0.0,0.0,0.07548676803708076,,2021,pit,RP
sa3007907,Francisco Justo,P,0.25049999356269836,0.15950000286102295,1.0,0.0,0.0,0.6351933158934115,,2021,pit,SP
sa873948,Dalton Lehnen,P,1.0,0.0,1.0,0.0,0.0,1.767599975317717,,2021,pit,RP
sa3008645,Tyler Gillies,P,1.0,0.0,1.0,0.0,0.0,1.8031535603106024,,2021,pit,RP
sa737443,Gerardo Navarro,P,1.0,0.0,1.0,0.0,0.0,1.6806932806968686,PIT,2021,pit,RP
sa918539,Skylar Arias,P,0.9002000093460083,0.021199999377131462,1.0,0.0,0.0,1.8719531536102294,,2021,pit,RP
sa599061,Luis Heredia,P,1.0,0.0,1.0,0.0,0.0,1.687146632373333,,2021,pit,RP
sa3009238,Brailin Rodriguez,P,0.19030000269412994,0.17229999601840973,1.0,0.0,0.0,0.24654026404023144,,2021,pit,SP
sa3010631,Jacques Pucheu,P,0.41370001435279846,0.12470000237226486,1.0,0.0,0.0,0.39164008423686036,,2021,pit,RP
sa887275,Ezequiel Zabaleta,P,1.0,0.0,1.0,0.0,0.0,2.109979875385761,,2021,pit,RP
sa3010808,Juan De Los Santos,P,0.21089999377727509,0.1678999960422516,1.0,0.0,0.0,0.2530400261282919,BAL,2021,pit,SP
sa737459,Salvador Justo,P,1.0,0.0,1.0,0.0,0.0,1.871920239180327,,2021,pit,RP
sa918206,Matt Rowland,P,0.1754000037908554,0.1754000037908554,1.0,0.0,0.0,0.12155329436063811,ATL,2021,pit,SP
sa3004711,Matthew Hammonds,P,0.9018999934196472,0.020899999886751175,1.0,0.0,0.0,1.114706521481276,,2021,pit,RP
sa918110,Tai Tiedemann,P,0.76419997215271,0.050200000405311584,1.0,0.0,0.0,1.24236666187644,,2021,pit,RP
sa3007966,Blake Whitney,P,1.0,0.0,1.0,0.0,0.0,1.7586134470999242,,2021,pit,RP
sa603264,Braulio Ortiz,P,1.0,0.0,1.0,0.0,0.0,1.839000052213669,,2021,pit,RP
sa947297,Adoni Kery,P,0.5530999898910522,0.09510000050067902,1.0,0.0,0.0,1.1009401433169845,CLE,2021,pit,RP
sa3005444,Juan Sanchez,P,0.2825999855995178,0.1526000052690506,1.0,0.0,0.0,0.5456330128014089,SFG,2021,pit,SP
sa3003088,Rosmer Inojosa,P,0.2727000117301941,0.15469999611377716,1.0,0.0,0.0,0.2951067931950093,,2021,pit,SP
sa918014,Ray Castro,P,0.22990000247955322,0.1639000028371811,1.0,0.0,0.0,0.36559992432594335,,2021,pit,SP
sa3007716,Maddux Conger,P,0.5927000045776367,0.08669999986886978,1.0,0.0,0.0,1.152413346618414,,2021,pit,RP
sa915599,Conner O'Neil,P,1.0,0.0,1.0,0.0,0.0,1.9466800808906557,,2021,pit,RP
sa737688,Carlos Salazar,P,1.0,0.0,1.0,0.0,0.0,1.7792868912220006,,2021,pit,RP
sa3002988,Nathanael Perez Lopez,P,0.1754000037908554,0.1754000037908554,1.0,0.0,0.0,0.16688656359910992,,2021,pit,SP
sa738995,Chris Viall,P,1.0,0.0,1.0,0.0,0.0,2.1153733208775525,,2021,pit,RP
20589,Edwar Colina,P,8.0,0.0,8.0,0.0,0.6714000105857849,30.58925389647484,,2021,pit,RP
sa3009985,Gabriel Ponce,P,0.2223999947309494,0.16539999842643738,1.0,0.0,0.0,0.3898866415023807,,2021,pit,SP
sa3009636,Victor Lopez,P,0.1754000037908554,0.1754000037908554,1.0,0.0,0.0,0.1515734240412714,,2021,pit,SP
sa824742,Sasagi Sanchez,P,1.0,0.0,1.0,0.0,0.0,1.621833139657975,,2021,pit,RP
sa737357,Deivy Mendez,P,1.0,0.0,1.0,0.0,0.0,1.7714132256805897,,2021,pit,RP
sa3009722,Frailyn Sanchez,P,0.1754000037908554,0.1754000037908554,1.0,0.0,0.0,0.09774011448025677,BOS,2021,pit,SP
sa3010242,Manuel Espinoza,P,0.2603999972343445,0.1573999971151352,1.0,0.0,0.0,0.3728601224720478,,2021,pit,SP
sa3006590,Carlos Garcia,P,1.0,0.0,1.0,0.0,0.0,2.1483533173799514,,2021,pit,RP
sa917335,Jasiel Alvino,P,0.8079000115394592,0.04089999943971634,1.0,0.0,0.0,1.427000033855439,,2021,pit,RP
sa509713,Ozzie Mendez,P,1.0,0.0,1.0,0.0,0.0,1.6115665584802628,,2021,pit,RP
sa3006492,Santos Moreno,P,0.3815999925136566,0.1316000074148178,1.0,0.0,0.0,0.650646798312664,,2021,pit,RP
sa873302,Gilberto Chu,P,0.6413000226020813,0.0763000026345253,1.0,0.0,0.0,0.9751266695559027,,2021,pit,RP
sa3008628,Jorge Perez,P,1.0,0.0,1.0,0.0,0.0,1.5733400344848638,,2021,pit,RP
sa3004579,Wellington Diaz,P,0.558899998664856,0.09390000253915787,1.0,0.0,0.0,1.0276399053633214,,2021,pit,RP
sa917883,Yeremi Ceballos,P,1.0,0.0,1.0,0.0,0.0,1.929240245372057,,2021,pit,RP
sa3005890,Joshua Cornielly,P,0.3808000087738037,0.13179999589920044,1.0,0.0,0.0,0.9575468249619008,NYM,2021,pit,RP
sa918646,Ryan Luna,P,1.0,0.0,1.0,0.0,0.0,1.565286741405726,COL,2021,pit,RP
sa928287,Raul Brito,P,1.0,0.0,1.0,0.0,0.0,1.8604331128299236,MIN,2021,pit,RP
sa879199,Brian Pirela,P,0.19030000269412994,0.17229999601840973,1.0,0.0,0.0,0.1263133794069291,,2021,pit,SP
sa3003002,Hector Acosta,P,0.20679999887943268,0.1687999963760376,1.0,0.0,0.0,-0.05427332073450053,,2021,pit,SP
sa3009231,Abismael Paulino,P,0.218299999833107,0.1662999987602234,1.0,0.0,0.0,0.2061065137386322,,2021,pit,SP
22982,José Lopez,P,0.1754000037908554,0.1754000037908554,1.0,0.0,0.0,0.5825398050248625,,2021,pit,SP
sa738474,Scott Burke,P,0.8853999972343445,0.024399999529123306,1.0,0.0,0.0,1.4643598787486556,BAL,2021,pit,RP
sa3009942,Dustin Lacaze,P,0.31310001015663147,0.1460999995470047,1.0,0.0,0.0,0.4930534072220327,ARI,2021,pit,RP
21238,Allan Winans,P,1.0,0.0,1.0,0.0,0.0,1.8994532302021985,,2021,pit,RP
sa3006619,Yoelvin Silven,P,0.6948999762535095,0.0649000033736229,1.0,0.0,0.0,1.063506830483675,,2021,pit,RP
sa3009514,Christopher Soriano,P,0.18860000371932983,0.17260000109672546,1.0,0.0,0.0,0.19853991642594382,,2021,pit,SP
sa597029,Eduardo Rivera,P,1.0,0.0,1.0,0.0,0.0,1.8790465481579308,,2021,pit,RP
sa509483,Jose Meraz,P,1.0,0.0,1.0,0.0,0.0,1.6451801113784321,,2021,pit,RP
sa3008334,Alexuan Vega,P,0.25049999356269836,0.15950000286102295,1.0,0.0,0.0,0.5199466712772849,,2021,pit,SP
sa3006398,Braunny Munoz,P,0.19030000269412994,0.17229999601840973,1.0,0.0,0.0,0.2635600164532659,,2021,pit,SP
sa873156,Darwin Feliz,P,0.439300000667572,0.1193000003695488,1.0,0.0,0.0,0.6593066744506362,,2021,pit,RP
26641,Wikelman González,P,0.1754000037908554,0.1754000037908554,1.0,0.0,0.0,0.1396801084280015,CHW,2021,pit,SP
sa3007730,Thomas Ponticelli,P,0.31310001015663147,0.1460999995470047,1.0,0.0,0.0,0.6589599616825579,,2021,pit,RP
sa3006485,Jenrry Gonzalez,P,0.3328999876976013,0.14190000295639038,1.0,0.0,0.0,0.5130868151783945,,2021,pit,RP
sa918362,Mike Bunal,P,1.0,0.0,1.0,0.0,0.0,0.807613370567561,COL,2021,pit,RP
sa3006377,David Marcano,P,0.1754000037908554,0.1754000037908554,1.0,0.0,0.0,0.42115334272384697,,2021,pit,SP
21229,Daniel Robert,P,1.0,0.0,1.0,0.0,0.0,1.5749531969428063,PHI,2021,pit,RP
sa328152,Fabian Williamson,P,0.9002000093460083,0.021199999377131462,1.0,0.0,0.0,1.6044065773487097,,2021,pit,RP
sa3009735,Sergio Sanchez,P,0.23890000581741333,0.16189999878406525,1.0,0.0,0.0,-0.5955533981323242,,2021,pit,SP
sa3009986,Nathanael Heredia,P,0.2752000093460083,0.1542000025510788,1.0,0.0,0.0,0.7366665892302993,,2021,pit,SP
sa3007728,Chris Gau,P,0.5597000122070312,0.09369999915361404,1.0,0.0,0.0,1.4591132029891019,,2021,pit,RP
sa877615,Carlos Machorro,P,1.0,0.0,1.0,0.0,0.0,1.744839845597744,,2021,pit,RP
sa3002602,Carlos Morales,P,1.0,0.0,1.0,0.0,0.0,1.6198864914476867,,2021,pit,RP
sa3009484,Yaifer Perdomo,P,0.1754000037908554,0.1754000037908554,1.0,0.0,0.0,0.1824800975620744,,2021,pit,SP
sa504948,Norman Elenes,P,1.0,0.0,1.0,0.0,0.0,1.5232734367251397,,2021,pit,RP
sa3009487,Miguel Vargas,P,0.2784999907016754,0.1535000056028366,1.0,0.0,0.0,0.46490014567971283,NYY,2021,pit,SP
sa3005827,Santiago Elizondo,P,0.34940001368522644,0.13840000331401825,1.0,0.0,0.0,0.6040000759065154,,2021,pit,RP
sa3006954,Trey Cumbie,P,0.9067999720573425,0.01979999989271164,1.0,0.0,0.0,2.085013402998447,,2021,pit,RP
sa3009241,Felipe Mezquita,P,0.1754000037908554,0.1754000037908554,1.0,0.0,0.0,0.11260677352547654,,2021,pit,SP
sa3009471,Manuel Olivares,P,0.2851000130176544,0.15209999680519104,1.0,0.0,0.0,-0.46280686035752305,COL,2021,pit,SP
sa3007237,Chris Roberts,P,1.0,0.0,1.0,0.0,0.0,1.7466464042663574,,2021,pit,RP
sa3005196,Sergio Morillo,P,0.2290000021457672,0.164000004529953,1.0,0.0,0.0,0.26613343805074674,,2021,pit,SP
sa920101,Matthew Wynne,P,1.0,0.0,1.0,0.0,0.0,1.686540094763041,,2021,pit,RP
sa3009208,Wilson Gherbaz,P,0.1754000037908554,0.1754000037908554,1.0,0.0,0.0,0.09771972298622122,,2021,pit,SP
sa659041,Benny Suarez,P,1.0,0.0,1.0,0.0,0.0,1.4532263830304153,,2021,pit,RP
sa3004477,Drew Crosby,P,1.0,0.0,1.0,0.0,0.0,1.6179466158151623,DET,2021,pit,RP
sa3008636,Edgar Martinez,P,0.7336999773979187,0.056699998676776886,1.0,0.0,0.0,1.2420464679598813,,2021,pit,RP
sa3009512,Lisandro Marin,P,0.20180000364780426,0.16979999840259552,1.0,0.0,0.0,0.16524652838706988,,2021,pit,SP
sa3005452,Juan Zapata,P,0.20679999887943268,0.1687999963760376,1.0,0.0,0.0,0.23003999292850486,,2021,pit,SP
sa3005469,Moises Ruiz,P,0.22660000622272491,0.16459999978542328,1.0,0.0,0.0,0.23324008509516725,,2021,pit,SP
sa3009995,Albert Breton,P,0.1754000037908554,0.1754000037908554,1.0,0.0,0.0,0.021293407678604215,,2021,pit,SP
sa3004866,Eudi Asencio,P,0.4846000075340271,0.1096000000834465,1.0,0.0,0.0,0.9226266130805016,,2021,pit,RP
sa918485,Alfredo Tavarez,P,0.33379998803138733,0.14180000126361847,1.0,0.0,0.0,0.6206401340663432,LAD,2021,pit,RP
sa3001058,Marco Antonio Rivas,P,1.0,0.0,1.0,0.0,0.0,1.6108132988214492,,2021,pit,RP
sa916715,Albinson Volquez,P,1.0,0.0,1.0,0.0,0.0,1.6271734781563278,ATL,2021,pit,RP
sa3004333,Roither Hernandez,P,0.1754000037908554,0.1754000037908554,1.0,0.0,0.0,0.07449353262782088,TOR,2021,pit,SP
sa542044,Rodolfo Aguilar,P,1.0,0.0,1.0,0.0,0.0,1.5771066837012775,,2021,pit,RP
sa879105,Noel De Jesus,P,1.0,0.0,1.0,0.0,0.0,1.7796668648719787,,2021,pit,RP
sa917415,Oliver Garcia,P,1.0,0.0,1.0,0.0,0.0,1.5645465672016141,,2021,pit,RP
sa921734,Maikel Aguiar,P,1.0,0.0,1.0,0.0,0.0,1.7116131030023105,CHC,2021,pit,RP
sa210450,Oscar Hurtado,P,1.0,0.0,1.0,0.0,0.0,1.6092467509210113,,2021,pit,RP
sa3006173,Kleiber Bordones,P,0.20430000126361847,0.16930000483989716,1.0,0.0,0.0,0.22986681461334202,,2021,pit,SP
23617,Josh Walker,P,0.6430000066757202,0.07599999755620956,1.0,0.0,0.0,1.4272666476666926,BAL,2021,pit,RP
sa3009755,Yordy Richard,P,0.25049999356269836,0.15950000286102295,1.0,0.0,0.0,0.5591265834867953,,2021,pit,SP
sa875330,Justin Marsden,P,0.8655999898910522,0.028599999845027924,1.0,0.0,0.0,1.3698467202484608,,2021,pit,RP
sa3010804,Jose Ruviera,P,0.20679999887943268,0.1687999963760376,1.0,0.0,0.0,0.1521401301026346,,2021,pit,SP
sa549571,Angel Landazuri,P,0.7657999992370605,0.049800001084804535,1.0,0.0,0.0,1.136113245785237,,2021,pit,RP
sa3010267,Alex Nolan,P,0.31310001015663147,0.1460999995470047,1.0,0.0,0.0,0.4207533910870551,,2021,pit,RP
sa3004945,Jerryell Rivera,P,0.19359999895095825,0.17159999907016754,1.0,0.0,0.0,-0.03361343666911143,,2021,pit,SP
sa3007608,Denny Roman,P,1.0,0.0,1.0,0.0,0.0,1.606006640940905,,2021,pit,RP
sa3004351,Bryan Blanton,P,1.0,0.0,1.0,0.0,0.0,1.6701599799096578,,2021,pit,RP
sa602567,Chase Williams,P,1.0,0.0,1.0,0.0,0.0,1.670740114152431,,2021,pit,RP
sa3007228,Daniel Vilchez,P,0.30820000171661377,0.14720000326633453,1.0,0.0,0.0,0.30520688667893436,,2021,pit,RP
sa915634,Aaron Soto,P,0.3939000070095062,0.12890000641345978,1.0,0.0,0.0,0.4295868568122385,,2021,pit,RP
sa3008663,Brandon Marklund,P,1.0,0.0,1.0,0.0,0.0,1.6641199074685575,KCR,2021,pit,RP
sa3006402,Martin Santana,P,0.20180000364780426,0.16979999840259552,1.0,0.0,0.0,0.170833329856396,,2021,pit,SP
sa3008021,Chandler Day,P,1.0,0.0,1.0,0.0,0.0,1.3517798803746701,WSN,2021,pit,RP
sa3005399,Jose Haros,P,1.0,0.0,1.0,0.0,0.0,1.5412800699472426,,2021,pit,RP
sa3009205,Breidy Encarnación,P,0.29580000042915344,0.14980000257492065,1.0,0.0,0.0,0.4910869717597959,,2021,pit,SP
sa3005425,Christian Prado,P,1.0,0.0,1.0,0.0,0.0,1.5748132459819315,,2021,pit,RP
sa3006837,Austin Conway,P,1.0,0.0,1.0,0.0,0.0,1.517899725586176,,2021,pit,RP
sa828144,Hansel Paulino,P,1.0,0.0,1.0,0.0,0.0,1.6422732472419739,,2021,pit,RP
sa828540,Jhon Peluffo,P,1.0,0.0,1.0,0.0,0.0,1.5746332302689559,,2021,pit,RP
sa3002984,Joseph Salazar,P,0.19519999623298645,0.1712000072002411,1.0,0.0,0.0,0.14843341112136832,,2021,pit,SP
sa3007481,Bryce Nightengale,P,0.2825999855995178,0.1526000052690506,1.0,0.0,0.0,0.8337068252265456,,2021,pit,SP
25071,Lane Ramsey,P,1.0,0.0,1.0,0.0,0.0,1.3231666773557662,,2021,pit,RP
sa3008027,Kevin Biondic,P,0.24060000479221344,0.1615999937057495,1.0,0.0,0.0,0.1848799332976343,,2021,pit,SP
sa3004652,Sandel De La Cruz,P,0.6182000041007996,0.0812000036239624,1.0,0.0,0.0,1.2512468084692956,,2021,pit,RP
sa829868,Erbert Gonzalez,P,1.0,0.0,1.0,0.0,0.0,1.7327200658619404,,2021,pit,RP
sa873226,Juan Robles,P,1.0,0.0,1.0,0.0,0.0,1.726273486763239,,2021,pit,RP
25777,Peyton Battenfield,P,0.3939000070095062,0.12890000641345978,1.0,0.0,0.0,1.1098800458014009,,2021,pit,RP
sa3006097,Garrett Suchey,P,1.0,0.0,1.0,0.0,0.0,1.5816933065652843,KCR,2021,pit,RP
sa506924,Marco Camarena,P,1.0,0.0,1.0,0.0,0.0,1.5223801255226137,,2021,pit,RP
21131,Jose Espada,P,0.8012999892234802,0.04230000078678131,1.0,0.0,0.0,1.4268533363938327,BAL,2021,pit,RP
sa3002795,Edward Cuello,P,1.0,0.0,1.0,0.0,0.0,1.5779601417481897,,2021,pit,RP
sa509795,Vanny Valenzuela,P,1.0,0.0,1.0,0.0,0.0,1.5260132446885115,,2021,pit,RP
sa3008074,Antonio Jimenez,P,0.18780000507831573,0.1728000044822693,1.0,0.0,0.0,0.604279948771,,2021,pit,SP
sa3002937,Andres German,P,0.3684000074863434,0.13439999520778656,1.0,0.0,0.0,0.5029864743351937,NYM,2021,pit,RP
sa3009609,Wuilliam Hernandez,P,0.1754000037908554,0.1754000037908554,1.0,0.0,0.0,0.019046510756016044,,2021,pit,SP
sa3005126,Jeison Pena,P,0.2825999855995178,0.1526000052690506,1.0,0.0,0.0,0.3189866200089453,,2021,pit,SP
sa872871,Xavier Javier,P,0.274399995803833,0.15440000593662262,1.0,0.0,0.0,0.4644934669137002,,2021,pit,SP
sa3005032,Tanner Allison,P,0.9595999717712402,0.00860000029206276,1.0,0.0,0.0,1.577506808936596,,2021,pit,RP
sa592949,Linder Castro,P,1.0,0.0,1.0,0.0,0.0,1.6840867690742023,,2021,pit,RP
sa872567,Carlos Espinal,P,1.0,0.0,1.0,0.0,0.0,1.571400011330843,,2021,pit,RP
sa3009521,Reibyn Corona,P,0.2578999996185303,0.15790000557899475,1.0,0.0,0.0,0.3903266556560996,,2021,pit,SP
sa3006369,Karlo Seijas,P,0.593500018119812,0.08649999648332596,1.0,0.0,0.0,0.798953379690647,,2021,pit,RP
sa3010558,Nick Ernst,P,0.375,0.13300000131130219,1.0,0.0,0.0,0.5275798834860326,,2021,pit,RP
sa3007252,Devin Conn,P,1.0,0.0,1.0,0.0,0.0,1.7761001244187353,,2021,pit,RP
sa916964,Wellington Caceres,P,0.24060000479221344,0.1615999937057495,1.0,0.0,0.0,0.19436674937605858,NYY,2021,pit,SP
sa3002752,Michael Agis,P,1.0,0.0,1.0,0.0,0.0,1.537986622750759,COL,2021,pit,RP
sa504009,Julian Arballo,P,0.8828999996185303,0.024900000542402267,1.0,0.0,0.0,1.3819133676588535,,2021,pit,RP
sa917136,Wilfredo Pereira,P,0.8597999811172485,0.02979999966919422,1.0,0.0,0.0,1.5768668189644814,STL,2021,pit,RP
sa3002823,Hayden Roberts,P,1.0,0.0,1.0,0.0,0.0,1.5814868271350861,,2021,pit,RP
sa829509,Mike Burke,P,1.0,0.0,1.0,0.0,0.0,1.5246400102972992,BAL,2021,pit,RP
sa918090,Cole Duensing,P,0.2142000049352646,0.1671999990940094,1.0,0.0,0.0,0.10645308867096892,,2021,pit,SP
sa3006413,Leony Rosario,P,0.19359999895095825,0.17159999907016754,1.0,0.0,0.0,0.066033273935318,,2021,pit,SP
sa915723,Jeremy McKinney,P,1.0,0.0,1.0,0.0,0.0,1.4933797776699071,,2021,pit,RP
sa3005407,Andy Salcido,P,1.0,0.0,1.0,0.0,0.0,1.5737797200679773,,2021,pit,RP
sa827961,Carlos Hernandez,P,1.0,0.0,1.0,0.0,0.0,1.5983667336404328,,2021,pit,RP
sa3004354,Dylan Stock,P,0.8672000169754028,0.028200000524520874,1.0,0.0,0.0,1.4133467324078084,,2021,pit,RP
sa3002986,Ricardo Silva,P,0.505299985408783,0.10530000180006027,1.0,0.0,0.0,0.7976399816572668,,2021,pit,RP
sa857543,Jeff Burke,P,1.0,0.0,1.0,0.0,0.0,1.494200195372105,,2021,pit,RP
sa3003068,Maiker Manuel,P,0.3312999904155731,0.14229999482631683,1.0,0.0,0.0,0.46121337041258803,,2021,pit,RP
25215,Yaramil Hiraldo,P,1.0,0.0,1.0,0.0,0.0,1.7649066522717476,BAL,2021,pit,RP
sa1170867,Luis Quiñones,P,0.46160000562667847,0.11460000276565552,1.0,0.0,0.0,0.9308600991964342,MIN,2021,pit,RP
sa447339,Rodolfo Aguirre,P,1.0,0.0,1.0,0.0,0.0,1.4821867115795615,,2021,pit,RP
sa856279,Kenny Oakley,P,1.0,0.0,1.0,0.0,0.0,1.550286649912596,,2021,pit,RP
sa3010649,Michael Bienlien,P,1.0,0.0,1.0,0.0,0.0,1.6340266712009908,,2021,pit,RP
sa977262,Luis De Luna,P,1.0,0.0,1.0,0.0,0.0,1.5424133509397508,,2021,pit,RP
sa829111,Yosshel Hurtado,P,1.0,0.0,1.0,0.0,0.0,1.5429334998130804,,2021,pit,RP
sa3008401,Jake Kinney,P,1.0,0.0,1.0,0.0,0.0,1.693273125588894,PHI,2021,pit,RP
sa3009726,Adrian Mendez,P,0.1754000037908554,0.1754000037908554,1.0,0.0,0.0,0.016873375326395212,,2021,pit,SP
sa3007484,Will Gardner,P,1.0,0.0,1.0,0.0,0.0,1.577666681259871,,2021,pit,RP
sa3009785,Marvin Brown,P,0.28679999709129333,0.1518000066280365,1.0,0.0,0.0,0.3798667252063752,,2021,pit,SP
sa3002975,Carlos Sanchez,P,0.1754000037908554,0.1754000037908554,1.0,0.0,0.0,-0.01460652798414186,,2021,pit,SP
sa945004,Wanderson Linares,P,0.22660000622272491,0.16459999978542328,1.0,0.0,0.0,0.1726664118468766,TBR,2021,pit,SP
sa876169,Max Cordy,P,1.0,0.0,1.0,0.0,0.0,1.6544333875179298,,2021,pit,RP
sa870202,Tony Guerra,P,1.0,0.0,1.0,0.0,0.0,1.5330465950071819,,2021,pit,RP
10341,Juan Minaya,P,6.0,0.0,6.0,0.0,0.6714000105857849,22.40374034643174,,2021,pit,RP
sa3010569,Adrian Florencio,P,0.1754000037908554,0.1754000037908554,1.0,0.0,0.0,-0.049079779535531554,,2021,pit,SP
sa918008,Mikey York,P,0.770799994468689,0.04879999905824661,1.0,0.0,0.0,1.6772134169936175,,2021,pit,RP
sa3006992,Eric Hepple,P,1.0,0.0,1.0,0.0,0.0,1.5040800824761384,COL,2021,pit,RP
sa738484,A.J. Bogucki,P,1.0,0.0,1.0,0.0,0.0,1.642940074205399,,2021,pit,RP
sa3006096,Eurys Henriquez,P,0.4277999997138977,0.121799997985363,1.0,0.0,0.0,0.8300133004784587,ARI,2021,pit,RP
sa875295,Taylor Henry,P,1.0,0.0,1.0,0.0,0.0,1.481133304536343,,2021,pit,RP
sa3005194,Mark Washington,P,1.0,0.0,1.0,0.0,0.0,1.5556064978241921,,2021,pit,RP
sa977123,Sergio Alvarado,P,1.0,0.0,1.0,0.0,0.0,1.6382998265326023,,2021,pit,RP
sa3008356,Jayson Schroeder,P,0.3197000026702881,0.14470000565052032,1.0,0.0,0.0,0.6641665160655976,,2021,pit,RP
sa1169870,Chad Sykes,P,1.0,0.0,1.0,0.0,0.0,1.4398599244654173,LAA,2021,pit,RP
sa509757,Martin Sotelo,P,1.0,0.0,1.0,0.0,0.0,1.3911266557872297,,2021,pit,RP
sa918112,Kyle Weatherly,P,1.0,0.0,1.0,0.0,0.0,1.5539068184793003,,2021,pit,RP
sa3004104,Tim Hardy,P,1.0,0.0,1.0,0.0,0.0,1.6078200601041313,NYY,2021,pit,RP
sa3006839,Tanner Howell,P,1.0,0.0,1.0,0.0,0.0,1.5684468105435379,,2021,pit,RP
sa393077,Oswaldo Martínez,P,0.9307000041007996,0.014700000174343586,1.0,0.0,0.0,1.268859811872244,,2021,pit,RP
sa3004456,Felipe Castaneda,P,0.24140000343322754,0.16140000522136688,1.0,0.0,0.0,0.24912667572498348,,2021,pit,SP
sa3003001,Francarlos Dacosta,P,0.23649999499320984,0.16249999403953552,1.0,0.0,0.0,0.11270682215690586,,2021,pit,SP
sa875566,Wesley Rodriguez,P,1.0,0.0,1.0,0.0,0.0,1.7610401391983026,ARI,2021,pit,RP
sa3008337,Chris Allen,P,0.5662999749183655,0.09229999780654907,1.0,0.0,0.0,0.8831331543624401,,2021,pit,RP
sa874233,Vance Tatum,P,1.0,0.0,1.0,0.0,0.0,1.5904199071228504,,2021,pit,RP
sa509467,Adrian Ramirez,P,1.0,0.0,1.0,0.0,0.0,1.5489134252071382,,2021,pit,RP
sa1054455,Greg Veliz,P,1.0,0.0,1.0,0.0,0.0,1.4217199414968489,,2021,pit,RP
sa3006409,Jesus Gomez,P,0.1754000037908554,0.1754000037908554,1.0,0.0,0.0,-0.018426845967769445,,2021,pit,SP
sa3004921,Spencer Kulman,P,1.0,0.0,1.0,0.0,0.0,1.6638466909527785,,2021,pit,RP
sa3006170,Rigoberto Borbolla,P,0.39559999108314514,0.12860000133514404,1.0,0.0,0.0,0.8200332395732404,,2021,pit,RP
sa873434,Moises Nova,P,1.0,0.0,1.0,0.0,0.0,1.1808533027768129,,2021,pit,RP
sa828591,Luis Mora,P,1.0,0.0,1.0,0.0,0.0,1.7771934613585478,,2021,pit,RP
24017,Jose A. Ferrer,P,0.5152000188827515,0.10320000350475311,1.0,0.0,0.0,0.6826732940971856,SEA,2021,pit,RP
sa3004474,Bryce Howe,P,1.0,0.0,1.0,0.0,0.0,1.514086751639843,,2021,pit,RP
sa3005382,Jose Frutos,P,1.0,0.0,1.0,0.0,0.0,1.4955599941313267,,2021,pit,RP
sa830158,Eumir Sepulveda,P,0.41130000352859497,0.12530000507831573,1.0,0.0,0.0,0.5357667431235313,,2021,pit,RP
sa917047,Omar Conoropo,P,0.5580000281333923,0.09399999678134918,1.0,0.0,0.0,0.43538001254200953,CIN,2021,pit,RP
sa3009234,Roger Rodriguez,P,0.3939000070095062,0.12890000641345978,1.0,0.0,0.0,0.515553277730942,,2021,pit,RP
sa3006976,Wilmer Fenelon,P,0.218299999833107,0.1662999987602234,1.0,0.0,0.0,0.1518066458404066,,2021,pit,SP
sa3010143,Jeremiah Burke,P,0.25049999356269836,0.15950000286102295,1.0,0.0,0.0,-0.024586675316095263,CHW,2021,pit,SP
sa3006111,Andrew Budier,P,0.45739999413490295,0.11540000140666962,1.0,0.0,0.0,0.7119332566857342,,2021,pit,RP
sa3006635,Rael Santos,P,0.31310001015663147,0.1460999995470047,1.0,0.0,0.0,0.615933229774237,,2021,pit,RP
sa3002678,Luis Pacheco,P,0.29339998960494995,0.15039999783039093,1.0,0.0,0.0,0.3503868207335472,,2021,pit,SP
sa3007627,Ronaldo Alesandro,P,0.5152000188827515,0.10320000350475311,1.0,0.0,0.0,0.9777133636176587,,2021,pit,RP
sa917747,Yerelmy Garcia,P,1.0,0.0,1.0,0.0,0.0,1.3872464433312417,KCR,2021,pit,RP
sa3007935,Leury Tejada,P,0.40709999203681946,0.12610000371932983,1.0,0.0,0.0,0.4624800935387614,,2021,pit,RP
sa3007854,Erik Cha,P,1.0,0.0,1.0,0.0,0.0,1.6158200621604921,,2021,pit,RP
23493,Nick Snyder,P,1.0,0.0,1.0,0.0,0.0,1.4018265970051291,,2021,pit,RP
sa921448,Wilfred Salaman,P,0.6033999919891357,0.0843999981880188,1.0,0.0,0.0,0.9882200673222545,,2021,pit,RP
sa3004365,Justin Watts,P,1.0,0.0,1.0,0.0,0.0,1.5923001356422901,,2021,pit,RP
sa3006981,Kyle Hinton,P,1.0,0.0,1.0,0.0,0.0,1.6412201315164574,,2021,pit,RP
sa3009508,Dwayne Matos,P,0.3725000023841858,0.13349999487400055,1.0,0.0,0.0,0.4379467457532886,,2021,pit,RP
sa3009617,Luis Crisostomo,P,0.23319999873638153,0.1632000058889389,1.0,0.0,0.0,0.09762666299939138,,2021,pit,SP
sa917979,Yeffersson Yannuzzi,P,0.4846000075340271,0.1096000000834465,1.0,0.0,0.0,0.8162730865180494,,2021,pit,RP
sa917688,Christian Fernandez,P,0.19030000269412994,0.17229999601840973,1.0,0.0,0.0,0.456166535615921,,2021,pit,SP
sa918291,John Pomeroy,P,1.0,0.0,1.0,0.0,0.0,1.5977466642856601,,2021,pit,RP
sa3009782,Johan Otanez,P,0.21089999377727509,0.1678999960422516,1.0,0.0,0.0,0.02044015824794787,WSN,2021,pit,SP
sa3003157,Wilser Barrios,P,1.0,0.0,1.0,0.0,0.0,1.4987730950117109,,2021,pit,RP
sa3005706,Daury Cabrera,P,0.2777000069618225,0.15369999408721924,1.0,0.0,0.0,0.2515866458415985,,2021,pit,SP
sa3008175,Normand Mendoza,P,1.0,0.0,1.0,0.0,0.0,1.52512646317482,,2021,pit,RP
sa738180,Hever Bueno,P,1.0,0.0,1.0,0.0,0.0,1.457933481037617,,2021,pit,RP
sa3009744,Jeffry Reynoso,P,0.25049999356269836,0.15950000286102295,1.0,0.0,0.0,0.1814866602420806,,2021,pit,SP
sa3007458,Liam Jenkins,P,0.218299999833107,0.1662999987602234,1.0,0.0,0.0,0.2007399708032609,,2021,pit,SP
sa873321,Cesar Rosado,P,1.0,0.0,1.0,0.0,0.0,1.8070798613131052,,2021,pit,RP
sa3009714,Luis Lopez,P,0.31310001015663147,0.1460999995470047,1.0,0.0,0.0,0.2901265747845172,,2021,pit,RP
sa829599,Hunter Williams,P,1.0,0.0,1.0,0.0,0.0,1.6101465485990052,COL,2021,pit,RP
sa873188,Robinson Martínez,P,1.0,0.0,1.0,0.0,0.0,1.514166885614395,NYM,2021,pit,RP
sa3009210,Claudio Ochoa,P,0.20180000364780426,0.16979999840259552,1.0,0.0,0.0,0.041506695747375755,,2021,pit,SP
sa508091,Alfonso Sanchez,P,0.7972000241279602,0.04320000112056732,1.0,0.0,0.0,1.1332133866846563,,2021,pit,RP
sa3007910,Connor Coward,P,1.0,0.0,1.0,0.0,0.0,1.525533218681812,,2021,pit,RP
sa828241,Nelson Leon,P,1.0,0.0,1.0,0.0,0.0,1.4929399356245998,,2021,pit,RP
sa3008066,Mark Potter,P,1.0,0.0,1.0,0.0,0.0,1.3941466249525551,,2021,pit,RP
sa3006984,Mike LoPresti,P,1.0,0.0,1.0,0.0,0.0,1.350339821726084,,2021,pit,RP
sa3005285,Karlos Morales,P,0.2825999855995178,0.1526000052690506,1.0,0.0,0.0,0.31427340433001527,,2021,pit,SP
17485,Albert Abreu,P,3.0,0.0,3.0,0.0,0.6644999980926514,11.446659898757936,,2021,pit,RP
sa3004988,Dalton Higgins,P,1.0,0.0,1.0,0.0,0.0,1.3831800051033496,,2021,pit,RP
26255,Caleb Freeman,P,1.0,0.0,1.0,0.0,0.0,1.445259881019592,,2021,pit,RP
sa3007603,Abel Moya,P,0.3815999925136566,0.1316000074148178,1.0,0.0,0.0,0.45783321186900183,,2021,pit,RP
sa3005247,Humberto Montiel,P,1.0,0.0,1.0,0.0,0.0,1.4552801124751573,,2021,pit,RP
sa914411,Alberto Leyva,P,1.0,0.0,1.0,0.0,0.0,1.461213324218988,,2021,pit,RP
sa873708,David Ellingson,P,1.0,0.0,1.0,0.0,0.0,1.783293221890927,,2021,pit,RP
sa828546,Junior Gonzalez,P,0.3725000023841858,0.13349999487400055,1.0,0.0,0.0,0.4016268216073513,STL,2021,pit,RP
sa3007714,Nick Sprengel,P,1.0,0.0,1.0,0.0,0.0,1.846233289688826,,2021,pit,RP
sa3003109,Luis Romero,P,22.0,0.0,22.0,0.0,0.5950000286102295,81.24595041275026,,2021,pit,RP
sa3006358,Ivan Armstrong,P,0.31310001015663147,0.1460999995470047,1.0,0.0,0.0,0.7759666107594971,,2021,pit,RP
sa3006767,Ethan Larrison,P,1.0,0.0,1.0,0.0,0.0,1.510933201760054,,2021,pit,RP
sa3004489,Marcus Reyes,P,1.0,0.0,1.0,0.0,0.0,1.4390334442257884,,2021,pit,RP
sa918612,Mike Morrison,P,1.0,0.0,1.0,0.0,0.0,1.560126715153456,,2021,pit,RP
sa3006384,Adolfo Bauza,P,0.1754000037908554,0.1754000037908554,1.0,0.0,0.0,-0.049013298749923884,,2021,pit,SP
sa3004105,Tyler Day,P,1.0,0.0,1.0,0.0,0.0,1.5063536241650586,,2021,pit,RP
sa3010627,Sam Ryan,P,0.23319999873638153,0.1632000058889389,1.0,0.0,0.0,0.08048017024993914,MIN,2021,pit,SP
sa3009495,Luis Florentino,P,0.31310001015663147,0.1460999995470047,1.0,0.0,0.0,0.3274201676249504,,2021,pit,RP
20546,Grant Anderson,P,1.0,0.0,1.0,0.0,0.0,1.290073154866696,MIL,2021,pit,RP
sa856277,Levi MaVorhis,P,0.8210999965667725,0.038100000470876694,1.0,0.0,0.0,1.1635199815034873,,2021,pit,RP
sa946165,Christian Mejias,P,0.5094000101089478,0.10440000146627426,1.0,0.0,0.0,0.9301400490105154,,2021,pit,RP
sa3004873,Livan Sanchez,P,0.44999998807907104,0.11699999868869781,1.0,0.0,0.0,0.662540084123612,,2021,pit,RP
24363,Edgar Navarro,P,0.7336999773979187,0.056699998676776886,1.0,0.0,0.0,0.9444201722741128,,2021,pit,RP
sa3005824,Jairo Lopez,P,0.4311000108718872,0.12110000103712082,1.0,0.0,0.0,0.8099197566509244,,2021,pit,RP
sa3004826,Brian Glowicki,P,1.0,0.0,1.0,0.0,0.0,1.4720932550728327,,2021,pit,RP
sa3010624,Jared DiCesare,P,0.40299999713897705,0.12700000405311584,1.0,0.0,0.0,0.5356133706867694,,2021,pit,RP
sa3007940,Blake Bennett,P,1.0,0.0,1.0,0.0,0.0,1.4500600613653658,,2021,pit,RP
sa3009459,Fernando Ortega,P,0.1754000037908554,0.1754000037908554,1.0,0.0,0.0,-0.10623991638422003,,2021,pit,SP
sa873328,Gregori Vasquez,P,0.3758000135421753,0.13279999792575836,1.0,0.0,0.0,0.5448999121785167,,2021,pit,RP
sa914287,Carlos Pech,P,1.0,0.0,1.0,0.0,0.0,1.4876799233257767,,2021,pit,RP
sa3010124,Florencio Serrano,P,0.30160000920295715,0.1485999971628189,1.0,0.0,0.0,0.14947336539626122,,2021,pit,RP
sa917190,Wilfry Cruz,P,0.49619999527931213,0.10719999670982361,1.0,0.0,0.0,0.7674067415297032,,2021,pit,RP
sa836384,Jose Moreno,P,0.9661999940872192,0.007199999876320362,1.0,0.0,0.0,1.553139747679233,,2021,pit,RP
sa599414,Elroy Urbina,P,1.0,0.0,1.0,0.0,0.0,1.5080132707953453,ARI,2021,pit,RP
20666,Félix Bautista,P,1.0,0.0,1.0,0.0,0.0,1.0106998555362225,BAL,2021,pit,RP
sa3006696,Trey Turner,P,1.0,0.0,1.0,0.0,0.0,1.4438733249902724,,2021,pit,RP
sa881080,Juan Lopez,P,1.0,0.0,1.0,0.0,0.0,1.4695400342345235,HOU,2021,pit,RP
sa3004092,Max Green,P,1.0,0.0,1.0,0.0,0.0,1.5035399548709392,,2021,pit,RP
sa738700,Andy Ravel,P,0.8878999948501587,0.023900000378489494,1.0,0.0,0.0,1.3218000784516337,,2021,pit,RP
sa918673,Andrew Deramo,P,0.852400004863739,0.03139999881386757,1.0,0.0,0.0,1.2711864195764067,,2021,pit,RP
sa683316,Luis Pino,P,0.6676999926567078,0.07069999724626541,1.0,0.0,0.0,0.9743000268936162,,2021,pit,RP
25645,Declan Cronin,P,1.0,0.0,1.0,0.0,0.0,1.297246640175581,TEX,2021,pit,RP
sa509419,Luis Angel Daniel,P,1.0,0.0,1.0,0.0,0.0,1.372366636246443,,2021,pit,RP
sa918579,Colton Davis,P,1.0,0.0,1.0,0.0,0.0,1.6683266073465348,,2021,pit,RP
sa873950,Cory Malcom,P,1.0,0.0,1.0,0.0,0.0,1.5333664290606976,STL,2021,pit,RP
sa3008695,Jean Marcelino,P,0.439300000667572,0.1193000003695488,1.0,0.0,0.0,0.7720597594976426,,2021,pit,RP
sa3005691,Anthony Escobar,P,0.29339998960494995,0.15039999783039093,1.0,0.0,0.0,0.3822535090148449,,2021,pit,SP
sa3008693,Maycold Leon,P,0.34940001368522644,0.13840000331401825,1.0,0.0,0.0,0.469080121815205,,2021,pit,RP
sa3009717,Ronald Pereira,P,0.41130000352859497,0.12530000507831573,1.0,0.0,0.0,-0.27946002632379496,,2021,pit,RP
sa733608,Nicolas Heredia,P,1.0,0.0,1.0,0.0,0.0,1.4616065055131906,,2021,pit,RP
24203,Luis Peralta,P,0.34940001368522644,0.13840000331401825,1.0,0.0,0.0,0.4901265040040017,COL,2021,pit,RP
sa3010793,Yostin Villalobos,P,0.2669999897480011,0.15600000321865082,1.0,0.0,0.0,0.11788003891706467,,2021,pit,SP
sa3006950,Yaya Chentouf,P,1.0,0.0,1.0,0.0,0.0,1.3789665080606945,,2021,pit,RP
sa3006811,Chris Muller,P,0.882099986076355,0.025100000202655792,1.0,0.0,0.0,1.8213800795376303,,2021,pit,RP
sa3005810,Jeffry Abreu,P,0.41130000352859497,0.12530000507831573,1.0,0.0,0.0,0.5043865375220777,,2021,pit,RP
sa3005711,Anderson Mercedes,P,0.39149999618530273,0.12950000166893005,1.0,0.0,0.0,0.5151667408645153,,2021,pit,RP
sa829379,Jaimito Lebron,P,0.8945000171661377,0.02250000089406967,1.0,0.0,0.0,1.3559201508760452,,2021,pit,RP
sa920187,Garrett Kelly,P,1.0,0.0,1.0,0.0,0.0,1.5899733409285552,,2021,pit,RP
sa3002688,Wilberson Liendo,P,0.31310001015663147,0.1460999995470047,1.0,0.0,0.0,0.34113977998495093,PHI,2021,pit,RP
sa505523,Javier Reynoso,P,1.0,0.0,1.0,0.0,0.0,1.465766617655754,KCR,2021,pit,RP
sa918461,Pearson McMahan,P,1.0,0.0,1.0,0.0,0.0,1.2308132596313954,,2021,pit,RP
sa3005217,Brandon Withers,P,1.0,0.0,1.0,0.0,0.0,1.7168267436325553,,2021,pit,RP
sa3004336,Kyle Thomas,P,0.5737000107765198,0.09070000052452087,1.0,0.0,0.0,0.7309066407382492,,2021,pit,RP
sa3009629,Hancel Rincon,P,0.29170000553131104,0.15070000290870667,1.0,0.0,0.0,0.46014677956700334,STL,2021,pit,SP
sa740812,Luis Ledo,P,1.0,0.0,1.0,0.0,0.0,1.377173122763634,,2021,pit,RP
13133,Derek Law,P,28.0,0.0,28.0,0.0,0.6714000105857849,99.24482810497288,ARI,2021,pit,RP
sa877827,Miguel Aguilar,P,1.0,0.0,1.0,0.0,0.0,0.9447534024715423,,2021,pit,RP
sa3011216,Cole Gordon,P,1.0,0.0,1.0,0.0,0.0,1.7877131640911106,,2021,pit,RP
sa3003018,Geremy Galindez,P,1.0,0.0,1.0,0.0,0.0,1.5276398696005349,,2021,pit,RP
sa3006817,Julio Robaina,P,0.8021000027656555,0.042100001126527786,1.0,0.0,0.0,1.4154932908713818,,2021,pit,RP
7836,Hunter Strickland,P,3.0,0.0,3.0,0.0,0.6273999810218811,12.171699872612955,LAA,2021,pit,RP
sa1170342,Jack Cushing,P,0.29580000042915344,0.14980000257492065,1.0,0.0,0.0,0.5512800596654417,TOR,2021,pit,SP
sa3005359,Brendan Nail,P,1.0,0.0,1.0,0.0,0.0,1.592473163455725,,2021,pit,RP
sa597044,Gabriel Castellanos,P,1.0,0.0,1.0,0.0,0.0,1.4483532473444942,,2021,pit,RP
sa3010318,Peyton Long,P,0.41130000352859497,0.12530000507831573,1.0,0.0,0.0,0.49115330055356043,,2021,pit,RP
sa3004117,Brandon Marsonek,P,0.8219000101089478,0.03790000081062317,1.0,0.0,0.0,1.2451666951179505,,2021,pit,RP
sa919826,Edgar Martinez,P,0.41130000352859497,0.12530000507831573,1.0,0.0,0.0,0.3590065926313404,ARI,2021,pit,RP
20667,Cristofer Ogando,P,1.0,0.0,1.0,0.0,0.0,1.9159866921603674,,2021,pit,RP
24453,Justin Martinez,P,0.3222000002861023,0.14419999718666077,1.0,0.0,0.0,0.5547465480864049,ARI,2021,pit,RP
sa3009622,Railin Perez,P,0.3312999904155731,0.14229999482631683,1.0,0.0,0.0,0.318206771463156,HOU,2021,pit,RP
sa3009519,Carlos Peña,P,0.4681999981403351,0.11320000141859055,1.0,0.0,0.0,0.7012867651879793,DET,2021,pit,RP
sa3006372,Edwin Rojas,P,0.2223999947309494,0.16539999842643738,1.0,0.0,0.0,-0.0011733740568162787,,2021,pit,SP
sa824739,Francisco Moreno,P,0.6636000275611877,0.07159999758005142,1.0,0.0,0.0,0.8615401573479176,,2021,pit,RP
sa856184,Gabe Friese,P,1.0,0.0,1.0,0.0,0.0,1.3222535230219372,,2021,pit,RP
sa3004591,Brody Rodning,P,1.0,0.0,1.0,0.0,0.0,1.4562932267785076,,2021,pit,RP
sa3008554,Rafael Martinez,P,0.31310001015663147,0.1460999995470047,1.0,0.0,0.0,0.2543332345783713,,2021,pit,RP
sa3003070,Alejandro Chavez,P,0.2603999972343445,0.1573999971151352,1.0,0.0,0.0,0.12151330336928368,,2021,pit,SP
sa3008048,Andy McGuire,P,1.0,0.0,1.0,0.0,0.0,1.297326820343733,,2021,pit,RP
sa874249,Jonathan Guzman,P,1.0,0.0,1.0,0.0,0.0,1.488760030269623,,2021,pit,RP
sa3005441,Jorge Remon,P,0.2603999972343445,0.1573999971151352,1.0,0.0,0.0,0.1790400423109535,,2021,pit,SP
sa830623,Oscar Marcelino,P,1.0,0.0,1.0,0.0,0.0,1.4590332709252833,,2021,pit,RP
sa3003007,Adan Frias,P,0.25049999356269836,0.15950000286102295,1.0,0.0,0.0,0.19736653938889503,,2021,pit,SP
sa917483,Joan Martinez,P,1.0,0.0,1.0,0.0,0.0,1.5832002259790898,,2021,pit,RP
sa3006838,Ted Cillis,P,1.0,0.0,1.0,0.0,0.0,1.361453191936016,KCR,2021,pit,RP
sa3006979,Alex DuBord,P,0.44510000944137573,0.11810000240802765,1.0,0.0,0.0,0.5314267307519915,,2021,pit,RP
sa3003164,Matthew Peguero,P,0.1754000037908554,0.1754000037908554,1.0,0.0,0.0,0.25476689487695703,,2021,pit,SP
sa3004796,Jamal Wade,P,1.0,0.0,1.0,0.0,0.0,1.4777734711766248,SEA,2021,pit,RP
sa877674,Kelvin Rodriguez,P,1.0,0.0,1.0,0.0,0.0,1.4952398389577866,,2021,pit,RP
sa3005885,Juan Geraldo,P,0.5877000093460083,0.0877000018954277,1.0,0.0,0.0,0.8480065979063509,MIL,2021,pit,RP
sa917126,Elkin Alcala,P,1.0,0.0,1.0,0.0,0.0,1.3730998769402505,,2021,pit,RP
sa3006375,Alexis Carmona,P,0.263700008392334,0.156700000166893,1.0,0.0,0.0,0.07258685752749461,,2021,pit,SP
sa827956,Luis Rosario,P,0.7419000267982483,0.05490000173449516,1.0,0.0,0.0,0.9977466277778153,,2021,pit,RP
sa545115,Benjamin Sandoval,P,0.8747000098228455,0.02669999934732914,1.0,0.0,0.0,1.1745132826268678,,2021,pit,RP
sa873332,Manuel Dominguez,P,0.6248000264167786,0.07980000227689743,1.0,0.0,0.0,0.7604201547801499,,2021,pit,RP
sa918454,Tyler Fallwell,P,1.0,0.0,1.0,0.0,0.0,1.3941665261983878,PHI,2021,pit,RP
sa878100,Ryan Koziol,P,1.0,0.0,1.0,0.0,0.0,1.3334263578057288,,2021,pit,RP
sa3004670,Bryar Johnson,P,0.3312999904155731,0.14229999482631683,1.0,0.0,0.0,0.3255134016275405,KCR,2021,pit,RP
sa3007620,Michael Costanzo,P,0.8300999999046326,0.03610000014305115,1.0,0.0,0.0,1.5857268586754794,,2021,pit,RP
sa920544,Kelvin Gonzalez,P,1.0,0.0,1.0,0.0,0.0,1.339379785209894,,2021,pit,RP
sa918421,Dakody Clemmer,P,1.0,0.0,1.0,0.0,0.0,1.4701467782258995,,2021,pit,RP
sa751022,Jeferson Mejia,P,1.0,0.0,1.0,0.0,0.0,1.4820731155574323,,2021,pit,RP
13696,Robert Gsellman,P,34.0,0.0,34.0,0.0,0.7057999968528748,121.16893453598024,,2021,pit,RP
21924,Juan Morillo,P,0.6255999803543091,0.07959999889135361,1.0,0.0,0.0,0.9062398530542852,ARI,2021,pit,RP
21858,Riley Pint,P,0.6248000264167786,0.07980000227689743,1.0,0.0,0.0,0.2108733355998993,SDP,2021,pit,RP
21662,Elvis Alvarado,P,0.5094000101089478,0.10440000146627426,1.0,0.0,0.0,0.9919866561889652,OAK,2021,pit,RP
sa873548,Miguel Lara,P,0.6561999917030334,0.07320000231266022,1.0,0.0,0.0,1.373960193246603,TBR,2021,pit,RP
sa3006570,Miguel Rodriguez,P,0.2892000079154968,0.15119999647140503,1.0,0.0,0.0,0.32328657731413823,,2021,pit,SP
24681,Kelvin Cáceres,P,0.2727000117301941,0.15469999611377716,1.0,0.0,0.0,-0.048386695235967725,,2021,pit,SP
sa3006411,Carlos Mola,P,0.34450000524520874,0.13950000703334808,1.0,0.0,0.0,0.10650025457143775,,2021,pit,RP
sa873154,Jose Alejandro,P,1.0,0.0,1.0,0.0,0.0,1.4435199804604055,,2021,pit,RP
sa914044,Rogelio Bernal,P,1.0,0.0,1.0,0.0,0.0,1.332660280168057,,2021,pit,RP
sa3007903,Rainiery Rodriguez,P,0.41130000352859497,0.12530000507831573,1.0,0.0,0.0,0.5094067513942724,,2021,pit,RP
sa977187,Refugio Marin,P,1.0,0.0,1.0,0.0,0.0,1.320713349431753,,2021,pit,RP
sa918741,Matt De La Rosa,P,1.0,0.0,1.0,0.0,0.0,0.9003401108086106,,2021,pit,RP
sa3006585,Hendry Nunez,P,0.34450000524520874,0.13950000703334808,1.0,0.0,0.0,0.33492659851908657,,2021,pit,RP
sa918152,Pete Bayer,P,1.0,0.0,1.0,0.0,0.0,1.510399971902371,,2021,pit,RP
sa3004991,Mitch Stophel,P,1.0,0.0,1.0,0.0,0.0,1.3990133471786979,,2021,pit,RP
sa3007242,Jake Miednik,P,1.0,0.0,1.0,0.0,0.0,1.500959981232882,,2021,pit,RP
22543,Taj Bradley,P,0.19030000269412994,0.17229999601840973,1.0,0.0,0.0,0.31383323371410343,MIN,2021,pit,SP
sa3009232,Jhonny Duran,P,0.29580000042915344,0.14980000257492065,1.0,0.0,0.0,0.1285001218318942,,2021,pit,SP
sa3007863,Gustavo Andujar,P,0.1754000037908554,0.1754000037908554,1.0,0.0,0.0,0.17262644991278675,,2021,pit,SP
sa3005437,Jhosmer Alvarez,P,0.5414999723434448,0.09749999642372131,1.0,0.0,0.0,0.838006700575352,,2021,pit,RP
sa3008668,Kyle Marman,P,1.0,0.0,1.0,0.0,0.0,1.5527335338294503,,2021,pit,RP
sa875302,Andrew Tomasovich,P,1.0,0.0,1.0,0.0,0.0,1.8344397783279418,OAK,2021,pit,RP
sa735885,Oswaldo Castillo,P,1.0,0.0,1.0,0.0,0.0,1.4373599171638491,,2021,pit,RP
sa3004716,Danny Hrbek,P,1.0,0.0,1.0,0.0,0.0,1.4015133984386918,,2021,pit,RP
sa856181,Max Knutson,P,1.0,0.0,1.0,0.0,0.0,0.9241333290934564,,2021,pit,RP
sa1171936,Pedro Santos,P,0.23479999601840973,0.16279999911785126,1.0,0.0,0.0,0.3887533396482472,,2021,pit,SP
sa738733,Alec Byrd,P,1.0,0.0,1.0,0.0,0.0,1.3878000259399412,CIN,2021,pit,RP
sa3005881,Freddery Paulino,P,0.34940001368522644,0.13840000331401825,1.0,0.0,0.0,0.6587666496634483,,2021,pit,RP
sa3006110,Jeremy Molero,P,0.2825999855995178,0.1526000052690506,1.0,0.0,0.0,0.4170398436486722,,2021,pit,SP
sa3009207,Wilton Perez,P,0.20020000636577606,0.17020000517368317,1.0,0.0,0.0,0.10015329420566532,,2021,pit,SP
sa3007600,Donny Breek,P,0.24060000479221344,0.1615999937057495,1.0,0.0,0.0,0.17013321518898028,,2021,pit,SP
sa3005841,Luilly Ovalle,P,0.35600000619888306,0.13699999451637268,1.0,0.0,0.0,0.3632667034864423,,2021,pit,RP
sa919545,Aron McRee,P,1.0,0.0,1.0,0.0,0.0,1.2934199437499045,,2021,pit,RP
sa913053,Andrew Gist,P,1.0,0.0,1.0,0.0,0.0,1.3198933050036432,,2021,pit,RP
sa3005071,Dakota Bennett,P,0.5414999723434448,0.09749999642372131,1.0,0.0,0.0,0.6373400785028935,,2021,pit,RP
sa3004825,Jim Voyles,P,1.0,0.0,1.0,0.0,0.0,1.310213045030833,,2021,pit,RP
sa3007959,Durbin Feltman,P,6.0,0.0,6.0,0.0,0.6876999735832214,21.41943989992142,OAK,2021,pit,RP
21951,Joel Peguero,P,1.0,0.0,1.0,0.0,0.0,1.7364264562726022,SFG,2021,pit,RP
sa944733,Mario Jimenez,P,0.920799970626831,0.01679999940097332,1.0,0.0,0.0,1.1978399097919463,,2021,pit,RP
sa919027,Joel Inoa,P,1.0,0.0,1.0,0.0,0.0,1.316040166467428,,2021,pit,RP
sa3006694,Wen-Hua Sung,P,1.0,0.0,1.0,0.0,0.0,1.4853400051593786,,2021,pit,RP
sa828835,Ismael Cabrera,P,1.0,0.0,1.0,0.0,0.0,1.3796332694590094,,2021,pit,RP
sa3009490,Andres Castro,P,0.19030000269412994,0.17229999601840973,1.0,0.0,0.0,-0.19061329513788206,,2021,pit,SP
sa917885,Alfredo Silva,P,0.3815999925136566,0.1316000074148178,1.0,0.0,0.0,0.5097866222262386,,2021,pit,RP
sa919537,Kai-Wei Lin,P,1.0,0.0,1.0,0.0,0.0,1.5397200085222718,,2021,pit,RP
sa829767,Mayky Perez,P,1.0,0.0,1.0,0.0,0.0,1.5308067776262764,,2021,pit,RP
sa3004601,David Smith,P,1.0,0.0,1.0,0.0,0.0,1.299166774749756,,2021,pit,RP
sa3002596,Daniel De La Fuente,P,0.31310001015663147,0.1460999995470047,1.0,0.0,0.0,0.17454646378755578,,2021,pit,RP
sa828795,Austin DeCarr,P,1.0,0.0,1.0,0.0,0.0,1.3948264710605147,,2021,pit,RP
sa3006141,Jordi Martinez,P,0.5414999723434448,0.09749999642372131,1.0,0.0,0.0,0.5686133287847044,,2021,pit,RP
sa3005443,Mario Garcia,P,0.61080002784729,0.0828000009059906,1.0,0.0,0.0,0.7018136657774448,,2021,pit,RP
25589,Sammy Peralta,P,0.6033999919891357,0.0843999981880188,1.0,0.0,0.0,0.7096600979566574,MIL,2021,pit,RP
sa3007809,Theo McDowell,P,0.2784999907016754,0.1535000056028366,1.0,0.0,0.0,-0.01465325132012385,,2021,pit,SP
sa3006072,Dionicio Jimenez,P,0.19359999895095825,0.17159999907016754,1.0,0.0,0.0,-0.3126398690044878,,2021,pit,SP
5224,Blake Parker,P,20.0,0.0,20.0,0.0,0.6784999966621399,73.59404482841491,,2021,pit,RP
sa3002992,Rovaldis Cabrera,P,0.5877000093460083,0.0877000018954277,1.0,0.0,0.0,0.8090935185551644,,2021,pit,RP
sa917882,Oddanier Mosqueda,P,1.0,0.0,1.0,0.0,0.0,1.4667331986129284,PIT,2021,pit,RP
sa3009750,Yonael Dominguez,P,0.2784999907016754,0.1535000056028366,1.0,0.0,0.0,0.3445934019982819,,2021,pit,SP
sa3009600,Jheyson Perez,P,0.6223999857902527,0.0803999975323677,1.0,0.0,0.0,0.9471133060753347,,2021,pit,RP
sa829061,Marvin Gorgas,P,1.0,0.0,1.0,0.0,0.0,1.366513314843178,SEA,2021,pit,RP
sa917886,Yunior Perez,P,0.505299985408783,0.10530000180006027,1.0,0.0,0.0,0.6515533894300463,,2021,pit,RP
sa3002925,Franklin Dacosta,P,0.31310001015663147,0.1460999995470047,1.0,0.0,0.0,0.6795933611691001,,2021,pit,RP
sa3007494,Victor Cavalieri,P,1.0,0.0,1.0,0.0,0.0,1.3969334997236724,,2021,pit,RP
sa3006131,Yonson Guerrero,P,0.35850000381469727,0.13650000095367432,1.0,0.0,0.0,0.2187465488910676,,2021,pit,RP
sa828600,Juan Nunez,P,1.0,0.0,1.0,0.0,0.0,1.356733387708664,,2021,pit,RP
sa3004017,Abraham Almonte,P,1.0,0.0,1.0,0.0,0.0,1.3670135498046876,,2021,pit,RP
sa3010800,Edwin Jimenez,P,0.25049999356269836,0.15950000286102295,1.0,0.0,0.0,-0.011533296853303732,MIL,2021,pit,SP
sa829287,Devon Fisher,P/C,1.0,0.0,1.0,0.0,0.0,1.3755197137594224,,2021,pit,RP
sa3009789,Ronni Montero,P,0.3312999904155731,0.14229999482631683,1.0,0.0,0.0,0.18379328027367592,,2021,pit,RP
sa918319,Ruben Garcia,P,1.0,0.0,1.0,0.0,0.0,1.4405132710933688,,2021,pit,RP
sa3005258,Junior Mieses,P,0.3799000084400177,0.13189999759197235,1.0,0.0,0.0,0.5794999465346335,,2021,pit,RP
sa3008684,Carlos Telleria,P,0.31310001015663147,0.1460999995470047,1.0,0.0,0.0,0.3427399739623067,ARI,2021,pit,RP
sa3009937,Willy Gaston,P,0.375,0.13300000131130219,1.0,0.0,0.0,0.3394265718758107,,2021,pit,RP
sa3006415,Michael Martinez,P,0.40049999952316284,0.1274999976158142,1.0,0.0,0.0,0.3575533121824268,,2021,pit,RP
sa3008456,Stalyn Sanchez,P,0.44920000433921814,0.11720000207424164,1.0,0.0,0.0,-0.45525341331958735,,2021,pit,RP
sa3002909,Pedro Espinola,P,1.0,0.0,1.0,0.0,0.0,1.4255733489990234,,2021,pit,RP
sa3002779,J.B. Olson,P,1.0,0.0,1.0,0.0,0.0,1.1240067787468435,,2021,pit,RP
sa918739,Johnny Morell,P,0.23649999499320984,0.16249999403953552,1.0,0.0,0.0,-0.07188647910952595,LAA,2021,pit,SP
sa3008390,Dario Peralta,P,0.2784999907016754,0.1535000056028366,1.0,0.0,0.0,0.03201354891061792,,2021,pit,SP
sa917337,Luis Pasen,P,1.0,0.0,1.0,0.0,0.0,1.3187800772488116,LAD,2021,pit,RP
sa3006558,Edinso Aleman,P,0.29829999804496765,0.1492999941110611,1.0,0.0,0.0,0.10091344714164752,,2021,pit,SP
sa3007258,Kellen Rholl,P,1.0,0.0,1.0,0.0,0.0,1.5492333754897123,,2021,pit,RP
sa3004668,Josh Keaton,P,1.0,0.0,1.0,0.0,0.0,0.7738997876644138,,2021,pit,RP
sa3009510,Yoldi Pimentel,P,0.33709999918937683,0.14110000431537628,1.0,0.0,0.0,0.21735993400216103,,2021,pit,RP
sa3002926,Marco Jimenez,P,0.23649999499320984,0.16249999403953552,1.0,0.0,0.0,-0.019106577336788444,DET,2021,pit,SP
sa3002789,Ricardo Hernandez,P,1.0,0.0,1.0,0.0,0.0,1.2984599754214283,,2021,pit,RP
sa3004924,Jake Steffens,P,1.0,0.0,1.0,0.0,0.0,1.226633451879025,,2021,pit,RP
sa3002590,Jesus Alcantar,P,1.0,0.0,1.0,0.0,0.0,1.2259067818522458,,2021,pit,RP
sa3005070,Brayan De Paula,P,0.539900004863739,0.09790000319480896,1.0,0.0,0.0,0.7911799237132073,,2021,pit,RP
sa3005953,Junior J. Guzman,P,0.2578999996185303,0.15790000557899475,1.0,0.0,0.0,-0.03817325979471198,TOR,2021,pit,SP
sa3004600,Kory Behenna,P,1.0,0.0,1.0,0.0,0.0,1.3571931824088095,,2021,pit,RP
sa3010368,Jeremy Randolph,P,0.5580000281333923,0.09399999678134918,1.0,0.0,0.0,0.654846481233835,STL,2021,pit,RP
sa872457,Mailon Arroyo,P/3B,1.0,0.0,1.0,0.0,0.0,1.5151868149638181,,2021,pit,RP
sa3009851,Wander Guante,P,0.35600000619888306,0.13699999451637268,1.0,0.0,0.0,0.1570131935179231,,2021,pit,RP
sa829580,Kida De La Cruz,P,1.0,0.0,1.0,0.0,0.0,1.4567666120827196,,2021,pit,RP
sa917404,Cristian Castro,P,0.29989999532699585,0.14890000224113464,1.0,0.0,0.0,0.2380199022591114,MIN,2021,pit,RP
sa3009935,Stephen Jones,P,1.0,0.0,1.0,0.0,0.0,0.4196801692247396,MIA,2021,pit,RP
sa3004337,Alex Mauricio,P,1.0,0.0,1.0,0.0,0.0,1.2152733892202372,NYY,2021,pit,RP
sa657700,Anfernee Benitez,P,0.8812999725341797,0.025299999862909317,1.0,0.0,0.0,1.2334534369409087,,2021,pit,RP
sa915604,James Ziemba,P,1.0,0.0,1.0,0.0,0.0,1.2111532971262937,,2021,pit,RP
sa3008571,Fernando Olguin,P,0.4846000075340271,0.1096000000834465,1.0,0.0,0.0,0.5369268007576466,,2021,pit,RP
sa3004596,Jared Finkel,P,1.0,0.0,1.0,0.0,0.0,1.1885001935064796,,2021,pit,RP
sa872728,Nick Highberger,P,1.0,0.0,1.0,0.0,0.0,1.5334335356950763,,2021,pit,RP
sa3003032,Brayan Salaya,P,0.4311000108718872,0.12110000103712082,1.0,0.0,0.0,0.3741934016346935,MIL,2021,pit,RP
sa3006405,Enmanuel Almonte,P,0.31310001015663147,0.1460999995470047,1.0,0.0,0.0,0.45016675144433993,,2021,pit,RP
sa3009247,Julio Goff,P,0.3799000084400177,0.13189999759197235,1.0,0.0,0.0,0.08230656757950783,,2021,pit,RP
sa3004746,Connor Ryan,P,1.0,0.0,1.0,0.0,0.0,1.2552333466708667,CIN,2021,pit,RP
sa918422,Yelin Rodriguez,P,1.0,0.0,1.0,0.0,0.0,1.3364066667854786,,2021,pit,RP
sa3009998,Dan Goggin,P,0.6413000226020813,0.0763000026345253,1.0,0.0,0.0,1.0869532845914365,,2021,pit,RP
sa918342,Nick Jobst,P,1.0,0.0,1.0,0.0,0.0,1.2582535818219185,,2021,pit,RP
sa873152,Fabian Blanco,P,1.0,0.0,1.0,0.0,0.0,1.5709865853190421,,2021,pit,RP
sa3007217,Daniel James,P,1.0,0.0,1.0,0.0,0.0,1.349766501784325,KCR,2021,pit,RP
sa3009624,Johnfi Liquet,P,0.4153999984264374,0.12439999729394913,1.0,0.0,0.0,0.38864651694893837,KCR,2021,pit,RP
sa3006483,Bryan Peña,P,0.5662999749183655,0.09229999780654907,1.0,0.0,0.0,0.45877334177494067,,2021,pit,RP
19244,Cole Irvin,P,33.2400016784668,3.240000009536743,48.4901008605957,0.0,0.5950000286102295,156.4448318243027,LAD,2021,pit,RP
sa3008681,Jose Mercedes,P,0.24310000240802765,0.16110000014305115,1.0,0.0,0.0,-0.10550672486424428,,2021,pit,SP
sa3006620,Abrahan Hiraldo,P,0.31310001015663147,0.1460999995470047,1.0,0.0,0.0,0.14965332150459298,,2021,pit,RP
sa3005340,Nathan Witt,P,0.8169000148773193,0.03889999911189079,1.0,0.0,0.0,1.4256334133446216,,2021,pit,RP
26952,Anthony Molina,P,0.2825999855995178,0.1526000052690506,1.0,0.0,0.0,0.37281332090497,ATL,2021,pit,SP
sa3007739,Wes Noble,P,0.44999998807907104,0.11699999868869781,1.0,0.0,0.0,0.39342672154307357,,2021,pit,RP
sa3004224,Slater Lee,P,1.0,0.0,1.0,0.0,0.0,1.5543266162276268,,2021,pit,RP
sa3003075,Wender Oberto,P,0.3659000098705292,0.13490000367164612,1.0,0.0,0.0,0.3043332740664484,,2021,pit,RP
sa3002978,Ferrol Heredia,P,0.3287999927997589,0.1428000032901764,1.0,0.0,0.0,0.20852006077766427,,2021,pit,RP
sa871767,Jose Vasquez,P,1.0,0.0,1.0,0.0,0.0,1.237180112302303,,2021,pit,RP
sa3007964,Riley McCauley,P,1.0,0.0,1.0,0.0,0.0,1.4637399248778817,,2021,pit,RP
sa3008133,Jordan Scott,P,0.8442000150680542,0.03319999948143959,1.0,0.0,0.0,1.0184735737740995,,2021,pit,RP
sa917665,Pedro Zorrilla,P,0.5737000107765198,0.09070000052452087,1.0,0.0,0.0,0.6197932131588457,,2021,pit,RP
sa3007709,Brian Rapp,P,0.7253999710083008,0.058400001376867294,1.0,0.0,0.0,0.9626797713339328,,2021,pit,RP
sa828493,Jeremy Ovalle,P,1.0,0.0,1.0,0.0,0.0,1.3821466408669951,,2021,pit,RP
sa3005017,Nate Peden,P,0.4846000075340271,0.1096000000834465,1.0,0.0,0.0,0.3716734096407892,,2021,pit,RP
sa3008426,Niklas Rimmel,P,0.2199999988079071,0.16599999368190765,1.0,0.0,0.0,-0.11568678840994817,,2021,pit,SP
sa3009742,Nomar Rojas,P,0.18780000507831573,0.1728000044822693,1.0,0.0,0.0,0.08840665072202691,,2021,pit,SP
sa3004706,Blake Pflughaupt,P,0.676800012588501,0.06880000233650208,1.0,0.0,0.0,0.8402469187974932,,2021,pit,RP
sa3009220,Samuel Valerio,P,0.3889999985694885,0.12999999523162842,1.0,0.0,0.0,0.3379467017948632,,2021,pit,RP
sa3005834,Yordin Mateo,P,0.25049999356269836,0.15950000286102295,1.0,0.0,0.0,0.011073533445596695,,2021,pit,SP
sa3006066,Miguel Suero,P,1.0,0.0,1.0,0.0,0.0,1.2173534028232105,,2021,pit,RP
sa917346,Jose Oca,P,0.6825000047683716,0.06750000268220901,1.0,0.0,0.0,0.7432865411043168,CLE,2021,pit,RP
sa3003079,Ramon Guzman,P,0.34450000524520874,0.13950000703334808,1.0,0.0,0.0,0.13386030569672602,NYM,2021,pit,RP
sa3008696,Luis Mendoza,P,0.3287999927997589,0.1428000032901764,1.0,0.0,0.0,0.27933337986469287,,2021,pit,RP
sa879441,Carlos Pena,P,1.0,0.0,1.0,0.0,0.0,1.2871201001107688,,2021,pit,RP
sa3005207,Alex Valverde,P,1.0,0.0,1.0,0.0,0.0,1.6331333398818972,,2021,pit,RP
sa548382,Tony Amezcua,P,1.0,0.0,1.0,0.0,0.0,1.1766533203423029,,2021,pit,RP
sa917239,Jose Antonio Hernandez,P,0.3287999927997589,0.1428000032901764,1.0,0.0,0.0,0.2321732997894288,,2021,pit,RP
sa873278,Chad Martin,P,1.0,0.0,1.0,0.0,0.0,1.2810467258095741,,2021,pit,RP
sa3010131,Mario Perez,P,0.35600000619888306,0.13699999451637268,1.0,0.0,0.0,0.19731984287500381,,2021,pit,RP
sa3003015,Adolfo Ramirez,P,0.8812999725341797,0.025299999862909317,1.0,0.0,0.0,1.0642801523208623,,2021,pit,RP
sa829674,Jonathan Teaney,P,1.0,0.0,1.0,0.0,0.0,1.4497134380042551,CLE,2021,pit,RP
sa3004678,Chris Hunt,P,1.0,0.0,1.0,0.0,0.0,1.1681665211915973,,2021,pit,RP
23381,Nolan Hoffman,P,1.0,0.0,1.0,0.0,0.0,1.4892534717917436,PHI,2021,pit,RP
sa3006815,Alejandro Melean,P,0.20180000364780426,0.16979999840259552,1.0,0.0,0.0,-0.22611322700977343,,2021,pit,SP
sa3010568,Josue Panacual,P,0.19189999997615814,0.17190000414848328,1.0,0.0,0.0,-0.44895335733890507,,2021,pit,SP
sa3006397,Luis Rodriguez,P,0.21170000731945038,0.16769999265670776,1.0,0.0,0.0,-0.3806066267192363,,2021,pit,SP
sa3009531,Gilberto Sosa,P,0.3815999925136566,0.1316000074148178,1.0,0.0,0.0,0.18216680884361258,,2021,pit,RP
sa3009467,Carlos Del Rosario,P,0.35850000381469727,0.13650000095367432,1.0,0.0,0.0,0.2397599719464778,,2021,pit,RP
sa737446,Luis Araujo,P,1.0,0.0,1.0,0.0,0.0,1.2834065712988383,,2021,pit,RP
sa3009230,Adriel Gonzalez,P,0.3312999904155731,0.14229999482631683,1.0,0.0,0.0,0.03295346051454562,,2021,pit,RP
sa3008405,Yeyson Velez,P,0.5555999875068665,0.09459999948740005,1.0,0.0,0.0,0.5345733016729359,,2021,pit,RP
sa918354,Trent Johnson,P,1.0,0.0,1.0,0.0,0.0,1.1812664307653904,,2021,pit,RP
sa875401,Jesus Ortiz,P,1.0,0.0,1.0,0.0,0.0,1.1840465806424625,,2021,pit,RP
sa3008614,Bryan Pall,P,1.0,0.0,1.0,0.0,0.0,1.5561066091060636,,2021,pit,RP
sa3009713,Carlos Calderon,P,0.34940001368522644,0.13840000331401825,1.0,0.0,0.0,0.27567993775010136,,2021,pit,RP
sa3010243,Connor Van Scoyoc,P,0.35600000619888306,0.13699999451637268,1.0,0.0,0.0,0.011579839885234922,WSN,2021,pit,RP
sa3010795,Kelvin LaRoche,P,0.3287999927997589,0.1428000032901764,1.0,0.0,0.0,-0.003266772627830594,,2021,pit,RP
sa3009489,Fernando Chacon,P,0.24390000104904175,0.16089999675750732,1.0,0.0,0.0,-0.13900658711791047,,2021,pit,SP
sa3009611,Manuel Avila,P,0.3287999927997589,0.1428000032901764,1.0,0.0,0.0,0.004199964553117663,,2021,pit,RP
sa857612,Andrew McDonald,P,1.0,0.0,1.0,0.0,0.0,1.158039838820696,,2021,pit,RP
sa886971,Juan Florentino,P,1.0,0.0,1.0,0.0,0.0,1.2167532004415986,,2021,pit,RP
sa3004459,Austin Gardner,P,0.7253999710083008,0.058400001376867294,1.0,0.0,0.0,0.7694267317652703,,2021,pit,RP
sa657752,Luis Aquino,P,1.0,0.0,1.0,0.0,0.0,1.1948133923113349,,2021,pit,RP
sa3008472,Niels Stone,P,0.5835999846458435,0.08860000222921371,1.0,0.0,0.0,0.579306772351265,,2021,pit,RP
sa1170436,Trey McGough,P,1.0,0.0,1.0,0.0,0.0,1.174613320827485,NYM,2021,pit,RP
sa3004666,Jacob Belinda,P,1.0,0.0,1.0,0.0,0.0,1.2025399461388586,ATL,2021,pit,RP
sa3004665,Jimmy Murphy,P,1.0,0.0,1.0,0.0,0.0,1.086539951711893,,2021,pit,RP
sa917807,Edison Suriel,P,1.0,0.0,1.0,0.0,0.0,1.4864533796906478,,2021,pit,RP
sa3003098,Carlos Paula,P,0.53329998254776,0.09929999709129333,1.0,0.0,0.0,0.524619867652655,,2021,pit,RP
sa3006371,Carlos Velez,P,0.375,0.13300000131130219,1.0,0.0,0.0,0.2958533078432084,BOS,2021,pit,RP
sa3009780,Victor Rodriguez,P,0.41130000352859497,0.12530000507831573,1.0,0.0,0.0,0.1252867691218853,,2021,pit,RP
sa3002930,Yunior Hinojosa,P,1.0,0.0,1.0,0.0,0.0,1.170813266932964,TOR,2021,pit,RP
sa3003011,Daniel Santana,P,0.29170000553131104,0.15070000290870667,1.0,0.0,0.0,-0.15101328268647185,,2021,pit,SP
sa3006164,Freddy Pacheco,P,1.0,0.0,1.0,0.0,0.0,1.6780134573578835,,2021,pit,RP
sa918349,Phil Morse,P,1.0,0.0,1.0,0.0,0.0,1.1636732034385204,,2021,pit,RP
sa3002991,Juan Cruz,P,0.3939000070095062,0.12890000641345978,1.0,0.0,0.0,0.15622681751847267,,2021,pit,RP
sa3003031,Jose Natera,P,0.510200023651123,0.10419999808073044,1.0,0.0,0.0,0.23959345743060112,,2021,pit,RP
sa736701,Luis Jimenez,P,1.0,0.0,1.0,0.0,0.0,1.2767467990517614,CLE,2021,pit,RP
sa3009212,Luis Talavera,P,0.31310001015663147,0.1460999995470047,1.0,0.0,0.0,-0.01033323034644118,,2021,pit,RP
sa830637,Marcos Lantigua,P,1.0,0.0,1.0,0.0,0.0,1.0144931435585018,BOS,2021,pit,RP
sa3006494,Franny Cobos,P,0.5993000268936157,0.08529999852180481,1.0,0.0,0.0,0.7279400892555716,,2021,pit,RP
sa3004330,Manny Guzman,P,1.0,0.0,1.0,0.0,0.0,1.275120121240616,,2021,pit,RP
sa3002936,Walner Polanco,P,0.321399986743927,0.1444000005722046,1.0,0.0,0.0,-0.035000063478946686,,2021,pit,RP
sa3006383,José Cruz,P,0.5242000222206116,0.10119999945163727,1.0,0.0,0.0,0.8673201330006126,,2021,pit,RP
sa3005445,Felix Cepeda,P,0.2150000035762787,0.16699999570846558,1.0,0.0,0.0,-0.331540086865425,,2021,pit,SP
sa3009211,Andres Ortuno,P,0.2578999996185303,0.15790000557899475,1.0,0.0,0.0,-0.17189320996403668,,2021,pit,SP
sa658209,Jorge Cespedes,P,0.49779999256134033,0.10679999738931656,1.0,0.0,0.0,0.3290799126029018,,2021,pit,RP
sa3008487,Wilkelma Castillo,P,0.375,0.13300000131130219,1.0,0.0,0.0,0.1710667796432972,,2021,pit,RP
sa873542,Jeifry Nunez,P,0.8127999901771545,0.039799999445676804,1.0,0.0,0.0,0.7724264062941075,,2021,pit,RP
sa3009923,Josh Smith,P,1.0,0.0,1.0,0.0,0.0,1.3446402505040171,,2021,pit,RP
sa3002964,Mike Garcia,P,0.4359999895095825,0.11999999731779099,1.0,0.0,0.0,0.29485330432653445,,2021,pit,RP
sa3009481,Roberto Garza,P,0.375,0.13300000131130219,1.0,0.0,0.0,0.12076673284173012,,2021,pit,RP
sa3005179,Alberto Franco,P,1.0,0.0,1.0,0.0,0.0,1.2378599531948566,,2021,pit,RP
25139,Tim Herrin,P,1.0,0.0,1.0,0.0,0.0,1.2426266804337502,CLE,2021,pit,RP
sa3010810,Orlando Fulgencio,P,0.3939000070095062,0.12890000641345978,1.0,0.0,0.0,0.1816532738506793,,2021,pit,RP
sa3008451,Kevin Hernandez,P,0.4821999967098236,0.11020000278949738,1.0,0.0,0.0,0.7105466723442078,,2021,pit,RP
sa828561,Felix Viloria,P,1.0,0.0,1.0,0.0,0.0,1.1474001787602899,,2021,pit,RP
sa3009464,Carlos Reyes,P,0.29580000042915344,0.14980000257492065,1.0,0.0,0.0,-0.02765324637293798,,2021,pit,SP
sa3005219,Wilber Perez,P,0.8853999972343445,0.024399999529123306,1.0,0.0,0.0,0.9748066350817681,,2021,pit,RP
sa3008708,Wilgenis Alvarado,P,0.2694000005722046,0.15539999306201935,1.0,0.0,0.0,-0.11531345248222369,,2021,pit,SP
sa595954,Axel Rios,P,1.0,0.0,1.0,0.0,0.0,1.1504533842206,,2021,pit,RP
sa916729,Jenri Montas,P,1.0,0.0,1.0,0.0,0.0,1.0970133662223822,MIL,2021,pit,RP
sa3007474,Raydel Velette,P,0.2784999907016754,0.1535000056028366,1.0,0.0,0.0,-0.09557996019721005,,2021,pit,SP
sa3002997,Yonathan Matos,P,0.44999998807907104,0.11699999868869781,1.0,0.0,0.0,0.3451865606009963,,2021,pit,RP
sa3006504,Jherson Pereira,P,0.4970000088214874,0.10700000077486038,1.0,0.0,0.0,0.4671734176576141,,2021,pit,RP
sa876088,Sean Chandler,P,1.0,0.0,1.0,0.0,0.0,1.0891799688339234,,2021,pit,RP
sa3005410,Manuel Alvarez,P,1.0,0.0,1.0,0.0,0.0,1.3512735217809673,,2021,pit,RP
23488,Ron Marinaccio,P,1.0,0.0,1.0,0.0,0.0,1.1518135346472262,SDP,2021,pit,RP
22187,Ryan Miller,P,1.0,0.0,1.0,0.0,0.0,1.039720053970814,COL,2021,pit,RP
24862,Ryan Fernandez,P,0.8037999868392944,0.04179999977350235,1.0,0.0,0.0,0.7986333526670935,STL,2021,pit,RP
sa3002950,Jose Gomez,P,0.5242000222206116,0.10119999945163727,1.0,0.0,0.0,0.38992021307349223,,2021,pit,RP
sa872718,Matt Clancy,P,1.0,0.0,1.0,0.0,0.0,1.1737267009913923,SEA,2021,pit,RP
sa3010255,Logan Rinehart,P,1.0,0.0,1.0,0.0,0.0,1.3269600965082642,,2021,pit,RP
sa3006378,Misael Garcia,P,0.3353999853134155,0.14139999449253082,1.0,0.0,0.0,0.09727975055575344,,2021,pit,RP
sa3008530,Igor Kimura,P,0.31310001015663147,0.1460999995470047,1.0,0.0,0.0,0.37330676093697557,,2021,pit,RP
sa3005695,Eudi Asencio,P,0.3815999925136566,0.1316000074148178,1.0,0.0,0.0,0.1148731946945194,,2021,pit,RP
sa3008164,Miguel Vinicio,P,0.2727000117301941,0.15469999611377716,1.0,0.0,0.0,-0.08063996732234946,,2021,pit,SP
sa3010110,Kaleb Roper,P,0.6248000264167786,0.07980000227689743,1.0,0.0,0.0,0.42221341505646715,,2021,pit,RP
sa3005431,Jean Carlos Lucas,P,0.44999998807907104,0.11699999868869781,1.0,0.0,0.0,0.016913533210754395,,2021,pit,RP
sa3004827,Casey Ryan,P,1.0,0.0,1.0,0.0,0.0,1.0683198504149911,,2021,pit,RP
sa3007610,Christian Tripp,P,1.0,0.0,1.0,0.0,0.0,1.0893666096031662,,2021,pit,RP
sa876106,Braxton Lorenzini,P,1.0,0.0,1.0,0.0,0.0,0.40724668949842435,,2021,pit,RP
sa3004462,Jorge Benitez,P,0.5414999723434448,0.09749999642372131,1.0,0.0,0.0,0.7295935414731503,,2021,pit,RP
sa3007969,Nathan Alexander,P,1.0,0.0,1.0,0.0,0.0,1.0989933811128134,,2021,pit,RP
sa3005882,Elian Pena,P,0.2784999907016754,0.1535000056028366,1.0,0.0,0.0,-0.35819332227110845,,2021,pit,SP
sa3003143,Fabricio Reina,P,0.2825999855995178,0.1526000052690506,1.0,0.0,0.0,0.006206396967172623,,2021,pit,SP
16455,Conner Greene,P,4.0,0.0,4.0,0.0,0.5848000049591064,11.757986554503441,,2021,pit,RP
sa883761,Orlando Pascual,P,1.0,0.0,1.0,0.0,0.0,1.1329000480473046,,2021,pit,RP
sa3005295,Harrison Francis,P,1.0,0.0,1.0,0.0,0.0,1.29560680910945,,2021,pit,RP
sa877605,Fauris Guerrero,P,1.0,0.0,1.0,0.0,0.0,1.1415533915162084,,2021,pit,RP
sa919202,Frandy Torres,P,1.0,0.0,1.0,0.0,0.0,1.229906510561705,,2021,pit,RP
sa3007847,Oscar Valenzuela,P,0.39640000462532043,0.12839999794960022,1.0,0.0,0.0,-0.008853387832641335,,2021,pit,RP
sa3005216,Cam Robinson,P,0.5917999744415283,0.0868000015616417,1.0,0.0,0.0,0.5324198044836521,TBR,2021,pit,RP
sa3010001,Deacon Medders,P,1.0,0.0,1.0,0.0,0.0,1.2063266552984713,,2021,pit,RP
sa3003126,Liu Fuenmayor,P,1.0,0.0,1.0,0.0,0.0,1.2773998379707336,ARI,2021,pit,RP
sa874707,Mike Nikorak,P,1.0,0.0,1.0,0.0,0.0,0.38339327350258845,,2021,pit,RP
sa3009246,Winder Garcia,P,0.5209000110626221,0.10189999639987946,1.0,0.0,0.0,0.4180068455636503,,2021,pit,RP
sa873724,Hector Figueroa,P,1.0,0.0,1.0,0.0,0.0,1.4359334491193296,,2021,pit,RP
sa3007833,Keegan Curtis,P,1.0,0.0,1.0,0.0,0.0,1.0738667346537114,,2021,pit,RP
sa3004830,Josh Reagan,P,1.0,0.0,1.0,0.0,0.0,1.4204332642257218,,2021,pit,RP
sa3006362,Oscar Abreu,P,0.44999998807907104,0.11699999868869781,1.0,0.0,0.0,0.22151312902569797,,2021,pit,RP
sa3007245,Christian Cosby,P,0.7253999710083008,0.058400001376867294,1.0,0.0,0.0,0.6718668989837173,,2021,pit,RP
sa3006155,Francisco Hodge,P,0.5580000281333923,0.09399999678134918,1.0,0.0,0.0,0.45232000872492817,,2021,pit,RP
sa3003096,Rafael Monsion,P,0.31310001015663147,0.1460999995470047,1.0,0.0,0.0,-0.0716131404042244,,2021,pit,RP
sa875203,Cody Mobley,P,0.7939000129699707,0.04390000179409981,1.0,0.0,0.0,0.8272600606083871,SEA,2021,pit,RP
sa3005453,Miguel Lar,P,0.3939000070095062,0.12890000641345978,1.0,0.0,0.0,-0.38854690566658956,,2021,pit,RP
sa977121,Alejandro Chavarria,P,1.0,0.0,1.0,0.0,0.0,1.0566866487264637,,2021,pit,RP
sa873466,Yorvin Pantoja,P,1.0,0.0,1.0,0.0,0.0,1.1359666667878625,,2021,pit,RP
sa3005218,Alejandro Made,P,1.0,0.0,1.0,0.0,0.0,0.9867334224283697,,2021,pit,RP
sa3006642,Wellington Nunez,P,0.2669999897480011,0.15600000321865082,1.0,0.0,0.0,-0.22631343081593513,,2021,pit,SP
sa3004645,Nelson Galindez,P,0.44999998807907104,0.11699999868869781,1.0,0.0,0.0,0.18510677143931398,,2021,pit,RP
sa875004,Drew Finley,P,1.0,0.0,1.0,0.0,0.0,1.188553246855736,,2021,pit,RP
sa3006797,Jayce Vancena,P,1.0,0.0,1.0,0.0,0.0,0.9993866771459583,,2021,pit,RP
sa3004331,Anton Kuznetsov,P,1.0,0.0,1.0,0.0,0.0,0.9712468311190605,PHI,2021,pit,RP
sa737045,David Oca,P,0.6825000047683716,0.06750000268220901,1.0,0.0,0.0,0.6313999533653263,STL,2021,pit,RP
sa3009482,Daniel Gonzalez,P,0.2825999855995178,0.1526000052690506,1.0,0.0,0.0,0.3470001675188543,,2021,pit,SP
sa918219,Tyler Benninghoff,P,0.23319999873638153,0.1632000058889389,1.0,0.0,0.0,-0.2258133701980114,MIN,2021,pit,SP
sa3002606,Jesus Toledo,P,0.5414999723434448,0.09749999642372131,1.0,0.0,0.0,0.5699133783578874,,2021,pit,RP
sa916948,Edward Paredes,P,0.24310000240802765,0.16110000014305115,1.0,0.0,0.0,-0.46439338847994804,,2021,pit,SP
sa917606,Moises Nolasco,P,0.9150999784469604,0.01810000091791153,1.0,0.0,0.0,0.9436267428100114,,2021,pit,RP
sa3010821,Fineas Del Bonta-Smith,P,1.0,0.0,1.0,0.0,0.0,0.2499398648738862,,2021,pit,RP
sa919881,Yordi Rosario,P,1.0,0.0,1.0,0.0,0.0,1.1263667494058613,,2021,pit,RP
sa3006514,Stiven Montilla,P,0.2669999897480011,0.15600000321865082,1.0,0.0,0.0,-0.2307131253182888,,2021,pit,SP
sa828472,Jose Martinez,P,1.0,0.0,1.0,0.0,0.0,1.067806570231915,,2021,pit,RP
sa3005696,Raúl Alcantara,P,0.30320000648498535,0.14820000529289246,1.0,0.0,0.0,0.08186674043536213,,2021,pit,RP
sa873450,Jose Appleton,P,0.2603999972343445,0.1573999971151352,1.0,0.0,0.0,-0.2262000873684884,,2021,pit,SP
sa3010553,Nate Hadley,P,1.0,0.0,1.0,0.0,0.0,1.2274868354201316,,2021,pit,RP
sa3005034,Derrik Watson,P,1.0,0.0,1.0,0.0,0.0,0.40443348810076696,,2021,pit,RP
sa917800,Feliberto Bonilla,P,0.44179999828338623,0.11879999935626984,1.0,0.0,0.0,0.1526668183505535,,2021,pit,RP
sa3009861,Nic Laio,P,1.0,0.0,1.0,0.0,0.0,0.8993532203137873,,2021,pit,RP
sa3006381,Victor Munoz,P,0.23649999499320984,0.16249999403953552,1.0,0.0,0.0,0.07158664762973777,,2021,pit,SP
sa3005826,Jorge Juan,P,0.3312999904155731,0.14229999482631683,1.0,0.0,0.0,0.3312068432569508,BOS,2021,pit,RP
sa917791,Stanly Sabino,P,0.5580000281333923,0.09399999678134918,1.0,0.0,0.0,0.4489801116287713,TBR,2021,pit,RP
sa3006396,Wanly Perez,P,0.5242000222206116,0.10119999945163727,1.0,0.0,0.0,0.38429339006543195,,2021,pit,RP
sa830622,Randy Alcantara,P,1.0,0.0,1.0,0.0,0.0,0.9546067751944065,PHI,2021,pit,RP
sa3005895,Carlos De Avila,P,0.7847999930381775,0.04580000042915344,1.0,0.0,0.0,0.6325399555265903,,2021,pit,RP
sa829746,Eugenio Palma,P,1.0,0.0,1.0,0.0,0.0,1.102719924598932,,2021,pit,RP
sa3007260,Jason Montville,P,0.7567999958992004,0.05180000141263008,1.0,0.0,0.0,0.7210532978177069,,2021,pit,RP
sa3008291,Cayden Hatcher,P,0.6248000264167786,0.07980000227689743,1.0,0.0,0.0,0.4142000950872897,COL,2021,pit,RP
sa3010247,Luis Martinez,P,0.4681999981403351,0.11320000141859055,1.0,0.0,0.0,0.5143265932798387,,2021,pit,RP
sa3003073,Luis De Paula,P,1.0,0.0,1.0,0.0,0.0,1.1135467439889908,,2021,pit,RP
sa3003004,Diogenes Rodriguez,P,0.34940001368522644,0.13840000331401825,1.0,0.0,0.0,-0.004540064185857506,,2021,pit,RP
sa3004963,Kyle Goodbrand,P,1.0,0.0,1.0,0.0,0.0,1.4445335254073148,TBR,2021,pit,RP
sa3002935,Luis De Jesus,P,0.3675999939441681,0.13459999859333038,1.0,0.0,0.0,-0.04321328997612017,,2021,pit,RP
sa3010777,Zack Hess,P,1.0,0.0,1.0,0.0,0.0,1.1525665849447257,,2021,pit,RP
sa3006393,Endry Manrique,P,0.25209999084472656,0.1590999960899353,1.0,0.0,0.0,0.07680685967206946,,2021,pit,SP
sa3011349,Manuel Veloz,P,0.7831000089645386,0.04610000178217888,1.0,0.0,0.0,0.5437801532447342,,2021,pit,RP
sa882196,Luis Valdez,P,1.0,0.0,1.0,0.0,0.0,1.060040044039488,,2021,pit,RP
sa3005116,Marlin Willis,P,0.35109999775886536,0.13809999823570251,1.0,0.0,0.0,0.05573329329490706,,2021,pit,RP
sa3003933,Riley Echols,P,1.0,0.0,1.0,0.0,0.0,1.0297398827970028,,2021,pit,RP
sa918725,Jordan Scheftz,P,1.0,0.0,1.0,0.0,0.0,1.0386399164795876,CLE,2021,pit,RP
sa3007607,Octavio Cordova,P,0.6841999888420105,0.06719999760389328,1.0,0.0,0.0,0.4352066382765769,,2021,pit,RP
sa917816,Maiker Manzanillo,P,1.0,0.0,1.0,0.0,0.0,0.9411465391516689,CLE,2021,pit,RP
sa917792,Jose Roca,P,1.0,0.0,1.0,0.0,0.0,0.8715933419764044,,2021,pit,RP
sa3009754,Yordan Nodal,P,0.3312999904155731,0.14229999482631683,1.0,0.0,0.0,0.06665989160537711,,2021,pit,RP
sa3009618,Danifer Diaz,P,0.3939000070095062,0.12890000641345978,1.0,0.0,0.0,-0.1608333729207514,,2021,pit,RP
sa916713,Alger Hodgson,P,0.44999998807907104,0.11699999868869781,1.0,0.0,0.0,0.23569311574101448,,2021,pit,RP
sa3003005,Emanuel Vizcaino,P,0.3353999853134155,0.14139999449253082,1.0,0.0,0.0,-0.11944673582911491,TOR,2021,pit,RP
sa1115767,Dylan Thomas,P,1.0,0.0,1.0,0.0,0.0,1.0896063856780533,,2021,pit,RP
sa918752,Malcolm Van Buren,P,0.3163999915122986,0.1454000025987625,1.0,0.0,0.0,0.024946823716163635,,2021,pit,RP
16300,Jesus Tinoco,P,7.0,0.0,7.0,0.0,0.6263999938964844,19.505560600757608,MIA,2021,pit,RP
sa3009248,Erasmo Moreno,P,0.34940001368522644,0.13840000331401825,1.0,0.0,0.0,0.002946636080741971,,2021,pit,RP
sa875993,Matthias Dietz,P,0.698199987411499,0.06419999897480011,1.0,0.0,0.0,0.7251398831605913,,2021,pit,RP
sa3004799,Jacob Webb,P,1.0,0.0,1.0,0.0,0.0,0.9089331254363064,PIT,2021,pit,RP
sa3007230,Charlie Cerny,P,1.0,0.0,1.0,0.0,0.0,1.291400071233511,,2021,pit,RP
sa3005686,Jose Pina,P,0.24060000479221344,0.1615999937057495,1.0,0.0,0.0,-0.4044065780937669,,2021,pit,SP
sa3002572,Hector Villalobos,P,1.0,0.0,1.0,0.0,0.0,1.0101734235882764,,2021,pit,RP
sa3009929,Reeves Martin,P,1.0,0.0,1.0,0.0,0.0,1.2470398031175138,,2021,pit,RP
sa3004567,Jared Brasher,P,1.0,0.0,1.0,0.0,0.0,1.029793436080218,,2021,pit,RP
sa3006386,Yeuris Jimenez,P,0.4311000108718872,0.12110000103712082,1.0,0.0,0.0,0.04605344235897091,WSN,2021,pit,RP
sa3007859,J.T. Perez,P,1.0,0.0,1.0,0.0,0.0,1.1011665143072609,,2021,pit,RP
sa872841,Gilmael Troya,P,1.0,0.0,1.0,0.0,0.0,1.0655934900045394,,2021,pit,RP
sa918039,Aldor Rodriguez,P,0.3659000098705292,0.13490000367164612,1.0,0.0,0.0,0.3485863171517849,TBR,2021,pit,RP
sa3010128,Cameron Enck,P,1.0,0.0,1.0,0.0,0.0,0.05801343098282841,COL,2021,pit,RP
sa3008162,Rodney Hutchison,P,1.0,0.0,1.0,0.0,0.0,0.8916265979409221,SEA,2021,pit,RP
sa3006137,Luis Baez,P,0.2603999972343445,0.1573999971151352,1.0,0.0,0.0,-0.15311351418495134,SEA,2021,pit,SP
sa917876,Alex Mejias,P,0.515999972820282,0.10300000011920929,1.0,0.0,0.0,0.11929986476898202,NYY,2021,pit,RP
sa3008372,Franyer Hernandez,P,0.6075000166893005,0.08349999785423279,1.0,0.0,0.0,0.29159330278635043,NYY,2021,pit,RP
sa3009751,Angel Brito,P,0.35019999742507935,0.13819999992847443,1.0,0.0,0.0,-0.1941467635333538,KCR,2021,pit,RP
sa3005683,Heitor Tokar,P,0.5877000093460083,0.0877000018954277,1.0,0.0,0.0,0.4269133545458317,,2021,pit,RP
sa3005203,Argenis Bravo,P,0.6413000226020813,0.0763000026345253,1.0,0.0,0.0,0.6395531795918945,,2021,pit,RP
sa3006709,Trevor McKenna,P,1.0,0.0,1.0,0.0,0.0,1.0757599703967573,,2021,pit,RP
sa828711,Jorge Martinez,P,1.0,0.0,1.0,0.0,0.0,1.0031534746289257,,2021,pit,RP
sa3003071,Raul De Los Reyes,P,1.0,0.0,1.0,0.0,0.0,0.9026532225310806,,2021,pit,RP
sa3006618,Xavier Concepcion,P,1.0,0.0,1.0,0.0,0.0,0.9323402084410195,,2021,pit,RP
sa3005430,Damian Mendoza,P,0.5877000093460083,0.0877000018954277,1.0,0.0,0.0,0.11290673464536649,,2021,pit,RP
sa873180,Miguel Hernandez,P,0.8210999965667725,0.038100000470876694,1.0,0.0,0.0,0.6195800565183167,,2021,pit,RP
sa3008488,Nick Starr,P,1.0,0.0,1.0,0.0,0.0,0.8860332317650319,DET,2021,pit,RP
sa3003034,Leudy Martinez,P,0.41130000352859497,0.12530000507831573,1.0,0.0,0.0,0.07049989402294177,,2021,pit,RP
sa3003043,Francis Del Orbe,P,0.8037999868392944,0.04179999977350235,1.0,0.0,0.0,0.7285532645881174,PIT,2021,pit,RP
sa3005849,Samuel Vasquez,P,0.3353999853134155,0.14139999449253082,1.0,0.0,0.0,-0.11145320087671262,MIA,2021,pit,RP
sa948350,Francis Beriguete,P,0.6075000166893005,0.08349999785423279,1.0,0.0,0.0,0.5482532203197481,,2021,pit,RP
sa3007814,Stevie Ledesma,P,1.0,0.0,1.0,0.0,0.0,0.9433333314955239,,2021,pit,RP
sa3002949,Juan Mejia,P,1.0,0.0,1.0,0.0,0.0,0.7385199919342993,,2021,pit,RP
sa3002804,Jose Garcia,P,0.8219000101089478,0.03790000081062317,1.0,0.0,0.0,0.6631267800927163,,2021,pit,RP
sa3007857,Steffon Moore,P,0.8837000131607056,0.024700000882148743,1.0,0.0,0.0,1.2908132657408715,,2021,pit,RP
sa3006158,Pedro King,P,0.2727000117301941,0.15469999611377716,1.0,0.0,0.0,0.04209983944892892,,2021,pit,SP
sa3009533,Alejandro Carrillo,P,0.670199990272522,0.07020000368356705,1.0,0.0,0.0,0.39454670324921626,,2021,pit,RP
sa3009989,Danny Chang,P,0.34940001368522644,0.13840000331401825,1.0,0.0,0.0,0.16154000982642192,,2021,pit,RP
sa659946,Juan Torres,P,1.0,0.0,1.0,0.0,0.0,0.9816399067640305,,2021,pit,RP
sa3006982,Justin Garcia,P,1.0,0.0,1.0,0.0,0.0,0.9933932848274707,,2021,pit,RP
sa3009206,Abdiel Medina,P,0.3659000098705292,0.13490000367164612,1.0,0.0,0.0,0.13290654271841085,,2021,pit,RP
sa3004221,Kevin Hamann,P,1.0,0.0,1.0,0.0,0.0,0.8902200646698475,STL,2021,pit,RP
sa3008656,Yohandry Perez,P,1.0,0.0,1.0,0.0,0.0,0.9637266561388973,,2021,pit,RP
sa3003006,Brayan Herrera,P,1.0,0.0,1.0,0.0,0.0,0.6186267621815205,CHW,2021,pit,RP
sa3002618,Luciano De La Cruz,P,0.4426000118255615,0.11860000342130661,1.0,0.0,0.0,0.10709985569119462,,2021,pit,RP
sa3005812,Yeury Tatiz,P,0.34940001368522644,0.13840000331401825,1.0,0.0,0.0,0.05194663479924211,SEA,2021,pit,RP
sa3006101,Daniel Cruz,P,1.0,0.0,1.0,0.0,0.0,0.9370400637388232,,2021,pit,RP
sa3007717,Jackson Bertsch,P,1.0,0.0,1.0,0.0,0.0,0.8704866513609888,,2021,pit,RP
sa3010555,Ryan Shreve,P,0.6248000264167786,0.07980000227689743,1.0,0.0,0.0,0.42059990540146863,,2021,pit,RP
sa917472,Edgar Escalona,P,0.3625999987125397,0.1356000006198883,1.0,0.0,0.0,-0.1989801004528995,DET,2021,pit,RP
sa3010141,Garrett Leonard,P,1.0,0.0,1.0,0.0,0.0,0.8176064915955066,,2021,pit,RP
sa3009634,Raynalf Ruiz,P,0.2825999855995178,0.1526000052690506,1.0,0.0,0.0,-0.01474006101489067,,2021,pit,SP
sa3005700,Engel Estevez,P,0.5414999723434448,0.09749999642372131,1.0,0.0,0.0,0.019433414191007525,,2021,pit,RP
sa3002809,Nelfri Contreras,P,0.835099995136261,0.035100001841783524,1.0,0.0,0.0,0.6077267490327358,,2021,pit,RP
sa3007719,Tanner Myatt,P,0.6008999943733215,0.08489999920129776,1.0,0.0,0.0,0.35863999053835904,,2021,pit,RP
sa924295,Juan Paredes,P,1.0,0.0,1.0,0.0,0.0,0.8935199715197086,,2021,pit,RP
sa3003097,Williams Valencia,P,0.4846000075340271,0.1096000000834465,1.0,0.0,0.0,0.32291323766112345,,2021,pit,RP
sa3002938,Francis Pena,P,1.0,0.0,1.0,0.0,0.0,0.7493931256234645,,2021,pit,RP
sa3010557,Derek West,P,0.6075000166893005,0.08349999785423279,1.0,0.0,0.0,0.3960333839058876,,2021,pit,RP
sa3009221,Igor Avila,P,0.5002999901771545,0.1062999963760376,1.0,0.0,0.0,0.0706334300339222,,2021,pit,RP
sa917877,Victor Isturiz,P,0.7106000185012817,0.06159999966621399,1.0,0.0,0.0,0.7283467300236226,,2021,pit,RP
sa3007480,Tanner Driskill,P,1.0,0.0,1.0,0.0,0.0,0.5766067147254947,,2021,pit,RP
sa829279,Garrett Mundell,P,1.0,0.0,1.0,0.0,0.0,0.8239400163292885,,2021,pit,RP
sa3006139,Bryan Torres,P,0.5242000222206116,0.10119999945163727,1.0,0.0,0.0,0.03504658862948418,,2021,pit,RP
21189,Brooks Kriske,P,4.0,0.0,4.0,0.0,0.6644999980926514,14.693840044736863,OAK,2021,pit,RP
sa3004472,Jared Johnson,P,1.0,0.0,1.0,0.0,0.0,0.8865666307508948,,2021,pit,RP
sa3002811,Franklin De La Paz,P,1.0,0.0,1.0,0.0,0.0,0.8718734249472617,,2021,pit,RP
sa830143,Yan De La Cruz,P,1.0,0.0,1.0,0.0,0.0,0.7381801016628744,,2021,pit,RP
sa1159891,Corey Gaconi,P,1.0,0.0,1.0,0.0,0.0,0.7410201266407968,,2021,pit,RP
sa3004223,Mitchel Stalsberg,P,1.0,0.0,1.0,0.0,0.0,1.01740674674511,,2021,pit,RP
sa3006166,Bryam Pena,P,0.3659000098705292,0.13490000367164612,1.0,0.0,0.0,-0.04467329904437056,,2021,pit,RP
sa3006989,Mike Pascoe,P,1.0,0.0,1.0,0.0,0.0,0.888746637105942,,2021,pit,RP
sa917899,Anderson Pilar,P,1.0,0.0,1.0,0.0,0.0,-0.03052673786878568,ATL,2021,pit,RP
sa3009721,Jeremi Rodriguez,P,0.6585999727249146,0.07259999960660934,1.0,0.0,0.0,0.29662669822573706,,2021,pit,RP
sa3010126,Matt Martin,P,0.7831000089645386,0.04610000178217888,1.0,0.0,0.0,0.7801468014717101,,2021,pit,RP
sa3009606,Jose Gonzalez,P,0.39640000462532043,0.12839999794960022,1.0,0.0,0.0,0.25443994924426105,,2021,pit,RP
sa3009520,Jose Valdez,P,0.6017000079154968,0.08470000326633453,1.0,0.0,0.0,0.6098599486052994,,2021,pit,RP
sa3008712,Juanfer Castro,P,0.41290000081062317,0.12489999830722809,1.0,0.0,0.0,-0.1390932910144329,TOR,2021,pit,RP
sa922474,Manuel Daza,P,1.0,0.0,1.0,0.0,0.0,0.8459466010332108,,2021,pit,RP
sa917751,Jose Jimenez,P,1.0,0.0,1.0,0.0,0.0,0.874633173644543,,2021,pit,RP
14814,Buck Farmer,P,62.0,0.0,62.0,2.88700008392334,13.34570026397705,268.3070586681365,,2021,pit,RP
sa3002791,Martin Carrasco,P,1.0,0.0,1.0,0.0,0.0,0.6834466725587842,,2021,pit,RP
sa3008226,Alec Rennard,P,1.0,0.0,1.0,0.0,0.0,0.723326810449362,PIT,2021,pit,RP
sa3010805,Felipito Santos,P,0.29829999804496765,0.1492999941110611,1.0,0.0,0.0,-0.488673324882984,,2021,pit,SP
sa3004021,Thomas St. Clair,P,1.0,0.0,1.0,0.0,0.0,0.9711332969367508,,2021,pit,RP
sa3009640,Yovanny Cabrera,P,0.4715000092983246,0.11249999701976776,1.0,0.0,0.0,0.034386780858040034,,2021,pit,RP
sa3009226,Carlos Gutierrez,P,0.4681999981403351,0.11320000141859055,1.0,0.0,0.0,0.04970661252737063,,2021,pit,RP
sa3006505,Adrian Aybar,P,0.5877000093460083,0.0877000018954277,1.0,0.0,0.0,0.17504672259092358,,2021,pit,RP
sa3003023,Juan Gonzalez,P,1.0,0.0,1.0,0.0,0.0,0.7333799540996551,,2021,pit,RP
sa3002954,Keiber Arredondo,P,0.6825000047683716,0.06750000268220901,1.0,0.0,0.0,0.3312931917607784,,2021,pit,RP
sa3006351,Zaquiel Puentes,P,0.3889999985694885,0.12999999523162842,1.0,0.0,0.0,-0.2195198491215704,,2021,pit,RP
sa3006114,Pedro Moreno,P,1.0,0.0,1.0,0.0,0.0,0.32628659382462555,,2021,pit,RP
sa3006987,Marcus Evey,P,1.0,0.0,1.0,0.0,0.0,0.6187531501054768,,2021,pit,RP
sa3002611,Yeremi Garcia,P,0.375,0.13300000131130219,1.0,0.0,0.0,-0.17247339338064194,,2021,pit,RP
sa3008102,Joel Condreay,P,1.0,0.0,1.0,0.0,0.0,-0.08071995079517391,,2021,pit,RP
sa3009928,Travis Kuhn,P,1.0,0.0,1.0,0.0,0.0,1.0944267086684705,TOR,2021,pit,RP
sa3004741,Riley Ottesen,P,1.0,0.0,1.0,0.0,0.0,0.8859867051243784,,2021,pit,RP
sa3004091,Sal Biasi,P,1.0,0.0,1.0,0.0,0.0,0.674813198298216,,2021,pit,RP
sa3008689,Eli Moron,P,0.6413000226020813,0.0763000026345253,1.0,0.0,0.0,0.15782647654414195,,2021,pit,RP
sa3005459,Junior Almonte,P,0.5480999946594238,0.09610000252723694,1.0,0.0,0.0,0.1346598610281946,KCR,2021,pit,RP
sa3007963,Erick Pinales,P,0.328000009059906,0.14300000667572021,1.0,0.0,0.0,-0.29601333886384973,,2021,pit,RP
sa916836,Miguel Figueroa,P,1.0,0.0,1.0,0.0,0.0,0.2580335073173048,,2021,pit,RP
sa828660,Tyler Kolek,P,1.0,0.0,1.0,0.0,0.0,0.8560600578784943,,2021,pit,RP
sa3006499,Rolfy Vargas,P,0.5877000093460083,0.0877000018954277,1.0,0.0,0.0,0.4341734401881694,,2021,pit,RP
sa919870,Jonaiker Villalobos,P,1.0,0.0,1.0,0.0,0.0,0.8251865662634374,,2021,pit,RP
sa3007589,Jacob Stevens,P,1.0,0.0,1.0,0.0,0.0,0.7551068671047689,,2021,pit,RP
sa1170614,Andrew Edwards,P,1.0,0.0,1.0,0.0,0.0,1.0843868605792526,,2021,pit,RP
sa875839,Jose Mora,P,1.0,0.0,1.0,0.0,0.0,1.2483333483338357,,2021,pit,RP
sa3003146,Emilio Alfonzo,P,0.3353999853134155,0.14139999449253082,1.0,0.0,0.0,0.08478675186634055,,2021,pit,RP
sa872882,Argenis Romano,P,1.0,0.0,1.0,0.0,0.0,0.7577201686799526,PIT,2021,pit,RP
sa873458,Jesus Tejada,P,1.0,0.0,1.0,0.0,0.0,0.7243664883077146,,2021,pit,RP
sa3006503,Roaldo Carvajal,P,0.5242000222206116,0.10119999945163727,1.0,0.0,0.0,0.12535333707928675,,2021,pit,RP
sa3003161,Dannysmel Tavarez,P,0.45829999446868896,0.1152999997138977,1.0,0.0,0.0,-0.17984659224748567,,2021,pit,RP
sa874250,Starlin Cordero,P,1.0,0.0,1.0,0.0,0.0,0.8331666819751264,,2021,pit,RP
16377,Ryan Castellani,P,4.860000133514404,4.860000133514404,26.71380043029785,0.0,0.0,34.05834650993346,,2021,pit,SP
sa828545,Deiyerbert Bolivar,P,1.0,0.0,1.0,0.0,0.0,0.7561334565281865,,2021,pit,RP
sa3008266,Reyson Santos,P,1.0,0.0,1.0,0.0,0.0,1.062159910053015,,2021,pit,RP
sa3004480,Malik Jones,P,0.5555999875068665,0.09459999948740005,1.0,0.0,0.0,0.03181354254484159,,2021,pit,RP
sa3003072,Juan Vazquez,P,0.7196000218391418,0.05959999933838844,1.0,0.0,0.0,0.28494648262858435,,2021,pit,RP
sa3009228,Bejardi Meza,P,0.3271999955177307,0.14319999516010284,1.0,0.0,0.0,-0.49475304707884815,,2021,pit,RP
sa3003152,Jhonfran Escalona,P,0.770799994468689,0.04879999905824661,1.0,0.0,0.0,0.5900534443557262,,2021,pit,RP
sa3008136,Fraicy Breton,P,0.6545000076293945,0.07349999994039536,1.0,0.0,0.0,0.253239902853966,KCR,2021,pit,RP
sa3005831,Carlos Leandro,P,0.2825999855995178,0.1526000052690506,1.0,0.0,0.0,-0.5313598863780498,,2021,pit,SP
sa3006420,Jhon Vergara,P,0.375,0.13300000131130219,1.0,0.0,0.0,-0.34196008965373004,,2021,pit,RP
sa3008171,Francisco Fermin,P,0.8292999863624573,0.03629999980330467,1.0,0.0,0.0,0.4134464487433438,CHC,2021,pit,RP
sa3007902,Daneuris Lagrange,P,0.7253999710083008,0.058400001376867294,1.0,0.0,0.0,0.10811315625905982,,2021,pit,RP
sa3003035,Nicolas Medina,P,1.0,0.0,1.0,0.0,0.0,0.7348531112074852,,2021,pit,RP
sa3002820,Reinaldo De Paula,P,1.0,0.0,1.0,0.0,0.0,0.7205531440675261,,2021,pit,RP
sa919030,Enmanuel Marcano,P,1.0,0.0,1.0,0.0,0.0,0.6583602249622347,,2021,pit,RP
sa918731,Juan Gámez,P,1.0,0.0,1.0,0.0,0.0,0.6213400050997735,,2021,pit,RP
sa3006125,Sergio Carrizoza,P,0.6561999917030334,0.07320000231266022,1.0,0.0,0.0,0.17324687540531158,,2021,pit,RP
sa3005833,Axel Acevedo,P,0.7014999985694885,0.06350000202655792,1.0,0.0,0.0,0.1692402027547364,,2021,pit,RP
sa3008361,Brian Metoyer,P,1.0,0.0,1.0,0.0,0.0,1.0377934001386167,NYM,2021,pit,RP
sa917158,Adrian Martinez,P,1.0,0.0,1.0,0.0,0.0,0.6646399222314359,,2021,pit,RP
sa3007722,Austin Anderson,P,1.0,0.0,1.0,0.0,0.0,0.6743001595139506,,2021,pit,RP
sa829012,Grayson Huffman,P,1.0,0.0,1.0,0.0,0.0,0.7291600957512854,,2021,pit,RP
sa3006818,Raidel Orta,P,1.0,0.0,1.0,0.0,0.0,0.5877000749111176,,2021,pit,RP
sa917594,Ivan Fortunato,P,1.0,0.0,1.0,0.0,0.0,0.6485532037913804,,2021,pit,RP
sa3006970,Daniel Bello,P,0.6207000017166138,0.08070000261068344,1.0,0.0,0.0,0.12648671045899418,,2021,pit,RP
sa3007618,Sean Boyle,P,1.0,0.0,1.0,0.0,0.0,0.5886800512671475,SDP,2021,pit,RP
sa3007819,Jose Alcantara,P,0.8021000027656555,0.042100001126527786,1.0,0.0,0.0,0.534233397990465,,2021,pit,RP
sa3005209,Francis Peguero,P,1.0,0.0,1.0,0.0,0.0,0.18855998218059566,,2021,pit,RP
sa3005036,Fausto Segura,P,1.0,0.0,1.0,0.0,0.0,0.4835799358785158,,2021,pit,RP
sa504962,Jesus Barraza,P,1.0,0.0,1.0,0.0,0.0,0.5575065024197103,,2021,pit,RP
sa917836,Ever Moya,P,1.0,0.0,1.0,0.0,0.0,-0.12059343904256803,,2021,pit,RP
sa3007255,Ben Strahm,P,1.0,0.0,1.0,0.0,0.0,0.6604531943798064,,2021,pit,RP
sa3005893,Miguel Pozo,P,0.5414999723434448,0.09749999642372131,1.0,0.0,0.0,-0.10634670108556721,,2021,pit,RP
sa3009468,Faysel Gregorio,P,0.5242000222206116,0.10119999945163727,1.0,0.0,0.0,-0.10523995757102966,BOS,2021,pit,RP
sa3006140,Miguel Yedis,P,0.4311000108718872,0.12110000103712082,1.0,0.0,0.0,-0.07991316467523601,,2021,pit,RP
sa3007934,Gabriel Cotto,P,0.5662999749183655,0.09229999780654907,1.0,0.0,0.0,-0.12100003212690336,,2021,pit,RP
sa919017,Luke Gillingham,P,1.0,0.0,1.0,0.0,0.0,0.7470267392694954,,2021,pit,RP
sa925074,Claudio Galva,P,1.0,0.0,1.0,0.0,0.0,0.5760664761066439,,2021,pit,RP
sa919907,Jose Albertos,P,1.0,0.0,1.0,0.0,0.0,0.8810867384076122,,2021,pit,RP
sa3008477,Jean Correa,P,0.7831000089645386,0.04610000178217888,1.0,0.0,0.0,0.3227134272456169,,2021,pit,RP
sa3008028,Ryan Dunne,P,1.0,0.0,1.0,0.0,0.0,0.2140334151685237,CIN,2021,pit,RP
sa3006824,Derek Craft,P,1.0,0.0,1.0,0.0,0.0,0.610959842801094,,2021,pit,RP
sa3006142,Duany Gomez,P,0.7039999961853027,0.06300000101327896,1.0,0.0,0.0,0.11968681588769003,,2021,pit,RP
sa3005245,Jake Baker,P,1.0,0.0,1.0,0.0,0.0,0.7837463669478892,,2021,pit,RP
sa3005682,Jose Palacio,P,0.770799994468689,0.04879999905824661,1.0,0.0,0.0,0.28842680305242574,,2021,pit,RP
sa919971,Fernando Calderon,P,0.8210999965667725,0.038100000470876694,1.0,0.0,0.0,0.28541996404528636,,2021,pit,RP
sa3007782,Alex Pantuso,P,1.0,0.0,1.0,0.0,0.0,1.0508734375238418,,2021,pit,RP
sa3006757,Will McAffer,P,1.0,0.0,1.0,0.0,0.0,0.8366866037249565,,2021,pit,RP
sa3004677,Andy Rohloff,P,1.0,0.0,1.0,0.0,0.0,0.620613577961922,,2021,pit,RP
sa3009857,Kipp Rollings,P,1.0,0.0,1.0,0.0,0.0,0.5553735375404361,,2021,pit,RP
sa3005886,Juan Miranda,P,1.0,0.0,1.0,0.0,0.0,0.6510202765464781,PHI,2021,pit,RP
sa1170123,Vince Coletti,P,1.0,0.0,1.0,0.0,0.0,0.8939732216298579,,2021,pit,RP
sa3008243,Barrett Loseke,P,1.0,0.0,1.0,0.0,0.0,0.5408800452947617,NYY,2021,pit,RP
11801,Hansel Robles,P,54.0,0.0,54.0,0.9919999837875366,9.67140007019043,229.30192430019378,,2021,pit,RP
sa917794,Carlos Sanchez,P,1.0,0.0,1.0,0.0,0.0,0.5990199014544486,,2021,pit,RP
sa3007843,Giovahniey German,P,0.31310001015663147,0.1460999995470047,1.0,0.0,0.0,-0.5353200539946554,,2021,pit,RP
20153,Nick Nelson,P,62.0,0.0,62.0,1.1130000352859497,12.432900428771973,276.7931951761245,,2021,pit,RP
sa3004673,Nick Vichio,P,1.0,0.0,1.0,0.0,0.0,0.5722665980458257,,2021,pit,RP
sa3007224,Jack Maynard,P,1.0,0.0,1.0,0.0,0.0,0.543446632474661,,2021,pit,RP
sa737691,Chris Kohler,P,1.0,0.0,1.0,0.0,0.0,0.5646998703479769,,2021,pit,RP
sa3009933,Derrick Adams,P,1.0,0.0,1.0,0.0,0.0,0.5765401937067507,,2021,pit,RP
sa3006542,Yoelvis Reyes,P,0.7939000129699707,0.04390000179409981,1.0,0.0,0.0,0.30303992927074486,,2021,pit,RP
sa3007216,Bobby Milacki,P,1.0,0.0,1.0,0.0,0.0,0.5532866895198825,,2021,pit,RP
9456,Ryan Buchter,P,10.0,0.0,10.0,0.0,0.6761000156402588,37.98515946865082,,2021,pit,RP
sa919033,Carlos Alejo,P,1.0,0.0,1.0,0.0,0.0,0.521873378753662,LAD,2021,pit,RP
sa3004795,Enrique Castillo,P,1.0,0.0,1.0,0.0,0.0,-0.2945199437439441,,2021,pit,RP
sa917912,Abel Adames,P,1.0,0.0,1.0,0.0,0.0,0.9342065878212455,,2021,pit,RP
sa3006576,Sebastian Tabata,P,1.0,0.0,1.0,0.0,0.0,0.877426550537348,,2021,pit,RP
25379,Sam Long,P,3.0,0.0,3.0,0.0,0.6826000213623047,11.071640312671663,KCR,2021,pit,RP
sa918933,Sidney Duprey,P,1.0,0.0,1.0,0.0,0.0,0.5823933601379396,,2021,pit,RP
sa3006960,Hai-Cheng Gong,P,1.0,0.0,1.0,0.0,0.0,0.48385330662131354,,2021,pit,RP
sa3008518,Ian Koch,P,0.9611999988555908,0.008200000040233135,1.0,0.0,0.0,0.007186962664127439,,2021,pit,RP
sa3007773,Rayne Supple,P,1.0,0.0,1.0,0.0,0.0,0.5177331842482094,COL,2021,pit,RP
sa873147,Luis Santos,P,1.0,0.0,1.0,0.0,0.0,0.5319000981748108,,2021,pit,RP
sa3003141,Jose Parra,P,1.0,0.0,1.0,0.0,0.0,0.49459364563226726,MIL,2021,pit,RP
9029,Adam Warren,P,4.0,0.0,4.0,0.0,0.6644999980926514,12.896033331751823,,2021,pit,RP
sa3007846,Moises Causado,P,0.5414999723434448,0.09749999642372131,1.0,0.0,0.0,-0.05752671584486935,,2021,pit,RP
sa881441,Keinter Olivares,P,1.0,0.0,1.0,0.0,0.0,0.5024066433310512,COL,2021,pit,RP
sa873337,Jose Diaz,P,1.0,0.0,1.0,0.0,0.0,0.479660130292177,,2021,pit,RP
sa3009632,Misael Tamarez,P,0.5795000195503235,0.08950000256299973,1.0,0.0,0.0,0.03777328953146908,SDP,2021,pit,RP
sa3005846,Luis Paulino,P,1.0,0.0,1.0,0.0,0.0,0.5719466648995879,,2021,pit,RP
23237,Juan Mejia,P,1.0,0.0,1.0,0.0,0.0,-0.26869351118803,COL,2021,pit,RP
27271,Juan Burgos,P,0.5002999901771545,0.1062999963760376,1.0,0.0,0.0,0.02525336891412744,ARI,2021,pit,RP
sa3006985,Angel Reyes,P,1.0,0.0,1.0,0.0,0.0,0.694013386964798,,2021,pit,RP
sa3006102,Emerson Ortiz,P,1.0,0.0,1.0,0.0,0.0,0.4195465736091135,,2021,pit,RP
sa3007253,Stephen Yancey,P,0.7939000129699707,0.04390000179409981,1.0,0.0,0.0,0.6582932576537135,,2021,pit,RP
sa919554,Francis Cespedes,P,1.0,0.0,1.0,0.0,0.0,0.5813735716044901,CLE,2021,pit,RP
sa3010127,Andrew Gross,P,1.0,0.0,1.0,0.0,0.0,0.9281733110547066,,2021,pit,RP
sa3007994,Jacob Gilliland,P,0.762499988079071,0.05050000175833702,1.0,0.0,0.0,0.15150659531354904,,2021,pit,RP
sa3007601,Ricardo Leon,P,0.3353999853134155,0.14139999449253082,1.0,0.0,0.0,-0.3980264961719513,,2021,pit,RP
sa3006541,Jerson Ramirez,P,1.0,0.0,1.0,0.0,0.0,0.677559964358807,,2021,pit,RP
sa3010132,Woo Young Jin,P,0.770799994468689,0.04879999905824661,1.0,0.0,0.0,0.2644201762974263,,2021,pit,RP
sa3005283,Gerson Pinales,P,0.3939000070095062,0.12890000641345978,1.0,0.0,0.0,-0.47671353965997687,,2021,pit,RP
sa3006356,Allan Beltre,P,0.7724000215530396,0.04839999973773956,1.0,0.0,0.0,0.10588647201657331,,2021,pit,RP
sa916837,Marco Gonzalez,P,1.0,0.0,1.0,0.0,0.0,0.495806680619717,,2021,pit,RP
sa3005429,Angel Suero,P,1.0,0.0,1.0,0.0,0.0,0.48614637926220894,,2021,pit,RP
sa3007895,Jake Sims,P,1.0,0.0,1.0,0.0,0.0,0.6345933876931671,,2021,pit,RP
sa3010646,Keven Pimentel,P,1.0,0.0,1.0,0.0,0.0,0.4056331694126132,COL,2021,pit,RP
sa878292,Sucre Valdez,P,1.0,0.0,1.0,0.0,0.0,0.47741333022713706,,2021,pit,RP
sa3006489,Leoner Colina,P,1.0,0.0,1.0,0.0,0.0,0.4924667462706571,,2021,pit,RP
24452,Luinder Avila,P,0.5877000093460083,0.0877000018954277,1.0,0.0,0.0,-0.08087321370840028,KCR,2021,pit,RP
sa3010265,Trey Jeans,P,1.0,0.0,1.0,0.0,0.0,0.3733800508081915,,2021,pit,RP
sa3007465,Justin Montgomery,P,1.0,0.0,1.0,0.0,0.0,0.5132401295006277,,2021,pit,RP
sa3002677,Ezequiel De La Cruz,P,1.0,0.0,1.0,0.0,0.0,0.7259733974933629,,2021,pit,RP
sa3003052,Wilmer Jimenez,P,1.0,0.0,1.0,0.0,0.0,0.7054863870143895,,2021,pit,RP
sa917393,Jhonny Valdez,P,1.0,0.0,1.0,0.0,0.0,0.6362732604146006,,2021,pit,RP
sa3004872,Diosmerky Taveras,P,0.5877000093460083,0.0877000018954277,1.0,0.0,0.0,0.03309966102242479,,2021,pit,RP
sa3005433,Eric Mendez,P,1.0,0.0,1.0,0.0,0.0,0.7461668595671656,,2021,pit,RP
sa3005863,Luis Tena,P,0.8762999773025513,0.02630000002682209,1.0,0.0,0.0,0.5390797458589076,,2021,pit,RP
sa3005854,Joandris Tolentino,P,1.0,0.0,1.0,0.0,0.0,0.5371464632451537,,2021,pit,RP
sa3006481,Yandy Vega,P,1.0,0.0,1.0,0.0,0.0,0.4217931888997559,,2021,pit,RP
sa3006961,Troy Montemayor,P,1.0,0.0,1.0,0.0,0.0,0.43183337301015845,STL,2021,pit,RP
sa3004353,Evan Estes,P,1.0,0.0,1.0,0.0,0.0,0.44587322548031816,,2021,pit,RP
sa918871,Brady Schanuel,P,1.0,0.0,1.0,0.0,0.0,0.6269866913557056,,2021,pit,RP
sa3002977,Jefferson Escorcha,P,1.0,0.0,1.0,0.0,0.0,0.785866689682007,,2021,pit,RP
sa3007583,Dazon Cole,P,0.828499972820282,0.0364999994635582,1.0,0.0,0.0,0.22114010974764842,,2021,pit,RP
sa916951,Carlos D. Rodriguez,P,1.0,0.0,1.0,0.0,0.0,0.4664131939411167,,2021,pit,RP
sa3009938,Pauly Milto,P,1.0,0.0,1.0,0.0,0.0,0.22312656119465846,,2021,pit,RP
sa3010579,Cody Davenport,P,1.0,0.0,1.0,0.0,0.0,0.4319534234702589,KCR,2021,pit,RP
sa3003067,Bryan Lara,P,0.8079000115394592,0.04089999943971634,1.0,0.0,0.0,-0.03298661485314369,,2021,pit,RP
sa872500,Alex Aquino,P/SS,1.0,0.0,1.0,0.0,0.0,0.36898676380515116,,2021,pit,RP
sa920272,Alexander Vizcaíno,P,3.0,0.0,3.0,0.0,0.6644999980926514,9.677159461379055,,2021,pit,RP
sa3007239,Alberto Gonzalez,P,0.822700023651123,0.037700001150369644,1.0,0.0,0.0,-0.23617339506745338,,2021,pit,RP
sa3010369,Chase Chaney,P,0.5662999749183655,0.09229999780654907,1.0,0.0,0.0,-0.4622133217751978,NYY,2021,pit,RP
sa3002966,Wikelman Ramirez,P,0.8021000027656555,0.042100001126527786,1.0,0.0,0.0,0.12873986884951627,,2021,pit,RP
23974,Randy Rodríguez,P,1.0,0.0,1.0,0.0,0.0,0.8679663822054864,SFG,2021,pit,RP
sa3005852,Jose Cerda,P,0.6825000047683716,0.06750000268220901,1.0,0.0,0.0,0.4431735642254355,TBR,2021,pit,RP
sa3006388,Jerald Cabrera,P,0.6850000023841858,0.06700000166893005,1.0,0.0,0.0,-0.8379134491086004,,2021,pit,RP
sa3006708,Landon Whitson,P,1.0,0.0,1.0,0.0,0.0,0.3800199009478096,ARI,2021,pit,RP
sa916828,Marcelo Hernandez,P,1.0,0.0,1.0,0.0,0.0,0.40999345853924796,,2021,pit,RP
sa3005837,Emmanuel Duran,P,0.5877000093460083,0.0877000018954277,1.0,0.0,0.0,-0.327246620506048,,2021,pit,RP
sa3005442,Brailin Gonzalez,P,1.0,0.0,1.0,0.0,0.0,0.7843600451946262,,2021,pit,RP
sa3008166,Justin Wilson,P,0.946399986743927,0.01140000019222498,1.0,0.0,0.0,0.3257864065468312,,2021,pit,RP
sa3008176,Samuel Perez,P,1.0,0.0,1.0,0.0,0.0,0.28718656972050693,,2021,pit,RP
25481,Joe La Sorsa,P,1.0,0.0,1.0,0.0,0.0,0.8377065576612952,PIT,2021,pit,RP
sa3005460,Osvaldo De La Rosa,P,1.0,0.0,1.0,0.0,0.0,0.44731331691145915,,2021,pit,RP
sa3003089,Elias Herrera,P,1.0,0.0,1.0,0.0,0.0,0.3684533014893532,,2021,pit,RP
7555,Nick Vincent,P,6.0,0.0,6.0,0.0,0.6049000024795532,19.31324011087418,,2021,pit,RP
sa3009236,Cristofer Adames,P,0.8499000072479248,0.03189999982714653,1.0,0.0,0.0,0.16293333321809778,,2021,pit,RP
sa3004449,Dylan Cyphert,P,1.0,0.0,1.0,0.0,0.0,0.4888465404510498,,2021,pit,RP
sa3003038,Diego Blanco,P,1.0,0.0,1.0,0.0,0.0,-0.42910010516643515,,2021,pit,RP
sa3004114,Michael McCormick,P,1.0,0.0,1.0,0.0,0.0,0.32064654082059896,CHW,2021,pit,RP
sa3003125,Aneudis Beard,P,1.0,0.0,1.0,0.0,0.0,0.4234133064746861,CHC,2021,pit,RP
sa3003099,Ariel Mojica,P,1.0,0.0,1.0,0.0,0.0,-0.09747343584895107,,2021,pit,RP
sa3002916,Jervic Chavez,P,1.0,0.0,1.0,0.0,0.0,0.5692664608359337,,2021,pit,RP
6627,Brad Brach,P,4.0,0.0,4.0,0.0,0.6459000110626221,13.254487335681915,,2021,pit,RP
sa3003048,Anyelo Luna,P,0.7419000267982483,0.05490000173449516,1.0,0.0,0.0,-0.046826595813036054,,2021,pit,RP
sa3002941,Roy Garcia,P,0.6248000264167786,0.07980000227689743,1.0,0.0,0.0,0.11883341968059558,,2021,pit,RP
sa3009595,Pedro Cordero,P,0.6075000166893005,0.08349999785423279,1.0,0.0,0.0,-0.18342651650309527,,2021,pit,RP
sa872872,Julio Guante,P,1.0,0.0,1.0,0.0,0.0,0.30135318785905874,,2021,pit,RP
sa3005883,Yoelvis Guedez,P,1.0,0.0,1.0,0.0,0.0,0.2991132654249671,,2021,pit,RP
sa3002994,Leandro Mendez,P,1.0,0.0,1.0,0.0,0.0,0.2830733925104143,,2021,pit,RP
sa3007970,Hunter Speer,P,1.0,0.0,1.0,0.0,0.0,0.2923933722078802,,2021,pit,RP
sa3006777,Mack Meyer,P,1.0,0.0,1.0,0.0,0.0,0.2737600676715375,,2021,pit,RP
sa3002955,Ronald Burgos,P,1.0,0.0,1.0,0.0,0.0,0.3339400641620158,,2021,pit,RP
sa875300,Yeudy Colon,P,1.0,0.0,1.0,0.0,0.0,0.38410028591752043,NYM,2021,pit,RP
sa3005858,Willy Basil,P,1.0,0.0,1.0,0.0,0.0,0.40075975432992017,,2021,pit,RP
sa924306,Jose Alberro,P,1.0,0.0,1.0,0.0,0.0,0.5055065199732782,,2021,pit,RP
sa917565,Jose Zorrilla,P,1.0,0.0,1.0,0.0,0.0,0.7235068030655385,,2021,pit,RP
sa3002675,Yeison Sanchez,P,1.0,0.0,1.0,0.0,0.0,0.4109133757650856,,2021,pit,RP
sa3006498,Yeison Santos,P,1.0,0.0,1.0,0.0,0.0,0.352713254094124,,2021,pit,RP
sa1169852,Nate Pawelczyk,P,1.0,0.0,1.0,0.0,0.0,0.323019974678755,CHW,2021,pit,RP
sa946446,Erick Heredia,P,0.8037999868392944,0.04179999977350235,1.0,0.0,0.0,0.0034266613423827863,,2021,pit,RP
sa3010367,Eric Mock,P,1.0,0.0,1.0,0.0,0.0,0.4387068480253218,,2021,pit,RP
sa3010619,Parker Caracci,P,1.0,0.0,1.0,0.0,0.0,0.426326433569193,,2021,pit,RP
17181,Yoan López,P,50.0,0.0,50.0,0.0,9.295999526977539,211.58087158203122,,2021,pit,RP
sa3009268,William Miranda,P,0.84170001745224,0.03370000049471855,1.0,0.0,0.0,0.36624673977494293,STL,2021,pit,RP
sa3008275,Jonathan Almonte,P,1.0,0.0,1.0,0.0,0.0,0.5134399592876435,ARI,2021,pit,RP
sa3006160,Victor Mendez,P,1.0,0.0,1.0,0.0,0.0,-0.4152801185846329,,2021,pit,RP
sa3011185,Elliott Anderson,P,1.0,0.0,1.0,0.0,0.0,0.4025534182786945,,2021,pit,RP
sa3003132,Frainger Aranguren,P,1.0,0.0,1.0,0.0,0.0,-0.2113401494920253,,2021,pit,RP
sa917897,Jesus E. Sanchez,P,1.0,0.0,1.0,0.0,0.0,0.5563997171819208,MIA,2021,pit,RP
sa3002682,Anderson Parra,P,1.0,0.0,1.0,0.0,0.0,0.3627134136855603,,2021,pit,RP
sa3005828,Felix Ramires,P,1.0,0.0,1.0,0.0,0.0,-0.4837932750582694,,2021,pit,RP
sa3002995,Donato Auguste,P,1.0,0.0,1.0,0.0,0.0,0.30407998934388214,,2021,pit,RP
22449,Nivaldo Rodriguez,P,8.0,0.0,8.0,0.0,0.680899977684021,28.496366816759114,,2021,pit,RP
sa738440,Jordan Floyd,P,1.0,0.0,1.0,0.0,0.0,0.2640531241893771,KCR,2021,pit,RP
sa885994,Richard Cespedes,P,1.0,0.0,1.0,0.0,0.0,-0.5848532885313031,,2021,pit,RP
sa3003064,Eliezer Rodriguez,P,1.0,0.0,1.0,0.0,0.0,0.5348333097994331,,2021,pit,RP
sa3006410,Carlos Meza,P,0.7576000094413757,0.051600001752376556,1.0,0.0,0.0,0.20669333785772315,,2021,pit,RP
sa3005869,Pablo Falconett,P,1.0,0.0,1.0,0.0,0.0,0.332006694376469,,2021,pit,RP
sa3008728,Jordany Vasquez,P,0.7831000089645386,0.04610000178217888,1.0,0.0,0.0,-0.03990664556622514,BAL,2021,pit,RP
sa3008358,Rafael Feliz,P,0.6561999917030334,0.07320000231266022,1.0,0.0,0.0,-0.161813249439001,MIN,2021,pit,RP
sa3008264,Oriel Castro,P,0.3659000098705292,0.13490000367164612,1.0,0.0,0.0,-0.8844666704535484,,2021,pit,RP
sa3006773,Nick Johnson,P,1.0,0.0,1.0,0.0,0.0,0.23696695566177395,CHW,2021,pit,RP
sa3005889,Luis Amoroso,P,1.0,0.0,1.0,0.0,0.0,-0.582853167504072,COL,2021,pit,RP
sa3006575,Frederic Garcia,P,0.5152000188827515,0.10320000350475311,1.0,0.0,0.0,-0.48900668174028405,,2021,pit,RP
sa3004198,Luis Nin,P,1.0,0.0,1.0,0.0,0.0,0.11611341312527701,,2021,pit,RP
sa3008471,Jeremis Herrera,P,1.0,0.0,1.0,0.0,0.0,0.3093935936689376,,2021,pit,RP
sa3002929,Antonio Pujols,P,1.0,0.0,1.0,0.0,0.0,0.4048667088150979,,2021,pit,RP
sa3006382,Richi Vasquez,P,0.7831000089645386,0.04610000178217888,1.0,0.0,0.0,0.0388467043638232,,2021,pit,RP
sa3008045,Manual Tovar,P,1.0,0.0,1.0,0.0,0.0,-0.5719799533486363,,2021,pit,RP
sa3005822,Wilkin Baez,P,0.828499972820282,0.0364999994635582,1.0,0.0,0.0,0.07048007622361219,,2021,pit,RP
sa3010316,Brad Bonnenfant,P,1.0,0.0,1.0,0.0,0.0,0.19957332536578187,KCR,2021,pit,RP
sa3009461,Mauricio Bascunan,P,0.629800021648407,0.07880000025033951,1.0,0.0,0.0,-0.1489199511706829,,2021,pit,RP
sa3009719,Juan Polanco,P,0.6948999762535095,0.0649000033736229,1.0,0.0,0.0,-0.22761990725994075,,2021,pit,RP
sa875867,Jeffry Nino,P,1.0,0.0,1.0,0.0,0.0,0.267406649142504,,2021,pit,RP
sa3003054,Andry Cuevas,P,1.0,0.0,1.0,0.0,0.0,-0.09217342287302,,2021,pit,RP
sa3006071,Francisco Benitez,P,0.29339998960494995,0.15039999783039093,1.0,0.0,0.0,-1.2131068274378776,,2021,pit,SP
sa1169765,Karan Patel,P,1.0,0.0,1.0,0.0,0.0,0.03339352607727042,,2021,pit,RP
sa917469,Wilman Madera,P,1.0,0.0,1.0,0.0,0.0,0.25416010990738913,,2021,pit,RP
sa3003060,Francisco Gracia,P,1.0,0.0,1.0,0.0,0.0,0.2725465789437296,,2021,pit,RP
sa3006147,Starlyn Reynoso,P,0.7576000094413757,0.051600001752376556,1.0,0.0,0.0,-0.0898867622017856,,2021,pit,RP
sa3005326,Drew Weston,P,1.0,0.0,1.0,0.0,0.0,0.20238669663667697,,2021,pit,RP
sa3006067,Gregori Segovia,P,1.0,0.0,1.0,0.0,0.0,0.23605972751975068,,2021,pit,RP
sa917766,Luis Ojeda,P,0.5993000268936157,0.08529999852180481,1.0,0.0,0.0,-0.5132801212370395,,2021,pit,RP
sa3002605,Fernando Sanchez,P,0.6561999917030334,0.07320000231266022,1.0,0.0,0.0,-0.2038530632853508,MIN,2021,pit,RP
sa3006637,Angel Obando,P,1.0,0.0,1.0,0.0,0.0,0.2573866024613385,,2021,pit,RP
sa916841,Willian Suarez,P,0.84170001745224,0.03370000049471855,1.0,0.0,0.0,0.011133383959532228,,2021,pit,RP
sa3002906,Saul De La Cruz,P,1.0,0.0,1.0,0.0,0.0,0.28335342183709145,,2021,pit,RP
sa3007904,Yeancarlos Lleras,P,0.7253999710083008,0.058400001376867294,1.0,0.0,0.0,-0.8627933278679847,,2021,pit,RP
sa3004715,Elian Rodriguez,P,0.5414999723434448,0.09749999642372131,1.0,0.0,0.0,-0.3476468503475192,,2021,pit,RP
sa826677,Ulises Perez,P,1.0,0.0,1.0,0.0,0.0,0.46058678478002557,SEA,2021,pit,RP
sa3009859,Cristian Sierra,P,1.0,0.0,1.0,0.0,0.0,0.2548733644187453,,2021,pit,RP
sa3007257,Rigo Fernandez,P,1.0,0.0,1.0,0.0,0.0,0.11924665793776557,,2021,pit,RP
sa3009747,Harold Melenge,P,0.6413000226020813,0.0763000026345253,1.0,0.0,0.0,-0.03732661306858054,,2021,pit,RP
sa3005123,Jose Larez,P,1.0,0.0,1.0,0.0,0.0,0.10432665273547181,,2021,pit,RP
sa3007261,Austin Briggs,P,1.0,0.0,1.0,0.0,0.0,0.5831333719193936,,2021,pit,RP
sa918417,Dominic DiSabatino,P,1.0,0.0,1.0,0.0,0.0,0.16130645573139235,,2021,pit,RP
sa3007602,Chih-Ting Wang,P,1.0,0.0,1.0,0.0,0.0,0.289366888254881,,2021,pit,RP
sa3008686,Efren Diaz,P,0.7939000129699707,0.04390000179409981,1.0,0.0,0.0,-0.09368017762899372,,2021,pit,RP
sa3006105,Keiro Munoz,P,1.0,0.0,1.0,0.0,0.0,0.15018646195530927,,2021,pit,RP
sa3009720,Cal Maduro,P,1.0,0.0,1.0,0.0,0.0,0.26410696581006077,,2021,pit,RP
sa947269,Darel Torres,P,1.0,0.0,1.0,0.0,0.0,0.2215002208948138,,2021,pit,RP
sa872834,Wander Feliz,P/OF,1.0,0.0,1.0,0.0,0.0,0.17016671895980862,,2021,pit,RP
sa737242,Denis Diaz,P,1.0,0.0,1.0,0.0,0.0,0.14740698412060738,,2021,pit,RP
sa917111,Bryan Herrera,P,1.0,0.0,1.0,0.0,0.0,0.1992864854633809,TBR,2021,pit,RP
sa3005894,Yosmel Naranjo,P,1.0,0.0,1.0,0.0,0.0,0.24087323397397986,,2021,pit,RP
sa3005687,Bryan Caceres,P,1.0,0.0,1.0,0.0,0.0,0.15955336466431636,,2021,pit,RP
sa3006996,Rion Murrah,P,1.0,0.0,1.0,0.0,0.0,0.07129350304603621,LAA,2021,pit,RP
sa833636,Luis Silva,P,1.0,0.0,1.0,0.0,0.0,0.20509977489709907,NYM,2021,pit,RP
sa875901,Joel Pinto,P,1.0,0.0,1.0,0.0,0.0,0.11502680480480221,,2021,pit,RP
sa3005448,Carlos De Los Santos,P,1.0,0.0,1.0,0.0,0.0,0.1875734284520152,,2021,pit,RP
sa3003063,Victor Medina,P,1.0,0.0,1.0,0.0,0.0,0.11180004999041548,,2021,pit,RP
sa3005815,Luis Candelo,P,1.0,0.0,1.0,0.0,0.0,0.09096657857298895,,2021,pit,RP
sa3005699,Elbis Afanador,P,0.6075000166893005,0.08349999785423279,1.0,0.0,0.0,-0.25329313129186604,SEA,2021,pit,RP
sa3006144,Cristian Acosta,P,1.0,0.0,1.0,0.0,0.0,0.15656676143407866,,2021,pit,RP
sa3002944,Nelson Prada,P,1.0,0.0,1.0,0.0,0.0,0.44020648077130353,,2021,pit,RP
sa918215,Jake Polancic,P,1.0,0.0,1.0,0.0,0.0,0.23368663713336035,,2021,pit,RP
sa917769,Yeudry Manzanillo,P,1.0,0.0,1.0,0.0,0.0,0.11239984035491934,,2021,pit,RP
sa3005467,Irvin Villarroel,P,1.0,0.0,1.0,0.0,0.0,0.172713427245617,BOS,2021,pit,RP
sa3006070,José Geraldo,P,1.0,0.0,1.0,0.0,0.0,0.16773362755775434,,2021,pit,RP
sa3006587,Felix Alonzo,P,1.0,0.0,1.0,0.0,0.0,0.1952934682369234,,2021,pit,RP
24710,Luis Curvelo,P,1.0,0.0,1.0,0.0,0.0,0.43270026817917806,TEX,2021,pit,RP
sa3003133,Manuel Cachutt,P,1.0,0.0,1.0,0.0,0.0,-0.3774466730654238,,2021,pit,RP
sa3003062,Luis C. Garcia,P,1.0,0.0,1.0,0.0,0.0,0.2037734657526018,,2021,pit,RP
sa3010004,Vladimir Nunez,P,1.0,0.0,1.0,0.0,0.0,-0.026413270086049767,,2021,pit,RP
sa3008677,Luis Garcia,P,0.84170001745224,0.03370000049471855,1.0,0.0,0.0,0.14800661653280267,,2021,pit,RP
sa3003030,Ronny Garcia,P,0.8210999965667725,0.038100000470876694,1.0,0.0,0.0,0.014220032840967178,,2021,pit,RP
sa3006367,Luisenyer Perez,P,1.0,0.0,1.0,0.0,0.0,0.21599984169006348,,2021,pit,RP
sa3002931,Carlos Caminero,P,1.0,0.0,1.0,0.0,0.0,0.19999310001730963,,2021,pit,RP
sa917471,Kenlly Montas,P,1.0,0.0,1.0,0.0,0.0,0.08193304613232621,NYY,2021,pit,RP
sa3002690,Victor Martinez,P,1.0,0.0,1.0,0.0,0.0,0.49280633106827754,,2021,pit,RP
sa828562,Victor Mueses,P,1.0,0.0,1.0,0.0,0.0,0.14223989918828028,,2021,pit,RP
sa3006389,Luis Marine,P,1.0,0.0,1.0,0.0,0.0,0.10324672833085069,,2021,pit,RP
sa3011623,Joe Lienhard,P,1.0,0.0,1.0,0.0,0.0,0.11626661345362699,KCR,2021,pit,RP
sa1170425,Zack Phillips,P,1.0,0.0,1.0,0.0,0.0,0.13794668242335328,,2021,pit,RP
sa3006561,Nixon Silva,P,1.0,0.0,1.0,0.0,0.0,0.16741989701986304,NYM,2021,pit,RP
sa873339,Domingo Pena,P,1.0,0.0,1.0,0.0,0.0,0.04773356094956416,KCR,2021,pit,RP
sa828449,Jesus Monserratt,P/C,1.0,0.0,1.0,0.0,0.0,0.1156067229807376,,2021,pit,RP
sa3007489,Johnnie Schneider,P,1.0,0.0,1.0,0.0,0.0,-0.3602932654321189,,2021,pit,RP
sa3003053,Ramon Pineda,P,1.0,0.0,1.0,0.0,0.0,0.09433312490582457,,2021,pit,RP
sa3006098,Alexis Araujo,P,1.0,0.0,1.0,0.0,0.0,0.07224005013704282,,2021,pit,RP
sa829025,Luis Gamez,P,0.8540999889373779,0.031099999323487282,1.0,0.0,0.0,-0.051926606893538896,,2021,pit,RP
sa3006616,Yordy Guaba,P,1.0,0.0,1.0,0.0,0.0,0.19401981458067885,KCR,2021,pit,RP
sa3002963,Maximo Cortes,P,1.0,0.0,1.0,0.0,0.0,0.14379985630512282,,2021,pit,RP
19883,Alex Lange,P,5.0,0.0,5.0,0.0,0.6050999760627747,16.309399229288097,KCR,2021,pit,RP
sa3010776,Jonah Dipoto,P,1.0,0.0,1.0,0.0,0.0,0.1856999911367896,,2021,pit,RP
sa3006519,Stanley Guzman,P,1.0,0.0,1.0,0.0,0.0,0.08821331337094351,,2021,pit,RP
sa917760,Francis Jones,P,1.0,0.0,1.0,0.0,0.0,0.09563317820429829,CIN,2021,pit,RP
sa3011188,Austin Manning,P,1.0,0.0,1.0,0.0,0.0,0.12462688088417062,KCR,2021,pit,RP
sa3006116,Ronald Govea,P,1.0,0.0,1.0,0.0,0.0,0.04942001327872303,,2021,pit,RP
sa1170802,Patrick Smith,P,1.0,0.0,1.0,0.0,0.0,0.16145306006073978,,2021,pit,RP
sa3003040,Rodard Avelino,P,1.0,0.0,1.0,0.0,0.0,0.5292135171592238,,2021,pit,RP
sa879106,Anthony Trompiz,P,1.0,0.0,1.0,0.0,0.0,0.0055866621434690344,,2021,pit,RP
sa3008039,Julio Avendano,P,1.0,0.0,1.0,0.0,0.0,0.28249323815107363,,2021,pit,RP
sa3006165,Miguel Maiz,P,1.0,0.0,1.0,0.0,0.0,0.35398006737232235,,2021,pit,RP
sa920636,Kilber Santana,P,1.0,0.0,1.0,0.0,0.0,0.0688732221722601,,2021,pit,RP
sa917972,Willians Vasquez,P,1.0,0.0,1.0,0.0,0.0,0.04228002578020096,,2021,pit,RP
21850,Mason Thompson,P,3.0,0.0,3.0,0.0,0.6970999836921692,9.981759729981427,TEX,2021,pit,RP
sa3006574,Thowar Martinez,P,1.0,0.0,1.0,0.0,0.0,0.11803313493728629,,2021,pit,RP
sa919883,Luis Silva,P,1.0,0.0,1.0,0.0,0.0,0.07101350352168101,,2021,pit,RP
sa3005458,Isaias Ozoria,P,1.0,0.0,1.0,0.0,0.0,0.16067994982004175,,2021,pit,RP
25663,McKinley Moore,P,1.0,0.0,1.0,0.0,0.0,-0.05155301392078382,,2021,pit,RP
sa3003044,Julio Rosario,P,1.0,0.0,1.0,0.0,0.0,0.061946807056665776,PIT,2021,pit,RP
sa3008137,Victor Villanueva,P,1.0,0.0,1.0,0.0,0.0,0.22714004069566718,,2021,pit,RP
sa3002674,Aldemar Rivas,P,1.0,0.0,1.0,0.0,0.0,0.09779356718063381,,2021,pit,RP
sa3002974,Kelvin De Los Santos,P,1.0,0.0,1.0,0.0,0.0,0.08606016486883172,,2021,pit,RP
sa3011202,Donavin Buck,P,1.0,0.0,1.0,0.0,0.0,0.03738642781972912,KCR,2021,pit,RP
sa3002681,Antonio Cardenas,P,1.0,0.0,1.0,0.0,0.0,0.2459130041301254,,2021,pit,RP
sa3007938,Jesus Turizo,P,1.0,0.0,1.0,0.0,0.0,-0.025239871442317874,,2021,pit,RP
sa3003046,Osiris German,P,1.0,0.0,1.0,0.0,0.0,0.18788664788007736,,2021,pit,RP
sa3008490,Enmanuel Pio,P,1.0,0.0,1.0,0.0,0.0,-0.8163868136703969,,2021,pit,RP
sa3005875,Nicoly Pina,P,1.0,0.0,1.0,0.0,0.0,0.13227331191301372,,2021,pit,RP
sa3005857,Johan Lopez,P,1.0,0.0,1.0,0.0,0.0,0.11618014052510306,,2021,pit,RP
sa828529,Enrique Perez,P,1.0,0.0,1.0,0.0,0.0,0.0742131881415844,STL,2021,pit,RP
sa3005074,Galvi Agramonte,P,1.0,0.0,1.0,0.0,0.0,0.029413350671529948,,2021,pit,RP
sa3002919,Jose Romero,P,1.0,0.0,1.0,0.0,0.0,0.033173388987779884,,2021,pit,RP
sa3007626,Juan Aguilera,P,1.0,0.0,1.0,0.0,0.0,0.14655333086848277,,2021,pit,RP
sa3002799,Luis Eusebio,P,1.0,0.0,1.0,0.0,0.0,0.005306885391473948,,2021,pit,RP
sa3007496,Enrique Santana,P,1.0,0.0,1.0,0.0,0.0,0.06038686186075193,,2021,pit,RP
21652,Elvis Peguero,P,0.7831000089645386,0.04610000178217888,1.0,0.0,0.0,-0.47093344777822477,,2021,pit,RP
sa879803,Bairon De La Rosa,P,1.0,0.0,1.0,0.0,0.0,0.09486023560166368,,2021,pit,RP
sa3003076,Brian Abreu,P,1.0,0.0,1.0,0.0,0.0,0.0350265249609949,,2021,pit,RP
sa3006421,Jeffrey Colon,P,1.0,0.0,1.0,0.0,0.0,0.2985131546854971,,2021,pit,RP
sa3007808,Martin Rodriguez,P,1.0,0.0,1.0,0.0,0.0,0.22832670956850087,,2021,pit,RP
sa3004871,Estarlin Rodriguez,P,1.0,0.0,1.0,0.0,0.0,0.04448665156960496,,2021,pit,RP
sa919025,Anderson Reynoso,P,1.0,0.0,1.0,0.0,0.0,-0.05682663396000853,,2021,pit,RP
sa3008262,Ewdy Aquino,P,1.0,0.0,1.0,0.0,0.0,-0.21457310244440997,,2021,pit,RP
sa1170347,Alex Smith,P,1.0,0.0,1.0,0.0,0.0,0.12776637449860617,KCR,2021,pit,RP
sa739158,Ismael Maldonado,P,0.9545999765396118,0.009600000455975533,1.0,0.0,0.0,-0.07108677253127071,KCR,2021,pit,RP
sa879447,Omar Ventura,P,1.0,0.0,1.0,0.0,0.0,0.01889318302273768,,2021,pit,RP
sa3003014,Abel Estevez,P,1.0,0.0,1.0,0.0,0.0,-0.06983330398797971,NYY,2021,pit,RP
sa873719,Jose De Leon,P,1.0,0.0,1.0,0.0,0.0,-0.012026894092559637,KCR,2021,pit,RP
sa3005035,Noah Nunez,P,1.0,0.0,1.0,0.0,0.0,-0.03194659426808322,,2021,pit,RP
sa3005466,Cristofe Tineo,P,1.0,0.0,1.0,0.0,0.0,0.004433410614729016,,2021,pit,RP
sa3006641,Alexis Cedano,P,1.0,0.0,1.0,0.0,0.0,0.010460101813078104,,2021,pit,RP
sa3008723,Frander Veras,P,1.0,0.0,1.0,0.0,0.0,-0.19958676248788842,,2021,pit,RP
sa3003024,Allinson Benitez,P,1.0,0.0,1.0,0.0,0.0,0.23842652142047926,,2021,pit,RP
sa3003092,Braulio Nunez,P,0.7939000129699707,0.04390000179409981,1.0,0.0,0.0,-0.2699199818074698,,2021,pit,RP
sa3006491,Kelvin Bautista,P,1.0,0.0,1.0,0.0,0.0,-0.07890032380819312,,2021,pit,RP
sa3006148,Marcos Reyes,P,1.0,0.0,1.0,0.0,0.0,-0.12642011791467622,,2021,pit,RP
sa3006632,Andres Falcon,P,1.0,0.0,1.0,0.0,0.0,-0.02149330079555467,,2021,pit,RP
sa3006118,Zamil Castillo,P,1.0,0.0,1.0,0.0,0.0,-0.35980654656887046,,2021,pit,RP
sa3003115,Miguel Pena,P,1.0,0.0,1.0,0.0,0.0,0.02528001368045807,,2021,pit,RP
sa873426,Fernando Caro,P,1.0,0.0,1.0,0.0,0.0,-0.2759067028760911,,2021,pit,RP
sa3007737,Pablo Pimentel,P,0.7576000094413757,0.051600001752376556,1.0,0.0,0.0,-0.18282676488161087,,2021,pit,RP
sa3009738,Osiris Santana,P,1.0,0.0,1.0,0.0,0.0,-0.01648007631301862,,2021,pit,RP
sa3005144,Dalvin Rosario,P,1.0,0.0,1.0,0.0,0.0,-0.021566876769065768,,2021,pit,RP
sa916714,Ciriaco Javier,P,1.0,0.0,1.0,0.0,0.0,-0.025846730172633947,,2021,pit,RP
sa3006802,Clark Cota,P,1.0,0.0,1.0,0.0,0.0,0.37653995901346216,,2021,pit,RP
sa3006128,Charls Jameson,P,1.0,0.0,1.0,0.0,0.0,-0.09854003041982651,,2021,pit,RP
sa3003003,Austin Morales,P,1.0,0.0,1.0,0.0,0.0,-0.07126643285155243,,2021,pit,RP
sa3008485,Felipe Acosta,P,1.0,0.0,1.0,0.0,0.0,-0.10723998844623539,,2021,pit,RP
sa3006497,Jose Ballista,P,1.0,0.0,1.0,0.0,0.0,-0.019639893621206106,KCR,2021,pit,RP
sa917765,Meliton Reyes,P,1.0,0.0,1.0,0.0,0.0,-0.16017329394817326,TOR,2021,pit,RP
sa3003930,Larimel Soriano,P,1.0,0.0,1.0,0.0,0.0,0.1849799208343028,,2021,pit,RP
sa3005033,Yadiel Flores,P,1.0,0.0,1.0,0.0,0.0,-0.10913327485322943,NYM,2021,pit,RP
sa917388,Wuilson Meza,P,1.0,0.0,1.0,0.0,0.0,-0.096186639368534,,2021,pit,RP
sa917906,Christopher Bonilla,P,1.0,0.0,1.0,0.0,0.0,-0.3124599792063236,,2021,pit,RP
sa3009513,Maximiguel Rudecindo,P,1.0,0.0,1.0,0.0,0.0,-0.13266008868813506,,2021,pit,RP
sa3003135,Jender De Jesus,P,1.0,0.0,1.0,0.0,0.0,-0.09779307544231397,NYM,2021,pit,RP
sa3003085,Janick Lopez,P,0.6825000047683716,0.06750000268220901,1.0,0.0,0.0,-0.10400006026029596,TBR,2021,pit,RP
sa3005188,Michell Miliano,P,1.0,0.0,1.0,0.0,0.0,0.02189360931515738,,2021,pit,RP
sa3004152,Brady Cox,P/C,1.0,0.0,1.0,0.0,0.0,-0.09218685477972022,KCR,2021,pit,RP
sa3006115,Frank Valera,P,1.0,0.0,1.0,0.0,0.0,-0.10531348586082423,,2021,pit,RP
sa873541,Juan Castillo,P,1.0,0.0,1.0,0.0,0.0,-0.08264685049653053,,2021,pit,RP
sa3005455,Lizardy Dicent,P,1.0,0.0,1.0,0.0,0.0,-0.09229326024651519,PIT,2021,pit,RP
sa3005868,Samuel Burgos,P,1.0,0.0,1.0,0.0,0.0,-0.12431338280439386,,2021,pit,RP
sa3002687,Oliver Rosario,P,1.0,0.0,1.0,0.0,0.0,-0.017986970394849422,ARI,2021,pit,RP
sa3006555,Robinson Montero,P,1.0,0.0,1.0,0.0,0.0,-0.1307933770120142,BOS,2021,pit,RP
sa3009619,Adrian Gonzalez,P,1.0,0.0,1.0,0.0,0.0,-0.15857330635189992,,2021,pit,RP
sa3006702,Jose Ramirez,P,0.8037999868392944,0.04179999977350235,1.0,0.0,0.0,-0.3565866842865941,,2021,pit,RP
18581,Travis Bergen,P,12.0,0.0,12.0,0.0,0.6546000242233276,40.50754137039186,,2021,pit,RP
sa3008131,Yoniel Ramirez,P,1.0,0.0,1.0,0.0,0.0,-0.1124463722109792,,2021,pit,RP
sa3007605,Darrien Williams,P,1.0,0.0,1.0,0.0,0.0,-0.11134670972824079,LAA,2021,pit,RP
sa3006488,Adrian Solano,P,1.0,0.0,1.0,0.0,0.0,-0.13342686146497673,,2021,pit,RP
sa3007277,Carlos De La Cruz,P,1.0,0.0,1.0,0.0,0.0,-0.20733992606401452,,2021,pit,RP
sa3008357,Ismael Gomez,P,0.816100001335144,0.03909999877214432,1.0,0.0,0.0,-0.5102268002927302,,2021,pit,RP
sa3005457,Carlos Campos,P,1.0,0.0,1.0,0.0,0.0,-0.1274199128150939,,2021,pit,RP
sa3003142,Hector Rodriguez,P,1.0,0.0,1.0,0.0,0.0,-0.016293433308601557,NYM,2021,pit,RP
sa3004010,Israel Lantigua,P,1.0,0.0,1.0,0.0,0.0,-0.5739998489618299,,2021,pit,RP
sa3006419,Sergio Sanchez,P,1.0,0.0,1.0,0.0,0.0,-0.03482004925608617,,2021,pit,RP
sa3007619,Jacob Voss,P,1.0,0.0,1.0,0.0,0.0,-0.03303331360220918,LAA,2021,pit,RP
sa3006120,Alfredo Castaneda,P,1.0,0.0,1.0,0.0,0.0,-0.11868660524487495,,2021,pit,RP
sa917672,Miguel Paulino,P,1.0,0.0,1.0,0.0,0.0,-0.1388933517038824,,2021,pit,RP
sa3002920,Manuel Manzanillo,P,1.0,0.0,1.0,0.0,0.0,-0.10204021260142326,,2021,pit,RP
sa3007962,Jose Valencia,P,1.0,0.0,1.0,0.0,0.0,-0.14180017486214602,,2021,pit,RP
sa3005440,Yangely De La Cruz,P,1.0,0.0,1.0,0.0,0.0,-0.18235985264182064,,2021,pit,RP
sa3002972,Luis Alvarez,P,1.0,0.0,1.0,0.0,0.0,-0.18643997460603678,TOR,2021,pit,RP
15231,Aaron Slegers,P,36.0,0.0,36.0,0.0,3.305299997329712,122.52449643611911,,2021,pit,RP
sa3006134,Andy Reyes,P,1.0,0.0,1.0,0.0,0.0,-0.295206719636917,,2021,pit,RP
sa3004774,Stephen Greenlees,P,1.0,0.0,1.0,0.0,0.0,-0.08589332997798893,KCR,2021,pit,RP
sa3005896,Edmar Gonzalez,P,1.0,0.0,1.0,0.0,0.0,-0.0703065291047098,,2021,pit,RP
sa3005709,Jose Diaz,P,1.0,0.0,1.0,0.0,0.0,-0.127913236618042,,2021,pit,RP
sa3006376,Luis Gomez,P,1.0,0.0,1.0,0.0,0.0,-0.2176664821803569,,2021,pit,RP
sa3009488,Johan Montero,P,1.0,0.0,1.0,0.0,0.0,-0.18617321550846055,,2021,pit,RP
sa3005830,Manuel De La Rosa,P,1.0,0.0,1.0,0.0,0.0,-0.146873665601015,,2021,pit,RP
sa877306,Christophers Santana,P,1.0,0.0,1.0,0.0,0.0,-0.1566465623676776,,2021,pit,RP
sa3003118,Rafael Prensa,P,1.0,0.0,1.0,0.0,0.0,0.2280733004212383,,2021,pit,RP
sa3006167,Raulin Celedonio,P,1.0,0.0,1.0,0.0,0.0,0.008786730468273163,,2021,pit,RP
sa3009273,Edward Sosa,P,1.0,0.0,1.0,0.0,0.0,0.07486663013696715,,2021,pit,RP
sa3005840,Gabriel Delgado,P,1.0,0.0,1.0,0.0,0.0,-0.20253330692648852,,2021,pit,RP
sa3006121,Jose Amaya,P,1.0,0.0,1.0,0.0,0.0,-0.1425068870186803,,2021,pit,RP
sa3008433,David Flores,P,1.0,0.0,1.0,0.0,0.0,-0.1531868323683736,,2021,pit,RP
sa3006104,Argenis Liriano,P,1.0,0.0,1.0,0.0,0.0,0.2643532842397689,,2021,pit,RP
sa3002968,Erick Perez,P,1.0,0.0,1.0,0.0,0.0,-0.29058665186166754,,2021,pit,RP
sa3005853,Claudio Mota,P,1.0,0.0,1.0,0.0,0.0,-0.22900683283805812,,2021,pit,RP
sa3008290,Brendan Hardy,P,1.0,0.0,1.0,0.0,0.0,0.15225335881114033,COL,2021,pit,RP
sa3002924,Raibel Custodio,P,1.0,0.0,1.0,0.0,0.0,-0.02059303447604144,,2021,pit,RP
sa3005842,Jesus Rosillo,P,1.0,0.0,1.0,0.0,0.0,-0.18756665959954244,BOS,2021,pit,RP
sa917467,Dauris Cordero,P,1.0,0.0,1.0,0.0,0.0,0.23452677577734038,,2021,pit,RP
sa920824,Luis Trinidad,P,1.0,0.0,1.0,0.0,0.0,0.27249327600002315,,2021,pit,RP
sa3002619,Alejandro Vallejo,P,0.8185999989509583,0.038600001484155655,1.0,0.0,0.0,-0.3822732381522651,,2021,pit,RP
sa3006177,Adrian Hernandez,P,1.0,0.0,1.0,0.0,0.0,-0.14682020843028987,,2021,pit,RP
sa3002953,Kleiber Carreno,P,1.0,0.0,1.0,0.0,0.0,-0.2066667765378951,,2021,pit,RP
sa3006511,Gustavo Polanco,P,1.0,0.0,1.0,0.0,0.0,-0.12963994815945634,,2021,pit,RP
sa3005705,Johan Lopez,P,1.0,0.0,1.0,0.0,0.0,-0.23174677565693802,,2021,pit,RP
sa3005825,Luis Diaz,P,1.0,0.0,1.0,0.0,0.0,-0.12569997012615186,,2021,pit,RP
sa3006172,Ricardo Frias,P,1.0,0.0,1.0,0.0,0.0,-0.19917349219322178,,2021,pit,RP
sa917049,Yoel Diaz,P,1.0,0.0,1.0,0.0,0.0,-0.19549321234226236,,2021,pit,RP
sa3006401,Nehemias Lopez,P,1.0,0.0,1.0,0.0,0.0,-0.4231132768094539,,2021,pit,RP
sa828578,Nelson Acosta,P,1.0,0.0,1.0,0.0,0.0,-0.4759466595947739,,2021,pit,RP
sa3006374,Cristofer Mezquita,P,1.0,0.0,1.0,0.0,0.0,-0.019580022990703494,,2021,pit,RP
sa3008685,Jonathan Rivas,P,1.0,0.0,1.0,0.0,0.0,-0.2746598519384862,PHI,2021,pit,RP
sa3005861,Petter Caty,P,1.0,0.0,1.0,0.0,0.0,-0.2554934270679947,,2021,pit,RP
sa921282,Adriam Castillo,P,1.0,0.0,1.0,0.0,0.0,-0.2498333342373371,,2021,pit,RP
sa3006478,Jose De Los Santos,P,0.8574000000953674,0.030400000512599945,1.0,0.0,0.0,-0.06158009395003283,TBR,2021,pit,RP
sa3007842,Eiker Huizi,P,1.0,0.0,1.0,0.0,0.0,0.03872659578919402,WSN,2021,pit,RP
16427,Scott Blewett,P,5.0,0.0,5.0,0.0,0.6459000110626221,16.077353107929227,STL,2021,pit,RP
sa3006108,Williams Moreno,P,1.0,0.0,1.0,0.0,0.0,-0.32937987893819765,,2021,pit,RP
sa3006151,Luis Ozoria,P,1.0,0.0,1.0,0.0,0.0,-1.135826686769724,,2021,pit,RP
sa3005180,Johan Martinez,P,1.0,0.0,1.0,0.0,0.0,-0.23630661144852594,,2021,pit,RP
sa3008721,Juan Polo,P,1.0,0.0,1.0,0.0,0.0,-0.1286332115530966,,2021,pit,RP
sa3007604,Robinson Parra,P,1.0,0.0,1.0,0.0,0.0,-0.3003399178385733,,2021,pit,RP
sa3006517,Francisco Jimenez,P,1.0,0.0,1.0,0.0,0.0,-0.2668197371065615,,2021,pit,RP
sa3005848,Yon Castro,P,1.0,0.0,1.0,0.0,0.0,-0.4244131214916709,,2021,pit,RP
sa3008276,Ramon Fernandez,P,1.0,0.0,1.0,0.0,0.0,-0.07348655313253394,,2021,pit,RP
sa3005816,Jose Guevara,P,1.0,0.0,1.0,0.0,0.0,-0.17268018648028383,MIN,2021,pit,RP
sa871486,Emilio Ferrebus,P,1.0,0.0,1.0,0.0,0.0,-0.3355863317847252,,2021,pit,RP
sa3008315,Alex Gallegos,P,1.0,0.0,1.0,0.0,0.0,-0.4218598671257494,,2021,pit,RP
sa3003128,Marcos Correa,P,1.0,0.0,1.0,0.0,0.0,-0.36019331961870193,,2021,pit,RP
sa3007232,Jose Ramirez,P,1.0,0.0,1.0,0.0,0.0,-0.36389337852597237,,2021,pit,RP
sa3006370,Cristian Lima,P,1.0,0.0,1.0,0.0,0.0,-0.30846682339906684,,2021,pit,RP
sa3006406,Augusto Calderon,P,1.0,0.0,1.0,0.0,0.0,-0.06348664313554764,,2021,pit,RP
sa3005698,Williander Moreno,P,1.0,0.0,1.0,0.0,0.0,-0.27479332461953154,,2021,pit,RP
sa3006124,Jesus Leon,P,1.0,0.0,1.0,0.0,0.0,-0.43818019777536366,,2021,pit,RP
sa3005707,Hector De Los Santos,P,1.0,0.0,1.0,0.0,0.0,-0.019233337044715526,,2021,pit,RP
sa3006589,Jordy Ortega,P,1.0,0.0,1.0,0.0,0.0,-0.3772398486733435,,2021,pit,RP
sa3009517,Fausto Pediet,P,1.0,0.0,1.0,0.0,0.0,-0.4290265820920469,,2021,pit,RP
sa3007849,Alis Atagua,P,1.0,0.0,1.0,0.0,0.0,-0.3404998928308487,,2021,pit,RP
sa3004654,Ricardo Velasquez,P,1.0,0.0,1.0,0.0,0.0,-0.36215331405401185,,2021,pit,RP
sa3009511,Melvin Arteaga,P,1.0,0.0,1.0,0.0,0.0,-0.036086524277925136,,2021,pit,RP
sa3010120,Nick Silva,P,1.0,0.0,1.0,0.0,0.0,-0.6120532780885695,,2021,pit,RP
sa3005873,Javier Vasquez,P,1.0,0.0,1.0,0.0,0.0,-0.19699357375502569,,2021,pit,RP
sa3005860,Euclides Lopez,P,1.0,0.0,1.0,0.0,0.0,-0.3652064420282839,,2021,pit,RP
sa3006379,Ronald Suarez,P,1.0,0.0,1.0,0.0,0.0,-0.11618010401725742,STL,2021,pit,RP
sa3003050,Luis Arrieta,P,1.0,0.0,1.0,0.0,0.0,-0.3826065093278883,PIT,2021,pit,RP
sa3003151,Angel Ozuna,P,1.0,0.0,1.0,0.0,0.0,-0.41273329257965097,,2021,pit,RP
sa3007901,Wilfry Urena,P,0.7789999842643738,0.04699999839067459,1.0,0.0,0.0,-0.2307867482304573,TBR,2021,pit,RP
sa3005832,Junior Matias,P,1.0,0.0,1.0,0.0,0.0,-0.3183668099343775,KCR,2021,pit,RP
sa3006394,Miguel Peralta,P,1.0,0.0,1.0,0.0,0.0,-0.41718653589487076,,2021,pit,RP
sa3009219,Juan Martinez,P,1.0,0.0,1.0,0.0,0.0,-0.42686660885810834,KCR,2021,pit,RP
sa3005710,Roberto Francisco,P,1.0,0.0,1.0,0.0,0.0,-0.3660465069115162,,2021,pit,RP
sa3009469,Elvis Jerez,P,1.0,0.0,1.0,0.0,0.0,-0.3677800156176092,,2021,pit,RP
sa3004366,Wilton Sanchez,P,1.0,0.0,1.0,0.0,0.0,-0.3816800989210605,,2021,pit,RP
sa3005888,Daniel De Leon,P,1.0,0.0,1.0,0.0,0.0,-0.4659598678350445,,2021,pit,RP
23165,Steven Cruz,P,1.0,0.0,1.0,0.0,0.0,-0.19235996529459953,KCR,2021,pit,RP
sa3009500,Darling Grullon,P,1.0,0.0,1.0,0.0,0.0,-0.4306535534560676,,2021,pit,RP
sa3006157,Oswal Torres,P,1.0,0.0,1.0,0.0,0.0,-0.42989366054534894,,2021,pit,RP
sa3005877,Dionys Rodriguez,P,1.0,0.0,1.0,0.0,0.0,-0.10376007929444286,,2021,pit,RP
sa3005813,Shuruendy Valeriano,P,1.0,0.0,1.0,0.0,0.0,0.07568004280328733,,2021,pit,RP
sa3003107,Abrahan Lopez,P,1.0,0.0,1.0,0.0,0.0,-0.17963333502411816,,2021,pit,RP
21163,Angel Felipe,P,1.0,0.0,1.0,0.0,0.0,0.02457979470491445,,2021,pit,RP
sa3011419,A.J. Franklin,P,1.0,0.0,1.0,0.0,0.0,-0.35043998509645435,,2021,pit,RP
sa3006385,Joseph Hernandez,P,1.0,0.0,1.0,0.0,0.0,-0.14087974429130545,,2021,pit,RP
10314,Erasmo Ramírez,P,20.0,0.0,20.0,0.0,0.6050999760627747,58.57426152229309,,2021,pit,RP
sa3006573,Logan Franco,P,1.0,0.0,1.0,0.0,0.0,-0.4891936905682086,,2021,pit,RP
sa3003160,Reinardo Mota,P,1.0,0.0,1.0,0.0,0.0,-0.4885199561715128,,2021,pit,RP
sa920454,Cristhian Tortosa,P,1.0,0.0,1.0,0.0,0.0,-0.28557355105876914,PHI,2021,pit,RP
sa3005884,Antonio Villalba,P,1.0,0.0,1.0,0.0,0.0,-0.12592681571841258,,2021,pit,RP
sa3005701,Hernando Mejia,P,1.0,0.0,1.0,0.0,0.0,-0.5120135083794595,,2021,pit,RP
sa916724,Daniel Acosta,P,1.0,0.0,1.0,0.0,0.0,-0.45364007130265227,,2021,pit,RP
sa3005865,Oscar Echarry,P,1.0,0.0,1.0,0.0,0.0,-0.532793366909027,,2021,pit,RP
sa3005018,Liam McCall,P,1.0,0.0,1.0,0.0,0.0,-0.19351988136768306,,2021,pit,RP
14552,José Ruiz,P,23.0,0.0,23.0,0.0,0.6643000245094299,79.91001672744753,,2021,pit,RP
sa3006355,Felix Gomez,P,1.0,0.0,1.0,0.0,0.0,-0.43809327185153935,,2021,pit,RP
sa3009263,Nelcido Ramos,P,1.0,0.0,1.0,0.0,0.0,-0.5043735109269614,KCR,2021,pit,RP
sa3005874,Briant Tejeda,P,1.0,0.0,1.0,0.0,0.0,-0.47942694872617686,,2021,pit,RP
sa3006972,Miguel Diaz,P,1.0,0.0,1.0,0.0,0.0,-0.5013466663658619,,2021,pit,RP
sa874818,Wandisson Charles,P,6.0,0.0,6.0,0.0,0.5950000286102295,22.01238052845002,DET,2021,pit,RP
sa3009777,Frandy Cuevas,P,1.0,0.0,1.0,0.0,0.0,-0.4736866928637027,,2021,pit,RP
sa917480,Ronald Parra,P,1.0,0.0,1.0,0.0,0.0,-0.5086066521704193,,2021,pit,RP
20379,Tyler Zuber,P,20.0,0.0,20.0,0.0,0.6459000110626221,71.94714287519454,MIA,2021,pit,RP
sa3008170,Enrique Yeguez,P,1.0,0.0,1.0,0.0,0.0,-0.6802134826779365,,2021,pit,RP
sa3007900,Daniel Figueroa,P,1.0,0.0,1.0,0.0,0.0,-0.5402998268604278,,2021,pit,RP
sa3005859,Heylin Taveras,P,1.0,0.0,1.0,0.0,0.0,-0.6507731810212136,,2021,pit,RP
sa3009748,Cristopher Valdez,P,0.8037999868392944,0.04179999977350235,1.0,0.0,0.0,-1.1734397962689398,,2021,pit,RP
sa3003162,Fernando Melo,P,1.0,0.0,1.0,0.0,0.0,-0.18596661686897242,,2021,pit,RP
sa3005838,Victor Gomez,P,1.0,0.0,1.0,0.0,0.0,-0.9341000847518441,,2021,pit,RP
sa3007905,Adenys Bautista,P,1.0,0.0,1.0,0.0,0.0,-0.7768200501799583,,2021,pit,RP
sa3005354,Luis Peguero,P,1.0,0.0,1.0,0.0,0.0,-0.6308202452957632,,2021,pit,RP
sa3006392,Yosmer Curbata,P,1.0,0.0,1.0,0.0,0.0,-0.31599356532096845,,2021,pit,RP
sa3005238,Johan Cuevas,P,1.0,0.0,1.0,0.0,0.0,-0.2648535303771493,,2021,pit,RP
sa3005850,Cesar Camargo,P,1.0,0.0,1.0,0.0,0.0,-0.7000202402472491,,2021,pit,RP
sa3005704,Jesus Rondon,P,1.0,0.0,1.0,0.0,0.0,-0.8901068165898325,,2021,pit,RP
sa3003033,Jose Martinez,P,1.0,0.0,1.0,0.0,0.0,-0.7739801123738288,,2021,pit,RP
sa3006571,Roybell Santodomingo,P,1.0,0.0,1.0,0.0,0.0,-0.2832333952188488,,2021,pit,RP
17639,Justin Lawrence,P,26.0,0.0,26.0,0.0,0.6263999938964844,68.83521049022676,PIT,2021,pit,RP
18548,Sam Hentges,P,11.479999542236328,6.480000019073486,41.93600082397461,0.0,0.6784999966621399,105.30139896869659,SFG,2021,pit,SP
sa3005449,Abraham Figueroa,P,1.0,0.0,1.0,0.0,0.0,-0.775306679308414,,2021,pit,RP
sa3003093,Brayan Mejia,P,1.0,0.0,1.0,0.0,0.0,-0.8506268084049222,,2021,pit,RP
sa3006103,Henry Torres,P,1.0,0.0,1.0,0.0,0.0,-0.35009315609931946,,2021,pit,RP
sa3006832,Noah Bryant,P,1.0,0.0,1.0,0.0,0.0,-0.8540934681892396,KCR,2021,pit,RP
sa3010114,Tyson Messer,P,1.0,0.0,1.0,0.0,0.0,-1.088773266226053,,2021,pit,RP
sa3002932,Dauris Lopez,P,1.0,0.0,1.0,0.0,0.0,-0.5484664730727671,,2021,pit,RP
sa3007820,Starling Javier,P,1.0,0.0,1.0,0.0,0.0,-0.9910333856940268,,2021,pit,RP
15240,Kevin McCarthy,P,22.0,0.0,22.0,0.0,0.6876999735832214,67.04464274644853,,2021,pit,RP
18361,Thomas Eshelman,P,14.0,0.0,14.0,0.0,0.5848000049591064,34.955808758735664,,2021,pit,RP
18,Neftalí Feliz,P,14.0,0.0,14.0,0.0,0.65829998254776,45.132558894157434,,2021,pit,RP
sa875017,Dakota Chalmers,P,4.0,0.0,4.0,0.0,0.6714000105857849,12.255753460526469,,2021,pit,RP
17237,Austin Brice,P,46.0,0.0,46.0,0.0,6.326700210571289,182.3053390026093,,2021,pit,RP
16634,Carlos Sanabria,P,6.0,0.0,6.0,0.0,0.6459000110626221,19.080159938335427,,2021,pit,RP
11467,A.J. Cole,P,24.0,0.0,24.0,0.0,0.6546000242233276,75.09031957387926,,2021,pit,RP
19456,Kyle Funkhouser,P,16.0,0.0,16.0,0.0,0.6050999760627747,54.05892060995102,,2021,pit,RP
15203,Tyler Bashlor,P,12.0,0.0,12.0,0.0,0.613099992275238,38.76334043741227,MIN,2021,pit,RP
13713,Kyle Barraclough,P,12.0,0.0,12.0,0.0,0.6644999980926514,38.33860086202622,,2021,pit,RP
20515,Kyle Nelson,P,42.0,0.0,42.0,0.0,3.7994000911712646,165.25026760101318,ATL,2021,pit,RP
20177,Ty Tice,P,20.0,0.0,20.0,0.0,0.6546000242233276,66.3378259062767,,2021,pit,RP
7738,Wily Peralta,P,10.0,0.0,10.0,0.0,0.6050999760627747,29.657554709911345,,2021,pit,RP
16840,Cam Hill,P,18.0,0.0,18.0,0.0,0.6784999966621399,61.74038166999817,TBR,2021,pit,RP
17792,Patrick Weigel,P,22.0,0.0,22.0,0.0,0.6847000122070312,77.02545623779298,COL,2021,pit,RP
19243,Wes Benjamin,P,50.0,0.0,50.0,0.0,9.410300254821777,190.94558348655698,,2021,pit,RP
19742,Anthony Bender,P,28.0,0.0,28.0,0.0,0.6366000175476074,90.46249520778656,MIA,2021,pit,RP
15136,Jake Newberry,P,25.0,0.0,25.0,0.0,0.6459000110626221,80.13164432048798,,2021,pit,RP
12178,Domingo Tapia,P,28.0,0.0,28.0,0.0,0.6492000222206116,99.51527640819553,,2021,pit,RP
10066,Ian Krol,P,28.0,0.0,28.0,0.0,0.6050999760627747,92.28020823001866,,2021,pit,RP
1514,Oliver Pérez,P,52.0,0.0,52.0,0.0,9.701899528503418,218.2250403881073,,2021,pit,RP
8350,AJ Ramos,P,10.0,0.0,10.0,0.0,0.6886000037193298,29.538467866182327,,2021,pit,RP
19769,Will Vest,P,42.0,0.0,42.0,0.0,7.498799800872803,170.40372159481046,DET,2021,pit,RP
11334,Tyler Lyons,P,14.0,0.0,14.0,0.0,0.6644999980926514,44.01707998514177,NYY,2021,pit,RP
3200,Ervin Santana,P,21.34000015258789,11.34000015258789,73.8844985961914,0.0,0.6459000110626221,160.50692520141607,,2021,pit,SP
17505,Jorge Guzmán,P,19.6200008392334,1.6200000047683716,27.233999252319336,0.0,0.6366000175476074,88.25297265052795,,2021,pit,RP
3132,Tony Watson,P,44.0,0.0,44.0,0.0,6.059599876403809,151.47476444244387,,2021,pit,RP
21992,Camilo Doval,P,10.0,0.0,10.0,0.0,0.6826000213623047,32.25949363708496,NYY,2021,pit,RP
23550,Aaron Ashby,P,22.0,0.0,22.0,0.0,0.5842000246047974,69.39024636745452,MIL,2021,pit,RP
19789,Anthony Castro,P,14.0,0.0,14.0,0.0,0.6546000242233276,43.21424202919009,,2021,pit,RP
3321,Darren O'Day,P,62.0,0.0,62.0,1.1130000352859497,15.621899604797363,277.62338135242453,,2021,pit,RP
13345,Luis Cessa,P,47.0,0.0,47.0,0.0,6.246300220489502,168.94142034053806,,2021,pit,RP
19457,Bryan Garcia,P,62.0,0.0,62.0,6.414999961853027,11.543600082397461,266.40524148941034,,2021,pit,RP
13190,Jordan Weems,P,15.0,0.0,15.0,0.0,0.5950000286102295,51.006280660629265,LAD,2021,pit,RP
5702,Junior Guerra,P,56.0,0.0,56.0,0.0,11.996899604797363,228.1857025623322,,2021,pit,RP
13182,Kyle Crick,P,59.0,0.0,59.0,1.972000002861023,11.127699851989746,226.47798964977267,,2021,pit,RP
18519,Phil Bickford,P,24.0,0.0,24.0,0.0,0.5842000246047974,77.01442017555239,DET,2021,pit,RP
20329,Andre Scrubb,P,35.0,0.0,35.0,0.0,0.680899977684021,122.63671815395355,NYM,2021,pit,RP
21290,Lucas Gilbreath,P,14.0,0.0,14.0,0.0,0.6263999938964844,28.644940757751463,COL,2021,pit,RP
16208,Brandon Finnegan,P,28.0,0.0,28.0,0.0,0.6765000224113464,76.34806668758395,,2021,pit,RP
20387,Anthony Kay,P,41.619998931884766,1.6200000047683716,49.206298828125,0.0,0.6546000242233276,160.64281630516052,CHW,2021,pit,RP
5420,Pedro Báez,P,60.0,0.0,60.0,1.0870000123977661,13.107399940490723,246.0581405878067,,2021,pit,RP
19731,Kodi Whitley,P,44.0,0.0,44.0,0.0,3.724400043487549,161.74656751155857,TBR,2021,pit,RP
12249,Ryan Sherriff,P,34.0,0.0,34.0,0.0,0.6273999810218811,113.90860824584962,,2021,pit,RP
22218,Mac Sceroler,P,24.0,0.0,24.0,0.0,0.5848000049591064,57.52352231740953,,2021,pit,RP
6483,Steve Cishek,P,48.0,0.0,48.0,0.0,9.089500427246094,183.768616104126,,2021,pit,RP
7407,Javy Guerra,P,42.0,0.0,42.0,0.0,6.054900169372559,142.05655639171596,,2021,pit,RP
18873,Beau Burrows,P,25.0,0.0,25.0,0.0,0.6050999760627747,72.4631510734558,PIT,2021,pit,RP
7441,Wade Davis,P,53.0,0.0,53.0,0.0,9.413900375366211,193.91741962432863,,2021,pit,RP
19682,Jordan Sheffield,P,37.0,0.0,37.0,0.0,0.6263999938964844,95.423757314682,,2021,pit,RP
11209,Casey Sadler,P,58.0,0.0,58.0,0.0,12.323800086975098,244.92943649292,,2021,pit,RP
24591,Joey Gerber,P,34.0,0.0,34.0,0.0,0.6492000222206116,110.79705996513368,NYM,2021,pit,RP
17783,Jake Brentz,P,48.0,0.0,48.0,0.0,6.2006001472473145,173.47346353530884,,2021,pit,RP
19531,Jason Foley,P,14.0,0.0,14.0,0.0,0.6050999760627747,28.600125443935404,SFG,2021,pit,RP
9817,Sergio Romo,P,63.0,0.0,63.0,3.000999927520752,13.335599899291992,265.72361559867863,,2021,pit,RP
23796,Ryan Weathers,P,41.2400016784668,3.240000009536743,56.46799850463867,0.0,0.6970999836921692,146.1718894481659,NYY,2021,pit,RP
22100,José Soriano,P,18.0,0.0,18.0,0.0,0.613099992275238,37.153798913955704,LAA,2021,pit,RP
4020,Yusmeiro Petit,P,70.0,0.0,70.0,0.0,13.631999969482422,273.73047418594354,,2021,pit,RP
8110,Bryan Shaw,P,56.0,0.0,56.0,0.0,11.820199966430664,211.27638506889346,,2021,pit,RP
6797,Julio Teheran,P,21.059999465942383,21.059999465942383,110.8552017211914,0.0,0.0,206.40073213577273,,2021,pit,SP
23592,Brett de Geus,P,44.0,0.0,44.0,0.9520000219345093,5.16379976272583,132.0995048761368,,2021,pit,RP
21728,Luis Oviedo,P,33.0,0.0,33.0,0.0,0.613099992275238,67.27439906597142,,2021,pit,RP
