playerid,PlayerName,minpos,G,FPTS,Team,season,stats,role
10155,Mike Trout,OF,143.5970001220703,1205.5371499061584,LAA,2018,bat,OF
15429,Kris Bryant,3B/OF,146.27000427246094,1029.5381775140763,COL,2018,bat,3B/OF
5038,Josh Donaldson,3B,139.28799438476562,967.4318799376488,,2018,bat,3B
12916,Francisco Lindor,SS,146.74000549316406,925.946352648735,NYM,2018,bat,SS
11579,Bryce Harper,OF,136.12899780273438,1060.4357684850693,PHI,2018,bat,OF
4949,Giancarlo Stanton,DH/OF,135.01100158691406,1103.8798956871033,NYY,2018,bat,DH/OF
13611,Mookie Betts,OF,145.28199768066406,990.8510731935501,LAD,2018,bat,OF
11493,Manny Machado,3B,146.0749969482422,985.4320580363274,SDP,2018,bat,3B
14162,Carlos Correa,SS,138.7689971923828,900.8749914050103,HOU,2018,bat,SS
13624,Corey Seager,SS,137.6510009765625,856.1221564888955,TEX,2018,bat,SS
9777,Nolan Arenado,3B,146.72300720214844,1043.1022382259368,ARI,2018,bat,3B
3473,Anthony Rizzo,1B,145.86500549316406,1031.2772723674775,,2018,bat,1B
9166,Buster Posey,C,124.31900024414062,729.886232048273,,2018,bat,C
12861,Anthony Rendon,3B,135.86900329589844,815.8170065879821,LAA,2018,bat,3B
13510,José Ramírez,3B,145.88099670410156,890.7915015220641,CLE,2018,bat,3B
9218,Paul Goldschmidt,1B,146.3509979248047,1030.0376798152924,NYY,2018,bat,1B
5417,Jose Altuve,2B,147.0800018310547,924.6806314945222,HOU,2018,bat,2B
12856,George Springer,OF,135.10800170898438,887.9971914768219,TOR,2018,bat,OF
5235,Justin Turner,3B,122.89299774169922,765.2174597859382,,2018,bat,3B
4314,Joey Votto,1B,146.0919952392578,1056.911630809307,,2018,bat,1B
11477,Christian Yelich,OF,145.6540069580078,944.3685651183129,MIL,2018,bat,OF
5361,Freddie Freeman,1B,138.78500366210938,978.0143232822417,LAD,2018,bat,1B
16252,Trea Turner,SS,137.0679931640625,844.0218625068663,PHI,2018,bat,SS
10324,Marcell Ozuna,DH/OF,141.31300354003906,895.2136329174041,PIT,2018,bat,DH/OF
9810,Brian Dozier,2B,145.00599670410156,877.3783781528473,,2018,bat,2B
11442,Gary Sánchez,C,118.64900207519531,710.8531609356403,MIL,2018,bat,C
15640,Aaron Judge,OF,140.98899841308594,919.9489753603934,NYY,2018,bat,OF
11038,Kevin Kiermaier,OF,141.0050048828125,699.2675235271454,,2018,bat,OF
17678,Alex Bregman,3B,146.25399780273438,823.8802261352539,CHC,2018,bat,3B
16472,Rhys Hoskins,1B,139.4980010986328,897.7460274457931,CLE,2018,bat,1B
9785,Kyle Seager,3B,144.90899658203125,781.245592045784,,2018,bat,3B
10847,Andrelton Simmons,SS,137.13299560546875,592.5302512049675,,2018,bat,SS
14225,Yasiel Puig,OF,126.66799926757812,755.6021412372588,,2018,bat,OF
16376,Michael Conforto,OF,110.7760009765625,666.2527544617652,CHC,2018,bat,OF
9368,Evan Longoria,3B,142.54400634765625,758.0645158290863,,2018,bat,3B
12161,Xander Bogaerts,SS,136.84100341796875,739.3708358764648,SDP,2018,bat,SS
14106,Addison Russell,SS,127.93099975585938,598.0585608720779,,2018,bat,SS
10264,Brandon Belt,1B,133.30999755859375,757.6108048439025,,2018,bat,1B
5343,Brandon Crawford,SS,142.54400634765625,637.933131480217,,2018,bat,SS
2967,Tommy Pham,OF,131.31700134277344,733.662517952919,,2018,bat,OF
2616,Zack Cozart,SS,122.47200012207031,569.8697785139083,,2018,bat,SS
3269,Robinson Canó,2B,144.5850067138672,815.6648107230662,,2018,bat,2B
11739,J.T. Realmuto,C,120.46299743652344,599.6651557922363,PHI,2018,bat,C
14161,Byron Buxton,OF,135.04299926757812,672.2061569213868,MIN,2018,bat,OF
11609,Willson Contreras,C,117.62799835205078,633.9959419250488,BOS,2018,bat,C
9077,Lorenzo Cain,OF,133.22900390625,728.3581162929535,,2018,bat,OF
9256,AJ Pollock,OF,123.93000030517578,742.029837846756,,2018,bat,OF
9847,Andrew McCutchen,OF,144.01800537109375,881.8374895095826,TEX,2018,bat,OF
12164,Miguel Sanó,1B/3B,111.29399871826172,684.1946404218672,,2018,bat,1B/3B
7870,Jonathan Lucroy,C,110.75900268554688,531.9878919482231,,2018,bat,C
9241,Starling Marte,OF,134.2169952392578,750.8788723468781,KCR,2018,bat,OF
13110,Yoenis Cespedes,OF,128.1909942626953,769.0735161542892,,2018,bat,OF
15676,José Abreu,1B,142.22000122070312,910.1864997863769,,2018,bat,1B
12984,Jackie Bradley Jr.,OF,134.28199768066406,656.327300262451,,2018,bat,OF
11265,Jonathan Schoop,2B,144.95799255371094,794.8384428679942,,2018,bat,2B
11936,Joe Panik,2B,132.32200622558594,669.7938269615172,,2018,bat,2B
15998,Cody Bellinger,1B/OF,137.7969970703125,837.6249872207642,NYY,2018,bat,1B/OF
16505,Matt Chapman,3B,139.12600708007812,640.5634573936462,SFG,2018,bat,3B
639,Adrian Beltré,3B,121.88899993896484,702.3332577109337,,2018,bat,3B
2396,Carlos Santana,1B,138.802001953125,847.882048010826,ARI,2018,bat,1B
7859,Charlie Blackmon,OF,146.10800170898438,963.6380323886872,,2018,bat,OF
6012,Didi Gregorius,SS,137.48899841308594,640.459127342701,,2018,bat,SS
17901,Andrew Benintendi,OF,142.9810028076172,831.6672664880751,CHW,2018,bat,OF
8090,Matt Carpenter,3B,127.70500183105469,766.8831156253814,,2018,bat,3B
7304,Salvador Perez,C,111.32599639892578,547.9345707178114,KCR,2018,bat,C
2434,Nelson Cruz,DH/OF,140.53500366210938,886.8376228749751,,2018,bat,DH/OF
4892,Mike Moustakas,3B,128.12600708007812,717.481476098299,,2018,bat,3B
4316,Daniel Murphy,1B/2B,121.0790023803711,744.9077638626097,,2018,bat,1B/2B
13265,Mike Zunino,C,110.59700012207031,492.28563987016673,,2018,bat,C
7007,Yadier Molina,C,110.30599975585938,495.00946698188784,,2018,bat,C
6195,Ian Kinsler,2B,136.031005859375,669.2271777629852,,2018,bat,2B
12552,Eugenio Suárez,3B,141.5070037841797,724.7459433913231,CIN,2018,bat,3B
9874,DJ LeMahieu,2B,144.13099670410156,808.9590082168578,,2018,bat,2B
3516,Eric Hosmer,1B,145.00599670410156,839.0323590517044,,2018,bat,1B
11476,Odúbel Herrera,OF,141.92799377441406,714.0837349176406,,2018,bat,OF
4616,Russell Martin,C,98.38259887695312,440.95198228359226,,2018,bat,C
4922,Ender Inciarte,OF,142.47900390625,698.837542629242,,2018,bat,OF
6184,J.D. Martinez,DH/OF,126.39199829101562,844.9844022750855,,2018,bat,DH/OF
11200,Kole Calhoun,OF,138.5590057373047,693.7819826126099,,2018,bat,OF
785,Todd Frazier,3B,133.16400146484375,634.6214129924773,,2018,bat,3B
12434,Kevin Pillar,OF,127.30000305175781,535.1734376668929,,2018,bat,OF
4940,Jason Heyward,OF,118.90799713134766,553.6849936485289,,2018,bat,OF
18015,Paul DeJong,SS,124.41600036621094,611.356195449829,NYY,2018,bat,SS
13757,Chris Taylor,OF,137.47300720214844,669.2925278663636,LAA,2018,bat,OF
1744,Miguel Cabrera,1B/3B,123.89800262451172,790.167154097557,,2018,bat,1B/3B
17350,Rafael Devers,3B,120.46299743652344,649.5546375751496,SFG,2018,bat,3B
16478,Kyle Schwarber,DH/OF,118.71399688720703,674.7568036913872,PHI,2018,bat,DH/OF
5222,Justin Upton,OF,143.64500427246094,792.906396150589,,2018,bat,OF
11205,Adam Eaton,OF,135.7239990234375,741.7962346553802,,2018,bat,OF
10556,César Hernández,2B,137.32699584960938,671.3762006759644,,2018,bat,2B
4062,Dexter Fowler,OF,124.95099639892578,694.900585269928,,2018,bat,OF
13329,Jake Lamb,3B,137.60299682617188,760.661102771759,,2018,bat,3B
16556,Ozzie Albies,2B,137.9429931640625,681.0363904476166,ATL,2018,bat,2B
8370,Dustin Pedroia,2B,107.92400360107422,538.4750252246856,,2018,bat,2B
3256,Welington Castillo,C,98.49600219726562,438.75334117412564,WSN,2018,bat,C
12979,Javier Báez,SS,127.44499969482422,618.3775745511055,DET,2018,bat,SS
3892,Josh Reddick,OF,118.4540023803711,606.3180138587951,,2018,bat,OF
5297,Aaron Hicks,OF,114.74500274658203,546.9575834751129,,2018,bat,OF
10047,Wil Myers,1B/OF,142.30099487304688,794.8088032007217,,2018,bat,1B/OF
12532,Kolten Wong,2B,117.96800231933594,546.4968247175216,,2018,bat,2B
11899,Joc Pederson,OF,95.2073974609375,514.5374662727118,TEX,2018,bat,OF
12533,Marcus Semien,2B/SS,137.31100463867188,692.0183625936507,NYM,2018,bat,2B/SS
2151,Edwin Encarnación,1B/3B/DH,140.94000244140625,871.1360323011876,,2018,bat,1B/3B/DH
12564,Trevor Story,SS,134.6060028076172,697.9941045284271,BOS,2018,bat,SS
7949,Tim Beckham,SS,140.71299743652344,654.8879000663757,,2018,bat,SS
5933,Jean Segura,2B/SS,131.6739959716797,639.3736224174498,,2018,bat,2B/SS
10816,Jedd Gyorko,2B/3B,118.85900115966797,584.1979388475418,,2018,bat,2B/3B
1433,Wilson Ramos,C,98.65799713134766,441.2047293245792,,2018,bat,C
17919,Ian Happ,OF,122.98999786376953,635.1552630901336,CHC,2018,bat,OF
12179,Maikel Franco,3B,128.06100463867188,662.524900996685,,2018,bat,3B
6368,Adam Jones,OF,137.26300048828125,730.715372478962,,2018,bat,OF
11281,Whit Merrifield,2B/OF,142.07400512695312,686.1328694343567,,2018,bat,2B/OF
14712,Manuel Margot,OF,134.76800537109375,624.2534996986387,,2018,bat,OF
9927,Brett Gardner,OF,125.61499786376953,658.7625346183777,,2018,bat,OF
12155,Eddie Rosario,OF,136.6790008544922,702.0806769847869,,2018,bat,OF
14344,Matt Olson,1B,137.13299560546875,737.4572563767433,ATL,2018,bat,1B
14128,Joey Gallo,OF,138.0399932861328,801.2123600244522,,2018,bat,OF
3531,Troy Tulowitzki,SS,93.39299774169922,456.1994355797767,,2018,bat,SS
5760,Avisaíl García,OF,134.67100524902344,722.0434511899947,,2018,bat,OF
12859,James McCann,C,104.53900146484375,406.651955628395,ARI,2018,bat,C
4418,Jed Lowrie,2B/SS,131.31700134277344,641.0922274589537,,2018,bat,2B/SS
12907,Gregory Polanco,OF,126.10099792480469,651.7089689493179,,2018,bat,OF
9054,Justin Smoak,1B,139.43299865722656,774.0989879369736,,2018,bat,1B
11982,Travis Shaw,3B,136.48500061035156,702.0507181286811,BOS,2018,bat,3B
8709,Elvis Andrus,SS,146.51300048828125,727.2013933658599,,2018,bat,SS
13613,Ketel Marte,2B,131.07400512695312,613.3625023841857,ARI,2018,bat,2B
17232,Yoán Moncada,3B,132.09500122070312,621.2641675949096,LAA,2018,bat,3B
10231,Jose Iglesias,SS,124.28600311279297,475.57049938440315,,2018,bat,SS
4810,Brian McCann,C,90.97920227050781,402.3448418915272,,2018,bat,C
8203,Dee Strange-Gordon,2B,143.14300537109375,638.287143421173,,2018,bat,2B
9744,Justin Bour,1B,122.44000244140625,693.096524900198,,2018,bat,1B
8202,Josh Harrison,2B/3B,127.13800048828125,610.4374660491942,,2018,bat,2B/3B
12144,Max Kepler,OF,120.75499725341797,603.1524585962295,,2018,bat,OF
12158,Austin Barnes,C,82.68479919433594,361.93624770641327,NYM,2018,bat,C
10348,Domingo Santana,OF,134.91400146484375,761.0529241085053,,2018,bat,OF
13152,Jorge Polanco,2B/SS,109.05799865722656,525.251305127144,NYM,2018,bat,2B/SS
13367,Stephen Piscotty,OF,128.83900451660156,637.9594790935515,,2018,bat,OF
11368,Yasmani Grandal,C,70.95600128173828,335.10038743615155,,2018,bat,C
16221,Bradley Zimmer,OF,130.34500122070312,557.3854636907578,,2018,bat,OF
14274,Mitch Haniger,OF,128.87100219726562,620.9337503433228,,2018,bat,OF
9112,Khris Davis,DH/OF,140.80999755859375,798.947460436821,,2018,bat,DH/OF
14553,Nomar Mazara,OF,143.2729949951172,790.6527483463286,,2018,bat,OF
9776,Jason Kipnis,2B,123.31400299072266,610.514374089241,,2018,bat,2B
5275,Francisco Cervelli,C,89.19719696044922,380.69964432716364,MIA,2018,bat,C
7739,Travis d'Arnaud,C,86.50800323486328,382.36062008738514,LAA,2018,bat,C
10200,Tucker Barnhart,C,94.05719757080078,375.31715888977044,,2018,bat,C
10243,Randal Grichuk,OF,119.24800109863281,581.0033126831054,NYY,2018,bat,OF
4106,Michael Brantley,OF,110.14399719238281,626.682270359993,,2018,bat,OF
13862,Devon Travis,2B,94.62419891357422,471.4232372879982,,2018,bat,2B
14131,Greg Bird,1B,110.25700378417969,618.0565110802651,,2018,bat,1B
2530,Yonder Alonso,1B,141.71800231933594,763.7383400082589,,2018,bat,1B
7539,Neil Walker,2B,84.1530990600586,455.91771442890166,,2018,bat,2B
9272,Chris Davis,1B,126.2300033569336,680.8588744878767,,2018,bat,1B
8722,Jason Castro,C,89.2781982421875,350.28514303565026,,2018,bat,C
8267,Chris Iannetta,C,79.67160034179688,391.3838435053825,,2018,bat,C
1857,Joe Mauer,C/1B,121.27300262451172,643.7904962778092,,2018,bat,C/1B
3711,Eric Thames,1B/OF,118.71399688720703,693.5577301979064,,2018,bat,1B/OF
12976,Austin Hedges,C,104.68399810791016,397.9426769375801,CLE,2018,bat,C
13621,Jeimer Candelario,3B,129.55099487304688,579.5826047897339,LAA,2018,bat,3B
3410,Ryan Braun,OF,110.06300354003906,660.8447418570519,,2018,bat,OF
4962,Asdrúbal Cabrera,SS,118.06600189208984,578.3445718586444,CIN,2018,bat,SS
13185,Orlando Arcia,SS,139.4980010986328,575.4462752342223,MIN,2018,bat,SS
9134,Tyler Flowers,C,84.06179809570312,393.8452632009983,,2018,bat,C
13145,Josh Bell,1B,143.1269989013672,795.6396379947662,MIN,2018,bat,1B
14352,Lewis Brinson,OF,99.90390014648438,446.67232599258415,,2018,bat,OF
7435,Ben Zobrist,2B/OF,115.86199951171875,570.1580034494401,,2018,bat,2B/OF
3142,Robinson Chirinos,C,81.79049682617188,353.96323246955865,,2018,bat,C
3353,Matt Joyce,OF,113.35099792480469,590.0703701853752,PHI,2018,bat,OF
8252,Hunter Pence,OF,121.12699890136719,572.2039123058319,,2018,bat,OF
18314,Dansby Swanson,SS,131.5760040283203,545.9288749456406,CHC,2018,bat,SS
7185,Logan Forsythe,2B,102.07599639892578,428.63863455057145,,2018,bat,2B
13836,Matt Duffy,3B,82.0530014038086,350.98862501382825,,2018,bat,3B
9893,Colby Rasmus,OF,76.80269622802734,387.8826260745525,BAL,2018,bat,OF
7476,Alex Avila,C,86.8644027709961,390.42728955745696,,2018,bat,C
9774,Christian Vázquez,C,90.73619842529297,340.1093171238899,HOU,2018,bat,C
6887,Martín Maldonado,C,91.17359924316406,306.98202891945834,,2018,bat,C
5209,Alex Gordon,OF,127.44499969482422,530.5214428663253,,2018,bat,OF
19198,Yuli Gurriel,1B,119.02100372314453,625.3234941482543,SDP,2018,bat,1B
2502,Lucas Duda,1B/OF,92.55349731445312,525.7714763879775,,2018,bat,1B/OF
15518,Amed Rosario,SS,133.90899658203125,485.7187176704407,NYY,2018,bat,SS
12282,Rougned Odor,2B,140.6320037841797,700.8451448440551,,2018,bat,2B
6547,Jordy Mercer,SS,125.82499694824219,525.4655617713928,,2018,bat,SS
10199,Billy Hamilton,OF,120.5770034790039,476.94259953498835,,2018,bat,OF
10762,Corey Dickerson,OF,108.18399810791016,575.057945537567,,2018,bat,OF
4747,Curtis Granderson,OF,87.05879974365234,448.9905642151832,,2018,bat,OF
17838,Willie Calhoun,DH/OF,109.15599822998047,585.8502189159394,,2018,bat,DH/OF
11379,Delino DeShields,OF,133.5850067138672,598.4538434028625,,2018,bat,OF
11489,Michael A. Taylor,OF,115.44100189208984,488.7824113845824,,2018,bat,OF
5827,Wilmer Flores,1B,89.37539672851562,456.57106443047525,,2018,bat,1B
5352,Yangervis Solarte,2B/3B,81.97200012207031,400.80395017862315,,2018,bat,2B/3B
4579,Starlin Castro,2B/SS,133.8280029296875,613.4662680149079,,2018,bat,2B/SS
2136,David Peralta,OF,121.20800018310547,646.1872747421265,,2018,bat,OF
7287,Carlos González,OF,114.2750015258789,648.5387190759182,,2018,bat,OF
5497,Marwin Gonzalez,SS,113.35099792480469,520.0400046527385,,2018,bat,SS
9892,Jay Bruce,OF,127.88300323486328,645.4839957475663,,2018,bat,OF
3312,Martín Prado,3B,82.0530014038086,376.43749819993974,,2018,bat,3B
791,Brandon Phillips,2B,111.91000366210938,487.6856305360794,,2018,bat,2B
4720,Chase Headley,3B,107.50299835205078,443.8466023683548,,2018,bat,3B
14109,Albert Almora Jr.,OF,80.65979766845703,358.74137848615646,,2018,bat,OF
4298,Matt Wieters,C,81.3239974975586,320.1699830174446,,2018,bat,C
11602,Yolmer Sánchez,2B/3B,119.2969970703125,446.1464008808136,LAA,2018,bat,2B/3B
2900,Roberto Pérez,C,57.37670135498047,218.45539342463013,,2018,bat,C
15149,Trey Mancini,1B/DH/OF,137.36000061035156,689.9684215784074,LAA,2018,bat,1B/DH/OF
4881,Carlos Gómez,OF,97.80380249023438,417.76572636365887,,2018,bat,OF
6885,Ian Desmond,SS/OF,127.28299713134766,692.8097686290739,COL,2018,bat,SS/OF
11737,Nick Castellanos,3B/OF,140.21099853515625,766.3187718868255,SDP,2018,bat,3B/OF
6153,Eduardo Escobar,3B,94.33260345458984,406.75932309627524,,2018,bat,3B
9627,Yan Gomes,C,64.41120147705078,244.69292194843285,,2018,bat,C
15172,Tim Anderson,SS,136.12899780273438,558.057656598091,,2018,bat,SS
15491,J.P. Crawford,SS,126.36000061035156,506.28509752750386,SEA,2018,bat,SS
11003,Evan Gattis,C/DH,100.47200012207031,497.08874022960657,,2018,bat,C/DH
13593,José Peraza,2B/SS,116.1050033569336,484.7236777305602,,2018,bat,2B/SS
6848,Eduardo Núñez,3B/SS,74.21219635009766,374.0706588923931,NYM,2018,bat,3B/SS
13590,Jesse Winker,OF,101.12000274658203,529.733336776495,,2018,bat,OF
16909,Colin Moran,1B/3B,100.86100006103516,425.0494839906693,SEA,2018,bat,1B/3B
18401,Ronald Acuña Jr.,OF,104.50599670410156,526.0406155347823,ATL,2018,bat,OF
4220,Ryan Zimmerman,1B/3B,114.98799896240234,634.5552757203578,,2018,bat,1B/3B
5666,Devin Mesoraco,C,56.01959991455078,239.96401270627973,NYM,2018,bat,C
15878,Miguel Andujar,3B/OF,70.34040069580078,299.8602730095387,SDP,2018,bat,3B/OF
5667,Steven Souza Jr.,OF,82.0530014038086,421.0957010507584,,2018,bat,OF
14950,Johan Camargo,3B/SS,110.75900268554688,434.1530382156372,,2018,bat,3B/SS
13157,Nicky Delmonico,OF,116.36499786376953,552.9361299514769,,2018,bat,OF
15103,Boog Powell,OF,64.20210266113281,265.71909281015394,,2018,bat,OF
3086,Mitch Moreland,1B,102.6760025024414,510.1089711129665,,2018,bat,1B
11615,Brandon Drury,2B/3B,71.55249786376953,318.9541686177253,KCR,2018,bat,2B/3B
2829,Manny Piña,C,57.37670135498047,223.5334091156721,,2018,bat,C
7996,José A. Martínez,1B/OF,87.64199829101562,438.8941106319427,,2018,bat,1B/OF
12225,Scott Schebler,OF,114.56600189208984,562.7480804443359,,2018,bat,OF
5485,José Pirela,2B/OF,108.24800109863281,481.94590671062457,,2018,bat,2B/OF
4969,Luis Valbuena,3B,103.90699768066406,462.6495363235473,,2018,bat,3B
15694,Chance Sisco,C,47.61119842529297,201.05406671166418,,2018,bat,C
9205,Logan Morrison,1B/OF,99.90390014648438,531.8185923218728,,2018,bat,1B/OF
6609,Freddy Galvis,SS,92.55349731445312,354.0568805217743,,2018,bat,SS
5000,Stephen Vogt,C,42.72850036621094,203.00963498950003,,2018,bat,C
15223,Adam Frazier,2B/OF,99.53279876708984,479.49589622020727,LAA,2018,bat,2B/OF
11270,Aaron Altherr,OF,107.89199829101562,540.7515985488892,,2018,bat,OF
16578,Yandy Díaz,1B/3B,37.90800094604492,179.03191592693327,TBR,2018,bat,1B/3B
11472,Dixon Machado,2B/SS,87.30329895019531,332.07874794006347,,2018,bat,2B/SS
10459,Adeiny Hechavarría,SS,92.55349731445312,311.44320588111873,,2018,bat,SS
8001,Hanley Ramirez,SS,98.02619934082031,542.41364646554,CLE,2018,bat,SS
7571,Lonnie Chisenhall,3B/OF,95.1426010131836,443.1713795900344,,2018,bat,3B/OF
13130,Mikie Mahtook,OF,92.55349731445312,404.8860120296478,,2018,bat,OF
10542,Derek Dietrich,2B/OF,93.70860290527344,436.5291429877281,,2018,bat,2B/OF
15161,Mitch Garver,C/DH,37.016998291015625,149.58619045615194,SEA,2018,bat,C/DH
4866,Jarrod Dyson,OF,50.55139923095703,213.59507710933684,,2018,bat,OF
10472,Enrique Hernández,OF,73.02249908447266,302.3923200666904,LAD,2018,bat,OF
13414,Andrew Toles,OF,44.8577995300293,211.73068539500238,LAD,2018,bat,OF
15937,Aledmys Díaz,SS,51.82379913330078,232.3383187294006,,2018,bat,SS
13807,Kevin Plawecki,C,42.72850036621094,163.11847595572468,,2018,bat,C
3174,Shin-Soo Choo,OF,133.27699279785156,720.0374467611313,,2018,bat,OF
9957,Steve Pearce,1B/OF,78.40799713134766,394.73644568920133,,2018,bat,1B/OF
5677,A.J. Ellis,C,32.9630012512207,130.52917075455187,,2018,bat,C
19755,Shohei Ohtani,DH,61.05189895629883,311.7259377598763,LAD,2018,bat,DH
14145,Daniel Robertson,2B/3B/SS,61.05189895629883,224.83133610486982,,2018,bat,2B/3B/SS
16997,Gleyber Torres,2B,78.08399963378906,295.0060818076133,DET,2018,bat,2B
7087,Caleb Joseph,C,57.37670135498047,201.07941607832905,SEA,2018,bat,C
9848,Austin Jackson,OF,95.48280334472656,398.4349464893341,,2018,bat,OF
10815,Jurickson Profar,OF,58.69260025024414,246.8701901614666,ATL,2018,bat,OF
16192,Derek Fisher,OF,71.5553970336914,308.65805127620695,,2018,bat,OF
8259,Kurt Suzuki,C,56.19779968261719,241.13245503604412,,2018,bat,C
7331,Seth Smith,OF,82.0530014038086,416.0388379514217,,2018,bat,OF
5384,Juan Lagares,OF,43.39979934692383,159.7501023292541,,2018,bat,OF
9542,Steve Clevenger,C,47.61119842529297,181.4587886571884,,2018,bat,C
4191,Yunel Escobar,3B/SS,61.05189895629883,301.22694784998896,,2018,bat,3B/SS
12546,C.J. Cron,1B,106.77400207519531,495.78664832115163,,2018,bat,1B
12775,Brad Miller,SS,86.2531967163086,401.5795772314072,,2018,bat,SS
10339,Scooter Gennett,2B,119.76699829101562,535.7877208709717,,2018,bat,2B
14221,Jorge Soler,DH/OF,126.3759994506836,609.2080010414123,LAA,2018,bat,DH/OF
12180,Jorge Alfaro,C,92.93939971923828,325.4296495318412,KCR,2018,bat,C
10950,Adam Duvall,OF,117.98500061035156,544.7642147302627,,2018,bat,OF
8347,Denard Span,OF,76.80269622802734,374.13355772495265,,2018,bat,OF
11846,Leonys Martin,OF,71.55249786376953,268.0589535236358,,2018,bat,OF
5227,Jon Jay,OF,114.1780014038086,465.6280526399612,,2018,bat,OF
13620,Carson Kelly,C,29.15999984741211,108.9810049533844,CHC,2018,bat,C
16622,Luis Urías,2B/3B,54.7515983581543,207.55781233310697,,2018,bat,2B/3B
14942,Andrew Knapp,C,42.72850036621094,160.77955646514891,,2018,bat,C
3648,René Rivera,C,37.845699310302734,130.04587469398976,,2018,bat,C
17642,JT Riddle,SS,82.0530014038086,277.07731070518497,,2018,bat,SS
13338,Omar Narváez,C,32.9630012512207,120.95749735236167,,2018,bat,C
11680,Elias Díaz,C,37.845699310302734,136.11361440718173,KCR,2018,bat,C
14968,Victor Caratini,C,22.599000930786133,98.95421573221682,MIN,2018,bat,C
4727,Jacoby Ellsbury,OF,63.5526008605957,283.1652844548225,,2018,bat,OF
17975,Scott Kingery,SS/OF,101.9469985961914,433.50949912071235,CHC,2018,bat,SS/OF
5942,Jesús Sucre,C,32.9630012512207,111.50029779374599,,2018,bat,C
8418,Ehire Adrianza,3B/SS,35.13779830932617,133.8019036889076,,2018,bat,3B/SS
10071,Jonathan Villar,2B/SS,119.03800201416016,542.126499426365,,2018,bat,2B/SS
6310,Alcides Escobar,SS,118.12999725341797,386.9162885665893,,2018,bat,SS
5223,Cameron Maybin,OF,76.77179718017578,341.32755618095393,,2018,bat,OF
14551,Anthony Santander,OF,50.55139923095703,233.33417714834212,TOR,2018,bat,OF
9308,Josh Phegley,C,21.09239959716797,85.42156253904103,,2018,bat,C
5273,Sandy León,C,37.61640167236328,123.71601837873457,ATL,2018,bat,C
17719,Steven Duggar,OF,50.55139923095703,193.75985057353972,,2018,bat,OF
18289,Brian Anderson,3B/OF,58.887001037597656,244.35459432005885,,2018,bat,3B/OF
11339,Jake Marisnick,OF,62.80739974975586,223.46471059322351,,2018,bat,OF
15112,Ryan McMahon,3B,109.83599853515625,565.535071849823,NYY,2018,bat,3B
13866,Bruce Maxwell,C,21.09239959716797,78.2880398735404,,2018,bat,C
16434,Christian Arroyo,2B,40.05080032348633,156.6404327481985,NYM,2018,bat,2B
12174,Jorge Bonifacio,OF,83.75399780273438,371.6108493089676,,2018,bat,OF
18721,Guillermo Heredia,OF,51.337799072265625,195.1762515336275,,2018,bat,OF
9549,David Freese,3B,63.782100677490234,289.214668622613,,2018,bat,3B
13608,Mallex Smith,OF,64.20210266113281,245.05638272762295,,2018,bat,OF
15191,Chad Pinder,OF,99.20880126953125,397.5174773931503,,2018,bat,OF
8610,Kendrys Morales,1B/DH,114.80899810791016,600.4899223685264,,2018,bat,1B/DH
12927,Brandon Nimmo,OF,72.7218017578125,307.4123649597168,TEX,2018,bat,OF
6876,Mark Trumbo,1B/DH/OF,89.40339660644531,460.89424521327015,,2018,bat,1B/DH/OF
1679,Chase Utley,2B,56.81340026855469,222.50731669664378,,2018,bat,2B
7802,Miguel Rojas,SS,55.2765998840332,202.25895015001294,LAD,2018,bat,SS
2636,Brandon Guyer,OF,50.55139923095703,231.71286849975587,,2018,bat,OF
4022,Melky Cabrera,OF,103.48600006103516,525.4455519318581,NYM,2018,bat,OF
7927,Eric Sogard,2B,39.21080017089844,167.39735662341118,,2018,bat,2B
4229,Howie Kendrick,2B,52.29359817504883,243.0248208642006,,2018,bat,2B
5254,Robbie Grossman,OF,60.89580154418945,274.2999322414398,,2018,bat,OF
10059,Max Stassi,C,30.877199172973633,100.72949139773846,,2018,bat,C
1736,José Reyes,SS,62.25659942626953,266.7347275495529,,2018,bat,SS
6364,Danny Valencia,3B,45.30110168457031,222.6043022096157,,2018,bat,3B
9393,Matt Adams,1B,44.98609924316406,227.9364543944597,,2018,bat,1B
19293,Nick Senzel,OF,16.200000762939453,76.76610847562551,LAD,2018,bat,OF
15279,Garrett Cooper,1B/DH,50.02629852294922,220.3700888395309,,2018,bat,1B/DH
3179,Dioner Navarro,C,47.61119842529297,170.62861304283143,,2018,bat,C
12594,Mike Marjama,C,30.375,96.27356440126894,,2018,bat,C
12160,Ben Gamel,OF,96.4385986328125,373.3506421804428,ATL,2018,bat,OF
15343,Zack Granite,OF,26.616600036621094,113.32734359502793,,2018,bat,OF
10951,Greg Garcia,2B/3B,60.68519973754883,227.69257520437236,PHI,2018,bat,2B/3B
5491,Austin Romine,C,31.913999557495117,106.06429104208945,,2018,bat,C
3376,Nick Hundley,C,26.127099990844727,98.79776058346033,,2018,bat,C
11400,Ronald Torreyes,2B/3B/SS,44.40420150756836,150.10247756838794,,2018,bat,2B/3B/SS
12147,Nick Ahmed,SS,87.30329895019531,298.4221078991889,,2018,bat,SS
5913,Leury García,OF,75.76740264892578,296.03253152370456,,2018,bat,OF
10473,Cheslor Cuthbert,3B,98.18820190429688,439.152835702896,,2018,bat,3B
12284,Kevan Smith,C,21.09239959716797,78.66308604553342,,2018,bat,C
16535,Danny Jansen,C,12.052800178527832,48.74598946422338,TEX,2018,bat,C
10807,Tyler Saladino,3B/SS,50.55139923095703,179.86983832120896,,2018,bat,3B/SS
15730,Tyler Wade,2B/OF,40.613399505615234,139.17604204416273,TEX,2018,bat,2B/OF
13744,David Dahl,OF,33.66360092163086,174.0263586401939,,2018,bat,OF
19611,Vladimir Guerrero Jr.,1B,10.643400192260742,53.973019565641884,TOR,2018,bat,1B
16403,Francisco Mejía,C,12.052800178527832,51.65509915202856,,2018,bat,C
1908,Adrián González,1B,68.16960144042969,310.12183045744894,,2018,bat,1B
4243,Jose Lobatón,C,22.599000930786133,81.67443461716175,,2018,bat,C
14320,Wilmer Difo,2B/SS,61.00920104980469,220.9372776985168,,2018,bat,2B/SS
3364,Miguel Montero,C,34.91600036621094,139.18003652393818,,2018,bat,C
13769,Adalberto Mondesi,SS,69.78959655761719,248.69272212982173,,2018,bat,SS
14567,Franchy Cordero,1B/OF,65.2520980834961,255.00785388946525,,2018,bat,1B/OF
5930,Nick Markakis,OF,135.98300170898438,614.327485215664,,2018,bat,OF
18363,Victor Robles,OF,28.91699981689453,123.96857236623761,SEA,2018,bat,OF
17484,Eloy Jiménez,DH/OF,21.367799758911133,105.48915996849534,TOR,2018,bat,DH/OF
15197,Carlos Asuaje,2B,32.700401306152344,129.96229506731035,,2018,bat,2B
13499,Tom Murphy,C,29.581199645996094,119.32166354060173,,2018,bat,C
3411,Drew Butera,C,30.033300399780273,99.95554242134094,,2018,bat,C
17027,Alex Verdugo,OF,41.01839828491211,162.06538130044936,SDP,2018,bat,OF
17098,Dustin Fowler,OF,52.6515007019043,211.1902234792709,,2018,bat,OF
12508,Jett Bandy,C,19.585800170898438,71.54106925725937,,2018,bat,C
12981,Cam Gallagher,C,15.065999984741211,55.66232909858227,,2018,bat,C
15194,Jake Bauers,1B/OF,37.95069885253906,153.80272281467916,MIL,2018,bat,1B/OF
10067,Tomás Telis,C/1B,16.68600082397461,59.640429896116245,,2018,bat,C/1B
12399,Taylor Motter,SS,24.154199600219727,89.37823756337164,,2018,bat,SS
14130,Daniel Vogelbach,1B/DH,50.31719970703125,211.30426408052443,,2018,bat,1B/DH
14713,Dawel Lugo,2B/3B,28.500200271606445,108.21399593949316,,2018,bat,2B/3B
13770,Rob Refsnyder,OF,40.05080032348633,160.86172702312467,SEA,2018,bat,OF
11470,Tony Wolters,C,32.9630012512207,117.04114258289336,,2018,bat,C
15519,Franklin Barreto,2B/SS,27.450199127197266,99.83680406808853,,2018,bat,2B/SS
13359,Tyler Naquin,OF,35.85060119628906,154.64333441853523,,2018,bat,OF
14811,Luke Voit,1B/DH,25.28820037841797,118.03943068683145,,2018,bat,1B/DH
11738,Christian Villanueva,3B,28.500200271606445,110.97942605316638,,2018,bat,3B
12547,John Hicks,C/1B,43.83100128173828,166.17708016633983,,2018,bat,C/1B
3882,Chris Young,OF,38.36159896850586,159.36538554430007,LAA,2018,bat,OF
3448,Jeff Mathis,C,52.49399948120117,158.11853463649746,,2018,bat,C
8298,Francisco Peña,C,12.052800178527832,42.04416883587837,,2018,bat,C
5408,Jake Smolinski,OF,24.299999237060547,97.16584215462207,,2018,bat,OF
13066,Teoscar Hernández,OF,48.72959899902344,206.6998799204826,LAD,2018,bat,OF
9345,Brock Holt,2B/3B/OF,25.43400001525879,91.87764464318751,,2018,bat,2B/3B/OF
4251,Stephen Drew,SS,16.200000762939453,64.40940254479645,,2018,bat,SS
15983,Clint Frazier,OF,31.460399627685547,139.76755947470662,,2018,bat,OF
13132,Andrew Susac,C,12.052800178527832,42.04041996896266,,2018,bat,C
5517,Kyle Higashioka,C,7.5329999923706055,29.084349407628178,TEX,2018,bat,C
18030,Harrison Bader,OF,17.57699966430664,68.12942829877139,SFG,2018,bat,OF
5631,Matt Kemp,OF,60.44219970703125,306.45570621192456,,2018,bat,OF
12294,Cory Spangenberg,2B/3B,25.560100555419922,104.26183109283446,,2018,bat,2B/3B
7324,Chris Gimenez,C,14.839200019836426,48.3119720607996,,2018,bat,C
15986,Willy Adames,SS,8.100000381469727,28.94788889288902,SFG,2018,bat,SS
15905,Luis Torrens,C,7.5329999923706055,26.25423912853002,NYM,2018,bat,C
12101,Kennys Vargas,1B/DH,19.148399353027344,90.72380155473948,,2018,bat,1B/DH
14556,Max Moroff,2B/SS,9.460800170898438,35.892939731478684,,2018,bat,2B/SS
1873,Matt Holliday,OF,79.46099853515625,372.9640641093254,,2018,bat,OF
2495,Pedro Álvarez,3B,8.100000381469727,42.941922074556345,,2018,bat,3B
13723,Jacob Stallings,C,15.065999984741211,49.18981741145252,BAL,2018,bat,C
13005,Kelby Tomlinson,2B,41.52090072631836,147.56212321519848,,2018,bat,2B
5751,Hernán Pérez,2B/3B/OF,45.40610122680664,183.3770329594612,,2018,bat,2B/3B/OF
14813,Kyle Farmer,2B/SS,10.77299976348877,36.36707346364856,ATL,2018,bat,2B/SS
11445,Mark Canha,OF,17.81999969482422,77.87365370690821,TEX,2018,bat,OF
15653,Dominic Smith,1B/OF,63.18000030517578,267.7864444434643,ATL,2018,bat,1B/OF
12797,Dalton Pompey,OF,8.100000381469727,33.62956090420484,,2018,bat,OF
14523,Pedro Severino,C,7.5329999923706055,26.084409463405606,,2018,bat,C
1159,Andrew Romine,3B/SS,39.62519836425781,120.82552842497826,CHC,2018,bat,3B/SS
17161,Chad Wallach,C,10.546199798583984,33.817623204737906,OAK,2018,bat,C
7888,Ryan Flaherty,2B/3B,32.700401306152344,117.77449367046356,,2018,bat,2B/3B
16424,Jordan Luplow,OF,11.34000015258789,52.05930737406015,,2018,bat,OF
17062,Grayson Greiner,C,7.5329999923706055,25.41609921902418,,2018,bat,C
13768,Travis Jankowski,OF,17.81999969482422,62.15451278686522,NYM,2018,bat,OF
14894,Tony Kemp,2B/OF,17.81999969482422,69.05991649031637,,2018,bat,2B/OF
12371,Tommy La Stella,2B/3B,38.685699462890625,160.47877729237078,,2018,bat,2B/3B
5398,Juan Graterol,C,7.5329999923706055,22.62251030430198,,2018,bat,C
16271,Alex Blandino,2B/3B,6.480000019073486,25.944340817630287,,2018,bat,2B/3B
13355,Luke Maile,C,25.401599884033203,69.67734194546938,KCR,2018,bat,C
13755,Tomás Nido,C,7.5329999923706055,24.8114498026669,DET,2018,bat,C
15464,Hunter Renfroe,OF,57.586700439453125,266.1812618434428,,2018,bat,OF
11494,Kaleb Cowart,2B/3B,11.34000015258789,39.53122618794442,,2018,bat,2B/3B
14329,Anthony Alford,OF,35.63999938964844,145.04919781684873,,2018,bat,OF
15766,Raudy Read,C,4.519800186157227,16.81440896429121,,2018,bat,C
15447,Ryon Healy,1B/3B,109.4800033569336,467.2601296722888,,2018,bat,1B/3B
18345,Kyle Tucker,OF,24.299999237060547,97.08836360573768,LAD,2018,bat,OF
15722,Allen Córdoba,SS/OF,11.501999855041504,42.61880965232849,,2018,bat,SS/OF
13154,Marco Hernández,2B,7.5167999267578125,28.15879130810499,,2018,bat,2B
12606,Raffy Lopez,C,7.5329999923706055,25.073339270800354,,2018,bat,C
15490,Justin Williams,OF,6.480000019073486,27.379079577326777,,2018,bat,OF
15672,Austin Meadows,DH/OF,12.960000038146973,52.40026961266994,,2018,bat,DH/OF
9433,Dustin Garneau,C,3.013200044631958,9.953579493984577,,2018,bat,C
14503,Renato Núñez,3B/DH,4.860000133514404,18.910239666327836,,2018,bat,3B/DH
16115,Mike Gerber,OF,12.960000038146973,53.856508913636205,,2018,bat,OF
10327,Ramón Cabrera,C,22.599000930786133,65.85185469686985,,2018,bat,C
10346,John Ryan Murphy,C,18.468000411987305,64.60206087976694,PIT,2018,bat,C
10619,David Freitas,C,3.013200044631958,9.54675001129508,,2018,bat,C
15674,Reese McGuire,C,3.013200044631958,10.117539905011654,MIL,2018,bat,C
5452,Ji Man Choi,1B,6.642000198364258,31.514840430766345,,2018,bat,1B
15271,Austin Wynns,C,3.013200044631958,10.079060556553305,OAK,2018,bat,C
14330,Nick Williams,OF,99.77580261230469,452.85057909488677,,2018,bat,OF
14735,Brett Phillips,OF,6.480000019073486,24.613468547165393,,2018,bat,OF
14111,Eric Haase,C,3.013200044631958,10.84012063741684,SFG,2018,bat,C
14335,Dilson Herrera,2B,3.240000009536743,12.975170026719567,,2018,bat,2B
16565,Mark Zagunis,OF,4.860000133514404,19.70223008841276,,2018,bat,OF
16542,Shed Long Jr.,2B/OF,3.240000009536743,13.456749687343835,,2018,bat,2B/OF
17075,Miguel Gómez,2B,1.6200000047683716,6.5993699107319115,,2018,bat,2B
10681,Gio Urshela,3B,30.600299835205078,109.1073441803455,MIN,2018,bat,3B
5486,Abraham Almonte,OF,6.480000019073486,27.04813176691532,,2018,bat,OF
14477,Jake Cave,OF,8.100000381469727,31.452739956974987,,2018,bat,OF
14678,Tzu-Wei Lin,2B/SS,3.7583999633789062,13.112119837105274,,2018,bat,2B/SS
17696,Kevin Newman,2B/SS,3.240000009536743,11.296139226108789,KCR,2018,bat,2B/SS
17750,Max Schrock,OF,1.6200000047683716,6.390370359085499,,2018,bat,OF
14103,Rio Ruiz,3B,33.22549819946289,131.32569468915463,,2018,bat,3B
12782,Taylor Davis,C,1.506600022315979,5.451209408417344,,2018,bat,C
3878,Chris Stewart,C,7.5329999923706055,24.35703916698694,,2018,bat,C
13718,Christopher Bostick,2B/OF,3.240000009536743,11.733180202543737,,2018,bat,2B/OF
15711,Tyler O'Neill,OF,3.240000009536743,14.115388978645205,BAL,2018,bat,OF
19294,Nick Solak,2B,1.6200000047683716,6.047120045125484,SDP,2018,bat,2B
9953,Ryan Schimpf,2B/3B,3.240000009536743,13.824009618908166,,2018,bat,2B/3B
16263,Sam Travis,1B/OF,5.8968000411987305,24.547328837588427,,2018,bat,1B/OF
19238,Lourdes Gurriel Jr.,OF,3.240000009536743,10.837740328907964,ARI,2018,bat,OF
14140,José Rondon,SS,3.240000009536743,10.643370435386895,,2018,bat,SS
16448,Jacob Nottingham,C,3.013200044631958,10.033889636397362,SEA,2018,bat,C
14267,Alfredo González,C,1.506600022315979,4.598559829033912,,2018,bat,C
17273,Jorge Mateo,SS,1.6200000047683716,5.646759767830371,ATL,2018,bat,SS
16153,Austin Slater,OF,1.6200000047683716,6.684990171156823,DET,2018,bat,OF
17109,Meibrys Viloria,C,1.506600022315979,4.9393098646774884,,2018,bat,C
12495,T.J. Rivera,2B/3B,25.27199935913086,95.2839929640293,,2018,bat,2B/3B
15654,Billy McKinney,OF,3.240000009536743,12.93779933080077,,2018,bat,OF
12983,Charlie Tilson,OF,1.6200000047683716,5.786029934510587,,2018,bat,OF
16512,Isiah Kiner-Falefa,SS,3.1266000270843506,10.716659626364708,BOS,2018,bat,SS
15207,Stuart Turner,C,7.5329999923706055,23.073937952145933,,2018,bat,C
14593,David Bote,2B/3B,1.6200000047683716,6.047179662622511,LAD,2018,bat,2B/3B
17182,Jung Ho Kang,3B/SS,0.20000000298023224,1.2878799813799557,,2018,bat,3B/SS
5887,John Jaso,C,0.20000000298023224,1.112479980662465,,2018,bat,C
17423,Yermín Mercedes,DH,0.20000000298023224,0.9910399952437727,,2018,bat,DH
sa658968,Ian Rice,C,0.20000000298023224,1.0161900175735354,,2018,bat,C
15608,Willians Astudillo,C/3B,0.20000000298023224,0.9965599827701226,,2018,bat,C/3B
10642,Carlos Pérez,C,0.20000000298023224,0.9156200361903757,HOU,2018,bat,C
6867,Derek Norris,C,0.20000000298023224,1.0590199902188033,,2018,bat,C
3707,Geovany Soto,C,0.20000000298023224,1.0594600026030092,,2018,bat,C
16285,Michael Hermosillo,OF,1.6200000047683716,5.497300027124582,,2018,bat,OF
16530,Mauricio Dubón,2B/OF,4.860000133514404,17.274911015480754,ATL,2018,bat,2B/OF
3057,Mike Napoli,C/1B,0.20000000298023224,1.0806600492214784,,2018,bat,C/1B
19514,Andrew Knizner,C,0.20000000298023224,0.9686999684432521,SEA,2018,bat,C
16623,Greg Allen,OF,3.240000009536743,11.880709751322867,,2018,bat,OF
16426,Thairo Estrada,2B,1.6200000047683716,5.5496298030018805,BAL,2018,bat,2B
9284,Chris Herrmann,C/OF,0.20000000298023224,0.9361899940297007,,2018,bat,C/OF
18126,LaMonte Wade Jr.,1B/OF,0.20000000298023224,1.1143200315069408,CHW,2018,bat,1B/OF
18206,Nick Dini,C,0.20000000298023224,0.9553500405512749,TBR,2018,bat,C
13444,Cameron Perkins,OF,1.6200000047683716,6.0503900760784735,,2018,bat,OF
8609,Tim Federowicz,C,0.20000000298023224,0.9280799845000727,,2018,bat,C
2579,Carlos Ruiz,C,0.20000000298023224,0.9516500048572196,,2018,bat,C
17714,Christin Stewart,OF,0.20000000298023224,1.137300044298172,,2018,bat,OF
6978,Juan Francisco,1B/3B,0.20000000298023224,1.2141499774763358,BAL,2018,bat,1B/3B
19181,Zack Collins,C,0.20000000298023224,0.8911500317277387,,2018,bat,C
15351,Frank Schwindel,1B,0.20000000298023224,0.9694499833509327,,2018,bat,1B
17907,Brendan Rodgers,2B,0.20000000298023224,1.163939935574308,BOS,2018,bat,2B
sa548430,Wynston Sawyer,C/1B,0.20000000298023224,0.9148799859452991,,2018,bat,C/1B
5514,Jesus Montero,C/DH,0.20000000298023224,0.9186699434649198,,2018,bat,C/DH
12510,Curt Casali,C,0.20000000298023224,0.8675099585321732,,2018,bat,C
18217,Brett Sullivan,C,0.20000000298023224,0.9024199864361435,COL,2018,bat,C
sa829058,Jamie Ritchie,C,0.20000000298023224,0.8314400284085423,,2018,bat,C
6806,Josmil Pinto,C/DH,0.20000000298023224,0.9536300118546932,,2018,bat,C/DH
17128,Ramón Laureano,OF,3.240000009536743,12.381680355221034,SDP,2018,bat,OF
17548,Taylor Ward,OF,0.20000000298023224,0.8520199957070871,BAL,2018,bat,OF
15585,Mike Ford,1B/DH,0.20000000298023224,1.1579400424845516,,2018,bat,1B/DH
19635,Sheldon Neuse,2B/3B,0.20000000298023224,0.9823700423352419,,2018,bat,2B/3B
sa503041,Cam Maron,C,0.20000000298023224,0.8782100313575937,,2018,bat,C
11146,Cameron Rupp,C,0.20000000298023224,0.9552500031539238,,2018,bat,C
10289,Héctor Sánchez,C,0.20000000298023224,0.9426199684385209,,2018,bat,C
1327,Jayson Werth,OF,4.860000133514404,21.53928118497133,,2018,bat,OF
17766,DJ Stewart,OF,0.20000000298023224,1.085879995836876,,2018,bat,OF
14938,Jack Reinheimer,3B/SS/OF,1.6200000047683716,5.111829961836337,,2018,bat,3B/SS/OF
19352,Sean Murphy,C,0.20000000298023224,0.853480000142008,ATL,2018,bat,C
10306,Oswaldo Arcia,OF,0.20000000298023224,1.2353700635489073,,2018,bat,OF
18882,Brandon Lowe,2B,0.20000000298023224,0.9464600268285721,PIT,2018,bat,2B
11247,Jabari Blash,OF,3.240000009536743,12.717019611410798,,2018,bat,OF
8027,Adam Lind,1B/DH,0.20000000298023224,1.298069991590455,,2018,bat,1B/DH
17321,Michael Chavis,1B/2B,0.20000000298023224,1.0627699617296456,CIN,2018,bat,1B/2B
1887,José Bautista,OF,0.20000000298023224,1.1744199309963732,,2018,bat,OF
19334,Yadiel Hernandez,OF,0.20000000298023224,1.0966599734965712,,2018,bat,OF
sa598684,Aneury Tavárez,OF,0.20000000298023224,1.1048800369724632,,2018,bat,OF
4467,Brandon Moss,1B/OF,0.20000000298023224,1.1536899748723952,,2018,bat,1B/OF
19780,Esteban Quiroz,2B,0.20000000298023224,0.9773899961146526,,2018,bat,2B
18067,Garrett Stubbs,C,0.20000000298023224,0.8086400142405183,PHI,2018,bat,C
5311,Chad Huffman,OF,0.20000000298023224,1.0823800066486,,2018,bat,OF
10655,Rob Brantly,C,0.20000000298023224,0.9037399450317025,,2018,bat,C
11287,Bryan Holaday,C,0.20000000298023224,0.8363599583273752,,2018,bat,C
19612,Bo Bichette,SS,0.20000000298023224,0.9229699548799544,NYM,2018,bat,SS
sa857727,Jesse Jenner,C,0.20000000298023224,0.8471599570941178,,2018,bat,C
sa657922,Clint Coulter,OF,0.20000000298023224,0.9042500350391491,,2018,bat,OF
1738,Jhonny Peralta,SS,0.20000000298023224,1.0654599552275612,,2018,bat,SS
9886,Iván De Jesús Jr.,2B,0.20000000298023224,0.9723800332285463,,2018,bat,2B
sa328505,Deibinson Romero,3B,0.20000000298023224,0.9696800155099481,,2018,bat,3B
13788,Matt Reynolds,3B/SS,3.240000009536743,11.027650709822774,,2018,bat,3B/SS
3255,Franklin Gutierrez,OF,0.20000000298023224,1.1532399605028332,,2018,bat,OF
19254,José Miguel Fernández,1B,0.20000000298023224,1.107439988129772,,2018,bat,1B
2783,Johnny Monell,C,0.20000000298023224,0.8286900280974804,,2018,bat,C
6878,Chris Coghlan,OF,0.20000000298023224,1.054020004440099,,2018,bat,OF
9968,Dan Butler,C,0.20000000298023224,0.8752299899701026,,2018,bat,C
sa549202,Will Swanner,C/1B,0.20000000298023224,0.8683499944163486,COL,2018,bat,C/1B
5519,Rubén Tejada,SS,0.20000000298023224,0.9571499991929158,,2018,bat,SS
sa502038,Anthony García,OF,0.20000000298023224,0.9877700268058106,,2018,bat,OF
12119,Matt Skole,1B/DH,0.20000000298023224,0.9313799397321417,,2018,bat,1B/DH
5450,Daniel Nava,OF,0.20000000298023224,1.0485299634048717,,2018,bat,OF
12649,Alex Dickerson,OF,0.20000000298023224,1.1235499842558057,,2018,bat,OF
18036,Jake Cronenworth,1B/2B,0.20000000298023224,0.8200200098101048,SDP,2018,bat,1B/2B
18360,Austin Riley,3B,0.20000000298023224,1.0091400275006892,ATL,2018,bat,3B
sa601536,Ronnier Mustelier,3B/OF,0.20000000298023224,0.9540099948644638,,2018,bat,3B/OF
sa829527,Jared James,OF,0.20000000298023224,1.060820055613294,,2018,bat,OF
sa503268,Raywilly Gomez,C,0.20000000298023224,0.8166199957486242,,2018,bat,C
19290,Randy Arozarena,OF,0.20000000298023224,1.0104300177656114,SEA,2018,bat,OF
12325,Jace Peterson,2B/3B,0.20000000298023224,0.9688700474333016,,2018,bat,2B/3B
18722,Dae-Ho Lee,1B,0.20000000298023224,1.158889968576841,,2018,bat,1B
19251,Pete Alonso,1B,0.20000000298023224,1.1099300283007325,BAL,2018,bat,1B
13777,Adonis García,3B,0.20000000298023224,1.0566800176282414,,2018,bat,3B
sa550391,Damek Tomscha,1B/3B,0.20000000298023224,0.9656900315079838,,2018,bat,1B/3B
sa504599,Jairo Perez,3B,0.20000000298023224,0.9756699954858049,,2018,bat,3B
7740,Ty Kelly,2B/3B/OF,0.20000000298023224,0.8844099640846254,,2018,bat,2B/3B/OF
6265,Andre Ethier,OF,0.20000000298023224,1.1036600072402507,,2018,bat,OF
17276,Alex Jackson,C,0.20000000298023224,0.9061200610594823,MIN,2018,bat,C
14555,Wyatt Mathisen,1B/3B,0.20000000298023224,0.8107300442876292,,2018,bat,1B/3B
11997,Cody Asche,3B/OF,0.20000000298023224,1.044670012081042,,2018,bat,3B/OF
sa869674,Yadir Drake,OF,0.20000000298023224,1.0227899664780125,,2018,bat,OF
2234,Kelly Johnson,2B,0.20000000298023224,1.0396300012245772,,2018,bat,2B
4365,Scott Van Slyke,OF,0.20000000298023224,1.0105800417950377,,2018,bat,OF
17620,Myles Straw,OF,0.20000000298023224,0.942459989245981,TOR,2018,bat,OF
9628,Michael McKenry,C,0.20000000298023224,0.882369976467453,,2018,bat,C
18399,Joe McCarthy,OF,0.20000000298023224,1.0345200224779545,,2018,bat,OF
sa876211,Jordan George,1B/OF,0.20000000298023224,1.0899200053885576,,2018,bat,1B/OF
sa501536,Jan Vázquez,C,0.20000000298023224,0.9811499939300119,,2018,bat,C
10961,Colin Walsh,3B,0.20000000298023224,0.88749000930693,LAA,2018,bat,3B
12384,Beau Taylor,C,0.20000000298023224,0.7615299549652262,,2018,bat,C
8879,Ryan Lavarnway,C,0.20000000298023224,0.8229600188322364,,2018,bat,C
4403,Erik Kratz,C,0.20000000298023224,0.8317500017117707,,2018,bat,C
10166,Nick Franklin,2B,0.20000000298023224,1.0463700606487691,,2018,bat,2B
sa827369,T.J. White,3B,0.20000000298023224,0.9362499749287962,,2018,bat,3B
19339,Nicky Lopez,2B/SS,0.20000000298023224,0.8738799584098159,COL,2018,bat,2B/SS
10028,Christian Bethancourt,C,0.20000000298023224,0.9010799665469674,CHC,2018,bat,C
sa547944,Luis Villegas,C,0.20000000298023224,0.8346100483555345,,2018,bat,C
sa658016,Andrew Pullin,2B/OF,0.20000000298023224,0.9746699728071688,,2018,bat,2B/OF
sa549139,Chace Numata,C,0.20000000298023224,0.7938699895516037,,2018,bat,C
11192,Brett Nicholas,C,0.20000000298023224,0.9268900393741203,,2018,bat,C
sa658231,Wade Wass,C,0.20000000298023224,0.7971600275253878,,2018,bat,C
6938,Eric Campbell,1B/3B,0.20000000298023224,0.9520200609229504,,2018,bat,1B/3B
sa211076,Saul Soto,C/1B,0.20000000298023224,0.8162200231919997,,2018,bat,C/1B
sa456095,Shawn Zarraga,C,0.20000000298023224,0.7813800398493184,,2018,bat,C
sa549286,Ryan Casteel,C/1B,0.20000000298023224,0.8358000197447835,,2018,bat,C/1B
12758,Breyvic Valera,2B/3B,0.20000000298023224,0.9007600130047647,,2018,bat,2B/3B
5557,Jarrod Saltalamacchia,C,0.20000000298023224,0.8697900403058156,,2018,bat,C
sa597836,Tyler Marlette,C,0.20000000298023224,0.8312199759529904,,2018,bat,C
7772,Matt Hague,1B,0.20000000298023224,1.0303199956659226,,2018,bat,1B
sa714135,Yosmany Guerra,2B/SS,0.20000000298023224,0.9268100373446939,,2018,bat,2B/SS
15535,Joseph Odom,C,0.20000000298023224,0.7773600187385453,,2018,bat,C
sa501451,Jason Hagerty,C/1B,0.20000000298023224,0.8178800388006492,,2018,bat,C/1B
11875,Ronny Rodríguez,2B/SS,0.20000000298023224,0.893869963940233,,2018,bat,2B/SS
sa875729,Chad De La Guerra,2B/SS,0.20000000298023224,0.9393599716946481,,2018,bat,2B/SS
6448,James Adduci,1B/OF,0.20000000298023224,1.0125899516046046,,2018,bat,1B/OF
17738,Chris Shaw,OF,0.20000000298023224,0.9834099961677564,,2018,bat,OF
3797,J.J. Hardy,SS,0.20000000298023224,0.8733099534176288,,2018,bat,SS
13075,Norichika Aoki,OF,0.20000000298023224,1.0516200211830438,,2018,bat,OF
sa244229,Jesus Valdez,OF,0.20000000298023224,1.0222999907098709,,2018,bat,OF
18718,Hyun Soo Kim,OF,0.20000000298023224,1.0910599653841926,,2018,bat,OF
sa578021,Tyler Ogle,C/1B,0.20000000298023224,0.803300010273233,,2018,bat,C/1B
sa605974,Blake Gailen,OF,0.20000000298023224,0.9781900226371363,,2018,bat,OF
19369,Jae-Gyun Hwang,3B,0.20000000298023224,0.9390900341328233,,2018,bat,3B
9373,Matt McBride,C/1B/OF,0.20000000298023224,0.865319977677427,,2018,bat,C/1B/OF
11165,Ramón Flores,OF,0.20000000298023224,1.0337399858050047,,2018,bat,OF
5247,Brett Lawrie,2B/3B,0.20000000298023224,1.010839980607852,,2018,bat,2B/3B
sa500838,Kelly Dugan,OF,0.20000000298023224,0.9953300019260494,,2018,bat,OF
18142,Patrick Mazeika,C,0.20000000298023224,0.7410399470361878,,2018,bat,C
4885,Nyjer Morgan,OF,0.20000000298023224,1.0521900073159485,,2018,bat,OF
sa505988,Alex Monsalve,C,0.20000000298023224,0.8068700189935042,,2018,bat,C
sa874211,Ryne Birk,2B,0.20000000298023224,0.8854999708011746,,2018,bat,2B
sa599247,Ruben Sosa,OF,0.20000000298023224,0.9148599985986948,,2018,bat,OF
sa658233,Bijan Rademacher,OF,0.20000000298023224,0.9776799965649842,,2018,bat,OF
sa875766,Drew Ferguson,OF,0.20000000298023224,0.9311500195879487,,2018,bat,OF
sa511026,Aderlin Rodríguez,1B/3B,0.20000000298023224,0.9494600039441138,,2018,bat,1B/3B
9981,Michael Saunders,OF,0.20000000298023224,1.068489985540509,,2018,bat,OF
1551,David Ross,C,0.20000000298023224,0.8738299739547073,,2018,bat,C
16404,Domingo Leyba,2B/3B,0.20000000298023224,0.9171800227835774,,2018,bat,2B/3B
sa546626,Adam Weisenburger,C,0.20000000298023224,0.7865999926347285,,2018,bat,C
16337,Nick Gordon,OF,0.20000000298023224,0.8496599426493048,,2018,bat,OF
sa873260,Tyler Ramirez,OF,0.20000000298023224,0.9093599441461264,,2018,bat,OF
18373,Ryan Mountcastle,1B,0.20000000298023224,0.8785199926933273,BAL,2018,bat,1B
16357,Pablo Reyes,OF,0.20000000298023224,0.9036699435673654,SDP,2018,bat,OF
9009,Conor Gillaspie,3B,0.20000000298023224,1.0214299857616422,,2018,bat,3B
sa396238,Rainel Rosario,OF,0.20000000298023224,0.9901400196598842,,2018,bat,OF
12926,Alen Hanson,2B/OF,0.20000000298023224,0.9159900417551399,,2018,bat,2B/OF
13490,Óscar Hernández,C,0.20000000298023224,0.8463700055610386,,2018,bat,C
sa738208,Jon Kemmer,OF,0.20000000298023224,0.9334499800577759,,2018,bat,OF
17689,Kevin Kramer,2B/3B/OF,0.20000000298023224,0.8995599756017326,,2018,bat,2B/3B/OF
sa836204,Billy Fleming,1B/2B/3B,0.20000000298023224,0.8847400522325188,,2018,bat,1B/2B/3B
sa327073,Jeremy Barfield,OF,0.20000000298023224,1.0226400057901628,BOS,2018,bat,OF
sa918108,Troy Montgomery,OF,0.20000000298023224,0.9715300014242532,,2018,bat,OF
sa827200,Kevin Krause,C/OF,0.20000000298023224,0.7931399775436146,,2018,bat,C/OF
19470,Tommy Edman,2B,0.20000000298023224,0.8221600238233804,LAD,2018,bat,2B
sa737930,Erich Weiss,2B,0.20000000298023224,0.8769800398033111,,2018,bat,2B
18316,Edwin Rios,1B/3B/DH,0.20000000298023224,1.0885599320754409,,2018,bat,1B/3B/DH
13473,Dwight Smith Jr.,OF,1.6200000047683716,6.481459582224487,,2018,bat,OF
sa454693,René García,C,0.20000000298023224,0.7918299900135025,,2018,bat,C
sa503053,Jeremy Lucas,C,0.20000000298023224,0.7845900340238584,,2018,bat,C
18819,Andy Ibáñez,2B/3B,0.20000000298023224,0.9675799920223652,OAK,2018,bat,2B/3B
sa827146,Trent Woodward,C,0.20000000298023224,0.7358199914684518,,2018,bat,C
7619,Mark Reynolds,1B/3B,0.20000000298023224,1.0583000030484981,,2018,bat,1B/3B
10347,Mike Ohlman,C,0.20000000298023224,0.8221600394463167,,2018,bat,C
sa599801,Kevin Taylor,OF,0.20000000298023224,0.8255599971860647,,2018,bat,OF
1907,Andrés Blanco,2B/SS,0.20000000298023224,0.9413800276815889,,2018,bat,2B/SS
sa293084,Mark Minicozzi,1B/2B,0.20000000298023224,0.8897300156299024,,2018,bat,1B/2B
16925,Aramis Garcia,C,0.20000000298023224,0.7613400608766823,ARI,2018,bat,C
6104,Aaron Hill,2B,0.20000000298023224,0.9757000227458775,,2018,bat,2B
sa455434,Justin Greene,OF,0.20000000298023224,0.9828800418879836,ATL,2018,bat,OF
19287,Adolis García,OF,0.20000000298023224,0.9668700157199055,PHI,2018,bat,OF
sa579381,Eduard Pinto,OF,0.20000000298023224,0.9455999725032597,,2018,bat,OF
12138,Ryan Brett,2B,0.20000000298023224,0.8726499599404633,,2018,bat,2B
7462,Trevor Plouffe,3B,0.20000000298023224,1.0754500081529839,,2018,bat,3B
sa508184,Jesse Castillo,1B/3B,0.20000000298023224,0.9105399778927675,,2018,bat,1B/3B
sa829082,Nick Tanielu,3B,0.20000000298023224,0.8397299855947494,,2018,bat,3B
sa875822,Logan Hill,OF,0.20000000298023224,0.9719499759376048,,2018,bat,OF
14936,Jaycob Brugman,OF,0.20000000298023224,0.9852300475817173,,2018,bat,OF
sa502309,Edgar Corcino,OF,0.20000000298023224,0.9464300299994648,,2018,bat,OF
sa658616,C.J. Hinojosa,2B/SS,0.20000000298023224,0.7919999883975833,,2018,bat,2B/SS
6835,Nick Buss,OF,0.20000000298023224,0.9520800145342947,,2018,bat,OF
1965,Desmond Jennings,OF,0.20000000298023224,0.9901499744504692,,2018,bat,OF
6050,Moisés Sierra,OF,0.20000000298023224,1.0712900132872163,,2018,bat,OF
sa658001,Chuck Taylor,OF,0.20000000298023224,0.8903500047978014,,2018,bat,OF
sa504970,Leonardo Reginatto,3B/SS,0.20000000298023224,0.7962399632902816,,2018,bat,3B/SS
6740,Johnny Giavotella,2B,0.20000000298023224,0.9383800510782748,,2018,bat,2B
sa658909,Jorge Saez,C,0.20000000298023224,0.7648100033868104,NYY,2018,bat,C
sa863591,Alexeis Bell,OF,0.20000000298023224,0.9830099929822609,,2018,bat,OF
16686,Jason Vosler,1B/3B,0.20000000298023224,0.8991799920564517,,2018,bat,1B/3B
12977,Michael Pérez,C,0.20000000298023224,0.8400700374506412,,2018,bat,C
15055,Dom Nuñez,C,0.20000000298023224,0.9379399833735078,CLE,2018,bat,C
sa737919,Stephen McGee,C,0.20000000298023224,0.7328100044513121,,2018,bat,C
3231,Brayan Peña,C,0.20000000298023224,0.8264199834782628,,2018,bat,C
10322,Danny Santana,OF,0.20000000298023224,0.911780044902116,,2018,bat,OF
sa548470,David Vidal,2B/3B,0.20000000298023224,0.8573600049130619,,2018,bat,2B/3B
9929,Darin Ruf,1B/OF,0.20000000298023224,1.0820899660466239,,2018,bat,1B/OF
11481,Henry Ramos,DH/OF,0.20000000298023224,0.9421600174158812,,2018,bat,DH/OF
sa875053,Kade Scivicque,C,0.20000000298023224,0.8079900200478731,,2018,bat,C
17022,Edmundo Sosa,3B/SS,1.6200000047683716,5.002990013919771,PHI,2018,bat,3B/SS
13419,Christian Walker,1B,1.6200000047683716,7.278929747268559,HOU,2018,bat,1B
sa875185,Brian Mundell,1B,0.20000000298023224,1.2064499429659918,COL,2018,bat,1B
sa653546,Jin-De Jhang,C,0.20000000298023224,0.769679973856546,,2018,bat,C
sa598986,John Norwood,OF,0.20000000298023224,0.9243100560735911,,2018,bat,OF
4063,Anthony Recker,C,0.20000000298023224,0.8762999596307054,,2018,bat,C
sa628321,Zane Chavez,C,0.20000000298023224,0.7852200309513135,,2018,bat,C
sa550375,Joe Jackson,C/OF,0.20000000298023224,0.8372999719344079,TEX,2018,bat,C/OF
16959,Eddy Alvarez,2B/3B,0.20000000298023224,0.757140057394281,,2018,bat,2B/3B
9911,Chris Carter,1B/DH,0.20000000298023224,1.1282999370014293,,2018,bat,1B/DH
454,Juan Uribe,3B/SS,0.20000000298023224,0.9497299707494674,,2018,bat,3B/SS
9219,Danny Espinosa,2B/SS,0.20000000298023224,0.8602799746906383,,2018,bat,2B/SS
sa621660,Mason Katz,2B,0.20000000298023224,0.859650018904358,STL,2018,bat,2B
8841,Ramiro Pena,2B/3B/SS,0.20000000298023224,0.9081099776085466,,2018,bat,2B/3B/SS
sa603199,Andy Paz,C,0.20000000298023224,0.7588100063381716,,2018,bat,C
4082,Erick Aybar,SS,0.20000000298023224,0.9082999956328419,,2018,bat,SS
18497,ByungHo Park,1B/DH,0.20000000298023224,1.0464599547442048,,2018,bat,1B/DH
12394,Jason Krizan,OF,0.20000000298023224,0.9345799561124294,SFG,2018,bat,OF
sa829376,Darren Seferina,2B,0.20000000298023224,0.8554400061257182,,2018,bat,2B
746,A.J. Pierzynski,C,0.20000000298023224,0.8518200197257099,ATL,2018,bat,C
sa502124,Alex Burg,OF,0.20000000298023224,0.8394900412065907,,2018,bat,OF
13472,Christian Lopes,2B/OF,0.20000000298023224,0.933849985152483,,2018,bat,2B/OF
sa657998,Nick Basto,1B/3B/OF,0.20000000298023224,0.851440003607422,,2018,bat,1B/3B/OF
17326,Cole Tucker,SS/OF,0.20000000298023224,0.830069986078888,,2018,bat,SS/OF
9854,Efren Navarro,1B/OF,0.20000000298023224,0.9805200294125824,,2018,bat,1B/OF
13897,Tyler Heineman,C,0.20000000298023224,0.7753700039116665,TOR,2018,bat,C
11624,Jarrett Parker,OF,0.20000000298023224,1.001360010076314,,2018,bat,OF
11746,Stefen Romero,OF,0.20000000298023224,1.042400053050369,,2018,bat,OF
sa738897,Jake Romanski,C,0.20000000298023224,0.789369968883693,,2018,bat,C
12956,Willy García,OF,0.20000000298023224,0.9653700100257993,,2018,bat,OF
13190,Jordan Weems,P,0.20000000298023224,0.7826900355517864,LAD,2018,bat,P
sa295122,Allan de San Miguel,C,0.20000000298023224,0.7779899636050684,,2018,bat,C
14854,Mike Yastrzemski,OF,0.20000000298023224,0.9495000381022691,ATL,2018,bat,OF
sa876363,Dalton Kelly,1B,0.20000000298023224,0.9759500032290815,,2018,bat,1B
sa291160,Daniel Mayora,3B,0.20000000298023224,0.870889951684512,,2018,bat,3B
5015,B.J. Upton,OF,0.20000000298023224,0.9672100584954023,,2018,bat,OF
sa456100,Carlos Paulino,C,0.20000000298023224,0.7369600530713796,,2018,bat,C
15817,Erick Mejia,3B/OF,0.20000000298023224,0.8685500126332043,WSN,2018,bat,3B/OF
sa658290,Kody Eaves,2B/3B,0.20000000298023224,0.8739700207952409,,2018,bat,2B/3B
2505,Hank Conger,C,0.20000000298023224,0.8471000299556181,,2018,bat,C
sa602394,Eric Wood,3B,0.20000000298023224,0.8708699653390793,,2018,bat,3B
17528,Héctor Olivera,3B,0.20000000298023224,0.941769986320287,,2018,bat,3B
16953,Chadwick Tromp,C,0.20000000298023224,0.796889981604181,ATL,2018,bat,C
18889,Danny Mendick,2B/SS,0.20000000298023224,0.8222899833694101,,2018,bat,2B/SS
971,Jimmy Rollins,SS,0.20000000298023224,0.8276200002059341,,2018,bat,SS
19709,Fernando Tatis Jr.,SS/OF,0.20000000298023224,0.8256400056183337,SDP,2018,bat,SS/OF
sa288775,Jose Guadalupe Chavez,2B/SS,0.20000000298023224,0.7826900127343833,,2018,bat,2B/SS
sa599235,Zach Houchins,3B,0.20000000298023224,0.8461799572687595,,2018,bat,3B
sa526876,Dean Green,1B,0.20000000298023224,1.044959961110726,,2018,bat,1B
sa599227,Casey Turgeon,2B/3B/OF,0.20000000298023224,0.840439996216446,,2018,bat,2B/3B/OF
sa599333,Josh Tobias,2B,0.20000000298023224,0.8875300188083199,,2018,bat,2B
15958,Travis Demeritte,OF,0.20000000298023224,0.9187600102741271,,2018,bat,OF
7423,Shane Peterson,OF,0.20000000298023224,0.9577200200874358,,2018,bat,OF
18795,Ramón Urías,3B,0.20000000298023224,0.8427300448063759,STL,2018,bat,3B
sa290201,Corey Wimberly,2B/OF,0.20000000298023224,0.8679799885489046,MIN,2018,bat,2B/OF
sa326115,Christian Marrero,1B/OF,0.20000000298023224,1.0196600140305236,,2018,bat,1B/OF
17478,Troy Stokes Jr.,OF,0.20000000298023224,0.9805100623518228,,2018,bat,OF
17710,Matt Beaty,1B/OF,0.20000000298023224,0.9997399346204472,,2018,bat,1B/OF
sa291098,Jose Martinez,2B,0.20000000298023224,0.8604899964760987,,2018,bat,2B
7216,César Puello,OF,0.20000000298023224,1.025749973161146,,2018,bat,OF
sa455557,Vladimir Frias,2B/SS,0.20000000298023224,0.8077600403688847,,2018,bat,2B/SS
9856,Brandon Snyder,1B/3B,0.20000000298023224,0.914369959034957,,2018,bat,1B/3B
sa658253,Dario Pizzano,OF,0.20000000298023224,0.8765699733048677,,2018,bat,OF
6178,Tony Sanchez,C,0.20000000298023224,0.8095700067002325,,2018,bat,C
sa657541,Juan Kelly,1B,0.20000000298023224,0.7381399833131582,,2018,bat,1B
11773,Jason Rogers,1B,0.20000000298023224,1.0054200392216441,,2018,bat,1B
sa503377,Chris O'Dowd,C,0.20000000298023224,0.701349963969551,,2018,bat,C
sa737849,Forrestt Allday,OF,0.20000000298023224,0.8823600103612987,,2018,bat,OF
sa660832,Ashley Graeter,C/2B,0.20000000298023224,0.9275400052778421,,2018,bat,C/2B
6400,Kirk Nieuwenhuis,OF,0.20000000298023224,0.8607999747386201,,2018,bat,OF
sa738900,Ronnie Mitchell,OF,0.20000000298023224,0.9294299587607384,DET,2018,bat,OF
sa596833,Argenis Raga,C,0.20000000298023224,0.7494400180410592,,2018,bat,C
sa857717,Zach Gibbons,OF,0.20000000298023224,0.8821300289127972,,2018,bat,OF
sa577859,Barrett Barnes,OF,0.20000000298023224,0.9194799851160497,,2018,bat,OF
17806,Braden Bishop,OF,0.20000000298023224,0.8507700827205552,,2018,bat,OF
950,Marlon Byrd,OF,0.20000000298023224,1.033449975820258,CLE,2018,bat,OF
sa857730,Brennon Lund,OF,0.20000000298023224,0.8847200384363532,,2018,bat,OF
10099,Dustin Ackley,2B/OF,0.20000000298023224,0.9067599745001643,,2018,bat,2B/OF
sa709292,Drew Dosch,3B,0.20000000298023224,0.8570099773816764,,2018,bat,3B
sa737838,Charcer Burks,OF,0.20000000298023224,0.9325900352559983,,2018,bat,OF
sa827159,Michael Russell,3B/SS,0.20000000298023224,0.75392005732283,,2018,bat,3B/SS
17278,Bobby Bradley,1B,0.20000000298023224,1.0748199848458169,,2018,bat,1B
sa657705,Tito Polo,OF,0.20000000298023224,0.9110099610872566,,2018,bat,OF
10839,Rangel Ravelo,1B/DH,0.20000000298023224,0.9875200318405404,,2018,bat,1B/DH
sa508485,Cesar Tapia,C,0.20000000298023224,0.7772600225405765,,2018,bat,C
sa326780,Brian Jeroloman,C,0.20000000298023224,0.7191599932732061,,2018,bat,C
15407,Nate Orf,2B/SS,0.20000000298023224,0.8456400163471698,,2018,bat,2B/SS
4952,Ryan Hanigan,C,0.20000000298023224,0.7541599879972636,,2018,bat,C
198,Danny Worth,2B/SS,0.20000000298023224,0.8520099878776818,,2018,bat,2B/SS
sa502052,Brady Shoemaker,OF,0.20000000298023224,0.9155500555410979,,2018,bat,OF
17929,Cedric Mullins,OF,0.20000000298023224,0.9532799352891743,TBR,2018,bat,OF
10441,Jon Singleton,1B,0.20000000298023224,0.9705399702070281,,2018,bat,1B
sa599536,Taylor Murphy,3B/OF,0.20000000298023224,0.877420045225881,,2018,bat,3B/OF
sa548052,Gabriel Quintana,3B,0.20000000298023224,0.890630018385127,,2018,bat,3B
sa657511,Jhoan Urena,3B,0.20000000298023224,0.8179399703629315,,2018,bat,3B
sa388379,Marquez Smith,1B/3B,0.20000000298023224,0.8526400180300696,,2018,bat,1B/3B
12005,Nick Martini,DH/OF,0.20000000298023224,0.8433600417338313,,2018,bat,DH/OF
16429,Jason Martin,OF,0.20000000298023224,0.9480099895503373,,2018,bat,OF
15504,Jamie Westbrook,2B,0.20000000298023224,0.9184400134254247,,2018,bat,2B
sa858802,Donnie Dewees,OF,0.20000000298023224,0.9330499827861786,CHC,2018,bat,OF
9176,Audry Pérez,C,0.20000000298023224,0.750050020276103,,2018,bat,C
sa506274,Elmer Reyes,SS,0.20000000298023224,0.8377600013278423,,2018,bat,SS
sa829115,Jake Peter,2B,0.20000000298023224,0.8139599455520511,,2018,bat,2B
sa738892,Ryan Miller,C,0.20000000298023224,0.760500020161271,,2018,bat,C
19452,Jake Rogers,C,0.20000000298023224,0.7599800037685782,DET,2018,bat,C
14387,Harold Ramírez,DH/OF,0.20000000298023224,0.8966599612962456,,2018,bat,DH/OF
sa502539,Gerson Montilla,2B/3B,0.20000000298023224,0.8112699708901345,,2018,bat,2B/3B
14453,Scott Heineman,OF,0.20000000298023224,0.9841799519956109,,2018,bat,OF
11204,Stephen Cardullo,1B/OF,0.20000000298023224,1.1236500013154,,2018,bat,1B/OF
16042,Mark Payton,OF,0.20000000298023224,0.9062100370414554,,2018,bat,OF
sa829644,Luke Tendler,OF,0.20000000298023224,0.9459200220182535,,2018,bat,OF
sa657987,BJ Boyd,OF,0.20000000298023224,0.8658200038131327,,2018,bat,OF
sa526558,Chris O'Brien,C,0.20000000298023224,0.7257999593857676,,2018,bat,C
sa659290,David Thompson,3B,0.20000000298023224,0.8238299908814951,,2018,bat,3B
4712,Ben Revere,OF,0.20000000298023224,0.9471200071275233,TOR,2018,bat,OF
9629,Shawn O'Malley,SS/OF,0.20000000298023224,0.980049955192953,,2018,bat,SS/OF
15402,Jack Mayfield,3B,0.20000000298023224,0.8159699951764195,,2018,bat,3B
18123,Nathan Lukes,OF,0.20000000298023224,0.862750006839633,TOR,2018,bat,OF
15988,Deivy Grullón,C,0.20000000298023224,0.7730099693639204,,2018,bat,C
12244,Brock Stassi,1B,0.20000000298023224,0.967759965895675,,2018,bat,1B
sa657944,Avery Romero,2B/3B,0.20000000298023224,0.9859200339764356,COL,2018,bat,2B/3B
sa738290,Austin Green,C,0.20000000298023224,0.7491799623705445,,2018,bat,C
sa548434,Alex Lavisky,C,0.20000000298023224,0.7442599924746902,,2018,bat,C
sa829450,J.P. Sportman,OF,0.20000000298023224,0.7994900194462388,,2018,bat,OF
sa596904,Yonathan Mendoza,3B/SS,0.20000000298023224,0.7697100243298335,,2018,bat,3B/SS
sa829803,Jeff Hendrix,OF,0.20000000298023224,0.8639300092123449,NYY,2018,bat,OF
sa509384,Luis Juarez,C/1B,0.20000000298023224,0.7344000000739469,,2018,bat,C/1B
sa918131,Tyler Neslony,OF,0.20000000298023224,0.9371500199660657,,2018,bat,OF
16291,Nick Ciuffo,C,0.20000000298023224,0.6868700409075243,,2018,bat,C
18063,Kyle Garlick,OF,0.20000000298023224,0.9007799589540808,,2018,bat,OF
sa658901,A.J. Simcox,SS,0.20000000298023224,0.7902600122150033,,2018,bat,SS
13153,Luis Sardinas,2B/SS,0.20000000298023224,0.8284300071652979,,2018,bat,2B/SS
9048,Ezequiel Carrera,OF,0.20000000298023224,0.9825899769319222,,2018,bat,OF
12723,Tyler Collins,OF,0.20000000298023224,0.9366199401207267,,2018,bat,OF
sa547818,Rodrigo Vigil,C,0.20000000298023224,0.6939100265502929,,2018,bat,C
sa597507,Emilio Guerrero,3B/SS,0.20000000298023224,0.8416200276929883,,2018,bat,3B/SS
17992,David Fletcher,2B,0.20000000298023224,0.7434900145279243,,2018,bat,2B
6732,Zoilo Almonte,OF,0.20000000298023224,0.976309994305484,,2018,bat,OF
sa916860,Osmel Aguila,OF,0.20000000298023224,0.9132499970495699,,2018,bat,OF
sa547792,Santiago Nessy,C,0.20000000298023224,0.7359200133010745,,2018,bat,C
15450,Daniel Castro,2B/SS,0.20000000298023224,0.9588399805361405,,2018,bat,2B/SS
2140,Delmon Young,OF,0.20000000298023224,1.0674399957526475,,2018,bat,OF
sa326676,Cyle Hankerd,OF,0.20000000298023224,0.9240900089265778,,2018,bat,OF
18288,Austin Dean,OF,0.20000000298023224,0.8840699901338664,,2018,bat,OF
sa827182,Max Murphy,OF,0.20000000298023224,0.9030700103379785,,2018,bat,OF
3441,Nolan Reimold,OF,0.20000000298023224,0.9678700381424279,,2018,bat,OF
7002,Will Middlebrooks,3B,0.20000000298023224,0.9484000026248396,,2018,bat,3B
sa548261,Marcus Littlewood,C,0.20000000298023224,0.7962600634200496,,2018,bat,C
sa546800,Mike O'Neill,OF,0.20000000298023224,0.8696100288536398,DET,2018,bat,OF
sa875859,Jake Thomas,OF,0.20000000298023224,0.861949972761795,,2018,bat,OF
sa601924,Max Pentecost,C,0.20000000298023224,0.725800046394579,TOR,2018,bat,C
18887,Seby Zavala,C,0.20000000298023224,0.7053900011116637,LAD,2018,bat,C
9787,Steven Baron,C,0.20000000298023224,0.6864399664103985,,2018,bat,C
sa829321,Corey Toups,2B,0.20000000298023224,0.8319400162901728,,2018,bat,2B
6962,Ryan Kalish,OF,0.20000000298023224,0.9694899756461383,,2018,bat,OF
sa658796,Evan Van Hoosier,2B/OF,0.20000000298023224,0.8377200195565819,,2018,bat,2B/OF
17736,Richie Martin,SS,0.20000000298023224,0.7232200401835143,TEX,2018,bat,SS
12590,Taylor Featherston,2B/3B,0.20000000298023224,0.8398400510428473,,2018,bat,2B/3B
10323,Rafael Ortega,OF,0.20000000298023224,0.888699951255694,,2018,bat,OF
sa328277,Dustin Martin,OF,0.20000000298023224,0.9472900249762459,ARI,2018,bat,OF
14366,Joey Meneses,1B/DH,0.20000000298023224,0.8949900009436533,OAK,2018,bat,1B/DH
4613,Prince Fielder,1B,0.20000000298023224,1.1477400064468384,,2018,bat,1B
18083,Austin Allen,C,0.20000000298023224,0.7164200149243696,,2018,bat,C
sa737859,Trey Michalczewski,3B,0.20000000298023224,0.8001700032036749,,2018,bat,3B
4249,Shane Robinson,OF,0.20000000298023224,0.8585899686440825,,2018,bat,OF
sa829046,Danny Mars,OF,0.20000000298023224,0.9306799720507113,,2018,bat,OF
19331,Jose Rojas,3B/OF,0.20000000298023224,0.804169984674081,NYM,2018,bat,3B/OF
4779,Rymer Liriano,OF,0.20000000298023224,0.9176200504414737,,2018,bat,OF
sa597971,Bryson Myles,OF,0.20000000298023224,0.9048600417561828,,2018,bat,OF
sa917904,T.J. Bennett,2B/3B,0.20000000298023224,0.8001399810425937,,2018,bat,2B/3B
16885,Joshua Fuentes,1B/3B,0.20000000298023224,1.1758500880561769,,2018,bat,1B/3B
sa658081,Luis Valenzuela,2B/3B/SS,0.20000000298023224,0.8695200370624661,,2018,bat,2B/3B/SS
5305,Alex Presley,OF,0.20000000298023224,0.9569100023712963,,2018,bat,OF
11369,Brett Eibner,OF,0.20000000298023224,0.9856800387380644,,2018,bat,OF
sa549192,Ronald Bueno,2B/SS,0.20000000298023224,0.8191200060769914,,2018,bat,2B/SS
14773,Yu Chang,SS,0.20000000298023224,0.82483001826331,,2018,bat,SS
sa597966,Dan Gamache,2B,0.20000000298023224,0.8479900283971801,,2018,bat,2B
7399,Billy Butler,1B/DH,0.20000000298023224,1.071569984499365,,2018,bat,1B/DH
sa658271,Bruce Caldwell,2B/3B,0.20000000298023224,0.8013099867850542,,2018,bat,2B/3B
10336,Slade Heathcott,OF,0.20000000298023224,0.8467099901754409,,2018,bat,OF
19610,Keibert Ruiz,C,0.20000000298023224,0.7019200142007319,WSN,2018,bat,C
sa502020,Jayce Boyd,1B/OF,0.20000000298023224,0.8446099969558416,NYM,2018,bat,1B/OF
2852,Chris Marrero,1B/OF,0.20000000298023224,0.9908300362993032,BOS,2018,bat,1B/OF
sa546893,Corey Jones,2B/3B,0.20000000298023224,0.8239500099793075,,2018,bat,2B/3B
sa501741,Dan Black,1B,0.20000000298023224,1.004030001698993,,2018,bat,1B
sa877550,Allen Staton,3B,0.20000000298023224,0.8238399866037068,,2018,bat,3B
sa857752,Jordan Tarsovich,3B,0.20000000298023224,0.759189962921664,OAK,2018,bat,3B
sa550461,Chan Jong Moon,2B/SS,0.20000000298023224,0.7590800183359532,,2018,bat,2B/SS
sa600255,Chris Mariscal,2B/SS,0.20000000298023224,0.7521099763922393,,2018,bat,2B/SS
sa709596,Brandon Trinkwon,2B/3B/SS,0.20000000298023224,0.7212100032251327,LAD,2018,bat,2B/3B/SS
sa603087,Hunter Cole,OF,0.20000000298023224,0.9697399890050291,,2018,bat,OF
12950,Phillip Evans,3B/OF,0.20000000298023224,0.8039500241400673,,2018,bat,3B/OF
6266,Daniel Robertson,OF,0.20000000298023224,0.973049971088767,,2018,bat,OF
sa597776,Dante Bichette Jr.,3B,0.20000000298023224,0.81206993132364,,2018,bat,3B
sa598653,Danry Vasquez,OF,0.20000000298023224,0.8963100304361433,,2018,bat,OF
7158,Eric Young Jr.,OF,0.20000000298023224,0.8588600437156855,,2018,bat,OF
11145,Christian Colón,2B/3B,0.20000000298023224,0.8222100054379551,,2018,bat,2B/3B
sa829411,Cade Gotta,OF,0.20000000298023224,0.8609499822370706,,2018,bat,OF
13906,Sherman Johnson,2B,0.20000000298023224,0.7575999652035533,,2018,bat,2B
5277,Tuffy Gosewisch,C,0.20000000298023224,0.6507999902823939,,2018,bat,C
1201,Carl Crawford,OF,0.20000000298023224,0.9610999995376914,,2018,bat,OF
sa659464,Dorssys Paulino,SS/OF,0.20000000298023224,0.7824599754996596,,2018,bat,SS/OF
sa829229,Devan Ahart,OF,0.20000000298023224,0.8889100024942308,,2018,bat,OF
sa356978,Balbino Fuenmayor,1B/3B,0.20000000298023224,1.0032799527049063,,2018,bat,1B/3B
sa877608,Peter Maris,2B/3B/SS,0.20000000298023224,0.7112799896858631,,2018,bat,2B/3B/SS
sa454795,Luis Flores,C,0.20000000298023224,0.7155900376616043,,2018,bat,C
10329,Rey Fuentes,OF,0.20000000298023224,0.9446200348436833,,2018,bat,OF
589,Carlos Beltrán,OF,0.20000000298023224,1.074350018519908,,2018,bat,OF
15104,Jonathan Davis,OF,0.20000000298023224,0.8683299648575483,,2018,bat,OF
sa547904,Felix Perez,OF,0.20000000298023224,0.9195399206131696,,2018,bat,OF
sa605888,Tomas Morales,C,0.20000000298023224,0.7222899698652328,,2018,bat,C
14137,Tim Lopes,OF,0.20000000298023224,0.7900400393176823,,2018,bat,OF
sa546964,Paul Hoenecke,3B,0.20000000298023224,0.7060700299683957,LAD,2018,bat,3B
14566,Franmil Reyes,DH/OF,0.20000000298023224,0.90290006340947,,2018,bat,DH/OF
sa550031,Tyler Pearson,C,0.20000000298023224,0.7298999962629749,,2018,bat,C
sa858057,Alex Perez,2B,0.20000000298023224,0.7693900231737643,,2018,bat,2B
sa829446,Grant Kay,1B/3B,0.20000000298023224,0.7699099497869609,,2018,bat,1B/3B
15362,Jeff McNeil,2B/OF,0.20000000298023224,0.7698600321775302,OAK,2018,bat,2B/OF
8353,Dean Anna,SS,0.20000000298023224,0.7675300083588809,,2018,bat,SS
sa286639,Juan Apodaca,C,0.20000000298023224,0.7066699978429823,,2018,bat,C
sa392212,Xorge Carrillo,C,0.20000000298023224,0.6608800284098832,TBR,2018,bat,C
sa455436,Zack Cox,3B,0.20000000298023224,0.8062500453554093,,2018,bat,3B
sa543678,Alan Espinoza,C,0.20000000298023224,0.7300799690186978,,2018,bat,C
12779,Andy Burns,3B,0.20000000298023224,0.8450299823191016,,2018,bat,3B
8790,Cole Figueroa,2B,0.20000000298023224,0.8360000328160823,,2018,bat,2B
1281,Mark Teixeira,1B,0.20000000298023224,1.049590016156435,,2018,bat,1B
sa598663,Jonathan Schwind,OF,0.20000000298023224,0.7084700458915903,,2018,bat,OF
sa577691,Matt Williams,SS,0.20000000298023224,0.7460400031413882,,2018,bat,SS
sa503023,Jonathan Rodríguez,1B,0.20000000298023224,0.9345600050990469,,2018,bat,1B
sa392193,Myles Schroder,3B/OF,0.20000000298023224,0.6792700125370175,WSN,2018,bat,3B/OF
12957,Steve Selsky,OF,0.20000000298023224,0.9276000371901317,,2018,bat,OF
10622,Zach Walters,DH/OF,0.20000000298023224,0.9881399918347598,,2018,bat,DH/OF
2430,Darwin Barney,2B,0.20000000298023224,0.853769994038157,TEX,2018,bat,2B
15189,Dustin Peterson,OF,0.20000000298023224,0.836879999609664,,2018,bat,OF
4903,Matt Dominguez,3B,0.20000000298023224,0.9092799904756246,,2018,bat,3B
sa597025,Luis Cruz,C,0.20000000298023224,0.7044500327203421,,2018,bat,C
sa598344,Garrett Weber,2B/3B,0.20000000298023224,0.8050999784376471,,2018,bat,2B/3B
sa738359,Justin Maffei,OF,0.20000000298023224,0.8597399476449936,,2018,bat,OF
sa829345,Jordan Procyshen,C,0.20000000298023224,0.7212199855362996,,2018,bat,C
sa597740,Herlis Rodriguez,OF,0.20000000298023224,0.8957100010942668,,2018,bat,OF
sa657935,Joe DeCarlo,3B,0.20000000298023224,0.6426799947163089,,2018,bat,3B
sa705802,Mike Ahmed,3B,0.20000000298023224,0.7814399876631796,,2018,bat,3B
13443,Tony Renda,2B/OF,0.20000000298023224,0.8857899609021841,,2018,bat,2B/OF
sa829122,Zack Zehner,OF,0.20000000298023224,0.8450600333977489,,2018,bat,OF
18905,Yusniel Díaz,OF,0.20000000298023224,0.8538399710785597,,2018,bat,OF
2167,Dan Johnson,1B,0.20000000298023224,0.9883100529201327,,2018,bat,1B
10822,Todd Cunningham,OF,0.20000000298023224,0.8801599935628474,,2018,bat,OF
15048,Johnny Field,OF,0.20000000298023224,0.8494599774014202,,2018,bat,OF
19627,Brent Rooker,DH/OF,0.20000000298023224,0.9220000397181138,OAK,2018,bat,DH/OF
sa737690,Drew Ward,3B,0.20000000298023224,0.8288800349459052,,2018,bat,3B
15994,Kean Wong,2B/OF,0.20000000298023224,0.7495300177251919,,2018,bat,2B/OF
4672,Junior Lake,OF,0.20000000298023224,0.8880599602591246,,2018,bat,OF
sa200361,Frank Diaz,OF,0.20000000298023224,0.8975000457372516,,2018,bat,OF
sa501563,Juan Silva,OF,0.20000000298023224,0.8616100216051562,NYY,2018,bat,OF
6013,Cristhian Adames,SS,0.20000000298023224,0.7537100183311849,,2018,bat,SS
9807,Ryan Goins,2B/SS,14.579999923706055,47.47721902728079,,2018,bat,2B/SS
sa548048,Gabriel Lino,C,0.20000000298023224,0.7206399665679782,,2018,bat,C
sa550348,Tyler Marincov,OF,0.20000000298023224,0.8339000279083848,,2018,bat,OF
sa513056,Noah Perio,2B,0.20000000298023224,0.801380049576983,,2018,bat,2B
7077,A.J. Jimenez,C,0.20000000298023224,0.7055799487978219,TEX,2018,bat,C
6564,Bobby Wilson,C,0.20000000298023224,0.7433899588999336,,2018,bat,C
sa658125,Jeff McVaney,OF,0.20000000298023224,0.8588299707509577,,2018,bat,OF
sa456041,Derrik Gibson,SS,0.20000000298023224,0.8849700015969574,,2018,bat,SS
13254,Jacob Wilson,2B/3B,0.20000000298023224,0.8414799817604943,,2018,bat,2B/3B
9689,Josh Thole,C,0.20000000298023224,0.7438800147967412,NYY,2018,bat,C
sa526317,Josh Richmond,OF,0.20000000298023224,0.9003199504688381,,2018,bat,OF
4054,Emilio Bonifácio,2B/OF,0.20000000298023224,0.8341499669477342,,2018,bat,2B/OF
19318,Matt Thaiss,C,0.20000000298023224,0.9155999950133265,BOS,2018,bat,C
4016,Jerry Sands,OF,0.20000000298023224,0.9273199616465718,,2018,bat,OF
sa548016,Yeison Asencio,OF,0.20000000298023224,0.8888700059149413,,2018,bat,OF
sa599531,Drew Stankiewicz,2B,0.20000000298023224,0.8038399884477258,,2018,bat,2B
sa326736,Tyler Henson,3B/OF,0.20000000298023224,0.8334200095385313,PHI,2018,bat,3B/OF
16725,Jose Trevino,C,1.506600022315979,4.718039877247065,CIN,2018,bat,C
sa577018,Casey McElroy,2B/3B,0.20000000298023224,0.7843900466803462,,2018,bat,2B/3B
sa658579,Matt Juengel,3B/OF,0.20000000298023224,0.779869982972741,MIA,2018,bat,3B/OF
13809,Micah Johnson,2B,0.20000000298023224,0.7817199863027781,,2018,bat,2B
sa526207,Levi Michael,2B,0.20000000298023224,0.7796799931209534,,2018,bat,2B
sa597804,James Harris,OF,0.20000000298023224,0.8710200189612805,,2018,bat,OF
1849,Rickie Weeks Jr.,2B,0.20000000298023224,0.9255599877797066,,2018,bat,2B
sa659194,Jiandido Tromp,OF,0.20000000298023224,0.9235199759714304,,2018,bat,OF
sa599306,Juan Perez,2B/SS,0.20000000298023224,0.7215800338890404,,2018,bat,2B/SS
13877,Alex D. Mejia,2B/3B/SS,0.20000000298023224,0.7774199936073273,,2018,bat,2B/3B/SS
sa544568,Sebastián Elizalde,OF,0.20000000298023224,0.913939960487187,,2018,bat,OF
3978,Chris Heisey,OF,0.20000000298023224,0.8860500022303314,,2018,bat,OF
10299,Eury Pérez,OF,0.20000000298023224,0.9071599669754504,,2018,bat,OF
13228,Michael Reed,OF,0.20000000298023224,0.8577800187515093,,2018,bat,OF
sa502340,Reed Gragnani,2B,0.20000000298023224,0.766400051815435,,2018,bat,2B
sa829085,Chesny Young,2B,0.20000000298023224,0.7792800154071301,,2018,bat,2B
sa599252,Zach Borenstein,OF,0.20000000298023224,0.8938900193199515,,2018,bat,OF
10698,Mike Olt,3B,0.20000000298023224,0.9202099710237235,,2018,bat,3B
7409,Xavier Scruggs,1B,0.20000000298023224,0.9565999751910566,,2018,bat,1B
sa505946,Teodoro Martinez,OF,0.20000000298023224,0.880459998967126,,2018,bat,OF
17807,Drew Jackson,OF,0.20000000298023224,0.7070399936754257,,2018,bat,OF
15496,Abiatal Avelino,SS,0.20000000298023224,0.7280800189357249,,2018,bat,SS
sa506528,Carlos Franco,3B,0.20000000298023224,0.8395900049479679,,2018,bat,3B
13301,Max Muncy,1B/3B,0.20000000298023224,0.8873199611669407,LAD,2018,bat,1B/3B
6274,Carlos Quentin,OF,0.20000000298023224,1.0055099595803767,BOS,2018,bat,OF
12677,O'Koyea Dickson,OF,0.20000000298023224,0.9232999786036087,,2018,bat,OF
sa599239,James Ramsey,OF,0.20000000298023224,0.8687499874737113,,2018,bat,OF
14282,Jason Coats,OF,0.20000000298023224,0.8709899824811145,,2018,bat,OF
sa505229,Francisco Diaz,C,0.20000000298023224,0.6579599481541661,NYY,2018,bat,C
sa597795,Brett Austin,C,0.20000000298023224,0.654220020235516,,2018,bat,C
sa858026,Connor Marabell,OF,0.20000000298023224,0.8923999988939613,,2018,bat,OF
9954,Darrell Ceciliani,OF,0.20000000298023224,0.9223700328264385,,2018,bat,OF
11402,Kyle Waldrop,OF,0.20000000298023224,0.9000700429896824,,2018,bat,OF
sa501956,Casey Frawley,SS,0.20000000298023224,0.8123099632561205,,2018,bat,SS
sa596971,Edwin Espinal,1B,0.20000000298023224,0.962599978991784,,2018,bat,1B
sa548194,Mel Rojas Jr.,OF,0.20000000298023224,0.8690099959727375,,2018,bat,OF
sa829039,Mac James,C,0.20000000298023224,0.6222299898974597,,2018,bat,C
sa548279,Angelo Gumbs,2B,0.20000000298023224,0.7989799625705927,,2018,bat,2B
1274,Alex Rodriguez,3B/SS,0.20000000298023224,0.9769900195300577,,2018,bat,3B/SS
sa254456,Alex Valdez,3B,0.20000000298023224,0.8188900286797433,PIT,2018,bat,3B
sa547235,Duanel Jones,3B,0.20000000298023224,0.8092000315198675,,2018,bat,3B
211,Will Venable,OF,0.20000000298023224,0.9060700201196594,,2018,bat,OF
sa658283,Melvin Mercedes,2B/SS,0.20000000298023224,0.7053500053007156,,2018,bat,2B/SS
18607,Jared Walsh,1B,0.20000000298023224,0.9208999870810659,,2018,bat,1B
sa501942,Tyler Bortnick,2B,0.20000000298023224,0.7878800163976847,,2018,bat,2B
sa857217,Blake Allemand,2B,0.20000000298023224,0.8068999773589893,,2018,bat,2B
sa454764,Bengie González,SS,0.20000000298023224,0.7523600004147737,,2018,bat,SS
sa875235,Hutton Moyer,2B/SS,0.20000000298023224,0.7667699750047176,,2018,bat,2B/SS
11611,Rosell Herrera,OF,0.20000000298023224,0.7675300230737774,,2018,bat,OF
sa577957,Kevin Medrano,2B,0.20000000298023224,0.8312299981713295,,2018,bat,2B
sa503255,Juan Duran,OF,0.20000000298023224,0.8943199931643903,,2018,bat,OF
sa550383,Eric Jagielo,1B/3B,0.20000000298023224,0.7489100308157504,,2018,bat,1B/3B
sa829375,Josh Ockimey,1B,0.20000000298023224,0.984629994863644,,2018,bat,1B
sa828797,Josh Morgan,3B/SS,0.20000000298023224,0.73616000325419,,2018,bat,3B/SS
sa526453,Jonathan Jones,OF,0.20000000298023224,0.8653199536725878,,2018,bat,OF
14196,Andrew Velazquez,SS,0.20000000298023224,0.6907000257633625,TEX,2018,bat,SS
sa738417,Joe Bennie,2B/OF,0.20000000298023224,0.7735600108280778,,2018,bat,2B/OF
16398,Brian Navarreto,C,0.20000000298023224,0.6760099532315507,MIA,2018,bat,C
16852,John Nogowski,1B,0.20000000298023224,0.9067599784815682,,2018,bat,1B
sa828684,Chase Vallot,C,0.20000000298023224,0.6709100017207674,,2018,bat,C
13854,Anthony Bemboom,C,0.20000000298023224,0.8290999718941748,,2018,bat,C
13602,Patrick Wisdom,3B,0.20000000298023224,0.791160009941086,SEA,2018,bat,3B
sa598106,Dustin Houle,C,0.20000000298023224,0.6888700086157769,,2018,bat,C
18146,Kevin Kaczmarski,OF,0.20000000298023224,0.8083199817687271,,2018,bat,OF
sa602515,Yhoxian Medina,2B/SS,0.20000000298023224,0.7684099845122546,,2018,bat,2B/SS
sa635035,Jesus Arredondo,2B,0.20000000298023224,0.7892200215253978,,2018,bat,2B
5481,Jimmy Paredes,3B/DH/OF,0.20000000298023224,0.8553999870084226,,2018,bat,3B/DH/OF
19262,Garrett Hampson,2B/OF,0.20000000298023224,0.9478399991057812,CIN,2018,bat,2B/OF
sa729572,Calten Daal,2B/SS,0.20000000298023224,0.7578500092495232,,2018,bat,2B/SS
sa875722,Garrett Kennedy,C,0.20000000298023224,0.6522300284821538,,2018,bat,C
2554,Chris Parmelee,1B/OF,0.20000000298023224,0.966649984777905,,2018,bat,1B/OF
sa597033,Victor Cruzado,OF,0.20000000298023224,0.8395999813918024,,2018,bat,OF
7945,Jaff Decker,OF,0.20000000298023224,0.8768899824470281,,2018,bat,OF
sa708438,Cael Brockmeyer,C/1B,0.20000000298023224,0.7068999713519586,,2018,bat,C/1B
7215,David Lough,OF,0.20000000298023224,0.8538899867329747,,2018,bat,OF
15580,Dariel Álvarez,OF,0.20000000298023224,0.9231900612358003,,2018,bat,OF
sa548454,Jake DePew,C,0.20000000298023224,0.6791799759259447,,2018,bat,C
1572,Coco Crisp,OF,0.20000000298023224,0.9407400698866695,,2018,bat,OF
12701,Billy Burns,OF,0.20000000298023224,0.8485300166532396,,2018,bat,OF
sa827344,Chris Chinea,C/1B,0.20000000298023224,0.6547599933110178,,2018,bat,C/1B
9952,Trayce Thompson,OF,0.20000000298023224,0.9048600101843475,,2018,bat,OF
sa599318,Mike Papi,OF,0.20000000298023224,0.9583299839054235,,2018,bat,OF
sa874236,Darien Tubbs,OF,0.20000000298023224,0.862649974389933,,2018,bat,OF
sa621577,Kyle Wren,OF,0.20000000298023224,0.849209980573505,,2018,bat,OF
sa549901,Pin-Chieh Chen,OF,0.20000000298023224,0.8335699504241345,,2018,bat,OF
sa875208,Jhalan Jackson,OF,0.20000000298023224,0.8449299553874879,NYY,2018,bat,OF
sa875808,Jonathan Morales,C,0.20000000298023224,0.7041300059063359,,2018,bat,C
sa827358,Andrew Daniel,2B/3B,0.20000000298023224,0.7682799828238783,,2018,bat,2B/3B
3209,Julio Borbon,OF,0.20000000298023224,0.8907700362149625,,2018,bat,OF
sa597006,Mauricio Ramos,3B,0.20000000298023224,0.7901399706955998,,2018,bat,3B
sa548359,Roberto Peña,C,0.20000000298023224,0.6209700195118782,,2018,bat,C
sa736999,Brallan Perez,2B,0.20000000298023224,0.7121900268830357,,2018,bat,2B
sa829475,Daniel Salters,C,0.20000000298023224,0.690049985819496,CLE,2018,bat,C
sa546837,Nick Rickles,C,0.20000000298023224,0.7097100201528519,,2018,bat,C
sa596287,Wilson Garcia,1B,0.20000000298023224,0.6847800424089655,,2018,bat,1B
2218,Ryan Raburn,OF,0.20000000298023224,0.9359099733643232,,2018,bat,OF
sa455746,Leandro Castro,OF,0.20000000298023224,0.8825799848418682,,2018,bat,OF
7515,Jhonatan Solano,C,0.20000000298023224,0.7249799601268023,,2018,bat,C
sa454965,Kevin Torres,C/1B,0.20000000298023224,0.6676399827701969,,2018,bat,C/1B
sa875888,Anthony Dimino,C/1B,0.20000000298023224,0.6073899491690099,,2018,bat,C/1B
sa658622,Jason Leblebijian,3B,0.20000000298023224,0.7598799954168499,,2018,bat,3B
16041,Stevie Wilkerson,2B/OF,0.20000000298023224,0.762740021990612,,2018,bat,2B/OF
sa502917,Stephen Bruno,2B,0.20000000298023224,0.7852500395849346,,2018,bat,2B
sa857819,Errol Robinson,SS,0.20000000298023224,0.7429500058293341,BAL,2018,bat,SS
sa705811,Danny Diekroeger,3B,0.20000000298023224,0.7719799635000528,,2018,bat,3B
sa738704,Toby Thomas,2B,0.20000000298023224,0.7311200440395623,CHW,2018,bat,2B
16572,Connor Joe,1B/OF,0.20000000298023224,0.7415599952451885,SEA,2018,bat,1B/OF
12110,David Washington,DH/OF,0.20000000298023224,0.905999997886829,,2018,bat,DH/OF
sa599355,Derrick Loveless,OF,0.20000000298023224,0.8292399756144732,,2018,bat,OF
sa828878,Gavin LaValley,1B/3B,0.20000000298023224,0.9903700683149508,,2018,bat,1B/3B
sa597837,Jake Lowery,C,0.20000000298023224,0.6868100481806323,,2018,bat,C
sa829877,Nick Schulz,OF,0.20000000298023224,0.8234799862606449,,2018,bat,OF
sa688986,Arturo Rodriguez,C,0.20000000298023224,0.6719500032020732,,2018,bat,C
15808,José Godoy,C,0.20000000298023224,0.6354000265942885,,2018,bat,C
sa548314,Justin O'Conner,C,0.20000000298023224,0.6579899714095517,,2018,bat,C
2802,Tony Cruz,C,0.20000000298023224,0.724030033312738,,2018,bat,C
9328,Drew Stubbs,OF,0.20000000298023224,0.8748100061435253,,2018,bat,OF
sa597088,Jeffrey Baez,OF,0.20000000298023224,0.8809900139924137,,2018,bat,OF
sa599888,Jose Cardona,OF,0.20000000298023224,0.9202899923548102,,2018,bat,OF
sa546748,Parker Berberet,C,0.20000000298023224,0.6643300095107405,,2018,bat,C
13006,Mitch Walding,3B,0.20000000298023224,0.7982999865896999,,2018,bat,3B
5928,Daric Barton,1B,0.20000000298023224,0.8536800177302211,,2018,bat,1B
sa550086,James Ramsay,OF,0.20000000298023224,0.7801900440827011,HOU,2018,bat,OF
5386,Andrew Lambo,OF,0.20000000298023224,0.9673300552181899,,2018,bat,OF
10533,Rocky Gale,C,0.20000000298023224,0.6411700166994706,,2018,bat,C
sa857824,Anderson Miller,OF,0.20000000298023224,0.8493600461166351,,2018,bat,OF
8434,Brett Wallace,1B,0.20000000298023224,0.9754900366766378,SDP,2018,bat,1B
sa503239,Peter Mooney,2B/SS,0.20000000298023224,0.6634600371122361,,2018,bat,2B/SS
1737,Justin Morneau,1B,0.20000000298023224,0.98405000497587,,2018,bat,1B
sa829424,Derek Miller,OF,0.20000000298023224,0.8244799979263915,,2018,bat,OF
sa208622,Sandy Madera,1B,0.20000000298023224,0.9515000196639447,,2018,bat,1B
sa709546,Cole Sturgeon,OF,0.20000000298023224,0.8648000252898783,,2018,bat,OF
sa506356,Carlos Garcia,2B,0.20000000298023224,0.7655699768569321,,2018,bat,2B
sa550116,Conrad Gregor,1B,0.20000000298023224,0.9246000234037636,,2018,bat,1B
sa550164,James Roberts,2B/3B,0.20000000298023224,0.7508400475373489,,2018,bat,2B/3B
sa598488,Steve Rodriguez,C,0.20000000298023224,0.6460699813906104,,2018,bat,C
6652,Chase d'Arnaud,3B/SS,0.20000000298023224,0.7660600056406108,,2018,bat,3B/SS
10882,Jared Hoying,OF,0.20000000298023224,0.8588399968575686,,2018,bat,OF
11241,Mike Freeman,2B,0.20000000298023224,0.7701599613763391,,2018,bat,2B
sa503330,Brian Hernandez,3B,0.20000000298023224,0.7655999990645794,,2018,bat,3B
sa829826,Cody Jones,OF,0.20000000298023224,0.8256700137630104,KCR,2018,bat,OF
sa738324,Jantzen Witte,1B/3B,0.20000000298023224,0.9349900000961496,,2018,bat,1B/3B
sa506772,Raul Navarro,SS,0.20000000298023224,0.6571499701123682,,2018,bat,SS
13905,Seth Mejias-Brean,1B/SS,0.20000000298023224,0.6949500264134257,,2018,bat,1B/SS
sa621374,Danny Hayes,1B,0.20000000298023224,0.8817499960772692,,2018,bat,1B
7244,Tyler Moore,1B/OF,0.20000000298023224,0.9505800237180664,,2018,bat,1B/OF
sa599081,Tanner English,OF,0.20000000298023224,0.8435899902135132,,2018,bat,OF
10711,Arismendy Alcántara,2B/OF,0.20000000298023224,0.7854700502939522,,2018,bat,2B/OF
sa829496,Daniel Spingola,OF,0.20000000298023224,0.8379599904641509,,2018,bat,OF
13180,Tyler Goeddel,OF,0.20000000298023224,0.916319991229102,,2018,bat,OF
sa738172,Ryan Walker,2B,0.20000000298023224,0.7321399576961993,,2018,bat,2B
9741,Ben Paulsen,1B,0.20000000298023224,0.9261899777222422,,2018,bat,1B
2650,Corey Brown,OF,0.20000000298023224,0.9662399466149508,,2018,bat,OF
sa202325,Olmo Rosario,OF,0.20000000298023224,0.7792000350775196,,2018,bat,OF
sa549180,Sean O'Connell,C,0.20000000298023224,0.6643500105012208,,2018,bat,C
sa657431,Carlos Garay,C/1B,0.20000000298023224,0.7145600176183506,,2018,bat,C/1B
sa738471,Chantz Mack,OF,0.20000000298023224,0.8096199952065943,,2018,bat,OF
6086,Casey McGehee,3B,0.20000000298023224,0.8724099463550373,,2018,bat,3B
sa656575,Yasiel Balaguert,1B/OF,0.20000000298023224,0.8625999644631519,CHC,2018,bat,1B/OF
sa502787,Andrew Aplin,OF,0.20000000298023224,0.7552499585784972,,2018,bat,OF
7620,Justin Ruggiano,OF,0.20000000298023224,0.9480399994412437,,2018,bat,OF
9362,Adam Moore,C,0.20000000298023224,0.615839989716187,,2018,bat,C
14441,Henry Urrutia,DH/OF,0.20000000298023224,0.8812900135410018,,2018,bat,DH/OF
7290,Jake Elmore,SS/OF,0.20000000298023224,0.7771000084932892,,2018,bat,SS/OF
sa657261,Eliezer Álvarez,2B/OF,1.6200000047683716,6.0260698251426215,,2018,bat,2B/OF
sa446859,Gustavo Nunez,SS,0.20000000298023224,0.706979930959642,,2018,bat,SS
sa455632,Juan Silverio,3B,0.20000000298023224,0.7891799835953861,,2018,bat,3B
13012,John Andreoli,OF,0.20000000298023224,0.7643300176132469,,2018,bat,OF
sa658920,Colton Plaia,C,0.20000000298023224,0.6024200309533624,,2018,bat,C
13408,Wynton Bernard,OF,0.20000000298023224,0.8427399498410523,,2018,bat,OF
sa546786,Tim Roberson,C/1B,0.20000000298023224,0.655370032880455,,2018,bat,C/1B
sa709555,Tyler Horan,OF,0.20000000298023224,0.8422999918926506,,2018,bat,OF
9015,Gordon Beckham,2B,0.20000000298023224,0.8346899974159896,NYM,2018,bat,2B
16211,Kevin Cron,1B/DH,0.20000000298023224,1.0241300198715177,,2018,bat,1B/DH
sa880808,Alejandro Garcia,OF,0.20000000298023224,0.791519966442138,,2018,bat,OF
sa546797,Danny Oh,OF,0.20000000298023224,0.7666299947071818,OAK,2018,bat,OF
11935,Travis Taijeron,OF,0.20000000298023224,0.844400030421093,,2018,bat,OF
sa598092,Joe Maloney,1B/OF,0.20000000298023224,0.6613300569122658,,2018,bat,1B/OF
5002,Caleb Gindl,OF,0.20000000298023224,0.8864399795420467,,2018,bat,OF
sa875387,Tim Arakawa,2B/OF,0.20000000298023224,0.7048600529320537,LAA,2018,bat,2B/OF
1136,Carlos Rivero,3B/DH,0.20000000298023224,0.8511200265958906,,2018,bat,3B/DH
11155,Elliot Soto,2B/SS,0.20000000298023224,0.840979960327968,,2018,bat,2B/SS
sa455672,Angelys Nina,2B,0.20000000298023224,0.767639975203201,,2018,bat,2B
9571,Craig Gentry,OF,0.20000000298023224,0.8030300110578537,,2018,bat,OF
sa829575,Sal Giardina,C/1B,0.20000000298023224,0.6758699976140633,,2018,bat,C/1B
sa918163,Michael Barash,C,0.20000000298023224,0.6032499888446181,,2018,bat,C
sa550302,Darian Sandford,OF,0.20000000298023224,0.8497000303585082,,2018,bat,OF
sa737854,Alex Murphy,C/1B,0.20000000298023224,0.6531800509197637,BAL,2018,bat,C/1B
sa828685,Jake Gatewood,1B/3B,0.20000000298023224,0.7459700489416718,,2018,bat,1B/3B
sa597177,Angelo Mora,2B/SS,0.20000000298023224,0.725159992277622,,2018,bat,2B/SS
sa508065,Leo Heras,OF,0.20000000298023224,0.822289998922497,,2018,bat,OF
sa502131,Joey Wong,SS,0.20000000298023224,0.6622900058282538,,2018,bat,SS
sa738591,Conor Bierfeldt,OF,0.20000000298023224,0.8491499864729121,BAL,2018,bat,OF
sa737687,Carlos Mendivil,C,0.20000000298023224,0.6447400261182337,,2018,bat,C
2498,Jemile Weeks,2B,0.20000000298023224,0.7153200182132423,,2018,bat,2B
15971,Ivan Castillo,2B/3B,0.20000000298023224,0.6850300261285156,,2018,bat,2B/3B
sa202240,Mario Lisson,3B,0.20000000298023224,0.7696799497818575,,2018,bat,3B
sa829030,Roy Morales,C,0.20000000298023224,0.5984099818859249,,2018,bat,C
14636,Webster Rivas,C,0.20000000298023224,0.6220299661625174,,2018,bat,C
sa738573,Adam Law,2B/3B/OF,0.20000000298023224,0.6801700288429855,,2018,bat,2B/3B/OF
sa876089,Andrew Guillotte,OF,0.20000000298023224,0.730739939911291,,2018,bat,OF
6165,Irving Falu,2B,0.20000000298023224,0.8221099889837205,,2018,bat,2B
sa658994,Tyler Krieger,2B,0.20000000298023224,0.7689700182992966,,2018,bat,2B
sa547914,Luigi Rodriguez,OF,0.20000000298023224,0.8241099813021717,,2018,bat,OF
11854,Steven Moya,OF,0.20000000298023224,0.9519700651522723,,2018,bat,OF
sa658025,Joey Curletta,1B/OF,0.20000000298023224,0.7743000124115496,,2018,bat,1B/OF
sa738923,Danny Bethea,C,0.20000000298023224,0.679239974520169,,2018,bat,C
2833,Cedric Hunter,OF,0.20000000298023224,0.9239199963863939,,2018,bat,OF
14973,Zach Green,3B,0.20000000298023224,0.7987199443625285,,2018,bat,3B
sa548029,Erick Salcedo,SS,0.20000000298023224,0.6828800654038786,,2018,bat,SS
sa455978,Garabez Rosa,SS,0.20000000298023224,0.708690042141825,,2018,bat,SS
sa829329,Blake Drake,OF,0.20000000298023224,0.8128099918365477,STL,2018,bat,OF
12490,Tyler Smith,2B/SS,0.20000000298023224,0.721920041157864,,2018,bat,2B/SS
sa560967,J.C. Linares,OF,0.20000000298023224,0.8287200273945927,,2018,bat,OF
sa549845,Stewart Ijames,OF,0.20000000298023224,0.8526299977209418,,2018,bat,OF
sa548189,Kellin Deglan,C,0.20000000298023224,0.6501499641453847,,2018,bat,C
7511,Carlos Moncrief,OF,0.20000000298023224,0.8617400111397728,,2018,bat,OF
sa918167,Tim Lynch,1B,0.20000000298023224,0.9393600024748594,,2018,bat,1B
13891,Mike Miller,2B,0.20000000298023224,0.7807300364831461,,2018,bat,2B
sa577753,L.J. Mazzilli,2B,0.20000000298023224,0.6914100041380151,,2018,bat,2B
sa525881,Carlos Alonso,2B/3B,0.20000000298023224,0.7310200122185051,,2018,bat,2B/3B
10286,Francisco Arcia,C,0.20000000298023224,0.5892000213731079,,2018,bat,C
sa597839,Patrick Leonard,1B/3B,0.20000000298023224,0.8780699593713507,,2018,bat,1B/3B
19267,Will Craig,1B,0.20000000298023224,0.7181900062365456,,2018,bat,1B
sa829252,Ryan Leonards,3B/SS,0.20000000298023224,0.7328300492372363,,2018,bat,3B/SS
sa596239,Gianfranco Wawoe,2B/SS,0.20000000298023224,0.7468199434224514,,2018,bat,2B/SS
sa858028,Kyle Barrett,OF,0.20000000298023224,0.7723999965004621,,2018,bat,OF
14691,Harold Castro,2B,0.20000000298023224,0.7422299933154136,,2018,bat,2B
sa858829,Mitchell Tolman,2B,0.20000000298023224,0.7349500305019319,,2018,bat,2B
6008,Rey Navarro,2B,0.20000000298023224,0.7250199239701032,,2018,bat,2B
sa829034,Nelson Ward,2B,0.20000000298023224,0.7284500086680054,,2018,bat,2B
sa827359,Eric Filia,OF,0.20000000298023224,0.8446300289593635,,2018,bat,OF
12575,Nick Ramirez,P,0.20000000298023224,0.9544199904892593,,2018,bat,P
12214,Danny Muno,3B,0.20000000298023224,0.7130999274319038,,2018,bat,3B
sa829045,Keith Curcio,OF,0.20000000298023224,0.7749700451269743,,2018,bat,OF
11391,Tyler Holt,OF,0.20000000298023224,0.8133899441920219,,2018,bat,OF
12990,Erick Castillo,C,0.20000000298023224,0.6413400379475204,,2018,bat,C
sa657904,Courtney Hawkins,OF,0.20000000298023224,0.8118099588202311,,2018,bat,OF
sa548170,Taylor Lindsey,2B,0.20000000298023224,0.7431399587076158,,2018,bat,2B
sa829591,Andrew Ely,2B/SS,0.20000000298023224,0.6914200155297294,,2018,bat,2B/SS
sa547898,Gioskar Amaya,2B,0.20000000298023224,0.7422799856401978,,2018,bat,2B
12181,Matt Duffy,1B/3B,0.20000000298023224,0.791409933147952,,2018,bat,1B/3B
sa579778,Cal Towey,3B/OF,0.20000000298023224,0.7527599435299634,,2018,bat,3B/OF
sa3004252,Kevin Santa,2B/SS,0.20000000298023224,0.595920005836524,,2018,bat,2B/SS
sa737860,Ross Kivett,OF,0.20000000298023224,0.8158600020222365,,2018,bat,OF
6908,Clint Robinson,1B/OF,0.20000000298023224,0.9341399383731186,,2018,bat,1B/OF
sa286640,Gabriel Gutierrez,C,0.20000000298023224,0.6449399864301085,,2018,bat,C
13675,Tyrone Taylor,OF,0.20000000298023224,0.8398900623433293,NYM,2018,bat,OF
sa546789,Harold Riggins,1B,0.20000000298023224,0.8854099311400206,MIA,2018,bat,1B
18032,Mark Mathias,2B/OF,0.20000000298023224,0.7514400118729099,,2018,bat,2B/OF
sa201557,Brian Burgamy,OF,0.20000000298023224,0.8366700157523155,,2018,bat,OF
sa827140,Kyle Overstreet,C/1B,0.20000000298023224,0.6069499695906414,,2018,bat,C/1B
16680,Brian O'Keefe,C,0.20000000298023224,0.6220399751211516,SEA,2018,bat,C
sa598479,KC Serna,SS,0.20000000298023224,0.7311800505733116,,2018,bat,SS
sa455994,Michael Almanzar,3B,0.20000000298023224,0.7563599683344363,,2018,bat,3B
15156,Ian Miller,OF,0.20000000298023224,0.7578999685123562,,2018,bat,OF
11381,Drew Maggi,3B/DH,0.20000000298023224,0.7233799880137667,,2018,bat,3B/DH
sa657398,Osvaldo Abreu,SS,0.20000000298023224,0.7100899742450565,,2018,bat,SS
10053,Grant Green,2B,0.20000000298023224,0.8080199878197164,,2018,bat,2B
3812,Gregorio Petit,2B/SS,0.20000000298023224,0.7950999761698766,,2018,bat,2B/SS
sa328602,Amadeo Zazueta,SS,0.20000000298023224,0.6958699752576647,,2018,bat,SS
sa827329,Jordan Betts,1B/3B,0.20000000298023224,0.7809099753503687,,2018,bat,1B/3B
8623,Donovan Solano,2B,0.20000000298023224,0.748870003700722,,2018,bat,2B
sa875612,Zach Coppola,OF,0.20000000298023224,0.809540037647821,,2018,bat,OF
19562,Zack Short,SS,0.20000000298023224,0.6872000037226826,NYY,2018,bat,SS
8524,Jackson Williams,C,0.20000000298023224,0.6188899828121065,,2018,bat,C
sa736953,Omar Carrizales,OF,0.20000000298023224,0.9682900199666618,,2018,bat,OF
sa597945,Gilberto Galaviz,C,0.20000000298023224,0.6250500231748447,,2018,bat,C
sa829558,Devyn Bolasky,OF,0.20000000298023224,0.7886499391868709,,2018,bat,OF
15170,Josh VanMeter,2B,0.20000000298023224,0.776550055318512,,2018,bat,2B
8433,Ike Davis,1B,0.20000000298023224,0.9111100117210298,,2018,bat,1B
sa657952,Max White,OF,0.20000000298023224,0.9801099948585033,,2018,bat,OF
sa828872,Nicholas Torres,OF,0.20000000298023224,0.8053800544235855,NYY,2018,bat,OF
sa709037,Dylan Davis,OF,0.20000000298023224,0.7895500269252806,,2018,bat,OF
sa327092,Nick Van Stratten,OF,0.20000000298023224,0.812409990467131,,2018,bat,OF
sa550265,Michael Benjamin,2B/3B,0.20000000298023224,0.9033200306817888,COL,2018,bat,2B/3B
sa621361,Preston Beck,1B/OF,0.20000000298023224,0.8718899848405269,,2018,bat,1B/OF
sa454946,Nate Tenbrink,3B,0.20000000298023224,0.9251900041941552,SEA,2018,bat,3B
13284,Darnell Sweeney,2B/OF,0.20000000298023224,0.8187600180506706,,2018,bat,2B/OF
sa658601,Jacob Scavuzzo,OF,0.20000000298023224,0.8043500053696334,,2018,bat,OF
sa602429,Drew Weeks,OF,0.20000000298023224,0.9856899962294847,,2018,bat,OF
sa326716,Johnni Turbo,OF,0.20000000298023224,0.8105900151655077,,2018,bat,OF
10416,Wilfredo Tovar,SS,0.20000000298023224,0.6853999874554574,,2018,bat,SS
13750,Elier Hernandez,DH/OF,0.20000000298023224,0.8161300122737885,,2018,bat,DH/OF
sa829163,Caleb Adams,OF,0.20000000298023224,0.8057500126305966,,2018,bat,OF
sa829014,Tyler Moore,C,0.20000000298023224,0.5781700445106253,,2018,bat,C
sa549427,Alfredo Lopez,2B,0.20000000298023224,0.7190999848535282,,2018,bat,2B
19458,Cooper Hummel,DH/OF,0.20000000298023224,0.63966002848465,,2018,bat,DH/OF
sa872082,Dayron Varona,OF,0.20000000298023224,0.8442800119053572,,2018,bat,OF
5422,Steve Lombardozzi Jr.,2B/OF,0.20000000298023224,0.7150900033302605,,2018,bat,2B/OF
11167,Josh Rutledge,2B/SS,0.20000000298023224,0.765090007521212,,2018,bat,2B/SS
sa244092,Agustin Murillo,3B,0.20000000298023224,0.7475099443923682,,2018,bat,3B
8793,Matt Clark,1B,0.20000000298023224,0.9656199830700642,,2018,bat,1B
sa658013,Ronnie Freeman,C,0.20000000298023224,0.6849700401071457,,2018,bat,C
sa658329,Andrew Calica,OF,0.20000000298023224,0.8209300012094899,,2018,bat,OF
sa509117,Jose Amador,1B/2B,0.20000000298023224,0.741960056615062,,2018,bat,1B/2B
11251,Andy Wilkins,1B,0.20000000298023224,0.9007099877344444,,2018,bat,1B
sa829341,Chase Simpson,1B/3B,0.20000000298023224,0.7475100110284982,,2018,bat,1B/3B
sa509273,Manny Rodriguez,2B,0.20000000298023224,0.7606999613810328,,2018,bat,2B
5587,Carlos Corporán,C,0.20000000298023224,0.7449200212256981,,2018,bat,C
sa226165,Juan Ciriaco,SS,0.20000000298023224,0.6664099713787437,SFG,2018,bat,SS
sa597785,Granden Goetzman,OF,0.20000000298023224,0.8068200369365512,,2018,bat,OF
sa620945,Pat Blair,3B/SS,0.20000000298023224,0.6701000018510966,,2018,bat,3B/SS
sa506223,Keury De La Cruz,OF,0.20000000298023224,0.8147599644493311,,2018,bat,OF
sa918269,Carmen Benedetti,OF,0.20000000298023224,0.7341399795375763,,2018,bat,OF
9887,Destin Hood,OF,0.20000000298023224,0.93218003641814,,2018,bat,OF
sa455422,Harold Martinez,3B,0.20000000298023224,0.7339799794368446,,2018,bat,3B
sa549520,Andy Fermin,2B/3B,0.20000000298023224,0.7324100380297749,,2018,bat,2B/3B
sa577885,Zach Osborne,2B/SS,0.20000000298023224,0.8118899988010525,COL,2018,bat,2B/SS
9682,Adam Rosales,2B/3B/SS,0.20000000298023224,0.792519993521273,,2018,bat,2B/3B/SS
sa503328,Jabari Henry,OF,0.20000000298023224,0.8099300498375668,,2018,bat,OF
sa597772,Travis Harrison,3B/OF,0.20000000298023224,0.7080299745546653,,2018,bat,3B/OF
sa550588,Alberth Martinez,OF,0.20000000298023224,0.8056799651123582,,2018,bat,OF
17588,Blake Trahan,2B/SS,0.20000000298023224,0.6983700145035981,CIN,2018,bat,2B/SS
sa502070,Sergio Burruel,C,0.20000000298023224,0.6017299884697422,,2018,bat,C
sa651307,Diego Madero,2B/SS,0.20000000298023224,0.7267900005914271,,2018,bat,2B/SS
sa548021,Chris Garia,OF,0.20000000298023224,0.8127699830103666,,2018,bat,OF
4177,Hernan Iribarren,2B/OF,0.20000000298023224,0.7860299968160687,,2018,bat,2B/OF
13151,José Briceño,C,0.20000000298023224,0.5983799925306812,,2018,bat,C
sa548192,Stetson Allie,1B/OF,0.20000000298023224,0.782940009701997,,2018,bat,1B/OF
sa548556,Hunter Jones,OF,0.20000000298023224,0.7946699964813888,,2018,bat,OF
sa501590,Jeff Glenn,C,0.20000000298023224,0.5731199799804017,,2018,bat,C
19683,Mike Brosseau,3B,0.20000000298023224,0.6637200038181617,,2018,bat,3B
sa829219,Alec Keller,OF,0.20000000298023224,0.815329974843189,,2018,bat,OF
13051,Chris Colabello,1B/OF,0.20000000298023224,0.956819964828901,,2018,bat,1B/OF
sa658243,John Silviano,1B,0.20000000298023224,0.6018300342839211,,2018,bat,1B
sa655912,Javier Betancourt,2B,0.20000000298023224,0.7510300250258295,,2018,bat,2B
sa3001061,Jesus Fabela,OF,0.20000000298023224,0.780999996792525,,2018,bat,OF
sa657855,Elvis Escobar,OF,0.20000000298023224,0.7962799837812781,NYY,2018,bat,OF
18433,P.J. Higgins,C/1B,0.20000000298023224,0.5956999982940032,CIN,2018,bat,C/1B
sa657425,Bryant Flete,2B/SS,0.20000000298023224,0.6838599944952876,,2018,bat,2B/SS
sa918156,Mitchell Kranson,C/1B,0.20000000298023224,0.612520013656467,,2018,bat,C/1B
sa827169,Logan Ratledge,OF,0.20000000298023224,0.7202200392028315,,2018,bat,OF
5306,Kristopher Negrón,OF,0.20000000298023224,0.8148800217546522,,2018,bat,OF
sa206467,Jonathan Aceves,C,0.20000000298023224,0.643370018491987,,2018,bat,C
10317,Danny Ortiz,OF,0.20000000298023224,0.8867500007385388,,2018,bat,OF
sa549646,Anthony Gallas,OF,0.20000000298023224,0.8274100272916257,,2018,bat,OF
13269,Zach Vincej,SS,6.480000019073486,18.987692049145696,,2018,bat,SS
sa736911,Ademar Rifaela,OF,0.20000000298023224,0.818350003962405,,2018,bat,OF
sa659509,Adrian Gutierrez,C,0.20000000298023224,0.6188099805265664,,2018,bat,C
sa738151,Joseph Monge,OF,0.20000000298023224,0.8234799831174314,,2018,bat,OF
15809,Erisbel Arruebarrena,SS,0.20000000298023224,0.6971100141759962,LAD,2018,bat,SS
6677,JB Shuck,OF,0.20000000298023224,0.8343100113794207,,2018,bat,OF
sa454544,Ben Guez,OF,0.20000000298023224,0.8097099942853674,MIL,2018,bat,OF
sa579278,Mitch Delfino,3B,0.20000000298023224,0.6782599536469205,SFG,2018,bat,3B
sa732567,Tucker Nathans,OF,0.20000000298023224,0.7288400102639571,,2018,bat,OF
sa503432,Danny Black,2B/SS,0.20000000298023224,0.614839999191463,MIA,2018,bat,2B/SS
sa599740,Jerrick Suiter,1B/OF,0.20000000298023224,0.8628299743402749,,2018,bat,1B/OF
sa621791,Adam Brett Walker,OF,0.20000000298023224,0.8433399668894709,,2018,bat,OF
sa550060,Carlos Lopez,1B/OF,0.20000000298023224,0.8306800115853546,MIA,2018,bat,1B/OF
16593,Kevin Padlo,1B/3B,0.20000000298023224,0.6731100070290267,,2018,bat,1B/3B
9246,Blake Lalli,C/1B,0.20000000298023224,0.68852998893708,ARI,2018,bat,C/1B
sa291809,Jonathan Mota,SS,0.20000000298023224,0.6852699986658989,CHC,2018,bat,SS
sa652484,Rodolfo Amador,3B,0.20000000298023224,0.743900022143498,,2018,bat,3B
sa548315,Cito Culver,SS,0.20000000298023224,0.6302999639883637,,2018,bat,SS
5986,Mike Aviles,SS,0.20000000298023224,0.8083100404124708,,2018,bat,SS
13271,Richie Shaffer,1B/DH,0.20000000298023224,0.8906400365405716,,2018,bat,1B/DH
sa502536,Hak-Ju Lee,SS,0.20000000298023224,0.6550200386205687,,2018,bat,SS
19360,Lucas Erceg,P,0.20000000298023224,0.7648200043477117,KCR,2018,bat,P
sa658149,Brett Vertigan,OF,0.20000000298023224,0.7121400120202451,,2018,bat,OF
sa502224,Antonio Lamas,2B/SS,0.20000000298023224,0.7153500461718066,,2018,bat,2B/SS
sa509434,Ramon Rios,2B,0.20000000298023224,0.7094800053630024,,2018,bat,2B
sa577732,Ryan Wright,2B,0.20000000298023224,0.7480400735046716,CIN,2018,bat,2B
5133,Alexei Ramirez,SS,0.20000000298023224,0.7711800077697262,,2018,bat,SS
19521,Andrew Young,2B,0.20000000298023224,0.7030699905939399,,2018,bat,2B
sa549458,Chris Berset,C,0.20000000298023224,0.6047299935482441,,2018,bat,C
17982,Ty France,1B,0.20000000298023224,0.8436300303321331,SDP,2018,bat,1B
sa598265,Logan Moore,C,0.20000000298023224,0.6306000365177169,,2018,bat,C
19197,Will Smith,C,0.20000000298023224,0.5706600189441815,LAD,2018,bat,C
sa550032,Will Allen,C/1B,0.20000000298023224,0.5738400120055303,,2018,bat,C/1B
sa549777,Jay Gonzalez,OF,0.20000000298023224,0.8298799387179314,,2018,bat,OF
14528,Gabriel Guerrero,OF,0.20000000298023224,0.8368000467307865,,2018,bat,OF
sa549070,Shane Opitz,SS,0.20000000298023224,0.7321800220292061,,2018,bat,SS
sa858059,Matt Winn,C,0.20000000298023224,0.5732900585513561,,2018,bat,C
sa659193,Tim Remes,C,0.20000000298023224,0.6159300188533962,DET,2018,bat,C
sa455750,Sebastian Valle,C,0.20000000298023224,0.5614000180969013,,2018,bat,C
sa829487,Sean Godfrey,OF,0.20000000298023224,0.8343099849764257,ATL,2018,bat,OF
sa506909,Eudy Pina,OF,0.20000000298023224,0.78955004918389,,2018,bat,OF
sa875840,Jordan Devencenzi,C,0.20000000298023224,0.5424000191036613,,2018,bat,C
sa506241,Jordy Lara,1B/3B,0.20000000298023224,0.8886699612718074,ATL,2018,bat,1B/3B
sa507143,Ali Castillo,2B/3B,0.20000000298023224,0.6724499764852225,,2018,bat,2B/3B
sa314143,Walter Ibarra,2B/SS,0.20000000298023224,0.6630099947564302,,2018,bat,2B/SS
sa454396,Zach Collier,OF,0.20000000298023224,0.8188299806322902,,2018,bat,OF
19326,Bryan Reynolds,OF,0.20000000298023224,0.7704200370237232,PIT,2018,bat,OF
sa658966,Mikey White,3B/SS,0.20000000298023224,0.6022499870043247,,2018,bat,3B/SS
sa507265,Miguel Del Castillo,C,0.20000000298023224,0.586419995711185,SDP,2018,bat,C
6387,Michael Bourn,OF,0.20000000298023224,0.7994299476034938,,2018,bat,OF
9883,Jordan Schafer,OF,0.20000000298023224,0.7969900457886978,,2018,bat,OF
sa548351,Dickie Joe Thon,2B/SS,0.20000000298023224,0.6643999974709003,,2018,bat,2B/SS
4626,James Beresford,1B/3B,0.20000000298023224,0.7574100032914429,,2018,bat,1B/3B
sa597152,Deiner Lopez,2B/SS,0.20000000298023224,0.7395300121977924,,2018,bat,2B/SS
15124,Tim Locastro,OF,3.240000009536743,11.244789822027084,,2018,bat,OF
18568,Luis Arraez,1B/2B,0.20000000298023224,0.6878800397738813,SFG,2018,bat,1B/2B
sa505526,Anderson Feliz,2B,0.20000000298023224,0.7114400347229092,,2018,bat,2B
16524,Ryan McBroom,1B/OF,0.20000000298023224,0.865570043073967,,2018,bat,1B/OF
sa501997,Stephen Perez,SS,0.20000000298023224,0.6624499539844692,,2018,bat,SS
sa657939,Adrian Marin,SS,0.20000000298023224,0.6504699719138443,,2018,bat,SS
18136,Ka'ai Tom,OF,0.20000000298023224,0.8046600421890615,,2018,bat,OF
sa393008,Emmanuel Avila,3B,0.20000000298023224,0.7194699390558525,,2018,bat,3B
3035,Michael Morse,1B/OF,0.20000000298023224,0.9948399739805608,,2018,bat,1B/OF
sa659282,Marcus Greene Jr.,C,0.20000000298023224,0.5964400370372459,,2018,bat,C
sa546354,Jose Aguilar,OF,0.20000000298023224,0.7698000031523405,,2018,bat,OF
sa328090,Tim Torres,SS/OF,0.20000000298023224,0.7151099980110303,,2018,bat,SS/OF
sa658111,Alfredo Escalera,OF,0.20000000298023224,0.789439952513203,,2018,bat,OF
sa503716,Kyle Roller,1B,0.20000000298023224,0.88706006759312,,2018,bat,1B
sa738674,Jeremy Martinez,C,0.20000000298023224,0.553670006385073,,2018,bat,C
sa738608,Christian Ibarra,3B,0.20000000298023224,0.7041199571453035,,2018,bat,3B
sa594366,Fernando Flores,C,0.20000000298023224,0.603369997558184,,2018,bat,C
sa293531,Sharlon Schoop,2B/SS,0.20000000298023224,0.6557399946730584,,2018,bat,2B/SS
sa500732,Jio Mier,SS,0.20000000298023224,0.6399299829732625,,2018,bat,SS
sa868927,Asael Sanchez,OF,0.20000000298023224,0.7843000547029078,,2018,bat,OF
7125,Alberto Rosario,C,0.20000000298023224,0.6573200287995857,,2018,bat,C
7412,Paul Janish,SS,0.20000000298023224,0.7032099626259878,,2018,bat,SS
sa454428,Cutter Dykstra,2B/3B,0.20000000298023224,0.6864100104663521,,2018,bat,2B/3B
sa454437,Kenny Wilson,OF,0.20000000298023224,0.7629700312390925,,2018,bat,OF
sa658130,River Stevens,2B/3B,0.20000000298023224,0.6800099991727622,,2018,bat,2B/3B
2917,Emmanuel Burriss,2B,0.20000000298023224,0.7308600016869604,,2018,bat,2B
sa658668,Wes Rogers,OF,0.20000000298023224,0.9449299759231506,,2018,bat,OF
12268,Ryan Court,1B/OF,0.20000000298023224,0.8593500427436084,,2018,bat,1B/OF
sa549668,Dominic Ficociello,1B,0.20000000298023224,0.8526100327726452,,2018,bat,1B
sa857225,Ryan Howard,SS,0.20000000298023224,0.6112600313033908,,2018,bat,SS
sa829305,Casey Grayson,1B,0.20000000298023224,0.8075200317194684,STL,2018,bat,1B
sa511667,Chris Curley,3B/SS,0.20000000298023224,0.7196000248426571,,2018,bat,3B/SS
sa455907,Emerson Landoni,2B/SS,0.20000000298023224,0.6838499444071204,,2018,bat,2B/SS
sa501261,Todd Glaesmann,OF,0.20000000298023224,0.8056399595458059,,2018,bat,OF
sa658974,Brandon Lopez,3B/SS,0.20000000298023224,0.6049899920122696,,2018,bat,3B/SS
19392,Zach McKinstry,3B/OF,0.20000000298023224,0.658950058929622,DET,2018,bat,3B/OF
19643,Daniel Johnson,OF,0.20000000298023224,0.8269500018795951,MIA,2018,bat,OF
sa736830,Michael De La Cruz,C,0.20000000298023224,0.5734100475907327,,2018,bat,C
18603,Donny Sands,C/DH,0.20000000298023224,0.5739200185751541,,2018,bat,C/DH
sa503326,Art Charles,1B,0.20000000298023224,0.8819900381611657,,2018,bat,1B
15697,Gosuke Katoh,1B/2B,0.20000000298023224,0.6744699943577871,,2018,bat,1B/2B
sa501599,Shannon Wilkerson,OF,0.20000000298023224,0.7696199767291544,,2018,bat,OF
17684,Vimael Machín,3B,0.20000000298023224,0.6950599818257615,COL,2018,bat,3B
14412,Joe Hudson,C,0.20000000298023224,0.617739927896764,,2018,bat,C
sa599191,Mason Robbins,OF,0.20000000298023224,0.7356399861164391,,2018,bat,OF
sa657310,Luis Jean,SS,0.20000000298023224,0.857789981458336,,2018,bat,SS
sa829126,Bo Way,OF,0.20000000298023224,0.7264800012577325,,2018,bat,OF
sa455619,Buck Britton,2B/3B,0.20000000298023224,0.7152800675481558,,2018,bat,2B/3B
sa501490,Wes Darvill,2B/3B/SS,0.20000000298023224,0.6646399936871602,,2018,bat,2B/3B/SS
5097,Anthony Gose,OF,0.20000000298023224,0.8237199790310115,,2018,bat,OF
16098,Taylor Gushue,C/1B,0.20000000298023224,0.646659986989107,,2018,bat,C/1B
19346,Eli White,OF,0.20000000298023224,0.5829400280490517,ATL,2018,bat,OF
16930,Jonah Heim,C,0.20000000298023224,0.542689965525642,ATL,2018,bat,C
sa597103,Alberto Triunfel,2B/SS,0.20000000298023224,0.605990038253367,,2018,bat,2B/SS
12037,Jon Berti,3B,0.20000000298023224,0.6866699897684156,,2018,bat,3B
12198,Jake Hager,2B,0.20000000298023224,0.6734000558964905,,2018,bat,2B
sa706987,Chase McDonald,1B,0.20000000298023224,0.8758900130167604,,2018,bat,1B
11385,Matthew den Dekker,OF,0.20000000298023224,0.7664800003170968,,2018,bat,OF
sa389397,Jaime Pedroza,2B/SS,0.20000000298023224,0.7003100242698563,CLE,2018,bat,2B/SS
sa508493,Alberto Carreon,SS,0.20000000298023224,0.6426099916454404,,2018,bat,SS
sa737614,Riley Unroe,2B,0.20000000298023224,0.6408800155390053,HOU,2018,bat,2B
sa597861,C.J. McElroy,OF,0.20000000298023224,0.7601400109473615,,2018,bat,OF
sa658259,Brock Hebert,2B/SS,0.20000000298023224,0.6746499458793552,,2018,bat,2B/SS
sa548268,Sean Coyle,2B,0.20000000298023224,0.7017999969655648,,2018,bat,2B
sa621581,Chris Diaz,SS,0.20000000298023224,0.5827400184236466,,2018,bat,SS
9431,Jake Goebbert,1B,0.20000000298023224,0.885280005680397,ARI,2018,bat,1B
sa295642,Ray Chang,3B/SS,0.20000000298023224,0.688760035368614,,2018,bat,3B/SS
sa549361,Jeff Arnold,C,0.20000000298023224,0.5663999845739454,,2018,bat,C
18839,Josh Naylor,1B,0.20000000298023224,0.8530599730089307,SEA,2018,bat,1B
sa502672,Brenden Webb,OF,0.20000000298023224,0.7713299887254833,,2018,bat,OF
1191,Chris Johnson,3B,0.20000000298023224,0.8627899535465985,,2018,bat,3B
15644,Jacob Hannemann,OF,0.20000000298023224,0.7756100363098084,,2018,bat,OF
sa875579,Peter Van Gansen,2B/SS,0.20000000298023224,0.6040599732892588,,2018,bat,2B/SS
sa915611,Brett Cumberland,C,0.20000000298023224,0.6160600005416199,,2018,bat,C
sa829879,Roemon Fields,OF,0.20000000298023224,0.7546400393359363,TOR,2018,bat,OF
sa549926,D.J. Peterson,1B/3B,0.20000000298023224,0.9069699980784206,,2018,bat,1B/3B
7937,Logan Schafer,OF,0.20000000298023224,0.7854599993675947,,2018,bat,OF
sa546622,Stephen Wickens,2B/3B,0.20000000298023224,0.6877000267151742,,2018,bat,2B/3B
sa829192,Brad Haynal,C/1B,0.20000000298023224,0.5787000392796471,,2018,bat,C/1B
13595,Humberto Arteaga,SS,0.20000000298023224,0.6360500065609811,,2018,bat,SS
sa392886,Anthony Phillips,SS,0.20000000298023224,0.7894699728116391,COL,2018,bat,SS
8155,Everth Cabrera,SS,0.20000000298023224,0.7029500306118278,,2018,bat,SS
sa736923,Jhon Nuñez,C,0.20000000298023224,0.6214100368553772,,2018,bat,C
9063,Alexi Amarista,2B/SS/OF,0.20000000298023224,0.7511699899099766,,2018,bat,2B/SS/OF
11859,Mason Williams,OF,0.20000000298023224,0.7803499832749364,,2018,bat,OF
sa621523,Evan Marzilli,OF,0.20000000298023224,0.8044799862429498,,2018,bat,OF
sa738204,Daniel Pinero,3B/SS,0.20000000298023224,0.6077699621208013,,2018,bat,3B/SS
sa492636,Martin Cervenka,C,0.20000000298023224,0.583059983490966,,2018,bat,C
sa857249,Zander Wiel,1B,0.20000000298023224,0.8655000196769833,MIN,2018,bat,1B
sa454600,Jose Lozada,SS,0.20000000298023224,0.6275699797552078,,2018,bat,SS
7358,Michael Martinez,2B/OF,0.20000000298023224,0.7463100086897609,,2018,bat,2B/OF
sa874178,Mitch Longo,OF,0.20000000298023224,0.7886400046292691,,2018,bat,OF
sa827323,Will Maddox,1B/2B,0.20000000298023224,0.856980023207143,,2018,bat,1B/2B
sa393409,C.J. Retherford,3B,0.20000000298023224,0.7078300317283718,,2018,bat,3B
sa827330,Vicente Conde,2B/SS,0.20000000298023224,0.5982999650295824,,2018,bat,2B/SS
sa829535,Dexture McCall,1B,0.20000000298023224,0.8059100312180817,HOU,2018,bat,1B
16411,Richard Urena,2B/SS,4.860000133514404,15.661270381510258,,2018,bat,2B/SS
sa579269,Isaac Ballou,OF,0.20000000298023224,0.7467500169761478,,2018,bat,OF
sa827356,Auston Bousfield,OF,0.20000000298023224,0.730920022376813,,2018,bat,OF
sa455631,Angel Franco,2B,0.20000000298023224,0.6757600410375745,KCR,2018,bat,2B
sa657976,Joe Munoz,3B/SS,0.20000000298023224,0.636019995016977,ARI,2018,bat,3B/SS
sa550275,Jorge Flores,SS,0.20000000298023224,0.6843500354792922,,2018,bat,SS
sa737887,Brandon Bednar,2B/3B,0.20000000298023224,0.6409899961668998,,2018,bat,2B/3B
1609,Omar Infante,2B,0.20000000298023224,0.7229099549585952,,2018,bat,2B
sa657990,Chad Johnson,C,0.20000000298023224,0.5658699776278807,,2018,bat,C
18577,Ke'Bryan Hayes,3B,0.20000000298023224,0.6799500162713228,CIN,2018,bat,3B
sa842226,Stephen Gaylor,OF,0.20000000298023224,0.783640030073002,ATL,2018,bat,OF
sa507199,Diego Goris,3B/SS,0.20000000298023224,0.6760999603662639,,2018,bat,3B/SS
18482,Chris Gittens,1B,0.20000000298023224,0.8528600416495465,,2018,bat,1B
sa738165,Ryan Gebhardt,2B/SS,0.20000000298023224,0.7036700109485536,MIL,2018,bat,2B/SS
sa549447,Chad Oberacker,OF,0.20000000298023224,0.7558900111354888,,2018,bat,OF
sa600968,Claudio Bautista,2B/3B,0.20000000298023224,0.6935599916381762,,2018,bat,2B/3B
sa737949,Sicnarf Loopstok,C/1B,0.20000000298023224,0.6218100040918215,CLE,2018,bat,C/1B
sa503215,Alex Glenn,OF,0.20000000298023224,0.7719900175929066,,2018,bat,OF
sa599216,Austin Davidson,2B/3B,0.20000000298023224,0.7065400215331464,,2018,bat,2B/3B
sa599272,Shawn Pleffner,1B,0.20000000298023224,0.8632500013569367,WSN,2018,bat,1B
sa829029,Logan Moon,OF,0.20000000298023224,0.7542999609373509,,2018,bat,OF
sa545109,Tim Smalling,3B,0.20000000298023224,0.837070018099621,COL,2018,bat,3B
sa621612,Joey DeMichele,2B,0.20000000298023224,0.6806399506051094,,2018,bat,2B
sa597218,Hamlet Marte,C,0.20000000298023224,0.5883199976757167,,2018,bat,C
sa863716,Luis Yander La O,2B/3B,0.20000000298023224,0.7579100165981799,TEX,2018,bat,2B/3B
sa875890,Mitch Ghelfi,C/1B,0.20000000298023224,0.5986800389364361,,2018,bat,C/1B
17338,Willi Castro,OF,0.20000000298023224,0.6709499916527418,COL,2018,bat,OF
sa546794,Khayyan Norfork,2B/3B,0.20000000298023224,0.6946999615291133,,2018,bat,2B/3B
sa502520,Jack Murphy,C,0.20000000298023224,0.5872699881438165,MIA,2018,bat,C
sa578858,Sharif Othman,C,0.20000000298023224,0.5613599551375956,,2018,bat,C
sa829188,Antonio Nunez,SS,0.20000000298023224,0.606270033121109,HOU,2018,bat,SS
15794,Yonathan Daza,OF,0.20000000298023224,0.9106899691279976,,2018,bat,OF
sa738144,Chad Hinshaw,OF,0.20000000298023224,0.7200000660959631,,2018,bat,OF
sa658263,Parker Morin,C,0.20000000298023224,0.5734299664385615,,2018,bat,C
sa456023,Jose Gonzalez,C,0.20000000298023224,0.5783000077586621,,2018,bat,C
19844,Abraham Toro,2B/3B,0.20000000298023224,0.5415900099789723,KCR,2018,bat,2B/3B
sa501240,Telvin Nash,1B/OF,0.20000000298023224,0.8650500014191492,,2018,bat,1B/OF
sa829421,Collin Ferguson,1B,0.20000000298023224,1.0202500644605608,,2018,bat,1B
5238,Isaac Galloway,OF,0.20000000298023224,0.7378700068686156,,2018,bat,OF
sa659756,Drew Longley,C,0.20000000298023224,0.5829799857921898,DET,2018,bat,C
4142,Jonathan Diaz,SS,0.20000000298023224,0.6225999936461447,NYY,2018,bat,SS
19563,Nate Mondou,2B,0.20000000298023224,0.610939979366958,SDP,2018,bat,2B
sa201344,Issmael Salas,3B,0.20000000298023224,0.6869700568146071,,2018,bat,3B
sa542553,Juan Carlos Gamboa,SS,0.20000000298023224,0.6765099486801772,,2018,bat,SS
sa738507,Edgar Cabral,C,0.20000000298023224,0.5832299831788987,,2018,bat,C
sa454460,Niko Vasquez,3B/SS,0.20000000298023224,0.6481900065671652,,2018,bat,3B/SS
17922,Isan Díaz,2B/3B,0.20000000298023224,0.6445000184932723,,2018,bat,2B/3B
sa602546,Pat Cantwell,C,0.20000000298023224,0.5430100586498156,,2018,bat,C
sa457107,Andy Vasquez,OF,0.20000000298023224,0.7002999768359586,,2018,bat,OF
7706,Kyle Jensen,1B/OF,0.20000000298023224,0.7915299722691997,,2018,bat,1B/OF
13324,Ildemaro Vargas,2B/3B,1.6200000047683716,5.9494098007678975,ARI,2018,bat,2B/3B
sa550346,Patrick Brady,2B/OF,0.20000000298023224,0.6832499786745755,,2018,bat,2B/OF
sa829501,Kevin Garcia,C,0.20000000298023224,0.5481799357803536,,2018,bat,C
8380,Reid Brignac,SS,0.20000000298023224,0.760279957903549,,2018,bat,SS
sa658642,Wade Hinkle,1B,0.20000000298023224,0.8287800477817653,,2018,bat,1B
sa875635,Brett Siddall,OF,0.20000000298023224,0.7022199891507626,,2018,bat,OF
19890,Emmanuel Rivera,3B,0.20000000298023224,0.687279997812584,,2018,bat,3B
sa736995,Juremi Profar,1B/3B,0.20000000298023224,0.915450002113357,,2018,bat,1B/3B
sa389941,Ryan Dent,2B/SS,0.20000000298023224,0.6244600167963654,,2018,bat,2B/SS
sa657479,Malquin Canelo,SS,0.20000000298023224,0.6371999456547199,,2018,bat,SS
sa828313,Roldani Baldwin,C/3B,0.20000000298023224,0.6107399722444825,,2018,bat,C/3B
sa875228,Connor Panas,OF,0.20000000298023224,0.8343000070890412,,2018,bat,OF
sa829204,Shane Hoelscher,3B,0.20000000298023224,0.6732100071851165,BAL,2018,bat,3B
sa707769,Angel Rosa,3B/SS,0.20000000298023224,0.6793699922971426,,2018,bat,3B/SS
sa327116,Jared Mitchell,OF,0.20000000298023224,0.7497000090312212,,2018,bat,OF
sa739597,Wendell Rijo,2B,0.20000000298023224,0.6900599895510822,,2018,bat,2B
sa389928,Michael Burgess,OF,0.20000000298023224,0.7730699628591537,,2018,bat,OF
sa738434,Nick Longhi,1B/OF,0.20000000298023224,0.8738299612188711,,2018,bat,1B/OF
sa875721,Tyler Sanchez,C/1B,0.20000000298023224,0.6345499866642057,TEX,2018,bat,C/1B
sa509444,Eliseo Aldazaba,OF,0.20000000298023224,0.7580799974966792,,2018,bat,OF
6880,Nick Noonan,2B/3B,0.20000000298023224,0.6407699929317459,,2018,bat,2B/3B
7250,Collin Cowgill,OF,0.20000000298023224,0.7664399502333252,,2018,bat,OF
sa827195,Gunnar Heidt,2B/3B,0.20000000298023224,0.6630799408070742,,2018,bat,2B/3B
sa599278,Taylor Sparks,3B,0.20000000298023224,0.7357299988158047,CIN,2018,bat,3B
sa737835,Justin Bohn,SS,0.20000000298023224,0.6614900315646082,,2018,bat,SS
sa597168,Juan Herrera,SS,0.20000000298023224,0.6116799843031911,,2018,bat,SS
sa858027,Anthony Hermelyn,C,0.20000000298023224,0.49942999179475006,,2018,bat,C
sa747574,Johan Mieses,OF,0.20000000298023224,0.7529799608397296,,2018,bat,OF
sa829841,Dale Burdick,2B/3B,0.20000000298023224,0.6262500188313426,,2018,bat,2B/3B
sa549280,Stefan Sabol,OF,0.20000000298023224,0.7354100527008995,,2018,bat,OF
sa738672,Vaughn Bryan,OF,0.20000000298023224,0.7201600089203565,STL,2018,bat,OF
sa329131,Reynaldo Rodriguez,1B,0.20000000298023224,0.8605200290679932,,2018,bat,1B
sa454598,Roberto Lopez,1B/OF,0.20000000298023224,0.8472000469919294,LAA,2018,bat,1B/OF
sa549747,Dustin Geiger,1B/3B,0.20000000298023224,0.8205800396157429,,2018,bat,1B/3B
14515,Luis Marté,2B/3B/SS,0.20000000298023224,0.7097599761094898,,2018,bat,2B/3B/SS
19958,Carter Kieboom,3B,0.20000000298023224,0.6639099642168729,CLE,2018,bat,3B
sa209749,Emmanuel Valdez,C/1B,0.20000000298023224,0.5759500375716016,,2018,bat,C/1B
sa502154,Victor Roache,OF,0.20000000298023224,0.7309200233314187,,2018,bat,OF
17737,Josh Lester,1B/DH,0.20000000298023224,0.6805099687306209,,2018,bat,1B/DH
13300,Spencer Kieboom,C,0.20000000298023224,0.8952700507245025,,2018,bat,C
sa657285,Roberto Caro,OF,0.20000000298023224,0.7461299533024429,,2018,bat,OF
sa594139,Rubi Silva,OF,0.20000000298023224,0.7006899972446262,,2018,bat,OF
18848,Yohel Pozo,C/DH,0.20000000298023224,0.6307899953331798,STL,2018,bat,C/DH
sa508008,Eduardo Arredondo,OF,0.20000000298023224,0.7266700020991265,,2018,bat,OF
20036,Isaac Paredes,3B,0.20000000298023224,0.5988900152500718,HOU,2018,bat,3B
4792,Jeff Francoeur,OF,0.20000000298023224,0.8399400441674515,,2018,bat,OF
629,Brandon Barnes,OF,0.20000000298023224,0.7583300023106857,,2018,bat,OF
sa599831,Norberto Susini,C/3B,0.20000000298023224,0.5627500270260497,,2018,bat,C/3B
sa201453,Gilberto Mejia,2B,0.20000000298023224,0.6733700586017219,,2018,bat,2B
sa621655,Jayce Ray,OF,0.20000000298023224,0.7283200034638867,,2018,bat,OF
sa621607,Rudy Flores,1B,0.20000000298023224,0.9105499434052033,,2018,bat,1B
sa392355,Alfredo Silverio,OF,0.20000000298023224,0.7626299764262512,MIA,2018,bat,OF
sa738943,Eric Aguilera,1B,0.20000000298023224,0.9021600630832833,,2018,bat,1B
sa634679,Jairo Rodriguez,C,0.20000000298023224,0.5631599795538931,,2018,bat,C
sa883465,Zach Welz,OF,0.20000000298023224,0.7263099834090099,,2018,bat,OF
13047,Munenori Kawasaki,2B/SS,0.20000000298023224,0.7138100136304273,,2018,bat,2B/SS
11905,Orlando Calixte,OF,0.20000000298023224,0.7677400018088519,,2018,bat,OF
sa507166,Jose Rosario,2B,0.20000000298023224,0.6674499873537568,,2018,bat,2B
sa326707,Marcus Lemon,2B/SS/OF,0.20000000298023224,0.6034799733664838,,2018,bat,2B/SS/OF
sa737845,Matt Oberste,1B,0.20000000298023224,0.7685099852969869,,2018,bat,1B
sa499640,Edwin Garcia,2B/SS,0.20000000298023224,0.644739999854937,,2018,bat,2B/SS
18872,Jahmai Jones,2B/DH/OF,0.20000000298023224,0.7088100442197173,DET,2018,bat,2B/DH/OF
sa393574,Eliezer Zambrano,C,0.20000000298023224,0.5603399856947362,,2018,bat,C
sa876269,Dylan Tice,2B,0.20000000298023224,0.636529978364706,,2018,bat,2B
sa598601,Glynn Davis,OF,0.20000000298023224,0.7301499664783476,BAL,2018,bat,OF
sa829062,Chris Rabago,C,0.20000000298023224,0.7108800186775625,,2018,bat,C
sa381319,Yunesky Sanchez,3B/SS,0.20000000298023224,0.6164599820738658,,2018,bat,3B/SS
sa389676,Quincy Latimore,OF,0.20000000298023224,0.719729949440807,,2018,bat,OF
19252,Cavan Biggio,2B,0.20000000298023224,0.6371199756395071,HOU,2018,bat,2B
sa506304,Wilson Soriano,2B/OF,0.20000000298023224,0.6714200116228312,,2018,bat,2B/OF
18027,Hoy Park,2B,0.20000000298023224,0.5780499696265906,OAK,2018,bat,2B
sa918350,Keith Grieshaber,3B,0.20000000298023224,0.6188500002259387,LAA,2018,bat,3B
sa914668,Alay Lago,2B,0.20000000298023224,0.6929000621661543,,2018,bat,2B
sa602665,Kevin Cornelius,1B/3B,0.20000000298023224,0.8553100475342943,,2018,bat,1B/3B
sa549538,Jose Vinicio,SS,0.20000000298023224,0.6815699907951055,,2018,bat,SS
sa551309,Jonathan Reynoso,OF,0.20000000298023224,0.7462099769152701,,2018,bat,OF
sa830204,Jomar Reyes,3B,0.20000000298023224,0.6728699798462912,,2018,bat,3B
sa829320,Alec Sole,SS,0.20000000298023224,0.6088100280147045,,2018,bat,SS
sa454224,Humberto Sosa,C/1B,0.20000000298023224,0.5589800021261907,,2018,bat,C/1B
sa548109,Luis Mendez,2B/3B,0.20000000298023224,0.7066799934022128,,2018,bat,2B/3B
sa546652,Willie Argo,OF,0.20000000298023224,0.7324200651142745,,2018,bat,OF
sa738262,Ryan Boldt,OF,0.20000000298023224,0.6805899722501636,,2018,bat,OF
sa550175,Michael O'Neill,OF,0.20000000298023224,0.814429979585111,,2018,bat,OF
sa526470,Caleb Ramsey,OF,0.20000000298023224,0.7080599983688444,,2018,bat,OF
sa827185,Troy Stein,C,0.20000000298023224,0.7170900009572506,COL,2018,bat,C
sa550534,Isaias Tejeda,C,0.20000000298023224,0.5591000535292552,,2018,bat,C
17468,Kelvin Gutiérrez,3B,0.20000000298023224,0.6844400187022983,,2018,bat,3B
sa509441,Carlos M. Rodriguez,C,0.20000000298023224,0.5782599915983155,,2018,bat,C
sa597686,Eduardo de Oleo,C,0.20000000298023224,0.5266200065612793,,2018,bat,C
18371,Jermaine Palacios,2B/SS,0.20000000298023224,0.5647999928798525,,2018,bat,2B/SS
sa597695,Rando Moreno,SS,0.20000000298023224,0.5913100103382021,,2018,bat,SS
14897,Daniel Palka,DH/OF,3.240000009536743,12.55289962813258,,2018,bat,DH/OF
sa738403,Zach Shank,2B/3B,0.20000000298023224,0.5851599963381886,,2018,bat,2B/3B
sa858055,Brendon Sanger,OF,0.20000000298023224,0.6074000254506245,,2018,bat,OF
sa658032,Wilfredo Rodriguez,C,0.20000000298023224,0.5131999979028476,,2018,bat,C
sa547843,Armando Araiza,C,0.20000000298023224,0.5477699706680141,,2018,bat,C
sa861014,Dian Toscano,OF,0.20000000298023224,0.7488400190137328,,2018,bat,OF
sa918625,John Brontsema,2B/3B,0.20000000298023224,0.6474000466754659,,2018,bat,2B/3B
sa655950,Arvicent Perez,C,0.20000000298023224,0.5441100162453948,,2018,bat,C
13663,Jack López,2B,0.20000000298023224,0.61068998365663,,2018,bat,2B
sa578983,Thomas Coyle,2B,0.20000000298023224,0.652260038210079,,2018,bat,2B
sa707779,Matt Reistetter,C,0.20000000298023224,0.5737400169949979,,2018,bat,C
sa3001901,Roberto Valenzuela,SS,0.20000000298023224,0.637220069533214,,2018,bat,SS
2832,Rafael Ynoa,3B/OF,0.20000000298023224,0.6611800194252281,,2018,bat,3B/OF
19634,Jack Kruger,C,0.20000000298023224,0.4947199615649878,,2018,bat,C
sa546826,Paul Leon,SS,0.20000000298023224,0.601609969162382,,2018,bat,SS
sa501556,Devin Harris,OF,0.20000000298023224,0.8066499836742878,ARI,2018,bat,OF
sa875626,Max McDowell,C,0.20000000298023224,0.5569699980784207,,2018,bat,C
sa549558,Viosergy Rosa,1B,0.20000000298023224,0.8087500294321215,,2018,bat,1B
8272,Matt Tuiasosopo,OF,0.20000000298023224,0.8040900202002377,,2018,bat,OF
sa737922,Xavier Fernández,C,0.20000000298023224,0.5451300286222249,,2018,bat,C
sa738319,Tyler Alamo,C/1B,0.20000000298023224,0.5660700091510079,,2018,bat,C/1B
19703,Jake Noll,1B,0.20000000298023224,0.6970100083621219,,2018,bat,1B
sa392885,Israel Nunez,C,0.20000000298023224,0.5470299885608255,,2018,bat,C
sa602899,A.J. Murray,C,0.20000000298023224,0.5429600535426289,,2018,bat,C
sa658030,Angel Ortega,SS,0.20000000298023224,0.6266800333280115,MIL,2018,bat,SS
sa501489,Jeff Malm,1B,0.20000000298023224,0.9047399524599313,TEX,2018,bat,1B
2225,Jason Bourgeois,OF,0.20000000298023224,0.8100900357589125,,2018,bat,OF
sa597735,Daniel Arribas,C/1B,0.20000000298023224,0.5285500213271007,,2018,bat,C/1B
sa878470,Isaac Rodriguez,2B/SS,0.20000000298023224,0.6332599815214053,,2018,bat,2B/SS
19977,Tres Barrera,C,0.20000000298023224,0.5758299929322674,WSN,2018,bat,C
sa389213,Chris Jacobs,1B,0.20000000298023224,0.8145699641900137,,2018,bat,1B
sa548177,Jake Skole,OF,0.20000000298023224,0.7189300235826522,,2018,bat,OF
sa503525,Maxx Tissenbaum,C/2B,0.20000000298023224,0.6888300358783453,COL,2018,bat,C/2B
sa506307,Juan Ciriaco,2B,0.20000000298023224,0.6534700294956564,,2018,bat,2B
19314,Donovan Walton,2B/SS,0.20000000298023224,0.5797300189500675,LAA,2018,bat,2B/SS
sa857726,Ryan Hissey,C,0.20000000298023224,0.5185800231061874,,2018,bat,C
14876,Jacob May,OF,0.20000000298023224,0.6764900227077305,,2018,bat,OF
20123,Juan Soto,OF,0.20000000298023224,0.7655800286447629,NYM,2018,bat,OF
sa598065,Daniel Lockhart,2B/3B,0.20000000298023224,0.6397900221403687,,2018,bat,2B/3B
18054,Sam Haggerty,OF,0.20000000298023224,0.6641199857927857,TEX,2018,bat,OF
13369,Erik González,3B/SS,3.240000009536743,11.420140074938537,,2018,bat,3B/SS
sa454512,Zach Cone,OF,0.20000000298023224,0.726190047035925,,2018,bat,OF
sa633745,Humberto Castro,2B,0.20000000298023224,0.6222200109390541,,2018,bat,2B
sa658166,Rashad Crawford,OF,0.20000000298023224,0.7015000078361481,NYY,2018,bat,OF
19824,Chuckie Robinson,C,0.20000000298023224,0.5012500433484092,LAD,2018,bat,C
sa829159,Ryan Metzler,2B/SS,0.20000000298023224,0.793080068193376,,2018,bat,2B/SS
sa736917,Victor Acosta,3B/OF,0.20000000298023224,0.6732599838403984,,2018,bat,3B/OF
sa709557,Dustin DeMuth,1B,0.20000000298023224,0.8279600045178084,MIL,2018,bat,1B
sa657775,Angel Reyes,C/1B/2B,0.20000000298023224,0.4881699906894938,,2018,bat,C/1B/2B
sa577748,Jonathan Johnson,2B,0.20000000298023224,0.5735900187864899,NYM,2018,bat,2B
sa578168,Levi Hyams,1B/2B,0.20000000298023224,0.6364100101403892,,2018,bat,1B/2B
sa745229,Marty Herum,1B/3B,0.20000000298023224,0.8680100270081311,,2018,bat,1B/3B
2264,Héctor Gómez,2B/3B/SS,0.20000000298023224,0.7184699612203983,,2018,bat,2B/3B/SS
sa548053,Luis Tejada,1B/OF,0.20000000298023224,0.8081899988930672,,2018,bat,1B/OF
sa509271,Carlos Alvarez,2B/OF,0.20000000298023224,0.6174500371329487,,2018,bat,2B/OF
sa547928,Josmar Cordero,C/1B,0.20000000298023224,0.5429299773648381,,2018,bat,C/1B
8979,Dusty Coleman,SS,0.20000000298023224,0.6299599497579037,,2018,bat,SS
sa875583,Christian Kelley,C,0.20000000298023224,0.5136200649780222,,2018,bat,C
sa602857,Jose Brizuela,3B,0.20000000298023224,0.6176599974278361,,2018,bat,3B
sa739560,Jesse Hodges,3B,0.20000000298023224,0.6490200456697492,,2018,bat,3B
sa737029,Kristian Trompiz,SS,0.20000000298023224,0.5904799614101648,,2018,bat,SS
sa599111,Chris McFarland,2B,0.20000000298023224,0.6611299883574246,MIL,2018,bat,2B
sa829978,Daniel Carbonell,OF,0.20000000298023224,0.6868799422401934,,2018,bat,OF
sa577013,Matt Newman,OF,0.20000000298023224,0.7047499593812971,TOR,2018,bat,OF
sa827134,Austin Bailey,2B,0.20000000298023224,0.6316499901935457,KCR,2018,bat,2B
sa462415,Jose Alvarez,1B/OF,0.20000000298023224,0.8451099788770078,,2018,bat,1B/OF
sa328836,Welington Dotel,OF,0.20000000298023224,0.7413300053682177,,2018,bat,OF
sa392849,Mayo Acosta,C,0.20000000298023224,0.5473899681353941,,2018,bat,C
sa598306,Aaron Brown,P/OF,0.20000000298023224,0.736540058394894,,2018,bat,P/OF
6073,Brendan Ryan,SS,0.20000000298023224,0.6331100151641291,,2018,bat,SS
3433,Allen Craig,1B/OF,0.20000000298023224,0.798880028282292,,2018,bat,1B/OF
17988,Tyler Stephenson,C,0.20000000298023224,0.5536400189856067,CIN,2018,bat,C
19528,Jacob Robson,OF,0.20000000298023224,0.6998299940954894,DET,2018,bat,OF
sa823925,Michael De León,SS,0.20000000298023224,0.6980799860088153,,2018,bat,SS
18171,Seth Brown,1B/OF,0.20000000298023224,0.6585200208239257,NYY,2018,bat,1B/OF
sa598819,Felipe Blanco,2B/SS,0.20000000298023224,0.5860899722669274,,2018,bat,2B/SS
sa874481,Matt Jones,C,0.20000000298023224,0.5828999730292705,,2018,bat,C
sa546473,Jhohan Acevedo,OF,0.20000000298023224,0.706670041847974,,2018,bat,OF
sa596953,Carlos Penalver,SS,0.20000000298023224,0.5828100134152918,,2018,bat,SS
sa827201,Ben Moore,C,0.20000000298023224,0.5605300490278751,,2018,bat,C
sa736959,Carlos Diaz,2B/SS,0.20000000298023224,0.6328099682228641,KCR,2018,bat,2B/SS
sa508095,Alejandro Ortiz,OF,0.20000000298023224,0.7004100259859114,,2018,bat,OF
sa502686,Bryson Smith,OF,0.20000000298023224,0.7019400242716074,,2018,bat,OF
sa328150,Mark Thomas,C,0.20000000298023224,0.5429800080601126,,2018,bat,C
19913,Jesús Sánchez,OF,0.20000000298023224,0.6678999722469597,TOR,2018,bat,OF
16496,Forrest Wall,OF,0.20000000298023224,0.7871399764902889,,2018,bat,OF
sa739577,Julian Leon,C,0.20000000298023224,0.4880300373770296,,2018,bat,C
sa830215,Michael Pritchard,OF,0.20000000298023224,0.6559899827465416,STL,2018,bat,OF
sa737886,Nelson Molina,3B,0.20000000298023224,0.6169699929654596,,2018,bat,3B
sa602678,Brandon Downes,OF,0.20000000298023224,0.7226300273556261,,2018,bat,OF
sa392183,Kevin Keyes,1B/OF,0.20000000298023224,0.7811699880287051,TEX,2018,bat,1B/OF
sa509128,Enrique Osorio,OF,0.20000000298023224,0.6935200125095433,,2018,bat,OF
sa918553,Nick Sergakis,2B/3B,0.20000000298023224,0.5854800525819881,,2018,bat,2B/3B
7316,Darin Mastroianni,OF,0.20000000298023224,0.7445500029716642,,2018,bat,OF
sa545731,Alan Sanchez,OF,0.20000000298023224,0.7018100243527442,,2018,bat,OF
sa503642,Beau Amaral,OF,0.20000000298023224,0.6345900306943805,,2018,bat,OF
sa736998,Carlos Arroyo,2B/OF,0.20000000298023224,0.7055000170599669,,2018,bat,2B/OF
sa545208,Brandon Macias,3B,0.20000000298023224,0.6395999958505854,MIL,2018,bat,3B
sa863269,Osniel Madera,2B/3B,0.20000000298023224,0.6498000116087495,,2018,bat,2B/3B
sa578022,Cameron Seitzer,1B,0.20000000298023224,0.7582300485810265,,2018,bat,1B
sa201393,Adan Munoz,C/1B,0.20000000298023224,0.567899952852167,,2018,bat,C/1B
19151,Estevan Florial,OF,0.20000000298023224,0.6996299818158149,,2018,bat,OF
sa184892,Cristhian Presichi,OF,0.20000000298023224,0.7144499859074129,,2018,bat,OF
sa659281,Cam Gibson,OF,0.20000000298023224,0.7116400548256933,DET,2018,bat,OF
19859,René Pinto,C,0.20000000298023224,0.46824001173954444,PHI,2018,bat,C
sa857840,Kyle Holder,SS,0.20000000298023224,0.5453999618533998,,2018,bat,SS
sa874241,Cornelius Randolph,OF,0.20000000298023224,0.7142700124066322,,2018,bat,OF
16729,Brian O'Grady,OF,0.20000000298023224,0.8379699549172073,,2018,bat,OF
sa738703,Jordan Cowan,2B,0.20000000298023224,0.5563299489906057,,2018,bat,2B
19348,DJ Peters,OF,0.20000000298023224,0.6644199603702873,,2018,bat,OF
sa660295,Alberto Mineo,C,0.20000000298023224,0.48201002369169144,,2018,bat,C
sa830277,Kungkuan Giljegiljaw,C,0.20000000298023224,0.5459099919069559,,2018,bat,C
4964,Tony Campana,OF,0.20000000298023224,0.6800799672957508,,2018,bat,OF
sa829151,Luke Dykstra,2B,0.20000000298023224,0.5889500328572466,,2018,bat,2B
sa829454,Bryan Muniz,1B,0.20000000298023224,0.7866400095168501,,2018,bat,1B
sa657593,Rafael P Valera,2B/3B,0.20000000298023224,0.5036300170235335,,2018,bat,2B/3B
sa329105,Yancarlo Angulo,OF,0.20000000298023224,0.6870500202756374,,2018,bat,OF
sa918049,Michael Cruz,C,0.20000000298023224,0.5281700499821453,,2018,bat,C
sa829293,Ruben Castro,C,0.20000000298023224,0.47549001984298234,,2018,bat,C
sa737255,Daniel Gonzalez,C,0.20000000298023224,0.4793100332375616,,2018,bat,C
18006,John Bormann,PH/PR,0.20000000298023224,0.8286099751945585,,2018,bat,PH/PR
13658,Terrance Gore,DH/OF,0.20000000298023224,0.7289299883879721,NYM,2018,bat,DH/OF
sa185832,Domingo Castro,SS,0.20000000298023224,0.5679499820107592,,2018,bat,SS
sa548175,Matt Lipka,OF,0.20000000298023224,0.6689099961891771,,2018,bat,OF
12719,Dillon Thomas,OF,0.20000000298023224,0.6990600364049896,,2018,bat,OF
sa652169,Ivan Jimenez,SS/OF,0.20000000298023224,0.549610014911741,,2018,bat,SS/OF
sa657542,Randy César,3B,0.20000000298023224,0.5699800099013372,,2018,bat,3B
sa875667,Austin Bossart,C,0.20000000298023224,0.5375199824338778,,2018,bat,C
sa658629,Ty Moore,OF,0.20000000298023224,0.6820000543957574,BAL,2018,bat,OF
sa508052,Jaime Brena,2B,0.20000000298023224,0.6077500119572504,,2018,bat,2B
sa875382,Colton Frabasilio,C/1B,0.20000000298023224,0.5021799501031637,,2018,bat,C/1B
sa501943,Keenyn Walker,OF,0.20000000298023224,0.6851500129327177,,2018,bat,OF
13821,Ian Parmley,OF,0.20000000298023224,0.6906599889276548,,2018,bat,OF
2539,Pete Kozma,SS,0.20000000298023224,0.6181300061987711,,2018,bat,SS
15830,Johnny Davis,OF,0.20000000298023224,0.7181800459045916,,2018,bat,OF
sa874070,Stephen Alemais,2B/SS,0.20000000298023224,0.5645199787337332,,2018,bat,2B/SS
19950,Andrés Giménez,2B,0.20000000298023224,0.5167300324421374,TOR,2018,bat,2B
sa737877,Tanner Murphy,C,0.20000000298023224,0.5303400235367007,SFG,2018,bat,C
sa707778,Jacob Schrader,1B,0.20000000298023224,0.840320016699843,ATL,2018,bat,1B
sa918466,Chris Clare,SS,0.20000000298023224,0.5907900382531805,,2018,bat,SS
sa598687,Jeremias Pineda,OF,0.20000000298023224,0.6810400375165043,,2018,bat,OF
18425,Trey Amburgey,OF,0.20000000298023224,0.6957000232767313,,2018,bat,OF
sa577980,Daniel Paolini,1B,0.20000000298023224,0.7714600308332592,,2018,bat,1B
sa738266,Kyle Petty,1B,0.20000000298023224,0.7671200380427762,,2018,bat,1B
sa828331,Jose Gomez,2B/3B/SS,0.20000000298023224,0.576750009227544,,2018,bat,2B/3B/SS
sa829367,Michael Suchy,OF,0.20000000298023224,0.6707299653440714,,2018,bat,OF
sa737639,Jan Hernandez,3B/OF,0.20000000298023224,0.6741699587553738,,2018,bat,3B/OF
sa579297,Jordan Smith,OF,0.20000000298023224,0.6810199893079697,,2018,bat,OF
19710,Ronnie Dawson,DH,0.20000000298023224,0.6402000701986252,,2018,bat,DH
sa707788,Matt Paré,C,0.20000000298023224,0.47159998405259096,SFG,2018,bat,C
9718,Chris Dominguez,OF,0.20000000298023224,0.8181000613141804,,2018,bat,OF
sa657522,Wander Franco,3B,0.20000000298023224,0.58584002610296,,2018,bat,3B
sa596837,Leobaldo Piña,3B/SS,0.20000000298023224,0.5410899976734072,,2018,bat,3B/SS
18564,Trent Grisham,OF,0.20000000298023224,0.694819979975,NYY,2018,bat,OF
sa918272,Alex Kowalczyk,C/OF,0.20000000298023224,0.5807700118166393,,2018,bat,C/OF
sa508490,Miguel Torrero,3B,0.20000000298023224,0.6137300106463951,,2018,bat,3B
sa829519,Brant Whiting,C,0.20000000298023224,0.4834299817914142,,2018,bat,C
sa505990,Francisco Lugo,OF,0.20000000298023224,0.6789400150068103,,2018,bat,OF
sa857838,Logan Taylor,3B,0.20000000298023224,0.5652699432568623,,2018,bat,3B
sa657802,Rodrigo Ayarza,2B,0.20000000298023224,0.5694099812302739,,2018,bat,2B
sa328821,Carlos Colmenares,3B,0.20000000298023224,0.6238400324247777,,2018,bat,3B
19556,Yordan Alvarez,DH/OF,0.20000000298023224,0.7391400593332946,HOU,2018,bat,DH/OF
20034,Hunter Owen,OF,0.20000000298023224,0.6154299755115061,,2018,bat,OF
sa875870,Stuart Levy,C,0.20000000298023224,0.4923500262666493,,2018,bat,C
sa857219,Gavin Collins,C/3B,0.20000000298023224,0.639969988213852,,2018,bat,C/3B
sa502223,Hector Garanzuay,2B,0.20000000298023224,0.614140029833652,,2018,bat,2B
sa523975,Jose Ruiz,1B,0.20000000298023224,0.7973700063070281,TEX,2018,bat,1B
sa874104,Kort Peterson,OF,0.20000000298023224,0.6866799747105687,KCR,2018,bat,OF
sa658031,Royce Bolinger,OF,0.20000000298023224,0.7579799966653809,,2018,bat,OF
sa825026,Kristian Delgado,2B/SS,0.20000000298023224,0.5859800065867601,,2018,bat,2B/SS
sa548330,Jason Martinson,SS,0.20000000298023224,0.5652799993753432,,2018,bat,SS
sa659079,Austin Rei,C,0.20000000298023224,0.5121899930178188,,2018,bat,C
sa3002576,Yordanys Linares,OF,0.20000000298023224,0.7094099730253219,,2018,bat,OF
sa549844,Taylor Brennan,3B,0.20000000298023224,0.5889200501609592,,2018,bat,3B
19667,Zach Reks,OF,0.20000000298023224,0.6469400232424961,,2018,bat,OF
sa918611,Chad Sedio,2B/OF,0.20000000298023224,0.5553500085603446,,2018,bat,2B/OF
sa874101,Michael Paez,2B/3B,0.20000000298023224,0.5551099735777825,,2018,bat,2B/3B
sa599184,Marc Wik,2B/OF,0.20000000298023224,0.7469699710141865,HOU,2018,bat,2B/OF
sa550659,Ricardo Valenzuela,C,0.20000000298023224,0.4766000336734577,,2018,bat,C
sa526198,Leon Landry,OF,0.20000000298023224,0.6786500216461716,,2018,bat,OF
sa736960,Jose Martinez,SS,0.20000000298023224,0.5149000051664189,,2018,bat,SS
sa503056,Patrick Biondi,OF,0.20000000298023224,0.6246299596503376,NYM,2018,bat,OF
sa658187,Correlle Prime,1B,0.20000000298023224,0.943809980712831,,2018,bat,1B
sa828293,Yeyson Yrizarri,SS,0.20000000298023224,0.5269099724013357,,2018,bat,SS
sa737636,Cord Sandberg,OF,0.20000000298023224,0.7009600402554497,,2018,bat,OF
sa709022,Spencer Navin,C,0.20000000298023224,0.6392899650847538,COL,2018,bat,C
sa873634,Connor Justus,SS,0.20000000298023224,0.4833000021521001,,2018,bat,SS
9414,Quintin Berry,OF,0.20000000298023224,0.7291799957631155,,2018,bat,OF
sa198097,Carlos Alberto Gastelum,2B,0.20000000298023224,0.5899300137534736,,2018,bat,2B
sa738152,Edwin Díaz,3B/SS,0.20000000298023224,0.4882799823768436,HOU,2018,bat,3B/SS
sa205818,Luis Alfonso Garcia,1B/OF,0.20000000298023224,0.6904700096696614,,2018,bat,1B/OF
sa691751,Edson Garcia,2B/OF,0.20000000298023224,0.5967300539370625,,2018,bat,2B/OF
17893,Tyler Nevin,1B/3B,0.20000000298023224,0.7636600363533942,,2018,bat,1B/3B
sa254504,Ivan Terrazas,OF,0.20000000298023224,0.6832900462904944,,2018,bat,OF
sa827319,Richie Fecteau,3B,0.20000000298023224,0.5649199876235798,,2018,bat,3B
18042,Dylan Moore,2B/OF,0.20000000298023224,0.7937799427425488,PHI,2018,bat,2B/OF
14548,Jesmuel Valentín,2B/3B,8.100000381469727,27.652250124514094,,2018,bat,2B/3B
sa828876,D.J. Burt,2B,0.20000000298023224,0.5874700540676713,,2018,bat,2B
sa827130,Mark Laird,OF,0.20000000298023224,0.6724000260233879,PHI,2018,bat,OF
sa738999,Robbie Tenerowicz,1B,0.20000000298023224,0.5471500152256339,,2018,bat,1B
sa526884,Ricky Oropesa,1B,0.20000000298023224,0.7244800054235383,SFG,2018,bat,1B
17837,Jakson Reetz,C,0.20000000298023224,0.5116800356074237,SEA,2018,bat,C
sa657523,Arturo Michelena,2B/3B,0.20000000298023224,0.5322599889244883,,2018,bat,2B/3B
sa198297,Said Gutierrez,C,0.20000000298023224,0.5197000072570518,,2018,bat,C
sa736892,Rainis Silva,C,0.20000000298023224,0.4753200275590642,SEA,2018,bat,C
sa657456,Alberti Chavez,2B/SS,0.20000000298023224,0.6357700141146778,,2018,bat,2B/SS
sa659614,Carlos Figueroa,OF,0.20000000298023224,0.5818899661768229,,2018,bat,OF
20437,Royce Lewis,3B,0.20000000298023224,0.5384099647402762,MIN,2018,bat,3B
sa875097,Jared Foster,OF,0.20000000298023224,0.6437400025548413,,2018,bat,OF
13288,Peter O'Brien,1B/OF,0.20000000298023224,0.7427599511807783,,2018,bat,1B/OF
sa596985,Maikis De La Cruz,OF,0.20000000298023224,0.663890015450306,,2018,bat,OF
sa869633,Cody Regis,3B,0.20000000298023224,0.8063599648885429,ARI,2018,bat,3B
12140,Juniel Querecuto,2B/3B,0.20000000298023224,0.6551700316369533,,2018,bat,2B/3B
sa829169,Seth Spivey,2B/3B,0.20000000298023224,0.5391299831680954,ARI,2018,bat,2B/3B
sa875606,Mylz Jones,3B/OF,0.20000000298023224,0.7713200013153255,,2018,bat,3B/OF
4900,Robert Andino,2B/SS,0.20000000298023224,0.6469299884978682,,2018,bat,2B/SS
sa829047,Andrew Sohn,2B/3B/SS,0.20000000298023224,0.5075899936724453,STL,2018,bat,2B/3B/SS
sa508059,Sergio Perez,OF,0.20000000298023224,0.6425299927825107,,2018,bat,OF
17723,Skye Bolt,OF,0.20000000298023224,0.6183099479880182,,2018,bat,OF
19508,Kyle Lewis,OF,0.20000000298023224,0.6166700166184454,,2018,bat,OF
sa877338,Carlos Sepulveda,2B,0.20000000298023224,0.5803499720059335,,2018,bat,2B
sa738195,Randolph Gassaway,OF,0.20000000298023224,0.6597899621818213,,2018,bat,OF
sa597007,Jecksson Flores,2B/SS,0.20000000298023224,0.5375799604691563,,2018,bat,2B/SS
22275,Jake Burger,1B/3B,0.20000000298023224,0.5640099817886948,TEX,2018,bat,1B/3B
sa203900,Iker Franco,C,0.20000000298023224,0.49800996144767845,,2018,bat,C
sa392874,Angel Villalona,1B,0.20000000298023224,0.7689599895616992,,2018,bat,1B
sa658626,Jared Reaves,SS,0.20000000298023224,0.5284600073238833,,2018,bat,SS
sa658195,Connor Lien,OF,0.20000000298023224,0.719310014741495,,2018,bat,OF
sa602817,Nate Esposito,C,0.20000000298023224,0.4783799599856138,,2018,bat,C
17954,Sam Hilliard,OF,0.20000000298023224,0.8452300086151808,,2018,bat,OF
12090,Yefri Pérez,2B/SS,0.20000000298023224,0.5856600470375268,,2018,bat,2B/SS
3154,Domonic Brown,OF,0.20000000298023224,0.8359600094379857,,2018,bat,OF
sa826663,Anthony Pereira,2B/SS,0.20000000298023224,0.5804899808950723,,2018,bat,2B/SS
sa875799,Ryan McCarvel,C/1B,0.20000000298023224,0.4783599880058318,STL,2018,bat,C/1B
sa915614,Colby Fitch,C,0.20000000298023224,0.4987200274830683,,2018,bat,C
19552,Jaylin Davis,OF,0.20000000298023224,0.6700000144075602,,2018,bat,OF
sa829261,Kyle Martin,1B,0.20000000298023224,0.7950399833731353,,2018,bat,1B
sa829343,Isiah Gilliam,OF,0.20000000298023224,0.6487800039816646,,2018,bat,OF
sa505268,Jose Manuel Orozco,OF,0.20000000298023224,0.6706000268924982,,2018,bat,OF
sa875279,Logan Landon,OF,0.20000000298023224,0.637780023110099,,2018,bat,OF
sa874136,Sam Dexter,2B/SS,0.20000000298023224,0.5431300304597243,CHW,2018,bat,2B/SS
sa657864,Keon Barnum,1B,0.20000000298023224,0.7266800357494503,,2018,bat,1B
sa509268,Carlos Eduardo Gonzalez,SS,0.20000000298023224,0.5270299828145654,,2018,bat,SS
sa736688,J.C. Rodriguez,3B/OF,0.20000000298023224,0.5213300046045332,,2018,bat,3B/OF
sa708213,Robert Pehl,1B/OF,0.20000000298023224,0.6404900474939494,KCR,2018,bat,1B/OF
sa657546,Andres Sotillo,C,0.20000000298023224,0.45563999156001944,,2018,bat,C
19296,Alex Call,OF,0.20000000298023224,0.6176099970238283,LAD,2018,bat,OF
19961,Colton Welker,1B/3B,0.20000000298023224,0.6689699762267991,,2018,bat,1B/3B
sa328104,Jon Del Campo,3B/OF,0.20000000298023224,0.6045100151561201,,2018,bat,3B/OF
sa830224,Zac Shepherd,3B,0.20000000298023224,0.5833899815566836,,2018,bat,3B
sa658576,Jameson Fisher,1B/OF,0.20000000298023224,0.6116000071633606,,2018,bat,1B/OF
sa927338,Fabricio Macias,OF,0.20000000298023224,0.6627800061833112,,2018,bat,OF
sa914203,Eddy Martinez,OF,0.20000000298023224,0.6783500241115689,,2018,bat,OF
18899,Lucius Fox,3B/SS,0.20000000298023224,0.47040002476423975,,2018,bat,3B/SS
sa657311,Emerson Jimenez,SS,0.20000000298023224,0.5203800188843161,,2018,bat,SS
sa392360,Karexon Sanchez,2B,0.20000000298023224,0.5918099684175103,,2018,bat,2B
sa621648,Richy Pedroza,SS,0.20000000298023224,0.49782004042062905,,2018,bat,SS
sa857758,Landon Cray,OF,0.20000000298023224,0.6550300527829677,,2018,bat,OF
sa735861,Rayder Ascanio,SS,0.20000000298023224,0.49802002364303927,,2018,bat,SS
sa291449,Rolando Acosta,3B/SS,0.20000000298023224,0.5889399865409359,,2018,bat,3B/SS
sa739541,Alexander Palma,OF,0.20000000298023224,0.6520599741721524,,2018,bat,OF
sa827348,Brett Pirtle,2B,0.20000000298023224,0.5642100423108785,DET,2018,bat,2B
sa829481,Tyler Hill,OF,0.20000000298023224,0.6896099874749779,,2018,bat,OF
sa658264,Nellie Rodriguez,1B,0.20000000298023224,0.7769700307864694,,2018,bat,1B
sa875231,Gabriel Cancel,2B,0.20000000298023224,0.604539957945235,,2018,bat,2B
sa827365,Bradley Strong,2B,0.20000000298023224,0.5845999916316941,,2018,bat,2B
2216,Don Kelly,OF,0.20000000298023224,0.7290499920025467,,2018,bat,OF
sa602663,Joey Pankake,2B,0.20000000298023224,0.5795399716356769,,2018,bat,2B
sa596365,Yojhan Quevedo,C,0.20000000298023224,0.4773399450816213,,2018,bat,C
17216,Monte Harrison,OF,0.20000000298023224,0.636010052356869,,2018,bat,OF
sa658954,David Olmedo-Barrera,OF,0.20000000298023224,0.6170499715488404,,2018,bat,OF
sa455932,Gabriel Noriega,2B/SS,0.20000000298023224,0.5986999689601361,,2018,bat,2B/SS
sa877549,Christian Correa,C,0.20000000298023224,0.6295900017954408,COL,2018,bat,C
sa736686,Eric Mariñez,SS,0.20000000298023224,0.464790000929497,,2018,bat,SS
sa738161,Trae Santos,1B,0.20000000298023224,0.731900039780885,SDP,2018,bat,1B
sa828808,Brian Schales,3B,0.20000000298023224,0.5249200003920124,,2018,bat,3B
sa389665,Dan Rohlfing,C,0.20000000298023224,0.48267001009080557,,2018,bat,C
sa824634,Samar Leyva,SS,0.20000000298023224,0.5210700253490359,,2018,bat,SS
sa3002836,Evan Mendoza,3B/SS,0.20000000298023224,0.5653499837964773,,2018,bat,3B/SS
20022,Kramer Robertson,SS,0.20000000298023224,0.49658000001218167,,2018,bat,SS
sa915727,Jordan Zimmerman,2B/3B,0.20000000298023224,0.5356899681501089,,2018,bat,2B/3B
sa658989,David Lyon,C,0.20000000298023224,0.5437999707181006,,2018,bat,C
sa508488,Luis Mauricio Suarez,OF,0.20000000298023224,0.6647800212260335,,2018,bat,OF
sa875243,Sean Miller,2B/SS,0.20000000298023224,0.5605699771083891,,2018,bat,2B/SS
sa878425,Brandon Villarreal,OF,0.20000000298023224,0.6421699285972864,,2018,bat,OF
sa602586,David Masters,3B/SS,0.20000000298023224,0.5408199528697878,,2018,bat,3B/SS
sa659264,Nick Lovullo,2B,0.20000000298023224,0.5784600258339196,,2018,bat,2B
19250,Trent Giambrone,2B,0.20000000298023224,0.584810016164556,,2018,bat,2B
sa506770,Fidel Pena,2B,0.20000000298023224,0.4990099673625082,,2018,bat,2B
sa602498,Carlos Munoz,1B,0.20000000298023224,0.7068900344660505,,2018,bat,1B
sa658907,Paul Hendrix,3B,0.20000000298023224,0.5621300217229873,,2018,bat,3B
12937,José Osuna,1B/OF,11.761199951171875,50.50232916772366,,2018,bat,1B/OF
sa621657,Chase Jensen,3B/SS,0.20000000298023224,0.5727699647191912,SDP,2018,bat,3B/SS
sa602523,Blaise Salter,1B,0.20000000298023224,0.727799987886101,,2018,bat,1B
sa709000,Michael Fransoso,2B/OF,0.20000000298023224,0.5490599489305168,,2018,bat,2B/OF
sa657209,Sandber Pimentel,1B,0.20000000298023224,0.6904699972597881,,2018,bat,1B
sa918297,Austin Athmann,C,0.20000000298023224,0.4573699996341019,,2018,bat,C
sa829135,Jake Yacinich,SS,0.20000000298023224,0.4835999706760048,,2018,bat,SS
sa602662,Garrett Boulware,C,0.20000000298023224,0.49038997370516874,,2018,bat,C
sa863270,Luis Valdes,SS,0.20000000298023224,0.5149299537297337,DET,2018,bat,SS
sa876020,Bobby Wernes,3B,0.20000000298023224,0.7131199887953699,,2018,bat,3B
sa913305,Logan Ice,C,0.20000000298023224,0.4864799592760391,,2018,bat,C
sa658623,Kyle Johnson,OF,0.20000000298023224,0.5867300350451842,NYM,2018,bat,OF
sa655677,Cesar Rodriguez,OF,0.20000000298023224,0.6377299819141625,,2018,bat,OF
sa595706,Moises Gutierrez,2B,0.20000000298023224,0.567519962415099,,2018,bat,2B
sa738419,Stephen Wrenn,OF,0.20000000298023224,0.6015700011048464,,2018,bat,OF
sa509741,Francisco Cordoba,C,0.20000000298023224,0.47038996369810765,,2018,bat,C
sa502541,Juan Martinez,2B,0.20000000298023224,0.5848000276833772,,2018,bat,2B
19644,Ben DeLuzio,OF,0.20000000298023224,0.7083899724297225,,2018,bat,OF
sa326041,Maxwell Leon,OF,0.20000000298023224,0.5758599824039264,,2018,bat,OF
sa506265,Junior Arias,3B/OF,0.20000000298023224,0.5973800104111433,,2018,bat,3B/OF
sa876093,Thomas Spitz,OF,0.20000000298023224,0.6079399750800804,,2018,bat,OF
sa857721,Jason Goldstein,C,0.20000000298023224,0.411830043955706,OAK,2018,bat,C
sa829366,Shane Zeile,C,0.20000000298023224,0.46599006182514124,,2018,bat,C
sa688550,Jose Luna,2B/OF,0.20000000298023224,0.5729799860157072,,2018,bat,2B/OF
sa393018,Gerson Manzanillo,OF,0.20000000298023224,0.6473100151866675,,2018,bat,OF
sa874209,Corey Bird,OF,0.20000000298023224,0.6018600250594317,,2018,bat,OF
sa918805,Preston Scott,OF,0.20000000298023224,0.7032099970616399,TEX,2018,bat,OF
sa599526,Trent Gilbert,2B,0.20000000298023224,0.5112299364991484,OAK,2018,bat,2B
19455,Andruw Monasterio,2B/3B,0.20000000298023224,0.5099200165364889,BOS,2018,bat,2B/3B
sa735825,David Rodríguez,C,0.20000000298023224,0.3959400288993492,,2018,bat,C
19615,Luis Barrera,OF,0.20000000298023224,0.5944099606480449,,2018,bat,OF
sa602606,Tyler Baker,C,0.20000000298023224,0.39830000090878454,,2018,bat,C
sa873964,Dan Rizzie,C,0.20000000298023224,0.39746005437336857,,2018,bat,C
sa658355,Chuck Moorman,C,0.20000000298023224,0.5221400156733579,,2018,bat,C
sa509641,Erick Rodriguez,C,0.20000000298023224,0.46829003060702223,,2018,bat,C
14646,Rowan Wick,P,0.20000000298023224,0.6495499602053316,SFG,2018,bat,P
sa914242,Omar Estévez,2B/SS,0.20000000298023224,0.5220600566361098,,2018,bat,2B/SS
16939,Lane Thomas,OF,0.20000000298023224,0.5415699671953915,KCR,2018,bat,OF
sa658566,Michael Snyder,1B,0.20000000298023224,0.7737299892585724,,2018,bat,1B
19698,Edward Olivares,OF,0.20000000298023224,0.6397500122897326,TBR,2018,bat,OF
19477,Alex De Goti,2B,0.20000000298023224,0.5036799910478293,,2018,bat,2B
19997,Santiago Espinal,2B/3B,0.20000000298023224,0.5757800036808477,LAD,2018,bat,2B/3B
sa199032,Jesus Alberto Vega,C,0.20000000298023224,0.46870000734925266,,2018,bat,C
sa657920,Stryker Trahan,C/OF,0.20000000298023224,0.47481996850110586,,2018,bat,C/OF
sa875062,Chris Paul,3B,0.20000000298023224,0.7194500204874203,,2018,bat,3B
sa913277,Jack Sundberg,OF,0.20000000298023224,0.6458500033710152,,2018,bat,OF
sa829010,Max George,2B,0.20000000298023224,0.7159700621850787,,2018,bat,2B
sa873699,Cole Billingsley,OF,0.20000000298023224,0.6255600024247542,,2018,bat,OF
sa829425,Chris Hoo,C,0.20000000298023224,0.4010199828539043,,2018,bat,C
sa914755,Omar Meza,2B,0.20000000298023224,0.5381600041640922,,2018,bat,2B
sa509440,Miguel Torres,C,0.20000000298023224,0.46697994871065,,2018,bat,C
sa735849,Junnell Ledezma,2B,0.20000000298023224,0.5430599767947568,,2018,bat,2B
sa599037,Trey Martin,OF,0.20000000298023224,0.6482299838215112,,2018,bat,OF
sa3002753,Ben Breazeale,C,0.20000000298023224,0.4493999957456252,BAL,2018,bat,C
sa736875,Luis Gonzalez,SS,0.20000000298023224,0.5492599980672821,,2018,bat,SS
19566,Nathaniel Lowe,1B,0.20000000298023224,0.6493199519813061,CIN,2018,bat,1B
sa873696,Jarett Rindfleisch,C,0.20000000298023224,0.40334999333135774,,2018,bat,C
sa918901,Casey Scoggins,OF,0.20000000298023224,0.6116999772377312,MIN,2018,bat,OF
sa736483,Daniel Sanchez,C,0.20000000298023224,0.4551800480810924,,2018,bat,C
19422,Brian Serven,C,0.20000000298023224,0.5994000122649593,OAK,2018,bat,C
sa658947,Johnny Sewald,OF,0.20000000298023224,0.6229499649722129,,2018,bat,OF
sa709040,Derek Campbell,2B/3B,0.20000000298023224,0.5625399790238589,,2018,bat,2B/3B
2677,Jordan Pacheco,1B/3B,0.20000000298023224,0.7053500375244764,,2018,bat,1B/3B
19734,Josh Rojas,2B/3B,0.20000000298023224,0.5102700180374085,KCR,2018,bat,2B/3B
sa503812,Jose Sermo,2B/3B,0.20000000298023224,0.58200000989018,,2018,bat,2B/3B
sa829240,Jeremy Rivera,SS,0.20000000298023224,0.5212399463634937,,2018,bat,SS
sa829348,Trenton Kemp,OF,0.20000000298023224,0.6606800589244812,,2018,bat,OF
sa659043,Jose Vizcaino Jr.,1B/3B,0.20000000298023224,0.5180100055178628,,2018,bat,1B/3B
sa737777,K.J. Woods,1B/OF,0.20000000298023224,0.6247499507386237,,2018,bat,1B/OF
sa738486,Chris Madera,OF,0.20000000298023224,0.6434999968390911,,2018,bat,OF
sa508061,Francisco Esparragoza,C,0.20000000298023224,0.44796997839584934,,2018,bat,C
sa738433,Reed Harper,2B/SS,0.20000000298023224,0.5315799817210062,,2018,bat,2B/SS
9665,Cody Decker,1B,0.20000000298023224,0.798029988538474,,2018,bat,1B
sa509465,Oscar Lemus,C,0.20000000298023224,0.4519799930509179,,2018,bat,C
19522,TJ Friedl,OF,0.20000000298023224,0.6594999737106262,CIN,2018,bat,OF
sa508489,Ricardo Serrano,2B/3B,0.20000000298023224,0.557769948313944,,2018,bat,2B/3B
sa526826,Tom Belza,OF,0.20000000298023224,0.7033100152621046,,2018,bat,OF
sa657469,Samuel Hiciano,OF,0.20000000298023224,0.6325299424817786,,2018,bat,OF
sa877497,Arquímedes Gamboa,SS,0.20000000298023224,0.5108700404874981,,2018,bat,SS
21139,Tyler Payne,C,0.20000000298023224,0.45540000770706673,,2018,bat,C
19955,Gavin Lux,2B,0.20000000298023224,0.46434996067546297,TBR,2018,bat,2B
19292,Armando Alvarez,1B/3B,0.20000000298023224,0.5341599731706083,,2018,bat,1B/3B
sa824919,Angel Erro,2B/3B,0.20000000298023224,0.5329499973915518,,2018,bat,2B/3B
sa3001898,Javier Salazar,SS,0.20000000298023224,0.4831999850925058,,2018,bat,SS
19906,Diego Castillo,2B/SS,0.20000000298023224,0.4624700043583288,,2018,bat,2B/SS
19354,Luke Raley,1B/OF,0.20000000298023224,0.6852900527417659,SEA,2018,bat,1B/OF
20263,Mario Feliciano,C,0.20000000298023224,0.46228998701553786,,2018,bat,C
sa509254,Ramon R Ramirez,OF,0.20000000298023224,0.5523799963761121,,2018,bat,OF
sa918292,Shane Billings,OF,0.20000000298023224,0.5961999409832061,,2018,bat,OF
sa657942,Fernando Perez,1B/2B,0.20000000298023224,0.7144999523647129,,2018,bat,1B/2B
sa738553,Lana Akau,C,0.20000000298023224,0.38410999954212455,,2018,bat,C
sa829474,Mike Hill,3B,0.20000000298023224,0.5593999970471485,KCR,2018,bat,3B
sa875305,Jake Henson,C,0.20000000298023224,0.4174900422920472,LAD,2018,bat,C
sa592342,Luis Fonseca,OF,0.20000000298023224,0.6425800324883312,,2018,bat,OF
sa829413,Zac Law,C/OF,0.20000000298023224,0.3960999721894041,,2018,bat,C/OF
sa548166,Drew Vettleson,OF,0.20000000298023224,0.6407399890944361,,2018,bat,OF
sa185739,Oswaldo Morejon,2B,0.20000000298023224,0.5574000373482701,,2018,bat,2B
sa828164,Adrian Valerio,SS,0.20000000298023224,0.5057300227694213,,2018,bat,SS
sa738192,Will Remillard,C,0.20000000298023224,0.4452000196790323,,2018,bat,C
sa502222,Eduardo Dehesa,C,0.20000000298023224,0.4502699781442061,,2018,bat,C
sa658586,Matt Rose,1B/3B,0.20000000298023224,0.706899981002789,,2018,bat,1B/3B
sa597511,Jorge Tillero,C,0.20000000298023224,0.44141999692656086,,2018,bat,C
sa658567,Tate Matheny,OF,0.20000000298023224,0.6543899916578084,,2018,bat,OF
sa738544,Corey Bass,C,0.20000000298023224,0.4401600162964313,,2018,bat,C
sa736621,Johan Cruz,3B/SS,0.20000000298023224,0.4615300070494414,,2018,bat,3B/SS
sa870576,Eduardo Revilla,C,0.20000000298023224,0.4398299763211979,,2018,bat,C
sa829139,Connor Spencer,1B,0.20000000298023224,0.6794300496811045,NYY,2018,bat,1B
sa737827,Champ Stuart,OF,0.20000000298023224,0.5795500088948756,,2018,bat,OF
sa503399,Jeff Gelalich,OF,0.20000000298023224,0.564040023041889,CHW,2018,bat,OF
21009,Leo Rivas,2B/SS,0.20000000298023224,0.4874900318216532,SEA,2018,bat,2B/SS
sa735846,Grenny Cumana,2B/SS/OF,0.20000000298023224,0.5053800425725057,,2018,bat,2B/SS/OF
sa657676,John Mora,OF,0.20000000298023224,0.5575400243978945,,2018,bat,OF
sa3002574,Yuniet Flores,OF,0.20000000298023224,0.6217700110515578,,2018,bat,OF
sa657281,Cristian Toribio,3B/SS,0.20000000298023224,0.4976699862629175,,2018,bat,3B/SS
19717,Darick Hall,1B/DH,0.20000000298023224,0.7644199848291463,,2018,bat,1B/DH
sa549069,Wade Kirkland,2B/SS,0.20000000298023224,0.503800003696233,,2018,bat,2B/SS
sa918728,Jake Ring,OF,0.20000000298023224,0.6300699750194325,BAL,2018,bat,OF
sa739640,Robbie Perkins,C,0.20000000298023224,0.5946699902880935,,2018,bat,C
sa737090,Jean Angomas,OF,0.20000000298023224,0.5797800162807107,,2018,bat,OF
sa546293,Julian Castro,2B/3B,0.20000000298023224,0.548110034666024,,2018,bat,2B/3B
sa599049,Matt Dean,1B/3B,0.20000000298023224,0.7066799888620153,,2018,bat,1B/3B
sa876268,Tanner Stanley,OF,0.20000000298023224,0.606969995680265,,2018,bat,OF
sa657873,Mitch Nay,3B,0.20000000298023224,0.585680006421171,,2018,bat,3B
18353,Daz Cameron,OF,0.20000000298023224,0.626179961161688,MIL,2018,bat,OF
sa598325,Todd Hankins,2B/OF,0.20000000298023224,0.5694600017275662,,2018,bat,2B/OF
17839,Luis Alexander Basabe,OF,0.20000000298023224,0.5771800694521516,,2018,bat,OF
8848,Ali Solis,C,0.20000000298023224,0.4590600392781197,,2018,bat,C
sa548066,David Sopilka,C,0.20000000298023224,0.4936899757012726,,2018,bat,C
sa658608,Rhett Wiseman,OF,0.20000000298023224,0.6534799964167177,,2018,bat,OF
sa737204,Joel Diaz,C/1B,0.20000000298023224,0.581019965885207,,2018,bat,C/1B
sa550014,Taylor Ard,1B,0.20000000298023224,0.68449996963609,,2018,bat,1B
sa918201,Danny Hudzina,3B,0.20000000298023224,0.5275499924202449,,2018,bat,3B
sa547810,Cristian Paulino,2B/OF,0.20000000298023224,0.5547999880975112,,2018,bat,2B/OF
19818,Joshua Palacios,OF,0.20000000298023224,0.5794500017073005,,2018,bat,OF
21707,Oswaldo Cabrera,3B/OF,0.20000000298023224,0.5118900146335363,NYY,2018,bat,3B/OF
sa596241,Arturo Nieto,C,0.20000000298023224,0.40764000033959735,,2018,bat,C
17307,Luis Liberato,DH/OF,0.20000000298023224,0.5682299964129923,,2018,bat,DH/OF
20017,Miles Mastrobuoni,3B,0.20000000298023224,0.4752000161213799,SEA,2018,bat,3B
sa738448,Ridge Smith,C,0.20000000298023224,0.4124199904734268,,2018,bat,C
20047,Brian Miller,OF,0.20000000298023224,0.5721500114537774,,2018,bat,OF
sa738118,Bryan Hudson,OF,0.20000000298023224,0.5860699940705671,,2018,bat,OF
sa918497,Joel Booker,OF,0.20000000298023224,0.5670299500459804,,2018,bat,OF
sa658092,Ricardo Andujar,3B/SS,0.20000000298023224,0.5264799924334512,BAL,2018,bat,3B/SS
sa918418,Jim Haley,1B/3B,0.20000000298023224,0.4863700159592552,,2018,bat,1B/3B
sa875753,James Nelson,3B,0.20000000298023224,0.5057000604225321,HOU,2018,bat,3B
18395,Travis Blankenhorn,DH/OF,0.20000000298023224,0.5292599764186888,,2018,bat,DH/OF
sa872850,Lorenzo Cedrola,OF,0.20000000298023224,0.6439499700209125,,2018,bat,OF
sa187685,Mario Ivan Santana,C,0.20000000298023224,0.45381996240466826,,2018,bat,C
sa868933,Jasson Atondo,2B/3B,0.20000000298023224,0.5231600271072238,,2018,bat,2B/3B
sa857673,Daniel Kihle,OF,0.20000000298023224,0.6083900099620222,,2018,bat,OF
sa658561,Daniel Sweet,OF,0.20000000298023224,0.6291499704821034,,2018,bat,OF
sa918117,Chris DeVito,1B,0.20000000298023224,0.7186300469562412,,2018,bat,1B
19858,Luis Rengifo,2B/3B,0.20000000298023224,0.5100399978226049,MIL,2018,bat,2B/3B
sa829497,James Alfonso,C,0.20000000298023224,0.36950003022793676,SEA,2018,bat,C
sa503822,Anthony Giansanti,OF,0.20000000298023224,0.7004100123187524,,2018,bat,OF
sa602679,Ty Washington,2B,0.20000000298023224,0.5283499815501271,,2018,bat,2B
sa658985,Sherman Lacrus,C/OF,0.20000000298023224,0.4261400572024285,,2018,bat,C/OF
sa827313,Jay Baum,3B,0.20000000298023224,0.6958699984475969,,2018,bat,3B
sa876028,Kyle Nowlin,1B/OF,0.20000000298023224,0.5372999874758534,OAK,2018,bat,1B/OF
sa915700,Michael Gigliotti,OF,0.20000000298023224,0.6113600375130772,,2018,bat,OF
sa918334,Brett Barbier,1B,0.20000000298023224,0.4264700089115649,,2018,bat,1B
sa507157,Ericson Leonora,OF,0.20000000298023224,0.6365199896739796,,2018,bat,OF
sa736921,Isaias Lucena,C,0.20000000298023224,0.45153993710409834,,2018,bat,C
sa501541,K.C. Hobson,1B,0.20000000298023224,0.6820700656156987,,2018,bat,1B
sa829114,Anfernee Seymour,SS/OF,0.20000000298023224,0.5071400229353457,,2018,bat,SS/OF
20287,Ben Rortvedt,C,0.20000000298023224,0.41217993986792856,NYM,2018,bat,C
sa876071,Brian Bien,2B/SS,0.20000000298023224,0.5240099690156057,,2018,bat,2B/SS
sa876079,Aaron Mizell,2B/OF,0.20000000298023224,0.6983900405466557,HOU,2018,bat,2B/OF
sa828860,Jose Vicente,C/1B,0.20000000298023224,0.46138995937071736,,2018,bat,C/1B
sa592345,Alejandro Rivero,SS,0.20000000298023224,0.46011995489243424,,2018,bat,SS
sa917352,Aramis Ademan,SS,0.20000000298023224,0.4939499845262616,,2018,bat,SS
sa508654,Ivan Bellazetin,2B/SS,0.20000000298023224,0.5280199556844308,,2018,bat,2B/SS
sa657521,Angelo Castellano,3B/SS,0.20000000298023224,0.5187900476157663,,2018,bat,3B/SS
sa658299,Landon Lassiter,OF,0.20000000298023224,0.5851199732394887,,2018,bat,OF
sa509126,David Urias,3B/SS,0.20000000298023224,0.53975002404768,,2018,bat,3B/SS
sa200434,Brett Harper,1B,0.20000000298023224,0.7285100432811304,,2018,bat,1B
sa502948,Arby Fields,OF,0.20000000298023224,0.5772199974628165,,2018,bat,OF
sa199023,Sergio Contreras,1B/OF,0.20000000298023224,0.6882900022203101,,2018,bat,1B/OF
sa858812,Arden Pabst,C,0.20000000298023224,0.41183006512001147,,2018,bat,C
sa549487,D.K. Carey,OF,0.20000000298023224,0.6073300447314978,,2018,bat,OF
sa599310,John Polonius,2B/SS,0.20000000298023224,0.4414599676150829,,2018,bat,2B/SS
sa917934,Joe Rizzo,3B,0.20000000298023224,0.4611400136607698,,2018,bat,3B
sa857715,Josh Vidales,2B,0.20000000298023224,0.5101599843008442,,2018,bat,2B
sa508617,Christian Zazueta,3B/OF,0.20000000298023224,0.5647000513505189,,2018,bat,3B/OF
sa694185,B.J. López,C,0.20000000298023224,0.3752300002146511,,2018,bat,C
sa657323,Angel Aguilar,3B/SS,0.20000000298023224,0.467289964435622,,2018,bat,3B/SS
sa827969,Kelvin Beltre,2B/3B,0.20000000298023224,0.4874499309342354,SFG,2018,bat,2B/3B
sa875081,Roman Collins,OF,0.20000000298023224,0.5965299901086836,KCR,2018,bat,OF
sa830284,Ruddy Giron,SS,0.20000000298023224,0.45677995604928573,,2018,bat,SS
sa737904,Heath Quinn,OF,0.20000000298023224,0.5678599935024975,,2018,bat,OF
sa597039,Luis Ortega,3B,0.20000000298023224,0.42147998395375896,,2018,bat,3B
sa509127,Santiago Gonzalez,OF,0.20000000298023224,0.6142599837854504,,2018,bat,OF
sa737245,Edwin Lora,SS,0.20000000298023224,0.5020000181160867,,2018,bat,SS
sa509640,Alejandro Gonzalez,OF,0.20000000298023224,0.6020599981769917,,2018,bat,OF
sa579296,Joe Sever,1B/3B,0.20000000298023224,0.7018299613613636,,2018,bat,1B/3B
sa658571,Vince Jackson,OF,0.20000000298023224,0.5783799865283071,STL,2018,bat,OF
sa975161,Yanio Perez,1B/OF,0.20000000298023224,0.7599400588311256,,2018,bat,1B/OF
sa739471,Manuel Guzman,2B/SS,0.20000000298023224,0.47319995290599765,,2018,bat,2B/SS
sa872466,Kevin Vicuña,SS,0.20000000298023224,0.4458600155543534,,2018,bat,SS
sa3002581,Junior Arrojo,2B/SS,0.20000000298023224,0.4796100419713183,MIA,2018,bat,2B/SS
sa602531,Boo Vazquez,OF,0.20000000298023224,0.5618799856398253,,2018,bat,OF
sa740813,Rodrigo Orozco,OF,0.20000000298023224,0.5603800027165562,,2018,bat,OF
9767,James Jones,OF,0.20000000298023224,0.7373899897560476,,2018,bat,OF
sa602402,Michael Suiter,OF,0.20000000298023224,0.5561200061580165,CHW,2018,bat,OF
sa596234,David Gonzalez,2B/SS,0.20000000298023224,0.45503003476187587,,2018,bat,2B/SS
sa737214,Carlos Martínez,C,0.20000000298023224,0.43501997429411865,,2018,bat,C
sa509274,Jose Bernardo Lopez,OF,0.20000000298023224,0.5854600416962058,,2018,bat,OF
sa328059,Robi Estrada,2B/SS,0.20000000298023224,0.4737400079844519,,2018,bat,2B/SS
19966,Bobby Dalbec,1B,0.20000000298023224,0.564909986197017,,2018,bat,1B
sa659205,Wuilmer Becerra,OF,0.20000000298023224,0.5443699903553352,,2018,bat,OF
sa185680,Raul Sanchez,OF,0.20000000298023224,0.6240099967457353,,2018,bat,OF
sa922180,Alfredo Rodriguez,SS,0.20000000298023224,0.49283995236037287,,2018,bat,SS
sa728814,Gilberto Carrera,2B,0.20000000298023224,0.5052899689180775,,2018,bat,2B
sa858053,Angelo Amendolare,2B,0.20000000298023224,0.4979100291617213,,2018,bat,2B
sa508233,Hector Paez,C,0.20000000298023224,0.45401998122688386,,2018,bat,C
sa211114,Flavio Romero,SS/OF,0.20000000298023224,0.5130099746165797,,2018,bat,SS/OF
sa828679,Braxton Davidson,OF,0.20000000298023224,0.6039399986388161,,2018,bat,OF
sa876314,Josh Delph,OF,0.20000000298023224,0.5370700212428345,LAA,2018,bat,OF
sa857747,Nick Collins,C,0.20000000298023224,0.4183199509978294,,2018,bat,C
sa728813,Leo German,OF,0.20000000298023224,0.5946699774824081,,2018,bat,OF
sa857813,Kyri Washington,OF,0.20000000298023224,0.637610012711957,BOS,2018,bat,OF
sa869551,Grant DeBruin,1B,0.20000000298023224,0.7005799819016827,WSN,2018,bat,1B
sa828870,Eudor Garcia,3B,0.20000000298023224,0.48491000228095804,,2018,bat,3B
6335,Omar Quintanilla,2B/SS,0.20000000298023224,0.5681399955879898,COL,2018,bat,2B/SS
sa722315,Victor Mendoza,1B/OF,0.20000000298023224,0.6932899730745703,,2018,bat,1B/OF
sa658021,J.J. Fernandez,C/1B/OF,0.20000000298023224,0.4201799649978056,,2018,bat,C/1B/OF
sa504939,Junior Sosa,OF,0.20000000298023224,0.5668300151126459,,2018,bat,OF
19983,Conner Capel,OF,0.20000000298023224,0.638769980892539,COL,2018,bat,OF
sa913370,Dallas Carroll,3B,0.20000000298023224,0.5519499574787913,,2018,bat,3B
sa659068,Gio Brusa,1B/OF,0.20000000298023224,0.5665500009199603,,2018,bat,1B/OF
sa550218,Zach Kapstein,OF,0.20000000298023224,0.5502400692785158,CHW,2018,bat,OF
sa827177,Casey Gillaspie,1B,1.6200000047683716,6.307160065695642,,2018,bat,1B
sa828696,Ti'Quan Forbes,3B,0.20000000298023224,0.482279977062717,,2018,bat,3B
sa829636,Jared Deacon,C,0.20000000298023224,0.36524999062530683,SFG,2018,bat,C
sa549398,Omar Renteria,C,0.20000000298023224,0.40526998781133433,,2018,bat,C
sa455452,Jose Vargas,1B/3B,0.20000000298023224,0.7293099362868817,,2018,bat,1B/3B
sa735842,Gregori Rivero,C,0.20000000298023224,0.4402199969626963,PHI,2018,bat,C
sa602687,Matt Snyder,1B,0.20000000298023224,0.6751700186636298,,2018,bat,1B
sa875312,Andrew Brodbeck,2B,0.20000000298023224,0.5115199794061481,,2018,bat,2B
sa509253,Ivan Araujo,OF,0.20000000298023224,0.5961200040765106,,2018,bat,OF
sa829754,George Iskenderian,2B/3B,0.20000000298023224,0.5170799625106154,,2018,bat,2B/3B
sa829199,Roberto Ramos,1B,0.20000000298023224,0.6286700408672914,,2018,bat,1B
sa657874,Steve Bean,C,0.20000000298023224,0.39449999583885065,,2018,bat,C
sa657232,Omar Obregon,2B/SS,0.20000000298023224,0.5329500521998852,,2018,bat,2B/SS
sa657141,Ayendy Perez,OF,0.20000000298023224,0.5426300097256898,LAA,2018,bat,OF
sa875678,Ricky Eusebio,OF,0.20000000298023224,0.590329999756068,,2018,bat,OF
18551,Ali Sánchez,C,0.20000000298023224,0.36038997686700885,NYY,2018,bat,C
sa208112,Christian Quintero,OF,0.20000000298023224,0.6089500572532416,,2018,bat,OF
sa736932,Manny Sanchez,OF,0.20000000298023224,0.6048400020459664,,2018,bat,OF
sa737926,Justin Seager,1B,0.20000000298023224,0.6718100320780648,,2018,bat,1B
sa829296,Mason Davis,2B,0.20000000298023224,0.4790000034030526,,2018,bat,2B
sa509435,Kevin Flores,SS,0.20000000298023224,0.45206005806103355,,2018,bat,SS
sa828321,Telmito Agustin,OF,0.20000000298023224,0.6348900167271494,,2018,bat,OF
sa203954,Heber Gomez,SS,0.20000000298023224,0.471159989037551,,2018,bat,SS
sa506229,Heiker Meneses,2B/SS,0.20000000298023224,0.52016997882165,,2018,bat,2B/SS
sa657912,D.J. Davis,OF,0.20000000298023224,0.5647100348491222,,2018,bat,OF
sa876029,A.J. Kennedy,C,0.20000000298023224,0.4029700249433517,,2018,bat,C
sa829268,Drew Lugbauer,1B,0.20000000298023224,0.4565200543263926,,2018,bat,1B
sa653586,Marco Chicuate,C,0.20000000298023224,0.3987299553351476,,2018,bat,C
sa544823,Genaro Andrade,C,0.20000000298023224,0.4098200423875823,,2018,bat,C
19960,Taylor Trammell,OF,0.20000000298023224,0.627670019166544,HOU,2018,bat,OF
sa509125,Hector Hernandez,SS,0.20000000298023224,0.458059949427843,,2018,bat,SS
sa828715,Carlos Vidal,OF,0.20000000298023224,0.5565599814988673,,2018,bat,OF
sa826652,Wladimir Galindo,3B,0.20000000298023224,0.531279971729964,,2018,bat,3B
19802,Jhonny Pereda,C,0.20000000298023224,0.4015399529365823,SEA,2018,bat,C
sa577740,Cameron Kneeland,OF,0.20000000298023224,0.6673500086879357,BAL,2018,bat,OF
sa875408,Jonathan McCray,2B/OF,0.20000000298023224,0.5186299891676752,KCR,2018,bat,2B/OF
sa829534,Jodd Carter,OF,0.20000000298023224,0.608960005431436,,2018,bat,OF
sa918042,Ryan Scott,OF,0.20000000298023224,0.612830022489652,,2018,bat,OF
sa830208,Yeltsin Gudino,2B/SS,0.20000000298023224,0.41602998380549244,TOR,2018,bat,2B/SS
sa509257,Daniel Nunez,OF,0.20000000298023224,0.5666500059422105,,2018,bat,OF
sa508258,Luis Porchas,2B/SS,0.20000000298023224,0.48866003793664275,,2018,bat,2B/SS
20536,Vidal Bruján,2B/OF,0.20000000298023224,0.4521399748977272,NYM,2018,bat,2B/OF
sa736747,Wilfri De La Cruz,C,0.20000000298023224,0.3898099827114492,SDP,2018,bat,C
sa596998,Cleuluis Rondon,SS,0.20000000298023224,0.471770017640665,,2018,bat,SS
sa658848,Jose Queliz,C,0.20000000298023224,0.46971994515042753,,2018,bat,C
19599,Chas McCormick,OF,0.20000000298023224,0.5364199934061616,CHC,2018,bat,OF
17910,Marcus Wilson,OF,0.20000000298023224,0.6340799977071583,,2018,bat,OF
sa509454,Carlos Orrantia,2B/SS,0.20000000298023224,0.5144200090551748,,2018,bat,2B/SS
sa597061,Edwin Moreno,OF,0.20000000298023224,0.586640063021332,SDP,2018,bat,OF
sa876094,Nick Dean,SS,0.20000000298023224,0.4363200223306193,,2018,bat,SS
sa509120,Rufino Candelario,SS,0.20000000298023224,0.4472000532783566,,2018,bat,SS
sa918180,Clark Eagan,OF,0.20000000298023224,0.5719399549765513,PIT,2018,bat,OF
19952,Khalil Lee,OF,0.20000000298023224,0.5832000109367071,,2018,bat,OF
sa732908,Dan Fiorito,1B/3B,0.20000000298023224,0.6358999963849781,NYY,2018,bat,1B/3B
sa549697,Jose Fernandez,2B/SS,0.20000000298023224,0.4324899800121783,,2018,bat,2B/SS
sa829387,Cristian Santana,3B,0.20000000298023224,0.4909299912163987,,2018,bat,3B
sa918365,Chris Baker,2B/SS,0.20000000298023224,0.4305700471159071,,2018,bat,2B/SS
sa857538,Roberto Baldoquin,SS,0.20000000298023224,0.4026500046718865,,2018,bat,SS
sa875979,Brooks Marlow,2B,0.20000000298023224,0.6540099732112138,HOU,2018,bat,2B
sa829119,Emmanuel Marrero,SS,0.20000000298023224,0.4597500519361346,,2018,bat,SS
sa875804,James Vasquez,1B,0.20000000298023224,0.7044399982667527,CIN,2018,bat,1B
sa736824,Ray-Patrick Didder,SS/OF,0.20000000298023224,0.5968300353735685,,2018,bat,SS/OF
19260,Jake Fraley,OF,0.20000000298023224,0.5354099820833652,TBR,2018,bat,OF
sa508257,Jorge Guzman,OF,0.20000000298023224,0.5899500157451257,,2018,bat,OF
sa659188,Logan Wade,2B/OF,0.20000000298023224,0.5048900656867772,,2018,bat,2B/OF
19842,Caleb Hamilton,C/1B,0.20000000298023224,0.48148999973200257,,2018,bat,C/1B
sa857704,Travis Maezes,3B,0.20000000298023224,0.5023899797582999,,2018,bat,3B
sa293568,Jonel Pacheco,OF,0.20000000298023224,0.6017299839993938,,2018,bat,OF
sa658012,Bralin Jackson,OF,0.20000000298023224,0.572810021485202,,2018,bat,OF
sa918667,Michael Bernal,2B/3B,0.20000000298023224,0.4527599909109994,SFG,2018,bat,2B/3B
sa547780,Robelys Reyes,2B/SS,0.20000000298023224,0.48803000526968376,,2018,bat,2B/SS
sa875568,LeDarious Clark,OF,0.20000000298023224,0.6615000088466331,,2018,bat,OF
sa737858,Omar Garcia,OF,0.20000000298023224,0.5600900109158828,,2018,bat,OF
sa740444,Jairo Beras,OF,0.20000000298023224,0.661580008547753,,2018,bat,OF
sa509655,Roberto Valencia,OF,0.20000000298023224,0.57368001579307,,2018,bat,OF
sa595969,Carlos Garzon,C,0.20000000298023224,0.390999988047406,,2018,bat,C
sa655915,Jose Zambrano,2B/3B,0.20000000298023224,0.48921997935976824,DET,2018,bat,2B/3B
sa875724,Drew Turbin,2B,0.20000000298023224,0.48276002570055426,BAL,2018,bat,2B
sa829617,Louis Silverio,OF,0.20000000298023224,0.5377500025322658,CHW,2018,bat,OF
sa658144,Alexis Rivera,OF,0.20000000298023224,0.5411099778488279,LAA,2018,bat,OF
sa657393,Jose Garcia,C,0.20000000298023224,0.3373199650086462,,2018,bat,C
19910,Sandro Fabian,OF,0.20000000298023224,0.5493099936982616,,2018,bat,OF
sa549579,Trace Tam Sing,2B/SS,0.20000000298023224,0.44544996256008745,,2018,bat,2B/SS
sa508491,Eliezer Ortiz,OF,0.20000000298023224,0.5747999606188386,,2018,bat,OF
sa550381,Dexter Kjerstad,OF,0.20000000298023224,0.5802300591487437,,2018,bat,OF
sa829222,Manny Olloque,1B/3B,0.20000000298023224,0.4950699894921853,,2018,bat,1B/3B
sa736919,Franklin Guzman,OF,0.20000000298023224,0.5884799757041037,,2018,bat,OF
20332,Luis González,OF,0.20000000298023224,0.5164400342619047,,2018,bat,OF
sa829073,Jace Conrad,2B/3B/OF,0.20000000298023224,0.5063599912915379,,2018,bat,2B/3B/OF
sa875782,Scott Burcham,2B/3B/SS,0.20000000298023224,0.6459900305839256,,2018,bat,2B/3B/SS
sa876182,Will Albertson,C,0.20000000298023224,0.3490000449586659,,2018,bat,C
18587,Brendon Davis,3B/OF,0.20000000298023224,0.5016099808737635,,2018,bat,3B/OF
sa829044,Trace Loehr,2B,0.20000000298023224,0.4453699880279601,,2018,bat,2B
sa828118,Jeyson Sanchez,1B/3B,0.20000000298023224,0.34846002421108996,,2018,bat,1B/3B
sa738646,Brandon Brosher,C,0.20000000298023224,0.3584200312616303,,2018,bat,C
sa874793,Lucas Herbert,C,0.20000000298023224,0.4216999522526748,,2018,bat,C
sa873181,Raúl Hernández,C,0.20000000298023224,0.3848399345530197,,2018,bat,C
sa736746,Carlos Belen,P/3B,0.20000000298023224,0.493910045782104,,2018,bat,P/3B
sa737536,Josh Hart,OF,0.20000000298023224,0.5693799960194155,,2018,bat,OF
sa3002728,Brandon Sandoval,OF,0.20000000298023224,0.5266400245716794,,2018,bat,OF
sa918028,Henri Lartigue,C,0.20000000298023224,0.4206699842587113,,2018,bat,C
sa599300,Justin Atkinson,1B/3B,0.20000000298023224,0.3673600265523418,TOR,2018,bat,1B/3B
20926,Dérmis Garcia,1B,0.20000000298023224,0.49643998355604707,,2018,bat,1B
sa876130,Brian Olson,C,0.20000000298023224,0.3719399955356493,,2018,bat,C
sa737640,Thomas Milone,OF,0.20000000298023224,0.5003800122067331,,2018,bat,OF
sa918370,Jacob Zanon,OF,0.20000000298023224,0.5223199669038876,,2018,bat,OF
sa875259,Luke Wakamatsu,SS,0.20000000298023224,0.4652300179470329,,2018,bat,SS
sa918456,Luis Pintor,SS,0.20000000298023224,0.4364700418431311,,2018,bat,SS
sa507254,Adan Velazquez,2B,0.20000000298023224,0.48500997056253237,,2018,bat,2B
sa738492,Steven Sensley,1B/OF,0.20000000298023224,0.5660000165808015,,2018,bat,1B/OF
sa738494,Angel Moreno,OF,0.20000000298023224,0.5365900189150125,STL,2018,bat,OF
sa918622,Brandon Montgomery,2B/3B,0.20000000298023224,0.45232002651318903,,2018,bat,2B/3B
sa658792,Rashad Brown,OF,0.20000000298023224,0.5534399533877149,,2018,bat,OF
sa736964,Jose Sanchez,OF,0.20000000298023224,0.553740067826584,KCR,2018,bat,OF
sa875274,Steven Pallares,OF,0.20000000298023224,0.48979997786227614,,2018,bat,OF
sa598172,Shawon Dunston Jr.,OF,0.20000000298023224,0.562060004007071,,2018,bat,OF
sa735884,Ariel Serrano,OF,0.20000000298023224,0.5600800185929983,,2018,bat,OF
19170,Corey Ray,OF,0.20000000298023224,0.5979599841404706,,2018,bat,OF
sa736904,Yoel Gonzalez,C,0.20000000298023224,0.3870199931086971,PIT,2018,bat,C
sa602548,Garrett Mattlage,SS,0.20000000298023224,0.4283099849475547,,2018,bat,SS
sa875605,Jason Morozowski,OF,0.20000000298023224,0.6144300196319818,,2018,bat,OF
sa959924,Dalton Wheat,OF,0.20000000298023224,0.5240200146567077,MIA,2018,bat,OF
sa738643,David Harris,OF,0.20000000298023224,0.495040007866919,,2018,bat,OF
sa828692,Michael Gettys,OF,0.20000000298023224,0.5595499410293995,BOS,2018,bat,OF
20275,Jonathan Araúz,2B/3B/SS,0.20000000298023224,0.4229400104377418,,2018,bat,2B/3B/SS
sa824822,Francisco Ferreiro,OF,0.20000000298023224,0.5589899695478379,,2018,bat,OF
sa655913,Franklin Navarro,C,0.20000000298023224,0.3422399918083101,LAA,2018,bat,C
sa3004804,Brett Netzer,2B,0.20000000298023224,0.5082100480794906,,2018,bat,2B
sa547724,Angel Chavarin,C,0.20000000298023224,0.37287003863602863,,2018,bat,C
19577,Nick Heath,OF,0.20000000298023224,0.566169989411719,,2018,bat,OF
sa875321,Tanner Lubach,C,0.20000000298023224,0.34600999595131715,LAA,2018,bat,C
sa919821,Nick Thurman,C,0.20000000298023224,0.32328997944714494,,2018,bat,C
sa829364,Jared Walker,1B/3B,0.20000000298023224,0.4817100146319716,,2018,bat,1B/3B
sa828322,Anderson Franco,3B,0.20000000298023224,0.5246700162533668,,2018,bat,3B
sa657537,Deiferson Barreto,2B/3B,0.20000000298023224,0.4679600478382781,,2018,bat,2B/3B
sa657827,Daniel Bravo,2B/SS,0.20000000298023224,0.4185300173005088,SDP,2018,bat,2B/SS
sa546549,Trever Adams,1B,0.20000000298023224,0.6628099869936704,,2018,bat,1B
sa869754,Yousamot Cota,1B,0.20000000298023224,0.6496099941898137,,2018,bat,1B
sa875695,Ian Sagdal,1B/3B,0.20000000298023224,0.6782800044165925,,2018,bat,1B/3B
sa547994,Cesar Galvez,2B,0.20000000298023224,0.4692099920241162,,2018,bat,2B
19813,Charles Leblanc,2B/3B,0.20000000298023224,0.5465300593990832,,2018,bat,2B/3B
sa831851,Austin Anderson,3B,0.20000000298023224,0.49211003587115537,BAL,2018,bat,3B
sa658082,Ricardo Valencia,C,0.20000000298023224,0.44160999070154494,,2018,bat,C
sa873629,Saige Jenco,OF,0.20000000298023224,0.517290059523657,,2018,bat,OF
sa918442,Stefan Trosclair,1B,0.20000000298023224,0.6272200182778761,STL,2018,bat,1B
17040,Jose Herrera,C,0.20000000298023224,0.4328600452747196,TEX,2018,bat,C
sa737832,Colin Bray,OF,0.20000000298023224,0.6184200233314185,ARI,2018,bat,OF
sa827166,Jake Fincher,OF,0.20000000298023224,0.5649900012649596,,2018,bat,OF
sa598118,Jon Matthews,OF,0.20000000298023224,0.5693299825536086,,2018,bat,OF
sa396251,Robert Vasquez,2B/3B,0.20000000298023224,0.4812899721320717,,2018,bat,2B/3B
sa873599,Stevie Berman,C,0.20000000298023224,0.33383005685172973,,2018,bat,C
sa875314,Josh Altmann,OF,0.20000000298023224,0.7130300438962878,,2018,bat,OF
19918,Daulton Varsho,OF,0.20000000298023224,0.4453699402278289,TOR,2018,bat,OF
sa827186,Josh Anderson,3B,0.20000000298023224,0.48247004002332683,,2018,bat,3B
19245,Chris Okey,C,0.20000000298023224,0.4143999765394255,,2018,bat,C
sa830306,Jesus Lopez,2B/3B,0.20000000298023224,0.4236999555723741,,2018,bat,2B/3B
sa547125,Carlos Penuelas,OF,0.20000000298023224,0.5450099557172507,,2018,bat,OF
sa876376,Orlando Olivera,OF,0.20000000298023224,0.620060010557063,STL,2018,bat,OF
sa829295,Bobby Ison,OF,0.20000000298023224,0.5705199694726615,CLE,2018,bat,OF
sa918584,Branden Boggetto,2B,0.20000000298023224,0.501780030981172,,2018,bat,2B
sa828176,Gersel Pitre,C,0.20000000298023224,0.3403500742511823,,2018,bat,C
sa550288,Ben Verlander,OF,0.20000000298023224,0.5403799958061427,,2018,bat,OF
sa596240,Rafael Fernandez,2B/SS,0.20000000298023224,0.4556400094414129,,2018,bat,2B/SS
sa872817,Yorman Rodriguez,C/1B,0.20000000298023224,0.35271001344081,,2018,bat,C/1B
sa857732,Marcus Mastrobuoni,C,0.20000000298023224,0.3843399453675374,,2018,bat,C
20003,Keston Hiura,1B/2B,0.20000000298023224,0.493759995093569,LAD,2018,bat,1B/2B
sa549644,Robbie Garvey,OF,0.20000000298023224,0.543140037055127,,2018,bat,OF
sa828126,Ricardo Ferreira,2B/OF,0.20000000298023224,0.4483699616510421,,2018,bat,2B/OF
sa508189,Leonardo Rodriguez,C,0.20000000298023224,0.3815699914935976,,2018,bat,C
sa738179,Rene Melendez,C,0.20000000298023224,0.3706899881828576,,2018,bat,C
19938,Aaron Whitefield,OF,0.20000000298023224,0.5607499709585679,,2018,bat,OF
sa736864,Joshua Lopez,C,0.20000000298023224,0.3483899681596085,,2018,bat,C
sa597094,J.C. Rodriguez,2B/SS,0.20000000298023224,0.47227997034788116,,2018,bat,2B/SS
sa503731,Juan Avila,3B,0.20000000298023224,0.47720998348668214,,2018,bat,3B
sa738883,Willie Abreu,OF,0.20000000298023224,0.7288000088185072,,2018,bat,OF
sa708444,Galli Cribbs Jr.,SS,0.20000000298023224,0.47080002529546616,,2018,bat,SS
sa550147,J.J. Franco,2B,0.20000000298023224,0.40222997375531117,,2018,bat,2B
19953,Josh Lowe,OF,0.20000000298023224,0.4269299570703878,LAA,2018,bat,OF
17473,Narciso Crook,OF,0.20000000298023224,0.5991700272075831,,2018,bat,OF
sa508062,Eder Salcedo,OF,0.20000000298023224,0.5617000067373737,,2018,bat,OF
19921,Blake Perkins,OF,0.20000000298023224,0.564510038914159,MIL,2018,bat,OF
sa597100,Bryan Mejia,2B,0.20000000298023224,0.5141199968755246,,2018,bat,2B
sa828129,Cesar Diaz,OF,0.20000000298023224,0.5161400120705365,,2018,bat,OF
sa738977,Mark Karaviotis,1B/OF,0.20000000298023224,0.6829599633812904,,2018,bat,1B/OF
sa203950,Abel Martinez,3B,0.20000000298023224,0.6558500030543652,,2018,bat,3B
sa878424,Ryan Sebra,2B/3B/OF,0.20000000298023224,0.4214500499190763,LAA,2018,bat,2B/3B/OF
sa828299,Osvaldo Duarte,2B/SS,0.20000000298023224,0.3775799888651816,,2018,bat,2B/SS
sa294215,Chris Valencia,OF,0.20000000298023224,0.565529995644465,,2018,bat,OF
sa597192,Rehiner Cordova,SS,0.20000000298023224,0.45280001726932817,,2018,bat,SS
sa507241,Hans Wilson,C,0.20000000298023224,0.3611499806400388,,2018,bat,C
sa875590,Chris Iriart,1B,0.20000000298023224,0.5981900353217497,,2018,bat,1B
sa737783,Matt McPhearson,OF,0.20000000298023224,0.5962499937042592,,2018,bat,OF
sa205255,Jesus Rivera,1B/3B,0.20000000298023224,0.6503000071388668,,2018,bat,1B/3B
sa657408,Daniel Fajardo,C,0.20000000298023224,0.36572003449546175,,2018,bat,C
sa908626,Anibal Sierra,SS,0.20000000298023224,0.36702998061664394,HOU,2018,bat,SS
19957,Blake Rutherford,OF,0.20000000298023224,0.49090998519677653,,2018,bat,OF
sa602702,Travious Relaford,2B/SS,0.20000000298023224,0.41469000710640097,SFG,2018,bat,2B/SS
sa876050,Keach Ballard,SS,0.20000000298023224,0.6093599993968383,HOU,2018,bat,SS
sa875980,Brad Hartong,OF,0.20000000298023224,0.5384799554478376,,2018,bat,OF
sa541852,Carlos Ibarra,OF,0.20000000298023224,0.5590400307904929,,2018,bat,OF
sa501993,John Wooten,1B/OF,0.20000000298023224,0.6719799750717355,WSN,2018,bat,1B/OF
sa829847,T.J. Olesczuk,OF,0.20000000298023224,0.5414199936902151,BAL,2018,bat,OF
sa826649,Luis Ayala,OF,0.20000000298023224,0.5438400148414075,,2018,bat,OF
sa879555,Leonardo Laffita,SS,0.20000000298023224,0.40786003007087845,DET,2018,bat,SS
sa737017,Ibandel Isabel,1B,0.20000000298023224,0.6243099823710508,,2018,bat,1B
19212,Taylor Kohlwey,OF,0.20000000298023224,0.5122600284405053,,2018,bat,OF
sa875016,Jalen Miller,2B,0.20000000298023224,0.42851999104022986,,2018,bat,2B
21386,Michael Papierski,C,0.20000000298023224,0.314920053561218,,2018,bat,C
sa827077,Elys Escobar,C,0.20000000298023224,0.350639970274642,PIT,2018,bat,C
sa505255,Sergio Garcia,OF,0.20000000298023224,0.5553899946622549,,2018,bat,OF
sa827960,Luis Carpio,2B/SS,0.20000000298023224,0.40221004444174463,,2018,bat,2B/SS
sa877350,Cody Daily,1B/3B,0.20000000298023224,0.5784300342900678,CHW,2018,bat,1B/3B
sa738447,Ryan Scott,C,0.20000000298023224,0.30086003649048504,,2018,bat,C
22232,Mason McCoy,SS,0.20000000298023224,0.39821999212726955,SDP,2018,bat,SS
20529,Nolan Jones,OF,0.20000000298023224,0.48966999212279905,CLE,2018,bat,OF
18365,Lewin Díaz,1B,0.20000000298023224,0.6278200569562612,,2018,bat,1B
sa918508,Raymond Henderson,C/2B,0.20000000298023224,0.3065500273136421,HOU,2018,bat,C/2B
sa915617,Ryan Gridley,2B,0.20000000298023224,0.39843999089207494,,2018,bat,2B
18900,Leody Taveras,OF,0.20000000298023224,0.6011100012809036,BAL,2018,bat,OF
sa738305,Justin Higley,OF,0.20000000298023224,0.5434699844103306,,2018,bat,OF
sa737623,Tucker Neuhaus,2B/3B,0.20000000298023224,0.4968100328929721,,2018,bat,2B/3B
sa918613,DJ Jenkins,OF,0.20000000298023224,0.4921100497711448,,2018,bat,OF
sa829344,Joseph Daris,OF,0.20000000298023224,0.5280300174606963,,2018,bat,OF
sa830476,Oscar Sanay,2B,0.20000000298023224,0.4483599490020423,,2018,bat,2B
sa592344,Eduardo Santos,C,0.20000000298023224,0.35004998142831023,,2018,bat,C
sa657241,Carlos Castro,1B,0.20000000298023224,0.6871100089978425,,2018,bat,1B
sa915642,Matt Fiedler,OF,0.20000000298023224,0.5107399992644787,,2018,bat,OF
sa738198,Jeff Roy,OF,0.20000000298023224,0.5132599657867104,PIT,2018,bat,OF
sa857722,Luke Lowery,C/1B,0.20000000298023224,0.3565199928591027,,2018,bat,C/1B
sa658167,Matt Gonzalez,2B/OF,0.20000000298023224,0.4842499907361343,ATL,2018,bat,2B/OF
sa658633,Anthony Caronia,2B,0.20000000298023224,0.4507200411520897,BAL,2018,bat,2B
sa874792,Desmond Lindsay,OF,0.20000000298023224,0.4851699580671265,,2018,bat,OF
sa875641,Blake Butler,2B,0.20000000298023224,0.4542900251690298,,2018,bat,2B
sa870915,Manuel Cruz,C,0.20000000298023224,0.367939973808825,,2018,bat,C
sa736924,Luis Alejandro Basabe,2B,0.20000000298023224,0.509669991256669,,2018,bat,2B
sa830303,Micker Adolfo,OF,0.20000000298023224,0.5034999849507584,,2018,bat,OF
sa829857,Bryson Brigman,2B/SS,0.20000000298023224,0.39145999369211487,,2018,bat,2B/SS
sa828381,Dennis Ortega,C,0.20000000298023224,0.3174000164028256,,2018,bat,C
sa918518,Mick Fennell,OF,0.20000000298023224,0.4995999495266004,STL,2018,bat,OF
sa872515,Yeiler Peguero,2B/SS,0.20000000298023224,0.45525002381764346,,2018,bat,2B/SS
sa876218,Jordan Serena,3B/OF,0.20000000298023224,0.4072600273415446,,2018,bat,3B/OF
sa657706,Santiago Chávez,C,0.20000000298023224,0.2964800011832266,,2018,bat,C
sa736954,Luis Castro,1B,0.20000000298023224,0.6116399710765109,,2018,bat,1B
sa599290,Max Kuhn,1B/OF,0.20000000298023224,0.5702700311318041,OAK,2018,bat,1B/OF
sa876277,Sam McDonnell,OF,0.20000000298023224,0.4792700028512627,,2018,bat,OF
20126,Dylan Carlson,OF,0.20000000298023224,0.49607996612321575,CHC,2018,bat,OF
sa3005235,Jimmy Kerrigan,OF,0.20000000298023224,0.5410899677779525,,2018,bat,OF
sa918257,Danny Woodrow,OF,0.20000000298023224,0.5113800570834426,,2018,bat,OF
sa875309,Michael Pierson,3B,0.20000000298023224,0.4486299796961246,,2018,bat,3B
sa455310,J.P. Ramirez,OF,0.20000000298023224,0.5261000607162712,WSN,2018,bat,OF
sa447630,Jose Heberto Felix,C,0.20000000298023224,0.3500900427112355,,2018,bat,C
sa509736,Horacio Vasquez,SS,0.20000000298023224,0.39957003227900706,,2018,bat,SS
sa738187,Elvin Soto,C,0.20000000298023224,0.34750996758230024,COL,2018,bat,C
sa829678,Michael Danner,OF,0.20000000298023224,0.5186600006418302,,2018,bat,OF
sa918387,J.R. Davis,2B/OF,0.20000000298023224,0.43405995434150096,SEA,2018,bat,2B/OF
sa658541,Casey Schroeder,C,0.20000000298023224,0.3166400531074032,,2018,bat,C
sa503032,Rogelio Noris,OF,0.20000000298023224,0.552700019814074,PIT,2018,bat,OF
19928,Ryan McKenna,OF,0.20000000298023224,0.5189099740004166,,2018,bat,OF
sa738199,Jonah Arenado,1B/3B,0.20000000298023224,0.5931800148682669,,2018,bat,1B/3B
sa826672,Anthony Jimenez,OF,0.20000000298023224,0.4898500091396272,,2018,bat,OF
sa828232,Onil Pena,1B,0.20000000298023224,0.2971399948233738,SEA,2018,bat,1B
sa873990,Vince Fernandez,OF,0.20000000298023224,0.6942199656506999,,2018,bat,OF
sa829322,Kevin Rivera,2B,0.20000000298023224,0.4170100551564246,,2018,bat,2B
sa918359,Tyler Lancaster,C/1B,0.20000000298023224,0.3261199589935131,STL,2018,bat,C/1B
19864,Riley Adams,C,0.20000000298023224,0.3285600438015535,WSN,2018,bat,C
sa919164,Nate Easley,2B/OF,0.20000000298023224,0.42137997704558067,,2018,bat,2B/OF
sa918462,Austin Grebeck,OF,0.20000000298023224,0.4606300515122711,,2018,bat,OF
sa736134,Francisco Moreno,OF,0.20000000298023224,0.43410004870966074,,2018,bat,OF
sa918500,Bradley Jones,1B/3B,0.20000000298023224,0.6172500359592961,,2018,bat,1B/3B
sa658197,Mike Meyers,OF,0.20000000298023224,0.5171999737620354,,2018,bat,OF
sa917936,Hudson Potts,3B,0.20000000298023224,0.45164998583495614,,2018,bat,3B
21711,Oneil Cruz,SS/OF,0.20000000298023224,0.4538799852598458,PIT,2018,bat,SS/OF
sa875072,Ronnie Jebavy,OF,0.20000000298023224,0.4979999593459069,,2018,bat,OF
sa658269,Leo Rojas,C/1B,0.20000000298023224,0.34918996919877815,,2018,bat,C/1B
sa829069,Bo Thompson,1B,0.20000000298023224,0.5997099610511214,,2018,bat,1B
sa913976,Alberto Querales,OF,0.20000000298023224,0.5275600017514079,,2018,bat,OF
sa597093,Alfredo Reyes,SS,0.20000000298023224,0.3984599933959544,,2018,bat,SS
sa918511,Ian Strom,OF,0.20000000298023224,0.482149987714365,,2018,bat,OF
sa735840,Mario Sanjur,C,0.20000000298023224,0.3024699758039786,,2018,bat,C
sa918942,Caleb Lopes,2B,0.20000000298023224,0.40371001639869053,STL,2018,bat,2B
sa295198,Eloy Gutierrez,OF,0.20000000298023224,0.519360025646165,,2018,bat,OF
sa881850,Ronaldo Hernández,C,0.20000000298023224,0.30020004559773944,,2018,bat,C
sa545470,Adelaido Martinez,2B/3B,0.20000000298023224,0.44974000109359624,,2018,bat,2B/3B
sa599277,Austin Diemer,OF,0.20000000298023224,0.5247500292258337,MIN,2018,bat,OF
sa829352,Joel Fisher,C,0.20000000298023224,0.3466199934249744,,2018,bat,C
sa874244,Garrett Whitley,OF,0.20000000298023224,0.46441996605135505,,2018,bat,OF
sa736756,Henry Castillo,2B/3B,0.20000000298023224,0.5068300148239357,ARI,2018,bat,2B/3B
sa918544,Troy Sieber,1B,0.20000000298023224,0.5556699907174333,,2018,bat,1B
sa829785,Nathan Rodriguez,C,0.20000000298023224,0.36097999694757155,,2018,bat,C
sa829683,Tad Gold,OF,0.20000000298023224,0.5104699505958705,,2018,bat,OF
sa738445,Luis Aviles Jr.,SS,0.20000000298023224,0.43353997708763936,,2018,bat,SS
19872,Greg Deichmann,OF,0.20000000298023224,0.4734300350770354,,2018,bat,OF
19877,Tristan Gray,1B/2B/3B,0.20000000298023224,0.40356001118198037,MIN,2018,bat,1B/2B/3B
sa828213,Gabriel Mejia,OF,0.20000000298023224,0.5427299619186668,CLE,2018,bat,OF
sa918050,Brent Gibbs,C,0.20000000298023224,0.33655999570619305,,2018,bat,C
sa829401,Will Toffey,3B,0.20000000298023224,0.3827600074000656,,2018,bat,3B
sa739558,Natanael Delgado,OF,0.20000000298023224,0.5258399836486206,BAL,2018,bat,OF
sa742871,Robert Garcia,OF,0.20000000298023224,0.525949953123927,CHC,2018,bat,OF
sa657964,Bryan De La Rosa,C,0.20000000298023224,0.3336699473438784,,2018,bat,C
19909,Anderson Tejeda,SS,0.20000000298023224,0.5220799666363745,,2018,bat,SS
sa3004288,Luke Ringhofer,C/1B,0.20000000298023224,0.33334995909826826,,2018,bat,C/1B
sa658828,Vance Vizcaino,OF,0.20000000298023224,0.5189100615214556,CHC,2018,bat,OF
sa737058,Alexis Bastardo,OF,0.20000000298023224,0.5213599988259375,,2018,bat,OF
sa852308,Norberto Obeso,OF,0.20000000298023224,0.4786899799248203,,2018,bat,OF
sa829515,Josciel Veras,2B/OF,0.20000000298023224,0.4314799970481544,,2018,bat,2B/OF
sa738567,Rod Boykin,OF,0.20000000298023224,0.5028399801347404,,2018,bat,OF
sa828125,Wander Franco,3B,0.20000000298023224,0.40301996399648476,,2018,bat,3B
sa655917,Carlos Duran,OF,0.20000000298023224,0.5109999467385931,,2018,bat,OF
sa829579,Joshua Banuelos,1B,0.20000000298023224,0.5970600105822087,,2018,bat,1B
sa597185,Elvis Rubio,OF,0.20000000298023224,0.5160400347318499,,2018,bat,OF
sa737823,Trae Arbet,2B/SS,0.20000000298023224,0.3893399646971374,,2018,bat,2B/SS
sa547855,Juan De La Cruz,C/1B,0.20000000298023224,0.3323500001570209,,2018,bat,C/1B
sa875166,J.C. Cardenas,SS,0.20000000298023224,0.35657997562084337,,2018,bat,SS
sa736831,Javier Hernandez,C,0.20000000298023224,0.3189700643299147,,2018,bat,C
sa875296,Kurt Hoekstra,1B/3B,0.20000000298023224,0.4124500437639653,,2018,bat,1B/3B
sa857710,Joey Armstrong,OF,0.20000000298023224,0.5680699924007058,ARI,2018,bat,OF
sa657435,Henrry Rosario,OF,0.20000000298023224,0.5272099521476775,PIT,2018,bat,OF
sa918648,Colby Lusignan,1B,0.20000000298023224,0.5704499460756778,,2018,bat,1B
sa3004126,Logan Farrar,OF,0.20000000298023224,0.45954998761881133,,2018,bat,OF
sa657298,Adonis Paula,3B,0.20000000298023224,0.44882996722590174,CHC,2018,bat,3B
sa657969,Austin Aune,OF,0.20000000298023224,0.3840899947099387,,2018,bat,OF
sa824736,Luis Medina,2B/SS,0.20000000298023224,0.43301001675426953,,2018,bat,2B/SS
sa915868,Matt Whatley,C,0.20000000298023224,0.40778992509003725,,2018,bat,C
sa829138,Shane Mardirosian,2B/OF,0.20000000298023224,0.4652200013166293,,2018,bat,2B/OF
sa185137,Carlos Valencia,2B,0.20000000298023224,0.46716001552995284,,2018,bat,2B
sa829483,Dom Thompson-Williams,OF,0.20000000298023224,0.4912799865123814,,2018,bat,OF
sa858021,Austin Afenir,C,0.20000000298023224,0.329450017097406,,2018,bat,C
sa3002724,Jonah Todd,OF,0.20000000298023224,0.4546199928503483,,2018,bat,OF
sa827132,Vinny Siena,2B,0.20000000298023224,0.3654500324744731,NYM,2018,bat,2B
sa827937,Alejandro Salazar,2B/SS,0.20000000298023224,0.4632299655117094,,2018,bat,2B/SS
sa875894,Albert Baur,1B,0.20000000298023224,0.5813599711749703,,2018,bat,1B
sa829254,Aaron Attaway,2B/SS,0.20000000298023224,0.4294799481518566,,2018,bat,2B/SS
sa657491,Jose Carlos Urena,OF,0.20000000298023224,0.5115500285057349,,2018,bat,OF
sa503393,Jerome Pena,2B,0.20000000298023224,0.43471996868029233,BAL,2018,bat,2B
sa738298,Connor Oliver,OF,0.20000000298023224,0.5032999717397615,,2018,bat,OF
sa658982,Xavier Turner,3B,0.20000000298023224,0.44613002163823684,,2018,bat,3B
sa918436,Brandon Van Horn,SS,0.20000000298023224,0.35156001802533865,,2018,bat,SS
sa829189,Jordan Edgerton,3B,0.20000000298023224,0.44344999499153337,,2018,bat,3B
sa294705,Roman Pena,OF,0.20000000298023224,0.5083100026706234,,2018,bat,OF
sa875581,Justin Ellison,OF,0.20000000298023224,0.5610700193326918,,2018,bat,OF
sa920915,Chance Shepard,C/1B,0.20000000298023224,0.3647800209349953,,2018,bat,C/1B
sa875864,Ryan Nagle,OF,0.20000000298023224,0.4995600334601477,PIT,2018,bat,OF
sa827138,Cole Lankford,3B/OF,0.20000000298023224,0.5913999420125037,,2018,bat,3B/OF
sa918107,Shane Carrier,OF,0.20000000298023224,0.5152200109092517,,2018,bat,OF
sa918029,J.B. Moss,OF,0.20000000298023224,0.6698299913434311,COL,2018,bat,OF
sa830181,Marten Gasparini,SS/OF,0.20000000298023224,0.394060006039217,,2018,bat,SS/OF
sa323152,Tim Tebow,OF,0.20000000298023224,0.4650500386953353,,2018,bat,OF
16947,Derek Hill,OF,0.20000000298023224,0.5081399852409958,CHW,2018,bat,OF
sa597210,Jose Rojas,C/1B,0.20000000298023224,0.34023000223096456,,2018,bat,C/1B
sa738678,Luke Persico,1B/OF,0.20000000298023224,0.5403900600038468,,2018,bat,1B/OF
sa737026,Luis Payano,OF,0.20000000298023224,0.47163002053275704,,2018,bat,OF
sa3004038,Louis Boyd,2B/3B/SS,0.20000000298023224,0.37523996997624637,SEA,2018,bat,2B/3B/SS
sa915707,Kevin Merrell,SS,0.20000000298023224,0.33370003246236585,,2018,bat,SS
sa737068,Luis Paz,1B,0.20000000298023224,0.30643998903688047,LAD,2018,bat,1B
19600,Bryan De La Cruz,OF,0.20000000298023224,0.45608997985254957,PHI,2018,bat,OF
sa875277,Cole Bauml,OF,0.20000000298023224,0.48771001861896357,,2018,bat,OF
sa738650,John Riley,C/1B,0.20000000298023224,0.28715996420942247,,2018,bat,C/1B
sa829326,Gerrion Grim,OF,0.20000000298023224,0.527260008221492,BAL,2018,bat,OF
sa602819,Alexander Fernandez Jr.,2B/3B/OF,0.20000000298023224,0.4171700291102751,DET,2018,bat,2B/3B/OF
sa829883,Jaime Ojeda,OF,0.20000000298023224,0.5129499687813222,,2018,bat,OF
sa875376,Dillon Dobson,1B,0.20000000298023224,0.565699974866584,,2018,bat,1B
sa918259,Mitch Roman,2B/SS,0.20000000298023224,0.3821200078818946,CHW,2018,bat,2B/SS
sa596966,Richard Rodriguez,2B,0.20000000298023224,0.45251004076562806,ATL,2018,bat,2B
sa551002,Adderling Ruiz,C,0.20000000298023224,0.35937003854196514,,2018,bat,C
sa325096,Jesus Lopez,SS,0.20000000298023224,0.3830800509545952,,2018,bat,SS
18821,José Azocar,OF,0.20000000298023224,0.49915001764893535,ATL,2018,bat,OF
20040,Jorge Ona,DH,0.20000000298023224,0.48832003762945525,,2018,bat,DH
16446,Johneshwy Fargas,OF,0.20000000298023224,0.4778300089295954,,2018,bat,OF
sa872810,Gorge Munoz,3B/SS,0.20000000298023224,0.3804099827073514,MIN,2018,bat,3B/SS
sa857761,Joe Cronin,2B/3B,0.20000000298023224,0.4903299689292908,MIN,2018,bat,2B/3B
sa918875,David Jacob,1B,0.20000000298023224,0.5887699715560302,,2018,bat,1B
sa829374,Rudy Martin,OF,0.20000000298023224,0.511779928440228,KCR,2018,bat,OF
15767,José Marmolejos,1B/OF,1.6200000047683716,6.7149401079863305,,2018,bat,1B/OF
sa509466,Isidro Pina,C,0.20000000298023224,0.3157899573212489,,2018,bat,C
sa918193,Paul Panaccione,3B/SS,0.20000000298023224,0.4551700249081477,,2018,bat,3B/SS
sa736970,Ariel Sandoval,OF,0.20000000298023224,0.48682999776210634,,2018,bat,OF
sa922596,Steve Carrillo,SS,0.20000000298023224,0.37082001371309153,,2018,bat,SS
sa657956,Tanner Rahier,3B,0.20000000298023224,0.43519003526307637,,2018,bat,3B
sa3004127,Jordan Gore,P/SS,0.20000000298023224,0.3614100299542769,,2018,bat,P/SS
sa828252,Gabriel Ovalle,SS,0.20000000298023224,0.4091999872121959,,2018,bat,SS
sa875816,Grant Massey,SS,0.20000000298023224,0.3234399416716768,,2018,bat,SS
sa602651,Caleb Whalen,OF,0.20000000298023224,0.4977899910649284,,2018,bat,OF
sa918795,Deion Tansel,SS,0.20000000298023224,0.35627000378444784,,2018,bat,SS
sa875710,Keaton Jones,SS,0.20000000298023224,0.36877999557182184,,2018,bat,SS
sa621485,Jimmy Bosco,OF,0.20000000298023224,0.4980099844979122,,2018,bat,OF
sa509451,Daniel Hinojosa,2B/SS/OF,0.20000000298023224,0.40754999215714627,,2018,bat,2B/SS/OF
sa596990,Natanael Ramos,C,0.20000000298023224,0.32263999474234867,,2018,bat,C
sa599295,Zach Fish,C/OF,0.20000000298023224,0.3209300615591928,,2018,bat,C/OF
sa509652,Manuel Lopez,SS,0.20000000298023224,0.3641799877397715,,2018,bat,SS
sa736663,Frandy De La Rosa,2B,0.20000000298023224,0.3868900025729089,,2018,bat,2B
sa918694,Ben Ruta,OF,0.20000000298023224,0.4781800339464097,,2018,bat,OF
sa3004730,Artemis Kadkhodaian,2B/SS,0.20000000298023224,0.38321000074502076,,2018,bat,2B/SS
sa738955,Jacob Heyward,OF,0.20000000298023224,0.45772999709006396,,2018,bat,OF
sa828686,Justin Twine,2B/SS,0.20000000298023224,0.3423000503797083,,2018,bat,2B/SS
sa875335,Nick Sinay,OF,0.20000000298023224,0.4576900415355339,TOR,2018,bat,OF
sa203781,Hernando Arredondo,3B/OF,0.20000000298023224,0.45647001850884394,,2018,bat,3B/OF
16451,Luis Guillorme,2B/3B,4.860000133514404,14.168058886006476,,2018,bat,2B/3B
sa738979,Brandon Wagner,1B,0.20000000298023224,0.5543299749842844,,2018,bat,1B
sa977119,Ricky Rodriguez,OF,0.20000000298023224,0.5939300111960618,,2018,bat,OF
sa828332,Hidekel Gonzalez,C/1B,0.20000000298023224,0.4862100062659009,COL,2018,bat,C/1B
sa872732,Daniel Brito,2B,0.20000000298023224,0.4322400065837426,,2018,bat,2B
sa203683,Francisco Mendez,1B,0.20000000298023224,0.6056300083873793,,2018,bat,1B
sa829620,Trey Vavra,1B/OF,0.20000000298023224,0.5792100162943826,,2018,bat,1B/OF
19901,Gavin Sheets,DH/OF,0.20000000298023224,0.5510599782457574,SDP,2018,bat,DH/OF
sa829856,Tyler Brown,2B,0.20000000298023224,0.3805499369977042,,2018,bat,2B
sa977838,Arturo Lara,SS,0.20000000298023224,0.4197699928423389,,2018,bat,SS
19878,Adam Haseley,OF,0.20000000298023224,0.5120099631138146,,2018,bat,OF
sa858215,John La Prise,2B,0.20000000298023224,0.388769938936457,,2018,bat,2B
sa827133,David Armendariz,OF,0.20000000298023224,0.5061099737184124,,2018,bat,OF
sa657525,Luis Reynoso,3B/SS,0.20000000298023224,0.4083699798677115,,2018,bat,3B/SS
sa857823,Preston Palmeiro,1B,0.20000000298023224,0.5889199997065588,,2018,bat,1B
sa624680,Cesar Del Angel,OF,0.20000000298023224,0.48429001658223564,,2018,bat,OF
sa917275,Miguel Aparicio,OF,0.20000000298023224,0.563079994637519,,2018,bat,OF
sa873982,Nick Banks,OF,0.20000000298023224,0.5305400497280061,,2018,bat,OF
sa829837,Scott Manea,C,0.20000000298023224,0.26235000665765257,,2018,bat,C
sa914084,Jose Velazquez,SS,0.20000000298023224,0.41869000042788684,,2018,bat,SS
sa203952,Edgar Quintero,OF,0.20000000298023224,0.5231399890501051,,2018,bat,OF
sa918528,J.J. Gould,3B/SS,0.20000000298023224,0.3593099823687225,,2018,bat,3B/SS
sa877123,Ryan Stephens,OF,0.20000000298023224,0.4988699750043451,,2018,bat,OF
sa875281,Alexis Olmeda,C,0.20000000298023224,0.369719969946891,,2018,bat,C
sa872712,Cassidy Brown,C,0.20000000298023224,0.33798995739780363,,2018,bat,C
14113,Ramón Torres,2B/3B,12.960000038146973,44.57361238002777,,2018,bat,2B/3B
sa657248,Carlos Belonis,OF,0.20000000298023224,0.3819099693326279,,2018,bat,OF
sa871455,Lednier Ricardo,C,0.20000000298023224,0.3215299749746918,,2018,bat,C
sa549103,Austin Wilson,OF,0.20000000298023224,0.4764399752020836,,2018,bat,OF
sa874798,Bryce Denton,3B/OF,0.20000000298023224,0.39647999780718224,,2018,bat,3B/OF
sa829167,Matthew Page,1B/OF,0.20000000298023224,0.5977900462923572,WSN,2018,bat,1B/OF
sa826646,Jesus Alastre,OF,0.20000000298023224,0.5067500221310182,,2018,bat,OF
sa918506,Kevin Mahala,2B,0.20000000298023224,0.39731994788162406,PIT,2018,bat,2B
sa875833,Trever Allen,OF,0.20000000298023224,0.4974099922459573,,2018,bat,OF
sa918499,Granger Studdard,OF,0.20000000298023224,0.5070300360908732,BOS,2018,bat,OF
sa737862,Aaron Blanton,3B/SS,0.20000000298023224,0.32380994914565225,MIA,2018,bat,3B/SS
sa602701,Sutton Whiting,2B,0.20000000298023224,0.39929997993167476,,2018,bat,2B
19788,Zach Remillard,2B,0.20000000298023224,0.38212998600210984,,2018,bat,2B
sa737912,Brandon Dulin,1B,0.20000000298023224,0.5572599856648593,CHW,2018,bat,1B
sa879514,Garrett Hope,C,0.20000000298023224,0.2859900446375832,,2018,bat,C
sa828162,Victor Fernandez,OF,0.20000000298023224,0.48430999973788863,PIT,2018,bat,OF
sa827953,Melvin Novoa,C,0.20000000298023224,0.38651999719440927,,2018,bat,C
sa600897,Sthervin Matos,3B,0.20000000298023224,0.42619996417779465,,2018,bat,3B
sa743080,Erison Mendez,OF,0.20000000298023224,0.378170014056377,ATL,2018,bat,OF
sa875623,Tyler Sullivan,OF,0.20000000298023224,0.46849001355003567,,2018,bat,OF
sa599249,Jeff Diehl,1B/OF,0.20000000298023224,0.5319399780128151,,2018,bat,1B/OF
sa657502,Kevin Garcia,OF,0.20000000298023224,0.481470024259761,,2018,bat,OF
sa827178,Conner Hale,1B/3B,0.20000000298023224,0.41565002850256855,COL,2018,bat,1B/3B
sa736941,Hector Vargas,SS,0.20000000298023224,0.3965100097237155,,2018,bat,SS
sa829459,Junior Amion,2B/OF,0.20000000298023224,0.37003002779092636,,2018,bat,2B/OF
sa829215,Blaine Prescott,2B,0.20000000298023224,0.48441999757196763,,2018,bat,2B
sa745012,Ariel Montesino,SS,0.20000000298023224,0.3942500056466088,,2018,bat,SS
sa739259,Fernery Ozuna,2B,0.20000000298023224,0.4847699768841266,,2018,bat,2B
sa828305,Garvis Lara,SS,0.20000000298023224,0.336920013744384,,2018,bat,SS
sa502230,Enrique Trujillo,OF,0.20000000298023224,0.47743995133787387,,2018,bat,OF
sa872490,Joseph Rosa,2B/SS,0.20000000298023224,0.3549300090409815,,2018,bat,2B/SS
sa828587,Gabriel Bracamonte,C,0.20000000298023224,0.2518899963703006,,2018,bat,C
sa830140,Carlos Herrera,2B/SS,0.20000000298023224,0.5246900006663053,,2018,bat,2B/SS
sa826786,Eugene Helder,3B,0.20000000298023224,0.3489099698839709,,2018,bat,3B
sa739627,Alex Maldonado,2B/3B,0.20000000298023224,0.39601000570692124,,2018,bat,2B/3B
sa829055,Tyler Filliben,SS,0.20000000298023224,0.3443099649855866,PIT,2018,bat,SS
19273,Stone Garrett,OF,0.20000000298023224,0.4558600137010217,,2018,bat,OF
sa828309,Pablo Garcia,C,0.20000000298023224,0.27080001058056946,,2018,bat,C
sa917669,Julio E. Rodriguez,C,0.20000000298023224,0.28754002097994086,,2018,bat,C
sa738889,Elier Rodriguez,C/1B,0.20000000298023224,0.2963999977800994,,2018,bat,C/1B
sa872499,Randy Ventura,2B/OF,0.20000000298023224,0.5128600078402087,,2018,bat,2B/OF
sa872495,Jose Rivas,C,0.20000000298023224,0.24980005349498233,,2018,bat,C
sa602597,Dante Flores,2B,0.20000000298023224,0.4022799959173425,,2018,bat,2B
sa878527,Eddy Reynoso,C/1B,0.20000000298023224,0.33573998139472666,,2018,bat,C/1B
sa658171,Grant Heyman,OF,0.20000000298023224,0.556929981871508,ARI,2018,bat,OF
sa657681,Jose Maria,C/1B,0.20000000298023224,0.27159996121190483,,2018,bat,C/1B
sa918593,Gunner Pollman,C,0.20000000298023224,0.2772500312654301,,2018,bat,C
19948,Cristian Pache,OF,0.20000000298023224,0.5079799944069234,NYM,2018,bat,OF
sa828792,Milton Ramos,SS,0.20000000298023224,0.34912002854980523,,2018,bat,SS
sa874093,Casey Hughston,OF,0.20000000298023224,0.4962200381793082,,2018,bat,OF
23250,David Bañuelos,DH,0.20000000298023224,0.2990899475407786,MIN,2018,bat,DH
sa737908,Malik Collymore,2B/OF,0.20000000298023224,0.4376900288276374,,2018,bat,2B/OF
sa828432,Rafelin Lorenzo,C,0.20000000298023224,0.30260001576971257,,2018,bat,C
sa875630,Jerry Downs,1B,0.20000000298023224,0.5953200113959608,BOS,2018,bat,1B
sa918837,Jarrett Costa,C/1B,0.20000000298023224,0.2463900274364277,,2018,bat,C/1B
sa914042,Miguel Rodriguez,1B/2B,0.20000000298023224,0.574329991871491,,2018,bat,1B/2B
sa736554,Andres Sthormes,C,0.20000000298023224,0.30302002672106015,,2018,bat,C
sa592343,Jesus Valenzuela,1B,0.20000000298023224,0.5751299935858696,,2018,bat,1B
sa657265,Bladimil Franco,OF,0.20000000298023224,0.4767599821556358,STL,2018,bat,OF
sa875775,Joey Havrilak,OF,0.20000000298023224,0.4779900507302955,,2018,bat,OF
sa199022,Albino Contreras,OF,0.20000000298023224,0.4848800020990892,,2018,bat,OF
sa659905,Victor Padron,OF,0.20000000298023224,0.46507000348065036,,2018,bat,OF
sa915865,Deon Stafford,C,0.20000000298023224,0.29979998532216984,,2018,bat,C
sa244088,Uriak Marquez,3B/OF,0.20000000298023224,0.5982399761211127,,2018,bat,3B/OF
sa737199,Angel Genao,C,0.20000000298023224,0.3027799831004813,,2018,bat,C
sa876814,Nash Knight,1B/3B,0.20000000298023224,0.5364499881863595,,2018,bat,1B/3B
sa873999,Eric Gutierrez,1B,0.20000000298023224,0.5288499993039294,,2018,bat,1B
sa917004,Gresuan Silverio,C,0.20000000298023224,0.29853999353945254,,2018,bat,C
sa830217,Isael Soto,OF,0.20000000298023224,0.43673999458551405,,2018,bat,OF
sa921552,Andrew Walker,2B/3B/SS,0.20000000298023224,0.3826000032480805,PIT,2018,bat,2B/3B/SS
sa915706,Matt McLaughlin,2B/3B,0.20000000298023224,0.4869299973594024,,2018,bat,2B/3B
sa828122,Marcos Almonte,2B/OF,0.20000000298023224,0.37010998493060454,,2018,bat,2B/OF
sa828311,Carlos Tovar,2B/SS,0.20000000298023224,0.38059997132513673,,2018,bat,2B/SS
sa875023,D.J. Wilson,OF,0.20000000298023224,0.4977900112047791,,2018,bat,OF
sa876035,Gus Craig,OF,0.20000000298023224,0.48650994959752997,,2018,bat,OF
sa872552,Jason Lopez,C,0.20000000298023224,0.27430004990892487,,2018,bat,C
19533,Taylor Jones,1B/DH,0.20000000298023224,0.5025499406270683,,2018,bat,1B/DH
sa875642,Zach Nehrir,OF,0.20000000298023224,0.46863001377787444,,2018,bat,OF
sa737006,Enmanuel Garcia,OF,0.20000000298023224,0.4814600660698487,,2018,bat,OF
sa508254,Ruben Agramon,OF,0.20000000298023224,0.4650800495175643,,2018,bat,OF
sa546156,Mario Vega,2B/SS,0.20000000298023224,0.38741000914014867,,2018,bat,2B/SS
sa918943,Tyler Wolfe,2B/3B,0.20000000298023224,0.3936300221830606,,2018,bat,2B/3B
sa828150,Yeison Melo,OF,0.20000000298023224,0.4748800009721888,,2018,bat,OF
sa598772,Wes Wilson,C,0.20000000298023224,0.28535004933364677,,2018,bat,C
sa877519,Adrian Rondon,3B/SS,0.20000000298023224,0.29211998516693705,,2018,bat,3B/SS
sa508068,Rosario Irazoqui,2B/SS,0.20000000298023224,0.3932800250127911,,2018,bat,2B/SS
22274,Samad Taylor,2B/OF,0.20000000298023224,0.3857900129863992,SDP,2018,bat,2B/OF
sa829182,Alexis Pantoja,2B/3B/SS,0.20000000298023224,0.4138200485263949,,2018,bat,2B/3B/SS
19964,Eguy Rosario,3B,0.20000000298023224,0.382529984274879,,2018,bat,3B
sa602916,Kewby Meyer,1B,0.20000000298023224,0.519189967541024,TBR,2018,bat,1B
sa739791,Radley Haddad,C,0.20000000298023224,0.2711699820356443,NYY,2018,bat,C
sa885119,Bryan Torres,OF,0.20000000298023224,0.31204000972211354,STL,2018,bat,OF
sa452248,Francisco Rivera,1B,0.20000000298023224,0.5640599643113092,,2018,bat,1B
sa599004,Trevor Mitsui,1B,0.20000000298023224,0.6214600239880383,ARI,2018,bat,1B
sa829478,Tripp Martin,1B/3B,0.20000000298023224,0.48578995401039715,TEX,2018,bat,1B/3B
sa918369,Dimas Ojeda,OF,0.20000000298023224,0.4150199637864716,,2018,bat,OF
sa829283,Wigberto Nevarez,C/1B,0.20000000298023224,0.32067996091209344,ATL,2018,bat,C/1B
sa828411,Jeyner Baez,C,0.20000000298023224,0.3230799768585711,MIL,2018,bat,C
sa875781,Stephen Dezzi,OF,0.20000000298023224,0.4638999997638165,,2018,bat,OF
sa827317,Skyler Ewing,1B,0.20000000298023224,0.5804599906085058,,2018,bat,1B
sa658990,Darrell Miller,C,0.20000000298023224,0.29085999923991035,,2018,bat,C
sa921577,Luis Santana,2B/3B,0.20000000298023224,0.3480400313390419,,2018,bat,2B/3B
sa873596,Johnny Adams,SS,0.20000000298023224,0.33478003080235785,,2018,bat,SS
sa918045,Keith Skinner,C,0.20000000298023224,0.2742099473020061,,2018,bat,C
sa871841,Yuniel Ramirez,OF,0.20000000298023224,0.48293996895663444,,2018,bat,OF
sa918376,Tyler Beckwith,3B/SS,0.20000000298023224,0.41275001810863604,WSN,2018,bat,3B/SS
sa736841,Enmanuel Zabala,OF,0.20000000298023224,0.4564600196201353,,2018,bat,OF
sa875639,Jeff Boehm,1B,0.20000000298023224,0.5062799779931083,LAA,2018,bat,1B
sa736822,Alejandro Flores,C,0.20000000298023224,0.3200699691544286,,2018,bat,C
15679,Rowdy Tellez,1B,1.6200000047683716,6.310229821503161,,2018,bat,1B
sa754712,Walter Rasquin,2B,0.20000000298023224,0.3572100193705409,,2018,bat,2B
19828,Cody Thomas,OF,0.20000000298023224,0.4529900166438892,,2018,bat,OF
sa602676,Garrett Brown,OF,0.20000000298023224,0.46204994053114196,,2018,bat,OF
sa826658,Eleardo Cabrera,OF,0.20000000298023224,0.40211998419836154,,2018,bat,OF
sa738401,Nick Zammarelli III,1B/OF,0.20000000298023224,0.4938099279766904,,2018,bat,1B/OF
sa872788,Sabriel Polanco,OF,0.20000000298023224,0.24059995827265082,,2018,bat,OF
sa3002874,Jordan Rodgers,2B/3B,0.20000000298023224,0.4177500083111227,,2018,bat,2B/3B
sa737620,Kevin Franklin,1B/3B,0.20000000298023224,0.4338300438830629,ATL,2018,bat,1B/3B
sa500566,Donavan Tate,OF,0.20000000298023224,0.4551900147460401,,2018,bat,OF
sa3004498,Austin Upshaw,1B,0.20000000298023224,0.5617200206499545,,2018,bat,1B
sa509252,Jose Castaneda,3B,0.20000000298023224,0.3871100033167749,,2018,bat,3B
19358,Weston Wilson,OF,0.20000000298023224,0.5722699726233258,BAL,2018,bat,OF
sa736689,Miguel Mercedes,1B/3B,0.20000000298023224,0.5090599884162655,,2018,bat,1B/3B
sa875352,Brantley Bell,2B/3B,0.20000000298023224,0.4188900072826072,,2018,bat,2B/3B
sa508601,Japhet Amador,1B,0.20000000298023224,0.5717700097011401,,2018,bat,1B
sa657972,Nathan Mikolas,OF,0.20000000298023224,0.4587299950653686,,2018,bat,OF
sa3002601,Julian Ornelas,OF,0.20000000298023224,0.5483799908543004,,2018,bat,OF
sa655900,Jhombeyker Morales,3B/SS,0.20000000298023224,0.3257200274732895,,2018,bat,3B/SS
sa827970,Manuel Geraldo,SS,0.20000000298023224,0.3086099583422764,,2018,bat,SS
sa872446,Irving Ortega,SS,0.20000000298023224,0.32447993932291863,,2018,bat,SS
sa658096,Jose Barraza,C/1B,0.20000000298023224,0.2714399424265138,PIT,2018,bat,C/1B
sa659285,Dalton Blaser,1B/OF,0.20000000298023224,0.5305000080959872,,2018,bat,1B/OF
sa858807,Kyle Survance Jr.,OF,0.20000000298023224,0.4233899725601077,,2018,bat,OF
sa828230,Ramon Beltre,2B/3B,0.20000000298023224,0.3518399864435195,,2018,bat,2B/3B
sa829317,Alejandro Juvier,2B/3B,0.20000000298023224,0.37387003465555596,BAL,2018,bat,2B/3B
sa871433,Raul Rivas,2B/3B/SS,0.20000000298023224,0.3360000275541095,,2018,bat,2B/3B/SS
17701,Jose Cuas,P,0.20000000298023224,0.40304997595958403,KCR,2018,bat,P
sa873689,Colby Woodmansee,3B/SS,0.20000000298023224,0.2773600193788297,,2018,bat,3B/SS
sa875313,Eric Toole,OF,0.20000000298023224,0.45129998216871164,,2018,bat,OF
19384,Trenton Brooks,1B/DH,0.20000000298023224,0.47690996119054024,,2018,bat,1B/DH
sa872780,Elvis Perez,SS,0.20000000298023224,0.3470599645283072,,2018,bat,SS
sa920299,Reed Gamache,3B,0.20000000298023224,0.5222400380764156,,2018,bat,3B
sa596170,José Duarte,C,0.20000000298023224,0.27993995647411785,,2018,bat,C
sa829059,Kevonte Mitchell,OF,0.20000000298023224,0.4737199992872775,,2018,bat,OF
sa3004172,Dyla Burdeaux,1B,0.20000000298023224,0.5372499946039169,DET,2018,bat,1B
sa876098,Luis Silverio,OF,0.20000000298023224,0.5176100032404064,ARI,2018,bat,OF
sa826778,Jose Antequera,2B/SS,0.20000000298023224,0.3878600341035052,,2018,bat,2B/SS
sa869773,Adam Sonabend,C,0.20000000298023224,0.2625200393842533,,2018,bat,C
sa736945,Michael Beltre,OF,0.20000000298023224,0.47170002579223363,,2018,bat,OF
sa872730,Edwin Figuera,3B/SS,0.20000000298023224,0.35375004438683394,,2018,bat,3B/SS
sa827324,Bobby Melley,1B,0.20000000298023224,0.4826999832410365,TBR,2018,bat,1B
sa657314,Javier Lopez,3B/SS,0.20000000298023224,0.31996005603577937,,2018,bat,3B/SS
sa738316,Cody Dent,OF,0.20000000298023224,0.35856000508647407,,2018,bat,OF
sa828316,Samuel Miranda,C,0.20000000298023224,0.30378002501092843,,2018,bat,C
sa827127,Jeff Gardner,OF,0.20000000298023224,0.4497700408566743,,2018,bat,OF
sa737872,Brandon Diaz,OF,0.20000000298023224,0.44092996928375205,,2018,bat,OF
sa657319,Daniel Barrios,1B/2B/3B,0.20000000298023224,0.5230100202141329,,2018,bat,1B/2B/3B
sa877504,Izzy Wilson,OF,0.20000000298023224,0.48680000021122394,,2018,bat,OF
sa659304,John Sansone,3B,0.20000000298023224,0.40926002257037897,,2018,bat,3B
18400,Juan Yepez,1B/DH/OF,0.20000000298023224,0.5183100323658436,TOR,2018,bat,1B/DH/OF
sa874078,Gene Cone,OF,0.20000000298023224,0.38409996405243874,,2018,bat,OF
sa918184,Marcus Mooney,2B/SS,0.20000000298023224,0.3910299990558996,,2018,bat,2B/SS
sa597191,Carlos Torres,OF,0.20000000298023224,0.4491000045789405,,2018,bat,OF
sa3004813,Logan Warmoth,SS/OF,0.20000000298023224,0.30403000195510677,,2018,bat,SS/OF
sa828329,Manuel Melendez,OF,0.20000000298023224,0.626830014027655,,2018,bat,OF
sa831855,Chris  Harvey,C,0.20000000298023224,0.2686299576889723,PIT,2018,bat,C
sa3004066,Robbie Podorsky,OF,0.20000000298023224,0.43372998049017036,,2018,bat,OF
sa915823,Garrett McCain,OF,0.20000000298023224,0.4441399655304849,,2018,bat,OF
sa875986,Tyler Moore,2B/OF,0.20000000298023224,0.36262001660652454,,2018,bat,2B/OF
sa548036,Narciso Mesa,OF,0.20000000298023224,0.42102999640628697,LAD,2018,bat,OF
sa736836,Rony Cabrera,2B,0.20000000298023224,0.3374300382798537,MIA,2018,bat,2B
sa877333,Juan Camacho,C,0.20000000298023224,0.22336999538820235,,2018,bat,C
sa828314,Jhonny Santos,OF,0.20000000298023224,0.4152199896750971,,2018,bat,OF
sa655916,William Cuicas,3B/SS,0.20000000298023224,0.30836999141611154,,2018,bat,3B/SS
sa597974,Joe Tuschak,OF,0.20000000298023224,0.43810999975539744,,2018,bat,OF
sa736955,Jonathan Piron,2B,0.20000000298023224,0.381750014424324,COL,2018,bat,2B
sa917002,Gustavo Figueroa,C,0.20000000298023224,0.2586700290208682,,2018,bat,C
sa874194,Michael Tinsley,OF,0.20000000298023224,0.4743300192756577,CLE,2018,bat,OF
sa658538,Josh Almonte,OF,0.20000000298023224,0.42990999175235617,,2018,bat,OF
sa658535,Avain Rachal,1B/2B,0.20000000298023224,0.5213499465491622,,2018,bat,1B/2B
sa875893,Ashford Fulmer,OF,0.20000000298023224,0.4278000231366605,,2018,bat,OF
21840,Freddy Fermin,C,0.20000000298023224,0.25774003341794005,SDP,2018,bat,C
sa920180,Jhailyn Ortiz,OF,0.20000000298023224,0.47781002200208594,,2018,bat,OF
sa917287,Ramiro Rodriguez,OF,0.20000000298023224,0.40082999889273196,,2018,bat,OF
sa743087,Oliver Ortiz,OF,0.20000000298023224,0.4762600457062944,,2018,bat,OF
sa755474,Angel Perez,OF,0.20000000298023224,0.44494995055720193,,2018,bat,OF
22244,Jack Suwinski,OF,0.20000000298023224,0.4187500015366821,LAD,2018,bat,OF
sa918189,Stephen Smith,OF,0.20000000298023224,0.4871900250669567,,2018,bat,OF
sa3004286,Micah Brown,1B/3B,0.20000000298023224,0.3331499874358996,,2018,bat,1B/3B
sa918907,Tanner Kirk,2B/OF,0.20000000298023224,0.36667996437754474,,2018,bat,2B/OF
sa737574,Yeudi Grullon,2B/SS,0.20000000298023224,0.3535299468552693,,2018,bat,2B/SS
sa602377,Brendon Hayden,1B,0.20000000298023224,0.5219400056404994,,2018,bat,1B
sa737065,Javier Godard,2B/3B,0.20000000298023224,0.3086699599167332,,2018,bat,2B/3B
sa828166,Raul Siri,2B,0.20000000298023224,0.36307004154659794,,2018,bat,2B
20805,Carlos Pérez,C,0.20000000298023224,0.23134002519072955,,2018,bat,C
sa828522,Carlos Canelon,C,0.20000000298023224,0.21458001020364464,,2018,bat,C
sa3003965,Cole Peterson,SS,0.20000000298023224,0.3043199889827519,,2018,bat,SS
21693,Miguel Amaya,C,0.20000000298023224,0.27566998580005014,CHC,2018,bat,C
sa915600,Will Savage,2B,0.20000000298023224,0.3594799515791237,,2018,bat,2B
sa828790,Austin Cousino,OF,0.20000000298023224,0.44142997355666014,,2018,bat,OF
sa736852,Aldrem Corredor,1B/OF,0.20000000298023224,0.5456500618951394,,2018,bat,1B/OF
sa875291,Giovanny Alfonzo,2B,0.20000000298023224,0.3249700107611715,,2018,bat,2B
sa876102,Collin Theroux,C,0.20000000298023224,0.21843998772092163,,2018,bat,C
sa829813,Carl Chester,OF,0.20000000298023224,0.3832799742463976,,2018,bat,OF
sa873350,Jose Tello,C/1B,0.20000000298023224,0.3082699811551719,,2018,bat,C/1B
sa657253,Juan Ortiz,1B/OF,0.20000000298023224,0.4710199466906488,MIL,2018,bat,1B/OF
20054,Bligh Madris,1B/OF,0.20000000298023224,0.44447002173401406,STL,2018,bat,1B/OF
sa739662,Jose Pujols,OF,0.20000000298023224,0.47645998296793546,,2018,bat,OF
sa829503,Tucker Tharp,OF,0.20000000298023224,0.39065004093572486,NYM,2018,bat,OF
sa827951,Franklin Rollin,OF,0.20000000298023224,0.522519972315058,,2018,bat,OF
sa875273,Adam Walton,2B,0.20000000298023224,0.4195999831659719,,2018,bat,2B
sa828292,Luis Silva,2B/SS,0.20000000298023224,0.2855999895138665,,2018,bat,2B/SS
11342,Jesús Aguilar,1B,3.240000009536743,14.125310727581383,,2018,bat,1B
sa828342,Franklin Tineo,1B,0.20000000298023224,0.27537000103620807,,2018,bat,1B
18690,Nick Plummer,DH/OF,0.20000000298023224,0.39531001800205556,,2018,bat,DH/OF
sa828281,Ramon Hernandez,1B/3B,0.20000000298023224,0.5960200189147142,,2018,bat,1B/3B
sa3004170,Austin Listi,1B/3B,0.20000000298023224,0.5685999743640423,,2018,bat,1B/3B
sa550153,Louie Lechich,OF,0.20000000298023224,0.4012699905550106,CHW,2018,bat,OF
sa828205,Jose Medina,1B/OF,0.20000000298023224,0.5634000184712931,,2018,bat,1B/OF
sa736882,Guillermo Salas,SS,0.20000000298023224,0.3146399643272161,BAL,2018,bat,SS
sa872538,Chris Torres,SS,0.20000000298023224,0.27748000621795654,,2018,bat,SS
sa828438,Eduardo Navas,C,0.20000000298023224,0.2353600139496847,,2018,bat,C
sa875852,Taylor Munden,2B/3B,0.20000000298023224,0.3554099659901112,,2018,bat,2B/3B
sa875875,Wagner Lagrange,OF,0.20000000298023224,0.3868900288362055,,2018,bat,OF
sa875647,Brad Zunica,1B,0.20000000298023224,0.5234600040363148,,2018,bat,1B
sa828285,Yan Sanchez,SS,0.20000000298023224,0.37934000240638843,,2018,bat,SS
21078,Trey Cabbage,OF,0.20000000298023224,0.3539099806919694,,2018,bat,OF
sa872863,Carlos Pulido,C,0.20000000298023224,0.27291993733961134,,2018,bat,C
sa918564,Luis Anguizola,1B,0.20000000298023224,0.23170997982379046,,2018,bat,1B
sa740961,Luis Veras,OF,0.20000000298023224,0.4323599560186266,,2018,bat,OF
sa880795,Emilio Gustave,OF,0.20000000298023224,0.3917200105031952,,2018,bat,OF
sa738988,Anfernee Grier,OF,0.20000000298023224,0.48739004922099416,,2018,bat,OF
sa738444,Venn Biter,OF,0.20000000298023224,0.43137997339945283,,2018,bat,OF
sa550519,Hiram Martinez,SS,0.20000000298023224,0.2899600384524092,,2018,bat,SS
sa508256,Carlos Morales,1B,0.20000000298023224,0.5323599834926425,,2018,bat,1B
sa832883,Yeison Perez,C,0.20000000298023224,0.2665499803842976,,2018,bat,C
sa738989,J.B. Woodman,OF,0.20000000298023224,0.4084400375373661,,2018,bat,OF
sa738653,Johnny Slater,OF,0.20000000298023224,0.38678000932559364,,2018,bat,OF
sa185724,Refugio Cervantes,1B,0.20000000298023224,0.5554400192340836,,2018,bat,1B
sa830037,Andretty Cordero,1B/3B,0.20000000298023224,0.6054500563768671,,2018,bat,1B/3B
sa827965,Jerry Seitz,C,0.20000000298023224,0.238219987496268,,2018,bat,C
sa541954,Jose Martinez,3B,0.20000000298023224,0.5218400427838786,,2018,bat,3B
sa828363,Keinner Piña,C,0.20000000298023224,0.2009999997448175,,2018,bat,C
sa596905,Ordomar Valdez,2B/3B,0.20000000298023224,0.353069998230785,CLE,2018,bat,2B/3B
sa918510,Clayton Middleton,C/1B,0.20000000298023224,0.3251100090099498,,2018,bat,C/1B
sa872569,Juan Uriarte,C,0.20000000298023224,0.20807997253723431,,2018,bat,C
10607,Bryce Brentz,OF,1.6200000047683716,5.985539859905839,,2018,bat,OF
sa918505,Hank Morrison,OF,0.20000000298023224,0.4311900066910311,,2018,bat,OF
sa546506,Argenis Aldazoro,OF,0.20000000298023224,0.42770998249761755,,2018,bat,OF
sa878294,Josh Swirchak,2B,0.20000000298023224,0.34123996617272495,,2018,bat,2B
sa828793,Matt Railey,OF,0.20000000298023224,0.42613001617137336,,2018,bat,OF
sa598754,Randy Encarnacion,OF,0.20000000298023224,0.4360500396927818,,2018,bat,OF
sa872746,Jose Lezama,C,0.20000000298023224,0.21858003233792253,,2018,bat,C
sa659286,Chris Shaw,C,0.20000000298023224,0.26048000480514016,,2018,bat,C
sa917365,Samuel Inoa,C/1B,0.20000000298023224,0.24373996143694965,,2018,bat,C/1B
sa872547,Pablo Olivares,OF,0.20000000298023224,0.4045099843060597,,2018,bat,OF
sa871442,Gustavo Polanco,C/1B,0.20000000298023224,0.2574100205674767,,2018,bat,C/1B
sa872571,Edgardo Fermin,2B/SS,0.20000000298023224,0.24890997139737003,,2018,bat,2B/SS
sa597034,Vicente Lupo,OF,0.20000000298023224,0.3788200057577341,NYM,2018,bat,OF
sa917328,Starling Heredia,OF,0.20000000298023224,0.4079199867555871,,2018,bat,OF
sa736993,Luis Terrero,2B/OF,0.20000000298023224,0.34732999932020886,,2018,bat,2B/OF
sa915575,Devin Hairston,2B/SS,0.20000000298023224,0.32028994557913393,,2018,bat,2B/SS
19931,Luke Williams,3B/OF,0.20000000298023224,0.36936001169960936,ATL,2018,bat,3B/OF
sa597594,Elio Castillo,1B/3B,0.20000000298023224,0.5107099995948373,,2018,bat,1B/3B
sa857749,Nick Sciortino,C,0.20000000298023224,0.27196000968106093,,2018,bat,C
sa736640,Gustavo Cabrera,OF,0.20000000298023224,0.40556000682990995,SFG,2018,bat,OF
sa873988,Camden Duzenack,2B/SS,0.20000000298023224,0.40844993388745937,,2018,bat,2B/SS
20538,Jose Miranda,1B/3B,0.20000000298023224,0.3508599987486376,SDP,2018,bat,1B/3B
sa829282,Gerard Hernandez,OF,0.20000000298023224,0.43921998408623036,,2018,bat,OF
sa829275,Isaias Quiroz,C,0.20000000298023224,0.314949978608638,,2018,bat,C
15941,Austin Nola,C,6.139800071716309,17.284479497373102,,2018,bat,C
sa739522,Miguel Guzman,C/1B,0.20000000298023224,0.251820053695701,,2018,bat,C/1B
sa873277,Aaron Knapp,OF,0.20000000298023224,0.3804700466338544,,2018,bat,OF
sa871485,Jhonny Bethencourt,2B,0.20000000298023224,0.3518500108271837,,2018,bat,2B
sa828147,Oliver Nunez,2B/3B/SS,0.20000000298023224,0.35040996442548916,,2018,bat,2B/3B/SS
sa738714,JaVon Shelby,3B/OF,0.20000000298023224,0.3058400007663294,,2018,bat,3B/OF
sa880781,Andy Perez,2B/3B,0.20000000298023224,0.3414799523772671,,2018,bat,2B/3B
sa598291,Ismael Salgado,OF,0.20000000298023224,0.4203099882462992,,2018,bat,OF
sa3002879,Brandon Benson,OF,0.20000000298023224,0.40084000674542036,,2018,bat,OF
sa829715,Kirvin Moesquit,2B/OF,0.20000000298023224,0.34557995211798687,BAL,2018,bat,2B/OF
sa875624,Pat Porter,OF,0.20000000298023224,0.5149700389709322,,2018,bat,OF
sa877499,Juan Luis,OF,0.20000000298023224,0.4373499675421043,PHI,2018,bat,OF
sa828250,Jean Carrillo,C,0.20000000298023224,0.23854997121961788,BAL,2018,bat,C
sa872753,Randy Vasquez,C/1B,0.20000000298023224,0.19423999846912912,,2018,bat,C/1B
sa877500,Rodolfo Durán,C,0.20000000298023224,0.2609200202859938,SDP,2018,bat,C
sa879273,Manny Argomaniz,C,0.20000000298023224,0.22018003114499146,,2018,bat,C
sa738349,Cory Thompson,P/SS,0.20000000298023224,0.3313699714606627,,2018,bat,P/SS
sa659001,Chad Christensen,1B/OF,0.20000000298023224,0.5096799863269552,,2018,bat,1B/OF
sa829529,Jeren Kendall,OF,0.20000000298023224,0.40402000118046993,,2018,bat,OF
sa3002634,Wilmer Perez,C,0.20000000298023224,0.27997998438077043,,2018,bat,C
19432,Yonny Hernández,2B/3B,0.20000000298023224,0.4026399570517242,NYM,2018,bat,2B/3B
sa830120,Kevin Josephina,2B/3B,0.20000000298023224,0.38184997742064286,,2018,bat,2B/3B
sa922148,J.C. Millan,3B,0.20000000298023224,0.31170001588761803,,2018,bat,3B
sa737087,Jhon Alvarez,C,0.20000000298023224,0.23301002102671187,,2018,bat,C
sa915658,Orlando Garcia,2B,0.20000000298023224,0.30602000129874785,,2018,bat,2B
sa875336,Yeltsin Encarnacion,2B/SS,0.20000000298023224,0.33541003959253424,,2018,bat,2B/SS
sa829783,Quinn Brodey,OF,0.20000000298023224,0.3790800442220643,,2018,bat,OF
sa917141,Kelvin Melean,2B/3B/SS,0.20000000298023224,0.2570600074483081,,2018,bat,2B/3B/SS
sa3004156,Tyler Ratliff,3B/OF,0.20000000298023224,0.4165899967076256,,2018,bat,3B/OF
sa831745,Orlando Marquez,C,0.20000000298023224,0.19283000803552564,,2018,bat,C
sa3004180,Tyler Adkison,OF,0.20000000298023224,0.3794400540064088,LAD,2018,bat,OF
sa550605,Ronarsy Ledesma,3B,0.20000000298023224,0.338820022298023,,2018,bat,3B
sa658821,Timmy Robinson,OF,0.20000000298023224,0.40886001327307886,NYY,2018,bat,OF
sa918769,Bret Boswell,2B/3B,0.20000000298023224,0.5070700161159037,,2018,bat,2B/3B
sa918721,Aaron Schnurbusch,OF,0.20000000298023224,0.3763699820730836,,2018,bat,OF
sa873546,Alvaro Rubi,C/1B,0.20000000298023224,0.20296999182319259,LAD,2018,bat,C/1B
sa829127,Dash Winningham,1B,0.20000000298023224,0.46774005137849595,,2018,bat,1B
sa882090,Christian Cavaness,OF,0.20000000298023224,0.40146005442366,,2018,bat,OF
sa872566,Miguel Flames,1B,0.20000000298023224,0.21233005701797086,,2018,bat,1B
sa917306,Orian Nunez,2B/3B,0.20000000298023224,0.35405998530332006,,2018,bat,2B/3B
sa508110,Fernando Alejos,1B/OF,0.20000000298023224,0.503479969431646,,2018,bat,1B/OF
sa829142,Simeon Lucas,C/1B,0.20000000298023224,0.26124999090097845,CLE,2018,bat,C/1B
sa873712,Jay Jabs,OF,0.20000000298023224,0.29069000496529035,,2018,bat,OF
sa876118,Angelo La Bruna,2B/SS,0.20000000298023224,0.3581900262739509,WSN,2018,bat,2B/SS
sa827162,Austin Byler,1B,0.20000000298023224,0.5597400474362074,ARI,2018,bat,1B
sa657135,Angel Almao,2B/3B/SS,0.20000000298023224,0.2855599948670714,LAA,2018,bat,2B/3B/SS
20352,Ernie Clement,3B,0.20000000298023224,0.3562200279673562,TOR,2018,bat,3B
sa872484,Eduard Conde,C/2B,0.20000000298023224,0.26005004153121253,,2018,bat,C/2B
21635,Nick Maton,2B/3B,0.20000000298023224,0.289870006009005,,2018,bat,2B/3B
sa877609,Leudys Baez,OF,0.20000000298023224,0.443339958973229,,2018,bat,OF
sa3003428,Jonathan Soto,C,0.20000000298023224,0.24153002728708078,CHC,2018,bat,C
sa736845,Carlos Sanchez,C,0.20000000298023224,0.18252003618981685,,2018,bat,C
sa737836,Terry McClure,OF,0.20000000298023224,0.5673399948514998,,2018,bat,OF
sa873681,T.J. Nichting,OF,0.20000000298023224,0.41862002478446825,BAL,2018,bat,OF
19956,Mickey Moniak,OF,0.20000000298023224,0.42932003564201293,COL,2018,bat,OF
sa874799,Mitchell Hansen,OF,0.20000000298023224,0.3853099736850708,,2018,bat,OF
sa875340,Garrett Benge,3B,0.20000000298023224,0.35392005564644924,,2018,bat,3B
sa3004751,Logan Baldwin,OF,0.20000000298023224,0.38149002301506696,,2018,bat,OF
sa3002840,Wood Myers,2B/SS,0.20000000298023224,0.30939995790831737,,2018,bat,2B/SS
sa754679,Luis Vilorio,C,0.20000000298023224,0.2621499706758185,,2018,bat,C
sa918186,Sam Machonis,OF,0.20000000298023224,0.39618000462651254,,2018,bat,OF
sa915780,Austin Filiere,3B,0.20000000298023224,0.34737999878125264,,2018,bat,3B
sa877612,Nerluis Martinez,C/1B,0.20000000298023224,0.2506500293500721,,2018,bat,C/1B
sa827975,Randel Alcantara,3B,0.20000000298023224,0.3397399930283426,DET,2018,bat,3B
sa657139,Ranyelmy Alberto,OF,0.20000000298023224,0.3668599994620307,LAA,2018,bat,OF
sa872491,Ismerling Mota,C,0.20000000298023224,0.17732998270075767,,2018,bat,C
sa876324,Mattingly Romanin,2B/3B,0.20000000298023224,0.2999799970770254,,2018,bat,2B/3B
sa3002834,Brock Lundquist,OF,0.20000000298023224,0.3836300363764167,TOR,2018,bat,OF
sa548065,Jesus Loya,OF,0.20000000298023224,0.39081001309677954,,2018,bat,OF
20454,Jazz Chisholm Jr.,2B/OF,0.20000000298023224,0.3400799486786127,NYY,2018,bat,2B/OF
sa602593,Jimmy Pickens,OF,0.20000000298023224,0.40409999587573103,,2018,bat,OF
19722,Carlos Narváez,C,0.20000000298023224,0.20714005329646168,BOS,2018,bat,C
sa3003953,Frankie Rios,SS,0.20000000298023224,0.3475400171941146,,2018,bat,SS
sa739578,Cristian Gomez,2B/SS,0.20000000298023224,0.27760996301658447,LAD,2018,bat,2B/SS
sa918639,Ryan Gold,C,0.20000000298023224,0.20988998432876532,,2018,bat,C
sa827963,Welfrin Mateo,2B/3B,0.20000000298023224,0.30972998177167016,,2018,bat,2B/3B
sa827979,Joantgel Segovia,OF,0.20000000298023224,0.41587003797758365,,2018,bat,OF
sa828380,Alexis Wilson,C,0.20000000298023224,0.19986001385841506,,2018,bat,C
sa917319,Carlos Rincon,OF,0.20000000298023224,0.3994199982611462,,2018,bat,OF
sa872496,Jorge Gordon,C,0.20000000298023224,0.17057001537177707,,2018,bat,C
sa918654,Walker Olis,OF,0.20000000298023224,0.36349996668286616,MIA,2018,bat,OF
sa826787,Geoandry Montilla,C,0.20000000298023224,0.17620999718783426,,2018,bat,C
sa872812,Darling Cuesto,C,0.20000000298023224,0.21700003537116563,,2018,bat,C
sa826675,Greifer Andrade,SS/OF,0.20000000298023224,0.2748000286752358,,2018,bat,SS/OF
21794,Sherten Apostel,1B/3B,0.20000000298023224,0.33767999168485396,,2018,bat,1B/3B
20503,William Contreras,C,0.20000000298023224,0.25044003223301836,MIL,2018,bat,C
21735,Sebastián Rivero,C,0.20000000298023224,0.22583000732120126,LAA,2018,bat,C
sa917737,Marco Hernandez,C,0.20000000298023224,0.19503995481645683,,2018,bat,C
sa655914,Steven Fuentes,3B,0.20000000298023224,0.32893997745122755,,2018,bat,3B
sa828865,Jose Miguel Medina,OF,0.20000000298023224,0.35686998246237633,,2018,bat,OF
sa739014,Ryan Kirby,1B,0.20000000298023224,0.4599800349446012,,2018,bat,1B
sa657545,Juan Tejada,OF,0.20000000298023224,0.41043998438399276,,2018,bat,OF
sa875991,Kane Sweeney,1B,0.20000000298023224,0.46872999868355686,NYY,2018,bat,1B
sa872557,Melvin Jimenez,2B/SS,0.20000000298023224,0.30571000974159684,PIT,2018,bat,2B/SS
sa3002852,Alexander Campos,2B/3B/SS,0.20000000298023224,0.26849003892857576,,2018,bat,2B/3B/SS
sa918863,Matt Brooks,OF,0.20000000298023224,0.2735900107538327,,2018,bat,OF
sa829583,Nathan Winfrey,1B/3B,0.20000000298023224,0.3194099499611184,CLE,2018,bat,1B/3B
sa918197,Josh Merrigan,OF,0.20000000298023224,0.35814000600948925,LAA,2018,bat,OF
sa872453,Luis Guzman,2B/3B/SS,0.20000000298023224,0.24688995440956202,,2018,bat,2B/3B/SS
sa876336,R.J. Dennard,1B,0.20000000298023224,0.4616700039478018,STL,2018,bat,1B
sa858022,Boomer White,3B,0.20000000298023224,0.31826996249146755,,2018,bat,3B
20543,Elehuris Montero,1B,0.20000000298023224,0.30751002525212234,,2018,bat,1B
sa658478,Robert Martinez,OF,0.20000000298023224,0.39959006176795814,,2018,bat,OF
sa917487,Carlos Oropeza,C,0.20000000298023224,0.23195002303691575,PHI,2018,bat,C
sa508053,Valentin Gamez,1B/3B,0.20000000298023224,0.48760998218785956,,2018,bat,1B/3B
sa657768,Chris Pieters,1B/OF,0.20000000298023224,0.4935900215059517,,2018,bat,1B/OF
sa875706,Ryan Howell,1B/3B,0.20000000298023224,0.47919999975711103,,2018,bat,1B/3B
sa874235,Blake Tiberi,2B/3B,0.20000000298023224,0.2803400091361254,,2018,bat,2B/3B
sa873985,Frank Crinella,2B/3B,0.20000000298023224,0.3163800522219389,,2018,bat,2B/3B
sa872720,Joe Dudek,1B,0.20000000298023224,0.48662994573824103,KCR,2018,bat,1B
sa657572,Wilkyns Jimenez,C,0.20000000298023224,0.21438999634701755,COL,2018,bat,C
sa827974,Hector Martinez,2B,0.20000000298023224,0.3157300689257681,,2018,bat,2B
sa879517,Dylan Becker,1B/3B,0.20000000298023224,0.472079958161339,,2018,bat,1B/3B
sa878799,Bryant Aragon,1B,0.20000000298023224,0.20405002606566994,,2018,bat,1B
sa829383,Matt Jones,1B/OF,0.20000000298023224,0.45489994662348177,LAD,2018,bat,1B/OF
sa831986,Oscar Campos,C,0.20000000298023224,0.16993000297807156,,2018,bat,C
sa658249,Alan Sharkey,1B,0.20000000298023224,0.47153995090629897,,2018,bat,1B
sa506042,Michael Soto,1B/3B,0.20000000298023224,0.4854199623689054,,2018,bat,1B/3B
sa3003959,Cullen Large,3B/OF,0.20000000298023224,0.2895699774613603,,2018,bat,3B/OF
sa737069,Sandy Santos,OF,0.20000000298023224,0.3961799897486344,PIT,2018,bat,OF
sa872512,Jose Lizarraga,C/1B,0.20000000298023224,0.21630001383600753,,2018,bat,C/1B
sa917077,Everlouis Lozada,2B/3B,0.20000000298023224,0.3377299929503352,,2018,bat,2B/3B
sa660373,Ismael Martinez,1B,0.20000000298023224,0.49988000039011227,,2018,bat,1B
sa918351,Spencer Johnson,1B/OF,0.20000000298023224,0.4940600075758994,,2018,bat,1B/OF
sa875244,Yomar Valentin,2B/SS,0.20000000298023224,0.30461995319928964,,2018,bat,2B/SS
sa736920,Raiwinson Lameda,1B/OF,0.20000000298023224,0.4229799818713217,,2018,bat,1B/OF
sa829838,Jesse Berardi,2B/3B/SS,0.20000000298023224,0.33756996711017556,,2018,bat,2B/3B/SS
22857,Wenceel Pérez,OF,0.20000000298023224,0.30171995623968534,DET,2018,bat,OF
20501,Scott Hurst,OF,0.20000000298023224,0.3678300138795748,,2018,bat,OF
sa3003201,Miguel Pena,C,0.20000000298023224,0.17991995497141028,,2018,bat,C
sa657399,Andres Martinez,3B/SS,0.20000000298023224,0.3318199895787983,,2018,bat,3B/SS
sa917562,Jorge Sequera,1B,0.20000000298023224,0.24550997593905777,,2018,bat,1B
sa923239,Reinaldo Ilarraza,2B/OF,0.20000000298023224,0.2951000071130692,,2018,bat,2B/OF
sa738556,Drew Bridges,3B,0.20000000298023224,0.32219000875484194,,2018,bat,3B
sa602877,Austin Davis,3B/OF,0.20000000298023224,0.31616997539531433,,2018,bat,3B/OF
sa738529,Daniel De La Calle,C,0.20000000298023224,0.16118996364530175,,2018,bat,C
sa917025,Cristian Perez,SS,0.20000000298023224,0.25968994044233107,,2018,bat,SS
sa917127,Jonathan Guzmán,SS,0.20000000298023224,0.2780700124567374,,2018,bat,SS
sa694155,Antonio Rodriguez,OF,0.20000000298023224,0.39050994443241505,,2018,bat,OF
21853,Will Benson,OF,0.20000000298023224,0.42256998261436807,CIN,2018,bat,OF
sa744255,Joseph Astacio,2B/SS,0.20000000298023224,0.2584499668097122,,2018,bat,2B/SS
22458,Taylor Walls,SS,0.20000000298023224,0.19836001052754,TBR,2018,bat,SS
sa828708,Gareth Morgan,OF,0.20000000298023224,0.3410199884092435,,2018,bat,OF
sa875830,Steve Laurino,1B,0.20000000298023224,0.468249954492785,BAL,2018,bat,1B
sa917018,Juan Ramirez,OF,0.20000000298023224,0.37268993144389234,,2018,bat,OF
sa185362,Ramon Orantes,1B,0.20000000298023224,0.5147499927319584,,2018,bat,1B
19873,Drew Ellis,3B,0.20000000298023224,0.3844100687885656,,2018,bat,3B
sa877872,Jonathan Popadics,2B,0.20000000298023224,0.3067799733253196,,2018,bat,2B
sa917297,Guillermo Granadillo,OF,0.20000000298023224,0.3449799553724005,,2018,bat,OF
sa876017,Jeff Smith,2B,0.20000000298023224,0.30819002746138713,,2018,bat,2B
sa829108,Junior Soto,OF,0.20000000298023224,0.39109000922180714,NYY,2018,bat,OF
sa918492,Steven Linkous,OF,0.20000000298023224,0.5364000038942321,COL,2018,bat,OF
sa876197,Quinnton Mack,OF,0.20000000298023224,0.3806399651104584,,2018,bat,OF
sa877365,Ricky Aracena,2B/SS,0.20000000298023224,0.2676800181856379,,2018,bat,2B/SS
22563,Gabriel Arias,SS,0.20000000298023224,0.30137000037357203,CLE,2018,bat,SS
sa738385,Owen Spiwak,C,0.20000000298023224,0.18445006196852767,,2018,bat,C
sa504988,Wilmer Dominguez,C,0.20000000298023224,0.20541999372653663,,2018,bat,C
sa3004519,Harrison White,OF,0.20000000298023224,0.3383900091517716,,2018,bat,OF
sa871441,Rafael Narea,SS,0.20000000298023224,0.3020300111500545,,2018,bat,SS
sa917956,Cole Stobbe,3B,0.20000000298023224,0.282899991190061,,2018,bat,3B
sa657138,Juan Moreno,2B/SS,0.20000000298023224,0.2607800194178707,,2018,bat,2B/SS
sa736694,Jorma Rodriguez,2B/3B,0.20000000298023224,0.32874000743031495,,2018,bat,2B/3B
sa873144,Jose Carrillo,C,0.20000000298023224,0.15266003378201273,,2018,bat,C
sa917279,Maxwell Morales,C,0.20000000298023224,0.29461000959854566,,2018,bat,C
sa917167,Ruben Santana,2B,0.20000000298023224,0.2926699745701624,,2018,bat,2B
sa917360,Francisco Ventura,C,0.20000000298023224,0.2679600207367911,,2018,bat,C
sa737816,Amalani Fukofuka,OF,0.20000000298023224,0.38335004416294394,KCR,2018,bat,OF
sa739832,Jhonatan Pena,OF,0.20000000298023224,0.3771300127729773,SDP,2018,bat,OF
sa737944,Kendall Coleman,OF,0.20000000298023224,0.3563800107687711,,2018,bat,OF
sa872502,Anthony Concepcion,1B/OF,0.20000000298023224,0.49560005534440277,ATL,2018,bat,1B/OF
sa918339,Anthony Churlin,OF,0.20000000298023224,0.3306499844649806,,2018,bat,OF
sa918608,Cole Gruber,OF,0.20000000298023224,0.3766099892323836,,2018,bat,OF
sa509432,Ricardo Vazquez,1B/OF,0.20000000298023224,0.47995000258088105,,2018,bat,1B/OF
sa913717,Juan Zabala,C,0.20000000298023224,0.1633599919034167,,2018,bat,C
sa828382,Wadye Ynfante,OF,0.20000000298023224,0.28342999028973276,,2018,bat,OF
sa875406,Zack Bowers,C,0.20000000298023224,0.16323001978453247,SFG,2018,bat,C
20002,Bryce Johnson,OF,0.20000000298023224,0.3440300173358991,SDP,2018,bat,OF
sa824868,Eric Meza,1B,0.20000000298023224,0.44110996222589166,,2018,bat,1B
sa918522,Bruce Yari,1B,0.20000000298023224,0.509380004776176,,2018,bat,1B
sa878742,Malvin Matos,OF,0.20000000298023224,0.39303996867965907,,2018,bat,OF
sa837662,Jose Polonia,3B,0.20000000298023224,0.2760699935490265,,2018,bat,3B
sa913806,Angel Miguel,2B/SS,0.20000000298023224,0.3185800347011536,CLE,2018,bat,2B/SS
sa921190,Nick King,2B/3B,0.20000000298023224,0.29352003242820496,,2018,bat,2B/3B
sa873561,Gabriel Brito,C,0.20000000298023224,0.18636999547015867,PIT,2018,bat,C
sa916844,Ricardo Genovés,C,0.20000000298023224,0.16603997054044156,,2018,bat,C
sa736967,Deivy Castillo,OF,0.20000000298023224,0.37589998894836746,,2018,bat,OF
sa753429,Joshual Ramirez,2B,0.20000000298023224,0.33134998590685427,,2018,bat,2B
sa828487,Mikell Granberry,C/1B,0.20000000298023224,0.19335000836290417,PIT,2018,bat,C/1B
sa877486,Samuel Castro,2B/SS,0.20000000298023224,0.26304001598618915,,2018,bat,2B/SS
sa510244,Francisco Williams,OF,0.20000000298023224,0.4477799967629834,,2018,bat,OF
sa185697,Pedro Diaz,1B/3B,0.20000000298023224,0.499309988808818,,2018,bat,1B/3B
sa919316,Oliver Carmona,3B/SS,0.20000000298023224,0.2673899432411417,LAA,2018,bat,3B/SS
sa873312,Keibert Petit,1B/OF,0.20000000298023224,0.22728998488746582,,2018,bat,1B/OF
sa872773,Jose Cabello,C/1B,0.20000000298023224,0.2194400008302182,,2018,bat,C/1B
sa740126,Jesus Atencio,C,0.20000000298023224,0.1936999790137633,KCR,2018,bat,C
sa829083,Zach Sullivan,OF,0.20000000298023224,0.3472399639897047,,2018,bat,OF
sa3004298,Michael Osinski,1B/3B,0.20000000298023224,0.33258996906224636,,2018,bat,1B/3B
sa872524,Yoel Romero,2B/3B,0.20000000298023224,0.2529199635377153,,2018,bat,2B/3B
sa876536,Brayan Hernandez,OF,0.20000000298023224,0.35248995171859854,,2018,bat,OF
sa917277,Cristian Inoa,1B/2B/SS,0.20000000298023224,0.3710500045213848,,2018,bat,1B/2B/SS
sa873482,Antonio Arias,OF,0.20000000298023224,0.3545800312887877,,2018,bat,OF
sa3004838,Stephen Kerr,2B/3B,0.20000000298023224,0.46849998997058706,,2018,bat,2B/3B
sa738481,Wesley Jones,2B/3B,0.20000000298023224,0.4443799959495662,COL,2018,bat,2B/3B
sa829408,Darius Day,OF,0.20000000298023224,0.4289799880236387,,2018,bat,OF
sa829161,Michael Katz,1B,0.20000000298023224,0.4559600005624815,,2018,bat,1B
sa918282,Manny Jefferson,2B/SS,0.20000000298023224,0.34933999837376173,,2018,bat,2B/SS
sa736943,Derik Capitillo,C/1B,0.20000000298023224,0.1938099918188526,,2018,bat,C/1B
sa862819,Wilbis Santiago,2B,0.20000000298023224,0.3190400430699809,,2018,bat,2B
sa3004510,Austin Bernard,C,0.20000000298023224,0.3509900035336613,,2018,bat,C
sa747591,Antony Brito,2B,0.20000000298023224,0.29122998218517737,COL,2018,bat,2B
sa917132,Ismael Munguia,OF,0.20000000298023224,0.34208000192884347,TOR,2018,bat,OF
sa834318,Federico Celli,OF,0.20000000298023224,0.372989952075295,LAD,2018,bat,OF
sa875767,Anthony Miller,1B,0.20000000298023224,0.4920100664021446,,2018,bat,1B
sa830227,Leonardo Molina,OF,0.20000000298023224,0.3579099748982116,,2018,bat,OF
sa3004260,Trevor Craport,3B/OF,0.20000000298023224,0.46503998753614717,BAL,2018,bat,3B/OF
sa735873,Oscar Rojas,OF,0.20000000298023224,0.32400998824741695,TBR,2018,bat,OF
sa918978,Nick Yarnall,1B,0.20000000298023224,0.4339399686316028,,2018,bat,1B
sa918543,Brennan Morgan,1B,0.20000000298023224,0.4072400540811941,,2018,bat,1B
sa738683,Michael Reed,OF,0.20000000298023224,0.3649399765301495,,2018,bat,OF
sa3003950,Luke Burch,OF,0.20000000298023224,0.36321004061028345,,2018,bat,OF
sa738906,Trever Morrison,2B/SS,0.20000000298023224,0.3152799965580924,,2018,bat,2B/SS
sa858049,Danny Zardon,1B/3B,0.20000000298023224,0.4628100190311669,,2018,bat,1B/3B
22168,Akil Baddoo,OF,0.20000000298023224,0.3598800397710874,MIL,2018,bat,OF
sa920278,Yariel Gonzalez,3B,0.20000000298023224,0.43033998060272993,,2018,bat,3B
sa875027,Demi Orimoloye,OF,0.20000000298023224,0.41173998368903986,,2018,bat,OF
sa3004881,Nick Choruby,OF,0.20000000298023224,0.31756004209164534,,2018,bat,OF
sa3004513,Brett Pope,2B/3B/SS,0.20000000298023224,0.28518001475604243,,2018,bat,2B/3B/SS
sa916731,Luis Avalo,C/1B,0.20000000298023224,0.22426001093117517,MIL,2018,bat,C/1B
sa3001891,Ivan Gamero,OF,0.20000000298023224,0.39478004029951985,,2018,bat,OF
sa918894,Joe Venturino,2B/OF,0.20000000298023224,0.23255997444503004,,2018,bat,2B/OF
sa737781,Mason Smith,OF,0.20000000298023224,0.3606999792158602,,2018,bat,OF
sa736698,Emmanuel Tapia,1B,0.20000000298023224,0.5083300050348042,,2018,bat,1B
sa913295,Branden Berry,1B,0.20000000298023224,0.4668900194345041,,2018,bat,1B
21780,Esteury Ruiz,OF,0.20000000298023224,0.2955099674640223,MIA,2018,bat,OF
sa875030,Jagger Rusconi,2B/OF,0.20000000298023224,0.32461003186181187,,2018,bat,2B/OF
sa917767,Lolo Sanchez,OF,0.20000000298023224,0.3675500284647569,,2018,bat,OF
sa929608,Alexander Martinez,OF,0.20000000298023224,0.3898699795594438,,2018,bat,OF
sa679482,Hector Roa,1B/OF,0.20000000298023224,0.43612997704185547,,2018,bat,1B/OF
sa827084,Rafael Gamboa,C/1B,0.20000000298023224,0.18698000359581776,,2018,bat,C/1B
sa828146,Robert Molina,C,0.20000000298023224,0.1872799823526293,MIN,2018,bat,C
sa3003963,Billy Cooke,OF,0.20000000298023224,0.31721000440884384,,2018,bat,OF
sa873338,Leonardo Ortiz,C/1B,0.20000000298023224,0.2243000010726973,CIN,2018,bat,C/1B
sa829560,Christian Williams,1B,0.20000000298023224,0.4317099665757268,,2018,bat,1B
sa830291,Reydel Medina,OF,0.20000000298023224,0.5266300288029016,CIN,2018,bat,OF
sa917349,Carlos Vargas,1B/SS,0.20000000298023224,0.2586400696774944,TBR,2018,bat,1B/SS
sa657503,Raymel Flores,2B/SS,0.20000000298023224,0.3457600563764572,,2018,bat,2B/SS
sa597198,Victor Moscote,1B,0.20000000298023224,0.1800100054824725,,2018,bat,1B
sa828294,Jose Almonte,OF,0.20000000298023224,0.4394600066822021,,2018,bat,OF
sa918358,Matt Diorio,OF,0.20000000298023224,0.3528200575383379,PIT,2018,bat,OF
sa828179,Moises Perez,SS,0.20000000298023224,0.2592100643785669,LAD,2018,bat,SS
sa828429,Jose Savinon,2B/SS,0.20000000298023224,0.28118000342510635,,2018,bat,2B/SS
21716,Enmanuel Valdez,2B,0.20000000298023224,0.24988002036698162,PIT,2018,bat,2B
sa3004930,Austen Wade,OF,0.20000000298023224,0.38764999450650056,,2018,bat,OF
sa872851,Imeldo Diaz,SS,0.20000000298023224,0.21158998963655895,,2018,bat,SS
sa917107,Roberto Alvarez,C,0.20000000298023224,0.133480002102442,,2018,bat,C
20404,Jared Young,1B/DH,0.20000000298023224,0.29322002688422794,NYM,2018,bat,1B/DH
sa918101,Nate Nolan,C,0.20000000298023224,0.1465100271394476,,2018,bat,C
sa917687,Robert Valera,C/1B,0.20000000298023224,0.13326995645184073,,2018,bat,C/1B
sa828210,Miguel Eladio,2B/SS,0.20000000298023224,0.3160499875666573,,2018,bat,2B/SS
sa736909,Pedro Flores,2B,0.20000000298023224,0.27583002874162044,,2018,bat,2B
sa872486,Marino Campana,OF,0.20000000298023224,0.3974499881034716,,2018,bat,OF
sa597752,Jacob Anderson,OF,0.20000000298023224,0.36493996942881485,,2018,bat,OF
sa872582,Moises Nunez,C/1B,0.20000000298023224,0.17474002423696217,,2018,bat,C/1B
21987,Rodolfo Castro,2B/SS,0.20000000298023224,0.2896299755666405,,2018,bat,2B/SS
sa658617,Leon Byrd,2B/OF,0.20000000298023224,0.26779999346472316,,2018,bat,2B/OF
sa917055,Miguel Hernandez,SS,0.20000000298023224,0.26566004713531577,,2018,bat,SS
sa918098,Blinger Perez,C/1B/OF,0.20000000298023224,0.1626100645284168,,2018,bat,C/1B/OF
sa829699,Tim Susnara,C,0.20000000298023224,0.23627996558789155,,2018,bat,C
sa826670,Jheyser Azuaje,C,0.20000000298023224,0.18514998975442715,DET,2018,bat,C
sa3003436,Trey Hair,2B/3B,0.20000000298023224,0.23757998028304422,,2018,bat,2B/3B
sa829318,Darryl Knight,C/1B,0.20000000298023224,0.1827399713685736,,2018,bat,C/1B
sa918320,Andre Jernigan,2B/3B,0.20000000298023224,0.2948200397891923,,2018,bat,2B/3B
sa828307,Andy Pineda,OF,0.20000000298023224,0.32234000912867483,,2018,bat,OF
sa918530,Brady Conlan,3B,0.20000000298023224,0.408540009590797,CHW,2018,bat,3B
sa876101,Kolbey Carpenter,2B,0.20000000298023224,0.27940998375415793,,2018,bat,2B
sa737820,Ryan Aper,OF,0.20000000298023224,0.35852000333834433,,2018,bat,OF
sa916845,Nishell Gutierrez,C/2B,0.20000000298023224,0.1472500178962945,,2018,bat,C/2B
sa829021,Alex Abbott,OF,0.20000000298023224,0.35437997914850705,LAA,2018,bat,OF
sa917054,Carlos Reina,C,0.20000000298023224,0.21000005628447976,,2018,bat,C
sa880045,Alexito Feliz,1B/OF,0.20000000298023224,0.31935994268860657,PHI,2018,bat,1B/OF
sa738624,Kacy Clemens,1B,0.20000000298023224,0.4214299780549481,,2018,bat,1B
sa872861,Javier Castillo,1B/2B/3B,0.20000000298023224,0.2756600308930501,,2018,bat,1B/2B/3B
sa829319,Jonathan Oquendo,2B/3B,0.20000000298023224,0.26406001446302974,,2018,bat,2B/3B
sa3004160,Jake Scheiner,1B/3B,0.20000000298023224,0.30272000301629304,,2018,bat,1B/3B
sa829465,Todd Isaacs,OF,0.20000000298023224,0.4010399726917967,COL,2018,bat,OF
sa3002884,Jalen Washington,C/1B,0.20000000298023224,0.15985999989788974,,2018,bat,C/1B
sa872509,Marcos Rivera,3B/SS,0.20000000298023224,0.19023000369779758,,2018,bat,3B/SS
sa918641,Connor Myers,OF,0.20000000298023224,0.364290013583377,,2018,bat,OF
sa872750,Miguelangel Sierra,2B/SS,0.20000000298023224,0.1839000100735574,,2018,bat,2B/SS
20463,Irving Lopez,2B/3B,0.20000000298023224,0.2564500333508476,,2018,bat,2B/3B
sa917991,Kole Enright,2B/OF,0.20000000298023224,0.3408600136404856,,2018,bat,2B/OF
sa918688,Garrett Copeland,2B/3B,0.20000000298023224,0.26786002598237246,,2018,bat,2B/3B
sa736757,Oswaldo Garcia,C,0.20000000298023224,0.17488997720647595,,2018,bat,C
sa739643,Raymundo Torres,OF,0.20000000298023224,0.32989004971459507,LAD,2018,bat,OF
sa833333,Moises Bello,3B/SS,0.20000000298023224,0.2708299716003238,,2018,bat,3B/SS
sa872756,Carlos Machado,OF,0.20000000298023224,0.3063499951036646,,2018,bat,OF
sa872802,Jose Rivero,2B/SS,0.20000000298023224,0.18534997864626343,,2018,bat,2B/SS
sa738654,Dalton Dulin,2B,0.20000000298023224,0.2640199698274955,,2018,bat,2B
sa737261,Bryan Tejada,C/1B,0.20000000298023224,0.1730799903045408,,2018,bat,C/1B
sa598314,Carlos Mesa,OF,0.20000000298023224,0.3744200512068346,,2018,bat,OF
sa915734,Kyle Davis,2B,0.20000000298023224,0.21986998135689645,,2018,bat,2B
sa737621,Jordan Paroubeck,OF,0.20000000298023224,0.35509004902560254,LAD,2018,bat,OF
sa917802,Nolan Perez,3B,0.20000000298023224,0.2353800180135294,,2018,bat,3B
sa917118,Wilmer Reyes,2B/SS,0.20000000298023224,0.23351005776785305,,2018,bat,2B/SS
sa918139,Trey York,2B,0.20000000298023224,0.25987001319881525,,2018,bat,2B
sa829086,Yoan Aybar,P/OF,0.20000000298023224,0.3800200428813695,,2018,bat,P/OF
sa828826,Manuel Herazo,C,0.20000000298023224,0.1309900030959397,,2018,bat,C
sa3003291,Francisco Acuna,SS,0.20000000298023224,0.20946000721305608,SDP,2018,bat,SS
sa599256,Nick Flair,1B,0.20000000298023224,0.44905998283065846,LAA,2018,bat,1B
sa877352,Jhoandro Alfaro,C,0.20000000298023224,0.13059998888056715,,2018,bat,C
sa3004622,Jonathan Pryor,OF,0.20000000298023224,0.37842002338729797,,2018,bat,OF
sa919393,Steven Reveles,2B/3B,0.20000000298023224,0.26632997505366784,,2018,bat,2B/3B
sa3004128,Laz Rivera,SS,0.20000000298023224,0.23505996603053064,,2018,bat,SS
sa917089,Ricardo Cubillan,SS,0.20000000298023224,0.2809900250984355,,2018,bat,SS
sa918146,Max Dutto,SS,0.20000000298023224,0.2167900250991806,TEX,2018,bat,SS
sa828240,Maiker Feliz,3B,0.20000000298023224,0.23872001421404998,,2018,bat,3B
sa737365,Juan Hernandez,OF,0.20000000298023224,0.362450006394647,,2018,bat,OF
sa827962,Yancarlos Baez,SS,0.20000000298023224,0.21045997401233763,MIN,2018,bat,SS
sa657993,Justin Chigbogu,1B,0.20000000298023224,0.44802994511555877,,2018,bat,1B
sa736687,Jhonny Rodriguez,OF,0.20000000298023224,0.2966800520895049,,2018,bat,OF
19892,Pavin Smith,1B/OF,0.20000000298023224,0.48653005708474656,ARI,2018,bat,1B/OF
sa657325,Victor Rey,C/3B,0.20000000298023224,0.14005001423647617,,2018,bat,C/3B
sa915797,Zach Rutherford,3B/SS,0.20000000298023224,0.16980001183692364,,2018,bat,3B/SS
sa599530,Ryan Krill,1B,0.20000000298023224,0.4082399797858669,,2018,bat,1B
sa3003964,Ryan Grotjohn,2B/OF,0.20000000298023224,0.3237599670654162,,2018,bat,2B/OF
20308,Jake Meyers,OF,0.20000000298023224,0.30588996240403504,HOU,2018,bat,OF
sa915851,Adrian Tovalin,1B/3B,0.20000000298023224,0.24042001923080536,,2018,bat,1B/3B
sa872765,Omar Meregildo,1B/3B,0.20000000298023224,0.3110599439474753,,2018,bat,1B/3B
sa875788,Alan Garcia,OF,0.20000000298023224,0.3249399582156911,,2018,bat,OF
22823,Oswald Peraza,3B,0.20000000298023224,0.1915099582169204,LAA,2018,bat,3B
sa872858,Ignacio Otano,3B/SS,0.20000000298023224,0.2296699758386238,CHC,2018,bat,3B/SS
sa874222,David Martinelli,OF,0.20000000298023224,0.36570002147927877,PHI,2018,bat,OF
sa873167,Franklin Garcia,3B,0.20000000298023224,0.3177499606972559,COL,2018,bat,3B
sa737250,Ramy Perez,C/1B/3B,0.20000000298023224,0.16421996031422165,,2018,bat,C/1B/3B
sa875248,Zack Shields,OF,0.20000000298023224,0.3763399939751253,CIN,2018,bat,OF
sa3002865,Gilberto Vizcarra,C,0.20000000298023224,0.14910002101678396,,2018,bat,C
sa871443,Jose Rojas,OF,0.20000000298023224,0.17854999613482506,CHC,2018,bat,OF
sa917074,Pedro Castellanos,1B/OF,0.20000000298023224,0.46270999915432176,,2018,bat,1B/OF
sa828209,Jason Rodriguez,C,0.20000000298023224,0.1913999434676952,,2018,bat,C
sa872475,Brian Sanchez,OF,0.20000000298023224,0.33169000900816176,,2018,bat,OF
sa917184,Jose King,2B/SS,0.20000000298023224,0.20791997169144447,,2018,bat,2B/SS
sa828403,Hanser Ortiz,C/1B,0.20000000298023224,0.15961998510174455,,2018,bat,C/1B
sa828819,Dario Unda,OF,0.20000000298023224,0.32824994259281076,NYY,2018,bat,OF
sa917120,David Lozano,1B/2B,0.20000000298023224,0.21689001648919648,,2018,bat,1B/2B
sa915589,Willy Yahn,3B,0.20000000298023224,0.26148995087714855,BAL,2018,bat,3B
sa3003311,Marcos Gonzalez,1B/SS,0.20000000298023224,0.2305000261869281,,2018,bat,1B/SS
sa827944,Bryan Lizardo,3B,0.20000000298023224,0.2472599651198834,TOR,2018,bat,3B
sa877334,Ricardo Rodriguez,C,0.20000000298023224,0.20295000112382694,,2018,bat,C
sa833404,Luis Lebron,C,0.20000000298023224,0.1264100039727054,,2018,bat,C
sa828339,Richard Nunez,C/1B,0.20000000298023224,0.167609974485822,,2018,bat,C/1B
sa745014,Offerman Collado,2B/SS,0.20000000298023224,0.2573500408558174,,2018,bat,2B/SS
sa875847,Campbell Wear,C,0.20000000298023224,0.15493001763243225,COL,2018,bat,C
sa597028,Jose Augusto Figueroa,OF,0.20000000298023224,0.33322994541376816,,2018,bat,OF
sa826656,Alexander Alvarez,C,0.20000000298023224,0.11421000304399054,,2018,bat,C
sa917282,Juan Almonte,SS,0.20000000298023224,0.33540999800898125,,2018,bat,SS
sa833000,Reiny Beltre,2B/3B,0.20000000298023224,0.2554700212320313,HOU,2018,bat,2B/3B
sa883288,Anderson Bohorquez,1B/OF,0.20000000298023224,0.2167599863838404,,2018,bat,1B/OF
sa658469,Brauly Mejia,OF,0.20000000298023224,0.3328800103394314,,2018,bat,OF
sa917935,Delvin Pérez,SS,0.20000000298023224,0.1834999811835587,,2018,bat,SS
sa657485,Marco Guzman,2B/SS,0.20000000298023224,0.26159997357754033,,2018,bat,2B/SS
sa828233,Ronald Rosario,OF,0.20000000298023224,0.286959964572452,,2018,bat,OF
sa3004971,Logan Taylor,OF,0.20000000298023224,0.2942000029725022,,2018,bat,OF
sa876334,Billy Endris,OF,0.20000000298023224,0.3368399776518345,,2018,bat,OF
23264,Canaan Smith-Njigba,OF,0.20000000298023224,0.3138600381324068,,2018,bat,OF
sa872469,Sterling Guzman,3B,0.20000000298023224,0.24030998456291855,,2018,bat,3B
sa876234,Michael Hickman,C/1B,0.20000000298023224,0.11949005336500698,,2018,bat,C/1B
sa918534,Isaac Benard,OF,0.20000000298023224,0.27157997000031175,,2018,bat,OF
19968,Jared Oliva,OF,0.20000000298023224,0.3369100423064082,SFG,2018,bat,OF
sa828959,Casey Soltis,OF,0.20000000298023224,0.3216300282394513,,2018,bat,OF
sa3002868,Daniel Jipping,1B/OF,0.20000000298023224,0.5050399932079017,COL,2018,bat,1B/OF
sa738630,Ronnie Gideon,1B,0.20000000298023224,0.46092997750965875,,2018,bat,1B
sa917310,Eddie Hernandez,2B/3B,0.20000000298023224,0.3223500479478389,,2018,bat,2B/3B
sa658980,Ben Johnson,OF,0.20000000298023224,0.4890400025295093,COL,2018,bat,OF
sa657777,Bill Pujols,2B/3B/SS,0.20000000298023224,0.24787001784425222,,2018,bat,2B/3B/SS
sa737222,Erlin Cerda,2B/3B,0.20000000298023224,0.2818099612370132,,2018,bat,2B/3B
sa872828,Javier Guevara,C,0.20000000298023224,0.3109599879710002,,2018,bat,C
sa828422,Hendrik Clementina,C,0.20000000298023224,0.19065003095893182,,2018,bat,C
sa918866,Travis Bolin,OF,0.20000000298023224,0.40509002050384874,TEX,2018,bat,OF
sa875361,Ed Charlton,OF,0.20000000298023224,0.3708400179399177,CIN,2018,bat,OF
sa736856,Darryl Florentino,OF,0.20000000298023224,0.3290000093868002,,2018,bat,OF
sa877839,Luis Espiritu Jr.,2B/3B,0.20000000298023224,0.24633998877834518,PHI,2018,bat,2B/3B
sa917355,Luis Diaz,2B/3B,0.20000000298023224,0.27972002064343543,,2018,bat,2B/3B
sa918278,Brady Whalen,1B,0.20000000298023224,0.23689003312028936,,2018,bat,1B
21897,Christopher Morel,DH/OF,0.20000000298023224,0.2863799733808264,MIA,2018,bat,DH/OF
sa872798,Juan Pineda,2B/SS,0.20000000298023224,0.20842001417186107,,2018,bat,2B/SS
9253,Keon Broxton,OF,37.033199310302734,141.67911314964292,,2018,bat,OF
sa738665,Anthony Ray,OF,0.20000000298023224,0.3265600146492942,STL,2018,bat,OF
sa875092,Jason Heinrich,OF,0.20000000298023224,0.32795001012273123,,2018,bat,OF
sa830300,Franklin Torres,2B,0.20000000298023224,0.20766007432248432,,2018,bat,2B
sa875748,Chris Keck,1B/3B,0.20000000298023224,0.5795800382271408,COL,2018,bat,1B/3B
sa873303,Nelson Gomez,3B,0.20000000298023224,0.2490599627140909,,2018,bat,3B
sa872548,Wilkerman Garcia,SS,0.20000000298023224,0.18761000125668936,,2018,bat,SS
sa876084,Kris Goodman,3B/OF,0.20000000298023224,0.41437998889014116,,2018,bat,3B/OF
sa828270,Carlos Sosa,3B,0.20000000298023224,0.26076001222245393,,2018,bat,3B
sa872494,Jesus Lage,SS,0.20000000298023224,0.20188996631186448,,2018,bat,SS
20157,Matthew Batten,2B/3B,0.20000000298023224,0.22677996703423559,,2018,bat,2B/3B
sa919011,Collin Woody,1B/3B,0.20000000298023224,0.4175199860706925,BAL,2018,bat,1B/3B
sa737206,Jose G. Rodriguez,2B,0.20000000298023224,0.24404995243530717,COL,2018,bat,2B
sa916849,Diego Rincones,OF,0.20000000298023224,0.2902299449546262,,2018,bat,OF
sa917022,Rubendy Jaquez,2B/3B,0.20000000298023224,0.24958003258798261,,2018,bat,2B/3B
sa916848,Franklin Labour,OF,0.20000000298023224,0.2983700152952223,,2018,bat,OF
sa875245,Jacob Cooper,C/OF,0.20000000298023224,0.1132600352051668,,2018,bat,C/OF
sa874775,Eric Jenkins,OF,0.20000000298023224,0.3953900333028286,,2018,bat,OF
sa877337,Gilbert Lara,3B/SS,0.20000000298023224,0.22008004619274277,,2018,bat,3B/SS
sa3004726,Chris Sharpe,OF,0.20000000298023224,0.3235699880635365,ATL,2018,bat,OF
sa736879,Pabel Manzanero,C/1B,0.20000000298023224,0.18918998534791162,,2018,bat,C/1B
sa918779,Trenton Hill,P/1B,0.20000000298023224,0.37895000844728194,MIA,2018,bat,P/1B
sa917292,Ronaldo Urdaneta,2B,0.20000000298023224,0.20546004702337078,,2018,bat,2B
sa872529,Jefrey Souffront,3B/SS,0.20000000298023224,0.22404999685240912,LAD,2018,bat,3B/SS
sa736902,Jhoan Herrera,1B/3B,0.20000000298023224,0.24742004451109098,PIT,2018,bat,1B/3B
sa506768,Benjamin Alegria,2B,0.20000000298023224,0.2406699655344709,,2018,bat,2B
sa874213,Colby Bortles,3B,0.20000000298023224,0.40808001128025345,DET,2018,bat,3B
sa871446,Jose Salas,3B/SS,0.20000000298023224,0.2405999987851828,,2018,bat,3B/SS
sa918507,Malique Ziegler,OF,0.20000000298023224,0.2985199620947241,MIN,2018,bat,OF
sa658163,Kristian Brito,1B,0.20000000298023224,0.4202999772736802,,2018,bat,1B
sa829788,Arnaldo Berrios,OF,0.20000000298023224,0.28295998626854263,NYM,2018,bat,OF
sa3003219,Rafael Lantigua,2B,0.20000000298023224,0.2258999866433441,TOR,2018,bat,2B
sa917110,Cristhian Pedroza,2B/3B,0.20000000298023224,0.19147001595702015,,2018,bat,2B/3B
sa737085,Cesar Gonzalez,OF,0.20000000298023224,0.31668996019288886,,2018,bat,OF
sa917939,Andy Yerzy,C/1B,0.20000000298023224,0.21234000453259794,STL,2018,bat,C/1B
22799,Geraldo Perdomo,SS,0.20000000298023224,0.24495994355529543,ARI,2018,bat,SS
sa3004069,Justin Bridgman,2B/3B,0.20000000298023224,0.19713001430500293,,2018,bat,2B/3B
sa828269,Westhers Magdaleno,3B/SS,0.20000000298023224,0.18369001022074366,,2018,bat,3B/SS
22842,Alexander Canario,OF,0.20000000298023224,0.3037699889857321,,2018,bat,OF
sa917185,Luis Lara,3B,0.20000000298023224,0.4741600303910672,,2018,bat,3B
sa3004285,Dylan Rosa,OF,0.20000000298023224,0.3258399817859754,,2018,bat,OF
sa3003967,Julio Gonzalez,2B/3B/SS,0.20000000298023224,0.2408599694026633,KCR,2018,bat,2B/3B/SS
sa873155,Jose Marquez,2B,0.20000000298023224,0.24308996004983774,,2018,bat,2B
sa3002837,Clark Scolamiero,OF,0.20000000298023224,0.34120995552511885,,2018,bat,OF
22209,Sam Huff,C,0.20000000298023224,0.21821001444477583,BAL,2018,bat,C
sa828197,Ricardo Cespedes,OF,0.20000000298023224,0.2839900589082389,,2018,bat,OF
sa872497,Erick Mordock,OF,0.20000000298023224,0.18680004144553086,,2018,bat,OF
sa829017,Mitch Trees,C,0.20000000298023224,0.1423299883026629,,2018,bat,C
sa3003183,Marcos Brito,2B/SS,0.20000000298023224,0.18302000220865,,2018,bat,2B/SS
sa3004398,Tyler Benson,OF,0.20000000298023224,0.29622998728882527,,2018,bat,OF
sa872535,Mariel Bautista,OF,0.20000000298023224,0.36017002889420824,,2018,bat,OF
sa828257,Valentin Martinez,C,0.20000000298023224,0.17761999729555095,,2018,bat,C
sa3003306,Yhon Perez,2B/OF,0.20000000298023224,0.2212500376161187,TOR,2018,bat,2B/OF
sa916993,Santo Vasquez,SS,0.20000000298023224,0.16093004040885714,CHW,2018,bat,SS
sa827968,Juan Rodriguez,OF,0.20000000298023224,0.2891799575649201,,2018,bat,OF
sa916719,Derian Cruz,2B/SS,0.20000000298023224,0.2328799351118504,,2018,bat,2B/SS
sa917093,Kervin Suarez,2B/OF,0.20000000298023224,0.26968001925852136,,2018,bat,2B/OF
sa872855,Freiberg Marin,2B,0.20000000298023224,0.23363000187091518,,2018,bat,2B
sa599516,Erik Forgione,2B/SS,0.20000000298023224,0.23349996388424177,PIT,2018,bat,2B/SS
sa916830,Luis Almanzar,3B/SS,0.20000000298023224,0.18610996557399623,,2018,bat,3B/SS
sa917463,Luis Leon,C/SS,0.20000000298023224,0.1420600595651194,,2018,bat,C/SS
sa915659,Tanner Gardner,OF,0.20000000298023224,0.4749700653366744,,2018,bat,OF
sa3003419,Francisco Ortiz,C/1B,0.20000000298023224,0.29140994199551634,,2018,bat,C/1B
sa872757,Angel Tejeda,OF,0.20000000298023224,0.26213997330050914,BAL,2018,bat,OF
sa872559,Eddy Vizcaino,OF,0.20000000298023224,0.3082000098889693,PIT,2018,bat,OF
sa828272,Luis Asuncion,OF,0.20000000298023224,0.29730995898135,,2018,bat,OF
sa872540,Gleyvin Pineda,2B/3B/SS,0.20000000298023224,0.1915299394284375,,2018,bat,2B/3B/SS
sa737563,Kelvin Fajardo,3B,0.20000000298023224,0.23125001895241432,,2018,bat,3B
21127,Alejo Lopez,2B,0.20000000298023224,0.26819998887367535,SEA,2018,bat,2B
sa875193,Greg Pickett,1B/OF,0.20000000298023224,0.33330999037716524,,2018,bat,1B/OF
sa872783,Cristopher Cespedes,OF,0.20000000298023224,0.35044995758216824,,2018,bat,OF
sa244219,Baltazar Lopez,1B/OF,0.20000000298023224,0.4253100205678493,,2018,bat,1B/OF
sa736903,Michael De La Cruz,OF,0.20000000298023224,0.3021900286665185,PIT,2018,bat,OF
sa917095,Eduardo Torrealba,2B/SS,0.20000000298023224,0.165910010645166,,2018,bat,2B/SS
sa917066,Enrique Saldana,P/SS,0.20000000298023224,0.4089100142009555,,2018,bat,P/SS
sa872778,Nicolas Miranda,2B/3B,0.20000000298023224,0.18605003040283916,HOU,2018,bat,2B/3B
sa918560,Jeramiah McCray,OF,0.20000000298023224,0.26804997534491115,,2018,bat,OF
sa658502,Ryan Ripken,1B,0.20000000298023224,0.40485002503264683,,2018,bat,1B
sa917304,Henderson Perez,C,0.20000000298023224,0.14524005686398592,,2018,bat,C
21270,Sean Bouchard,OF,0.20000000298023224,0.5645300103351472,,2018,bat,OF
sa917119,Shervyen Newton,SS,0.20000000298023224,0.1902299818582833,,2018,bat,SS
sa827943,Jesus Severino,3B/SS,0.20000000298023224,0.1582100424799136,,2018,bat,3B/SS
sa3004142,Chris Seise,3B/SS,0.20000000298023224,0.2532300441525876,,2018,bat,3B/SS
sa738933,Connor Goedert,1B/3B,0.20000000298023224,0.4119499689666553,,2018,bat,1B/3B
sa833676,Hansel Moreno,SS/OF,0.20000000298023224,0.19711999171413477,,2018,bat,SS/OF
20540,José Devers,2B/SS,0.20000000298023224,0.15521000172011554,,2018,bat,2B/SS
20970,Oscar Gonzalez,OF,0.20000000298023224,0.3411800435511394,,2018,bat,OF
sa915718,Zach Clark,OF,0.20000000298023224,0.3409299445105717,,2018,bat,OF
sa916718,Reilys Blanco,3B,0.20000000298023224,0.22550004594959308,,2018,bat,3B
sa872468,Jesus Navarro,2B/SS,0.20000000298023224,0.15586995703633877,,2018,bat,2B/SS
sa737458,Daniel Suero,OF,0.20000000298023224,0.31597993755713094,COL,2018,bat,OF
19967,Ryan Aguilar,OF,0.20000000298023224,0.4062299702549353,,2018,bat,OF
sa918394,Jacob Bosiokovic,P/1B,0.20000000298023224,0.5866699394304304,,2018,bat,P/1B
sa875584,James Terrell,OF,0.20000000298023224,0.26526999133639034,,2018,bat,OF
23460,Brandon Hughes,P,0.20000000298023224,0.2416000048397108,,2018,bat,P
sa830142,Jose Benjamin,OF,0.20000000298023224,0.2682900092098861,CIN,2018,bat,OF
sa748873,Ivan Gonzalez,3B/OF,0.20000000298023224,0.18252999719697977,SEA,2018,bat,3B/OF
sa917593,Daniel Santos,C,0.20000000298023224,0.08002001442946492,,2018,bat,C
sa828178,Emmanuel Morel,2B/SS,0.20000000298023224,0.17053000407759097,,2018,bat,2B/SS
sa916999,Agustin Marte,2B/SS,0.20000000298023224,0.2260300631867721,,2018,bat,2B/SS
sa876036,Edgar Rondon,2B,0.20000000298023224,0.22466997783631082,,2018,bat,2B
sa3003281,Luis Arcendo,2B/3B/SS,0.20000000298023224,0.1813999612117185,,2018,bat,2B/3B/SS
sa871434,Jesus Henriquez,2B/3B,0.20000000298023224,0.2424299951759166,PHI,2018,bat,2B/3B
sa3003360,Jorge Caballero,OF,0.20000000298023224,0.27649003840051595,,2018,bat,OF
sa3004031,Alex Destino,OF,0.20000000298023224,0.26676001419546086,,2018,bat,OF
sa917278,Andrison Pena,1B/3B,0.20000000298023224,0.476290039322339,TEX,2018,bat,1B/3B
sa827150,Mitchell Gunsolus,1B/3B,0.20000000298023224,0.3774199774255976,,2018,bat,1B/3B
sa3002670,Justin Lopez,2B/SS,0.20000000298023224,0.21190997929079444,,2018,bat,2B/SS
sa918719,G.K. Young,1B,0.20000000298023224,0.38591996370814735,,2018,bat,1B
sa917155,Juan Pascal,3B/SS,0.20000000298023224,0.21042004467453798,,2018,bat,3B/SS
sa826664,Franklin Arias,OF,0.20000000298023224,0.298099980643019,,2018,bat,OF
sa3002711,Nicolas Torres,2B,0.20000000298023224,0.2486899476731196,,2018,bat,2B
sa917308,Jorge Perez,OF,0.20000000298023224,0.3707700319122522,,2018,bat,OF
sa738930,Taylor Snyder,3B/SS,0.20000000298023224,0.5821399929933249,,2018,bat,3B/SS
21837,Jonathan Aranda,1B,0.20000000298023224,0.18137998899910593,TBR,2018,bat,1B
sa837670,Julio Garcia,2B/3B/SS,0.20000000298023224,0.13672999582486223,,2018,bat,2B/3B/SS
sa918785,Connor Owings,OF,0.20000000298023224,0.22295002038590608,,2018,bat,OF
sa744254,Ronaldo Marrero,3B/SS,0.20000000298023224,0.18230000843759614,,2018,bat,3B/SS
sa917750,Yerwin Trejo,OF,0.20000000298023224,0.3027599742636084,,2018,bat,OF
sa875212,Seamus Curran,1B,0.20000000298023224,0.41630995548330246,,2018,bat,1B
sa918025,Miguel De La Cruz,OF,0.20000000298023224,0.23291997758205973,,2018,bat,OF
sa834828,Cecilio Aybar,SS/OF,0.20000000298023224,0.17938000685535366,,2018,bat,SS/OF
sa828492,Yefry Reyes,2B/3B,0.20000000298023224,0.22852001904975622,,2018,bat,2B/3B
sa872832,Angel Manzanarez,2B,0.20000000298023224,0.17601002336014057,,2018,bat,2B
sa3003427,Edidson Rojas,2B/SS,0.20000000298023224,0.1832199854659847,,2018,bat,2B/SS
sa917462,Alfredo Balbuena,2B/3B,0.20000000298023224,0.18014003084972496,,2018,bat,2B/3B
sa872755,Brandon Benavente,C,0.20000000298023224,0.07702005914179601,CLE,2018,bat,C
sa917059,Shael Mendoza,2B/OF,0.20000000298023224,0.3950499529950321,COL,2018,bat,2B/OF
sa828869,Matt Morgan,C,0.20000000298023224,0.10754001660970966,,2018,bat,C
sa918203,Josh Stephen,OF,0.20000000298023224,0.32565005305223155,,2018,bat,OF
sa872854,Marcos Martinez,C,0.20000000298023224,0.12013999827904623,,2018,bat,C
sa829276,Gianpaul Gonzalez,C,0.20000000298023224,0.14496004390530282,,2018,bat,C
22871,Tucupita Marcano,2B/SS/OF,0.20000000298023224,0.20678000799380236,SDP,2018,bat,2B/SS/OF
sa737426,Henry Lugo,2B/SS,0.20000000298023224,0.22587996402289706,,2018,bat,2B/SS
sa3004394,Yahir Gurrola,OF,0.20000000298023224,0.32660001759650176,,2018,bat,OF
sa872852,Stanley Espinal,3B/OF,0.20000000298023224,0.21306999134831126,STL,2018,bat,3B/OF
sa828231,Luis Joseph,2B/OF,0.20000000298023224,0.17158998019294805,,2018,bat,2B/OF
sa872866,Alejandro Paulino,2B/3B/SS,0.20000000298023224,0.2250399936223402,,2018,bat,2B/3B/SS
sa3003301,Anyesber Sivira,2B,0.20000000298023224,0.19613993056118478,,2018,bat,2B
sa916735,Edwin Sano,2B/3B,0.20000000298023224,0.2445199628593399,MIL,2018,bat,2B/3B
sa828185,Juan Rodriguez,3B,0.20000000298023224,0.21648999926401302,,2018,bat,3B
sa3003379,Josue Huma,2B/SS,0.20000000298023224,0.2356899284524842,,2018,bat,2B/SS
sa737647,Jimy Perez,3B,0.20000000298023224,0.4068999941460787,,2018,bat,3B
sa872811,Jean Carlos Arias,OF,0.20000000298023224,0.30180994081310925,,2018,bat,OF
sa918419,David Gauntt,C,0.20000000298023224,0.07580001660389822,,2018,bat,C
sa3002858,Bryan Torres,2B/SS,0.20000000298023224,0.20107995176222165,SDP,2018,bat,2B/SS
sa740607,Luis Montero,1B/3B/OF,0.20000000298023224,0.22507997700013221,,2018,bat,1B/3B/OF
sa915820,Zach Kirtley,1B/2B,0.20000000298023224,0.3602600036538206,,2018,bat,1B/2B
sa922593,Matt Davis,3B/OF,0.20000000298023224,0.3663900082232429,STL,2018,bat,3B/OF
sa917128,Keudy Bocio,2B/OF,0.20000000298023224,0.23755994288949295,PHI,2018,bat,2B/OF
sa827213,Keyder Aristigueta,2B,0.20000000298023224,0.20868998048827048,,2018,bat,2B
21730,Jair Camargo,C/DH,0.20000000298023224,0.09985997140174724,ATL,2018,bat,C/DH
sa839988,Griffin Garabito,2B/3B,0.20000000298023224,0.20956996923778204,NYY,2018,bat,2B/3B
sa828132,Jonathan Matute,2B,0.20000000298023224,0.16485996874980627,,2018,bat,2B
sa828149,Edgar Herrera,1B/OF,0.20000000298023224,0.2895900327479466,,2018,bat,1B/OF
sa875727,Ryan Vega,OF,0.20000000298023224,0.26654003859730435,,2018,bat,OF
sa828219,Gean Rigby,OF,0.20000000298023224,0.2475399951916188,,2018,bat,OF
sa3003334,Yolki Pena,OF,0.20000000298023224,0.4485200084978714,COL,2018,bat,OF
sa918888,Zach Davis,OF,0.20000000298023224,0.30679999869316815,,2018,bat,OF
sa828355,Oberto Munoz,C/1B,0.20000000298023224,0.06259001395665108,,2018,bat,C/1B
sa917142,Kelvin Alarcon,2B/3B,0.20000000298023224,0.19123994072433553,,2018,bat,2B/3B
sa740555,Eudy Ramos,1B/3B,0.20000000298023224,0.4540499769849701,,2018,bat,1B/3B
sa3003206,Jhoander Saez,OF,0.20000000298023224,0.12126000120770178,NYM,2018,bat,OF
sa828599,Antony Fuentes,OF,0.20000000298023224,0.28413005252368745,TOR,2018,bat,OF
sa3003355,Emir Velasquez,2B/SS,0.20000000298023224,0.2870099929627031,TEX,2018,bat,2B/SS
sa738574,Ricardo Bautista,OF,0.20000000298023224,0.2699399884790181,STL,2018,bat,OF
sa875065,Corey Zangari,1B,0.20000000298023224,0.35966000688495114,,2018,bat,1B
sa875238,Cole Anderson,OF,0.20000000298023224,0.4498100217431783,COL,2018,bat,OF
22202,Jeter Downs,2B/3B/SS,0.20000000298023224,0.2109199983533471,,2018,bat,2B/3B/SS
sa3002694,Julio Francisco,OF,0.20000000298023224,0.31138001328799864,PHI,2018,bat,OF
sa828303,Frankeny Fernandez,2B/OF,0.20000000298023224,0.22060999334789813,HOU,2018,bat,2B/OF
sa918340,Chris Mattison,C/1B,0.20000000298023224,0.10974993815179915,,2018,bat,C/1B
sa872521,Pedro Ventura,3B/SS,0.20000000298023224,0.17494992888532573,,2018,bat,3B/SS
sa828306,Wilson Amador,SS/OF,0.20000000298023224,0.1303700453601777,CIN,2018,bat,SS/OF
sa828427,Carlos Rivero,2B/SS,0.20000000298023224,0.19686003273818636,,2018,bat,2B/SS
8628,Paulo Orlando,OF,76.80269622802734,288.41547745466227,,2018,bat,OF
sa3003431,Starlin Paulino,1B/3B,0.20000000298023224,0.21392002088250586,,2018,bat,1B/3B
sa3003350,Kenneth Betancourt,2B/3B,0.20000000298023224,0.19295997881563376,,2018,bat,2B/3B
sa3004290,Lucas Tancas,1B/OF,0.20000000298023224,0.3868100063875317,,2018,bat,1B/OF
sa873164,Willis Figueroa,OF,0.20000000298023224,0.3059900362044572,,2018,bat,OF
sa826653,Luis Hidalgo,1B/OF,0.20000000298023224,0.41314997299341477,,2018,bat,1B/OF
sa873730,Cristopher Perez,3B/SS,0.20000000298023224,0.20647996310144656,,2018,bat,3B/SS
sa831146,Eric Gonzalez,C,0.20000000298023224,0.12801999389193947,,2018,bat,C
sa914314,Jeison Guzmán,SS,0.20000000298023224,0.1634299600496887,,2018,bat,SS
sa917417,Sebastian Ochoa,OF,0.20000000298023224,0.2364000388188287,,2018,bat,OF
sa3003330,Deury Carrasco,SS,0.20000000298023224,0.16535999304614957,,2018,bat,SS
sa918840,Craig Dedelow,OF,0.20000000298023224,0.27306997214909634,,2018,bat,OF
sa828220,Yhoelnys Gonzalez,OF,0.20000000298023224,0.24271999357733867,,2018,bat,OF
22471,Livan Soto,SS,0.20000000298023224,0.16967002365272488,,2018,bat,SS
20391,Luis García Jr.,2B,0.20000000298023224,0.25191003342624746,WSN,2018,bat,2B
sa918576,Jonathan Laureano,C/3B,0.20000000298023224,0.2539800118771381,,2018,bat,C/3B
sa829382,K.J. Harrison,1B,0.20000000298023224,0.14098995866952457,,2018,bat,1B
sa917171,Victor Tademo,3B,0.20000000298023224,0.21803000734653316,MIN,2018,bat,3B
sa872795,Felix Fernandez,C,0.20000000298023224,0.13866997066652395,CLE,2018,bat,C
sa915789,Dylan Busby,3B,0.20000000298023224,0.22399998430628332,,2018,bat,3B
sa918220,Armond Upshaw,OF,0.20000000298023224,0.312570035259705,,2018,bat,OF
sa610029,Jose Leal,OF,0.20000000298023224,0.2954200211679563,,2018,bat,OF
sa3003328,Franklin Soto,2B/SS,0.20000000298023224,0.19311000902671355,,2018,bat,2B/SS
sa917068,Daniel Montano,OF,0.20000000298023224,0.4647599586751311,,2018,bat,OF
sa916847,Wascar De Leon,2B,0.20000000298023224,0.18124003740958866,,2018,bat,2B
sa3003961,Chase Pinder,OF,0.20000000298023224,0.26626000126125293,,2018,bat,OF
sa3002885,Brandon Polizzi,OF,0.20000000298023224,0.2773099720245227,,2018,bat,OF
20242,Kevin Smith,3B/SS,0.20000000298023224,0.1534000107902102,,2018,bat,3B/SS
sa877047,Willian Mendoza,C,0.20000000298023224,0.08080994703341267,,2018,bat,C
5107,Jefry Marte,1B,25.350099563598633,105.10105933994055,,2018,bat,1B
sa3004294,Will Robertson,OF,0.20000000298023224,0.3004399860976264,BAL,2018,bat,OF
sa830784,Droherlin Mejia,OF,0.20000000298023224,0.2491699595702812,,2018,bat,OF
sa828248,Jorge Gil,OF,0.20000000298023224,0.2789000420947559,,2018,bat,OF
sa736846,Miguel Patino,1B/2B,0.20000000298023224,0.21017003569286305,,2018,bat,1B/2B
sa3004146,Jeisson Rosario,OF,0.20000000298023224,0.26579002137295893,OAK,2018,bat,OF
sa3003380,Daniel Paulino,OF,0.20000000298023224,0.25095998407341535,,2018,bat,OF
sa828414,Andy Sugilio,OF,0.20000000298023224,0.26020000039134167,,2018,bat,OF
sa736957,Julio De La Cruz,3B,0.20000000298023224,0.21982003529556093,PIT,2018,bat,3B
sa736891,Antonio Tovar,OF,0.20000000298023224,0.2859800054924562,,2018,bat,OF
sa877022,Paul Brands,C,0.20000000298023224,0.1011400141054764,PIT,2018,bat,C
sa828167,Felix Vinicio,OF,0.20000000298023224,0.2784700301708653,PIT,2018,bat,OF
sa829362,Byron Murray,OF,0.20000000298023224,0.29057997174095357,,2018,bat,OF
sa828863,Isrrael De La Cruz,SS,0.20000000298023224,0.21253000202123062,,2018,bat,SS
sa917135,Moisés Castillo,SS,0.20000000298023224,0.18541000694967796,,2018,bat,SS
sa877349,Amado Nunez,2B/SS,0.20000000298023224,0.11976001539733257,,2018,bat,2B/SS
sa875578,Terry Bennett,OF,0.20000000298023224,0.25580003515351557,,2018,bat,OF
sa828130,Joan Mauricio,SS,0.20000000298023224,0.1516200224636122,HOU,2018,bat,SS
sa738642,Rafael Oliveras,2B,0.20000000298023224,0.20419005668954915,,2018,bat,2B
sa872553,Luis Hernandez,2B/SS,0.20000000298023224,0.16107002808712423,,2018,bat,2B/SS
sa3002722,Lazaro Alonso,1B,0.20000000298023224,0.33782003164524216,,2018,bat,1B
sa873288,Bobby Stahel,OF,0.20000000298023224,0.2861000298988074,COL,2018,bat,OF
sa872761,Juan Evangelista,OF,0.20000000298023224,0.32307996673043815,,2018,bat,OF
sa922167,Jose Theran,2B,0.20000000298023224,0.18950004731304942,TOR,2018,bat,2B
sa3002847,Cesar Izturis Jr.,2B/SS,0.20000000298023224,0.1558100007358007,,2018,bat,2B/SS
sa3003178,Reyny Reyes,2B/3B/SS,0.20000000298023224,0.2472900107270106,,2018,bat,2B/3B/SS
sa917065,Cristopher Navarro,3B/SS,0.20000000298023224,0.35995998601429163,,2018,bat,3B/SS
sa829164,Nick Vilter,3B,0.20000000298023224,0.3514700130093843,SDP,2018,bat,3B
sa736912,Robertico Medina,3B,0.20000000298023224,0.2107800283352844,,2018,bat,3B
sa738276,Joe Martarano,1B/OF,0.20000000298023224,0.3841400383040309,,2018,bat,1B/OF
sa828196,Oliver Pascual,SS,0.20000000298023224,0.15558001425815743,,2018,bat,SS
sa916957,Jhon Moronta,OF,0.20000000298023224,0.25574995593633504,,2018,bat,OF
sa736869,Franklin Correa,2B,0.20000000298023224,0.20594001477584234,,2018,bat,2B
sa872493,Ozziel Sanchez-Galan,SS,0.20000000298023224,0.15453002697322515,,2018,bat,SS
sa826647,Luis Mendoza,OF,0.20000000298023224,0.27891997487749903,,2018,bat,OF
21682,Luis De Los Santos,3B,0.20000000298023224,0.19673994618933643,,2018,bat,3B
sa916969,Jesús Bastidas,2B/SS,0.20000000298023224,0.1323899992275983,MIA,2018,bat,2B/SS
sa872405,Daniel Diaz,C,0.20000000298023224,0.11345993821742009,CHC,2018,bat,C
20233,Gilberto Celestino,OF,0.20000000298023224,0.2351499848533421,TEX,2018,bat,OF
sa546564,Jose Paez,OF,0.20000000298023224,0.2816999798174947,,2018,bat,OF
sa657789,Jesus Aparicio,C,0.20000000298023224,0.10329000414349132,,2018,bat,C
sa924090,Jose Reyes,SS,0.20000000298023224,0.2671600121539085,ARI,2018,bat,SS
sa872457,Mailon Arroyo,P/3B,0.20000000298023224,0.1731299620820209,,2018,bat,P/3B
sa917005,Ildemaro Escalona,SS,0.20000000298023224,0.19725004946812985,,2018,bat,SS
21797,Andrés Chaparro,1B/DH,0.20000000298023224,0.19461998722981655,WSN,2018,bat,1B/DH
sa830025,Luis Perez,2B/SS,0.20000000298023224,0.19171003020601338,PIT,2018,bat,2B/SS
sa917386,Jean Montero,OF,0.20000000298023224,0.22896003325004133,,2018,bat,OF
sa970515,Luis Almanzar,1B/3B,0.20000000298023224,0.1867900024866685,,2018,bat,1B/3B
sa917640,Herson Perez,2B,0.20000000298023224,0.20912999555002887,,2018,bat,2B
sa828121,Julio Mendez,2B/3B,0.20000000298023224,0.2216599805746226,MIL,2018,bat,2B/3B
sa918818,Jose Gomez,OF,0.20000000298023224,0.2716900079278275,,2018,bat,OF
sa956378,Yorbin Ceuta,SS,0.20000000298023224,0.15346003356389695,,2018,bat,SS
sa875404,Reggie Pruitt,OF,0.20000000298023224,0.2619500476634129,,2018,bat,OF
sa917399,Juan Martinez,1B/OF,0.20000000298023224,0.26780003772582867,,2018,bat,1B/OF
sa876033,Earl Burl III,OF,0.20000000298023224,0.27488000853918493,TOR,2018,bat,OF
sa873192,Luis Mejia,2B/3B,0.20000000298023224,0.22988003354985262,ATL,2018,bat,2B/3B
sa872550,Frederick Cuevas,OF,0.20000000298023224,0.2654400473344139,,2018,bat,OF
sa917459,Dennicher Carrasco,1B/3B,0.20000000298023224,0.3787399949040263,,2018,bat,1B/3B
sa918325,Jordan Scott,OF,0.20000000298023224,0.2680500220274552,NYY,2018,bat,OF
sa917326,Alfredo Angarita,2B,0.20000000298023224,0.14822003568988293,,2018,bat,2B
21746,José Fermín,2B/3B,0.20000000298023224,0.1717099788715131,STL,2018,bat,2B/3B
sa3002855,Albert Suarez,2B/SS,0.20000000298023224,0.17122000821400432,,2018,bat,2B/SS
sa828441,Jeremias Portorreal,OF,0.20000000298023224,0.2670900247525423,PIT,2018,bat,OF
sa917351,Fernando Kelli,OF,0.20000000298023224,0.29245002460665986,,2018,bat,OF
sa830209,Freddy Rodriguez,OF,0.20000000298023224,0.257580018392764,,2018,bat,OF
sa826777,Daniel Romero,2B/3B/SS,0.20000000298023224,0.1953600100474431,,2018,bat,2B/3B/SS
sa872585,Jorge Ynirio,2B/3B,0.20000000298023224,0.1904099393170326,,2018,bat,2B/3B
sa736642,Nathanael Javier,3B,0.20000000298023224,0.17737994135823093,,2018,bat,3B
23312,Ryan Noda,1B,0.20000000298023224,0.34932997985742986,BAL,2018,bat,1B
sa872516,Fidel Mejia,3B,0.20000000298023224,0.20272998106665902,,2018,bat,3B
sa3002729,Matt McCann,2B/SS,0.20000000298023224,0.15240001087076963,LAA,2018,bat,2B/SS
sa874814,Carlos Tatis,1B,0.20000000298023224,0.35757000854937354,NYY,2018,bat,1B
sa917322,Luis Rodriguez,2B/SS,0.20000000298023224,0.16208005254156885,,2018,bat,2B/SS
sa3003947,Teddy Hoffman,OF,0.20000000298023224,0.2714300272753462,,2018,bat,OF
sa917161,Rafael Rincones,OF,0.20000000298023224,0.22064006384462118,,2018,bat,OF
sa877492,Bryant Hayman,C,0.20000000298023224,0.08956994477193801,MIN,2018,bat,C
sa828721,Luis Mendez,OF,0.20000000298023224,0.3433700158959255,TEX,2018,bat,OF
sa738681,DJ McKnight,OF,0.20000000298023224,0.25498999480623746,TOR,2018,bat,OF
sa828499,Victor Grasso,C,0.20000000298023224,0.0971100408933125,,2018,bat,C
sa872805,Francisco Medina,3B,0.20000000298023224,0.17264000657014542,,2018,bat,3B
sa3005000,Chris Singleton,OF,0.20000000298023224,0.28740999100264153,,2018,bat,OF
sa872518,Yovanny Cuevas,OF,0.20000000298023224,0.28313996156211935,,2018,bat,OF
sa876040,Luke Willis,OF,0.20000000298023224,0.2685299971606582,KCR,2018,bat,OF
sa917024,Angel Medina,3B,0.20000000298023224,0.21089002522639927,KCR,2018,bat,3B
sa828394,Yolberth Gideon,2B/3B/SS,0.20000000298023224,0.1842800199170596,,2018,bat,2B/3B/SS
sa3003347,Sebastian Espino,SS/OF,0.20000000298023224,0.10389005322940645,,2018,bat,SS/OF
22184,Mark Vientos,3B/DH,0.20000000298023224,0.1645699732238426,NYM,2018,bat,3B/DH
sa875028,Chad Smith,OF,0.20000000298023224,0.3436900091590359,,2018,bat,OF
sa917309,Brandon Leyton,2B/SS,0.20000000298023224,0.2558700158726424,CIN,2018,bat,2B/SS
sa872776,Jesus Morales,2B,0.20000000298023224,0.22029998574871562,,2018,bat,2B
sa828387,Juan Montes,OF,0.20000000298023224,0.27348996479995547,,2018,bat,OF
sa918114,Peterson Plaz,OF,0.20000000298023224,0.2994400455849245,CIN,2018,bat,OF
sa3003392,Walner Espinal,2B,0.20000000298023224,0.16205999098019674,,2018,bat,2B
sa3003232,Axel Aleixo,OF,0.20000000298023224,0.3067599896108731,,2018,bat,OF
sa917320,Leonel Valera,SS,0.20000000298023224,0.16111004750709979,,2018,bat,SS
sa828334,Ernesto Liberatore,C,0.20000000298023224,0.12706001508049666,,2018,bat,C
sa872543,Johan Sala,OF,0.20000000298023224,0.22731003687949844,,2018,bat,OF
sa969091,Lazaro Armenteros,OF,0.20000000298023224,0.21926004390697923,,2018,bat,OF
sa828175,Daniel Padilla,OF,0.20000000298023224,0.26234993892721825,,2018,bat,OF
sa657394,Hengelbert Rojas,OF,0.20000000298023224,0.25605002776719626,,2018,bat,OF
sa828163,Edison Lantigua,OF,0.20000000298023224,0.259080000477843,,2018,bat,OF
sa857703,Jackson Glines,OF,0.20000000298023224,0.2619600276695564,CHW,2018,bat,OF
sa924722,Ivan Houellemont,SS,0.20000000298023224,0.21333995913155368,,2018,bat,SS
sa876360,Mike Garzillo,2B,0.20000000298023224,0.17978002342861144,,2018,bat,2B
sa917443,Kendy Moya,2B/3B/OF,0.20000000298023224,0.13213994998950504,,2018,bat,2B/3B/OF
sa885129,Raymundo Moreno,OF,0.20000000298023224,0.2416100145666859,,2018,bat,OF
sa916991,Brayant Nova,2B,0.20000000298023224,0.14896999588236212,CHW,2018,bat,2B
sa883721,Beder Gutierrez,OF,0.20000000298023224,0.3399199911858886,,2018,bat,OF
sa872563,Danienger Perez,2B/SS,0.20000000298023224,0.16950006179977206,NYY,2018,bat,2B/SS
sa872483,Reinaldo Ugueto,SS,0.20000000298023224,0.21015999465016647,,2018,bat,SS
sa917134,William Jimenez,OF,0.20000000298023224,0.23990002693608398,STL,2018,bat,OF
sa3003222,Aldenis Sanchez,OF,0.20000000298023224,0.21836999765364454,,2018,bat,OF
sa828237,Rachid Engelhardt,OF,0.20000000298023224,0.26890998902963476,BAL,2018,bat,OF
sa737651,Todd McDonald,1B/OF,0.20000000298023224,0.26876001062337296,,2018,bat,1B/OF
sa918595,Robby Rinn,1B,0.20000000298023224,0.35360996455419796,,2018,bat,1B
sa872801,Jose Patino,OF,0.20000000298023224,0.2284099880373105,,2018,bat,OF
sa3004155,Jonny Homza,C/3B,0.20000000298023224,0.06606000474421306,,2018,bat,C/3B
sa738667,Torii Hunter Jr.,OF,0.20000000298023224,0.22680004091234873,,2018,bat,OF
sa3004073,Kenny Corey,2B,0.20000000298023224,0.20331002363236617,,2018,bat,2B
sa915690,Jordan Pearce,1B/3B,0.20000000298023224,0.3538299821084365,,2018,bat,1B/3B
sa875163,Moisés Gómez,OF,0.20000000298023224,0.21536002319771796,,2018,bat,OF
sa872478,Starlin Balbuena,3B/SS,0.20000000298023224,0.11457997832912942,,2018,bat,3B/SS
sa736876,Daniel Jimenez,OF,0.20000000298023224,0.2981399598065763,,2018,bat,OF
sa875693,Mike Odenwaelder,OF,0.20000000298023224,0.26582999734673646,,2018,bat,OF
sa3003393,Andres Martinez,OF,0.20000000298023224,0.2536200379836372,,2018,bat,OF
sa828503,Luis Flores,2B/OF,0.20000000298023224,0.16265002880245438,STL,2018,bat,2B/OF
sa3002832,Austin Bush,1B,0.20000000298023224,0.3893100258079356,,2018,bat,1B
sa872836,Johnny Dixon,OF,0.20000000298023224,0.26652001290349286,,2018,bat,OF
sa917197,Jesus Lujano,OF,0.20000000298023224,0.28338997638784336,,2018,bat,OF
sa919016,Tyler Bates,OF,0.20000000298023224,0.2562799830106086,COL,2018,bat,OF
sa828425,Ramon Marcelino,OF,0.20000000298023224,0.4308799487072974,,2018,bat,OF
sa919532,Gabriel Maciel,OF,0.20000000298023224,0.31921998953912406,,2018,bat,OF
sa875660,Bradley Keller,OF,0.20000000298023224,0.29943005291279395,ATL,2018,bat,OF
sa872737,Andres Martin,OF,0.20000000298023224,0.2572399728000163,KCR,2018,bat,OF
sa3002880,Danny Edgeworth,3B,0.20000000298023224,0.5001599678304046,,2018,bat,3B
sa917133,Raffy Ozuna,3B/SS,0.20000000298023224,0.10525002661161123,STL,2018,bat,3B/SS
sa829438,Juan Barriento,OF,0.20000000298023224,0.37847994558978815,,2018,bat,OF
sa3003966,Dylan Snypes,SS,0.20000000298023224,0.07803999793250108,,2018,bat,SS
16375,Óscar Mercado,OF,1.6200000047683716,4.951049907878041,ARI,2018,bat,OF
sa918963,Chavez Young,OF,0.20000000298023224,0.24135005939751858,,2018,bat,OF
sa829540,Denis Karas,2B/3B,0.20000000298023224,0.14353000891860568,MIA,2018,bat,2B/3B
sa828127,Yonauris Rodriguez,2B/SS,0.20000000298023224,0.12436999811325218,,2018,bat,2B/SS
sa872766,Bryan Bencosme,3B/SS,0.20000000298023224,0.21391995624871918,,2018,bat,3B/SS
sa872583,Julio Martinez,OF,0.20000000298023224,0.25139999026432625,,2018,bat,OF
sa3004157,Cody Bohanek,2B/3B/SS,0.20000000298023224,0.12745002490701146,,2018,bat,2B/3B/SS
sa917182,Eduardo Diaz,OF,0.20000000298023224,0.32188003214541816,,2018,bat,OF
sa872789,Yeilin Hernandez,OF,0.20000000298023224,0.2582200353499501,,2018,bat,OF
sa915590,Justin Yurchak,1B,0.20000000298023224,0.30393002277705816,,2018,bat,1B
sa3003233,Jhon Torres,OF,0.20000000298023224,0.2871400582720525,STL,2018,bat,OF
sa917191,Cristian Gomez,1B/OF,0.20000000298023224,0.22281997681129717,,2018,bat,1B/OF
22164,Payton Henry,C,0.20000000298023224,0.0954400409478694,NYY,2018,bat,C
sa827148,Blake Butera,2B/3B,0.20000000298023224,0.17477001689840105,TBR,2018,bat,2B/3B
sa3004512,Jake Scudder,1B,0.20000000298023224,0.3757099931826814,,2018,bat,1B
sa737259,Gonzalo Galastica,2B,0.20000000298023224,0.17566003683023151,,2018,bat,2B
sa917125,Jhon Garcia,C/1B,0.20000000298023224,0.0687299345387146,,2018,bat,C/1B
sa828133,Andy Diaz,OF,0.20000000298023224,0.24203996973810718,,2018,bat,OF
sa880736,Carlos Baez,SS,0.20000000298023224,0.13135000102920452,,2018,bat,SS
sa879801,Sandy Mota,3B,0.20000000298023224,0.16831000919919453,,2018,bat,3B
sa917198,Luis Avila,2B/SS,0.20000000298023224,0.19732004917459556,,2018,bat,2B/SS
sa917754,Miguel Jerez,C/1B,0.20000000298023224,0.09664995216298851,,2018,bat,C/1B
sa917075,Yeison Coca,2B/SS,0.20000000298023224,0.19739999943412834,,2018,bat,2B/SS
sa828184,Juan Carlos Arias,3B,0.20000000298023224,0.13747999657643953,TBR,2018,bat,3B
sa917178,Mc Gregory Contreras,OF,0.20000000298023224,0.23368002048227932,,2018,bat,OF
sa918498,Jansiel Rivera,OF,0.20000000298023224,0.1983100373065099,SEA,2018,bat,OF
sa922505,Bryan Araiza,OF,0.20000000298023224,0.303110020328313,,2018,bat,OF
sa830239,Pedro Ogando,OF,0.20000000298023224,0.31992001214530313,TEX,2018,bat,OF
sa737047,Israel Mota,OF,0.20000000298023224,0.25487995819421483,,2018,bat,OF
sa917968,Thomas Jones,OF,0.20000000298023224,0.20560004499275228,,2018,bat,OF
sa921562,JC Encarnacion,3B,0.20000000298023224,0.21656005198601622,,2018,bat,3B
sa3003218,Daniel Ozoria,2B/SS,0.20000000298023224,0.14198995872866355,MIN,2018,bat,2B/SS
sa737540,Amaurys Minier,1B,0.20000000298023224,0.33735002485336735,,2018,bat,1B
sa880804,Joel Novas,2B/3B,0.20000000298023224,0.1639199792523868,ARI,2018,bat,2B/3B
sa3003369,Richard Porteles,2B/3B,0.20000000298023224,0.23763998753856863,ARI,2018,bat,2B/3B
sa880735,Jeremy Fernandez,2B/OF,0.20000000298023224,0.20584997768746688,,2018,bat,2B/OF
sa737033,Adalfi Almonte,OF,0.20000000298023224,0.24481999465497203,,2018,bat,OF
sa657563,Ignacio Valdez,OF,0.20000000298023224,0.24508000542409714,,2018,bat,OF
sa872752,Anthony Rodriguez,1B/3B,0.20000000298023224,0.1718200088245794,,2018,bat,1B/3B
sa599522,Matt Eureste,1B/3B,0.20000000298023224,0.3384399736765772,,2018,bat,1B/3B
sa872731,Ismaldo Rodriguez,1B/OF,0.20000000298023224,0.19443996903719377,KCR,2018,bat,1B/OF
sa736874,Francis Azcona,2B,0.20000000298023224,0.1979100481723435,CIN,2018,bat,2B
sa872560,Williams Calderon,1B/2B,0.20000000298023224,0.15836002004798494,,2018,bat,1B/2B
sa3003340,Jean Carmona,2B/3B/SS,0.20000000298023224,0.19043999237474052,,2018,bat,2B/3B/SS
sa918212,Tre Carter,OF,0.20000000298023224,0.2309300237102434,,2018,bat,OF
sa917478,Rolando Lebron,OF,0.20000000298023224,0.2203599967528134,,2018,bat,OF
sa3003197,David García,C,0.20000000298023224,0.1378600626369006,MIL,2018,bat,C
sa917241,Samir Caraballo,2B/SS,0.20000000298023224,0.16743999558966602,,2018,bat,2B/SS
sa916704,Rayneldy Rosario,OF,0.20000000298023224,0.2086800163728185,,2018,bat,OF
sa875317,Jaylen Ferguson,OF,0.20000000298023224,0.24449995980830855,,2018,bat,OF
sa915673,Jeremy Vasquez,1B,0.20000000298023224,0.29590995498001577,,2018,bat,1B
sa924858,Braulio Vasquez,2B/3B,0.20000000298023224,0.19695002622902386,,2018,bat,2B/3B
sa917183,David Sanchez,P/OF,0.20000000298023224,0.3114399813348427,,2018,bat,P/OF
sa919019,Borinquen Mendez,2B/SS,0.20000000298023224,0.15105001807678486,,2018,bat,2B/SS
sa917407,Danny Tovar,OF,0.20000000298023224,0.2241800720687024,SDP,2018,bat,OF
19553,Símon Muzziotti,OF,0.20000000298023224,0.26673998734913756,,2018,bat,OF
sa3003315,Luis Rojas,3B,0.20000000298023224,0.188489948096685,,2018,bat,3B
sa832300,Felix Osorio,OF,0.20000000298023224,0.2170999935711733,LAD,2018,bat,OF
sa3003283,Angel Lopez,2B/3B,0.20000000298023224,0.11779003948904575,,2018,bat,2B/3B
sa915811,Kameron Esthay,OF,0.20000000298023224,0.37239999055163925,,2018,bat,OF
sa917984,Nonie Williams,SS/OF,0.20000000298023224,0.07564002982107919,,2018,bat,SS/OF
sa3003339,Hugo Cardona,SS,0.20000000298023224,0.09873005041154101,,2018,bat,SS
sa3003288,Jose Peroza,3B,0.20000000298023224,0.1340700524160638,,2018,bat,3B
sa3003254,Hector Guerrero,3B,0.20000000298023224,0.3177699642139486,,2018,bat,3B
sa829180,Matt Tellor,1B,0.20000000298023224,0.3348200144013389,,2018,bat,1B
sa923039,Jefrey Ramos,OF,0.20000000298023224,0.28088999631581824,,2018,bat,OF
sa877124,Alexis Garcia,2B/3B,0.20000000298023224,0.16102993802633137,,2018,bat,2B/3B
sa872449,Jorgen Rosas,2B,0.20000000298023224,0.12753999951528391,,2018,bat,2B
sa917122,Wiklerman Rasquin,OF,0.20000000298023224,0.23824002302717415,,2018,bat,OF
sa917302,Yonathan Perlaza,OF,0.20000000298023224,0.18103000542614606,,2018,bat,OF
sa3004178,Ryan Dobson,SS/OF,0.20000000298023224,0.21998002366162836,,2018,bat,SS/OF
sa828866,Yeffry De Aza,3B/SS,0.20000000298023224,0.10940996959106991,NYM,2018,bat,3B/SS
sa947761,Abel Cuevas,OF,0.20000000298023224,0.23210996397538103,,2018,bat,OF
sa3003184,Yerdel Vargas,2B/SS,0.20000000298023224,0.11478003982920193,,2018,bat,2B/SS
22566,Tirso Ornelas,OF,0.20000000298023224,0.21650998101104044,SDP,2018,bat,OF
sa918010,Alexis Torres,2B,0.20000000298023224,0.15891001964919266,,2018,bat,2B
sa918155,Hosea Nelson,OF,0.20000000298023224,0.2682500095921568,,2018,bat,OF
sa831806,Angel De Leon,1B/OF,0.20000000298023224,0.19054001744370902,HOU,2018,bat,1B/OF
sa875194,Mitch Piatnik,OF,0.20000000298023224,0.2085800228174775,,2018,bat,OF
sa876134,Ben Pelletier,OF,0.20000000298023224,0.25728000897215664,,2018,bat,OF
sa828243,Edwin Rodriguez,1B/OF,0.20000000298023224,0.25852998866466803,,2018,bat,1B/OF
sa917116,Raul Beracierta,OF,0.20000000298023224,0.1914600363699719,,2018,bat,OF
sa829805,Travis Jones,1B/OF,0.20000000298023224,0.33245996613986784,,2018,bat,1B/OF
sa917291,Yeuris Ramirez,3B,0.20000000298023224,0.11116002318449315,,2018,bat,3B
sa918746,Jeremy Wolf,1B/OF,0.20000000298023224,0.32619999956805246,,2018,bat,1B/OF
sa916733,Aaron Familia,1B/3B,0.20000000298023224,0.19086994794197376,,2018,bat,1B/3B
sa917342,Pablo Jimenez,OF,0.20000000298023224,0.2392500318121164,,2018,bat,OF
sa3003199,Carlos Pacheco,OF,0.20000000298023224,0.2603199839359148,,2018,bat,OF
sa872853,Ramfis Berroa,OF,0.20000000298023224,0.271259992592968,,2018,bat,OF
sa872527,Romer Cuadrado,OF,0.20000000298023224,0.20243001005146652,,2018,bat,OF
sa3003185,Yunior Severino,2B/3B,0.20000000298023224,0.15569996300619088,,2018,bat,2B/3B
sa917242,Cesar Cortez,OF,0.20000000298023224,0.18567995317280292,,2018,bat,OF
sa3004292,Tyler Curtis,3B,0.20000000298023224,0.2908799830591306,,2018,bat,3B
sa827952,Willy Diaz,1B/3B,0.20000000298023224,0.15784996954025698,,2018,bat,1B/3B
sa875294,Matt Dacey,1B/3B,0.20000000298023224,0.32407001219689846,,2018,bat,1B/3B
sa827958,Rigoberto Terrazas,3B,0.20000000298023224,0.2756700161611661,,2018,bat,3B
sa653950,Nelson Jorge,2B,0.20000000298023224,0.15375004129018635,PIT,2018,bat,2B
sa3003229,Isaias Silverio,OF,0.20000000298023224,0.2760200300719588,,2018,bat,OF
sa917296,Gregory Guerrero,2B/SS,0.20000000298023224,0.1078400418860837,,2018,bat,2B/SS
sa3003314,Anthony Coronado,OF,0.20000000298023224,0.2054299945244565,,2018,bat,OF
sa3003228,Johan Lopez,SS,0.20000000298023224,0.12256001961650317,,2018,bat,SS
sa736883,Rauel Acosta,1B,0.20000000298023224,0.3187700229231268,,2018,bat,1B
sa872748,Angel Santos,OF,0.20000000298023224,0.2127500338596291,,2018,bat,OF
sa917028,Rafael Romero,3B/SS,0.20000000298023224,0.15249001071788362,KCR,2018,bat,3B/SS
sa872522,Kenny Hernandez,1B/3B/SS,0.20000000298023224,0.11803999640978872,NYM,2018,bat,1B/3B/SS
sa740136,Yeison Corredera,2B/3B,0.20000000298023224,0.1370500428718514,NYY,2018,bat,2B/3B
sa918444,Evan Alexander,OF,0.20000000298023224,0.21571999096777283,,2018,bat,OF
sa875196,Aldemar Burgos,OF,0.20000000298023224,0.21711000145878637,,2018,bat,OF
18881,Curtis Terry,DH,0.20000000298023224,0.40707004640717054,,2018,bat,DH
sa827967,Mikey Edie,OF,0.20000000298023224,0.19881005936767907,,2018,bat,OF
sa738974,Brock Carpenter,1B/3B,0.20000000298023224,0.12567000242415813,,2018,bat,1B/3B
sa3002703,Jose Curpa,2B/3B,0.20000000298023224,0.21138995690271256,,2018,bat,2B/3B
sa877018,Shean Michel,OF,0.20000000298023224,0.2589300157967954,,2018,bat,OF
sa737488,Carlos Jean,OF,0.20000000298023224,0.22494000338483597,,2018,bat,OF
sa3003247,Alexander Santana,OF,0.20000000298023224,0.2285799863515422,NYY,2018,bat,OF
sa872455,Victor Rodriguez,OF,0.20000000298023224,0.2258700595935806,,2018,bat,OF
sa872551,Leobaldo Cabrera,OF,0.20000000298023224,0.2095100273843854,,2018,bat,OF
sa917115,Edinson Valdez,OF,0.20000000298023224,0.1857700354885309,,2018,bat,OF
sa736968,Samuel Ortiz,2B,0.20000000298023224,0.11543994372477745,,2018,bat,2B
sa828181,Carlos Mosquera,OF,0.20000000298023224,0.2256699780235067,,2018,bat,OF
sa827978,Franly Mallen,2B/SS,0.20000000298023224,0.17253001529024908,,2018,bat,2B/SS
sa872821,Shard Munroe,OF,0.20000000298023224,0.26238997229374944,,2018,bat,OF
sa872476,Sanel Rosendo,OF,0.20000000298023224,0.2053400166798383,STL,2018,bat,OF
sa917587,Douglas Lanza,C,0.20000000298023224,0.11743995274882765,ARI,2018,bat,C
sa881295,Jay Feliciano,OF,0.20000000298023224,0.258549988165032,,2018,bat,OF
sa917177,Yeison Estevez,1B/2B/3B,0.20000000298023224,0.1470900136046111,,2018,bat,1B/2B/3B
sa738687,Aubrey McCarty,OF,0.20000000298023224,0.38017002262640737,COL,2018,bat,OF
sa875226,Ryan Uhl,1B,0.20000000298023224,0.2674500055727549,SEA,2018,bat,1B
sa3003430,Juan Carlos Negret,OF,0.20000000298023224,0.23679994883714234,,2018,bat,OF
sa875333,Hector Martinez,OF,0.20000000298023224,0.1737599706160836,,2018,bat,OF
sa917084,Albert Guaimaro,OF,0.20000000298023224,0.195980020891875,,2018,bat,OF
sa736862,Luis Bandes,1B/OF,0.20000000298023224,0.30674996877787636,STL,2018,bat,1B/OF
sa918877,Markel Jones,OF,0.20000000298023224,0.21876994149060913,,2018,bat,OF
sa917464,Jose Pereira,3B,0.20000000298023224,0.09522000723518426,,2018,bat,3B
sa875047,Josh Magee,OF,0.20000000298023224,0.1942599717527628,,2018,bat,OF
sa916710,Iraj Serrano,1B/OF,0.20000000298023224,0.25797997475601725,,2018,bat,1B/OF
sa3003244,Edgar Made,2B/3B,0.20000000298023224,0.1653399909380823,,2018,bat,2B/3B
sa917164,Marcos Estevez,OF,0.20000000298023224,0.22497003822354594,,2018,bat,OF
sa3003365,Omar Lebron,1B,0.20000000298023224,0.2842900082934648,,2018,bat,1B
sa916737,Yorki Franco,OF,0.20000000298023224,0.24633000022731724,,2018,bat,OF
sa736643,Robinson Medrano,1B/OF,0.20000000298023224,0.2863500102888792,,2018,bat,1B/OF
sa3003308,Christian Valerio,2B/SS,0.20000000298023224,0.15921997320838274,,2018,bat,2B/SS
20321,Stuart Fairchild,OF,0.20000000298023224,0.25747000142000614,CLE,2018,bat,OF
sa599292,Connor McKay,OF,0.20000000298023224,0.39158003185875706,TEX,2018,bat,OF
sa3003319,Angel Aponte,OF,0.20000000298023224,0.2977000397397204,,2018,bat,OF
sa875344,Nicholos Hamilton,OF,0.20000000298023224,0.25019004172645504,,2018,bat,OF
sa3003342,Jean Carlos Soto,OF,0.20000000298023224,0.1794599992223084,NYM,2018,bat,OF
sa920171,Victor Ngoepe,SS,0.20000000298023224,0.1403600139310583,PIT,2018,bat,SS
sa737924,Dylan Manwaring,3B,0.20000000298023224,0.11702003173995762,,2018,bat,3B
sa837638,Cristhian Vasquez,OF,0.20000000298023224,0.21887001912109547,KCR,2018,bat,OF
sa873540,Stanley Martinez,1B,0.20000000298023224,0.38535001191776236,TEX,2018,bat,1B
sa919007,Austin O'Banion,OF,0.20000000298023224,0.2900500543648377,,2018,bat,OF
sa917738,Mike Loaisiga,1B/2B,0.20000000298023224,0.10877005609218028,,2018,bat,1B/2B
sa871439,Jose Torrealba,OF,0.20000000298023224,0.17214999578427517,TBR,2018,bat,OF
sa875303,Tanner Donnels,1B/OF,0.20000000298023224,0.30675995720084753,,2018,bat,1B/OF
sa917289,Renaigel Martis,OF,0.20000000298023224,0.22151000243611632,,2018,bat,OF
sa916827,Alonzo Medina,1B/OF,0.20000000298023224,0.1628200218314305,,2018,bat,1B/OF
sa827966,Fernando Diaz,OF,0.20000000298023224,0.20779002661583948,,2018,bat,OF
sa872525,Ranfy Adon,OF,0.20000000298023224,0.1798099813517183,,2018,bat,OF
sa596961,Julio Pena,OF,0.20000000298023224,0.2255099775968119,,2018,bat,OF
sa916997,Harvin Mendoza,1B,0.20000000298023224,0.26868000917602325,,2018,bat,1B
sa872747,Jaffe Garcia,OF,0.20000000298023224,0.2014099600957706,,2018,bat,OF
sa3003224,Julio De La Cruz,2B/3B,0.20000000298023224,0.11162999814841895,,2018,bat,2B/3B
sa917017,Jose Quero,1B,0.20000000298023224,0.30749999859835947,,2018,bat,1B
sa917015,Marfrey Ortega,OF,0.20000000298023224,0.214170048921369,,2018,bat,OF
sa826651,Jose Alejandro Gonzalez,OF,0.20000000298023224,0.22260997565463184,,2018,bat,OF
sa828279,Didimo Bracho,2B,0.20000000298023224,0.20652996783610428,,2018,bat,2B
sa3003282,Abiezel Ramirez,2B/SS,0.20000000298023224,0.08860003808513277,,2018,bat,2B/SS
sa737205,Luis Brito,OF,0.20000000298023224,0.21053001550026232,COL,2018,bat,OF
sa736760,Gerson Jimenez,1B,0.20000000298023224,0.29497005913872265,,2018,bat,1B
sa882195,Luis De La Rosa,OF,0.20000000298023224,0.21993998762918626,,2018,bat,OF
sa873196,Raymond Pena,C,0.20000000298023224,0.045039999461732774,CHC,2018,bat,C
sa918374,Brayan Morales,OF,0.20000000298023224,0.1867100253002718,,2018,bat,OF
sa923363,Saul Torres,C,0.20000000298023224,0.021820037742145366,,2018,bat,C
sa827946,Francisco Rodriguez,1B/OF,0.20000000298023224,0.2114599639433436,TOR,2018,bat,1B/OF
sa917105,Raider Brito,OF,0.20000000298023224,0.16677997012156986,TBR,2018,bat,OF
sa917091,Luis Hernandez,3B/SS,0.20000000298023224,0.13122000665171069,,2018,bat,3B/SS
sa872447,Hansel Jimenez,OF,0.20000000298023224,0.20535997526021668,,2018,bat,OF
sa880737,Kyle Simmons,2B,0.20000000298023224,0.11554994730977336,,2018,bat,2B
sa875771,Frank Califano,OF,0.20000000298023224,0.20815997568424785,CHW,2018,bat,OF
sa3003268,Anderson Comás,OF,0.20000000298023224,0.1737199866911396,,2018,bat,OF
sa917151,Reniel Ozuna,OF,0.20000000298023224,0.25228999705286687,,2018,bat,OF
sa3003260,Jimmy Mojica,OF,0.20000000298023224,0.2022199637955054,,2018,bat,OF
sa917039,Seuly Matias,OF,0.20000000298023224,0.22294996290002014,,2018,bat,OF
sa3003274,Luis Mieses,OF,0.20000000298023224,0.1738099982729181,,2018,bat,OF
sa919534,Kyle Smith,1B,0.20000000298023224,0.3098899796721525,ARI,2018,bat,1B
sa919529,Kevin Zamudio,1B,0.20000000298023224,0.044909985247068074,,2018,bat,1B
sa917010,Melvin Ramos,2B/SS,0.20000000298023224,0.12908005591016264,,2018,bat,2B/SS
sa3003955,Ernie De La Trinidad,OF,0.20000000298023224,0.27151003042235966,,2018,bat,OF
sa828255,Leandro Santana,3B,0.20000000298023224,0.17728998658712944,CIN,2018,bat,3B
sa920277,Tyler Straub,3B,0.20000000298023224,0.30125998144503674,KCR,2018,bat,3B
sa875622,Nick Kaye,OF,0.20000000298023224,0.19754004088463256,,2018,bat,OF
sa918406,Anthony Villa,1B/3B,0.20000000298023224,0.25558003666810686,,2018,bat,1B/3B
sa738557,Morgan Lofstrom,C,0.20000000298023224,0.06689001559279856,,2018,bat,C
sa828151,Jose Caraballo,OF,0.20000000298023224,0.21742003711406135,KCR,2018,bat,OF
sa827078,Hector Hernandez,OF,0.20000000298023224,0.19981999262236055,,2018,bat,OF
sa825763,Andres Ayon,OF,0.20000000298023224,0.17712998720817266,,2018,bat,OF
sa917303,Jonathan Sierra,OF,0.20000000298023224,0.21217000542674208,,2018,bat,OF
sa828200,Grabiel Jimenez,OF,0.20000000298023224,0.1968800257076509,NYM,2018,bat,OF
sa828295,Cristian Encarnacion,OF,0.20000000298023224,0.2750300468644127,TEX,2018,bat,OF
sa828423,Shakir Albert,OF,0.20000000298023224,0.1820600340841337,,2018,bat,OF
sa873161,Urwin Juaquin,2B/SS,0.20000000298023224,0.11060001379810273,CIN,2018,bat,2B/SS
20165,J.J. Matijevic,1B/DH,0.20000000298023224,0.2717999996501021,,2018,bat,1B/DH
sa3002883,Zach Jarrett,OF,0.20000000298023224,0.21229999761562784,BAL,2018,bat,OF
sa918610,Nick Hill,OF,0.20000000298023224,0.10930001549422733,,2018,bat,OF
sa917144,Yordi Francisco,OF,0.20000000298023224,0.19020998426713048,,2018,bat,OF
sa872781,Julio Cabrera,OF,0.20000000298023224,0.20543993890751144,,2018,bat,OF
sa736935,Miguel Hernandez,OF,0.20000000298023224,0.21310001474339518,,2018,bat,OF
22766,Steward Berroa,OF,0.20000000298023224,0.19314001824241128,MIL,2018,bat,OF
sa736907,Daniel Franco,OF,0.20000000298023224,0.20459999366430565,,2018,bat,OF
sa828266,Dayon Olmo,OF,0.20000000298023224,0.19077001695986834,,2018,bat,OF
sa3003320,Carlos Soler,OF,0.20000000298023224,0.18753000488504767,STL,2018,bat,OF
sa3003270,Josue Guerrero,OF,0.20000000298023224,0.17723999402951443,,2018,bat,OF
sa918552,Reynaldo Rivera,1B,0.20000000298023224,0.29250001127365965,,2018,bat,1B
sa827936,Elias Arias,OF,0.20000000298023224,0.2015499987755902,ATL,2018,bat,OF
sa3003415,Jevi Hernandez,OF,0.20000000298023224,0.23142999964766206,,2018,bat,OF
sa917755,Jeison Rodriguez,OF,0.20000000298023224,0.16986000428441902,,2018,bat,OF
sa918590,Nick Roscetti,2B,0.20000000298023224,0.1512899780645966,,2018,bat,2B
sa3003364,Edwin Mateo,OF,0.20000000298023224,0.17712999953655523,,2018,bat,OF
sa3003186,Antonio Sucre,OF,0.20000000298023224,0.2094500510487705,,2018,bat,OF
sa872519,Jose Jules,OF,0.20000000298023224,0.21768000593874592,CHC,2018,bat,OF
sa828340,Luis Ubiera,OF,0.20000000298023224,0.20449001141823822,,2018,bat,OF
sa3002708,Jose Tortolero,2B/SS,0.20000000298023224,0.14447005714755506,,2018,bat,2B/SS
sa827977,Nic Pierre,OF,0.20000000298023224,0.22454998624743883,,2018,bat,OF
sa917013,Darwin Alvarado,OF,0.20000000298023224,0.19141002730466417,,2018,bat,OF
sa872576,Starling Joseph,OF,0.20000000298023224,0.27982995023485274,,2018,bat,OF
sa916703,Oscateri Castillo,OF,0.20000000298023224,0.2054699599044397,,2018,bat,OF
sa917293,Luis Ovando,2B,0.20000000298023224,0.1574899396626278,ATL,2018,bat,2B
sa875582,Terrance Robertson,OF,0.20000000298023224,0.17489003487862642,NYY,2018,bat,OF
sa832570,Juan Avila,OF,0.20000000298023224,0.19584000199101864,,2018,bat,OF
sa828378,Jonathan Rivera,OF,0.20000000298023224,0.18127998162526637,STL,2018,bat,OF
sa917081,Ronaldo Pulgar,2B/3B,0.20000000298023224,0.11845001804176708,,2018,bat,2B/3B
sa873212,Jonathan Amundaray,OF,0.20000000298023224,0.18830998608609656,,2018,bat,OF
sa3003949,Keshawn Lynch,2B/OF,0.20000000298023224,0.180849967058748,,2018,bat,2B/OF
sa602649,David Kerian,1B,0.20000000298023224,0.2844100686255842,,2018,bat,1B
sa740415,Carlos Talavera,OF,0.20000000298023224,0.1696800267556682,STL,2018,bat,OF
sa917348,Osmy Gregorio,2B/3B/SS,0.20000000298023224,0.07017003658693276,,2018,bat,2B/3B/SS
sa917834,Eudis Lora,2B/3B,0.20000000298023224,0.11643000165931873,,2018,bat,2B/3B
sa3003312,Sean Mendoza,2B/3B,0.20000000298023224,0.23999997745268042,,2018,bat,2B/3B
sa737323,Pedro Urena,1B/OF,0.20000000298023224,0.2776999461231752,NYY,2018,bat,1B/OF
sa3003256,Claudio Finol,2B/3B,0.20000000298023224,0.32622996408026655,,2018,bat,2B/3B
sa829543,DeAires Moses,OF,0.20000000298023224,0.1485699905198998,SEA,2018,bat,OF
sa828218,Carlos Hiciano,2B,0.20000000298023224,0.069439979782328,,2018,bat,2B
sa829451,Carl Stajduhar,3B,0.20000000298023224,0.08456996625754977,,2018,bat,3B
sa917131,Dixon Gutierrez,OF,0.20000000298023224,0.20842002690769726,PHI,2018,bat,OF
sa915847,Colton Shaver,1B/3B,0.20000000298023224,0.24742996554123226,,2018,bat,1B/3B
23565,Davis Schneider,2B/OF,0.20000000298023224,0.2720200110110454,TOR,2018,bat,2B/OF
sa917477,Mervin Romero,2B/SS,0.20000000298023224,0.08649000120349225,LAD,2018,bat,2B/SS
sa917329,Ronny Brito,SS,0.20000000298023224,0.09168002771912143,,2018,bat,SS
sa875024,Miles Gordon,OF,0.20000000298023224,0.22908006219659,,2018,bat,OF
sa917372,Felix Abreu,OF,0.20000000298023224,0.2264999935869127,CIN,2018,bat,OF
sa875805,Devin Davis,1B,0.20000000298023224,0.24083999694557856,,2018,bat,1B
sa3003287,Ismael Jaime,OF,0.20000000298023224,0.25625005646143106,,2018,bat,OF
sa3003416,Jean Eusebio,OF,0.20000000298023224,0.18883999007521188,PIT,2018,bat,OF
sa3003962,Jake Adams,1B,0.20000000298023224,0.24622999847633759,,2018,bat,1B
sa829468,Tra Holmes,OF,0.20000000298023224,0.2515100101009011,,2018,bat,OF
sa736620,Hanleth Otano,OF,0.20000000298023224,0.18865003903629252,CHW,2018,bat,OF
sa3003249,Luis Carlos Diaz,OF,0.20000000298023224,0.14993001038674256,,2018,bat,OF
sa917138,Jesus Graterol,2B,0.20000000298023224,0.09331004080595448,,2018,bat,2B
sa918007,Joey Rose,3B,0.20000000298023224,0.18208000210579475,,2018,bat,3B
sa917149,Giovanni Diaz,SS,0.20000000298023224,0.10474002172704777,,2018,bat,SS
20084,J.C. Escarra,C,0.20000000298023224,0.2778099944116547,NYY,2018,bat,C
sa3002862,Ismael Alcantara,OF,0.20000000298023224,0.15518002810422327,,2018,bat,OF
sa917019,Santiago Vital,OF,0.20000000298023224,0.1896800013026222,,2018,bat,OF
sa873544,Frank Sanchez,OF,0.20000000298023224,0.1643800296238623,,2018,bat,OF
sa3002621,Caldioli Sanfler,OF,0.20000000298023224,0.21316003121901306,,2018,bat,OF
sa3003187,Robert Javier,OF,0.20000000298023224,0.1684199752402491,NYY,2018,bat,OF
sa917079,Antonio Pinero,SS,0.20000000298023224,0.14201004679780446,,2018,bat,SS
sa875350,Tristan Graham,OF,0.20000000298023224,0.1871200289810076,,2018,bat,OF
sa872873,Rougned Jose Odor,2B,0.20000000298023224,0.1697899966617114,,2018,bat,2B
sa874992,Zeek White,OF,0.20000000298023224,0.2166599632939324,,2018,bat,OF
sa833764,Erick Mendez,OF,0.20000000298023224,0.16598997318651523,NYY,2018,bat,OF
sa3003329,Pablo Abreu,OF,0.20000000298023224,0.20812004153849548,MIL,2018,bat,OF
sa828969,Angel Molina,1B,0.20000000298023224,0.24633005976211272,LAA,2018,bat,1B
sa872804,Beicker Mendoza,1B/OF,0.20000000298023224,0.15399995534680774,,2018,bat,1B/OF
sa920744,Victor Alfonso,2B,0.20000000298023224,0.10009000659920267,,2018,bat,2B
sa827245,Fidel Matos,1B/OF,0.20000000298023224,0.29177000802010283,CHC,2018,bat,1B/OF
sa3004283,Aaron Arruda,1B,0.20000000298023224,0.22984002429293468,,2018,bat,1B
sa872564,Brayan Emery,OF,0.20000000298023224,0.15810001385398204,NYY,2018,bat,OF
sa826657,Santiago Rincon,OF,0.20000000298023224,0.18234000242082396,,2018,bat,OF
sa943356,Kwang-Min Kwon,OF,0.20000000298023224,0.1857399839442223,,2018,bat,OF
sa602648,Joey Hawkins,SS,0.20000000298023224,0.04370003993390123,STL,2018,bat,SS
sa873204,Nelson B Alvarez,1B,0.20000000298023224,0.2441799892811104,,2018,bat,1B
sa917465,Pedro Diaz,OF,0.20000000298023224,0.13738996791653327,,2018,bat,OF
sa917056,J.V. Martinez,3B,0.20000000298023224,0.13989997714525088,,2018,bat,3B
sa828301,Cristopher Luciano,1B,0.20000000298023224,0.26367999446811147,,2018,bat,1B
sa826676,Jose Sandoval,OF,0.20000000298023224,0.1245499805314466,SEA,2018,bat,OF
sa3002851,Robert Perez Jr.,1B/OF,0.20000000298023224,0.13039003538433458,,2018,bat,1B/OF
sa923122,Landerson Pena,OF,0.20000000298023224,0.21274998170556497,,2018,bat,OF
sa872556,Richard Barcenas,OF,0.20000000298023224,0.1765199597459286,,2018,bat,OF
sa738134,DeAndre Asbury-Heath,OF,0.20000000298023224,0.17114000688306977,STL,2018,bat,OF
sa916832,Rafioby Urena,1B,0.20000000298023224,0.21797997036483135,,2018,bat,1B
sa872842,Ronal Reynoso,SS,0.20000000298023224,0.007920011295936984,MIA,2018,bat,SS
sa876110,Kalik May,OF,0.20000000298023224,0.17280000147875396,TOR,2018,bat,OF
sa872762,Santo Falcon,OF,0.20000000298023224,0.20389995358418667,,2018,bat,OF
sa657307,Jose Paniagua,1B/OF,0.20000000298023224,0.26917001269757745,,2018,bat,1B/OF
sa917146,Jose Sanchez,2B/SS,0.20000000298023224,0.04114001969574012,,2018,bat,2B/SS
sa917157,Luis Aquino,2B/OF,0.20000000298023224,0.13278996988665315,,2018,bat,2B/OF
sa871437,Moises Cabrera,1B,0.20000000298023224,0.21397998464526607,TBR,2018,bat,1B
sa3002846,Luis Yanel Diaz,3B,0.20000000298023224,0.07825995094608512,,2018,bat,3B
sa830657,Eudys Rivera,OF,0.20000000298023224,0.2362299527972936,,2018,bat,OF
sa918294,Ramon Osuna,1B,0.20000000298023224,0.29816001254366714,,2018,bat,1B
sa918093,Cal Jones,OF,0.20000000298023224,0.1788400184363126,KCR,2018,bat,OF
sa828300,Vicente Sanchez,OF,0.20000000298023224,0.16949998495401808,,2018,bat,OF
sa827959,Anthony Dirocie,OF,0.20000000298023224,0.129320026980713,NYM,2018,bat,OF
sa828296,Yimmelvyn Alonzo,OF,0.20000000298023224,0.24054999991785733,TEX,2018,bat,OF
sa828235,Carlos Diaz,1B,0.20000000298023224,0.26773002356057973,,2018,bat,1B
sa738139,Alex Rodriguez,1B,0.20000000298023224,0.25803002380998796,,2018,bat,1B
sa918089,Ulysses Cantu,1B,0.20000000298023224,0.2807399962446651,,2018,bat,1B
sa736971,Michael Medina,OF,0.20000000298023224,0.17508997826371336,LAD,2018,bat,OF
sa736758,Ismael Pena,1B/OF,0.20000000298023224,0.26184993193019174,,2018,bat,1B/OF
sa917301,Jose Gutierrez,OF,0.20000000298023224,0.1800900286063552,,2018,bat,OF
sa924293,Jonathan Lopez,3B,0.20000000298023224,0.279459983180277,CLE,2018,bat,3B
sa918432,Stephen Lohr,1B/3B,0.20000000298023224,0.32531997666228557,,2018,bat,1B/3B
sa3002696,Alexander Hernandez,3B/SS,0.20000000298023224,0.1512499370146543,,2018,bat,3B/SS
sa3003434,Bryce Brown,OF,0.20000000298023224,0.11633003113092855,,2018,bat,OF
sa872565,Juan De Leon,OF,0.20000000298023224,0.14729994966182852,NYY,2018,bat,OF
sa873997,Casey Golden,OF,0.20000000298023224,0.3342900072690099,COL,2018,bat,OF
sa917330,Kevin Aponte,OF,0.20000000298023224,0.12900000207591794,,2018,bat,OF
sa875366,Kenneth Bautista,OF,0.20000000298023224,0.11844998525921253,,2018,bat,OF
sa737007,Henry Santana,1B/OF,0.20000000298023224,0.25936999998521054,,2018,bat,1B/OF
sa736884,Carlos Rodriguez,OF,0.20000000298023224,0.15868999959202482,,2018,bat,OF
sa3002698,Raymond Mora,OF,0.20000000298023224,0.11752004285808644,,2018,bat,OF
sa3004729,Justin Jacobs,3B/OF,0.20000000298023224,0.32033997995313246,,2018,bat,3B/OF
sa917787,Yunior Martinez,OF,0.20000000298023224,0.11837997292168434,TBR,2018,bat,OF
sa877580,Will Barring,OF,0.20000000298023224,0.15462001805426545,,2018,bat,OF
sa872462,Raul Juarez,1B/3B,0.20000000298023224,0.29350999284069984,CIN,2018,bat,1B/3B
sa872568,Pedro Gonzalez,OF,0.20000000298023224,0.2367500528460368,,2018,bat,OF
sa3003352,Anderson Melendez,OF,0.20000000298023224,0.18687999005196612,,2018,bat,OF
sa917108,Johampher Arrendoll,OF,0.20000000298023224,0.10397995398379864,,2018,bat,OF
sa3003351,Yeikel Blandin,OF,0.20000000298023224,0.3192000326234847,,2018,bat,OF
sa872570,Domingo Martinez,1B,0.20000000298023224,0.21056000211974604,NYM,2018,bat,1B
sa917148,Danielito Remy,2B,0.20000000298023224,0.12966998433694246,CIN,2018,bat,2B
sa3002850,Luis Veloz,OF,0.20000000298023224,0.10177998566068702,,2018,bat,OF
sa872837,Antony Morillo,1B/3B,0.20000000298023224,0.090690023091156,,2018,bat,1B/3B
sa873170,Luis Asencio,3B,0.20000000298023224,0.09280995160806918,,2018,bat,3B
sa917173,Samuel Vasquez,OF,0.20000000298023224,0.2476400074083358,,2018,bat,OF
sa917867,Jose Briceno,OF,0.20000000298023224,0.1400200128438882,TOR,2018,bat,OF
sa828173,Huascar Fuentes,1B,0.20000000298023224,0.2424199423985556,PIT,2018,bat,1B
sa917332,Maikel Pineda,1B/3B,0.20000000298023224,0.24014999237842857,,2018,bat,1B/3B
sa917341,Henry Pujols,3B,0.20000000298023224,0.1146700442186556,,2018,bat,3B
sa3003302,Leonardo Gonzalez,OF,0.20000000298023224,0.10255001771729441,,2018,bat,OF
sa688600,Luis Benitez,OF,0.20000000298023224,0.16166999822016803,PIT,2018,bat,OF
sa872729,Dariel Gomez,1B,0.20000000298023224,0.21310005878331137,,2018,bat,1B
sa3003324,Jember Gutierrez,1B/3B,0.20000000298023224,0.30899000780191266,,2018,bat,1B/3B
sa737257,Luis Chaves,OF,0.20000000298023224,0.1549399944138712,,2018,bat,OF
sa872456,Juan Araujo,OF,0.20000000298023224,0.21477004946209494,,2018,bat,OF
sa873202,Rafael Valdez,2B/3B,0.20000000298023224,0.24637999564874918,,2018,bat,2B/3B
sa915632,Reed Rohlman,1B,0.20000000298023224,0.2422199520049616,KCR,2018,bat,1B
sa828430,Jose Tonton,OF,0.20000000298023224,0.10033005059231072,TBR,2018,bat,OF
20505,Drew Waters,OF,0.20000000298023224,0.17983003788394847,KCR,2018,bat,OF
21922,Sauryn Lao,P,0.20000000298023224,0.21250998725881795,,2018,bat,P
sa875349,Hunter Newman,1B,0.20000000298023224,0.2363099367590621,STL,2018,bat,1B
sa872523,Yordin Araujo,OF,0.20000000298023224,0.1001799841877073,NYM,2018,bat,OF
sa872581,Allan Santos,OF,0.20000000298023224,0.13975001981016244,,2018,bat,OF
sa3003205,Freddy De Jesus,1B,0.20000000298023224,0.22076999424025417,,2018,bat,1B
sa872539,Danny Contreras,1B,0.20000000298023224,0.17489005611278113,,2018,bat,1B
sa741491,Carlos Mejia,OF,0.20000000298023224,0.1415800329996272,,2018,bat,OF
sa872572,Tulio Garcia,OF,0.20000000298023224,0.09311998696066438,NYM,2018,bat,OF
sa872554,Leisxonyer Rivero,2B/SS,0.20000000298023224,0.06445996656548234,,2018,bat,2B/SS
sa875999,Gabriel Garcia,1B/3B,0.20000000298023224,0.24803002813132471,,2018,bat,1B/3B
sa916720,Jose Bermudez,OF,0.20000000298023224,0.1706500275875441,,2018,bat,OF
sa916981,Luis Martinez,OF,0.20000000298023224,0.12320001625921577,,2018,bat,OF
sa872575,Edgar Pineda,SS,0.20000000298023224,0.1249799914774484,TEX,2018,bat,SS
sa916843,Angeddy Almanzar,1B,0.20000000298023224,0.2007600051583722,,2018,bat,1B
sa3003310,Omar Medina,C/1B,0.20000000298023224,0.19400993629824365,,2018,bat,C/1B
sa917009,Luis Laurencio,1B,0.20000000298023224,0.23122998469043513,DET,2018,bat,1B
sa3004299,Ryan Garcia,1B/OF,0.20000000298023224,0.17713002529926594,,2018,bat,1B/OF
sa828284,Francis Martinez,1B/OF,0.20000000298023224,0.19439999097958202,,2018,bat,1B/OF
sa828128,Connor MacDonald,1B,0.20000000298023224,0.22836999484570691,,2018,bat,1B
sa3002631,Ronaldy Sosa,1B/2B,0.20000000298023224,0.25100004652049385,,2018,bat,1B/2B
sa875761,Jacy Cave,OF,0.20000000298023224,0.1956400300143286,ARI,2018,bat,OF
sa917113,Eulises Sanchez,OF,0.20000000298023224,0.08555997388903053,,2018,bat,OF
sa872784,Henderson De Oleo,1B/3B,0.20000000298023224,0.24970001348992799,CLE,2018,bat,1B/3B
sa917494,Luis Arias,SS,0.20000000298023224,-0.048780031641945276,TBR,2018,bat,SS
sa826665,Luis Torrealba,1B/OF,0.20000000298023224,0.21692003917414696,,2018,bat,1B/OF
sa828542,Dionis Paulino,1B/OF,0.20000000298023224,0.17455998077057294,,2018,bat,1B/OF
sa830207,Luis Encarnacion,1B,0.20000000298023224,0.2404800413874909,,2018,bat,1B
sa736658,Yerald Martinez,OF,0.20000000298023224,0.1256299939705059,,2018,bat,OF
sa918023,Walker Robbins,OF,0.20000000298023224,0.10269999136216929,STL,2018,bat,OF
sa3002709,Dalgeli Diaz,OF,0.20000000298023224,0.19585997280664733,,2018,bat,OF
sa875290,Satchel McElroy,OF,0.20000000298023224,0.15978000956820324,CIN,2018,bat,OF
sa917312,Osvaldo Santilien,OF,0.20000000298023224,0.18325000293552876,,2018,bat,OF
sa739702,Ryan Dale,1B/3B,0.20000000298023224,0.05004997677169732,KCR,2018,bat,1B/3B
sa917180,Yhordegny Kelly,1B/OF,0.20000000298023224,0.19162001465447243,,2018,bat,1B/OF
sa872754,Ronny Rafael,OF,0.20000000298023224,0.07357997157378118,,2018,bat,OF
sa872470,Victor Figuereo,1B/OF,0.20000000298023224,0.12428003401728345,,2018,bat,1B/OF
sa872517,Rafael Mejia,1B/3B,0.20000000298023224,0.22774001075886185,,2018,bat,1B/3B
sa872558,Yondry Contreras,OF,0.20000000298023224,0.10582995497388761,PIT,2018,bat,OF
sa736890,Jorge Parra,1B/OF,0.20000000298023224,0.20797999238129705,,2018,bat,1B/OF
sa917343,Ronny Dominguez,OF,0.20000000298023224,0.1413400508346967,CLE,2018,bat,OF
22117,Nick Pratto,1B,0.20000000298023224,0.2126200159778818,TEX,2018,bat,1B
sa3003284,Roimer Bolivar,OF,0.20000000298023224,0.06443999864859501,,2018,bat,OF
sa741552,Raul Wallace,OF,0.20000000298023224,0.1535400267923251,CIN,2018,bat,OF
sa830230,Sam Kennelly,1B,0.20000000298023224,0.20335000428603955,,2018,bat,1B
20220,Jo Adell,OF,0.20000000298023224,0.22689994552638382,LAA,2018,bat,OF
sa657134,Gabriel Santana,1B,0.20000000298023224,0.20535996529506512,,2018,bat,1B
sa873611,Todd Czinege,1B/OF,0.20000000298023224,0.3633799856295809,,2018,bat,1B/OF
sa3004078,Pat McInerney,1B,0.20000000298023224,0.22913004610454657,,2018,bat,1B
sa827246,Henrry Pedra,2B/3B,0.20000000298023224,0.21312996898777778,,2018,bat,2B/3B
sa3003413,Freddvil Chevez,1B,0.20000000298023224,0.15186998060671614,,2018,bat,1B
sa738355,Logan Gray,3B/OF,0.20000000298023224,0.0413799657369963,KCR,2018,bat,3B/OF
sa872792,Yerson Santana,OF,0.20000000298023224,0.05658996298443529,,2018,bat,OF
sa919376,Aldo Ovando,OF,0.20000000298023224,0.0883600519271567,,2018,bat,OF
sa829239,Raphael Ramirez,OF,0.20000000298023224,0.10629004095681004,NYM,2018,bat,OF
sa917153,Yoeli Lopez,OF,0.20000000298023224,0.135750048153568,,2018,bat,OF
sa917193,Osvaldo Oliva,1B,0.20000000298023224,0.19505004971288137,,2018,bat,1B
sa917187,Enyor Acosta,OF,0.20000000298023224,0.1034099515411071,,2018,bat,OF
sa872492,Ronny Jimenez,2B,0.20000000298023224,0.1956800456391647,,2018,bat,2B
sa918631,Jose Grullart,OF,0.20000000298023224,0.25732001073192795,COL,2018,bat,OF
sa917311,Jesus Marriaga,OF,0.20000000298023224,0.1554199592676013,,2018,bat,OF
sa917768,Larry Alcime,OF,0.20000000298023224,0.08255003544036299,PIT,2018,bat,OF
sa917083,Fabian Andrade,OF,0.20000000298023224,0.17758002449991173,,2018,bat,OF
23395,Eric Wagaman,1B,0.20000000298023224,0.1618200463475659,MIN,2018,bat,1B
sa738711,Levi Scott,1B,0.20000000298023224,0.17834996737074107,TOR,2018,bat,1B
sa828274,Felix Suarez,1B,0.20000000298023224,0.17060999359237022,,2018,bat,1B
sa3003202,Charles Reyes,OF,0.20000000298023224,0.1073199691134505,,2018,bat,OF
sa914315,Cristian Olivo,OF,0.20000000298023224,0.12411000109277658,CIN,2018,bat,OF
sa872574,Saury Aybar,3B/SS,0.20000000298023224,0.2411700310651213,TEX,2018,bat,3B/SS
sa3003208,Leuri Mejia,OF,0.20000000298023224,0.15249999654479315,,2018,bat,OF
sa828502,Carlos Rodriguez,1B/OF,0.20000000298023224,0.14189002307830376,STL,2018,bat,1B/OF
sa3004242,Chad Spanberger,1B/OF,0.20000000298023224,0.33254998067859554,,2018,bat,1B/OF
sa872464,Edwin Yon,OF,0.20000000298023224,0.10551006769528608,,2018,bat,OF
sa872452,Elvis Sabala,1B/3B,0.20000000298023224,0.13730004114331673,,2018,bat,1B/3B
sa736958,Johan De Jesus,3B,0.20000000298023224,0.15369995881337672,PIT,2018,bat,3B
sa872774,Brailin Mesa,OF,0.20000000298023224,0.19505997387459495,WSN,2018,bat,OF
sa875191,Kolton Kendrick,1B,0.20000000298023224,0.14896000770386306,MIN,2018,bat,1B
sa918997,Christoph Bono,OF,0.20000000298023224,0.06841001478023827,,2018,bat,OF
sa3003212,Ricardo Verenzuela,OF,0.20000000298023224,0.07595002270536487,,2018,bat,OF
sa916734,Luis Manon,2B,0.20000000298023224,0.012119978864211508,,2018,bat,2B
sa3003382,Bryan Santos,1B/OF,0.20000000298023224,0.10317000511568042,,2018,bat,1B/OF
sa917321,Pascal Amon,OF,0.20000000298023224,0.12764002769254149,LAD,2018,bat,OF
sa873172,Jhoan Calderon,OF,0.20000000298023224,0.06826998492470009,,2018,bat,OF
sa829671,Brody Westmoreland,3B,0.20000000298023224,0.10758997249649829,CIN,2018,bat,3B
22253,Sean Reynolds,P,0.20000000298023224,0.12138000398408619,,2018,bat,P
sa3003333,Jeikol Contreras,1B/3B,0.20000000298023224,0.17363999516237527,,2018,bat,1B/3B
sa3003177,Julio Rene,OF,0.20000000298023224,0.015400020813103685,,2018,bat,OF
sa872549,Lisandro Blanco,3B/OF,0.20000000298023224,0.12687000617152078,,2018,bat,3B/OF
sa918092,D.J. Daniels,OF,0.20000000298023224,0.03798997480189425,TOR,2018,bat,OF
sa918424,Jaquez Williams,1B/OF,0.20000000298023224,0.13107000843156125,,2018,bat,1B/OF
sa918512,Griffin Benson,1B,0.20000000298023224,0.16422999533824617,,2018,bat,1B
sa917280,Fernando Valdez,OF,0.20000000298023224,0.21563001989852634,,2018,bat,OF
sa918209,Chad McClanahan,1B/3B,0.20000000298023224,0.15549005714710795,,2018,bat,1B/3B
sa829051,Montrell Marshall,1B,0.20000000298023224,0.16288999677635724,,2018,bat,1B
sa916736,Bryan Connell,OF,0.20000000298023224,0.05711996604222801,CHW,2018,bat,OF
sa917283,Welin Liriano,3B,0.20000000298023224,0.192050048848614,TEX,2018,bat,3B
sa921555,Wilmy Valdez,1B,0.20000000298023224,0.08205001193564378,,2018,bat,1B
sa917789,Jose Del Palacio,1B/OF,0.20000000298023224,0.069659995730035,,2018,bat,1B/OF
sa919555,Franklin Reyes,1B/OF,0.20000000298023224,0.08055000243475655,,2018,bat,1B/OF
sa3003343,Victor Maria,2B/3B/SS,0.20000000298023224,0.13661004914902153,,2018,bat,2B/3B/SS
sa917313,Randy Federico,1B/3B,0.20000000298023224,0.10350002641789609,,2018,bat,1B/3B
sa3003371,Ronaldo Paulino,1B,0.20000000298023224,0.09352000033250078,,2018,bat,1B
sa828419,Roni Tapia,3B/OF,0.20000000298023224,0.09162996140075848,,2018,bat,3B/OF
sa3002695,Rafael Jimenez,1B/OF,0.20000000298023224,0.12847994215553624,,2018,bat,1B/OF
15982,Ryder Jones,1B/3B,6.480000019073486,23.199588562548158,,2018,bat,1B/3B
15482,Aristides Aquino,OF,1.6200000047683716,5.996090302988887,,2018,bat,OF
17005,Gavin Cecchini,2B,9.881999969482422,32.96603951826691,,2018,bat,2B
13895,Trevor Brown,C,3.013200044631958,7.03246023878455,,2018,bat,C
13910,Patrick Kivlehan,OF,1.6200000047683716,5.588569804467261,,2018,bat,OF
12092,Niko Goodrum,2B/SS,3.7260000705718994,12.994320137798784,,2018,bat,2B/SS
4146,Gorkys Hernández,OF,28.7101993560791,106.31029334664343,,2018,bat,OF
11894,Noel Cuevas,OF,3.240000009536743,13.727570068836213,,2018,bat,OF
19363,Austin Hays,OF,22.68000030517578,105.56908379197121,CHW,2018,bat,OF
17016,Rusney Castillo,OF,3.240000009536743,13.430219741538165,,2018,bat,OF
11338,Adrián Sanchez,2B/3B,8.100000381469727,26.72969114407897,,2018,bat,2B/3B
13356,Bubba Starling,OF,3.240000009536743,9.3767811588943,,2018,bat,OF
13795,Eric Stamets,SS,3.240000009536743,9.49033069871366,,2018,bat,SS
10349,Tommy Joseph,1B,12.960000038146973,63.906662640720604,,2018,bat,1B
15564,Tyler White,1B,21.124799728393555,87.18955248445272,,2018,bat,1B
11850,Tyler Austin,1B,34.800498962402344,145.94429426193236,CHC,2018,bat,1B
13267,Nolan Fontana,2B,9.720000267028809,29.242571862041945,,2018,bat,2B
3123,Grégor Blanco,OF,27.87019920349121,110.5656356215477,,2018,bat,OF
7168,Juan Centeno,C,31.00979995727539,102.82653217613696,ARI,2018,bat,C
17171,Yasmany Tomás,OF,14.904000282287598,73.75726019144058,,2018,bat,OF
3787,David Wright,3B,3.4019999504089355,13.55828051790595,,2018,bat,3B
16442,Ryan O'Hearn,1B/DH,8.100000381469727,32.25632018670439,PIT,2018,bat,1B/DH
16219,J.D. Davis,3B,33.5015983581543,135.4814842402935,,2018,bat,3B
15769,Rafael Bautista,OF,4.860000133514404,16.978528735041614,,2018,bat,OF
15119,Jordan Patterson,OF,9.720000267028809,44.559616366028784,,2018,bat,OF
14388,Ronald Guzmán,1B,4.860000133514404,19.72210886403918,,2018,bat,1B
16417,Sergio Alcántara,2B/3B/SS,11.34000015258789,34.47003112286329,WSN,2018,bat,2B/3B/SS
17292,Javy Guerra,P,3.240000009536743,7.141020403057337,ATL,2018,bat,P
11902,Hanser Alberto,2B/3B,16.200000762939453,48.686428812146175,,2018,bat,2B/3B
16246,AJ Reed,1B/DH,17.755199432373047,72.27009841650724,,2018,bat,1B/DH
15487,Victor Reyes,OF,45.30110168457031,166.04228682518007,,2018,bat,OF
9399,Jeremy Hazelbaker,OF,6.642000198364258,26.47336937189102,,2018,bat,OF
13277,Joey Rickard,OF,30.600299835205078,117.73707314133641,,2018,bat,OF
13853,Joey Wendle,2B/3B/SS,61.05189895629883,207.72500549554823,,2018,bat,2B/3B/SS
17023,Magneuris Sierra,OF,9.720000267028809,30.516179645061488,,2018,bat,OF
11761,Drew Robinson,OF,39.00080108642578,157.56459025144576,,2018,bat,OF
15115,Dylan Cozens,OF,11.501999855041504,44.2802716448903,,2018,bat,OF
11446,Rob Segedin,1B/3B/OF,14.904000282287598,54.377461878955366,LAD,2018,bat,1B/3B/OF
17452,Jose Siri,OF,8.100000381469727,27.50680926591158,LAA,2018,bat,OF
2918,Ángel Pagán,OF,29.55030059814453,125.59910877346992,,2018,bat,OF
8392,Daniel Descalso,2B/3B,41.730899810791016,170.52488697767257,,2018,bat,2B/3B
15181,Ryan Cordell,OF,62.83980178833008,219.06458522081374,,2018,bat,OF
sa739574,Samir Dueñez,1B,8.100000381469727,28.48732168525457,,2018,bat,1B
3371,Alejandro De Aza,OF,50.55139923095703,197.67915893793105,,2018,bat,OF
4556,James Loney,1B,24.299999237060547,104.32565104067324,,2018,bat,1B
12858,Brian Goodwin,OF,39.315799713134766,172.0166231662035,,2018,bat,OF
13546,Roman Quinn,OF,14.741999626159668,55.12405944168568,COL,2018,bat,OF
10030,Chris Owings,2B/SS,53.28150177001953,220.8644475936889,,2018,bat,2B/SS
17932,Andrew Stevenson,OF,14.579999923706055,49.37588047385215,,2018,bat,OF
1101,Ichiro Suzuki,OF,57.18600082397461,191.3911475002766,,2018,bat,OF
2578,Peter Bourjos,OF,21.384000778198242,79.70972219109534,,2018,bat,OF
14818,JaCoby Jones,OF,52.6515007019043,178.87167884111403,,2018,bat,OF
14158,Mac Williamson,OF,11.663999557495117,40.589742035418745,,2018,bat,OF
12944,Sócrates Brito,OF,16.200000762939453,56.086746102571475,,2018,bat,OF
8385,Pedro Florimón,SS,27.450199127197266,81.59457931518554,,2018,bat,SS
3708,Rajai Davis,OF,31.087799072265625,111.69987049102784,,2018,bat,OF
15481,Engelb Vielma,2B/SS,11.34000015258789,27.33832823634147,,2018,bat,2B/SS
14738,Phillip Ervin,OF,41.52090072631836,163.9498469412327,,2018,bat,OF
13176,Blake Swihart,C/OF,36.35279846191406,122.92054224014282,,2018,bat,C/OF
14350,Raimel Tapia,OF,41.06700134277344,195.8066236019134,,2018,bat,OF
5409,Pablo Sandoval,3B,37.740699768066406,153.75056768059733,,2018,bat,3B
14558,Carlos Tocci,OF,27.450199127197266,96.05763746500014,,2018,bat,OF
15117,Hunter Dozier,3B/OF,19.440000534057617,68.92655734270811,,2018,bat,3B/OF
12409,Ryan Rua,1B/OF,17.81999969482422,66.87232197821139,,2018,bat,1B/OF
13633,Preston Tucker,OF,37.11069869995117,158.0959420979023,,2018,bat,OF
13325,Deven Marrero,3B,12.94379997253418,33.18783877715469,,2018,bat,3B
10953,Phil Gosselin,2B/3B,18.143999099731445,59.06351707279682,,2018,bat,2B/3B
10340,Gift Ngoepe,2B/SS,17.81999969482422,45.746580320596685,,2018,bat,2B/SS
15214,Brandon Dixon,1B/OF,13.284000396728516,46.98289020210504,,2018,bat,1B/OF
1177,Albert Pujols,1B,110.64600372314453,528.1897493779659,,2018,bat,1B
10700,Ryan LaMarre,OF,24.299999237060547,77.7542844682932,,2018,bat,OF
11255,Matt Szczur,OF,35.430599212646484,125.11740537881852,,2018,bat,OF
8553,Gerardo Parra,OF,73.82340240478516,336.934954059124,,2018,bat,OF
6589,Sean Rodríguez,2B,57.4817008972168,219.23386812806132,,2018,bat,2B
393,Victor Martinez,C/DH,97.80380249023438,478.5805873155594,,2018,bat,C/DH
16313,Yairo Muñoz,SS/OF,48.97629928588867,166.66651262044903,,2018,bat,SS/OF
15082,Adam Engel,OF,115.55500030517578,333.48520133495333,,2018,bat,OF
15274,Mike Tauchman,OF,35.1156005859375,147.1663034439087,NYM,2018,bat,OF
14885,Pat Valaika,2B/SS,59.340599060058594,242.6747317790985,,2018,bat,2B/SS
3336,Alberto Callaspo,2B/3B,24.299999237060547,77.51198174953461,,2018,bat,2B/3B
3298,Charlie Culberson,3B/OF,32.910400390625,97.66819594502446,,2018,bat,3B/OF
10767,Lane Adams,OF,42.67599868774414,153.90569821596145,,2018,bat,OF
16839,Braxton Lee,OF,56.85169982910156,177.49406543970107,,2018,bat,OF
4182,Jonathan Herrera,2B/SS,40.05080032348633,119.67920969128606,,2018,bat,2B/SS
3395,Cliff Pennington,2B/SS,46.981201171875,143.55093130469322,,2018,bat,2B/SS
5888,Cole Gillespie,OF,40.05080032348633,134.20783107876778,,2018,bat,OF
2154,Ryan Howard,1B,34.800498962402344,134.53670007288454,,2018,bat,1B
3211,Tyler Ladendorf,2B,92.55349731445312,260.3477640628814,,2018,bat,2B
11863,Yadiel Rivera,3B/SS,38.47570037841797,70.95371578931805,,2018,bat,3B/SS
7226,Matt Davidson,3B/DH,123.55699920654297,474.92741371393197,,2018,bat,3B/DH
