playerid,PlayerName,minpos,G,FPTS,Team,season,stats,role
18401,Ronald Acuña Jr.,OF,150.0,1271.178829908371,ATL,2024,bat,OF
20123,Juan Soto,OF,150.0,1170.480845546722,NYM,2024,bat,OF
15640,Aaron Judge,OF,150.0,1115.4436895430088,NYY,2024,bat,OF
13611,Mookie Betts,OF,150.0,1058.261408376694,LAD,2024,bat,OF
23697,Julio Rodríguez,OF,150.0,993.8382985591886,SEA,2024,bat,OF
19556,Yordan Alvarez,DH/OF,140.94000244140625,1107.8381224751472,HOU,2024,bat,DH/OF
26288,Adley Rutschman,C/DH,137.41000366210938,816.135684120655,BAL,2024,bat,C/DH
19709,Fernando Tatis Jr.,SS/OF,150.0,1025.0993659853937,SDP,2024,bat,SS/OF
13510,José Ramírez,3B,150.0,984.1456178188324,CLE,2024,bat,3B
13624,Corey Seager,SS,132.83999633789062,917.3582608819008,TEX,2024,bat,SS
26289,Gunnar Henderson,SS,150.0,875.0551296234132,BAL,2024,bat,SS
17350,Rafael Devers,3B,150.0,1022.2257884383199,SFG,2024,bat,3B
18345,Kyle Tucker,OF,150.0,1022.1954202175142,LAD,2024,bat,OF
25764,Bobby Witt Jr.,SS,150.0,955.4479994773862,KCR,2024,bat,SS
25878,Corbin Carroll,OF,150.0,968.7863916397094,ARI,2024,bat,OF
12533,Marcus Semien,2B/SS,150.0,889.8494660615919,NYM,2024,bat,2B/SS
14344,Matt Olson,1B,150.0,1028.3615103840827,ATL,2024,bat,1B
17678,Alex Bregman,3B,150.0,875.141270828247,CHC,2024,bat,3B
16578,Yandy Díaz,1B/3B,145.8000030517578,949.909240925312,TBR,2024,bat,1B/3B
25931,Michael Harris II,OF,145.8000030517578,808.9605116844176,ATL,2024,bat,OF
20503,William Contreras,C,135.0800018310547,785.5733757138252,MIL,2024,bat,C
12916,Francisco Lindor,SS,150.0,836.1878949880601,NYM,2024,bat,SS
5361,Freddie Freeman,1B,150.0,1028.74372330904,LAD,2024,bat,1B
10155,Mike Trout,OF,145.8000030517578,936.2623244047165,LAA,2024,bat,OF
18360,Austin Riley,3B,150.0,955.9612816095351,ATL,2024,bat,3B
19612,Bo Bichette,SS,149.0399932861328,871.6884305238724,NYM,2024,bat,SS
19755,Shohei Ohtani,DH,150.0,1087.6922778129579,LAD,2024,bat,DH
12161,Xander Bogaerts,SS,147.4199981689453,819.5768387913703,SDP,2024,bat,SS
16556,Ozzie Albies,2B,150.0,895.3854036808013,ATL,2024,bat,2B
19611,Vladimir Guerrero Jr.,1B,150.0,1012.6762398302556,TOR,2024,bat,1B
16997,Gleyber Torres,2B,149.0399932861328,859.2782718420029,DET,2024,bat,2B
5417,Jose Altuve,2B,147.4199981689453,906.386989557743,HOU,2024,bat,2B
19197,Will Smith,C,120.9800033569336,688.6360498309134,LAD,2024,bat,C
11579,Bryce Harper,OF,145.8000030517578,1005.0985975623131,PHI,2024,bat,OF
11493,Manny Machado,3B,150.0,879.2830729067324,SDP,2024,bat,3B
21534,Cal Raleigh,C,130.10000610351562,639.7162770628928,SEA,2024,bat,C
12927,Brandon Nimmo,OF,145.8000030517578,863.7589116573332,TEX,2024,bat,OF
15491,J.P. Crawford,SS,149.0399932861328,754.7961333155632,SEA,2024,bat,SS
16252,Trea Turner,SS,150.0,860.45942094326,PHI,2024,bat,SS
13613,Ketel Marte,2B,150.0,885.4830603122709,ARI,2024,bat,2B
19950,Andrés Giménez,2B,150.0,774.9804592609405,TOR,2024,bat,2B
20437,Royce Lewis,3B,137.6999969482422,791.9088557600975,MIN,2024,bat,3B
20043,Luis Robert Jr.,OF,150.0,873.0463184595108,NYM,2024,bat,OF
26121,Francisco Alvarez,C,116.91999816894531,565.3750269532204,NYM,2024,bat,C
16930,Jonah Heim,C,122.83000183105469,536.5647391855716,ATL,2024,bat,C
20036,Isaac Paredes,3B,132.83999633789062,735.1973008394241,HOU,2024,bat,3B
9777,Nolan Arenado,3B,150.0,809.3828181982041,ARI,2024,bat,3B
33824,Jung Hoo Lee,OF,134.4600067138672,763.1270825862883,SFG,2024,bat,OF
14162,Carlos Correa,SS,137.6999969482422,753.7655261516571,HOU,2024,bat,SS
21711,Oneil Cruz,SS/OF,136.0800018310547,784.5782876491546,PIT,2024,bat,SS/OF
19352,Sean Murphy,C,98.61000061035156,506.26468850970264,ATL,2024,bat,C
15986,Willy Adames,SS,149.0399932861328,744.8521455645562,SFG,2024,bat,SS
19251,Pete Alonso,1B,150.0,944.5589305996893,BAL,2024,bat,1B
21479,Nico Hoerner,2B/SS,150.0,724.756052327156,CHC,2024,bat,2B/SS
22581,Alejandro Kirk,C,89.45999908447266,454.4860279142856,TOR,2024,bat,C
18568,Luis Arraez,1B/2B,137.6999969482422,798.5482693195341,SFG,2024,bat,1B/2B
9218,Paul Goldschmidt,1B,150.0,913.9689043641091,NYY,2024,bat,1B
22514,Triston Casas,1B,144.17999267578125,872.1535131692884,BOS,2024,bat,1B
22664,Gabriel Moreno,C,121.0999984741211,583.7263320088387,ARI,2024,bat,C
17919,Ian Happ,OF,150.0,817.8333206176757,CHC,2024,bat,OF
18314,Dansby Swanson,SS,150.0,715.9369350910187,CHC,2024,bat,SS
25768,CJ Abrams,SS,140.94000244140625,708.1655436515806,WSN,2024,bat,SS
25976,Riley Greene,OF,142.55999755859375,784.4612979888915,DET,2024,bat,OF
19290,Randy Arozarena,OF,150.0,842.1982831478118,SEA,2024,bat,OF
11477,Christian Yelich,OF,149.0399932861328,861.408931350708,MIL,2024,bat,OF
24610,Steven Kwan,OF,150.0,804.1237717628478,CLE,2024,bat,OF
12856,George Springer,OF,144.17999267578125,817.5576717257499,TOR,2024,bat,OF
18882,Brandon Lowe,2B,118.26000213623047,645.0733637452124,PIT,2024,bat,2B
27676,Vinnie Pasquantino,1B/DH,136.0800018310547,840.9548164844513,KCR,2024,bat,1B/DH
12861,Anthony Rendon,3B,131.22000122070312,722.4609552264213,LAA,2024,bat,3B
19326,Bryan Reynolds,OF,149.0399932861328,875.9543192386626,PIT,2024,bat,OF
27647,Anthony Volpe,SS,142.55999755859375,619.756856894493,NYY,2024,bat,SS
19918,Daulton Varsho,OF,137.6999969482422,665.1691248178481,TOR,2024,bat,OF
15362,Jeff McNeil,2B/OF,142.55999755859375,711.9926257848739,OAK,2024,bat,2B/OF
27478,Patrick Bailey,C,96.41999816894531,335.76459430456157,SFG,2024,bat,C
26299,Josh Jung,3B,144.17999267578125,698.243479013443,TEX,2024,bat,3B
13152,Jorge Polanco,2B/SS,139.32000732421875,694.4372397005558,NYM,2024,bat,2B/SS
11739,J.T. Realmuto,C,120.75,600.6357867479323,PHI,2024,bat,C
27506,Ha-Seong Kim,SS,140.94000244140625,645.2111840605736,ATL,2024,bat,SS
21454,Lars Nootbaar,OF,115.0199966430664,631.218765604496,STL,2024,bat,OF
16505,Matt Chapman,3B,144.17999267578125,674.3316346406936,SFG,2024,bat,3B
18577,Ke'Bryan Hayes,3B,140.94000244140625,717.8018557548522,CIN,2024,bat,3B
21636,Jeremy Peña,SS,147.4199981689453,657.575245308876,HOU,2024,bat,SS
33333,Wyatt Langford,OF,139.32000732421875,765.0387071132658,TEX,2024,bat,OF
27534,Edouard Julien,2B,119.87999725341797,637.6749959111214,COL,2024,bat,2B
22263,Nolan Gorman,2B,123.12000274658203,677.963068974018,STL,2024,bat,2B
15998,Cody Bellinger,1B/OF,145.8000030517578,767.4151213169097,NYY,2024,bat,1B/OF
31347,Zach Neto,SS,140.94000244140625,601.2982012748716,LAA,2024,bat,SS
29622,Sal Frelick,OF,131.22000122070312,663.7253645181655,MIL,2024,bat,OF
17929,Cedric Mullins,OF,139.32000732421875,719.5926653385162,TBR,2024,bat,OF
29766,Zack Gelof,2B,139.32000732421875,675.5952495455741,OAK,2024,bat,2B
11609,Willson Contreras,C,115.75,623.4642925858499,BOS,2024,bat,C
17232,Yoán Moncada,3B,142.55999755859375,684.2708899736405,LAA,2024,bat,3B
27790,Evan Carter,OF,131.22000122070312,675.7859401464461,TEX,2024,bat,OF
19287,Adolis García,OF,144.17999267578125,745.7049309730528,PHI,2024,bat,OF
26294,Bryson Stott,2B,134.4600067138672,636.2156252384185,PHI,2024,bat,2B
16478,Kyle Schwarber,DH/OF,150.0,943.12377038002,PHI,2024,bat,DH/OF
14161,Byron Buxton,OF,124.73999786376953,684.9400495290755,MIN,2024,bat,OF
17548,Taylor Ward,OF,134.4600067138672,739.0459605455399,BAL,2024,bat,OF
23003,Yainer Diaz,C/DH,103.47000122070312,538.4169651806354,HOU,2024,bat,C/DH
30116,Seiya Suzuki,DH/OF,136.0800018310547,773.430624628067,CHC,2024,bat,DH/OF
19566,Nathaniel Lowe,1B,137.6999969482422,757.9040139913558,CIN,2024,bat,1B
20529,Nolan Jones,OF,144.17999267578125,842.066367292404,CLE,2024,bat,OF
21865,Bo Naylor,C,93.86000061035156,431.7104701280594,CLE,2024,bat,C
13419,Christian Walker,1B,150.0,828.8918618083001,HOU,2024,bat,1B
24679,Brendan Donovan,2B/OF,123.12000274658203,679.6848141908646,SEA,2024,bat,2B/OF
20454,Jazz Chisholm Jr.,2B/OF,137.6999969482422,723.485955095291,NYY,2024,bat,2B/OF
18839,Josh Naylor,1B,134.4600067138672,778.9515597462654,SEA,2024,bat,1B
26031,Vaughn Grissom,2B,113.4000015258789,549.4020423173905,LAA,2024,bat,2B
26668,Elly De La Cruz,SS,137.6999969482422,729.655717229843,CIN,2024,bat,SS
17982,Ty France,1B,144.17999267578125,691.8584592700005,SDP,2024,bat,1B
18900,Leody Taveras,OF,124.73999786376953,532.3620279073715,BAL,2024,bat,OF
21618,Alec Bohm,3B,142.55999755859375,699.4238200187682,PHI,2024,bat,3B
12144,Max Kepler,OF,132.83999633789062,673.1757572650911,,2024,bat,OF
14551,Anthony Santander,OF,149.0399932861328,793.8970973610877,TOR,2024,bat,OF
16725,Jose Trevino,C,76.83999633789062,263.3245990037918,CIN,2024,bat,C
17484,Eloy Jiménez,DH/OF,140.94000244140625,807.2432325005532,TOR,2024,bat,DH/OF
22275,Jake Burger,1B/3B,149.0399932861328,762.9376713991164,TEX,2024,bat,1B/3B
16472,Rhys Hoskins,1B,147.4199981689453,815.6286181211472,CLE,2024,bat,1B
21523,Jonathan India,2B,134.4600067138672,741.9225301146506,KCR,2024,bat,2B
22244,Jack Suwinski,OF,119.87999725341797,620.1839564085006,LAD,2024,bat,OF
12564,Trevor Story,SS,145.8000030517578,678.8477185726165,BOS,2024,bat,SS
22715,Maikel Garcia,3B,124.73999786376953,606.4116307258605,KCR,2024,bat,3B
16426,Thairo Estrada,2B,139.32000732421875,631.3907378435134,BAL,2024,bat,2B
23792,Alek Thomas,OF,126.36000061035156,543.5422974109649,ARI,2024,bat,OF
31781,Jackson Holliday,2B,105.30000305175781,464.85906224250795,BAL,2024,bat,2B
16219,J.D. Davis,3B,126.36000061035156,564.4000200510026,,2024,bat,3B
13301,Max Muncy,1B/3B,124.73999786376953,656.0765709519386,LAD,2024,bat,1B/3B
19953,Josh Lowe,OF,113.4000015258789,570.4483716845511,LAA,2024,bat,OF
24770,James Outman,OF,121.5,537.0305106639863,MIN,2024,bat,OF
19858,Luis Rengifo,2B/3B,115.0199966430664,551.6739016771317,MIL,2024,bat,2B/3B
18036,Jake Cronenworth,1B/2B,142.55999755859375,683.7572972774506,SDP,2024,bat,1B/2B
29617,Henry Davis,C/OF,117.11000061035156,536.9262480735778,PIT,2024,bat,C/OF
19599,Chas McCormick,OF,123.12000274658203,558.7401105284691,CHC,2024,bat,OF
9874,DJ LeMahieu,2B,119.87999725341797,574.6031526327134,,2024,bat,2B
27899,Colt Keith,2B,116.63999938964844,545.1914143085479,DET,2024,bat,2B
24729,Logan O'Hoppe,C,114.95999908447266,576.0410857677459,LAA,2024,bat,C
27815,Jordan Westburg,2B/3B,97.19999694824219,418.1224937558174,BAL,2024,bat,2B/3B
31837,Masataka Yoshida,DH/OF,132.83999633789062,737.8146005630492,BOS,2024,bat,DH/OF
17907,Brendan Rodgers,2B,136.0800018310547,690.6957509577273,BOS,2024,bat,2B
15711,Tyler O'Neill,OF,127.9800033569336,653.4281585335732,BAL,2024,bat,OF
27465,Spencer Torkelson,1B,150.0,814.5686958193779,DET,2024,bat,1B
23800,Parker Meadows,OF,123.12000274658203,567.7887927055358,DET,2024,bat,OF
21897,Christopher Morel,DH/OF,123.12000274658203,645.1974789142608,MIA,2024,bat,DH/OF
19955,Gavin Lux,2B,110.16000366210938,484.85946986675265,TBR,2024,bat,2B
18373,Ryan Mountcastle,1B,132.83999633789062,693.420053076744,BAL,2024,bat,1B
14221,Jorge Soler,DH/OF,142.55999755859375,818.3593966960906,LAA,2024,bat,DH/OF
26197,Andrew Vaughn,1B/OF,145.8000030517578,746.1042964577674,MIL,2024,bat,1B/OF
23565,Davis Schneider,2B/OF,87.4800033569336,429.9002213358879,TOR,2024,bat,2B/OF
17452,Jose Siri,OF,124.73999786376953,498.42584846019747,LAA,2024,bat,OF
33189,Nolan Schanuel,1B,121.5,603.9316918134689,LAA,2024,bat,1B
15112,Ryan McMahon,3B,136.0800018310547,669.5272024869918,NYY,2024,bat,3B
22799,Geraldo Perdomo,SS,106.91999816894531,414.8773264884948,ARI,2024,bat,SS
15161,Mitch Garver,C/DH,121.98999786376953,619.6769361197947,SEA,2024,bat,C/DH
19363,Austin Hays,OF,124.73999786376953,571.4026431441307,CHW,2024,bat,OF
24618,Ryan Jeffers,C,85.27999877929688,372.8448830962181,MIN,2024,bat,C
22217,Luis Campusano,C,115.48999786376953,528.5269850611686,SDP,2024,bat,C
12552,Eugenio Suárez,3B,140.94000244140625,634.8517474710942,CIN,2024,bat,3B
30011,Christian Encarnacion-Strand,1B,129.60000610351562,701.3339706301688,CIN,2024,bat,1B
18030,Harrison Bader,OF,103.68000030517578,418.0039732456207,SFG,2024,bat,OF
29695,Matt McLain,2B,68.04000091552734,376.337646818161,CIN,2024,bat,2B
27562,Austin Wells,C,74.27999877929688,325.15527028739444,NYY,2024,bat,C
26123,Brett Baty,3B,106.91999816894531,462.4873354554177,NYM,2024,bat,3B
13066,Teoscar Hernández,OF,139.32000732421875,703.3469044685362,LAD,2024,bat,OF
13185,Orlando Arcia,SS,129.60000610351562,539.4591207265854,MIN,2024,bat,SS
20202,Brandon Marsh,OF,127.9800033569336,549.4037067890167,PHI,2024,bat,OF
19470,Tommy Edman,2B,95.58000183105469,452.57807633876797,LAD,2024,bat,2B
17901,Andrew Benintendi,OF,137.6999969482422,678.2631620764732,CHW,2024,bat,OF
16535,Danny Jansen,C,68.4800033569336,314.09457917511463,TEX,2024,bat,C
19452,Jake Rogers,C,84.81999969482422,312.6165725111961,DET,2024,bat,C
14968,Victor Caratini,C,60.4900016784668,252.42219223976133,MIN,2024,bat,C
20391,Luis García Jr.,2B,106.91999816894531,486.9412048339844,WSN,2024,bat,2B
14854,Mike Yastrzemski,OF,118.26000213623047,546.1793837547301,ATL,2024,bat,OF
17027,Alex Verdugo,OF,111.77999877929688,529.1365216612816,SDP,2024,bat,OF
19610,Keibert Ruiz,C,111.94000244140625,543.5631045341491,WSN,2024,bat,C
27479,Masyn Winn,SS,113.4000015258789,421.00609588623047,STL,2024,bat,SS
23312,Ryan Noda,1B,131.22000122070312,647.7452424764633,BAL,2024,bat,1B
19859,René Pinto,C,88.88999938964844,313.9530368089676,PHI,2024,bat,C
19522,TJ Friedl,OF,90.72000122070312,470.5642619132995,CIN,2024,bat,OF
16939,Lane Thomas,OF,147.4199981689453,743.150795340538,KCR,2024,bat,OF
13621,Jeimer Candelario,3B,136.0800018310547,676.525742661953,LAA,2024,bat,3B
15172,Tim Anderson,SS,131.22000122070312,590.7813752412795,,2024,bat,SS
22197,MJ Melendez,OF,132.83999633789062,675.8702571630479,NYM,2024,bat,OF
24617,Jarren Duran,OF,119.87999725341797,626.5111978530883,BOS,2024,bat,OF
23690,Brayan Rocchio,SS,100.44000244140625,374.5142645359039,CLE,2024,bat,SS
7739,Travis d'Arnaud,C,79.81999969482422,357.85644488930694,LAA,2024,bat,C
19238,Lourdes Gurriel Jr.,OF,126.36000061035156,659.7414289832116,ARI,2024,bat,OF
26323,Spencer Steer,1B/OF,132.83999633789062,695.7708035707474,CIN,2024,bat,1B/OF
11615,Brandon Drury,2B/3B,134.4600067138672,647.8078639030456,KCR,2024,bat,2B/3B
11445,Mark Canha,OF,123.12000274658203,599.1143534779548,TEX,2024,bat,OF
3473,Anthony Rizzo,1B,127.9800033569336,668.2567923247814,,2024,bat,1B
10324,Marcell Ozuna,DH/OF,137.6999969482422,742.4937341094015,PIT,2024,bat,DH/OF
5517,Kyle Higashioka,C,71.37999725341797,261.11429889202117,TEX,2024,bat,C
20599,Iván Herrera,C/DH,45.20000076293945,208.74256019592283,STL,2024,bat,C/DH
21614,Kyle Isbel,OF,110.16000366210938,440.08662950992584,KCR,2024,bat,OF
27475,Jordan Walker,OF,132.83999633789062,646.3316746115684,STL,2024,bat,OF
16622,Luis Urías,2B/3B,71.27999877929688,300.8330930620432,,2024,bat,2B/3B
22532,Tyler Freeman,OF,85.86000061035156,372.59489787817,COL,2024,bat,OF
29490,Jackson Merrill,OF,123.12000274658203,472.6045988321304,SDP,2024,bat,OF
20126,Dylan Carlson,OF,66.41999816894531,322.4345052361488,CHC,2024,bat,OF
22186,Brice Turang,2B,110.16000366210938,431.7326797246933,MIL,2024,bat,2B
18126,LaMonte Wade Jr.,1B/OF,111.77999877929688,589.9464648723603,CHW,2024,bat,1B/OF
24262,Ceddanne Rafaela,OF,124.73999786376953,535.5256879091262,BOS,2024,bat,OF
25493,Joey Ortiz,3B/SS,81.0,330.2748658776283,MIL,2024,bat,3B/SS
9774,Christian Vázquez,C,75.44000244140625,266.1034497797489,HOU,2024,bat,C
15518,Amed Rosario,SS,77.76000213623047,357.30672652721404,NYY,2024,bat,SS
7304,Salvador Perez,C,132.2899932861328,672.6680322647094,KCR,2024,bat,C
11038,Kevin Kiermaier,OF,102.05999755859375,395.900545835495,,2024,bat,OF
24064,Ezequiel Tovar,SS,145.8000030517578,614.669690990448,COL,2024,bat,SS
13145,Josh Bell,1B,144.17999267578125,785.1645895361901,MIN,2024,bat,1B
26368,JJ Bleday,OF,116.63999938964844,528.5968855023384,CIN,2024,bat,OF
5827,Wilmer Flores,1B,95.58000183105469,500.4796571433545,,2024,bat,1B
21538,Nick Fortes,C,66.29000091552734,258.6759627699852,TBR,2024,bat,C
21840,Freddy Fermin,C,49.720001220703125,221.23092688918115,SDP,2024,bat,C
21780,Esteury Ruiz,OF,103.68000030517578,476.1668224573135,MIA,2024,bat,OF
25816,Shea Langeliers,C,98.16000366210938,402.590054178238,OAK,2024,bat,C
18564,Trent Grisham,OF,63.18000030517578,275.23096187710763,NYY,2024,bat,OF
11899,Joc Pederson,OF,106.91999816894531,585.5842582345008,TEX,2024,bat,OF
16376,Michael Conforto,OF,121.5,590.7523683726787,CHC,2024,bat,OF
27684,Michael Massey,2B,92.33999633789062,404.90558838844294,KCR,2024,bat,2B
16512,Isiah Kiner-Falefa,SS,103.68000030517578,388.46178964376446,BOS,2024,bat,SS
21693,Miguel Amaya,C,57.25,224.98757565021512,CHC,2024,bat,C
19260,Jake Fraley,OF,116.63999938964844,624.2129730224609,TBR,2024,bat,OF
20287,Ben Rortvedt,C,55.7400016784668,187.23226435184478,NYM,2024,bat,C
19354,Luke Raley,1B/OF,89.0999984741211,405.3079933047295,SEA,2024,bat,1B/OF
14274,Mitch Haniger,OF,123.12000274658203,551.1847924828529,,2024,bat,OF
13620,Carson Kelly,C,69.52999877929688,268.3904222667217,CHC,2024,bat,C
28806,Jackson Chourio,OF,129.60000610351562,552.9213400959968,MIL,2024,bat,OF
20308,Jake Meyers,OF,92.33999633789062,348.40432287454604,HOU,2024,bat,OF
9241,Starling Marte,OF,134.4600067138672,639.6444849967957,KCR,2024,bat,OF
18171,Seth Brown,1B/OF,115.0199966430664,539.5222195267677,NYY,2024,bat,1B/OF
15676,José Abreu,1B,142.55999755859375,689.9786254763603,,2024,bat,1B
21853,Will Benson,OF,115.0199966430664,537.3480935096741,CIN,2024,bat,OF
15429,Kris Bryant,3B/OF,132.83999633789062,748.9284863352774,COL,2024,bat,3B/OF
5235,Justin Turner,3B,126.36000061035156,608.8765822440386,,2024,bat,3B
26438,Dominic Canzone,OF,84.23999786376953,377.6366437375546,SEA,2024,bat,OF
10681,Gio Urshela,3B,76.13999938964844,329.94705854654313,MIN,2024,bat,3B
26466,Matt Wallner,OF,100.44000244140625,466.6294491767883,MIN,2024,bat,OF
28163,Junior Caminero,3B,43.7400016784668,225.8094670057297,TBR,2024,bat,3B
22277,Nick Allen,SS,85.86000061035156,286.6493390798568,HOU,2024,bat,SS
10028,Christian Bethancourt,C,78.33999633789062,292.52060465216636,CHC,2024,bat,C
23401,José Caballero,2B/SS,76.13999938964844,302.8622498512268,NYY,2024,bat,2B/SS
19734,Josh Rojas,2B/3B,82.62000274658203,315.3625765770674,KCR,2024,bat,2B/3B
19627,Brent Rooker,DH/OF,131.22000122070312,639.8430217385292,OAK,2024,bat,DH/OF
25807,Jared Triolo,3B,118.26000213623047,450.7243703365326,PIT,2024,bat,3B
12976,Austin Hedges,C,54.2400016784668,143.80300566256042,CLE,2024,bat,C
9627,Yan Gomes,C,88.88999938964844,338.16113573312754,,2024,bat,C
22563,Gabriel Arias,SS,64.80000305175781,271.83352637887003,CLE,2024,bat,SS
23772,Wilyer Abreu,OF,72.9000015258789,354.68355801105497,BOS,2024,bat,OF
18795,Ramón Urías,3B,68.04000091552734,268.25591884851457,STL,2024,bat,3B
19913,Jesús Sánchez,OF,103.68000030517578,509.7570196866988,TOR,2024,bat,OF
27555,Garrett Mitchell,OF,87.4800033569336,353.75141446590425,MIL,2024,bat,OF
25961,Kerry Carpenter,DH/OF,119.87999725341797,608.3145559310913,DET,2024,bat,DH/OF
12979,Javier Báez,SS,126.36000061035156,498.86326289176935,DET,2024,bat,SS
17128,Ramón Laureano,OF,123.12000274658203,537.4669382810591,SDP,2024,bat,OF
29794,Kyle Manzardo,1B/DH,87.4800033569336,417.30673729777334,CLE,2024,bat,1B/DH
22558,Jarred Kelenic,OF,100.44000244140625,457.5698620080948,CHW,2024,bat,OF
21558,Matt Vierling,OF,87.4800033569336,384.63483178615564,DET,2024,bat,OF
13338,Omar Narváez,C,48.439998626708984,186.1380615800619,,2024,bat,C
15674,Reese McGuire,C,60.2599983215332,202.3997855365276,MIL,2024,bat,C
26517,Noelvi Marte,3B/OF,53.459999084472656,256.30412991046904,CIN,2024,bat,3B/OF
17988,Tyler Stephenson,C,93.5199966430664,397.78565984964365,CIN,2024,bat,C
14712,Manuel Margot,OF,79.37999725341797,347.33262599706643,,2024,bat,OF
13590,Jesse Winker,OF,85.86000061035156,447.3444654464722,,2024,bat,OF
4949,Giancarlo Stanton,DH/OF,106.91999816894531,562.4455264687537,NYY,2024,bat,DH/OF
11368,Yasmani Grandal,C,54.2400016784668,227.6363503783941,,2024,bat,C
15464,Hunter Renfroe,OF,97.19999694824219,475.2941870570183,,2024,bat,OF
24336,Johan Rojas,OF,85.86000061035156,322.27345628738396,PHI,2024,bat,OF
16530,Mauricio Dubón,2B/OF,72.9000015258789,315.04728368520733,ATL,2024,bat,2B/OF
11489,Michael A. Taylor,OF,97.19999694824219,365.4196581244468,,2024,bat,OF
12037,Jon Berti,3B,55.08000183105469,223.9517211794853,,2024,bat,3B
19252,Cavan Biggio,2B,97.19999694824219,382.4784914553165,HOU,2024,bat,2B
4940,Jason Heyward,OF,90.72000122070312,390.4353549599648,,2024,bat,OF
20325,Alex Kirilloff,1B/OF,90.72000122070312,420.55164096951484,,2024,bat,1B/OF
18819,Andy Ibáñez,2B/3B,61.560001373291016,272.38252060413356,OAK,2024,bat,2B/3B
16442,Ryan O'Hearn,1B/DH,93.95999908447266,450.7144528031348,PIT,2024,bat,1B/DH
15679,Rowdy Tellez,1B,92.33999633789062,470.2124166548252,,2024,bat,1B
18363,Victor Robles,OF,93.95999908447266,369.24042699337,SEA,2024,bat,OF
2967,Tommy Pham,OF,95.58000183105469,468.1853435754776,,2024,bat,OF
17338,Willi Castro,OF,92.33999633789062,395.4771112918853,COL,2024,bat,OF
29591,Colton Cowser,OF,66.41999816894531,289.72410594522955,BAL,2024,bat,OF
22458,Taylor Walls,SS,64.80000305175781,239.97309645414353,TBR,2024,bat,SS
19600,Bryan De La Cruz,OF,129.60000610351562,581.6601783156394,PHI,2024,bat,OF
19339,Nicky Lopez,2B/SS,93.95999908447266,310.1278967380524,COL,2024,bat,2B/SS
26224,Darell Hernaiz,3B/SS,66.41999816894531,236.5636960864067,OAK,2024,bat,3B/SS
16153,Austin Slater,OF,51.84000015258789,248.80378035306924,DET,2024,bat,OF
25660,Will Brennan,OF,76.13999938964844,325.7269587874413,SFG,2024,bat,OF
5297,Aaron Hicks,OF,118.26000213623047,529.6820294857025,,2024,bat,OF
19392,Zach McKinstry,3B/OF,82.62000274658203,354.092181634903,DET,2024,bat,3B/OF
14366,Joey Meneses,1B/DH,121.5,600.9455201745031,OAK,2024,bat,1B/DH
16572,Connor Joe,1B/OF,85.86000061035156,407.20257465839387,SEA,2024,bat,1B/OF
22542,Lawrence Butler,OF,108.54000091552734,414.5505257129669,OAK,2024,bat,OF
23733,Ezequiel Duran,3B,58.31999969482422,255.89887707233424,TEX,2024,bat,3B
15274,Mike Tauchman,OF,61.560001373291016,259.84951713085167,NYM,2024,bat,OF
20521,Nick Madrigal,2B/3B,46.97999954223633,196.55500278472906,LAA,2024,bat,2B/3B
26319,Michael Busch,1B,103.68000030517578,453.8332170605659,CHC,2024,bat,1B
29712,Colson Montgomery,SS,51.84000015258789,197.26272549033163,CHW,2024,bat,SS
13675,Tyrone Taylor,OF,77.76000213623047,320.98080214262006,NYM,2024,bat,OF
10472,Enrique Hernández,OF,81.0,328.97869360744954,LAD,2024,bat,OF
13757,Chris Taylor,OF,87.4800033569336,359.662977719307,LAA,2024,bat,OF
21837,Jonathan Aranda,1B,56.70000076293945,272.26618959307666,TBR,2024,bat,1B
19997,Santiago Espinal,2B/3B,66.41999816894531,277.54885951280596,LAD,2024,bat,2B/3B
19151,Estevan Florial,OF,72.9000015258789,301.80006474256516,,2024,bat,OF
14813,Kyle Farmer,2B/SS,61.560001373291016,251.82875287532804,ATL,2024,bat,2B/SS
15223,Adam Frazier,2B/OF,81.0,332.32995091676713,LAA,2024,bat,2B/OF
27769,Pete Crow-Armstrong,OF,50.220001220703125,211.30258809328078,CHC,2024,bat,OF
22823,Oswald Peraza,3B,38.880001068115234,163.4594984769821,LAA,2024,bat,3B
31349,Victor Scott II,OF,69.66000366210938,258.7848667502403,STL,2024,bat,OF
14387,Harold Ramírez,DH/OF,58.31999969482422,284.18287892937656,,2024,bat,DH/OF
7802,Miguel Rojas,SS,56.70000076293945,211.7597019731998,LAD,2024,bat,SS
13602,Patrick Wisdom,3B,71.27999877929688,317.1636693537235,SEA,2024,bat,3B
22184,Mark Vientos,3B/DH,45.36000061035156,212.94567672014233,NYM,2024,bat,3B/DH
13499,Tom Murphy,C,58.040000915527344,248.43873749971385,,2024,bat,C
2396,Carlos Santana,1B,106.91999816894531,492.34688587784774,ARI,2024,bat,1B
17273,Jorge Mateo,SS,46.97999954223633,177.21376488208767,ATL,2024,bat,SS
18015,Paul DeJong,SS,81.0,287.64765979349613,NYY,2024,bat,SS
15878,Miguel Andujar,3B/OF,58.31999969482422,270.1259638786316,SDP,2024,bat,3B/OF
25479,Brenton Doyle,OF,131.22000122070312,458.75783851146696,COL,2024,bat,OF
10059,Max Stassi,C,49.720001220703125,167.02138576507568,,2024,bat,C
23818,Ji Hwan Bae,2B/OF,51.84000015258789,218.56294662952422,NYM,2024,bat,2B/OF
18042,Dylan Moore,2B/OF,53.459999084472656,205.78297665715218,PHI,2024,bat,2B/OF
20352,Ernie Clement,3B,48.599998474121094,191.6164692759514,TOR,2024,bat,3B
19293,Nick Senzel,OF,93.95999908447266,352.90344508886335,LAD,2024,bat,OF
19779,Dairon Blanco,OF,40.5,179.50099561214446,KCR,2024,bat,OF
29976,Jordan Lawlar,3B/SS,46.97999954223633,181.9975459218025,ARI,2024,bat,3B/SS
14128,Joey Gallo,OF,95.58000183105469,427.96428911685945,,2024,bat,OF
12859,James McCann,C,39.400001525878906,139.92375560104847,ARI,2024,bat,C
31370,Jakob Marsee,OF,45.36000061035156,184.5622677832842,MIA,2024,bat,OF
18887,Seby Zavala,C,34.650001525878906,94.53596784174442,LAD,2024,bat,C
25616,Marco Luciano,SS,53.459999084472656,192.00521216392517,NYY,2024,bat,SS
12158,Austin Barnes,C,34.650001525878906,120.15233964771032,NYM,2024,bat,C
22168,Akil Baddoo,OF,40.5,184.25086272954943,MIL,2024,bat,OF
23359,Nelson Velázquez,DH/OF,85.86000061035156,384.4023237943649,STL,2024,bat,DH/OF
8623,Donovan Solano,2B,69.66000366210938,314.22873585224147,,2024,bat,2B
21716,Enmanuel Valdez,2B,38.880001068115234,169.0476647555828,PIT,2024,bat,2B
19318,Matt Thaiss,C,40.900001525878906,162.43314472734926,BOS,2024,bat,C
10815,Jurickson Profar,OF,98.81999969482422,421.7398980259895,ATL,2024,bat,OF
13324,Ildemaro Vargas,2B/3B,46.97999954223633,186.04309909343718,ARI,2024,bat,2B/3B
13768,Travis Jankowski,OF,40.5,165.6518563210964,NYM,2024,bat,OF
10264,Brandon Belt,1B,81.0,395.3590164482593,,2024,bat,1B
13355,Luke Maile,C,54.2400016784668,193.61549937725067,KCR,2024,bat,C
11442,Gary Sánchez,C,88.0,373.78859395980834,MIL,2024,bat,C
24589,Richie Palacios,OF,42.119998931884766,184.04212976694106,TBR,2024,bat,OF
31595,Brooks Lee,3B/SS,35.63999938964844,139.33176282644268,MIN,2024,bat,3B/SS
7859,Charlie Blackmon,OF,124.73999786376953,681.1927333354951,,2024,bat,OF
5343,Brandon Crawford,SS,42.119998931884766,162.0106518864631,,2024,bat,SS
24273,Liover Peguero,2B/SS,45.36000061035156,177.8853911697864,PHI,2024,bat,2B/SS
19455,Andruw Monasterio,2B/3B,42.119998931884766,163.49433231949806,BOS,2024,bat,2B/3B
16451,Luis Guillorme,2B/3B,40.5,158.69267053008076,,2024,bat,2B/3B
31363,Graham Pauley,3B,64.80000305175781,286.75584117770194,MIA,2024,bat,3B
26149,Dominic Fletcher,OF,98.81999969482422,372.6274617671967,PIT,2024,bat,OF
26365,Jonny DeLuca,OF,38.880001068115234,160.54463015198704,TBR,2024,bat,OF
27630,Nick Loftin,2B/OF,42.119998931884766,171.36482512950894,KCR,2024,bat,2B/OF
19698,Edward Olivares,OF,63.18000030517578,299.9558786869049,TBR,2024,bat,OF
16357,Pablo Reyes,OF,29.15999984741211,122.58228094279768,SDP,2024,bat,OF
28312,Coby Mayo,1B,22.68000030517578,101.53825199604033,BAL,2024,bat,1B
13770,Rob Refsnyder,OF,29.15999984741211,140.51441302001476,SEA,2024,bat,OF
9847,Andrew McCutchen,OF,110.16000366210938,533.7363682746885,TEX,2024,bat,OF
6184,J.D. Martinez,DH/OF,124.73999786376953,607.058097577095,,2024,bat,DH/OF
19844,Abraham Toro,2B/3B,34.02000045776367,141.16825090944766,KCR,2024,bat,2B/3B
22266,Xavier Edwards,2B/SS,22.68000030517578,96.64082772135734,MIA,2024,bat,2B/SS
17022,Edmundo Sosa,3B/SS,38.880001068115234,148.60789330005647,PHI,2024,bat,3B/SS
13723,Jacob Stallings,C,51.220001220703125,193.9053110092878,BAL,2024,bat,C
26396,Josh Smith,3B/SS,21.059999465942383,88.76568165123462,TEX,2024,bat,3B/SS
26467,Luis Matos,OF,32.400001525878906,141.5662295281887,SFG,2024,bat,OF
25817,Braden Shewmake,3B/SS,58.31999969482422,195.41308180093765,NYY,2024,bat,3B/SS
28080,Jasson Domínguez,OF,32.400001525878906,139.16570432186126,NYY,2024,bat,OF
31166,Heston Kjerstad,OF,37.2599983215332,171.3147781074047,BAL,2024,bat,OF
9368,Evan Longoria,3B,42.119998931884766,179.44606466591355,,2024,bat,3B
13769,Adalberto Mondesi,SS,43.7400016784668,159.08416341543196,,2024,bat,SS
10200,Tucker Barnhart,C,30.1299991607666,85.2153356105089,,2024,bat,C
13853,Joey Wendle,2B/3B/SS,55.08000183105469,195.85093941688538,,2024,bat,2B/3B/SS
2829,Manny Piña,C,15.069999694824219,57.64899971187115,,2024,bat,C
22054,Dane Myers,OF,42.119998931884766,172.36615198850632,CIN,2024,bat,OF
29949,Tyler Black,1B/DH,21.059999465942383,94.06533824205398,MIL,2024,bat,1B/DH
27615,Alec Burleson,DH/OF,21.059999465942383,102.75316881239412,STL,2024,bat,DH/OF
12147,Nick Ahmed,SS,85.86000061035156,272.2995490789413,,2024,bat,SS
27690,Joey Wiemer,OF,29.15999984741211,113.07819476127624,WSN,2024,bat,OF
19921,Blake Perkins,OF,35.63999938964844,134.56566124558447,MIL,2024,bat,OF
24703,Jonah Bride,1B/3B,30.780000686645508,127.0586416989565,TEX,2024,bat,1B/3B
20505,Drew Waters,OF,24.299999237060547,101.35237557888031,KCR,2024,bat,OF
27467,Tyler Soderstrom,1B/OF,55.599998474121094,198.70359357595441,OAK,2024,bat,1B/OF
23986,Curtis Mead,2B/3B,22.68000030517578,101.11986669003963,CHW,2024,bat,2B/3B
21707,Oswaldo Cabrera,3B/OF,24.299999237060547,97.59611867070198,NYY,2024,bat,3B/OF
15653,Dominic Smith,1B/OF,40.5,179.40360491573813,ATL,2024,bat,1B/OF
20536,Vidal Bruján,2B/OF,61.560001373291016,240.81064705848695,NYM,2024,bat,2B/OF
21270,Sean Bouchard,OF,25.920000076293945,131.5467949926853,,2024,bat,OF
15672,Austin Meadows,DH/OF,16.200000762939453,86.67576951086521,,2024,bat,DH/OF
19964,Eguy Rosario,3B,24.299999237060547,93.66246096491813,,2024,bat,3B
19896,Connor Wong,C,75.33000183105469,276.97733536958697,BOS,2024,bat,C
14894,Tony Kemp,2B/OF,19.440000534057617,87.1259238421917,,2024,bat,2B/OF
11281,Whit Merrifield,2B/OF,89.0999984741211,369.4735889673233,,2024,bat,2B/OF
15937,Aledmys Díaz,SS,34.02000045776367,128.1870443433523,,2024,bat,SS
22896,Lenyn Sosa,2B,22.68000030517578,87.83231449276208,CHW,2024,bat,2B
25353,Michael Stefanic,2B,12.960000038146973,54.93348384797573,OAK,2024,bat,2B
21501,Trevor Larnach,DH/OF,37.2599983215332,161.88822897076608,MIN,2024,bat,DH/OF
11737,Nick Castellanos,3B/OF,147.4199981689453,700.5120723605155,SDP,2024,bat,3B/OF
16337,Nick Gordon,OF,87.4800033569336,346.0903759002685,,2024,bat,OF
19514,Andrew Knizner,C,33.150001525878906,125.77031192928551,SEA,2024,bat,C
19806,Jason Delay,C,15.069999694824219,44.691380023956285,BOS,2024,bat,C
27784,Tyler Gentry,OF,22.68000030517578,97.36262216269971,KCR,2024,bat,OF
25569,Jake Alu,2B/OF,17.81999969482422,70.16563940346241,,2024,bat,2B/OF
18054,Sam Haggerty,OF,16.200000762939453,64.959558609128,TEX,2024,bat,OF
10243,Randal Grichuk,OF,63.18000030517578,268.04068684577936,NYY,2024,bat,OF
20017,Miles Mastrobuoni,3B,12.960000038146973,53.22131932973861,SEA,2024,bat,3B
19818,Joshua Palacios,OF,16.200000762939453,75.77577058672904,,2024,bat,OF
19262,Garrett Hampson,2B/OF,40.5,144.36457909345629,CIN,2024,bat,2B/OF
2900,Roberto Pérez,C,12.050000190734863,39.8774494215846,,2024,bat,C
19901,Gavin Sheets,DH/OF,51.84000015258789,231.21741578578948,SDP,2024,bat,DH/OF
24598,Addison Barger,3B/OF,12.960000038146973,54.1539785027504,TOR,2024,bat,3B/OF
25967,Orelvis Martinez,2B,17.81999969482422,68.04667096138,WSN,2024,bat,2B
20178,Miguel Vargas,3B,11.34000015258789,51.19155254513025,CHW,2024,bat,3B
19956,Mickey Moniak,OF,110.16000366210938,430.686665892601,COL,2024,bat,OF
15279,Garrett Cooper,1B/DH,58.31999969482422,268.74906275272366,,2024,bat,1B/DH
29931,Jacob Young,OF,19.440000534057617,71.74679062068462,WSN,2024,bat,OF
21622,Jake McCarthy,OF,12.960000038146973,58.25053657293319,COL,2024,bat,OF
24934,David Fry,DH,49.540000915527344,200.7780680298805,CLE,2024,bat,DH
11902,Hanser Alberto,2B/3B,29.15999984741211,109.27851976156234,,2024,bat,2B/3B
17620,Myles Straw,OF,12.960000038146973,44.886590234935284,TOR,2024,bat,OF
12092,Niko Goodrum,2B/SS,11.34000015258789,43.00408841073513,,2024,bat,2B/SS
20321,Stuart Fairchild,OF,55.08000183105469,223.48116335868832,CLE,2024,bat,OF
20220,Jo Adell,OF,69.66000366210938,295.1083304405212,LAA,2024,bat,OF
25425,Austin Shenton,1B/DH,11.34000015258789,47.362808665633196,,2024,bat,1B/DH
18123,Nathan Lukes,OF,16.200000762939453,67.26991205811501,TOR,2024,bat,OF
19508,Kyle Lewis,OF,12.960000038146973,58.105518684536214,,2024,bat,OF
22209,Sam Huff,C,7.650000095367432,32.54508191533387,BAL,2024,bat,C
27604,Alika Williams,SS,19.440000534057617,64.87151544243096,PIT,2024,bat,SS
27883,Thomas Saggese,2B/SS,8.100000381469727,33.15873980522155,STL,2024,bat,2B/SS
10642,Carlos Pérez,C,13.5600004196167,53.4276087678969,HOU,2024,bat,C
29606,Justyn-Henry Malloy,DH/OF,12.960000038146973,58.80127803832293,TBR,2024,bat,DH/OF
14477,Jake Cave,OF,55.08000183105469,247.15227916240693,,2024,bat,OF
26295,Oliver Dunn,3B,16.200000762939453,59.46785118579864,CHW,2024,bat,3B
23296,Jacob Amaya,SS,11.34000015258789,40.49129160344601,ARI,2024,bat,SS
18889,Danny Mendick,2B/SS,9.720000267028809,36.432583235949274,,2024,bat,2B/SS
26477,Spencer Horwitz,1B,6.480000019073486,30.2286921467632,PIT,2024,bat,1B
20538,Jose Miranda,1B/3B,14.579999923706055,67.4663668513298,SDP,2024,bat,1B/3B
12325,Jace Peterson,2B/3B,27.540000915527344,105.38144384622572,,2024,bat,2B/3B
19422,Brian Serven,C,10.550000190734863,26.999688655883073,OAK,2024,bat,C
25643,Drew Millas,C,7.53000020980835,27.813948094099754,WSN,2024,bat,C
21646,Rafael Marchán,C,7.53000020980835,27.205600807070727,PHI,2024,bat,C
5254,Robbie Grossman,OF,30.780000686645508,127.91806091368198,,2024,bat,OF
24388,José Rodríguez,2B,22.68000030517578,80.98377903550863,PHI,2024,bat,2B
31437,Jace Jung,3B,8.100000381469727,31.524208253622053,DET,2024,bat,3B
14111,Eric Haase,C,15.069999694824219,53.550800608098506,SFG,2024,bat,C
29993,Brady House,3B,12.960000038146973,48.955760799348354,WSN,2024,bat,3B
29715,Hunter Goodman,C,24.299999237060547,122.03926028907297,COL,2024,bat,C
25782,Pedro Pagés,C,7.53000020980835,25.366510638594622,STL,2024,bat,C
22274,Samad Taylor,2B/OF,8.100000381469727,32.58073912858963,SDP,2024,bat,2B/OF
19948,Cristian Pache,OF,50.220001220703125,182.7144554018974,NYM,2024,bat,OF
20056,Alan Trejo,2B/SS,40.5,157.54949949383732,,2024,bat,2B/SS
27577,Casey Schmitt,2B/3B,9.720000267028809,34.14250226616859,SFG,2024,bat,2B/3B
27962,Adael Amador,2B,6.480000019073486,29.48705895245075,COL,2024,bat,2B
10441,Jon Singleton,1B,48.599998474121094,205.86140288114547,,2024,bat,1B
19890,Emmanuel Rivera,3B,34.02000045776367,148.4759159445763,,2024,bat,3B
14130,Daniel Vogelbach,1B/DH,9.720000267028809,47.504059337824586,,2024,bat,1B/DH
18821,José Azocar,OF,68.04000091552734,235.65432208776468,ATL,2024,bat,OF
sa3017372,Paul McIntosh,C,6.03000020980835,21.731720358133312,PHI,2024,bat,C
25505,Cade Marlowe,OF,32.400001525878906,108.3886444747448,OAK,2024,bat,OF
17992,David Fletcher,2B,11.34000015258789,42.39537307322024,,2024,bat,2B
27763,Drew Romo,C,9.039999961853027,35.12492847889662,CHW,2024,bat,C
23782,Leo Jiménez,2B/SS,9.720000267028809,33.779700255393976,TOR,2024,bat,2B/SS
23698,Ronny Mauricio,2B/3B,4.860000133514404,21.432609484717247,NYM,2024,bat,2B/3B
22650,Jordan Diaz,2B/3B,4.860000133514404,21.05429947338998,OAK,2024,bat,2B/3B
23789,Blaze Alexander,3B,25.920000076293945,85.78250554203987,BAL,2024,bat,3B
27462,Austin Martin,OF,8.100000381469727,29.81072783842682,MIN,2024,bat,OF
19722,Carlos Narváez,C,6.03000020980835,19.59996066763997,BOS,2024,bat,C
19562,Zack Short,SS,16.200000762939453,54.21310310140252,NYY,2024,bat,SS
27464,Dillon Dingler,C,6.03000020980835,19.97763013243675,DET,2024,bat,C
20543,Elehuris Montero,1B,84.23999786376953,404.0016810417175,,2024,bat,1B
29630,Joey Loperfido,OF,9.720000267028809,37.41104145944118,HOU,2024,bat,OF
18027,Hoy Park,2B,12.960000038146973,44.60708984583616,OAK,2024,bat,2B
13897,Tyler Heineman,C,3.009999990463257,10.304020722955464,TOR,2024,bat,C
29518,James Wood,OF,22.68000030517578,92.15676824748515,WSN,2024,bat,OF
27599,Jacob Hurtubise,OF,6.480000019073486,27.710598753392695,MIL,2024,bat,OF
15941,Austin Nola,C,7.53000020980835,28.31242843717337,,2024,bat,C
24655,Owen Miller,1B/2B,16.200000762939453,64.60152875483035,CHC,2024,bat,1B/2B
17766,DJ Stewart,OF,9.720000267028809,43.88763020262122,,2024,bat,OF
17276,Alex Jackson,C,3.009999990463257,11.348470778390766,MIN,2024,bat,C
21562,Romy Gonzalez,1B/2B,14.579999923706055,55.023269706964484,BOS,2024,bat,1B/2B
29547,Ryan Bliss,2B,4.860000133514404,17.623709680140017,SEA,2024,bat,2B
19296,Alex Call,OF,4.860000133514404,21.003639900684355,LAD,2024,bat,OF
19608,Otto Lopez,2B/SS,3.240000009536743,12.71610015183687,MIA,2024,bat,2B/SS
19960,Taylor Trammell,OF,6.480000019073486,23.816150510683656,HOU,2024,bat,OF
15271,Austin Wynns,C,4.519999980926514,14.95915989950299,OAK,2024,bat,C
21730,Jair Camargo,C/DH,4.519999980926514,15.167820414528249,ATL,2024,bat,C/DH
21987,Rodolfo Castro,2B/SS,4.860000133514404,19.90027909055352,,2024,bat,2B/SS
26151,Kyle Stowers,OF,6.480000019073486,28.32182983458042,MIA,2024,bat,OF
sa3005554,Eddys Leonard,SS,3.240000009536743,12.177669712901114,MIL,2024,bat,SS
23917,Jorbit Vivas,2B/3B,3.240000009536743,12.044250446930528,NYY,2024,bat,2B/3B
22842,Alexander Canario,OF,14.579999923706055,61.00581917762755,,2024,bat,OF
19198,Yuli Gurriel,1B,25.920000076293945,112.6970391988754,SDP,2024,bat,1B
31567,Trey Lipscomb,3B,27.540000915527344,93.0866035848856,WSN,2024,bat,3B
12434,Kevin Pillar,OF,29.15999984741211,111.39566722810268,,2024,bat,OF
19892,Pavin Smith,1B/OF,4.860000133514404,22.06424032896757,ARI,2024,bat,1B/OF
27845,Matt Mervis,1B/DH,4.860000133514404,22.582250346243384,WSN,2024,bat,1B/DH
26420,Kyren Paris,2B/OF,3.240000009536743,11.124099849164486,LAA,2024,bat,2B/OF
23985,Osleivis Basabe,SS,1.6200000047683716,6.293309625610708,SFG,2024,bat,SS
25867,Ryan Kreidler,3B/SS,4.860000133514404,16.926910481601954,MIN,2024,bat,3B/SS
27501,Justin Foscue,DH,17.81999969482422,71.68596689999103,TEX,2024,bat,DH
18872,Jahmai Jones,2B/DH/OF,3.240000009536743,11.932930729910732,DET,2024,bat,2B/DH/OF
14412,Joe Hudson,C,4.519999980926514,14.012080653384327,,2024,bat,C
21524,Joey Bart,C,6.03000020980835,18.23962104655802,PIT,2024,bat,C
25180,Daniel Schneemann,2B/OF,6.480000019073486,20.772900845110414,CLE,2024,bat,2B/OF
20078,Evan White,1B,4.860000133514404,20.87880108915269,LAA,2024,bat,1B
22871,Tucupita Marcano,2B/SS/OF,1.6200000047683716,6.555109725147485,SDP,2024,bat,2B/SS/OF
16424,Jordan Luplow,OF,3.240000009536743,14.755110223777592,,2024,bat,OF
12005,Nick Martini,DH/OF,40.5,173.31518040001393,,2024,bat,DH/OF
14350,Raimel Tapia,OF,35.63999938964844,139.06132039427757,,2024,bat,OF
21587,César Salazar,C,4.519999980926514,13.327120555192232,HOU,2024,bat,C
22857,Wenceel Pérez,OF,3.240000009536743,12.620080094784496,DET,2024,bat,OF
21746,José Fermín,2B/3B,1.6200000047683716,6.61076981499791,STL,2024,bat,2B/3B
27735,Brett Wisely,2B,6.480000019073486,21.531290832161904,ATL,2024,bat,2B
25805,Blake Sabol,C/OF,1.5099999904632568,5.683810343407093,TBR,2024,bat,C/OF
31812,Roman Anthony,OF,3.240000009536743,12.786409486830234,BOS,2024,bat,OF
22530,Johnathan Rodríguez,OF,3.240000009536743,13.544910331442951,CLE,2024,bat,OF
16953,Chadwick Tromp,C,3.009999990463257,9.889200239814816,ATL,2024,bat,C
12977,Michael Pérez,C,3.009999990463257,9.664079365320504,,2024,bat,C
25111,David Hensley,DH/OF,4.860000133514404,16.771969789266585,,2024,bat,DH/OF
18400,Juan Yepez,1B/DH/OF,3.240000009536743,14.88035028167069,TOR,2024,bat,1B/DH/OF
sa3003185,Yunior Severino,2B/3B,1.6200000047683716,6.551399898901582,,2024,bat,2B/3B
25040,Vinny Capra,3B,1.6200000047683716,6.388890203833578,BOS,2024,bat,3B
27531,David Hamilton,2B/SS,1.6200000047683716,6.182509761676193,MIL,2024,bat,2B/SS
23968,Jorge Barrosa,OF,3.240000009536743,11.769559910893438,ARI,2024,bat,OF
17893,Tyler Nevin,1B/3B,3.240000009536743,13.83366051465273,,2024,bat,1B/3B
16375,Óscar Mercado,OF,6.480000019073486,24.432627886533734,ARI,2024,bat,OF
18551,Ali Sánchez,C,1.5099999904632568,5.274849829636513,NYY,2024,bat,C
22505,Buddy Kennedy,2B/3B,1.6200000047683716,6.073069824650883,SFG,2024,bat,2B/3B
23264,Canaan Smith-Njigba,OF,4.860000133514404,20.28869994431734,,2024,bat,OF
16403,Francisco Mejía,C,3.009999990463257,11.094000009447337,,2024,bat,C
17161,Chad Wallach,C,4.519999980926514,13.626859882846473,OAK,2024,bat,C
23372,Hunter Feduccia,C,1.5099999904632568,5.0125898677855725,TBR,2024,bat,C
26540,Angel Martínez,OF,3.240000009536743,10.962730517610908,CLE,2024,bat,OF
29788,Brett Harris,3B,1.6200000047683716,5.721689942106604,OAK,2024,bat,3B
25575,Kyle McCann,C,6.03000020980835,15.991268683224916,COL,2024,bat,C
23378,José Barrero,SS,3.240000009536743,10.495040255784987,BAL,2024,bat,SS
13755,Tomás Nido,C,1.5099999904632568,4.028959582466632,DET,2024,bat,C
19877,Tristan Gray,1B/2B/3B,4.860000133514404,16.603460735455155,MIN,2024,bat,1B/2B/3B
27496,Owen Caissie,OF,3.240000009536743,12.865649598091839,MIA,2024,bat,OF
26202,Jake Mangum,OF,4.860000133514404,17.031298688054083,PIT,2024,bat,OF
20311,Corey Julks,OF,12.960000038146973,52.06097138822078,DET,2024,bat,OF
20572,Kody Clemens,1B,6.480000019073486,27.04050009995699,MIN,2024,bat,1B
23667,Wander Franco,SS,0.2199999988079071,1.362270074803382,TBR,2024,bat,SS
19717,Darick Hall,1B/DH,3.240000009536743,15.280000727251172,,2024,bat,1B/DH
24782,David Villar,1B/3B,1.6200000047683716,6.578909929562361,,2024,bat,1B/3B
25705,Dustin Harris,OF,1.6200000047683716,6.544620081409811,CHW,2024,bat,OF
10231,Jose Iglesias,SS,1.6200000047683716,5.625360098481178,,2024,bat,SS
16434,Christian Arroyo,2B,1.6200000047683716,6.0049395751208055,NYM,2024,bat,2B
30162,Oscar Colás,OF,6.480000019073486,26.016440939903262,,2024,bat,OF
19788,Zach Remillard,2B,6.480000019073486,20.71804971881211,,2024,bat,2B
23691,José Tena,3B,1.6200000047683716,5.357739957794547,WSN,2024,bat,3B
26244,Kenedy Corona,OF,1.6200000047683716,5.731699900515377,NYY,2024,bat,OF
22557,Michael Siani,OF,11.34000015258789,37.459972806274884,LAD,2024,bat,OF
23695,Everson Pereira,OF,1.6200000047683716,6.329619669914246,CHW,2024,bat,OF
25332,Endy Rodríguez,C,0.25,1.053010055376217,PIT,2024,bat,C
21497,Luken Baker,1B/DH,1.6200000047683716,7.6355399396270505,ARI,2024,bat,1B/DH
22169,Cal Mitchell,OF,11.34000015258789,44.90112930163741,,2024,bat,OF
29844,Liam Hicks,C/1B,0.25,0.9345100507605819,MIA,2024,bat,C/1B
21547,Coco Montes,2B,3.240000009536743,12.954269483685493,,2024,bat,2B
20626,Logan Porter,C,0.25,0.9204899510019459,SFG,2024,bat,C
24488,Max Schuemann,SS,1.6200000047683716,5.075350248813628,NYY,2024,bat,SS
15766,Raudy Read,C,0.25,0.9918200242333113,,2024,bat,C
24759,Mickey Gasper,C/DH,0.25,0.9735200356924903,BOS,2024,bat,C/DH
31793,Rhylan Thomas,OF,0.25,1.0654600288020446,SEA,2024,bat,OF
4106,Michael Brantley,OF,0.23000000417232513,1.2394399334676562,,2024,bat,OF
21560,Alfonso Rivas III,1B,1.6200000047683716,6.517189856618643,,2024,bat,1B
28022,Edgar Quero,C/DH,0.25,0.9025000103749334,CHW,2024,bat,C/DH
16496,Forrest Wall,OF,8.100000381469727,31.109699572622773,,2024,bat,OF
29592,Connor Norby,3B,0.25,1.0547100629890336,MIA,2024,bat,3B
sa3011469,Stephen Scott,C,0.25,0.9428999583004043,,2024,bat,C
26546,Agustín Ramírez,C/DH,0.25,0.9113200144609436,MIA,2024,bat,C/DH
29487,Blake Dunn,OF,0.25,1.1380599503405395,CIN,2024,bat,OF
10655,Rob Brantly,C,0.25,0.8413300215266645,,2024,bat,C
31539,Drake Baldwin,C,0.25,0.9246400200529024,ATL,2024,bat,C
15504,Jamie Westbrook,2B,0.25,1.0605200389167295,,2024,bat,2B
sa3015407,Jeferson Quero,C,0.25,0.9249199527548624,MIL,2024,bat,C
19683,Mike Brosseau,3B,1.6200000047683716,6.336730370670556,,2024,bat,3B
5933,Jean Segura,2B/SS,0.23999999463558197,1.022079942608252,,2024,bat,2B/SS
sa829058,Jamie Ritchie,C,0.25,0.8625700725475324,,2024,bat,C
12532,Kolten Wong,2B,0.23999999463558197,1.0337000092491506,,2024,bat,2B
18206,Nick Dini,C,0.25,0.851989947236143,TBR,2024,bat,C
sa3005394,Lorenzo Quintana,C,0.25,0.9357400353066622,,2024,bat,C
31545,Drew Gilbert,OF,0.25,1.025759937451221,SFG,2024,bat,OF
18083,Austin Allen,C,0.25,0.8973800071515142,,2024,bat,C
sa3004517,Cam Balego,1B/3B,0.25,0.8911899455823002,,2024,bat,1B/3B
sa3017121,Austin Gauthier,2B,0.25,0.9989299787674097,LAD,2024,bat,2B
19802,Jhonny Pereda,C,0.25,0.8816300419624892,SEA,2024,bat,C
sa3010902,Javier Valdes,C,0.25,0.8928299429593608,,2024,bat,C
22541,George Valera,DH/OF,0.25,0.9943399867741392,CLE,2024,bat,DH/OF
sa3014821,Zach Britton,C/OF,0.25,0.845859987149015,,2024,bat,C/OF
22164,Payton Henry,C,0.25,0.8406800599768757,NYY,2024,bat,C
31431,Jordan Beck,OF,0.25,1.183760053664446,COL,2024,bat,OF
sa3011379,Phil Clarke,C,0.25,0.8279700357234104,,2024,bat,C
sa3017556,Patrick Winkel,C,0.25,0.8570600100094451,MIN,2024,bat,C
33322,Matt Shaw,3B,0.25,1.0379700122401119,CHC,2024,bat,3B
27490,Nick Gonzales,2B,4.860000133514404,18.112339484691617,PIT,2024,bat,2B
31661,Jacob Melton,OF,0.25,1.025110030733049,TBR,2024,bat,OF
31490,Wade Meckler,OF,0.23999999463558197,0.9945200453978034,LAA,2024,bat,OF
31564,Alan Roden,OF,0.25,1.0923200546996668,MIN,2024,bat,OF
17954,Sam Hilliard,OF,3.240000009536743,14.053659586608408,,2024,bat,OF
20003,Keston Hiura,1B/2B,0.23999999463558197,1.1902800044976174,LAD,2024,bat,1B/2B
None,,,0.25,1.1222100197104736,,2024,bat,
sa3017075,Luke Waddell,2B/SS,0.25,0.9289000452496111,ATL,2024,bat,2B/SS
25483,Nick Sogard,2B,0.25,0.9369300309568643,BOS,2024,bat,2B
20263,Mario Feliciano,C,0.25,0.8673000327078625,,2024,bat,C
sa3017394,Luca Tresh,C,0.25,0.8739800389856098,KCR,2024,bat,C
sa918698,Ramón Rodríguez,C,0.25,0.8565499826334416,MIL,2024,bat,C
sa3009808,Juan Brito,2B,0.25,0.9485099897021426,CLE,2024,bat,2B
29646,Caleb Durbin,3B,0.25,0.9617299768840892,BOS,2024,bat,3B
29958,Harry Ford,C,0.25,0.7539699859684332,WSN,2024,bat,C
sa3017287,BJ Murray,1B/3B,0.25,0.976349996868521,CHC,2024,bat,1B/3B
18603,Donny Sands,C/DH,0.25,0.8481399491662158,,2024,bat,C/DH
sa3008051,Josh Breaux,C,0.25,0.8679400410503147,CHW,2024,bat,C
24765,Bryan Lavastida,C,0.25,0.8351699582999572,OAK,2024,bat,C
8709,Elvis Andrus,SS,0.23999999463558197,0.9583500108681619,,2024,bat,SS
31580,Chase Meidroth,2B/SS,0.25,0.9766100103734061,CHW,2024,bat,2B/SS
sa3019906,Javi Vaz,2B/OF,0.25,0.9758799971546976,KCR,2024,bat,2B/OF
5038,Josh Donaldson,3B,0.23999999463558197,1.0593099968507884,,2024,bat,3B
31562,Zach Dezenzo,1B/OF,0.25,0.9817099546082318,HOU,2024,bat,1B/OF
10619,David Freitas,C,0.25,0.855159949697554,,2024,bat,C
sa3004263,Abrahan Gutierrez,C,0.25,0.8603800457203762,NYY,2024,bat,C
sa3010712,Vito Friscia,C/1B,0.25,0.8233300262363629,,2024,bat,C/1B
17109,Meibrys Viloria,C,0.25,0.8255900207441299,,2024,bat,C
12758,Breyvic Valera,2B/3B,0.25,0.9886800478678197,,2024,bat,2B/3B
sa3019997,Daniel Susac,C,0.25,0.7889400059357287,SFG,2024,bat,C
29704,Braxton Fulford,C,0.25,0.9898800183786078,COL,2024,bat,C
22515,Heliot Ramos,OF,3.240000009536743,12.471050068736075,SFG,2024,bat,OF
21635,Nick Maton,2B/3B,0.23999999463558197,0.9837500080466272,,2024,bat,2B/3B
15988,Deivy Grullón,C,0.25,0.859979947982356,,2024,bat,C
29634,Will Wagner,2B/3B,0.25,0.9363699748646467,SDP,2024,bat,2B/3B
sa3019999,Sterlin Thompson,OF,0.25,1.1373200479662047,COL,2024,bat,OF
sa915613,Nick Dunn,2B,0.25,0.9221899351337924,,2024,bat,2B
sa739013,Dominic Miroglio,C,0.25,0.8247199659235774,,2024,bat,C
sa3015018,Nick Raposo,C,0.25,0.8180900739738716,SEA,2024,bat,C
17696,Kevin Newman,2B/SS,0.23999999463558197,0.9405299508711322,KCR,2024,bat,2B/SS
10950,Adam Duvall,OF,64.80000305175781,267.5275601148605,,2024,bat,OF
sa3004153,Blake Hunt,C,0.25,0.7561399973579681,SDP,2024,bat,C
15808,José Godoy,C,0.25,0.8112599599407985,,2024,bat,C
25822,Andre Lipcius,3B,0.25,0.991050002258271,,2024,bat,3B
sa3007028,Chris Williams,C/1B,0.25,0.8263200258603318,,2024,bat,C/1B
8879,Ryan Lavarnway,C,0.25,0.8661699439864605,,2024,bat,C
sa3009873,Tanner Morris,2B/3B,0.25,0.8995400034124031,,2024,bat,2B/3B
17932,Andrew Stevenson,OF,0.23999999463558197,1.033349956385791,,2024,bat,OF
26106,Maverick Handley,C,0.25,0.7705999813275413,BAL,2024,bat,C
sa3010403,Bryce Windham,C,0.25,0.792169956723228,,2024,bat,C
7226,Matt Davidson,3B/DH,0.23999999463558197,1.0520799760473891,,2024,bat,3B/DH
23802,Anthony Seigler,3B,0.25,0.7738500037696212,BOS,2024,bat,3B
sa3008836,Brainer Bonaci,2B/SS,0.25,0.9112800266128032,,2024,bat,2B/SS
sa877500,Rodolfo Durán,C,0.25,0.84810000306461,SDP,2024,bat,C
23794,Jordan Groshans,3B,0.25,0.8899200059939175,ATL,2024,bat,3B
sa917302,Yonathan Perlaza,OF,0.25,1.090689996443689,,2024,bat,OF
sa3017041,Adam Hackenberg,C,0.25,0.7922399912262335,CHW,2024,bat,C
30163,César Prieto,2B/DH,0.25,0.9449800238246097,STL,2024,bat,2B/DH
15654,Billy McKinney,OF,3.240000009536743,13.22779951915145,,2024,bat,OF
25688,Cam Devanney,3B,0.25,0.8980900154216213,,2024,bat,3B
sa3008742,Diego Cartaya,C,0.25,0.8484699641121551,SFG,2024,bat,C
18289,Brian Anderson,3B/OF,0.23999999463558197,0.9635500434320421,,2024,bat,3B/OF
17837,Jakson Reetz,C,0.25,0.8230499901343137,SEA,2024,bat,C
sa918049,Michael Cruz,C,0.25,0.815799961448647,,2024,bat,C
sa917939,Andy Yerzy,C/1B,0.25,0.8237400162732228,STL,2024,bat,C/1B
sa3016971,Justice Bigbie,OF,0.25,1.0595600439235568,DET,2024,bat,OF
13265,Mike Zunino,C,0.25,0.8336600261973217,,2024,bat,C
sa3014449,Hudson Haskin,OF,0.25,0.9077299915719776,,2024,bat,OF
29575,Trey Sweeney,SS,0.25,0.8852200232213362,DET,2024,bat,SS
sa3017326,Damiano Palmegiani,1B/3B,0.25,0.9270200145314446,TOR,2024,bat,1B/3B
18142,Patrick Mazeika,C,0.25999999046325684,0.7799400089308619,,2024,bat,C
sa873599,Stevie Berman,C,0.25,0.7764599394751711,,2024,bat,C
12782,Taylor Davis,C,0.25,0.7965800028759985,,2024,bat,C
sa1052903,Anthony Prato,2B/OF,0.25,0.9023799977730957,,2024,bat,2B/OF
25621,Bryan Ramos,3B,0.25,0.9387900460045784,BAL,2024,bat,3B
21127,Alejo Lopez,2B,0.25,0.9782199916429818,SEA,2024,bat,2B
19824,Chuckie Robinson,C,0.25,0.8252699946053326,LAD,2024,bat,C
10323,Rafael Ortega,OF,0.23999999463558197,0.9833600119454784,,2024,bat,OF
sa3016960,Tyler Tolve,C,0.25,0.8328399889403955,ATL,2024,bat,C
25477,Isaac Collins,OF,0.25,0.9172299773897975,KCR,2024,bat,OF
sa917132,Ismael Munguia,OF,0.25,0.9254700128920376,TOR,2024,bat,OF
sa918961,Eli Wilson,C,0.25,0.827050045551732,,2024,bat,C
16959,Eddy Alvarez,2B/3B,0.25,1.0071600516326724,,2024,bat,2B/3B
14950,Johan Camargo,3B/SS,0.25,0.9563999512931332,,2024,bat,3B/SS
15694,Chance Sisco,C,0.25,0.8999299370916559,,2024,bat,C
sa3010703,Andrew Navigato,2B/SS,0.25,0.8701500249793752,,2024,bat,2B/SS
sa916969,Jesús Bastidas,2B/SS,0.25,0.8541599985677749,MIA,2024,bat,2B/SS
21386,Michael Papierski,C,0.25,0.7866399975959211,,2024,bat,C
19292,Armando Alvarez,1B/3B,0.25,0.9017800336936488,,2024,bat,1B/3B
24400,Terrin Vavra,2B/OF,0.25,1.008479985455051,,2024,bat,2B/OF
19906,Diego Castillo,2B/SS,0.23999999463558197,0.8962199923815205,,2024,bat,2B/SS
sa3017110,Peyton Wilson,2B/OF,0.25,0.9286199841182678,KCR,2024,bat,2B/OF
sa3017284,Shane McGuire,C/1B,0.25,0.7035199472447856,OAK,2024,bat,C/1B
19553,Símon Muzziotti,OF,0.25,0.9631900298409163,,2024,bat,OF
16042,Mark Payton,OF,0.23999999463558197,1.0987100041005757,,2024,bat,OF
13854,Anthony Bemboom,C,0.25,0.7488000298850238,,2024,bat,C
16925,Aramis Garcia,C,0.25999999046325684,0.7742399917682633,ARI,2024,bat,C
sa3010596,Corey Joyce,2B/SS,0.25,0.8165500023402275,PIT,2024,bat,2B/SS
21009,Leo Rivas,2B/SS,0.25,0.7507499479688703,SEA,2024,bat,2B/SS
25475,Logan Driscoll,C,0.25,0.7340299762552602,TBR,2024,bat,C
20233,Gilberto Celestino,OF,0.25,0.9724899985827504,TEX,2024,bat,OF
24816,Andy Pages,OF,0.25,1.0861099728383123,LAD,2024,bat,OF
9785,Kyle Seager,3B,0.25,0.9909599303035064,,2024,bat,3B
sa3019967,Danny Serretti,3B/SS,0.25,0.8153899534605443,ARI,2024,bat,3B/SS
sa3006780,Kole Cottam,C,0.25,0.774090058892034,,2024,bat,C
29668,Marcelo Mayer,3B,0.25,0.8934699756093322,BOS,2024,bat,3B
20275,Jonathan Araúz,2B/3B/SS,0.25,0.8862699560588224,,2024,bat,2B/3B/SS
26599,Jonatan Clase,OF,0.25,0.861699998844415,TOR,2024,bat,OF
sa3005729,Brandon Valenzuela,C,0.25,0.7436500324634835,TOR,2024,bat,C
14773,Yu Chang,SS,0.25,0.8800499700708314,,2024,bat,SS
sa857219,Gavin Collins,C/3B,0.25,0.7639299570582807,,2024,bat,C/3B
sa3020189,Devonte Brown,OF,0.25,0.8973600078141318,,2024,bat,OF
sa3010157,Daniel Cope,C,0.25,0.9248100453754886,,2024,bat,C
sa3004297,Brent Diaz,C,0.25,0.7748699587769806,,2024,bat,C
sa3006869,Devin Mann,2B/3B,0.25,0.9178299674764274,SFG,2024,bat,2B/3B
22411,Cal Stevenson,OF,0.25,0.9440199868520721,DET,2024,bat,OF
28344,Tsung-Che Cheng,2B/SS,0.25,0.8762400093954057,BOS,2024,bat,2B/SS
sa3006220,Pablo Aliendo,C,0.25,0.7753099957713856,,2024,bat,C
12282,Rougned Odor,2B,0.25,0.9818300182232632,,2024,bat,2B
sa918639,Ryan Gold,C,0.25,0.7795500364620238,,2024,bat,C
sa3016803,Spencer Packard,OF,0.25,0.9458700113696977,SEA,2024,bat,OF
8298,Francisco Peña,C,0.25,0.7963999654864891,,2024,bat,C
sa872806,Andres Angulo,C,0.25,0.7703300579451025,,2024,bat,C
16947,Derek Hill,OF,0.25,0.9365800485014913,CHW,2024,bat,OF
29554,Adrian Del Castillo,C/DH,0.25,0.786760039301589,ARI,2024,bat,C/DH
19958,Carter Kieboom,3B,0.23999999463558197,0.9655200495617463,CLE,2024,bat,3B
sa828314,Jhonny Santos,OF,0.25,0.928100010426715,,2024,bat,OF
sa3016805,Tanner Murray,2B/3B,0.25,0.8522399880457668,CHW,2024,bat,2B/3B
sa3016853,Zach Humphreys,C,0.25,0.7520899913506582,LAA,2024,bat,C
19977,Tres Barrera,C,0.25,0.7594600574113429,WSN,2024,bat,C
29858,Denzel Clarke,OF,0.25,0.859699981007725,OAK,2024,bat,OF
15608,Willians Astudillo,C/3B,0.23999999463558197,1.05008000084199,,2024,bat,C/3B
19813,Charles Leblanc,2B/3B,0.23999999463558197,0.9301399869611486,,2024,bat,2B/3B
sa915611,Brett Cumberland,C,0.25,0.7440899650333449,,2024,bat,C
11476,Odúbel Herrera,OF,0.25,0.9954600063618273,,2024,bat,OF
26374,Kameron Misner,OF,0.25,0.8395899997092784,KCR,2024,bat,OF
12399,Taylor Motter,SS,0.25,0.9471699952613563,,2024,bat,SS
5398,Juan Graterol,C,0.25,0.7714300066931172,,2024,bat,C
sa3006720,Nick Podkul,1B/3B,0.25,0.9162999672349543,,2024,bat,1B/3B
sa3003436,Trey Hair,2B/3B,0.25,0.8933699715649708,,2024,bat,2B/3B
sa3020658,Michael Turner,C,0.25,0.7149799635866656,CHW,2024,bat,C
sa3007822,Elih Marrero,C,0.25,0.7693599597550927,KCR,2024,bat,C
23442,Luis Vázquez,3B/SS,0.25,0.8335999731672927,BAL,2024,bat,3B/SS
20805,Carlos Pérez,C,0.25,0.9312300558318384,,2024,bat,C
29576,Ben Rice,1B/DH,0.25,1.0862200010800733,NYY,2024,bat,1B/DH
15170,Josh VanMeter,2B,0.23999999463558197,0.9322000445798038,,2024,bat,2B
12160,Ben Gamel,OF,0.23999999463558197,1.0066800551721824,ATL,2024,bat,OF
sa917934,Joe Rizzo,3B,0.25,0.9094599584816022,,2024,bat,3B
sa3008876,J.J. D'Orazio,C,0.25,0.7763699484057722,LAA,2024,bat,C
sa913367,Gavin Stupienski,C/1B,0.25,0.7705799682531504,,2024,bat,C/1B
sa3007870,Connor Hollis,2B/3B,0.25,0.8523200099822134,,2024,bat,2B/3B
18395,Travis Blankenhorn,DH/OF,0.23999999463558197,1.0633099255850538,,2024,bat,DH/OF
31695,Dylan Beavers,OF,0.25,0.9965600057970732,BAL,2024,bat,OF
21496,Brandon Lockridge,OF,0.25,0.8790100615937262,MIL,2024,bat,OF
11481,Henry Ramos,DH/OF,0.25,1.028819977911189,,2024,bat,DH/OF
sa3005529,Randy Florentino,C,0.25,0.7254599866922943,,2024,bat,C
5452,Ji Man Choi,1B,0.23999999463558197,1.0834999666549263,,2024,bat,1B
12981,Cam Gallagher,C,0.25999999046325684,0.6606800176436081,,2024,bat,C
sa3019976,Silas Ardoin,C,0.25,0.7085600081598384,BAL,2024,bat,C
14636,Webster Rivas,C,0.25,0.7377199775772169,,2024,bat,C
13633,Preston Tucker,OF,0.25,0.9863400267437098,,2024,bat,OF
16429,Jason Martin,OF,0.25,1.0512699963990597,,2024,bat,OF
sa3020493,Andrew Cossetti,C/1B,0.25,0.735870008310303,MIN,2024,bat,C/1B
12384,Beau Taylor,C,0.25,0.7323499923339113,,2024,bat,C
9433,Dustin Garneau,C,0.25,0.8063000001944601,,2024,bat,C
sa3016818,Marcos Castañon,2B/3B,0.25,0.87812004070729,SDP,2024,bat,2B/3B
sa3007871,Jake Slaughter,2B/3B,0.25,0.8994200055021793,,2024,bat,2B/3B
12180,Jorge Alfaro,C,0.25,0.8366100046783687,KCR,2024,bat,C
11472,Dixon Machado,2B/SS,0.25,0.8190599740017206,,2024,bat,2B/SS
sa3017331,Dru Baker,OF,0.25,0.9747199879959225,CHW,2024,bat,OF
sa3003219,Rafael Lantigua,2B,0.25,0.9662799731129781,TOR,2024,bat,2B
sa3004146,Jeisson Rosario,OF,0.25,0.8094000464770943,OAK,2024,bat,OF
20242,Kevin Smith,3B/SS,0.25,0.8993199996417388,,2024,bat,3B/SS
sa3014426,Hayden Cantrelle,2B,0.25,0.7750399773474782,CHC,2024,bat,2B
sa3008007,Onix Vega,C,0.25,0.7369099277537314,NYM,2024,bat,C
6609,Freddy Galvis,SS,0.25,0.9281899756286291,,2024,bat,SS
12547,John Hicks,C/1B,0.25,0.790119991148822,,2024,bat,C/1B
21139,Tyler Payne,C,0.25,0.7536599852144716,,2024,bat,C
30063,Tristan Peters,OF,0.25,0.9519700390286742,CHW,2024,bat,OF
sa3016955,Tyler Hardman,1B/3B,0.25,0.8986200347775593,NYY,2024,bat,1B/3B
sa3020195,Michael Turconi,2B/SS,0.25,0.8333799690473824,,2024,bat,2B/SS
19563,Nate Mondou,2B,0.25,0.8514299989445135,SDP,2024,bat,2B
sa3008140,Cadyn Grenier,SS,0.25,0.7549200163222849,BAL,2024,bat,SS
14567,Franchy Cordero,1B/OF,0.25,1.0524099977687,,2024,bat,1B/OF
sa3017902,Ernie Yake,2B/SS,0.25,0.806160033121705,,2024,bat,2B/SS
sa873984,C.J. Chatham,SS,0.25,0.8686500624287872,,2024,bat,SS
sa3010278,Kellen Strahm,OF,0.25,0.8210199812427162,HOU,2024,bat,OF
31680,Cole Young,2B,0.25,0.7096499684033917,SEA,2024,bat,2B
9952,Trayce Thompson,OF,0.25,0.9370799948694183,,2024,bat,OF
sa3009874,Trevor Schwecke,OF,0.25,0.8455599891254678,,2024,bat,OF
11265,Jonathan Schoop,2B,0.23999999463558197,0.9467799874255433,,2024,bat,2B
sa3004883,Micael Ramirez,C,0.25,0.6922100004041568,,2024,bat,C
25346,Ronny Simon,2B/OF,0.25,0.8355400471016764,PIT,2024,bat,2B/OF
31396,Tyler Locklear,1B,0.25,1.0043400241993368,ARI,2024,bat,1B
sa3017328,Mat Nelson,C,0.25,0.8119600585428997,,2024,bat,C
sa917767,Lolo Sanchez,OF,0.25,0.8699199573253282,,2024,bat,OF
22202,Jeter Downs,2B/3B/SS,0.25,0.8533799305092543,,2024,bat,2B/3B/SS
sa872552,Jason Lopez,C,0.25,0.7366700012935326,,2024,bat,C
16398,Brian Navarreto,C,0.25,0.7492400320246815,MIA,2024,bat,C
13408,Wynton Bernard,OF,0.25,0.9264900550013406,,2024,bat,OF
13254,Jacob Wilson,2B/3B,0.25,0.9146800431422889,,2024,bat,2B/3B
sa3007502,Matt Kroon,OF,0.25,1.0397599909454582,,2024,bat,OF
8202,Josh Harrison,2B/3B,0.25,0.9069299725815653,,2024,bat,2B/3B
sa3019859,Ivan Melendez,1B/3B,0.25,0.9288000425789505,ARI,2024,bat,1B/3B
sa3017334,Matt Rudick,OF,0.25,0.9638099959120153,NYM,2024,bat,OF
24605,Michael Helman,OF,0.25,0.8720600267872214,TEX,2024,bat,OF
sa3020009,Tanner Schobel,2B/3B,0.25,0.8514000540599227,MIN,2024,bat,2B/3B
sa913717,Juan Zabala,C,0.25,0.7134500271175057,,2024,bat,C
sa658616,C.J. Hinojosa,2B/SS,0.25,0.825689961342141,,2024,bat,2B/SS
sa828313,Roldani Baldwin,C/3B,0.25,0.7678200289141386,,2024,bat,C/3B
sa3019996,Cayden Wallace,3B,0.25,0.8901199455372989,WSN,2024,bat,3B
sa3017624,Noah Cardenas,C,0.25,0.6886199535336345,MIN,2024,bat,C
13167,Robel García,2B,0.25,0.9070599585305901,,2024,bat,2B
20022,Kramer Robertson,SS,0.23999999463558197,0.7934599874308332,,2024,bat,SS
sa3014885,William Simoneit,C/1B,0.25,0.7524900095770135,TOR,2024,bat,C/1B
sa3018214,Alsander Womack,2B,0.25,0.8302499661920592,,2024,bat,2B
26548,Luisangel Acuña,2B,0.25,0.8510800104122608,CHW,2024,bat,2B
6153,Eduardo Escobar,3B,0.25,0.9439800411928443,,2024,bat,3B
27504,Nick Yorke,2B,0.25,0.8991500029340386,PIT,2024,bat,2B
sa1169803,Clay Dungan,2B/SS,0.25,0.7562899889424444,SDP,2024,bat,2B/SS
20970,Oscar Gonzalez,OF,0.23999999463558197,1.0407800075365232,,2024,bat,OF
19331,Jose Rojas,3B/OF,0.25,0.9100800236454233,NYM,2024,bat,3B/OF
sa3017338,Terrell Tatum,OF,0.25,0.8314200452994555,,2024,bat,OF
16313,Yairo Muñoz,SS/OF,0.25,0.9212500497698782,,2024,bat,SS/OF
19780,Esteban Quiroz,2B,0.23999999463558197,0.9086199958343057,,2024,bat,2B
13807,Kevin Plawecki,C,0.25,0.7542599658481777,,2024,bat,C
sa3019969,Spencer Jones,OF,0.25,0.8643100119195878,NYY,2024,bat,OF
sa3005587,Daniel Vellojin,C,0.25,0.7805500336457044,TBR,2024,bat,C
sa829374,Rudy Martin,OF,0.25,0.8560399766080082,KCR,2024,bat,OF
16285,Michael Hermosillo,OF,0.25,0.9384100539376957,,2024,bat,OF
sa1115979,Nick Kahle,C,0.25,0.7387700139777734,,2024,bat,C
16404,Domingo Leyba,2B/3B,0.25,0.916629952332005,,2024,bat,2B/3B
15055,Dom Nuñez,C,0.25,0.7144500237889588,CLE,2024,bat,C
sa3020194,Dom Keegan,C,0.25,0.6683700339403003,TBR,2024,bat,C
sa3010029,Jack Dunn,3B/OF,0.25,0.8530700022820383,,2024,bat,3B/OF
17684,Vimael Machín,3B,0.23000000417232513,0.8736100007314235,COL,2024,bat,3B
sa3007013,Scott Kapers,C,0.25,0.6981299336068332,,2024,bat,C
sa3010845,Chase Strumpf,2B/3B,0.25,0.8441800133325158,,2024,bat,2B/3B
sa829387,Cristian Santana,3B,0.25,0.9309100277256219,,2024,bat,3B
sa858829,Mitchell Tolman,2B,0.25,0.8540499994531272,,2024,bat,2B
22254,Joe Perez,3B,0.25,0.8972799868555739,,2024,bat,3B
sa3011587,Luke Berryhill,C/1B,0.25,0.6874300142284482,,2024,bat,C/1B
sa1115884,Carter Bins,C,0.25,0.7578100329730659,,2024,bat,C
sa3004160,Jake Scheiner,1B/3B,0.25,0.8719200239051134,,2024,bat,1B/3B
sa3016953,Andy Thomas,C,0.25,0.6937100512906909,SDP,2024,bat,C
sa747574,Johan Mieses,OF,0.25,0.9983799597248434,,2024,bat,OF
sa3008113,Malcom Nuñez,1B/3B,0.25,0.8884500013431532,,2024,bat,1B/3B
18032,Mark Mathias,2B/OF,0.25,0.9412199738901108,,2024,bat,2B/OF
sa921577,Luis Santana,2B/3B,0.25,0.8500399897107852,,2024,bat,2B/3B
17838,Willie Calhoun,DH/OF,0.23999999463558197,1.1405499846674503,,2024,bat,DH/OF
sa3010159,Ripken Reyes,2B,0.25,0.7847800088580696,,2024,bat,2B
24496,DaShawn Keirsey Jr.,OF,0.25,0.8612199337221682,ATL,2024,bat,OF
19625,David MacKinnon,1B/3B,0.25,1.0124999796971677,,2024,bat,1B/3B
sa920278,Yariel Gonzalez,3B,0.25,0.8114400667604059,,2024,bat,3B
sa918104,Ryan January,C,0.25,0.7163600197061896,,2024,bat,C
19314,Donovan Walton,2B/SS,0.25,0.8563500141492113,LAA,2024,bat,2B/SS
sa873988,Camden Duzenack,2B/SS,0.25,0.8009600240504369,,2024,bat,2B/SS
sa3016922,Mike Antico,OF,0.25,0.8618299975525587,STL,2024,bat,OF
sa828422,Hendrik Clementina,C,0.25,0.7380600109230726,,2024,bat,C
8722,Jason Castro,C,0.25999999046325684,0.8104399695293978,,2024,bat,C
19952,Khalil Lee,OF,0.23999999463558197,0.9228700001025573,,2024,bat,OF
sa3015077,Aaron Palensky,OF,0.25,0.9717100147623569,,2024,bat,OF
13075,Norichika Aoki,OF,0.25,0.934059964166954,,2024,bat,OF
16680,Brian O'Keefe,C,0.25,0.8034499858040363,SEA,2024,bat,C
sa877497,Arquímedes Gamboa,SS,0.25,0.7526800342369825,,2024,bat,SS
10711,Arismendy Alcántara,2B/OF,0.25,0.873700039414689,,2024,bat,2B/OF
sa874244,Garrett Whitley,OF,0.25,0.8481699395924807,,2024,bat,OF
17723,Skye Bolt,OF,0.25,0.9158100034110247,,2024,bat,OF
19873,Drew Ellis,3B,0.25,0.9811499877832829,,2024,bat,3B
sa918279,Brady Policelli,C/OF,0.25,0.7196799416095018,,2024,bat,C/OF
10322,Danny Santana,OF,0.25,1.0939300701022148,,2024,bat,OF
15794,Yonathan Daza,OF,0.23000000417232513,0.8780699518509208,,2024,bat,OF
13788,Matt Reynolds,3B/SS,0.25,0.8578600196400656,,2024,bat,3B/SS
22239,Jeremiah Jackson,3B/OF,0.25,0.787169967754744,BAL,2024,bat,3B/OF
sa3004505,Erik Ostberg,C/1B,0.25,0.7183599638286977,,2024,bat,C/1B
14523,Pedro Severino,C,0.25,0.8431100268149747,,2024,bat,C
17321,Michael Chavis,1B/2B,0.23999999463558197,0.8696400101762265,CIN,2024,bat,1B/2B
sa916844,Ricardo Genovés,C,0.25,0.6569700117688625,,2024,bat,C
15197,Carlos Asuaje,2B,0.25,0.8313800413161516,,2024,bat,2B
13836,Matt Duffy,3B,0.23999999463558197,0.899460006598383,,2024,bat,3B
sa3014986,Justin Dirden,OF,0.25,0.845610006712377,,2024,bat,OF
sa3017081,Wyatt Young,2B/SS,0.25,0.7360800175461917,NYM,2024,bat,2B/SS
25138,Levi Jordan,OF,0.25,0.8305900440085678,WSN,2024,bat,OF
sa3007003,Jake Palomaki,2B/SS,0.25,0.7441599629353731,,2024,bat,2B/SS
sa3014500,Freddy Zamora,SS,0.25,0.7692900012014432,MIL,2024,bat,SS
sa3008391,JJ Schwarz,C/1B,0.25,0.6964500356698408,,2024,bat,C/1B
sa3010696,Colin Barber,OF,0.25,0.9498799378750844,,2024,bat,OF
18365,Lewin Díaz,1B,0.25,1.0538499659043734,,2024,bat,1B
sa738507,Edgar Cabral,C,0.25,0.7376800325233489,,2024,bat,C
sa3006667,Robert Neustrom,OF,0.25,0.9868599964771418,,2024,bat,OF
12510,Curt Casali,C,0.25999999046325684,0.8036300344858317,,2024,bat,C
sa1169978,Matt Lloyd,1B/OF,0.25,0.8533499927958474,BOS,2024,bat,1B/OF
sa3014834,Matt Koperniak,OF,0.25,0.9602699920302256,STL,2024,bat,OF
23250,David Bañuelos,DH,0.25,0.6911100184312089,MIN,2024,bat,DH
sa3020415,Max Wagner,2B/3B,0.25,0.8169800003524869,BAL,2024,bat,2B/3B
4579,Starlin Castro,2B/SS,0.25,0.9049999533453955,,2024,bat,2B/SS
sa1169818,Cody Milligan,2B/OF,0.25,0.8377400208730249,,2024,bat,2B/OF
sa3010014,Ivan Gonzalez,C,0.25,0.6810999838635323,,2024,bat,C
sa548189,Kellin Deglan,C,0.25,0.7157400282798335,,2024,bat,C
23790,Will Banfield,C,0.25,0.7578400135971605,CIN,2024,bat,C
16417,Sergio Alcántara,2B/3B/SS,0.25,0.8427800053497775,WSN,2024,bat,2B/3B/SS
sa3010395,Darius Hill,OF,0.25,0.951740057207644,,2024,bat,OF
sa829857,Bryson Brigman,2B/SS,0.25,0.7638400116004049,,2024,bat,2B/SS
sa3016975,Ben Malgeri,OF,0.25,0.8256100255530328,DET,2024,bat,OF
sa738262,Ryan Boldt,OF,0.25,0.849419988784939,,2024,bat,OF
9256,AJ Pollock,OF,0.23999999463558197,1.0474700147053224,,2024,bat,OF
29912,Darren Baker,2B/DH,0.25,0.830130003299564,CHW,2024,bat,2B/DH
sa3016966,Cooper Bowman,2B,0.25,0.7878199550090357,OAK,2024,bat,2B
sa3014548,Jimmy Glowenke,2B,0.25,0.8150299808243288,,2024,bat,2B
sa3006846,David Sheaffer,C,0.25,0.7046500562923029,,2024,bat,C
21293,Dalton Guthrie,OF,0.23999999463558197,0.9516200446523725,,2024,bat,OF
sa548175,Matt Lipka,OF,0.25,0.848670001234859,,2024,bat,OF
sa3014937,Tucker Bradley,OF,0.25,0.9702200485393404,,2024,bat,OF
19928,Ryan McKenna,OF,0.23999999463558197,0.8999499927973375,,2024,bat,OF
sa3014823,J.C. Correa,C/2B,0.25,0.8041899601696058,,2024,bat,C/2B
10071,Jonathan Villar,2B/SS,0.23999999463558197,0.9232699454762042,,2024,bat,2B/SS
29779,Max Muncy,2B/3B,0.25,0.7104400020907631,OAK,2024,bat,2B/3B
10839,Rangel Ravelo,1B/DH,0.25,1.0130200449610127,,2024,bat,1B/DH
sa3007869,Cody Roberts,C,0.25,0.7218700373545288,,2024,bat,C
10556,César Hernández,2B,0.23000000417232513,0.8368800505064427,,2024,bat,2B
sa3007635,Jon Rosoff,C,0.25,0.6764799929223955,,2024,bat,C
20002,Bryce Johnson,OF,0.25,0.8246999626979232,SDP,2024,bat,OF
1433,Wilson Ramos,C,0.25,0.8384300019359217,,2024,bat,C
sa3007505,Ruben Cardenas,OF,0.25,0.9241400646045804,,2024,bat,OF
24878,Heriberto Hernández,DH/OF,0.25,0.8988400132162496,MIA,2024,bat,DH/OF
sa875626,Max McDowell,C,0.25,0.6470799622591585,,2024,bat,C
sa918963,Chavez Young,OF,0.25,0.8323400542605668,,2024,bat,OF
sa918131,Tyler Neslony,OF,0.25,0.9703000565525143,,2024,bat,OF
22906,Israel Pineda,C,0.25,0.7299699526280164,,2024,bat,C
sa918686,Brandon Martorano,C,0.25,0.675730007328093,,2024,bat,C
sa918203,Josh Stephen,OF,0.25,0.9616599934175609,,2024,bat,OF
sa829343,Isiah Gilliam,OF,0.25,0.8918500164989381,,2024,bat,OF
5913,Leury García,OF,0.25,0.8454400362446904,,2024,bat,OF
sa3014496,Kaden Polcovich,2B/OF,0.25,0.7411100276745856,SEA,2024,bat,2B/OF
9284,Chris Herrmann,C/OF,0.25,0.704200017778203,,2024,bat,C/OF
sa916849,Diego Rincones,OF,0.25,0.9678199369926005,,2024,bat,OF
16623,Greg Allen,OF,0.25,0.9109799440484492,,2024,bat,OF
12495,T.J. Rivera,2B/3B,0.25,0.8448100523091852,,2024,bat,2B/3B
22471,Livan Soto,SS,0.25,0.7409400375792756,,2024,bat,SS
sa3015088,Joe Donovan,C,0.25,0.66721002436243,,2024,bat,C
11400,Ronald Torreyes,2B/3B/SS,0.25,0.7959600288886577,,2024,bat,2B/3B/SS
24622,Ryan Fitzgerald,2B/SS,0.25,0.8530699463095515,LAD,2024,bat,2B/SS
sa3017043,Michael Trautwein,C,0.25,0.739410016592592,CIN,2024,bat,C
sa3016961,Corey Rosier,OF,0.25,0.9818799716886132,BOS,2024,bat,OF
9927,Brett Gardner,OF,0.25,0.9032399712596086,,2024,bat,OF
sa657873,Mitch Nay,3B,0.25,0.8349999832455067,,2024,bat,3B
sa915838,Cole Freeman,2B/OF,0.25,0.8104999466799199,,2024,bat,2B/OF
sa3007288,Raynel Delgado,2B/3B,0.25,0.7788899820065125,TBR,2024,bat,2B/3B
20501,Scott Hurst,OF,0.25,0.858529999735765,,2024,bat,OF
24485,Tyler Cropley,C,0.25,0.6888199725653975,,2024,bat,C
sa737614,Riley Unroe,2B,0.25,0.8049099778756499,HOU,2024,bat,2B
22766,Steward Berroa,OF,0.25,0.8045599293662234,MIL,2024,bat,OF
20404,Jared Young,1B/DH,1.6200000047683716,6.598929999396204,NYM,2024,bat,1B/DH
sa3011754,Shane Sasaki,OF,0.25,0.7701300123007966,CIN,2024,bat,OF
25482,TJ Hopkins,DH/OF,0.25,0.9576199610950427,,2024,bat,DH/OF
12990,Erick Castillo,C,0.25,0.6702799848979338,,2024,bat,C
12858,Brian Goodwin,OF,0.25,1.0158299958333372,,2024,bat,OF
sa3015097,Bradlee Beesley,OF,0.25,0.8230400232598185,,2024,bat,OF
sa3006857,Jack Conley,C,0.25,0.6722999595105648,,2024,bat,C
26469,Davis Wendzel,3B,0.25,0.7953099506441503,PIT,2024,bat,3B
7168,Juan Centeno,C,0.25,0.6862099373480303,ARI,2024,bat,C
11145,Christian Colón,2B/3B,0.25,0.874139947304502,,2024,bat,2B/3B
sa3005781,Alexander Ovalles,1B/OF,0.25,0.880439980700612,,2024,bat,1B/OF
27931,Petey Halpin,OF,0.25,0.7832700054161249,CLE,2024,bat,OF
14691,Harold Castro,2B,0.25,0.8476200009463355,,2024,bat,2B
sa3014987,Jacob Buchberger,3B,0.25,0.8202599824871868,,2024,bat,3B
sa3005603,Alberto Rodriguez,OF,0.25,0.8623699955642222,KCR,2024,bat,OF
19842,Caleb Hamilton,C/1B,0.25,0.673919992079027,,2024,bat,C/1B
sa3020133,Haydn McGeary,1B,0.25,1.0101399616803972,CHC,2024,bat,1B
27653,Christian Koss,2B,0.25,0.7895599728450179,SFG,2024,bat,2B
19294,Nick Solak,2B,0.25,0.8753099483437836,SDP,2024,bat,2B
19910,Sandro Fabian,OF,0.25,0.9479700519470496,,2024,bat,OF
9776,Jason Kipnis,2B,0.25,0.8728599546477198,,2024,bat,2B
sa3010679,Herbert Iser,C,0.25,0.7127699831733479,,2024,bat,C
sa3019824,David Martin,C/1B,0.25,0.6645699674263595,ARI,2024,bat,C/1B
sa657987,BJ Boyd,OF,0.25,0.9551500032190233,,2024,bat,OF
25779,Tyler Tolbert,OF,0.25,0.7669099649414419,KCR,2024,bat,OF
19634,Jack Kruger,C,0.25,0.6659300417173654,,2024,bat,C
sa3014830,Micah Pries,1B/OF,0.25,0.9231299791485071,,2024,bat,1B/OF
sa917320,Leonel Valera,SS,0.25,0.7695500075817108,,2024,bat,SS
sa3005598,Julio Carreras,3B/SS,1.6200000047683716,5.74307995326817,,2024,bat,3B/SS
sa917824,Juan Fernandez,C,0.25,0.7935899547534061,,2024,bat,C
sa872466,Kevin Vicuña,SS,0.25,0.7332300159614533,,2024,bat,SS
sa3017509,Casey Opitz,C,0.25,0.6564600048121064,CHC,2024,bat,C
sa3003961,Chase Pinder,OF,0.25,0.8982200080296026,,2024,bat,OF
12546,C.J. Cron,1B,0.23000000417232513,1.0681999962660482,,2024,bat,1B
sa737640,Thomas Milone,OF,0.25,0.8046000338625162,,2024,bat,OF
15351,Frank Schwindel,1B,0.23999999463558197,1.035490028024651,,2024,bat,1B
sa3010897,Shayne Fontana,OF,0.25,0.8928200104972347,,2024,bat,OF
19635,Sheldon Neuse,2B/3B,0.23999999463558197,0.8772699949797241,,2024,bat,2B/3B
29571,Tim Tawa,2B/OF,0.25,0.8323399912100286,ARI,2024,bat,2B/OF
sa511026,Aderlin Rodríguez,1B/3B,0.25,1.0219799745362252,,2024,bat,1B/3B
11859,Mason Williams,OF,0.25,0.9023900208761916,,2024,bat,OF
14593,David Bote,2B/3B,0.25,0.8600700543029233,LAD,2024,bat,2B/3B
sa872850,Lorenzo Cedrola,OF,0.25,0.9064500512089578,,2024,bat,OF
sa3002863,Wladimir Chalo,C,0.25,0.6733400043100117,,2024,bat,C
16291,Nick Ciuffo,C,0.25,0.6865600058808922,,2024,bat,C
19181,Zack Collins,C,0.25,0.8341199748916552,,2024,bat,C
sa3010018,Aaron Bracho,1B/2B,0.25,0.7839099895674735,,2024,bat,1B/2B
sa3014537,Blaze Jordan,1B/3B,0.25,1.0509400486480445,STL,2024,bat,1B/3B
sa3006900,Reivaj Garcia,2B,0.25,0.7911400302313267,,2024,bat,2B
sa3008282,Andy Weber,2B/SS,0.25,0.7401000191457568,CHW,2024,bat,2B/SS
24641,Willie MacIver,C,0.25,0.8216599686071276,TEX,2024,bat,C
30028,Bob Seymour,1B,0.25,0.9666799627011642,,2024,bat,1B
sa3003288,Jose Peroza,3B,0.25,0.7835600277408957,,2024,bat,3B
sa3011260,Kervin Pichardo,3B/SS,0.25,0.7086299386573955,WSN,2024,bat,3B/SS
sa3009279,Miguel Palma,C,0.25,0.646680003288202,NYY,2024,bat,C
31354,Jimmy Crooks,C,0.25,0.6649699836270883,STL,2024,bat,C
sa872490,Joseph Rosa,2B/SS,0.25,0.7183100752532482,,2024,bat,2B/SS
sa3017214,Rowdey Jordan,2B/OF,0.25,0.7747000069823117,,2024,bat,2B/OF
sa3005938,Yoyner Fajardo,OF,0.25,0.9193600022234021,,2024,bat,OF
9077,Lorenzo Cain,OF,0.25,0.80754000460729,,2024,bat,OF
20540,José Devers,2B/SS,0.25,0.8019899897277354,,2024,bat,2B/SS
sa3006916,Kyle Kasser,2B,0.25,0.7749599997187032,,2024,bat,2B
19878,Adam Haseley,OF,0.23999999463558197,0.9200199862010775,,2024,bat,OF
sa3010599,Jake Holton,1B,0.25,0.9628999997861681,SFG,2024,bat,1B
4892,Mike Moustakas,3B,0.23999999463558197,0.9115999402012676,,2024,bat,3B
sa3015623,Christian Cerda,C,0.25,0.6541199658997356,ARI,2024,bat,C
25183,Drew Avans,OF,0.25,0.7998599645681679,COL,2024,bat,OF
27573,Gage Workman,3B,0.25,0.7379400005564093,DET,2024,bat,3B
16729,Brian O'Grady,OF,0.25,0.9772399803623556,,2024,bat,OF
14388,Ronald Guzmán,1B,0.25,0.9497799900360405,,2024,bat,1B
19667,Zach Reks,OF,0.25,0.9575299945427104,,2024,bat,OF
sa3011306,Jake Washer,C,0.25,0.683440005639568,,2024,bat,C
sa3014693,Emmanuel Rodriguez,OF,0.25,0.7701299915090203,MIN,2024,bat,OF
18587,Brendon Davis,3B/OF,0.25,0.9702799970749765,,2024,bat,3B/OF
sa3014825,Jack Blomgren,2B/SS,0.25,0.9379700505174695,HOU,2024,bat,2B/SS
sa3014942,Brady Lindsly,C,0.25,0.6688200478442013,WSN,2024,bat,C
sa185525,Eric Rodriguez,C,0.25,0.6632199794752522,,2024,bat,C
18399,Joe McCarthy,OF,0.25,0.9973199656233191,,2024,bat,OF
14329,Anthony Alford,OF,0.23999999463558197,1.025839989678934,,2024,bat,OF
6012,Didi Gregorius,SS,0.25,0.8053900133352726,,2024,bat,SS
sa3008183,Jimmy Herron,OF,0.25,1.0843400147743523,,2024,bat,OF
sa3014544,Milan Tolentino,SS,0.25,0.6854200070956721,CLE,2024,bat,SS
19369,Jae-Gyun Hwang,3B,0.25,0.809959943103604,,2024,bat,3B
18881,Curtis Terry,DH,0.25,1.0722400484606622,,2024,bat,DH
sa3007788,Sean Roby,1B/3B,0.25,0.8554200147045774,,2024,bat,1B/3B
18288,Austin Dean,OF,0.25,1.0137299623806029,,2024,bat,OF
sa828876,D.J. Burt,2B,0.25,0.7770599968731404,,2024,bat,2B
sa3007528,Nick Matera,C,0.25,0.6619399806018917,,2024,bat,C
14553,Nomar Mazara,OF,0.23999999463558197,0.9797300029313191,,2024,bat,OF
19245,Chris Okey,C,0.25,0.7228799876291304,,2024,bat,C
16686,Jason Vosler,1B/3B,0.25,0.870830035326071,,2024,bat,1B/3B
21735,Sebastián Rivero,C,0.23999999463558197,0.6852600374957546,LAA,2024,bat,C
19477,Alex De Goti,2B,0.25,0.770030002295971,,2024,bat,2B
sa875163,Moisés Gómez,OF,0.25,0.9559000225039198,,2024,bat,OF
sa3017478,Jackson Glenn,2B/3B,0.25,0.8185999532230198,,2024,bat,2B/3B
sa550391,Damek Tomscha,1B/3B,0.25,0.8088899739785119,,2024,bat,1B/3B
15149,Trey Mancini,1B/DH/OF,0.23999999463558197,1.0205400238744917,LAA,2024,bat,1B/DH/OF
30038,Carson Williams,SS,0.25,0.6899500316940248,TBR,2024,bat,SS
sa3009972,Garrett Hiott,OF,0.25,0.7985599985113367,,2024,bat,OF
sa3010145,Matthew Barefoot,OF,0.25,0.8183699725661425,,2024,bat,OF
sa3006888,Luis Verdugo,3B,0.25,0.7899799779755994,SDP,2024,bat,3B
sa917319,Carlos Rincon,OF,0.25,0.9436299851629882,,2024,bat,OF
19961,Colton Welker,1B/3B,0.25,0.8040300126187502,,2024,bat,1B/3B
15117,Hunter Dozier,3B/OF,0.23999999463558197,0.9231400158256292,,2024,bat,3B/OF
17922,Isan Díaz,2B/3B,0.25,0.9011399795999749,,2024,bat,2B/3B
15482,Aristides Aquino,OF,0.23999999463558197,1.0030799300526267,,2024,bat,OF
5751,Hernán Pérez,2B/3B/OF,0.25,0.9347899947315454,,2024,bat,2B/3B/OF
18718,Hyun Soo Kim,OF,0.25,0.8907300081104039,,2024,bat,OF
19348,DJ Peters,OF,0.25,0.8740299394354224,,2024,bat,OF
sa738445,Luis Aviles Jr.,SS,0.25,0.7475399728398769,,2024,bat,SS
sa658567,Tate Matheny,OF,0.25,0.8025299734435977,,2024,bat,OF
sa3005478,Carlos Rodríguez,OF,0.25,0.9133400138467549,SDP,2024,bat,OF
sa829787,Andrew Bechtold,3B,0.25,0.7686799675226211,PHI,2024,bat,3B
sa918444,Evan Alexander,OF,0.25,0.7848799830768256,,2024,bat,OF
12140,Juniel Querecuto,2B/3B,0.25,0.8010700580663977,,2024,bat,2B/3B
sa3014888,Dylan Harris,OF,0.25,0.7761599992401897,,2024,bat,OF
sa3017078,Riley Tirotta,1B/3B,0.25,0.763729974022135,TOR,2024,bat,1B/3B
sa829401,Will Toffey,3B,0.25,0.7755199593026191,,2024,bat,3B
sa3003311,Marcos Gonzalez,1B/SS,0.25,0.7797100209863856,,2024,bat,1B/SS
sa3017152,Donta' Williams,OF,0.25,0.7490300225559623,,2024,bat,OF
sa3020134,Jett Williams,SS,0.25,0.6751200459664687,MIL,2024,bat,SS
sa877338,Carlos Sepulveda,2B,0.25,0.7479600210208446,,2024,bat,2B
31765,Nacho Alvarez Jr.,3B,0.25,0.7069400026579387,ATL,2024,bat,3B
20122,Mark Contreras,OF,0.25,0.8894399948418139,,2024,bat,OF
22566,Tirso Ornelas,OF,0.25,0.8831900394987315,SDP,2024,bat,OF
sa829345,Jordan Procyshen,C,0.25,0.6450500209350138,,2024,bat,C
sa3007745,Brandon Howlett,3B,0.25,0.7804399967659263,,2024,bat,3B
sa3003197,David García,C,0.25,0.6449899536324665,MIL,2024,bat,C
sa3006783,Marty Costes,OF,0.25,0.9236299943178891,,2024,bat,OF
16524,Ryan McBroom,1B/OF,0.25,1.0802400617860257,,2024,bat,1B/OF
sa3004819,Quincy Nieporte,1B,0.25,0.9966299931984394,,2024,bat,1B
sa3007012,John Aiello,1B/3B,0.25,0.9760300274938344,,2024,bat,1B/3B
26536,Warming Bernabel,1B,0.25,0.9465799735393373,WSN,2024,bat,1B
31912,Chandler Simpson,OF,0.25,0.7304899835959076,TBR,2024,bat,OF
sa875231,Gabriel Cancel,2B,0.25,0.8024300086777658,,2024,bat,2B
11241,Mike Freeman,2B,0.25,0.8364400123246014,,2024,bat,2B
sa3019945,Jake Thompson,OF,0.25,1.0086600283160807,,2024,bat,OF
19384,Trenton Brooks,1B/DH,0.25,0.9603299891576169,,2024,bat,1B/DH
sa3004978,Robbie Glendinning,1B/3B/SS,0.25,0.8032699753763154,,2024,bat,1B/3B/SS
21634,Ford Proctor,2B,0.25,0.7732000161660835,,2024,bat,2B
sa3006621,Bladimir Restituyo,OF,0.25,0.9642400441225617,,2024,bat,OF
sa3008767,Victor Bericoto,1B/OF,0.25,0.9164699749089776,SFG,2024,bat,1B/OF
11602,Yolmer Sánchez,2B/3B,0.25,0.773320000176318,LAA,2024,bat,2B/3B
sa877504,Izzy Wilson,OF,0.25,0.9281600710470229,,2024,bat,OF
sa3005613,Felix Valerio,2B,0.25,0.7906599303241819,,2024,bat,2B
sa917135,Moisés Castillo,SS,0.25,0.6755500162020326,,2024,bat,SS
29830,Jack Winkler,2B,0.25,0.7191699870629237,HOU,2024,bat,2B
sa3015610,Onil Perez,C,0.25,0.624300007801503,SFG,2024,bat,C
sa3007089,Nick Ward,2B/3B,0.25,0.7792000036686658,,2024,bat,2B/3B
5486,Abraham Almonte,OF,0.25,1.0491299722110852,,2024,bat,OF
sa3003228,Johan Lopez,SS,0.25,0.6991299689747392,,2024,bat,SS
sa3017511,Tucker Mitchell,C/1B,0.25,0.6226099904859439,TEX,2024,bat,C/1B
sa3005759,Diego Hernandez,OF,0.25,0.7957900619134306,,2024,bat,OF
6310,Alcides Escobar,SS,0.25999999046325684,0.7953800418879836,,2024,bat,SS
sa3009878,Luke Ritter,2B/3B,0.25,0.7621599902398885,LAA,2024,bat,2B/3B
sa915614,Colby Fitch,C,0.25,0.6243800196796655,,2024,bat,C
9345,Brock Holt,2B/3B/OF,0.25,0.7885000166948883,,2024,bat,2B/3B/OF
13906,Sherman Johnson,2B,0.25,0.7542100228834897,,2024,bat,2B
sa3005103,Tyler Dearden,OF,0.25,0.8933299992932007,,2024,bat,OF
10473,Cheslor Cuthbert,3B,0.25,0.915950016165152,,2024,bat,3B
15487,Victor Reyes,OF,0.23999999463558197,0.930760048655793,,2024,bat,OF
sa3009868,Morgan McCullough,2B/3B/SS,0.25,0.6828100131591781,,2024,bat,2B/3B/SS
20463,Irving Lopez,2B/3B,0.23999999463558197,0.7646300063701345,,2024,bat,2B/3B
sa3005077,Adam Hall,2B/SS/OF,0.25,0.7530700251227245,,2024,bat,2B/SS/OF
12394,Jason Krizan,OF,0.25,0.9409599978942423,SFG,2024,bat,OF
sa3005472,Jeferson Morales,C/OF,0.25,0.622260046005249,,2024,bat,C/OF
sa3005308,Diosbel Arias,2B/3B,0.25,0.7311699979007242,,2024,bat,2B/3B
15104,Jonathan Davis,OF,1.6200000047683716,5.797439796477556,,2024,bat,OF
19957,Blake Rutherford,OF,0.25,0.9443499984219669,,2024,bat,OF
sa3006666,Ross Adolph,OF,0.25,0.7620999913197011,,2024,bat,OF
sa3008181,Hunter Stovall,2B/3B,0.25,0.9184900356456636,PIT,2024,bat,2B/3B
10030,Chris Owings,2B/SS,0.25,0.8118500038981437,,2024,bat,2B/SS
21304,Mark Kolozsvary,C,0.25,0.6811600385699421,PHI,2024,bat,C
sa3007047,Grant Witherspoon,OF,0.25,0.8337499565910549,,2024,bat,OF
27698,Eric Yang,PH/PR,0.25,0.6754899733932689,CHC,2024,bat,PH/PR
14352,Lewis Brinson,OF,0.23999999463558197,0.8996100361924616,,2024,bat,OF
19358,Weston Wilson,OF,0.23999999463558197,0.9866100355284289,BAL,2024,bat,OF
sa918983,Matt Fraizer,OF,0.25,0.8034700562246143,BOS,2024,bat,OF
13130,Mikie Mahtook,OF,0.25,0.9110299515770748,,2024,bat,OF
sa829697,Bubba Hollins,3B,0.25,0.7531100189080461,,2024,bat,3B
sa3008251,Jax Biggers,2B,0.25,0.7270200639031827,HOU,2024,bat,2B
sa3014420,Trei Cruz,SS,0.25,0.7325499955099074,DET,2024,bat,SS
sa3007282,Kekai Rios,C,0.25,0.6023699735291302,,2024,bat,C
sa918418,Jim Haley,1B/3B,0.25,0.8146099951583892,,2024,bat,1B/3B
sa3011467,Cam Cannon,2B,0.25,0.7666000320110471,,2024,bat,2B
sa3019924,Matthew Wood,C,0.25,0.6088999646482988,MIL,2024,bat,C
sa1159899,Quincy McAfee,2B/OF,0.25,0.8159899890422821,,2024,bat,2B/OF
17910,Marcus Wilson,OF,0.25,0.9109500141348689,,2024,bat,OF
sa3018209,Roby Enriquez,OF,0.25,0.8850699878996238,,2024,bat,OF
sa829684,Chris Hudgins,C,0.25,0.6362900112522764,,2024,bat,C
14811,Luke Voit,1B/DH,0.23999999463558197,1.0311199926538392,,2024,bat,1B/DH
24491,Travis Swaggerty,OF,0.25,0.9043600107543168,,2024,bat,OF
11379,Delino DeShields,OF,0.25,0.8042799449292942,,2024,bat,OF
sa874791,Chris Betts,C,0.25,0.6437999728135765,,2024,bat,C
18353,Daz Cameron,OF,0.25,0.8820100136566906,MIL,2024,bat,OF
sa3011899,Gabe Holt,2B/3B,0.25,0.7401799933752043,,2024,bat,2B/3B
sa3019942,Jud Fabian,OF,0.25,0.8727499897358938,BAL,2024,bat,OF
25814,C.J. Stubbs,C,0.25,0.6176199761917814,TOR,2024,bat,C
20332,Luis González,OF,0.25,0.9209199540317059,,2024,bat,OF
sa3011330,Darrien Miller,C,0.25,0.6187800279119983,MIL,2024,bat,C
sa3009870,Matthew Acosta,OF,0.25,0.7373699494637549,,2024,bat,OF
sa3017001,Noah Mendlinger,2B/OF,0.25,0.9743199721677228,STL,2024,bat,2B/OF
21797,Andrés Chaparro,1B/DH,0.25,1.0000600046478212,WSN,2024,bat,1B/DH
20450,Brewer Hicklen,OF,1.6200000047683716,6.17315950654447,ATL,2024,bat,OF
20557,CJ Alexander,3B,0.25,0.8122499803779646,HOU,2024,bat,3B
sa3004167,Angel Lopez,C,0.25,0.6303200141526757,,2024,bat,C
19643,Daniel Johnson,OF,0.25,0.9193400184623897,MIA,2024,bat,OF
10047,Wil Myers,1B/OF,0.23999999463558197,0.9434199976036324,,2024,bat,1B/OF
sa827960,Luis Carpio,2B/SS,0.25,0.7475000305334105,,2024,bat,2B/SS
sa3010166,Jimmy Govern,3B,0.25,0.7721999905537812,,2024,bat,3B
sa3019840,R.J. Yeager,1B,0.25,0.757440005452372,,2024,bat,1B
sa738703,Jordan Cowan,2B,0.25,0.7304500470403583,,2024,bat,2B
sa915590,Justin Yurchak,1B,0.25,0.9347599995089693,,2024,bat,1B
12719,Dillon Thomas,OF,0.25,0.8878199853934345,,2024,bat,OF
sa3008238,Korry Howell,OF,0.25,0.7688199771102517,,2024,bat,OF
14942,Andrew Knapp,C,0.25,0.7285500172758476,,2024,bat,C
sa3010008,Carter Aldrete,1B/3B,0.25,0.7753300239099188,,2024,bat,1B/3B
sa3004933,Olivier Basabe,1B,0.25,0.7612400307785718,,2024,bat,1B
14566,Franmil Reyes,DH/OF,0.23999999463558197,1.072250055521727,,2024,bat,DH/OF
sa3004813,Logan Warmoth,SS/OF,0.25,0.7397300333948805,,2024,bat,SS/OF
19727,Joe Dunand,2B/3B,0.25,0.7876799724297598,,2024,bat,2B/3B
20047,Brian Miller,OF,0.25,0.8520200046710669,,2024,bat,OF
sa3006674,Jake Anchia,C,0.25,0.5455199579242617,,2024,bat,C
14973,Zach Green,3B,0.25,0.8500800019595772,,2024,bat,3B
sa657922,Clint Coulter,OF,0.25,0.8909300056053324,,2024,bat,OF
sa3010030,Julian Escobedo,OF,0.25,0.7280500074848533,,2024,bat,OF
sa3010268,Ethan Skender,2B/3B,0.25,0.7408699925988912,,2024,bat,2B/3B
18905,Yusniel Díaz,OF,0.25,0.8942799496930091,,2024,bat,OF
sa829030,Roy Morales,C,0.25,0.9343099379679186,,2024,bat,C
27461,Shogo Akiyama,OF,0.25,0.8437600539531558,,2024,bat,OF
3516,Eric Hosmer,1B,0.23999999463558197,1.051939961197786,,2024,bat,1B
sa736945,Michael Beltre,OF,0.25,0.8858799721579997,,2024,bat,OF
25459,Peyton Burdick,OF,0.25,0.9160799597389996,,2024,bat,OF
20533,Mickey McDonald,DH/OF,0.25,0.7993599884677679,,2024,bat,DH/OF
13329,Jake Lamb,3B,0.25,0.9716499931644648,,2024,bat,3B
19615,Luis Barrera,OF,0.25,0.8447900284547358,,2024,bat,OF
sa829062,Chris Rabago,C,0.25,0.6088499761885031,,2024,bat,C
15817,Erick Mejia,3B/OF,0.25,0.8227699949406088,WSN,2024,bat,3B/OF
sa3007053,Niko Hulsizer,OF,0.25,0.8903600064571947,,2024,bat,OF
sa3008944,Carlos Mendoza,2B/OF,0.25,0.6849899857770652,TOR,2024,bat,2B/OF
sa3010710,Andrés Alvarez,2B/3B/SS,0.25,0.7176000272855161,,2024,bat,2B/3B/SS
sa3008845,Jose Ramos,OF,0.25,0.9074600118910894,NYM,2024,bat,OF
sa874178,Mitch Longo,OF,0.25,0.8919100383296606,,2024,bat,OF
sa3005486,Miguel Hiraldo,2B,0.25,0.7460999538889156,,2024,bat,2B
sa3005488,Keyber Rodriguez,3B/SS,0.25,0.7217900216579437,TEX,2024,bat,3B/SS
sa3020092,Josh Zamora,2B/3B,0.25,0.7723800212610512,,2024,bat,2B/3B
19212,Taylor Kohlwey,OF,0.25,0.8614000312052666,,2024,bat,OF
sa3019825,Jacob Berry,3B/OF,0.25,0.7897900395095347,MIA,2024,bat,3B/OF
22165,Ryan Vilade,OF,0.25,0.8367100208997725,TBR,2024,bat,OF
sa829699,Tim Susnara,C,0.25,0.6078599880449472,,2024,bat,C
12179,Maikel Franco,3B,0.25,0.8148599558742716,,2024,bat,3B
19644,Ben DeLuzio,OF,0.23999999463558197,0.7759300280828026,,2024,bat,OF
19768,Rylan Bannon,2B/3B/DH,0.25,0.7805700292577967,,2024,bat,2B/3B/DH
19931,Luke Williams,3B/OF,0.25,0.8288799668196588,ATL,2024,bat,3B/OF
10700,Ryan LaMarre,OF,0.25,0.9038699495606123,,2024,bat,OF
sa3017791,Mason Auer,OF,0.25,0.719580020569265,TBR,2024,bat,OF
17468,Kelvin Gutiérrez,3B,0.25,0.8068500174209474,,2024,bat,3B
19334,Yadiel Hernandez,OF,0.23999999463558197,0.9948299997951835,,2024,bat,OF
sa875875,Wagner Lagrange,OF,0.25,0.8834899766836314,,2024,bat,OF
5273,Sandy León,C,0.25999999046325684,0.6499199596000835,ATL,2024,bat,C
25971,Kevin Alcántara,OF,0.25,0.7584300154820085,CHC,2024,bat,OF
sa3002847,Cesar Izturis Jr.,2B/SS,0.25,0.6755900223506615,,2024,bat,2B/SS
sa3016869,Tyler McDonough,OF,0.25,0.7833300100639461,BOS,2024,bat,OF
sa3007019,Frainyer Chavez,2B/3B,0.25,0.6949700647266581,TEX,2024,bat,2B/3B
7949,Tim Beckham,SS,0.25,0.9486400207038967,,2024,bat,SS
sa3007876,Brennen Davis,OF,0.25,0.8664200152968986,SEA,2024,bat,OF
19521,Andrew Young,2B,0.25,0.8053800018504262,,2024,bat,2B
20510,Jack Larsen,OF,0.25,0.8835700060706584,,2024,bat,OF
sa829375,Josh Ockimey,1B,0.25,0.9378699720138683,,2024,bat,1B
sa3014525,A.J. Vukovich,3B/OF,0.25,0.9315299441572278,ARI,2024,bat,3B/OF
sa3007016,Michael Berglund,C,0.25,0.5882199970772489,,2024,bat,C
22045,Grant Koch,C,0.25,0.6363400098634884,,2024,bat,C
19432,Yonny Hernández,2B/3B,0.25,0.7467999572865665,NYM,2024,bat,2B/3B
2434,Nelson Cruz,DH/OF,0.23999999463558197,1.0456899813143536,,2024,bat,DH/OF
sa3020203,Josh Kasevich,SS,0.25,0.6336499691125936,TOR,2024,bat,SS
25714,Blaine Crim,1B,1.6200000047683716,6.346859859488903,COL,2024,bat,1B
sa3017162,John Rhodes,1B/OF,0.25,0.8450999762397258,LAD,2024,bat,1B/OF
31505,Sal Stewart,1B/3B,0.25,0.7931999861611984,CIN,2024,bat,1B/3B
sa3015190,Adrián Sugastey,C,0.25,0.5929200132377445,SFG,2024,bat,C
sa3017757,Jake Rucker,2B/3B,0.25,0.7267900244332849,MIN,2024,bat,2B/3B
sa828797,Josh Morgan,3B/SS,0.25,0.7347500297706573,,2024,bat,3B/SS
sa3010148,Michael Amditis,C,0.25,0.5952200261875986,,2024,bat,C
15191,Chad Pinder,OF,0.23999999463558197,0.9015099713578819,,2024,bat,OF
27543,Duke Ellis,OF,0.25,0.734139977907762,NYY,2024,bat,OF
sa917141,Kelvin Melean,2B/3B/SS,0.25,0.7024699700064956,,2024,bat,2B/3B/SS
12779,Andy Burns,3B,0.25,0.7999200315680355,,2024,bat,3B
sa597007,Jecksson Flores,2B/SS,0.25,0.7209400436142457,,2024,bat,2B/SS
15971,Ivan Castillo,2B/3B,0.25,0.7820000510429962,,2024,bat,2B/3B
12907,Gregory Polanco,OF,0.25,0.9958099617622792,,2024,bat,OF
sa738324,Jantzen Witte,1B/3B,0.25,0.7604600021848456,,2024,bat,1B/3B
sa873307,Leandro Cedeño,1B/OF,0.25,0.966180043364875,SDP,2024,bat,1B/OF
18848,Yohel Pozo,C/DH,0.25,0.9974999820231458,STL,2024,bat,C/DH
sa3007515,Devin Foyle,OF,0.25,0.8633400541264562,,2024,bat,OF
23395,Eric Wagaman,1B,0.25,0.9587599443737417,MIN,2024,bat,1B
18063,Kyle Garlick,OF,0.23999999463558197,0.9654500433942302,,2024,bat,OF
sa872783,Cristopher Cespedes,OF,0.25,0.8474499949719756,,2024,bat,OF
sa3002836,Evan Mendoza,3B/SS,0.25,0.7106599590275435,,2024,bat,3B/SS
29782,Niko Kavadas,1B/DH,0.25,0.9519900371204131,LAA,2024,bat,1B/DH
sa736824,Ray-Patrick Didder,SS/OF,0.25,0.7081299798330293,,2024,bat,SS/OF
sa3020001,Maxwell Costes,1B,0.25,0.916549991047941,,2024,bat,1B
5667,Steven Souza Jr.,OF,0.25,0.9246100391726941,,2024,bat,OF
16593,Kevin Padlo,1B/3B,0.25,0.9135599557543173,,2024,bat,1B/3B
sa3004065,Jancarlos Cintron,2B/SS,0.25,0.7588400156237184,,2024,bat,2B/SS
15402,Jack Mayfield,3B,0.23999999463558197,0.8368099834304301,,2024,bat,3B
sa873990,Vince Fernandez,OF,0.25,0.8878300432581455,,2024,bat,OF
sa3017292,Jonny Butler,OF,0.25,0.8328999916091562,,2024,bat,OF
sa3002831,Tanner Kirwer,OF,0.25,0.7323799960780887,,2024,bat,OF
sa3004176,JJ Muno,3B/OF,0.25,0.7298999894876033,,2024,bat,3B/OF
sa3014883,Matthew Dyer,OF,0.25,0.6949599907267838,,2024,bat,OF
sa3004780,Shane Matheny,3B,0.25,0.7268100211862475,,2024,bat,3B
5519,Rubén Tejada,SS,0.25,0.7794899774249643,,2024,bat,SS
sa3017330,TJ Rumfield,1B,0.25,0.9272899920004419,COL,2024,bat,1B
18721,Guillermo Heredia,OF,0.25,0.8443200192414223,,2024,bat,OF
7927,Eric Sogard,2B,0.25,0.806109994277358,,2024,bat,2B
16411,Richard Urena,2B/SS,0.25,0.7803899759892373,,2024,bat,2B/SS
17005,Gavin Cecchini,2B,0.25,0.7462799837579949,,2024,bat,2B
sa3006903,Carlos De La Cruz,OF,0.25,0.9124200135469435,,2024,bat,OF
17750,Max Schrock,OF,0.25,0.9363399815745652,,2024,bat,OF
sa3006075,Victor Nova,3B/OF,0.25,0.727099998574704,,2024,bat,3B/OF
sa3017401,Mike Jarvis,2B,0.25,0.7156599631533026,PIT,2024,bat,2B
sa858026,Connor Marabell,OF,0.25,0.877229959424585,,2024,bat,OF
19983,Conner Capel,OF,0.25,0.9488100198563189,COL,2024,bat,OF
sa3017113,Phillip Sikes,OF,0.25,0.7745299721136689,BOS,2024,bat,OF
19533,Taylor Jones,1B/DH,0.25,0.9235599887091664,,2024,bat,1B/DH
28552,Yanquiel Fernández,DH/OF,0.25,1.051419935049489,NYY,2024,bat,DH/OF
sa3017051,Ethan Murray,2B/SS,0.25,0.7234700509347022,MIL,2024,bat,2B/SS
8259,Kurt Suzuki,C,0.25,0.7857200561091304,,2024,bat,C
21842,Carlos Cortes,OF,0.25,0.8352500172564759,OAK,2024,bat,OF
sa3014827,Elijah Dunham,OF,0.25,0.8442599989939481,LAA,2024,bat,OF
sa876814,Nash Knight,1B/3B,0.25,0.716690018470399,,2024,bat,1B/3B
sa3007632,D.J. Artis,OF,0.25,0.8552100230008363,,2024,bat,OF
sa3008184,Cole Roederer,OF,0.25,0.8655100550502537,,2024,bat,OF
sa3017371,JT Schwartz,1B,0.25,0.9093300445238127,NYM,2024,bat,1B
20926,Dérmis Garcia,1B,0.23999999463558197,0.9428299907594918,,2024,bat,1B
sa3018218,Dondrei Hubbard,OF,0.25,0.8737799739930778,,2024,bat,OF
18371,Jermaine Palacios,2B/SS,0.25,0.7622400315944106,,2024,bat,2B/SS
sa3019964,David McCabe,3B,0.25,0.7388000070932322,ATL,2024,bat,3B
sa3007631,Max Burt,3B,0.25,0.7180700225289911,DET,2024,bat,3B
14137,Tim Lopes,OF,0.25,0.792809991678223,,2024,bat,OF
sa3006712,Daniel Amaral,OF,0.25,0.863489969773218,SEA,2024,bat,OF
10847,Andrelton Simmons,SS,0.25,0.6846699965419246,,2024,bat,SS
sa3006938,Logan Brown,C,0.25,0.6093900212319567,,2024,bat,C
17278,Bobby Bradley,1B,0.23999999463558197,0.9201600295258685,,2024,bat,1B
sa737922,Xavier Fernández,C,0.25,0.9131600693333892,,2024,bat,C
sa3004884,Justin Connell,OF,0.25,0.8490299883764237,,2024,bat,OF
sa3017626,Edwin Arroyo,SS,0.25,0.7406500086653977,CIN,2024,bat,SS
15994,Kean Wong,2B/OF,0.25,0.7692100196145475,,2024,bat,2B/OF
sa3019968,Zach Morgan,C,0.25,0.5692999999038874,SFG,2024,bat,C
sa3002851,Robert Perez Jr.,1B/OF,0.25,0.8442299625370652,,2024,bat,1B/OF
17473,Narciso Crook,OF,0.23999999463558197,0.8740699188318103,,2024,bat,OF
15958,Travis Demeritte,OF,0.25,0.9241499665193258,,2024,bat,OF
sa3014878,Noah Campbell,OF,0.25,0.8469999926630407,,2024,bat,OF
14109,Albert Almora Jr.,OF,0.25,0.8471200012136251,,2024,bat,OF
sa857538,Roberto Baldoquin,SS,0.25,0.7054000090109184,,2024,bat,SS
21489,Hayden Senger,C,0.25,0.5572499538306146,NYM,2024,bat,C
sa3008744,Gabriel Rodriguez,3B,0.25,0.6917400172445923,,2024,bat,3B
sa3008076,Madison Stokes,1B,0.25,0.652440020139329,,2024,bat,1B
sa3003325,Nerio Rodriguez,C,0.25,0.5661400348879396,,2024,bat,C
sa3003350,Kenneth Betancourt,2B/3B,0.25,0.7148900043684988,,2024,bat,2B/3B
4962,Asdrúbal Cabrera,SS,0.25,0.8796099605038762,CIN,2024,bat,SS
21871,Jerar Encarnacion,OF,0.25,0.9001399846049025,SFG,2024,bat,OF
31500,Ryan Ritter,2B/SS,0.25,0.8236300168093295,COL,2024,bat,2B/SS
sa917968,Thomas Jones,OF,0.25,0.7256999704288317,,2024,bat,OF
17806,Braden Bishop,OF,0.25,0.8776400401722639,,2024,bat,OF
sa3016964,Grant Richardson,OF,0.25,0.8578799999319016,MIA,2024,bat,OF
sa3009891,Patrick Frick,2B/SS,0.25,0.6948500518687069,,2024,bat,2B/SS
sa918220,Armond Upshaw,OF,0.25,0.7237700391095131,,2024,bat,OF
17423,Yermín Mercedes,DH,0.23999999463558197,0.9962200375506655,,2024,bat,DH
sa1170373,Anthony Mulrine,C,0.25,0.561509996280074,,2024,bat,C
sa918888,Zach Davis,OF,0.25,0.7175099794752895,,2024,bat,OF
19828,Cody Thomas,OF,0.23999999463558197,0.9071199555415659,,2024,bat,OF
sa3017665,Aaron Zavala,OF,0.25,0.7936799820628947,TEX,2024,bat,OF
sa1169627,Ivan Johnson,2B/OF,0.25,0.7973100025905295,CIN,2024,bat,2B/OF
sa3002846,Luis Yanel Diaz,3B,0.25,0.7419100225903094,,2024,bat,3B
sa737690,Drew Ward,3B,0.25,0.9410300344694403,,2024,bat,3B
sa3014935,Zach Daniels,OF,0.25,0.8473700556787661,,2024,bat,OF
sa3007007,Dillon Paulson,1B,0.25,0.9270099828951062,,2024,bat,1B
sa918541,Jeffry Parra,C,0.25,0.5287899795221164,,2024,bat,C
sa3007065,Willie Joe Garry Jr.,OF,0.25,0.7324400079436602,,2024,bat,OF
24257,Jhonkensy Noel,OF,0.25,0.9203100204351358,BAL,2024,bat,OF
13472,Christian Lopes,2B/OF,0.25,0.730509960395284,,2024,bat,2B/OF
8385,Pedro Florimón,SS,0.25,0.6555099832359701,,2024,bat,SS
16909,Colin Moran,1B/3B,0.25,0.8763200274435802,SEA,2024,bat,1B/3B
14225,Yasiel Puig,OF,0.25,0.9330999622587114,,2024,bat,OF
14131,Greg Bird,1B,0.25,0.9009499760111792,,2024,bat,1B
11200,Kole Calhoun,OF,0.23999999463558197,0.9375399518758059,,2024,bat,OF
sa3008868,Brayan Buelvas,OF,0.25,0.6802799979690463,OAK,2024,bat,OF
sa857819,Errol Robinson,SS,0.25,0.5926699925912543,BAL,2024,bat,SS
sa917039,Seuly Matias,OF,0.25,0.8804600398056208,,2024,bat,OF
4922,Ender Inciarte,OF,0.23999999463558197,0.8122200116049497,,2024,bat,OF
27789,Shay Whitcomb,2B/3B,0.25,0.7403300128760747,HOU,2024,bat,2B/3B
sa3015182,Yeiner Fernandez,C/2B,0.25,0.7052499986952169,LAD,2024,bat,C/2B
sa3003280,Diego Infante,OF,0.25,0.8832500318530947,,2024,bat,OF
sa828696,Ti'Quan Forbes,3B,0.25,0.7391200406011192,,2024,bat,3B
15535,Joseph Odom,C,0.25,0.609089966630563,,2024,bat,C
sa3015579,Jared Serna,2B/SS,0.25,0.6964300169143824,MIA,2024,bat,2B/SS
sa3019856,Tucker Flint,OF,0.25,0.8311400040751323,LAA,2024,bat,OF
18136,Ka'ai Tom,OF,0.25,0.8788400492398067,,2024,bat,OF
19703,Jake Noll,1B,0.25,0.8903499517822637,,2024,bat,1B
sa3017735,Connor Kokx,OF,0.25,0.7970299934735521,,2024,bat,OF
sa3007031,Davis Bradshaw,OF,0.25,0.8574399926234035,,2024,bat,OF
sa3017341,Freylin Minyety,2B/3B,0.25,0.685080016637221,,2024,bat,2B/3B
19528,Jacob Robson,OF,0.25,0.8407500006724149,DET,2024,bat,OF
10953,Phil Gosselin,2B/3B,0.25,0.8002600169740616,,2024,bat,2B/3B
26284,John Rave,OF,0.25,0.8570800243411213,KCR,2024,bat,OF
sa709546,Cole Sturgeon,OF,0.25,0.8463600235525517,,2024,bat,OF
19552,Jaylin Davis,OF,0.25,0.8500700093805791,,2024,bat,OF
22232,Mason McCoy,SS,0.25,0.6469299847725778,SDP,2024,bat,SS
12174,Jorge Bonifacio,OF,0.25,0.8717800348531454,,2024,bat,OF
20034,Hunter Owen,OF,0.25,0.9139500879216937,,2024,bat,OF
14320,Wilmer Difo,2B/SS,0.25,0.75161996667739,,2024,bat,2B/SS
15156,Ian Miller,OF,0.25,0.8384399499278516,,2024,bat,OF
15697,Gosuke Katoh,1B/2B,0.25,0.8625200089067221,,2024,bat,1B/2B
sa3005152,Jan Mercado,C,0.25,0.5993600061163306,,2024,bat,C
sa917095,Eduardo Torrealba,2B/SS,0.25,0.6887199788587167,,2024,bat,2B/SS
22093,Steele Walker,OF,0.25,0.8760999595746398,,2024,bat,OF
sa917275,Miguel Aparicio,OF,0.25,0.8507800535764544,,2024,bat,OF
sa1169809,Simon Whiteman,2B/SS,0.25,0.6157400233438238,,2024,bat,2B/SS
15769,Rafael Bautista,OF,0.25,0.8117499724496153,,2024,bat,OF
sa3020214,Termarr Johnson,2B,0.25,0.7155600216472521,PIT,2024,bat,2B
sa3007078,Jordan Qsar,OF,0.25,0.8527999763377009,,2024,bat,OF
sa3017863,Hao-Yu  Lee,2B/3B,0.25,0.6842499950667843,DET,2024,bat,2B/3B
sa915706,Matt McLaughlin,2B/3B,0.25,0.6856900336686521,,2024,bat,2B/3B
13910,Patrick Kivlehan,OF,0.25,0.9100900241639465,,2024,bat,OF
sa3008029,Kyle Datres,1B/3B,0.25,0.9912500523496418,,2024,bat,1B/3B
10459,Adeiny Hechavarría,SS,0.25,0.7839700038079173,,2024,bat,SS
25467,Will Robertson,OF,0.25,0.8317499920725822,BAL,2024,bat,OF
sa3014507,David Calabrese,OF,0.25,0.7043099815025925,LAA,2024,bat,OF
sa3008030,AJ Graffanino,2B/SS,0.25,0.690160001302138,,2024,bat,2B/SS
25055,Nate Eaton,3B/OF,0.25,0.8861900202929974,BOS,2024,bat,3B/OF
sa3016956,Chris Meyers,1B/OF,0.25,0.9125200160779057,DET,2024,bat,1B/OF
sa3007289,Brhet Bewley,2B/3B,0.25,0.7001299912342801,,2024,bat,2B/3B
sa3006854,William Hancock,C,0.25,0.5603600325761362,,2024,bat,C
11936,Joe Panik,2B,0.25,0.7485900067258625,,2024,bat,2B
sa917055,Miguel Hernandez,SS,0.25,0.7616099824663252,,2024,bat,SS
sa1170619,Josh Bissonette,2B/3B,0.25,0.668490009335801,,2024,bat,2B/3B
sa1170495,Hill Alexander,OF,0.25,0.8467199865262955,,2024,bat,OF
sa3004390,Demetrius Sims,2B/SS,0.25,0.6289600491989402,,2024,bat,2B/SS
sa3003173,Ernesto Martinez Jr.,1B,0.25,0.9242700056172906,NYY,2024,bat,1B
sa3014688,Adrian Placencia,2B/SS,0.25,0.6800400453153999,LAA,2024,bat,2B/SS
sa874241,Cornelius Randolph,OF,0.25,0.8373900211416185,,2024,bat,OF
sa915868,Matt Whatley,C,0.25,0.5337800425942987,,2024,bat,C
sa3010036,J.T. Arruda,2B,0.25,0.6952300332020968,SEA,2024,bat,2B
14897,Daniel Palka,DH/OF,0.25,0.9356699741445481,,2024,bat,DH/OF
sa3017797,Colby Smelley,C,0.25,0.5323700196924619,,2024,bat,C
sa3016084,Allan Castro,OF,0.25,0.7143199667800216,BOS,2024,bat,OF
sa3006728,Drew Mount,OF,0.25,0.9104400360491127,,2024,bat,OF
15189,Dustin Peterson,OF,0.25,0.9098799941129981,,2024,bat,OF
17023,Magneuris Sierra,OF,0.25,0.7531900545582174,,2024,bat,OF
sa917025,Cristian Perez,SS,0.25,0.6178699869895353,,2024,bat,SS
sa3007069,Greg Cullen,2B,0.25,0.9002699659904463,,2024,bat,2B
sa917463,Luis Leon,C/SS,0.25,0.5568800269160419,,2024,bat,C/SS
17736,Richie Martin,SS,0.25,0.7023099853657186,TEX,2024,bat,SS
sa3014452,Daniel Cabrera,OF,0.25,0.8031000206712633,DET,2024,bat,OF
sa738936,Harrison Wenson,C,0.25,0.5745699846185744,,2024,bat,C
sa549286,Ryan Casteel,C/1B,0.25,0.9596900175325572,,2024,bat,C/1B
sa3015718,Samuel Zavala,OF,0.25,0.6818499818793498,CHW,2024,bat,OF
sa3017398,Nathan Hickey,C/1B,0.25,0.9903499479638412,BOS,2024,bat,C/1B
sa876111,Garrett Wolforth,C/1B,0.25,0.5707500194665043,,2024,bat,C/1B
sa3006889,D'Shawn Knowles,OF,0.25,0.6902800192590802,,2024,bat,OF
11342,Jesús Aguilar,1B,0.23000000417232513,0.9629599907668307,,2024,bat,1B
8203,Dee Strange-Gordon,2B,0.25,0.7779999903403221,,2024,bat,2B
sa3009875,J.D. Orr,OF,0.25,0.7988700646441429,,2024,bat,OF
sa3010342,Jackson Cluff,SS,0.25,0.630239953706041,NYM,2024,bat,SS
13593,José Peraza,2B/SS,0.25,0.7383500406751408,,2024,bat,2B/SS
sa918278,Brady Whalen,1B,0.25,0.9081500098109245,,2024,bat,1B
sa3016976,Ben Cowles,2B/SS,0.25,0.5941999327857047,CHC,2024,bat,2B/SS
sa829122,Zack Zehner,OF,0.25,0.8231099473312498,,2024,bat,OF
27497,Tyler Callihan,2B/OF,0.25,0.761649998440407,PIT,2024,bat,2B/OF
sa3014532,Jesse Franklin V,OF,0.25,0.8718900204636156,,2024,bat,OF
sa3008573,Omar Martinez,C/1B,0.25,0.5343299915431999,LAA,2024,bat,C/1B
sa915707,Kevin Merrell,SS,0.25,0.691900011571124,,2024,bat,SS
sa3015773,Leonardo Bernal,C,0.25,0.5377599715488031,STL,2024,bat,C
27963,Maximo Acosta,2B/3B/SS,0.25,0.60500999703072,MIA,2024,bat,2B/3B/SS
14196,Andrew Velazquez,SS,0.25999999046325684,0.7214200200513005,TEX,2024,bat,SS
sa3015234,Ricardo Olivar,C/OF,0.25,0.542049975460395,MIN,2024,bat,C/OF
sa3014436,Alerick Soularie,2B/OF,0.25,0.8114000109024347,,2024,bat,2B/OF
sa3010167,Ike Freeman,1B/2B,0.25,0.6753199724247679,,2024,bat,1B/2B
13325,Deven Marrero,3B,0.23999999463558197,0.7446200371719898,,2024,bat,3B
sa3002883,Zach Jarrett,OF,0.25,0.7873700323514641,BAL,2024,bat,OF
17714,Christin Stewart,OF,0.25,0.9267700471915306,,2024,bat,OF
13750,Elier Hernandez,DH/OF,0.25,0.8363100582268088,,2024,bat,DH/OF
27770,Zac Veen,OF,0.25,0.9772000530268996,COL,2024,bat,OF
18722,Dae-Ho Lee,1B,0.25,0.9326500136405228,,2024,bat,1B
sa3017322,Straton Podaras,C,0.25,0.55151005811058,,2024,bat,C
sa3011204,Will Holland,SS/OF,0.25,0.6165400329511612,,2024,bat,SS/OF
sa3020139,Carter Howell,OF,0.25,0.6743199727963657,,2024,bat,OF
sa918911,Armani Smith,OF,0.25,0.8108099997742102,,2024,bat,OF
sa830303,Micker Adolfo,OF,0.25,0.8478100103326143,,2024,bat,OF
sa3003256,Claudio Finol,2B/3B,0.25,0.6826300232904031,,2024,bat,2B/3B
25434,Will Wilson,2B/3B,0.25,0.6920799895422534,SEA,2024,bat,2B/3B
sa3004934,Riley Delgado,3B/SS,0.25,0.6622699674917383,,2024,bat,3B/SS
12950,Phillip Evans,3B/OF,0.25,0.8590200036764145,,2024,bat,3B/OF
sa3010160,Jaxx Groshans,C,0.25,0.548680017190054,,2024,bat,C
13154,Marco Hernández,2B,0.25,0.7588899790309371,,2024,bat,2B
sa3005504,Allan Cerda,OF,0.25,0.8820399845717475,,2024,bat,OF
sa3015090,Zac Cook,OF,0.25,0.6996599735692144,,2024,bat,OF
12371,Tommy La Stella,2B/3B,0.23999999463558197,0.9434699591714888,,2024,bat,2B/3B
sa918769,Bret Boswell,2B/3B,0.25,0.6801500212866812,,2024,bat,2B/3B
3086,Mitch Moreland,1B,0.25,1.00202999683097,,2024,bat,1B
sa3003339,Hugo Cardona,SS,0.25,0.6223400289891287,,2024,bat,SS
sa917935,Delvin Pérez,SS,0.25,0.6767700411844999,,2024,bat,SS
sa3020763,Nate Furman,2B,0.25,0.6169499346986413,SFG,2024,bat,2B
sa3015076,Brandon McIlwain,OF,0.25,0.7812400239054113,,2024,bat,OF
sa3020192,Mario Camilletti,2B/3B,0.25,0.626569976506289,CHW,2024,bat,2B/3B
sa3017562,Creed Willems,C/1B,0.25,0.5360499919741414,BAL,2024,bat,C/1B
sa3006729,Jacob Rhinesmith,OF,0.25,0.8049999568145723,,2024,bat,OF
19968,Jared Oliva,OF,0.25,0.7881299994420258,SFG,2024,bat,OF
sa738955,Jacob Heyward,OF,0.25,0.8130100205540657,,2024,bat,OF
sa739541,Alexander Palma,OF,0.25,0.9798999846447259,,2024,bat,OF
18433,P.J. Higgins,C/1B,0.25,0.9262899764114991,CIN,2024,bat,C/1B
sa858812,Arden Pabst,C,0.25,0.5545699838316068,,2024,bat,C
sa597218,Hamlet Marte,C,0.25,0.5514400624204426,,2024,bat,C
17737,Josh Lester,1B/DH,0.25,0.923490010225214,,2024,bat,1B/DH
sa3016779,Frederick Bencosme,2B/SS,0.25,0.6312900055898353,BAL,2024,bat,2B/SS
12198,Jake Hager,2B,0.25,0.7100600081495939,,2024,bat,2B
sa3005492,Jesus Valdez,3B,0.25,0.7297100444789973,ARI,2024,bat,3B
sa3009538,Eddinson Paulino,2B/3B/SS,0.25,0.710410013096407,,2024,bat,2B/3B/SS
sa3010021,Kody Hoese,3B,0.25,0.7016400548629461,,2024,bat,3B
25690,Grant McCray,OF,0.25,0.6763099676463752,SFG,2024,bat,OF
sa923039,Jefrey Ramos,OF,0.25,0.8265199740417299,,2024,bat,OF
33266,Jacob Wilson,SS,0.25,0.5626099924091249,OAK,2024,bat,SS
21626,Griffin Conine,OF,0.25,0.854479969246313,MIA,2024,bat,OF
sa3020240,Justin Crawford,OF,0.25,0.723510036477819,PHI,2024,bat,OF
sa3008842,Alex De Jesus,3B/SS,0.25,0.6543699280824512,,2024,bat,3B/SS
sa3017158,Cody Morissette,2B,0.25,0.7175100552383811,MIA,2024,bat,2B
11381,Drew Maggi,3B/DH,0.23999999463558197,0.6991400445811451,,2024,bat,3B/DH
sa3004128,Laz Rivera,SS,0.25,0.6712300349492578,,2024,bat,SS
15982,Ryder Jones,1B/3B,0.25,0.7021899757441131,,2024,bat,1B/3B
14735,Brett Phillips,OF,0.25,0.7258600150700657,,2024,bat,OF
sa3004046,Jeremy Arocho,2B,0.25,0.6198599709430709,,2024,bat,2B
sa3011776,Christopher Familia,OF,0.25,0.8100300065008922,,2024,bat,OF
sa3003274,Luis Mieses,OF,0.25,0.7998400216922164,,2024,bat,OF
sa3011258,Zach Watson,OF,0.25,0.6758100108243524,,2024,bat,OF
sa3010043,DJ Gladney,OF,0.25,0.8262200066354124,NYY,2024,bat,OF
14145,Daniel Robertson,2B/3B/SS,0.25,0.6966299663065,,2024,bat,2B/3B/SS
20493,Seth Beer,DH,0.25,0.9782100340351463,,2024,bat,DH
sa738999,Robbie Tenerowicz,1B,0.25,0.8489799610106273,,2024,bat,1B
sa917196,Jose Sibrian,C,0.25,0.5250700319884344,,2024,bat,C
sa507143,Ali Castillo,2B/3B,0.25,0.7012499785050749,,2024,bat,2B/3B
sa900974,Carlos Soto,C,0.25,0.5312600139295681,,2024,bat,C
17710,Matt Beaty,1B/OF,0.25,0.872190038836561,,2024,bat,1B/OF
sa829261,Kyle Martin,1B,0.25,0.8897000391036272,,2024,bat,1B
sa829268,Drew Lugbauer,1B,0.25,0.8582700163824483,,2024,bat,1B
sa3017052,Kobe Kato,2B,0.25,0.6273499766597523,,2024,bat,2B
sa3017285,Damon Dues,2B,0.25,0.6332399570383132,,2024,bat,2B
sa3015126,Carter Williams,OF,0.25,0.8178299737162887,,2024,bat,OF
12649,Alex Dickerson,OF,0.25,0.9624500287231057,,2024,bat,OF
sa3016926,Abimelec Ortiz,1B,0.25,0.8870200003962962,WSN,2024,bat,1B
7740,Ty Kelly,2B/3B/OF,0.25,0.668809998827055,,2024,bat,2B/3B/OF
sa3004148,Jordy Barley,SS,0.25,0.6408200085861607,,2024,bat,SS
sa3017281,Drew Swift,SS,0.25,0.6002400004304944,OAK,2024,bat,SS
sa3010693,Andrick Nava,C,0.25,0.5508799963863565,MIL,2024,bat,C
sa3014882,Sahid Valenzuela,2B,0.25,0.6097499980125577,,2024,bat,2B
14555,Wyatt Mathisen,1B/3B,0.25,0.8257699852576479,,2024,bat,1B/3B
sa3007005,Jeremy Eierman,SS,0.25,0.5704799982486293,OAK,2024,bat,SS
sa3019917,Caleb Ricketts,C,0.25,0.5717399574816227,PHI,2024,bat,C
sa3019923,Eric Brown Jr.,SS,0.25,0.6094000328332186,MIL,2024,bat,SS
sa3006724,Grant Williams,2B/SS,0.25,0.6605099652428179,,2024,bat,2B/SS
sa3007030,Frankie Tostado,1B,0.25,0.8897000239696352,,2024,bat,1B
sa923239,Reinaldo Ilarraza,2B/OF,0.25,0.6545100251678375,,2024,bat,2B/OF
sa3014448,Trevor Hauver,OF,0.25,0.8817100445739925,TEX,2024,bat,OF
sa1170279,Matt O'Neill,C,0.25,0.5046999511076138,ARI,2024,bat,C
sa3002866,Freuddy Batista,C,0.25,0.4558800034923478,HOU,2024,bat,C
sa3005624,Ronaiker Palma,C,0.25,0.67326998016797,,2024,bat,C
sa3010343,Yorvis Torrealba,OF,0.25,0.8013000589096918,,2024,bat,OF
sa3019400,Loidel Chapelli,2B,0.25,0.647220014152117,,2024,bat,2B
sa3004061,Connor Hoover,2B,0.25,0.6578899358166381,,2024,bat,2B
sa3017399,Mariano Ricciardi,2B,0.25,0.6462600213475524,,2024,bat,2B
27915,Alejandro Osuna,OF,0.25,0.755960053775925,TEX,2024,bat,OF
16542,Shed Long Jr.,2B/OF,0.25,0.8468399746809154,,2024,bat,2B/OF
21535,Connor Kaiser,2B,0.25,0.7788899430539459,KCR,2024,bat,2B
sa3014941,Brett Auerbach,2B,0.25,0.6716900320956483,,2024,bat,2B
sa1170749,Chandler Redmond,1B,0.25,0.8781500432174653,,2024,bat,1B
3298,Charlie Culberson,3B/OF,0.25,0.749829962849617,,2024,bat,3B/OF
sa917068,Daniel Montano,OF,0.25,0.7829800241161138,,2024,bat,OF
sa3020199,Cade Hunter,C,0.25,0.5978799516335129,CIN,2024,bat,C
sa3005795,Pedro Martinez,SS,0.25,0.6293899643933398,,2024,bat,SS
sa3020268,Josh Hood,3B/SS,0.25,0.5820300152292476,SEA,2024,bat,3B/SS
sa3004163,Tyreque Reed,1B,0.25,0.9043100000591948,BOS,2024,bat,1B
sa3020352,Bryce Willits,1B/3B,0.25,0.6437900017248466,,2024,bat,1B/3B
12944,Sócrates Brito,OF,0.25,0.8624599897768347,,2024,bat,OF
sa3005235,Jimmy Kerrigan,OF,0.25,0.823620025627315,,2024,bat,OF
sa736924,Luis Alejandro Basabe,2B,0.25,0.6591399560682474,,2024,bat,2B
16839,Braxton Lee,OF,0.25,0.743320002220571,,2024,bat,OF
sa873982,Nick Banks,OF,0.25,0.795950008649379,,2024,bat,OF
sa3020205,Jalen Battles,2B,0.25,0.6081899736309423,TBR,2024,bat,2B
sa877337,Gilbert Lara,3B/SS,0.25,0.6003200204810126,,2024,bat,3B/SS
sa3017045,Wes Clarke,C/1B,0.25,0.9231200317735784,,2024,bat,C/1B
sa917182,Eduardo Diaz,OF,0.25,0.8152899810113011,,2024,bat,OF
sa3020278,Tatem Levins,C,0.25,0.47707999094855025,TBR,2024,bat,C
sa915700,Michael Gigliotti,OF,0.25,0.7654999874765053,,2024,bat,OF
3269,Robinson Canó,2B,0.25,0.7545800036285072,,2024,bat,2B
sa3006858,Jonathan Engelmann,1B/OF,0.25,0.7954000128898769,,2024,bat,1B/OF
sa1170296,Toby Welk,1B/3B,0.25,0.7887200436322018,,2024,bat,1B/3B
sa3014886,J.D. Mundy,1B,0.25,0.8762199962511658,,2024,bat,1B
sa1170516,Alex Isola,C/1B,0.25,0.9219799777609294,,2024,bat,C/1B
sa3010028,Christian Cairo,2B/3B,0.25,0.5997299605747685,PHI,2024,bat,2B/3B
11470,Tony Wolters,C,0.25,0.681080000894144,,2024,bat,C
sa3005549,Nelson Medina,OF,0.25,0.7759599880781024,,2024,bat,OF
18690,Nick Plummer,DH/OF,0.25,0.9155399706680327,,2024,bat,DH/OF
sa927338,Fabricio Macias,OF,0.25,0.8337499327957629,,2024,bat,OF
sa3007637,Scott Schreiber,1B/OF,0.25,0.8767799974884836,,2024,bat,1B/OF
4062,Dexter Fowler,OF,0.25,0.8701199963456019,,2024,bat,OF
15214,Brandon Dixon,1B/OF,0.25,0.8918099975213409,,2024,bat,1B/OF
18899,Lucius Fox,3B/SS,0.25,0.6491799633717165,,2024,bat,3B/SS
25855,Matt Gorski,1B/OF,0.25,0.8471699454821646,LAD,2024,bat,1B/OF
14885,Pat Valaika,2B/SS,0.25,0.6987499679438768,,2024,bat,2B/SS
sa599531,Drew Stankiewicz,2B,0.25,0.6816799693740904,,2024,bat,2B
31394,Brooks Baldwin,OF,0.25,0.6664199588354676,CHW,2024,bat,OF
sa3004885,Mason Martin,1B,0.25,0.8900800165720283,,2024,bat,1B
sa3018376,Ben Norman,OF,0.25,0.789659991231747,,2024,bat,OF
17975,Scott Kingery,SS/OF,0.25,0.7456899810582399,CHC,2024,bat,SS/OF
sa738419,Stephen Wrenn,OF,0.25,0.7898300156462936,,2024,bat,OF
sa548183,Josh Sale,OF,0.25,0.7894000156316906,,2024,bat,OF
sa3007050,Mateo Gil,3B/SS,0.25,0.6499999404652043,,2024,bat,3B/SS
sa3017215,Quincy Hamilton,OF,0.25,0.8985500611830501,,2024,bat,OF
sa3008768,Dayan Frias,3B,0.25,0.6148900310043247,CLE,2024,bat,3B
27459,Yoshi Tsutsugo,1B/DH/OF,0.23999999463558197,0.8752799847861751,,2024,bat,1B/DH/OF
sa3004149,Agustin Ruiz,OF,0.25,0.7945700637530534,,2024,bat,OF
sa3011821,Willy Vasquez,3B,0.25,0.6153000282356517,BAL,2024,bat,3B
sa3010161,Chris Givin,2B/SS,0.25,0.6362200196133926,,2024,bat,2B/SS
sa3007057,Jayce Easley,2B/OF,0.25,0.5863599857781081,,2024,bat,2B/OF
sa3015168,Deyvison De Los Santos,1B/3B,0.25,0.9006000201683491,MIA,2024,bat,1B/3B
sa3015723,Gabriel Gonzalez,OF,0.25,0.7797699685906989,MIN,2024,bat,OF
sa3022444,Mac McCroskey,2B/SS,0.25,0.6309199672192335,LAA,2024,bat,2B/SS
13367,Stephen Piscotty,OF,0.23999999463558197,0.8084599967231042,,2024,bat,OF
sa3020085,Dylan Rock,OF,0.25,0.7731600164202971,,2024,bat,OF
sa3004979,Eddy Diaz,2B/SS,0.25,0.640749985561706,,2024,bat,2B/SS
sa3003959,Cullen Large,3B/OF,0.25,0.8391599765513091,,2024,bat,3B/OF
25476,Cam Eden,DH/OF,0.25,0.773559954552911,,2024,bat,DH/OF
sa3002712,Axel Andueza,C/1B,0.25,0.5131600422551855,,2024,bat,C/1B
sa829199,Roberto Ramos,1B,0.25,0.8901999429333954,,2024,bat,1B
21794,Sherten Apostel,1B/3B,0.25,0.8409099626820534,,2024,bat,1B/3B
sa3020115,Josh Hatcher,1B/OF,0.25,0.8540800028014928,,2024,bat,1B/OF
12294,Cory Spangenberg,2B/3B,0.25,0.7139300322625785,,2024,bat,2B/3B
sa3011264,Drew Campbell,OF,0.25,0.8001599973998963,,2024,bat,OF
sa3017734,Jake Fox,OF,0.25,0.6061199956340716,CLE,2024,bat,OF
sa3019907,Taylor Young,2B/3B,0.25,0.6374400016386061,LAD,2024,bat,2B/3B
sa3017111,Dillan Shrum,1B,0.25,0.8524500062456354,,2024,bat,1B
18425,Trey Amburgey,OF,0.25,0.8324700160417704,,2024,bat,OF
sa3011259,Logan Wyatt,1B,0.25,0.8302999671082942,,2024,bat,1B
sa3008146,Matt Pita,2B/OF,0.25,0.790819987328723,,2024,bat,2B/OF
sa3010886,Daniel Mateo,OF,0.25,0.6512700589373706,,2024,bat,OF
sa3007054,Andrew Moritz,OF,0.25,0.773029942670837,,2024,bat,OF
sa3004972,Imanol Vargas,1B,0.25,0.8577500498853624,,2024,bat,1B
sa3008807,Elio Prado,OF,0.25,0.6117500233696773,,2024,bat,OF
sa3020353,Ben Ross,SS,0.25,0.6483199935173616,MIN,2024,bat,SS
31583,Zach Cole,OF,0.25,0.6450999894645065,HOU,2024,bat,OF
sa3007046,Jameson Hannah,OF,0.25,0.9180499714799226,,2024,bat,OF
sa3011267,Jase Bowen,OF,0.25,0.6974400193896144,SDP,2024,bat,OF
sa3007975,Ezequiel Pagan,OF,0.25,0.7641399978892877,,2024,bat,OF
sa3008877,Euribiel Angeles,2B/SS,0.25,0.5936499783070758,OAK,2024,bat,2B/SS
sa1169773,LJ Talley,1B/2B,0.25,0.833960004011169,,2024,bat,1B/2B
14938,Jack Reinheimer,3B/SS/OF,0.25,0.5769500445574521,,2024,bat,3B/SS/OF
sa3007044,Greyson Jenista,OF,0.25,0.7996199866756797,,2024,bat,OF
sa3003218,Daniel Ozoria,2B/SS,0.25,0.6380200280342251,MIN,2024,bat,2B/SS
sa3019922,Jack Brannigan,3B/SS,0.25,0.6878199752885849,PIT,2024,bat,3B/SS
sa3010901,Zade Richardson,C,0.25,0.5071400607004761,,2024,bat,C
sa3016830,Cole Cummings,1B/OF,0.25,0.7530099632451311,,2024,bat,1B/OF
17807,Drew Jackson,OF,0.25,0.7805800146888942,,2024,bat,OF
sa3020008,Blake Rambusch,2B/OF,0.25,0.5432999943848698,SEA,2024,bat,2B/OF
26148,Tristin English,1B,0.25,0.8725299925426953,ATL,2024,bat,1B
13369,Erik González,3B/SS,0.25,0.7324299547588451,,2024,bat,3B/SS
sa3015525,Ronald Rosario,C,0.25,0.5263300402555614,BOS,2024,bat,C
sa3017660,Anthony Vilar,C,0.25,0.4650700359605253,SDP,2024,bat,C
sa3004726,Chris Sharpe,OF,0.25,0.7831399386748671,ATL,2024,bat,OF
sa3020121,Tres Gonzalez,OF,0.25,0.7785999735700896,PIT,2024,bat,OF
sa918408,Todd Lott,1B/OF,0.25,0.7826299562817438,,2024,bat,1B/OF
sa876363,Dalton Kelly,1B,0.25,0.8524700057925657,,2024,bat,1B
sa3020221,Bryan Rincon,SS,0.25,0.5921199418371544,PHI,2024,bat,SS
sa3014707,Aeverson Arteaga,SS,0.25,0.5756700053811074,SFG,2024,bat,SS
27482,Robert Hassell III,OF,0.25,0.7746000465238465,WSN,2024,bat,OF
sa828331,Jose Gomez,2B/3B/SS,0.25,0.6328600525390355,,2024,bat,2B/3B/SS
25629,Cody Freeman,2B,0.25,0.6144699653610587,TEX,2024,bat,2B
sa3005541,Luis Toribio,1B/3B,0.25,0.6367199953878299,,2024,bat,1B/3B
15983,Clint Frazier,OF,0.23999999463558197,0.8414699731394648,,2024,bat,OF
sa3011445,Marcus Lee Sang,OF,0.25,0.7997800102457403,TEX,2024,bat,OF
sa3008901,Dariel Lopez,3B/SS,0.25,0.638330009463243,,2024,bat,3B/SS
sa881850,Ronaldo Hernández,C,0.25,0.9415700413053855,,2024,bat,C
13546,Roman Quinn,OF,0.23999999463558197,0.8494099892210216,COL,2024,bat,OF
sa3010017,Tyler Osik,1B,0.25,0.8378299846313894,,2024,bat,1B
sa3019965,Bill Knight,OF,0.25,0.5729399924399331,SEA,2024,bat,OF
sa916848,Franklin Labour,OF,0.25,0.7715599955292418,,2024,bat,OF
17326,Cole Tucker,SS/OF,0.25,0.7237800533883272,,2024,bat,SS/OF
sa3018514,Luis Lara,OF,0.25,0.6353999983984976,MIL,2024,bat,OF
5491,Austin Romine,C,0.25999999046325684,0.636350055364892,,2024,bat,C
sa3006713,Cole Daily,2B/3B,0.25,0.6132799791172147,,2024,bat,2B/3B
sa3017407,Austin Callahan,3B,0.25,0.712519966624677,CIN,2024,bat,3B
sa657521,Angelo Castellano,3B/SS,0.25,0.8115700120571999,,2024,bat,3B/SS
sa3017221,Adam Zebrowski,C,0.25,0.517809973959811,ATL,2024,bat,C
sa3016722,Carlos Jorge,2B/OF,0.25,0.7039399633184075,CIN,2024,bat,2B/OF
sa3005555,Victor Planchart,C,0.25,0.48713996724691233,,2024,bat,C
sa3003291,Francisco Acuna,SS,0.25,0.5884500541491432,SDP,2024,bat,SS
sa3014944,Francisco Urbaez,2B,0.25,0.8747600042261182,CIN,2024,bat,2B
sa3016859,James Parker,3B/SS,0.25,0.49841000771848476,,2024,bat,3B/SS
sa3010048,Ashton Creal,OF,0.25,0.6346300074364989,,2024,bat,OF
sa3020196,Cade Doughty,2B/3B/SS,0.25,0.6252499647904186,TOR,2024,bat,2B/3B/SS
11982,Travis Shaw,3B,0.25,0.8702400208916514,BOS,2024,bat,3B
sa918694,Ben Ruta,OF,0.25,0.7683800181839615,,2024,bat,OF
14453,Scott Heineman,OF,0.25,0.757610028097406,,2024,bat,OF
sa3004932,Lamar Sparks,OF,0.25,0.7719900013878941,,2024,bat,OF
sa3017396,Jose Torres,SS,0.25,0.6423300087684763,COL,2024,bat,SS
16192,Derek Fisher,OF,0.25,0.8332299861591309,,2024,bat,OF
sa922180,Alfredo Rodriguez,SS,0.25,0.6271900283638387,,2024,bat,SS
sa3016854,Tanner Allen,OF,0.25,0.7907400079537183,,2024,bat,OF
17719,Steven Duggar,OF,0.25,0.689529999019578,,2024,bat,OF
sa3022499,Brock Wilken,3B,0.25,0.6420700413174927,MIL,2024,bat,3B
sa3007501,Jonah Davis,OF,0.25,0.6390600034501404,,2024,bat,OF
sa3003955,Ernie De La Trinidad,OF,0.25,0.7668300108518451,,2024,bat,OF
sa3003282,Abiezel Ramirez,2B/SS,0.25,0.6289599898271261,,2024,bat,2B/SS
sa3006685,Ian Dawkins,OF,0.25,0.7650699862977489,,2024,bat,OF
sa3017555,Will Frizzell,1B,0.25,0.9090899412054567,,2024,bat,1B
sa918840,Craig Dedelow,OF,0.25,0.7644100098172202,,2024,bat,OF
15905,Luis Torrens,C,0.25,0.8999999817227944,NYM,2024,bat,C
15082,Adam Engel,OF,0.25,0.72703000982292,,2024,bat,OF
12775,Brad Miller,SS,0.25,0.9168899826705454,,2024,bat,SS
sa3004242,Chad Spanberger,1B/OF,0.25,0.7829799690749495,,2024,bat,1B/OF
sa829382,K.J. Harrison,1B,0.25,0.8532900237012654,,2024,bat,1B
sa1169878,Brandon Parker,OF,0.25,0.7777600414818152,,2024,bat,OF
sa872551,Leobaldo Cabrera,OF,0.25,0.7770100375637411,,2024,bat,OF
17478,Troy Stokes Jr.,OF,0.25,0.7966099429875613,,2024,bat,OF
29614,Chad Stevens,2B/3B,0.25,0.6120699980761857,COL,2024,bat,2B/3B
sa3017329,Ethan Wilson,OF,0.25,0.8146299642510711,,2024,bat,OF
sa857840,Kyle Holder,SS,0.25,0.6229399705305695,,2024,bat,SS
sa3017176,Collin Burns,2B/SS,0.25,0.597369952313602,,2024,bat,2B/SS
sa3006670,Niko Decolati,OF,0.25,0.891620076773688,,2024,bat,OF
sa3007743,Grant Lavigne,1B,0.25,0.9704800108913331,,2024,bat,1B
sa3009866,Evan Edwards,1B,0.25,0.8345100252889096,,2024,bat,1B
sa3006678,Manny Rodriguez,SS,0.25,0.571640027523972,,2024,bat,SS
sa3006735,Justin Toerner,OF,0.25,0.738420024793595,,2024,bat,OF
sa3005373,Braxton Martinez,1B/3B,0.25,0.8262399348430337,,2024,bat,1B/3B
sa3019986,Luke Gold,1B,0.25,0.6084599759196861,,2024,bat,1B
sa3016920,Gabe Matthews,1B,0.25,0.8106900064158252,,2024,bat,1B
sa3004382,José Sánchez,3B/SS,0.25,0.6068099804688244,,2024,bat,3B/SS
25980,Matthew Lugo,OF,0.25,0.7908000038936733,LAA,2024,bat,OF
sa3007326,Gionti Turner,2B/OF,0.25,0.5629600391723214,,2024,bat,2B/OF
sa3015178,Wilfred Veras,OF,0.25,0.917449978343211,CHW,2024,bat,OF
sa658576,Jameson Fisher,1B/OF,0.25,0.8337799684610219,,2024,bat,1B/OF
sa3022672,Yohandy Morales,1B/3B,0.25,0.6353399851592259,WSN,2024,bat,1B/3B
sa3020013,Beau Brewer,2B/3B,0.25,0.5749699826352298,,2024,bat,2B/3B
sa3019577,Andy Atwood,2B/SS,0.25,0.6205799364484846,,2024,bat,2B/SS
sa738930,Taylor Snyder,3B/SS,0.25,0.6358300016960129,,2024,bat,3B/SS
sa3022887,LuJames Groover,3B,0.25,0.6521400463767348,ARI,2024,bat,3B
24597,Jonathan Ornelas,3B/SS,3.240000009536743,10.13697063922882,NYY,2024,bat,3B/SS
sa736852,Aldrem Corredor,1B/OF,0.25,0.8501000248827039,,2024,bat,1B/OF
28824,Samuel Basallo,C,0.25,0.8804900074377656,BAL,2024,bat,C
sa3004157,Cody Bohanek,2B/3B/SS,0.25,0.6018500399077311,,2024,bat,2B/3B/SS
29573,Billy Cook,1B/OF,0.25,0.8221800069324672,PIT,2024,bat,1B/OF
sa3019994,Cameron Masterman,OF,0.25,0.7113099815789611,,2024,bat,OF
sa3017561,Kyler Fedko,OF,0.25,0.7250700269592926,MIN,2024,bat,OF
sa3016959,Caleb Roberts,C/OF,0.25,0.9129300385713577,ARI,2024,bat,C/OF
sa3020416,Jacob Reimer,3B,0.25,0.5821600474533624,NYM,2024,bat,3B
sa3016858,Charlie Welch,C,0.25,0.47463999624596903,,2024,bat,C
sa3020642,Joe Lampe,OF,0.25,0.5812500240281223,CLE,2024,bat,OF
sa3018421,Nelson Rada,OF,0.25,0.6016600037924945,LAA,2024,bat,OF
18316,Edwin Rios,1B/3B/DH,0.23999999463558197,0.9069399903179147,,2024,bat,1B/3B/DH
19967,Ryan Aguilar,OF,0.25,0.7604899599449708,,2024,bat,OF
sa3005551,Rainer Nunez,1B,0.25,0.8191900072852148,,2024,bat,1B
sa3017118,River Town,OF,0.25,0.7470999621320514,,2024,bat,OF
sa596287,Wilson Garcia,1B,0.25,0.928619985631667,,2024,bat,1B
16885,Joshua Fuentes,1B/3B,0.25,0.6824700410943477,,2024,bat,1B/3B
sa657706,Santiago Chávez,C,0.25,0.4703799959504976,,2024,bat,C
sa3010853,Branden Fryman,2B/SS,0.25,0.5641600097063927,,2024,bat,2B/SS
sa3017080,Cal Conley,2B/SS,0.25,0.643719987431541,ATL,2024,bat,2B/SS
17642,JT Riddle,SS,0.25,0.6668000346515327,,2024,bat,SS
sa3020239,Ryan Wrobleski,C/1B,0.25,0.4730699550593272,,2024,bat,C/1B
sa3016919,Mack Chambers,SS,0.25,0.549689981318079,,2024,bat,SS
sa3020090,Jorel Ortega,2B/3B,0.25,0.6067999915219843,MIN,2024,bat,2B/3B
sa3020126,Ryan Clifford,1B/OF,0.25,0.7361000134842469,NYM,2024,bat,1B/OF
sa3011156,James Free,C/1B,0.25,0.8901400183094664,,2024,bat,C/1B
sa3017044,Alex Binelas,1B/3B,0.25,0.880160021292977,PHI,2024,bat,1B/3B
sa1170874,Dylan Shockley,C,0.25,0.4961699838517233,,2024,bat,C
sa3020276,Murphy Stehly,3B,0.25,0.6298400401603429,WSN,2024,bat,3B
sa3020943,Turner Hill,OF,0.25,0.5968499841634183,SFG,2024,bat,OF
sa917074,Pedro Castellanos,1B/OF,0.25,0.8272300469223409,,2024,bat,1B/OF
2539,Pete Kozma,SS,0.25,0.6117400006391107,,2024,bat,SS
sa3005479,Cesar Idrogo,OF,0.25,0.8550800192169845,,2024,bat,OF
1744,Miguel Cabrera,1B/3B,0.23999999463558197,0.9083900249330327,,2024,bat,1B/3B
sa3014837,Sheng-Ping Chen,2B/SS,0.25,0.6341699624434114,,2024,bat,2B/SS
sa3020498,Xavier Isaac,1B,0.25,0.7778899834258481,TBR,2024,bat,1B
sa3008942,Geraldo Quintero,2B/OF,0.25,0.6177500248886645,ATL,2024,bat,2B/OF
sa3019893,Keshawn Ogans,3B,0.25,0.6184999714139847,ATL,2024,bat,3B
sa829494,Michael Cantu,C,0.25,0.46990003429818894,,2024,bat,C
sa3017282,Vaun Brown,OF,0.25,0.8915600391104817,,2024,bat,OF
sa738152,Edwin Díaz,3B/SS,0.25,0.666300045279786,HOU,2024,bat,3B/SS
sa3011308,Thomas Dillard,1B,0.25,0.8220899573294445,,2024,bat,1B
sa3004506,Matt Winaker,1B/OF,0.25,0.780730040743947,,2024,bat,1B/OF
sa3005544,Neyfy Castillo,OF,0.25,0.858809983357787,,2024,bat,OF
sa3005233,LJ Hatch,2B/SS,0.25,0.6160600311821326,,2024,bat,2B/SS
sa3016835,Raudelis Martinez,C/1B,0.25,0.4146199726266786,BOS,2024,bat,C/1B
16221,Bradley Zimmer,OF,0.23999999463558197,0.685240038507618,,2024,bat,OF
27781,Pedro León,OF,3.240000009536743,10.097319599986076,PHI,2024,bat,OF
sa3017160,Nic Kent,2B/SS,0.25,0.7531299812719224,COL,2024,bat,2B/SS
sa3015834,Pedro Ramirez,2B/3B,0.25,0.594919970910996,CHC,2024,bat,2B/3B
sa3020717,Geisel Cepeda,OF,0.25,0.6988199738319962,,2024,bat,OF
sa1115804,Shane Selman,OF,0.25,0.7486600695876404,,2024,bat,OF
17839,Luis Alexander Basabe,OF,0.25,0.7620200044941157,,2024,bat,OF
sa1170316,Jake Means,3B,0.25,0.6096600119490176,,2024,bat,3B
sa3002670,Justin Lopez,2B/SS,0.25,0.5497699722647666,,2024,bat,2B/SS
11155,Elliot Soto,2B/SS,0.25,0.6197700473014265,,2024,bat,2B/SS
sa3004882,Bryant Quijada,C/1B,0.25,0.44877992204856126,,2024,bat,C/1B
sa875352,Brantley Bell,2B/3B,0.25,0.6089599927654491,,2024,bat,2B/3B
sa658608,Rhett Wiseman,OF,0.25,0.7670700158458202,,2024,bat,OF
sa3005712,Dalvy Rosario,OF,0.25,0.6374999853782356,,2024,bat,OF
sa872765,Omar Meregildo,1B/3B,0.25,0.8240599850192666,,2024,bat,1B/3B
sa3003377,José Alvarez,C/OF,0.25,0.7167599828913808,,2024,bat,C/OF
sa920180,Jhailyn Ortiz,OF,0.25,0.8134499963372945,,2024,bat,OF
25844,Logan Davidson,1B,0.25,0.6743200544966386,TBR,2024,bat,1B
22707,Gustavo Campero,OF,0.25,0.7513299546437336,LAA,2024,bat,OF
sa917075,Yeison Coca,2B/SS,0.25,0.5932099864119664,,2024,bat,2B/SS
sa3003437,Yoel Yanqui,1B,0.25,0.8092799672391265,,2024,bat,1B
sa3005181,D.J. Stewart,1B/3B,0.25,0.6508300264598801,PHI,2024,bat,1B/3B
sa3019982,Kody Huff,C,0.25,0.43154998624231666,CLE,2024,bat,C
sa3017664,Kenny Piper,C,0.25,0.8255700161680579,TBR,2024,bat,C
sa3017332,Braiden Ward,OF,0.25,0.7374100039480254,BOS,2024,bat,OF
sa3004383,Ricardo Méndez,OF,0.25,0.6080999684520065,,2024,bat,OF
sa736830,Michael De La Cruz,C,0.25,0.7758499845396727,,2024,bat,C
20165,J.J. Matijevic,1B/DH,0.25,0.891000028233975,,2024,bat,1B/DH
sa3020190,Brock Jones,OF,0.25,0.5630999420769512,TBR,2024,bat,OF
19170,Corey Ray,OF,0.25,0.7980600142851472,,2024,bat,OF
sa3017901,Mikey Perez,2B,0.25,0.6031100026797501,,2024,bat,2B
18497,ByungHo Park,1B/DH,0.25,0.8404900078545324,,2024,bat,1B/DH
sa3020881,Ethan Salas,C,0.25,0.447219999495428,SDP,2024,bat,C
sa3014530,Jordan Nwogu,OF,0.25,0.7494500230066478,CHC,2024,bat,OF
sa3007874,Wilderd Patiño,OF,0.25,0.6211900217458607,,2024,bat,OF
26143,Troy Johnston,1B/OF,16.200000762939453,68.40045031011104,COL,2024,bat,1B/OF
sa3017112,Parker Bates,OF,0.25,0.7386000082828104,,2024,bat,OF
sa3006867,Kendall Simmons,2B/3B,0.25,0.638890050491318,,2024,bat,2B/3B
sa3002635,Geraldi Diaz,C,0.25,0.466120007354766,,2024,bat,C
sa549926,D.J. Peterson,1B/3B,0.25,0.8175200063269585,,2024,bat,1B/3B
sa3010590,Bryant Packard,OF,0.25,0.8795200054068117,,2024,bat,OF
sa3014424,Baron Radcliff,OF,0.25,0.7706600017147138,,2024,bat,OF
sa3006622,Eduardo Valencia,C/1B,0.25,0.4513299870537593,DET,2024,bat,C/1B
sa3022828,Dustin Dickerson,SS,0.25,0.5322899843100458,KCR,2024,bat,SS
sa3016852,Max Wright,C,0.25,0.4543500035535544,,2024,bat,C
19938,Aaron Whitefield,OF,0.25,0.7052299863193182,,2024,bat,OF
sa738683,Michael Reed,OF,0.25,0.6972399996593593,,2024,bat,OF
sa3017605,Andres Sosa,C,0.25,0.7483299415325745,,2024,bat,C
sa3015601,Axel Sanchez,SS,0.25,0.45923995431512593,SEA,2024,bat,SS
sa3016828,Colton Bender,C,0.25,0.4226199945434927,,2024,bat,C
16263,Sam Travis,1B/OF,0.25,0.7977900344645604,,2024,bat,1B/OF
sa829837,Scott Manea,C,0.25,0.7724800667958333,,2024,bat,C
19250,Trent Giambrone,2B,0.25,0.6358500291360542,,2024,bat,2B
sa3010025,Joe Naranjo,1B,0.25,0.7467199682490899,,2024,bat,1B
sa875884,Delvin Zinn,2B/SS,0.25,0.5861200420418754,,2024,bat,2B/SS
13663,Jack López,2B,0.25,0.6603900154586879,,2024,bat,2B
11339,Jake Marisnick,OF,3.240000009536743,11.187500008940695,,2024,bat,OF
13012,John Andreoli,OF,0.25,0.7240900144912302,,2024,bat,OF
sa3019985,Gavin Cross,OF,0.25,0.6233100353740155,KCR,2024,bat,OF
23788,Jordyn Adams,OF,0.25,0.7699500115588306,MIL,2024,bat,OF
sa3007826,Nick Meyer,C,0.25,0.7190000042784959,,2024,bat,C
sa3014549,Zavier Warren,1B/3B,0.25,0.8034699551528318,CIN,2024,bat,1B/3B
sa3010876,William Lugo,3B/SS,0.25,0.569870052463375,PIT,2024,bat,3B/SS
sa3018098,Brady Allen,OF,0.25,0.7021599269937723,,2024,bat,OF
11863,Yadiel Rivera,3B/SS,0.25,0.6997300177346913,,2024,bat,3B/SS
sa3005744,Junior Perez,OF,0.25,0.5468799988972023,OAK,2024,bat,OF
sa915575,Devin Hairston,2B/SS,0.25,0.5191599300829693,,2024,bat,2B/SS
sa3017283,CJ Rodriguez,C,0.25,0.38806995151098816,OAK,2024,bat,C
17689,Kevin Kramer,2B/3B/OF,0.25,0.7756999954581261,,2024,bat,2B/3B/OF
sa3006911,Eric De La Rosa,OF,0.25,0.7184300068300217,,2024,bat,OF
sa3010602,Hunter Markwardt,OF,0.25,0.7221300203353167,,2024,bat,OF
16098,Taylor Gushue,C/1B,0.25,0.7758999751880764,,2024,bat,C/1B
sa3015873,Jorge Ruiz,OF,0.25,0.584039959241636,LAA,2024,bat,OF
13658,Terrance Gore,DH/OF,0.23999999463558197,0.6981799742672591,NYM,2024,bat,DH/OF
sa3005586,Jommer Hernandez,C,0.25,0.4214699980686418,,2024,bat,C
sa3015107,TT Bowens,1B,0.25,0.7584600030444562,BAL,2024,bat,1B
sa3009551,Ronaldo Flores,C,0.25,0.4534800022956915,,2024,bat,C
sa857823,Preston Palmeiro,1B,0.25,0.7080999862402677,,2024,bat,1B
sa3004691,Jacob Gonzalez,1B/3B,0.25,0.7892000367632136,,2024,bat,1B/3B
sa3010334,Ashton McGee,1B,0.25,0.7842200090643018,,2024,bat,1B
sa3010162,Joshua Mears,OF,0.25,0.7207600034307688,SDP,2024,bat,OF
sa3014494,Aaron Sabato,1B,0.25,0.7868699708720668,MIN,2024,bat,1B
sa3015015,Alex McGarry,1B,0.25,0.8870999647304416,,2024,bat,1B
sa3017512,Noah Miller,SS,0.25,0.5136499395361169,LAD,2024,bat,SS
sa3011265,Bryan Arias,1B/OF,0.25,0.758079969487153,,2024,bat,1B/OF
sa3017513,Kahlil Watson,SS/OF,0.25,0.5652600754168815,CLE,2024,bat,SS/OF
sa3014884,Landon Stephens,OF,0.25,0.7429500259808264,,2024,bat,OF
5384,Juan Lagares,OF,0.25,0.7641299996525047,,2024,bat,OF
sa3005037,PK Morris,1B,0.25,0.7811900389147922,,2024,bat,1B
sa3007629,Patrick Dorrian,3B,0.25,0.8061799900606275,,2024,bat,3B
sa3010713,Luis Guerrero,2B/OF,0.25,0.5815299309324473,,2024,bat,2B/OF
sa3011224,Antoine Duplantis,OF,0.25,0.6942599998088552,,2024,bat,OF
sa3016950,Ben Ramirez,3B,0.25,0.5057200254290364,,2024,bat,3B
sa3016810,Konner Piotto,C/1B,0.25,0.4139300157083198,,2024,bat,C/1B
sa3015665,Omar Alfonzo,C,0.25,0.466770006204024,PIT,2024,bat,C
sa829481,Tyler Hill,OF,0.25,0.8589400102850049,,2024,bat,OF
25005,Justin Dean,OF,0.25,0.7167400173842906,CHC,2024,bat,OF
sa962601,Yasel Antuna,SS/OF,0.25,0.6912800426362082,,2024,bat,SS/OF
sa3002865,Gilberto Vizcarra,C,0.25,0.43020001242402933,,2024,bat,C
sa3008003,Alex McKenna,OF,0.25,0.7014000650960951,,2024,bat,OF
sa3008746,Antonio Gomez,C,0.25,0.41761003304272887,NYY,2024,bat,C
sa3017163,Wyatt Hendrie,C,0.25,0.4688900175504386,PIT,2024,bat,C
sa3020125,Tommy Sacco Jr.,SS,0.25,0.5504600163316353,HOU,2024,bat,SS
sa3017395,Justice Thompson,OF,0.25,0.6434400463243946,,2024,bat,OF
sa3019991,Caeden Trenkle,OF,0.25,0.7981600242666899,,2024,bat,OF
13608,Mallex Smith,OF,0.25,0.7373799950815735,,2024,bat,OF
sa3022561,Tommy Troy,2B/SS,0.25,0.5431799930520356,ARI,2024,bat,2B/SS
sa3011717,Dasan Brown,OF,0.25,0.5582699589431285,MIL,2024,bat,OF
sa1170451,Bryce Ball,1B,0.25,0.8086799489799887,,2024,bat,1B
sa3007513,Ramon Mendoza,2B/3B,0.25,0.5561799790943042,STL,2024,bat,2B/3B
sa3010023,Jairo Pomares,OF,0.25,0.7136599908117203,,2024,bat,OF
sa829082,Nick Tanielu,3B,0.25,0.7853100222535431,,2024,bat,3B
sa3002862,Ismael Alcantara,OF,0.25,0.7149399883579461,,2024,bat,OF
sa3010603,Jesus Ordonez,C,0.25,0.589699997100979,,2024,bat,C
sa3020271,Maxwell Romero Jr.,C,0.25,0.4473900344106369,WSN,2024,bat,C
sa3014938,Adam Kerner,C,0.25,0.44164000726304936,,2024,bat,C
sa3006711,Gage Canning,OF,0.25,0.7111099892761557,,2024,bat,OF
sa3006428,Ramses Malave,C/1B,0.25,0.44624998446088276,,2024,bat,C/1B
sa3007307,Brian Rey,2B/OF,0.25,0.83971997522749,,2024,bat,2B/OF
sa3015828,Héctor Rodríguez,OF,0.25,0.7949600308202207,CIN,2024,bat,OF
sa659290,David Thompson,3B,0.25,0.7981999840121716,,2024,bat,3B
sa3016719,Edward Duran,C,0.25,0.40799995448905974,TOR,2024,bat,C
sa3018912,Andrew Miller,C,0.25,0.3604700079653412,,2024,bat,C
sa917127,Jonathan Guzmán,SS,0.25,0.5336799347773193,,2024,bat,SS
sa3020351,Matt Suggs,C,0.25,0.4637999611906707,WSN,2024,bat,C
sa3020244,Ryan McCarty,2B/3B,0.25,0.5537600302835926,TOR,2024,bat,2B/3B
sa3004031,Alex Destino,OF,0.25,0.7718900001142175,,2024,bat,OF
sa3017397,Brenden Dixon,1B/3B,0.25,0.6078400583704934,,2024,bat,1B/3B
sa917118,Wilmer Reyes,2B/SS,0.25,0.5150700111873447,,2024,bat,2B/SS
17307,Luis Liberato,DH/OF,0.25,0.86566997570917,,2024,bat,DH/OF
sa3017661,Logan Cerny,OF,0.25,0.5739300317596643,,2024,bat,OF
sa3009330,Frank Rodriguez,C,0.25,0.4591699776472523,LAD,2024,bat,C
sa3018001,Zac Fascia,C,0.25,0.40583999906666574,,2024,bat,C
sa3005240,Walking Cabrera,OF,0.25,0.5796799955656752,,2024,bat,OF
sa739597,Wendell Rijo,2B,0.25,0.8431100331945344,,2024,bat,2B
sa3016641,Robert Lopez,C,0.25,0.41151006048312405,,2024,bat,C
sa3016144,Diego Velasquez,2B/SS,0.25,0.5512399649713188,SFG,2024,bat,2B/SS
13795,Eric Stamets,SS,0.25,0.5995299281086772,,2024,bat,SS
sa3015292,Jose Devers,SS,0.25,0.4829699712572618,CLE,2024,bat,SS
sa3017374,Joe Mack,C,0.25,0.44994996583554886,MIA,2024,bat,C
sa3018571,Jefferson Rojas,SS,0.25,0.5039300045231356,CHC,2024,bat,SS
sa3008865,Gabriel Martinez,OF,0.25,0.686650033458136,,2024,bat,OF
sa1169595,Beau Philip,3B/SS,0.25,0.5771799673093481,,2024,bat,3B/SS
sa3010584,Cooper Johnson,C,0.25,0.3922799972118809,TEX,2024,bat,C
sa3004727,Tyler Esplin,OF,0.25,0.764799966290593,,2024,bat,OF
11205,Adam Eaton,OF,0.25,0.7602299749385566,,2024,bat,OF
sa3022159,Jeffrey Wehler,2B/3B,0.25,0.5479099812917411,,2024,bat,2B/3B
19872,Greg Deichmann,OF,0.25,0.7470100341830404,,2024,bat,OF
sa3005928,Richard Paz,C,0.25,0.39569000976625823,,2024,bat,C
2136,David Peralta,OF,4.860000133514404,21.53978081345558,,2024,bat,OF
sa1170340,Terence Doston,OF,0.25,0.8475499857915564,,2024,bat,OF
sa3011737,Jordan Brewer,1B/OF,0.25,0.7527200036682187,,2024,bat,1B/OF
20054,Bligh Madris,1B/OF,0.25,0.8349400107748804,STL,2024,bat,1B/OF
sa3007010,Josh Stowers,OF,0.25,0.715509972302243,,2024,bat,OF
sa3002852,Alexander Campos,2B/3B/SS,0.25,0.4974000373622402,,2024,bat,2B/3B/SS
sa3015700,Jesus Galiz,C,0.25,0.4541700323927215,LAD,2024,bat,C
3892,Josh Reddick,OF,0.25,0.7815099702915176,,2024,bat,OF
17216,Monte Harrison,OF,0.25,0.701399980764836,,2024,bat,OF
sa3007022,Jarryd Dale,2B/SS,0.25,0.463770000799559,,2024,bat,2B/SS
sa3014472,Anthony Servideo,2B/3B/SS,0.25,0.4692900041583925,,2024,bat,2B/3B/SS
sa738667,Torii Hunter Jr.,OF,0.25,0.7026900230441243,,2024,bat,OF
sa3015678,Frank Hernandez,C/OF,0.25,0.4300700492691247,,2024,bat,C/OF
sa3008279,Caleb Knight,C,0.25,0.8028199746273458,,2024,bat,C
17738,Chris Shaw,OF,0.25,0.7445499971974641,,2024,bat,OF
sa3017016,Jacob Teter,1B,0.25,0.7665200430201365,,2024,bat,1B
sa3019974,Brennan Milone,1B,0.25,0.6994800273212605,OAK,2024,bat,1B
sa3017048,Michael Sandle,OF,0.25,0.7062400185503065,,2024,bat,OF
sa3008005,Joe Gray Jr.,OF,0.25,0.5949900385458022,,2024,bat,OF
sa3015698,Danny De Andrade,SS,0.25,0.48431994859129185,MIN,2024,bat,SS
sa917737,Marco Hernandez,C,0.25,0.41724001921247683,,2024,bat,C
sa3014468,Carson Taylor,C/1B,0.25,0.7955099792918189,SEA,2024,bat,C/1B
sa3004142,Chris Seise,3B/SS,0.25,0.5625499807065353,,2024,bat,3B/SS
sa3018123,Dylan Neuse,OF,0.25,0.5408300026319921,,2024,bat,OF
sa1170420,Elvis Peralta,2B/SS,0.25,0.5537899408489466,,2024,bat,2B/SS
sa3017172,Wes Kath,3B,0.25,0.5572499528061597,CHW,2024,bat,3B
sa3004722,Jacob Pearson,OF,0.25,0.6880599915981294,,2024,bat,OF
sa3015187,Junior Tilien,2B/SS,0.25,0.5430499948211945,DET,2024,bat,2B/SS
4418,Jed Lowrie,2B/SS,0.23000000417232513,0.8270799758611247,,2024,bat,2B/SS
sa872817,Yorman Rodriguez,C/1B,0.25,0.837989979679696,,2024,bat,C/1B
sa3005519,Joshwan Wright,2B/3B,0.25,0.4937699993140995,,2024,bat,2B/3B
sa3017171,Ian Moller,C,0.25,0.3783299815026112,TEX,2024,bat,C
sa3008250,Charles Mack,C/3B,0.25,0.4285800654441118,,2024,bat,C/3B
sa3007298,Rixon Wingrove,1B,0.25,0.7725800118176267,,2024,bat,1B
sa3011753,Erick Brito,SS,0.25,0.5062900055432691,PHI,2024,bat,SS
sa3005401,Christian Donahue,2B,0.25,0.5480499738361686,,2024,bat,2B
sa3004968,Tristen Lutz,OF,0.25,0.8249199588317423,,2024,bat,OF
sa3019526,Won-Bin Cho,OF,0.25,0.5431099488167092,STL,2024,bat,OF
sa3016819,Max Ferguson,2B/OF,0.25,0.5629300299799069,BOS,2024,bat,2B/OF
sa3015542,Adrian Pinto,2B,0.25,0.5113099703798071,TOR,2024,bat,2B
20084,J.C. Escarra,C,0.25,0.7979499926324934,NYY,2024,bat,C
sa3014524,Casey Martin,SS,0.25,0.5310500012245029,MIL,2024,bat,SS
sa3016820,Lucas Dunn,3B/OF,0.25,0.524130057520233,,2024,bat,3B/OF
sa3015106,Joe Suozzi,1B/OF,0.25,0.7320100456010549,,2024,bat,1B/OF
31855,Colby Thomas,OF,0.25,0.650559978513047,OAK,2024,bat,OF
sa3022496,Calvin Harris,C,0.25,0.4001200052211061,CHW,2024,bat,C
sa3020191,Gavin Logan,C,0.25,0.42383003619033843,ARI,2024,bat,C
sa3015802,Jadher Areinamo,2B/SS,0.25,0.5553699833108112,TBR,2024,bat,2B/SS
sa3009539,Yohendrick Pinango,OF,0.25,0.6839999925345182,TOR,2024,bat,OF
31357,Nathan Church,OF,0.25,0.6662799511104822,STL,2024,bat,OF
sa3004060,Marcus Chiu,1B,0.25,0.7721000210382044,,2024,bat,1B
sa3018938,Cristofer Torin,2B/SS,0.25,0.4951899504521861,ARI,2024,bat,2B/SS
sa915847,Colton Shaver,1B/3B,0.25,0.7657899997197091,,2024,bat,1B/3B
sa3017123,Wilfredo Lara,3B,0.25,0.5434000214328989,MIA,2024,bat,3B
sa3005730,Yeison Santana,2B/SS,0.25,0.5353900003712625,,2024,bat,2B/SS
sa3006664,Orlando Martinez,OF,0.25,0.8292299709282815,TEX,2024,bat,OF
sa3020201,Kamren James,3B,0.25,0.5141699532279744,TBR,2024,bat,3B
sa3007077,Rusber Estrada,C,0.25,0.43049004531931134,,2024,bat,C
sa829783,Quinn Brodey,OF,0.25,0.6599499582778661,,2024,bat,OF
sa1169950,Aaron Shackelford,1B/2B,0.25,0.7964999911608174,,2024,bat,1B/2B
5497,Marwin Gonzalez,SS,0.25,0.7153200019616635,,2024,bat,SS
sa3022590,Josh Rivera,SS,0.25,0.48412997149862347,TOR,2024,bat,SS
sa3008246,Beau Brundage,OF,0.25,0.5630900011165068,,2024,bat,OF
sa3005507,Gilberto Jimenez,OF,0.25,0.5612299765227362,,2024,bat,OF
sa3015593,Oswaldo Linares,C,0.25,0.369070015125908,SDP,2024,bat,C
sa3015199,Kala'i Rosario,OF,0.25,0.6728400488384068,MIN,2024,bat,OF
sa3015697,Cristian Santana,3B/SS,0.25,0.5082000024383888,DET,2024,bat,3B/SS
14818,JaCoby Jones,OF,0.25,0.7022900043288245,,2024,bat,OF
3711,Eric Thames,1B/OF,0.25,0.8189599673263727,,2024,bat,1B/OF
19710,Ronnie Dawson,DH,0.25,0.8873899893602355,,2024,bat,DH
21922,Sauryn Lao,P,0.25,0.5699999480508268,,2024,bat,P
sa3010582,McCarthy Tatum,3B,0.25,0.6795900333439931,,2024,bat,3B
sa3016967,Austin Murr,1B/OF,0.25,0.6441600116435439,PHI,2024,bat,1B/OF
sa3017373,Kyler Castillo,OF,0.25,0.6772900707786902,,2024,bat,OF
9744,Justin Bour,1B,0.25,0.8088399986736475,,2024,bat,1B
sa3022603,Brett Bateman,OF,0.25,0.5309000058565287,CHC,2024,bat,OF
sa3011446,Jamari Baylor,2B,0.25,0.5309200150659307,,2024,bat,2B
21682,Luis De Los Santos,3B,0.25,0.7184200341347604,,2024,bat,3B
sa3014687,Arol Vera,2B/SS,0.25,0.5337200080743061,LAA,2024,bat,2B/SS
sa3018429,Michael Arroyo,2B/SS,0.25,0.4411400065291672,SEA,2024,bat,2B/SS
sa735825,David Rodríguez,C,0.25,0.8168700031470506,,2024,bat,C
sa3006677,Jacson McGowan,1B,0.25,0.7595999884186311,,2024,bat,1B
sa3014840,L.J. Jones,1B/OF,0.25,0.8145299824653192,,2024,bat,1B/OF
sa3007295,Luis García,2B/SS,0.25,0.45656004415359347,,2024,bat,2B/SS
sa3019891,Kevin Kilpatrick Jr.,OF,0.25,0.5501799611840397,ATL,2024,bat,OF
sa3011629,Jadiel Sanchez,OF,0.25,0.6690000659786165,,2024,bat,OF
sa3008904,Victor Duarte,C,0.25,0.3747100583743304,SDP,2024,bat,C
sa3016952,Channy Ortiz,2B/OF,0.25,0.4610999908065423,,2024,bat,2B/OF
sa3019934,Jacob Burke,OF,0.25,0.6531099959975107,CHW,2024,bat,OF
sa3015706,Angel Genao,SS,0.25,0.5003600161755458,CLE,2024,bat,SS
sa915654,Donovan Casey,OF,0.25,0.6805599778192118,,2024,bat,OF
sa3022480,Homer Bush Jr.,OF,0.25,0.5231099994620309,TBR,2024,bat,OF
sa3002634,Wilmer Perez,C,0.25,0.40291003065649417,,2024,bat,C
sa3006187,Jose Acosta,2B,0.25,0.5624300078256056,,2024,bat,2B
sa3020346,Troy Claunch,C,0.25,0.3920199918793514,,2024,bat,C
sa3003423,Julio Meza,C,0.25,0.4087499818298965,,2024,bat,C
sa3010888,Chad Bell,1B/3B,0.25,0.7995099692838267,NYY,2024,bat,1B/3B
sa3005500,Fabian Pertuz,2B/SS,0.25,0.4769600271945818,,2024,bat,2B/SS
sa3003331,Ghordy Santos,2B/SS,0.25,0.5473200484877452,,2024,bat,2B/SS
sa3011501,T.J. Schofield-Sam,1B/3B,0.25,0.48857994629070156,,2024,bat,1B/3B
sa3009763,Sergio Tapia,C,0.25,0.3843600046122446,DET,2024,bat,C
sa3008929,Jorge Burgos,OF,0.25,0.6254500407958403,TOR,2024,bat,OF
sa3019928,Robert Moore,2B/SS,0.25,0.5638500061118974,PHI,2024,bat,2B/SS
sa3008602,Victor Mesa,OF,0.25,0.6886700276751071,MIA,2024,bat,OF
14446,Hiroyuki Nakajima,SS,0.25,0.8280800439184531,,2024,bat,SS
sa3004285,Dylan Rosa,OF,0.25,0.6813899976899847,,2024,bat,OF
sa3022607,Jay Harry,2B/SS,0.25,0.5150699701625853,TOR,2024,bat,2B/SS
sa3014679,Kevin Made,SS,0.25,0.5346900080563499,WSN,2024,bat,SS
sa3020270,Dalton Shuffield,2B/OF,0.25,0.7891800390556453,,2024,bat,2B/OF
sa3003330,Deury Carrasco,SS,0.25,0.43733000452630216,,2024,bat,SS
5222,Justin Upton,OF,0.25,0.8265700089279562,,2024,bat,OF
sa3018152,Jason Matthews,3B/SS,0.25,0.5096799736842513,CHW,2024,bat,3B/SS
sa3017510,Christian Franklin,OF,0.25,0.6489199921721592,WSN,2024,bat,OF
sa3014690,Jose Salas,2B/SS,0.25,0.46059002578258507,MIN,2024,bat,2B/SS
sa3005515,Alexfri Planez,OF,0.25,0.6652999578742309,,2024,bat,OF
sa3017167,Cameron Cauley,2B/SS,0.25,0.5107200103346257,TEX,2024,bat,2B/SS
sa3008953,Rubel Cespedes,1B/3B,0.25,0.5242599896853788,LAA,2024,bat,1B/3B
sa3022432,Brock Rodden,2B,0.25,0.4471999988658354,SEA,2024,bat,2B
sa3022441,Alberto Rios,C/OF,0.25,0.4034000528510659,LAA,2024,bat,C/OF
sa3020204,Ryan Cermak,OF,0.25,0.4949799687601625,TBR,2024,bat,OF
sa3002703,Jose Curpa,2B/3B,0.25,0.5050900311907753,,2024,bat,2B/3B
sa3004055,Austin Beck,OF,0.25,0.8360999539727344,,2024,bat,OF
sa3010154,Darryl Collins,OF,0.25,0.636549983290024,,2024,bat,OF
sa3011628,Tyler Reichenborn,OF,0.25,0.6491300122346728,,2024,bat,OF
sa3005750,Herard Gonzalez,2B,0.25,0.5101899888832121,,2024,bat,2B
16271,Alex Blandino,2B/3B,0.25,0.7054400466848164,,2024,bat,2B/3B
10199,Billy Hamilton,OF,0.23999999463558197,0.624380036490038,,2024,bat,OF
sa3009872,Quin Cotton,OF,0.25,0.6694399899803101,,2024,bat,OF
sa3017622,Justin Farmer,OF,0.25,0.6469800083199516,,2024,bat,OF
sa3017343,Jared Carr,OF,0.25,0.5107499773148447,,2024,bat,OF
sa3010035,Brandon Lewis,1B/3B,0.25,0.7680399698670953,,2024,bat,1B/3B
9393,Matt Adams,1B,0.25,0.7979899715865031,,2024,bat,1B
sa3016969,Izaac Pacheco,3B,0.25,0.5190399822779,DET,2024,bat,3B
sa3006525,Jose Mujica,C,0.25,0.3395700167398899,OAK,2024,bat,C
sa3017793,Cooper Kinney,2B,0.25,0.47005002542864527,TBR,2024,bat,2B
sa3017166,Juan Gonzalez,C,0.25,0.3683299458120018,CHW,2024,bat,C
sa3020272,Nate Baez,C/1B,0.25,0.37443000539205956,BOS,2024,bat,C/1B
sa3019777,William Bergolla Jr.,2B/SS,0.25,0.5325000116601587,CHW,2024,bat,2B/SS
sa3018244,Christian Sepulveda,1B/3B,0.25,0.5359100256813689,,2024,bat,1B/3B
sa3014826,Scott McKeon,2B/SS,0.25,0.5197400500532239,,2024,bat,2B/SS
sa3016145,Enderso Lira,C,0.25,0.405530025018379,,2024,bat,C
31665,Alex Freeland,2B/3B,0.25,0.5345700104953721,LAD,2024,bat,2B/3B
29995,Daylen Lile,OF,0.25,0.6662199900485574,WSN,2024,bat,OF
sa1159681,Colin Simpson,1B/OF,0.25,0.9420900719007476,,2024,bat,1B/OF
sa3018406,Anthony Gutierrez,OF,0.25,0.4991000088630244,TEX,2024,bat,OF
sa827140,Kyle Overstreet,C/1B,0.25,0.7073800416197628,,2024,bat,C/1B
sa917022,Rubendy Jaquez,2B/3B,0.25,0.5198299525305627,,2024,bat,2B/3B
sa3003379,Josue Huma,2B/SS,0.25,0.5092699455795807,,2024,bat,2B/SS
sa3015685,Daury Arias,OF,0.25,0.4849799692514352,,2024,bat,OF
sa3019963,Skyler Messinger,1B/3B,0.25,0.6810299834003674,COL,2024,bat,1B/3B
sa3006876,Trey Harris,OF,0.25,0.7946299816481768,,2024,bat,OF
sa3009334,Geovanny Planchart,C,0.25,0.39530999180860815,TOR,2024,bat,C
sa875808,Jonathan Morales,C,0.25,0.7137500084238128,,2024,bat,C
sa3022670,Andrew Pinckney,OF,0.25,0.6675799733959137,WSN,2024,bat,OF
3142,Robinson Chirinos,C,0.25999999046325684,0.7253899971488862,,2024,bat,C
sa917119,Shervyen Newton,SS,0.25,0.5391699634958059,,2024,bat,SS
sa1115752,Seth Gray,3B,0.25,0.7105999718885868,,2024,bat,3B
sa3007827,Malcom Quintero,C,0.25,0.37588999723084265,,2024,bat,C
sa3019867,Alex Iadisernia,OF,0.25,0.6568600133992731,,2024,bat,OF
sa3014949,Paul Witt,3B,0.25,0.5460700270021335,,2024,bat,3B
sa3021638,Stiven Flores,C,0.25,0.35968998012831427,CHW,2024,bat,C
sa3019805,Hogan Windish,1B/2B,0.25,0.6417600371176376,SEA,2024,bat,1B/2B
sa3008469,Juan Mora,2B/3B,0.25,0.5146400434430689,,2024,bat,2B/3B
sa919532,Gabriel Maciel,OF,0.25,0.6342300718184561,,2024,bat,OF
sa3017165,Zach Kokoska,1B/OF,0.25,0.8851400435669347,COL,2024,bat,1B/OF
sa917669,Julio E. Rodriguez,C,0.25,0.7686999890953302,,2024,bat,C
5000,Stephen Vogt,C,0.23999999463558197,0.7953499976545572,,2024,bat,C
sa3010026,Nerwilian Cedeño,2B,0.25,0.4990499454317613,,2024,bat,2B
sa3015202,Yosy Galan,OF,0.25,0.6514700548723339,,2024,bat,OF
sa3005775,Viandel Pena,2B,0.25,0.5034499906003475,WSN,2024,bat,2B
sa3015580,Carlos Franco,C,0.25,0.325209996360354,OAK,2024,bat,C
sa872729,Dariel Gomez,1B,0.25,0.7041799811879171,,2024,bat,1B
sa918343,Lyle Lin,C,0.25,0.38391000882256765,,2024,bat,C
sa3022676,Marcus Brown,2B/SS,0.25,0.4524600005242973,WSN,2024,bat,2B/SS
sa3008898,Francisco Fajardo,2B,0.25,0.5062599591445176,,2024,bat,2B
sa3011502,Ethan Hearn,C,0.25,0.38462006754707545,CHC,2024,bat,C
sa3005601,Jose Guzman,2B/SS,0.25,0.4953500211704522,,2024,bat,2B/SS
sa3005727,Luis Rodriguez,C/1B,0.25,0.37120998688042156,,2024,bat,C/1B
sa917065,Cristopher Navarro,3B/SS,0.25,0.6489999582991003,,2024,bat,3B/SS
sa3019861,Chris Rotondo,OF,0.25,0.6163200268987565,,2024,bat,OF
sa3015193,Jeremy Rivas,SS,0.25,0.4242600061697885,STL,2024,bat,SS
sa3017370,Josh Crouch,C,0.25,0.755300031043589,LAA,2024,bat,C
sa3020762,Jack Pineda,SS,0.25,0.5048600241309031,KCR,2024,bat,SS
sa3010037,Yordys Valdes,2B/SS,0.25,0.41224997204262753,,2024,bat,2B/SS
sa875016,Jalen Miller,2B,0.25,0.8000300057232379,,2024,bat,2B
sa3008110,Osiris Johnson,OF,0.25,0.542600060114637,,2024,bat,OF
sa3005080,Luis Santos,2B/SS,0.25,0.4978499756893142,,2024,bat,2B/SS
sa3008759,Juan Guerrero,OF,0.25,0.7887899757828564,,2024,bat,OF
sa3008771,Cristian Gonzalez,3B/SS,0.25,0.42454002604354163,,2024,bat,3B/SS
sa3017217,Juan Benjamin,2B/3B,0.25,0.46354002832667895,CLE,2024,bat,2B/3B
sa3020093,Harrison Spohn,SS,0.25,0.46483002796303474,,2024,bat,SS
sa875753,James Nelson,3B,0.25,0.473160040914081,HOU,2024,bat,3B
sa3007503,Nick Dalesandro,C/OF,0.25,0.6522700600326061,,2024,bat,C/OF
sa3019901,Jack Alexander,C,0.25,0.38006002535112193,,2024,bat,C
sa3019931,Jackson Loftin,SS/OF,0.25,0.4182000129250809,,2024,bat,SS/OF
sa3014683,Roberto Campos,OF,0.25,0.6192500001285225,DET,2024,bat,OF
sa3017120,Bennett Hostetler,C/3B,0.25,0.7955099617131053,MIA,2024,bat,C/3B
sa3014497,Tyler Keenan,1B/3B,0.25,0.5018899733200669,,2024,bat,1B/3B
sa3007068,Keegan Fish,C,0.25,0.36604007058776916,,2024,bat,C
sa3020354,Caleb Farmer,C,0.25,0.38677003944758326,WSN,2024,bat,C
sa3015354,Brayan Hernández,C/1B,0.25,0.35573005306068806,,2024,bat,C/1B
31382,Dalton Rushing,C,0.25,0.761900052637793,LAD,2024,bat,C
sa3017169,Benny Montgomery,OF,0.25,0.779640033887699,COL,2024,bat,OF
sa3020614,Douglas Hodo III,OF,0.25,0.46097003114409735,BAL,2024,bat,OF
sa3015017,Jake MacKenzie,2B,0.25,0.4883300295099615,,2024,bat,2B
28253,Javier Sanoja,3B/OF,0.25,0.6557800523936749,MIA,2024,bat,3B/OF
sa3006424,Rodolfo Bone,C,0.25,0.3756699636112898,,2024,bat,C
sa3011471,Yolbert Sanchez,2B/3B,0.25,0.7626600252464413,,2024,bat,2B/3B
sa3018387,Dyan Jorge,SS,0.25,0.5762999892001972,COL,2024,bat,SS
sa3020122,Thomas Gavello,2B/3B,0.25,0.4959700371138751,SFG,2024,bat,2B/3B
28820,Moisés Ballesteros,DH,0.25,0.7565600070403888,CHC,2024,bat,DH
sa3019214,Angel Diaz,C,0.25,0.37477995289955285,LAD,2024,bat,C
sa3019990,Peyton Graham,2B/SS,0.25,0.41298001040704535,DET,2024,bat,2B/SS
sa969045,Kevin Maitan,3B,0.25,0.6895099512767047,,2024,bat,3B
sa3020715,Andrew Pintar,OF,0.25,0.5200400387169792,MIA,2024,bat,OF
sa3014940,Robert Emery,C/1B,0.25,0.7431800683727489,,2024,bat,C/1B
sa3007333,Nate Soria,C,0.25,0.30593003213871267,TBR,2024,bat,C
sa823925,Michael De León,SS,0.25,0.6909900058526545,,2024,bat,SS
sa3015137,Yoelqui Céspedes,OF,0.25,0.7599700597347692,CHW,2024,bat,OF
sa3010708,Sal Gozzo,2B/SS,0.25,0.4841000598389654,,2024,bat,2B/SS
33321,Luke Keaschall,2B,0.25,0.4906500357668846,MIN,2024,bat,2B
sa3003236,Wilfred Astudillo,C,0.25,0.4309899962740018,CIN,2024,bat,C
sa3005628,Stanley Consuegra,OF,0.25,0.6310100244358181,,2024,bat,OF
sa3006727,Chris Bec,C,0.25,0.6783299583476036,,2024,bat,C
sa3008452,Jean Ramirez,OF,0.25,0.6427900176029652,KCR,2024,bat,OF
sa3022565,Mitch Jebb,2B/OF,0.25,0.5129600605927408,PIT,2024,bat,2B/OF
sa3017477,Anthony Quirion,C,0.25,0.3564699573325924,,2024,bat,C
sa3019303,Griffin Lockwood-Powell,C/1B,0.25,0.7021899911109357,LAD,2024,bat,C/1B
sa3017174,Garrett Spain,OF,0.25,0.6057000015396624,MIN,2024,bat,OF
sa3011256,Drew Mendoza,1B,0.25,0.6997800084995105,,2024,bat,1B
sa3016094,Lizandro Rodriguez,2B,0.25,0.5017900179373099,,2024,bat,2B
sa3020128,Matt Higgins,1B/OF,0.25,0.6165099621284751,,2024,bat,1B/OF
sa3008080,Connor Scott,OF,0.25,0.7967299912124872,KCR,2024,bat,OF
sa3010852,Jeremy Ydens,OF,0.25,0.5054499594029038,,2024,bat,OF
sa3019837,Michael Curialle,3B,0.25,0.4677500120131298,,2024,bat,3B
29524,Bryce Teodosio,OF,0.25,0.6220599438762293,LAA,2024,bat,OF
sa3008775,Yohander Martinez,2B/3B,0.25,0.4708000313490628,,2024,bat,2B/3B
sa3008890,Marcos Cabrera,3B,0.25,0.4781399799045174,,2024,bat,3B
sa3014717,Sammy Infante,2B/3B,0.25,0.5082100202562286,,2024,bat,2B/3B
sa3011254,Mike Salvatore,2B/SS,0.25,0.3989600227912888,,2024,bat,2B/SS
sa3020495,Seth Stephenson,OF,0.25,0.6082500245422124,DET,2024,bat,OF
sa3022697,Spencer Nivens,OF,0.25,0.5016699828207493,KCR,2024,bat,OF
sa3021637,Ramon Ramirez,C,0.25,0.3738499625469558,KCR,2024,bat,C
sa3022758,Justin Johnson,2B,0.25,0.4926600349368527,KCR,2024,bat,2B
sa3015727,Hendry Mendez,OF,0.25,0.6458000427577644,MIN,2024,bat,OF
sa3005489,Antoni Flores,3B/SS,0.25,0.47038995879702267,,2024,bat,3B/SS
sa3008839,Dionmy Salon,C,0.25,0.3561200396856293,,2024,bat,C
sa917309,Brandon Leyton,2B/SS,0.25,0.5708800597349181,CIN,2024,bat,2B/SS
sa3019987,Anthony Hall,OF,0.25,0.600740035972558,,2024,bat,OF
sa3015524,Lyonell James,1B/3B,0.25,0.48048000193666657,,2024,bat,1B/3B
sa918323,Francisco Del Valle,OF,0.25,0.6252000422915444,,2024,bat,OF
sa3016861,Zach Zubia,1B,0.25,0.6913799954694695,,2024,bat,1B
sa3021047,Josiah Sightler,1B,0.25,0.7460099699208512,,2024,bat,1B
sa3020758,Gabriel Rincones Jr.,OF,0.25,0.654289986938238,PHI,2024,bat,OF
sa3005617,Darlin Moquete,OF,0.25,0.6229300048435105,,2024,bat,OF
sa3008946,Felix Stevens,1B/OF,0.25,0.7126000332529656,,2024,bat,1B/OF
sa3016806,Colin Davis,OF,0.25,0.5455500086536631,SEA,2024,bat,OF
sa3015785,Manuel Mejias,C,0.25,0.3227899699704721,,2024,bat,C
sa3009275,Eduardo Lopez,OF,0.25,0.6290599902626127,,2024,bat,OF
sa3017179,Damon Keith,OF,0.25,0.6237999616074374,LAD,2024,bat,OF
sa3008740,Cesar Berbesi,2B/SS,0.25,0.39694004235789176,,2024,bat,2B/SS
sa3018591,Josue De Paula,OF,0.25,0.6047199777793139,LAD,2024,bat,OF
sa3008249,Korey Holland,OF,0.25,0.7381900184322149,,2024,bat,OF
sa3014832,Matt Scheffler,C,0.25,0.6407600455917417,,2024,bat,C
sa3015705,Victor Acosta,2B/SS,0.25,0.4706899628974497,CIN,2024,bat,2B/SS
sa3017181,Trendon Craig,OF,0.25,0.5761900492478162,,2024,bat,OF
sa3015232,Luis Durango,OF,0.25,0.44857998373918223,NYY,2024,bat,OF
sa3014695,Alex Ramírez,OF,0.25,0.5870100036030634,,2024,bat,OF
sa3008883,Milkar Perez,1B/3B,0.25,0.38166998366359617,,2024,bat,1B/3B
12225,Scott Schebler,OF,0.25,0.5998800594825296,,2024,bat,OF
sa917079,Antonio Pinero,SS,0.25,0.4159399652853608,,2024,bat,SS
sa3022823,Charles McAdoo,3B,0.25,0.5118499862961472,TOR,2024,bat,3B
sa3002711,Nicolas Torres,2B,0.25,0.4723299744306132,,2024,bat,2B
sa3019894,Kyle Nevin,1B/3B,0.25,0.4987999748205765,LAD,2024,bat,1B/3B
sa3008885,Efrenyer Narvaez,C,0.25,0.32299000089988106,,2024,bat,C
31792,Otto Kemp,1B/3B,0.25,0.4972200451185925,PHI,2024,bat,1B/3B
sa3014473,Jake Vogel,OF,0.25,0.48086998981889323,,2024,bat,OF
sa3019839,Brody Moore,2B/SS,0.25,0.39634005066473027,STL,2024,bat,2B/SS
sa3020275,Chris Lanzilli,OF,0.25,0.5894199905917048,,2024,bat,OF
sa3015631,Miguel Villarroel,3B/SS,0.25,0.475770037760958,STL,2024,bat,3B/SS
sa3020280,Cutter Coffey,3B/SS,0.25,0.4954800248844549,TOR,2024,bat,3B/SS
sa828685,Jake Gatewood,1B/3B,0.25,0.7185700170462951,,2024,bat,1B/3B
13595,Humberto Arteaga,SS,0.25,0.5116999672260134,,2024,bat,SS
9253,Keon Broxton,OF,0.25,0.5823799686972052,,2024,bat,OF
sa3015863,Kenny Castillo,C,0.25,0.3680599899962544,ARI,2024,bat,C
28142,Jhostynxon Garcia,OF,0.25,0.5000299473758787,PIT,2024,bat,OF
sa3007299,Yorlis Rodriguez,3B,0.25,0.49772000908851616,,2024,bat,3B
sa1170052,Tanner Murphy,OF,0.25,0.6140700621297582,,2024,bat,OF
sa3010906,Aaron Antonini,C,0.25,0.7273499502567574,DET,2024,bat,C
sa3015188,Vincent Perozo,C,0.25,0.32493999034632,NYM,2024,bat,C
sa3010597,Victor Torres,C,0.25,0.34358993425266815,,2024,bat,C
sa3016862,Myles Emmerson,C,0.25,0.3252400390338152,,2024,bat,C
sa3018399,Jaison Chourio,OF,0.25,0.43901999141089615,CLE,2024,bat,OF
sa3015710,Manuel Beltre,SS,0.25,0.43866995419375593,TOR,2024,bat,SS
sa3020193,Tim Borden II,2B/3B,0.25,0.4797299589263275,,2024,bat,2B/3B
sa3020141,Sammy Hernandez,C,0.25,0.33708000467158844,STL,2024,bat,C
sa3007059,Daneurys De La Cruz,C/1B,0.25,0.3215399330714717,,2024,bat,C/1B
sa3020200,Blake Robertson,1B,0.25,0.6161800503032281,TBR,2024,bat,1B
sa3019972,Clark Elliott,OF,0.25,0.5300699735758827,OAK,2024,bat,OF
sa3010702,Cade Bunnell,1B/3B,0.25,0.6878199600148945,,2024,bat,1B/3B
sa930082,Victor De Hoyos,C,0.25,0.3509799981256946,,2024,bat,C
sa3015626,Odalys Peguero,2B/SS,0.25,0.4019300007726996,,2024,bat,2B/SS
sa3014502,Werner Blakely,3B/OF,0.25,0.46264997178222983,,2024,bat,3B/OF
sa3019943,Ryan Leitch,C,0.25,0.3837000269559211,,2024,bat,C
sa3020123,Justin Boyd,OF,0.25,0.4468299986794591,,2024,bat,OF
sa3007640,Nicholas Northcut,1B/3B,0.25,0.7751899814582429,,2024,bat,1B/3B
sa3008916,Jesus Rodriguez,C/3B,0.25,0.7020299901254474,SFG,2024,bat,C/3B
10542,Derek Dietrich,2B/OF,0.25,0.733310036570765,,2024,bat,2B/OF
sa3015587,Jesus Castillo,2B,0.25,0.45803994766902173,PIT,2024,bat,2B
14678,Tzu-Wei Lin,2B/SS,0.25,0.625700008124113,,2024,bat,2B/SS
sa917107,Roberto Alvarez,C,0.25,0.7206599794328211,,2024,bat,C
sa3007977,Miguel Pabon,C,0.25,0.3197699507931247,,2024,bat,C
sa3019887,Cory Acton,2B/3B,0.25,0.4513700444018467,,2024,bat,2B/3B
sa3005522,Derwin Barreto,2B/SS,0.25,0.4590400348883122,,2024,bat,2B/SS
sa3022891,Jim Jarvis,SS,0.25,0.3859199564903974,ATL,2024,bat,SS
sa3008341,Edmond Americaan,OF,0.25,0.4656599757727235,,2024,bat,OF
sa3003267,Esney Chacon,OF,0.25,0.463339988514781,,2024,bat,OF
sa3003262,Eliezer Alfonzo,C,0.25,0.7083700644318014,LAD,2024,bat,C
sa3015643,Johnfrank Salazar,1B/3B,0.25,0.45802000621333716,STL,2024,bat,1B/3B
sa3015818,Anderdson Rojas,OF,0.25,0.49345002002082755,ARI,2024,bat,OF
sa917303,Jonathan Sierra,OF,0.25,0.5938399739097804,,2024,bat,OF
sa3009534,Rafael Morel,OF,0.25,0.45034001802559936,,2024,bat,OF
sa829813,Carl Chester,OF,0.25,0.6036099498625844,,2024,bat,OF
sa3018598,Sandro Gaston,C/1B,0.25,0.332940001389943,,2024,bat,C/1B
sa3008808,Noelberth Romero,2B/3B,0.25,0.6441100074443964,,2024,bat,2B/3B
sa3017289,Liam Spence,1B/2B,0.25,0.44457997381687153,,2024,bat,1B/2B
sa3019870,Ben Gobbel,3B,0.25,0.46691000119317316,LAA,2024,bat,3B
sa3005571,Federico Polanco,2B,0.25,0.45849996986798935,,2024,bat,2B
sa914242,Omar Estévez,2B/SS,0.25,0.71994997872971,,2024,bat,2B/SS
sa3019866,Sonny DiChiara,1B,0.25,0.7155799451284109,,2024,bat,1B
sa3008141,Deacon Liput,2B,0.25,0.4901099888142198,LAD,2024,bat,2B
sa3019927,Ben Metzinger,1B/3B,0.25,0.45459001364652063,,2024,bat,1B/3B
sa3020099,Peyton Williams,1B,0.25,0.656079972302541,TOR,2024,bat,1B
sa3008952,Stiven Acevedo,OF,0.25,0.45207999965641643,,2024,bat,OF
sa3020575,Kevin Parada,C,0.25,0.7131699920399114,NYM,2024,bat,C
sa3016968,Kyle Battle,OF,0.25,0.44680003707762805,,2024,bat,OF
sa3004942,Francisco Hernandez,2B/3B,0.25,0.45702001934405406,,2024,bat,2B/3B
sa3015735,Leonel Espinoza,OF,0.25,0.4772400392219424,CHC,2024,bat,OF
sa3018508,Jansel Luis,2B/SS,0.25,0.4852499737404287,ARI,2024,bat,2B/SS
sa3008824,Aiverson Rodriguez,2B/3B/SS,0.25,0.4521799710346384,,2024,bat,2B/3B/SS
sa3014715,Estiven Machado,2B/SS,0.25,0.421780030359514,,2024,bat,2B/SS
sa3022567,Max Anderson,2B,0.25,0.4439500256208704,DET,2024,bat,2B
sa917277,Cristian Inoa,1B/2B/SS,0.25,0.6568899875972418,,2024,bat,1B/2B/SS
sa3015169,Juan Corniel,SS,0.25,0.4723899575415998,,2024,bat,SS
sa3008297,Jaylen Palmer,3B/OF,0.25,0.5702699802583083,CHC,2024,bat,3B/OF
sa3005053,J.D. Osborne,C/1B,0.25,0.7567900435533373,,2024,bat,C/1B
sa3018424,Johanfran Garcia,C,0.25,0.3485699921147898,BOS,2024,bat,C
sa3007639,Nick Schnell,OF,0.25,0.5469300501979888,SDP,2024,bat,OF
sa3009892,Nic Ready,3B,0.25,0.47707000242080533,,2024,bat,3B
sa3015353,Jheremy Vargas,2B/3B,0.25,0.44275002928916357,MIL,2024,bat,2B/3B
27493,Rece Hinds,OF,1.6200000047683716,6.505690424330532,CIN,2024,bat,OF
sa3015205,Narbe Cruz,2B/3B,0.25,0.4338400387438013,HOU,2024,bat,2B/3B
sa3017212,Kevin Kendall,2B/SS,0.25,0.4479899571742862,,2024,bat,2B/SS
sa3020010,Tyler Robertson,OF,0.25,0.5800699960906059,SDP,2024,bat,OF
sa3003233,Jhon Torres,OF,0.25,0.5885000034933909,STL,2024,bat,OF
sa3017295,James Triantos,2B/3B,0.25,0.7019899922655894,CHC,2024,bat,2B/3B
sa3008878,Maikol Escotto,2B/SS,0.25,0.4968399844365194,,2024,bat,2B/SS
sa3020534,Carter Young,SS,0.25,0.416160048241727,BAL,2024,bat,SS
16448,Jacob Nottingham,C,0.25,0.7311900180997327,SEA,2024,bat,C
sa877365,Ricky Aracena,2B/SS,0.25,0.44633001447655263,,2024,bat,2B/SS
33280,Brice Matthews,2B,0.25,0.36788000010419636,HOU,2024,bat,2B
sa3017175,Josue Gonzalez,C/1B,0.25,0.2697999708703719,NYY,2024,bat,C/1B
sa3017732,Nicolas Deschamps,C,0.25,0.2809400319936685,TOR,2024,bat,C
sa3017046,Zack Raabe,2B,0.25,0.4318300530547276,MIL,2024,bat,2B
sa3020951,Shawn Ross,C,0.25,0.5063399608246982,PIT,2024,bat,C
sa3014891,Bryson Horne,1B,0.25,0.6894900408340617,,2024,bat,1B
sa3010723,Patrick Romeri,OF,0.25,0.5935300458455457,,2024,bat,OF
sa3018212,Kyle Hayes,C,0.25,0.3282600432168692,KCR,2024,bat,C
sa3011857,Jesus Bugarin,OF,0.25,0.6189600125420839,,2024,bat,OF
sa3016346,Carlos Linarez,C,0.25,0.30715001435019074,STL,2024,bat,C
sa3017180,Reed Trimble,OF,0.25,0.5521599850384518,BAL,2024,bat,OF
sa3019921,Troy Schreffler Jr.,OF,0.25,0.6149699674220754,,2024,bat,OF
sa3015659,Manuel Palencia,C,0.25,0.27849002854200083,NYY,2024,bat,C
sa3015790,Thayron Liranzo,C,0.25,0.6745800137054173,DET,2024,bat,C
sa3017074,Christian Robinson,OF,0.25,0.5800400007981807,,2024,bat,OF
sa3009896,Trent Tingelstad,OF,0.25,0.5560700295493006,,2024,bat,OF
sa3017116,Shawn Goosenberg,1B/OF,0.25,0.6319200033321977,,2024,bat,1B/OF
sa3010889,Hudson Head,OF,0.25,0.6112599787302314,,2024,bat,OF
sa3008819,Lazaro Benitez,OF,0.25,0.5654599893372504,,2024,bat,OF
sa3018120,Karl Ellison,C,0.25,0.30661003070417786,,2024,bat,C
sa3014817,Justin Lavey,2B,0.25,0.44441994568333015,,2024,bat,2B
sa3019864,Chase Luttrell,OF,0.25,0.49203001933637996,,2024,bat,OF
sa3011578,Wuilfredo Antunez,OF,0.25,0.5523299811407923,CLE,2024,bat,OF
sa3003430,Juan Carlos Negret,OF,0.25,0.591729958774522,,2024,bat,OF
28816,Denzer Guzman,SS,0.25,0.38014006596058597,LAA,2024,bat,SS
sa918086,Luis Curbelo,3B,0.25,0.6747899762587621,,2024,bat,3B
sa3008938,Omar De Los Santos,OF,0.25,0.4579799605300649,,2024,bat,OF
sa3015526,Johnny Ascanio,2B,0.25,0.5000900063896551,CIN,2024,bat,2B
sa3022429,Cole Fontenelle,3B,0.25,0.4579399919370189,LAA,2024,bat,3B
sa3010387,Grayson Byrd,1B,0.25,0.6487199926748871,,2024,bat,1B
sa3005716,Ynmanol Mariñez,3B/SS,0.25,0.4689500352600589,,2024,bat,3B/SS
sa3022498,Jacob Gonzalez,2B/SS,0.25,0.3557200240087695,CHW,2024,bat,2B/SS
sa3015071,Tommy Jew,OF,0.25,0.45380999259650706,,2024,bat,OF
sa3020100,Jordan Dissin,C,0.25,0.3352699299575761,PHI,2024,bat,C
sa3018558,Marvin Alcantara,2B/SS,0.25,0.39703001030720764,BOS,2024,bat,2B/SS
sa3021085,Yoeilin Cespedes,2B/SS,0.25,0.4117900307523087,BOS,2024,bat,2B/SS
sa3022815,Matthew Etzel,OF,0.25,0.5519200158771126,MIA,2024,bat,OF
sa3017156,Connor Pavolony,C,0.25,0.6677799969911574,BAL,2024,bat,C
sa3017151,Sam Praytor,C,0.25,0.3337999729206786,MIA,2024,bat,C
sa3015747,Anderson De Los Santos,3B,0.25,0.420010034716688,BAL,2024,bat,3B
sa3017903,Dillon Tatum,C,0.25,0.28344002772355437,,2024,bat,C
sa3003364,Edwin Mateo,OF,0.25,0.5665400218917055,,2024,bat,OF
sa917348,Osmy Gregorio,2B/3B/SS,0.25,0.4342300010379404,,2024,bat,2B/3B/SS
sa3017053,Ruben Ibarra,1B,0.25,0.7207199369091539,CIN,2024,bat,1B
sa3004271,Davis Tavárez,OF,0.25,0.5852999834343791,,2024,bat,OF
sa872547,Pablo Olivares,OF,0.25,0.5573900640942154,,2024,bat,OF
sa829713,Evan Skoug,C,0.25,0.7112199818482622,,2024,bat,C
sa3015166,Ethan Workinger,OF,0.25,0.5952700296416878,ATL,2024,bat,OF
sa3009297,Freddy Guilamo,C,0.25,0.31829002329614015,,2024,bat,C
sa3016143,Daniel Vazquez,SS,0.25,0.3759299659635871,KCR,2024,bat,SS
sa3015352,Blayberg Diaz,C,0.25,0.31233002694789314,MIL,2024,bat,C
sa3003340,Jean Carmona,2B/3B/SS,0.25,0.439519996754825,,2024,bat,2B/3B/SS
sa3005570,Yunior Garcia,1B/OF,0.25,0.666710019833408,,2024,bat,1B/OF
20040,Jorge Ona,DH,0.25,0.7187699752626941,,2024,bat,DH
sa3016720,Rayne Doncon,3B/SS,0.25,0.4385100019630044,MIN,2024,bat,3B/SS
sa3021226,Miguel Rodríguez,C/1B,0.25,0.2510799458716064,BAL,2024,bat,C/1B
sa3020764,Guy Lipscomb,OF,0.25,0.5307599995285271,CLE,2024,bat,OF
sa914314,Jeison Guzmán,SS,0.25,0.714870030246675,,2024,bat,SS
sa3007020,Kingston Liniak,OF,0.25,0.42991997925564635,,2024,bat,OF
sa829844,Riley Mahan,2B,0.25,0.6562899646814913,,2024,bat,2B
sa3014943,Danny Oriente,OF,0.25,0.5524100507143885,,2024,bat,OF
sa3008826,Luis Pineda,C,0.25,0.3011399334063753,CHW,2024,bat,C
sa3007877,Jack Herman,OF,0.25,0.6163500254973769,,2024,bat,OF
sa3016541,Jose Ramos,2B/SS,0.25,0.3540299764135852,SFG,2024,bat,2B/SS
sa3015874,Leosdany Molina,SS,0.25,0.37212998776230954,,2024,bat,SS
sa3006884,Kristian Robinson,OF,0.25,0.6175700313411652,ARI,2024,bat,OF
sa3019823,Torin Montgomery,1B,0.25,0.645890009892173,,2024,bat,1B
sa3015813,Gleider Figuereo,3B,0.25,0.40795004139654334,TEX,2024,bat,3B
sa3020216,Mikey Romero,2B/SS,0.25,0.3936499462462962,BOS,2024,bat,2B/SS
sa969091,Lazaro Armenteros,OF,1.6200000047683716,5.430360240861773,,2024,bat,OF
sa3022688,Jared Dickey,OF,0.25,0.5713799993740394,OAK,2024,bat,OF
sa3018936,Franklin Lopez,C,0.25,0.4488599715055897,,2024,bat,C
sa3020536,D'Andre Smith,2B/OF,0.25,0.4106800104491412,NYM,2024,bat,2B/OF
sa3003347,Sebastian Espino,SS/OF,0.25,0.5563499818090347,,2024,bat,SS/OF
sa3020461,Hector Osorio,OF,0.25,0.37126998801250005,TEX,2024,bat,OF
sa3020117,Logan Tanner,C,0.25,0.35086001482559365,CIN,2024,bat,C
sa3022825,Carson Roccaforte,OF,0.25,0.4453300018562004,KCR,2024,bat,OF
sa3015057,Jacob Wetzel,OF,0.25,0.5513300156919285,TOR,2024,bat,OF
sa3015800,Gregory Barrios,SS,0.25,0.3719299843767656,TBR,2024,bat,SS
sa3019971,Chris Newell,OF,0.25,0.7294699812075123,LAD,2024,bat,OF
sa3008805,Bryan Gonzalez,1B/OF,0.25,0.603439954528585,,2024,bat,1B/OF
sa3011329,Jeremy De La Rosa,OF,0.25,0.5806999912485479,,2024,bat,OF
sa3008897,Rayner Santana,C,0.25,0.3096999606816098,,2024,bat,C
sa828381,Dennis Ortega,C,0.25,0.6247800175333394,,2024,bat,C
sa3021614,Gerardo Rodriguez,C,0.25,0.32799997155088917,BOS,2024,bat,C
sa3015720,Yeison Morrobel,OF,0.25,0.5214400134747849,TEX,2024,bat,OF
sa3022264,Ryan McCarthy,OF,0.25,0.43277004484552883,,2024,bat,OF
sa3010598,Oscar Santos,C/1B,0.25,0.302719994680956,,2024,bat,C/1B
sa3005602,Danny Bautista Jr.,1B/OF,0.25,0.5739099882775919,OAK,2024,bat,1B/OF
16211,Kevin Cron,1B/DH,0.25,0.7506899424362927,,2024,bat,1B/DH
sa3020091,Joshua Day,3B/SS,0.25,0.44760996205732223,,2024,bat,3B/SS
sa3016171,Luis Ravelo,2B/SS,0.25,0.37957004369236524,,2024,bat,2B/SS
sa3003222,Aldenis Sanchez,OF,0.25,0.5298999931663274,,2024,bat,OF
sa3003178,Reyny Reyes,2B/3B/SS,0.25,0.4247800131095572,,2024,bat,2B/3B/SS
sa3016860,Cole Barr,3B,0.25,0.41704002597834905,,2024,bat,3B
sa3006202,Manuel Garcia,C,0.25,0.2877699889242649,,2024,bat,C
sa917184,Jose King,2B/SS,0.25,0.4329399755457415,,2024,bat,2B/SS
sa3008603,Lester Madden,OF,0.25,0.43534998968243593,,2024,bat,OF
sa3015515,Yiddi Cappe,2B/SS,0.25,0.4608299589250235,MIA,2024,bat,2B/SS
sa3015696,Cristian Hernandez,SS,0.25,0.35519998488016413,MIA,2024,bat,SS
sa3022591,Brian Kalmer,1B,0.25,0.6523999846540391,CHC,2024,bat,1B
sa3010336,Trevor Boone,OF,0.25,0.8032200480811298,,2024,bat,OF
sa3020087,Kevin Graham,OF,0.25,0.5753900214564055,,2024,bat,OF
sa3016825,Diego Mosquera,2B/SS/OF,0.25,0.3249599989736452,NYM,2024,bat,2B/SS/OF
sa3008751,Eduardo Garcia,SS,0.25,0.43679001091513775,MIL,2024,bat,SS
sa3020418,Nick Morabito,OF,0.25,0.4085200007772072,NYM,2024,bat,OF
sa3014833,Matt Chamberlain,OF,0.25,0.5411900133360177,,2024,bat,OF
sa3008828,Mishael Deson,OF,0.25,0.391120009496808,,2024,bat,OF
sa3017403,Jay Allen II,OF,0.25,0.4913399623474105,CIN,2024,bat,OF
sa3011153,Allan Berríos,C,0.25,0.2828600353328511,,2024,bat,C
sa3014892,Cody Orr,3B/OF,0.25,0.4192999918479472,,2024,bat,3B/OF
sa3020676,Druw Jones,OF,0.25,0.44591998388059434,ARI,2024,bat,OF
sa3005924,Anthony Garcia,1B/OF,0.25,0.5505900087300688,,2024,bat,1B/OF
sa3021234,Julio Zayas,C,0.25,0.27827001371188076,NYM,2024,bat,C
sa3015204,Jose Fernandez,3B/SS,0.25,0.4395899996394291,ARI,2024,bat,3B/SS
sa3015607,Carlos Rojas,C,0.25,0.2809299757122062,,2024,bat,C
sa3003319,Angel Aponte,OF,0.25,0.5551600344246255,,2024,bat,OF
sa3006676,Samil Polanco,2B/SS,0.25,0.4237200373550876,,2024,bat,2B/SS
sa3015014,AJ Lewis,1B,0.25,0.6826500055845827,COL,2024,bat,1B
sa3011810,Angel Galarraga,C,0.25,0.23164001546101637,,2024,bat,C
sa3015622,Edwin Barragan,2B/3B,0.25,0.41290995366871347,,2024,bat,2B/3B
sa3014815,Harrison Ray,3B/OF,0.25,0.4266399620333686,,2024,bat,3B/OF
sa3011413,Hunter Bishop,OF,0.25,0.5446599717019125,,2024,bat,OF
sa917936,Hudson Potts,3B,0.25,0.6358399822958745,,2024,bat,3B
sa3010038,James Beard,OF,0.25,0.4086700055631808,CHW,2024,bat,OF
sa3020116,Tanner O'Tremba,OF,0.25,0.5259500401094556,,2024,bat,OF
sa3008905,Leandro Pineda,OF,0.25,0.5727299815742299,WSN,2024,bat,OF
sa3006606,Wilfredo Flores,2B/OF,0.25,0.534279954340309,,2024,bat,2B/OF
sa3005561,Jose Rivas,2B,0.25,0.39786004745401427,,2024,bat,2B
sa3019903,Justin Janas,1B/OF,0.25,0.6218200092436746,,2024,bat,1B/OF
sa3022685,Nick Goodwin,2B/3B/SS,0.25,0.3861300065182149,TOR,2024,bat,2B/3B/SS
sa3019857,Kai Murphy,OF,0.25,0.5230200366931967,SDP,2024,bat,OF
sa3014460,Isaiah Greene,OF,0.25,0.4942099705105647,BAL,2024,bat,OF
sa3014691,Ian Lewis Jr.,2B/3B,0.25,0.43372001261450344,MIA,2024,bat,2B/3B
33098,Carson McCusker,OF,0.25,0.5591700479155406,,2024,bat,OF
sa872464,Edwin Yon,OF,0.25,0.5677300488576291,,2024,bat,OF
sa3011114,Fernando Villalobos,C,0.25,0.25277001278009265,,2024,bat,C
sa3019938,John McHenry,2B/3B/OF,0.25,0.4061100320657714,,2024,bat,2B/3B/OF
sa3021851,Juan Sulbaran,C,0.25,0.23237003788817667,TEX,2024,bat,C
sa3022557,Bryce Arnold,2B/OF,0.25,0.3734400127315894,,2024,bat,2B/OF
sa3015229,Jose Pastrano,2B/3B,0.25,0.3648999841650948,,2024,bat,2B/3B
sa3011405,Warren Saunders,1B/3B,0.25,0.6079000522149726,,2024,bat,1B/3B
sa3021067,Joendry Vargas,SS,0.25,0.35430003901710727,LAD,2024,bat,SS
sa3005939,Arturo De Freitas,C,0.25,0.3014500025426968,,2024,bat,C
sa3018377,Jarrod Watkins,1B/OF,0.25,0.5340999802574515,,2024,bat,1B/OF
sa3019900,E.J. Exposito,2B/SS,0.25,0.35159995079739015,ATL,2024,bat,2B/SS
sa3022426,Chase Davis,OF,0.25,0.38936998762655994,STL,2024,bat,OF
sa829010,Max George,2B,0.25,0.6576400053221733,,2024,bat,2B
sa1170876,Willie Carter,OF,0.25,0.5409599866718053,,2024,bat,OF
sa3011560,Jared Alvarez-Lopez,C,0.25,0.26693005680572246,,2024,bat,C
sa3015709,Abel Bastidas,2B/3B/SS,0.25,0.3236799573060125,,2024,bat,2B/3B/SS
sa3015196,Victor Mesia,C,0.25,0.2691399669973179,,2024,bat,C
sa3016977,Aaron McKeithan,C,0.25,0.6386600152589381,SEA,2024,bat,C
sa3022600,Jake Gelof,3B,0.25,0.4314299790305085,LAD,2024,bat,3B
sa3018393,Rosman Verdugo,2B/3B/SS,0.25,0.31170003947336217,SDP,2024,bat,2B/3B/SS
sa3010887,Spencer Henson,1B,0.25,0.597120000317227,,2024,bat,1B
sa3017327,Mike Peabody,OF,0.25,0.538399984082207,,2024,bat,OF
sa3015565,Brenny Escanio,2B/SS,0.25,0.35652996844146395,,2024,bat,2B/SS
sa3010859,Kevin Strohschein,1B/OF,0.25,0.5397800376405939,,2024,bat,1B/OF
sa3021175,Andruw Musett,C,0.25,0.2796200578217394,BOS,2024,bat,C
sa3015170,Junior Franco,OF,0.25,0.5642499845009296,ARI,2024,bat,OF
sa3019925,Jordan Sprinkle,SS,0.25,0.3197500245762057,CHW,2024,bat,SS
sa3010704,Sammy Siani,OF,0.25,0.5532300041872076,SEA,2024,bat,OF
sa3015725,Danyer Cueva,2B/SS,0.25,0.3070700084790587,TEX,2024,bat,2B/SS
sa3018398,Jace Avina,OF,0.25,0.5063900249311699,NYY,2024,bat,OF
sa3020003,Griffin Doersching,1B,0.25,0.5885800200398079,,2024,bat,1B
sa917056,J.V. Martinez,3B,0.25,0.608390014525503,,2024,bat,3B
sa3018520,Victor Rodrigues,C,0.25,0.26825002686819066,LAD,2024,bat,C
sa3007037,Angel Solarte,OF,0.25,0.5195199653971939,,2024,bat,OF
sa3008590,Nick Decker,OF,0.25,0.5546500118216499,,2024,bat,OF
sa3022813,Austin Deming,3B,0.25,0.365479991864413,,2024,bat,3B
19346,Eli White,OF,1.6200000047683716,5.353879824839533,ATL,2024,bat,OF
sa3010898,Junior Martina,3B,0.25,0.39829997736960643,,2024,bat,3B
sa3015606,Jorge Puerta,C/1B/OF,0.25,0.5173399408231488,,2024,bat,C/1B/OF
sa3008785,Cristhian Rodriguez,3B/SS,0.25,0.3591300088446587,,2024,bat,3B/SS
sa3022564,Jack Hurley,OF,0.25,0.5570000585168601,ARI,2024,bat,OF
sa3020202,Cortland Lawson,SS,0.25,0.39777000639587634,WSN,2024,bat,SS
sa3015673,Kevin Villavicencio,2B/SS,0.25,0.37352004167623815,NYM,2024,bat,2B/SS
sa3004969,Je'Von Ward,OF,0.25,0.5329400031128898,TOR,2024,bat,OF
sa3020345,Devin Ortiz,3B,0.25,0.3591800368274562,CHC,2024,bat,3B
sa919893,Jose Mena,C,0.25,0.6015600247308611,,2024,bat,C
sa3021845,Franklin Arias,SS,0.25,0.3402699832571669,BOS,2024,bat,SS
sa3008006,Arbert Cipion,OF,0.25,0.5307900249259547,,2024,bat,OF
sa3008879,Deivis Nadal,SS/OF,0.25,0.40751995742321,,2024,bat,SS/OF
29478,Carter Jensen,C/DH,0.25,0.6480699876090512,KCR,2024,bat,C/DH
sa3021159,Yoiber Ocopio,C/1B,0.25,0.2086399889551103,SDP,2024,bat,C/1B
sa3016927,Osvaldo Tovalin,1B/3B,0.25,0.5914499717298894,,2024,bat,1B/3B
sa3021123,Jesus Fernandez,SS,0.25,0.26134996459586546,OAK,2024,bat,SS
sa3008949,Michael Mantecón,C,0.25,0.25637005695607507,,2024,bat,C
sa3015798,Leo Balcazar,SS,0.25,0.4533000249182804,CIN,2024,bat,SS
sa3018439,Victor Ortega,C,0.25,0.25327999460278083,MIA,2024,bat,C
sa3016076,Luis Valdez,2B/OF,0.25,0.5025899845175446,,2024,bat,2B/OF
sa3015062,Victor Labrada,OF,0.25,0.568140015983954,SEA,2024,bat,OF
sa3017220,Ryan Higgins,3B/OF,0.25,0.4920200569555163,,2024,bat,3B/OF
sa3021855,Javier Mogollon,2B/SS,0.25,0.3832499726093374,CHW,2024,bat,2B/SS
sa3019764,Keduar Trujillo,C/1B,0.25,0.2513399820192717,HOU,2024,bat,C/1B
sa3017155,Robby Martin Jr.,OF,0.25,0.6728399431565775,,2024,bat,OF
sa3022669,Kiko Romero,1B/3B,0.25,0.36736000647069883,,2024,bat,1B/3B
sa3020824,Erik Stock,OF,0.25,0.5106600037543103,,2024,bat,OF
sa917292,Ronaldo Urdaneta,2B,0.25,0.38182999417185776,,2024,bat,2B
sa3021211,Yirer Garcia,C/1B,0.25,0.1828599634696729,TBR,2024,bat,C/1B
sa3018472,Kelvin Hidalgo,3B/SS,0.25,0.48288998897187413,COL,2024,bat,3B/SS
sa3015595,Jose Sanabria,2B/3B,0.25,0.34701999796088784,,2024,bat,2B/3B
sa3016095,Johan Macias,2B,0.25,0.3652800263371318,LAA,2024,bat,2B
sa3008941,Wilber Sanchez,2B/SS,0.25,0.29759996979264536,CHW,2024,bat,2B/SS
sa3016336,David Leon,C/1B,0.25,0.19510000171139832,CLE,2024,bat,C/1B
sa3015293,Miguel Ugueto,OF,0.25,0.5513400014257056,STL,2024,bat,OF
sa3018243,Max Hewitt,2B,0.25,0.3624199942452833,,2024,bat,2B
sa3020284,Simon Reid,C,0.25,0.2564300215337425,,2024,bat,C
sa3011702,Pat DeMarco,OF,0.25,0.5207800103817134,,2024,bat,OF
sa3016173,Ahbram Liendo,2B/3B,0.25,0.39114998022560027,BOS,2024,bat,2B/3B
sa3018215,Roque Salinas,OF,0.25,0.48002001680433737,,2024,bat,OF
sa3015117,Yhoswar Garcia,OF,0.25,0.42863000005017965,,2024,bat,OF
sa3016639,Albertson Asigen,OF,0.25,0.5272200075676664,,2024,bat,OF
sa3019308,Cesar Gonzalez,C/1B,0.25,0.1774399752030149,OAK,2024,bat,C/1B
sa3014540,Ed Howard,2B/SS,0.25,0.37492998521775,CHC,2024,bat,2B/SS
sa3021222,Jose Monzon,3B/SS,0.25,0.2505699437810108,TBR,2024,bat,3B/SS
sa3015143,Brady Smith,C,0.25,0.23872998424340036,,2024,bat,C
sa3005952,Jose Ferrer,C,0.25,0.2167600484681315,,2024,bat,C
sa3019935,Collin Price,C/1B,0.25,0.5467299776501021,HOU,2024,bat,C/1B
sa917150,Jonathan Willems,2B,0.25,0.38138995184563085,,2024,bat,2B
sa3020413,Matt Coutney,1B,0.25,0.5850600101519375,LAA,2024,bat,1B
sa3015819,Rafael Cruz,1B/3B,0.25,0.38666999074630426,,2024,bat,1B/3B
sa3005538,Jesus Chirinos,1B,0.25,0.5724800311378203,,2024,bat,1B
sa3021185,Juan Flores,C,0.25,0.24038996234303342,LAA,2024,bat,C
sa3015591,Enmanuel Terrero,OF,0.25,0.529839972546324,,2024,bat,OF
sa3007315,Edison Mora,SS,0.25,0.37765994707588096,,2024,bat,SS
sa3017177,JoJo Blackmon,OF,0.25,0.35939999697729935,,2024,bat,OF
sa3021208,Eduardo Quintero,OF,0.25,0.3833400158328005,LAD,2024,bat,OF
sa3010341,Glenn Santiago,OF,0.25,0.5518300358206032,,2024,bat,OF
sa3020759,Tyresse Turner,2B/3B,0.25,0.3427399792941286,CLE,2024,bat,2B/3B
sa3016185,Carlos Ramos,C,0.25,0.22419998327968632,,2024,bat,C
sa3007048,P.J. Hilson,OF,0.25,0.5515100079355759,PIT,2024,bat,OF
sa3008750,Adinso Reyes,3B/SS,0.25,0.3683700025780125,,2024,bat,3B/SS
sa3008886,Jose Escorche,2B/SS,0.25,0.3173400239320471,,2024,bat,2B/SS
sa3015164,Brian Klein,2B/3B,0.25,0.36500005081761616,,2024,bat,2B/3B
sa3017558,Branden Boissiere,1B,0.25,0.5701499736635013,WSN,2024,bat,1B
sa3014685,Dauri Lorenzo,2B,0.25,0.3652100055245682,,2024,bat,2B
sa3015611,Lizandro Espinoza,SS,0.25,0.2956199951702728,ATL,2024,bat,SS
sa3007023,Alex Hall,C,0.25,0.5001900039264001,,2024,bat,C
sa3017629,Kay-Lan Nicasia,OF,0.25,0.3789900098228826,MIL,2024,bat,OF
sa3019852,Joe Stewart,OF,0.25,0.4945800385903566,,2024,bat,OF
sa3020140,Andrew Kachel,1B/3B,0.25,0.5623799895867706,,2024,bat,1B/3B
31991,Rafael Flores Jr.,1B,0.25,0.53656001992058,PIT,2024,bat,1B
sa3019803,Curtis Washington Jr.,OF,0.25,0.2857099999440834,SEA,2024,bat,OF
sa3020716,Maddux Houghton,OF,0.25,0.35685002286918455,MIN,2024,bat,OF
sa3011263,Jake Guenther,1B/OF,0.25,0.5617599601158871,,2024,bat,1B/OF
sa3020281,Emaarion Boyd,OF,0.25,0.5230400128057225,MIA,2024,bat,OF
sa3022435,Zach Levenson,OF,0.25,0.503580029378645,STL,2024,bat,OF
sa3020273,Jared McKenzie,OF,0.25,0.513550035469234,WSN,2024,bat,OF
sa3021075,Ismael Javier,2B/SS,0.25,0.284200031356886,,2024,bat,2B/SS
sa3008789,Gabriel Moncada,1B,0.25,0.48557998023461546,,2024,bat,1B
sa916997,Harvin Mendoza,1B,0.25,0.5703899834770709,,2024,bat,1B
sa3019771,Kevyn Castillo,OF,0.25,0.35140002563130107,LAA,2024,bat,OF
sa3021624,Dameury Pena,2B,0.25,0.34296997368801385,MIN,2024,bat,2B
sa3008888,Albert Fabian,OF,0.25,0.6322300202911718,SDP,2024,bat,OF
sa3017480,Carlos Colmenarez,3B/SS,0.25,0.23547997920541092,TBR,2024,bat,3B/SS
sa3018482,Luis Baez,OF,0.25,0.48606001040898256,HOU,2024,bat,OF
sa3003360,Jorge Caballero,OF,0.25,0.6386499452637507,,2024,bat,OF
sa3017082,Justin Guerrera,2B/3B,0.25,0.35129005261696866,,2024,bat,2B/3B
sa3021127,Adrian Meza,SS,0.25,0.2504800245631486,,2024,bat,SS
sa3008782,Yoander Rivero,2B/SS,0.25,0.36441997531801457,WSN,2024,bat,2B/SS
sa3018388,Daniel Guilarte,2B/SS,0.25,0.35372999780811354,MIL,2024,bat,2B/SS
sa3017288,Jared Dupere,OF,0.25,0.494959985371679,,2024,bat,OF
sa917291,Yeuris Ramirez,3B,0.25,0.3692899903049693,,2024,bat,3B
sa3004266,Alison Quintero,C,0.25,0.22468999971169973,,2024,bat,C
sa3021156,Abraham Nunez,OF,0.25,0.34228999970946455,CHW,2024,bat,OF
sa3005745,Carlos Irigoyen,SS,0.25,0.3567400215892121,,2024,bat,SS
sa3010398,Tyler Malone,C/OF,0.25,0.4710900366539135,,2024,bat,C/OF
sa3016645,Elio Campos,2B,0.25,0.3422700110590085,ATL,2024,bat,2B
sa3011262,Najee Gaskins,OF,0.25,0.4822999694850295,,2024,bat,OF
sa3017939,Parker Chavers,OF,0.25,0.49762000374030313,CHC,2024,bat,OF
sa3018975,Elvis Rijo,2B/3B,0.25,0.2957299355184659,,2024,bat,2B/3B
sa3019869,Brett Johnson,OF,0.25,0.499459961336106,,2024,bat,OF
sa3020006,Henry Bolte,OF,0.25,0.44171995203942055,OAK,2024,bat,OF
sa3008907,Rodolfo Nolasco,OF,0.25,0.5234200194245204,,2024,bat,OF
sa3005568,Enrique Valdez,3B/SS,0.25,0.36367000150494266,,2024,bat,3B/SS
sa3022541,Jonah Cox,OF,0.25,0.3652099788421764,SFG,2024,bat,OF
sa3011632,Jean Perez,2B,0.25,0.5127200158545747,,2024,bat,2B
33549,Kyle Teel,C,0.25,0.6316799772670492,CHW,2024,bat,C
sa3021160,Branny De Oleo,2B/SS,0.25,0.26860001675086087,NYM,2024,bat,2B/SS
sa3021631,Jhocsuanth Vargas,C,0.25,0.19532000166364008,TEX,2024,bat,C
sa3005715,Alvaro Gonzalez,2B,0.25,0.33254002719186243,,2024,bat,2B
sa3008956,Leodany Perez,OF,0.25,0.4762700286228209,,2024,bat,OF
sa3015694,Wilman Diaz,2B/SS,0.25,0.38842994053848084,,2024,bat,2B/SS
sa3019090,Jesus Castro,C,0.25,0.1942599720554426,SDP,2024,bat,C
sa3020497,Austin Charles,3B/SS,0.25,0.3756500352174043,KCR,2024,bat,3B/SS
sa3020760,Pres Cavenaugh,OF,0.25,0.45170995879452674,,2024,bat,OF
sa3019904,Nick Clarno,C,0.25,0.23217004396719856,,2024,bat,C
sa3021253,Adriander Mejía,C/1B,0.25,0.19438996324315666,BAL,2024,bat,C/1B
sa3016999,Thomas Francisco,1B,0.25,0.5520599734038113,,2024,bat,1B
sa3005484,Roberto Chirinos,2B/SS,0.25,0.3534200046677142,,2024,bat,2B/SS
sa3015653,Newremberg Rondon,C,0.25,0.20741000139387322,DET,2024,bat,C
sa3019979,Andrew Jenkins,1B,0.25,0.5382599922129884,DET,2024,bat,1B
sa3020129,Nick Cimillo,1B,0.25,0.5835700165247545,PIT,2024,bat,1B
sa3019944,Adam Crampton,2B/SS,0.25,0.24980995468795297,,2024,bat,2B/SS
sa3020135,Luke Adams,1B/3B,0.25,0.5461500064935536,MIL,2024,bat,1B/3B
sa3020537,Dom Johnson,OF,0.25,0.4638800164684652,,2024,bat,OF
sa3015534,Maick Collado,1B/3B,0.25,0.5059300128603353,CLE,2024,bat,1B/3B
sa3017628,Lonnie White Jr.,OF,0.25,0.515720019559376,PIT,2024,bat,OF
sa1169956,Logan Allen,OF,0.25,0.48423995682969684,,2024,bat,OF
19458,Cooper Hummel,DH/OF,1.6200000047683716,6.065419951826334,,2024,bat,DH/OF
sa3006578,Sander Mora,2B/3B/SS,0.25,0.33787994666490695,,2024,bat,2B/3B/SS
sa3008747,Jose De La Cruz,OF,0.25,0.4716799477231689,,2024,bat,OF
sa1169866,Scott Ota,OF,0.25,0.4833600106183439,,2024,bat,OF
sa3007291,Abdiel Layer,3B/SS,0.25,0.3610799752408639,,2024,bat,3B/SS
sa3019218,Dervy Ventura,2B,0.25,0.2528799797175452,SEA,2024,bat,2B
sa3005942,Oneill Manzueta,OF,0.25,0.4714899881277233,,2024,bat,OF
sa3018409,Lazaro Montes,OF,0.25,0.5475299524026922,SEA,2024,bat,OF
sa3003328,Franklin Soto,2B/SS,0.25,0.3457099784398451,,2024,bat,2B/SS
sa3014689,Luis Rodriguez,OF,0.25,0.4843299790052697,LAD,2024,bat,OF
sa3019975,Brett Barrera,2B/3B,0.25,0.3427400202257558,,2024,bat,2B/3B
sa3016873,Carson Matthews,2B/3B,0.25,0.34293998128268866,,2024,bat,2B/3B
sa3018397,Keiner Delgado,2B/SS,0.25,0.2978700074134394,PIT,2024,bat,2B/SS
sa3018245,Gaige Howard,OF,0.25,0.4633499978110193,,2024,bat,OF
sa3014676,Juan Chacon,OF,0.25,0.4924099752213806,BOS,2024,bat,OF
sa3010165,Dilan Rosario,2B/SS,0.25,0.3317099614301696,,2024,bat,2B/SS
sa3021148,Luis De Leon,2B,0.25,0.2854700515512376,SDP,2024,bat,2B
sa3014947,Elian Miranda,1B,0.25,0.5602899642428383,,2024,bat,1B
sa3021101,Jeremy Rodriguez,SS,0.25,0.2607400097767823,NYM,2024,bat,SS
sa3017017,Jack Rogers,1B/OF,0.25,0.621179945115,WSN,2024,bat,1B/OF
sa3021286,Mario Baez,2B/SS,0.25,0.29353995483834283,ATL,2024,bat,2B/SS
sa3005722,Adanson Cruz,OF,0.25,0.3427900056587531,,2024,bat,OF
sa3008743,Misael Urbina,OF,0.25,0.45392001473810517,,2024,bat,OF
sa3014934,Kale Emshoff,C/1B,0.25,0.5595299731008708,,2024,bat,C/1B
sa3018632,Marco Vargas,2B/SS,0.25,0.24941001485567538,NYM,2024,bat,2B/SS
sa3019665,Darwin De Leon,2B,0.25,0.31596999815665183,HOU,2024,bat,2B
sa3017376,Tyler Whitaker,OF,0.25,0.44910993205849076,HOU,2024,bat,OF
21078,Trey Cabbage,OF,3.240000009536743,12.20474032871425,,2024,bat,OF
sa3018153,Vojtech Mensik,3B,0.25,0.33703999051358546,,2024,bat,3B
sa3018950,Alexander Albertus,3B,0.25,0.3300399669795297,CHW,2024,bat,3B
sa3016306,Ricardo Rosario,OF,0.25,0.5008699769619851,,2024,bat,OF
sa3015836,Solardo Rodriguez,C/1B/OF,0.25,0.20899997793603686,,2024,bat,C/1B/OF
sa3015703,Pedro Pineda,OF,0.25,0.2903400130802765,OAK,2024,bat,OF
sa3015857,Andy Perez,SS,0.25,0.4818199635948986,COL,2024,bat,SS
sa3008875,Junior Paniagua,2B/3B,0.25,0.3379099453799425,,2024,bat,2B/3B
sa3020458,Andy Garriola,OF,0.25,0.4815000007976777,CHC,2024,bat,OF
sa918332,Mike Wilson,OF,0.25,0.479339958098717,,2024,bat,OF
sa3016954,Shane Muntz,1B,0.25,0.535610000253655,,2024,bat,1B
sa3018540,Angel Mateo,OF,0.25,0.4190299741690978,TBR,2024,bat,OF
sa3017168,Tyler Collins,OF,0.25,0.34143000443000343,,2024,bat,OF
sa3015518,Riquelmin Cabral,1B/3B,0.25,0.3628099855966866,,2024,bat,1B/3B
sa3006201,Brandol Mezquita,OF,0.25,0.46005000080913294,,2024,bat,OF
sa3007304,David Hollie,OF,0.25,0.47609995254315435,,2024,bat,OF
sa3018546,Fernando Peguero,2B/OF,0.25,0.293200009712018,BAL,2024,bat,2B/OF
sa917116,Raul Beracierta,OF,0.25,0.5473699837690218,,2024,bat,OF
sa3007974,Aldrich De Jongh,OF,0.25,0.6129799989052116,,2024,bat,OF
sa3014521,Austin Hendrick,OF,0.25,0.5491199737647547,CIN,2024,bat,OF
sa3015699,Shalin Polanco,OF,0.25,0.5197999970871022,PIT,2024,bat,OF
sa3022162,Eduardo Tait,C,0.25,0.23526998239103697,MIN,2024,bat,C
sa3016963,Jacen Roberson,OF,0.25,0.45631000178400427,,2024,bat,OF
sa3005755,Carlos Aguiar,OF,0.25,0.4817800286691636,,2024,bat,OF
sa3004776,Quentin Holmes,OF,0.25,0.468940045684576,,2024,bat,OF
sa3010271,Jack Stronach,1B/OF,0.25,0.522499981150031,,2024,bat,1B/OF
sa3021216,Starlyn Nunez,3B/SS,0.25,0.3689799548126756,BOS,2024,bat,3B/SS
sa3002860,Carlos Luis,1B/3B,0.25,0.5923500046366824,,2024,bat,1B/3B
sa3022592,Trevor Werner,3B,0.25,0.6320900690509006,KCR,2024,bat,3B
sa3015176,Yerlin Confidan,OF,0.25,0.3987900336971506,CIN,2024,bat,OF
sa3016161,Carlos Avila,C/1B,0.25,0.2040200052317232,LAD,2024,bat,C/1B
sa3022431,Dakota Harris,2B/3B,0.25,0.3202499967766925,STL,2024,bat,2B/3B
sa3004880,Kevin Richards,OF,0.25,0.538240023329854,OAK,2024,bat,OF
sa3019977,Tayler Aguilar,OF,0.25,0.3100999807356856,,2024,bat,OF
sa3019765,Andrews Sosa,C,0.25,0.16237994761904698,HOU,2024,bat,C
sa3014824,MacKenzie Mueller,OF,0.25,0.4606699727242812,,2024,bat,OF
sa3020283,Alec Sayre,OF,0.25,0.4294900374719872,,2024,bat,OF
sa3019902,Bubba Alleyne,OF,0.25,0.48697005365975193,,2024,bat,OF
sa3018408,Yordany De Los Santos,SS,0.25,0.28115999661386004,PIT,2024,bat,SS
9807,Ryan Goins,2B/SS,0.25,0.5963599703740328,,2024,bat,2B/SS
sa3015179,Manuel Sequera,SS,0.25,0.4583200147841125,,2024,bat,SS
sa3022687,Cam Fisher,1B/OF,0.25,0.44156002739910033,,2024,bat,1B/OF
sa3020136,Oliver Cedeno,SS,0.25,0.21627002911409357,,2024,bat,SS
sa3015811,Keiderson Pavon,2B/3B/SS,0.25,0.2332100033294409,,2024,bat,2B/3B/SS
sa3020714,Brett Squires,1B,0.25,0.5408500091405585,KCR,2024,bat,1B
sa3021232,Luis Guevara,3B/SS,0.25,0.21281000876333556,BAL,2024,bat,3B/SS
sa3018450,Alain Camou,2B/3B,0.25,0.2881100098369643,,2024,bat,2B/3B
sa3015646,Emilio Taveras,C/1B,0.25,0.1609999563777819,,2024,bat,C/1B
sa3017109,Tyler Miller,1B/3B,0.25,0.6337199878878889,BOS,2024,bat,1B/3B
sa1169940,Kennie Taylor,OF,0.25,0.4425100290216505,MIN,2024,bat,OF
sa3009191,Carlos Dominguez,OF,0.25,0.4689000167651101,,2024,bat,OF
sa3016106,Adrian Perez,1B/3B,0.25,0.30778001151047646,,2024,bat,1B/3B
sa3009542,Isaac Bellony,OF,0.25,0.45182999731041484,,2024,bat,OF
sa3022702,Pascanel Ferreras,2B/3B/SS,0.25,0.2990399672416969,HOU,2024,bat,2B/3B/SS
sa3017000,Wade Stauss,C,0.25,0.568460047757253,,2024,bat,C
sa3003210,Debby Santana,3B,0.25,0.3328500368399545,,2024,bat,3B
sa3019984,Nick Vogt,OF,0.25,0.43566999622853464,,2024,bat,OF
sa3018601,Erick Alvarez,1B/OF,0.25,0.49953999784775077,,2024,bat,1B/OF
sa3019919,Cade Fergus,OF,0.25,0.4926100088981911,PHI,2024,bat,OF
sa3021091,Enrique Jimenez,C/1B,0.25,0.18150998267810792,MIN,2024,bat,C/1B
sa3018464,Angel Mata,C,0.25,0.22008002907969057,PHI,2024,bat,C
sa3006897,Leandro Emiliani,1B,0.25,0.5253199832281097,,2024,bat,1B
sa3014710,Jhon Diaz,OF,0.25,0.39523003508802496,TBR,2024,bat,OF
sa3021842,Sebastian De Andrade,C,0.25,0.10648006480187172,SEA,2024,bat,C
sa917142,Kelvin Alarcon,2B/3B,0.25,0.5012100490974262,,2024,bat,2B/3B
sa3018208,Jamal O'Guinn,OF,0.25,0.4392999941250309,,2024,bat,OF
sa3005563,Jhoan Paulino,3B/SS,0.25,0.31915000795852383,,2024,bat,3B/SS
sa3018544,Nicandro Aybar,2B/3B/OF,0.25,0.24766003389377136,TBR,2024,bat,2B/3B/OF
sa3006866,Caberea Weaver,OF,0.25,0.458740044129081,,2024,bat,OF
sa3015680,Lewis Castillo,1B/3B,0.25,0.30297001569997517,,2024,bat,1B/3B
sa3007875,Ryder Green,OF,0.25,0.461039992631413,,2024,bat,OF
sa3018624,Leandro Alsinois,OF,0.25,0.29449003825429826,CHW,2024,bat,OF
sa3019888,Nick Biddison,3B/OF,0.25,0.458130008354783,PHI,2024,bat,3B/OF
sa1169620,Marcus Smith,OF,0.25,0.4041199746774509,,2024,bat,OF
sa3008887,Cristopher Barete,OF,0.25,0.3901399478083475,,2024,bat,OF
sa3004756,Nathan Perry,C/1B,0.25,0.5241400063037872,,2024,bat,C/1B
sa3021256,Anyelo Gonzalez,C,0.25,0.1690399699495174,,2024,bat,C
sa3016548,Jose Astudillo,2B/OF,0.25,0.29239998830016695,SFG,2024,bat,2B/OF
sa3005777,Christopher De La Cruz,OF,0.25,0.43200994329527004,,2024,bat,OF
sa3021593,Angel Perez,C/1B,0.25,0.20638998185750093,,2024,bat,C/1B
sa3018549,Yeremy Cabrera,OF,0.25,0.4123499814188108,WSN,2024,bat,OF
sa3021087,Welbyn Francisca,SS,0.25,0.21571002283599222,CLE,2024,bat,SS
sa3022569,Ryan Johnson,2B/SS,0.25,0.29510998947080214,HOU,2024,bat,2B/SS
sa3015695,Armando Cruz,SS,0.25,0.3186599649256094,WSN,2024,bat,SS
sa3016162,Jose Perez,3B,0.25,0.2382800076389685,TBR,2024,bat,3B
sa3021241,Kleyver Salazar,C,0.25,0.1910399461397901,BOS,2024,bat,C
sa3015688,Felix Reyes,1B/OF,0.25,0.5567300064489245,PHI,2024,bat,1B/OF
13744,David Dahl,OF,1.6200000047683716,6.084570373222231,,2024,bat,OF
sa3018449,Marcos Torres,OF,0.25,0.41926004406996065,TEX,2024,bat,OF
sa3019662,Oliver Carrillo,1B/OF,0.25,0.4225000532809644,,2024,bat,1B/OF
sa3006886,Jelfry Marte,2B/SS,0.25,0.3016600186005235,,2024,bat,2B/SS
sa3020355,Taishi Nakawake,SS,0.25,0.286220016865991,,2024,bat,SS
sa3015650,Luis Mendez,2B/SS,0.25,0.4363900113850831,COL,2024,bat,2B/SS
sa3021330,Edgleen Perez,C,0.25,0.13235000710701567,PIT,2024,bat,C
sa3009343,Benyamin Bailey,OF,0.25,0.434660012437962,,2024,bat,OF
sa3008737,Starlin Gill,1B/2B/3B,0.25,0.2947099906392394,,2024,bat,1B/2B/3B
sa3007331,Dawson Dimon,C,0.25,0.18017998664872714,,2024,bat,C
sa3006206,Madison Santos,OF,0.25,0.4064700140850617,NYY,2024,bat,OF
sa3020460,Tommy Specht,OF,0.25,0.39973000754835075,,2024,bat,OF
sa3020120,Chase Estep,1B/3B,0.25,0.5038399716140701,,2024,bat,1B/3B
sa3018919,Demetrio Nadal,2B/OF,0.25,0.2975799496518447,MIL,2024,bat,2B/OF
sa3018616,Santiago Gomez,2B/3B,0.25,0.19655000133207065,NYY,2024,bat,2B/3B
sa3018536,Eduardo Guerrero,2B/SS,0.25,0.24140001540072262,LAD,2024,bat,2B/SS
sa3019527,Cruzmel Arias,C/1B,0.25,0.31709001890849314,COL,2024,bat,C/1B
sa3022530,Will Simpson,1B,0.25,0.47200000642333173,TBR,2024,bat,1B
sa3009835,Brandon Hernandez,2B/3B,0.25,0.28907997724600126,,2024,bat,2B/3B
sa3008895,Charlis Aquino,2B/SS,0.25,0.28021997879259286,,2024,bat,2B/SS
sa3005481,Wilfri Peralta,2B/SS,0.25,0.2982599476817994,,2024,bat,2B/SS
sa3021070,Starlyn Caba,SS,0.25,0.2691800019470974,MIA,2024,bat,SS
sa3003183,Marcos Brito,2B/SS,0.25,0.2957699977327138,,2024,bat,2B/SS
sa3015572,Alexander Perez,2B/3B,0.25,0.29810995608568186,,2024,bat,2B/3B
sa3008749,Eduarqui Fernandez,OF,0.25,0.44445999786257734,,2024,bat,OF
sa3021144,Carlos Virahonda,C,0.25,0.19031996420817449,ARI,2024,bat,C
sa3010720,Stephen Paolini,OF,0.25,0.4395399966277182,,2024,bat,OF
sa3011615,Chase Krogman,OF,0.25,0.39411005727015436,,2024,bat,OF
sa3010032,Will Bartlett,1B,0.25,0.4499699979904107,,2024,bat,1B
sa3021320,Bairon Ledesma,2B,0.25,0.4393900514347479,COL,2024,bat,2B
sa3009660,Miguel Rojas,C,0.25,0.16244006444467232,,2024,bat,C
sa3018611,Juan Matheus,3B/SS,0.25,0.20385999897262075,MIA,2024,bat,3B/SS
sa3021103,Felix Morrobel,SS,0.25,0.228799965372309,LAA,2024,bat,SS
sa3004053,Miguel Perez,OF,0.25,0.30371006040368226,,2024,bat,OF
sa3010041,Harrison Freed,OF,0.25,0.4390400184318423,,2024,bat,OF
sa3017333,Luke Brown,OF,0.25,0.5979699878487735,,2024,bat,OF
sa3018957,Miguel Dominguez,C,0.25,0.16539003112120554,,2024,bat,C
sa3018556,Alfredo Velásquez,2B/3B/SS,0.25,0.26141001190990204,BAL,2024,bat,2B/3B/SS
sa3005612,Reidy Mercado,OF,0.25,0.4515700113493949,,2024,bat,OF
sa3008821,Francisco Floyd,3B/SS,0.25,0.29519005175679913,,2024,bat,3B/SS
sa3020197,Tanner Tredaway,OF,0.25,0.4155999504728242,,2024,bat,OF
sa3018563,Andrés Nolaya,C,0.25,0.13465999567415565,BAL,2024,bat,C
sa3016840,Paxton Wallace,1B/3B,0.25,0.49478001310490066,,2024,bat,1B/3B
sa3008748,Alvin Guzman,OF,0.25,0.3293099683243781,,2024,bat,OF
sa3016088,Samuel Rojas,C,0.25,0.1402599918539635,,2024,bat,C
sa3018644,Byron Chourio,OF,0.25,0.28543005696265017,MIN,2024,bat,OF
sa3018531,Daniel Bruzual,C,0.25,0.13113995731109745,,2024,bat,C
sa3018495,Roynier Hernandez,2B,0.25,0.41834998286794867,COL,2024,bat,2B
sa3018969,Karell Paz,OF,0.25,0.4787199867190793,,2024,bat,OF
sa3005151,Kevin Watson Jr,OF,0.25,0.5451999780721962,,2024,bat,OF
sa3021327,Jorge Lara,2B,0.25,0.30782005493529135,ARI,2024,bat,2B
sa3008420,Alan Mejia,OF,0.25,0.30403000402729957,,2024,bat,OF
sa3018403,Cristhian Vaquero,OF,0.25,0.4431000038515776,WSN,2024,bat,OF
sa3004381,Ulrich Bojarski,OF,0.25,0.44269003230147064,,2024,bat,OF
sa3015839,Leonardo Rondon,C/2B,0.25,0.19042998708318915,,2024,bat,C/2B
sa3018943,Abrahan Ramirez,2B/3B,0.25,0.24572996064089236,MIA,2024,bat,2B/3B
sa3014880,Ty Duvall,C,0.25,0.46251994592603285,,2024,bat,C
sa3014703,Ismael Mena,OF,0.25,0.43100999246817073,,2024,bat,OF
15585,Mike Ford,1B/DH,42.119998931884766,178.33987446427344,,2024,bat,1B/DH
sa3018600,Luis Torres,1B,0.25,0.5018099721055478,,2024,bat,1B
sa3016834,Miguel Bleis,OF,0.25,0.4596799495164304,BOS,2024,bat,OF
sa3016553,Edgardo Ordonez,C,0.25,0.16016001718817272,MIL,2024,bat,C
sa1170897,Ernny Ordonez,1B,0.25,0.5136000214843078,,2024,bat,1B
sa3018580,Franyerber Montilla,2B/SS,0.25,0.20747004791628565,DET,2024,bat,2B/SS
sa3019498,Luis Marquez,2B/SS,0.25,0.2651500265346839,TEX,2024,bat,2B/SS
sa3005916,Guillermo Quintana,C/1B,0.25,0.4847600036067887,,2024,bat,C/1B
sa3021093,Filippo Di Turi,2B/SS,0.25,0.20954003370134153,MIL,2024,bat,2B/SS
sa3008784,Isaac De León,3B/SS,0.25,0.43999003993812946,,2024,bat,3B/SS
sa3005735,Andry Arias,OF,0.25,0.42177998300176106,,2024,bat,OF
sa3009328,Yorberto Mejicano,C/1B,0.25,0.4889200356788932,,2024,bat,C/1B
sa3008758,Omar Florentino,2B/SS,0.25,0.27996003725565966,,2024,bat,2B/SS
sa3019629,Ricson Gonzalez,C,0.25,0.1575400024885311,KCR,2024,bat,C
sa3017294,Jordan McCants,2B,0.25,0.30540994361508633,,2024,bat,2B
sa3020088,Cole Moore,1B,0.25,0.5206800219835713,,2024,bat,1B
sa3021187,Pablo Arosemena,C/1B,0.25,0.11639001262374217,CLE,2024,bat,C/1B
sa3017697,T.J. White,1B/OF,0.25,0.505280022881925,WSN,2024,bat,1B/OF
sa3015574,Jefrey De Los Santos,2B/OF,0.25,0.3829900067532435,,2024,bat,2B/OF
sa3017022,Joshua Baez,OF,0.25,0.4166200380539521,STL,2024,bat,OF
sa3019896,Casey Dana,3B/OF,0.25,0.29246000631246716,,2024,bat,3B/OF
sa3021177,Gabriel Lara,OF,0.25,0.2619599964702502,NYY,2024,bat,OF
sa3018593,Ricardo Pena,C,0.25,0.14771998056676236,MIN,2024,bat,C
sa3008757,Alexander Ramirez,OF,0.25,0.4187099781818688,CHC,2024,bat,OF
sa3016628,Moises Alcala,C,0.25,0.17554995720274738,ARI,2024,bat,C
sa3016958,Austin Schultz,OF,0.25,0.4109899850096552,,2024,bat,OF
sa3017405,Brennon McNair,3B/OF,0.25,0.29459998772945245,KCR,2024,bat,3B/OF
sa3008869,Amell Brazoban,OF,0.25,0.41728000538423643,,2024,bat,OF
sa3018565,Echedry Vargas,SS,0.25,0.2554999823449179,MIA,2024,bat,SS
sa3019998,Jose Izarra,2B/SS,0.25,0.2875900050508789,LAD,2024,bat,2B/SS
sa3019929,Tayden Hall,1B,0.25,0.4758300286484882,MIL,2024,bat,1B
sa3019916,Chad Castillo,1B,0.25,0.5323500369209797,,2024,bat,1B
sa3016965,J.D. McLaughlin,OF,0.25,0.39006997852120545,,2024,bat,OF
sa3015801,Luis Castillo,OF,0.25,0.4185600205790251,MIL,2024,bat,OF
sa3021152,Juan Hernandez,3B/SS,0.25,0.18947003530338405,DET,2024,bat,3B/SS
sa3017023,Eric Martinez,C,0.25,0.15145004761870956,MIL,2024,bat,C
sa3019404,Josnaider Orellana,C/1B,0.25,0.15146997063420706,ATL,2024,bat,C/1B
sa3021837,Kelvin Alcantara,OF,0.25,0.1990199876832775,SEA,2024,bat,OF
sa3015548,Luis Encarnacion,1B,0.25,0.4609399445238523,,2024,bat,1B
sa3005597,Raimfer Salinas,OF,0.25,0.41283996261190614,,2024,bat,OF
sa3016856,Randy Bednar,OF,0.25,0.42120001749135555,,2024,bat,OF
sa3008937,Dyron Campos,OF,0.25,0.420519962045364,,2024,bat,OF
sa3005547,Luis Silva,1B/3B,0.25,0.28378997507970777,,2024,bat,1B/3B
sa3018400,Andy Lugo,3B/OF,0.25,0.3089400132885202,MIN,2024,bat,3B/OF
sa3016135,Oscar Silverio,C/1B,0.25,0.1146599658066407,,2024,bat,C/1B
sa3008915,Alexander Suarez,OF,0.25,0.4064799698535352,,2024,bat,OF
sa3015236,Jean Walters,2B,0.25,0.2960299426456913,ARI,2024,bat,2B
sa3016157,Anyelo Encarnación,2B/SS,0.25,0.19104002604726697,STL,2024,bat,2B/SS
sa3020349,Johnathon Thomas,OF,0.25,0.42679998019011695,WSN,2024,bat,OF
sa3022759,Ryan Galanie,1B,0.25,0.4807899893028661,CHW,2024,bat,1B
sa3015598,Andres Mesa,2B/SS,0.25,0.28160997522063547,,2024,bat,2B/SS
sa3005787,Johnabiell Laureano,OF,0.25,0.399019976472482,,2024,bat,OF
sa3018554,Faruk De La Cruz,C/1B,0.25,0.10588997274171558,,2024,bat,C/1B
sa3008144,Xavier Valentin,C,0.25,0.2813100595027208,,2024,bat,C
sa3016543,Estanlin Cassiani,OF,0.25,0.27380001700948914,,2024,bat,OF
sa3015649,Sandry Hernandez,OF,0.25,0.2739900482119992,,2024,bat,OF
sa3019540,Jean Mata,OF,0.25,0.23198998031439255,,2024,bat,OF
sa3021083,Yophery Rodriguez,OF,0.25,0.2792199801187961,BOS,2024,bat,OF
sa924858,Braulio Vasquez,2B/3B,0.25,0.46902994760312133,,2024,bat,2B/3B
sa3005747,Luis Baez,OF,0.25,0.40100996682886025,,2024,bat,OF
sa3005754,Victor Mascai,1B,0.25,0.4850500213215128,,2024,bat,1B
sa3015741,Aneudis Mordán,C/1B,0.25,0.11006003718357532,,2024,bat,C/1B
sa3005773,Eliezel Stevens,2B,0.25,0.46775999665260304,,2024,bat,2B
sa3020419,John Garcia,C,0.25,0.4326600224245339,HOU,2024,bat,C
sa3015296,Adriel Sotolongo,1B/OF,0.25,0.3986000162316486,,2024,bat,1B/OF
sa3022425,William Sullivan,1B,0.25,0.47969996449537566,,2024,bat,1B
sa3015684,Kliubert Avila,C,0.25,0.13431002701399847,,2024,bat,C
sa3018946,Yidel Diaz,C/1B,0.25,0.13034998686052857,,2024,bat,C/1B
sa3015536,Lexer Saduy,OF,0.25,0.36436003631679337,,2024,bat,OF
sa3021300,Pedro Roque,2B/SS,0.25,0.20896004793466996,KCR,2024,bat,2B/SS
sa3020679,Brando Mayea,OF,0.25,0.25721999823581426,NYY,2024,bat,OF
sa3019895,Ambioris Tavarez,2B/SS,0.25,0.22306995596736662,ATL,2024,bat,2B/SS
sa3022505,Jace Grady,OF,0.25,0.42634995293337846,,2024,bat,OF
sa3018466,Nolan Beltran,SS,0.25,0.21654997833538797,PHI,2024,bat,SS
sa3019524,Gary Mattis,OF,0.25,0.5436499724863098,,2024,bat,OF
sa3015616,Maycol Justo,SS,0.25,0.1990199988009408,,2024,bat,SS
sa3021213,Gabriel Terrero,2B,0.25,0.24864999087294554,,2024,bat,2B
sa3005487,Adrian Hernandez,OF,0.25,0.4090700050583108,,2024,bat,OF
sa3014702,Reginald Preciado,3B,0.25,0.2632399930618703,CHC,2024,bat,3B
sa3011382,Connor Blair,OF,0.25,0.39262001824099574,,2024,bat,OF
sa3018592,Miguel Tamares,SS/OF,0.25,0.14408005009172475,,2024,bat,SS/OF
sa3022503,Cam Magee,3B/SS,0.25,0.2906000097747891,,2024,bat,3B/SS
23552,Chandler Seagle,DH,0.23999999463558197,0.5123900242848322,,2024,bat,DH
sa3009291,Robert Mendoza,C,0.25,0.1292599940206855,,2024,bat,C
sa3020210,Elijah Green,OF,0.25,0.28173997196136036,WSN,2024,bat,OF
sa3018101,Jaxon Hallmark,2B/OF,0.25,0.25735001116991035,,2024,bat,2B/OF
sa3022427,Jake DeLeo,OF,0.25,0.4341200261376797,,2024,bat,OF
sa3021326,Kevin Verde,3B/SS,0.25,0.18404000985901797,NYY,2024,bat,3B/SS
sa3018486,Natanael Yuten,OF,0.25,0.4220900219399481,BOS,2024,bat,OF
sa3018474,Richard Ramirez,C,0.25,0.16535999050829558,PIT,2024,bat,C
sa3015539,Kevin Rivas,1B,0.25,0.09284995588241143,CLE,2024,bat,1B
sa3010870,Kadon Morton,OF,0.25,0.41454996017273515,,2024,bat,OF
sa3021122,David Isea,C,0.25,0.2808899742085486,,2024,bat,C
sa3022534,Mark Coley II,OF,0.25,0.42665994612034397,MIA,2024,bat,OF
sa3005780,Jefferson Encarnacion,OF,0.25,0.3887900241883471,,2024,bat,OF
sa3016113,Maikel Hernandez,C/1B,0.25,0.11791001479141415,,2024,bat,C/1B
sa3015225,Saul Garza,1B,0.25,0.4800499581731855,,2024,bat,1B
sa3003213,Felix Familia,C/1B,0.25,0.46139998980797814,,2024,bat,C/1B
sa3021317,Heriberto Caraballo,C/1B,0.25,0.11954997833818194,STL,2024,bat,C/1B
sa3015191,Anthony Rodriguez,3B/SS,0.25,0.2567300030961633,,2024,bat,3B/SS
sa3019863,Braedon Karpathios,OF,0.25,0.3442300218972378,SDP,2024,bat,OF
sa3015629,Roylems Rangel,C,0.25,0.12924998232629142,,2024,bat,C
sa3016839,Kenyon Yovan,P,0.25,0.47788998750038436,LAA,2024,bat,P
sa3008753,Jose Rodriguez,1B/OF,0.25,0.38926002036314444,,2024,bat,1B/OF
sa3015195,Angel Del Rosario,2B/SS/OF,0.25,0.38735000549349924,,2024,bat,2B/SS/OF
sa1169970,Javeon Cody,OF,0.25,0.38607000517658885,,2024,bat,OF
sa3015846,Bryant Betancourt,C/1B,0.25,0.596039994410239,COL,2024,bat,C/1B
sa3018420,Jose De Jesus,OF,0.25,0.2456100127543322,,2024,bat,OF
sa3019510,Roiner Quintana,OF,0.25,0.2375200077425688,HOU,2024,bat,OF
sa3015543,Esneider Gomez,1B/3B,0.25,0.2584500476252287,,2024,bat,1B/3B
sa3018465,Carlos Sanchez,3B/SS,0.25,0.23995000155409796,CIN,2024,bat,3B/SS
24671,Cody Wilson,PH/PR,0.25,0.5429100109962746,,2024,bat,PH/PR
sa3018463,Aroon Escobar,2B,0.25,0.27156003094278275,PHI,2024,bat,2B
sa3015600,Edryn Rodriguez,2B,0.25,0.1794899677392095,,2024,bat,2B
sa3021082,Esmil Valencia,OF,0.25,0.23484004691708832,MIA,2024,bat,OF
sa3008856,Frank Astacio,1B/3B,0.25,0.25632000961340956,,2024,bat,1B/3B
sa3018557,Jeral Perez,2B/SS,0.25,0.26718999161384993,CHW,2024,bat,2B/SS
sa3017107,Cam Williams,1B/3B,0.25,0.48907994355540724,,2024,bat,1B/3B
sa3018507,Jesus Baéz,SS,0.25,0.17828004551120094,STL,2024,bat,SS
sa3016182,Steven Cespedes,C,0.25,0.11473000093828883,,2024,bat,C
sa3019807,Bjay Cooke,2B/SS,0.25,0.12496999460272488,OAK,2024,bat,2B/SS
sa3021854,Omar Reyes,1B/2B,0.25,0.24859996454324573,KCR,2024,bat,1B/2B
sa3019483,Nomar Velasquez,3B/OF,0.25,0.21153997122310092,CLE,2024,bat,3B/OF
sa3017402,Jack-Thomas Wold,1B,0.25,0.470160054997541,,2024,bat,1B
sa3014681,Michel Triana,1B,0.25,0.46529001016169785,,2024,bat,1B
sa1170041,Burle Dixon,OF,0.25,0.3844299344113096,,2024,bat,OF
sa3010047,Yassel Pino,1B,0.25,0.523739968414884,,2024,bat,1B
sa3015744,Angel Tejada,2B,0.25,0.41923000738024707,,2024,bat,2B
sa3021078,Robert Calaz,OF,0.25,0.41209995248354964,COL,2024,bat,OF
sa3011590,Jasiah Dixon,OF,0.25,0.3791499803774057,,2024,bat,OF
sa1169881,Zac Ching,2B/SS,0.25,0.455270047741942,,2024,bat,2B/SS
sa3015599,Carlos Jimenez,OF,0.25,0.1786800052039325,SEA,2024,bat,OF
sa3015752,Ramon Peralta,SS,0.25,0.17656001921277484,,2024,bat,SS
sa3021061,Pedro Catuy,OF,0.25,0.2806600284995511,ARI,2024,bat,OF
sa3015692,Javier Mora,2B,0.25,0.23038001258391885,,2024,bat,2B
sa3020825,Angel Zarate,OF,0.25,0.4774100291077047,,2024,bat,OF
sa3021586,Guillermo Rosario,C/1B,0.25,0.13590001318370915,PHI,2024,bat,C/1B
sa3015719,Malvin Valdez,OF,0.25,0.31989000000758094,CIN,2024,bat,OF
sa3018582,Alberto Hernandez,2B/SS,0.25,0.162990042741876,HOU,2024,bat,2B/SS
sa3016826,Raylin Heredia,OF,0.25,0.41838996750302604,PHI,2024,bat,OF
sa3018394,Yimmy Diaz,3B,0.25,0.22872001426294444,,2024,bat,3B
sa3018977,Alejandro Nunez,2B/SS,0.25,0.22940999071579427,HOU,2024,bat,2B/SS
sa3005569,Eduardo Salazar,1B/OF,0.25,0.4614099654369056,,2024,bat,1B/OF
sa3015238,Carlos Pelegrin,OF,0.25,0.36943001346662635,,2024,bat,OF
sa3021324,Justin Ramirez,OF,0.25,0.2407200155314058,NYM,2024,bat,OF
sa3016186,Ricardo Cova,OF,0.25,0.17728003080701457,SEA,2024,bat,OF
sa3016717,Luis Suisbel,1B/3B,0.25,0.37654002096969635,SEA,2024,bat,1B/3B
sa3022307,Erick Lara,3B/SS,0.25,0.1231300082756206,TBR,2024,bat,3B/SS
sa3021219,Elias Medina,3B/OF,0.25,0.26941997834946957,LAD,2024,bat,3B/OF
sa3021191,Jose Pirela,OF,0.25,0.23274994678795333,CLE,2024,bat,OF
sa3020282,Juanfel Peguero,SS,0.25,0.11637995995115481,TBR,2024,bat,SS
sa3018934,Henry Guerrero,C,0.25,0.10687002609483892,,2024,bat,C
sa3005575,Norkis Marcos,SS,0.25,0.2424900695681571,,2024,bat,SS
sa3015827,Jose Melendez,C,0.25,0.09400001200847327,NYM,2024,bat,C
sa3019096,Kleimir Lemos,1B,0.25,0.15995994168333705,TEX,2024,bat,1B
sa3010044,Wendell Marrero,OF,0.25,0.4409699961775913,,2024,bat,OF
sa3018411,Jonathan Mejia,2B/SS,0.25,0.16433001009281717,STL,2024,bat,2B/SS
sa3018392,Jair Casanova,OF,0.25,0.39395005095284424,,2024,bat,OF
sa3015581,Erubiel Fuentes,2B/3B,0.25,0.17290001574438063,,2024,bat,2B/3B
sa3015656,Jhonny Perdomo,2B,0.25,0.24593999055214216,,2024,bat,2B
sa3009794,Angeudis Santos,2B/SS,0.25,0.3535300295799971,,2024,bat,2B/SS
sa1170006,Joe Vranesh,OF,0.25,0.5164700177963824,,2024,bat,OF
sa3021049,Jhosmmel Zue,C/1B,0.25,0.13515001646010197,KCR,2024,bat,C/1B
sa3019440,Estiven Giron,C/1B,0.25,0.07359002087032415,,2024,bat,C/1B
sa3016753,Brahian Silva,C,0.25,0.12567996768048034,,2024,bat,C
sa3008889,Alexander Mojica,1B/3B,0.25,0.471660025708843,,2024,bat,1B/3B
sa3010905,Micah Yonamine,1B,0.25,0.43634000932797784,,2024,bat,1B
23557,Chris Roller,OF,1.6200000047683716,5.476150280795991,,2024,bat,OF
sa3015861,Anderson Colmenarez,2B/3B,0.25,0.2412500182865187,,2024,bat,2B/3B
sa3021192,Jose Urbina,C,0.25,0.12084995943587269,ARI,2024,bat,C
sa3008853,Danyer Sanabria,1B/OF,0.25,0.39690006249584253,,2024,bat,1B/OF
sa3021210,Luiyin Alastre,OF,0.25,0.23200005079852415,MIL,2024,bat,OF
sa3014714,Rikelbin De Castro,2B/SS,0.25,0.2105599795351736,,2024,bat,2B/SS
sa3019724,Luis Aparicio,OF,0.25,0.3336699888459406,,2024,bat,OF
sa3018642,Jerson Florentino,2B,0.25,0.21600002533523363,,2024,bat,2B
sa3021084,Arnaldo Lantigua,OF,0.25,0.2660699796862899,CIN,2024,bat,OF
sa3016872,Marco Soto,2B/SS,0.25,0.19299000708851957,,2024,bat,2B/SS
sa3015639,Robert Robertis,OF,0.25,0.3424899765057489,,2024,bat,OF
sa3011739,Karson Simas,2B/OF,0.25,0.3768300302093848,CHC,2024,bat,2B/OF
sa3003225,Jhoneiker Betancourt,C/1B,0.25,0.43807003480615087,,2024,bat,C/1B
sa3018528,Franyer Noria,2B/3B/OF,0.25,0.24395002701785412,,2024,bat,2B/3B/OF
sa3021086,Daiverson Gutierrez,C,0.25,0.07130000081378957,NYM,2024,bat,C
sa3021255,Harold Gonzalez,2B/3B,0.25,0.21583999965805556,LAD,2024,bat,2B/3B
sa3018641,Erick Torres,OF,0.25,0.25078999553807074,KCR,2024,bat,OF
sa3008739,Felix Negueis,OF,0.25,0.35216997053939847,,2024,bat,OF
sa3015715,Manuel Pena,2B,0.25,0.5191300405655056,ARI,2024,bat,2B
sa3015642,Alexis Hernandez,OF,0.25,0.4763299559359438,TOR,2024,bat,OF
sa3009834,Sergio Campana,OF,0.25,0.3861100078560411,,2024,bat,OF
sa3021639,Asbel Gonzalez,OF,0.25,0.24377002820838242,KCR,2024,bat,OF
sa3015755,Jhosward Camacho,1B/3B,0.25,0.2215400482527911,,2024,bat,1B/3B
sa3005945,Oswal Leones,OF,0.25,0.36108996903058144,,2024,bat,OF
sa3015764,Winder Diaz,SS,0.25,0.16259004891617215,,2024,bat,SS
sa3022570,Brennan Orf,1B/OF,0.25,0.39072002342436457,TOR,2024,bat,1B/OF
sa3015541,Juan Castillo,C,0.25,0.24277999249752613,COL,2024,bat,C
sa3018489,Yordalin Peña,OF,0.25,0.22470999271608885,STL,2024,bat,OF
sa3021634,Luis Parababire,C/1B,0.25,0.11177000062307338,ATL,2024,bat,C/1B
sa3021139,Wilian Trinidad,2B/3B/SS,0.25,0.15842003304278468,TBR,2024,bat,2B/3B/SS
sa3015809,Gedionne Marlin,2B/3B,0.25,0.18980995237361636,,2024,bat,2B/3B
sa3014470,Carson Tucker,2B/3B/SS,0.25,0.1925299756461754,SDP,2024,bat,2B/3B/SS
sa3019102,Edwin Ramos,C/1B,0.25,0.07671997847501177,,2024,bat,C/1B
sa3018461,Brayan Guedez,2B/3B/SS,0.25,0.13589003994129592,,2024,bat,2B/3B/SS
sa3015788,Luis Guerra,2B/3B,0.25,0.4257700117421336,,2024,bat,2B/3B
sa3021290,Angel Acosta,2B,0.25,0.2312799851526506,KCR,2024,bat,2B
sa3015374,Cuba Bess,1B,0.25,0.4392399770207703,,2024,bat,1B
sa3018501,Waner Luciano,3B,0.25,0.21022999309934667,HOU,2024,bat,3B
sa3016120,Jean Arnaez,1B/2B,0.25,0.41105005273129785,,2024,bat,1B/2B
sa3018456,Yosander Asencio,OF,0.25,0.23277995134703816,,2024,bat,OF
sa3018610,Daniel Castro,C/1B,0.25,0.06314999673049897,,2024,bat,C/1B
sa3021090,Carlos Silva,C,0.25,0.07636000509373836,MIN,2024,bat,C
sa3021150,Jonathan Rivero,C,0.25,0.11274998955195763,PIT,2024,bat,C
sa3008763,Estanli Castillo,OF,0.25,0.35000999127514654,,2024,bat,OF
sa3015167,Roger Leyton,OF,0.25,0.35093004668597133,,2024,bat,OF
sa3008799,Albert Feliz,1B,0.25,0.4624799584271385,,2024,bat,1B
sa3021602,Sebastian Cadiz,C/1B,0.25,0.0678399939788505,CLE,2024,bat,C/1B
sa3019092,Omar Romero,2B,0.25,0.18307004184462125,,2024,bat,2B
sa3018608,Luis Frias,OF,0.25,0.21974001276539637,SFG,2024,bat,OF
sa3015651,Oswal Rada,C,0.25,0.0939900012919679,,2024,bat,C
sa3015652,Layant Tapia,SS,0.25,0.21418998313602058,,2024,bat,SS
sa3021233,Luis Lameda,2B/3B,0.25,0.20515000817831605,MIL,2024,bat,2B/3B
sa3022501,Joe Vetrano,1B,0.25,0.43774004157166924,LAD,2024,bat,1B
sa3021306,Michael Guzman,3B,0.25,0.1861599511234089,TEX,2024,bat,3B
sa3018011,German Ortiz,1B,0.25,0.15043003960745407,OAK,2024,bat,1B
sa3022184,Alfredo Alcantara,2B/SS,0.25,0.21308001520810643,CIN,2024,bat,2B/SS
sa875232,Nick Shumpert,SS,0.25,0.34298001257702704,,2024,bat,SS
sa3021207,Alfredo Rodriguez,C,0.25,0.027019999106414637,TBR,2024,bat,C
sa3014718,Roismar Quintana,1B/OF,0.25,0.4220999970566481,,2024,bat,1B/OF
sa3021092,German Ramirez,3B/SS,0.25,0.12621998888207597,HOU,2024,bat,3B/SS
sa3015644,Moises Paiva,2B,0.25,0.20502997433068224,,2024,bat,2B
sa3022495,Drew Compton,1B,0.25,0.43936995703261333,ATL,2024,bat,1B
sa3021830,Williams Wong,2B,0.25,0.16678999265423036,,2024,bat,2B
sa3019217,Johan Contreras,C/1B,0.25,0.04909998879302284,,2024,bat,C/1B
sa3010015,Julio Carrion,1B/3B,0.25,0.3463300125789829,,2024,bat,1B/3B
sa3015829,Samuel Camacaro,3B/SS,0.25,0.13880999328102914,,2024,bat,3B/SS
sa3015726,Yeferson Tineo,2B/SS,0.25,0.11250004663597785,,2024,bat,2B/SS
sa3019212,Yohander Linarez,3B/SS,0.25,0.23358996361494055,BOS,2024,bat,3B/SS
sa3014686,Erick Peña,OF,0.25,0.2391899888170883,,2024,bat,OF
sa3021198,Joshua Liranzo,3B/SS,0.25,0.18395996298640963,BAL,2024,bat,3B/SS
sa3018425,Yilber Herrera,2B/SS,0.25,0.12541999815730373,MIN,2024,bat,2B/SS
sa3021135,David Guzman,OF,0.25,0.3177000313531607,TOR,2024,bat,OF
sa3015826,Yohairo Cuevas,1B/OF,0.25,0.3966699999989941,NYM,2024,bat,1B/OF
sa3020005,Yeniel Laboy,1B/3B,0.25,0.36535002007149153,,2024,bat,1B/3B
sa3021094,Yerlin Luis,OF,0.25,0.15731999644776798,CLE,2024,bat,OF
sa3005530,Ronny Rojas,3B,0.25,0.425279998325277,,2024,bat,3B
sa3015840,Emerson Purroy,2B/SS,0.25,0.10824003354646261,,2024,bat,2B/SS
8418,Ehire Adrianza,3B/SS,6.480000019073486,20.935101590305564,,2024,bat,3B/SS
sa3015625,Arison Jimenez,OF,0.25,0.16308001435827457,TBR,2024,bat,OF
sa3021229,Braylin Morel,OF,0.25,0.3222999643534421,TEX,2024,bat,OF
sa3021181,Yaikel Mijares,2B/3B,0.25,0.17792001555208106,CLE,2024,bat,2B/3B
sa3021284,John Gil,SS,0.25,0.21906998751219356,ATL,2024,bat,SS
sa3022281,Yassel Soler,3B,0.25,0.2474899724940769,ARI,2024,bat,3B
sa3021164,Juan Frances,OF,0.25,0.18713995949365192,,2024,bat,OF
sa3010340,Jalen Greer,2B/SS,0.25,0.1549500331748277,,2024,bat,2B/SS
sa3010163,Jordan Brown,OF,0.25,0.34421996767632657,,2024,bat,OF
sa3018494,Juan Villavicencio,2B/SS,0.25,0.16851000615861267,PHI,2024,bat,2B/SS
sa3015765,Anderson Machado,1B/3B,0.25,0.1513899988261982,,2024,bat,1B/3B
sa3014831,Brett Rodriguez,2B/OF,0.25,0.3170200364780612,,2024,bat,2B/OF
sa3021180,Félix Amparo,2B,0.25,0.10849000142188736,BAL,2024,bat,2B
sa3018963,Samuel Gil,2B/SS,0.25,0.18557994791772214,DET,2024,bat,2B/SS
sa3010863,Junior Sanquintin,1B,0.25,0.42268999482039354,,2024,bat,1B
sa3016148,Bryant Mendez,2B/SS,0.25,0.12824996544513853,SEA,2024,bat,2B/SS
sa3021098,Maikol Orozco,2B/3B,0.25,0.17815000240225345,DET,2024,bat,2B/3B
sa3021153,Railin Tea,2B/OF,0.25,0.15289998925290996,,2024,bat,2B/OF
sa3018968,Germain Noriega,OF,0.25,0.18614995828829697,NYM,2024,bat,OF
sa3019439,Roinny Aguiar,2B,0.25,0.2161699737189337,,2024,bat,2B
sa3018915,Jesus Machado,OF,0.25,0.18092998954234643,,2024,bat,OF
sa3019628,Jose Robledo,2B/3B/SS,0.25,0.10918998701963567,,2024,bat,2B/3B/SS
sa3002624,Jesus Feliz,3B/SS,0.25,0.4166000017430632,,2024,bat,3B/SS
sa3021279,Alexander Garcia,SS/OF,0.25,0.054659963236190406,,2024,bat,SS/OF
sa3021237,Deward Tovar,OF,0.25,0.17408002115553242,TEX,2024,bat,OF
sa3015186,Yeral Martinez,1B/OF,0.25,0.438480012724176,,2024,bat,1B/OF
sa3021063,Luis Escudero,2B,0.25,0.16280002449639133,NYY,2024,bat,2B
sa3021238,Heriberto Rincon,OF,0.25,0.17892001247964798,NYM,2024,bat,OF
sa3019926,Brett Roberts,OF,0.25,0.49991000865120444,,2024,bat,OF
sa3018396,Dervin Andrade,C,0.25,0.09589998261071735,,2024,bat,C
sa3018640,Cristian Gonzalez,2B/SS,0.25,0.20162997656734657,,2024,bat,2B/SS
sa3016092,Jairo Mendez,OF,0.25,0.21892000795342023,,2024,bat,OF
sa3021322,Derik Alcantara,OF,0.25,0.31776001600082954,CHC,2024,bat,OF
sa3019798,Luis Colon,2B,0.25,0.16382995487656438,,2024,bat,2B
sa3018525,Juan Baez,3B,0.25,0.2051199816982262,MIL,2024,bat,3B
sa3018455,Carlos Pacheco,OF,0.25,0.1369299950427376,OAK,2024,bat,OF
sa3017077,Drake Osborn,C,0.25,0.4556999332853592,,2024,bat,C
sa3018550,Edrei Campos,3B/SS,0.25,0.1039799992460757,BAL,2024,bat,3B/SS
sa3017770,Gavin Conticello,3B/OF,0.25,0.4955199794843793,ARI,2024,bat,3B/OF
sa3016160,Jesus Montilla,3B/SS,0.25,0.11838001076830548,,2024,bat,3B/SS
sa3017108,Hayden Jones,C,0.25,0.5499100433778948,,2024,bat,C
sa3015793,Nathanael Rodriguez,3B/SS,0.25,0.14087998623726886,,2024,bat,3B/SS
sa3016194,Juan Cruz,OF,0.25,0.13858001169282935,,2024,bat,OF
sa3016857,Steven Rivas,OF,0.25,0.4773199596209451,,2024,bat,OF
sa3011599,Mahki Backstrom,1B,0.25,0.4025000056950376,,2024,bat,1B
sa3019995,Parker Kelly,1B/OF,0.25,0.5427099517546593,,2024,bat,1B/OF
sa3011559,Jake Snider,OF,0.25,0.6058299979660661,TEX,2024,bat,OF
sa3008835,Ricardo Balogh,1B/3B,0.25,0.40187001395970573,,2024,bat,1B/3B
sa3015655,Luis Echenique,OF,0.25,0.3103399766841902,,2024,bat,OF
sa3018526,Edwin Amparo,2B/SS,0.25,0.16372000713599844,BAL,2024,bat,2B/SS
sa3018121,Myles Miller,OF,0.25,0.3296399974264205,,2024,bat,OF
sa3015556,Darol Garcia,2B/SS,0.25,0.19453006894327698,,2024,bat,2B/SS
sa3021223,Jose Tovar,C,0.25,0.003360029764007776,TBR,2024,bat,C
sa3016100,Luis Watter,3B/OF,0.25,0.18868996468372637,,2024,bat,3B/OF
sa3010164,Misael Gonzalez,OF,0.25,0.3253099774708971,,2024,bat,OF
sa3022560,Kevin Sim,1B/3B,0.25,0.42498006904497737,,2024,bat,1B/3B
sa3019684,Romel Mendez,OF,0.25,0.2180400365847163,,2024,bat,OF
sa3021856,Adrian Gil,1B,0.25,0.3722899736836552,CHW,2024,bat,1B
sa3015671,Victor Valera,2B,0.25,0.18896993930684397,,2024,bat,2B
sa3018454,Pedro Hernandez,SS,0.25,0.07926001328742124,,2024,bat,SS
sa3019401,Abdias De La Cruz,SS/OF,0.25,0.14106003699125721,ARI,2024,bat,SS/OF
sa3015589,Javier Rivas,3B/SS,0.25,0.15756000264082096,PIT,2024,bat,3B/SS
sa3016188,Jorluis Guerra,3B,0.25,0.34395997098181397,,2024,bat,3B
sa3015663,Jose Leanez,OF,0.25,0.18902993743540708,,2024,bat,OF
sa3015641,Johan Benitez,3B,0.25,0.34132000305689864,,2024,bat,3B
sa3005919,Robert Gonzalez,OF,0.25,0.30892995066242285,,2024,bat,OF
sa3018564,Narciso Polanco,2B/3B,0.25,0.12923997334437445,TBR,2024,bat,2B/3B
sa3015553,Ethan De Cuba,OF,0.25,0.18203004361130296,,2024,bat,OF
sa3019723,Yorfran John,2B/3B,0.25,0.15823004727717488,,2024,bat,2B/3B
sa3021301,Jorge Hernandez,2B/3B,0.25,0.19870000042719765,KCR,2024,bat,2B/3B
sa3015528,Iverson Espinoza,2B/3B,0.25,0.24214004005771123,,2024,bat,2B/3B
sa3015869,Willy Montero,OF,0.25,0.1644200551789253,NYY,2024,bat,OF
sa3016130,Jose Chacon,3B,0.25,0.1790399767807684,,2024,bat,3B
sa3021118,Rafhlmil Torres,2B/SS,0.25,0.1694999444647692,CIN,2024,bat,2B/SS
sa3018505,Mairoshendrick Martinus,3B/SS/OF,0.25,0.2068299949984066,LAD,2024,bat,3B/SS/OF
sa3015691,Nomar Fana,OF,0.25,0.18489998623263082,,2024,bat,OF
sa3021650,Raynier Ramirez,2B/3B,0.25,0.1986700453097001,,2024,bat,2B/3B
sa3021199,Mason Bolivar,OF,0.25,0.2755799926118925,,2024,bat,OF
sa3015781,Yamal Encarnacion,OF,0.25,0.16026999964378763,HOU,2024,bat,OF
sa3021603,Yelserth Ayala,1B/2B,0.25,0.15516003319062285,,2024,bat,1B/2B
sa3021140,Sandro Pereira,2B,0.25,0.1507099967217073,HOU,2024,bat,2B
sa3020142,Griffin Cheney,1B/2B,0.25,0.37959001564886413,,2024,bat,1B/2B
sa3018473,Capri Ortiz,SS,0.25,0.1219700063811615,LAA,2024,bat,SS
sa3020002,Chase Valentine,2B/SS,0.25,0.15484006649348883,,2024,bat,2B/SS
sa3021325,Carlos Caro,2B,0.25,0.21440998761681834,PIT,2024,bat,2B
sa3018961,Neifi Vasquez,OF,0.25,0.1404600114095956,,2024,bat,OF
sa3018916,Andri Leon,OF,0.25,0.17763001588173202,,2024,bat,OF
sa3021080,Angel Cepeda,3B/SS,0.25,0.10819005179218938,CHC,2024,bat,3B/SS
sa3006222,Wilkin Grullon,C,0.25,0.45183001668192446,,2024,bat,C
sa3021195,Eliesbert Alejos,3B/SS,0.25,0.1429400304565205,ARI,2024,bat,3B/SS
sa3019638,Yoffry Solano,2B,0.25,0.20224999883212144,MIA,2024,bat,2B
sa3021646,Wagnel Luna,3B/SS,0.25,0.08641004598466677,DET,2024,bat,3B/SS
sa3017701,Ray Garrett,2B,0.25,0.11850001468555997,,2024,bat,2B
sa3016533,Gregory Duran,1B/OF,0.25,0.36956003884552036,MIN,2024,bat,1B/OF
sa3009556,Matheus Silva,C,0.25,0.03787996977334836,,2024,bat,C
sa3021251,Keiver Garcia,2B/SS,0.25,0.08483003836590788,,2024,bat,2B/SS
sa3022256,Eriandys Ramon,3B/SS,0.25,0.10802997390273959,CHC,2024,bat,3B/SS
sa3019094,Aneudi Escanio,3B/OF,0.25,0.16531004556454715,,2024,bat,3B/OF
sa3021133,Jeremy Ciriaco,2B/SS,0.25,0.2574900747044011,COL,2024,bat,2B/SS
sa3022562,Kemp Alderman,OF,0.25,0.34367997928056865,MIA,2024,bat,OF
sa3008936,Jeremy Celedonio,OF,0.25,0.33697999588912353,,2024,bat,OF
sa3011614,Logan Glass,OF,0.25,0.3127700194483623,CHW,2024,bat,OF
sa3018518,Albert Carpio,3B/SS,0.25,0.12650000482099127,,2024,bat,3B/SS
sa3017323,Elijah Cabell,OF,0.25,0.3066699726390652,,2024,bat,OF
sa3020118,Trey Faltine,2B/OF,0.25,0.23419997836463152,CIN,2024,bat,2B/OF
sa3021203,Javier Herrera,2B/OF,0.25,0.12531000904273235,LAD,2024,bat,2B/OF
sa3020884,Luis Guanipa,OF,0.25,0.20031000025337556,ATL,2024,bat,OF
sa3010706,Keoni Cavaco,1B/3B/SS,0.25,0.374010025942698,,2024,bat,1B/3B/SS
sa3015770,Wesley Zapata,2B/3B,0.25,0.1995100070838816,,2024,bat,2B/3B
sa3021221,Kleiver Chauran,2B/3B/SS,0.25,0.11395996049977836,TBR,2024,bat,2B/3B/SS
sa3019946,Adam Retzbach,C/1B,0.25,0.3427300419425592,BAL,2024,bat,C/1B
sa3016557,Manuel Guance,2B,0.25,0.10611003867816174,,2024,bat,2B
sa3018631,Rabel Colon,OF,0.25,0.161009978596121,,2024,bat,OF
sa3021109,Yeycol Soriano,OF,0.25,0.24083995076362041,CIN,2024,bat,OF
sa3015815,Duncan Garcia,OF,0.25,0.18795998923014845,,2024,bat,OF
sa3018542,Raynerd Ortega,2B/SS,0.25,0.1703599824570119,LAD,2024,bat,2B/SS
sa3021064,Yannic Walther,C,0.25,0.037239981465972974,MIL,2024,bat,C
sa3018451,Eduardo Oviedo,OF,0.25,0.22490005537401875,,2024,bat,OF
sa3021052,Nehomar Caldera,C,0.25,0.022009996545966734,,2024,bat,C
sa3021126,Yeiker Reyes,OF,0.25,0.3093300166772678,COL,2024,bat,OF
sa3016330,Reyden Hidalgo,2B/OF,0.25,0.25289001879282286,,2024,bat,2B/OF
sa3019897,Bryson Worrell,OF,0.25,0.3216600077226757,,2024,bat,OF
sa3018469,Moises Molero,OF,0.25,0.14034001526888457,,2024,bat,OF
sa3011828,Zion Bannister,OF,0.25,0.30084999417886127,,2024,bat,OF
sa3008892,Juan Jerez,1B/3B,0.25,0.4114000352565198,,2024,bat,1B/3B
25979,Nasim Nuñez,SS,43.7400016784668,133.37276709675785,WSN,2024,bat,SS
sa3015693,Arxy Hernandez,3B,0.25,0.15979994781082493,CHW,2024,bat,3B
sa3009820,Franklin Linares,SS/OF,0.25,0.16613995269872248,,2024,bat,SS/OF
sa3015784,Yefri Rivera,2B/SS,0.25,0.15654000827344136,,2024,bat,2B/SS
sa3018923,Luis Pelegrin,3B,0.25,0.1709499902557582,,2024,bat,3B
sa3018521,Alessandro Duran,C/1B,0.25,0.024480028054676882,SFG,2024,bat,C/1B
sa3018534,Gery Holguin,1B/3B,0.25,0.17034001296851778,MIL,2024,bat,1B/3B
sa3017122,Geuri Lubo,SS/OF,0.25,0.16770998754072927,CHC,2024,bat,SS/OF
sa3018405,Ricky Cabrera,3B/SS,0.25,0.156099963444285,CIN,2024,bat,3B/SS
sa3018569,Daniel Benschop,OF,0.25,0.17224000939168035,,2024,bat,OF
sa3015758,Samuel Rodriguez,2B,0.25,0.1518199866171926,,2024,bat,2B
sa3011665,Blaine McIntosh,OF,0.25,0.27367001214297487,,2024,bat,OF
sa3015805,Armando Sierra,1B/OF,0.25,0.3920200222637504,,2024,bat,1B/OF
sa3020131,Cam Collier,3B,0.25,0.48271999786375086,CIN,2024,bat,3B
sa3021197,Jonathan Martinez,2B/SS,0.25,0.13504995848052204,CLE,2024,bat,2B/SS
sa3010335,GJ Hill,2B/OF,0.25,0.2889700069325044,COL,2024,bat,2B/OF
sa3017178,Jaden Rudd,OF,0.25,0.3796000093687325,,2024,bat,OF
sa3015714,Jefferson Pena,OF,0.25,0.19381999720353635,,2024,bat,OF
sa3015139,Matt Warkentin,1B,0.25,0.37452003525104366,,2024,bat,1B
sa3015786,Christopher Espinola,OF,0.25,0.27153000662801785,,2024,bat,OF
sa3021113,Jhon Diaz,2B/3B,0.25,0.13005002359859635,,2024,bat,2B/3B
sa3018491,Rafael Ramirez,3B,0.25,0.14984993345569822,,2024,bat,3B
sa3015708,Ariel Almonte,OF,0.25,0.3529899931978434,CIN,2024,bat,OF
sa3010636,Garrett Frechette,1B,0.25,0.36071997496765096,,2024,bat,1B
sa3008919,Junior Calderon,1B/3B,0.25,0.3609899854753166,,2024,bat,1B/3B
sa3021189,Heribert Silva,OF,0.25,0.28321996064623817,CLE,2024,bat,OF
sa3003238,Yenci Pena,3B/SS,0.25,0.3493799407733604,,2024,bat,3B/SS
sa3011157,Tevin Mitchell,OF,0.25,0.2997899734415113,,2024,bat,OF
sa3016307,Santiago Torres,OF,0.25,0.16341996430419375,,2024,bat,OF
sa3022677,Garret Guillemette,C/1B,0.25,0.40787996626459055,HOU,2024,bat,C/1B
sa3005565,Carlos Santiago,SS,0.25,0.39289997627492984,,2024,bat,SS
sa3015810,Edgar Basabe,OF,0.25,0.2577300204080529,,2024,bat,OF
sa3021079,Gian Zapata,OF,0.25,0.19879000268410885,ARI,2024,bat,OF
sa3018589,Brayan Sanchez,C/1B,0.25,0.007440031319856637,,2024,bat,C/1B
sa3016546,Jake Perez,3B/OF,0.25,0.16518998793326312,,2024,bat,3B/OF
sa3015812,Julio Pinto,2B/3B,0.25,0.14892999437870458,,2024,bat,2B/3B
sa3021173,Yoiber Ruiz,C/2B,0.25,0.15743000435177237,,2024,bat,C/2B
sa3018385,Jose Ochoa,OF,0.25,0.14400999920908353,,2024,bat,OF
sa3021645,Rafael Martinez,2B/3B/SS,0.25,0.06344004457350819,,2024,bat,2B/3B/SS
sa3021258,Rafael Alvarez,3B,0.25,0.1327199983992614,,2024,bat,3B
sa3019508,Edward Vargas,OF,0.25,0.2870700139552354,CHC,2024,bat,OF
sa3018432,Henry Ramos,OF,0.25,0.17310001181904222,KCR,2024,bat,OF
sa3018585,Abel De Leon,C,0.25,0.016959990793839017,CHC,2024,bat,C
sa3016331,Juan Alonso,OF,0.25,0.2930400210665538,,2024,bat,OF
sa3016778,Ramiro Altagracia,OF,0.25,0.1410200000274926,,2024,bat,OF
sa3020761,Marc Filia,C/1B,0.25,0.31724997062701726,,2024,bat,C/1B
sa3021323,Jayson Bass,OF,0.25,0.26938998836558303,MIN,2024,bat,OF
sa3016176,Denyerbe Gervis,2B,0.25,0.1407200338086113,,2024,bat,2B
sa3021644,Geyber Blanco,2B,0.25,0.12317998926155267,,2024,bat,2B
sa3018548,Darlyn De Leon,OF,0.25,0.1534000142943114,CHC,2024,bat,OF
sa3018533,Sandy Sanchez,2B/3B,0.25,0.13989997727330764,,2024,bat,2B/3B
sa3015734,Andrws Cruz,3B/SS,0.25,0.2739800344337708,,2024,bat,3B/SS
sa3022537,Brock Vradenburg,1B,0.25,0.38088998796883966,PHI,2024,bat,1B
sa3015592,Jose Cordero,OF,0.25,0.15218999446369705,,2024,bat,OF
sa3018467,Bryan Andrade,3B,0.25,0.09729005623375994,OAK,2024,bat,3B
sa3018627,Agustin Acosta,OF,0.25,0.16339000307489185,LAD,2024,bat,OF
sa3021303,Adrian Bello,C,0.25,0.04481003388063974,MIA,2024,bat,C
sa3017076,Justin Williams,1B/3B,0.25,0.35364001484122126,,2024,bat,1B/3B
sa3015514,Eduardo Garcia,1B/3B,0.25,0.1580000244779512,,2024,bat,1B/3B
sa3015766,Ruben Vizcaya,OF,0.25,0.1805899938335641,,2024,bat,OF
sa3015817,Alexander Benua,OF,0.25,0.17349003163399165,ARI,2024,bat,OF
sa3018930,Heison Sanchez,2B/3B,0.25,0.12538998813834035,,2024,bat,2B/3B
sa3008867,Jesus Parra,1B/3B,0.25,0.3620000190800056,,2024,bat,1B/3B
sa3009299,Dayro Perez,SS,0.25,0.25153000385034824,,2024,bat,SS
sa3015838,Yemil Rosario,3B/SS,0.25,0.09990994636900713,,2024,bat,3B/SS
sa3016542,Erick Barria,3B/SS,0.25,0.13131001257570457,,2024,bat,3B/SS
sa3018438,Edwin Sanchez,1B/OF,0.25,0.28037001768825576,HOU,2024,bat,1B/OF
sa3008943,Jose Hernandez,C/1B,0.25,0.32629999753553407,,2024,bat,C/1B
sa3018410,Javier Osorio,3B/SS,0.25,0.07477003092644738,DET,2024,bat,3B/SS
sa3018462,Misael Mojica,2B,0.25,0.15098003845196212,WSN,2024,bat,2B
sa3008851,Alexander Vargas,SS,0.25,0.39480996630154547,CIN,2024,bat,SS
sa3018511,Alejandro Rios,C,0.25,0.030159987579099847,ARI,2024,bat,C
sa3019570,Greyber Altamirano,2B/3B/SS,0.25,0.16556999895256005,,2024,bat,2B/3B/SS
sa3021267,Keiberg Camacaro,SS,0.25,0.06974000863265245,SFG,2024,bat,SS
sa3015789,Roger Lasso,1B/OF,0.25,0.26539997135987503,,2024,bat,1B/OF
sa3005925,Dereck Salom,3B/SS,0.25,0.3271999915828928,OAK,2024,bat,3B/SS
sa3005774,Rolando Espinosa,OF,0.25,0.3836000420269556,,2024,bat,OF
sa3019497,Charles Nova,2B/SS,0.25,0.14038993894355364,,2024,bat,2B/SS
sa3018555,Jose Rodriguez,OF,0.25,0.28277001735987145,,2024,bat,OF
sa3017792,Ryan Spikes,2B/3B,0.25,0.35782997652422627,TBR,2024,bat,2B/3B
sa3014692,Hedbert Perez,OF,0.25,0.43495004842989143,TOR,2024,bat,OF
sa3018412,Simon Juan,OF,0.25,0.1340199885657057,NYM,2024,bat,OF
sa3016864,Quentin Selma,1B,0.25,0.3505499428138137,,2024,bat,1B
sa3018541,Luis Suarez,2B/3B/SS,0.25,0.041140003979671644,,2024,bat,2B/3B/SS
sa3020208,Garrett McGowan,1B/OF,0.25,0.2706500084255822,,2024,bat,1B/OF
sa3018615,Wady Mendez,OF,0.25,0.2551599803497083,TEX,2024,bat,OF
sa3021193,Bracewell Taveras,2B,0.25,0.13912998079322272,STL,2024,bat,2B
sa3015783,Carlos Gutierrez,OF,0.25,0.23271000062813985,,2024,bat,OF
sa3011350,Cameron Barstad,C,0.25,0.4311800770228728,CLE,2024,bat,C
sa3017159,J.C. Masson,OF,0.25,0.25910996786551543,,2024,bat,OF
sa3021247,Moises Lopez,3B,0.25,0.13648000813554975,,2024,bat,3B
sa3018488,Axell De Paula,OF,0.25,0.12555004109162832,,2024,bat,OF
sa3017157,EJ Andrews Jr.,OF,0.25,0.5589799824636428,,2024,bat,OF
sa3021311,Anthony Tandron,2B/SS,0.25,0.054570008371956566,SFG,2024,bat,2B/SS
sa3021214,Antonio Pimentel,2B/SS,0.25,0.0967400155495852,PIT,2024,bat,2B/SS
sa3016128,Moises Valero,1B,0.25,0.3497999683022498,,2024,bat,1B
sa3019778,Juan Olmos,C,0.25,0.024079994065687046,ATL,2024,bat,C
sa3021178,Anyelo Marquez,2B,0.25,0.12337995682610198,LAA,2024,bat,2B
sa3021289,Angel Nieblas,2B/3B,0.25,0.1490200170548632,,2024,bat,2B/3B
sa3016643,Edward De La Cruz,C,0.25,-0.005250012746546457,,2024,bat,C
sa3018586,Toby Simmons,OF,0.25,0.16989997269120066,,2024,bat,OF
sa3021170,Jose Marcano,2B/SS,0.25,0.046290011168457566,CLE,2024,bat,2B/SS
sa3018441,David Beckles,1B/OF,0.25,0.2395400011213496,TOR,2024,bat,1B/OF
sa3018443,Jerffson Pena,OF,0.25,0.18477995509747414,,2024,bat,OF
sa3015774,Yancel Guerrero,1B/3B,0.25,0.12371996776200828,STL,2024,bat,1B/3B
sa3016545,Juan Machado,OF,0.25,0.2695999616524204,,2024,bat,OF
sa3019310,Gabriel Araujo,OF,0.25,0.274939945177175,,2024,bat,OF
sa3021074,Camilo Diaz,3B/SS,0.25,0.04694997689221056,HOU,2024,bat,3B/SS
sa3021107,Angel Ramirez,OF,0.25,0.26136997098801656,KCR,2024,bat,OF
sa3015831,Frederick Marte,2B/3B,0.25,0.09767002681037407,NYM,2024,bat,2B/3B
sa3018509,Daje Morales,2B/3B,0.25,0.14396002390421928,,2024,bat,2B/3B
sa3021263,D'Angelo Tejada,SS,0.25,0.048320064344443366,CHW,2024,bat,SS
sa3021329,Dario Reynoso,2B/3B,0.25,0.10793001941638061,SFG,2024,bat,2B/3B
sa3021276,Fabian Lopez,SS,0.25,0.15973996457178138,MIA,2024,bat,SS
sa3010155,Omar Hernandez,C,0.25,0.3985600294312461,KCR,2024,bat,C
sa3018448,Claudio Simon,2B/3B/OF,0.25,0.25528998330701136,,2024,bat,2B/3B/OF
sa3018584,Josue Briceño,C/1B,0.25,0.3843699952820316,DET,2024,bat,C/1B
sa3018496,Gueile Borrome,2B/3B,0.25,0.08536003878107296,,2024,bat,2B/3B
sa3015867,Juan Diaz,OF,0.25,0.25818004035390907,,2024,bat,OF
sa3021218,Eikel Joaquin,2B/3B,0.25,0.13382997297449037,,2024,bat,2B/3B
sa3011589,Cristian More,OF,0.25,0.38853003187105056,,2024,bat,OF
sa3021231,Cristian Jauregui,OF,0.25,0.15130001264624296,PIT,2024,bat,OF
sa3015632,Juan Garcia,1B/3B,0.25,0.14216005837079132,,2024,bat,1B/3B
sa3016172,Helison Mota,3B,0.25,0.11430998141877349,,2024,bat,3B
sa3022054,Adrian Gonzalez,1B/3B,0.25,0.0925099782180041,,2024,bat,1B/3B
sa3019202,Andry Javier,2B/OF,0.25,0.20462004081346097,,2024,bat,2B/OF
sa3015050,Brandon Bossard,2B,0.25,0.36557998743373893,,2024,bat,2B
sa3015558,Jose Meza,OF,0.25,0.2693299661856145,LAD,2024,bat,OF
sa3016962,Christian Molfetta,C/3B,0.25,0.36049997340887785,,2024,bat,C/3B
sa3017699,Dayker Baldallo,SS/OF,0.25,0.04901002397527913,,2024,bat,SS/OF
sa3021165,Vladi Gomez,2B/OF,0.25,0.09235001544002444,NYM,2024,bat,2B/OF
sa3018478,Jancel Santana,2B,0.25,0.13464001598767938,,2024,bat,2B
sa3018414,Freili Encarnacion,1B/3B,0.25,0.1476799975382164,BOS,2024,bat,1B/3B
sa3021240,Carlos De Sousa,C/1B,0.25,-0.06574000490363682,TBR,2024,bat,C/1B
sa3015796,Justin Rodriguez,3B,0.25,0.10567000984447075,,2024,bat,3B
sa3018575,Roni Cabrera,OF,0.25,0.2588200247613713,KCR,2024,bat,OF
sa3018513,Moises De La Rosa,OF,0.25,0.23526997563894828,,2024,bat,OF
sa3016551,Jensy De Leon,2B/3B,0.25,0.09987999156583093,,2024,bat,2B/3B
sa3019630,Athanael Duarte,1B/3B,0.25,0.32209997833706433,LAA,2024,bat,1B/3B
sa3015851,Derlin Figueroa,1B/3B,0.25,0.27305000239284705,KCR,2024,bat,1B/3B
sa3018426,Randy De Jesus,OF,0.25,0.25877005192451175,LAA,2024,bat,OF
sa3021202,Raimundo De Los Santos,OF,0.25,0.1397800420294515,TOR,2024,bat,OF
sa3018596,Cherif Neymour,2B/3B/SS,0.25,0.13617001322563727,,2024,bat,2B/3B/SS
sa872875,Jose Colina,C,0.25,0.313699951628223,,2024,bat,C
sa3021225,Alfonzo Martinez,OF,0.25,0.05926999769872053,TBR,2024,bat,OF
sa3021260,Lisandro Mejia,2B/SS,0.25,0.016289994795806673,,2024,bat,2B/SS
sa3021597,Omar Ferrera,2B/3B,0.25,0.09932005363516508,,2024,bat,2B/3B
sa3018453,Kendry Chirinos,1B/3B,0.25,0.08899999810382712,TOR,2024,bat,1B/3B
sa3020102,Jancel Villarroel,C,0.25,0.28768998070154334,SFG,2024,bat,C
sa3021138,Gustavo Marquez,OF,0.25,0.08681002371013158,,2024,bat,OF
sa3022485,Jay Beshears,3B/SS,0.25,0.29173997968900944,MIA,2024,bat,3B/SS
sa3021275,Carlos Cordero,2B,0.25,0.1249200249789282,,2024,bat,2B
sa3018415,Jhonny Severino,3B/SS,0.25,0.14774995122570536,PIT,2024,bat,3B/SS
sa3021607,Junior Aybar,OF,0.25,0.08475999601650978,BAL,2024,bat,OF
sa3015531,Jesus Torres,OF,0.25,0.1861199436243623,CIN,2024,bat,OF
sa3015743,Héctor Jiménez,OF,0.25,0.10184003014583137,,2024,bat,OF
sa3021073,Ludwing Espinoza,SS,0.25,0.040270001825410885,CHC,2024,bat,SS
sa3019402,Leny Carela,2B/3B,0.25,0.13266000141156836,,2024,bat,2B/3B
sa3017223,Ronny Ramirez,OF,0.25,0.22767996236216276,,2024,bat,OF
sa3018953,Javier Pena,C/1B,0.25,-0.019939985277596904,,2024,bat,C/1B
sa3021613,Daniel Rojas,3B/SS,0.25,0.10626998859224832,STL,2024,bat,3B/SS
sa3019936,Drake Logan,OF,0.25,0.21914004640420895,CHW,2024,bat,OF
sa3018941,Jeffry Rosa,OF,0.25,0.2442600098322146,,2024,bat,OF
sa3015670,Kelvin Diaz,2B/3B/SS,0.25,0.1314500075997784,,2024,bat,2B/3B/SS
sa3021068,Derniche Valdez,SS,0.25,0.05452000850345938,CHC,2024,bat,SS
sa3015856,Fidel Montero,OF,0.25,0.08331002716440707,CHW,2024,bat,OF
sa3021280,Jancory De La Cruz,OF,0.25,0.13784999615745616,MIA,2024,bat,OF
sa3008874,Nelson Beltran,OF,0.25,0.1819099929067306,,2024,bat,OF
sa3021102,Anibal Salas,OF,0.25,0.2185900497366674,DET,2024,bat,OF
sa3016191,Godwin Bennett,OF,0.25,0.256459973892197,,2024,bat,OF
sa3011645,Elias Petiyan,OF,0.25,0.2405800335225649,,2024,bat,OF
sa3016635,Mendy Ferreira,OF,0.25,0.11039996636100112,,2024,bat,OF
sa3018583,Lisandro Bonifacio,3B/SS,0.25,0.05746002531377592,,2024,bat,3B/SS
sa3015654,Jesus Fernandez,2B/3B,0.25,0.10253006664570415,,2024,bat,2B/3B
sa3016321,Hans Montero,3B/SS,0.25,0.07229001725791015,NYY,2024,bat,3B/SS
sa3018646,Jose Monserrate,OF,0.25,0.2615700501482934,MIA,2024,bat,OF
sa3022246,Joswuill Rondon,OF,0.25,0.20750000880798322,,2024,bat,OF
sa3016343,Yeison Vargas,2B,0.25,0.09899997361935668,,2024,bat,2B
sa3005490,Jose Reyes,OF,0.25,0.38170994976535433,,2024,bat,OF
sa3009761,Luis Castillo,1B/3B,0.25,0.30525997010990974,,2024,bat,1B/3B
sa3021321,Aldalay Kolokie,OF,0.25,0.37233998014125963,COL,2024,bat,OF
sa3016866,Jostyn Almonte,OF,0.25,0.2088599773356691,,2024,bat,OF
sa3022198,Jose Perez,2B/3B,0.25,0.07847000418696552,BAL,2024,bat,2B/3B
sa3021268,Angel Guzman,1B/OF,0.25,0.2287400257540867,SFG,2024,bat,1B/OF
sa3015636,Victor Arias,OF,0.25,0.2183000353048555,TOR,2024,bat,OF
sa3015608,Yeison Lemos,3B/SS,0.25,0.1156099942396395,,2024,bat,3B/SS
sa3016154,Eddy Rodriguez,1B/OF,0.25,0.2665900367195717,,2024,bat,1B/OF
sa3018604,Wilton Lara,3B/SS,0.25,0.025070044421590873,HOU,2024,bat,3B/SS
sa3021183,Victor Rodriguez,3B,0.25,0.11276999508263535,LAA,2024,bat,3B
sa3021298,Daniel Lopez,OF,0.25,0.24242998033296315,KCR,2024,bat,OF
sa3017429,Jordan Viars,OF,0.25,0.3971200396772473,,2024,bat,OF
sa3008832,Geury Estevez,1B/3B,0.25,0.2762500672135502,,2024,bat,1B/3B
24451,J.P. Martínez,OF,3.240000009536743,11.656160278618335,,2024,bat,OF
sa3021149,Kevin Hacen,1B/3B,0.25,0.07427003215998405,,2024,bat,1B/3B
sa3008834,Wilmin Candelario,SS/OF,0.25,0.22483998422976575,,2024,bat,SS/OF
sa3018460,Ronny Ugarte,1B,0.25,0.4513500280096195,COL,2024,bat,1B
sa3016180,Yoandy Perez,2B/SS,0.25,0.029600060649681792,,2024,bat,2B/SS
sa3019675,Dennys Riera,2B/3B,0.25,0.08759997218148777,SFG,2024,bat,2B/3B
sa3015868,Juan Mota,3B,0.25,0.10427994931815182,,2024,bat,3B
sa3016108,Wueslly Lespe,2B/3B,0.25,0.07799998372793197,,2024,bat,2B/3B
sa3015757,Diego Villegas,1B/OF,0.25,0.20283002208452672,SFG,2024,bat,1B/OF
sa3016998,Ryan Holgate,OF,0.25,0.3726500451564788,,2024,bat,OF
sa3021242,Antony Gomez,OF,0.25,0.09562000099103894,,2024,bat,OF
sa3015860,Ezequiel Surun,SS,0.25,0.11615000375313679,,2024,bat,SS
sa3018925,Dariam Gutierrez,OF,0.25,0.22456998550333082,,2024,bat,OF
sa3015844,Yosmi Fernandez,2B/SS,0.25,0.015980016195680957,,2024,bat,2B/SS
sa3016149,Reiner Chourio,2B/3B,0.25,0.1156099687796086,MIA,2024,bat,2B/3B
sa3015647,Elisandro Alcantara,OF,0.25,0.2275699892896227,,2024,bat,OF
sa3019618,Angel Rodriguez,OF,0.25,0.1296199830947444,,2024,bat,OF
sa3018562,Jose Alpuria,OF,0.25,0.11651000205893068,ARI,2024,bat,OF
sa3015847,Felix Tena,OF,0.25,0.38404996683821074,,2024,bat,OF
sa3018617,Raimel Medina,OF,0.25,0.2366299692774191,KCR,2024,bat,OF
sa3022196,Jose Gonzalez,OF,0.25,0.10446000071242442,LAD,2024,bat,OF
sa3021196,Luis Merejo,1B,0.25,0.2717300575459375,CLE,2024,bat,1B
sa3021640,Sandy Ruiz,3B,0.25,0.10700996562372893,,2024,bat,3B
sa3018630,Antony Peguero,OF,0.25,0.2560899990843609,,2024,bat,OF
sa3020132,Tucker Toman,3B,0.25,0.3165000505978241,TOR,2024,bat,3B
sa3018010,Oscar Colina,OF,0.25,0.2297299955156631,,2024,bat,OF
sa3016344,Randy Perea,OF,0.25,0.07890002436470236,,2024,bat,OF
sa3018588,Ivan Sosa,SS,0.25,0.04446997127961363,KCR,2024,bat,SS
sa3021235,Renair Manrique,2B,0.25,0.10519997156225139,,2024,bat,2B
sa3022282,Moises Valdez,OF,0.25,0.05733999266522002,SDP,2024,bat,OF
sa3020217,Brenner Cox,OF,0.25,0.24643999730469657,WSN,2024,bat,OF
sa3011669,Erison Placencia,2B/SS,0.25,0.28160000590141854,,2024,bat,2B/SS
sa3008806,Axel James,OF,0.25,0.22425999098923052,,2024,bat,OF
sa3018523,Yirber Ruiz,OF,0.25,0.18450002097524698,,2024,bat,OF
sa3019806,Cristofher Paniagua,OF,0.25,0.2343700139899738,,2024,bat,OF
sa3021116,Cristopfer Gonzalez,OF,0.25,0.1967199982260354,,2024,bat,OF
sa3021292,Angel Herrera,OF,0.25,0.17945998497307292,,2024,bat,OF
sa3015850,German Tapia,OF,0.25,0.22325999999884516,,2024,bat,OF
sa3019509,Elis Cuevas,1B/OF,0.25,0.2663000154192559,BAL,2024,bat,1B/OF
sa3021846,Leyderman Ruiz,2B/3B,0.25,0.06022997039835901,,2024,bat,2B/3B
sa3010146,AJ Lee,2B/SS,0.25,0.2854200056754052,,2024,bat,2B/SS
sa3021104,Kevin Ereu,2B/SS,0.25,0.029069997486658346,MIL,2024,bat,2B/SS
sa3005239,Danny Lantigua,OF,0.25,0.3611799895763397,,2024,bat,OF
sa3016318,Sebastian Castro,2B/3B,0.25,0.09185005191247905,WSN,2024,bat,2B/3B
sa3018436,Fraymi De Leon,2B/SS,0.25,0.10381000612396747,BOS,2024,bat,2B/SS
sa3008798,Michael James,OF,0.25,0.22385993876960125,,2024,bat,OF
sa3021124,Reinaldo De La Cruz,2B,0.25,0.026279970293398867,,2024,bat,2B
sa3021230,Victor Cardoza,OF,0.25,0.11850998636800789,PHI,2024,bat,OF
sa3016156,José Suarez,OF,0.25,0.21305998627794898,STL,2024,bat,OF
sa3021266,Carlos Concepcion,OF,0.25,0.20803004384506493,SFG,2024,bat,OF
sa3018492,Manolfi Jimenez,OF,0.25,0.24549995885463433,PHI,2024,bat,OF
sa3016197,Jenier Fernandez,OF,0.25,0.08664000628050411,,2024,bat,OF
sa3015557,Jose D. Hernandez,1B/3B,0.25,0.2907599837752059,LAD,2024,bat,1B/3B
sa3018645,Jose Gerardo,OF,0.25,0.24702000253600995,MIA,2024,bat,OF
sa3016168,Erick Reyes,2B/3B,0.25,0.06987999749835581,,2024,bat,2B/3B
sa3008831,Angel Cruz,1B/2B,0.25,0.26756997175980357,,2024,bat,1B/2B
sa3021278,Andres Valor,OF,0.25,0.24307994534028698,MIA,2024,bat,OF
sa3018605,Jose Rivera,2B/SS,0.25,0.09321997782681132,,2024,bat,2B/SS
sa3018485,Arfeni Batista,3B/SS,0.25,0.00852997396141289,,2024,bat,3B/SS
sa3022347,Wilder Dalis,3B/SS,0.25,0.24043001993559293,COL,2024,bat,3B/SS
sa3021307,Jayden Felicia,1B/2B,0.25,0.08127995616523546,,2024,bat,1B/2B
sa3021623,Ariel Lebron,OF,0.25,0.1750900189508684,HOU,2024,bat,OF
sa3005767,Miguel Fabrizio,C/1B,0.25,0.28427993792574846,,2024,bat,C/1B
sa3021261,Willian Berti,OF,0.25,0.18047005224507298,DET,2024,bat,OF
sa3018515,Elian Garcia,OF,0.25,0.08419998812023548,,2024,bat,OF
sa3018551,Juan Zapata,2B/SS,0.25,0.06330001364694907,,2024,bat,2B/SS
sa3021071,Ariel Castro,OF,0.25,0.06861998464446513,MIN,2024,bat,OF
sa3018573,John Cruz,OF,0.25,0.1728499665157869,MIA,2024,bat,OF
sa3018924,Luis Ogando,1B/3B,0.25,0.24723997911205514,,2024,bat,1B/3B
sa3021860,Brian Sanchez,OF,0.25,0.17871997503098094,PIT,2024,bat,OF
sa3010010,Connor Cannon,1B,0.25,0.28515001034829757,,2024,bat,1B
sa3021248,Pedro Tovar,OF,0.25,0.07708004242740561,,2024,bat,OF
sa3019511,Jonatan Yan,OF,0.25,0.15508004728471855,,2024,bat,OF
sa3014697,Robert Puason,SS,0.25,0.14269000197527928,OAK,2024,bat,SS
sa3021630,Miguel Blanco,OF,0.25,0.1939900524681434,SFG,2024,bat,OF
sa3016556,Angel Parra,OF,0.25,0.19993997558485715,,2024,bat,OF
sa3021836,Emil Turbi,SS/OF,0.25,0.16521002650260927,,2024,bat,SS/OF
31522,Tim Elko,1B,1.6200000047683716,5.926490041241049,CHW,2024,bat,1B
sa3019211,Audie Jimenez,2B/SS,0.25,-0.001729988923762072,,2024,bat,2B/SS
sa3021128,Jesus Superlano,3B,0.25,0.022020019637420736,OAK,2024,bat,3B
sa3016087,Erickson Sarita,OF,0.25,0.19337997499387707,,2024,bat,OF
sa3021146,Juan Sierra,OF,0.25,0.17476004047784957,HOU,2024,bat,OF
sa3021057,Antonis Macias,2B/OF,0.25,0.15949007517192504,TEX,2024,bat,2B/OF
sa3015779,Brayan Nolasco,OF,0.25,0.06934001458575939,,2024,bat,OF
sa3019097,Alexander Orasma,2B/3B/SS,0.25,0.07410003152908748,,2024,bat,2B/3B/SS
sa3017481,Jakey Josepha,OF,0.25,0.21240997479762885,ARI,2024,bat,OF
sa3021598,Jonathan Taveras,2B/3B,0.25,0.034810050181113154,,2024,bat,2B/3B
sa3015676,Enrique Valdez,1B/2B,0.25,0.05538997681578617,,2024,bat,1B/2B
sa3018948,Helder Rosario,C,0.25,-0.05453998602461065,,2024,bat,C
sa3022605,Myles Naylor,3B/SS,0.25,0.2808300061617046,OAK,2024,bat,3B/SS
sa3016131,Marino Castillo,OF,0.25,0.18312003647442904,,2024,bat,OF
sa3017853,Jorge Garcia,OF,0.25,0.2214799897046759,,2024,bat,OF
sa3021167,Elvis Rojas,OF,0.25,0.15505001007113597,,2024,bat,OF
sa3021285,Joseph Tailor,2B/3B,0.25,0.08575996099971227,MIA,2024,bat,2B/3B
sa3016122,Kelvin Diaz,OF,0.25,0.22406996691133826,,2024,bat,OF
sa3021287,John Estevez,OF,0.25,0.19454994167899706,ATL,2024,bat,OF
sa3018434,Martin Gonzalez,3B,0.25,-0.03091003199806447,SEA,2024,bat,3B
sa3017324,Nick Brueser,1B,0.25,0.2649600273114628,,2024,bat,1B
sa3021137,Anielson Buten,OF,0.25,0.12677000388503065,CIN,2024,bat,OF
sa3015762,Fabio Villadiego,OF,0.25,0.1717199892969802,,2024,bat,OF
sa3021186,Eduar Bolivar,OF,0.25,0.1911399614531547,,2024,bat,OF
sa3021117,Daniel Perez,1B/OF,0.25,0.2347999591846019,,2024,bat,1B/OF
sa3018530,Reminton Batista,OF,0.25,0.22211997411213805,,2024,bat,OF
sa3015776,Carlos Carmona,OF,0.25,0.18175005166558547,,2024,bat,OF
sa3021305,Eyke Ugueto,2B/OF,0.25,0.0329199974425137,,2024,bat,2B/OF
sa3005536,Gerard Ramos,1B/OF,0.25,0.2786100542289204,,2024,bat,1B/OF
sa3021215,Joan Gutierrez,3B,0.25,-0.011370037239976243,,2024,bat,3B
sa3020012,Tommy Stevenson,1B,0.25,0.33039005926111714,,2024,bat,1B
sa3018545,Robert Gonzalez,OF,0.25,0.2058700115303508,,2024,bat,OF
sa3018597,Erbin Jaque,OF,0.25,0.06161001357249914,,2024,bat,OF
sa3018572,Donis Rodriguez,2B,0.25,0.049530008132569456,,2024,bat,2B
sa3008957,Ronny Novas,OF,0.25,0.17667998309480024,,2024,bat,OF
sa3018543,Josias Ramirez,1B/OF,0.25,0.062289997132029366,CHC,2024,bat,1B/OF
sa3011404,Jose Bonilla,3B,0.25,0.2601600218564271,,2024,bat,3B
sa3016550,John Zorrilla,3B/SS,0.25,0.013700042513664776,,2024,bat,3B/SS
sa3019558,Cesar D'Oleo,OF,0.25,0.16161003982415412,,2024,bat,OF
sa3015628,Santiago Millan,OF,0.25,0.18371999494265764,,2024,bat,OF
sa3016332,Richard Rojas,3B,0.25,0.05369997661327938,,2024,bat,3B
sa3021274,Jaeden Calderon,1B/OF,0.25,0.208970021805726,PHI,2024,bat,1B/OF
sa3019103,Erick Bautista,OF,0.25,0.3406199470278806,,2024,bat,OF
sa3005539,Sergio Gutierrez,C,0.25,0.2608400034834631,,2024,bat,C
sa3019403,Isaac Paulino,3B,0.25,0.07618998901452866,,2024,bat,3B
sa3016335,Francisco Laya,OF,0.25,0.16823995043523607,,2024,bat,OF
sa3018949,Junior Quezada,OF,0.25,0.15924001098610455,,2024,bat,OF
sa3015843,Carlos Jimenez,1B,0.25,0.25534000193001694,,2024,bat,1B
sa3016327,Marcelo Perez,3B,0.25,0.03609003538731485,,2024,bat,3B
sa3015197,Ronny Polanco,1B/2B,0.25,0.2693799677072093,,2024,bat,1B/2B
sa3021282,Osvaldo Heredia,OF,0.25,0.08322000200860198,MIA,2024,bat,OF
sa3021293,Jose Paulino,OF,0.25,0.05871002473868423,KCR,2024,bat,OF
sa3021246,Moises Semerite,OF,0.25,0.06877998019335789,,2024,bat,OF
sa3015690,Carlos Vicioso,OF,0.25,0.17519002679036927,,2024,bat,OF
sa3018500,Samuel Capellan,2B/OF,0.25,0.028810009313747224,,2024,bat,2B/OF
sa3018587,Joaan De Jesus,2B/3B,0.25,-0.045269989408552674,,2024,bat,2B/3B
sa3021294,Breyias Dean,1B/3B,0.25,0.06854997775517399,MIA,2024,bat,1B/3B
sa3021157,Luis Vicioso,1B/OF,0.25,0.22509003012673925,,2024,bat,1B/OF
sa3018477,Derek Bernard,2B/OF,0.25,0.45467995852231974,COL,2024,bat,2B/OF
sa3016314,Isaias Dipre,OF,0.25,0.203979940910358,,2024,bat,OF
sa3015763,Enmanuel Ramirez,OF,0.25,0.1908700568834319,WSN,2024,bat,OF
sa3021096,Manuel Cabrera,1B/2B/3B,0.25,0.04716001641936599,WSN,2024,bat,1B/2B/3B
sa3016086,Samuel Parra,OF,0.25,0.1397400316200219,,2024,bat,OF
sa3018380,Oscar Aude,OF,0.25,0.17394997521769248,,2024,bat,OF
sa3021849,Nixson Cueche,1B/3B,0.25,0.26505999451037493,,2024,bat,1B/3B
sa3021299,Enmanuel Santos,OF,0.25,0.18637999563943594,KCR,2024,bat,OF
sa3015724,Martin Gimenez,3B/SS,0.25,0.03458000167738647,,2024,bat,3B/SS
sa3018568,Jean Joseph,OF,0.25,0.14780999025097116,TOR,2024,bat,OF
sa3015602,Jhorjan Guevara,OF,0.25,0.16491994948592037,,2024,bat,OF
sa3018498,Andy Encarnacion,OF,0.25,0.18431005590828134,ARI,2024,bat,OF
sa3018561,Raylin Ramos,OF,0.25,0.27403000586200504,BAL,2024,bat,OF
sa3015772,Elias Reynoso,2B/SS,0.25,0.01685000818688417,,2024,bat,2B/SS
sa3022283,Junior Garcia,OF,0.25,0.17685993998311453,ATL,2024,bat,OF
sa3018636,Karniel Pratt,OF,0.25,0.1368999941623769,HOU,2024,bat,OF
sa3021227,Facundo Velasquez,OF,0.25,0.0334999942919239,STL,2024,bat,OF
sa3018422,Anthuan Valencia,2B/3B,0.25,0.07818000054685395,CIN,2024,bat,2B/3B
sa3021060,Xavier Guillen,OF,0.25,0.1202199899358675,,2024,bat,OF
sa3018503,Christopher Orelin,3B/SS,0.25,0.05683004743186756,,2024,bat,3B/SS
sa3019201,Luis Barett,OF,0.25,0.1724099919199943,,2024,bat,OF
sa3018483,Kashon Conliffe,OF,0.25,0.14288001751992854,,2024,bat,OF
sa3021625,Jesus Mujica,3B,0.25,0.009750012378208293,,2024,bat,3B
sa3021163,Fernando Roquez,1B/OF,0.25,0.15323000482749194,,2024,bat,1B/OF
sa3015806,Yeison Perez,1B/OF,0.25,0.2565499996300787,,2024,bat,1B/OF
sa3016298,Luis De La Cruz,1B/OF,0.25,0.20700003115925938,NYM,2024,bat,1B/OF
sa3003216,Amador Arias,2B/3B/SS,0.25,0.29522998060565436,,2024,bat,2B/3B/SS
sa3015666,Jhonson Pena,3B/OF,0.25,0.18338005715049793,,2024,bat,3B/OF
sa3019551,Larry Martinez,1B,0.25,0.17573003032011905,TBR,2024,bat,1B
sa3021099,Andy Acevedo,OF,0.25,0.05025998181663446,WSN,2024,bat,OF
sa3017117,Dayton Dooney,1B/2B,0.25,0.21722004916518928,,2024,bat,1B/2B
sa3018401,Guillermo Williamson,1B,0.25,0.15356005174107842,,2024,bat,1B
sa3021100,Edwin Solano,SS,0.25,-0.030950011836830597,,2024,bat,SS
sa3021058,Ramon Moreno,OF,0.25,0.031620024261064805,,2024,bat,OF
sa3021831,Abel Lorenzo,OF,0.25,0.17865999566856766,LAD,2024,bat,OF
sa3018440,Enzo Paulino,1B/OF,0.25,0.18395002183970058,,2024,bat,1B/OF
sa3018445,Modeifi Marte,1B,0.25,0.32298995258752256,ARI,2024,bat,1B
sa3015825,Junior Del Valle,OF,0.25,0.22463000157149504,,2024,bat,OF
sa3021119,Reynaldo De La Paz,OF,0.25,0.09016001520212741,OAK,2024,bat,OF
sa3016320,Randel Mondesi,OF,0.25,0.16063004010356957,,2024,bat,OF
sa3018510,Andres Hernandez,3B,0.25,0.050489986350294204,,2024,bat,3B
sa3018639,Joselin Payano,1B,0.25,0.186570055107586,,2024,bat,1B
sa3015172,Luis González,OF,0.25,0.15556994942016902,,2024,bat,OF
sa3021205,Roderick Flores,2B,0.25,0.012309984792955149,MIL,2024,bat,2B
sa3018532,Jordany Oliver,OF,0.25,0.02126000714488324,,2024,bat,OF
sa3019207,Yorfran Medina,1B,0.25,0.23033997033489867,,2024,bat,1B
sa3018933,Nestor Chevalier,OF,0.25,0.14120997538557267,,2024,bat,OF
sa3015872,Raul Guzman,OF,0.25,0.1431400438887066,,2024,bat,OF
sa3018970,Kendry Feliz,1B/2B/3B,0.25,0.2417500142240897,,2024,bat,1B/2B/3B
sa3015730,Diego Rodriguez,2B/OF,0.25,0.1313100324245169,,2024,bat,2B/OF
sa3015807,Samuel Escudero,C/1B,0.25,0.23806999017251645,PIT,2024,bat,C/1B
sa3016170,Karim Ayubi,OF,0.25,0.16843000999651847,,2024,bat,OF
sa3018539,Fabricio Valera,OF,0.25,0.1409900353755801,,2024,bat,OF
sa3018559,Christian Suarez,1B,0.25,0.21808995536994183,,2024,bat,1B
sa3019686,Railin Tejada,OF,0.25,0.1264399877516553,,2024,bat,OF
sa3016341,Luis Bolivar,OF,0.25,-0.06655999714275826,,2024,bat,OF
sa3016328,Lerwin Andrade,2B/OF,0.25,0.1263999979826621,,2024,bat,2B/OF
sa3019406,Andres Lacruz,OF,0.25,0.10802001601550722,,2024,bat,OF
sa3021302,Darvin Cruz,OF,0.25,0.14375998522154984,,2024,bat,OF
sa3021224,Carlos Monteverde,1B/OF,0.25,0.15524004057515406,ATL,2024,bat,1B/OF
sa3015569,Jose Gonzalez,OF,0.25,0.14714001872343943,MIL,2024,bat,OF
sa3015787,Ronald Pena,1B/OF,0.25,0.17813002231996505,,2024,bat,1B/OF
sa3015859,Jhoan Contreras,1B,0.25,0.21053998729912565,,2024,bat,1B
sa3015630,Jose Pena,OF,0.25,0.0883099689497612,,2024,bat,OF
25813,Grae Kessinger,2B/3B,12.960000038146973,40.899120941013095,NYM,2024,bat,2B/3B
sa3016918,Jefferson Valladares,C/1B,0.25,0.2202100031427107,,2024,bat,C/1B
sa3019215,Andres Tabares,OF,0.25,0.1547799534862861,,2024,bat,OF
sa3017695,Moises Gallardo,OF,0.25,0.15307000209577376,,2024,bat,OF
sa3018570,Maximo Maria,OF,0.25,0.13731998990988356,,2024,bat,OF
sa3016633,Jose Mendez,1B/SS,0.25,0.18708997898502272,,2024,bat,1B/SS
sa3015597,Hugo Sanchez,1B/3B,0.25,0.22391999908722934,,2024,bat,1B/3B
sa3021318,Frandy Duran,OF,0.25,0.07940996311372145,,2024,bat,OF
sa3015745,Wilmer Feliciano,OF,0.25,0.10879002951551223,,2024,bat,OF
sa3022172,Cesar Bonalde,OF,0.25,0.16666004140861335,ARI,2024,bat,OF
sa3015682,Joel Mendez,OF,0.25,0.10978000618051742,,2024,bat,OF
sa3016150,Victor Celedonio,2B/3B,0.25,0.1271500084083527,,2024,bat,2B/3B
sa3019763,Carlos Cauro,C/1B,0.25,0.1750200250651687,HOU,2024,bat,C/1B
sa3016301,Jhoan Gomez,1B/2B/3B,0.25,0.1915099905570969,,2024,bat,1B/2B/3B
sa3016142,Ronnie Martinez,OF,0.25,0.13732000314630557,,2024,bat,OF
sa3015849,Gabriel Terrero,1B/OF,0.25,0.283759996225126,,2024,bat,1B/OF
sa3009312,Cesar Aponte,1B/3B/SS,0.25,0.19400006111245593,,2024,bat,1B/3B/SS
sa3018609,Robert Perez,OF,0.25,0.16359998011030252,MIA,2024,bat,OF
sa3021834,Ovandy Frias,3B/SS,0.25,-0.09120999971637503,,2024,bat,3B/SS
sa3021114,Niurby Asigen,1B/OF,0.25,0.11324001168832183,,2024,bat,1B/OF
sa3016560,Angel Santana,1B/OF,0.25,0.20732000046409665,KCR,2024,bat,1B/OF
sa3018390,Maikol Munoz,3B,0.25,0.20844001888763153,,2024,bat,3B
sa3008921,Derek Escobar,1B/OF,0.25,0.19111002585850645,,2024,bat,1B/OF
sa3016174,Kevin Santos,OF,0.25,0.12024000067031004,,2024,bat,OF
sa3008930,Lizardo Ruiz,3B/SS,0.25,0.18965998712228613,,2024,bat,3B/SS
sa3016338,Yohenny Mata,3B,0.25,0.19031998923746868,,2024,bat,3B
sa3021154,Eduardo Perez,OF,0.25,0.11200999354477972,HOU,2024,bat,OF
sa3020224,Ramses Velazquez,OF,0.25,0.0949699825490825,,2024,bat,OF
sa3018567,Jose Contreras,OF,0.25,0.08775004218332466,,2024,bat,OF
sa3018577,Carlos Tirado,1B,0.25,0.21597999864025041,,2024,bat,1B
sa3015640,Lewin De La Cruz,1B/2B/3B,0.25,0.18974998544435942,,2024,bat,1B/2B/3B
sa3021309,Luis Puello,C/OF,0.25,0.08665001939516506,NYY,2024,bat,C/OF
sa3021304,Marcelo Alcala,OF,0.25,0.10288001381559295,CHW,2024,bat,OF
sa3021310,Dauwin Gonzalez,OF,0.25,0.1375799941597506,,2024,bat,OF
sa3021201,Brailin Pascual,2B/3B,0.25,-0.013709964521694939,,2024,bat,2B/3B
sa3015791,Luis Ariza,C/1B,0.25,0.1331100348150357,,2024,bat,C/1B
sa3021089,Tony Ruiz,1B/OF,0.25,0.13708004052750764,,2024,bat,1B/OF
sa3021056,Jesus Gamez,P/1B/OF,0.25,0.17690002413000908,TEX,2024,bat,P/1B/OF
sa3021622,Jhoan Solarte,OF,0.25,0.15191001669736576,,2024,bat,OF
sa3021652,Juan Pulinario,OF,0.25,0.0652699930826202,,2024,bat,OF
sa3021145,Moises Moreno,P/OF,0.25,0.05716000976972282,,2024,bat,P/OF
sa3021313,Adriel Cuello,2B/SS,0.25,-0.04893998210318397,,2024,bat,2B/SS
sa3021151,Diego Felix,SS/OF,0.25,0.06955999026540664,,2024,bat,SS/OF
sa3016540,Oswaldo Ladera,OF,0.25,0.09988000199664382,,2024,bat,OF
sa3018219,Wyatt Hoffman,2B/OF,0.25,0.20987002887995915,SDP,2024,bat,2B/OF
sa3019676,Joan Delgado,OF,0.25,0.11721000178949902,CHC,2024,bat,OF
sa3018612,Maykel Minoso,C,0.25,0.20513999665854496,TOR,2024,bat,C
sa3015759,Brayan Ferrer,C/1B,0.25,0.16727000090759236,,2024,bat,C/1B
sa3021066,Alfredo Duno,C,0.25,0.31204999958863483,CIN,2024,bat,C
sa3021162,Daris Cordero,1B/3B,0.25,-0.04543002881109718,,2024,bat,1B/3B
sa3021217,Carlos Batista,OF,0.25,0.12598000499419865,WSN,2024,bat,OF
sa3015753,Juanel Urena,OF,0.25,0.09904995526885611,,2024,bat,OF
sa3021651,Carlos Blanco,1B/OF,0.25,0.1253400303889066,,2024,bat,1B/OF
sa3019305,Luis Castaneda,1B/2B,0.25,0.10831994818290697,,2024,bat,1B/2B
sa3016193,Miguel Vargas,1B/OF,0.25,0.1785099653061479,,2024,bat,1B/OF
sa3021841,Samil Dishmey,OF,0.25,0.23292003790847954,LAA,2024,bat,OF
sa3016140,Jose Cosma,1B/3B,0.25,0.16939995975699276,,2024,bat,1B/3B
sa3017771,Jhon Imbert,1B/OF,0.25,0.1415299816988408,,2024,bat,1B/OF
sa3018971,Ramon Ramirez,OF,0.25,0.2343399732839316,,2024,bat,OF
sa3016134,Pedro Figuereo,2B/3B,0.25,-0.03758001471869652,,2024,bat,2B/3B
sa3021188,Enderson Asencio,1B/OF,0.25,0.08078997018747025,,2024,bat,1B/OF
sa3015582,Fernando Hernandez,3B/SS,0.25,0.17959002804709592,,2024,bat,3B/SS
sa3021249,Pablo Guerrero,1B,0.25,0.2064999866648577,TEX,2024,bat,1B
sa3021616,Albert Alberto,OF,0.25,0.07977000157115974,,2024,bat,OF
sa3016340,Francisco Ulloa,OF,0.25,0.08810001866659142,,2024,bat,OF
sa3019098,Ryan Castillo,1B,0.25,0.15824993936112153,,2024,bat,1B
sa3015832,Sebastian Castro,OF,0.25,0.06435003888327627,,2024,bat,OF
sa3021612,Nathanael German,OF,0.25,0.1212400219868868,,2024,bat,OF
sa3021194,Breiny Ramírez,OF,0.25,0.06261000870727,BAL,2024,bat,OF
sa3015634,Dawry Martinez,OF,0.25,0.09118997816694895,,2024,bat,OF
sa3015575,Joel Flores,OF,0.25,0.09861999391578138,,2024,bat,OF
sa3015750,Saul Bautista,OF,0.25,0.09181003886042162,,2024,bat,OF
sa3018944,Marco Marcelino,OF,0.25,0.06592004410922524,,2024,bat,OF
sa3019639,Andres Bonolis,OF,0.25,0.07572999026160687,,2024,bat,OF
sa3018618,Elian Cortorreal,2B,0.25,0.15919004537863657,,2024,bat,2B
sa3015797,Brayan Rijo,OF,0.25,0.15585005128523335,,2024,bat,OF
sa3016081,Robinson Vargas,1B/OF,0.25,0.154940052749589,,2024,bat,1B/OF
sa3016865,Ronal Antigua,OF,0.25,0.0865500108571723,,2024,bat,OF
sa3021852,Jean C. Gutierrez,OF,0.25,0.015329977485816918,,2024,bat,OF
sa3015617,Keshawn Rombley,OF,0.25,0.09269000942585988,,2024,bat,OF
sa3016192,Eskoly De Jesus,OF,0.25,0.06973004166502503,,2024,bat,OF
sa3018621,Jose Medina,C/1B,0.25,0.15404996237484733,,2024,bat,C/1B
sa3021132,Alessander De La Cruz,OF,0.25,0.24592993668047702,COL,2024,bat,OF
sa3008800,Pedro Mota,2B/SS,0.25,0.13995995057048277,,2024,bat,2B/SS
sa3018931,Jesus Correa,OF,0.25,0.13602997404523184,,2024,bat,OF
sa3016147,Jerry Torres,1B/OF,0.25,0.14131002868525674,,2024,bat,1B/OF
sa3019910,Bernardo Zabala,C/1B,0.25,0.17108003029134122,,2024,bat,C/1B
sa3016127,Sebastian Bautista,OF,0.25,0.08056997559033324,,2024,bat,OF
sa3021283,Adrian Ibarra,1B,0.25,0.18614997576223688,,2024,bat,1B
sa3021179,Hancel Almonte,1B/OF,0.25,0.09107999447733159,,2024,bat,1B/OF
sa3018929,Jose Colmenarez,C/1B,0.25,0.16881997630698609,,2024,bat,C/1B
sa3021254,Pedro Ibarguen,OF,0.25,0.20860000725369898,MIL,2024,bat,OF
sa3015664,Jarol Martinez,1B/3B,0.25,0.168609979795292,,2024,bat,1B/3B
sa3016549,Diego Gonzalez,C/1B,0.25,0.12847004148643457,,2024,bat,C/1B
sa3021316,Claudio Evangelista,OF,0.25,0.10362000382738187,,2024,bat,OF
sa3018547,Roosbert Tapia,1B/3B,0.25,0.15431996734114362,,2024,bat,1B/3B
sa3015778,Carlos Arcila,C/1B,0.25,0.14103997680358588,,2024,bat,C/1B
sa3020684,Enmanuel Bonilla,OF,0.25,0.1823500245343894,TOR,2024,bat,OF
sa3018623,Manuel German,1B,0.25,0.16739000062225382,KCR,2024,bat,1B
sa3015749,Angel Pena,OF,0.25,0.07487997575663026,,2024,bat,OF
sa3015854,Osman Bravo,C/1B,0.25,0.1364599995780736,,2024,bat,C/1B
sa3021209,Carlos Tavares,1B,0.25,0.15283999531529835,WSN,2024,bat,1B
sa3018457,Adrian Reyes,OF,0.25,0.12476000775350257,,2024,bat,OF
sa3021319,Yensi Reyes,OF,0.25,0.21762997825862837,,2024,bat,OF
sa3015552,Jorge Celado,1B/3B,0.25,0.14518998672720035,,2024,bat,1B/3B
sa3021200,Albert Gutierrez,1B,0.25,0.1392799398628994,CHC,2024,bat,1B
sa3021062,Yael Romero,1B,0.25,0.18687000389909372,CIN,2024,bat,1B
sa3021088,Anthony Baptist,OF,0.25,0.17806003917939958,,2024,bat,OF
sa3021288,Frederik Jimenez,1B,0.25,0.17526995146181434,BOS,2024,bat,1B
sa3017954,Jose Aular,C/1B,0.25,0.11199001013301312,NYM,2024,bat,C/1B
sa3015554,Aldrin Lucas,1B,0.25,0.14591004474787034,,2024,bat,1B
sa3015660,Enger Castellano,1B/3B,0.25,0.12875997289083888,,2024,bat,1B/3B
sa3015767,Rodolfo De La Cruz,OF,0.25,0.09433998389868065,,2024,bat,OF
sa3009323,Derek Vegas,C/1B,0.25,0.15115002599777644,MIA,2024,bat,C/1B
sa3015527,Ray-Jacson Chirino,1B,0.25,0.1342900003772228,,2024,bat,1B
sa3016114,Alexis Feliz,1B/2B/3B,0.25,0.12325000615091992,,2024,bat,1B/2B/3B
sa3015837,Yoangel Ramos,1B/3B,0.25,0.1397300368640571,,2024,bat,1B/3B
sa3015563,Germain Ruiz,1B/OF,0.25,0.15688003228278827,MIA,2024,bat,1B/OF
sa3011668,Fabian Urbina,C/3B,0.25,0.21779998033307482,,2024,bat,C/3B
sa3016317,Frailyn Abreu,1B/3B,0.25,0.12674002911662677,,2024,bat,1B/3B
sa3017827,Brayan Oropeza,C/1B,0.25,0.13130999649874864,,2024,bat,C/1B
sa3021296,Daniel Gaitor,OF,0.25,0.08399997311644253,,2024,bat,OF
sa3021245,Ewing Matos,OF,0.25,0.05243001317139716,,2024,bat,OF
sa3021142,Alexander Garcia,1B/OF,0.25,0.10547003569081419,,2024,bat,1B/OF
sa3015782,Richard Polanco,1B/3B,0.25,0.11627000211738045,,2024,bat,1B/3B
sa3021838,Jhorvic Abreus,3B,0.25,0.16624999366467808,CLE,2024,bat,3B
sa3022235,Jose Castro,OF,0.25,0.038849992514587886,NYY,2024,bat,OF
sa3021190,Reniel Diaz,OF,0.25,0.04086002039257437,,2024,bat,OF
sa3015833,Gustavo Marquez,OF,0.25,0.051180025143548816,,2024,bat,OF
sa3016827,Jose Marcano,C/1B,0.25,0.1177500086603686,,2024,bat,C/1B
sa3018444,Jose Liriano,1B,0.25,0.18573998836800454,,2024,bat,1B
sa3015820,Luis Rodriguez,1B/3B,0.25,0.12028995703440158,,2024,bat,1B/3B
sa3015862,Jonaiker Sandoval,OF,0.25,0.05084996582008891,,2024,bat,OF
sa3021272,Santiago Contreras,OF,0.25,0.021989985089749024,SDP,2024,bat,OF
sa3015658,Arnys Rodriguez,1B,0.25,0.11445997155969957,,2024,bat,1B
sa3018446,Javier Roman,C/1B,0.25,0.09917002534493805,,2024,bat,C/1B
sa3019205,Natanael Eusebio,OF,0.25,0.03778996935579926,,2024,bat,OF
sa3016322,Randy Arrieta,OF,0.25,0.035609995003323916,,2024,bat,OF
sa3015845,Luis Paredes,OF,0.25,0.17658001673407844,,2024,bat,OF
sa3018607,Carlos Gonzalez,C/1B,0.25,0.08760001963237293,SEA,2024,bat,C/1B
33541,Dylan Crews,OF,50.220001220703125,180.49015617370603,WSN,2024,bat,OF
sa3021054,Kevin Dume,1B,0.25,0.05213997736573219,OAK,2024,bat,1B
sa3021106,Randy Guzman,1B/OF,0.25,0.005170032370369871,NYM,2024,bat,1B/OF
sa3019528,Angel Feliz,OF,0.25,0.1765900334459729,,2024,bat,OF
sa3016313,Rivaldo Avila,C,0.25,0.09315001813229169,,2024,bat,C
sa3019101,Carlos Altuve,C/1B,0.25,0.09303003984969102,,2024,bat,C/1B
sa3021158,Delfry Carrasco,1B/SS,0.25,-0.011819971574004851,,2024,bat,1B/SS
sa3015519,Jiter Heredia,OF,0.25,-0.005709998100064676,,2024,bat,OF
sa3015588,Ewry Espinal,1B/OF,0.25,0.17932997097959744,,2024,bat,1B/OF
sa3021270,Anthony Rodriguez,1B/OF,0.25,0.059439998678862974,,2024,bat,1B/OF
sa3018579,Yanki Jean-Baptiste,1B/3B,0.25,0.059739974897820444,,2024,bat,1B/3B
sa3016871,Jose Herrera,C/1B,0.25,0.0909800368710421,,2024,bat,C/1B
sa3018402,Irving Igualas,OF,0.25,0.025129990419372895,,2024,bat,OF
sa3019602,Gregory Mota,3B,0.25,0.045879989746026674,,2024,bat,3B
sa3021171,Byron Castillo,OF,0.25,0.01711998472455891,LAA,2024,bat,OF
sa3016539,German Guilarte,C/1B,0.25,-0.0006499855779111604,,2024,bat,C/1B
sa3015545,Abelaldo Lopez,OF,0.25,0.011980007495731021,,2024,bat,OF
sa3015858,Anderson Sanchez,1B/OF,0.25,0.0769899931154213,,2024,bat,1B/OF
sa3016345,Junior Marino,C/OF,0.25,0.16962995332432904,PHI,2024,bat,C/OF
sa3018956,Roman La Torre,C/1B,0.25,0.0807600448606535,,2024,bat,C/1B
sa3021161,Kay Robles,OF,0.25,-0.06568999713053929,,2024,bat,OF
sa3018964,Jesus Peraza,C/1B,0.25,0.0657100374228321,,2024,bat,C/1B
sa3018966,Gilberto Rojas,C/1B,0.25,0.13775996490148826,,2024,bat,C/1B
sa3021236,Luis Arredondo,1B/3B,0.25,0.10541006949497383,,2024,bat,1B/3B
sa3021121,Adan Chacon,1B,0.25,0.21865004643332206,,2024,bat,1B
sa3016152,Eduardo Montero,C/1B,0.25,0.04108003809815265,,2024,bat,C/1B
sa3019541,Juan Martínez,OF,0.25,0.09942996411118654,,2024,bat,OF
sa3021228,Elian Soto,1B/OF,0.25,0.009930020966567067,WSN,2024,bat,1B/OF
sa3018935,Delvis Matos,OF,0.25,-0.014239974145311963,,2024,bat,OF
sa3016868,Luis Maza,2B/3B,0.25,0.11787997476058075,,2024,bat,2B/3B
sa3015689,Andy Sosa,OF,0.25,0.13387003750540313,,2024,bat,OF
sa3021265,Santiago Pinto,OF,0.25,-0.022260044771246622,DET,2024,bat,OF
sa3021649,Railin Familia,C/1B,0.25,0.0686599642038345,,2024,bat,C/1B
sa3016319,Gabriel Bersing,C/1B,0.25,0.06477001428138465,,2024,bat,C/1B
sa3018538,Erick Arosemena,OF,0.25,0.1034899929421954,,2024,bat,OF
sa3018581,Jose Fernandez,2B/SS,0.25,0.0850199663778767,,2024,bat,2B/SS
sa3015852,Gustavo Armas,OF,0.25,0.06589002597611392,,2024,bat,OF
sa3021641,Jermaine Maricuto,C/1B,0.25,0.12494999354239547,,2024,bat,C/1B
sa3019208,Jhonny Perez,C/1B,0.25,0.04668999176938085,,2024,bat,C/1B
sa3018954,José Noguera,C/1B,0.25,0.012030010437592858,,2024,bat,C/1B
sa3016559,Arquedion Muller,1B,0.25,0.049960009404458036,,2024,bat,1B
sa3017772,Juan Rosa,OF,0.25,-0.029950026702135917,,2024,bat,OF
sa3019213,Jonathan Bautista,OF,0.25,-0.04285996255930513,,2024,bat,OF
sa3019307,Johan Ferreira,1B,0.25,0.0354499615961685,,2024,bat,1B
sa3016308,Robert De Paula,OF,0.25,0.06901999390684059,,2024,bat,OF
sa3015573,Robert Hendrick,1B,0.25,0.03582002308685325,,2024,bat,1B
sa3016309,Delfin Ramirez,2B,0.25,0.025670013343915325,,2024,bat,2B
sa3018490,Jose Arias,OF,0.25,-0.04588001768570397,,2024,bat,OF
sa3021291,Angel Aquino,OF,0.25,-0.021480000670999318,,2024,bat,OF
sa3018635,Andy Colon,1B/OF,0.25,-0.07743001525523141,,2024,bat,1B/OF
sa3018452,Neify Rosario,OF,0.25,0.10941999446367842,,2024,bat,OF
sa3016787,Cesar Aguasvivas,1B/3B,0.25,0.007909991720225627,,2024,bat,1B/3B
sa3021647,Eric Valdez,1B/OF,0.25,-0.0033399677835405546,,2024,bat,1B/OF
sa3015835,Daniel Ferreira,OF,0.25,0.044690014177467645,,2024,bat,OF
sa3018945,Moises Febrillet,3B,0.25,-0.023270022450015023,CHC,2024,bat,3B
sa3019722,Tony Blanco Jr.,1B,0.25,0.07741995885735367,PIT,2024,bat,1B
sa3021077,Janero Miller,P/OF,0.25,-0.011350035306532015,MIA,2024,bat,P/OF
15730,Tyler Wade,2B/OF,21.059999465942383,66.30972970426082,TEX,2024,bat,2B/OF
sa3021596,Yohangel Moris,3B,0.25,-0.1107799657154829,,2024,bat,3B
19966,Bobby Dalbec,1B,43.7400016784668,184.55935489535335,,2024,bat,1B
15124,Tim Locastro,OF,3.240000009536743,10.744639595597981,,2024,bat,OF
sa1169792,Ryan Ward,OF,1.6200000047683716,5.173190431855618,LAD,2024,bat,OF
17040,Jose Herrera,C,7.53000020980835,23.200660708546636,TEX,2024,bat,C
18067,Garrett Stubbs,C,25.610000610351562,87.69077017903328,PHI,2024,bat,C
25524,Aaron Schunk,2B/3B/SS,6.480000019073486,23.6800198957324,ATL,2024,bat,2B/3B/SS
22117,Nick Pratto,1B,69.66000366210938,290.71728409528725,TEX,2024,bat,1B
22261,Bubba Thompson,OF,9.720000267028809,34.227582642436026,,2024,bat,OF
25999,Victor Mesa Jr.,OF,3.240000009536743,10.591410855576394,TBR,2024,bat,OF
9929,Darin Ruf,1B/OF,12.960000038146973,55.47738841921091,,2024,bat,1B/OF
sa3019978,Nathan Martorella,1B,12.960000038146973,50.07969355285167,MIA,2024,bat,1B
25543,Korey Lee,C,34.650001525878906,103.26484028100967,CHW,2024,bat,C
15194,Jake Bauers,1B/OF,56.70000076293945,243.64313207268714,MIL,2024,bat,1B/OF
25448,Greg Jones,OF,12.960000038146973,47.19733307361602,MIL,2024,bat,OF
27471,Zach DeLoach,OF,12.960000038146973,46.818744739145046,,2024,bat,OF
18217,Brett Sullivan,C,15.630000114440918,53.502290661633,COL,2024,bat,C
12984,Jackie Bradley Jr.,OF,17.81999969482422,53.41317863762378,,2024,bat,OF
12155,Eddie Rosario,OF,85.86000061035156,364.4609192728996,,2024,bat,OF
26208,Tyler Fitzgerald,2B/SS,27.540000915527344,91.04850906133652,SFG,2024,bat,2B/SS
19273,Stone Garrett,OF,64.80000305175781,284.29138024449344,,2024,bat,OF
19864,Riley Adams,C,40.900001525878906,161.26098588109016,WSN,2024,bat,C
10762,Corey Dickerson,OF,25.920000076293945,104.79898396730422,,2024,bat,OF
12164,Miguel Sanó,1B/3B,34.02000045776367,155.21616864502428,,2024,bat,1B/3B
18607,Jared Walsh,1B,24.299999237060547,91.262408131361,,2024,bat,1B
20157,Matthew Batten,2B/3B,21.059999465942383,65.5440093681216,,2024,bat,2B/3B
8090,Matt Carpenter,3B,38.880001068115234,157.54203636348242,,2024,bat,3B
13359,Tyler Naquin,OF,22.68000030517578,86.62618308365344,,2024,bat,OF
4314,Joey Votto,1B,55.08000183105469,230.4566653639078,,2024,bat,1B
32127,Chase DeLauter,OF,22.68000030517578,71.98002848774195,CLE,2024,bat,OF
11680,Elias Díaz,C,90.4000015258789,382.26885905265806,KCR,2024,bat,C
5760,Avisaíl García,OF,81.0,314.61184911727906,,2024,bat,OF
6887,Martín Maldonado,C,66.29000091552734,191.15448409914967,,2024,bat,C
25845,Michael Toglia,1B,81.0,335.37509282827375,CIN,2024,bat,1B
