playerid,PlayerName,minpos,G,GS,IP,SV,HLD,FPTS,Team,season,stats,role
13125,Gerrit Cole,P,11.851900100708008,11.851900100708008,74.98059844970703,0.0,0.0,414.27690658569327,NYY,2020,pit,SP
10954,Jacob deGrom,P,11.851900100708008,11.851900100708008,76.10199737548828,0.0,0.0,401.5910232543945,TEX,2020,pit,SP
3137,Max Scherzer,P,11.399999618530273,11.399999618530273,72.06269836425781,0.0,0.0,377.4421628952025,TOR,2020,pit,SP
8700,Justin Verlander,P,10.800000190734863,10.800000190734863,68.0656967163086,0.0,0.0,354.9797358989716,DET,2020,pit,SP
19427,Shane Bieber,P,11.851900100708008,11.851900100708008,74.60559844970703,0.0,0.0,348.2406686306,TOR,2020,pit,SP
2520,Lance Lynn,P,11.851900100708008,11.851900100708008,70.9990005493164,0.0,0.0,316.4241869926453,,2020,pit,SP
10131,Stephen Strasburg,P,11.851900100708008,11.851900100708008,74.21499633789062,0.0,0.0,345.8806789875031,,2020,pit,SP
2036,Clayton Kershaw,P,11.851900100708008,11.851900100708008,74.78919982910156,0.0,0.0,326.47382271289825,,2020,pit,SP
9323,Patrick Corbin,P,11.851900100708008,11.851900100708008,71.0792007446289,0.0,0.0,324.8430404663086,,2020,pit,SP
19374,Walker Buehler,P,11.399999618530273,11.399999618530273,69.16850280761719,0.0,0.0,332.5823040962219,SDP,2020,pit,SP
4676,Charlie Morton,P,11.399999618530273,11.399999618530273,68.55879974365234,0.0,0.0,331.77302150726314,,2020,pit,SP
2429,Corey Kluber,P,11.399999618530273,11.399999618530273,68.01229858398438,0.0,0.0,290.6907960414887,,2020,pit,SP
11828,James Paxton,P,11.399999618530273,11.399999618530273,65.17790222167969,0.0,0.0,291.44847202301025,,2020,pit,SP
12703,Trevor Bauer,P,11.851900100708008,11.851900100708008,73.98609924316406,0.0,0.0,308.8587742805481,,2020,pit,SP
12808,Mike Clevinger,P,11.399999618530273,11.399999618530273,69.09490203857422,0.0,0.0,325.1836077213288,PIT,2020,pit,SP
13543,Blake Snell,P,10.800000190734863,10.800000190734863,60.539398193359375,0.0,0.0,306.555566573143,LAD,2020,pit,SP
17479,Jack Flaherty,P,11.851900100708008,11.851900100708008,71.03140258789062,0.0,0.0,324.43981513977053,DET,2020,pit,SP
15038,Germán Márquez,P,11.399999618530273,11.399999618530273,69.14779663085938,0.0,0.0,278.6046584606171,SDP,2020,pit,SP
16149,Aaron Nola,P,11.851900100708008,11.851900100708008,73.42479705810547,0.0,0.0,314.03519849777217,PHI,2020,pit,SP
15689,Luis Castillo,P,11.851900100708008,11.851900100708008,70.37259674072266,0.0,0.0,297.5579934120178,SEA,2020,pit,SP
10021,Mike Minor,P,11.851900100708008,11.851900100708008,74.26090240478516,0.0,0.0,269.840506362915,,2020,pit,SP
13074,Yu Darvish,P,11.399999618530273,11.399999618530273,68.51599884033203,0.0,0.0,303.1339062213897,SDP,2020,pit,SP
14120,Lance McCullers Jr.,P,9.600000381469727,9.600000381469727,55.84379959106445,0.0,0.0,258.1523207187653,HOU,2020,pit,SP
10123,Kyle Gibson,P,11.399999618530273,11.399999618530273,65.30999755859375,0.0,0.0,249.38648395538337,,2020,pit,SP
15474,Lucas Giolito,P,11.399999618530273,11.399999618530273,68.15769958496094,0.0,0.0,277.21955533027653,,2020,pit,SP
14916,Jon Gray,P,11.399999618530273,11.399999618530273,68.71990203857422,0.0,0.0,264.08366541862483,,2020,pit,SP
12768,Sonny Gray,P,11.399999618530273,11.399999618530273,64.9386978149414,0.0,0.0,264.2847683906555,BOS,2020,pit,SP
6632,Carlos Carrasco,P,10.199999809265137,10.199999809265137,60.4275016784668,0.0,0.0,267.4482143878937,ATL,2020,pit,SP
14309,Frankie Montas,P,10.800000190734863,10.800000190734863,65.29859924316406,0.0,0.0,270.1723388195038,,2020,pit,SP
1943,Zack Greinke,P,11.851900100708008,11.851900100708008,74.7645034790039,0.0,0.0,286.4800599098205,,2020,pit,SP
13743,Max Fried,P,11.399999618530273,11.399999618530273,65.10269927978516,0.0,0.0,284.7133091449738,NYY,2020,pit,SP
15423,Andrew Heaney,P,10.800000190734863,10.800000190734863,62.07099914550781,0.0,0.0,262.56531753540037,,2020,pit,SP
14168,José Berríos,P,11.851900100708008,11.851900100708008,73.51380157470703,0.0,0.0,270.02725224494935,TOR,2020,pit,SP
20099,Chris Paddack,P,10.800000190734863,10.800000190734863,64.25350189208984,0.0,0.0,272.98825669288635,MIA,2020,pit,SP
10310,Zack Wheeler,P,11.399999618530273,11.399999618530273,70.12770080566406,0.0,0.0,271.78684558868406,PHI,2020,pit,SP
14444,Hyun Jin Ryu,P,11.399999618530273,11.399999618530273,68.8823013305664,0.0,0.0,262.78043689727787,,2020,pit,SP
19959,Jesús Luzardo,P,10.851900100708008,9.0,54.951900482177734,0.0,0.27880001068115234,241.46179718971254,PHI,2020,pit,SP
14374,Tyler Glasnow,P,9.600000381469727,9.600000381469727,53.53150177001953,0.0,0.0,263.104401421547,LAD,2020,pit,SP
15440,Matthew Boyd,P,11.399999618530273,11.399999618530273,67.59770202636719,0.0,0.0,263.7285936832428,CHC,2020,pit,SP
16162,Brandon Woodruff,P,11.399999618530273,11.399999618530273,67.7511978149414,0.0,0.0,275.1897237300873,MIL,2020,pit,SP
18383,Michael Soroka,P,11.399999618530273,11.399999618530273,70.07219696044922,0.0,0.0,265.5982061862946,ARI,2020,pit,SP
17186,Dinelson Lamet,P,9.600000381469727,9.600000381469727,53.400699615478516,0.0,0.0,244.6269779205322,,2020,pit,SP
12917,Dylan Bundy,P,11.399999618530273,11.399999618530273,65.80020141601562,0.0,0.0,245.3255113601684,,2020,pit,SP
13164,Eduardo Rodriguez,P,10.800000190734863,10.800000190734863,64.0988998413086,0.0,0.0,257.0791607379914,ARI,2020,pit,SP
9434,Dallas Keuchel,P,11.399999618530273,11.399999618530273,70.20149993896484,0.0,0.0,233.33124666213993,,2020,pit,SP
19755,Shohei Ohtani,DH,7.199999809265137,7.199999809265137,40.61360168457031,0.0,0.0,195.94175870418545,LAD,2020,pit,SP
12970,Joe Musgrove,P,11.399999618530273,11.399999618530273,67.31739807128906,0.0,0.0,245.07100839614876,SDP,2020,pit,SP
17594,Mitch Keller,P,10.199999809265137,10.199999809265137,56.80080032348633,0.0,0.0,231.25043816566475,PIT,2020,pit,SP
12049,Kyle Hendricks,P,11.399999618530273,11.399999618530273,67.46700286865234,0.0,0.0,227.0765276908874,,2020,pit,SP
15764,Masahiro Tanaka,P,10.800000190734863,10.800000190734863,63.10960006713867,0.0,0.0,209.3340518474578,,2020,pit,SP
13431,Marcus Stroman,P,9.600000381469727,9.600000381469727,54.9541015625,0.0,0.0,212.93200364112852,,2020,pit,SP
9132,Nathan Eovaldi,P,10.800000190734863,10.800000190734863,59.443199157714844,0.0,0.0,232.05800285339353,TEX,2020,pit,SP
9784,Garrett Richards,P,9.600000381469727,9.600000381469727,51.52000045776367,0.0,0.0,211.94732773303986,,2020,pit,SP
14765,Julio Urías,P,13.163000106811523,10.199999809265137,59.3306999206543,0.0,0.2671999931335449,235.29179143905642,LAD,2020,pit,SP
16794,Josh James,P,14.466699600219727,7.800000190734863,50.10210037231445,0.0,0.28690001368522644,224.924082493782,,2020,pit,SP
11486,Robbie Ray,P,11.399999618530273,11.399999618530273,64.52050018310547,0.0,0.0,261.6046687602998,SFG,2020,pit,SP
12304,Chris Bassitt,P,16.407400131225586,9.0,58.03340148925781,0.0,0.27880001068115234,223.5800384044647,BAL,2020,pit,SP
18413,José Urquidy,P,9.0,9.0,50.16999816894531,0.0,0.0,193.46814510822298,PIT,2020,pit,SP
15467,Marco Gonzales,P,11.851900100708008,11.851900100708008,71.57820129394531,0.0,0.0,232.2335079193115,SDP,2020,pit,SP
19291,Zac Gallen,P,10.800000190734863,10.800000190734863,62.04990005493164,0.0,0.0,248.50232501029976,ARI,2020,pit,SP
6397,Jake Odorizzi,P,10.800000190734863,10.800000190734863,60.500701904296875,0.0,0.0,215.19921689033512,,2020,pit,SP
17085,Pablo López,P,10.199999809265137,10.199999809265137,58.21110153198242,0.0,0.0,213.13368859291077,MIN,2020,pit,SP
18525,Dylan Cease,P,9.0,9.0,50.16600036621094,0.0,0.0,186.08660824298858,TOR,2020,pit,SP
6562,Alex Cobb,P,11.399999618530273,11.399999618530273,68.36920166015625,0.0,0.0,178.11775155067446,,2020,pit,SP
18498,Kenta Maeda,P,13.762999534606934,10.800000190734863,63.154598236083984,0.0,0.28540000319480896,220.5118338823319,,2020,pit,SP
6902,Martín Pérez,P,11.399999618530273,11.399999618530273,66.43479919433594,0.0,0.0,215.40177817344673,ATL,2020,pit,SP
4806,Rich Hill,P,9.600000381469727,9.600000381469727,52.063201904296875,0.0,0.0,195.60772089958195,,2020,pit,SP
13050,Anthony DeSclafani,P,9.600000381469727,9.600000381469727,53.263301849365234,0.0,0.0,178.11957013607025,,2020,pit,SP
9803,Miles Mikolas,P,10.199999809265137,10.199999809265137,59.38629913330078,0.0,0.0,208.31625809669498,WSN,2020,pit,SP
14107,Kevin Gausman,P,9.600000381469727,9.600000381469727,54.10350036621094,0.0,0.0,204.94901132583618,TOR,2020,pit,SP
7882,Josh Lindblom,P,10.199999809265137,10.199999809265137,62.220001220703125,0.0,0.0,207.50258936882017,,2020,pit,SP
16918,Luke Weaver,P,9.600000381469727,9.600000381469727,53.1338996887207,0.0,0.0,200.43057606220245,NYM,2020,pit,SP
5524,Madison Bumgarner,P,11.851900100708008,11.851900100708008,73.74870300292969,0.0,0.0,246.74226741790773,,2020,pit,SP
16207,Spencer Turnbull,P,13.814800262451172,9.0,54.15589904785156,0.0,0.25999999046325684,196.99221100807193,,2020,pit,SP
13781,Alex Wood,P,9.600000381469727,9.600000381469727,53.85049819946289,0.0,0.0,190.66724410057068,,2020,pit,SP
16401,Yonny Chirinos,P,12.703700065612793,9.0,54.70479965209961,0.0,0.2962999939918518,199.50029914379118,,2020,pit,SP
20633,Yusei Kikuchi,P,11.399999618530273,11.399999618530273,64.2301025390625,0.0,0.0,207.36541876792907,LAA,2020,pit,SP
15047,Austin Voth,P,10.251899719238281,8.399999618530273,48.82320022583008,0.0,0.28439998626708984,167.79200887680054,CHW,2020,pit,SP
3542,Danny Duffy,P,11.399999618530273,11.399999618530273,68.2291030883789,0.0,0.0,216.84121918678287,,2020,pit,SP
19320,Joey Lucchesi,P,10.800000190734863,10.800000190734863,61.504600524902344,0.0,0.0,215.251743888855,,2020,pit,SP
15734,Brad Keller,P,10.800000190734863,10.800000190734863,64.84870147705078,0.0,0.0,205.06556997299188,PHI,2020,pit,SP
6893,Johnny Cueto,P,10.800000190734863,10.800000190734863,63.78219985961914,0.0,0.0,219.3455383300781,,2020,pit,SP
7410,J.A. Happ,P,10.199999809265137,10.199999809265137,56.64419937133789,0.0,0.0,179.6620325565339,,2020,pit,SP
4930,Jon Lester,P,11.399999618530273,11.399999618530273,66.20040130615234,0.0,0.0,203.37519364356993,,2020,pit,SP
16400,Reynaldo López,P,10.199999809265137,10.199999809265137,58.98529815673828,0.0,0.0,179.0718302726746,ATL,2020,pit,SP
15873,Sean Manaea,P,9.0,9.0,51.694801330566406,0.0,0.0,179.17947626113897,NYM,2020,pit,SP
7593,Jordan Lyles,P,11.451899528503418,9.600000381469727,54.04439926147461,0.0,0.23080000281333923,167.68196709156038,,2020,pit,SP
12718,Adrian Houser,P,11.451899528503418,9.600000381469727,52.940101623535156,0.0,0.27709999680519104,186.38688390254976,SFG,2020,pit,SP
8779,Wade Miley,P,10.199999809265137,10.199999809265137,54.43920135498047,0.0,0.0,170.80580310821534,,2020,pit,SP
4972,Cole Hamels,P,9.0,9.0,50.76490020751953,0.0,0.0,186.77150645256046,,2020,pit,SP
19867,Griffin Canning,P,7.199999809265137,7.199999809265137,39.957698822021484,0.0,0.0,157.38494753837585,SDP,2020,pit,SP
20186,Brendan McKay,P,8.451899528503418,6.599999904632568,37.396400451660156,0.0,0.2962999939918518,164.27898788452146,,2020,pit,SP
13218,Michael Fulmer,P,7.800000190734863,7.800000190734863,44.90230178833008,0.0,0.0,154.6464845657349,SFG,2020,pit,SP
13619,Jakob Junis,P,10.199999809265137,10.199999809265137,59.284698486328125,0.0,0.0,192.97944908142085,TEX,2020,pit,SP
19343,A.J. Puk,P,7.2519001960754395,5.400000095367432,32.631900787353516,0.0,0.27880001068115234,139.8950930833817,ARI,2020,pit,SP
16269,John Means,P,10.800000190734863,10.800000190734863,63.08150100708008,0.0,0.0,153.9593362808228,KCR,2020,pit,SP
2717,Rick Porcello,P,11.399999618530273,11.399999618530273,66.5510025024414,0.0,0.0,209.76673974990845,,2020,pit,SP
19716,Dustin May,P,12.155599594116211,6.599999904632568,43.10540008544922,0.0,0.2671999931335449,167.7162417411804,STL,2020,pit,SP
13361,Steven Matz,P,10.800000190734863,10.800000190734863,59.84640121459961,0.0,0.0,208.88582377433778,TBR,2020,pit,SP
13273,Ross Stripling,P,13.26669979095459,6.599999904632568,41.90769958496094,0.0,0.2671999931335449,162.88945546150202,,2020,pit,RP
14212,Josh Hader,P,27.777799606323242,0.0,27.777799606323242,9.48900032043457,1.8381999731063843,216.0640428543091,HOU,2020,pit,RP
16256,Kyle Freeland,P,10.199999809265137,10.199999809265137,57.1348991394043,0.0,0.0,158.23426866531375,COL,2020,pit,SP
19361,Corbin Burnes,P,14.466699600219727,7.800000190734863,50.21689987182617,0.0,0.27709999680519104,174.8973899126053,ARI,2020,pit,SP
8223,Brett Anderson,P,9.600000381469727,9.600000381469727,54.061100006103516,0.0,0.0,160.50166814327238,,2020,pit,SP
8753,Tanner Roark,P,10.800000190734863,10.800000190734863,63.664798736572266,0.0,0.0,185.85467271804808,,2020,pit,SP
16137,Carlos Rodón,P,13.866700172424316,7.199999809265137,47.50749969482422,0.0,0.2669999897480011,169.5478462457657,NYY,2020,pit,SP
19479,Aaron Civale,P,9.0,9.0,51.42060089111328,0.0,0.0,161.30922708511355,OAK,2020,pit,SP
4776,Matt Shoemaker,P,9.0,9.0,50.467201232910156,0.0,0.0,156.29004936218263,,2020,pit,SP
14875,Caleb Smith,P,11.399999618530273,11.399999618530273,66.42430114746094,0.0,0.0,218.4045578956604,,2020,pit,SP
3548,Liam Hendriks,P,25.925899505615234,0.0,25.925899505615234,11.178000450134277,0.7505000233650208,204.11026905775068,MIN,2020,pit,RP
4153,Jake Arrieta,P,10.800000190734863,10.800000190734863,62.080501556396484,0.0,0.0,186.06808977127073,,2020,pit,SP
16502,Ryan Yarbrough,P,9.0,9.0,51.78850173950195,0.0,0.0,172.42881946563722,NYY,2020,pit,SP
11682,Carlos Martinez,P,13.955599784851074,8.399999618530273,54.10200119018555,0.0,0.28119999170303345,196.34331288337705,,2020,pit,SP
11423,Jose Quintana,P,7.199999809265137,7.199999809265137,40.11880111694336,0.0,0.0,137.18638453483578,COL,2020,pit,SP
27458,Kwang Hyun Kim,P,20.86669921875,4.199999809265137,40.6067008972168,5.580999851226807,2.087899923324585,202.97082624435424,,2020,pit,RP
10160,Ryan Weber,P,9.0,9.0,49.99409866333008,0.0,0.0,142.2611294746399,,2020,pit,SP
25377,Brady Singer,P,8.399999618530273,8.399999618530273,47.880001068115234,0.0,0.0,146.04160890579223,CIN,2020,pit,SP
16511,Jordan Montgomery,P,11.36299991607666,8.399999618530273,49.26459884643555,0.0,0.28189998865127563,162.19329454898838,TEX,2020,pit,SP
15514,Kendall Graveman,P,8.399999618530273,8.399999618530273,47.266700744628906,0.0,0.0,148.7224596023559,,2020,pit,SP
8362,Homer Bailey,P,9.600000381469727,9.600000381469727,52.46189880371094,0.0,0.0,151.7003902435303,,2020,pit,SP
10811,Mike Foltynewicz,P,10.800000190734863,10.800000190734863,62.40909957885742,0.0,0.0,194.05360589027404,,2020,pit,SP
14975,Chad Kuhl,P,14.607399940490723,7.199999809265137,47.42219924926758,0.0,0.23739999532699585,167.63303956985473,,2020,pit,RP
2233,Adam Wainwright,P,10.199999809265137,10.199999809265137,57.874000549316406,0.0,0.0,185.8912182807923,,2020,pit,SP
17295,Framber Valdez,P,11.007399559020996,3.5999999046325684,27.07110023498535,0.0,0.28690001368522644,123.40044960975645,DET,2020,pit,RP
7754,Mike Fiers,P,11.399999618530273,11.399999618530273,67.08779907226562,0.0,0.0,183.65211257934575,,2020,pit,SP
4338,Tyler Chatwood,P,13.163000106811523,10.199999809265137,58.37459945678711,0.0,0.2678999900817871,186.37326884269714,,2020,pit,SP
7448,Gio Gonzalez,P,10.251899719238281,8.399999618530273,47.97589874267578,0.0,0.2669999897480011,146.13466045856478,,2020,pit,SP
19206,Dakota Hudson,P,10.800000190734863,10.800000190734863,62.697601318359375,0.0,0.0,194.33567953109738,,2020,pit,SP
16977,Trevor Williams,P,11.399999618530273,11.399999618530273,66.21499633789062,0.0,0.0,180.72734546661385,WSN,2020,pit,SP
18684,Sandy Alcantara,P,11.399999618530273,11.399999618530273,69.6677017211914,0.0,0.0,210.64126291275025,MIA,2020,pit,SP
18679,Freddy Peralta,P,19.896299362182617,3.5999999046325684,35.9650993347168,0.3700000047683716,3.251800060272217,164.49470028877255,NYM,2020,pit,RP
14710,Edwin Díaz,P,24.074100494384766,0.0,24.074100494384766,11.064000129699707,1.2440999746322632,201.11490821838382,LAD,2020,pit,RP
20160,Nate Pearson,P,7.199999809265137,7.199999809265137,41.040000915527344,0.0,0.0,134.60686511993407,HOU,2020,pit,SP
17285,Justus Sheffield,P,9.0,9.0,51.51029968261719,0.0,0.0,171.67437403202058,,2020,pit,SP
13475,Daniel Norris,P,8.399999618530273,8.399999618530273,43.96989822387695,0.0,0.0,135.66747138500216,,2020,pit,SP
14524,José Leclerc,P,24.444400787353516,0.0,24.444400787353516,10.053999900817871,0.7615000009536743,179.03994371891022,,2020,pit,RP
3284,Aníbal Sánchez,P,10.800000190734863,10.800000190734863,60.34379959106445,0.0,0.0,167.13581252098086,,2020,pit,SP
10233,Aroldis Chapman,P,20.370399475097656,0.0,20.370399475097656,10.87399959564209,1.3717000484466553,175.15000375509263,BOS,2020,pit,RP
11189,Vince Velasquez,P,12.562999725341797,9.600000381469727,52.971500396728516,0.0,0.2944999933242798,167.52163710594175,CHC,2020,pit,SP
15552,Chad Green,P,22.222200393676758,0.0,22.222200393676758,0.28600001335144043,5.42519998550415,137.66105269193648,,2020,pit,RP
4869,Mike Montgomery,P,9.600000381469727,9.600000381469727,52.095401763916016,0.0,0.0,149.19100933074958,,2020,pit,SP
19753,Jonathan Loáisiga,P,11.007399559020996,3.5999999046325684,26.894399642944336,0.0,0.28189998865127563,111.10472927093508,ARI,2020,pit,RP
19268,Justin Dunn,P,7.199999809265137,7.199999809265137,38.40019989013672,0.0,0.0,123.46540343761441,,2020,pit,SP
19665,Kyle Wright,P,9.703700065612793,6.0,37.067501068115234,0.0,0.28130000829696655,138.55626666545868,CHC,2020,pit,SP
18076,Matt Hall,P,9.244400024414062,4.800000190734863,31.804399490356445,0.0,0.2888000011444092,113.97259006500244,,2020,pit,SP
12910,Ken Giles,P,24.074100494384766,0.0,24.074100494384766,10.843000411987305,0.47450000047683716,178.54464390277863,,2020,pit,RP
18337,Nick Anderson,P,24.074100494384766,0.0,24.074100494384766,8.145000457763672,2.962599992752075,183.05742576122287,OAK,2020,pit,RP
7005,Ryan Pressly,P,24.074100494384766,0.0,24.074100494384766,1.6080000400543213,5.428100109100342,153.91316387653353,,2020,pit,RP
12863,Matt Barnes,P,25.185199737548828,0.0,25.185199737548828,1.9630000591278076,5.521699905395508,165.36652023792266,,2020,pit,RP
16943,Sean Newcomb,P,15.118499755859375,6.599999904632568,44.71979904174805,0.0,0.28130000829696655,162.10438213348388,CHW,2020,pit,RP
17948,Trent Thornton,P,15.17039966583252,4.800000190734863,35.924800872802734,0.0,0.2711000144481659,123.48902697563172,CHC,2020,pit,RP
17432,Jeff Hoffman,P,12.103699684143066,8.399999618530273,49.1968994140625,0.0,0.24570000171661377,135.4966465473175,TOR,2020,pit,SP
13449,Taylor Rogers,P,24.074100494384766,0.0,24.074100494384766,10.927000045776367,1.2130999565124512,177.58896224498753,MIN,2020,pit,RP
22201,MacKenzie Gore,P,5.400000095367432,5.400000095367432,30.780000686645508,0.0,0.0,113.12026970386505,TEX,2020,pit,SP
11836,Taijuan Walker,P,8.399999618530273,8.399999618530273,46.63869857788086,0.0,0.0,146.54959921836854,PHI,2020,pit,SP
17496,Diego Castillo,P,22.222200393676758,0.0,22.222200393676758,1.628999948501587,5.173999786376953,144.1107882142067,,2020,pit,RP
11589,José Ureña,P,10.851900100708008,9.0,52.902198791503906,0.0,0.2362000048160553,160.62185223102568,,2020,pit,SP
15291,Steven Brault,P,15.66670036315918,9.0,55.7958984375,0.0,0.23739999532699585,171.52657365798953,,2020,pit,SP
14719,Ty Buttrey,P,24.074100494384766,0.0,24.074100494384766,0.8970000147819519,5.502999782562256,142.8248839020729,,2020,pit,RP
11156,Merrill Kelly,P,12.844400405883789,8.399999618530273,52.432701110839844,0.0,0.25949999690055847,163.94101705551145,ARI,2020,pit,SP
11384,Tommy Kahnle,P,25.185199737548828,0.0,25.185199737548828,0.0,5.964200019836426,145.60727167129517,,2020,pit,RP
3254,Jeff Samardzija,P,11.851900100708008,11.851900100708008,70.77649688720703,0.0,0.0,204.51915855407708,,2020,pit,SP
13774,Zach Eflin,P,9.600000381469727,9.600000381469727,54.030601501464844,0.0,0.0,142.16098947525026,BAL,2020,pit,SP
9073,Kirby Yates,P,23.33329963684082,0.0,23.33329963684082,11.779999732971191,0.5430999994277954,182.97255244255066,LAA,2020,pit,RP
10836,Asher Wojciechowski,P,9.0,9.0,50.664398193359375,0.0,0.0,108.49487509727479,,2020,pit,SP
15488,Antonio Senzatela,P,9.600000381469727,9.600000381469727,52.31990051269531,0.0,0.0,117.95188617706296,COL,2020,pit,SP
6797,Julio Teheran,P,11.399999618530273,11.399999618530273,66.34010314941406,0.0,0.0,173.82431993484497,,2020,pit,SP
6216,Dellin Betances,P,20.370399475097656,0.0,20.370399475097656,1.3830000162124634,3.8317999839782715,134.40356038808824,,2020,pit,RP
12880,Tyler Anderson,P,9.103699684143066,5.400000095367432,33.47019958496094,0.0,0.271699994802475,127.24199829101566,LAA,2020,pit,SP
13764,Roberto Osuna,P,21.111099243164062,0.0,21.111099243164062,10.572999954223633,0.9434999823570251,159.16584421396257,,2020,pit,RP
12022,Matt Andriese,P,10.866700172424316,4.199999809265137,29.613399505615234,0.0,0.2752000093460083,102.18453087806702,,2020,pit,RP
16258,Aaron Bummer,P,24.074100494384766,0.0,24.074100494384766,0.871999979019165,5.339000225067139,136.74859647750856,ATL,2020,pit,RP
1994,Iván Nova,P,9.600000381469727,9.600000381469727,55.68190002441406,0.0,0.0,125.86418161392211,COL,2020,pit,SP
6895,Chase Anderson,P,9.600000381469727,9.600000381469727,52.14179992675781,0.0,0.0,134.27703700065607,TEX,2020,pit,SP
20302,David Peterson,P,4.199999809265137,4.199999809265137,23.940000534057617,0.0,0.0,84.5245296239853,NYM,2020,pit,SP
13801,Austin Adams,P,19.259300231933594,0.0,19.259300231933594,3.431999921798706,2.8083999156951904,133.10367822647095,,2020,pit,RP
17995,Logan Webb,P,6.651899814605713,4.800000190734863,28.61829948425293,0.0,0.271699994802475,106.79437749385835,SFG,2020,pit,SP
3240,Zack Britton,P,24.074100494384766,0.0,24.074100494384766,1.8559999465942383,6.232100009918213,140.7919830083847,,2020,pit,RP
13758,Tyler Duffey,P,24.074100494384766,0.0,24.074100494384766,0.0,7.252799987792969,136.5919822096825,,2020,pit,RP
19979,Zach Plesac,P,8.399999618530273,8.399999618530273,47.324798583984375,0.0,0.0,132.38083212375636,,2020,pit,SP
11760,Drew Smyly,P,8.399999618530273,8.399999618530273,44.892799377441406,0.0,0.0,150.6552742242813,,2020,pit,SP
14771,Emilio Pagán,P,24.074100494384766,0.0,24.074100494384766,0.4050000011920929,6.904900074005127,145.10897498726845,CIN,2020,pit,RP
16358,Tyler Mahle,P,15.36299991607666,2.4000000953674316,25.927600860595703,0.0,1.8818000555038452,105.67591586112977,SFG,2020,pit,RP
3192,Will Harris,P,22.96299934387207,0.0,22.96299934387207,1.3589999675750732,5.2484002113342285,131.6477683186531,,2020,pit,RP
19316,Eric Lauer,P,9.703700065612793,6.0,35.92649841308594,0.0,0.27709999680519104,109.62332420349122,TOR,2020,pit,SP
10430,Mychal Givens,P,24.074100494384766,0.0,24.074100494384766,4.504000186920166,3.4860000610351562,140.56820650100713,,2020,pit,RP
14078,Michael Wacha,P,12.051899909973145,10.199999809265137,56.799400329589844,0.0,0.24879999458789825,167.28702355623253,KCR,2020,pit,SP
15454,Nick Pivetta,P,20.459299087524414,1.2000000476837158,25.803600311279297,1.2100000381469727,4.510000228881836,132.3855813741684,SDP,2020,pit,RP
5003,Jake Diekman,P,23.33329963684082,0.0,23.33329963684082,0.0,5.747499942779541,134.48684699535372,,2020,pit,RP
12988,Andrew Chafin,P,24.814800262451172,0.0,24.814800262451172,0.0,6.79640007019043,138.40577354431156,MIN,2020,pit,RP
12572,Blake Treinen,P,22.96299934387207,0.0,22.96299934387207,1.0210000276565552,5.042099952697754,129.84838724136353,LAD,2020,pit,RP
11847,Chris Martin,P,19.259300231933594,0.0,19.259300231933594,0.0,4.550600051879883,112.30991736650466,TEX,2020,pit,RP
12447,Seth Lugo,P,24.074100494384766,0.0,24.074100494384766,0.6909999847412109,5.082200050354004,134.22128227949145,KCR,2020,pit,RP
23252,Spencer Howard,P,4.199999809265137,4.199999809265137,23.940000534057617,0.0,0.0,79.15933208465576,,2020,pit,SP
17780,José Alvarado,P,22.222200393676758,0.0,22.222200393676758,2.7149999141693115,4.653900146484375,144.05664180517195,PHI,2020,pit,RP
8048,Will Smith,P,21.48150062561035,0.0,21.48150062561035,4.104000091552734,3.669600009918213,141.94323168992995,,2020,pit,RP
17130,Raisel Iglesias,P,24.074100494384766,0.0,24.074100494384766,11.503999710083008,0.6721000075340271,160.28152610063555,ATL,2020,pit,RP
18333,Alex Young,P,17.76300048828125,4.800000190734863,39.5806999206543,0.0,1.2109999656677246,137.75087668895722,CIN,2020,pit,RP
6655,Craig Kimbrel,P,24.074100494384766,0.0,24.074100494384766,12.411999702453613,0.33489999175071716,179.13722372055057,NYM,2020,pit,RP
9761,Joe Kelly,P,24.074100494384766,0.0,24.074100494384766,0.43799999356269836,6.5854997634887695,138.99031515717508,,2020,pit,RP
17585,Jordan Yamamoto,P,6.0,6.0,33.453800201416016,0.0,0.0,109.37731359004975,,2020,pit,SP
9111,Brad Hand,P,24.074100494384766,0.0,24.074100494384766,10.826000213623047,1.2391999959945679,170.48382315635683,,2020,pit,RP
18694,Kolby Allard,P,5.36299991607666,2.4000000953674316,16.336700439453125,0.0,0.23080000281333923,54.2076861858368,CLE,2020,pit,RP
12760,Rafael Montero,P,21.111099243164062,0.0,21.111099243164062,0.578000009059906,4.1331000328063965,110.21349177360537,NYY,2020,pit,RP
20151,James Karinchak,P,21.111099243164062,0.0,21.111099243164062,1.4520000219345093,4.572000026702881,131.6049068808556,ATL,2020,pit,RP
5372,Michael Pineda,P,3.0,3.0,17.000499725341797,0.0,0.0,58.59311714172363,,2020,pit,SP
8823,Oliver Drake,P,20.370399475097656,0.0,20.370399475097656,0.0,5.069300174713135,118.9220595955849,TBR,2020,pit,RP
19350,Dean Kremer,P,4.800000190734863,4.800000190734863,27.360000610351562,0.0,0.0,69.09337456226346,BAL,2020,pit,SP
11752,Luke Jackson,P,21.48150062561035,0.0,21.48150062561035,0.38499999046325684,5.179200172424316,125.8547306060791,,2020,pit,RP
11426,Drew Pomeranz,P,21.48150062561035,0.0,21.48150062561035,0.4050000011920929,5.158299922943115,125.36520488858224,LAA,2020,pit,RP
17369,Brett Martin,P,17.777799606323242,0.0,17.777799606323242,0.0,3.446000099182129,89.96583555936812,,2020,pit,RP
15010,Corey Knebel,P,18.51849937438965,0.0,18.51849937438965,2.4649999141693115,3.4477999210357666,115.94026505947113,,2020,pit,RP
23798,Randy Dobnak,P,12.259300231933594,3.0,25.748300552368164,0.0,0.28540000319480896,79.39182245731355,SEA,2020,pit,RP
20369,Matt Manning,P,4.800000190734863,4.800000190734863,27.360000610351562,0.0,0.0,79.90161921977996,,2020,pit,SP
14986,Giovanny Gallegos,P,22.222200393676758,0.0,22.222200393676758,5.163000106811523,4.088200092315674,140.66574008464812,,2020,pit,RP
15947,Ryne Stanek,P,24.074100494384766,0.0,24.074100494384766,1.7669999599456787,4.316800117492676,138.89554076194767,STL,2020,pit,RP
22267,Tarik Skubal,P,3.0,3.0,17.100000381469727,0.0,0.0,59.6388623714447,DET,2020,pit,SP
14527,Jorge López,P,10.355600357055664,4.800000190734863,31.4153995513916,0.0,0.26109999418258667,98.10362701416018,,2020,pit,RP
5221,Wade LeBlanc,P,8.399999618530273,8.399999618530273,46.279598236083984,0.0,0.0,81.52380974292757,,2020,pit,SP
15290,Austin Pruitt,P,14.622200012207031,2.4000000953674316,25.8085994720459,0.0,1.2624000310897827,95.67988538742065,OAK,2020,pit,RP
17735,Tyler Alexander,P,16.61479949951172,1.7999999523162842,24.927200317382812,0.0,2.080399990081787,91.50048584938052,TEX,2020,pit,RP
13834,Alec Mills,P,10.955599784851074,5.400000095367432,35.9557991027832,0.0,0.2678999900817871,107.67885637283324,,2020,pit,RP
11428,Brandon Workman,P,25.185199737548828,0.0,25.185199737548828,11.121999740600586,1.1330000162124634,174.55544464588164,,2020,pit,RP
13183,Zach Davies,P,10.800000190734863,10.800000190734863,60.01499938964844,0.0,0.0,148.6511435031891,,2020,pit,SP
12774,Jairo Díaz,P,24.074100494384766,0.0,24.074100494384766,0.777999997138977,5.805699825286865,121.78015849590304,,2020,pit,RP
3096,Kenley Jansen,P,23.33329963684082,0.0,23.33329963684082,12.694000244140625,0.84170001745224,167.64975647926332,DET,2020,pit,RP
19990,Bryse Wilson,P,13.422200202941895,1.2000000476837158,18.9143009185791,0.0,1.2376999855041504,85.25640678405765,PHI,2020,pit,RP
14696,Keone Kela,P,18.51849937438965,0.0,18.51849937438965,7.75,1.8264000415802002,133.67471591234207,,2020,pit,RP
16350,Ryan Borucki,P,9.155599594116211,3.5999999046325684,25.76569938659668,0.0,0.2711000144481659,84.10691373348237,CHW,2020,pit,RP
16933,Elieser Hernández,P,10.355600357055664,4.800000190734863,31.638999938964844,0.0,0.2362000048160553,103.16534452438351,ATL,2020,pit,RP
15761,Joe Jiménez,P,24.074100494384766,0.0,24.074100494384766,10.569999694824219,0.6500999927520752,156.288311457634,ATL,2020,pit,RP
6941,Joakim Soria,P,22.96299934387207,0.0,22.96299934387207,0.8690000176429749,6.283199787139893,129.88254488706588,,2020,pit,RP
19447,Patrick Sandoval,P,4.2519001960754395,2.4000000953674316,14.701000213623047,0.0,0.2752000093460083,57.52064950466156,BOS,2020,pit,SP
14862,Zack Godley,P,7.851900100708008,6.0,35.030799865722656,0.0,0.2888000011444092,97.67220749855042,,2020,pit,SP
6398,Trevor May,P,22.222200393676758,0.0,22.222200393676758,0.921999990940094,5.212699890136719,119.30410196781158,,2020,pit,RP
17425,Erick Fedde,P,9.155599594116211,3.5999999046325684,25.167600631713867,0.0,0.28439998626708984,76.26460465192797,CHW,2020,pit,RP
17998,Pete Fairbanks,P,18.51849937438965,0.0,18.51849937438965,0.6790000200271606,3.869800090789795,108.40548917055128,MIA,2020,pit,RP
15502,Kohl Stewart,P,8.644399642944336,4.199999809265137,28.13319969177246,0.0,0.23240000009536743,69.43759703636171,,2020,pit,RP
4264,Mark Melancon,P,24.074100494384766,0.0,24.074100494384766,7.695000171661377,2.8129000663757324,149.95291473865512,,2020,pit,RP
16587,Erik Swanson,P,22.822200775146484,0.6000000238418579,25.48889923095703,0.38100001215934753,5.410299777984619,124.2945070207119,,2020,pit,RP
19586,Forrest Whitley,P,3.5999999046325684,3.5999999046325684,20.520000457763672,0.0,0.0,67.4641054034233,,2020,pit,SP
7608,Tommy Milone,P,8.451899528503418,6.599999904632568,38.6693000793457,0.0,0.23240000009536743,78.60311977863311,,2020,pit,SP
16390,Brad Wieck,P,19.629600524902344,0.0,19.629600524902344,0.0,4.417600154876709,106.90699549913407,,2020,pit,RP
13470,Lucas Sims,P,15.414799690246582,0.6000000238418579,18.137300491333008,0.0,2.9570999145507812,88.22776139974596,CHW,2020,pit,RP
11804,Héctor Neris,P,22.222200393676758,0.0,22.222200393676758,9.071999549865723,1.698799967765808,148.6983428478241,KCR,2020,pit,RP
17586,Tanner Scott,P,12.963000297546387,0.0,12.963000297546387,0.0,1.6267999410629272,65.62269310951233,LAD,2020,pit,RP
1581,Sean Doolittle,P,22.222200393676758,0.0,22.222200393676758,6.796000003814697,3.334700107574463,135.49344425201417,,2020,pit,RP
16814,Tim Hill,P,17.777799606323242,0.0,17.777799606323242,0.0,3.697999954223633,92.2807151198387,NYY,2020,pit,RP
5401,Brad Peacock,P,16.66670036315918,0.0,16.66670036315918,0.0,3.5504000186920166,89.76182318925858,,2020,pit,RP
7803,Richard Bleier,P,24.074100494384766,0.0,24.074100494384766,1.3509999513626099,5.196499824523926,104.80685765743259,,2020,pit,RP
4141,Derek Holland,P,16.370399475097656,6.0,43.083099365234375,0.0,0.23739999532699585,131.5486898183823,,2020,pit,RP
14375,Amir Garrett,P,25.185199737548828,0.0,25.185199737548828,0.382999986410141,5.865200042724609,130.1435342490673,,2020,pit,RP
7982,Anthony Bass,P,24.074100494384766,0.0,24.074100494384766,0.8429999947547913,5.421199798583984,120.25218001604081,,2020,pit,RP
16159,Jace Fry,P,20.370399475097656,0.0,20.370399475097656,0.0,4.806300163269043,106.97093863487245,,2020,pit,RP
13360,Cam Bedrosian,P,22.222200393676758,0.0,22.222200393676758,0.640999972820282,6.132400035858154,118.78136913776397,,2020,pit,RP
12763,Chris Devenski,P,22.96299934387207,0.0,22.96299934387207,0.0,6.953400135040283,118.9406559944153,PIT,2020,pit,RP
18555,Logan Allen,P,11.466699600219727,4.800000190734863,33.648399353027344,0.0,0.2754000127315521,107.17793743610385,,2020,pit,RP
19388,Tony Gonsolin,P,6.703700065612793,3.0,20.399499893188477,0.0,0.2671999931335449,70.25362323522569,,2020,pit,RP
16074,Nick Burdi,P,15.92590045928955,0.0,15.92590045928955,0.6460000276565552,2.66729998588562,85.45899151563646,NYM,2020,pit,RP
2608,Jhoulys Chacín,P,5.451900005340576,3.5999999046325684,20.826799392700195,0.0,0.28130000829696655,63.13149189949036,,2020,pit,SP
19312,Cal Quantrill,P,14.251899719238281,2.4000000953674316,25.07979965209961,0.0,0.2802000045776367,90.16858797073364,TEX,2020,pit,RP
18300,Andrew Suárez,P,7.303699970245361,3.5999999046325684,23.976600646972656,0.0,0.271699994802475,76.81265531778337,,2020,pit,RP
10354,Robbie Erlin,P,5.36299991607666,2.4000000953674316,16.146099090576172,0.0,0.23739999532699585,53.06415072679521,,2020,pit,RP
12828,Andrew Kittredge,P,12.963000297546387,0.0,12.963000297546387,0.0,1.3825000524520874,67.58114001750947,BAL,2020,pit,RP
20367,Brusdar Graterol,P,16.66670036315918,0.0,16.66670036315918,0.0,3.7407000064849854,90.64602226018907,LAD,2020,pit,RP
6785,Andrew Miller,P,20.370399475097656,0.0,20.370399475097656,1.1160000562667847,4.656599998474121,113.82853233814242,,2020,pit,RP
15043,Lou Trivino,P,21.111099243164062,0.0,21.111099243164062,0.0,4.943299770355225,105.6477997303009,PHI,2020,pit,RP
19309,Trevor Richards,P,11.148099899291992,3.0,24.618999481201172,0.0,0.2962999939918518,85.03826899528505,PHI,2020,pit,RP
15046,Trevor Gott,P,20.370399475097656,0.0,20.370399475097656,2.1549999713897705,4.965799808502197,116.1098035812378,WSN,2020,pit,RP
13911,Scott Oberg,P,21.111099243164062,0.0,21.111099243164062,1.444000005722046,4.03000020980835,102.5612664818764,,2020,pit,RP
12918,Archie Bradley,P,24.074100494384766,0.0,24.074100494384766,12.149999618530273,0.6486999988555908,163.37706952095033,,2020,pit,RP
19876,Kevin Ginkel,P,22.222200393676758,0.0,22.222200393676758,0.0,4.843900203704834,116.68021900653838,ARI,2020,pit,RP
13799,Matt Strahm,P,20.370399475097656,0.0,20.370399475097656,0.0,4.793799877166748,105.05519495010378,KCR,2020,pit,RP
17610,Tanner Rainey,P,22.222200393676758,0.0,22.222200393676758,0.0,5.583799839019775,121.30849065780639,DET,2020,pit,RP
1247,Adam Ottavino,P,25.185199737548828,0.0,25.185199737548828,1.1419999599456787,5.833799839019775,130.62695968151093,,2020,pit,RP
14542,Carlos Estévez,P,20.370399475097656,0.0,20.370399475097656,0.5550000071525574,4.201300144195557,99.1804673910141,KCR,2020,pit,RP
15832,Paul Fry,P,18.51849937438965,0.0,18.51849937438965,0.0,3.6150999069213867,81.91914515495299,,2020,pit,RP
19349,Caleb Ferguson,P,14.07409954071045,0.0,14.07409954071045,0.0,2.0306999683380127,73.62262921333311,CIN,2020,pit,RP
4301,Justin Wilson,P,22.222200393676758,0.0,22.222200393676758,0.6909999847412109,5.5441999435424805,124.40468178987503,,2020,pit,RP
15859,Stephen Tarpley,P,16.66670036315918,0.0,16.66670036315918,0.0,2.923099994659424,83.64579046964647,,2020,pit,RP
11801,Hansel Robles,P,24.074100494384766,0.0,24.074100494384766,8.717000007629395,2.2018001079559326,148.81790384054187,,2020,pit,RP
13685,Nick Goody,P,25.185199737548828,0.0,25.185199737548828,0.0,6.133900165557861,113.57450358867646,,2020,pit,RP
17969,Peter Lambert,P,3.5999999046325684,3.5999999046325684,19.363000869750977,0.0,0.0,44.96281822919847,HOU,2020,pit,SP
17035,Joe Palumbo,P,6.155600070953369,0.6000000238418579,8.810199737548828,0.0,0.23080000281333923,39.35777443051339,,2020,pit,RP
15823,Zack Littell,P,16.66670036315918,0.0,16.66670036315918,0.0,3.5322999954223633,77.22052022218705,,2020,pit,RP
15507,Hunter Harvey,P,21.111099243164062,0.0,21.111099243164062,4.504000186920166,2.628999948501587,109.83953690528871,CHC,2020,pit,RP
6661,Alex Colomé,P,24.074100494384766,0.0,24.074100494384766,11.206999778747559,0.6675000190734863,149.8083321452141,,2020,pit,RP
18699,Nick Neidert,P,5.451900005340576,3.5999999046325684,22.37190055847168,0.0,0.2362000048160553,69.32537750005724,,2020,pit,SP
5448,Jesse Chavez,P,19.259300231933594,0.0,19.259300231933594,0.9240000247955322,3.6129000186920166,86.29371527433395,,2020,pit,RP
14993,Scott Barlow,P,24.074100494384766,0.0,24.074100494384766,0.2549999952316284,5.500899791717529,122.31536214351655,OAK,2020,pit,RP
7274,Craig Stammen,P,24.074100494384766,0.0,24.074100494384766,0.27000001072883606,5.902900218963623,120.0524885237217,,2020,pit,RP
3950,Matt Magill,P,22.222200393676758,0.0,22.222200393676758,5.466000080108643,3.128000020980835,131.1615532517433,,2020,pit,RP
5257,Wilmer Font,P,12.222200393676758,0.0,12.222200393676758,0.0,1.7894999980926514,59.002896118164074,,2020,pit,RP
13942,Brent Suter,P,23.562999725341797,0.6000000238418579,26.31060028076172,0.0,5.68179988861084,115.39319725036623,LAA,2020,pit,RP
3551,Clayton Richard,P,2.4000000953674316,2.4000000953674316,13.493900299072266,0.0,0.0,36.98060758113861,,2020,pit,SP
16980,Daniel Mengden,P,7.303699970245361,3.5999999046325684,24.103200912475586,0.0,0.27880001068115234,66.40821506977083,,2020,pit,RP
13594,Robert Stephenson,P,18.51849937438965,0.0,18.51849937438965,0.0,4.18179988861084,90.35441654920578,LAA,2020,pit,RP
12800,Noé Ramirez,P,16.66670036315918,0.0,16.66670036315918,0.0,3.853100061416626,80.89668697118759,,2020,pit,RP
17464,Jonathan Hernández,P,16.66670036315918,0.0,16.66670036315918,0.0,2.855600118637085,74.93223122358323,PHI,2020,pit,RP
8004,Marcus Walden,P,21.111099243164062,0.0,21.111099243164062,0.0,5.387700080871582,103.32064746618272,,2020,pit,RP
16609,Bryan Abreu,P,21.48150062561035,0.0,21.48150062561035,0.4020000100135803,5.28249979019165,114.60147403478621,HOU,2020,pit,RP
27460,Shun Yamaguchi,P,18.007400512695312,0.6000000238418579,20.82740020751953,0.0,3.9644999504089355,91.93517513275148,,2020,pit,RP
12680,Ryne Harper,P,12.963000297546387,0.0,12.963000297546387,0.0,1.9904999732971191,57.65389382839203,,2020,pit,RP
12997,Colten Brewer,P,14.022199630737305,1.7999999523162842,22.482200622558594,0.0,1.270799994468689,81.77856343984604,,2020,pit,RP
5615,Ryan Brasier,P,17.777799606323242,0.0,17.777799606323242,0.0,4.312900066375732,86.94292980432508,TEX,2020,pit,RP
6033,Kelvin Herrera,P,17.777799606323242,0.0,17.777799606323242,0.0,3.524600028991699,77.25292497873303,,2020,pit,RP
9866,Chaz Roe,P,24.074100494384766,0.0,24.074100494384766,0.40700000524520874,7.301799774169922,130.33169177770617,,2020,pit,RP
18356,Jaime Barria,P,7.303699970245361,3.5999999046325684,22.95870018005371,0.0,0.2752000093460083,66.07261385917666,,2020,pit,RP
16561,Austin Gomber,P,13.051899909973145,1.2000000476837158,18.61680030822754,0.0,0.28119999170303345,71.88902839422227,TEX,2020,pit,RP
3543,Clay Buchholz,P,3.5999999046325684,3.5999999046325684,20.112600326538086,0.0,0.0,50.64690486192703,,2020,pit,SP
19853,Michael King,P,7.355599880218506,1.7999999523162842,15.815600395202637,0.0,0.28189998865127563,49.36315860748292,SDP,2020,pit,RP
13287,Jesse Hahn,P,12.311100006103516,1.2000000476837158,17.878700256347656,0.0,1.0442999601364136,66.73287740945817,TOR,2020,pit,RP
12778,Sam Gaviglio,P,20.370399475097656,0.0,20.370399475097656,0.0,4.880300045013428,92.76322016716003,,2020,pit,RP
16507,Dan Altavilla,P,18.51849937438965,0.0,18.51849937438965,1.2710000276565552,2.9428000450134277,98.3269722342491,MIN,2020,pit,RP
17359,Josh Taylor,P,12.963000297546387,0.0,12.963000297546387,0.0,2.021699905395508,64.27542301416398,,2020,pit,RP
15906,Lewis Thorpe,P,7.407400131225586,0.0,7.407400131225586,0.0,0.28540000319480896,34.06648909747601,,2020,pit,RP
14646,Rowan Wick,P,24.074100494384766,0.0,24.074100494384766,0.414000004529953,5.587299823760986,117.10275503993036,SFG,2020,pit,RP
1514,Oliver Pérez,P,23.33329963684082,0.0,23.33329963684082,0.0,6.781799793243408,120.59864835739137,,2020,pit,RP
15139,Ashton Goudeau,P,8.607399940490723,1.2000000476837158,14.247400283813477,0.0,0.24570000171661377,44.603209757804876,,2020,pit,RP
20039,Adrian Morejon,P,4.303699970245361,0.6000000238418579,7.01800012588501,0.0,0.2802000045776367,31.02693103551864,SDP,2020,pit,RP
6986,Ian Kennedy,P,24.074100494384766,0.0,24.074100494384766,10.217000007629395,1.305400013923645,144.9857584357262,TEX,2020,pit,RP
15232,Cody Reed,P,11.111100196838379,0.0,11.111100196838379,0.0,1.0752999782562256,50.33396729230881,,2020,pit,RP
19199,Conner Menez,P,9.948100090026855,1.7999999523162842,18.22249984741211,0.0,0.271699994802475,72.74333229064942,,2020,pit,RP
13527,Brandon Brennan,P,22.222200393676758,0.0,22.222200393676758,0.0,4.669600009918213,107.56333706378938,,2020,pit,RP
14814,Buck Farmer,P,24.074100494384766,0.0,24.074100494384766,0.9399999976158142,5.143700122833252,113.80743800401692,,2020,pit,RP
13761,Chris Stratton,P,18.977800369262695,1.2000000476837158,24.415700912475586,0.0,3.5457000732421875,96.26467121839525,,2020,pit,RP
6249,Trevor Cahill,P,14.674099922180176,0.6000000238418579,17.351699829101562,0.0,1.3767999410629272,75.2186174273491,,2020,pit,RP
16122,Jordan Romano,P,22.222200393676758,0.0,22.222200393676758,0.0,6.3592000007629395,104.70422928333281,LAA,2020,pit,RP
3321,Darren O'Day,P,16.66670036315918,0.0,16.66670036315918,0.0,3.4809000492095947,79.89521558284761,,2020,pit,RP
15684,Miguel Castro,P,21.111099243164062,0.0,21.111099243164062,0.33799999952316284,4.2052998542785645,86.27314471006395,,2020,pit,RP
11490,Aaron Sanchez,P,7.355599880218506,1.7999999523162842,15.143799781799316,0.0,0.0,48.2153323173523,KCR,2020,pit,RP
14843,Michael Lorenzen,P,24.074100494384766,0.0,24.074100494384766,0.8949999809265137,6.352499961853027,115.30227003097535,COL,2020,pit,RP
20492,Casey Mize,P,2.4000000953674316,2.4000000953674316,13.680000305175781,0.0,0.0,35.73866654634475,DET,2020,pit,SP
11209,Casey Sadler,P,15.92590045928955,0.0,15.92590045928955,0.0,3.168100118637085,72.36067358255386,,2020,pit,RP
11903,Michael Feliz,P,20.370399475097656,0.0,20.370399475097656,0.9039999842643738,3.974600076675415,103.7149983406067,,2020,pit,RP
14663,Chi Chi González,P,5.503699779510498,1.7999999523162842,13.603599548339844,0.0,0.24570000171661377,36.38555966615676,,2020,pit,RP
15855,Wander Suero,P,20.370399475097656,0.0,20.370399475097656,0.0,4.865699768066406,98.20131578445435,OAK,2020,pit,RP
7146,Daniel Hudson,P,24.074100494384766,0.0,24.074100494384766,5.436999797821045,4.265399932861328,130.7912388801575,,2020,pit,RP
16164,Daniel Gossett,P,4.90369987487793,1.2000000476837158,10.418600082397461,0.0,0.27880001068115234,37.34767542481423,,2020,pit,RP
10756,Shane Greene,P,24.074100494384766,0.0,24.074100494384766,0.640999972820282,6.789899826049805,123.29737998247148,,2020,pit,RP
15451,Mike Mayers,P,16.66670036315918,0.0,16.66670036315918,0.0,3.405900001525879,73.22481707334519,,2020,pit,RP
17578,JT Brubaker,P,3.0518999099731445,1.2000000476837158,8.691900253295898,0.0,0.23739999532699585,30.442169237136845,SFG,2020,pit,RP
13394,Dylan Floro,P,16.66670036315918,0.0,16.66670036315918,0.0,3.30649995803833,76.19341487884523,,2020,pit,RP
12297,Evan Marshall,P,19.259300231933594,0.0,19.259300231933594,0.0,4.319699764251709,85.39863493442536,LAA,2020,pit,RP
6399,José Cisnero,P,24.074100494384766,0.0,24.074100494384766,0.23499999940395355,6.475399971008301,110.52120365798474,,2020,pit,RP
19487,Devin Smeltzer,P,9.348099708557129,1.2000000476837158,14.895899772644043,0.0,0.28540000319480896,47.957563912868494,,2020,pit,RP
5530,Nik Turley,P,9.259300231933594,0.0,9.259300231933594,0.0,0.23739999532699585,42.07500898241997,,2020,pit,RP
14151,Chris Mazza,P,3.651900053024292,1.7999999523162842,12.111900329589844,0.0,0.2888000011444092,37.135888850688936,,2020,pit,RP
10843,Adam Kolarek,P,10.370400428771973,0.0,10.370400428771973,0.0,0.9975000023841858,46.65311036109924,,2020,pit,RP
13403,Félix Peña,P,12.222200393676758,0.0,12.222200393676758,0.0,1.2109999656677246,54.18226873874664,,2020,pit,RP
13684,John Gant,P,23.33329963684082,0.0,23.33329963684082,0.0,5.8597002029418945,112.09406298398974,,2020,pit,RP
2391,Héctor Rondón,P,22.222200393676758,0.0,22.222200393676758,0.675000011920929,4.840700149536133,109.91055897474288,BOS,2020,pit,RP
16110,Daniel Ponce de Leon,P,20.918500900268555,2.4000000953674316,31.590299606323242,0.0,4.374199867248535,127.25646231174468,,2020,pit,RP
19362,Keegan Akin,P,3.0,3.0,17.100000381469727,0.0,0.0,38.24619549512863,BAL,2020,pit,SP
9939,Brandon Kintzler,P,24.074100494384766,0.0,24.074100494384766,8.248000144958496,1.7716000080108643,136.51664173603058,,2020,pit,RP
6576,Robert Stock,P,10.370400428771973,0.0,10.370400428771973,0.0,1.0993000268936157,48.54391099214554,NYM,2020,pit,RP
5358,Jose Alvarez,P,22.96299934387207,0.0,22.96299934387207,0.0,6.038700103759766,107.42483959197997,,2020,pit,RP
4070,Pedro Strop,P,22.222200393676758,0.0,22.222200393676758,0.0,5.278800010681152,101.52485034465789,,2020,pit,RP
19911,José Suarez,P,1.2000000476837158,1.2000000476837158,6.436500072479248,0.0,0.0,20.154127806425095,ATL,2020,pit,SP
20387,Anthony Kay,P,6.703700065612793,3.0,20.703699111938477,0.0,0.2711000144481659,60.47046427726747,CHW,2020,pit,RP
3132,Tony Watson,P,23.33329963684082,0.0,23.33329963684082,7.468999862670898,3.160399913787842,139.66658670902254,,2020,pit,RP
8044,Jason Vargas,P,3.5999999046325684,3.5999999046325684,19.349199295043945,0.0,0.0,43.75879076719285,,2020,pit,SP
5114,Jeurys Familia,P,22.222200393676758,0.0,22.222200393676758,0.0,4.885900020599365,109.13275278806685,,2020,pit,RP
3990,Edinson Volquez,P,12.222200393676758,0.0,12.222200393676758,0.0,1.0153000354766846,47.990044683218,TEX,2020,pit,RP
19680,Sixto Sánchez,P,1.2000000476837158,1.2000000476837158,6.840000152587891,0.0,0.0,22.338572770357132,MIA,2020,pit,SP
14672,Dillon Maples,P,7.407400131225586,0.0,7.407400131225586,0.0,0.2678999900817871,35.91494017243386,,2020,pit,RP
15463,José De León,P,6.7555999755859375,1.2000000476837158,12.395600318908691,0.0,0.2687999904155731,43.45112608671188,,2020,pit,RP
8241,David Robertson,P,5.555600166320801,0.0,5.555600166320801,0.0,0.2944999933242798,26.573019421100618,,2020,pit,RP
13549,Richard Rodríguez,P,24.814800262451172,0.0,24.814800262451172,1.2920000553131104,5.596700191497803,121.04027757644656,,2020,pit,RP
19453,Shaun Anderson,P,14.814800262451172,0.0,14.814800262451172,0.0,2.173799991607666,66.86601231098177,LAA,2020,pit,RP
17859,Adbert Alzolay,P,3.79259991645813,1.2000000476837158,9.316399574279785,0.0,0.2678999900817871,30.798195993900297,NYM,2020,pit,RP
11487,Joely Rodríguez,P,14.07409954071045,0.0,14.07409954071045,0.0,1.7538000345230103,55.173553502559656,BOS,2020,pit,RP
15100,Ben Heller,P,14.07409954071045,0.0,14.07409954071045,0.0,2.1426000595092773,60.145217442512504,CHC,2020,pit,RP
19671,Sterling Sharp,P,12.963000297546387,0.0,12.963000297546387,0.0,1.1023000478744507,53.81735723018646,,2020,pit,RP
14244,Ray Black,P,8.518500328063965,0.0,8.518500328063965,0.0,0.27709999680519104,39.454536008834836,MIL,2020,pit,RP
12890,Alex Claudio,P,20.370399475097656,0.0,20.370399475097656,0.0,4.986999988555908,86.67410949468615,,2020,pit,RP
12857,Shawn Armstrong,P,15.5556001663208,0.0,15.5556001663208,0.5630000233650208,2.549999952316284,63.05274542570117,CLE,2020,pit,RP
15256,Cole Sulser,P,6.6666998863220215,0.0,6.6666998863220215,0.0,0.23240000009536743,26.666546934843062,TBR,2020,pit,RP
17192,Jalen Beeks,P,11.711099624633789,0.6000000238418579,14.45359992980957,0.0,0.2962999939918518,56.48804392814635,,2020,pit,RP
16588,Jonathan Holder,P,17.777799606323242,0.0,17.777799606323242,0.0,3.721400022506714,74.04732879400251,,2020,pit,RP
17277,Ranger Suarez,P,12.963000297546387,0.0,12.963000297546387,0.0,2.834199905395508,60.264407265186314,BOS,2020,pit,RP
14832,Bobby Wahl,P,10.370400428771973,0.0,10.370400428771973,0.0,0.27709999680519104,44.33847542405128,,2020,pit,RP
9490,Jeremy Jeffress,P,20.370399475097656,0.0,20.370399475097656,0.2759999930858612,4.72599983215332,93.32466831803322,,2020,pit,RP
13194,Joe Biagini,P,20.370399475097656,0.0,20.370399475097656,0.0,4.909200191497803,91.16136608123782,,2020,pit,RP
17264,Sam Coonrod,P,18.51849937438965,0.0,18.51849937438965,0.7179999947547913,4.015500068664551,91.15961275100705,,2020,pit,RP
5420,Pedro Báez,P,24.074100494384766,0.0,24.074100494384766,0.43799999356269836,5.572299957275391,111.49897581934931,,2020,pit,RP
18152,Anthony Misiewicz,P,11.111100196838379,0.0,11.111100196838379,0.8899999856948853,0.8845999836921692,51.592414158582685,CIN,2020,pit,RP
11753,Kyle Ryan,P,23.33329963684082,0.0,23.33329963684082,0.0,6.5980000495910645,109.28899464607241,,2020,pit,RP
8782,Andrew Cashner,P,11.059300422668457,1.7999999523162842,19.39109992980957,0.0,0.0,58.61162981987,,2020,pit,RP
10343,Aaron Loup,P,14.814800262451172,0.0,14.814800262451172,0.0,2.369999885559082,70.13507179021838,,2020,pit,RP
8410,Deolis Guerra,P,8.518500328063965,0.0,8.518500328063965,0.0,0.2944999933242798,36.676964402198784,,2020,pit,RP
18088,Cody Stashak,P,14.814800262451172,0.0,14.814800262451172,0.0,2.2834999561309814,60.402082824707044,,2020,pit,RP
19261,Ian Hamilton,P,8.518500328063965,0.0,8.518500328063965,0.0,0.2669999897480011,34.10130162239075,ATL,2020,pit,RP
13607,Carl Edwards Jr.,P,14.07409954071045,0.0,14.07409954071045,0.0,1.8072999715805054,61.39791640043257,NYM,2020,pit,RP
15071,Kyle McGowin,P,6.6666998863220215,0.0,6.6666998863220215,0.0,0.28439998626708984,29.503800892829897,,2020,pit,RP
14605,James Hoyt,P,10.370400428771973,0.0,10.370400428771973,0.0,0.2754000127315521,41.73356949687003,,2020,pit,RP
12580,Adam Morgan,P,22.222200393676758,0.0,22.222200393676758,0.6050000190734863,6.561100006103516,105.02163910865784,,2020,pit,RP
20276,Deivi García,P,1.2000000476837158,1.2000000476837158,6.840000152587891,0.0,0.0,20.535476928949354,,2020,pit,SP
1157,Tommy Hunter,P,16.66670036315918,0.0,16.66670036315918,1.2100000381469727,3.710200071334839,81.62647154331208,,2020,pit,RP
15015,Alex Reyes,P,8.748100280761719,0.6000000238418579,11.555500030517578,0.0,0.28119999170303345,47.93164213895797,,2020,pit,RP
17878,Dennis Santana,P,4.303699970245361,0.6000000238418579,7.123700141906738,0.0,0.2671999931335449,28.97194899320603,PIT,2020,pit,RP
12673,Roenis Elías,P,15.5556001663208,0.0,15.5556001663208,0.0,3.2843000888824463,66.82899794578555,,2020,pit,RP
16058,Stefan Crichton,P,14.814800262451172,0.0,14.814800262451172,0.0,2.075900077819824,65.70789948701861,,2020,pit,RP
11713,Matt Harvey,P,3.0,3.0,17.376300811767578,0.0,0.0,41.87277055978777,,2020,pit,SP
20395,Nick Margevicius,P,1.7999999523162842,1.7999999523162842,9.738300323486328,0.0,0.0,26.352608680725098,SFG,2020,pit,SP
4505,Jordan Zimmermann,P,1.7999999523162842,1.7999999523162842,9.694600105285645,0.0,0.0,22.482939094305035,,2020,pit,SP
15690,Jimmy Cordero,P,14.07409954071045,0.0,14.07409954071045,0.0,2.0292999744415283,59.53065830469129,,2020,pit,RP
17030,Ariel Jurado,P,2.451900005340576,0.6000000238418579,5.156700134277344,0.0,0.23080000281333923,16.035495275259017,,2020,pit,RP
11632,Heath Hembree,P,22.222200393676758,0.0,22.222200393676758,0.0,6.77400016784668,104.58203861713409,,2020,pit,RP
13649,Clay Holmes,P,12.963000297546387,0.0,12.963000297546387,0.0,1.1080000400543213,54.41075458526612,NYM,2020,pit,RP
14706,Anthony Banda,P,6.6666998863220215,0.0,6.6666998863220215,0.0,0.2962999939918518,28.210850584506993,MIN,2020,pit,RP
12804,Matt Wisler,P,12.963000297546387,0.0,12.963000297546387,0.0,1.3321000337600708,49.845498925447465,,2020,pit,RP
18361,Thomas Eshelman,P,3.651900053024292,1.7999999523162842,11.929100036621094,0.0,0.23240000009536743,22.951878434419633,,2020,pit,RP
14506,J.B. Wendelken,P,12.963000297546387,0.0,12.963000297546387,0.0,1.951300024986267,58.5705977678299,,2020,pit,RP
13677,Corey Oswalt,P,6.7555999755859375,1.2000000476837158,12.225099563598633,0.0,0.24879999458789825,41.85685578584672,,2020,pit,RP
11710,Sam Dyson,P,9.259300231933594,0.0,9.259300231933594,0.0,0.0,33.68185770511627,,2020,pit,RP
17871,Ian Gibaut,P,9.259300231933594,0.0,9.259300231933594,0.0,0.23080000281333923,35.84952973127365,,2020,pit,RP
18806,Drew Steckenrider,P,8.148099899291992,0.0,8.148099899291992,0.0,0.2362000048160553,33.399952769279494,OAK,2020,pit,RP
14966,Reyes Moronta,P,9.259300231933594,0.0,9.259300231933594,0.0,0.271699994802475,41.636338758468625,,2020,pit,RP
13346,Hoby Milner,P,4.444399833679199,0.0,4.444399833679199,0.0,0.2752000093460083,19.067233157157894,CHC,2020,pit,RP
13533,Andrew Triggs,P,5.925899982452393,0.0,5.925899982452393,0.0,0.271699994802475,26.327542018890384,BOS,2020,pit,RP
3281,Joe Smith,P,5.555600166320801,0.0,5.555600166320801,0.0,0.28690001368522644,22.56618113219738,,2020,pit,RP
19546,Jon Duplantier,P,8.007399559020996,0.6000000238418579,10.7701997756958,0.0,0.25949999690055847,40.62926453351974,,2020,pit,RP
10591,Scott Alexander,P,4.444399833679199,0.0,4.444399833679199,0.0,0.2671999931335449,19.894190487265586,SFG,2020,pit,RP
4696,Nate Jones,P,9.259300231933594,0.0,9.259300231933594,0.0,0.2687999904155731,35.51327801346778,,2020,pit,RP
14739,Paul Blackburn,P,5.044400215148926,0.6000000238418579,7.792799949645996,0.0,0.27880001068115234,26.301017153263096,NYY,2020,pit,RP
18790,Dillon Peters,P,3.562999963760376,0.6000000238418579,6.218400001525879,0.0,0.2752000093460083,21.214829105138776,,2020,pit,RP
18325,Taylor Hearn,P,4.444399833679199,0.0,4.444399833679199,0.0,0.23080000281333923,19.388947227597235,,2020,pit,RP
14509,Dereck Rodríguez,P,12.259300231933594,3.0,25.854799270629883,0.0,0.271699994802475,79.48207645416262,,2020,pit,RP
19866,Brandon Bielak,P,0.6000000238418579,0.6000000238418579,3.4200000762939453,0.0,0.0,11.197318670153615,,2020,pit,SP
19848,Darwinzon Hernández,P,10.370400428771973,0.0,10.370400428771973,0.0,0.2888000011444092,46.22309535741806,,2020,pit,RP
18655,A.J. Minter,P,7.407400131225586,0.0,7.407400131225586,0.0,0.28130000829696655,33.05682673454285,NYM,2020,pit,RP
18138,Ryan Helsley,P,22.222200393676758,0.0,22.222200393676758,2.0929999351501465,5.605999946594238,120.63758106231691,BAL,2020,pit,RP
1345,Blake Wood,P,9.259300231933594,0.0,9.259300231933594,0.0,0.0,34.336476033926004,LAA,2020,pit,RP
17034,Sean Reid-Foley,P,10.370400428771973,0.0,10.370400428771973,0.0,1.0121999979019165,44.62070297002793,ATL,2020,pit,RP
6627,Brad Brach,P,11.851900100708008,0.0,11.851900100708008,0.0,1.0615999698638916,49.52549570202828,,2020,pit,RP
11203,Grant Dayton,P,5.555600166320801,0.0,5.555600166320801,0.0,0.28130000829696655,23.585739576816557,,2020,pit,RP
17677,Jeffrey Springs,P,8.148099899291992,0.0,8.148099899291992,0.0,0.2888000011444092,33.31848317384721,OAK,2020,pit,RP
17470,Chad Sobotka,P,10.370400428771973,0.0,10.370400428771973,0.0,0.28130000829696655,44.02391219139099,,2020,pit,RP
19200,José Quijada,P,10.0,0.0,10.0,0.0,0.2752000093460083,40.18155262470245,,2020,pit,RP
sa3004222,Sam Delaplane,P,3.703700065612793,0.0,3.703700065612793,0.0,0.2378000020980835,17.602994674444204,,2020,pit,RP
17611,Taylor Clarke,P,12.399999618530273,2.4000000953674316,22.756399154663086,0.0,0.25949999690055847,66.89417457580564,ARI,2020,pit,RP
19942,Ljay Newsome,P,1.2000000476837158,1.2000000476837158,6.840000152587891,0.0,0.0,18.599053576588627,,2020,pit,SP
10603,Chris Sale,P,0.1754000037908554,0.1754000037908554,1.0,0.0,0.0,5.499965438991785,ATL,2020,pit,SP
18318,Jacob Waguespack,P,6.6666998863220215,0.0,6.6666998863220215,0.0,0.2711000144481659,25.165110588073727,MIL,2020,pit,RP
11530,José Fernández,P,0.1754000037908554,0.1754000037908554,1.0,0.0,0.0,5.505001305788756,MIA,2020,pit,SP
16306,Gerardo Reyes,P,9.259300231933594,0.0,9.259300231933594,0.0,0.2802000045776367,39.400664573907854,,2020,pit,RP
19341,Hector Velázquez,P,8.148099899291992,0.0,8.148099899291992,0.0,0.23240000009536743,24.89169122576714,,2020,pit,RP
17169,José Castillo,P,3.703700065612793,0.0,3.703700065612793,0.0,0.2802000045776367,18.543132284283644,,2020,pit,RP
15009,Kyle Finnegan,P,4.444399833679199,0.0,4.444399833679199,0.0,0.28439998626708984,18.80217659175396,DET,2020,pit,RP
19614,Cionel Pérez,P,4.444399833679199,0.0,4.444399833679199,0.0,0.28690001368522644,19.622169682383536,WSN,2020,pit,RP
14101,Branden Kline,P,9.259300231933594,0.0,9.259300231933594,0.0,0.23240000009536743,28.691183161735538,,2020,pit,RP
18890,Kyle Keller,P,3.703700065612793,0.0,3.703700065612793,0.0,0.2752000093460083,15.890056917071348,BOS,2020,pit,RP
25007,Alex Vesia,P,10.370400428771973,0.0,10.370400428771973,0.0,0.2362000048160553,41.90271132588386,LAD,2020,pit,RP
18403,Enyel De Los Santos,P,6.7555999755859375,1.2000000476837158,12.336600303649902,0.0,0.2944999933242798,38.330068707466125,HOU,2020,pit,RP
14288,Luke Bard,P,8.518500328063965,0.0,8.518500328063965,0.0,0.2752000093460083,31.983585894107822,,2020,pit,RP
4090,Luke Gregerson,P,9.259300231933594,0.0,9.259300231933594,0.0,0.0,29.86951417326927,,2020,pit,RP
17606,Cristian Javier,P,3.562999963760376,0.6000000238418579,6.382999897003174,0.0,0.28690001368522644,24.076569324731828,HOU,2020,pit,RP
10745,Trevor Rosenthal,P,16.66670036315918,0.0,16.66670036315918,0.0,3.655100107192993,78.36949013471605,,2020,pit,RP
14682,Luis Perdomo,P,5.555600166320801,0.0,5.555600166320801,0.0,0.2802000045776367,22.45220900177955,,2020,pit,RP
13690,Sal Romano,P,6.6666998863220215,0.0,6.6666998863220215,0.0,0.2687999904155731,24.702077108621594,,2020,pit,RP
19569,David Bednar,P,7.407400131225586,0.0,7.407400131225586,0.0,0.2802000045776367,31.63779303431512,NYY,2020,pit,RP
4020,Yusmeiro Petit,P,26.66670036315918,0.0,26.66670036315918,0.37299999594688416,6.439599990844727,116.01890814900399,,2020,pit,RP
12317,Colin Rea,P,8.466699600219727,1.7999999523162842,16.926700592041016,0.0,0.2678999900817871,47.54925878047945,CHC,2020,pit,RP
9456,Ryan Buchter,P,14.814800262451172,0.0,14.814800262451172,0.0,2.2018001079559326,61.93839701414111,,2020,pit,RP
19311,Reggie McClain,P,11.111100196838379,0.0,11.111100196838379,0.0,1.766800045967102,45.72316744327546,,2020,pit,RP
13696,Robert Gsellman,P,14.814800262451172,0.0,14.814800262451172,0.0,1.9905999898910522,61.515487658977534,,2020,pit,RP
14677,Duane Underwood Jr.,P,9.259300231933594,0.0,9.259300231933594,0.0,0.2678999900817871,35.64897355437279,,2020,pit,RP
5224,Blake Parker,P,9.259300231933594,0.0,9.259300231933594,0.0,0.2944999933242798,34.02933848500251,,2020,pit,RP
19337,Richard Lovelady,P,3.703700065612793,0.0,3.703700065612793,0.0,0.26109999418258667,15.50281124413014,WSN,2020,pit,RP
15890,Luis Severino,P,0.1754000037908554,0.1754000037908554,1.0,0.0,0.0,4.31113877221942,OAK,2020,pit,SP
7175,Jonny Venters,P,9.259300231933594,0.0,9.259300231933594,0.0,0.0,32.78292063474655,,2020,pit,RP
11964,Taylor Cole,P,3.703700065612793,0.0,3.703700065612793,0.0,0.2752000093460083,15.980400988459591,,2020,pit,RP
19756,Yoshihisa Hirano,P,20.0,0.0,20.0,1.2710000276565552,3.8227999210357666,90.9053920984268,,2020,pit,RP
16929,Touki Toussaint,P,6.6666998863220215,0.0,6.6666998863220215,0.0,0.28130000829696655,27.789731007814403,,2020,pit,RP
13528,Matt Bowman,P,5.555600166320801,0.0,5.555600166320801,0.0,0.2687999904155731,19.872343337535852,MIN,2020,pit,RP
15240,Kevin McCarthy,P,22.222200393676758,0.0,22.222200393676758,0.0,6.1234002113342285,94.45768193006516,,2020,pit,RP
16703,Julian Merryweather,P,2.9630000591278076,0.0,2.9630000591278076,0.0,0.2711000144481659,12.915590757131577,MIN,2020,pit,RP
15264,Keynan Middleton,P,18.51849937438965,0.0,18.51849937438965,2.563999891281128,3.6029000282287598,90.36870166063306,LAD,2020,pit,RP
15594,Nick Wittgren,P,24.074100494384766,0.0,24.074100494384766,0.6600000262260437,5.624599933624268,109.6782524943352,,2020,pit,RP
19191,Robert Dugger,P,9.80739974975586,2.4000000953674316,20.803199768066406,0.0,0.2362000048160553,61.25265140533447,,2020,pit,RP
11762,Noah Syndergaard,P,0.1754000037908554,0.1754000037908554,1.0,0.0,0.0,4.299585188180208,,2020,pit,SP
19558,Geoff Hartlieb,P,3.703700065612793,0.0,3.703700065612793,0.0,0.23739999532699585,15.986655554175382,OAK,2020,pit,RP
15101,Luke Farrell,P,7.407400131225586,0.0,7.407400131225586,0.0,0.23080000281333923,25.409417605400094,,2020,pit,RP
13345,Luis Cessa,P,11.111100196838379,0.0,11.111100196838379,0.0,1.1276999711990356,41.41766391992569,,2020,pit,RP
18306,Taylor Guilbeau,P,6.6666998863220215,0.0,6.6666998863220215,0.0,0.2378000020980835,26.246950310468677,,2020,pit,RP
12323,Jacob Barnes,P,11.111100196838379,0.0,11.111100196838379,0.0,0.2752000093460083,39.63434950709343,,2020,pit,RP
12076,Felipe Vázquez,P,1.0,0.0,1.0,0.0,0.0,5.660874024778606,PIT,2020,pit,RP
17874,Nestor Cortes,P,9.259300231933594,0.0,9.259300231933594,0.0,0.2378000020980835,35.20947021842003,,2020,pit,RP
3184,David Price,P,0.1754000037908554,0.1754000037908554,1.0,0.0,0.0,4.253194783627987,,2020,pit,SP
18323,Josh Sborz,P,3.703700065612793,0.0,3.703700065612793,0.0,0.2671999931335449,15.997272658348088,TEX,2020,pit,RP
16944,Grant Holmes,P,3.703700065612793,0.0,3.703700065612793,0.0,0.27880001068115234,15.678675591945654,ATL,2020,pit,RP
23310,Damon Jones,P,2.9630000591278076,0.0,2.9630000591278076,0.0,0.2944999933242798,13.377635276317598,,2020,pit,RP
19541,Jimmy Lambert,P,4.444399833679199,0.0,4.444399833679199,0.0,0.2669999897480011,17.16909061968326,,2020,pit,RP
10190,Tyler Skaggs,P,0.1754000037908554,0.1754000037908554,1.0,0.0,0.0,3.8649811901152136,LAA,2020,pit,SP
2859,Ross Detwiler,P,6.7555999755859375,1.2000000476837158,12.132499694824219,0.0,0.2669999897480011,32.71499909162522,CIN,2020,pit,RP
11604,Dovydas Neverauskas,P,13.703700065612793,0.0,13.703700065612793,0.0,1.7569999694824219,59.21851371526719,,2020,pit,RP
494,Fernando Rodney,P,9.259300231933594,0.0,9.259300231933594,0.0,0.0,33.38229080438614,,2020,pit,RP
11674,Jameson Taillon,P,0.1754000037908554,0.1754000037908554,1.0,0.0,0.0,3.8723813124001025,CHC,2020,pit,SP
16106,Cy Sneed,P,4.444399833679199,0.0,4.444399833679199,0.0,0.28690001368522644,17.2592399418354,,2020,pit,RP
19345,Daulton Jefferies,P,1.8518999814987183,0.0,1.8518999814987183,0.0,0.27880001068115234,9.095282517373562,PIT,2020,pit,RP
17722,Trevor Megill,P,2.592600107192993,0.0,2.592600107192993,0.0,0.2678999900817871,11.626126907765864,MIL,2020,pit,RP
12833,Alex Meyer,P,0.1754000037908554,0.1754000037908554,1.0,0.0,0.0,3.9474440366029744,,2020,pit,SP
17664,Cody Carroll,P,12.222200393676758,0.0,12.222200393676758,0.0,1.0226000547409058,41.9657162308693,,2020,pit,RP
17796,Dillon Tate,P,4.444399833679199,0.0,4.444399833679199,0.0,0.23240000009536743,14.804061520099639,,2020,pit,RP
16466,Brent Honeywell,P,0.1754000037908554,0.1754000037908554,1.0,0.0,0.0,4.106349451839924,SFG,2020,pit,SP
18256,Zac Grotz,P,1.8518999814987183,0.0,1.8518999814987183,0.0,0.2378000020980835,8.947151291370389,,2020,pit,RP
17679,Rogelio Armenteros,P,1.8518999814987183,0.0,1.8518999814987183,0.0,0.28690001368522644,8.816917733848094,,2020,pit,RP
20100,Michel Baez,P,4.814799785614014,0.0,4.814799785614014,0.0,0.2802000045776367,19.5021178394556,,2020,pit,RP
6345,Chris Archer,P,0.1754000037908554,0.1754000037908554,1.0,0.0,0.0,3.938484149426222,,2020,pit,SP
17734,Evan Phillips,P,2.9630000591278076,0.0,2.9630000591278076,0.0,0.23240000009536743,11.273710986971855,LAD,2020,pit,RP
21087,Demarcus Evans,P,4.444399833679199,0.0,4.444399833679199,0.0,0.23080000281333923,17.417361915111538,,2020,pit,RP
12799,Cody Anderson,P,4.444399833679199,0.0,4.444399833679199,0.0,0.0,16.956277900934218,,2020,pit,RP
13397,Sam Selman,P,1.8518999814987183,0.0,1.8518999814987183,0.0,0.271699994802475,9.446133790910244,,2020,pit,RP
11467,A.J. Cole,P,7.407400131225586,0.0,7.407400131225586,0.0,0.2711000144481659,27.055538141727457,,2020,pit,RP
13182,Kyle Crick,P,24.074100494384766,0.0,24.074100494384766,2.325000047683716,4.1859002113342285,118.68159046173099,,2020,pit,RP
16631,Jeff Brigham,P,14.07409954071045,0.0,14.07409954071045,0.23600000143051147,1.7592999935150146,60.562124133110025,CHC,2020,pit,RP
19409,Dane Dunning,P,0.1754000037908554,0.1754000037908554,1.0,0.0,0.0,3.3797412395477298,SEA,2020,pit,SP
15915,Víctor Arano,P,7.7778000831604,0.0,7.7778000831604,0.0,0.2944999933242798,30.025296664237988,WSN,2020,pit,RP
6984,Luis García,P,1.8518999814987183,0.0,1.8518999814987183,0.0,0.23080000281333923,7.930974586308,NYM,2020,pit,RP
12360,Kevin Quackenbush,P,3.703700065612793,0.0,3.703700065612793,0.0,0.28439998626708984,14.761081913113598,,2020,pit,RP
17282,Michael Kopech,P,0.1754000037908554,0.1754000037908554,1.0,0.0,0.0,3.625018964707851,,2020,pit,SP
16265,Sam Howard,P,4.444399833679199,0.0,4.444399833679199,0.0,0.23739999532699585,17.689772900938983,,2020,pit,RP
16647,Ryan Thompson,P,9.629599571228027,0.0,9.629599571228027,0.0,0.2962999939918518,36.09614812135696,ARI,2020,pit,RP
16432,Foster Griffin,P,0.6000000238418579,0.6000000238418579,3.4200000762939453,0.0,0.0,8.331582635641098,WSN,2020,pit,SP
10534,Jake Petricka,P,2.9630000591278076,0.0,2.9630000591278076,0.0,0.2711000144481659,11.837452846765517,,2020,pit,RP
12555,Tony Cingrani,P,9.259300231933594,0.0,9.259300231933594,0.0,0.0,33.32219361066818,,2020,pit,RP
19884,Corbin Martin,P,0.1754000037908554,0.1754000037908554,1.0,0.0,0.0,3.575850505381823,CHC,2020,pit,SP
21170,Dany Jiménez,P,6.6666998863220215,0.0,6.6666998863220215,0.0,0.271699994802475,27.53754104971886,,2020,pit,RP
17149,Domingo Germán,P,0.2232999950647354,0.16529999673366547,1.0,0.0,0.0,3.382261374592781,,2020,pit,SP
20629,Tyler Phillips,P,0.19030000269412994,0.17229999601840973,1.0,0.0,0.0,2.8556052662432196,MIA,2020,pit,SP
9013,César Valdez,P,1.8518999814987183,0.0,1.8518999814987183,0.0,0.23240000009536743,6.808425231277941,,2020,pit,RP
23293,Codi Heuer,P,4.444399833679199,0.0,4.444399833679199,0.0,0.2669999897480011,15.835669022798536,CLE,2020,pit,RP
22052,Aaron Fletcher,P,2.9630000591278076,0.0,2.9630000591278076,0.0,0.2378000020980835,12.346526274085047,,2020,pit,RP
sa3006701,Josh Green,P,0.1754000037908554,0.1754000037908554,1.0,0.0,0.0,3.284698656946421,,2020,pit,SP
19403,Colin Poche,P,1.0,0.0,1.0,0.0,0.0,4.905494575202466,DET,2020,pit,RP
18864,Pedro Avila,P,0.1754000037908554,0.1754000037908554,1.0,0.0,0.0,3.3830959394574167,CLE,2020,pit,SP
21224,Bailey Ober,P,0.19189999997615814,0.17190000414848328,1.0,0.0,0.0,3.279780030995607,MIN,2020,pit,SP
404,CC Sabathia,P,0.18289999663829803,0.17389999330043793,1.0,0.0,0.0,3.223369456827641,,2020,pit,SP
15885,Fernando Romero,P,1.8518999814987183,0.0,1.8518999814987183,0.0,0.28540000319480896,8.068870720267295,,2020,pit,RP
19754,Reiver Sanmartin,P,0.1754000037908554,0.1754000037908554,1.0,0.0,0.0,2.9313611418008807,SFG,2020,pit,SP
20368,Ramón Rosso,P,6.6666998863220215,0.0,6.6666998863220215,0.0,0.2944999933242798,24.97770050764084,,2020,pit,RP
sa659598,Shao-Ching Chiang,P,9.259300231933594,0.0,9.259300231933594,0.0,0.25999999046325684,31.12690150737762,,2020,pit,RP
17968,Brock Burke,P,0.1754000037908554,0.1754000037908554,1.0,0.0,0.0,2.8266811311244964,CIN,2020,pit,SP
21481,Sean Hjelle,P,0.1754000037908554,0.1754000037908554,1.0,0.0,0.0,3.427458775788546,,2020,pit,SP
14391,Yohander Méndez,P,1.8518999814987183,0.0,1.8518999814987183,0.0,0.23080000281333923,7.4078012675046905,,2020,pit,RP
19225,Mitch White,P,0.20100000500679016,0.17000000178813934,1.0,0.0,0.0,3.461909400671721,,2020,pit,SP
15091,Hunter Wood,P,4.814799785614014,0.0,4.814799785614014,0.0,0.2754000127315521,18.553018462657924,,2020,pit,RP
20373,Andrés Muñoz,P,1.0,0.0,1.0,0.0,0.0,4.944286425411702,SEA,2020,pit,RP
sa3008024,Brett Conine,P,0.2759999930858612,0.15399999916553497,1.0,0.0,0.0,3.401824248582125,,2020,pit,SP
16233,Tejay Antone,P,0.18199999630451202,0.17399999499320984,1.0,0.0,0.0,2.9815189294517044,CIN,2020,pit,SP
20198,Ben Bowden,P,4.444399833679199,0.0,4.444399833679199,0.0,0.24570000171661377,16.399283766746517,OAK,2020,pit,RP
11855,Yordano Ventura,P,0.1754000037908554,0.1754000037908554,1.0,0.0,0.0,3.1519586004316804,,2020,pit,SP
sa598302,Clayton Blackburn,P,0.18449999392032623,0.17350000143051147,1.0,0.0,0.0,3.1659414932131766,OAK,2020,pit,SP
20237,Tyler Ivey,P,0.227400004863739,0.16439999639987946,1.0,0.0,0.0,3.4160759679973127,,2020,pit,SP
6316,David Phelps,P,22.222200393676758,0.0,22.222200393676758,0.0,6.498199939727783,102.73918418884276,,2020,pit,RP
19266,Taylor Widener,P,1.8518999814987183,0.0,1.8518999814987183,0.0,0.25949999690055847,8.923127868771552,,2020,pit,RP
sa658314,Michael Peoples,P,0.19689999520778656,0.17090000212192535,1.0,0.0,0.0,3.100105442851782,,2020,pit,SP
16668,James Bourque,P,4.444399833679199,0.0,4.444399833679199,0.0,0.28439998626708984,17.86534802317619,,2020,pit,RP
22250,Logan Gilbert,P,0.1754000037908554,0.1754000037908554,1.0,0.0,0.0,3.4317292094230654,SEA,2020,pit,SP
1953,Raul Valdes,P,0.1754000037908554,0.1754000037908554,1.0,0.0,0.0,3.167749293148518,,2020,pit,SP
15166,Luiz Gohara,P,0.8325999975204468,0.035599999129772186,1.0,0.0,0.0,4.333889599144459,,2020,pit,RP
17732,Nabil Crismatt,P,0.2207999974489212,0.16580000519752502,1.0,0.0,0.0,3.417641167342663,TEX,2020,pit,SP
15849,Kent Emanuel,P,0.4846000075340271,0.1096000000834465,1.0,0.0,0.0,3.5052895471453667,,2020,pit,RP
4422,Kameron Loe,P,0.1754000037908554,0.1754000037908554,1.0,0.0,0.0,2.970374843478203,,2020,pit,SP
21029,Jhoan Duran,P,0.18289999663829803,0.17389999330043793,1.0,0.0,0.0,3.0490813687443734,PHI,2020,pit,SP
18029,Tanner Anderson,P,0.1754000037908554,0.1754000037908554,1.0,0.0,0.0,2.7749493606388573,,2020,pit,SP
11157,Eric Jokisch,P,0.19609999656677246,0.17110000550746918,1.0,0.0,0.0,3.1026905283331874,,2020,pit,SP
25385,Drew Rasmussen,P,0.20509999990463257,0.16910000145435333,1.0,0.0,0.0,3.2724095173180103,TBR,2020,pit,SP
17877,Brett Kennedy,P,0.1754000037908554,0.1754000037908554,1.0,0.0,0.0,3.282360261678696,,2020,pit,SP
19561,Bernardo Flores Jr.,P,1.8518999814987183,0.0,1.8518999814987183,0.0,0.2669999897480011,7.597895525395869,,2020,pit,RP
17170,Gabe Speier,P,8.518500328063965,0.0,8.518500328063965,0.0,0.26109999418258667,28.406829774379727,SEA,2020,pit,RP
9346,Brandon Morrow,P,1.0,0.0,1.0,0.0,0.0,4.297370535880328,,2020,pit,RP
20339,Matt Peacock,P,0.18369999527931213,0.1737000048160553,1.0,0.0,0.0,3.052855657786131,,2020,pit,SP
17490,Génesis Cabrera,P,11.851900100708008,0.0,11.851900100708008,0.0,0.28119999170303345,47.567842298746115,PHI,2020,pit,RP
21032,Emmanuel Clase,P,0.9645000100135803,0.007499999832361937,1.0,0.0,0.0,4.460574553906918,CLE,2020,pit,RP
5362,Phillippe Aumont,P,0.1754000037908554,0.1754000037908554,1.0,0.0,0.0,3.0513344928622246,,2020,pit,SP
11243,Aaron Barrett,P,10.370400428771973,0.0,10.370400428771973,0.0,1.0615999698638916,36.445166528224945,,2020,pit,RP
19249,Seranthony Domínguez,P,1.0,0.0,1.0,0.0,0.0,4.572679778933526,CHW,2020,pit,RP
22051,John King,P,0.1754000037908554,0.1754000037908554,1.0,0.0,0.0,2.5882050603628164,MIA,2020,pit,SP
7731,Juan Nicasio,P,1.8518999814987183,0.0,1.8518999814987183,0.0,0.23080000281333923,7.400479169189928,,2020,pit,RP
15538,Eric Yardley,P,3.703700065612793,0.0,3.703700065612793,0.0,0.27709999680519104,13.205217677354819,,2020,pit,RP
sa828326,Steven Fuentes,P,0.3831999897956848,0.13120000064373016,1.0,0.0,0.0,3.2984011150896553,,2020,pit,RP
19712,Patrick Murphy,P,0.1754000037908554,0.1754000037908554,1.0,0.0,0.0,2.898255824297667,TEX,2020,pit,SP
sa909930,Yaisel Sierra,P,0.41130000352859497,0.12530000507831573,1.0,0.0,0.0,3.5648640610277655,,2020,pit,RP
20447,Enoli Paredes,P,1.8518999814987183,0.0,1.8518999814987183,0.0,0.28690001368522644,8.7087542116642,BAL,2020,pit,RP
21844,Braxton Garrett,P,0.1754000037908554,0.1754000037908554,1.0,0.0,0.0,3.3163842357695104,MIA,2020,pit,SP
sa738639,Cole Stapler,P,0.20919999480247498,0.16820000112056732,1.0,0.0,0.0,3.137465377897024,,2020,pit,SP
11618,Mike Kickham,P,0.35440000891685486,0.13740000128746033,1.0,0.0,0.0,3.474404028058052,,2020,pit,RP
9756,David Hale,P,4.444399833679199,0.0,4.444399833679199,0.0,0.28189998865127563,14.253000062704084,,2020,pit,RP
19695,Connor Seabold,P,0.19519999623298645,0.1712000072002411,1.0,0.0,0.0,3.0904841229319575,TOR,2020,pit,SP
21390,Joe Ryan,P,0.19110000133514404,0.1720999926328659,1.0,0.0,0.0,3.5235558427870273,MIN,2020,pit,SP
19205,Jesse Scholtens,P,0.20679999887943268,0.1687999963760376,1.0,0.0,0.0,3.192619885504246,TBR,2020,pit,SP
3521,Jonathan Albaladejo,P,0.19519999623298645,0.1712000072002411,1.0,0.0,0.0,3.1363653033971794,,2020,pit,SP
sa599472,Markus Solbach,P,0.19030000269412994,0.17229999601840973,1.0,0.0,0.0,3.1052694194018846,,2020,pit,SP
10547,Jimmy Nelson,P,0.550599992275238,0.09560000151395798,1.0,0.0,0.0,3.8216387100517752,,2020,pit,RP
7853,Andrew Albers,P,0.3700000047683716,0.1340000033378601,1.0,0.0,0.0,3.2534189179539674,,2020,pit,RP
5980,Francisley Bueno,P,0.1754000037908554,0.1754000037908554,1.0,0.0,0.0,2.831204089522362,,2020,pit,SP
19618,Jordan Hicks,P,1.0,0.0,1.0,0.0,0.0,4.624006005376577,CHW,2020,pit,RP
10130,Mike Leake,P,0.1754000037908554,0.1754000037908554,1.0,0.0,0.0,2.859490475803614,,2020,pit,SP
19244,Cole Irvin,P,7.407400131225586,0.0,7.407400131225586,0.0,0.2944999933242798,25.356875771284116,LAD,2020,pit,RP
19951,Ian Anderson,P,0.1754000037908554,0.1754000037908554,1.0,0.0,0.0,3.391254635900259,,2020,pit,SP
17581,Ricardo Sánchez,P,0.1754000037908554,0.1754000037908554,1.0,0.0,0.0,3.0587053939700133,,2020,pit,SP
sa737857,Adrian De Horta,P,0.3758000135421753,0.13279999792575836,1.0,0.0,0.0,3.4398241266608243,,2020,pit,RP
25174,Penn Murfee,P,0.31150001287460327,0.14650000631809235,1.0,0.0,0.0,3.2961757004261023,,2020,pit,RP
11592,Williams Pérez,P,0.1754000037908554,0.1754000037908554,1.0,0.0,0.0,2.8506157428026206,,2020,pit,SP
7531,Collin McHugh,P,0.5472999811172485,0.09629999846220016,1.0,0.0,0.0,3.7754611909389495,,2020,pit,RP
12972,Joe Ross,P,0.4244999885559082,0.12250000238418579,1.0,0.0,0.0,3.180138958990574,ARI,2020,pit,RP
15118,James Sherfy,P,3.703700065612793,0.0,3.703700065612793,0.0,0.25949999690055847,14.982297271490102,,2020,pit,RP
3292,Hector Noesí,P,0.45329999923706055,0.11630000174045563,1.0,0.0,0.0,3.4137454316020013,,2020,pit,RP
12781,Sean Gilmartin,P,0.1754000037908554,0.1754000037908554,1.0,0.0,0.0,2.1772239550948145,,2020,pit,SP
19899,Clarke Schmidt,P,0.18529999256134033,0.17329999804496765,1.0,0.0,0.0,2.757889424264431,NYY,2020,pit,SP
18332,Eric Hanhold,P,7.407400131225586,0.0,7.407400131225586,0.0,0.23240000009536743,21.5868814110756,,2020,pit,RP
9154,Ryan Verdugo,P,0.29989999532699585,0.14890000224113464,1.0,0.0,0.0,3.104519998282195,,2020,pit,RP
sa503067,David Hurlbut,P,0.18529999256134033,0.17329999804496765,1.0,0.0,0.0,2.86289075165987,,2020,pit,SP
8077,Stephen Fife,P,0.20350000262260437,0.16949999332427979,1.0,0.0,0.0,2.8716452836990354,,2020,pit,SP
5556,Jair Jurrjens,P,0.19189999997615814,0.17190000414848328,1.0,0.0,0.0,3.095795978605747,,2020,pit,SP
20418,Josh Fleming,P,0.2150000035762787,0.16699999570846558,1.0,0.0,0.0,2.990578672289849,TOR,2020,pit,SP
sa737933,Matt Ball,P,0.25290000438690186,0.15889999270439148,1.0,0.0,0.0,3.055270520597697,,2020,pit,SP
20070,Bailey Falter,P,0.1754000037908554,0.1754000037908554,1.0,0.0,0.0,2.8093106098473073,KCR,2020,pit,SP
14272,Brian Johnson,P,4.992599964141846,2.4000000953674316,15.220600128173828,0.0,0.2888000011444092,39.63864731788635,,2020,pit,RP
14825,Dylan Covey,P,0.31150001287460327,0.14650000631809235,1.0,0.0,0.0,3.0439587600529197,,2020,pit,RP
sa501496,James Needy,P,0.1754000037908554,0.1754000037908554,1.0,0.0,0.0,3.153715833276511,MIA,2020,pit,SP
17281,Thomas Pannone,P,8.518500328063965,0.0,8.518500328063965,0.0,0.2711000144481659,30.784271496534345,MIL,2020,pit,RP
13767,JT Chargois,P,1.0,0.0,1.0,0.0,0.0,4.1944240167737,,2020,pit,RP
18792,Miguel Del Pozo,P,1.0,0.0,1.0,0.0,0.0,4.006801246851683,,2020,pit,RP
20191,Garrett Whitlock,P,0.1754000037908554,0.1754000037908554,1.0,0.0,0.0,2.595810505002737,BOS,2020,pit,SP
19666,Jason Alexander,P,0.2578999996185303,0.15790000557899475,1.0,0.0,0.0,2.8758612453937533,HOU,2020,pit,SP
16130,David Hess,P,2.9630000591278076,0.0,2.9630000591278076,0.0,0.23240000009536743,9.796349684894084,,2020,pit,RP
13483,Connor Sadzeck,P,1.0,0.0,1.0,0.0,0.0,4.112938759475947,,2020,pit,RP
12183,Cody Allen,P,2.9630000591278076,0.0,2.9630000591278076,0.0,0.23080000281333923,10.33399800658226,,2020,pit,RP
19480,Ryan Hartman,P,0.2240999937057495,0.16509999334812164,1.0,0.0,0.0,3.0564654901623727,,2020,pit,SP
8036,Thad Weber,P,0.28679999709129333,0.1518000066280365,1.0,0.0,0.0,2.547534754127264,,2020,pit,SP
17775,Jacob Nix,P,0.1754000037908554,0.1754000037908554,1.0,0.0,0.0,2.974761261045933,,2020,pit,SP
1852,Ryan Madson,P,1.0,0.0,1.0,0.0,0.0,4.044464220106603,,2020,pit,RP
sa829187,Matt Cooper,P,0.1754000037908554,0.1754000037908554,1.0,0.0,0.0,2.7220590077340607,,2020,pit,SP
5518,Tim Dillard,P,0.2603999972343445,0.1573999971151352,1.0,0.0,0.0,2.4243294745683674,,2020,pit,SP
18064,Phil Maton,P,14.07409954071045,0.0,14.07409954071045,0.0,2.092900037765503,58.37223238945006,CHC,2020,pit,RP
13058,Reymin Guduan,P,1.0,0.0,1.0,0.0,0.0,4.3058213025331495,,2020,pit,RP
14361,Ty Blach,P,0.3889999985694885,0.12999999523162842,1.0,0.0,0.0,2.2090386830270288,,2020,pit,RP
22286,Trevor Rogers,P,0.1754000037908554,0.1754000037908554,1.0,0.0,0.0,3.1341453544795517,BAL,2020,pit,SP
13629,Josh D. Smith,P,1.8518999814987183,0.0,1.8518999814987183,0.0,0.2687999904155731,7.553777712583541,,2020,pit,RP
19805,Daniel Castano,P,0.4781000018119812,0.11110000312328339,1.0,0.0,0.0,3.3429639101028443,,2020,pit,RP
3374,Ubaldo Jiménez,P,0.2777000069618225,0.15369999408721924,1.0,0.0,0.0,3.0249586708843714,,2020,pit,SP
19995,Joel Kuhnel,P,3.703700065612793,0.0,3.703700065612793,0.0,0.2687999904155731,13.15643822252751,OAK,2020,pit,RP
17793,Trey Wingenter,P,0.978600025177002,0.004600000102072954,1.0,0.0,0.0,4.464104037731886,,2020,pit,RP
21690,Edward Cabrera,P,0.1754000037908554,0.1754000037908554,1.0,0.0,0.0,3.133735727518797,CHC,2020,pit,SP
13616,Taylor Guerrieri,P,1.0,0.0,1.0,0.0,0.0,3.652545204758644,,2020,pit,RP
22815,Luis Patiño,P,0.18449999392032623,0.17350000143051147,1.0,0.0,0.0,3.2189441904425626,,2020,pit,SP
sa526820,Matt Lujan,P,0.2223999947309494,0.16539999842643738,1.0,0.0,0.0,3.1873853184282788,,2020,pit,SP
20399,Luís Madero,P,0.19030000269412994,0.17229999601840973,1.0,0.0,0.0,2.6959610253572466,MIA,2020,pit,SP
18335,Josh Staumont,P,14.814800262451172,0.0,14.814800262451172,0.6389999985694885,2.7281999588012695,70.14422374963763,CIN,2020,pit,RP
19871,Tucker Davidson,P,0.1754000037908554,0.1754000037908554,1.0,0.0,0.0,3.0772598803043367,PHI,2020,pit,SP
16942,Luis Ortiz,P,0.1754000037908554,0.1754000037908554,1.0,0.0,0.0,2.0155441738665103,,2020,pit,SP
15821,Dario Agrazal,P,0.19769999384880066,0.17069999873638153,1.0,0.0,0.0,2.712689469009638,,2020,pit,SP
sa873276,Thomas Jankins,P,0.18950000405311584,0.17249999940395355,1.0,0.0,0.0,2.6239439867436887,,2020,pit,SP
8246,Paolo Espino,P,0.7188000082969666,0.05979999899864197,1.0,0.0,0.0,3.30153052136302,,2020,pit,RP
13896,Chris Flexen,P,0.7386000156402588,0.05559999868273735,1.0,0.0,0.0,3.582434713840485,,2020,pit,RP
sa868984,Yadier Álvarez,P,0.1754000037908554,0.1754000037908554,1.0,0.0,0.0,3.066378690302372,,2020,pit,SP
sa506249,Luis Diaz,P,0.44999998807907104,0.11699999868869781,1.0,0.0,0.0,3.236461228132248,,2020,pit,RP
sa827380,Kyle Kubat,P,0.1754000037908554,0.1754000037908554,1.0,0.0,0.0,2.4487989418208604,,2020,pit,SP
16981,Tyler Beede,P,0.20589999854564667,0.1688999980688095,1.0,0.0,0.0,3.4530704736709597,CHC,2020,pit,SP
1246,Matt Bush,P,1.0,0.0,1.0,0.0,0.0,3.729925276339055,,2020,pit,RP
sa549258,Randy LeBlanc,P,0.1754000037908554,0.1754000037908554,1.0,0.0,0.0,2.5091347664594656,,2020,pit,SP
4772,Félix Hernández,P,0.1754000037908554,0.1754000037908554,1.0,0.0,0.0,2.891661200672388,,2020,pit,SP
sa856543,Jerry Keel,P,0.19439999759197235,0.17139999568462372,1.0,0.0,0.0,2.886658995598555,,2020,pit,SP
20038,Darren McCaughan,P,0.1754000037908554,0.1754000037908554,1.0,0.0,0.0,2.8312788806855678,CIN,2020,pit,SP
3241,Josh Roenicke,P,0.18369999527931213,0.1737000048160553,1.0,0.0,0.0,2.6972788222134114,,2020,pit,SP
14532,Felix Jorge,P,0.1754000037908554,0.1754000037908554,1.0,0.0,0.0,2.6643813110888,,2020,pit,SP
12106,Parker Markel,P,1.0,0.0,1.0,0.0,0.0,4.231861256808042,,2020,pit,RP
15524,Jen-Ho Tseng,P,0.1754000037908554,0.1754000037908554,1.0,0.0,0.0,2.7182187095284465,,2020,pit,SP
sa917784,Bryan Mata,P,0.1754000037908554,0.1754000037908554,1.0,0.0,0.0,2.86805472522974,,2020,pit,SP
sa502048,Nate Reed,P,0.23319999873638153,0.1632000058889389,1.0,0.0,0.0,2.834669496864081,,2020,pit,SP
sa874105,Duncan Robinson,P,0.1754000037908554,0.1754000037908554,1.0,0.0,0.0,2.6170091785490515,,2020,pit,SP
sa918488,Kyle Young,P,0.1754000037908554,0.1754000037908554,1.0,0.0,0.0,2.6652189470827583,,2020,pit,SP
21111,Miguel Yajure,P,0.20759999752044678,0.16859999299049377,1.0,0.0,0.0,2.535240046679974,,2020,pit,SP
3862,Rubby De La Rosa,P,1.0,0.0,1.0,0.0,0.0,4.085509502142668,,2020,pit,RP
20205,Jeremy Beasley,P,0.18199999630451202,0.17399999499320984,1.0,0.0,0.0,2.729838784784078,,2020,pit,SP
24580,Josiah Gray,P,0.18199999630451202,0.17399999499320984,1.0,0.0,0.0,3.015349385887385,WSN,2020,pit,SP
13293,Danny Coulombe,P,1.0,0.0,1.0,0.0,0.0,4.0646346770226955,,2020,pit,RP
12545,Drew Gagnon,P,1.0,0.0,1.0,0.0,0.0,3.686901205778122,,2020,pit,RP
11071,Mickey Jannis,P,0.19189999997615814,0.17190000414848328,1.0,0.0,0.0,2.0982093922793865,,2020,pit,SP
20277,Cory Abbott,P,0.1754000037908554,0.1754000037908554,1.0,0.0,0.0,2.9457494795322425,,2020,pit,SP
24591,Joey Gerber,P,4.444399833679199,0.0,4.444399833679199,0.0,0.2378000020980835,17.644631162285798,NYM,2020,pit,RP
19516,Raynel Espinal,P,0.25049999356269836,0.15950000286102295,1.0,0.0,0.0,2.8506389141082766,,2020,pit,SP
16408,Victor González,P,0.40049999952316284,0.1274999976158142,1.0,0.0,0.0,3.2661211282014846,,2020,pit,RP
sa503763,Ryan Bollinger,P,0.1754000037908554,0.1754000037908554,1.0,0.0,0.0,2.7068812437355523,,2020,pit,SP
19574,JoJo Romero,P,0.1754000037908554,0.1754000037908554,1.0,0.0,0.0,2.6981598645448686,STL,2020,pit,SP
5177,C.C. Lee,P,1.0,0.0,1.0,0.0,0.0,4.094841253012419,,2020,pit,RP
sa3007710,Kevin Smith,P,0.1754000037908554,0.1754000037908554,1.0,0.0,0.0,3.071294841915369,,2020,pit,SP
8796,Elih Villanueva,P,0.20180000364780426,0.16979999840259552,1.0,0.0,0.0,2.7422757618129254,,2020,pit,SP
sa3004680,Hayden Deal,P,0.18289999663829803,0.17389999330043793,1.0,0.0,0.0,2.768421213328839,,2020,pit,SP
14899,Taylor Williams,P,8.148099899291992,0.0,8.148099899291992,0.0,0.2378000020980835,30.842954134941113,,2020,pit,RP
20385,Isaac Mattson,P,1.0,0.0,1.0,0.0,0.0,4.004834889620543,PIT,2020,pit,RP
15042,Tim Mayza,P,1.0,0.0,1.0,0.0,0.0,4.108995882421732,PHI,2020,pit,RP
sa691863,Mario Sanchez,P,0.21089999377727509,0.1678999960422516,1.0,0.0,0.0,2.72120515704155,,2020,pit,SP
13046,Tsuyoshi Wada,P,0.20100000500679016,0.17000000178813934,1.0,0.0,0.0,2.7069786950945853,,2020,pit,SP
sa3007926,Tim Cate,P,0.1754000037908554,0.1754000037908554,1.0,0.0,0.0,2.5612041763961315,,2020,pit,SP
21549,Jackson Kowar,P,0.1754000037908554,0.1754000037908554,1.0,0.0,0.0,2.689696028083563,BAL,2020,pit,SP
8137,Jaime García,P,0.3790999948978424,0.13210000097751617,1.0,0.0,0.0,3.0222504869103437,,2020,pit,RP
7553,Jarrett Grube,P,0.1754000037908554,0.1754000037908554,1.0,0.0,0.0,2.6461788006126885,,2020,pit,SP
sa875717,Nathan Bates,P,0.6255999803543091,0.07959999889135361,1.0,0.0,0.0,3.3868160001933583,,2020,pit,RP
21461,Cole Sands,P,0.1754000037908554,0.1754000037908554,1.0,0.0,0.0,2.6261307485401626,MIN,2020,pit,SP
21483,Shane McClanahan,P,0.19030000269412994,0.17229999601840973,1.0,0.0,0.0,3.1017958581447607,TBR,2020,pit,SP
sa738620,John Straka,P,0.19850000739097595,0.1704999953508377,1.0,0.0,0.0,2.6285811647772794,,2020,pit,SP
16017,Odrisamer Despaigne,P,0.1754000037908554,0.1754000037908554,1.0,0.0,0.0,2.7463652193546295,,2020,pit,SP
sa737643,David Ledbetter,P,0.1754000037908554,0.1754000037908554,1.0,0.0,0.0,2.3257211886346334,,2020,pit,SP
19243,Wes Benjamin,P,3.703700065612793,0.0,3.703700065612793,0.0,0.23080000281333923,12.640494121611125,,2020,pit,RP
4662,Brandon McCarthy,P,0.1754000037908554,0.1754000037908554,1.0,0.0,0.0,2.6816410921514033,,2020,pit,SP
sa3007234,Joey Murray,P,0.18860000371932983,0.17260000109672546,1.0,0.0,0.0,2.8228759504854684,,2020,pit,SP
10174,Edgar Olmos,P,0.6273000240325928,0.07930000126361847,1.0,0.0,0.0,3.5892411820590495,,2020,pit,RP
19826,Riley Smith,P,0.1754000037908554,0.1754000037908554,1.0,0.0,0.0,2.808329197019339,,2020,pit,SP
sa829625,Tyler Herb,P,0.19769999384880066,0.17069999873638153,1.0,0.0,0.0,2.0825812749564645,,2020,pit,SP
13188,Adalberto Mejía,P,1.0,0.0,1.0,0.0,0.0,3.872110545635224,,2020,pit,RP
12578,DJ Johnson,P,1.0,0.0,1.0,0.0,0.0,4.049009452015161,,2020,pit,RP
23265,Cody Bolton,P,0.1754000037908554,0.1754000037908554,1.0,0.0,0.0,2.7881600774824613,HOU,2020,pit,SP
20370,Bruce Zimmermann,P,0.18199999630451202,0.17399999499320984,1.0,0.0,0.0,2.144389385730028,STL,2020,pit,SP
sa738512,Garrett Williams,P,0.24390000104904175,0.16089999675750732,1.0,0.0,0.0,2.793149287998677,,2020,pit,SP
sa829043,Tyler Eppler,P,0.19439999759197235,0.17139999568462372,1.0,0.0,0.0,2.738236166536808,,2020,pit,SP
sa598974,Matt Tomshaw,P,0.25540000200271606,0.15839999914169312,1.0,0.0,0.0,2.784470754861832,,2020,pit,SP
sa550615,Carlos Navas,P,2.592600107192993,0.0,2.592600107192993,0.0,0.271699994802475,11.261261008679867,,2020,pit,RP
20383,Antonio Santos,P,0.1754000037908554,0.1754000037908554,1.0,0.0,0.0,2.1832011811435224,,2020,pit,SP
10706,Scott Copeland,P,1.0,0.0,1.0,0.0,0.0,3.749409228563309,,2020,pit,RP
9412,Hiram Burgos,P,0.21250000596046448,0.16750000417232513,1.0,0.0,0.0,2.7349105760455137,,2020,pit,SP
8337,Lucas Luetge,P,1.8518999814987183,0.0,1.8518999814987183,0.0,0.27880001068115234,7.95317686498165,,2020,pit,RP
sa872530,Leo Crawford,P,0.20589999854564667,0.1688999980688095,1.0,0.0,0.0,2.900264129042625,,2020,pit,SP
19278,Vladimir Gutierrez,P,0.1754000037908554,0.1754000037908554,1.0,0.0,0.0,2.4945801302790644,,2020,pit,SP
18000,Triston McKenzie,P,0.1754000037908554,0.1754000037908554,1.0,0.0,0.0,2.9078360289335254,SDP,2020,pit,SP
sa3008630,Tim Brennan,P,0.1754000037908554,0.1754000037908554,1.0,0.0,0.0,1.9979398392140872,,2020,pit,SP
sa3004744,Jason Bahr,P,0.1754000037908554,0.1754000037908554,1.0,0.0,0.0,2.416556043922901,,2020,pit,SP
20243,Zac Lowther,P,0.1754000037908554,0.1754000037908554,1.0,0.0,0.0,2.260099980235099,,2020,pit,SP
sa876861,Yoanys Quiala,P,0.18449999392032623,0.17350000143051147,1.0,0.0,0.0,3.045154666155577,,2020,pit,SP
10218,Aaron Northcraft,P,1.0,0.0,1.0,0.0,0.0,3.994585247337818,,2020,pit,RP
17303,Francis Martes,P,0.7319999933242798,0.05700000002980232,1.0,0.0,0.0,3.819930677860975,,2020,pit,RP
sa918377,Brian Howard,P,0.1754000037908554,0.1754000037908554,1.0,0.0,0.0,2.787410668283701,,2020,pit,SP
10314,Erasmo Ramírez,P,0.6000000238418579,0.6000000238418579,3.3285999298095703,0.0,0.0,8.27399946451187,,2020,pit,SP
sa597834,Kyle Smith,P,0.2612000107765198,0.15719999372959137,1.0,0.0,0.0,2.7562788315117355,,2020,pit,SP
sa3005187,Lincoln Henzman,P,0.1754000037908554,0.1754000037908554,1.0,0.0,0.0,2.187725453078747,OAK,2020,pit,SP
8855,Ryan Cook,P,1.8518999814987183,0.0,1.8518999814987183,0.0,0.2362000048160553,8.115363855659961,,2020,pit,RP
1890,Matt Moore,P,0.1754000037908554,0.1754000037908554,1.0,0.0,0.0,2.8700347676873212,,2020,pit,SP
18347,Brandon Waddell,P,0.3898000121116638,0.1298000067472458,1.0,0.0,0.0,3.143165313452483,NYM,2020,pit,RP
13688,Ryan Merritt,P,0.2150000035762787,0.16699999570846558,1.0,0.0,0.0,2.565125254541636,,2020,pit,SP
9425,Doug Fister,P,0.1754000037908554,0.1754000037908554,1.0,0.0,0.0,2.5109360039234163,,2020,pit,SP
13172,Carson Smith,P,1.0,0.0,1.0,0.0,0.0,3.810754741728306,,2020,pit,RP
1507,John Lackey,P,0.18039999902248383,0.17440000176429749,1.0,0.0,0.0,2.663658953458071,,2020,pit,SP
8893,David Martinez,P,0.18950000405311584,0.17249999940395355,1.0,0.0,0.0,2.677044099569321,,2020,pit,SP
sa580380,Tim Shibuya,P,0.3898000121116638,0.1298000067472458,1.0,0.0,0.0,2.8602588444948194,,2020,pit,RP
sa706969,Jaron Long,P,0.25949999690055847,0.1574999988079071,1.0,0.0,0.0,2.5981190033257016,,2020,pit,SP
19535,Ryan Hendrix,P,1.8518999814987183,0.0,1.8518999814987183,0.0,0.2687999904155731,7.671083609759806,,2020,pit,RP
13699,Jake Faria,P,1.8518999814987183,0.0,1.8518999814987183,0.0,0.27709999680519104,7.760363174974916,,2020,pit,RP
sa602555,Jordan Kipper,P,0.652899980545044,0.0738999992609024,1.0,0.0,0.0,3.1228695705533034,,2020,pit,RP
sa393410,Carlos Hernandez,P,0.18529999256134033,0.17329999804496765,1.0,0.0,0.0,2.4258451648056507,COL,2020,pit,SP
sa501640,Hector Hernandez,P,0.5134999752044678,0.10350000113248825,1.0,0.0,0.0,3.2066786311566835,,2020,pit,RP
9683,Mike Zagurski,P,1.0,0.0,1.0,0.0,0.0,4.033118806034327,,2020,pit,RP
19583,Sean Poppen,P,1.0,0.0,1.0,0.0,0.0,3.8560200199484833,,2020,pit,RP
10968,Tim Adleman,P,0.29010000824928284,0.15109999477863312,1.0,0.0,0.0,2.7209558159112928,,2020,pit,SP
13424,Drew VerHagen,P,0.7204999923706055,0.05950000137090683,1.0,0.0,0.0,3.4999145865440373,,2020,pit,RP
12020,Scott Snodgress,P,0.5770000219345093,0.09000000357627869,1.0,0.0,0.0,3.2297358296811587,,2020,pit,RP
sa829545,Dylan Thompson,P,0.20350000262260437,0.16949999332427979,1.0,0.0,0.0,2.460534688830376,,2020,pit,SP
375,Bartolo Colon,P,0.2150000035762787,0.16699999570846558,1.0,0.0,0.0,2.045438691601158,,2020,pit,SP
7303,Preston Guilmet,P,1.0,0.0,1.0,0.0,0.0,4.136779949814082,,2020,pit,RP
15106,Collin Wiles,P,0.20430000126361847,0.16930000483989716,1.0,0.0,0.0,2.2576386421918873,,2020,pit,SP
sa550539,Wirkin Estevez,P,0.18700000643730164,0.17299999296665192,1.0,0.0,0.0,2.438665401935578,,2020,pit,SP
10819,R.J. Alaniz,P,1.0,0.0,1.0,0.0,0.0,3.497181169688702,,2020,pit,RP
21318,Tylor Megill,P,0.3246999979019165,0.1437000036239624,1.0,0.0,0.0,3.185459019243717,NYM,2020,pit,RP
sa829207,T.J. Weir,P,0.1754000037908554,0.1754000037908554,1.0,0.0,0.0,2.620984126627446,,2020,pit,SP
16166,Chandler Shepherd,P,0.4788999855518341,0.11089999973773956,1.0,0.0,0.0,2.6887451909482474,,2020,pit,RP
20253,Griffin Jax,P,0.1754000037908554,0.1754000037908554,1.0,0.0,0.0,2.2903441198170187,TBR,2020,pit,SP
18251,Art Warren,P,5.555600166320801,0.0,5.555600166320801,0.0,0.2378000020980835,21.850287592411043,,2020,pit,RP
19800,Wil Crowe,P,0.1754000037908554,0.1754000037908554,1.0,0.0,0.0,2.5455387301743033,,2020,pit,SP
sa738176,Joe Gunkel,P,0.25619998574256897,0.1581999957561493,1.0,0.0,0.0,2.5895210139453413,,2020,pit,SP
20010,Wyatt Mills,P,1.0,0.0,1.0,0.0,0.0,3.94882525652647,LAD,2020,pit,RP
sa919112,Chad Donato,P,0.23980000615119934,0.16179999709129333,1.0,0.0,0.0,2.800204057246447,,2020,pit,SP
sa3005114,Marshall Kasowski,P,1.8518999814987183,0.0,1.8518999814987183,0.0,0.2671999931335449,8.47334905862808,,2020,pit,RP
sa872724,Brandon Gold,P,0.1754000037908554,0.1754000037908554,1.0,0.0,0.0,2.036624006927013,,2020,pit,SP
16201,Justin Anderson,P,1.0,0.0,1.0,0.0,0.0,3.890878611803055,,2020,pit,RP
6283,Scott Feldman,P,0.1754000037908554,0.1754000037908554,1.0,0.0,0.0,2.4565388575196274,,2020,pit,SP
sa918378,Reid Anderson,P,0.1754000037908554,0.1754000037908554,1.0,0.0,0.0,2.0923453629016877,TEX,2020,pit,SP
20491,J.B. Bukauskas,P,0.23479999601840973,0.16279999911785126,1.0,0.0,0.0,2.8993145853281024,MIL,2020,pit,SP
5525,Boone Logan,P,1.0,0.0,1.0,0.0,0.0,4.02485869154334,,2020,pit,RP
1478,Felix Doubront,P,0.328000009059906,0.14300000667572021,1.0,0.0,0.0,2.861304176598788,,2020,pit,RP
sa921212,Anthony Shew,P,0.20020000636577606,0.17020000517368317,1.0,0.0,0.0,2.817524153739214,,2020,pit,SP
sa874072,Jack Anderson,P,1.0,0.0,1.0,0.0,0.0,3.7841787777841094,,2020,pit,RP
11776,Angel Sánchez,P,1.0,0.0,1.0,0.0,0.0,3.811401169747114,,2020,pit,RP
10065,Johnny Hellweg,P,1.0,0.0,1.0,0.0,0.0,3.88006001636386,,2020,pit,RP
sa602806,Travis Radke,P,1.0,0.0,1.0,0.0,0.0,3.8813895396888256,,2020,pit,RP
sa917951,Reggie Lawson,P,0.1754000037908554,0.1754000037908554,1.0,0.0,0.0,2.9222412660717967,,2020,pit,SP
2895,Zach McAllister,P,1.0,0.0,1.0,0.0,0.0,3.9487959258258347,,2020,pit,RP
20323,Erich Uelmen,P,0.1754000037908554,0.1754000037908554,1.0,0.0,0.0,2.513129271566868,,2020,pit,SP
sa827476,Andro Cutura,P,0.25049999356269836,0.15950000286102295,1.0,0.0,0.0,2.395169492065907,,2020,pit,SP
12638,Nate Karns,P,0.3815999925136566,0.1316000074148178,1.0,0.0,0.0,3.103094881772995,,2020,pit,RP
sa738376,Tyler Alexander,P,0.30489999055862427,0.14790000021457672,1.0,0.0,0.0,2.95635460242629,,2020,pit,RP
sa455162,Bryan Evans,P,0.1754000037908554,0.1754000037908554,1.0,0.0,0.0,2.5395188391208645,,2020,pit,SP
sa658600,Colton Turner,P,0.4921000003814697,0.10809999704360962,1.0,0.0,0.0,3.144241235405207,,2020,pit,RP
sa3004857,David Parkinson,P,0.1754000037908554,0.1754000037908554,1.0,0.0,0.0,2.648295752704144,,2020,pit,SP
12874,Danny Hultzen,P,1.0,0.0,1.0,0.0,0.0,4.068094567209483,,2020,pit,RP
11468,Zach Lee,P,0.44999998807907104,0.11699999868869781,1.0,0.0,0.0,2.922170690447092,,2020,pit,RP
13804,Walker Lockett,P,1.8518999814987183,0.0,1.8518999814987183,0.0,0.24879999458789825,7.632551644742487,,2020,pit,RP
6483,Steve Cishek,P,23.33329963684082,0.0,23.33329963684082,0.37400001287460327,6.378600120544434,102.4620078444481,,2020,pit,RP
sa875610,Matthew Kent,P,0.20350000262260437,0.16949999332427979,1.0,0.0,0.0,2.4856960475444794,,2020,pit,SP
4897,Scott Kazmir,P,0.1754000037908554,0.1754000037908554,1.0,0.0,0.0,2.668034754693508,,2020,pit,SP
2038,Justin Masterson,P,0.3882000148296356,0.13019999861717224,1.0,0.0,0.0,2.983439937233925,,2020,pit,RP
21065,Thomas Szapucki,P,0.19439999759197235,0.17139999568462372,1.0,0.0,0.0,2.9355198398232463,,2020,pit,SP
sa550590,Bryan Rodriguez,P,0.218299999833107,0.1662999987602234,1.0,0.0,0.0,2.425921042263508,,2020,pit,SP
17312,Justin Steele,P,0.1754000037908554,0.1754000037908554,1.0,0.0,0.0,2.6543040588498124,CHC,2020,pit,SP
12272,Aaron Brooks,P,0.3831999897956848,0.13120000064373016,1.0,0.0,0.0,2.762669456005096,,2020,pit,RP
11137,Mike Bolsinger,P,0.4878999888896942,0.10890000313520432,1.0,0.0,0.0,3.0437905959784985,,2020,pit,RP
4961,Mitch Talbot,P,0.19030000269412994,0.17229999601840973,1.0,0.0,0.0,2.4695947565138336,,2020,pit,SP
sa918696,Christian Torres,P,0.33709999918937683,0.14110000431537628,1.0,0.0,0.0,2.7724812954664233,,2020,pit,RP
23191,Michael Plassmeyer,P,0.18700000643730164,0.17299999296665192,1.0,0.0,0.0,2.7465147897601128,TOR,2020,pit,SP
sa829444,Jake Paulson,P,0.23649999499320984,0.16249999403953552,1.0,0.0,0.0,2.4053201273083684,,2020,pit,SP
24977,Shawn Dubin,P,0.23070000112056732,0.16369999945163727,1.0,0.0,0.0,2.792139825969935,ARI,2020,pit,SP
sa918556,Trevor Bettencourt,P,1.0,0.0,1.0,0.0,0.0,3.7849587284028536,,2020,pit,RP
13654,Jharel Cotton,P,3.703700065612793,0.0,3.703700065612793,0.0,0.2678999900817871,14.090706443786626,,2020,pit,RP
sa621533,Alex Powers,P,0.910099983215332,0.019099999219179153,1.0,0.0,0.0,3.6520013488829135,,2020,pit,RP
sa829486,Brendan McCurry,P,0.899399995803833,0.021400000900030136,1.0,0.0,0.0,3.7535240978002555,,2020,pit,RP
sa3006766,Jake Lee,P,0.25049999356269836,0.15950000286102295,1.0,0.0,0.0,2.608156123012304,,2020,pit,SP
19736,Caleb Boushley,P,0.375,0.13300000131130219,1.0,0.0,0.0,2.9917785793542864,,2020,pit,RP
19795,Keegan Thompson,P,0.1754000037908554,0.1754000037908554,1.0,0.0,0.0,2.576121190190315,COL,2020,pit,SP
20018,Parker Dunshee,P,0.18199999630451202,0.17399999499320984,1.0,0.0,0.0,2.7465012870728978,,2020,pit,SP
20349,Zack Kelly,P,0.29010000824928284,0.15109999477863312,1.0,0.0,0.0,2.7368694283068185,BOS,2020,pit,SP
sa872881,Domingo Robles,P,0.1754000037908554,0.1754000037908554,1.0,0.0,0.0,2.4613696336746216,OAK,2020,pit,SP
13150,Jayson Aquino,P,0.29910001158714294,0.14910000562667847,1.0,0.0,0.0,2.7085813067853457,,2020,pit,RP
sa738925,Isaac Anderson,P,0.30079999566078186,0.14880000054836273,1.0,0.0,0.0,2.85829482153058,,2020,pit,RP
sa548475,Evan Grills,P,0.5242000222206116,0.10119999945163727,1.0,0.0,0.0,3.057469239085913,,2020,pit,RP
5669,Henderson Alvarez,P,0.1754000037908554,0.1754000037908554,1.0,0.0,0.0,2.2961811356246478,,2020,pit,SP
8173,Yovani Gallardo,P,0.21250000596046448,0.16750000417232513,1.0,0.0,0.0,2.511889519542456,,2020,pit,SP
sa560990,Josh Lowey,P,0.1754000037908554,0.1754000037908554,1.0,0.0,0.0,2.51002102419734,,2020,pit,SP
sa549271,Derek Eitel,P,0.2784999907016754,0.1535000056028366,1.0,0.0,0.0,2.7683411881327626,,2020,pit,SP
sa827415,Eric Karch,P,0.76419997215271,0.050200000405311584,1.0,0.0,0.0,3.3834344886243346,,2020,pit,RP
sa503583,Jose A. Flores,P,0.3089999854564667,0.1469999998807907,1.0,0.0,0.0,2.7540695026516913,,2020,pit,RP
12385,Nick Tropeano,P,0.698199987411499,0.06419999897480011,1.0,0.0,0.0,3.226510464400053,,2020,pit,RP
19675,James Marvel,P,0.1754000037908554,0.1754000037908554,1.0,0.0,0.0,2.5682840451598166,,2020,pit,SP
1773,Sergio Mitre,P,0.18449999392032623,0.17350000143051147,1.0,0.0,0.0,2.2660841636359694,,2020,pit,SP
sa549147,Ben Holmes,P,0.1754000037908554,0.1754000037908554,1.0,0.0,0.0,2.613238887488842,,2020,pit,SP
16754,Vinny Nittoli,P,0.7402999997138977,0.05530000105500221,1.0,0.0,0.0,3.2844388261437416,BOS,2020,pit,RP
14099,César Vargas,P,0.1754000037908554,0.1754000037908554,1.0,0.0,0.0,2.598909365385771,,2020,pit,SP
sa738901,Zack Brown,P,2.9630000591278076,0.0,2.9630000591278076,0.0,0.27709999680519104,11.061480338871476,,2020,pit,RP
sa598143,Jorgan Cavanerio,P,0.24959999322891235,0.15960000455379486,1.0,0.0,0.0,2.4189957842230805,,2020,pit,SP
8493,John Lamb,P,0.1754000037908554,0.1754000037908554,1.0,0.0,0.0,2.545621272176504,,2020,pit,SP
17381,Matt Gage,P,0.18199999630451202,0.17399999499320984,1.0,0.0,0.0,2.670058716833592,SFG,2020,pit,SP
sa603121,Tyler Mapes,P,0.1754000037908554,0.1754000037908554,1.0,0.0,0.0,2.3575106091797347,,2020,pit,SP
20080,Mauricio Llovera,P,0.20180000364780426,0.16979999840259552,1.0,0.0,0.0,2.674004021286965,,2020,pit,SP
16958,Jake Jewell,P,1.0,0.0,1.0,0.0,0.0,3.682540065795184,,2020,pit,RP
21324,Parker Mushinski,P,0.21170000731945038,0.16769999265670776,1.0,0.0,0.0,2.6500812843441968,COL,2020,pit,SP
20185,Zach Pop,P,1.0,0.0,1.0,0.0,0.0,3.177634966373444,PHI,2020,pit,RP
sa3004106,Addison Russ,P,1.0,0.0,1.0,0.0,0.0,3.80594523921609,,2020,pit,RP
12056,Scott McGough,P,1.0,0.0,1.0,0.0,0.0,3.684919839352369,,2020,pit,RP
sa915571,Noah Bremer,P,0.20839999616146088,0.16840000450611115,1.0,0.0,0.0,2.1029493816196925,,2020,pit,SP
1245,R.A. Dickey,P,0.1754000037908554,0.1754000037908554,1.0,0.0,0.0,2.4927159488201136,,2020,pit,SP
sa3003927,J.C. Cloney,P,0.2711000144481659,0.1551000028848648,1.0,0.0,0.0,2.5469946846365934,,2020,pit,SP
sa918605,Corbin Clouse,P,0.8482999801635742,0.03229999914765358,1.0,0.0,0.0,3.8783813111484053,,2020,pit,RP
3126,Luis Mendoza,P,0.1754000037908554,0.1754000037908554,1.0,0.0,0.0,2.374290645867586,,2020,pit,SP
19705,Matt Swarmer,P,0.18860000371932983,0.17260000109672546,1.0,0.0,0.0,2.556985291838646,,2020,pit,SP
sa918614,Vince Arobio,P,0.9052000045776367,0.02019999921321869,1.0,0.0,0.0,3.4472253911197184,,2020,pit,RP
7872,Tyson Ross,P,0.1754000037908554,0.1754000037908554,1.0,0.0,0.0,2.510890528559685,TEX,2020,pit,SP
16309,Austen Williams,P,1.8518999814987183,0.0,1.8518999814987183,0.0,0.28439998626708984,7.763425219058989,WSN,2020,pit,RP
9794,Rex Brothers,P,1.0,0.0,1.0,0.0,0.0,4.329090670496226,,2020,pit,RP
20312,Alec Bettinger,P,0.1754000037908554,0.1754000037908554,1.0,0.0,0.0,2.545158758759498,,2020,pit,SP
sa829393,Zach Hedges,P,0.3287999927997589,0.1428000032901764,1.0,0.0,0.0,2.5409895099699495,,2020,pit,RP
15378,Kyle Lloyd,P,0.1754000037908554,0.1754000037908554,1.0,0.0,0.0,2.4308695904910564,,2020,pit,SP
17888,Tayler Saucedo,P,0.5365999937057495,0.09860000014305115,1.0,0.0,0.0,2.851178766787052,LAA,2020,pit,RP
20617,J.C. Mejía,P,0.1754000037908554,0.1754000037908554,1.0,0.0,0.0,2.481770619004965,,2020,pit,SP
sa876284,Daniel Tillo,P,0.2167000025510788,0.16670000553131104,1.0,0.0,0.0,2.362698808312416,,2020,pit,SP
9059,John Axford,P,0.9563000202178955,0.00930000003427267,1.0,0.0,0.0,3.670434730499983,,2020,pit,RP
12699,Ryan Carpenter,P,0.1754000037908554,0.1754000037908554,1.0,0.0,0.0,2.5878252796828747,,2020,pit,SP
sa923839,Jose Bravo,P,0.3156000077724457,0.14560000598430634,1.0,0.0,0.0,2.6649495899677276,,2020,pit,RP
15033,Kyle Crockett,P,1.0,0.0,1.0,0.0,0.0,3.4436961218714717,ARI,2020,pit,RP
21025,Oliver Ortega,P,0.21580000221729279,0.16680000722408295,1.0,0.0,0.0,2.65915055796504,,2020,pit,SP
17920,Cody Ponce,P,1.8518999814987183,0.0,1.8518999814987183,0.0,0.23739999532699585,7.52752543389797,TOR,2020,pit,RP
19315,Matt Krook,P,0.28679999709129333,0.1518000066280365,1.0,0.0,0.0,3.1004959486424926,OAK,2020,pit,SP
24933,Andrew Wantz,P,0.23729999363422394,0.1623000055551529,1.0,0.0,0.0,2.6583210550248624,TBR,2020,pit,SP
sa501327,Brooks Hall,P,0.35019999742507935,0.13819999992847443,1.0,0.0,0.0,2.7250398397445683,,2020,pit,RP
sa3006826,Adam Scott,P,0.1754000037908554,0.1754000037908554,1.0,0.0,0.0,2.637409331649542,,2020,pit,SP
20468,Huascar Ynoa,P,1.0,0.0,1.0,0.0,0.28130000829696655,5.253038837015629,LAA,2020,pit,RP
3200,Ervin Santana,P,3.0,3.0,17.10689926147461,0.0,0.0,32.47614355087281,,2020,pit,SP
6620,Cory Burns,P,1.0,0.0,1.0,0.0,0.0,3.9216787777841096,,2020,pit,RP
sa3007860,Jack Patterson,P,0.510200023651123,0.10419999808073044,1.0,0.0,0.0,3.0251385569572453,,2020,pit,RP
sa747285,Emerson Martinez,P,0.3163999915122986,0.1454000025987625,1.0,0.0,0.0,2.566255832463503,,2020,pit,RP
sa597847,Richelson Peña,P,0.24879999458789825,0.1597999930381775,1.0,0.0,0.0,2.5351493075490006,,2020,pit,SP
23335,Joey Cantillo,P,0.1754000037908554,0.1754000037908554,1.0,0.0,0.0,2.810045342892409,CLE,2020,pit,SP
sa829372,Kolton Mahoney,P,0.3732999861240387,0.13330000638961792,1.0,0.0,0.0,2.7274600766599177,,2020,pit,RP
20041,Ronald Bolaños,P,2.451900005340576,0.6000000238418579,5.23799991607666,0.0,0.26109999418258667,15.90958739519119,,2020,pit,RP
7432,Jay Jackson,P,1.0,0.0,1.0,0.0,0.0,3.945684113353491,,2020,pit,RP
sa915688,Tyler Johnson,P,1.0,0.0,1.0,0.0,0.0,3.6877105370163923,,2020,pit,RP
sa3004197,Dylan File,P,0.1754000037908554,0.1754000037908554,1.0,0.0,0.0,2.349725284427405,DET,2020,pit,SP
21955,Yerry Rodríguez,P,0.1754000037908554,0.1754000037908554,1.0,0.0,0.0,2.0572400882840163,NYY,2020,pit,SP
21455,Kris Bubic,P,0.1754000037908554,0.1754000037908554,1.0,0.0,0.0,2.5389745391905314,KCR,2020,pit,SP
sa920718,Steven Moyers,P,0.18780000507831573,0.1728000044822693,1.0,0.0,0.0,2.3192348815500736,,2020,pit,SP
15968,Brady Feigl,P,0.9273999929428101,0.015399999916553497,1.0,0.0,0.0,3.69028931632638,,2020,pit,RP
sa553380,Austin Ross,P,0.18369999527931213,0.1737000048160553,1.0,0.0,0.0,2.3858442269265656,,2020,pit,SP
23292,Packy Naughton,P,0.1754000037908554,0.1754000037908554,1.0,0.0,0.0,2.2012011684477337,STL,2020,pit,SP
sa874212,Nolan Blackwood,P,2.9630000591278076,0.0,2.9630000591278076,0.0,0.25999999046325684,10.435514563322068,,2020,pit,RP
sa3008312,Colton Eastman,P,0.218299999833107,0.1662999987602234,1.0,0.0,0.0,2.5743186160922047,,2020,pit,SP
sa875280,Reid Love,P,0.6115999817848206,0.08259999752044678,1.0,0.0,0.0,2.4746106050908563,,2020,pit,RP
sa873684,Kit Scheetz,P,1.0,0.0,1.0,0.0,0.0,3.718060010671616,,2020,pit,RP
20539,Edwin Uceta,P,0.18860000371932983,0.17260000109672546,1.0,0.0,0.0,2.753398879617453,TBR,2020,pit,SP
19456,Kyle Funkhouser,P,0.1754000037908554,0.1754000037908554,1.0,0.0,0.0,2.386221165955067,,2020,pit,SP
sa829504,Tyler Badamo,P,0.1754000037908554,0.1754000037908554,1.0,0.0,0.0,2.316741336137056,,2020,pit,SP
16317,Alex McRae,P,0.8046000003814697,0.041600000113248825,1.0,0.0,0.0,3.2636187449097633,,2020,pit,RP
7507,Jonathan Sánchez,P,0.19189999997615814,0.17190000414848328,1.0,0.0,0.0,2.447214765846729,,2020,pit,SP
sa828963,Josh Prevost,P,0.1754000037908554,0.1754000037908554,1.0,0.0,0.0,2.3774388588964945,,2020,pit,SP
sa549495,Tyler Jones,P,1.0,0.0,1.0,0.0,0.0,3.7043093226850035,,2020,pit,RP
sa658297,Shane Broyles,P,1.0,0.0,1.0,0.0,0.0,3.7809841446578503,,2020,pit,RP
14655,Konner Wade,P,0.2199999988079071,0.16599999368190765,1.0,0.0,0.0,2.379889357835055,,2020,pit,SP
21537,Daniel Lynch IV,P,0.1754000037908554,0.1754000037908554,1.0,0.0,0.0,2.3588042616844183,KCR,2020,pit,SP
sa732750,Edgar Arredondo,P,0.18369999527931213,0.1737000048160553,1.0,0.0,0.0,2.021236027032137,,2020,pit,SP
18475,Shea Spitzbarth,P,1.0,0.0,1.0,0.0,0.0,3.9153199397027496,,2020,pit,RP
sa658929,Jon Harris,P,0.21170000731945038,0.16769999265670776,1.0,0.0,0.0,2.300829261541367,,2020,pit,SP
sa708443,James Farris,P,1.0,0.0,1.0,0.0,0.0,3.3871642395854,COL,2020,pit,RP
15369,Kevin Herget,P,0.31310001015663147,0.1460999995470047,1.0,0.0,0.0,2.9020812503993505,NYM,2020,pit,RP
24494,Simeon Woods Richardson,P,0.1754000037908554,0.1754000037908554,1.0,0.0,0.0,2.6481852605938916,MIN,2020,pit,SP
8490,Buddy Boshers,P,0.9588000178337097,0.008799999952316284,1.0,0.0,0.0,3.7621345713734624,,2020,pit,RP
sa3008224,Nolan Kingham,P,0.1754000037908554,0.1754000037908554,1.0,0.0,0.0,2.4304609887301925,,2020,pit,SP
17860,José Rodríguez,P,0.9158999919891357,0.017899999395012856,1.0,0.0,0.0,3.250129552930594,,2020,pit,RP
24937,Austin Warren,P,1.0,0.0,1.0,0.0,0.0,3.674259992688895,NYM,2020,pit,RP
17418,David Paulino,P,1.0,0.0,1.0,0.0,0.0,3.7356213271617897,,2020,pit,RP
16513,Nick Gardewine,P,1.0,0.0,1.0,0.0,0.0,3.760749285668135,,2020,pit,RP
13339,Adrian Sampson,P,0.4821999967098236,0.11020000278949738,1.0,0.0,0.0,2.7234294168651103,,2020,pit,RP
20517,Nick Sandlin,P,1.0,0.0,1.0,0.0,0.0,3.8603640489280227,LAA,2020,pit,RP
3830,Ricky Nolasco,P,0.1754000037908554,0.1754000037908554,1.0,0.0,0.0,2.346814835816622,,2020,pit,SP
2929,Jeff Locke,P,0.1754000037908554,0.1754000037908554,1.0,0.0,0.0,2.2211492754518987,,2020,pit,SP
19879,Tanner Houck,P,0.30649998784065247,0.14749999344348907,1.0,0.0,0.0,2.7685305222868917,BOS,2020,pit,RP
20353,Steven Wilson,P,1.0,0.0,1.0,0.0,0.0,3.959455810487271,TBR,2020,pit,RP
sa827466,Lucas Long,P,0.6248000264167786,0.07980000227689743,1.0,0.0,0.0,2.9337560124695305,,2020,pit,RP
13133,Derek Law,P,0.9455999732017517,0.011599999852478504,1.0,0.0,0.0,3.6123241432011133,ARI,2020,pit,RP
sa915665,Simon Mathews,P,0.7146999835968018,0.06069999933242798,1.0,0.0,0.0,3.1268841952085498,,2020,pit,RP
17811,Daniel Zamora,P,3.703700065612793,0.0,3.703700065612793,0.0,0.24879999458789825,15.069841155409819,,2020,pit,RP
sa526832,Kyle Regnault,P,1.0,0.0,1.0,0.0,0.0,3.7629440486431123,,2020,pit,RP
22310,Chris Rodriguez,P,0.1754000037908554,0.1754000037908554,1.0,0.0,0.0,2.2866240851581097,CHW,2020,pit,SP
15655,Yefry Ramírez,P,0.8902999758720398,0.02329999953508377,1.0,0.0,0.0,3.8319854073226454,,2020,pit,RP
sa915726,Jeffrey Passantino,P,0.5109999775886536,0.10400000214576721,1.0,0.0,0.0,2.9746010534465315,,2020,pit,RP
sa739833,Tyler Spurlin,P,0.84170001745224,0.03370000049471855,1.0,0.0,0.0,3.4316989809274676,,2020,pit,RP
11437,Jesse Biddle,P,1.0,0.0,1.0,0.0,0.0,3.467504039406777,,2020,pit,RP
18815,Miguel Díaz,P,1.0,0.0,1.0,0.0,0.0,3.8195987641811375,,2020,pit,RP
sa657948,Kyle Twomey,P,0.2232999950647354,0.16529999673366547,1.0,0.0,0.0,2.552284002304077,OAK,2020,pit,SP
19482,Andrew Vasquez,P,1.0,0.0,1.0,0.0,0.0,3.6437987461686134,,2020,pit,RP
sa709032,Jake Kalish,P,0.35929998755455017,0.1362999975681305,1.0,0.0,0.0,2.6246611855924136,,2020,pit,RP
11261,Logan Darnell,P,0.23319999873638153,0.1632000058889389,1.0,0.0,0.0,2.3528558067977436,,2020,pit,SP
18186,James Naile,P,0.19609999656677246,0.17110000550746918,1.0,0.0,0.0,2.2817758001387127,,2020,pit,SP
sa708470,Mike Connolly,P,0.3287999927997589,0.1428000032901764,1.0,0.0,0.0,2.903635939210654,SFG,2020,pit,RP
13276,Matt Carasiti,P,0.6305999755859375,0.07859999686479568,1.0,0.0,0.0,3.4400611370801926,,2020,pit,RP
13048,Hisashi Iwakuma,P,0.1754000037908554,0.1754000037908554,1.0,0.0,0.0,2.2252759739756582,,2020,pit,SP
19845,Alex Wells,P,0.1754000037908554,0.1754000037908554,1.0,0.0,0.0,1.681105401366949,,2020,pit,SP
sa917985,Jace Vines,P,0.21089999377727509,0.1678999960422516,1.0,0.0,0.0,2.234675850719214,,2020,pit,SP
17536,Ryan Burr,P,0.9158999919891357,0.017899999395012856,1.0,0.0,0.0,3.586694882810116,TOR,2020,pit,RP
sa828724,Alejandro Requena,P,0.19110000133514404,0.1720999926328659,1.0,0.0,0.0,2.3935402184724808,,2020,pit,SP
6329,John Danks,P,0.1754000037908554,0.1754000037908554,1.0,0.0,0.0,2.4042612962424763,,2020,pit,SP
sa964182,Elian Leyva,P,0.25949999690055847,0.1574999988079071,1.0,0.0,0.0,2.7029693536460395,,2020,pit,SP
20206,Mike Baumann,P,0.19110000133514404,0.1720999926328659,1.0,0.0,0.0,1.9306506589055061,NYM,2020,pit,SP
15605,Phillips Valdez,P,1.8518999814987183,0.0,1.8518999814987183,0.0,0.2888000011444092,7.672616074979303,,2020,pit,RP
sa738268,Sam Tewes,P,0.1754000037908554,0.1754000037908554,1.0,0.0,0.0,2.238205298781395,,2020,pit,SP
9417,Kris Medlen,P,0.1754000037908554,0.1754000037908554,1.0,0.0,0.0,2.573370648175478,,2020,pit,SP
17018,Jefry Rodriguez,P,3.651900053024292,1.7999999523162842,11.925000190734863,0.0,0.2754000127315521,31.75089792609215,,2020,pit,RP
2826,Fabio Castillo,P,1.0,0.0,1.0,0.0,0.0,3.758389333635569,,2020,pit,RP
sa3007838,Nick Bush,P,0.18199999630451202,0.17399999499320984,1.0,0.0,0.0,1.8760907605290416,,2020,pit,SP
20060,Jake Fishman,P,1.0,0.0,1.0,0.0,0.0,3.4985546670854095,,2020,pit,RP
sa879559,Jasseel De La Cruz,P,0.18199999630451202,0.17399999499320984,1.0,0.0,0.0,2.6043853968381887,,2020,pit,SP
13572,Justin Haley,P,1.0,0.0,1.0,0.0,0.0,3.519214694201947,,2020,pit,RP
11346,Seth Frankoff,P,1.0,0.0,1.0,0.0,0.0,3.618558701127768,,2020,pit,RP
sa3006988,Bryce Hensley,P,0.4235999882221222,0.1225999966263771,1.0,0.0,0.0,2.604655741155148,KCR,2020,pit,RP
sa918356,DJ Myers,P,0.29089999198913574,0.1509000062942505,1.0,0.0,0.0,2.599229506403208,,2020,pit,SP
sa875823,Evan Manarino,P,0.20919999480247498,0.16820000112056732,1.0,0.0,0.0,2.3258400611579413,,2020,pit,SP
24975,Cooper Criswell,P,0.20589999854564667,0.1688999980688095,1.0,0.0,0.0,2.2625241406261924,SEA,2020,pit,SP
20000,Tyler Wells,P,0.18449999392032623,0.17350000143051147,1.0,0.0,0.0,2.4087052874267103,BAL,2020,pit,SP
sa3004494,Austin Warner,P,0.18199999630451202,0.17399999499320984,1.0,0.0,0.0,2.6405640877783303,,2020,pit,SP
sa658262,Jordan Guerrero,P,0.35600000619888306,0.13699999451637268,1.0,0.0,0.0,2.9527252800762653,,2020,pit,RP
17355,Edgar Santana,P,1.0,0.0,1.0,0.0,0.0,3.5936493337154394,,2020,pit,RP
sa875229,Kyle Friedrichs,P,0.18369999527931213,0.1737000048160553,1.0,0.0,0.0,2.352770655602217,,2020,pit,SP
8185,Steven Wright,P,0.1754000037908554,0.1754000037908554,1.0,0.0,0.0,2.1548852451145644,,2020,pit,SP
sa550449,Dylan Unsworth,P,0.263700008392334,0.156700000166893,1.0,0.0,0.0,2.4240906022489077,,2020,pit,SP
16990,Tanner Banks,P,0.24879999458789825,0.1597999930381775,1.0,0.0,0.0,2.165001033246517,PHI,2020,pit,SP
19646,Kyle Hart,P,9.348099708557129,1.2000000476837158,14.988100051879883,0.0,0.2888000011444092,44.79580726623536,SDP,2020,pit,RP
19932,Trevor Stephan,P,0.18449999392032623,0.17350000143051147,1.0,0.0,0.0,2.298414705693722,CLE,2020,pit,SP
sa829168,Seth Varner,P,0.24390000104904175,0.16089999675750732,1.0,0.0,0.0,2.4911441497504714,,2020,pit,SP
sa738690,Nick Green,P,0.19609999656677246,0.17110000550746918,1.0,0.0,0.0,2.05151055380702,,2020,pit,SP
20531,Kutter Crawford,P,0.1754000037908554,0.1754000037908554,1.0,0.0,0.0,2.5753186754882336,BOS,2020,pit,SP
sa736667,Michael Santos,P,0.5242000222206116,0.10119999945163727,1.0,0.0,0.0,2.765430558472872,,2020,pit,RP
sa503722,Tyler Higgins,P,0.8277000188827515,0.03669999912381172,1.0,0.0,0.0,3.4126389116048808,,2020,pit,RP
17304,Emmanuel Ramirez,P,0.2215999960899353,0.1656000018119812,1.0,0.0,0.0,2.707599000632763,,2020,pit,SP
19865,Charlie Barnes,P,0.18199999630451202,0.17399999499320984,1.0,0.0,0.0,2.238749391585589,CHC,2020,pit,SP
11012,Kevin Shackelford,P,1.0,0.0,1.0,0.0,0.0,3.6586347237229346,,2020,pit,RP
sa549091,Andrew Robinson,P,1.0,0.0,1.0,0.0,0.0,3.7875254102051263,LAD,2020,pit,RP
20153,Nick Nelson,P,0.18529999256134033,0.17329999804496765,1.0,0.0,0.0,2.3998609468340875,,2020,pit,SP
15458,Ricardo Rodríguez,P,1.0,0.0,1.0,0.0,0.0,3.6015200637280946,,2020,pit,RP
10510,Hunter Cervenka,P,1.0,0.0,1.0,0.0,0.0,3.242729426175356,,2020,pit,RP
9419,Zac Rosscup,P,1.0,0.0,1.0,0.0,0.0,4.060395865142345,,2020,pit,RP
sa597101,Ivan Pineyro,P,0.19359999895095825,0.17159999907016754,1.0,0.0,0.0,2.357075949013234,,2020,pit,SP
sa599500,Garrett Nuss,P,0.9628999829292297,0.007899999618530273,1.0,0.0,0.0,3.433861123770476,LAA,2020,pit,RP
sa876067,Josh DeGraaf,P,0.20260000228881836,0.1695999950170517,1.0,0.0,0.0,2.303835763782263,,2020,pit,SP
338,Blake Beavan,P,0.19110000133514404,0.1720999926328659,1.0,0.0,0.0,2.5439760625362395,,2020,pit,SP
sa829242,Dustin Beggs,P,0.18199999630451202,0.17399999499320984,1.0,0.0,0.0,2.2670840606093403,,2020,pit,SP
2951,Josh Ravin,P,1.0,0.0,1.0,0.0,0.0,3.8103441998362544,,2020,pit,RP
sa918951,Brian Keller,P,0.1754000037908554,0.1754000037908554,1.0,0.0,0.0,2.1112239748239525,,2020,pit,SP
20023,Rico Garcia,P,1.8518999814987183,0.0,1.8518999814987183,0.0,0.271699994802475,8.358975432813168,BAL,2020,pit,RP
11449,Matt Grace,P,3.703700065612793,0.0,3.703700065612793,0.0,0.25949999690055847,13.86423686742783,,2020,pit,RP
sa599717,Greg Ross,P,0.19609999656677246,0.17110000550746918,1.0,0.0,0.0,2.2443639606237413,,2020,pit,SP
14467,Daniel Camarena,P,0.2199999988079071,0.16599999368190765,1.0,0.0,0.0,2.3029852584004407,,2020,pit,SP
sa548553,Neil Holland,P,1.0,0.0,1.0,0.0,0.0,3.456098771095276,,2020,pit,RP
9492,Bud Norris,P,1.0,0.0,1.0,0.0,0.0,3.6342495314776895,,2020,pit,RP
10946,Josh A. Smith,P,0.8046000003814697,0.041600000113248825,1.0,0.0,0.0,3.3825438842177387,,2020,pit,RP
sa598926,Bradley Roney,P,1.0,0.0,1.0,0.0,0.0,3.925798532366753,,2020,pit,RP
3201,Francisco Liriano,P,1.0,0.0,1.0,0.0,0.0,3.5394188113510614,,2020,pit,RP
20515,Kyle Nelson,P,0.929099977016449,0.01510000042617321,1.0,0.0,0.0,3.738890414685011,ATL,2020,pit,RP
3599,Brian Schlitter,P,1.0,0.0,1.0,0.0,0.0,3.336901203542948,,2020,pit,RP
sa829808,Jeff Bain,P,0.18199999630451202,0.17399999499320984,1.0,0.0,0.0,2.583641236275435,,2020,pit,SP
sa739684,Scarlyn Reyes,P,0.4343999922275543,0.12039999663829803,1.0,0.0,0.0,2.7043493501842026,,2020,pit,RP
16850,Locke St. John,P,1.0,0.0,1.0,0.0,0.0,3.0783441655337813,,2020,pit,RP
24607,Jonathan Bowlan,P,0.19609999656677246,0.17110000550746918,1.0,0.0,0.0,2.2535292185842994,PHI,2020,pit,SP
sa832338,Brett Ash,P,0.274399995803833,0.15440000593662262,1.0,0.0,0.0,2.5306210875511166,,2020,pit,SP
2412,Barry Enright,P,0.25540000200271606,0.15839999914169312,1.0,0.0,0.0,2.5885960906744003,,2020,pit,SP
8739,Daniel Schlereth,P,1.0,0.0,1.0,0.0,0.0,3.7216094702482225,,2020,pit,RP
15066,Jaime Schultz,P,1.0,0.0,1.0,0.0,0.0,4.0467757686972625,,2020,pit,RP
15979,Akeem Bostick,P,0.2825999855995178,0.1526000052690506,1.0,0.0,0.0,2.600158738344908,,2020,pit,SP
sa3007455,Brady Feigl,P,0.18860000371932983,0.17260000109672546,1.0,0.0,0.0,2.2834254011511805,,2020,pit,SP
sa3007491,Tyler Carr,P,0.9085000157356262,0.019500000402331352,1.0,0.0,0.0,3.406024239212275,,2020,pit,RP
sa738610,Tyler Viza,P,0.20350000262260437,0.16949999332427979,1.0,0.0,0.0,2.3406358137726784,,2020,pit,SP
11334,Tyler Lyons,P,1.8518999814987183,0.0,1.8518999814987183,0.0,0.28189998865127563,7.058446936309335,NYY,2020,pit,RP
7385,Dan Otero,P,1.0,0.0,1.0,0.0,0.0,3.311549348384142,,2020,pit,RP
21866,Jordan Balazovic,P,0.18449999392032623,0.17350000143051147,1.0,0.0,0.0,2.332861041277647,,2020,pit,SP
sa739006,Arturo Reyes,P,0.210099995136261,0.1680999994277954,1.0,0.0,0.0,2.3654600292444226,,2020,pit,SP
sa829664,Jon Perrin,P,0.1754000037908554,0.1754000037908554,1.0,0.0,0.0,2.2992610931396484,,2020,pit,SP
10887,Perci Garner,P,1.0,0.0,1.0,0.0,0.0,3.0803053341805935,BAL,2020,pit,RP
20333,Nick Raquet,P,0.1754000037908554,0.1754000037908554,1.0,0.0,0.0,2.2092547617852687,STL,2020,pit,SP
12499,Drew Rucinski,P,1.0,0.0,1.0,0.0,0.0,3.6635200597345836,,2020,pit,RP
sa827457,Andrew Istler,P,1.0,0.0,1.0,0.0,0.0,3.491914723068476,WSN,2020,pit,RP
17508,Wei-Chieh Huang,P,1.0,0.0,1.0,0.0,0.0,3.206230527162552,PIT,2020,pit,RP
13652,Tayler Scott,P,0.9365000128746033,0.013500000350177288,1.0,0.0,0.0,3.611149369925261,ATL,2020,pit,RP
7942,Christian Friedrich,P,0.18199999630451202,0.17399999499320984,1.0,0.0,0.0,2.291450718045234,,2020,pit,SP
4538,Jason Hammel,P,0.3353999853134155,0.14139999449253082,1.0,0.0,0.0,2.5218187049031258,,2020,pit,RP
sa549462,Forrest Snow,P,0.20679999887943268,0.1687999963760376,1.0,0.0,0.0,2.4716905117034913,,2020,pit,SP
9901,Chris Volstad,P,0.9240999817848206,0.016100000590085983,1.0,0.0,0.0,2.933710781484842,CIN,2020,pit,RP
5365,Manny Banuelos,P,0.4359999895095825,0.11999999731779099,1.0,0.0,0.0,2.943201138824225,,2020,pit,RP
16768,Montana DuRapau,P,0.8730000257492065,0.027000000700354576,1.0,0.0,0.0,3.7292441301047807,,2020,pit,RP
sa875849,Dalton Sawyer,P,0.2199999988079071,0.16599999368190765,1.0,0.0,0.0,2.57755995541811,,2020,pit,SP
sa549945,Mark Blackmar,P,0.22660000622272491,0.16459999978542328,1.0,0.0,0.0,2.3227947242558002,,2020,pit,SP
7411,Austin Adams,P,1.0,0.0,1.0,0.0,0.0,3.2927788600325587,,2020,pit,RP
19903,Adonis Medina,P,0.18289999663829803,0.17389999330043793,1.0,0.0,0.0,2.3247213169932373,,2020,pit,SP
14711,Jamie Callahan,P,1.0,0.0,1.0,0.0,0.0,3.9551345981657513,SFG,2020,pit,RP
sa3003122,Yoel De Leon,P,0.2603999972343445,0.1573999971151352,1.0,0.0,0.0,2.4760613091289994,,2020,pit,SP
sa913072,Rollie Lacy,P,0.23149999976158142,0.16349999606609344,1.0,0.0,0.0,2.367344000935555,,2020,pit,SP
21241,Jonathan Bermúdez,P,0.3709000051021576,0.1339000016450882,1.0,0.0,0.0,2.7585400700569154,,2020,pit,RP
19179,Kirby Snead,P,1.0,0.0,1.0,0.0,0.0,3.4586787916719914,,2020,pit,RP
sa875247,Will Stewart,P,0.19110000133514404,0.1720999926328659,1.0,0.0,0.0,2.4202611662447455,,2020,pit,SP
14016,Ryan Garton,P,1.0,0.0,1.0,0.0,0.0,3.478921147435904,,2020,pit,RP
18114,Ben Taylor,P,1.0,0.0,1.0,0.0,0.0,3.655481200665236,,2020,pit,RP
sa3004347,Denny Brady,P,0.2768999934196472,0.15389999747276306,1.0,0.0,0.0,2.4194455303251745,,2020,pit,SP
sa738607,Max Beatty,P,0.34200000762939453,0.14000000059604645,1.0,0.0,0.0,2.531524255126715,,2020,pit,RP
14443,Kyuji Fujikawa,P,1.0,0.0,1.0,0.0,0.0,3.763969507068396,,2020,pit,RP
18331,James Kaprielian,P,1.8518999814987183,0.0,1.8518999814987183,0.0,0.27880001068115234,7.722819754481313,,2020,pit,RP
19981,Jeremy Walker,P,1.0,0.0,1.0,0.0,0.0,3.488689366728068,,2020,pit,RP
sa738636,Jordan Milbrath,P,0.8878999948501587,0.023900000378489494,1.0,0.0,0.0,3.3563588261604314,,2020,pit,RP
sa875869,Ivan Vieitez,P,0.35350000858306885,0.13750000298023224,1.0,0.0,0.0,2.539764065295458,,2020,pit,RP
sa3008629,Luke Heimlich,P,0.1754000037908554,0.1754000037908554,1.0,0.0,0.0,2.2299506418406962,,2020,pit,SP
6570,Tom Koehler,P,0.30649998784065247,0.14749999344348907,1.0,0.0,0.0,2.496034552156926,,2020,pit,RP
16687,Dean Deetz,P,1.0,0.0,1.0,0.0,0.0,3.8521639518439774,,2020,pit,RP
14338,Williams Jerez,P,1.0,0.0,1.0,0.0,0.0,3.676230680197478,,2020,pit,RP
20476,Peter Solomon,P,0.1754000037908554,0.1754000037908554,1.0,0.0,0.0,2.3404242582619195,,2020,pit,SP
sa872243,Casey Delgado,P,0.20839999616146088,0.16840000450611115,1.0,0.0,0.0,2.3127199225127697,,2020,pit,SP
sa829160,Thomas Dorminy,P,0.6536999940872192,0.07370000332593918,1.0,0.0,0.0,3.057389336824417,,2020,pit,RP
7422,Bradin Hagens,P,0.46239998936653137,0.1143999993801117,1.0,0.0,0.0,2.8620254978537565,,2020,pit,RP
8007,Jason Gurka,P,1.0,0.0,1.0,0.0,0.0,3.33414530903101,,2020,pit,RP
sa658168,Logan Taylor,P,0.5597000122070312,0.09369999915361404,1.0,0.0,0.0,2.8973306186497214,,2020,pit,RP
12664,Jerad Eickhoff,P,0.24639999866485596,0.16040000319480896,1.0,0.0,0.0,2.403090468794108,,2020,pit,SP
23735,Luis Garcia,P,0.2282000035047531,0.16419999301433563,1.0,0.0,0.0,2.654021217674017,,2020,pit,SP
10481,Shawn Tolleson,P,1.0,0.0,1.0,0.0,0.0,3.0467694751918324,,2020,pit,RP
11479,Bryan Mitchell,P,0.36010000109672546,0.13609999418258667,1.0,0.0,0.0,2.702001230418682,,2020,pit,RP
sa701852,Sam Lewis,P,0.39149999618530273,0.12950000166893005,1.0,0.0,0.0,2.6878412738442417,,2020,pit,RP
sa659420,Keaton Steele,P,0.39719998836517334,0.1281999945640564,1.0,0.0,0.0,2.364058642089367,MIN,2020,pit,RP
sa393198,Luis Vasquez,P,0.8837000131607056,0.024700000882148743,1.0,0.0,0.0,3.6781786412000654,,2020,pit,RP
sa857567,Luke Leftwich,P,0.8549000024795532,0.030899999663233757,1.0,0.0,0.0,3.4263800717890267,,2020,pit,RP
10732,Drew Hutchison,P,0.5645999908447266,0.09260000288486481,1.0,0.0,0.0,2.945379802584648,,2020,pit,RP
10291,Ryan Tepera,P,12.963000297546387,0.0,12.963000297546387,0.0,1.8753999471664429,49.91973671913148,,2020,pit,RP
sa454866,Shawn Haviland,P,0.22990000247955322,0.1639000028371811,1.0,0.0,0.0,2.432674807310105,,2020,pit,SP
25376,Nick Mears,P,1.0,0.0,1.0,0.0,0.0,3.681041115522385,KCR,2020,pit,RP
sa918047,Austin McGeorge,P,0.44670000672340393,0.1177000030875206,1.0,0.0,0.0,2.707185377180577,,2020,pit,RP
11543,Dayan Díaz,P,0.8309999704360962,0.035999998450279236,1.0,0.0,0.0,3.3557799458503723,,2020,pit,RP
11528,Josh Osich,P,6.6666998863220215,0.0,6.6666998863220215,0.0,0.2888000011444092,24.142221409082413,,2020,pit,RP
9069,Jeremy Bleich,P,1.0,0.0,1.0,0.0,0.0,3.4593799784779553,,2020,pit,RP
3920,Frankie De La Cruz,P,0.21089999377727509,0.1678999960422516,1.0,0.0,0.0,2.1789986975491047,,2020,pit,SP
sa3004018,Austin Hutchison,P,0.18860000371932983,0.17260000109672546,1.0,0.0,0.0,2.304535764455796,,2020,pit,SP
15094,Rob Zastryzny,P,1.0,0.0,1.0,0.0,0.0,3.4448093265295032,MIL,2020,pit,RP
6499,Blaine Hardy,P,1.0,0.0,1.0,0.0,0.0,3.2584107808768756,,2020,pit,RP
sa3006810,Michael Baird,P,0.35850000381469727,0.13650000095367432,1.0,0.0,0.0,2.6417240895330902,COL,2020,pit,RP
11266,Lisalverto Bonilla,P,0.5349000096321106,0.09889999777078629,1.0,0.0,0.0,2.6368454344570638,,2020,pit,RP
sa828727,Carlos Luna,P,0.1754000037908554,0.1754000037908554,1.0,0.0,0.0,2.259794848412275,,2020,pit,SP
16165,Max Povse,P,1.0,0.0,1.0,0.0,0.0,3.5725589163601406,,2020,pit,RP
sa875190,Blake Bass,P,0.8037999868392944,0.04179999977350235,1.0,0.0,0.0,2.8492759168148045,TEX,2020,pit,RP
7677,Neil Ramírez,P,0.9670000076293945,0.007000000216066837,1.0,0.0,0.0,3.421079953759909,,2020,pit,RP
20462,Bryan Sammons,P,0.18199999630451202,0.17399999499320984,1.0,0.0,0.0,2.2738813295960427,DET,2020,pit,SP
10078,Caleb Thielbar,P,1.0,0.0,1.0,0.0,0.0,3.3731746971607204,CHC,2020,pit,RP
19269,T.J. Zeuch,P,1.8518999814987183,0.0,1.8518999814987183,0.0,0.2711000144481659,6.999903325736521,,2020,pit,RP
14545,Dakota Bacus,P,1.0,0.0,1.0,0.0,0.0,3.4471758000552657,,2020,pit,RP
sa550261,James Buckelew,P,0.794700026512146,0.043699998408555984,1.0,0.0,0.0,3.3378588348627094,,2020,pit,RP
sa503397,James Dykstra,P,1.0,0.0,1.0,0.0,0.0,3.318470671027899,,2020,pit,RP
sa875355,Tyler Davis,P,0.39559999108314514,0.12860000133514404,1.0,0.0,0.0,2.140090654045343,CHW,2020,pit,RP
sa827432,Preston Morrison,P,0.8978000283241272,0.021800000220537186,1.0,0.0,0.0,3.253915954381228,,2020,pit,RP
16468,Trevor Oaks,P,0.45660001039505005,0.11559999734163284,1.0,0.0,0.0,2.527521319687367,,2020,pit,RP
6527,Josh Zeid,P,0.3889999985694885,0.12999999523162842,1.0,0.0,0.0,2.916704063862562,,2020,pit,RP
sa3007906,Ryan Conroy,P,0.2150000035762787,0.16699999570846558,1.0,0.0,0.0,1.5409052267670629,,2020,pit,SP
sa829632,Brady Puckett,P,0.18369999527931213,0.1737000048160553,1.0,0.0,0.0,2.3667788274586203,,2020,pit,SP
sa577014,DJ Baxendale,P,0.616599977016449,0.08160000294446945,1.0,0.0,0.0,2.980785265564919,,2020,pit,RP
14332,Joel Payamps,P,1.8518999814987183,0.0,1.8518999814987183,0.0,0.25949999690055847,7.798756653070448,ATL,2020,pit,RP
24584,Jonathan Stiever,P,0.1754000037908554,0.1754000037908554,1.0,0.0,0.0,2.0498652286827563,,2020,pit,SP
19529,Cam Vieaux,P,0.1754000037908554,0.1754000037908554,1.0,0.0,0.0,2.4002190440893174,,2020,pit,SP
17466,Heath Fillmyer,P,0.557200014591217,0.094200000166893,1.0,0.0,0.0,2.657856028527022,,2020,pit,RP
sa471754,Robert Zárate,P,0.6570000052452087,0.0729999989271164,1.0,0.0,0.0,3.182401160150767,,2020,pit,RP
19582,Brandon Bailey,P,3.703700065612793,0.0,3.703700065612793,0.0,0.28690001368522644,14.257469981908802,CHW,2020,pit,RP
11896,Enderson Franco,P,1.0,0.0,1.0,0.0,0.0,3.60831882879138,,2020,pit,RP
15239,Alan Busenitz,P,1.0,0.0,1.0,0.0,0.0,3.56695573180914,,2020,pit,RP
4259,David Hernandez,P,1.0,0.0,1.0,0.0,0.0,3.2564094744622705,,2020,pit,RP
15792,Rob Kaminsky,P,1.0,0.0,1.0,0.0,0.0,3.559415972232819,,2020,pit,RP
16348,Gabriel Moya,P,0.8409000039100647,0.033900000154972076,1.0,0.0,0.0,3.4377588376402857,,2020,pit,RP
sa737910,Jake Drehoff,P,0.5432000160217285,0.09719999879598618,1.0,0.0,0.0,2.8926587991416457,,2020,pit,RP
4994,Fernando Abad,P,1.0,0.0,1.0,0.0,0.0,3.5923905886709693,,2020,pit,RP
sa737454,Alexander Guillen,P,1.8518999814987183,0.0,1.8518999814987183,0.0,0.24570000171661377,6.800929903984069,,2020,pit,RP
sa3001062,Dustin Crenshaw,P,0.1754000037908554,0.1754000037908554,1.0,0.0,0.0,1.9920588463544848,,2020,pit,SP
sa3008654,Shumpei Yoshikawa,P,0.18289999663829803,0.17389999330043793,1.0,0.0,0.0,2.434595885127783,,2020,pit,SP
sa736761,Emilio Vargas,P,0.1754000037908554,0.1754000037908554,1.0,0.0,0.0,2.5216841004788875,,2020,pit,SP
11341,Sean Nolin,P,0.1754000037908554,0.1754000037908554,1.0,0.0,0.0,2.2782345697283746,,2020,pit,SP
sa602699,Phil Pfeifer,P,0.29829999804496765,0.1492999941110611,1.0,0.0,0.0,2.842241098731756,,2020,pit,SP
14844,Matt Dermody,P,1.0,0.0,1.0,0.0,0.0,3.416509429365397,,2020,pit,RP
sa3008604,Yasutomo Kubo,P,0.18860000371932983,0.17260000109672546,1.0,0.0,0.0,2.1647453755140305,,2020,pit,SP
17897,Garrett Cleavinger,P,2.9630000591278076,0.0,2.9630000591278076,0.0,0.2944999933242798,11.85758171379566,TBR,2020,pit,RP
sa829247,Brannon Easterling,P,0.2232999950647354,0.16529999673366547,1.0,0.0,0.0,2.0709747210145,CHW,2020,pit,SP
3555,Tony Barnette,P,1.0,0.0,1.0,0.0,0.0,3.541530652344227,,2020,pit,RP
16135,Brandon Leibrandt,P,0.4375999867916107,0.11959999799728394,1.0,0.0,0.0,2.6789306275546556,CIN,2020,pit,RP
sa873686,Tyler Zombro,P,0.7741000056266785,0.04809999838471413,1.0,0.0,0.0,3.2654811248183253,,2020,pit,RP
21205,Connor Brogdon,P,1.0,0.0,1.0,0.0,0.0,3.6670757435262207,CLE,2020,pit,RP
sa738318,Ian McKinney,P,0.1754000037908554,0.1754000037908554,1.0,0.0,0.0,2.513935936242342,,2020,pit,SP
10304,Jarred Cosart,P,0.19850000739097595,0.1704999953508377,1.0,0.0,0.0,2.1789012707769873,SDP,2020,pit,SP
20167,Kyle Muller,P,0.1754000037908554,0.1754000037908554,1.0,0.0,0.0,2.6521906241774555,,2020,pit,SP
sa659274,Grayson Long,P,0.1754000037908554,0.1754000037908554,1.0,0.0,0.0,2.192249205708504,DET,2020,pit,SP
sa3007247,Brad Wilson,P,1.0,0.0,1.0,0.0,0.0,3.4047253727912903,TOR,2020,pit,RP
sa918150,Tommy Eveld,P,1.0,0.0,1.0,0.0,0.0,3.764590702950955,,2020,pit,RP
sa913084,Matt Milburn,P,0.18199999630451202,0.17399999499320984,1.0,0.0,0.0,2.116189533472062,,2020,pit,SP
7024,Miguel González,P,0.1754000037908554,0.1754000037908554,1.0,0.0,0.0,2.1041760534048075,CHW,2020,pit,SP
6324,Al Alburquerque,P,1.0,0.0,1.0,0.0,0.0,3.155285312980414,,2020,pit,RP
sa875060,Jack Wynkoop,P,0.1754000037908554,0.1754000037908554,1.0,0.0,0.0,1.6014039374887945,,2020,pit,SP
8580,Justin Miller,P,1.0,0.0,1.0,0.0,0.0,3.286554845422507,,2020,pit,RP
sa829658,Keegan Yuhl,P,0.34860000014305115,0.13860000669956207,1.0,0.0,0.0,2.523499827831983,,2020,pit,RP
20778,Cristopher Sánchez,P,0.3684000074863434,0.13439999520778656,1.0,0.0,0.0,2.804184125363827,PHI,2020,pit,RP
15028,Victor Alcántara,P,1.0,0.0,1.0,0.0,0.0,3.222420967370272,,2020,pit,RP
21306,Jacob Latz,P,0.1754000037908554,0.1754000037908554,1.0,0.0,0.0,1.920039816945792,TEX,2020,pit,SP
3886,Gavin Floyd,P,1.0,0.0,1.0,0.0,0.0,3.3856442563235762,TOR,2020,pit,RP
21093,Nick Vespi,P,0.24140000343322754,0.16140000522136688,1.0,0.0,0.0,1.7049640826880932,,2020,pit,SP
5766,Bruce Rondón,P,1.0,0.0,1.0,0.0,0.0,3.544800078123808,,2020,pit,RP
sa3004097,Holden Capps,P,1.0,0.0,1.0,0.0,0.0,3.288109461218119,,2020,pit,RP
7293,Brad Ziegler,P,1.0,0.0,1.0,0.0,0.0,3.2790547460317616,,2020,pit,RP
12730,Nick Martinez,P,0.2619999945163727,0.15700000524520874,1.0,0.0,0.0,2.2459893807768823,TBR,2020,pit,SP
sa3004211,Blake Weiman,P,1.0,0.0,1.0,0.0,0.0,3.56988946273923,LAA,2020,pit,RP
sa738219,Andrew Edwards,P,0.5242000222206116,0.10119999945163727,1.0,0.0,0.0,2.8258694939315316,,2020,pit,RP
8162,Neil Wagner,P,0.906000018119812,0.019999999552965164,1.0,0.0,0.0,3.614330621063709,,2020,pit,RP
21584,Tristan Beck,P,0.1754000037908554,0.1754000037908554,1.0,0.0,0.0,2.6040694966912277,SFG,2020,pit,SP
sa549763,Joel Bender,P,1.0,0.0,1.0,0.0,0.0,3.4452758364379408,,2020,pit,RP
sa549950,Conor Fisk,P,0.328000009059906,0.14300000667572021,1.0,0.0,0.0,2.4454960249364373,,2020,pit,RP
17748,Brody Koerner,P,0.2150000035762787,0.16699999570846558,1.0,0.0,0.0,1.9860587507486342,,2020,pit,SP
12777,John Brebbia,P,1.0,0.0,1.0,0.0,0.0,3.685641197115183,COL,2020,pit,RP
sa526875,Kaleb Fleck,P,1.0,0.0,1.0,0.0,0.0,3.512681368738413,,2020,pit,RP
sa602623,Heath Holder,P,0.45989999175071716,0.11490000039339066,1.0,0.0,0.0,2.4341693438589576,,2020,pit,RP
sa658513,Brock Dykxhoorn,P,0.20589999854564667,0.1688999980688095,1.0,0.0,0.0,2.432924193888903,,2020,pit,SP
sa738394,Jordan Mills,P,1.0,0.0,1.0,0.0,0.0,3.483835912495852,,2020,pit,RP
sa657701,Jesús Castillo,P,0.4244999885559082,0.12250000238418579,1.0,0.0,0.0,2.513241128623485,,2020,pit,RP
21183,Humberto Castellanos,P,1.0,0.0,1.0,0.0,0.0,3.39208542406559,,2020,pit,RP
13485,Sam Tuivailala,P,9.259300231933594,0.0,9.259300231933594,0.0,0.0,30.129796093702314,,2020,pit,RP
17117,Austin Davis,P,1.0,0.0,1.0,0.0,0.0,3.733558808267117,,2020,pit,RP
sa3002796,Jose E. Martinez,P,0.2768999934196472,0.15389999747276306,1.0,0.0,0.0,2.4209092445671563,,2020,pit,SP
sa828800,John Richy,P,0.44999998807907104,0.11699999868869781,1.0,0.0,0.0,2.726610708981753,SEA,2020,pit,RP
14823,Mark Appel,P,0.19439999759197235,0.17139999568462372,1.0,0.0,0.0,2.2476844109594825,,2020,pit,SP
sa918264,Brandon Lawson,P,0.1754000037908554,0.1754000037908554,1.0,0.0,0.0,1.9867442153394221,,2020,pit,SP
14139,Miguel Almonte,P,1.0,0.0,1.0,0.0,0.0,3.501310504972935,,2020,pit,RP
19454,Michael Rucker,P,1.8518999814987183,0.0,1.8518999814987183,0.0,0.2678999900817871,7.365663452446459,SEA,2020,pit,RP
sa827957,Samir Vivas,P,1.0,0.0,1.0,0.0,0.0,3.174745279550552,,2020,pit,RP
20203,Eli Morgan,P,0.18199999630451202,0.17399999499320984,1.0,0.0,0.0,2.411818909645081,KCR,2020,pit,SP
19330,Matt Festa,P,1.0,0.0,1.0,0.0,0.0,3.4576947897672654,CLE,2020,pit,RP
15949,D.J. Snelten,P,1.0,0.0,1.0,0.0,0.0,3.682206827402115,SDP,2020,pit,RP
9080,Zach Putnam,P,1.0,0.0,1.0,0.0,0.0,3.4476959116756913,,2020,pit,RP
9174,Casey Kelly,P,0.4657000005245209,0.1137000024318695,1.0,0.0,0.0,2.611325255036354,,2020,pit,RP
sa977821,Parker Curry,P,0.29499998688697815,0.15000000596046448,1.0,0.0,0.0,2.566634757816791,,2020,pit,SP
sa920248,Jackson Zarubin,P,1.0,0.0,1.0,0.0,0.0,3.3181386955082424,LAA,2020,pit,RP
sa738473,Jake Stinnett,P,0.6033999919891357,0.0843999981880188,1.0,0.0,0.0,2.982721430063248,,2020,pit,RP
6336,Ryan Feierabend,P,0.4178999960422516,0.12389999628067017,1.0,0.0,0.0,2.704158525168896,,2020,pit,RP
13780,Daniel Stumpf,P,1.0,0.0,1.0,0.0,0.0,3.5349346622824673,,2020,pit,RP
sa3002715,Joe Kuzia,P,1.0,0.0,1.0,0.0,0.0,3.0389199115335948,,2020,pit,RP
4371,Jeremy Hellickson,P,0.2175000011920929,0.1665000021457672,1.0,0.0,0.0,1.949521178752184,,2020,pit,SP
18769,Cody Poteet,P,0.1754000037908554,0.1754000037908554,1.0,0.0,0.0,2.3467988744378094,,2020,pit,SP
3340,Matt Garza,P,0.19439999759197235,0.17139999568462372,1.0,0.0,0.0,2.096301221847534,,2020,pit,SP
sa828707,Trey Supak,P,0.1754000037908554,0.1754000037908554,1.0,0.0,0.0,2.1527389414608473,TEX,2020,pit,SP
14957,José Torres,P,1.0,0.0,1.0,0.0,0.0,3.5570400185883044,,2020,pit,RP
sa736656,Gerson Moreno,P,0.20180000364780426,0.16979999840259552,1.0,0.0,0.0,2.223385313153267,STL,2020,pit,SP
sa829717,Spencer Herrmann,P,0.5539000034332275,0.09489999711513519,1.0,0.0,0.0,2.976169367879629,SEA,2020,pit,RP
20298,Jhonathan Díaz,P,0.1754000037908554,0.1754000037908554,1.0,0.0,0.0,2.2224107354879385,SEA,2020,pit,SP
305,Carlos Zambrano,P,0.1754000037908554,0.1754000037908554,1.0,0.0,0.0,2.084154735505581,,2020,pit,SP
10976,Ryan O'Rourke,P,1.0,0.0,1.0,0.0,0.0,3.3580892883241176,,2020,pit,RP
23221,Michael Grove,P,0.1754000037908554,0.1754000037908554,1.0,0.0,0.0,2.4206200189888474,LAD,2020,pit,SP
sa3004349,Jordan Barrett,P,0.1754000037908554,0.1754000037908554,1.0,0.0,0.0,2.218998847156763,,2020,pit,SP
3815,Mat Latos,P,0.1754000037908554,0.1754000037908554,1.0,0.0,0.0,2.1070839382708075,,2020,pit,SP
17964,Tyler Gilbert,P,1.0,0.0,1.0,0.0,0.0,3.5220011375844478,CHW,2020,pit,RP
sa737782,Cody Dickson,P,0.40549999475479126,0.1264999955892563,1.0,0.0,0.0,2.7524388119578367,PIT,2020,pit,RP
sa917121,Matt Solter,P,0.1754000037908554,0.1754000037908554,1.0,0.0,0.0,2.193575831502676,,2020,pit,SP
sa3008626,Justin Vernia,P,0.2142000049352646,0.1671999990940094,1.0,0.0,0.0,2.383803965896368,,2020,pit,SP
16155,Eric Skoglund,P,0.3716999888420105,0.13369999825954437,1.0,0.0,0.0,2.1337440080940717,,2020,pit,RP
sa3006765,Colten Schmidt,P,0.18199999630451202,0.17399999499320984,1.0,0.0,0.0,1.6792400494217872,,2020,pit,SP
sa602907,David Sosebee,P,1.0,0.0,1.0,0.0,0.0,3.3042893588542936,,2020,pit,RP
sa857614,Seth McGarry,P,0.5200999975204468,0.10209999978542328,1.0,0.0,0.0,2.7186812467873103,,2020,pit,RP
8073,Dan Jennings,P,1.0,0.0,1.0,0.0,0.0,3.4149094976484773,,2020,pit,RP
12938,Gabriel Ynoa,P,0.5209000110626221,0.10189999639987946,1.0,0.0,0.0,2.6893105588853365,,2020,pit,RP
sa507276,Gabriel Arias,P,0.2685999870300293,0.15559999644756317,1.0,0.0,0.0,2.1672559052705767,,2020,pit,SP
9178,Kyle Lobstein,P,1.0,0.0,1.0,0.0,0.0,3.372044084966183,,2020,pit,RP
16731,Artie Lewicki,P,0.715499997138977,0.060499999672174454,1.0,0.0,0.0,2.844521132856607,,2020,pit,RP
sa919819,Steven Bruce,P,0.18529999256134033,0.17329999804496765,1.0,0.0,0.0,2.0384040765464304,,2020,pit,SP
sa658959,Rafael Pineda,P,0.375,0.13300000131130219,1.0,0.0,0.0,2.577441120892763,,2020,pit,RP
sa876296,Lucas Humpal,P,0.25130000710487366,0.15929999947547913,1.0,0.0,0.0,2.1590547129511832,BAL,2020,pit,SP
13259,Louis Head,P,0.7889000177383423,0.04490000009536743,1.0,0.0,0.0,3.2215612329542638,,2020,pit,RP
5702,Junior Guerra,P,24.074100494384766,0.0,24.074100494384766,0.675000011920929,5.300099849700928,106.7843490123749,,2020,pit,RP
sa3003988,John Parke,P,0.1754000037908554,0.1754000037908554,1.0,0.0,0.0,1.7382559977471836,,2020,pit,SP
19178,Tommy Nance,P,1.0,0.0,1.0,0.0,0.0,3.451994764804841,TOR,2020,pit,RP
16279,Sam Clay,P,0.92330002784729,0.016300000250339508,1.0,0.0,0.0,3.1861095860600472,,2020,pit,RP
21513,Thaddeus Ward,P,0.1754000037908554,0.1754000037908554,1.0,0.0,0.0,2.334981421381235,,2020,pit,SP
16266,A.J. Ladwig,P,0.18950000405311584,0.17249999940395355,1.0,0.0,0.0,1.9303798198699949,,2020,pit,SP
sa829567,Dominic DeMasi,P,0.428600013256073,0.12160000205039978,1.0,0.0,0.0,2.5232587322592734,,2020,pit,RP
17861,Franklyn Kilome,P,0.1754000037908554,0.1754000037908554,1.0,0.0,0.0,2.4635211534798143,,2020,pit,SP
11457,Sammy Solís,P,1.0,0.0,1.0,0.0,0.0,3.5468188077211384,,2020,pit,RP
sa738685,Reid Humphreys,P,1.0,0.0,1.0,0.0,0.0,3.1059785991907125,,2020,pit,RP
sa502768,Trey McNutt,P,1.0,0.0,1.0,0.0,0.0,3.4675093397498133,,2020,pit,RP
sa3007624,Tommy Parsons,P,0.1754000037908554,0.1754000037908554,1.0,0.0,0.0,2.3436799146234986,,2020,pit,SP
sa578007,Christian Jones,P,1.0,0.0,1.0,0.0,0.0,3.7542612507939337,,2020,pit,RP
sa737545,Andrew Church,P,0.2175000011920929,0.1665000021457672,1.0,0.0,0.0,2.133089372515678,,2020,pit,SP
12042,J.R. Graham,P,1.0,0.0,1.0,0.0,0.0,3.4360599808394907,,2020,pit,RP
10148,Manny Barreda,P,0.19110000133514404,0.1720999926328659,1.0,0.0,0.0,2.4027641184628012,,2020,pit,SP
sa913150,Collin Kober,P,1.0,0.0,1.0,0.0,0.0,3.5410788826644426,,2020,pit,RP
20589,Edwar Colina,P,0.2603999972343445,0.1573999971151352,1.0,0.0,0.0,2.282289204001427,,2020,pit,SP
6943,Luke Hochevar,P,1.0,0.0,1.0,0.0,0.0,3.4858788087964054,,2020,pit,RP
20548,Bowden Francis,P,0.18119999766349792,0.17419999837875366,1.0,0.0,0.0,2.271621185541153,TOR,2020,pit,SP
sa594882,Alex Delgado,P,0.1754000037908554,0.1754000037908554,1.0,0.0,0.0,2.0423558630049237,,2020,pit,SP
sa873722,Franklin Pérez,P,0.1754000037908554,0.1754000037908554,1.0,0.0,0.0,2.0523441560566424,,2020,pit,SP
19647,Matt Foster,P,1.0,0.0,1.0,0.0,0.0,3.3495988592505457,,2020,pit,RP
sa556821,Terance Marin,P,0.18529999256134033,0.17329999804496765,1.0,0.0,0.0,1.8774840518832208,,2020,pit,SP
12876,Tony Zych,P,1.0,0.0,1.0,0.0,0.0,3.574184104055166,,2020,pit,RP
20074,Miguel Sánchez,P,0.6561999917030334,0.07320000231266022,1.0,0.0,0.0,2.999135826528072,,2020,pit,RP
sa915725,Evan Miller,P,1.0,0.0,1.0,0.0,0.0,3.509025472402573,,2020,pit,RP
sa549740,Chase Johnson,P,0.6801000237464905,0.06809999793767929,1.0,0.0,0.0,3.2407411418855188,,2020,pit,RP
13674,Onelki Garcia,P,0.9538000226020813,0.009800000116229057,1.0,0.0,0.0,3.32621993124485,,2020,pit,RP
20997,Eduard Bazardo,P,1.0,0.0,1.0,0.0,0.0,3.4663810931146144,SEA,2020,pit,RP
sa597095,Kevin Canelon,P,0.61080002784729,0.0828000009059906,1.0,0.0,0.0,2.9013344928622247,,2020,pit,RP
sa509281,Daniel Rodriguez,P,0.1754000037908554,0.1754000037908554,1.0,0.0,0.0,2.0972188800573344,,2020,pit,SP
sa856254,Ryan Mason,P,1.0,0.0,1.0,0.0,0.0,3.16208098679781,,2020,pit,RP
9646,Brian Moran,P,1.0,0.0,1.0,0.0,0.0,3.858889381587506,,2020,pit,RP
22218,Mac Sceroler,P,0.2223999947309494,0.16539999842643738,1.0,0.0,0.0,1.992075809836387,,2020,pit,SP
8270,Casey Coleman,P,0.3361999988555908,0.1412000060081482,1.0,0.0,0.0,2.6688706330955023,,2020,pit,RP
sa3004341,Evan Kruczynski,P,0.18780000507831573,0.1728000044822693,1.0,0.0,0.0,2.442803972959518,,2020,pit,SP
sa873314,Melvin Adón,P,1.0,0.0,1.0,0.0,0.0,3.770319977402688,,2020,pit,RP
sa550088,John Simms,P,0.4846000075340271,0.1096000000834465,1.0,0.0,0.0,2.7010653868317607,,2020,pit,RP
10315,Michael Tonkin,P,1.0,0.0,1.0,0.0,0.0,3.5280800811946387,MIN,2020,pit,RP
5028,Bo Schultz,P,1.0,0.0,1.0,0.0,0.0,3.3514788143336776,,2020,pit,RP
11506,Jeff Ferrell,P,1.0,0.0,1.0,0.0,0.0,2.875924316048622,BAL,2020,pit,RP
17695,Koda Glover,P,1.0,0.0,1.0,0.0,0.0,3.32712421938777,,2020,pit,RP
12963,Roberto Gómez,P,1.0,0.0,1.0,0.0,0.0,3.3522705703973767,,2020,pit,RP
sa603091,David Peterson,P,1.0,0.0,1.0,0.0,0.0,3.2211253814399248,,2020,pit,RP
sa828462,Daniel Álvarez,P,1.0,0.0,1.0,0.0,0.0,3.2783400095999244,,2020,pit,RP
sa830370,Bo Takahashi,P,0.1754000037908554,0.1754000037908554,1.0,0.0,0.0,2.3939389526844033,,2020,pit,SP
110,Horacio Ramirez,P,0.8853999972343445,0.024399999529123306,1.0,0.0,0.0,2.9149946875870225,,2020,pit,RP
sa3003109,Luis Romero,P,0.9158999919891357,0.017899999395012856,1.0,0.0,0.0,3.374925212562084,,2020,pit,RP
1483,Jon Edwards,P,1.0,0.0,1.0,0.0,0.0,3.486379963904619,,2020,pit,RP
sa829005,Lane Ratliff,P,0.41130000352859497,0.12530000507831573,1.0,0.0,0.0,2.719499998539687,,2020,pit,RP
sa827385,David Speer,P,0.6735000014305115,0.06949999928474426,1.0,0.0,0.0,2.8161106996238234,,2020,pit,RP
16610,J.P. Feyereisen,P,12.963000297546387,0.0,12.963000297546387,0.0,1.9393999576568604,54.715963554382334,LAD,2020,pit,RP
15570,Troy Scribner,P,0.1754000037908554,0.1754000037908554,1.0,0.0,0.0,2.2077787421643733,,2020,pit,SP
sa737001,Werner Leal,P,1.0,0.0,1.0,0.0,0.0,3.0423144847154617,,2020,pit,RP
sa550211,Kyle Hunter,P,0.6033999919891357,0.0843999981880188,1.0,0.0,0.0,2.7829906061291694,,2020,pit,RP
15964,Keury Mella,P,1.0,0.0,1.0,0.0,0.0,3.194241256266833,,2020,pit,RP
3403,Ricky Romero,P,0.5670999884605408,0.09210000187158585,1.0,0.0,0.0,3.2274611413478853,,2020,pit,RP
17126,Jerry Vasto,P,1.0,0.0,1.0,0.0,0.0,3.391621321439743,,2020,pit,RP
14764,Wes Parsons,P,1.0,0.0,1.0,0.0,0.0,3.064555910229683,,2020,pit,RP
10341,Juan Minaya,P,1.0,0.0,1.0,0.0,0.0,3.1467106603085995,,2020,pit,RP
19962,Joey Wentz,P,0.1754000037908554,0.1754000037908554,1.0,0.0,0.0,2.155079989880323,ATL,2020,pit,SP
10587,Chad Bettis,P,0.8277000188827515,0.03669999912381172,1.0,0.0,0.0,2.8874000117182734,,2020,pit,RP
6230,Kyle Kendrick,P,0.1754000037908554,0.1754000037908554,1.0,0.0,0.0,1.9879959858953953,,2020,pit,SP
sa829586,Corey Walter,P,0.4368000030517578,0.11980000138282776,1.0,0.0,0.0,2.398061194270849,,2020,pit,RP
sa3004747,Aaron Phillips,P,0.20430000126361847,0.16930000483989716,1.0,0.0,0.0,2.580454799532891,,2020,pit,SP
sa874155,Zac Houston,P,0.9307000041007996,0.014700000174343586,1.0,0.0,0.0,3.3142011977732184,,2020,pit,RP
sa328299,Orlando Lara,P,0.1754000037908554,0.1754000037908554,1.0,0.0,0.0,2.0947799295186997,,2020,pit,SP
sa597045,Junior Rincon,P,0.5622000098228455,0.09319999814033508,1.0,0.0,0.0,2.9905704021453863,,2020,pit,RP
22092,Kyle Tyler,P,0.23810000717639923,0.16210000216960907,1.0,0.0,0.0,2.0724104158580303,,2020,pit,SP
sa914407,Jon Kennedy,P,1.0,0.0,1.0,0.0,0.0,3.2659654527902604,,2020,pit,RP
sa550202,Ricky Knapp,P,0.20350000262260437,0.16949999332427979,1.0,0.0,0.0,2.0067641042172903,,2020,pit,SP
sa503950,Omar Bencomo,P,0.21089999377727509,0.1678999960422516,1.0,0.0,0.0,2.109654620289803,,2020,pit,SP
sa659074,Matt Withrow,P,0.3172999918460846,0.1453000009059906,1.0,0.0,0.0,2.689335928112268,,2020,pit,RP
10803,Jake Dunning,P,0.8424999713897705,0.03350000083446503,1.0,0.0,0.0,3.000264043360949,,2020,pit,RP
sa3002749,West Tunnell,P,1.0,0.0,1.0,0.0,0.0,3.6152695663273335,,2020,pit,RP
19976,Tyson Miller,P,0.1754000037908554,0.1754000037908554,1.0,0.0,0.0,2.22285877391696,CHW,2020,pit,SP
sa597959,Tom Robson,P,1.0,0.0,1.0,0.0,0.0,3.231094750016928,,2020,pit,RP
12316,Justin Hancock,P,1.0,0.0,1.0,0.0,0.0,3.427309496700764,,2020,pit,RP
sa550044,Chris Lee,P,1.0,0.0,1.0,0.0,0.0,3.2721893042325974,,2020,pit,RP
sa598911,Brady Dragmire,P,0.6948999762535095,0.0649000033736229,1.0,0.0,0.0,2.6616148628294476,,2020,pit,RP
sa829216,Jean Cosme,P,0.906000018119812,0.019999999552965164,1.0,0.0,0.0,3.4116757899522785,,2020,pit,RP
2173,Fernando Nieve,P,1.0,0.0,1.0,0.0,0.0,3.438758782297373,LAA,2020,pit,RP
sa657954,Teddy Stankiewicz,P,0.18289999663829803,0.17389999330043793,1.0,0.0,0.0,2.163589255511761,,2020,pit,SP
10620,Donn Roach,P,1.0,0.0,1.0,0.0,0.0,3.0256200075149535,,2020,pit,RP
sa827491,Kevin McAvoy,P,0.2768999934196472,0.15389999747276306,1.0,0.0,0.0,2.351621219515801,,2020,pit,SP
sa548235,J.R. Bradley,P,0.9035000205039978,0.020500000566244125,1.0,0.0,0.0,3.288749496638775,,2020,pit,RP
sa548162,Peter Tago,P,1.0,0.0,1.0,0.0,0.0,3.7049358718097216,,2020,pit,RP
sa739743,Jake Sanchez,P,1.0,0.0,1.0,0.0,0.0,3.3808759078383446,,2020,pit,RP
8505,Michael Kohn,P,1.0,0.0,1.0,0.0,0.0,3.710555921494961,,2020,pit,RP
sa3005422,Jacob Condra-Bogan,P,0.9018999934196472,0.020899999886751175,1.0,0.0,0.0,3.0836599156260496,WSN,2020,pit,RP
5203,Mike Pelfrey,P,0.310699999332428,0.14669999480247498,1.0,0.0,0.0,2.166038819402457,,2020,pit,RP
5164,Alfredo Aceves,P,0.19359999895095825,0.17159999907016754,1.0,0.0,0.0,2.0456693880259986,,2020,pit,SP
22387,Josh Winckowski,P,0.18199999630451202,0.17399999499320984,1.0,0.0,0.0,1.8893389172852038,TOR,2020,pit,SP
sa658181,Alex Muren,P,1.0,0.0,1.0,0.0,0.0,3.1832041561603552,MIN,2020,pit,RP
sa874113,Alex Winkelman,P,0.5580000281333923,0.09399999678134918,1.0,0.0,0.0,2.8420212224125865,,2020,pit,RP
sa599520,Bennett Parry,P,0.1754000037908554,0.1754000037908554,1.0,0.0,0.0,2.0906651176512248,,2020,pit,SP
sa877529,Brad Kuntz,P,0.31310001015663147,0.1460999995470047,1.0,0.0,0.0,2.3505250342190265,MIL,2020,pit,RP
sa875871,Ryan Brinley,P,1.0,0.0,1.0,0.0,0.0,3.289016158133746,WSN,2020,pit,RP
sa875234,Grant Borne,P,0.24060000479221344,0.1615999937057495,1.0,0.0,0.0,2.1039893940091132,,2020,pit,SP
25839,Luis Contreras,P,0.6158000230789185,0.08179999887943268,1.0,0.0,0.0,2.9209157481789596,,2020,pit,RP
19518,Tanner Tully,P,0.1754000037908554,0.1754000037908554,1.0,0.0,0.0,1.9905586794018744,,2020,pit,SP
21310,Josh Maciejewski,P,0.20350000262260437,0.16949999332427979,1.0,0.0,0.0,1.9599412620067596,,2020,pit,SP
13974,Ryan Dull,P,1.0,0.0,1.0,0.0,0.0,3.1830810226500033,,2020,pit,RP
sa827144,Corey Taylor,P,0.7056000232696533,0.06260000169277191,1.0,0.0,0.0,3.0652560390532018,,2020,pit,RP
sa3007479,Edgar Gonzalez,P,0.19280000030994415,0.17180000245571136,1.0,0.0,0.0,2.337318579852581,,2020,pit,SP
sa597233,Yender Cáramo,P,0.3197000026702881,0.14470000565052032,1.0,0.0,0.0,2.1467188470065595,,2020,pit,RP
10066,Ian Krol,P,1.0,0.0,1.0,0.0,0.0,3.420263937860728,,2020,pit,RP
sa3004740,Ryan Lillie,P,0.18199999630451202,0.17399999499320984,1.0,0.0,0.0,1.8391706727445123,,2020,pit,SP
15853,Jesen Therrien,P,1.0,0.0,1.0,0.0,0.0,3.261619950830937,,2020,pit,RP
8369,Mitch Atkins,P,0.1754000037908554,0.1754000037908554,1.0,0.0,0.0,2.3490254923701293,,2020,pit,SP
sa598328,Mark Montgomery,P,1.0,0.0,1.0,0.0,0.0,3.441115932166577,,2020,pit,RP
15051,Silvino Bracho,P,1.0,0.0,1.0,0.0,0.0,3.7220842272043226,,2020,pit,RP
sa658530,Kevin McCanna,P,0.45660001039505005,0.11559999734163284,1.0,0.0,0.0,2.891184138506651,ARI,2020,pit,RP
sa828505,Harol González,P,0.18950000405311584,0.17249999940395355,1.0,0.0,0.0,2.285501278191805,,2020,pit,SP
sa526353,Jimmy Reyes,P,0.6322000026702881,0.07819999754428864,1.0,0.0,0.0,2.82424946948886,,2020,pit,RP
8851,Brandon Beachy,P,0.1754000037908554,0.1754000037908554,1.0,0.0,0.0,2.0670388273894793,,2020,pit,SP
sa829346,Caleb Dirks,P,0.8046000003814697,0.041600000113248825,1.0,0.0,0.0,3.1485012784600257,,2020,pit,RP
1783,Chad Gaudin,P,1.0,0.0,1.0,0.0,0.0,3.2741040632128713,,2020,pit,RP
18421,Tyler Cyr,P,1.0,0.0,1.0,0.0,0.0,3.7414051912724977,,2020,pit,RP
sa577832,Matt Crouse,P,0.20919999480247498,0.16820000112056732,1.0,0.0,0.0,2.092629169672727,,2020,pit,SP
22200,Ryan Rolison,P,0.1754000037908554,0.1754000037908554,1.0,0.0,0.0,1.6679146446287638,CHC,2020,pit,SP
sa829237,Brandon Barker,P,0.5877000093460083,0.0877000018954277,1.0,0.0,0.0,3.021338886767626,,2020,pit,RP
4001,Enny Romero,P,1.0,0.0,1.0,0.0,0.0,3.4833706282079224,,2020,pit,RP
6200,Dustin Molleken,P,1.0,0.0,1.0,0.0,0.0,3.3959213584661483,,2020,pit,RP
sa828523,Abdiel Saldana,P,0.23319999873638153,0.1632000058889389,1.0,0.0,0.0,2.146595734357834,,2020,pit,SP
sa3008237,Rito Lugo,P,0.3361999988555908,0.1412000060081482,1.0,0.0,0.0,2.2382557496428492,,2020,pit,RP
sa829124,Sam McWilliams,P,0.23229999840259552,0.16329999268054962,1.0,0.0,0.0,2.478561027348042,,2020,pit,SP
sa3004022,Scott Boches,P,0.8605999946594238,0.029600000008940697,1.0,0.0,0.0,3.255630580335856,,2020,pit,RP
19274,Jacob Webb,P,1.0,0.0,1.0,0.0,0.28130000829696655,4.566581179946661,CHC,2020,pit,RP
17526,Aríel Miranda,P,0.1754000037908554,0.1754000037908554,1.0,0.0,0.0,2.2192547097802167,,2020,pit,SP
sa885669,Jose Morban,P,0.2727000117301941,0.15469999611377716,1.0,0.0,0.0,2.3451254233717926,,2020,pit,SP
sa873974,Tyler Thomas,P,0.1754000037908554,0.1754000037908554,1.0,0.0,0.0,1.6987987250089644,,2020,pit,SP
19277,Jesús Reyes,P,1.0,0.0,1.0,0.0,0.0,3.0551012411713603,,2020,pit,RP
sa597249,Luis Lugo,P,0.2290000021457672,0.164000004529953,1.0,0.0,0.0,2.285429348796606,,2020,pit,SP
14874,Sam Moll,P,1.0,0.0,1.0,0.0,0.0,3.380495774000883,CIN,2020,pit,RP
20231,Zach Logue,P,0.2207999974489212,0.16580000519752502,1.0,0.0,0.0,2.051390697062016,,2020,pit,SP
sa876096,Conor Lillis-White,P,1.0,0.0,1.0,0.0,0.0,3.527556106448174,,2020,pit,RP
21345,Bennett Sousa,P,1.0,0.0,1.0,0.0,0.0,3.1657306939363488,HOU,2020,pit,RP
18313,Pedro Payano,P,0.40049999952316284,0.1274999976158142,1.0,0.0,0.0,2.3780442833900457,,2020,pit,RP
sa658377,David Hill,P,0.1754000037908554,0.1754000037908554,1.0,0.0,0.0,1.5683893792331216,,2020,pit,SP
sa658286,Andrew Sopko,P,0.18369999527931213,0.1737000048160553,1.0,0.0,0.0,2.037795928120613,,2020,pit,SP
8422,Erik Davis,P,1.0,0.0,1.0,0.0,0.0,3.3167957134544857,,2020,pit,RP
sa3007251,Scott Sunitsch,P,0.18780000507831573,0.1728000044822693,1.0,0.0,0.0,2.0261388048529625,,2020,pit,SP
14808,Ryan Eades,P,1.0,0.0,1.0,0.0,0.0,3.401181205362081,,2020,pit,RP
sa547829,Claudio Custodio,P/SS,0.569599986076355,0.09160000085830688,1.0,0.0,0.0,2.8699357427656653,,2020,pit,RP
711,Rhiner Cruz,P,1.0,0.0,1.0,0.0,0.0,3.422225291281939,,2020,pit,RP
11716,Nick Tepesch,P,0.1754000037908554,0.1754000037908554,1.0,0.0,0.0,1.8873358219861984,,2020,pit,SP
24586,Kyle Bradish,P,0.22660000622272491,0.16459999978542328,1.0,0.0,0.0,1.6330412976443776,BAL,2020,pit,SP
7558,Fernando Rodriguez Jr.,P,1.0,0.0,1.0,0.0,0.0,3.493810459971428,,2020,pit,RP
sa598115,Ian Gardeck,P,1.0,0.0,1.0,0.0,0.0,3.438250730186701,,2020,pit,RP
sa919526,Tyler Warmoth,P,0.9075999855995178,0.019600000232458115,1.0,0.0,0.0,3.2130705140531064,,2020,pit,RP
17489,Spenser Watkins,P,0.19519999623298645,0.1712000072002411,1.0,0.0,0.0,2.0684506967663765,,2020,pit,SP
2692,Joba Chamberlain,P,1.0,0.0,1.0,0.0,0.0,3.3324148364365107,MIL,2020,pit,RP
3656,Jim Johnson,P,0.982699990272522,0.003700000001117587,1.0,0.0,0.0,3.1527612060308456,,2020,pit,RP
sa876206,Quintin Torres-Costa,P,0.6017000079154968,0.08470000326633453,1.0,0.0,0.0,2.937138941138983,,2020,pit,RP
12790,Raúl Alcántara,P,0.4846000075340271,0.1096000000834465,1.0,0.0,0.0,2.48753067702055,,2020,pit,RP
sa709509,Chris Huffman,P,0.2653000056743622,0.15629999339580536,1.0,0.0,0.0,2.184998837113381,,2020,pit,SP
19246,Miguel Aguilar,P,1.0,0.0,1.0,0.0,0.0,3.5492413520812995,,2020,pit,RP
16208,Brandon Finnegan,P,0.1754000037908554,0.1754000037908554,1.0,0.0,0.0,1.9228693068027494,,2020,pit,SP
sa876116,Adam Bray,P,0.5200999975204468,0.10209999978542328,1.0,0.0,0.0,2.4969241902232167,,2020,pit,RP
16094,Zach Thompson,P,1.0,0.0,1.0,0.0,0.0,3.13913990855217,,2020,pit,RP
20348,Riley O'Brien,P,0.20509999990463257,0.16910000145435333,1.0,0.0,0.0,2.535955917090178,STL,2020,pit,SP
9243,Simon Castro,P,1.0,0.0,1.0,0.0,0.0,3.438130601495505,,2020,pit,RP
sa738963,Frank Duncan,P,0.24310000240802765,0.16110000014305115,1.0,0.0,0.0,2.023230794072151,,2020,pit,SP
10330,Giovanni Soto,P,1.0,0.0,1.0,0.0,0.0,3.3420906215906143,,2020,pit,RP
17002,Trevor Hildenberger,P,1.0,0.0,1.0,0.0,0.0,2.9643398873507976,,2020,pit,RP
21541,Reiss Knehr,P,0.23890000581741333,0.16189999878406525,1.0,0.0,0.0,2.4641985058784486,,2020,pit,SP
sa658229,Brian Holmes,P,0.4715000092983246,0.11249999701976776,1.0,0.0,0.0,2.6269956938922405,,2020,pit,RP
sa597112,Kelvis Valerio,P,0.392300009727478,0.12929999828338623,1.0,0.0,0.0,2.341398973017931,,2020,pit,RP
5830,Jhan Mariñez,P,1.0,0.0,1.0,0.0,0.0,2.698698944598437,,2020,pit,RP
sa872742,Cristian Castillo,P,0.1754000037908554,0.1754000037908554,1.0,0.0,0.0,2.025895784795285,,2020,pit,SP
sa602627,John Gorman,P,0.9125999808311462,0.01860000006854534,1.0,0.0,0.0,3.1781211376190184,,2020,pit,RP
24094,Ronny Henriquez,P,0.19280000030994415,0.17180000245571136,1.0,0.0,0.0,1.6953747197985654,MIA,2020,pit,SP
sa738366,Matt Pierpont,P,1.0,0.0,1.0,0.0,0.0,3.0329705610871316,,2020,pit,RP
sa917970,Curtis Taylor,P,0.7831000089645386,0.04610000178217888,1.0,0.0,0.0,3.117790657281876,,2020,pit,RP
3840,Zach Duke,P,9.259300231933594,0.0,9.259300231933594,0.0,0.0,30.583394074440005,,2020,pit,RP
19789,Anthony Castro,P,0.25049999356269836,0.15950000286102295,1.0,0.0,0.0,2.1536013565957552,,2020,pit,SP
3959,David Carpenter,P,1.0,0.0,1.0,0.0,0.0,3.1067013300955297,,2020,pit,RP
sa875683,Dustin Hurlbutt,P,0.1754000037908554,0.1754000037908554,1.0,0.0,0.0,2.112981156259776,,2020,pit,SP
sa657825,Erick Leal,P,0.18619999289512634,0.17319999635219574,1.0,0.0,0.0,2.1537052109837527,,2020,pit,SP
sa875866,Jacob Bodner,P,1.0,0.0,1.0,0.0,0.0,3.2904652968049053,,2020,pit,RP
sa827462,Andrew Thome,P,1.0,0.0,1.0,0.0,0.0,3.1353211849927907,,2020,pit,RP
9559,Austin Bibens-Dirkx,P,0.3765999972820282,0.13259999454021454,1.0,0.0,0.0,2.362859938293696,,2020,pit,RP
10796,Josh Edgin,P,1.0,0.0,1.0,0.0,0.0,3.573869443684816,,2020,pit,RP
sa549287,Logan Bawcom,P,0.2207999974489212,0.16580000519752502,1.0,0.0,0.0,2.148143862187862,,2020,pit,SP
sa709715,José López,P,0.2240999937057495,0.16509999334812164,1.0,0.0,0.0,2.2419293239712723,,2020,pit,SP
sa3002591,Romario Gil,P,0.2892000079154968,0.15119999647140503,1.0,0.0,0.0,2.2102557495236397,,2020,pit,SP
7397,Zach Stewart,P,0.44999998807907104,0.11699999868869781,1.0,0.0,0.0,2.3825798273086547,,2020,pit,RP
sa828693,Joe Gatto,P,1.0,0.0,1.0,0.0,0.0,3.1569853283464915,,2020,pit,RP
18105,Ryan Meisinger,P,0.9868000149726868,0.00279999990016222,1.0,0.0,0.0,3.5011693507432935,,2020,pit,RP
sa3004701,Aaron Leasher,P,0.2223999947309494,0.16539999842643738,1.0,0.0,0.0,2.41287484690547,,2020,pit,SP
19874,Alex Faedo,P,1.8518999814987183,0.0,1.8518999814987183,0.0,0.25999999046325684,7.151563070714471,,2020,pit,RP
19686,Kyle Cody,P,0.1754000037908554,0.1754000037908554,1.0,0.0,0.0,2.049998949468136,,2020,pit,SP
sa550522,Luis González,P,0.9052000045776367,0.02019999921321869,1.0,0.0,0.0,3.3196612186729912,,2020,pit,RP
sa3006834,Gabe Mosser,P,0.20509999990463257,0.16910000145435333,1.0,0.0,0.0,2.261344127357006,SEA,2020,pit,SP
sa737568,Derian González,P,0.8482999801635742,0.03229999914765358,1.0,0.0,0.0,3.2808947458863265,,2020,pit,RP
sa3007609,Daniel Bies,P,0.421999990940094,0.12300000339746475,1.0,0.0,0.0,2.312664076685906,,2020,pit,RP
19285,Kyle Dowdy,P,0.8895000219345093,0.023499999195337296,1.0,0.0,0.0,3.2365948438644416,,2020,pit,RP
sa3004355,Zach Draper,P,0.3296000063419342,0.14259999990463257,1.0,0.0,0.0,2.2879000023007388,,2020,pit,RP
13849,Jon Moscot,P,0.1754000037908554,0.1754000037908554,1.0,0.0,0.0,1.6766189619898793,CIN,2020,pit,SP
sa3004102,Gavin Wallace,P,0.34610000252723694,0.13910000026226044,1.0,0.0,0.0,2.1819546192884447,,2020,pit,RP
sa875680,Grant Watson,P,0.218299999833107,0.1662999987602234,1.0,0.0,0.0,2.4820789203047755,SFG,2020,pit,SP
8037,Paul Clemens,P,0.2175000011920929,0.1665000021457672,1.0,0.0,0.0,2.291681069135666,,2020,pit,SP
24763,Kyle Leahy,P,0.19280000030994415,0.17180000245571136,1.0,0.0,0.0,2.1964787602424627,STL,2020,pit,SP
1259,Colby Lewis,P,0.1754000037908554,0.1754000037908554,1.0,0.0,0.0,1.8985691986978055,,2020,pit,SP
13606,Shawn Morimando,P,1.0,0.0,1.0,0.0,0.0,3.2998052880167963,,2020,pit,RP
16209,Jake Reed,P,0.9158999919891357,0.017899999395012856,1.0,0.0,0.0,3.181679885834455,,2020,pit,RP
sa658605,Matt Tenuta,P,0.8747000098228455,0.02669999934732914,1.0,0.0,0.0,3.0967213191092013,,2020,pit,RP
12249,Ryan Sherriff,P,1.8518999814987183,0.0,1.8518999814987183,0.0,0.2962999939918518,7.54908832758665,,2020,pit,RP
5088,Franklin Morales,P,1.0,0.0,1.0,0.0,0.0,3.088258979469538,,2020,pit,RP
1727,Edgar Gonzalez,P,0.18289999663829803,0.17389999330043793,1.0,0.0,0.0,1.8010307103395466,,2020,pit,SP
sa657123,Eduar Lopez,P,0.19030000269412994,0.17229999601840973,1.0,0.0,0.0,1.9328358463943007,,2020,pit,SP
sa918658,Steven Ridings,P,0.34040001034736633,0.1404000073671341,1.0,0.0,0.0,2.4816348522901537,SEA,2020,pit,RP
sa875700,Matt Esparza,P,0.39809998869895935,0.12809999287128448,1.0,0.0,0.0,2.510270505398512,,2020,pit,RP
sa738670,Ryan Moseley,P,0.9200000166893005,0.017000000923871994,1.0,0.0,0.0,3.2338641904294496,,2020,pit,RP
10297,Chad Bell,P,1.0,0.0,1.0,0.0,0.0,3.2985038653016088,,2020,pit,RP
15145,Justin Topa,P,1.0,0.0,1.0,0.0,0.0,3.169315856695176,MIN,2020,pit,RP
sa917401,Melvi Acosta,P,0.45829999446868896,0.1152999997138977,1.0,0.0,0.0,2.2658547624945644,,2020,pit,RP
sa3004717,Austin Hamilton,P,0.34779998660087585,0.1387999951839447,1.0,0.0,0.0,2.29783985093236,,2020,pit,RP
12675,Phil Klein,P,0.586899995803833,0.08789999783039093,1.0,0.0,0.0,2.7179654754698284,,2020,pit,RP
sa876538,Michael Gibbons,P,0.1754000037908554,0.1754000037908554,1.0,0.0,0.0,2.045878916978836,,2020,pit,SP
sa918182,Julian Garcia,P,0.18289999663829803,0.17389999330043793,1.0,0.0,0.0,2.0994653046131133,CIN,2020,pit,SP
15158,Braden Shipley,P,1.0,0.0,1.0,0.0,0.0,3.3793188065290454,,2020,pit,RP
sa918095,Ty Culbreth,P,0.18529999256134033,0.17329999804496765,1.0,0.0,0.0,1.5067611597478394,,2020,pit,SP
16125,Chris Ellis,P,1.0,0.0,1.0,0.0,0.0,3.11156524270773,,2020,pit,RP
sa827463,Brian Clark,P,1.0,0.0,1.0,0.0,0.0,3.265901300311089,,2020,pit,RP
sa737808,Sean Brady,P,0.1754000037908554,0.1754000037908554,1.0,0.0,0.0,1.817941067367792,,2020,pit,SP
sa389775,Travis Banwart,P,0.1754000037908554,0.1754000037908554,1.0,0.0,0.0,1.938435853272677,,2020,pit,SP
3166,Clayton Mortensen,P,1.0,0.0,1.0,0.0,0.0,3.61490114107728,KCR,2020,pit,RP
24602,Drew Rom,P,0.23649999499320984,0.16249999403953552,1.0,0.0,0.0,1.5653000250458717,MIL,2020,pit,SP
19926,Tony Santillan,P,0.6000000238418579,0.6000000238418579,3.4200000762939453,0.0,0.0,6.556244331598279,CIN,2020,pit,SP
15492,Stephen Gonsalves,P,0.5877000093460083,0.0877000018954277,1.0,0.0,0.0,2.7846012085676195,,2020,pit,RP
14460,Matt Ramsey,P,1.0,0.0,1.0,0.0,0.0,3.3394989654421807,,2020,pit,RP
19264,Thomas Hatch,P,1.8518999814987183,0.0,1.8518999814987183,0.0,0.2711000144481659,7.095682837069033,ARI,2020,pit,RP
sa3007811,Trent Fennell,P,0.7426999807357788,0.05469999834895134,1.0,0.0,0.0,2.60007601454854,,2020,pit,RP
sa3006770,Noah Zavolas,P,0.1754000037908554,0.1754000037908554,1.0,0.0,0.0,1.798065423965454,,2020,pit,SP
14741,Tyler Olson,P,1.0,0.0,1.0,0.0,0.0,3.4845411576330663,,2020,pit,RP
6577,Anthony Vasquez,P,0.34279999136924744,0.13979999721050262,1.0,0.0,0.0,2.481184200942516,,2020,pit,RP
sa602629,Austin Robichaux,P,0.2232999950647354,0.16529999673366547,1.0,0.0,0.0,2.026979867368937,,2020,pit,SP
19159,Zack Burdi,P,1.0,0.0,1.0,0.0,0.0,3.253921241313219,,2020,pit,RP
18592,Hector Perez,P,0.18860000371932983,0.17260000109672546,1.0,0.0,0.0,2.1013149060308933,,2020,pit,SP
2203,Ronald Belisario,P,1.0,0.0,1.0,0.0,0.0,3.175599835067988,,2020,pit,RP
25388,Cody Morris,P,0.18369999527931213,0.1737000048160553,1.0,0.0,0.0,2.1059559330344197,,2020,pit,SP
sa738313,Cale Coshow,P,1.0,0.0,1.0,0.0,0.0,3.3831640481948853,,2020,pit,RP
sa918493,Cameron Roegner,P,0.25619998574256897,0.1581999957561493,1.0,0.0,0.0,2.1566041126847275,,2020,pit,SP
sa829601,Cameron Bishop,P,0.19030000269412994,0.17229999601840973,1.0,0.0,0.0,1.349061131477356,,2020,pit,SP
sa918459,Joe Navilhon,P,0.7954999804496765,0.04349999874830246,1.0,0.0,0.0,2.858654606342316,,2020,pit,RP
16618,Kyle Bird,P,1.0,0.0,1.0,0.0,0.0,3.1090042233467106,,2020,pit,RP
sa918491,Adam Atkins,P,1.0,0.0,1.0,0.0,0.0,3.2602703407406812,,2020,pit,RP
15301,Layne Somsen,P,1.0,0.0,1.0,0.0,0.0,3.2701610036194326,,2020,pit,RP
21298,Andre Jackson,P,0.1754000037908554,0.1754000037908554,1.0,0.0,0.0,2.2586507357656957,,2020,pit,SP
4026,Héctor Santiago,P,0.7699000239372253,0.048900000751018524,1.0,0.0,0.0,2.9787189848721023,,2020,pit,RP
23391,Ricky Vanasco,P,0.1754000037908554,0.1754000037908554,1.0,0.0,0.0,1.6750495299696921,DET,2020,pit,SP
20555,Kirk McCarty,P,0.1754000037908554,0.1754000037908554,1.0,0.0,0.0,2.0476210564374924,,2020,pit,SP
13580,Steven Okert,P,1.0,0.0,1.0,0.0,0.0,3.406165305525064,HOU,2020,pit,RP
sa657710,Harold Arauz,P,0.218299999833107,0.1662999987602234,1.0,0.0,0.0,1.9744158662855629,,2020,pit,SP
sa875780,Travis Herrin,P,0.2694000005722046,0.15539999306201935,1.0,0.0,0.0,2.0661052457988256,,2020,pit,SP
sa915801,Tyler Stevens,P,1.0,0.0,1.0,0.0,0.0,3.5657589040696624,,2020,pit,RP
19444,Yohan Ramírez,P,6.6666998863220215,0.0,6.6666998863220215,0.0,0.2378000020980835,25.87972973585128,PIT,2020,pit,RP
19609,Luke Barker,P,0.899399995803833,0.021400000900030136,1.0,0.0,0.0,3.140938880294561,,2020,pit,RP
9286,Rob Scahill,P,1.0,0.0,1.0,0.0,0.0,3.096815923601389,,2020,pit,RP
sa737032,Junior Garcia,P,1.0,0.0,1.0,0.0,0.0,3.544810441881418,,2020,pit,RP
9149,Tim Melville,P,0.1754000037908554,0.1754000037908554,1.0,0.0,0.0,2.124415946006775,,2020,pit,SP
sa828705,Andrew Morales,P,1.0,0.0,1.0,0.0,0.0,3.3359811566770077,,2020,pit,RP
sa737826,Thaddius Lowry,P,0.4203000068664551,0.12330000102519989,1.0,0.0,0.0,2.4073387786746023,,2020,pit,RP
2540,Eric Surkamp,P,0.1754000037908554,0.1754000037908554,1.0,0.0,0.0,1.921858789026738,,2020,pit,SP
13932,Dietrich Enns,P,0.5192999839782715,0.1023000031709671,1.0,0.0,0.0,2.5273186936974525,BAL,2020,pit,RP
sa658131,Zach Jemiola,P,0.18529999256134033,0.17329999804496765,1.0,0.0,0.0,1.9142053820192815,,2020,pit,SP
sa526011,Michael Dimock,P,1.0,0.0,1.0,0.0,0.0,3.3054894141852857,ARI,2020,pit,RP
sa504858,Miller Díaz,P,1.0,0.0,1.0,0.0,0.0,3.274975851923227,,2020,pit,RP
sa656021,Liarvis Breto,P,1.0,0.0,1.0,0.0,0.0,3.1280758515000344,,2020,pit,RP
24492,Grayson Rodriguez,P,0.1754000037908554,0.1754000037908554,1.0,0.0,0.0,1.4553811416029925,LAA,2020,pit,SP
sa708969,Evan Mitchell,P,0.31150001287460327,0.14650000631809235,1.0,0.0,0.0,2.0981252998113638,CLE,2020,pit,RP
9460,Dan Straily,P,0.4235999882221222,0.1225999966263771,1.0,0.0,0.0,2.260330647230148,,2020,pit,RP
14033,Mike Hauschild,P,0.76910001039505,0.04910000041127205,1.0,0.0,0.0,2.7583745278418066,,2020,pit,RP
sa656043,Alfred Gutierrez,P,0.18199999630451202,0.17399999499320984,1.0,0.0,0.0,2.5288292855024332,,2020,pit,SP
sa599745,Johnny Magliozzi,P,0.6215000152587891,0.08049999922513962,1.0,0.0,0.0,2.6879789821803564,,2020,pit,RP
sa919234,Yeizo Campos,P,0.7731999754905701,0.04820000007748604,1.0,0.0,0.0,3.1554787293076516,,2020,pit,RP
sa918889,Clark Beeker,P,0.20260000228881836,0.1695999950170517,1.0,0.0,0.0,1.8810201331973078,MIN,2020,pit,SP
19357,Cody Sedlock,P,0.23319999873638153,0.1632000058889389,1.0,0.0,0.0,1.5299587883055215,,2020,pit,SP
19550,Adam McCreery,P,1.0,0.0,1.0,0.0,0.0,3.3584294036030777,,2020,pit,RP
16904,Aaron Wilkerson,P,1.0,0.0,1.0,0.0,0.0,3.0091199293732642,,2020,pit,RP
18548,Sam Hentges,P,0.1754000037908554,0.1754000037908554,1.0,0.0,0.0,2.1937601096928128,SFG,2020,pit,SP
21896,Brailyn Marquez,P,0.1754000037908554,0.1754000037908554,1.0,0.0,0.0,2.0684389129281042,,2020,pit,SP
sa875057,Ryan Clark,P,1.0,0.0,1.0,0.0,0.0,3.25771072357893,,2020,pit,RP
sa580429,Matt Flemer,P,0.2150000035762787,0.16699999570846558,1.0,0.0,0.0,2.0461388424038884,,2020,pit,SP
23796,Ryan Weathers,P,0.1754000037908554,0.1754000037908554,1.0,0.0,0.0,2.085085428506136,NYY,2020,pit,SP
sa3005351,Christian Pedrol,P,0.3321000039577484,0.1421000063419342,1.0,0.0,0.0,2.281279000639915,SEA,2020,pit,RP
sa913143,Ross Vance,P,0.7601000070571899,0.051100000739097595,1.0,0.0,0.0,3.097274668514729,STL,2020,pit,RP
sa659283,Justin Dillon,P,0.2223999947309494,0.16539999842643738,1.0,0.0,0.0,1.8839094221591957,,2020,pit,SP
10387,Brooks Pounders,P,1.0,0.0,1.0,0.0,0.0,3.082498770952225,,2020,pit,RP
7396,Dillon Gee,P,0.734499990940094,0.05649999901652336,1.0,0.0,0.0,2.7919010065495966,,2020,pit,RP
11694,Nick Kingham,P,0.7551000118255615,0.05209999904036522,1.0,0.0,0.0,2.832505344599485,,2020,pit,RP
sa542987,Luis Niebla,P,0.29580000042915344,0.14980000257492065,1.0,0.0,0.0,1.7774599984288217,,2020,pit,SP
4544,Chris Smith,P,0.3089999854564667,0.1469999998807907,1.0,0.0,0.0,2.121369456499815,,2020,pit,RP
sa918295,Matt Dennis,P,0.24469999969005585,0.1606999933719635,1.0,0.0,0.0,1.5872801400721075,,2020,pit,SP
sa916950,Luis Rijo,P,0.1754000037908554,0.1754000037908554,1.0,0.0,0.0,1.6930492989718915,,2020,pit,SP
sa3006806,Taylor Varnell,P,0.1754000037908554,0.1754000037908554,1.0,0.0,0.0,1.801064097881317,,2020,pit,SP
sa3008225,Ryley Gilliam,P,1.0,0.0,1.0,0.0,0.0,3.6087600663304333,,2020,pit,RP
17821,José Mujica,P,0.18860000371932983,0.17260000109672546,1.0,0.0,0.0,2.2400159984827046,,2020,pit,SP
1351,Nick Hagadone,P,1.0,0.0,1.0,0.0,0.0,3.3964411698281762,,2020,pit,RP
sa3006771,Shelby Lackey,P,0.1754000037908554,0.1754000037908554,1.0,0.0,0.0,1.5019759759306908,,2020,pit,SP
sa3007733,Aiden McIntyre,P,0.21089999377727509,0.1678999960422516,1.0,0.0,0.0,2.328821327537298,,2020,pit,SP
sa659293,D.J. Brown,P,0.5960000157356262,0.0860000029206276,1.0,0.0,0.0,2.7333388291299348,CLE,2020,pit,RP
4080,Dan Runzler,P,1.0,0.0,1.0,0.0,0.0,3.327650611102581,,2020,pit,RP
19766,Seth Elledge,P,0.8104000091552734,0.04039999842643738,1.0,0.0,0.0,3.3084387280046945,OAK,2020,pit,RP
12751,Tyler Pill,P,0.3882000148296356,0.13019999861717224,1.0,0.0,0.0,2.2183759592473504,,2020,pit,RP
12452,Chasen Bradford,P,1.0,0.0,1.0,0.0,0.0,2.9131640426814553,,2020,pit,RP
sa857605,Zack Erwin,P,1.0,0.0,1.0,0.0,0.0,3.2365411572158345,,2020,pit,RP
sa828972,Félix Paulino,P,0.20679999887943268,0.1687999963760376,1.0,0.0,0.0,1.7825988575816156,,2020,pit,SP
19222,Lake Bachar,P,0.2150000035762787,0.16699999570846558,1.0,0.0,0.0,2.32412396594882,MIA,2020,pit,SP
sa621668,Andrew Thurman,P,0.5810999870300293,0.08910000324249268,1.0,0.0,0.0,2.67641574665904,SDP,2020,pit,RP
sa503437,Sam Wolff,P,1.0,0.0,1.0,0.0,0.0,3.7052799902856353,,2020,pit,RP
sa918190,Spencer Jones,P,0.1754000037908554,0.1754000037908554,1.0,0.0,0.0,1.8847105890512466,,2020,pit,SP
sa829565,Turner Larkins,P,0.28679999709129333,0.1518000066280365,1.0,0.0,0.0,2.0927894636988644,,2020,pit,SP
sa915636,Evan Steele,P,0.1754000037908554,0.1754000037908554,1.0,0.0,0.0,1.9128347598016266,KCR,2020,pit,SP
21446,Ryan Feltner,P,0.1754000037908554,0.1754000037908554,1.0,0.0,0.0,1.44830112978816,COL,2020,pit,SP
14776,Brad Goldberg,P,1.0,0.0,1.0,0.0,0.0,3.375418880581856,,2020,pit,RP
sa504069,Gabriel Garcia,P,0.1754000037908554,0.1754000037908554,1.0,0.0,0.0,1.8867187544703485,,2020,pit,SP
4424,Jonathon Niese,P,0.2768999934196472,0.15389999747276306,1.0,0.0,0.0,1.953949428349734,,2020,pit,SP
sa3004573,Dominic LoBrutto,P,0.9661999940872192,0.007199999876320362,1.0,0.0,0.0,3.218821010738612,,2020,pit,RP
9239,Alex Wilson,P,1.0,0.0,1.0,0.0,0.0,3.052389339357615,,2020,pit,RP
14932,Ben Lively,P,1.0,0.0,1.0,0.0,0.0,3.5095894120633604,CLE,2020,pit,RP
20526,Denyi Reyes,P,0.1754000037908554,0.1754000037908554,1.0,0.0,0.0,1.9721012279391297,,2020,pit,SP
sa738686,A.J. Puckett,P,0.1754000037908554,0.1754000037908554,1.0,0.0,0.0,1.6821702957153328,,2020,pit,SP
sa917861,Andres Sotillet,P,0.670199990272522,0.07020000368356705,1.0,0.0,0.0,2.586364033073187,,2020,pit,RP
sa551335,Andy Beltre,P,1.0,0.0,1.0,0.0,0.0,3.32293595597148,,2020,pit,RP
4878,Brandon Maurer,P,1.0,0.0,1.0,0.0,0.0,3.265675819665194,,2020,pit,RP
sa549657,Jared Lakind,P/1B,1.0,0.0,1.0,0.0,0.0,3.2190360531210898,,2020,pit,RP
22296,Joe Barlow,P,1.0,0.0,1.0,0.0,0.0,3.2626387238502508,,2020,pit,RP
sa506311,Nelson Gonzalez,P,0.52920001745224,0.10019999742507935,1.0,0.0,0.0,2.179734469950199,,2020,pit,RP
15267,Jacob Rhame,P,1.0,0.0,1.0,0.0,0.0,3.422401167452336,,2020,pit,RP
sa918535,Tyler Erwin,P,1.0,0.0,1.0,0.0,0.0,2.591670591384173,,2020,pit,RP
11121,Casey Lawrence,P,1.0,0.0,1.0,0.0,0.0,2.919925255328417,SEA,2020,pit,RP
sa3004190,Connor Johnstone,P,0.5605000257492065,0.09350000321865082,1.0,0.0,0.0,2.6087494261562827,,2020,pit,RP
sa657917,Marcos Molina,P,0.18619999289512634,0.17319999635219574,1.0,0.0,0.0,1.877281186729669,,2020,pit,SP
19495,Mike Shawaryn,P,2.592600107192993,0.0,2.592600107192993,0.0,0.2888000011444092,9.424628472328186,,2020,pit,RP
15551,Mark Leiter Jr.,P,1.0,0.0,1.0,0.0,0.0,3.1215240895748133,OAK,2020,pit,RP
sa506313,Raul Fernandez,P,1.0,0.0,1.0,0.0,0.0,3.2267557926476003,,2020,pit,RP
sa828687,Spencer Adams,P,0.2727000117301941,0.15469999611377716,1.0,0.0,0.0,1.8113360181450848,,2020,pit,SP
20132,Adam Oller,P,0.1754000037908554,0.1754000037908554,1.0,0.0,0.0,2.278675758838654,MIA,2020,pit,SP
11350,Pat Dean,P,0.4690000116825104,0.11299999803304672,1.0,0.0,0.0,2.2729611858725547,,2020,pit,RP
sa503616,Nestor Molina,P,0.1754000037908554,0.1754000037908554,1.0,0.0,0.0,1.7801411025226113,,2020,pit,SP
23550,Aaron Ashby,P,0.18289999663829803,0.17389999330043793,1.0,0.0,0.0,1.9856705270707606,MIL,2020,pit,SP
sa3007613,Brad Case,P,0.1754000037908554,0.1754000037908554,1.0,0.0,0.0,1.8527800127863885,,2020,pit,SP
sa3003145,Manuel Santiago,P,0.28839999437332153,0.15139999985694885,1.0,0.0,0.0,1.7075146026909347,,2020,pit,SP
sa738368,Austin Coley,P,0.5357999801635742,0.09880000352859497,1.0,0.0,0.0,2.468020027130842,,2020,pit,RP
sa599194,Joel Seddon,P,0.4772000014781952,0.1111999973654747,1.0,0.0,0.0,2.354061248898506,,2020,pit,RP
14996,Jairo Labourt,P,1.0,0.0,1.0,0.0,0.0,3.3921801149845128,,2020,pit,RP
sa829792,Karch Kowalczyk,P,1.0,0.0,1.0,0.0,0.0,3.108221171796322,,2020,pit,RP
20209,Zach Muckenhirn,P,1.0,0.0,1.0,0.0,0.0,2.6991106495261197,,2020,pit,RP
sa3006759,Aaron Shortridge,P,0.1754000037908554,0.1754000037908554,1.0,0.0,0.0,1.8620106875896454,,2020,pit,SP
16835,Brennan Bernardino,P,0.8549000024795532,0.030899999663233757,1.0,0.0,0.0,3.10521592348814,COL,2020,pit,RP
23091,Robinson Piña,P,0.21250000596046448,0.16750000417232513,1.0,0.0,0.0,2.0594440102577214,,2020,pit,SP
sa327830,Andrew Barbosa,P,0.6825000047683716,0.06750000268220901,1.0,0.0,0.0,2.87804417014122,MIL,2020,pit,RP
sa598064,Jeff Johnson,P,1.0,0.0,1.0,0.0,0.0,3.3780360765755177,,2020,pit,RP
8532,Rob Wooten,P,1.0,0.0,1.0,0.0,0.0,2.8480587117373943,,2020,pit,RP
sa3007732,Ethan DeCaster,P,1.0,0.0,1.0,0.0,0.0,2.9942641600966455,,2020,pit,RP
12264,Colton Murray,P,1.0,0.0,1.0,0.0,0.0,3.3917454555630684,MIA,2020,pit,RP
sa875031,Jordan Stephens,P,0.3172999918460846,0.1453000009059906,1.0,0.0,0.0,2.3034051753580576,,2020,pit,RP
sa3008072,Tommy Wilson,P,0.1754000037908554,0.1754000037908554,1.0,0.0,0.0,2.21336939111352,,2020,pit,SP
15231,Aaron Slegers,P,1.0,0.0,1.0,0.0,0.0,3.008854836970568,,2020,pit,RP
sa549882,David Garner,P,1.0,0.0,1.0,0.0,0.0,3.3056587524712087,,2020,pit,RP
10983,Ben Rowen,P,1.0,0.0,1.0,0.0,0.0,3.139109228551388,,2020,pit,RP
9817,Sergio Romo,P,24.814800262451172,0.0,24.814800262451172,1.3170000314712524,5.69320011138916,103.98836758136753,,2020,pit,RP
sa856262,Patrick Ruotolo,P,1.0,0.0,1.0,0.0,0.0,3.7275157503783705,,2020,pit,RP
15157,Jimmy Yacabonis,P,0.84579998254776,0.03280000016093254,1.0,0.0,0.0,2.272834730148315,,2020,pit,RP
sa3004482,Patrick Dayton,P,1.0,0.0,1.0,0.0,0.0,3.328295879065991,,2020,pit,RP
sa550079,Jake McCasland,P,0.34360000491142273,0.1395999938249588,1.0,0.0,0.0,2.1675411581993105,,2020,pit,RP
sa3008127,Brett Daniels,P,0.29989999532699585,0.14890000224113464,1.0,0.0,0.0,2.2513841591775425,,2020,pit,RP
sa737037,Oscar De La Cruz,P,0.4293999969959259,0.12139999866485596,1.0,0.0,0.0,2.5023200869560243,,2020,pit,RP
24737,Gus Varland,P,0.2150000035762787,0.16699999570846558,1.0,0.0,0.0,2.1135708235204227,WSN,2020,pit,SP
sa915793,Brigham Hill,P,0.1754000037908554,0.1754000037908554,1.0,0.0,0.0,1.6979440666735175,,2020,pit,SP
3220,Jean Machi,P,1.0,0.0,1.0,0.0,0.0,3.1609841220080854,,2020,pit,RP
1797,Neal Cotts,P,1.0,0.0,1.0,0.0,0.0,3.293141184002162,,2020,pit,RP
9119,Gregory Infante,P,1.0,0.0,1.0,0.0,0.0,3.0423814244568352,,2020,pit,RP
sa3006991,Perry DellaValle,P,0.18369999527931213,0.1737000048160553,1.0,0.0,0.0,1.8311799809336669,,2020,pit,SP
8992,Arquimedes Caminero,P,1.0,0.0,1.0,0.0,0.0,3.3964999772608286,,2020,pit,RP
sa501975,Kraig Sitton,P,0.8499000072479248,0.03189999982714653,1.0,0.0,0.0,2.9318653069436547,,2020,pit,RP
5744,Jose De Paula,P,1.0,0.0,1.0,0.0,0.0,2.9023986913263795,,2020,pit,RP
17682,Ralph Garza Jr.,P,1.0,0.0,1.0,0.0,0.0,3.284858813881874,,2020,pit,RP
7466,Anthony Swarzak,P,1.0,0.0,1.0,0.0,0.0,3.094678904116154,,2020,pit,RP
sa874187,Wyatt Short,P,1.0,0.0,1.0,0.0,0.0,3.2434398934245112,,2020,pit,RP
sa546796,Dennis O'Grady,P,0.1754000037908554,0.1754000037908554,1.0,0.0,0.0,1.8048693343997004,SDP,2020,pit,SP
14239,Dario Alvarez,P,1.0,0.0,1.0,0.0,0.0,3.334261217713357,,2020,pit,RP
sa455628,Leuris Gomez,P/3B,0.1754000037908554,0.1754000037908554,1.0,0.0,0.0,1.75201874524355,,2020,pit,SP
15258,Shane Carle,P,1.0,0.0,1.0,0.0,0.0,2.8354105994105336,,2020,pit,RP
18554,Enmanuel De Jesus,P,0.1754000037908554,0.1754000037908554,1.0,0.0,0.0,1.9796612441539767,DET,2020,pit,SP
13322,Jake Barrett,P,1.0,0.0,1.0,0.0,0.0,2.8613789029419423,,2020,pit,RP
18384,Scott Effross,P,0.8664000034332275,0.0284000001847744,1.0,0.0,0.0,2.814535989612341,DET,2020,pit,RP
sa918327,Christian James,P,0.19850000739097595,0.1704999953508377,1.0,0.0,0.0,1.7856745883822445,,2020,pit,SP
sa857606,Jacob Evans,P,0.777400016784668,0.04740000143647194,1.0,0.0,0.0,2.8994798719882966,,2020,pit,RP
sa621664,Joe Rogers,P,0.698199987411499,0.06419999897480011,1.0,0.0,0.0,2.8690547890961176,,2020,pit,RP
4891,Peter Moylan,P,1.0,0.0,1.0,0.0,0.0,3.001419799029827,ATL,2020,pit,RP
15006,Luis Santos,P,0.9175000190734863,0.017500000074505806,1.0,0.0,0.0,3.114909537881613,,2020,pit,RP
sa3008025,Paul Richan,P,0.1754000037908554,0.1754000037908554,1.0,0.0,0.0,1.662718714028597,,2020,pit,SP
23095,Jake Wong,P,0.1754000037908554,0.1754000037908554,1.0,0.0,0.0,2.2512547738850124,,2020,pit,SP
sa579787,Alex Blackford,P,0.20350000262260437,0.16949999332427979,1.0,0.0,0.0,2.028358785808087,,2020,pit,SP
sa454441,Cody Satterwhite,P,1.0,0.0,1.0,0.0,0.0,3.1623854078352456,,2020,pit,RP
sa873263,Hunter Schryver,P,1.0,0.0,1.0,0.0,0.0,3.016904000192881,,2020,pit,RP
sa657482,Jose Rafael De Paula,P,1.0,0.0,1.0,0.0,0.0,3.523761174082756,,2020,pit,RP
11754,Justin Nicolino,P,0.43849998712539673,0.11949999630451202,1.0,0.0,0.0,2.2156809657812118,,2020,pit,RP
sa884740,Anthony Marzi,P,0.28349998593330383,0.1525000035762787,1.0,0.0,0.0,2.1017600499093527,,2020,pit,SP
24282,Kai-Wei Teng,P,0.18860000371932983,0.17260000109672546,1.0,0.0,0.0,2.2911493472754954,HOU,2020,pit,SP
sa738202,Matt Whitehouse,P,0.5993000268936157,0.08529999852180481,1.0,0.0,0.0,2.6873387940227986,,2020,pit,RP
3777,Felipe Paulino,P,1.0,0.0,1.0,0.0,0.0,3.1669989101588727,,2020,pit,RP
7108,Pat Venditte,P,1.0,0.0,1.0,0.0,0.0,3.0921492762863636,,2020,pit,RP
sa546553,Johan Belisario,P,0.30820000171661377,0.14720000326633453,1.0,0.0,0.0,2.0756905883550645,,2020,pit,RP
18510,Josh Rogers,P,1.0,0.0,1.0,0.0,0.0,2.1608947604894637,,2020,pit,RP
sa918623,Greg Belton,P,0.8325999975204468,0.035599999129772186,1.0,0.0,0.0,3.0256854332983494,,2020,pit,RP
22036,Angel Rondón,P,0.1754000037908554,0.1754000037908554,1.0,0.0,0.0,2.224521209299564,,2020,pit,SP
13393,Brady Rodgers,P,1.0,0.0,1.0,0.0,0.0,2.8511746853590005,,2020,pit,RP
sa3007235,Robert Broom,P,1.0,0.0,1.0,0.0,0.0,3.304000077396632,CLE,2020,pit,RP
16377,Ryan Castellani,P,4.2519001960754395,2.4000000953674316,15.531900405883789,0.0,0.24570000171661377,30.806708300113662,,2020,pit,SP
sa652170,Edwin Fierro,P,1.0,0.0,1.0,0.0,0.0,3.2779346235096454,,2020,pit,RP
7655,Wilfredo Boscan,P,0.8384000062942505,0.03440000116825104,1.0,0.0,0.0,2.701278758049012,,2020,pit,RP
23809,Ray Kerr,P,0.45989999175071716,0.11490000039339066,1.0,0.0,0.0,2.5610707215964794,ATL,2020,pit,RP
1837,Matt Belisle,P,1.0,0.0,1.0,0.0,0.0,2.9964399494230745,,2020,pit,RP
1841,Edwin Jackson,P,0.3271999955177307,0.14319999516010284,1.0,0.0,0.0,2.193015847355128,,2020,pit,RP
sa837103,Ben Bracewell,P,0.9125999808311462,0.01860000006854534,1.0,0.0,0.0,3.094839975237847,,2020,pit,RP
sa621679,Stephen Perakslis,P,1.0,0.0,1.0,0.0,0.0,3.1285211414098746,,2020,pit,RP
sa599283,Sean Donatello,P,1.0,0.0,1.0,0.0,0.0,3.1149012766778474,,2020,pit,RP
23420,Beau Sulser,P,0.5662999749183655,0.09229999780654907,1.0,0.0,0.0,2.4611906662583354,,2020,pit,RP
4759,Jonathan Broxton,P,1.0,0.0,1.0,0.0,0.0,3.1277958855032924,,2020,pit,RP
9227,Koji Uehara,P,1.0,0.0,1.0,0.0,0.0,3.276621103286743,,2020,pit,RP
9121,TJ House,P,1.0,0.0,1.0,0.0,0.0,3.032121289521456,,2020,pit,RP
sa739706,Scott Harkin,P,0.20919999480247498,0.16820000112056732,1.0,0.0,0.0,1.8449759699404242,,2020,pit,SP
sa503159,Josh Turley,P,0.23649999499320984,0.16249999403953552,1.0,0.0,0.0,1.9381146542727952,,2020,pit,SP
sa599160,Cole Wiper,P,1.0,0.0,1.0,0.0,0.0,3.0768201097846037,,2020,pit,RP
sa508060,Jorge Castillo,P,0.18950000405311584,0.17249999940395355,1.0,0.0,0.0,1.8637000761926168,,2020,pit,SP
sa829078,Matt Pearce,P,0.1754000037908554,0.1754000037908554,1.0,0.0,0.0,1.8158641055226332,,2020,pit,SP
sa658577,Chris Nunn,P,1.0,0.0,1.0,0.0,0.0,3.3051387324929236,,2020,pit,RP
21333,Seth Romero,P,0.1754000037908554,0.1754000037908554,1.0,0.0,0.0,1.8544505774974827,,2020,pit,SP
sa919377,Bryan Valdez,P,0.2282000035047531,0.16419999301433563,1.0,0.0,0.0,2.008819953352213,,2020,pit,SP
559,Hector Ambriz,P,0.1754000037908554,0.1754000037908554,1.0,0.0,0.0,1.6984092943370337,,2020,pit,SP
12586,Mike Wright Jr.,P,1.0,0.0,1.0,0.0,0.0,3.1994041308760646,,2020,pit,RP
6612,Marc Rzepczynski,P,1.0,0.0,1.0,0.0,0.0,3.136975768953562,,2020,pit,RP
sa3008514,Jake Haberer,P,1.0,0.0,1.0,0.0,0.0,3.420854824781418,,2020,pit,RP
23631,Clayton Andrews,P,1.0,0.0,1.0,0.0,0.0,3.276861283183098,,2020,pit,RP
20177,Ty Tice,P,1.0,0.0,1.0,0.0,0.0,3.1654304675757885,,2020,pit,RP
12253,Nefi Ogando,P,1.0,0.0,1.0,0.0,0.0,3.0848346330225467,,2020,pit,RP
sa875665,Elliot Ashbeck,P,0.49869999289512634,0.10670000314712524,1.0,0.0,0.0,2.673041249066591,SDP,2020,pit,RP
23443,Tom Cosgrove,P,0.1754000037908554,0.1754000037908554,1.0,0.0,0.0,2.040444096922874,HOU,2020,pit,SP
13395,Damien Magnifico,P,1.0,0.0,1.0,0.0,0.0,3.2443454340100293,,2020,pit,RP
sa3004455,Fred Schlichtholz,P,0.8853999972343445,0.024399999529123306,1.0,0.0,0.0,3.2509439677000054,,2020,pit,RP
sa3004320,Vincenzo Aiello,P,1.0,0.0,1.0,0.0,0.0,3.182154601067305,,2020,pit,RP
sa875762,Jordan Humphreys,P,0.1754000037908554,0.1754000037908554,1.0,0.0,0.0,2.0826359868049624,,2020,pit,SP
sa857696,Nathan Bannister,P,0.21170000731945038,0.16769999265670776,1.0,0.0,0.0,1.851261170208455,,2020,pit,SP
12277,Leonel Campos,P,1.0,0.0,1.0,0.0,0.0,3.257721182703972,,2020,pit,RP
5705,Tim Lincecum,P,0.1754000037908554,0.1754000037908554,1.0,0.0,0.0,1.7888293832540514,,2020,pit,SP
11861,Jason Adam,P,3.703700065612793,0.0,3.703700065612793,0.0,0.2678999900817871,13.291081395745282,SDP,2020,pit,RP
10185,Jacob Turner,P,0.8029000163078308,0.04190000146627426,1.0,0.0,0.0,2.799310698360205,,2020,pit,RP
14665,Jandel Gustave,P,1.0,0.0,1.0,0.0,0.0,3.511955989897251,,2020,pit,RP
sa597434,Aliangel Lopez,P,0.45170000195503235,0.11670000106096268,1.0,0.0,0.0,2.3806999512016778,,2020,pit,RP
5280,Esmerling Vasquez,P,0.24799999594688416,0.1599999964237213,1.0,0.0,0.0,1.5700947403907781,,2020,pit,SP
sa875770,Heath Slatton,P,0.5753999948501587,0.09040000289678574,1.0,0.0,0.0,2.9915213085711008,SFG,2020,pit,RP
12537,Cory Mazzoni,P,1.0,0.0,1.0,0.0,0.0,3.098784259706736,,2020,pit,RP
3319,Arturo Lopez,P,0.1754000037908554,0.1754000037908554,1.0,0.0,0.0,1.6717041745781902,,2020,pit,SP
sa833631,Gustavo Armas,P,0.6148999929428101,0.08190000057220459,1.0,0.0,0.0,2.499635870754719,,2020,pit,RP
20190,Chad Smith,P,1.0,0.0,1.0,0.0,0.0,3.410405319184065,,2020,pit,RP
sa599273,Tanner Chleborad,P,1.0,0.0,1.0,0.0,0.0,2.429985313862562,,2020,pit,RP
sa3007597,Carson Teel,P,0.29910001158714294,0.14910000562667847,1.0,0.0,0.0,2.0298190243542193,,2020,pit,RP
sa508496,Andres Ivan Meza,P,0.18449999392032623,0.17350000143051147,1.0,0.0,0.0,1.6363400958478453,,2020,pit,SP
sa736624,Jhoan Quijada,P,0.34529998898506165,0.13930000364780426,1.0,0.0,0.0,2.061820068955421,,2020,pit,RP
sa506381,Aroni Nina,P,1.0,0.0,1.0,0.0,0.0,3.1139651194214824,,2020,pit,RP
5985,Randall Delgado,P,1.0,0.0,1.0,0.0,0.0,3.053875859081746,,2020,pit,RP
sa658287,Ronald Peña,P,1.0,0.0,1.0,0.0,0.0,3.146250566095114,,2020,pit,RP
sa3006956,Austin Hansen,P,0.2736000120639801,0.15459999442100525,1.0,0.0,0.0,2.299683979153633,,2020,pit,SP
7501,Tommy Layne,P,1.0,0.0,1.0,0.0,0.0,3.0669211335480218,,2020,pit,RP
14934,Aaron Blair,P,0.1754000037908554,0.1754000037908554,1.0,0.0,0.0,1.888124062865972,,2020,pit,SP
sa3006801,Matt Frisbee,P,0.20589999854564667,0.1688999980688095,1.0,0.0,0.0,2.4343389384448533,,2020,pit,SP
sa830119,Travis Hissong,P,0.888700008392334,0.02370000071823597,1.0,0.0,0.0,3.06253063455224,,2020,pit,RP
9096,Jaye Chapman,P,0.9801999926567078,0.00419999985024333,1.0,0.0,0.0,2.7473253689706327,,2020,pit,RP
sa739569,Luis Ysla,P,0.23319999873638153,0.1632000058889389,1.0,0.0,0.0,2.15796407610178,,2020,pit,SP
21894,Gregory Santos,P,0.1754000037908554,0.1754000037908554,1.0,0.0,0.0,2.1169704966247083,SFG,2020,pit,SP
sa920272,Alexander Vizcaíno,P,0.1754000037908554,0.1754000037908554,1.0,0.0,0.0,1.5892546042799949,,2020,pit,SP
23920,Brayan Bello,P,0.1754000037908554,0.1754000037908554,1.0,0.0,0.0,1.8271610975265502,BOS,2020,pit,SP
19924,Bryan Hudson,P,0.20180000364780426,0.16979999840259552,1.0,0.0,0.0,1.7817587912082677,NYM,2020,pit,SP
12575,Nick Ramirez,P,10.370400428771973,0.0,10.370400428771973,0.0,0.25999999046325684,33.5828754067421,,2020,pit,RP
sa550217,Nick Baker,P,0.5942999720573425,0.08630000054836273,1.0,0.0,0.0,2.427161230146885,,2020,pit,RP
sa874967,Riley Ferrell,P,1.0,0.0,1.0,0.0,0.0,3.2824387870728975,,2020,pit,RP
sa920823,Adams Cuevas,P,1.0,0.0,1.0,0.0,0.0,3.128221057355404,,2020,pit,RP
9654,Michael Blazek,P,1.0,0.0,1.0,0.0,0.0,2.9312012165784833,,2020,pit,RP
sa3002777,Jacob Patterson,P,0.925000011920929,0.01600000075995922,1.0,0.0,0.0,3.335010635107756,,2020,pit,RP
sa657885,Cristian Alvarado,P,1.0,0.0,1.0,0.0,0.0,2.3965749755501755,,2020,pit,RP
sa390254,Mitch Lively,P,0.2825999855995178,0.1526000052690506,1.0,0.0,0.0,1.9151042051613332,,2020,pit,SP
14510,Thyago Vieira,P,1.0,0.0,1.0,0.0,0.0,3.3310757353901868,,2020,pit,RP
11294,Zach Neal,P,1.0,0.0,1.0,0.0,0.0,2.797100055217743,,2020,pit,RP
11432,A.J. Schugel,P,1.0,0.0,1.0,0.0,0.0,3.0200759738683707,,2020,pit,RP
8110,Bryan Shaw,P,1.0,0.0,1.0,0.0,0.0,3.127375727891922,,2020,pit,RP
sa737451,Ofreidy Gómez,P,0.2199999988079071,0.16599999368190765,1.0,0.0,0.0,1.9366852596402162,NYM,2020,pit,SP
2170,Chad Qualls,P,1.0,0.0,1.0,0.0,0.0,2.8653747804462917,,2020,pit,RP
12831,Matt Purke,P,1.0,0.0,1.0,0.0,0.0,3.1634611420333387,,2020,pit,RP
sa187614,David Berg,P,1.0,0.0,1.0,0.0,0.0,2.968738698214293,CHC,2020,pit,RP
sa829919,Shane McCain,P,1.0,0.0,1.0,0.0,0.0,3.04263881072402,,2020,pit,RP
sa874215,Thomas Burrows,P,1.0,0.0,1.0,0.0,0.0,3.48570116609335,,2020,pit,RP
sa657658,Eduardo Vera,P,0.20919999480247498,0.16820000112056732,1.0,0.0,0.0,1.8099653087556362,,2020,pit,SP
4279,Manny Parra,P,1.0,0.0,1.0,0.0,0.0,2.8763011820614337,,2020,pit,RP
sa658941,Joe Shaw,P,0.7386000156402588,0.05559999868273735,1.0,0.0,0.0,2.967265493422747,,2020,pit,RP
10962,Jake Buchanan,P,1.0,0.0,1.0,0.0,0.0,2.8161850303411486,,2020,pit,RP
sa829290,Benton Moss,P,1.0,0.0,1.0,0.0,0.0,3.2711210869252683,,2020,pit,RP
12691,Tyler Wilson,P,0.6776000261306763,0.06859999895095825,1.0,0.0,0.0,2.452319023013115,,2020,pit,RP
sa876337,Chris Powell,P,1.0,0.0,1.0,0.0,0.0,3.132325330376626,,2020,pit,RP
sa918255,Andrew Brown,P,0.20679999887943268,0.1687999963760376,1.0,0.0,0.0,1.6848200380802152,,2020,pit,SP
sa653446,Yuhei Nakaushiro,P,1.0,0.0,1.0,0.0,0.0,3.133218824118376,,2020,pit,RP
sa915740,Shane McCarthy,P,0.1754000037908554,0.1754000037908554,1.0,0.0,0.0,1.8658987991511822,,2020,pit,SP
sa3007274,JJ Santa Cruz,P,1.0,0.0,1.0,0.0,0.0,3.4635199524462226,,2020,pit,RP
sa503702,David Holman,P,0.3939000070095062,0.12890000641345978,1.0,0.0,0.0,1.6547201208770272,,2020,pit,RP
3993,Allen Webster,P,1.0,0.0,1.0,0.0,0.0,3.195921345800161,,2020,pit,RP
sa608348,Yoanner Negrin,P,0.1754000037908554,0.1754000037908554,1.0,0.0,0.0,1.7152760297060015,,2020,pit,SP
sa598307,Adam Choplick,P,1.0,0.0,1.0,0.0,0.0,3.218981165438891,,2020,pit,RP
1051,Jake Peavy,P,0.24469999969005585,0.1606999933719635,1.0,0.0,0.0,1.9675400912761685,,2020,pit,SP
24993,Kody Funderburk,P,0.25049999356269836,0.15950000286102295,1.0,0.0,0.0,1.8310611292719843,MIN,2020,pit,SP
sa824737,Ruddy Acosta,P,0.1754000037908554,0.1754000037908554,1.0,0.0,0.0,1.610064025223255,,2020,pit,SP
sa829233,Sam Street,P,1.0,0.0,1.0,0.0,0.0,2.999278623610735,PIT,2020,pit,RP
sa829423,Tyler Bray,P,1.0,0.0,1.0,0.0,0.0,3.0863360233604906,,2020,pit,RP
14371,Jake Thompson,P,1.0,0.0,1.0,0.0,0.0,3.0727840930223462,,2020,pit,RP
24486,Nick Allgeyer,P,0.18289999663829803,0.17389999330043793,1.0,0.0,0.0,1.686125439405441,,2020,pit,SP
sa505234,Todd Van Steensel,P,0.7501999735832214,0.053199999034404755,1.0,0.0,0.0,3.106054573506117,SDP,2020,pit,RP
sa550155,Trey Nielsen,P,0.8317999839782715,0.03579999879002571,1.0,0.0,0.0,3.0111987680196766,,2020,pit,RP
sa657837,Wil Browning,P,1.0,0.0,1.0,0.0,0.0,3.0831211470067506,,2020,pit,RP
2047,Jorge De La Rosa,P,1.0,0.0,1.0,0.0,0.0,3.0730052702128887,,2020,pit,RP
sa737042,Wendolyn Bautista,P,0.3666999936103821,0.1347000002861023,1.0,0.0,0.0,2.1441601678729065,,2020,pit,RP
sa198885,Mauricio Lara,P,0.19030000269412994,0.17229999601840973,1.0,0.0,0.0,1.6465411305427553,,2020,pit,SP
sa3002790,Gerardo Carrillo,P,0.19110000133514404,0.1720999926328659,1.0,0.0,0.0,2.019524222612381,ARI,2020,pit,SP
sa3005334,Matt Tabor,P,0.1754000037908554,0.1754000037908554,1.0,0.0,0.0,1.9689346782863137,,2020,pit,SP
23055,Dedniel Núñez,P,0.18860000371932983,0.17260000109672546,1.0,0.0,0.0,2.143501184880734,NYM,2020,pit,SP
22248,Paul Campbell,P,0.23070000112056732,0.16369999945163727,1.0,0.0,0.0,2.153104060143233,,2020,pit,SP
sa883710,Jhonatan German,P,1.0,0.0,1.0,0.0,0.0,2.9694813184440143,,2020,pit,RP
22370,Raymond Burgos,P,0.1754000037908554,0.1754000037908554,1.0,0.0,0.0,1.8618587777018551,,2020,pit,SP
sa876264,Matt Walker,P,0.557200014591217,0.094200000166893,1.0,0.0,0.0,2.55538011342287,,2020,pit,RP
sa3007270,Tyler Palm,P,0.25380000472068787,0.15880000591278076,1.0,0.0,0.0,1.7380589544773106,MIN,2020,pit,SP
sa708442,Joe Broussard,P,0.864799976348877,0.02879999950528145,1.0,0.0,0.0,3.0205295160412793,,2020,pit,RP
5843,Radhames Liz,P,1.0,0.0,1.0,0.0,0.0,3.1858159877359866,,2020,pit,RP
sa875282,Adam Hofacket,P,0.91839998960495,0.017400000244379044,1.0,0.0,0.0,2.888054672628641,,2020,pit,RP
sa3008577,Justin Lewis,P,0.18950000405311584,0.17249999940395355,1.0,0.0,0.0,2.110574574768544,CLE,2020,pit,SP
20030,Phillip Diehl,P,14.07409954071045,0.0,14.07409954071045,0.0,1.8672000169754028,51.68187755346297,,2020,pit,RP
sa875227,Karsen Lindell,P,0.4253000020980835,0.12229999899864197,1.0,0.0,0.0,2.375679881870746,CIN,2020,pit,RP
sa736925,Dedgar Jimenez,P,0.33869999647140503,0.14069999754428864,1.0,0.0,0.0,2.2146412551403043,,2020,pit,RP
14165,Rob Whalen,P,1.0,0.0,1.0,0.0,0.0,3.014755984395743,,2020,pit,RP
sa3004492,Danny Sexton,P,1.0,0.0,1.0,0.0,0.0,3.1067357137799263,,2020,pit,RP
sa598099,Jason Creasy,P,1.0,0.0,1.0,0.0,0.0,3.3051895618438722,,2020,pit,RP
sa658305,Aaron West,P,0.7789999842643738,0.04699999839067459,1.0,0.0,0.0,2.708818899095059,,2020,pit,RP
sa835895,Alexander Vargas,P,0.23070000112056732,0.16369999945163727,1.0,0.0,0.0,1.732895841449499,,2020,pit,SP
sa549808,Casey Harman,P,0.1754000037908554,0.1754000037908554,1.0,0.0,0.0,1.7338146612048146,,2020,pit,SP
sa3003041,Noe Toribio,P,0.2215999960899353,0.1656000018119812,1.0,0.0,0.0,1.8772239454090593,,2020,pit,SP
12520,Erik Johnson,P,0.1754000037908554,0.1754000037908554,1.0,0.0,0.0,1.7976959541440016,,2020,pit,SP
5157,Walter Silva,P,0.1754000037908554,0.1754000037908554,1.0,0.0,0.0,1.568814503401518,,2020,pit,SP
11686,Josh Lucas,P,1.0,0.0,1.0,0.0,0.0,2.9575612001121048,,2020,pit,RP
3677,Logan Ondrusek,P,1.0,0.0,1.0,0.0,0.0,3.054138853400946,,2020,pit,RP
21520,Hogan Harris,P,0.20100000500679016,0.17000000178813934,1.0,0.0,0.0,2.02387482225895,OAK,2020,pit,SP
sa737842,Trevor Frank,P,1.0,0.0,1.0,0.0,0.0,3.1025640912353993,,2020,pit,RP
sa598476,Corey Baker,P,1.0,0.0,1.0,0.0,0.0,3.0852105908095844,,2020,pit,RP
sa975541,Osvaldo Hernandez,P,0.20350000262260437,0.16949999332427979,1.0,0.0,0.0,2.0293189696967597,,2020,pit,SP
sa738442,Logan Shore,P,0.24140000343322754,0.16140000522136688,1.0,0.0,0.0,1.7016240477561948,SFG,2020,pit,SP
sa828141,Carlos Hiraldo,P,0.5777999758720398,0.08980000019073486,1.0,0.0,0.0,2.5571654565632347,HOU,2020,pit,RP
sa3004823,Jakob Hernandez,P,0.9192000031471252,0.01720000058412552,1.0,0.0,0.0,3.1460000470280645,,2020,pit,RP
sa920102,Max Duval,P,0.25049999356269836,0.15950000286102295,1.0,0.0,0.0,1.966801079362631,,2020,pit,SP
16840,Cam Hill,P,12.222200393676758,0.0,12.222200393676758,0.0,1.2116999626159668,47.19468061923982,TBR,2020,pit,RP
sa3010256,Avery Weems,P,0.1754000037908554,0.1754000037908554,1.0,0.0,0.0,1.52246529981494,,2020,pit,SP
sa3007265,Cody Tyler,P,1.0,0.0,1.0,0.0,0.0,3.247935694456101,,2020,pit,RP
20541,Phoenix Sanders,P,0.9175000190734863,0.017500000074505806,1.0,0.0,0.0,3.2942000940442093,,2020,pit,RP
sa829022,Jared Robinson,P,1.0,0.0,1.0,0.0,0.0,3.2291559822857385,ATL,2020,pit,RP
sa597802,Kevin Comer,P,0.920799970626831,0.01679999940097332,1.0,0.0,0.0,3.093004145473242,,2020,pit,RP
sa3007778,Ryan Weiss,P,0.1754000037908554,0.1754000037908554,1.0,0.0,0.0,1.8424756705760958,HOU,2020,pit,SP
8536,Tyler Cloyd,P,1.0,0.0,1.0,0.0,0.0,2.9928295679390433,,2020,pit,RP
sa3002775,Matt Wivinis,P,1.0,0.0,1.0,0.0,0.0,2.9175000846385957,,2020,pit,RP
sa602658,Jordan Johnson,P,0.1754000037908554,0.1754000037908554,1.0,0.0,0.0,1.8423613965511323,,2020,pit,SP
sa874231,Logan Salow,P,0.8737999796867371,0.026799999177455902,1.0,0.0,0.0,3.2572612196207054,,2020,pit,RP
14420,Jackson Stephens,P,1.0,0.0,1.0,0.0,0.0,3.0691998362541195,,2020,pit,RP
23875,Omar Cruz,P,0.1754000037908554,0.1754000037908554,1.0,0.0,0.0,2.11386122033,SDP,2020,pit,SP
sa597109,Jose Valdespina,P,1.0,0.0,1.0,0.0,0.0,3.0329852961003785,,2020,pit,RP
sa920635,Chase Hodson,P,1.0,0.0,1.0,0.0,0.0,3.1419558435678487,NYY,2020,pit,RP
1975,Josh Judy,P,1.0,0.0,1.0,0.0,0.0,2.98159997984767,SEA,2020,pit,RP
11596,Deck McGuire,P,0.7906000018119812,0.044599998742341995,1.0,0.0,0.0,2.904444224387407,,2020,pit,RP
sa738173,Greg Harris,P,1.0,0.0,1.0,0.0,0.0,3.1916506983339783,,2020,pit,RP
sa878421,Leovanny Rodriguez,P,1.0,0.0,1.0,0.0,0.0,3.108665149658919,,2020,pit,RP
2155,Alfredo Simon,P,0.2784999907016754,0.1535000056028366,1.0,0.0,0.0,1.8908493407070641,CIN,2020,pit,SP
sa503562,R.C. Orlan,P,1.0,0.0,1.0,0.0,0.0,3.0894988551735882,,2020,pit,RP
sa915630,Ryan Nutof,P,1.0,0.0,1.0,0.0,0.0,2.9042599856853486,,2020,pit,RP
15306,Donnie Hart,P,1.0,0.0,1.0,0.0,0.0,3.1825546950101855,,2020,pit,RP
sa857676,Drew Harrington,P,0.2669999897480011,0.15600000321865082,1.0,0.0,0.0,1.8114652782678609,,2020,pit,SP
12240,Matt Tracy,P,1.0,0.0,1.0,0.0,0.0,2.9876386962831023,,2020,pit,RP
sa795710,Raul Carrillo,P,0.1754000037908554,0.1754000037908554,1.0,0.0,0.0,1.5855988346040246,,2020,pit,SP
sa3002734,Blake Battenfield,P,0.1754000037908554,0.1754000037908554,1.0,0.0,0.0,1.5252705506980422,,2020,pit,SP
20565,Jackson Tetreault,P,0.1754000037908554,0.1754000037908554,1.0,0.0,0.0,1.7575107060372832,,2020,pit,SP
5746,Eric O'Flaherty,P,1.0,0.0,1.0,0.0,0.0,2.9264896221458914,,2020,pit,RP
sa3005145,Taylor Braley,P,0.34279999136924744,0.13979999721050262,1.0,0.0,0.0,1.8573306784033776,,2020,pit,RP
sa3005028,Ethan Lindow,P,0.2694000005722046,0.15539999306201935,1.0,0.0,0.0,1.9501051053404814,,2020,pit,SP
sa875732,Casey Bloomquist,P,0.7831000089645386,0.04610000178217888,1.0,0.0,0.0,2.6278653815388684,,2020,pit,RP
sa3007713,Jack Perkins,P,0.2167000025510788,0.16670000553131104,1.0,0.0,0.0,1.8109052389860154,,2020,pit,SP
6819,Robbie Ross Jr.,P,1.0,0.0,1.0,0.0,0.0,3.138830704987049,,2020,pit,RP
sa3004471,Billy Lescher,P,0.6956999897956848,0.06469999998807907,1.0,0.0,0.0,2.5639610327780242,,2020,pit,RP
sa802747,Misael Siverio,P,0.1754000037908554,0.1754000037908554,1.0,0.0,0.0,1.7093705974519255,,2020,pit,SP
16532,Harrison Musgrave,P,1.0,0.0,1.0,0.0,0.0,2.835794597119093,,2020,pit,RP
12027,Brian Flynn,P,0.9438999891281128,0.011900000274181366,1.0,0.0,0.0,2.991065505146981,,2020,pit,RP
sa505053,Carlos Alvarado,P,1.0,0.0,1.0,0.0,0.0,3.200178860872984,,2020,pit,RP
21448,Davis Martin,P,0.1754000037908554,0.1754000037908554,1.0,0.0,0.0,1.4918653145432477,CHW,2020,pit,SP
10337,Edwin Escobar,P,0.7559000253677368,0.051899999380111694,1.0,0.0,0.0,2.7517707623541363,,2020,pit,RP
sa657689,Anthony Vizcaya,P,0.8507999777793884,0.03180000185966492,1.0,0.0,0.0,2.8044413596391684,,2020,pit,RP
sa876131,Drew Hasler,P,0.8812999725341797,0.025299999862909317,1.0,0.0,0.0,2.5217305563390258,CHW,2020,pit,RP
5279,Chris Tillman,P,0.1754000037908554,0.1754000037908554,1.0,0.0,0.0,1.6577801801264291,,2020,pit,SP
8846,Arcenio Leon,P,1.0,0.0,1.0,0.0,0.0,3.0575961008667947,,2020,pit,RP
20334,Kyle Dohy,P,1.0,0.0,1.0,0.0,0.0,3.46895985454321,,2020,pit,RP
sa3004215,Seth Nordlin,P,0.18860000371932983,0.17260000109672546,1.0,0.0,0.0,1.3208494290709503,,2020,pit,SP
sa3004228,Chris Castellanos,P,1.0,0.0,1.0,0.0,0.0,3.102741046994925,,2020,pit,RP
sa917194,Hector Yan,P,0.2223999947309494,0.16539999842643738,1.0,0.0,0.0,1.9807789325714116,,2020,pit,SP
sa3007835,Mitch Stallings,P,0.20180000364780426,0.16979999840259552,1.0,0.0,0.0,1.9251986511051649,,2020,pit,SP
17485,Albert Abreu,P,0.19939999282360077,0.1703999936580658,1.0,0.0,0.0,1.6823493227362634,,2020,pit,SP
sa454968,Malcom Culver,P,1.0,0.0,1.0,0.0,0.0,3.1016652755439282,,2020,pit,RP
sa874139,Grant Dyer,P,1.0,0.0,1.0,0.0,0.0,3.0597704604268072,,2020,pit,RP
7541,Lucas Harrell,P,1.0,0.0,1.0,0.0,0.0,2.984829164296389,,2020,pit,RP
11769,Myles Jaye,P,0.652899980545044,0.0738999992609024,1.0,0.0,0.0,2.393045520782471,,2020,pit,RP
5722,Josh Lueke,P,1.0,0.0,1.0,0.0,0.0,2.998294843733311,,2020,pit,RP
14914,Jason Hursh,P,1.0,0.0,1.0,0.0,0.0,2.9224252574145795,,2020,pit,RP
sa501977,Ryan Beckman,P,1.0,0.0,1.0,0.0,0.0,3.0308610066771506,,2020,pit,RP
13818,Chris O'Grady,P,1.0,0.0,1.0,0.0,0.0,3.1208506330847747,,2020,pit,RP
sa529273,Logan Duran,P,0.2727000117301941,0.15469999611377716,1.0,0.0,0.0,1.8390958458185191,,2020,pit,SP
sa550022,John Fasola,P,1.0,0.0,1.0,0.0,0.0,3.0184989072382455,,2020,pit,RP
sa3004024,Graham Spraker,P,0.24719999730587006,0.16019999980926514,1.0,0.0,0.0,1.749965381622315,,2020,pit,SP
19996,Dylan Lee,P,1.0,0.0,1.0,0.0,0.0,3.306329417228699,ATL,2020,pit,RP
17759,Angel Perdomo,P,1.0,0.0,1.0,0.0,0.0,3.3449242450296883,LAA,2020,pit,RP
sa738389,Dillon McNamara,P,1.0,0.0,1.0,0.0,0.0,3.0795905351638795,,2020,pit,RP
8501,Danny Farquhar,P,1.0,0.0,1.0,0.0,0.0,3.151725365966559,,2020,pit,RP
19769,Will Vest,P,1.0,0.0,1.0,0.0,0.0,2.8393693290650845,DET,2020,pit,RP
10257,Andy Oliver,P,0.7939000129699707,0.04390000179409981,1.0,0.0,0.0,2.8258989095687874,MIL,2020,pit,RP
9137,Sean O'Sullivan,P,0.2142000049352646,0.1671999990940094,1.0,0.0,0.0,1.756435866653919,,2020,pit,SP
sa3002582,Mitchell Aker,P,0.28760001063346863,0.15160000324249268,1.0,0.0,0.0,1.9631360225379475,,2020,pit,SP
sa875703,Scooter Hightower,P,0.19359999895095825,0.17159999907016754,1.0,0.0,0.0,1.8285242706537246,,2020,pit,SP
sa748442,Francys Peguero,P,0.21089999377727509,0.1678999960422516,1.0,0.0,0.0,1.6857842601835724,,2020,pit,SP
sa621594,Nick Routt,P,0.5950999855995178,0.08609999716281891,1.0,0.0,0.0,2.4771200902760024,,2020,pit,RP
sa3008500,Levi Kelly,P,0.1754000037908554,0.1754000037908554,1.0,0.0,0.0,2.0580598756670954,,2020,pit,SP
sa526575,Kyle Winkler,P,0.9315999746322632,0.014600000344216824,1.0,0.0,0.0,3.016079842299223,,2020,pit,RP
20042,Jesus Cruz,P,1.0,0.0,1.0,0.0,0.0,3.506998844444752,,2020,pit,RP
sa326150,Danny Gutierrez,P,0.1754000037908554,0.1754000037908554,1.0,0.0,0.0,1.6030012935400006,TEX,2020,pit,SP
18581,Travis Bergen,P,1.0,0.0,1.0,0.0,0.0,3.4547988682985307,,2020,pit,RP
6832,Sam Freeman,P,3.703700065612793,0.0,3.703700065612793,0.0,0.28439998626708984,13.571630176901824,,2020,pit,RP
1886,Sean Burnett,P,1.0,0.0,1.0,0.0,0.0,2.8502012766897686,,2020,pit,RP
sa829342,Luke Eubank,P,1.0,0.0,1.0,0.0,0.0,3.0737708076834678,,2020,pit,RP
13713,Kyle Barraclough,P,1.0,0.0,1.0,0.0,0.0,3.3099209301173693,,2020,pit,RP
10925,Christian Bergman,P,0.3321000039577484,0.1421000063419342,1.0,0.0,0.0,1.9275212585926051,,2020,pit,RP
13398,Paco Rodríguez,P,1.0,0.0,1.0,0.0,0.0,2.947434902191162,,2020,pit,RP
sa738235,Sam Bragg,P,0.586899995803833,0.08789999783039093,1.0,0.0,0.0,2.3944147907197477,,2020,pit,RP
8302,JC Ramírez,P,1.0,0.0,1.0,0.0,0.0,2.8745508007705216,,2020,pit,RP
sa599217,Carlos Gonzalez,P,1.0,0.0,1.0,0.0,0.0,3.030054762214422,,2020,pit,RP
16132,Justin Shafer,P,1.0,0.0,1.0,0.0,0.0,2.954589219391346,,2020,pit,RP
3357,Cesár Ramos,P,0.6536999940872192,0.07370000332593918,1.0,0.0,0.0,2.4758012369275098,,2020,pit,RP
sa3005259,Max Herrmann,P,0.2644999921321869,0.15649999678134918,1.0,0.0,0.0,1.8505146883428099,,2020,pit,SP
sa872808,Norwith Gudiño,P,0.4772000014781952,0.1111999973654747,1.0,0.0,0.0,2.6883692480623727,,2020,pit,RP
9895,Chris Rusin,P,1.8518999814987183,0.0,1.8518999814987183,0.0,0.28130000829696655,7.163173571228979,,2020,pit,RP
19785,Jake Lemoine,P,1.0,0.0,1.0,0.0,0.0,2.6463704749941828,,2020,pit,RP
sa875720,Austin Mason,P,0.8300999999046326,0.03610000014305115,1.0,0.0,0.0,2.8071188397705558,,2020,pit,RP
4697,Cesar Carrillo,P,0.23149999976158142,0.16349999606609344,1.0,0.0,0.0,1.7196147687733174,,2020,pit,SP
521,Jason Grilli,P,1.0,0.0,1.0,0.0,0.0,3.2430251404643067,,2020,pit,RP
7371,Deunte Heath,P,1.0,0.0,1.0,0.0,0.0,3.161805123090744,,2020,pit,RP
14200,Shae Simmons,P,1.0,0.0,1.0,0.0,0.0,3.094298950582743,,2020,pit,RP
13071,Wei-Yin Chen,P,1.0,0.0,1.0,0.0,0.0,3.037336055189371,,2020,pit,RP
21956,Max Castillo,P,0.1754000037908554,0.1754000037908554,1.0,0.0,0.0,1.5814412705600267,,2020,pit,SP
21453,Konnor Pilkington,P,0.1754000037908554,0.1754000037908554,1.0,0.0,0.0,1.612130554765463,DET,2020,pit,SP
10835,Michael Mariot,P,1.0,0.0,1.0,0.0,0.0,3.063700111955405,,2020,pit,RP
sa837845,Luis Pena,P,1.0,0.0,1.0,0.0,0.0,3.1797641739249234,,2020,pit,RP
sa3004661,Shawn Semple,P,0.29660001397132874,0.14959999918937683,1.0,0.0,0.0,1.7637293696403504,,2020,pit,SP
19883,Alex Lange,P,0.2851000130176544,0.15209999680519104,1.0,0.0,0.0,1.8474492214620115,KCR,2020,pit,SP
sa506176,Braulio Lara,P,1.0,0.0,1.0,0.0,0.0,3.1077652752399447,,2020,pit,RP
sa857658,Jason Richman,P,1.0,0.0,1.0,0.0,0.0,2.9448189079761504,,2020,pit,RP
sa739598,Daniel McGrath,P,0.29089999198913574,0.1509000062942505,1.0,0.0,0.0,2.2102693527936936,,2020,pit,SP
sa503777,Tim Berry,P,1.0,0.0,1.0,0.0,0.0,3.147399799525738,,2020,pit,RP
5535,Phil Coke,P,1.0,0.0,1.0,0.0,0.0,2.9621013633906843,,2020,pit,RP
sa502049,John Stilson,P,1.0,0.0,1.0,0.0,0.0,3.1064998894929885,,2020,pit,RP
sa599309,Christian Binford,P,0.3246999979019165,0.1437000036239624,1.0,0.0,0.0,2.0270589351654054,,2020,pit,RP
18213,P.J. Conlon,P,0.3905999958515167,0.12960000336170197,1.0,0.0,0.0,2.122914826869965,,2020,pit,RP
sa3008599,Aaron Hernandez,P,0.22660000622272491,0.16459999978542328,1.0,0.0,0.0,1.8554251663386823,,2020,pit,SP
10637,Adam Liberatore,P,1.0,0.0,1.0,0.0,0.0,3.0630492120981216,,2020,pit,RP
sa3006798,Eli Lingos,P,0.40139999985694885,0.1273999959230423,1.0,0.0,0.0,2.2364610143005845,,2020,pit,RP
8476,Jenrry Mejia,P,1.0,0.0,1.0,0.0,0.0,3.1958239838480953,,2020,pit,RP
sa3008135,Cooper Casad,P,1.0,0.0,1.0,0.0,0.0,2.9511786967515943,,2020,pit,RP
1726,Jose Valverde,P,1.0,0.0,1.0,0.0,0.0,2.9392987146973613,,2020,pit,RP
sa709586,Trent Szkutnik,P,0.7551000118255615,0.05209999904036522,1.0,0.0,0.0,2.7030357584357256,,2020,pit,RP
6175,Albert Suárez,P,1.0,0.0,1.0,0.0,0.0,2.9247105732560166,BAL,2020,pit,RP
sa659063,Tyler Watson,P,1.0,0.0,1.0,0.0,0.0,2.999615772813559,,2020,pit,RP
24604,Austin Cox,P,0.18199999630451202,0.17399999499320984,1.0,0.0,0.0,1.7711558289825917,ATL,2020,pit,SP
sa503433,Brad Schreiber,P,1.0,0.0,1.0,0.0,0.0,3.032069268077612,COL,2020,pit,RP
sa829365,Tyler Carpenter,P,0.2175000011920929,0.1665000021457672,1.0,0.0,0.0,1.7716546781361102,,2020,pit,SP
12235,Seth Maness,P,1.0,0.0,1.0,0.0,0.0,2.6785159930586815,,2020,pit,RP
sa875197,Craig Brooks,P,1.0,0.0,1.0,0.0,0.0,3.3693104669451714,,2020,pit,RP
sa828664,Kodi Medeiros,P,0.4203000068664551,0.12330000102519989,1.0,0.0,0.0,2.140350656211376,,2020,pit,RP
sa737048,Luis Reyes,P,0.5109999775886536,0.10400000214576721,1.0,0.0,0.0,2.2663160786032672,,2020,pit,RP
sa3007837,Matt Mercer,P,0.18289999663829803,0.17389999330043793,1.0,0.0,0.0,2.019381061941385,,2020,pit,SP
sa621016,Mason Melotakis,P,1.0,0.0,1.0,0.0,0.0,3.0198640204966067,,2020,pit,RP
19868,Drew Carlton,P,1.0,0.0,1.0,0.0,0.0,2.8371158577501774,,2020,pit,RP
sa737921,Jose Samayoa,P,0.1754000037908554,0.1754000037908554,1.0,0.0,0.0,1.6760411903262136,,2020,pit,SP
sa737329,Juliandry Higuera,P,0.8770999908447266,0.026100000366568565,1.0,0.0,0.0,2.868565178662539,,2020,pit,RP
sa395471,Andury Acevedo,P,1.0,0.0,1.0,0.0,0.0,3.1524588793516157,ARI,2020,pit,RP
25348,Devin Sweet,P,0.34610000252723694,0.13910000026226044,1.0,0.0,0.0,2.243558904528618,BOS,2020,pit,RP
sa918324,Carson LaRue,P,0.19939999282360077,0.1703999936580658,1.0,0.0,0.0,1.8109786592423922,,2020,pit,SP
14857,Joe Mantiply,P,1.0,0.0,1.0,0.0,0.0,2.8260507054626944,TOR,2020,pit,RP
8245,J.P. Howell,P,1.0,0.0,1.0,0.0,0.0,2.794954742491245,,2020,pit,RP
4004,Josh Outman,P,0.19359999895095825,0.17159999907016754,1.0,0.0,0.0,1.7983759820461276,WSN,2020,pit,SP
10529,Dean Kiekhefer,P,1.0,0.0,1.0,0.0,0.0,2.8049442365765573,,2020,pit,RP
22207,DL Hall,P,0.19439999759197235,0.17139999568462372,1.0,0.0,0.0,1.3706494055688379,MIL,2020,pit,SP
sa875794,David Owen,P,1.0,0.0,1.0,0.0,0.0,3.2876588001847273,,2020,pit,RP
20422,Jovani Morán,P,1.0,0.0,1.0,0.0,0.0,3.1257747218012812,BOS,2020,pit,RP
sa738697,Connor Jones,P,1.0,0.0,1.0,0.0,0.0,3.0629737727344035,,2020,pit,RP
16470,Roel Ramírez,P,0.6725999712944031,0.06960000097751617,1.0,0.0,0.0,2.851918828487397,,2020,pit,RP
sa290174,Tyler Herron,P,0.1754000037908554,0.1754000037908554,1.0,0.0,0.0,1.5992241248488428,,2020,pit,SP
11812,Alberto Baldonado,P,1.0,0.0,1.0,0.0,0.0,3.161098901182413,,2020,pit,RP
sa875211,Tommy Bergjans,P,0.24639999866485596,0.16040000319480896,1.0,0.0,0.0,1.7961452357470988,,2020,pit,SP
sa527925,Jon Sintes,P,0.1754000037908554,0.1754000037908554,1.0,0.0,0.0,1.5466998696327212,,2020,pit,SP
sa917999,Dauris Valdez,P,1.0,0.0,1.0,0.0,0.0,3.364361108839512,,2020,pit,RP
sa598797,Seth Simmons,P,0.34040001034736633,0.1404000073671341,1.0,0.0,0.0,2.051694704592228,,2020,pit,RP
16218,Brett Graves,P,1.0,0.0,1.0,0.0,0.0,3.2074812747538095,,2020,pit,RP
18439,Danny Young,P,1.0,0.0,1.0,0.0,0.0,2.958341160416604,ATL,2020,pit,RP
sa548357,Robbie Aviles,P,1.0,0.0,1.0,0.0,0.0,2.891944148391486,,2020,pit,RP
sa605481,Edison Frias,P,0.6676999926567078,0.07069999724626541,1.0,0.0,0.0,2.507254811376333,,2020,pit,RP
sa455370,Rayan González,P,1.0,0.0,1.0,0.0,0.0,3.002470629662276,,2020,pit,RP
9674,Vidal Nuño,P,1.0,0.0,1.0,0.0,0.0,3.229325418919325,,2020,pit,RP
6435,Vance Worley,P,0.39809998869895935,0.12809999287128448,1.0,0.0,0.0,1.9131413362920284,,2020,pit,RP
sa455890,Enrique Lechuga,P,0.18860000371932983,0.17260000109672546,1.0,0.0,0.0,1.5262210741639137,CHW,2020,pit,SP
17556,Jimmy Herget,P,1.0,0.0,1.0,0.0,0.0,2.7904040388762947,COL,2020,pit,RP
22343,A.J. Alexy,P,0.1754000037908554,0.1754000037908554,1.0,0.0,0.0,1.5245904229581355,,2020,pit,SP
sa875183,Bubba Derby,P,0.25049999356269836,0.15950000286102295,1.0,0.0,0.0,1.9179650574922564,,2020,pit,SP
22487,Johan Oviedo,P,0.18199999630451202,0.17399999499320984,1.0,0.0,0.0,2.1065240599215036,BOS,2020,pit,SP
sa737475,Anyelo Gómez,P,1.0,0.0,1.0,0.0,0.0,3.0232609502971175,,2020,pit,RP
sa3007999,Tyler Jones,P,0.4648999869823456,0.11389999836683273,1.0,0.0,0.0,2.4670050404965878,,2020,pit,RP
sa880382,Brady Bowen,P,1.0,0.0,1.0,0.0,0.0,2.9676241062581545,,2020,pit,RP
sa873279,Jim McDade,P,0.3312999904155731,0.14229999482631683,1.0,0.0,0.0,2.0481253817677505,,2020,pit,RP
sa684104,Elniery García,P,0.3824000060558319,0.131400004029274,1.0,0.0,0.0,2.0632214456796643,,2020,pit,RP
sa577706,Kyle McMyne,P,0.9085000157356262,0.019500000402331352,1.0,0.0,0.0,2.7896388575434687,,2020,pit,RP
23426,Max Lazar,P,0.29339998960494995,0.15039999783039093,1.0,0.0,0.0,1.9391011081635954,PHI,2020,pit,SP
11663,Mayckol Guaipe,P,1.0,0.0,1.0,0.0,0.0,2.98178525865078,CHW,2020,pit,RP
sa657697,Pedro Fernandez,P,0.375,0.13300000131130219,1.0,0.0,0.0,2.013261325657368,,2020,pit,RP
sa658514,Nick Pasquale,P,1.0,0.0,1.0,0.0,0.0,3.199855970591307,ATL,2020,pit,RP
sa918944,Sean Isaac,P,0.515999972820282,0.10300000011920929,1.0,0.0,0.0,2.5571706764400006,,2020,pit,RP
4732,Matt Cain,P,0.20839999616146088,0.16840000450611115,1.0,0.0,0.0,2.06591883674264,,2020,pit,SP
sa737866,Taylor Grover,P,1.0,0.0,1.0,0.0,0.0,3.058915711939335,,2020,pit,RP
sa875346,Danny Dopico,P,1.0,0.0,1.0,0.0,0.0,2.976121157407761,,2020,pit,RP
sa3006990,Bryan Menendez,P,0.9217000007629395,0.016699999570846558,1.0,0.0,0.0,3.1394040793180467,,2020,pit,RP
sa738439,Jason Jester,P,1.0,0.0,1.0,0.0,0.0,3.0700652234256265,,2020,pit,RP
sa503650,Jonathan Vargas,P,0.1754000037908554,0.1754000037908554,1.0,0.0,0.0,1.4444999784231194,,2020,pit,SP
25097,Garrett Hill,P,0.1754000037908554,0.1754000037908554,1.0,0.0,0.0,1.5854452945291992,,2020,pit,SP
sa875209,Ian Oxnevad,P,0.21089999377727509,0.1678999960422516,1.0,0.0,0.0,1.8287493005394935,,2020,pit,SP
19835,Gerson Garabito,P,0.1754000037908554,0.1754000037908554,1.0,0.0,0.0,1.7067211791872974,MIL,2020,pit,SP
sa875297,Jon Olczak,P,1.0,0.0,1.0,0.0,0.0,2.9814187929034235,,2020,pit,RP
sa915622,Kade McClure,P,0.1754000037908554,0.1754000037908554,1.0,0.0,0.0,1.3866599865257743,,2020,pit,SP
5057,Yohan Flande,P,1.0,0.0,1.0,0.0,0.0,2.7069588467478756,COL,2020,pit,RP
10302,Chris Heston,P,0.557200014591217,0.094200000166893,1.0,0.0,0.0,2.2176293313503264,,2020,pit,RP
17792,Patrick Weigel,P,1.8518999814987183,0.0,1.8518999814987183,0.0,0.28130000829696655,7.552671913802623,COL,2020,pit,RP
sa827389,Trey Cochran-Gill,P,0.8432999849319458,0.0333000011742115,1.0,0.0,0.0,2.729198937118053,,2020,pit,RP
sa977116,Luis Payan,P,0.3222000002861023,0.14419999718666077,1.0,0.0,0.0,1.8024957016110421,,2020,pit,RP
sa455420,Jarret Martin,P,1.0,0.0,1.0,0.0,0.0,3.119954840838909,,2020,pit,RP
13420,Matt Koch,P,1.0,0.0,1.0,0.0,0.0,2.6392186425626285,,2020,pit,RP
6166,Logan Kensing,P,1.0,0.0,1.0,0.0,0.0,2.815205214172602,,2020,pit,RP
21045,Seth Martinez,P,1.0,0.0,1.0,0.0,0.0,2.9726053848862652,BOS,2020,pit,RP
sa731235,Kyle Schepel,P,1.0,0.0,1.0,0.0,0.0,3.0480600528419015,,2020,pit,RP
sa550714,Johendí Jiminian,P,0.33709999918937683,0.14110000431537628,1.0,0.0,0.0,1.9274545796215539,,2020,pit,RP
sa875301,Nicholas Economos,P,0.20430000126361847,0.16930000483989716,1.0,0.0,0.0,1.7965443700551984,,2020,pit,SP
sa872726,Tom Hackimer,P,1.0,0.0,1.0,0.0,0.0,2.914755795896054,,2020,pit,RP
sa599215,Scott Squier,P,1.0,0.0,1.0,0.0,0.0,3.1217210069298744,,2020,pit,RP
10197,Shelby Miller,P,4.163000106811523,1.2000000476837158,9.323699951171875,0.0,0.27709999680519104,25.49553900957108,CHC,2020,pit,RP
15288,Adam Cimber,P,20.370399475097656,0.0,20.370399475097656,0.2639999985694885,4.617800235748291,85.10264424085618,,2020,pit,RP
sa738460,Travis Ott,P,0.8432999849319458,0.0333000011742115,1.0,0.0,0.0,3.2409653894603254,TBR,2020,pit,RP
sa550026,William Oliver,P,0.1754000037908554,0.1754000037908554,1.0,0.0,0.0,1.5316412337124348,NYY,2020,pit,SP
sa3007721,Josh Roberson,P,0.1754000037908554,0.1754000037908554,1.0,0.0,0.0,1.8730811305344104,,2020,pit,SP
12232,Cody Hall,P,1.0,0.0,1.0,0.0,0.0,3.046278981119394,,2020,pit,RP
sa736833,Francisco Rios,P,0.882099986076355,0.025100000202655792,1.0,0.0,0.0,2.6068504951894282,,2020,pit,RP
sa656048,Eudis Idrogo,P,0.39149999618530273,0.12950000166893005,1.0,0.0,0.0,1.9355999611318113,,2020,pit,RP
sa3004606,Trevor Charpie,P,1.0,0.0,1.0,0.0,0.0,2.905338890850544,,2020,pit,RP
sa920466,Colton Thomson,P,1.0,0.0,1.0,0.0,0.0,3.030179834365845,,2020,pit,RP
sa597557,Luis Mateo,P,0.25049999356269836,0.15950000286102295,1.0,0.0,0.0,1.8093347176909442,NYM,2020,pit,SP
20739,Humberto Mejía,P,0.2199999988079071,0.16599999368190765,1.0,0.0,0.0,2.0990747846662994,,2020,pit,SP
17583,Marcos Diplán,P,0.5712000131607056,0.09120000153779984,1.0,0.0,0.0,1.921539999544621,,2020,pit,RP
sa3004713,Tim Naughton,P,1.0,0.0,1.0,0.0,0.0,2.4715746670961383,DET,2020,pit,RP
13119,Taylor Jungmann,P,1.0,0.0,1.0,0.0,0.0,2.947855860739947,,2020,pit,RP
sa873262,Zac Ryan,P,1.0,0.0,1.0,0.0,0.0,3.099259797483683,,2020,pit,RP
sa917821,Luis Ramirez,P,0.7469000220298767,0.05389999970793724,1.0,0.0,0.0,2.5553386777639395,,2020,pit,RP
sa3004743,Tyler Jackson,P,0.4814000129699707,0.1103999987244606,1.0,0.0,0.0,2.1483598761260514,SEA,2020,pit,RP
11240,Kevin Chapman,P,1.0,0.0,1.0,0.0,0.0,2.949064011126757,,2020,pit,RP
sa547827,Miguel Nunez,P,0.7484999895095825,0.05350000038743019,1.0,0.0,0.0,2.6667747840285307,,2020,pit,RP
sa550364,Dusty Isaacs,P,1.0,0.0,1.0,0.0,0.0,3.1049653291702275,,2020,pit,RP
sa554616,Ryan Kussmaul,P,0.25049999356269836,0.15950000286102295,1.0,0.0,0.0,1.7569400414824483,,2020,pit,SP
sa597430,Oriel L Caicedo,P,0.3197000026702881,0.14470000565052032,1.0,0.0,0.0,1.8235400281846519,,2020,pit,RP
sa738946,Parker Bugg,P,1.0,0.0,1.0,0.0,0.0,3.3664052419364454,,2020,pit,RP
sa3007959,Durbin Feltman,P,1.0,0.0,1.0,0.0,0.0,3.095929571986199,OAK,2020,pit,RP
9926,Bobby Parnell,P,1.0,0.0,1.0,0.0,0.0,2.904318672418595,,2020,pit,RP
sa3007818,Jackson Rees,P,1.0,0.0,1.0,0.0,0.0,2.8734588697552685,,2020,pit,RP
sa548326,Blake Perry,P,1.0,0.0,1.0,0.0,0.0,3.031845344603062,,2020,pit,RP
sa915635,Jesse Stallings,P,1.0,0.0,1.0,0.0,0.0,2.581681255996228,,2020,pit,RP
sa875272,Logan Sendelbach,P,0.7369999885559082,0.0560000017285347,1.0,0.0,0.0,2.5156453132629397,,2020,pit,RP
sa857554,Mike Wallace,P,0.30489999055862427,0.14790000021457672,1.0,0.0,0.0,1.6952585861086846,,2020,pit,RP
17092,Domingo Acevedo,P,1.0,0.0,1.0,0.0,0.0,2.820781171321869,,2020,pit,RP
10234,Bryan Morris,P,1.0,0.0,1.0,0.0,0.0,2.8400842651724822,,2020,pit,RP
7474,Ryan Webb,P,1.0,0.0,1.0,0.0,0.0,2.7661360181868084,,2020,pit,RP
20009,Kenny Rosenberg,P,0.25540000200271606,0.15839999914169312,1.0,0.0,0.0,2.2164692938327795,,2020,pit,SP
sa550547,Esmerling De La Rosa,P,0.6453999876976013,0.07540000230073929,1.0,0.0,0.0,2.456641362607479,,2020,pit,RP
sa827154,Kenny Koplove,P,1.0,0.0,1.0,0.0,0.0,3.0507158964872367,COL,2020,pit,RP
sa3004213,Alex Manasa,P,0.1754000037908554,0.1754000037908554,1.0,0.0,0.0,1.5896304324269295,,2020,pit,SP
sa876023,Jack Charleston,P,1.0,0.0,1.0,0.0,0.0,2.767329442501068,CHW,2020,pit,RP
sa3003045,Alfredo Garcia,P,0.1754000037908554,0.1754000037908554,1.0,0.0,0.0,1.462541256844998,,2020,pit,SP
19548,JD Hammer,P,1.0,0.0,1.0,0.0,0.0,3.009901163727045,,2020,pit,RP
24935,Chris Vallimont,P,0.1754000037908554,0.1754000037908554,1.0,0.0,0.0,1.6457611083984376,,2020,pit,SP
sa3005162,Frank Rubio,P,1.0,0.0,1.0,0.0,0.0,3.228694770485163,,2020,pit,RP
sa3004362,Jonathan Cheshire,P,1.0,0.0,1.0,0.0,0.0,2.710195914655924,,2020,pit,RP
23301,Janson Junk,P,0.2644999921321869,0.15649999678134918,1.0,0.0,0.0,1.6127159014344223,MIA,2020,pit,SP
sa549785,Tom Windle,P,1.0,0.0,1.0,0.0,0.0,3.059298771619797,,2020,pit,RP
sa392227,Roy Merritt,P,0.1754000037908554,0.1754000037908554,1.0,0.0,0.0,1.51159878373146,,2020,pit,SP
sa917950,Travis MacGregor,P,0.1754000037908554,0.1754000037908554,1.0,0.0,0.0,1.6840238139033326,NYY,2020,pit,SP
sa795280,Erasmo Pinales,P,1.0,0.0,1.0,0.0,0.0,3.1212653279304505,,2020,pit,RP
18719,Seunghwan Oh,P,1.0,0.0,1.0,0.0,0.0,3.078396079689264,,2020,pit,RP
sa598434,Tyson Perez,P,0.835099995136261,0.035100001841783524,1.0,0.0,0.0,2.6319440737366677,,2020,pit,RP
sa830278,Randy Valladares,P,1.0,0.0,1.0,0.0,0.0,3.0359293393790723,,2020,pit,RP
24590,John Rooney,P,0.1754000037908554,0.1754000037908554,1.0,0.0,0.0,1.8103199675679211,TBR,2020,pit,SP
sa872824,Pedro Vasquez,P,0.19189999997615814,0.17190000414848328,1.0,0.0,0.0,1.7103307917714123,,2020,pit,SP
18376,Connor Overton,P,1.0,0.0,1.0,0.0,0.0,2.8671241305768493,,2020,pit,RP
sa658128,Daniel Minor,P,0.1754000037908554,0.1754000037908554,1.0,0.0,0.0,1.473963968455792,,2020,pit,SP
sa3007958,Cody Deason,P,0.23070000112056732,0.16369999945163727,1.0,0.0,0.0,1.8741359509527684,,2020,pit,SP
sa876058,Nick Fanti,P,0.1754000037908554,0.1754000037908554,1.0,0.0,0.0,1.6206800065934654,,2020,pit,SP
sa829657,Adam Parks,P,1.0,0.0,1.0,0.0,0.0,3.0248387947678563,,2020,pit,RP
sa501947,Jorge Reyes,P,0.2150000035762787,0.16699999570846558,1.0,0.0,0.0,1.5994146145880217,,2020,pit,SP
sa875017,Dakota Chalmers,P,0.1754000037908554,0.1754000037908554,1.0,0.0,0.0,1.7155387967824933,,2020,pit,SP
sa918353,Scott Engler,P,0.7699000239372253,0.048900000751018524,1.0,0.0,0.0,2.344160095602274,,2020,pit,RP
23150,Osvaldo Bido,P,0.1754000037908554,0.1754000037908554,1.0,0.0,0.0,1.6310585677623757,NYY,2020,pit,SP
sa597505,Angel Ventura,P,0.7204999923706055,0.05950000137090683,1.0,0.0,0.0,2.5693809635937215,,2020,pit,RP
sa3007464,Kyle Glogoski,P,0.24310000240802765,0.16110000014305115,1.0,0.0,0.0,1.837958735227585,,2020,pit,SP
sa829631,Matt Blackham,P,1.0,0.0,1.0,0.0,0.0,3.3722189128398896,,2020,pit,RP
13128,Jason Wheeler,P,1.0,0.0,1.0,0.0,0.0,2.888510714471341,,2020,pit,RP
13707,Joey Krehbiel,P,1.0,0.0,1.0,0.0,0.0,2.9538748160004613,,2020,pit,RP
20061,Kaleb Ort,P,1.0,0.0,1.0,0.0,0.0,3.024394805729389,LAA,2020,pit,RP
1437,Joaquín Benoit,P,1.0,0.0,1.0,0.0,0.0,3.0191558606922633,,2020,pit,RP
8421,Adam Wilk,P,0.5827999711036682,0.08879999816417694,1.0,0.0,0.0,2.2720454476773737,,2020,pit,RP
sa3007718,Layne Henderson,P,1.0,0.0,1.0,0.0,0.0,3.050475835800171,,2020,pit,RP
sa827396,Jacob Dorris,P,1.0,0.0,1.0,0.0,0.0,2.992919980734587,,2020,pit,RP
sa828598,Cristopher Molina,P,0.20509999990463257,0.16910000145435333,1.0,0.0,0.0,1.6320601075887677,,2020,pit,SP
12178,Domingo Tapia,P,0.9142000079154968,0.018200000748038292,1.0,0.0,0.0,2.772783976793289,,2020,pit,RP
sa921224,Ryan Atkinson,P,1.0,0.0,1.0,0.0,0.0,3.118349393457174,,2020,pit,RP
sa294505,Marlon Arias,P,0.1754000037908554,0.1754000037908554,1.0,0.0,0.0,1.6554947018623358,ARI,2020,pit,SP
sa578783,Lindsey Caughel,P,0.5514000058174133,0.09539999812841415,1.0,0.0,0.0,2.314256154000759,,2020,pit,RP
22182,Hunter Greene,P,0.1754000037908554,0.1754000037908554,1.0,0.0,0.0,1.4415746510028842,CIN,2020,pit,SP
6697,Miguel Socolovich,P,1.0,0.0,1.0,0.0,0.0,2.8477388262748717,,2020,pit,RP
10636,Madison Younginer IV,P,1.0,0.0,1.0,0.0,0.0,3.019360066950321,,2020,pit,RP
sa917925,Jay Groome,P,0.1754000037908554,0.1754000037908554,1.0,0.0,0.0,1.7652106173336506,,2020,pit,SP
17639,Justin Lawrence,P,1.0,0.0,1.0,0.0,0.0,2.552504140883684,PIT,2020,pit,RP
sa3001059,Jorge Martinez,P,0.18289999663829803,0.17389999330043793,1.0,0.0,0.0,1.5136210873723024,,2020,pit,SP
15179,Daniel Wright,P,0.608299970626831,0.08330000191926956,1.0,0.0,0.0,2.2394788466393956,,2020,pit,RP
14382,Wei-Chung Wang,P,1.0,0.0,1.0,0.0,0.0,2.716534691303969,,2020,pit,RP
sa873691,Brett Adcock,P,0.20839999616146088,0.16840000450611115,1.0,0.0,0.0,1.9112959168851371,,2020,pit,SP
21290,Lucas Gilbreath,P,0.1754000037908554,0.1754000037908554,1.0,0.0,0.0,1.2563388533890247,COL,2020,pit,SP
sa658332,Shane Dawson,P,0.25049999356269836,0.15950000286102295,1.0,0.0,0.0,1.6576601408422,TOR,2020,pit,SP
sa3002917,Rafael Kelly,P,0.24310000240802765,0.16110000014305115,1.0,0.0,0.0,1.7887199722230434,,2020,pit,SP
sa737676,Yapson Gomez,P,1.0,0.0,1.0,0.0,0.0,2.901305066049099,,2020,pit,RP
sa597316,Luis Rico,P,1.0,0.0,1.0,0.0,0.0,2.9860556848347186,,2020,pit,RP
21366,Glenn Otto Jr.,P,0.20839999616146088,0.16840000450611115,1.0,0.0,0.0,1.5947762466967101,HOU,2020,pit,SP
3855,Brett Oberholtzer,P,0.9513999819755554,0.010400000028312206,1.0,0.0,0.0,2.711374678462744,,2020,pit,RP
sa3008387,Damon Casetta-Stubbs,P,0.19769999384880066,0.17069999873638153,1.0,0.0,0.0,1.7182893753051758,,2020,pit,SP
sa918587,Kevin Hill,P,1.0,0.0,1.0,0.0,0.0,2.944018912315369,,2020,pit,RP
sa920186,Brady Anderson,P,0.3296000063419342,0.14259999990463257,1.0,0.0,0.0,1.8132613427937025,,2020,pit,RP
sa875342,Domenic Mazza,P,0.2578999996185303,0.15790000557899475,1.0,0.0,0.0,1.6995652846992013,,2020,pit,SP
sa874248,Oddy Nunez,P,0.1754000037908554,0.1754000037908554,1.0,0.0,0.0,1.5848386973142623,,2020,pit,SP
19642,Eduardo Jiménez,P,1.0,0.0,1.0,0.0,0.0,2.5258158259093766,,2020,pit,RP
sa701548,Willy Ortiz,P,0.4846000075340271,0.1096000000834465,1.0,0.0,0.0,2.13721870481968,,2020,pit,RP
20329,Andre Scrubb,P,0.84170001745224,0.03370000049471855,1.0,0.0,0.0,2.8628587432205683,NYM,2020,pit,RP
sa828710,Jhenderson Hurtado,P,0.5060999989509583,0.10509999841451645,1.0,0.0,0.0,2.448000167310238,,2020,pit,RP
sa736868,Yeison Medina,P,1.0,0.0,1.0,0.0,0.0,2.9092760808765896,,2020,pit,RP
sa598103,Evan Beal,P,1.0,0.0,1.0,0.0,0.0,3.229741188138724,MIA,2020,pit,RP
sa743088,Troy Neiman,P,1.0,0.0,1.0,0.0,0.0,2.9717411823570727,,2020,pit,RP
6238,Diego Moreno,P,1.0,0.0,1.0,0.0,0.0,3.1317292861640458,,2020,pit,RP
9266,Daniel Corcino,P,1.0,0.0,1.0,0.0,0.0,3.072621262073517,,2020,pit,RP
sa918792,Trevor Simms,P,0.6463000178337097,0.07530000060796738,1.0,0.0,0.0,2.4298094846308227,,2020,pit,RP
sa737438,Trey Ball,P,0.8912000060081482,0.02319999970495701,1.0,0.0,0.0,2.735018898546696,,2020,pit,RP
14812,Barrett Astin,P,1.0,0.0,1.0,0.0,0.0,2.807874642312527,,2020,pit,RP
99,Zach Phillips,P,1.0,0.0,1.0,0.0,0.0,2.8884600594639784,,2020,pit,RP
7986,Ramon E Ramirez,P,1.0,0.0,1.0,0.0,0.0,2.866805367916822,,2020,pit,RP
17987,Bobby Poyner,P,0.859000027179718,0.029999999329447746,1.0,0.0,0.0,2.8165652900934224,,2020,pit,RP
sa508100,Juan Pablo Oramas,P,0.1754000037908554,0.1754000037908554,1.0,0.0,0.0,1.6889400020241734,,2020,pit,SP
sa917830,Orlandy Navarro,P,0.375,0.13300000131130219,1.0,0.0,0.0,2.1275957234203813,,2020,pit,RP
sa503277,Tristan Archer,P,0.8392000198364258,0.03420000150799751,1.0,0.0,0.0,2.6412240803241738,,2020,pit,RP
sa658002,Dylan Baker,P,1.0,0.0,1.0,0.0,0.0,2.8134611673653125,,2020,pit,RP
sa830501,Colby Blueberg,P,1.0,0.0,1.0,0.0,0.0,2.9939239703118807,,2020,pit,RP
sa508063,Irwin Delgado,P,0.20350000262260437,0.16949999332427979,1.0,0.0,0.0,1.5960545711219312,,2020,pit,SP
8725,Manny Acosta,P,1.0,0.0,1.0,0.0,0.0,2.9264852032065396,,2020,pit,RP
16866,Reed Garrett,P,1.0,0.0,1.0,0.0,0.0,3.0481640815734865,NYM,2020,pit,RP
sa919895,Willy Collado,P,1.0,0.0,1.0,0.0,0.0,2.99815476834774,,2020,pit,RP
sa578922,Beck Wheeler,P,0.8317999839782715,0.03579999879002571,1.0,0.0,0.0,2.7075546629726888,,2020,pit,RP
sa3004801,Walter Borkovich,P,0.5424000024795532,0.09740000218153,1.0,0.0,0.0,2.166238816827536,,2020,pit,RP
sa3004648,Seth Corry,P,0.18199999630451202,0.17399999499320984,1.0,0.0,0.0,2.238765267282725,,2020,pit,SP
sa550008,Ben Griset,P,0.7056000232696533,0.06260000169277191,1.0,0.0,0.0,2.5382946982979777,,2020,pit,RP
20045,Sean Guenther,P,0.7378000020980835,0.055799998342990875,1.0,0.0,0.0,2.6558853328228,DET,2020,pit,RP
sa3006825,Alex Royalty,P,0.18199999630451202,0.17399999499320984,1.0,0.0,0.0,1.5835746616125106,,2020,pit,SP
6248,Aaron Laffey,P,1.0,0.0,1.0,0.0,0.0,2.2711494751274586,,2020,pit,RP
sa502697,Jordan Harrison,P,1.0,0.0,1.0,0.0,0.0,2.9514211013913156,,2020,pit,RP
sa508712,Alejandro Astorga,P,0.19850000739097595,0.1704999953508377,1.0,0.0,0.0,1.5596694387495518,,2020,pit,SP
13946,Tim Peterson,P,1.0,0.0,1.0,0.0,0.0,2.7422388643026356,,2020,pit,RP
18854,Ben Meyer,P,1.0,0.0,1.0,0.0,0.0,2.572518724203109,COL,2020,pit,RP
22304,Brenan Hanifee,P,0.19030000269412994,0.17229999601840973,1.0,0.0,0.0,0.7583759553730487,DET,2020,pit,SP
sa875972,Keegan Long,P,1.0,0.0,1.0,0.0,0.0,2.8368212379515176,,2020,pit,RP
sa875299,Josh Roeder,P,0.4146000146865845,0.12460000067949295,1.0,0.0,0.0,1.991785278916359,,2020,pit,RP
22224,Jonathan Heasley,P,0.2150000035762787,0.16699999570846558,1.0,0.0,0.0,1.6188946895301348,KCR,2020,pit,SP
sa828365,Gabriel Valdez,P,0.5993000268936157,0.08529999852180481,1.0,0.0,0.0,2.3913094222545626,,2020,pit,RP
sa827467,Jared Miller,P,1.0,0.0,1.0,0.0,0.0,3.1671853043138984,,2020,pit,RP
sa829470,Argenis Angulo,P,0.9273999929428101,0.015399999916553497,1.0,0.0,0.0,3.1051958084106452,,2020,pit,RP
sa3004599,Joe Cavallaro,P,0.4846000075340271,0.1096000000834465,1.0,0.0,0.0,2.4881810121238233,,2020,pit,RP
sa829656,Bryan Dobzanski,P,0.9125999808311462,0.01860000006854534,1.0,0.0,0.0,3.0351451292634013,,2020,pit,RP
sa829024,Gage Hinsz,P,0.18369999527931213,0.1737000048160553,1.0,0.0,0.0,1.528110685944557,,2020,pit,SP
sa501449,Miguel Pena,P,0.3305000066757202,0.14249999821186066,1.0,0.0,0.0,1.819461067765951,,2020,pit,RP
sa599334,Wyatt Strahan,P,0.8945000171661377,0.02250000089406967,1.0,0.0,0.0,2.4053054623305803,,2020,pit,RP
sa657974,Tyler Pike,P,0.828499972820282,0.0364999994635582,1.0,0.0,0.0,2.918510769307614,,2020,pit,RP
sa876164,Tyler Watson,P,0.2190999984741211,0.16609999537467957,1.0,0.0,0.0,1.5368254072964196,,2020,pit,SP
888,Scott Carroll,P,1.0,0.0,1.0,0.0,0.0,2.7151158370077613,,2020,pit,RP
24750,Frank German,P,0.18529999256134033,0.17329999804496765,1.0,0.0,0.0,1.454665403068065,,2020,pit,SP
15627,Dillon Overton,P,0.6923999786376953,0.06539999693632126,1.0,0.0,0.0,2.455778690427542,,2020,pit,RP
19940,Jhon Romero,P,1.0,0.0,1.0,0.0,0.0,2.8944652259349826,,2020,pit,RP
sa659458,Kurt Spomer,P,1.0,0.0,1.0,0.0,0.0,2.769801062345505,,2020,pit,RP
sa920921,Jayson McKinley,P,1.0,0.0,1.0,0.0,0.0,3.169029412418604,,2020,pit,RP
sa550675,Fernando Baez,P/C,0.6875,0.06650000065565109,1.0,0.0,0.0,2.7301904536783694,,2020,pit,RP
sa3005060,Marcelo Martinez,P,0.25870001316070557,0.15770000219345093,1.0,0.0,0.0,1.7940757915377619,,2020,pit,SP
sa577012,Mitch Lambson,P,0.1754000037908554,0.1754000037908554,1.0,0.0,0.0,1.4973240166902544,,2020,pit,SP
sa3004602,Alex FaGalde,P,0.18289999663829803,0.17389999330043793,1.0,0.0,0.0,1.8902211718261248,,2020,pit,SP
sa3008227,Michael Byrne,P,0.5942999720573425,0.08630000054836273,1.0,0.0,0.0,1.9957454361021516,,2020,pit,RP
sa875772,Stephan Meyer,P,0.18700000643730164,0.17299999296665192,1.0,0.0,0.0,1.5482547245919709,PIT,2020,pit,SP
4858,Ryan Kelly,P,1.0,0.0,1.0,0.0,0.0,3.016121421009302,,2020,pit,RP
sa829666,Zach Lewis,P,0.2578999996185303,0.15790000557899475,1.0,0.0,0.0,1.5233610004186624,CHW,2020,pit,SP
16459,Joe Harvey,P,1.0,0.0,1.0,0.0,0.0,2.8355612076818946,,2020,pit,RP
12962,Abel De Los Santos,P,1.0,0.0,1.0,0.0,0.0,2.701361110806465,,2020,pit,RP
15068,Yency Almonte,P,14.07409954071045,0.0,14.07409954071045,0.0,1.2447999715805054,43.71775258779524,LAD,2020,pit,RP
14416,Yunior Marte,P,1.0,0.0,1.0,0.0,0.0,2.9875253893435008,CIN,2020,pit,RP
10029,Patrick Schuster,P,1.0,0.0,1.0,0.0,0.0,2.817298590391875,,2020,pit,RP
7560,Colt Hynes,P,1.0,0.0,1.0,0.0,0.0,2.7128211744129658,,2020,pit,RP
4971,Fernando Salas,P,1.0,0.0,1.0,0.0,0.0,2.5475747264921664,,2020,pit,RP
sa659907,Joshua Torres,P,0.9315999746322632,0.014600000344216824,1.0,0.0,0.0,2.8722694635391237,,2020,pit,RP
sa919042,Sergio Pacheco,P,0.3625999987125397,0.1356000006198883,1.0,0.0,0.0,1.4059401057660579,,2020,pit,RP
sa596959,Daury Torrez,P,0.6850000023841858,0.06700000166893005,1.0,0.0,0.0,2.398725378513336,,2020,pit,RP
sa918846,Mark Zimmerman,P,0.1754000037908554,0.1754000037908554,1.0,0.0,0.0,1.7901360943913458,,2020,pit,SP
15603,Ariel Hernández,P,1.0,0.0,1.0,0.0,0.0,3.131370574235916,,2020,pit,RP
sa921578,Enmanuel Solano,P,0.20679999887943268,0.1687999963760376,1.0,0.0,0.0,1.7173814080655578,,2020,pit,SP
3895,Enrique Burgos,P,1.0,0.0,1.0,0.0,0.0,3.253624142706394,,2020,pit,RP
11712,Erik Goeddel,P,1.0,0.0,1.0,0.0,0.0,2.9708199106156834,,2020,pit,RP
9832,Carlos Fisher,P,1.0,0.0,1.0,0.0,0.0,2.904945510625839,SDP,2020,pit,RP
10039,Keyvius Sampson,P,0.8112000226974487,0.04019999876618385,1.0,0.0,0.0,2.7843412324786185,,2020,pit,RP
sa3004584,Drew Strotman,P,0.1754000037908554,0.1754000037908554,1.0,0.0,0.0,1.8124106734991074,,2020,pit,SP
14449,Chris Smith,P,1.0,0.0,1.0,0.0,0.0,2.949750618636608,,2020,pit,RP
13331,William Cuevas,P,0.9027000069618225,0.02070000022649765,1.0,0.0,0.0,2.8515907615423206,,2020,pit,RP
14399,Robinson Leyer,P,0.916700005531311,0.01769999973475933,1.0,0.0,0.0,3.077881141752005,,2020,pit,RP
sa657843,Ramon Santos,P,0.8037999868392944,0.04179999977350235,1.0,0.0,0.0,2.786674566566944,,2020,pit,RP
sa875616,Justin Donatella,P,0.30239999294281006,0.14839999377727509,1.0,0.0,0.0,2.068009302020073,,2020,pit,RP
15007,Yacksel Ríos,P,1.0,0.0,1.0,0.0,0.0,3.1157093450427054,CHC,2020,pit,RP
sa503669,Jake Johansen,P,1.0,0.0,1.0,0.0,0.0,2.806205160915852,,2020,pit,RP
sa550679,Dario Beltre,P,1.0,0.0,1.0,0.0,0.0,2.972995829582214,,2020,pit,RP
sa3006830,Dallas Litscher,P,0.20180000364780426,0.16979999840259552,1.0,0.0,0.0,0.994640120118857,,2020,pit,SP
sa657740,Juan Martinez,P,0.8062000274658203,0.041200000792741776,1.0,0.0,0.0,2.5492040731012824,,2020,pit,RP
sa874197,Stephen Villines,P,1.0,0.0,1.0,0.0,0.0,3.157649441808463,,2020,pit,RP
sa737066,Jesus Zambrano,P,0.9200000166893005,0.017000000923871994,1.0,0.0,0.0,2.798501090705395,,2020,pit,RP
2873,Santiago Casilla,P,1.0,0.0,1.0,0.0,0.0,2.8761000037193303,,2020,pit,RP
sa548492,Jacob Dahlstrand,P,0.45910000801086426,0.11509999632835388,1.0,0.0,0.0,2.0124947346746924,,2020,pit,RP
19804,Bryan Baker,P,1.0,0.0,1.0,0.0,0.0,3.0160600118339063,TBR,2020,pit,RP
sa827471,Jeremy Rhoades,P,1.0,0.0,1.0,0.0,0.0,2.9906399853527548,,2020,pit,RP
sa919034,Kevin Malisheski,P,0.21089999377727509,0.1678999960422516,1.0,0.0,0.0,1.770445177704096,,2020,pit,SP
13401,R.J. Alvarez,P,1.0,0.0,1.0,0.0,0.0,3.1129095248878005,,2020,pit,RP
sa3007254,Ryan Tapani,P,0.4293999969959259,0.12139999866485596,1.0,0.0,0.0,1.9650241926312448,WSN,2020,pit,RP
sa3004944,John Swanda,P,0.1754000037908554,0.1754000037908554,1.0,0.0,0.0,1.3446589216589926,,2020,pit,SP
11388,Danny Barnes,P,1.0,0.0,1.0,0.0,0.0,2.847685277462005,,2020,pit,RP
4089,James Russell,P,1.0,0.0,1.0,0.0,0.0,2.7415705658495426,,2020,pit,RP
11132,A.J. Griffin,P,0.23229999840259552,0.16329999268054962,1.0,0.0,0.0,1.7892387337982654,,2020,pit,SP
14353,Caleb Frare,P,1.0,0.0,1.0,0.0,0.0,3.291085235029459,,2020,pit,RP
sa945471,Cameron Mingo,P,0.2727000117301941,0.15469999611377716,1.0,0.0,0.0,1.7252013020217416,CLE,2020,pit,SP
sa597196,Carlos Diaz,P,1.0,0.0,1.0,0.0,0.0,2.931790553033352,,2020,pit,RP
17553,Andrew Moore,P,0.1754000037908554,0.1754000037908554,1.0,0.0,0.0,1.7968852423131465,,2020,pit,SP
sa737935,Jonah Wesely,P,1.0,0.0,1.0,0.0,0.0,2.9581200145185,,2020,pit,RP
sa915807,Dakota Mekkes,P,1.0,0.0,1.0,0.0,0.0,3.1310213081538683,,2020,pit,RP
15928,Cody Ege,P,1.0,0.0,1.0,0.0,0.0,2.8521612830460072,,2020,pit,RP
sa918392,Will Hibbs,P,1.0,0.0,1.0,0.0,0.0,2.898750568181277,PHI,2020,pit,RP
16086,Edubray Ramos,P,1.0,0.0,1.0,0.0,0.0,2.654805193096399,,2020,pit,RP
sa548243,Yordy Cabrera,P/SS,0.6948999762535095,0.0649000033736229,1.0,0.0,0.0,2.3851013191044332,,2020,pit,RP
sa659265,Nolan Long,P,0.906000018119812,0.019999999552965164,1.0,0.0,0.0,3.1175306938588627,,2020,pit,RP
sa918420,Connor Grey,P,0.640500009059906,0.07649999856948853,1.0,0.0,0.0,2.306281097978354,,2020,pit,RP
sa840024,Nolan Riggs,P,1.0,0.0,1.0,0.0,0.0,3.269770639389754,HOU,2020,pit,RP
3397,Jumbo Diaz,P,1.0,0.0,1.0,0.0,0.0,3.233495895564556,,2020,pit,RP
sa875269,Darin Gillies,P,0.9142000079154968,0.018200000748038292,1.0,0.0,0.0,2.8420453436672686,,2020,pit,RP
sa873220,Wennington Romero,P,0.1754000037908554,0.1754000037908554,1.0,0.0,0.0,1.2378358744084834,,2020,pit,SP
sa3008261,Blake Rivera,P,0.18619999289512634,0.17319999635219574,1.0,0.0,0.0,2.034218784421683,,2020,pit,SP
sa3004233,Durin O'Linger,P,0.5497999787330627,0.0957999974489212,1.0,0.0,0.0,2.27227879986167,,2020,pit,RP
sa3005692,Efrain Contreras,P,0.18950000405311584,0.17249999940395355,1.0,0.0,0.0,1.8651199594140047,LAA,2020,pit,SP
sa829049,Emilio Ogando,P,0.8252000212669373,0.03720000013709068,1.0,0.0,0.0,2.633538809418678,,2020,pit,RP
sa3008595,Alex Phillips,P,0.916700005531311,0.01769999973475933,1.0,0.0,0.0,2.6875759705901143,,2020,pit,RP
sa3004475,Jake Dahlberg,P,0.18529999256134033,0.17329999804496765,1.0,0.0,0.0,1.4446198038756841,,2020,pit,SP
sa918371,Jake Winston,P,0.5637999773025513,0.09279999881982803,1.0,0.0,0.0,2.2710012033581735,,2020,pit,RP
sa328310,Alessandro Maestri,P,0.1754000037908554,0.1754000037908554,1.0,0.0,0.0,1.4552052728831772,CHC,2020,pit,SP
sa3004441,Ivan Pelaez,P,0.7419000267982483,0.05490000173449516,1.0,0.0,0.0,2.59409866258502,,2020,pit,RP
sa549980,Ryan Halstead,P,0.5950999855995178,0.08609999716281891,1.0,0.0,0.0,2.6870988070964814,,2020,pit,RP
sa3003994,Evan Guillory,P,0.19689999520778656,0.17090000212192535,1.0,0.0,0.0,1.6998295776545995,,2020,pit,SP
sa3008597,Joe DeMers,P,0.2851000130176544,0.15209999680519104,1.0,0.0,0.0,1.6967505820095536,,2020,pit,SP
4168,Edward Paredes,P,1.0,0.0,1.0,0.0,0.0,2.971084167063237,,2020,pit,RP
22175,Max Kranick,P,0.1754000037908554,0.1754000037908554,1.0,0.0,0.0,1.5336706519126895,,2020,pit,SP
16877,Greg Mahle,P,1.0,0.0,1.0,0.0,0.0,2.699064094573259,,2020,pit,RP
23499,Keaton Winn,P,0.2223999947309494,0.16539999842643738,1.0,0.0,0.0,1.9189906895160673,SFG,2020,pit,SP
sa918447,Jonathan Hennigan,P,1.0,0.0,1.0,0.0,0.0,2.866125376522542,,2020,pit,RP
7725,David Holmberg,P,0.5902000069618225,0.08720000088214874,1.0,0.0,0.0,2.1500760130584244,,2020,pit,RP
sa550328,Kenneth Sigman,P,0.2232999950647354,0.16529999673366547,1.0,0.0,0.0,1.5065892294049261,,2020,pit,SP
sa709717,Michael Johnson,P,0.84170001745224,0.03370000049471855,1.0,0.0,0.0,2.635898883640766,,2020,pit,RP
739,Kyle Lohse,P,0.1754000037908554,0.1754000037908554,1.0,0.0,0.0,1.3939305685460561,,2020,pit,SP
sa658824,Bryan Bonnell,P,0.9240999817848206,0.016100000590085983,1.0,0.0,0.0,2.8644390158355244,,2020,pit,RP
sa918196,Trevor Lane,P,1.0,0.0,1.0,0.0,0.0,2.6706945769488812,,2020,pit,RP
12562,Jack Leathersich,P,1.0,0.0,1.0,0.0,0.0,3.1476694434881214,,2020,pit,RP
sa3007456,Ricky Salinas,P,0.1754000037908554,0.1754000037908554,1.0,0.0,0.0,1.2223907999694341,,2020,pit,SP
10285,Josh Smoker,P,1.0,0.0,1.0,0.0,0.0,2.9390145316720013,,2020,pit,RP
sa550244,El'Hajj Muhammad,P,1.0,0.0,1.0,0.0,0.0,2.6153358884155753,,2020,pit,RP
sa917324,Elio Serrano,P,0.25049999356269836,0.15950000286102295,1.0,0.0,0.0,1.8267106741666796,,2020,pit,SP
sa3005352,Jose Olague,P,0.1754000037908554,0.1754000037908554,1.0,0.0,0.0,1.4550842225551603,,2020,pit,SP
sa857572,Austin Sexton,P,0.9118000268936157,0.018799999728798866,1.0,0.0,0.0,2.7618198662996294,,2020,pit,RP
sa857686,Tate Scioneaux,P,1.0,0.0,1.0,0.0,0.0,2.54066131785512,,2020,pit,RP
sa738506,Dalton Moats,P,0.835099995136261,0.035100001841783524,1.0,0.0,0.0,2.943689242005348,,2020,pit,RP
sa658278,Luc Rennie,P,0.18860000371932983,0.17260000109672546,1.0,0.0,0.0,1.777261091023684,,2020,pit,SP
sa3004664,Ryan Dease,P,0.18950000405311584,0.17249999940395355,1.0,0.0,0.0,0.9999185368418693,TEX,2020,pit,SP
sa599231,Justin Kamplain,P,1.0,0.0,1.0,0.0,0.0,2.706970462203026,NYY,2020,pit,RP
sa918774,Matt Smith,P,0.218299999833107,0.1662999987602234,1.0,0.0,0.0,1.5211293727159507,,2020,pit,SP
sa875206,Andre Davis,P,0.19280000030994415,0.17180000245571136,1.0,0.0,0.0,1.5254960976541043,,2020,pit,SP
sa550321,David Roseboom,P,1.0,0.0,1.0,0.0,0.0,2.929520069807768,,2020,pit,RP
sa659746,Greyfer Eregua,P,0.31310001015663147,0.1460999995470047,1.0,0.0,0.0,1.8084853455424308,,2020,pit,RP
sa875625,Anthony McIver,P,1.0,0.0,1.0,0.0,0.0,2.8104853063821795,,2020,pit,RP
sa828154,Arnaldo Hernandez,P,0.18860000371932983,0.17260000109672546,1.0,0.0,0.0,1.5265842340886593,,2020,pit,SP
15542,Chad Girodo,P,1.0,0.0,1.0,0.0,0.0,2.7032986633479594,,2020,pit,RP
sa829277,Matthew Crownover,P,0.19850000739097595,0.1704999953508377,1.0,0.0,0.0,1.5880504742264745,,2020,pit,SP
978,Bronson Arroyo,P,0.1754000037908554,0.1754000037908554,1.0,0.0,0.0,1.3680012568831446,,2020,pit,SP
sa389212,Andres Santiago,P,0.4194999933242798,0.12349999696016312,1.0,0.0,0.0,1.9329492263495922,,2020,pit,RP
sa829197,Gabriel Llanes,P,0.18289999663829803,0.17389999330043793,1.0,0.0,0.0,1.2880387432873244,,2020,pit,SP
21052,Luis Gil,P,0.1754000037908554,0.1754000037908554,1.0,0.0,0.0,1.452114883065224,NYY,2020,pit,SP
16452,Matt Wotherspoon,P,1.0,0.0,1.0,0.0,0.0,3.078084145486355,,2020,pit,RP
11366,Brandon Cumpton,P,1.0,0.0,1.0,0.0,0.0,2.53861588165164,,2020,pit,RP
sa919323,Jeff Singer,P,1.0,0.0,1.0,0.0,0.0,2.9955589279532426,,2020,pit,RP
sa876290,Blake Rogers,P,0.8680999875068665,0.02810000069439411,1.0,0.0,0.0,2.650594674050808,,2020,pit,RP
sa737486,Adonis Uceta,P,0.9018999934196472,0.020899999886751175,1.0,0.0,0.0,3.0103161416947843,,2020,pit,RP
6955,Yohan Pino,P,0.7724000215530396,0.04839999973773956,1.0,0.0,0.0,2.4672303959727286,,2020,pit,RP
6865,Jeff Manship,P,1.0,0.0,1.0,0.0,0.0,2.751249284297228,,2020,pit,RP
17505,Jorge Guzmán,P,0.18199999630451202,0.17399999499320984,1.0,0.0,0.0,2.0583094865083695,,2020,pit,SP
16537,Dusten Knight,P,0.8895000219345093,0.023499999195337296,1.0,0.0,0.0,2.784995932132006,,2020,pit,RP
sa3005462,Luis Nova,P,0.2802000045776367,0.15320000052452087,1.0,0.0,0.0,1.7433761551976206,PIT,2020,pit,SP
25178,Joe Jacques,P,0.8185999989509583,0.038600001484155655,1.0,0.0,0.0,2.667989645898342,NYM,2020,pit,RP
sa657940,Colin Rodgers,P,0.34860000014305115,0.13860000669956207,1.0,0.0,0.0,2.025309509783984,,2020,pit,RP
6883,Collin Balester,P,1.0,0.0,1.0,0.0,0.0,2.824369475990534,,2020,pit,RP
sa550551,Jhondaniel Medina,P,0.871399998664856,0.027400000020861626,1.0,0.0,0.0,2.7967610418796536,,2020,pit,RP
sa829516,Cody Palmquist,P,1.0,0.0,1.0,0.0,0.0,2.8430348545312887,,2020,pit,RP
12854,Elvis Araujo,P,1.0,0.0,1.0,0.0,0.0,2.904854612797499,,2020,pit,RP
sa828216,Henry Martinez,P,1.0,0.0,1.0,0.0,0.0,2.866625201702118,,2020,pit,RP
16455,Conner Greene,P,0.33379998803138733,0.14180000126361847,1.0,0.0,0.0,1.8464640378952026,,2020,pit,RP
1701,Chris Capuano,P,1.0,0.0,1.0,0.0,0.0,2.8381811432540416,MIL,2020,pit,RP
23592,Brett de Geus,P,1.0,0.0,1.0,0.0,0.0,2.8983252748847015,,2020,pit,RP
sa875679,Tyler Brashears,P,0.3222000002861023,0.14419999718666077,1.0,0.0,0.0,2.1182507038116456,TBR,2020,pit,RP
6688,Francisco Rodriguez,P,0.1754000037908554,0.1754000037908554,1.0,0.0,0.0,1.3489211924374112,,2020,pit,SP
sa3007490,C.J. Carter,P,1.0,0.0,1.0,0.0,0.0,3.139621137827635,,2020,pit,RP
21487,Stephen Kolek,P,0.18860000371932983,0.17260000109672546,1.0,0.0,0.0,1.5494641549885269,KCR,2020,pit,SP
sa3006816,Adrian Del Moral,P,0.1754000037908554,0.1754000037908554,1.0,0.0,0.0,1.60256015136838,,2020,pit,SP
18,Neftalí Feliz,P,1.0,0.0,1.0,0.0,0.0,2.9509789496660237,,2020,pit,RP
sa971745,Josh Tols,P,1.0,0.0,1.0,0.0,0.0,2.998674566298723,,2020,pit,RP
1122,Joe Nathan,P,1.0,0.0,1.0,0.0,0.0,2.8097094200551513,,2020,pit,RP
9894,Mike Broadway,P,1.0,0.0,1.0,0.0,0.0,2.909455752372742,,2020,pit,RP
sa830629,Wilmer Rios,P,0.3610000014305115,0.13600000739097595,1.0,0.0,0.0,1.7269612766802314,,2020,pit,RP
sa876081,Fitz Stadler,P,0.2752000093460083,0.1542000025510788,1.0,0.0,0.0,1.5387588299810888,,2020,pit,SP
sa875845,Cameron Gann,P,1.0,0.0,1.0,0.0,0.0,3.0991904936730865,,2020,pit,RP
sa918815,Pat Krall,P,0.8475000262260437,0.032499998807907104,1.0,0.0,0.0,2.499860019981862,,2020,pit,RP
10267,Tanner Scheppers,P,1.0,0.0,1.0,0.0,0.0,2.7973694093525414,,2020,pit,RP
sa877307,Pedro Echemendia,P,0.762499988079071,0.05050000175833702,1.0,0.0,0.0,2.5787989638745787,,2020,pit,RP
11440,Johnny Barbato,P,1.0,0.0,1.0,0.0,0.0,2.896130539476872,,2020,pit,RP
sa738902,Scott Moss,P,3.703700065612793,0.0,3.703700065612793,0.0,0.2754000127315521,13.91543286442757,,2020,pit,RP
1011,Ryan Vogelsong,P,0.3222000002861023,0.14419999718666077,1.0,0.0,0.0,1.8086787857115274,,2020,pit,RP
sa917752,Jaison Vilera,P,0.19769999384880066,0.17069999873638153,1.0,0.0,0.0,1.786804154515266,,2020,pit,SP
sa737851,Buddy Borden,P,1.0,0.0,1.0,0.0,0.0,2.934363912045955,,2020,pit,RP
5106,Guillermo Moscoso,P,0.19189999997615814,0.17190000414848328,1.0,0.0,0.0,1.5114809669554234,,2020,pit,SP
sa875233,Gray Fenter,P,0.2215999960899353,0.1656000018119812,1.0,0.0,0.0,1.089338906109333,,2020,pit,SP
sa658572,Geoff Broussard,P,1.0,0.0,1.0,0.0,0.0,2.837799952924252,,2020,pit,RP
sa3004803,Brendan Feldmann,P,1.0,0.0,1.0,0.0,0.0,2.855541210621595,,2020,pit,RP
sa550166,Corey Littrell,P,1.0,0.0,1.0,0.0,0.0,3.0543239802122115,STL,2020,pit,RP
10855,Chasen Shreve,P,1.0,0.0,1.0,0.0,0.0,3.310845328867436,,2020,pit,RP
sa917387,Juan Mota,P,0.1754000037908554,0.1754000037908554,1.0,0.0,0.0,1.5556811928749092,,2020,pit,SP
17345,Luis Escobar,P,1.0,0.0,1.0,0.0,0.0,3.0622958913445473,,2020,pit,RP
sa659945,Luis Cedeno,P,0.7484999895095825,0.05350000038743019,1.0,0.0,0.0,2.5279158383607867,,2020,pit,RP
sa918925,Brayden Bouchey,P,1.0,0.0,1.0,0.0,0.0,2.822981279343367,,2020,pit,RP
sa598757,Grant Sides,P,1.0,0.0,1.0,0.0,0.0,2.8582958541810513,,2020,pit,RP
14508,Randy Rosario,P,5.555600166320801,0.0,5.555600166320801,0.0,0.26109999418258667,18.678457212448116,,2020,pit,RP
sa502193,Austin House,P,1.0,0.0,1.0,0.0,0.0,2.770274610072375,,2020,pit,RP
sa3007850,Tanner Andrews,P,0.2150000035762787,0.16699999570846558,1.0,0.0,0.0,1.8196093596518046,TOR,2020,pit,SP
2660,Brett Cecil,P,1.0,0.0,1.0,0.0,0.0,2.7503159917891025,,2020,pit,RP
sa829177,Chris Pike,P,0.2167000025510788,0.16670000553131104,1.0,0.0,0.0,1.8762811355292803,TBR,2020,pit,SP
sa828246,José Taveras,P,0.24799999594688416,0.1599999964237213,1.0,0.0,0.0,1.6725054010748863,,2020,pit,SP
9029,Adam Warren,P,1.0,0.0,1.0,0.0,0.0,2.846150824427605,,2020,pit,RP
sa918176,Nick Hartman,P,1.0,0.0,1.0,0.0,0.0,2.7795105442404746,,2020,pit,RP
sa918336,Tyler Keele,P,0.36010000109672546,0.13609999418258667,1.0,0.0,0.0,1.9139746189117433,,2020,pit,RP
sa502935,Scott Griggs,P,1.0,0.0,1.0,0.0,0.0,2.854544140398502,,2020,pit,RP
5178,Ernesto Frieri,P,1.0,0.0,1.0,0.0,0.0,2.9936853803694246,MIL,2020,pit,RP
sa3007965,Caleb Sampen,P,0.18289999663829803,0.17389999330043793,1.0,0.0,0.0,1.703040172159672,,2020,pit,SP
8504,Jeff Beliveau,P,1.0,0.0,1.0,0.0,0.0,2.9176790550351144,,2020,pit,RP
sa602703,Adam Ravenelle,P,1.0,0.0,1.0,0.0,0.0,2.641260068118573,,2020,pit,RP
sa602696,Joe Pistorese,P,1.0,0.0,1.0,0.0,0.0,2.8771812997758395,,2020,pit,RP
sa3002607,Niomar Gomez,P,0.1754000037908554,0.1754000037908554,1.0,0.0,0.0,1.3764999397099023,,2020,pit,SP
19407,Ronel Blanco,P,0.9398000240325928,0.012799999676644802,1.0,0.0,0.0,2.8748505100607873,HOU,2020,pit,RP
sa659558,Mark Peterson,P,1.0,0.0,1.0,0.0,0.0,2.7791642300784596,,2020,pit,RP
sa657857,Shane Watson,P,0.41130000352859497,0.12530000507831573,1.0,0.0,0.0,1.904985190182924,,2020,pit,RP
sa3008502,Kyle Arjona,P,0.8540999889373779,0.031099999323487282,1.0,0.0,0.0,2.5511054851114756,,2020,pit,RP
13211,Warwick Saupold,P,1.0,0.0,1.0,0.0,0.0,2.645681323856115,,2020,pit,RP
sa548111,Victor Payano,P,1.0,0.0,1.0,0.0,0.0,2.9966999553143983,,2020,pit,RP
sa501219,Zack Dodson,P,0.1754000037908554,0.1754000037908554,1.0,0.0,0.0,1.3876745440065856,,2020,pit,SP
14681,Andrés Machado,P,1.0,0.0,1.0,0.0,0.0,2.753381186723709,,2020,pit,RP
20494,Braden Bristo,P,1.0,0.0,1.0,0.0,0.0,2.685929420590401,,2020,pit,RP
sa918085,Remey Reed,P,0.1754000037908554,0.1754000037908554,1.0,0.0,0.0,1.726919876039029,,2020,pit,SP
sa3004576,Cameron Ming,P,1.0,0.0,1.0,0.0,0.0,2.697521130740643,,2020,pit,RP
9904,Pedro Villarreal,P,1.0,0.0,1.0,0.0,0.0,2.4764895543456085,,2020,pit,RP
sa828356,Carlos Hernandez,P,1.0,0.0,1.0,0.0,0.0,2.9320653021335605,SEA,2020,pit,RP
sa3006145,Emilio Marquez,P,0.36010000109672546,0.13609999418258667,1.0,0.0,0.0,1.831344109773636,,2020,pit,RP
16419,Chih-Wei Hu,P,1.0,0.0,1.0,0.0,0.0,3.065285318344832,,2020,pit,RP
sa873296,Resly Linares,P,0.1754000037908554,0.1754000037908554,1.0,0.0,0.0,1.8471800461411476,,2020,pit,SP
sa549903,Aaron Kurcz,P,1.0,0.0,1.0,0.0,0.0,2.849061219394207,MIL,2020,pit,RP
sa3006132,Luis Cepeda,P,0.1754000037908554,0.1754000037908554,1.0,0.0,0.0,1.4039839737117288,,2020,pit,SP
sa871772,Abdallah Aris,P,1.0,0.0,1.0,0.0,0.0,2.9067946314811706,PHI,2020,pit,RP
5529,Maikel Cleto,P,1.0,0.0,1.0,0.0,0.0,2.860130582004786,,2020,pit,RP
sa658011,Zach Lovvorn,P,0.4763999879360199,0.11140000075101852,1.0,0.0,0.0,1.9342293411493299,,2020,pit,RP
sa577799,Will Lamb,P,0.7616999745368958,0.050700001418590546,1.0,0.0,0.0,2.462999884039163,DET,2020,pit,RP
sa829157,Matt Hockenberry,P,1.0,0.0,1.0,0.0,0.0,2.790590655058623,,2020,pit,RP
sa3006069,Jesus Gonzalez,P,0.3222000002861023,0.14419999718666077,1.0,0.0,0.0,1.924650835990906,,2020,pit,RP
sa377670,Oscar Rivera,P,0.1754000037908554,0.1754000037908554,1.0,0.0,0.0,1.3365655459463603,,2020,pit,SP
sa829156,Kelly Secrest,P,1.0,0.0,1.0,0.0,0.0,2.900385258346796,,2020,pit,RP
sa549733,Daniel Gibson,P,1.0,0.0,1.0,0.0,0.0,2.820719931274653,,2020,pit,RP
25386,Jhony Brito,P,0.36010000109672546,0.13609999418258667,1.0,0.0,0.0,1.4408957347273823,SDP,2020,pit,RP
sa918629,Eric Carter,P,1.0,0.0,1.0,0.0,0.0,2.865878865867853,,2020,pit,RP
sa3004927,Tom Colletti,P,1.0,0.0,1.0,0.0,0.0,2.7906411312520505,,2020,pit,RP
19493,Zach Jackson,P,1.0,0.0,1.0,0.0,0.0,2.92876544892788,OAK,2020,pit,RP
sa226410,Victor Espinosa,P,0.22660000622272491,0.16459999978542328,1.0,0.0,0.0,1.5061852455139162,,2020,pit,SP
sa3008037,Ethan Evanko,P,0.3395000100135803,0.1404999941587448,1.0,0.0,0.0,1.7418305270373824,,2020,pit,RP
sa737092,Yonardo Herdenez,P,0.8424999713897705,0.03350000083446503,1.0,0.0,0.0,2.498725291341543,TOR,2020,pit,RP
sa918674,Grant Gavin,P,1.0,0.0,1.0,0.0,0.0,2.9550905741751197,,2020,pit,RP
sa856275,Andrew Lee,P,0.29499998688697815,0.15000000596046448,1.0,0.0,0.0,1.8637158855795861,,2020,pit,SP
sa857571,Andrew Schwaab,P,1.0,0.0,1.0,0.0,0.0,2.8863813877105717,,2020,pit,RP
sa738242,Brett McKinney,P,1.0,0.0,1.0,0.0,0.0,2.913969425857067,,2020,pit,RP
sa598187,Fernando Perez,P,1.0,0.0,1.0,0.0,0.0,2.7816946193575864,,2020,pit,RP
11928,David Rollins,P,1.0,0.0,1.0,0.0,0.0,2.7666357547044758,,2020,pit,RP
sa599473,David Kubiak,P,0.1754000037908554,0.1754000037908554,1.0,0.0,0.0,1.3743014201521868,,2020,pit,SP
20020,John Schreiber,P,11.111100196838379,0.0,11.111100196838379,0.0,0.25999999046325684,38.22518502473831,KCR,2020,pit,RP
sa918386,Matt Frawley,P,1.0,0.0,1.0,0.0,0.0,2.6321294084191327,NYY,2020,pit,RP
21544,Chase Shugart,P,0.1754000037908554,0.1754000037908554,1.0,0.0,0.0,1.4071454286575316,PHI,2020,pit,SP
sa739056,Williams Ramirez,P,0.751800000667572,0.052799999713897705,1.0,0.0,0.0,2.6539894364774232,,2020,pit,RP
13453,Eddie Butler,P,1.0,0.0,1.0,0.0,0.0,2.564221179485321,,2020,pit,RP
sa3006760,Shea Murray,P,1.0,0.0,1.0,0.0,0.0,3.0492614187300204,,2020,pit,RP
4235,Jered Weaver,P,0.1754000037908554,0.1754000037908554,1.0,0.0,0.0,1.5797240629792215,,2020,pit,SP
sa3004657,Tony Dibrell,P,0.18860000371932983,0.17260000109672546,1.0,0.0,0.0,1.8684852480888372,,2020,pit,SP
sa915601,Christian Taugner,P,0.25459998846054077,0.15860000252723694,1.0,0.0,0.0,1.4101904392242433,,2020,pit,SP
sa871482,Wladimir Pinto,P,1.0,0.0,1.0,0.0,0.0,2.8915653198957445,,2020,pit,RP
sa828421,Franco Terrero,P,1.0,0.0,1.0,0.0,0.0,2.7443800456821923,,2020,pit,RP
sa508195,Manuel Flores,P,0.1754000037908554,0.1754000037908554,1.0,0.0,0.0,1.3509495034813885,,2020,pit,SP
11502,Parker Bridwell,P,0.7939000129699707,0.04390000179409981,1.0,0.0,0.0,2.295510723441839,,2020,pit,RP
sa3005016,Marcel Rentería,P,1.0,0.0,1.0,0.0,0.0,2.9562906689941886,,2020,pit,RP
19820,CD Pelham,P,1.0,0.0,1.0,0.0,0.0,2.9564640067517765,OAK,2020,pit,RP
sa454928,Clayton Cook,P,1.0,0.0,1.0,0.0,0.0,2.839583814144134,,2020,pit,RP
10265,Justin Marks,P,1.0,0.0,1.0,0.0,0.0,2.835705263167619,,2020,pit,RP
25379,Sam Long,P,0.31310001015663147,0.1460999995470047,1.0,0.0,0.0,1.600098938494921,KCR,2020,pit,RP
sa876117,Steven Klimek,P,0.9010999798774719,0.0210999995470047,1.0,0.0,0.0,1.9942387722432615,,2020,pit,RP
21574,Brendon Little,P,0.1754000037908554,0.1754000037908554,1.0,0.0,0.0,1.4722293913364406,TOR,2020,pit,SP
sa657871,Walker Weickel,P,0.9125999808311462,0.01860000006854534,1.0,0.0,0.0,2.5917812295258047,,2020,pit,RP
sa739267,Marc Magliaro,P,1.0,0.0,1.0,0.0,0.0,2.7528854645788674,,2020,pit,RP
sa506317,Jefri Hernandez,P,1.0,0.0,1.0,0.0,0.0,2.711590629816055,BAL,2020,pit,RP
sa3004663,Alex Eubanks,P,0.3379000127315521,0.14090000092983246,1.0,0.0,0.0,1.6286148436367514,,2020,pit,RP
sa658401,Hunter Adkins,P,0.5209000110626221,0.10189999639987946,1.0,0.0,0.0,2.05946521088481,,2020,pit,RP
sa502700,Stephen Kohlscheen,P,1.0,0.0,1.0,0.0,0.0,2.8046038724482054,,2020,pit,RP
sa3004671,Justin Hoyt,P,1.0,0.0,1.0,0.0,0.0,2.831780005991459,LAD,2020,pit,RP
sa875153,Jordan Guerrero,P,1.0,0.0,1.0,0.0,0.0,3.057190643250942,,2020,pit,RP
sa658075,Dailyn Martinez,P,0.9142000079154968,0.018200000748038292,1.0,0.0,0.0,2.7552253171801566,STL,2020,pit,RP
22192,Hans Crouse,P,0.1754000037908554,0.1754000037908554,1.0,0.0,0.0,1.000899968296289,BAL,2020,pit,SP
4053,Steve Johnson,P,1.0,0.0,1.0,0.0,0.0,2.812458742409944,,2020,pit,RP
17952,Tyler Jay,P,0.978600025177002,0.004600000102072954,1.0,0.0,0.0,2.700125294178725,MIL,2020,pit,RP
sa579619,Chris Jensen,P,0.3741999864578247,0.133200004696846,1.0,0.0,0.0,1.8168496154248714,,2020,pit,RP
sa841347,Jason Zgardowski,P,1.0,0.0,1.0,0.0,0.0,2.7601211577653886,,2020,pit,RP
sa3004493,Nick Kuzia,P,1.0,0.0,1.0,0.0,0.0,2.961281429976225,,2020,pit,RP
21504,Jake Irvin,P,0.1754000037908554,0.1754000037908554,1.0,0.0,0.0,1.3089157894253733,WSN,2020,pit,SP
12803,Carter Capps,P,1.0,0.0,1.0,0.0,0.0,2.760289368033409,,2020,pit,RP
sa737056,Daniel Gonzalez,P,0.1754000037908554,0.1754000037908554,1.0,0.0,0.0,1.3610988765954977,,2020,pit,SP
sa598306,Aaron Brown,P/OF,1.0,0.0,1.0,0.0,0.0,2.87562946304679,,2020,pit,RP
sa3006966,Brooks Wilson,P,0.3328999876976013,0.14190000295639038,1.0,0.0,0.0,1.9066640853881833,,2020,pit,RP
22113,Cole Winn,P,0.1754000037908554,0.1754000037908554,1.0,0.0,0.0,1.0213843524456019,TEX,2020,pit,SP
sa3005685,Yohanse Morel,P,0.218299999833107,0.1662999987602234,1.0,0.0,0.0,1.4892293907701974,,2020,pit,SP
sa3006829,Kevin Magee,P,0.1754000037908554,0.1754000037908554,1.0,0.0,0.0,0.7457559280097485,,2020,pit,SP
sa3003080,Malky Mena,P,0.31310001015663147,0.1460999995470047,1.0,0.0,0.0,1.9077788285911086,NYM,2020,pit,RP
sa709552,Joe Filomeno,P,1.0,0.0,1.0,0.0,0.0,2.8016589298844337,,2020,pit,RP
sa3007477,Chase Cohen,P,0.25049999356269836,0.15950000286102295,1.0,0.0,0.0,1.6924800068140038,OAK,2020,pit,SP
12825,Joel De La Cruz,P,0.39480000734329224,0.12880000472068787,1.0,0.0,0.0,1.6908611990511417,,2020,pit,RP
sa506892,Juan Paniagua,P,1.0,0.0,1.0,0.0,0.0,2.779120080173016,,2020,pit,RP
sa202000,Jose Oyervides,P,0.1754000037908554,0.1754000037908554,1.0,0.0,0.0,1.361315937340259,,2020,pit,SP
11378,Tyrell Jenkins,P,0.3659000098705292,0.13490000367164612,1.0,0.0,0.0,1.740649303048849,,2020,pit,RP
5350,Alex Sanabia,P,0.1754000037908554,0.1754000037908554,1.0,0.0,0.0,1.3221413917839526,,2020,pit,SP
sa829651,Cody Stull,P,1.0,0.0,1.0,0.0,0.0,2.8021611072123056,,2020,pit,RP
sa3006707,Connor Curlis,P,0.218299999833107,0.1662999987602234,1.0,0.0,0.0,1.3115561507642277,,2020,pit,SP
sa876303,Andy Cox,P,1.0,0.0,1.0,0.0,0.0,2.8867640495300297,,2020,pit,RP
sa728948,Emmanuel Torres,P,0.3610000014305115,0.13600000739097595,1.0,0.0,0.0,1.7648308046162136,,2020,pit,RP
sa3004345,Charlie Neuweiler,P,0.1754000037908554,0.1754000037908554,1.0,0.0,0.0,1.4037094280123705,,2020,pit,SP
8600,Dustin McGowan,P,1.0,0.0,1.0,0.0,0.0,2.9546239212155343,TBR,2020,pit,RP
sa829753,Keith Rogalla,P,0.22990000247955322,0.1639000028371811,1.0,0.0,0.0,1.4922842733561992,,2020,pit,SP
21212,J.P. France,P,0.2150000035762787,0.16699999570846558,1.0,0.0,0.0,1.6295389629900456,HOU,2020,pit,SP
sa873651,Zach Schellenger,P,1.0,0.0,1.0,0.0,0.0,3.008184186369181,,2020,pit,RP
sa599323,Jordan Foley,P,0.835099995136261,0.035100001841783524,1.0,0.0,0.0,2.662380143254995,,2020,pit,RP
sa828794,Brian Gonzalez,P,0.852400004863739,0.03139999881386757,1.0,0.0,0.0,1.984900036454201,SDP,2020,pit,RP
sa658525,Josh Graham,P,0.9018999934196472,0.020899999886751175,1.0,0.0,0.0,2.8663651935756214,,2020,pit,RP
17783,Jake Brentz,P,1.0,0.0,1.0,0.0,0.0,2.885360009223223,,2020,pit,RP
21623,Grant Wolfram,P,0.39149999618530273,0.12950000166893005,1.0,0.0,0.0,1.4567001074552537,BAL,2020,pit,RP
sa875266,James Reeves,P,1.0,0.0,1.0,0.0,0.0,2.731898885965347,,2020,pit,RP
sa602584,Zech Lemond,P,1.0,0.0,1.0,0.0,0.0,2.743879909068346,,2020,pit,RP
sa659004,Brad Markey,P,0.3206000030040741,0.1446000039577484,1.0,0.0,0.0,1.679830475151539,,2020,pit,RP
sa916829,Abdiel Mendoza,P,0.4212000072002411,0.12319999933242798,1.0,0.0,0.0,1.4085401169955731,SEA,2020,pit,RP
sa830644,Malvin Pena,P,0.1754000037908554,0.1754000037908554,1.0,0.0,0.0,1.3293813101947305,,2020,pit,SP
sa502134,Zack Jones,P,1.0,0.0,1.0,0.0,0.0,2.950424116849899,,2020,pit,RP
sa546467,Kender Villegas,P,0.661899983882904,0.07190000265836716,1.0,0.0,0.0,2.3066455140709876,,2020,pit,RP
sa203945,Pablo Ortega,P,0.6248000264167786,0.07980000227689743,1.0,0.0,0.0,1.9838146671652797,,2020,pit,RP
15444,Zack Weiss,P,1.0,0.0,1.0,0.0,0.0,2.842921303212642,,2020,pit,RP
sa873148,Dalbert Siri,P,1.0,0.0,1.0,0.0,0.0,3.0070411719381815,,2020,pit,RP
sa3007781,Miguel Figueroa,P,1.0,0.0,1.0,0.0,0.0,2.851514576375485,,2020,pit,RP
sa828791,Nick Wells,P,0.49619999527931213,0.10719999670982361,1.0,0.0,0.0,1.9479691483080392,,2020,pit,RP
sa747275,Rodrigo Benoit,P,1.0,0.0,1.0,0.0,0.0,2.7543211653828616,,2020,pit,RP
sa917893,Angel Acevedo,P,0.3799000084400177,0.13189999759197235,1.0,0.0,0.0,1.9690787814557553,,2020,pit,RP
sa917740,Faustino Carrera,P,0.18289999663829803,0.17389999330043793,1.0,0.0,0.0,1.3867051564157014,,2020,pit,SP
21281,Tommy Doyle,P,1.0,0.0,1.0,0.0,0.0,2.337338696420193,,2020,pit,RP
3243,Angel Castro,P,1.0,0.0,1.0,0.0,0.0,2.5958158679306504,,2020,pit,RP
sa3004338,Randy Bell,P,0.24469999969005585,0.1606999933719635,1.0,0.0,0.0,1.4563400208950048,SEA,2020,pit,SP
sa739012,Sal Mendez,P,0.2669999897480011,0.15600000321865082,1.0,0.0,0.0,1.1856757879257205,,2020,pit,SP
14867,Nick Rumbelow,P,1.0,0.0,1.0,0.0,0.0,2.839205103367567,,2020,pit,RP
sa737901,Trevor Clifton,P,0.20679999887943268,0.1687999963760376,1.0,0.0,0.0,1.6159412682056424,,2020,pit,SP
20175,Ben Braymer,P,3.651900053024292,1.7999999523162842,12.111900329589844,0.0,0.28439998626708984,28.963309168815606,,2020,pit,RP
sa918495,Alejandro Mateo,P,1.0,0.0,1.0,0.0,0.0,2.768184177577495,,2020,pit,RP
sa828552,Breiling Eusebio,P,0.1754000037908554,0.1754000037908554,1.0,0.0,0.0,0.9051147766411312,,2020,pit,SP
sa915633,Brian Shaffer,P,0.5819000005722046,0.08889999985694885,1.0,0.0,0.0,2.461645228415728,,2020,pit,RP
sa3004193,Colton Laws,P,0.20679999887943268,0.1687999963760376,1.0,0.0,0.0,1.2672813348472123,,2020,pit,SP
sa737234,Olbis Parra,P,1.0,0.0,1.0,0.0,0.0,2.6741613335907455,,2020,pit,RP
sa3010661,Zak Baayoun,P,0.1754000037908554,0.1754000037908554,1.0,0.0,0.0,0.8197853207588195,,2020,pit,SP
2332,Joel Peralta,P,1.0,0.0,1.0,0.0,0.0,2.78383602425456,,2020,pit,RP
sa829137,Ryan Williams,P,1.0,0.0,1.0,0.0,0.0,2.6514694623649118,,2020,pit,RP
23465,Tommy Romero,P,0.2167000025510788,0.16670000553131104,1.0,0.0,0.0,1.9267211489379408,,2020,pit,SP
sa658593,José Mesa Jr.,P,0.6248000264167786,0.07980000227689743,1.0,0.0,0.0,2.1952399693429476,,2020,pit,RP
sa3007243,Andrew Politi,P,0.61080002784729,0.0828000009059906,1.0,0.0,0.0,2.395954755693674,,2020,pit,RP
sa548289,Matthew Grimes,P,0.5514000058174133,0.09539999812841415,1.0,0.0,0.0,2.056124152243137,,2020,pit,RP
sa829634,Alex Klonowski,P,0.28679999709129333,0.1518000066280365,1.0,0.0,0.0,1.523860090970993,,2020,pit,SP
sa828804,Michael Mader,P,1.0,0.0,1.0,0.0,0.0,2.7582748673856257,,2020,pit,RP
sa738692,Lukas Schiraldi,P,1.0,0.0,1.0,0.0,0.0,2.8914013594388965,,2020,pit,RP
5070,Josh Fields,P,1.0,0.0,1.0,0.0,0.0,2.8170347787439822,,2020,pit,RP
22100,José Soriano,P,0.19519999623298645,0.1712000072002411,1.0,0.0,0.0,1.4549651503562928,LAA,2020,pit,SP
12905,Logan Verrett,P,1.0,0.0,1.0,0.0,0.0,2.628590805828571,,2020,pit,RP
sa827336,Colin Welmon,P,0.1754000037908554,0.1754000037908554,1.0,0.0,0.0,0.8466802090406418,,2020,pit,SP
7525,Evan Scribner,P,1.0,0.0,1.0,0.0,0.0,2.918829632550479,TBR,2020,pit,RP
sa659658,Francisco Jimenez,P,1.0,0.0,1.0,0.0,0.0,2.124581258744001,,2020,pit,RP
11571,José Domínguez,P,1.0,0.0,1.0,0.0,0.0,2.894618880748749,SFG,2020,pit,RP
sa877857,Lachlan Wells,P,0.19359999895095825,0.17159999907016754,1.0,0.0,0.0,1.2923493638634684,,2020,pit,SP
8728,Donovan Hand,P,1.0,0.0,1.0,0.0,0.0,2.5313186258077622,NYM,2020,pit,RP
12182,Cody Martin,P,1.0,0.0,1.0,0.0,0.0,2.7081789053976544,,2020,pit,RP
sa875283,Logan Cozart,P,0.8902999758720398,0.02329999953508377,1.0,0.0,0.0,2.200840002298355,,2020,pit,RP
sa657211,Angel Duno,P,1.0,0.0,1.0,0.0,0.0,2.645430714637041,,2020,pit,RP
sa455650,Javier Solano,P,0.18289999663829803,0.17389999330043793,1.0,0.0,0.0,1.2608613803982736,,2020,pit,SP
sa548115,Octavio Acosta,P,0.19030000269412994,0.17229999601840973,1.0,0.0,0.0,1.349718541651964,,2020,pit,SP
8461,Michael Brady,P,1.0,0.0,1.0,0.0,0.0,2.6394589692354207,,2020,pit,RP
3507,André Rienzo,P,1.0,0.0,1.0,0.0,0.0,2.9415588594973086,,2020,pit,RP
21761,José Marte,P,0.18529999256134033,0.17329999804496765,1.0,0.0,0.0,1.94848926588893,NYM,2020,pit,SP
11424,Anthony Ranaudo,P,0.34119999408721924,0.14020000398159027,1.0,0.0,0.0,1.69180528819561,,2020,pit,RP
sa3008134,John O'Reilly,P,1.0,0.0,1.0,0.0,0.0,2.6792598791420468,,2020,pit,RP
2074,Chien-Ming Wang,P,1.0,0.0,1.0,0.0,0.0,2.4817811436951165,,2020,pit,RP
sa550295,Mitch Horacek,P,1.0,0.0,1.0,0.0,0.0,2.4930197201669215,,2020,pit,RP
4920,Joe Colón J,P,1.0,0.0,1.0,0.0,0.0,2.853885271400214,,2020,pit,RP
sa828518,Dilmer Mejia,P,0.30489999055862427,0.14790000021457672,1.0,0.0,0.0,1.8299147963523859,,2020,pit,RP
19524,Alan Rangel,P,0.20180000364780426,0.16979999840259552,1.0,0.0,0.0,1.5945346571505068,PHI,2020,pit,SP
16318,Ricardo Pinto,P,1.0,0.0,1.0,0.0,0.0,2.7970611631870277,,2020,pit,RP
sa738934,Blake McKnight,P,0.852400004863739,0.03139999881386757,1.0,0.0,0.0,2.4551998883485795,,2020,pit,RP
24493,Adam Kloffenstein,P,0.1754000037908554,0.1754000037908554,1.0,0.0,0.0,1.2369390062987802,NYY,2020,pit,SP
21023,Adrián Martinez,P,0.5737000107765198,0.09070000052452087,1.0,0.0,0.0,2.2799651004374035,,2020,pit,RP
10258,Rafael Martín,P,1.0,0.0,1.0,0.0,0.0,2.6778013572096824,,2020,pit,RP
13042,Robby Scott,P,1.0,0.0,1.0,0.0,0.0,2.8574011176824574,,2020,pit,RP
sa505270,Gabriel Perez,P,0.1754000037908554,0.1754000037908554,1.0,0.0,0.0,1.401334822177887,,2020,pit,SP
sa857700,Reilly Hovis,P,1.0,0.0,1.0,0.0,0.0,2.8193348899483683,,2020,pit,RP
sa833270,Mitchell Osnowitz,P,1.0,0.0,1.0,0.0,0.0,2.7317199885845187,,2020,pit,RP
7119,Dustin Antolin,P,1.0,0.0,1.0,0.0,0.0,2.5537788003683093,CHW,2020,pit,RP
sa3007478,Matt Willrodt,P,1.0,0.0,1.0,0.0,0.0,2.8325609840452675,,2020,pit,RP
sa549073,Jon Keller,P,1.0,0.0,1.0,0.0,0.0,2.3266546033322806,COL,2020,pit,RP
sa876287,Riley Thompson,P,0.1754000037908554,0.1754000037908554,1.0,0.0,0.0,1.346060298383236,,2020,pit,SP
sa3004585,Ryan Wilson,P,0.1754000037908554,0.1754000037908554,1.0,0.0,0.0,0.7995494917035102,,2020,pit,SP
sa919332,Kevin Lenik,P,1.0,0.0,1.0,0.0,0.0,2.901761044561863,,2020,pit,RP
7624,Carlos Torres,P,1.0,0.0,1.0,0.0,0.0,2.6112599872052678,,2020,pit,RP
sa829132,Max Schuh,P,1.0,0.0,1.0,0.0,0.0,2.7909254156053067,,2020,pit,RP
sa829294,McKenzie Mills,P,0.4203000068664551,0.12330000102519989,1.0,0.0,0.0,1.9538785733282569,,2020,pit,RP
sa857699,Kyle Wilcox,P,1.0,0.0,1.0,0.0,0.0,3.1120801046490674,,2020,pit,RP
19281,Nick Hernandez,P,1.0,0.0,1.0,0.0,0.0,2.8857695259153844,OAK,2020,pit,RP
5975,Jonathan Papelbon,P,1.0,0.0,1.0,0.0,0.0,2.6264547362923625,,2020,pit,RP
sa738309,Dylan Rheault,P,1.0,0.0,1.0,0.0,0.0,2.6281147733330728,,2020,pit,RP
sa740138,Carlos Felix,P,0.492900013923645,0.10790000110864639,1.0,0.0,0.0,1.865783939510584,LAD,2020,pit,RP
sa748874,Jose Disla,P,0.5877000093460083,0.0877000018954277,1.0,0.0,0.0,2.4498812288045886,,2020,pit,RP
20632,Elvis Luciano,P,1.0,0.0,1.0,0.0,0.0,2.72327577918768,,2020,pit,RP
11743,Carlos Ramirez,P,1.0,0.0,1.0,0.0,0.0,2.7915442235767842,,2020,pit,RP
sa455794,Charle Rosario,P,0.1754000037908554,0.1754000037908554,1.0,0.0,0.0,1.1686999559402471,,2020,pit,SP
12361,Spencer Patton,P,1.0,0.0,1.0,0.0,0.0,2.701509245485068,,2020,pit,RP
sa857590,Jeff Kinley,P,1.0,0.0,1.0,0.0,0.0,2.7605545654892922,,2020,pit,RP
sa857583,Michael Murray,P,0.21170000731945038,0.16769999265670776,1.0,0.0,0.0,1.379634679853917,,2020,pit,SP
sa871477,Carlos Guzman,P,0.1754000037908554,0.1754000037908554,1.0,0.0,0.0,1.182030799239874,NYM,2020,pit,SP
sa3005117,Blayne Enlow,P,0.18369999527931213,0.1737000048160553,1.0,0.0,0.0,1.1522612959146503,ATL,2020,pit,SP
18140,Jay Flaa,P,0.7682999968528748,0.049300000071525574,1.0,0.0,0.0,1.888089374452829,ATL,2020,pit,RP
sa915852,Jake Walters,P,0.19439999759197235,0.17139999568462372,1.0,0.0,0.0,1.7064960278570651,,2020,pit,SP
10171,José Ramírez,P,1.0,0.0,1.0,0.0,0.0,2.7798295304179197,,2020,pit,RP
sa3008478,Tom Sutera,P,0.34860000014305115,0.13860000669956207,1.0,0.0,0.0,1.6335506722331048,,2020,pit,RP
3547,Carlos Frías,P,1.0,0.0,1.0,0.0,0.0,2.5938759170472623,CLE,2020,pit,RP
21997,Luis Frías,P,0.1754000037908554,0.1754000037908554,1.0,0.0,0.0,1.675478778034449,,2020,pit,SP
sa3003083,Victor Santos,P,0.321399986743927,0.1444000005722046,1.0,0.0,0.0,1.5121853522956377,STL,2020,pit,RP
sa918959,Jean Casanova,P,0.1754000037908554,0.1754000037908554,1.0,0.0,0.0,0.8782385885715485,,2020,pit,SP
sa875769,Logan Boyd,P,0.1754000037908554,0.1754000037908554,1.0,0.0,0.0,1.3367292404174806,,2020,pit,SP
sa857604,Michael Boyle,P,0.906000018119812,0.019999999552965164,1.0,0.0,0.0,2.7687295407056807,,2020,pit,RP
sa918532,Hunter Smith,P,0.7484999895095825,0.05350000038743019,1.0,0.0,0.0,2.290650745481253,,2020,pit,RP
sa919219,Randy Pondler,P,1.0,0.0,1.0,0.0,0.0,2.6296812571585177,,2020,pit,RP
1642,Francisco Rodríguez,P,1.0,0.0,1.0,0.0,0.0,2.6366746224462987,,2020,pit,RP
sa857600,Matt Eckelman,P,0.9225000143051147,0.016499999910593033,1.0,0.0,0.0,2.6645103923976423,,2020,pit,RP
sa874754,Nathan Kirby,P,0.3610000014305115,0.13600000739097595,1.0,0.0,0.0,1.7718094736337662,,2020,pit,RP
6983,Drew Storen,P,1.0,0.0,1.0,0.0,0.0,2.5492748051881793,,2020,pit,RP
16440,James Norwood,P,3.703700065612793,0.0,3.703700065612793,0.0,0.2678999900817871,14.02578613162041,NYY,2020,pit,RP
14962,Rookie Davis,P,0.7682999968528748,0.049300000071525574,1.0,0.0,0.0,2.477909461408854,,2020,pit,RP
sa915735,Tommy DeJuneas,P,1.0,0.0,1.0,0.0,0.0,2.8443801052868367,,2020,pit,RP
sa553503,Reinier Roibal,P,0.19359999895095825,0.17159999907016754,1.0,0.0,0.0,1.3620760604739184,,2020,pit,SP
9037,J.J. Hoover,P,1.0,0.0,1.0,0.0,0.0,2.732254596799612,,2020,pit,RP
sa3007932,Calvin Coker,P,1.0,0.0,1.0,0.0,0.0,2.7676504068076615,,2020,pit,RP
5172,Brandon Mann,P,1.0,0.0,1.0,0.0,0.0,2.776869526505471,,2020,pit,RP
sa875873,Franklyn Soriano,P,0.6791999936103821,0.0681999996304512,1.0,0.0,0.0,2.3084212489426137,,2020,pit,RP
12982,Andrew Faulkner,P,1.0,0.0,1.0,0.0,0.0,2.7816439762711527,LAD,2020,pit,RP
sa918195,Andrew Vinson,P,0.1754000037908554,0.1754000037908554,1.0,0.0,0.0,1.2342041335999965,,2020,pit,SP
sa3008589,Ethan Hankins,P,0.18780000507831573,0.1728000044822693,1.0,0.0,0.0,1.5028440818190574,,2020,pit,SP
22294,Matthew Liberatore,P,0.18619999289512634,0.17319999635219574,1.0,0.0,0.0,1.6619159244000916,STL,2020,pit,SP
sa657275,Frederis Parra,P,0.19769999384880066,0.17069999873638153,1.0,0.0,0.0,1.141501274704933,,2020,pit,SP
17133,Osmer Morales,P,1.0,0.0,1.0,0.0,0.0,2.7350149475038052,,2020,pit,RP
sa915643,Mike Kaelin,P,0.41130000352859497,0.12530000507831573,1.0,0.0,0.0,1.9150989182293423,,2020,pit,RP
sa599061,Luis Heredia,P,1.0,0.0,1.0,0.0,0.0,2.7515053242444996,,2020,pit,RP
sa550236,Ismael Guillón,P,1.0,0.0,1.0,0.0,0.0,2.854441060870886,,2020,pit,RP
15688,Ronald Herrera,P,1.0,0.0,1.0,0.0,0.0,2.558395925909281,,2020,pit,RP
sa877362,Wes Helsabeck,P,1.0,0.0,1.0,0.0,0.0,2.8452611446380622,,2020,pit,RP
4682,Pat Neshek,P,1.0,0.0,1.0,0.0,0.0,2.4932598404586317,,2020,pit,RP
sa915858,Oliver Jaskie,P,0.3255000114440918,0.14350000023841858,1.0,0.0,0.0,1.9906945280730723,SEA,2020,pit,RP
sa3006955,Jojanse Torres,P,0.35350000858306885,0.13750000298023224,1.0,0.0,0.0,1.8821213029325006,,2020,pit,RP
19682,Jordan Sheffield,P,0.8582000136375427,0.03020000085234642,1.0,0.0,0.0,2.843794728815556,,2020,pit,RP
9486,George Kontos,P,1.0,0.0,1.0,0.0,0.0,2.5270105905830866,,2020,pit,RP
sa603017,Ranfi Casimiro,P,1.0,0.0,1.0,0.0,0.0,2.636829431354999,,2020,pit,RP
19891,Ryder Ryan,P,0.7501999735832214,0.053199999034404755,1.0,0.0,0.0,2.6666588604450223,LAD,2020,pit,RP
sa3006965,Robbie Welhaf,P,0.25540000200271606,0.15839999914169312,1.0,0.0,0.0,1.3049744687974458,DET,2020,pit,SP
sa3004736,Jacob Heatherly,P,0.1754000037908554,0.1754000037908554,1.0,0.0,0.0,1.1147799029946324,CHW,2020,pit,SP
24986,Colin Selby,P,0.1754000037908554,0.1754000037908554,1.0,0.0,0.0,1.4047494336962703,BAL,2020,pit,SP
sa876811,Griffin Glaude,P,1.0,0.0,1.0,0.0,0.0,2.6386410586535933,,2020,pit,RP
23429,JP Sears,P,0.3312999904155731,0.14229999482631683,1.0,0.0,0.0,1.4926384672522546,SDP,2020,pit,RP
5200,Kelvin Marte,P,1.0,0.0,1.0,0.0,0.0,2.538064333796502,,2020,pit,RP
6653,Jim Henderson,P,1.0,0.0,1.0,0.0,0.0,2.74587591663003,,2020,pit,RP
sa738945,Conor Harber,P,0.1754000037908554,0.1754000037908554,1.0,0.0,0.0,1.349854753911496,,2020,pit,SP
sa919542,Carlos Sierra,P,1.0,0.0,1.0,0.0,0.0,2.741085272282362,,2020,pit,RP
22713,Carlos Hernández,P,0.1754000037908554,0.1754000037908554,1.0,0.0,0.0,1.3563199512660509,CLE,2020,pit,SP
sa3004217,Orlando Razo,P,0.1754000037908554,0.1754000037908554,1.0,0.0,0.0,1.4385213121771812,,2020,pit,SP
sa3004770,Garrett Schilling,P,0.1754000037908554,0.1754000037908554,1.0,0.0,0.0,0.8992145910859115,,2020,pit,SP
16684,Zac Curtis,P,1.0,0.0,1.0,0.0,0.0,2.8959612205624583,,2020,pit,RP
sa917880,Jeronimo Castro,P,0.1754000037908554,0.1754000037908554,1.0,0.0,0.0,1.3509186811745169,LAD,2020,pit,SP
sa548277,Ralston Cash,P,1.0,0.0,1.0,0.0,0.0,2.8175895787775516,,2020,pit,RP
sa658316,Will LaMarche,P,1.0,0.0,1.0,0.0,0.0,2.713710641860962,,2020,pit,RP
sa592948,David Reyes,P,0.35440000891685486,0.13740000128746033,1.0,0.0,0.0,1.4944559320807453,,2020,pit,RP
sa737077,Rafael Pujols,P,1.0,0.0,1.0,0.0,0.0,2.7502106845378878,,2020,pit,RP
sa917887,Joel Cesar,P,0.899399995803833,0.021400000900030136,1.0,0.0,0.0,2.664718886464835,,2020,pit,RP
10982,Chase Whitley,P,1.0,0.0,1.0,0.0,0.0,2.549115862697363,,2020,pit,RP
sa503692,Jeff Ames,P,0.8582000136375427,0.03020000085234642,1.0,0.0,0.0,2.7611893728375443,,2020,pit,RP
sa876201,Hector Lujan,P,1.0,0.0,1.0,0.0,0.0,2.4733453243970875,,2020,pit,RP
sa3006695,David Lebron,P,0.21089999377727509,0.1678999960422516,1.0,0.0,0.0,0.80631867274642,,2020,pit,SP
sa3007803,Trenton Toplikar,P,0.23810000717639923,0.16210000216960907,1.0,0.0,0.0,1.862101279944182,,2020,pit,SP
sa739879,Estarlin Arias,P,1.0,0.0,1.0,0.0,0.0,2.730138806253672,,2020,pit,RP
sa968102,Eric Pardinho,P,0.25209999084472656,0.1590999960899353,1.0,0.0,0.0,1.3815051436424257,TOR,2020,pit,SP
2134,Adam Loewen,P,1.0,0.0,1.0,0.0,0.0,2.822534798830748,,2020,pit,RP
sa829581,Chris Mathewson,P,0.34860000014305115,0.13860000669956207,1.0,0.0,0.0,1.6473985448479653,,2020,pit,RP
7555,Nick Vincent,P,7.407400131225586,0.0,7.407400131225586,0.0,0.2362000048160553,26.545354211330427,,2020,pit,RP
21656,Kervin Castro,P,0.1754000037908554,0.1754000037908554,1.0,0.0,0.0,1.6478905871510507,NYY,2020,pit,SP
sa3002745,Jon Malmin,P,0.8144999742507935,0.039500001817941666,1.0,0.0,0.0,2.4808961115777497,LAA,2020,pit,RP
sa738349,Cory Thompson,P/SS,1.0,0.0,1.0,0.0,0.0,2.550798961520195,,2020,pit,RP
sa857684,Ryan Perez,P,0.2825999855995178,0.1526000052690506,1.0,0.0,0.0,1.4768986418843277,CLE,2020,pit,SP
12791,Michael Kelly,P,0.515999972820282,0.10300000011920929,1.0,0.0,0.0,2.1591148652136325,OAK,2020,pit,RP
12756,Jake Esch,P,1.0,0.0,1.0,0.0,0.0,2.478398861736059,,2020,pit,RP
sa877526,Jesus Vargas,P,0.2612000107765198,0.15719999372959137,1.0,0.0,0.0,1.5860560722649097,,2020,pit,SP
sa599381,Chaz Hebert,P,0.1754000037908554,0.1754000037908554,1.0,0.0,0.0,1.3008399233222003,NYY,2020,pit,SP
sa872825,Roniel Raudes,P,0.1754000037908554,0.1754000037908554,1.0,0.0,0.0,1.3407746277749544,,2020,pit,SP
sa918249,Brandon White,P,1.0,0.0,1.0,0.0,0.0,2.8655759900808335,,2020,pit,RP
sa3008335,Kohl Franklin,P,0.1754000037908554,0.1754000037908554,1.0,0.0,0.0,1.353455978631974,CHC,2020,pit,SP
sa738501,Ben Hecht,P,0.920799970626831,0.01679999940097332,1.0,0.0,0.0,2.675039976090193,,2020,pit,RP
sa549801,Kirby Bellow,P,1.0,0.0,1.0,0.0,0.0,2.7393600739538675,,2020,pit,RP
sa599246,Josh Martin,P,1.0,0.0,1.0,0.0,0.0,2.794261033833027,,2020,pit,RP
21741,Javier Assad,P,0.1754000037908554,0.1754000037908554,1.0,0.0,0.0,1.277054792642594,CHC,2020,pit,SP
19256,Gerson Bautista,P,5.555600166320801,0.0,5.555600166320801,0.0,0.2378000020980835,21.482865747809406,,2020,pit,RP
3299,Chris Hatcher,P,1.0,0.0,1.0,0.0,0.0,2.660490782558919,,2020,pit,RP
15816,Devin Williams,P,4.444399833679199,0.0,4.444399833679199,0.0,0.27709999680519104,16.1321207255125,NYM,2020,pit,RP
sa829881,Andrew Case,P,1.0,0.0,1.0,0.0,0.0,2.4211600206792356,,2020,pit,RP
22828,Juan Then,P,0.2232999950647354,0.16529999673366547,1.0,0.0,0.0,1.52366105094552,,2020,pit,SP
sa876362,Braden Webb,P,0.18449999392032623,0.17350000143051147,1.0,0.0,0.0,1.5096990101039411,,2020,pit,SP
sa737091,Dalton Rodriguez,P,1.0,0.0,1.0,0.0,0.0,2.414199938625097,,2020,pit,RP
13313,Jordan Jankowski,P,1.0,0.0,1.0,0.0,0.0,2.7431904338300233,,2020,pit,RP
sa3003104,Ismael Aquino,P,0.8770999908447266,0.026100000366568565,1.0,0.0,0.0,2.5411557912826543,,2020,pit,RP
sa829707,Justin Ferrell,P,0.9480999708175659,0.011099999770522118,1.0,0.0,0.0,2.661534740775823,,2020,pit,RP
16634,Carlos Sanabria,P,1.0,0.0,1.0,0.0,0.0,2.834810543060302,,2020,pit,RP
sa3007268,Grant Townsend,P,0.19439999759197235,0.17139999568462372,1.0,0.0,0.0,1.2781986258924012,,2020,pit,SP
12975,Mauricio Cabrera,P,1.0,0.0,1.0,0.0,0.0,2.9756387740373618,,2020,pit,RP
sa920319,Sean Stutzman,P,1.0,0.0,1.0,0.0,0.0,2.6896949253976343,,2020,pit,RP
13418,Chris Beck,P,1.0,0.0,1.0,0.0,0.0,2.598154609650374,,2020,pit,RP
sa828548,Jose Nin,P,1.0,0.0,1.0,0.0,0.0,2.522145246714354,,2020,pit,RP
sa875002,Justin Maese,P,0.41130000352859497,0.12530000507831573,1.0,0.0,0.0,1.5930186875164511,,2020,pit,RP
1663,Javier López,P,1.0,0.0,1.0,0.0,0.0,2.3908348120749,,2020,pit,RP
9948,Mike Dunn,P,1.0,0.0,1.0,0.0,0.0,2.550581107288599,,2020,pit,RP
13143,Henry Owens,P,0.1754000037908554,0.1754000037908554,1.0,0.0,0.0,1.6325494557619091,,2020,pit,SP
7450,Phil Hughes,P,0.8259999752044678,0.03700000047683716,1.0,0.0,0.0,2.2908254593610766,,2020,pit,RP
sa3003124,Marcos Tineo,P,0.29829999804496765,0.1492999941110611,1.0,0.0,0.0,1.669470513612032,ARI,2020,pit,SP
sa875253,Thomas McIlraith,P,1.0,0.0,1.0,0.0,0.0,2.8162854671478277,,2020,pit,RP
14241,Austin Maddox,P,1.0,0.0,1.0,0.0,0.0,2.7919052511453635,,2020,pit,RP
sa3004709,Franklin Van Gurp,P,1.0,0.0,1.0,0.0,0.0,2.97175577506423,,2020,pit,RP
sa875198,Ryan Lawlor,P,1.0,0.0,1.0,0.0,0.0,2.784865363687277,,2020,pit,RP
sa3003090,Jose Alberto Rivera,P,0.2685999870300293,0.15559999644756317,1.0,0.0,0.0,1.6052360132336614,,2020,pit,SP
sa875267,Logan Longwith,P,0.1754000037908554,0.1754000037908554,1.0,0.0,0.0,0.7049453362822535,,2020,pit,SP
sa3005397,Alex Scherff,P,0.1754000037908554,0.1754000037908554,1.0,0.0,0.0,1.2971559554338454,,2020,pit,SP
sa918099,Ben Sheckler,P,0.5860999822616577,0.08810000121593475,1.0,0.0,0.0,1.9056242071092129,,2020,pit,RP
sa918482,Colin McKee,P,1.0,0.0,1.0,0.0,0.0,2.904854729771614,,2020,pit,RP
sa875751,Matt Portland,P,0.20919999480247498,0.16820000112056732,1.0,0.0,0.0,1.3352386720478528,,2020,pit,SP
sa602813,Mark Reyes,P,0.2282000035047531,0.16419999301433563,1.0,0.0,0.0,1.8660841487348079,SFG,2020,pit,SP
sa737853,Stephen Woods Jr.,P,0.25049999356269836,0.15950000286102295,1.0,0.0,0.0,1.7859003037214278,,2020,pit,SP
sa549734,Ernesto Zaragoza,P,0.2825999855995178,0.1526000052690506,1.0,0.0,0.0,1.4530359886586668,,2020,pit,SP
20408,Eli Villalobos,P,0.31310001015663147,0.1460999995470047,1.0,0.0,0.0,1.8259799644351,SDP,2020,pit,RP
sa3004206,Andrew Beckwith,P,1.0,0.0,1.0,0.0,0.0,2.5247787795960908,,2020,pit,RP
13530,Alejandro Chacin,P,1.0,0.0,1.0,0.0,0.0,2.6317559838294984,,2020,pit,RP
sa876115,Chandler Hawkins,P,1.0,0.0,1.0,0.0,0.0,2.6702040553092963,,2020,pit,RP
8180,Kevin Siegrist,P,1.0,0.0,1.0,0.0,0.0,2.7683494441211227,,2020,pit,RP
11394,Alex Wimmers,P,1.0,0.0,1.0,0.0,0.0,2.636421268433332,,2020,pit,RP
sa795086,Tiago Da Silva,P,0.4442000091075897,0.11819999665021896,1.0,0.0,0.0,1.6662013173103327,,2020,pit,RP
sa874796,Juan Hillman,P,0.1754000037908554,0.1754000037908554,1.0,0.0,0.0,1.2222947791218766,,2020,pit,SP
sa501564,Danny Reynolds,P,1.0,0.0,1.0,0.0,0.0,2.6321548305451876,,2020,pit,RP
sa918513,Connor Eller,P,0.41290000081062317,0.12489999830722809,1.0,0.0,0.0,1.6877439379692079,,2020,pit,RP
13736,Michael Roth,P,1.0,0.0,1.0,0.0,0.0,2.4605211719870566,,2020,pit,RP
sa918665,Sam Held,P,0.475600004196167,0.11159999668598175,1.0,0.0,0.0,1.692116074264049,,2020,pit,RP
sa659070,Jonathan Dziedzic,P,0.5414999723434448,0.09749999642372131,1.0,0.0,0.0,1.9455705255270002,,2020,pit,RP
5508,Dana Eveland,P,1.0,0.0,1.0,0.0,0.0,2.5523198962211615,TBR,2020,pit,RP
sa917323,Jose Chacin,P,0.3312999904155731,0.14229999482631683,1.0,0.0,0.0,1.5799441531300542,,2020,pit,RP
21197,Darien Núñez,P,1.0,0.0,1.0,0.0,0.0,2.893224032223225,,2020,pit,RP
21846,Cole Ragans,P,0.1754000037908554,0.1754000037908554,1.0,0.0,0.0,0.9395361118018628,KCR,2020,pit,SP
sa917997,Sam Perez,P,0.19519999623298645,0.1712000072002411,1.0,0.0,0.0,1.2156387038528922,,2020,pit,SP
sa829031,Connor Walsh,P,1.0,0.0,1.0,0.0,0.0,2.5661039747297765,,2020,pit,RP
14093,Michael Ynoa,P,1.0,0.0,1.0,0.0,0.0,2.5472601257264618,,2020,pit,RP
sa875558,Jake Simon,P,0.92330002784729,0.016300000250339508,1.0,0.0,0.0,2.539715872704983,,2020,pit,RP
sa918361,Devan Watts,P,1.0,0.0,1.0,0.0,0.0,2.6607358917593955,,2020,pit,RP
sa3008523,Zach Haake,P,0.1754000037908554,0.1754000037908554,1.0,0.0,0.0,1.3006800249218942,,2020,pit,SP
sa918087,Zack Trageton,P,0.2190999984741211,0.16609999537467957,1.0,0.0,0.0,1.5720052771270274,,2020,pit,SP
14707,Brady Lail,P,1.0,0.0,1.0,0.0,0.0,2.56566125229001,,2020,pit,RP
sa598120,Yimmi Brasoban,P,1.0,0.0,1.0,0.0,0.0,2.645374661684037,,2020,pit,RP
23779,Justin Bruihl,P,1.0,0.0,1.0,0.0,0.0,2.739454627037049,STL,2020,pit,RP
9309,Buddy Baumann,P,1.0,0.0,1.0,0.0,0.0,2.668350774794817,,2020,pit,RP
sa737233,Algenis Martinez,P,1.0,0.0,1.0,0.0,0.0,2.6085789151489736,,2020,pit,RP
14077,Raudel Lazo,P,1.0,0.0,1.0,0.0,0.0,2.540318953245878,,2020,pit,RP
10261,Alexi Ogando,P,1.0,0.0,1.0,0.0,0.0,2.6155800223350525,,2020,pit,RP
sa598816,James Pugliese,P,1.0,0.0,1.0,0.0,0.0,2.614609162509441,,2020,pit,RP
23425,Jared Solomon,P,0.1754000037908554,0.1754000037908554,1.0,0.0,0.0,1.0325251132249829,,2020,pit,SP
sa3008434,Richard Guasch,P,0.28349998593330383,0.1525000035762787,1.0,0.0,0.0,1.702061206847429,BAL,2020,pit,SP
sa3008096,Ben Onyshko,P,0.9018999934196472,0.020899999886751175,1.0,0.0,0.0,2.5528894111514098,,2020,pit,RP
sa918496,Burris Warner,P,0.7419000267982483,0.05490000173449516,1.0,0.0,0.0,2.0088253282010555,,2020,pit,RP
sa738717,Caleb Simpson,P,1.0,0.0,1.0,0.0,0.0,3.2446011759340765,,2020,pit,RP
sa3004470,Will Latcham,P,1.0,0.0,1.0,0.0,0.0,2.5843759953975676,,2020,pit,RP
sa3007712,Colin Schmid,P,0.1754000037908554,0.1754000037908554,1.0,0.0,0.0,1.466450705379248,,2020,pit,SP
sa3008040,Yusniel Padron-Artiles,P,0.262800008058548,0.15680000185966492,1.0,0.0,0.0,1.5421759471297265,,2020,pit,SP
14860,Kyle Martin,P,1.0,0.0,1.0,0.0,0.0,2.6759810507297517,,2020,pit,RP
sa709582,Craig Schlitter,P,0.6725999712944031,0.06960000097751617,1.0,0.0,0.0,1.7576945573091503,,2020,pit,RP
5876,Gonzalez Germen,P,1.0,0.0,1.0,0.0,0.0,2.1498212464153768,,2020,pit,RP
22361,Colin Holderman,P,0.18700000643730164,0.17299999296665192,1.0,0.0,0.0,1.4606187492609028,CLE,2020,pit,SP
16793,Kyle McGrath,P,1.0,0.0,1.0,0.0,0.0,2.70706522166729,,2020,pit,RP
sa707780,Jeff Thompson,P,1.0,0.0,1.0,0.0,0.0,2.6102187126874927,,2020,pit,RP
7441,Wade Davis,P,24.074100494384766,0.0,24.074100494384766,8.331000328063965,1.5355000495910645,118.27531256675722,,2020,pit,RP
sa3004571,Kyle Johnston,P,0.18860000371932983,0.17260000109672546,1.0,0.0,0.0,1.2494504384696485,,2020,pit,SP
sa736742,Raffi Vizcaíno,P,1.0,0.0,1.0,0.0,0.0,3.15554398149252,,2020,pit,RP
sa3006380,Deivy Florido,P,0.4228000044822693,0.12280000001192093,1.0,0.0,0.0,1.8028854146599769,,2020,pit,RP
7161,Chris Withrow,P,1.0,0.0,1.0,0.0,0.0,2.537861400097609,,2020,pit,RP
sa915693,Matt Ruppenthal,P,0.2784999907016754,0.1535000056028366,1.0,0.0,0.0,1.5266401946544645,,2020,pit,SP
22913,Francisco Morales,P,0.2892000079154968,0.15119999647140503,1.0,0.0,0.0,1.6132759563624859,,2020,pit,SP
12220,Keith Hessler,P,1.0,0.0,1.0,0.0,0.0,2.6118412643671034,,2020,pit,RP
sa917835,Eris Filpo,P,0.263700008392334,0.156700000166893,1.0,0.0,0.0,0.8998411133885384,,2020,pit,SP
21527,James McArthur,P,0.3296000063419342,0.14259999990463257,1.0,0.0,0.0,1.6450612626969816,KCR,2020,pit,RP
sa530473,Wirfin Obispo,P,1.0,0.0,1.0,0.0,0.0,2.675740057975054,,2020,pit,RP
sa656038,Jefferson Medina,P,0.9075999855995178,0.019600000232458115,1.0,0.0,0.0,2.4218908220529554,,2020,pit,RP
sa549768,Bryan Harper,P,1.0,0.0,1.0,0.0,0.0,2.6441598802804944,,2020,pit,RP
4955,Justin De Fratus,P,1.0,0.0,1.0,0.0,0.0,2.3941293120384217,,2020,pit,RP
sa875205,Cory Taylor,P,1.0,0.0,1.0,0.0,0.0,2.5415212094783786,,2020,pit,RP
sa738247,Sebastian Kessay,P,0.31310001015663147,0.1460999995470047,1.0,0.0,0.0,1.5904254086315635,,2020,pit,RP
3685,J.D. Martin,P,0.1754000037908554,0.1754000037908554,1.0,0.0,0.0,1.4160610482096674,,2020,pit,SP
sa3006986,Conner Loeprich,P,0.5127000212669373,0.10369999706745148,1.0,0.0,0.0,1.8910108216106893,,2020,pit,RP
sa857562,Bailey Clark,P,1.0,0.0,1.0,0.0,0.0,2.62047887519002,,2020,pit,RP
sa945470,Alsis Herrera,P,1.0,0.0,1.0,0.0,0.0,2.583329416811466,,2020,pit,RP
sa3004006,Robinson Ortiz,P,0.18449999392032623,0.17350000143051147,1.0,0.0,0.0,1.4169892624020575,SEA,2020,pit,SP
sa737380,Darwin Ramos,P,0.9093000292778015,0.019300000742077827,1.0,0.0,0.0,2.6462588571012025,,2020,pit,RP
sa735860,Alexis Rivero,P,0.4821999967098236,0.11020000278949738,1.0,0.0,0.0,1.8513440139591695,,2020,pit,RP
sa3000055,Alexis Candelario,P,0.19189999997615814,0.17190000414848328,1.0,0.0,0.0,1.1785838626325136,,2020,pit,SP
6107,Huascar Brazobán,P,1.0,0.0,1.0,0.0,0.0,2.6155093051493172,NYM,2020,pit,RP
sa657149,Jaime Lugo,P,0.3700000047683716,0.1340000033378601,1.0,0.0,0.0,1.5219209663569933,,2020,pit,RP
sa3007614,Will Kobos,P,0.1754000037908554,0.1754000037908554,1.0,0.0,0.0,1.33078540712595,,2020,pit,SP
sa919409,Jake Elliott,P,0.6783999800682068,0.06840000301599503,1.0,0.0,0.0,1.9754989199340347,,2020,pit,RP
sa875843,Marcus Crescentini,P,1.0,0.0,1.0,0.0,0.0,2.704638809710741,,2020,pit,RP
19580,Norge Ruiz,P,1.0,0.0,1.0,0.0,0.0,2.496285379678011,,2020,pit,RP
sa3004772,Nate Harris,P,0.7666000127792358,0.04960000142455101,1.0,0.0,0.0,1.6792413040995595,,2020,pit,RP
sa921581,Matt Pobereyko,P,1.0,0.0,1.0,0.0,0.0,2.7133440650999545,,2020,pit,RP
sa3008221,Parker Joe Robinson,P,1.0,0.0,1.0,0.0,0.0,2.415436034649611,,2020,pit,RP
sa3004192,Maverik Buffo,P,0.6265000104904175,0.0794999971985817,1.0,0.0,0.0,1.8382211841642855,,2020,pit,RP
15639,Dan Slania,P,1.0,0.0,1.0,0.0,0.0,2.587180112302304,,2020,pit,RP
sa917392,Joshua Javier,P,0.1754000037908554,0.1754000037908554,1.0,0.0,0.0,0.8137547321617604,,2020,pit,SP
6317,Esmil Rogers,P,1.0,0.0,1.0,0.0,0.0,2.4249800376594073,,2020,pit,RP
2237,Blaine Boyer,P,1.0,0.0,1.0,0.0,0.0,2.345795813202858,,2020,pit,RP
sa3006776,Wyatt Burns,P,1.0,0.0,1.0,0.0,0.0,2.4470387935638427,,2020,pit,RP
sa1172135,Andy Fisher,P,0.6545000076293945,0.07349999994039536,1.0,0.0,0.0,1.8525558225810532,,2020,pit,RP
sa3007204,Sean Wymer,P,0.18780000507831573,0.1728000044822693,1.0,0.0,0.0,0.9676357798278334,,2020,pit,SP
15126,Tyler Danish,P,1.0,0.0,1.0,0.0,0.0,2.3309092931449413,,2020,pit,RP
sa918550,Mike Ellenbest,P,0.8574000000953674,0.030400000512599945,1.0,0.0,0.0,2.193814807385207,,2020,pit,RP
sa857564,Drake Owenby,P,0.25049999356269836,0.15950000286102295,1.0,0.0,0.0,1.4589387208223346,,2020,pit,SP
sa3007851,Tyler McKay,P,0.25049999356269836,0.15950000286102295,1.0,0.0,0.0,1.2746105544269093,,2020,pit,SP
sa737534,Ian Clarkin,P,1.0,0.0,1.0,0.0,0.0,2.457729615271092,,2020,pit,RP
sa3007587,Adam Wolf,P,0.1754000037908554,0.1754000037908554,1.0,0.0,0.0,0.9806209646165378,,2020,pit,SP
sa547815,Joan Gregorio,P,1.0,0.0,1.0,0.0,0.0,2.6471853569149975,,2020,pit,RP
sa874818,Wandisson Charles,P,1.0,0.0,1.0,0.0,0.0,2.952116010338069,DET,2020,pit,RP
sa883461,Adam Quintana,P,0.45989999175071716,0.11490000039339066,1.0,0.0,0.0,1.7440907076001166,TEX,2020,pit,RP
sa871769,Jesus Rodriguez,P,0.1754000037908554,0.1754000037908554,1.0,0.0,0.0,0.9208651103079313,,2020,pit,SP
sa874149,Brett Hanewich,P,1.0,0.0,1.0,0.0,0.0,2.702330698817969,,2020,pit,RP
17237,Austin Brice,P,14.07409954071045,0.0,14.07409954071045,0.0,3.0181000232696533,58.1897706747055,,2020,pit,RP
sa875613,Andrew Jordan,P,0.1754000037908554,0.1754000037908554,1.0,0.0,0.0,0.9149587221443656,CIN,2020,pit,SP
sa913153,Jared Carkuff,P,1.0,0.0,1.0,0.0,0.0,2.551345526427031,,2020,pit,RP
sa857665,Brock Hartson,P,0.2240999937057495,0.16509999334812164,1.0,0.0,0.0,1.3294652603566655,,2020,pit,SP
sa294706,Jason Urquidez,P,1.0,0.0,1.0,0.0,0.0,2.5186812266707417,,2020,pit,RP
sa827196,Nick Howard,P,1.0,0.0,1.0,0.0,0.0,2.3364639773964884,,2020,pit,RP
sa829731,Will Gaddis,P,0.1754000037908554,0.1754000037908554,1.0,0.0,0.0,0.4961787380278113,,2020,pit,SP
21267,Jake Bird,P,0.5414999723434448,0.09749999642372131,1.0,0.0,0.0,1.350115762650967,NYY,2020,pit,RP
sa738534,Matt Blandino,P,0.19519999623298645,0.1712000072002411,1.0,0.0,0.0,1.0513040542602536,,2020,pit,SP
sa875199,Nate Griep,P,1.0,0.0,1.0,0.0,0.0,2.2252590700984003,,2020,pit,RP
4849,Joe Blanton,P,1.0,0.0,1.0,0.0,0.0,2.490721014887094,,2020,pit,RP
sa875810,Jacob Shortslef,P,1.0,0.0,1.0,0.0,0.0,2.2126092821359635,,2020,pit,RP
sa3004220,Josh Advocate,P,0.676800012588501,0.06880000233650208,1.0,0.0,0.0,1.7093213640153415,,2020,pit,RP
sa3007485,Josh Dye,P,1.0,0.0,1.0,0.0,0.0,2.5194788835942745,,2020,pit,RP
12165,Matt Stites,P,1.0,0.0,1.0,0.0,0.0,2.489323979616165,,2020,pit,RP
24581,Lyon Richardson,P,0.1754000037908554,0.1754000037908554,1.0,0.0,0.0,0.8599388964474199,CIN,2020,pit,SP
sa3007008,Tanner Dodson,P,0.3815999925136566,0.1316000074148178,1.0,0.0,0.0,1.8735201336443423,,2020,pit,RP
16344,Eduardo Paredes,P,1.0,0.0,1.0,0.0,0.0,2.6109999142587186,,2020,pit,RP
sa875160,Chase Ingram,P,0.2190999984741211,0.16609999537467957,1.0,0.0,0.0,1.274810607731343,,2020,pit,SP
sa3004453,Wyatt Marks,P,0.1754000037908554,0.1754000037908554,1.0,0.0,0.0,1.4049905799329285,,2020,pit,SP
sa508092,Marco Tovar,P,0.19519999623298645,0.1712000072002411,1.0,0.0,0.0,1.0911051854491234,,2020,pit,SP
sa873150,Diego Cordero,P,0.1754000037908554,0.1754000037908554,1.0,0.0,0.0,1.2855494447052482,,2020,pit,SP
sa3006819,Joey Pulido,P,1.0,0.0,1.0,0.0,0.0,2.472541122883558,,2020,pit,RP
sa3006808,Connor Higgins,P,1.0,0.0,1.0,0.0,0.0,2.548254679143429,,2020,pit,RP
10075,Caleb Cotham,P,1.0,0.0,1.0,0.0,0.0,2.45280413478613,,2020,pit,RP
sa738905,Tyler Kane,P,0.1754000037908554,0.1754000037908554,1.0,0.0,0.0,1.0147042006254203,,2020,pit,SP
sa916705,Angello Infante,P,0.25870001316070557,0.15770000219345093,1.0,0.0,0.0,1.344045313447714,,2020,pit,SP
sa3005031,Jackson Stoeckinger,P,0.40220001339912415,0.12720000743865967,1.0,0.0,0.0,1.4687360376119614,WSN,2020,pit,RP
sa873731,Wuilder Rodriguez,P,0.2752000093460083,0.1542000025510788,1.0,0.0,0.0,1.3991241425275809,,2020,pit,SP
sa873218,Julio Frias,P,0.1754000037908554,0.1754000037908554,1.0,0.0,0.0,1.4471094600856307,,2020,pit,SP
15130,Drew Anderson,P,1.8518999814987183,0.0,1.8518999814987183,0.0,0.2669999897480011,5.875842230021952,DET,2020,pit,RP
sa577722,Derek Self,P,0.920799970626831,0.01679999940097332,1.0,0.0,0.0,2.3162356860935684,,2020,pit,RP
sa737019,Miguel Urena,P,1.0,0.0,1.0,0.0,0.0,2.5583159804344184,LAD,2020,pit,RP
17233,Brian Ellington,P,1.0,0.0,1.0,0.0,0.0,2.836665177345276,,2020,pit,RP
3926,Casey Fien,P,1.0,0.0,1.0,0.0,0.0,2.4703560024499898,,2020,pit,RP
sa3010567,Dalton Roach,P,0.1754000037908554,0.1754000037908554,1.0,0.0,0.0,1.412114574015141,,2020,pit,SP
sa876113,Sean Keselica,P,1.0,0.0,1.0,0.0,0.0,2.6107199810445314,,2020,pit,RP
sa828698,Grant Hockin,P,0.1754000037908554,0.1754000037908554,1.0,0.0,0.0,1.027441105246544,,2020,pit,SP
21018,Francisco Pérez,P,0.19609999656677246,0.17110000550746918,1.0,0.0,0.0,1.26714026927948,OAK,2020,pit,SP
sa3008023,Reid Schaller,P,0.1754000037908554,0.1754000037908554,1.0,0.0,0.0,1.0942892886698243,WSN,2020,pit,SP
22717,Angel Zerpa,P,0.18860000371932983,0.17260000109672546,1.0,0.0,0.0,1.0599412508308892,MIL,2020,pit,SP
sa3007200,Chance Kirby,P,0.2207999974489212,0.16580000519752502,1.0,0.0,0.0,1.007241347432136,,2020,pit,SP
sa657308,Jose Paulino,P,0.4936999976634979,0.10769999772310257,1.0,0.0,0.0,1.6521399609744551,,2020,pit,RP
sa830305,Luis Martinez,P,1.0,0.0,1.0,0.0,0.0,2.599681078642606,,2020,pit,RP
sa3004749,Clay Chandler,P,0.1754000037908554,0.1754000037908554,1.0,0.0,0.0,1.0813294179737576,,2020,pit,SP
sa509937,Luis Mendez,P,0.19850000739097595,0.1704999953508377,1.0,0.0,0.0,1.080458676815033,,2020,pit,SP
sa3006496,Luis Villar,P,0.20430000126361847,0.16930000483989716,1.0,0.0,0.0,1.1292105786502362,,2020,pit,SP
sa829390,Landon Beck,P,1.0,0.0,1.0,0.0,0.0,2.792701239883899,STL,2020,pit,RP
sa918013,Tyler Mondile,P,0.1754000037908554,0.1754000037908554,1.0,0.0,0.0,1.0169210836291316,,2020,pit,SP
21850,Mason Thompson,P,0.21580000221729279,0.16680000722408295,1.0,0.0,0.0,1.5564944900572302,TEX,2020,pit,SP
sa918258,Ryan Olson,P,1.0,0.0,1.0,0.0,0.0,2.224123966693878,,2020,pit,RP
sa3004987,Nick Kennedy,P,1.0,0.0,1.0,0.0,0.0,2.007959879189729,,2020,pit,RP
25098,Jacob Lopez,P,0.1754000037908554,0.1754000037908554,1.0,0.0,0.0,1.4208504945039748,OAK,2020,pit,SP
sa206642,Rodolfo Martinez,P,1.0,0.0,1.0,0.0,0.0,2.8675787441432483,,2020,pit,RP
sa737945,Ty Boyles,P,1.0,0.0,1.0,0.0,0.0,2.4816559180617337,,2020,pit,RP
sa3003991,Donnie Sellers,P,0.2759999930858612,0.15399999916553497,1.0,0.0,0.0,1.1935956925153732,TOR,2020,pit,SP
9884,Travis Wood,P,0.4293999969959259,0.12139999866485596,1.0,0.0,0.0,1.6376294903457165,,2020,pit,RP
sa832333,Jesus Linarez,P,0.7253999710083008,0.058400001376867294,1.0,0.0,0.0,1.687824035435915,,2020,pit,RP
3970,Edward Mujica,P,1.0,0.0,1.0,0.0,0.0,2.370714768022298,,2020,pit,RP
14699,Jonathan Aro,P,1.0,0.0,1.0,0.0,0.0,2.5566789180040366,,2020,pit,RP
sa918908,Justin Kelly,P,1.0,0.0,1.0,0.0,0.0,2.8527159973978997,,2020,pit,RP
8887,Matt Reynolds,P,1.0,0.0,1.0,0.0,0.0,2.442810724675656,,2020,pit,RP
sa738347,Matthew DeRosier,P,0.2190999984741211,0.16609999537467957,1.0,0.0,0.0,1.2585147492587567,,2020,pit,SP
sa737825,Josh Uhen,P,1.0,0.0,1.0,0.0,0.0,2.5455959819257266,MIL,2020,pit,RP
sa3006127,Carlos Guarate,P,0.20759999752044678,0.16859999299049377,1.0,0.0,0.0,1.412300073355437,,2020,pit,SP
23313,José Buttó,P,0.18860000371932983,0.17260000109672546,1.0,0.0,0.0,1.418759953230619,SFG,2020,pit,SP
9975,Tom Wilhelmsen,P,1.0,0.0,1.0,0.0,0.0,2.3923812679946423,SDP,2020,pit,RP
sa3003084,Hector Soto,P,0.5069000124931335,0.10490000247955322,1.0,0.0,0.0,1.9871985994279382,,2020,pit,RP
sa3004647,Juan Pablo Lopez,P,0.4187000095844269,0.12370000034570694,1.0,0.0,0.0,1.5906412832438943,,2020,pit,RP
sa325738,Rolando Valdez,P,0.2167000025510788,0.16670000553131104,1.0,0.0,0.0,1.0355598740279675,,2020,pit,SP
10500,Preston Claiborne,P,1.0,0.0,1.0,0.0,0.0,2.539534708112478,,2020,pit,RP
sa208507,Juan Antonio Pena,P,0.3659000098705292,0.13490000367164612,1.0,0.0,0.0,1.481590597331524,,2020,pit,RP
sa526934,Seth Blair,P,0.670199990272522,0.07020000368356705,1.0,0.0,0.0,2.1096959076821804,,2020,pit,RP
sa3010670,Robert Klinchock,P,0.29089999198913574,0.1509000062942505,1.0,0.0,0.0,1.33292129188776,,2020,pit,SP
sa873207,Freicer Perez,P,0.1754000037908554,0.1754000037908554,1.0,0.0,0.0,0.94449600353837,,2020,pit,SP
23899,Valente Bellozo,P,0.39480000734329224,0.12880000472068787,1.0,0.0,0.0,1.6356106244027622,COL,2020,pit,RP
sa3006697,C.J. Eldred,P,0.6783999800682068,0.06840000301599503,1.0,0.0,0.0,1.7639812298119066,,2020,pit,RP
sa876250,Adam Lau,P,0.9158999919891357,0.017899999395012856,1.0,0.0,0.0,2.5833012111485005,,2020,pit,RP
16727,Brock Stewart,P,1.0,0.0,1.0,0.0,0.0,2.6176186546683318,LAD,2020,pit,RP
19545,Stephen Nogosek,P,1.0,0.0,1.0,0.0,0.0,2.771150530874729,,2020,pit,RP
sa655012,Adrian Gusman,P,0.9142000079154968,0.018200000748038292,1.0,0.0,0.0,2.298018655180931,,2020,pit,RP
sa918672,Will Kincanon,P,1.0,0.0,1.0,0.0,0.0,2.354321440309286,,2020,pit,RP
22925,Joan Adon,P,0.18289999663829803,0.17389999330043793,1.0,0.0,0.0,1.0838201671838754,,2020,pit,SP
sa829472,Gary Cornish,P,0.20679999887943268,0.1687999963760376,1.0,0.0,0.0,1.1551840402185918,,2020,pit,SP
9812,Murphy Smith,P,1.0,0.0,1.0,0.0,0.0,2.3655759148299693,,2020,pit,RP
sa658087,Adrian Almeida,P,1.0,0.0,1.0,0.0,0.0,2.6144252434372905,,2020,pit,RP
19276,Edgar García,P,2.9630000591278076,0.0,2.9630000591278076,0.0,0.2944999933242798,11.0701195910573,,2020,pit,RP
sa3005232,Zach Prendergast,P,0.7188000082969666,0.05979999899864197,1.0,0.0,0.0,2.0699412882328034,,2020,pit,RP
sa738344,Alec Hansen,P,0.9027000069618225,0.02070000022649765,1.0,0.0,0.0,2.5101041339337833,,2020,pit,RP
15215,Kevin McGowan,P,1.0,0.0,1.0,0.0,0.0,2.526875948160887,,2020,pit,RP
sa3002818,Juan Mercedes,P,0.3874000012874603,0.13040000200271606,1.0,0.0,0.0,1.5946145728230476,,2020,pit,RP
24606,Josh Winder,P,0.1754000037908554,0.1754000037908554,1.0,0.0,0.0,0.9675787717103961,,2020,pit,SP
sa918033,Dan Dallas,P,0.8945000171661377,0.02250000089406967,1.0,0.0,0.0,2.5220613203942777,,2020,pit,RP
sa830462,Hansel Rodriguez,P,1.0,0.0,1.0,0.0,0.0,2.7860999040305616,,2020,pit,RP
22176,Easton McGee,P,0.19030000269412994,0.17229999601840973,1.0,0.0,0.0,1.277789384871721,MIL,2020,pit,SP
sa503435,Gerardo Sanchez,P,1.0,0.0,1.0,0.0,0.0,2.354029680043459,,2020,pit,RP
12784,Burch Smith,P,5.555600166320801,0.0,5.555600166320801,0.0,0.27880001068115234,19.96545804738998,DET,2020,pit,RP
sa621650,Joey DeNato,P,1.0,0.0,1.0,0.0,0.0,2.562324365228415,,2020,pit,RP
sa737194,Ivan Andueza,P,0.23319999873638153,0.1632000058889389,1.0,0.0,0.0,1.1593588963150983,,2020,pit,SP
sa3007585,Austin Schulfer,P,0.34610000252723694,0.13910000026226044,1.0,0.0,0.0,1.4241052143275739,PHI,2020,pit,RP
sa657957,Mitch Brown,P,1.0,0.0,1.0,0.0,0.0,2.6494040809571744,,2020,pit,RP
7312,Josh Collmenter,P,1.0,0.0,1.0,0.0,0.0,2.44929890409112,,2020,pit,RP
sa829140,Mike Franco,P,1.0,0.0,1.0,0.0,0.0,2.927118912339211,,2020,pit,RP
sa547921,Aldo Montes,P,0.3659000098705292,0.13490000367164612,1.0,0.0,0.0,1.4744986757636074,,2020,pit,RP
17313,Merandy Gonzalez,P,0.8252000212669373,0.03720000013709068,1.0,0.0,0.0,2.217421213537455,,2020,pit,RP
sa3004812,Steven Jennings,P,0.1754000037908554,0.1754000037908554,1.0,0.0,0.0,1.116325273364783,,2020,pit,SP
sa621510,Tucker Healy,P,1.0,0.0,1.0,0.0,0.0,2.549463948607445,,2020,pit,RP
sa3006836,Tyler Joyner,P,1.0,0.0,1.0,0.0,0.0,1.8200293116271502,,2020,pit,RP
17942,Adonis Rosa,P,1.0,0.0,1.0,0.0,0.0,2.3284653685987,,2020,pit,RP
sa3005318,Hunter Haworth,P,0.4194999933242798,0.12349999696016312,1.0,0.0,0.0,1.7309186607599258,ARI,2020,pit,RP
sa874732,Nolan Watson,P,0.1754000037908554,0.1754000037908554,1.0,0.0,0.0,0.987290520220995,,2020,pit,SP
sa873675,Mitchell Jordan,P,0.210099995136261,0.1680999994277954,1.0,0.0,0.0,1.2782040402293204,,2020,pit,SP
sa875765,Geno Encina,P,0.4260999858379364,0.12210000306367874,1.0,0.0,0.0,1.2878610432147974,,2020,pit,RP
1368,Andrew Bailey,P,1.0,0.0,1.0,0.0,0.0,2.4108188159763815,,2020,pit,RP
sa738140,Alex Schick,P,1.0,0.0,1.0,0.0,0.0,2.4450013756752016,MIN,2020,pit,RP
sa3010000,Evan Johnson,P,0.2215999960899353,0.1656000018119812,1.0,0.0,0.0,1.4165559299290185,,2020,pit,SP
19742,Anthony Bender,P,1.0,0.0,1.0,0.0,0.0,2.3595692440867424,MIA,2020,pit,RP
sa3008034,Clayton Chatham,P,0.23070000112056732,0.16369999945163727,1.0,0.0,0.0,1.2463054597377776,,2020,pit,SP
18600,Travis Lakins,P,5.555600166320801,0.0,5.555600166320801,0.0,0.23240000009536743,16.324908301234245,,2020,pit,RP
20375,Greg Weissert,P,1.0,0.0,1.0,0.0,0.0,2.415720243752003,BOS,2020,pit,RP
sa3007625,Carter Love,P,0.1754000037908554,0.1754000037908554,1.0,0.0,0.0,0.7580588564276698,CHW,2020,pit,SP
sa873266,Hunter Martin,P,1.0,0.0,1.0,0.0,0.0,2.4498811356723302,,2020,pit,RP
sa597019,Jorge Ortega,P,0.20759999752044678,0.16859999299049377,1.0,0.0,0.0,1.0041705891489983,,2020,pit,SP
sa828297,Samuel Zazueta,P,0.5414999723434448,0.09749999642372131,1.0,0.0,0.0,1.8118146650493143,,2020,pit,RP
7416,Mark Lowe,P,1.0,0.0,1.0,0.0,0.0,2.4634093329310423,,2020,pit,RP
sa602390,Jake Ehret,P,1.0,0.0,1.0,0.0,0.0,2.4780811898410318,,2020,pit,RP
sa652174,Mario Meza,P,1.0,0.0,1.0,0.0,0.0,2.486575897783041,,2020,pit,RP
sa3007454,Luis Alvarado,P,0.25870001316070557,0.15770000219345093,1.0,0.0,0.0,1.311585292965174,,2020,pit,SP
sa659266,Sean McLaughlin,P,1.0,0.0,1.0,0.0,0.0,2.5338187880814083,,2020,pit,RP
12166,David Goforth,P,1.0,0.0,1.0,0.0,0.0,2.4444106116890905,,2020,pit,RP
9720,Louis Coleman,P,1.0,0.0,1.0,0.0,0.0,2.555089345574379,,2020,pit,RP
8280,Tony Sipp,P,7.407400131225586,0.0,7.407400131225586,0.0,0.0,23.56349694728852,,2020,pit,RP
sa3003167,Dionis Zamora,P,0.1754000037908554,0.1754000037908554,1.0,0.0,0.0,1.0807987533509729,,2020,pit,SP
9195,Vic Black,P,1.0,0.0,1.0,0.0,0.0,2.875836089253426,,2020,pit,RP
sa504880,Jesus Pirela,P,1.0,0.0,1.0,0.0,0.0,2.4073811970651158,,2020,pit,RP
sa597725,Yoel Espinal,P,1.0,0.0,1.0,0.0,0.0,2.349598746001721,,2020,pit,RP
sa3005029,Matt Turner,P,0.1754000037908554,0.1754000037908554,1.0,0.0,0.0,1.0552345506846903,NYM,2020,pit,SP
14470,José A. Váldez,P,1.0,0.0,1.0,0.0,0.0,2.508525440096855,,2020,pit,RP
sa917803,Deivi Diaz,P,0.30570000410079956,0.1476999968290329,1.0,0.0,0.0,1.1824493758380417,,2020,pit,RP
sa273164,Jesse Estrada,P,0.2802000045776367,0.15320000052452087,1.0,0.0,0.0,1.1798745766282077,,2020,pit,SP
sa875701,Jio Orozco,P,0.19850000739097595,0.1704999953508377,1.0,0.0,0.0,0.8937852211296562,,2020,pit,SP
sa872713,J.D. Busfield,P,0.40959998965263367,0.12559999525547028,1.0,0.0,0.0,1.411101298034191,,2020,pit,RP
sa548554,Estevan Gonzalez,P,0.4871000051498413,0.10909999907016754,1.0,0.0,0.0,1.7333413407206533,,2020,pit,RP
5498,Arodys Vizcaíno,P,9.259300231933594,0.0,9.259300231933594,0.0,0.0,32.42737075686455,,2020,pit,RP
sa829015,Weston Davis,P,0.1754000037908554,0.1754000037908554,1.0,0.0,0.0,0.9624957621097567,,2020,pit,SP
sa829121,Tommy Thorpe,P,1.0,0.0,1.0,0.0,0.0,2.5353040993213654,,2020,pit,RP
sa875749,Austin Sodders,P,0.5885000228881836,0.08749999850988388,1.0,0.0,0.0,1.8530759431421755,,2020,pit,RP
sa3007806,Miller Hogan,P,0.35190001130104065,0.1378999948501587,1.0,0.0,0.0,1.7570413723587985,,2020,pit,RP
sa509749,Alejandro Soto,P,0.5299999713897705,0.10000000149011612,1.0,0.0,0.0,1.7038012132048608,,2020,pit,RP
sa282907,Edgar Alberto Garcia,P,0.34200000762939453,0.14000000059604645,1.0,0.0,0.0,1.4323453344404702,,2020,pit,RP
sa877525,Jhon De Jesus,P,0.1754000037908554,0.1754000037908554,1.0,0.0,0.0,0.6783557847142223,,2020,pit,SP
sa3003058,Leonardo Rodriguez,P,0.18780000507831573,0.1728000044822693,1.0,0.0,0.0,0.4098199203610422,,2020,pit,SP
sa872546,Jorge Tavarez,P,1.0,0.0,1.0,0.0,0.0,2.4426346890628343,,2020,pit,RP
sa872514,Alberto Guerrero,P,0.18860000371932983,0.17260000109672546,1.0,0.0,0.0,1.3689494162797922,,2020,pit,SP
sa830035,Edgardo Sandoval,P,0.4788999855518341,0.11089999973773956,1.0,0.0,0.0,1.6979243196547027,,2020,pit,RP
sa3002951,Yovanny Cruz,P,0.23810000717639923,0.16210000216960907,1.0,0.0,0.0,1.220805376023054,NYY,2020,pit,SP
sa3008532,Blaine Knight,P,0.18289999663829803,0.17389999330043793,1.0,0.0,0.0,0.34693476483225805,,2020,pit,SP
sa733543,Henry Garcia,P,0.18289999663829803,0.17389999330043793,1.0,0.0,0.0,0.9737761273980139,,2020,pit,SP
sa3003037,Jairo Solis,P,0.20430000126361847,0.16930000483989716,1.0,0.0,0.0,1.2000906810164453,,2020,pit,SP
sa542183,Angel Araiza,P,0.2784999907016754,0.1535000056028366,1.0,0.0,0.0,1.2269611760973929,,2020,pit,SP
sa876065,Matt Custred,P,1.0,0.0,1.0,0.0,0.0,2.606381154060364,,2020,pit,RP
sa3005415,Carlos Sano,P,0.957099974155426,0.009100000374019146,1.0,0.0,0.0,2.892964088916778,,2020,pit,RP
sa873299,Randy Acevedo,P,0.1754000037908554,0.1754000037908554,1.0,0.0,0.0,0.8120452001690865,,2020,pit,SP
sa873294,Jasier Herrera,P,0.2190999984741211,0.16609999537467957,1.0,0.0,0.0,1.5049694657325747,,2020,pit,SP
23324,Freddy Tarnok,P,0.1754000037908554,0.1754000037908554,1.0,0.0,0.0,1.3198198862373824,,2020,pit,SP
sa659903,Miguel Rosario,P,1.0,0.0,1.0,0.0,0.0,2.64979477673769,PIT,2020,pit,RP
sa659000,Jackson McClelland,P,1.0,0.0,1.0,0.0,0.0,2.4611212000250817,,2020,pit,RP
sa3005146,Adam Stauffer,P,0.2809999883174896,0.15299999713897705,1.0,0.0,0.0,0.7200788751244547,BAL,2020,pit,SP
13796,Tyler Wagner,P,1.0,0.0,1.0,0.0,0.0,2.2961454369127745,,2020,pit,RP
sa659315,Alberto Tirado,P,1.0,0.0,1.0,0.0,0.0,2.538575849682093,,2020,pit,RP
sa737055,Jose Almonte,P,1.0,0.0,1.0,0.0,0.0,2.543081276863814,,2020,pit,RP
sa3003158,Emilker Guzman,P,0.2150000035762787,0.16699999570846558,1.0,0.0,0.0,0.9362946525216103,,2020,pit,SP
13892,Paul Sewald,P,6.6666998863220215,0.0,6.6666998863220215,0.0,0.24879999458789825,22.64536685943603,ARI,2020,pit,RP
sa827479,Ryan Riga,P,0.91839998960495,0.017400000244379044,1.0,0.0,0.0,2.10771067738533,CHW,2020,pit,RP
16873,Eric Stout,P,1.0,0.0,1.0,0.0,0.0,2.4874798551201818,,2020,pit,RP
sa918939,Garrison Bryant,P,0.2257000058889389,0.1647000014781952,1.0,0.0,0.0,1.4150756731629373,,2020,pit,SP
sa922004,Evan Piechota,P,0.385699987411499,0.1307000070810318,1.0,0.0,0.0,1.4095639742910864,,2020,pit,RP
sa833402,Manuel Rodriguez,P,0.4212000072002411,0.12319999933242798,1.0,0.0,0.0,1.4528811700642108,,2020,pit,RP
20962,Elvin Rodríguez,P,0.18289999663829803,0.17389999330043793,1.0,0.0,0.0,0.9236239537596704,,2020,pit,SP
sa3008462,Kevin Folman,P,0.2768999934196472,0.15389999747276306,1.0,0.0,0.0,1.2208598263561723,CHW,2020,pit,SP
sa834330,Michael Velasquez,P,0.3230000138282776,0.14399999380111694,1.0,0.0,0.0,1.2785400442779062,TBR,2020,pit,RP
sa3002788,Alemao Hernandez,P,0.18700000643730164,0.17299999296665192,1.0,0.0,0.0,1.1313412494957449,,2020,pit,SP
sa915861,Wills Montgomerie,P,0.44510000944137573,0.11810000240802765,1.0,0.0,0.0,1.9198999911546704,,2020,pit,RP
sa3002817,Carlos Montilla,P,0.1754000037908554,0.1754000037908554,1.0,0.0,0.0,1.0808560281991961,,2020,pit,SP
sa837843,Sven Schüller,P,1.0,0.0,1.0,0.0,0.0,2.2829494789242744,,2020,pit,RP
sa3004588,Harold Cortijo,P,0.1754000037908554,0.1754000037908554,1.0,0.0,0.0,0.7541894979774955,,2020,pit,SP
sa526880,Patrick Johnson,P,0.1754000037908554,0.1754000037908554,1.0,0.0,0.0,0.9709305614233017,,2020,pit,SP
sa3002979,Edisson Gonzalez,P,0.20430000126361847,0.16930000483989716,1.0,0.0,0.0,1.021030709892512,,2020,pit,SP
15285,Zac Reininger,P,0.9415000081062317,0.012500000186264515,1.0,0.0,0.0,2.2087211348116402,,2020,pit,RP
sa918326,Derek Heffel,P,0.5877000093460083,0.0877000018954277,1.0,0.0,0.0,1.3587840825319293,TEX,2020,pit,RP
9325,Jared Hughes,P,9.259300231933594,0.0,9.259300231933594,0.0,0.24879999458789825,31.769412493705747,,2020,pit,RP
sa738369,Bud Jeter,P,1.0,0.0,1.0,0.0,0.0,2.548495849967003,,2020,pit,RP
sa829420,Zach Warren,P,1.0,0.0,1.0,0.0,0.0,2.623990397155285,,2020,pit,RP
sa829176,Paul Voelker,P,0.8144999742507935,0.039500001817941666,1.0,0.0,0.0,2.2202653214335446,,2020,pit,RP
8402,Steve Geltz,P,1.0,0.0,1.0,0.0,0.0,2.520458886027337,,2020,pit,RP
sa829473,Parker French,P,0.4408999979496002,0.11890000104904175,1.0,0.0,0.0,1.5008948832750324,,2020,pit,RP
sa3001052,Derrick Miramontes,P,0.745199978351593,0.05420000106096268,1.0,0.0,0.0,1.9636242434382436,,2020,pit,RP
sa3002816,Kelvin Nunez,P,0.321399986743927,0.1444000005722046,1.0,0.0,0.0,1.455410565435887,,2020,pit,RP
12143,Jason García,P,1.0,0.0,1.0,0.0,0.0,2.337795784324408,,2020,pit,RP
10688,Tyler Thornburg,P,3.703700065612793,0.0,3.703700065612793,0.0,0.2687999904155731,11.519121840596206,,2020,pit,RP
sa873758,Luis Perez,P,0.7188000082969666,0.05979999899864197,1.0,0.0,0.0,1.3474507346749305,,2020,pit,RP
sa737818,Dan Lietz,P,0.8722000122070312,0.0272000003606081,1.0,0.0,0.0,2.222118817269802,,2020,pit,RP
sa738328,Matt Brill,P,1.0,0.0,1.0,0.0,0.0,2.735634553432465,,2020,pit,RP
21649,Luis Medina,P,0.1754000037908554,0.1754000037908554,1.0,0.0,0.0,0.9989306479692459,OAK,2020,pit,SP
sa873983,Boomer Biegalski,P,1.0,0.0,1.0,0.0,0.0,2.600238669663668,,2020,pit,RP
21092,Nick Duron,P,1.0,0.0,1.0,0.0,0.0,2.558178971707821,,2020,pit,RP
10044,Ashur Tolliver,P,1.0,0.0,1.0,0.0,0.0,2.46768139898777,,2020,pit,RP
sa3005371,Aldo Ramirez,P,0.18780000507831573,0.1728000044822693,1.0,0.0,0.0,1.0519587129354484,,2020,pit,SP
sa3006705,Ben Morrison,P,1.0,0.0,1.0,0.0,0.0,2.311281093209982,,2020,pit,RP
sa659790,Ryne Slack,P,0.8912000060081482,0.02319999970495701,1.0,0.0,0.0,2.33774002417922,,2020,pit,RP
sa877574,Odalvi Javier,P,0.1754000037908554,0.1754000037908554,1.0,0.0,0.0,1.2849000439047815,,2020,pit,SP
sa873637,Reece Karalus,P,0.7972000241279602,0.04320000112056732,1.0,0.0,0.0,2.1438558258116247,,2020,pit,RP
sa919018,Justin Camp,P,1.0,0.0,1.0,0.0,0.0,2.4181159637868404,,2020,pit,RP
sa3004993,Mark Simon,P,0.3659000098705292,0.13490000367164612,1.0,0.0,0.0,1.4310440987348554,,2020,pit,RP
sa3008333,Nick Thwaits,P,0.1754000037908554,0.1754000037908554,1.0,0.0,0.0,1.144818846136332,,2020,pit,SP
sa3003036,Samuel Reyes,P,0.7378000020980835,0.055799998342990875,1.0,0.0,0.0,2.052758714556694,,2020,pit,RP
sa3005420,Connor Strain,P,1.0,0.0,1.0,0.0,0.0,2.3513959936797626,,2020,pit,RP
sa921422,William Ouellette,P,0.8902999758720398,0.02329999953508377,1.0,0.0,0.0,2.0398986376822,,2020,pit,RP
sa873281,Brandon Miller,P,0.2703000009059906,0.15530000627040863,1.0,0.0,0.0,1.1606599390506749,,2020,pit,SP
5861,Jason Motte,P,1.0,0.0,1.0,0.0,0.0,2.357004107534886,,2020,pit,RP
15541,Tyler Rogers,P,24.074100494384766,0.0,24.074100494384766,2.5859999656677246,4.790599822998047,117.9037717819214,TOR,2020,pit,RP
25804,Randy Wynne,P,0.486299991607666,0.10930000245571136,1.0,0.0,0.0,1.3235149070620538,,2020,pit,RP
sa738270,Daniel Procopio,P,1.0,0.0,1.0,0.0,0.0,2.535194720327854,,2020,pit,RP
sa738415,Robert Tyler,P,1.0,0.0,1.0,0.0,0.0,1.9485411256551748,,2020,pit,RP
sa3011223,Frank Valentino,P,0.19030000269412994,0.17229999601840973,1.0,0.0,0.0,0.9575987711548808,,2020,pit,SP
sa917763,Edwuin Bencomo,P,0.5440000295639038,0.09700000286102295,1.0,0.0,0.0,1.9180812373757359,,2020,pit,RP
21859,Alex Speas,P,0.1754000037908554,0.1754000037908554,1.0,0.0,0.0,1.1345641054213051,,2020,pit,SP
sa3008161,Ryan Shetter,P,0.722100019454956,0.05909999832510948,1.0,0.0,0.0,1.8834306895732884,,2020,pit,RP
sa200086,Jonathan Castellanos,P,0.34040001034736633,0.1404000073671341,1.0,0.0,0.0,1.1468439705669882,,2020,pit,RP
sa3002971,Yefri Del Rosario,P,0.1754000037908554,0.1754000037908554,1.0,0.0,0.0,0.9918410137295717,,2020,pit,SP
sa3005358,Max Gamboa,P,1.0,0.0,1.0,0.0,0.0,2.69046001881361,,2020,pit,RP
sa3002996,Delvin Capellan,P,0.1754000037908554,0.1754000037908554,1.0,0.0,0.0,0.9108613446354865,,2020,pit,SP
sa659446,Yankory Pimentel,P,1.0,0.0,1.0,0.0,0.0,2.361061196029187,,2020,pit,RP
sa876313,Adam Hill,P,0.19609999656677246,0.17110000550746918,1.0,0.0,0.0,1.230538692325354,,2020,pit,SP
sa875398,Joe Zanghi,P,0.8112000226974487,0.04019999876618385,1.0,0.0,0.0,2.4133386559784413,,2020,pit,RP
sa875831,Corey Copping,P,1.0,0.0,1.0,0.0,0.0,2.4883641809225088,,2020,pit,RP
sa3005408,Nick Gallagher,P,0.503600001335144,0.10559999942779541,1.0,0.0,0.0,1.7849558390676976,,2020,pit,RP
sa3005856,Ludwin Jimenez,P,0.25049999356269836,0.15950000286102295,1.0,0.0,0.0,1.4514161102473735,,2020,pit,SP
sa3008669,Hugh Smith,P,0.1754000037908554,0.1754000037908554,1.0,0.0,0.0,0.8368358418345454,,2020,pit,SP
sa922562,Miguel Jerez,P,0.503600001335144,0.10559999942779541,1.0,0.0,0.0,1.8663613475859164,,2020,pit,RP
sa602272,Alejandro Arteaga,P,0.5307999849319458,0.0997999981045723,1.0,0.0,0.0,1.6445813432335856,,2020,pit,RP
4138,Carlos Villanueva,P,1.0,0.0,1.0,0.0,0.0,2.1951211668550967,,2020,pit,RP
sa915714,Paul Balestrieri,P,0.23980000615119934,0.16179999709129333,1.0,0.0,0.0,1.0836399391293523,,2020,pit,SP
sa602422,Jared Ruxer,P,1.0,0.0,1.0,0.0,0.0,2.3200294777750963,,2020,pit,RP
sa657941,Ryan McNeil,P,1.0,0.0,1.0,0.0,0.0,2.5083641096949583,,2020,pit,RP
sa875768,Kyle Wilson,P,0.20919999480247498,0.16820000112056732,1.0,0.0,0.0,1.2512987464666367,,2020,pit,SP
sa918031,Daniel Brown,P,0.8945000171661377,0.02250000089406967,1.0,0.0,0.0,2.3148253455758097,,2020,pit,RP
2646,Brian Matusz,P,0.7196000218391418,0.05959999933838844,1.0,0.0,0.0,1.9768786258995532,,2020,pit,RP
sa509788,Miguel Ruiz,P,0.20430000126361847,0.16930000483989716,1.0,0.0,0.0,0.955760151147842,,2020,pit,SP
sa3007488,Travis Perry,P,0.2578999996185303,0.15790000557899475,1.0,0.0,0.0,1.5917705185711388,,2020,pit,SP
sa657700,Anfernee Benitez,P,0.8812999725341797,0.025299999862909317,1.0,0.0,0.0,2.3707505188882356,,2020,pit,RP
sa658192,Ryan Kellogg,P,0.40049999952316284,0.1274999976158142,1.0,0.0,0.0,1.316135868430138,,2020,pit,RP
sa549956,Nolan Sanburn,P,0.3271999955177307,0.14319999516010284,1.0,0.0,0.0,1.3234786346554759,,2020,pit,RP
sa875696,Ryne Inman,P,0.1754000037908554,0.1754000037908554,1.0,0.0,0.0,1.273159980028868,,2020,pit,SP
sa510464,Amilcar Gaxiola,P,0.2150000035762787,0.16699999570846558,1.0,0.0,0.0,0.964319917559624,,2020,pit,SP
21728,Luis Oviedo,P,0.1754000037908554,0.1754000037908554,1.0,0.0,0.0,1.0461186885833738,,2020,pit,SP
14697,Severino González,P,1.0,0.0,1.0,0.0,0.0,2.2515559688210494,,2020,pit,RP
sa3008259,Derek Casey,P,0.18289999663829803,0.17389999330043793,1.0,0.0,0.0,0.9082811929285524,,2020,pit,SP
10657,Andrew Bellatti,P,1.0,0.0,1.0,0.0,0.0,2.3416439659893515,,2020,pit,RP
17755,Drew Smith,P,6.6666998863220215,0.0,6.6666998863220215,0.0,0.24879999458789825,23.8385436296463,WSN,2020,pit,RP
sa830500,Leandro Linares,P,0.8853999972343445,0.024399999529123306,1.0,0.0,0.0,2.3131812341511258,,2020,pit,RP
sa827345,Trey Killian,P,0.1754000037908554,0.1754000037908554,1.0,0.0,0.0,0.9225841231644156,,2020,pit,SP
sa918467,Domenick Carlini,P,0.18529999256134033,0.17329999804496765,1.0,0.0,0.0,0.793741025030613,,2020,pit,SP
sa3002998,Naswell Paulino,P,0.35190001130104065,0.1378999948501587,1.0,0.0,0.0,1.2606760434806348,,2020,pit,RP
13427,Pat Light,P,1.0,0.0,1.0,0.0,0.0,2.3329186618328097,,2020,pit,RP
sa944989,Daison Acosta,P,0.18700000643730164,0.17299999296665192,1.0,0.0,0.0,1.282835862785578,SDP,2020,pit,SP
sa918097,Will Gilbert,P,1.0,0.0,1.0,0.0,0.0,2.2864789709448816,,2020,pit,RP
sa3007473,Reid Birlingmair,P,0.19850000739097595,0.1704999953508377,1.0,0.0,0.0,1.194764160364866,,2020,pit,SP
sa658076,Jesús Liranzo,P,1.0,0.0,1.0,0.0,0.0,2.6443410471081736,,2020,pit,RP
sa875329,LJ Brewster,P,0.33709999918937683,0.14110000431537628,1.0,0.0,0.0,1.5043346382677556,,2020,pit,RP
25512,Nate Fisher,P,0.34040001034736633,0.1404000073671341,1.0,0.0,0.0,1.2847148343920702,,2020,pit,RP
sa947763,Miguel Medrano,P,0.1754000037908554,0.1754000037908554,1.0,0.0,0.0,0.6499241076409819,,2020,pit,SP
sa3006964,Sean Rackoski,P,1.0,0.0,1.0,0.0,0.0,2.194840031117201,,2020,pit,RP
sa873529,Tomás Alastre,P,0.1754000037908554,0.1754000037908554,1.0,0.0,0.0,0.8934986740350723,,2020,pit,SP
sa829618,Brad Bass,P,0.3287999927997589,0.1428000032901764,1.0,0.0,0.0,1.1005851894617078,,2020,pit,RP
sa829689,Will Carter,P,0.9085000157356262,0.019500000402331352,1.0,0.0,0.0,1.9165359988808635,,2020,pit,RP
sa873729,Eury Ramos,P,0.1754000037908554,0.1754000037908554,1.0,0.0,0.0,0.9501851327717303,,2020,pit,SP
sa3006804,Cole Uvila,P,1.0,0.0,1.0,0.0,0.0,2.1803958483040335,BAL,2020,pit,RP
sa657950,Kieran Lovegrove,P,1.0,0.0,1.0,0.0,0.0,2.484701207280159,,2020,pit,RP
18820,Chris Rowley,P,1.0,0.0,1.0,0.0,0.0,2.1235360078513628,,2020,pit,RP
sa918630,Erik Espinal,P,0.6998999714851379,0.06390000134706497,1.0,0.0,0.0,1.851901281625032,,2020,pit,RP
sa3007776,Jackson Goddard,P,0.2223999947309494,0.16539999842643738,1.0,0.0,0.0,1.3192908488214012,,2020,pit,SP
sa873292,Sandro Cabrera,P,0.9298999905586243,0.01489999983459711,1.0,0.0,0.0,2.3708492636680605,,2020,pit,RP
21863,George Soriano,P,0.19939999282360077,0.1703999936580658,1.0,0.0,0.0,1.3090651720762256,STL,2020,pit,SP
sa916727,Johan Dominguez,P,0.263700008392334,0.156700000166893,1.0,0.0,0.0,0.9962213352322586,,2020,pit,SP
1137,Jerome Williams,P,1.0,0.0,1.0,0.0,0.0,2.057965233176946,,2020,pit,RP
sa3010117,Dan Metzdorf,P,0.1754000037908554,0.1754000037908554,1.0,0.0,0.0,0.604638797789812,,2020,pit,SP
sa827490,Michael Matuella,P,1.0,0.0,1.0,0.0,0.0,1.910945330560208,TEX,2020,pit,RP
sa654744,Carlos Bustamante,P,1.0,0.0,1.0,0.0,0.0,2.4195011429488664,,2020,pit,RP
sa828694,Cody Reed,P,0.7781999707221985,0.047200001776218414,1.0,0.0,0.0,2.1468107044696807,,2020,pit,RP
sa875865,Xavier Altamirano,P,0.18780000507831573,0.1728000044822693,1.0,0.0,0.0,1.0433842368423933,,2020,pit,SP
6475,Kevin Jepsen,P,1.0,0.0,1.0,0.0,0.0,2.2982212588191033,,2020,pit,RP
sa917753,Willy Taveras,P,0.29089999198913574,0.1509000062942505,1.0,0.0,0.0,1.3780693709850316,,2020,pit,SP
sa3008427,Charlie Ruegger,P,0.3172999918460846,0.1453000009059906,1.0,0.0,0.0,0.8938452683389189,,2020,pit,RP
sa3006152,Abismael Villaman,P,0.25049999356269836,0.15950000286102295,1.0,0.0,0.0,1.0613706156611444,,2020,pit,SP
sa514279,Miguel Mejia,P,1.0,0.0,1.0,0.0,0.0,2.311290592700243,,2020,pit,RP
sa599832,Joshua Corrales,P,0.9225000143051147,0.016499999910593033,1.0,0.0,0.0,2.2207599319517617,,2020,pit,RP
sa3007272,Felix Minjarez,P,0.6420999765396118,0.07609999924898148,1.0,0.0,0.0,2.0228853255510333,,2020,pit,RP
3237,T.J. McFarland,P,16.66670036315918,0.0,16.66670036315918,0.0,3.4495999813079834,64.7572242975235,,2020,pit,RP
sa875261,Travis Eckert,P,0.24639999866485596,0.16040000319480896,1.0,0.0,0.0,0.9896853558719161,KCR,2020,pit,SP
23811,Luarbert Arias,P,0.24469999969005585,0.1606999933719635,1.0,0.0,0.0,1.3044653050601478,,2020,pit,SP
sa828277,Diomar Lopez,P,1.0,0.0,1.0,0.0,0.0,2.1106013447046283,CIN,2020,pit,RP
19588,Guillo Zuñiga,P,0.61080002784729,0.0828000009059906,1.0,0.0,0.0,1.996994841843844,SEA,2020,pit,RP
sa915671,Parker Rigler,P,0.1754000037908554,0.1754000037908554,1.0,0.0,0.0,0.7068904571235177,,2020,pit,SP
14733,José Manuel Fernández,P,1.0,0.0,1.0,0.0,0.0,2.167689310759306,,2020,pit,RP
sa512503,Felipe Gonzalez,P,1.0,0.0,1.0,0.0,0.0,2.5964588522911076,,2020,pit,RP
sa3008619,Joe Record,P,1.0,0.0,1.0,0.0,0.0,2.148435609042645,,2020,pit,RP
sa923379,Jeffri Ocando,P,0.1754000037908554,0.1754000037908554,1.0,0.0,0.0,0.7187242582440376,COL,2020,pit,SP
sa828169,Yeudy Garcia,P,0.798799991607666,0.04280000180006027,1.0,0.0,0.0,2.1390749461948873,,2020,pit,RP
25873,Connor Thomas,P,0.4747999906539917,0.11180000007152557,1.0,0.0,0.0,1.724758957326412,ATL,2020,pit,RP
8268,Ross Ohlendorf,P,1.0,0.0,1.0,0.0,0.0,2.3961390197277077,,2020,pit,RP
10386,Carlos Contreras,P,1.0,0.0,1.0,0.0,0.0,2.221594433486462,,2020,pit,RP
13144,Frank Garces,P,0.9563000202178955,0.00930000003427267,1.0,0.0,0.0,2.1551053911447533,,2020,pit,RP
sa918262,Matthew Gorst,P,0.7657999992370605,0.049800001084804535,1.0,0.0,0.0,2.0370586827397346,,2020,pit,RP
22461,Logan Gillaspie,P,0.30570000410079956,0.1476999968290329,1.0,0.0,0.0,1.1627051517367364,SDP,2020,pit,RP
4079,Junichi Tazawa,P,1.0,0.0,1.0,0.0,0.0,2.269910770654678,,2020,pit,RP
sa3002911,Stiward Aquino,P,0.1754000037908554,0.1754000037908554,1.0,0.0,0.0,0.7699706152081487,,2020,pit,SP
sa874229,Blake Quinn,P,0.8862000107765198,0.02419999986886978,1.0,0.0,0.0,2.265985291451216,,2020,pit,RP
sa3007998,Leudeny Pineda,P,0.30160000920295715,0.1485999971628189,1.0,0.0,0.0,1.2820587843656548,,2020,pit,RP
sa828553,Juan Pena,P,0.899399995803833,0.021400000900030136,1.0,0.0,0.0,2.089918616414071,,2020,pit,RP
sa829315,Corey Ray,P,1.0,0.0,1.0,0.0,0.0,2.2614640802145005,,2020,pit,RP
sa877875,Chase Johnson-Mullins,P,1.0,0.0,1.0,0.0,0.0,2.308210709691048,,2020,pit,RP
sa828702,Ronnie Williams,P,1.0,0.0,1.0,0.0,0.0,2.6159947350621224,,2020,pit,RP
sa3006543,Eddy Yean,P,0.1754000037908554,0.1754000037908554,1.0,0.0,0.0,0.7630187675356868,WSN,2020,pit,SP
sa828333,Erick Julio,P,1.0,0.0,1.0,0.0,0.0,1.834104230254888,,2020,pit,RP
sa3008000,Connor Mitchell,P,1.0,0.0,1.0,0.0,0.0,2.4403053008019926,,2020,pit,RP
16418,Blake Taylor,P,13.33329963684082,0.0,13.33329963684082,0.0,2.065700054168701,52.741726911067964,,2020,pit,RP
15036,Chase De Jong,P,1.0,0.0,1.0,0.0,0.0,2.008754642307758,,2020,pit,RP
sa828880,Blake Bivens,P,0.6825000047683716,0.06750000268220901,1.0,0.0,0.0,2.1297358393669135,,2020,pit,RP
sa455494,Jose Barajas,P,0.24060000479221344,0.1615999937057495,1.0,0.0,0.0,0.9742147706449034,,2020,pit,SP
sa3009778,Luis De La Rosa,P,0.19030000269412994,0.17229999601840973,1.0,0.0,0.0,0.9334107704460624,,2020,pit,SP
sa877527,Yosmer Solorzano,P,0.30489999055862427,0.14790000021457672,1.0,0.0,0.0,1.1791999474167825,,2020,pit,RP
13323,James Pazos,P,17.777799606323242,0.0,17.777799606323242,0.0,3.6689000129699707,68.7374663233757,,2020,pit,RP
sa828536,Jean Ruiz,P,0.2290000021457672,0.164000004529953,1.0,0.0,0.0,1.059963987022639,,2020,pit,SP
21420,Yerry De los Santos,P,1.0,0.0,1.0,0.0,0.0,2.4085814595222472,NYY,2020,pit,RP
sa971762,Tom de Blok,P,0.18369999527931213,0.1737000048160553,1.0,0.0,0.0,0.7290012247860433,,2020,pit,SP
sa3007461,Andrew Cabezas,P,0.18289999663829803,0.17389999330043793,1.0,0.0,0.0,0.6971642583608628,,2020,pit,SP
sa737281,Enrique De Los Rios,P,0.6956999897956848,0.06469999998807907,1.0,0.0,0.0,1.7206358805298807,,2020,pit,RP
sa918200,Matt Anderson,P,0.34279999136924744,0.13979999721050262,1.0,0.0,0.0,1.4347211822867387,PIT,2020,pit,RP
sa918916,Patrick McGuff,P,0.1754000037908554,0.1754000037908554,1.0,0.0,0.0,1.0945800043642526,ARI,2020,pit,SP
sa3003065,Juan Diaz,P,0.1754000037908554,0.1754000037908554,1.0,0.0,0.0,0.8174600154161458,,2020,pit,SP
sa3006809,Jack Labosky,P,0.888700008392334,0.02370000071823597,1.0,0.0,0.0,2.2292013399302957,,2020,pit,RP
sa195168,Francisco Campos,P,0.2199999988079071,0.16599999368190765,1.0,0.0,0.0,0.8564188033342357,,2020,pit,SP
sa828823,Nelson Hernandez,P,0.18199999630451202,0.17399999499320984,1.0,0.0,0.0,0.7504907794296742,,2020,pit,SP
sa550830,Harrison Cooney,P,1.0,0.0,1.0,0.0,0.0,2.4121546007692816,,2020,pit,RP
5960,Wesley Wright,P,1.0,0.0,1.0,0.0,0.0,2.224934795498848,,2020,pit,RP
sa828802,Jake Cosart,P,1.0,0.0,1.0,0.0,0.0,2.5239493906497956,,2020,pit,RP
sa3004009,Cole Bartlett,P,1.0,0.0,1.0,0.0,0.0,2.0336412742733954,,2020,pit,RP
sa824922,Jorge Rivera,P,0.25049999356269836,0.15950000286102295,1.0,0.0,0.0,1.0663811914622778,,2020,pit,SP
sa3008020,Michael Brettell,P,0.21250000596046448,0.16750000417232513,1.0,0.0,0.0,1.0749505311250682,STL,2020,pit,SP
sa3003088,Rosmer Inojosa,P,0.2727000117301941,0.15469999611377716,1.0,0.0,0.0,0.5947811022400855,,2020,pit,SP
sa3006974,Zach Spears,P,0.1754000037908554,0.1754000037908554,1.0,0.0,0.0,0.9023410476744176,,2020,pit,SP
sa827492,Jordan Minch,P,1.0,0.0,1.0,0.0,0.0,2.3315601706504827,,2020,pit,RP
27451,Alec Marsh,P,0.1754000037908554,0.1754000037908554,1.0,0.0,0.0,0.775544218719006,KCR,2020,pit,SP
sa3009924,Dylan King,P,0.4903999865055084,0.10840000212192535,1.0,0.0,0.0,1.5168903410434722,,2020,pit,RP
6911,Eddie Gamboa,P,1.0,0.0,1.0,0.0,0.0,2.572565417736769,,2020,pit,RP
22358,Stephen Ridings,P,0.20430000126361847,0.16930000483989716,1.0,0.0,0.0,1.073258801549673,,2020,pit,SP
sa598569,Samil De Los Santos,P,1.0,0.0,1.0,0.0,0.0,2.420999013632536,,2020,pit,RP
sa3004368,Tanner Duncan,P,1.0,0.0,1.0,0.0,0.0,2.3941610917449,,2020,pit,RP
sa543294,Juan Ramon Noriega,P,1.0,0.0,1.0,0.0,0.0,2.27379454895854,,2020,pit,RP
sa876135,Connor Bennett,P,1.0,0.0,1.0,0.0,0.0,2.205470649152994,CIN,2020,pit,RP
sa872820,Elio Silva,P,0.18780000507831573,0.1728000044822693,1.0,0.0,0.0,0.8051987312734128,,2020,pit,SP
sa3006153,Michel Gelabert,P,0.25459998846054077,0.15860000252723694,1.0,0.0,0.0,1.4037041552364826,ARI,2020,pit,SP
sa918177,Walker Sheller,P,1.0,0.0,1.0,0.0,0.0,2.170359764993191,,2020,pit,RP
22810,Roansy Contreras,P,0.1754000037908554,0.1754000037908554,1.0,0.0,0.0,0.6028442636132239,,2020,pit,SP
sa3006768,Alan Strong,P,0.21089999377727509,0.1678999960422516,1.0,0.0,0.0,1.2314588457345956,,2020,pit,SP
10307,Roman Mendez,P,1.0,0.0,1.0,0.0,0.0,2.4350506313145166,,2020,pit,RP
19192,Brandyn Sittinger,P,1.0,0.0,1.0,0.0,0.0,2.210561122745275,,2020,pit,RP
sa3005121,James Marinan,P,0.1754000037908554,0.1754000037908554,1.0,0.0,0.0,0.45755076184868804,CIN,2020,pit,SP
sa737469,Nattino Diplan,P,1.0,0.0,1.0,0.0,0.0,2.2783613204956055,,2020,pit,RP
sa503963,Robinson Lopez,P,0.1754000037908554,0.1754000037908554,1.0,0.0,0.0,0.7367959424853328,ATL,2020,pit,SP
sa3004229,Matt Gunter,P,0.19439999759197235,0.17139999568462372,1.0,0.0,0.0,0.769535744190216,,2020,pit,SP
20227,Jake Walsh,P,0.31310001015663147,0.1460999995470047,1.0,0.0,0.0,1.540395873039961,,2020,pit,RP
sa3006953,Chris Holba,P,0.20679999887943268,0.1687999963760376,1.0,0.0,0.0,1.0935610219836231,,2020,pit,SP
sa549653,Tyler Vail,P,0.1754000037908554,0.1754000037908554,1.0,0.0,0.0,0.7408387944102288,,2020,pit,SP
12185,Akeel Morris,P,1.0,0.0,1.0,0.0,0.0,2.35322414636612,,2020,pit,RP
sa3007460,Mason Fox,P,1.0,0.0,1.0,0.0,0.0,2.594610616564751,,2020,pit,RP
sa875307,Bret Helton,P,0.8945000171661377,0.02250000089406967,1.0,0.0,0.0,2.1024211362004275,,2020,pit,RP
24728,Mike Burrows,P,0.1754000037908554,0.1754000037908554,1.0,0.0,0.0,0.9009010285139087,HOU,2020,pit,SP
sa3004485,Taylor Ahearn,P,0.569599986076355,0.09160000085830688,1.0,0.0,0.0,1.5451987601816657,,2020,pit,RP
sa875673,Austin Orewiler,P,0.18199999630451202,0.17399999499320984,1.0,0.0,0.0,0.7401707403361799,,2020,pit,SP
6780,Tyler Sturdevant,P,1.0,0.0,1.0,0.0,0.0,2.1379254557192326,,2020,pit,RP
sa827076,Erling Moreno,P,0.31310001015663147,0.1460999995470047,1.0,0.0,0.0,1.0991959556937219,,2020,pit,RP
23307,Collin Snider,P,0.9217000007629395,0.016699999570846558,1.0,0.0,0.0,1.8266694970428947,CHC,2020,pit,RP
sa599917,Hector Silvestre,P,0.4343999922275543,0.12039999663829803,1.0,0.0,0.0,1.3973411880433555,WSN,2020,pit,RP
sa3002988,Nathanael Perez Lopez,P,0.1754000037908554,0.1754000037908554,1.0,0.0,0.0,0.6397611051797867,,2020,pit,SP
sa861440,Alvaro Seijas,P,0.1754000037908554,0.1754000037908554,1.0,0.0,0.0,1.0976800605654722,,2020,pit,SP
sa875632,Chris Comito,P,0.29829999804496765,0.1492999941110611,1.0,0.0,0.0,0.9684585824608805,CHW,2020,pit,SP
sa3010112,Cullen Dana,P,0.24549999833106995,0.16050000488758087,1.0,0.0,0.0,1.1933149278163917,,2020,pit,SP
sa688946,Nicolas Debora,P,0.39309999346733093,0.1290999948978424,1.0,0.0,0.0,1.2874159328639507,,2020,pit,RP
sa502106,Jeff Ibarra,P,1.0,0.0,1.0,0.0,0.0,2.1938507094979287,,2020,pit,RP
sa3004120,Matt Hardy,P,0.6998999714851379,0.06390000134706497,1.0,0.0,0.0,1.8117252409458167,MIL,2020,pit,RP
sa3006482,Jose Salvador,P,0.1754000037908554,0.1754000037908554,1.0,0.0,0.0,0.6450988613069057,,2020,pit,SP
sa827249,Luis Carrasco,P,1.0,0.0,1.0,0.0,0.0,2.2383840471506127,,2020,pit,RP
sa659749,Victor Diaz,P,0.321399986743927,0.1444000005722046,1.0,0.0,0.0,1.1426600635051725,,2020,pit,RP
22915,Carlos Vargas,P,0.1754000037908554,0.1754000037908554,1.0,0.0,0.0,0.849634725600481,SEA,2020,pit,SP
sa739256,Angel German,P,1.0,0.0,1.0,0.0,0.0,2.386715937405825,,2020,pit,RP
12237,Dan Winkler,P,11.111100196838379,0.0,11.111100196838379,0.0,1.0716999769210815,38.70572366714478,,2020,pit,RP
sa3004358,Cole Watts,P,0.31310001015663147,0.1460999995470047,1.0,0.0,0.0,1.1816389262676243,KCR,2020,pit,RP
sa3008305,Chandler Raiden,P,0.9133999943733215,0.018400000408291817,1.0,0.0,0.0,2.3334905624389655,,2020,pit,RP
sa657808,Osman Gutierrez,P,0.1754000037908554,0.1754000037908554,1.0,0.0,0.0,0.8590053439140322,,2020,pit,SP
sa3006171,Emmy Morel,P,0.1754000037908554,0.1754000037908554,1.0,0.0,0.0,0.756501317024231,,2020,pit,SP
sa602917,Kelvin Vasquez,P,0.8812999725341797,0.025299999862909317,1.0,0.0,0.0,2.155041266232729,,2020,pit,RP
sa918643,Mike O'Reilly,P,1.0,0.0,1.0,0.0,0.0,2.253838803619147,,2020,pit,RP
sa917989,Braeden Ogle,P,0.7822999954223633,0.046300001442432404,1.0,0.0,0.0,2.0669159136712554,,2020,pit,RP
sa3004683,Tad Ratliff,P,1.0,0.0,1.0,0.0,0.0,2.16865888684988,,2020,pit,RP
sa596949,Anderson Polanco,P,0.6453999876976013,0.07540000230073929,1.0,0.0,0.0,2.012218736112118,,2020,pit,RP
sa3002812,Dayeison Arias,P,1.0,0.0,1.0,0.0,0.0,2.520220053941011,,2020,pit,RP
sa3008483,Griffin Roberts,P,0.20020000636577606,0.17020000517368317,1.0,0.0,0.0,1.058824060857296,,2020,pit,SP
sa3004121,Austin Krzeminski,P,0.8730000257492065,0.027000000700354576,1.0,0.0,0.0,2.022315832972527,,2020,pit,RP
sa3005312,Scott Kuzminsky,P,1.0,0.0,1.0,0.0,0.0,2.27934942394495,,2020,pit,RP
sa916571,Marcos Machado,P,0.2603999972343445,0.1573999971151352,1.0,0.0,0.0,0.9532853469252593,,2020,pit,SP
2141,Chris Narveson,P,1.0,0.0,1.0,0.0,0.0,2.1768958188593395,,2020,pit,RP
sa916725,Freisis Adames,P,0.31310001015663147,0.1460999995470047,1.0,0.0,0.0,1.1741399936378003,,2020,pit,RP
sa918110,Tai Tiedemann,P,0.76419997215271,0.050200000405311584,1.0,0.0,0.0,1.4517810545861725,,2020,pit,RP
sa827446,Mason McCullough,P,1.0,0.0,1.0,0.0,0.0,2.561730661243201,,2020,pit,RP
sa3006123,Bryan Lucas,P,0.2223999947309494,0.16539999842643738,1.0,0.0,0.0,0.905455964803696,,2020,pit,SP
sa873280,Aaron McGarity,P,1.0,0.0,1.0,0.0,0.0,1.9604441739618772,,2020,pit,RP
22449,Nivaldo Rodriguez,P,1.8518999814987183,0.0,1.8518999814987183,0.0,0.28690001368522644,6.301459024846552,,2020,pit,RP
16128,John Curtiss,P,3.703700065612793,0.0,3.703700065612793,0.0,0.2962999939918518,13.209290441870694,ARI,2020,pit,RP
sa872819,Lupe Chavez,P,0.2694000005722046,0.15539999306201935,1.0,0.0,0.0,1.0510200679302217,,2020,pit,SP
sa918756,Jordan Jess,P,1.0,0.0,1.0,0.0,0.0,2.157401174306869,,2020,pit,RP
sa3004108,Josh Mitchell,P,0.8672000169754028,0.028200000524520874,1.0,0.0,0.0,1.950896041840315,,2020,pit,RP
sa3010377,Scott Politz,P,0.18780000507831573,0.1728000044822693,1.0,0.0,0.0,0.6836199492216113,,2020,pit,SP
22264,Shane Baz,P,0.1754000037908554,0.1754000037908554,1.0,0.0,0.0,1.1884999535977845,BAL,2020,pit,SP
sa328589,Arturo Barradas,P,1.0,0.0,1.0,0.0,0.0,2.0847707040607935,,2020,pit,RP
sa828746,Hector Guance,P,0.19030000269412994,0.17229999601840973,1.0,0.0,0.0,0.8347840830683708,,2020,pit,SP
sa504951,Oscar Verdugo,P,0.2150000035762787,0.16699999570846558,1.0,0.0,0.0,0.7987653434276583,PIT,2020,pit,SP
13442,Mike Morin,P,1.8518999814987183,0.0,1.8518999814987183,0.0,0.27709999680519104,5.693212461471554,,2020,pit,RP
sa828481,Angel Guillen,P,0.7807000279426575,0.04670000076293945,1.0,0.0,0.0,1.8752694435417654,,2020,pit,RP
sa918000,Mark Ecker,P,1.0,0.0,1.0,0.0,0.0,2.1119414024055003,DET,2020,pit,RP
sa918300,Robby Sexton,P,1.0,0.0,1.0,0.0,0.0,2.166290637105703,,2020,pit,RP
sa918600,Jared Oliver,P,1.0,0.0,1.0,0.0,0.0,2.453690750896931,,2020,pit,RP
sa918348,Tyler Beardsley,P,0.18619999289512634,0.17319999635219574,1.0,0.0,0.0,0.6350439354777335,,2020,pit,SP
sa3006408,Heribert Garcia,P,0.2578999996185303,0.15790000557899475,1.0,0.0,0.0,0.8583853431046014,,2020,pit,SP
sa3008454,Michael Gomez,P,1.0,0.0,1.0,0.0,0.0,2.1929252438247206,,2020,pit,RP
24614,Victor Vodnik,P,0.6463000178337097,0.07530000060796738,1.0,0.0,0.0,1.9396810322999958,COL,2020,pit,RP
sa3003013,Joan Valdez,P,0.19189999997615814,0.17190000414848328,1.0,0.0,0.0,0.8907799467444422,,2020,pit,SP
sa3007802,Logan Browning,P,1.0,0.0,1.0,0.0,0.0,2.2580147489905356,,2020,pit,RP
sa659414,Manuel Chavez,P,1.0,0.0,1.0,0.0,0.0,2.277410701662302,,2020,pit,RP
sa455989,Carlos Teller,P,0.31310001015663147,0.1460999995470047,1.0,0.0,0.0,1.052769369632006,,2020,pit,RP
3196,Chris Young,P,0.8169000148773193,0.03889999911189079,1.0,0.0,0.0,2.066798662394285,,2020,pit,RP
sa541874,Andres Avila,P,1.0,0.0,1.0,0.0,0.0,2.1075558200478555,,2020,pit,RP
sa659272,Mitchell Traver,P,0.1754000037908554,0.1754000037908554,1.0,0.0,0.0,0.7524998098611833,,2020,pit,SP
4363,Craig Breslow,P,1.0,0.0,1.0,0.0,0.0,2.167381098866463,,2020,pit,RP
sa262058,Salvador Valdez,P,0.6470999717712402,0.07509999722242355,1.0,0.0,0.0,1.5408200040459628,,2020,pit,RP
sa3007801,Andrew Mitchell,P,0.8795999884605408,0.025599999353289604,1.0,0.0,0.0,2.3715011298656465,,2020,pit,RP
sa3007711,Parker Kelly,P,0.34860000014305115,0.13860000669956207,1.0,0.0,0.0,1.1265094406902798,,2020,pit,RP
16427,Scott Blewett,P,1.8518999814987183,0.0,1.8518999814987183,0.0,0.26109999418258667,5.922594508528708,STL,2020,pit,RP
sa3009940,Chase Solesky,P,0.18780000507831573,0.1728000044822693,1.0,0.0,0.0,0.5030588790774346,TBR,2020,pit,SP
sa3005346,Jeferson Garcia,P,0.2660999894142151,0.15610000491142273,1.0,0.0,0.0,1.2901054561138148,,2020,pit,SP
sa508101,Marco Quevedo,P,0.29339998960494995,0.15039999783039093,1.0,0.0,0.0,0.9854492485523223,,2020,pit,SP
20423,Ryan Walker,P,1.0,0.0,1.0,0.0,0.0,2.521114696562291,SFG,2020,pit,RP
sa3007834,Taylor Lehman,P,0.29660001397132874,0.14959999918937683,1.0,0.0,0.0,1.0222588054835793,,2020,pit,SP
sa3008043,Austin Drury,P,1.0,0.0,1.0,0.0,0.0,2.33877598643303,,2020,pit,RP
sa917900,Carlos Gonzalez,P,0.218299999833107,0.1662999987602234,1.0,0.0,0.0,0.30616939291358003,,2020,pit,SP
sa918634,Lucas Jacobsen,P,1.0,0.0,1.0,0.0,0.0,1.8975588798522955,,2020,pit,RP
13763,Dominic Leone,P,11.111100196838379,0.0,11.111100196838379,0.0,0.2754000127315521,40.00886411666869,,2020,pit,RP
sa295625,Santiago Gutierrez,P,0.6610999703407288,0.07209999859333038,1.0,0.0,0.0,1.6755988933146004,,2020,pit,RP
sa737570,Hector Galvan,P,0.2240999937057495,0.16509999334812164,1.0,0.0,0.0,0.8527011640369895,,2020,pit,SP
sa3007205,Frankie Bartow,P,1.0,0.0,1.0,0.0,0.0,1.955730646848679,,2020,pit,RP
19757,Kazuhisa Makita,P,2.0,0.0,2.0,0.0,0.0,2.0846146181225778,,2020,pit,RP
sa3009992,Hyun-il Choi,P,0.218299999833107,0.1662999987602234,1.0,0.0,0.0,0.9892399571835995,,2020,pit,SP
sa918024,Winston Nicacio,P,0.35679998993873596,0.13680000603199005,1.0,0.0,0.0,1.2982199847698217,,2020,pit,RP
23590,Ben Brown,P,0.4846000075340271,0.1096000000834465,1.0,0.0,0.0,1.4423211589455605,CHC,2020,pit,RP
sa918213,Michael Koval,P,1.0,0.0,1.0,0.0,0.0,2.0468610450625424,,2020,pit,RP
18615,Hobie Harris,P,1.0,0.0,1.0,0.0,0.0,2.1182707399129868,BOS,2020,pit,RP
21992,Camilo Doval,P,1.0,0.0,1.0,0.0,0.0,2.774570491164923,NYY,2020,pit,RP
sa3007236,Austin Lambright,P,1.0,0.0,1.0,0.0,0.0,2.283329413086176,,2020,pit,RP
sa918347,Ben Krauth,P,1.0,0.0,1.0,0.0,0.0,2.416555874794722,,2020,pit,RP
sa875356,Matt Bower,P,0.882099986076355,0.025100000202655792,1.0,0.0,0.0,2.0264853999018664,,2020,pit,RP
sa3007817,Austin Ross,P,1.0,0.0,1.0,0.0,0.0,2.191575793176889,,2020,pit,RP
sa739645,Willian Soto,P,0.492900013923645,0.10790000110864639,1.0,0.0,0.0,1.5294051878154278,LAD,2020,pit,RP
sa875020,Breckin Williams,P,1.0,0.0,1.0,0.0,0.0,2.3642704509198667,,2020,pit,RP
sa3005073,Sadrac Franco,P,0.1754000037908554,0.1754000037908554,1.0,0.0,0.0,0.5696013599634169,SDP,2020,pit,SP
20638,Luis F. Castillo,P,1.0,0.0,1.0,0.0,0.0,2.284861297160387,,2020,pit,RP
sa3004771,John Russell,P,1.0,0.0,1.0,0.0,0.0,2.658825258910656,,2020,pit,RP
8742,Zack Segovia,P,1.0,0.0,1.0,0.0,0.0,2.2179159760475167,,2020,pit,RP
17697,Pedro Araújo,P,1.0,0.0,1.0,0.0,0.0,2.399650676548481,,2020,pit,RP
sa914205,Wes Torrez,P,0.29010000824928284,0.15109999477863312,1.0,0.0,0.0,0.9517652966082104,,2020,pit,SP
sa3007249,Troy Watson,P,0.2142000049352646,0.1671999990940094,1.0,0.0,0.0,0.6040359877049921,DET,2020,pit,SP
22872,Yoendrys Gómez,P,0.1754000037908554,0.1754000037908554,1.0,0.0,0.0,0.4936359122395517,TBR,2020,pit,SP
sa737083,Manuel Rondon,P,1.0,0.0,1.0,0.0,0.0,2.236125215888024,,2020,pit,RP
sa3003993,Adam Reuss,P,0.2892000079154968,0.15119999647140503,1.0,0.0,0.0,0.9780945874750615,,2020,pit,SP
sa3008314,Jacob Billingsley,P,0.9545999765396118,0.009600000455975533,1.0,0.0,0.0,2.18315988406539,,2020,pit,RP
sa3007220,Leif Strom,P,0.3262999951839447,0.14329999685287476,1.0,0.0,0.0,1.0398546688258654,,2020,pit,RP
sa738904,Justin Garcia,P,1.0,0.0,1.0,0.0,0.0,2.3441590107977395,CLE,2020,pit,RP
sa829809,Keith Weisenberg,P,0.28349998593330383,0.1525000035762787,1.0,0.0,0.0,1.0860613182187078,,2020,pit,SP
sa393279,Marco Antonio Duarte,P,0.44999998807907104,0.11699999868869781,1.0,0.0,0.0,1.2057749591767792,,2020,pit,RP
sa3006828,Tyler Smith,P,1.0,0.0,1.0,0.0,0.0,2.1328960053622725,,2020,pit,RP
sa738914,Jake Thompson,P,1.0,0.0,1.0,0.0,0.0,2.1185494817793376,,2020,pit,RP
sa740428,Luis Ivan Rodriguez,P,1.0,0.0,1.0,0.0,0.0,2.0512988902628426,,2020,pit,RP
1330,Pedro Beato,P,1.0,0.0,1.0,0.0,0.0,2.145804170519113,PHI,2020,pit,RP
sa3006100,Brayan Perez,P,0.49779999256134033,0.10679999738931656,1.0,0.0,0.0,1.5136507935822014,,2020,pit,RP
sa508761,Luis De La O,P,1.0,0.0,1.0,0.0,0.0,2.0351358078420163,,2020,pit,RP
22284,Matt Sauer,P,0.1754000037908554,0.1754000037908554,1.0,0.0,0.0,0.4125641614198683,,2020,pit,SP
17754,Sandy Báez,P,1.0,0.0,1.0,0.0,0.0,2.115874652564526,,2020,pit,RP
sa3002914,Gabriel Noguera,P,0.25049999356269836,0.15950000286102295,1.0,0.0,0.0,1.2056253187358377,,2020,pit,SP
22533,Michel Otañez,P,0.1754000037908554,0.1754000037908554,1.0,0.0,0.0,0.9750759258866313,TEX,2020,pit,SP
sa3008498,Matt Hartman,P,0.2685999870300293,0.15559999644756317,1.0,0.0,0.0,1.193099967390299,,2020,pit,SP
sa3007492,Justin McGregor,P,0.18700000643730164,0.17299999296665192,1.0,0.0,0.0,0.5783612102270128,CIN,2020,pit,SP
18454,Trevor Kelley,P,1.0,0.0,1.0,0.0,0.0,2.173781195282936,,2020,pit,RP
sa875796,Ike Schlabach,P,0.666100025177002,0.07109999656677246,1.0,0.0,0.0,1.680136030912399,,2020,pit,RP
sa857589,Billy Strode,P,1.0,0.0,1.0,0.0,0.0,2.071429540961981,,2020,pit,RP
sa3004467,John Curtis,P,0.52920001745224,0.10019999742507935,1.0,0.0,0.0,1.4480946458876138,,2020,pit,RP
sa837791,Jose Geraldo,P,0.1754000037908554,0.1754000037908554,1.0,0.0,0.0,0.5987148590385911,,2020,pit,SP
sa3007595,Sean Thompson,P,0.1754000037908554,0.1754000037908554,1.0,0.0,0.0,0.5320347130298617,CHW,2020,pit,SP
sa875652,Ethan Clark,P,1.0,0.0,1.0,0.0,0.0,2.2592786133289335,,2020,pit,RP
20794,Manuel Rodríguez,P,1.0,0.0,1.0,0.0,0.0,2.2662387974560265,TBR,2020,pit,RP
sa328208,Derrick Loop,P,1.0,0.0,1.0,0.0,0.0,2.0764505609869963,,2020,pit,RP
sa3004321,Connor Law,P,1.0,0.0,1.0,0.0,0.0,2.067044065892696,TOR,2020,pit,RP
sa3004667,Chad Whitmer,P,1.0,0.0,1.0,0.0,0.0,2.0139694534242154,,2020,pit,RP
21101,Dauri Moreta,P,1.0,0.0,1.0,0.0,0.0,2.0091189645230765,,2020,pit,RP
sa601493,Gonzalo Sanudo,P,1.0,0.0,1.0,0.0,0.0,2.1122757829725742,,2020,pit,RP
sa3006486,Teodoro Ortega,P,0.31310001015663147,0.1460999995470047,1.0,0.0,0.0,0.5808401145040989,,2020,pit,RP
sa3006699,Carlos Gomez,P,0.3691999912261963,0.13420000672340393,1.0,0.0,0.0,0.9688147246837615,,2020,pit,RP
sa917865,Manuel Silva,P,0.30320000648498535,0.14820000529289246,1.0,0.0,0.0,1.0491609916090963,PHI,2020,pit,RP
sa873319,Angel Padron,P,0.5703999996185303,0.09139999747276306,1.0,0.0,0.0,1.5452494889497754,,2020,pit,RP
sa828239,Ofelky Peralta,P,0.18950000405311584,0.17249999940395355,1.0,0.0,0.0,0.18633478358387956,,2020,pit,SP
19231,Caleb Baragar,P,1.8518999814987183,0.0,1.8518999814987183,0.0,0.271699994802475,7.007504266500472,,2020,pit,RP
sa3006823,Aaron Pinto,P,0.9192000031471252,0.01720000058412552,1.0,0.0,0.0,2.0899655073881145,,2020,pit,RP
sa738284,Ty Damron,P,1.0,0.0,1.0,0.0,0.0,2.357844156771898,,2020,pit,RP
sa3004773,Peter Lannoo,P,1.0,0.0,1.0,0.0,0.0,2.119359999895096,,2020,pit,RP
sa3007214,Conner Nurse,P,0.18780000507831573,0.1728000044822693,1.0,0.0,0.0,1.165385240316391,,2020,pit,SP
13560,Alec Asher,P,1.0,0.0,1.0,0.0,0.0,1.8341053195297712,,2020,pit,RP
sa918026,Wilkel Hernandez,P,0.1754000037908554,0.1754000037908554,1.0,0.0,0.0,0.5302546530961991,,2020,pit,SP
sa3007805,Peyton Culbertson,P,0.3700000047683716,0.1340000033378601,1.0,0.0,0.0,1.090241264551878,,2020,pit,RP
22191,Tobias Myers,P,0.24639999866485596,0.16040000319480896,1.0,0.0,0.0,1.1954012848436832,NYM,2020,pit,SP
24458,Carlos Duran,P,0.1754000037908554,0.1754000037908554,1.0,0.0,0.0,0.7608305759727956,LAD,2020,pit,SP
23793,Braxton Ashcraft,P,0.1754000037908554,0.1754000037908554,1.0,0.0,0.0,0.6907611198723318,PIT,2020,pit,SP
sa3006074,Jorge Rodriguez,P,0.3625999987125397,0.1356000006198883,1.0,0.0,0.0,1.192774513363838,,2020,pit,RP
sa833561,Jonny Drozd,P,1.0,0.0,1.0,0.0,0.0,1.9953610010445124,,2020,pit,RP
sa737630,Casey Meisner,P,0.24220000207424164,0.16120000183582306,1.0,0.0,0.0,0.9502801865339281,,2020,pit,SP
sa546533,Ignacio Marrujo,P,0.25049999356269836,0.15950000286102295,1.0,0.0,0.0,0.7839549280703069,,2020,pit,SP
sa876243,Billy Layne Jr.,P,0.45249998569488525,0.11649999767541885,1.0,0.0,0.0,1.2589588664472102,,2020,pit,RP
sa917366,Sergio Cubilete,P,0.2851000130176544,0.15209999680519104,1.0,0.0,0.0,0.9119588389992721,,2020,pit,SP
sa3007606,Manuel Urias,P,0.1754000037908554,0.1754000037908554,1.0,0.0,0.0,0.5847789742052556,HOU,2020,pit,SP
sa3007617,Daiveyon Whittle,P,0.23319999873638153,0.1632000058889389,1.0,0.0,0.0,1.098145284503699,,2020,pit,SP
sa3002982,Ignacio Feliz,P,0.18860000371932983,0.17260000109672546,1.0,0.0,0.0,0.9886493265628813,,2020,pit,SP
sa923902,Rafael Gomez,P,0.2223999947309494,0.16539999842643738,1.0,0.0,0.0,0.6401411727070809,,2020,pit,SP
sa916706,Dennis Herrera,P,0.18780000507831573,0.1728000044822693,1.0,0.0,0.0,0.817074680328369,,2020,pit,SP
sa659047,Clate Schmidt,P,0.657800018787384,0.07280000299215317,1.0,0.0,0.0,1.5177747257053857,,2020,pit,RP
sa829790,John Gavin,P,0.5002999901771545,0.1062999963760376,1.0,0.0,0.0,2.0122904986143118,,2020,pit,RP
sa503356,Nick Struck,P,1.0,0.0,1.0,0.0,0.0,1.9869948185980317,,2020,pit,RP
sa919545,Aron McRee,P,1.0,0.0,1.0,0.0,0.0,2.025158683210612,,2020,pit,RP
4300,Matt Albers,P,9.259300231933594,0.0,9.259300231933594,0.0,0.0,28.955690896511076,,2020,pit,RP
sa875052,Garrett Davila,P,0.23479999601840973,0.16279999911785126,1.0,0.0,0.0,0.8446705386042597,,2020,pit,SP
2091,Francisco Del Rosario,P,0.4814000129699707,0.1103999987244606,1.0,0.0,0.0,1.3933360636234284,,2020,pit,RP
sa873291,Carlos Suniaga,P,1.0,0.0,1.0,0.0,0.0,1.8852442175149915,,2020,pit,RP
sa948674,Vinny Santarsiero,P,1.0,0.0,1.0,0.0,0.0,2.087301295250654,LAD,2020,pit,RP
sa3008068,Zach Neff,P,0.9052000045776367,0.02019999921321869,1.0,0.0,0.0,1.893085222691298,,2020,pit,RP
22630,Keider Montero,P,0.1754000037908554,0.1754000037908554,1.0,0.0,0.0,0.4937999747693538,DET,2020,pit,SP
10240,Ariel Peña,P,1.0,0.0,1.0,0.0,0.0,2.2092242605984214,MIL,2020,pit,RP
sa509129,Manuel Baez,P,1.0,0.0,1.0,0.0,0.0,1.973769554495811,,2020,pit,RP
sa918618,Tyree Thompson,P,0.1754000037908554,0.1754000037908554,1.0,0.0,0.0,0.13347859680652618,,2020,pit,SP
sa3006844,Matt Leon,P,0.4268999993801117,0.12189999967813492,1.0,0.0,0.0,1.1918386138975623,LAA,2020,pit,RP
sa509258,Jorge Ibarra,P,1.0,0.0,1.0,0.0,0.0,2.056974790990352,,2020,pit,RP
sa875998,Jason Bilous,P,0.29170000553131104,0.15070000290870667,1.0,0.0,0.0,0.8433147311210631,,2020,pit,SP
sa302341,Anthony Carter,P,1.0,0.0,1.0,0.0,0.0,2.0474254824221134,,2020,pit,RP
sa3006515,Israiky Berroa,P,0.19359999895095825,0.17159999907016754,1.0,0.0,0.0,0.8326612271368505,,2020,pit,SP
sa918286,Brian Trieglaff,P,1.0,0.0,1.0,0.0,0.0,1.7952252484858038,,2020,pit,RP
17480,Daniel Duarte,P,1.0,0.0,1.0,0.0,0.0,2.027814625948668,NYM,2020,pit,RP
sa3008480,Blakely Brown,P,0.21089999377727509,0.1678999960422516,1.0,0.0,0.0,0.49413562864065197,NYY,2020,pit,SP
sa918312,Justin Valdespina,P,0.3905999958515167,0.12960000336170197,1.0,0.0,0.0,1.0159654542803769,COL,2020,pit,RP
sa657629,Ariel Gracia,P,0.7056000232696533,0.06260000169277191,1.0,0.0,0.0,1.658278772234917,,2020,pit,RP
sa491795,Heriberto Ruelas,P,1.0,0.0,1.0,0.0,0.0,2.011124033480883,,2020,pit,RP
sa872723,Danny Garcia,P,1.0,0.0,1.0,0.0,0.0,2.0235945455729962,,2020,pit,RP
sa3002781,Gabe Morales,P,0.2858999967575073,0.15189999341964722,1.0,0.0,0.0,1.2564306057989603,,2020,pit,SP
21132,Alexis Díaz,P,0.5860999822616577,0.08810000121593475,1.0,0.0,0.0,1.3473895311355588,TEX,2020,pit,RP
sa3010310,Cooper Bradford,P,0.1754000037908554,0.1754000037908554,1.0,0.0,0.0,0.35999488681554803,,2020,pit,SP
sa921661,Martin Buitimea,P,0.1754000037908554,0.1754000037908554,1.0,0.0,0.0,0.6005507163703441,,2020,pit,SP
sa3004704,Bryce Conley,P,0.2249000072479248,0.164900004863739,1.0,0.0,0.0,1.104258993268013,NYM,2020,pit,SP
sa875686,Alec Kisena,P,0.5645999908447266,0.09260000288486481,1.0,0.0,0.0,1.7438187867403028,,2020,pit,RP
sa602673,Alex Hermeling,P,1.0,0.0,1.0,0.0,0.0,2.1827989146113396,LAD,2020,pit,RP
sa875726,Mack Lemieux,P,1.0,0.0,1.0,0.0,0.0,2.389418862760067,,2020,pit,RP
sa919009,Brian McAfee,P,0.5340999960899353,0.09910000115633011,1.0,0.0,0.0,1.2359357297420503,,2020,pit,RP
sa829449,Jess Amedee,P,1.0,0.0,1.0,0.0,0.0,2.1974611245095734,PIT,2020,pit,RP
sa3002617,Pedro González,P,0.3691999912261963,0.13420000672340393,1.0,0.0,0.0,0.9760960519313819,,2020,pit,RP
sa3004676,Rio Gomez,P,1.0,0.0,1.0,0.0,0.0,2.1334705881774423,,2020,pit,RP
sa3004486,Ryan Valdes,P,1.0,0.0,1.0,0.0,0.0,2.2205304533243173,,2020,pit,RP
sa597220,Helmis Rodriguez,P,0.5315999984741211,0.09960000216960907,1.0,0.0,0.0,1.351914596557617,,2020,pit,RP
sa3004465,Gio Arriera,P,0.1754000037908554,0.1754000037908554,1.0,0.0,0.0,0.48601985499262845,,2020,pit,SP
18311,Carson Fulmer,P,11.57040023803711,1.2000000476837158,16.74920082092285,0.0,0.9969000220298767,48.172840285301206,PIT,2020,pit,RP
24914,Lazaro Estrada,P,0.21089999377727509,0.1678999960422516,1.0,0.0,0.0,0.5586095899343491,TOR,2020,pit,SP
sa863882,Hector Mendoza,P,1.0,0.0,1.0,0.0,0.0,2.1562386788427834,,2020,pit,RP
sa3002965,Helcris Olivárez,P,0.1754000037908554,0.1754000037908554,1.0,0.0,0.0,0.23346428200602531,KCR,2020,pit,SP
sa3006508,Josias De Los Santos,P,0.2215999960899353,0.1656000018119812,1.0,0.0,0.0,0.8791188836097716,,2020,pit,SP
sa3002819,Jesus Ozoria,P,0.23729999363422394,0.1623000055551529,1.0,0.0,0.0,1.2427253343164928,,2020,pit,SP
sa390604,Ramon Delgado,P,0.5407000184059143,0.09769999980926514,1.0,0.0,0.0,1.2432095028460033,,2020,pit,RP
sa3008159,R.J. Freure,P,0.25049999356269836,0.15950000286102295,1.0,0.0,0.0,1.0307812914252281,,2020,pit,SP
19531,Jason Foley,P,1.0,0.0,1.0,0.0,0.0,1.8597504451870925,SFG,2020,pit,RP
sa3003134,Jose Conopoima,P,0.31310001015663147,0.1460999995470047,1.0,0.0,0.0,0.8449159674346447,PHI,2020,pit,RP
sa915638,Alex Troop,P,0.809499979019165,0.04050000011920929,1.0,0.0,0.0,1.7509600423276424,,2020,pit,RP
sa827436,Alex Robinson,P,1.0,0.0,1.0,0.0,0.0,2.094260983169079,,2020,pit,RP
sa3004702,Osvaldo Berrios,P,0.29829999804496765,0.1492999941110611,1.0,0.0,0.0,0.9803851567208768,BOS,2020,pit,SP
sa918811,Michael Danielak,P,1.0,0.0,1.0,0.0,0.0,2.1863811872899532,,2020,pit,RP
sa202910,Juan Sandoval,P,1.0,0.0,1.0,0.0,0.0,1.8881356790661812,,2020,pit,RP
sa918431,Lane Hobbs,P,0.6933000087738037,0.06530000269412994,1.0,0.0,0.0,1.5506359599530701,,2020,pit,RP
24930,Ethan Roberts,P,1.0,0.0,1.0,0.0,0.0,1.96066937148571,CHC,2020,pit,RP
sa917566,Orlando Noriega,P,0.18780000507831573,0.1728000044822693,1.0,0.0,0.0,0.31577575728297225,CIN,2020,pit,SP
22276,Dylan Coleman,P,0.822700023651123,0.037700001150369644,1.0,0.0,0.0,2.0620413310825825,NYY,2020,pit,RP
sa829173,Brian Hunter,P,1.0,0.0,1.0,0.0,0.0,1.8741291880607607,CIN,2020,pit,RP
sa3006967,Riley Cabral,P,1.0,0.0,1.0,0.0,0.0,2.133144049346447,,2020,pit,RP
sa873497,Jhonleider Salinas,P,0.550599992275238,0.09560000151395798,1.0,0.0,0.0,1.9179010733962056,,2020,pit,RP
12515,Taylor Hill,P,1.0,0.0,1.0,0.0,0.0,1.8654507450759406,,2020,pit,RP
sa3008165,Bryan Warzek,P,0.4657000005245209,0.1137000024318695,1.0,0.0,0.0,1.6125200323760516,,2020,pit,RP
sa3003091,Diarlin Jimenez,P,0.1754000037908554,0.1754000037908554,1.0,0.0,0.0,0.4713556885719301,,2020,pit,SP
22690,Jack O'Loughlin,P,0.18860000371932983,0.17260000109672546,1.0,0.0,0.0,0.48141988739371344,,2020,pit,SP
sa918926,Troy Bacon,P,0.8622999787330627,0.02930000051856041,1.0,0.0,0.0,2.159135773777962,,2020,pit,RP
sa3002824,Brady Muller,P,0.1754000037908554,0.1754000037908554,1.0,0.0,0.0,0.5095187641680239,ARI,2020,pit,SP
sa918276,Trey Cobb,P,1.0,0.0,1.0,0.0,0.0,2.2195357196033,,2020,pit,RP
sa526385,David Fischer,P,0.24549999833106995,0.16050000488758087,1.0,0.0,0.0,0.881335860490799,,2020,pit,SP
sa3009499,Homer Cruz,P,0.19850000739097595,0.1704999953508377,1.0,0.0,0.0,0.42868117094039926,,2020,pit,SP
sa509404,Adrian Garza,P,0.18289999663829803,0.17389999330043793,1.0,0.0,0.0,0.4116199582815172,,2020,pit,SP
sa829020,Spencer Moran,P,0.1754000037908554,0.1754000037908554,1.0,0.0,0.0,0.582118885219097,,2020,pit,SP
sa919827,Aaron Fossas,P,0.6008999943733215,0.08489999920129776,1.0,0.0,0.0,1.1690189003944398,CIN,2020,pit,RP
sa3005439,Elian Ferreira,P,0.1754000037908554,0.1754000037908554,1.0,0.0,0.0,0.49034014269709614,,2020,pit,SP
10770,Tyler Cravy,P,0.8252000212669373,0.03720000013709068,1.0,0.0,0.0,1.7604589186608797,,2020,pit,RP
sa829165,Stetson Woods,P,0.46650001406669617,0.11349999904632568,1.0,0.0,0.0,1.1963294416666028,,2020,pit,RP
sa3008325,Kacey Murphy,P,0.1754000037908554,0.1754000037908554,1.0,0.0,0.0,0.37496126666665086,,2020,pit,SP
sa875600,Tommy Peterson,P,1.0,0.0,1.0,0.0,0.0,1.995441106706858,,2020,pit,RP
sa3005202,Derek Molina,P,1.0,0.0,1.0,0.0,0.0,2.0253242298960683,,2020,pit,RP
11691,Tayron Guerrero,P,7.407400131225586,0.0,7.407400131225586,0.0,0.2669999897480011,24.68095568418504,BOS,2020,pit,RP
sa3006516,Kevin Garcia,P,0.18860000371932983,0.17260000109672546,1.0,0.0,0.0,0.1435989648103715,,2020,pit,SP
sa502234,Mario Gonzalez,P,0.5414999723434448,0.09749999642372131,1.0,0.0,0.0,1.1987894907593724,,2020,pit,RP
sa3008557,Andrew Miller,P,0.1754000037908554,0.1754000037908554,1.0,0.0,0.0,0.4953012570738795,,2020,pit,SP
sa709017,Michael Theofanopoulos,P,1.0,0.0,1.0,0.0,0.0,1.9444240801036359,MIN,2020,pit,RP
sa3005697,Luis Barroso,P,0.34860000014305115,0.13860000669956207,1.0,0.0,0.0,0.9544146746397018,,2020,pit,RP
sa3007472,Tanner Chock,P,0.5720999836921692,0.09109999984502792,1.0,0.0,0.0,1.3842041753232484,,2020,pit,RP
sa873145,Felipe Tejada,P,0.39890000224113464,0.12790000438690186,1.0,0.0,0.0,1.2466011799871923,CHW,2020,pit,RP
sa3008445,Tomas Reyes,P,0.1754000037908554,0.1754000037908554,1.0,0.0,0.0,0.5547002866864204,,2020,pit,SP
sa3004479,Zack Mozingo,P,0.7253999710083008,0.058400001376867294,1.0,0.0,0.0,1.6482011713087559,,2020,pit,RP
sa3005866,Jesus Valles,P,0.20180000364780426,0.16979999840259552,1.0,0.0,0.0,0.603874667733908,,2020,pit,SP
sa3003103,Nelvin Correa,P,0.2703000009059906,0.15530000627040863,1.0,0.0,0.0,0.4910587817430496,,2020,pit,SP
sa3006693,Cobi Johnson,P,0.25870001316070557,0.15770000219345093,1.0,0.0,0.0,0.8055148482322694,,2020,pit,SP
2413,Cory Rasmus,P,0.9217000007629395,0.016699999570846558,1.0,0.0,0.0,2.2185253754258163,TBR,2020,pit,RP
8844,Antonio Bastardo,P,1.0,0.0,1.0,0.0,0.0,2.1938547708094123,,2020,pit,RP
27453,Anthony Veneziano,P,0.20430000126361847,0.16930000483989716,1.0,0.0,0.0,0.5715746156871324,,2020,pit,SP
sa3004483,Matt Seelinger,P,1.0,0.0,1.0,0.0,0.0,2.537220168858767,DET,2020,pit,RP
sa913096,Joseph Camacho,P,1.0,0.0,1.0,0.0,0.0,2.114960096031428,,2020,pit,RP
sa3003066,Tahnaj Thomas,P,0.1754000037908554,0.1754000037908554,1.0,0.0,0.0,0.6607840135693555,,2020,pit,SP
sa3004014,Max Roberts,P,0.19359999895095825,0.17159999907016754,1.0,0.0,0.0,0.8048757910728459,,2020,pit,SP
sa505062,Endrys Briceno,P,0.616599977016449,0.08160000294446945,1.0,0.0,0.0,1.387314608693123,,2020,pit,RP
sa3006951,Solomon Bates,P,1.0,0.0,1.0,0.0,0.0,2.514930423349142,,2020,pit,RP
sa856272,Evan Hill,P,1.0,0.0,1.0,0.0,0.0,1.8894560739398005,,2020,pit,RP
sa254802,Sergio Valenzuela,P,1.0,0.0,1.0,0.0,0.0,1.7752039737999437,,2020,pit,RP
sa875595,Jacob Schlesener,P,0.3691999912261963,0.13420000672340393,1.0,0.0,0.0,1.519999767094851,,2020,pit,RP
sa3007724,Victor Vargas,P,0.24390000104904175,0.16089999675750732,1.0,0.0,0.0,0.5943747751414779,,2020,pit,SP
sa883009,Orleny Quiroz,P,1.0,0.0,1.0,0.0,0.0,1.9435587756335733,,2020,pit,RP
sa3007815,Kris Jackson,P,1.0,0.0,1.0,0.0,0.0,2.0018946990370754,,2020,pit,RP
sa3003057,Cesar Angomas,P,0.1754000037908554,0.1754000037908554,1.0,0.0,0.0,0.5512597963213919,,2020,pit,SP
sa917805,Francisco Villegas,P,0.676800012588501,0.06880000233650208,1.0,0.0,0.0,1.2494200862944127,,2020,pit,RP
sa3007240,Chavez Fernander,P,0.23319999873638153,0.1632000058889389,1.0,0.0,0.0,0.5159987688064578,,2020,pit,SP
sa916947,Jhonatan Munoz,P,0.1754000037908554,0.1754000037908554,1.0,0.0,0.0,0.5060105353593825,,2020,pit,SP
sa3005119,Henry Omana,P,0.34860000014305115,0.13860000669956207,1.0,0.0,0.0,1.020184071362019,,2020,pit,RP
sa3003106,Carlos Romero,P,0.19189999997615814,0.17190000414848328,1.0,0.0,0.0,0.5188907563686369,,2020,pit,SP
sa510341,Jose Pena,P,1.0,0.0,1.0,0.0,0.0,2.1996014282107352,,2020,pit,RP
sa829399,Cre Finfrock,P,1.0,0.0,1.0,0.0,0.0,1.972289465367794,,2020,pit,RP
18519,Phil Bickford,P,1.0,0.0,1.0,0.0,0.0,2.1417186535894874,DET,2020,pit,RP
sa829194,Alec Kenilvort,P,1.0,0.0,1.0,0.0,0.0,1.9304095767438416,,2020,pit,RP
sa3010123,Justin Friedman,P,0.375,0.13300000131130219,1.0,0.0,0.0,0.70782121270895,,2020,pit,RP
sa3010306,Logan Gragg,P,0.3882000148296356,0.13019999861717224,1.0,0.0,0.0,1.349504312127829,,2020,pit,RP
sa3008069,Keylan Killgore,P,1.0,0.0,1.0,0.0,0.0,2.0657410018146045,,2020,pit,RP
sa857654,Jesse Adams,P,0.7501999735832214,0.053199999034404755,1.0,0.0,0.0,1.6680254943668844,,2020,pit,RP
sa328993,Marco Carrillo,P,0.1754000037908554,0.1754000037908554,1.0,0.0,0.0,0.3565587744116785,,2020,pit,SP
sa869604,Nathanael Santiago,P,1.0,0.0,1.0,0.0,0.0,1.9787041641771799,,2020,pit,RP
sa3004637,Joey Marciano,P,1.0,0.0,1.0,0.0,0.0,2.4033653661608696,,2020,pit,RP
sa3006156,Braham Rosario,P,0.18860000371932983,0.17260000109672546,1.0,0.0,0.0,0.5521814487874512,,2020,pit,SP
27908,Noah Murdock,P,0.29339998960494995,0.15039999783039093,1.0,0.0,0.0,0.7869556792080408,PIT,2020,pit,SP
23363,Robert Garcia,P,1.0,0.0,1.0,0.0,0.0,2.005540110915899,TEX,2020,pit,RP
sa3005302,Peyton Remy,P,0.30320000648498535,0.14820000529289246,1.0,0.0,0.0,0.9354787454009057,,2020,pit,RP
sa3011129,Grant Gambrell,P,0.19189999997615814,0.17190000414848328,1.0,0.0,0.0,0.45245480313897124,,2020,pit,SP
sa602380,Brandon Bonilla,P,0.46239998936653137,0.1143999993801117,1.0,0.0,0.0,1.3057039253413678,,2020,pit,RP
23493,Nick Snyder,P,1.0,0.0,1.0,0.0,0.0,1.5572798490524296,,2020,pit,RP
sa3002985,Cleiverth Perez,P,0.19189999997615814,0.17190000414848328,1.0,0.0,0.0,0.35500938743352917,,2020,pit,SP
sa917869,Deyni Olivero,P,0.29829999804496765,0.1492999941110611,1.0,0.0,0.0,0.9609400346875199,,2020,pit,SP
sa829414,Justin Brantley,P,0.45170000195503235,0.11670000106096268,1.0,0.0,0.0,1.17268418520689,,2020,pit,RP
25075,William Woods,P,0.39890000224113464,0.12790000438690186,1.0,0.0,0.0,1.3722051151096815,,2020,pit,RP
sa603201,Cesilio Pimentel,P,0.2851000130176544,0.15209999680519104,1.0,0.0,0.0,0.6758610293269158,,2020,pit,SP
24968,Reese Olson,P,0.30489999055862427,0.14790000021457672,1.0,0.0,0.0,0.809709507972002,DET,2020,pit,RP
sa3008129,Jackson Rose,P,0.23149999976158142,0.16349999606609344,1.0,0.0,0.0,0.9260105989873404,,2020,pit,SP
11387,A.J. Achter,P,1.0,0.0,1.0,0.0,0.0,1.8353558704257016,,2020,pit,RP
sa738180,Hever Bueno,P,1.0,0.0,1.0,0.0,0.0,1.6276240460574631,,2020,pit,RP
sa3009920,Jason Morgan,P,0.1754000037908554,0.1754000037908554,1.0,0.0,0.0,0.23572001531720144,CHW,2020,pit,SP
19881,Gabe Klobosits,P,1.0,0.0,1.0,0.0,0.0,1.922235786169768,CHC,2020,pit,RP
sa3006354,Hugo Beltran,P,0.36340001225471497,0.13539999723434448,1.0,0.0,0.0,1.0037908464670178,,2020,pit,RP
sa873429,Cristofer Melendez,P,1.0,0.0,1.0,0.0,0.0,2.202321435511112,,2020,pit,RP
sa917879,Leonel Aponte,P,0.2578999996185303,0.15790000557899475,1.0,0.0,0.0,0.6529505088925363,,2020,pit,SP
sa546503,Alex Romero,P,0.5770000219345093,0.09000000357627869,1.0,0.0,0.0,1.362520021945238,BAL,2020,pit,RP
sa875407,Heath Bowers,P,0.9415000081062317,0.012500000186264515,1.0,0.0,0.0,1.9375946678221228,,2020,pit,RP
sa3006159,Andres Diaz,P,0.1754000037908554,0.1754000037908554,1.0,0.0,0.0,0.38864927142858496,,2020,pit,SP
sa3007208,Tanner Lawson,P,1.0,0.0,1.0,0.0,0.0,2.1313546210527425,ATL,2020,pit,RP
sa3005379,Gerardo Gutierrez,P,0.6075000166893005,0.08349999785423279,1.0,0.0,0.0,1.5275000423192981,ARI,2020,pit,RP
sa876039,Brendan Butler,P,0.8968999981880188,0.021900000050663948,1.0,0.0,0.0,1.7786695189774036,,2020,pit,RP
sa3002680,Jonas De La Cruz,P,0.1754000037908554,0.1754000037908554,1.0,0.0,0.0,0.4380641013383868,,2020,pit,SP
sa915685,Colton Hock,P,1.0,0.0,1.0,0.0,0.0,2.1722588494420054,,2020,pit,RP
sa919820,Enrique Oquendo,P,0.7996000051498413,0.04259999841451645,1.0,0.0,0.0,1.7672389432787896,,2020,pit,RP
sa917756,Briam Campusano,P,0.8450000286102295,0.032999999821186066,1.0,0.0,0.0,1.7314254149794581,,2020,pit,RP
sa739539,Joaquin De La Cruz,P/3B,0.4846000075340271,0.1096000000834465,1.0,0.0,0.0,1.1803411819040774,,2020,pit,RP
sa877342,Chester Pimentel,P,1.0,0.0,1.0,0.0,0.0,2.270305442810059,,2020,pit,RP
sa875411,Blake Smith,P,1.0,0.0,1.0,0.0,0.0,2.033455937355756,,2020,pit,RP
sa832779,Moises Gomez,P,1.0,0.0,1.0,0.0,0.0,1.9300095759332176,MIL,2020,pit,RP
sa3006490,Edgar Martinez,P,0.2603999972343445,0.1573999971151352,1.0,0.0,0.0,0.9407956734299661,,2020,pit,SP
sa508781,Erubiel Gonzalez,P,1.0,0.0,1.0,0.0,0.0,1.7781210325658328,,2020,pit,RP
sa827972,Julio Benitez,P,0.1754000037908554,0.1754000037908554,1.0,0.0,0.0,0.28489994779229155,,2020,pit,SP
7407,Javy Guerra,P,8.148099899291992,0.0,8.148099899291992,0.0,0.28439998626708984,25.212640261650094,,2020,pit,RP
sa3004592,Carson Lance,P,0.24959999322891235,0.15960000455379486,1.0,0.0,0.0,0.7896095700562,,2020,pit,SP
sa328570,Thomas Melgarejo,P,1.0,0.0,1.0,0.0,0.0,1.8773812599480157,,2020,pit,RP
sa3003102,Jose Montilla,P,1.0,0.0,1.0,0.0,0.0,1.9855558216571807,,2020,pit,RP
sa917974,Jose Gomez,P,0.1754000037908554,0.1754000037908554,1.0,0.0,0.0,0.3947946898639203,,2020,pit,SP
sa3007862,Tyler Mitzel,P,0.864799976348877,0.02879999950528145,1.0,0.0,0.0,2.1221411049365995,,2020,pit,RP
sa918589,Austin Moore,P,1.0,0.0,1.0,0.0,0.0,1.4941906943917278,,2020,pit,RP
20116,Calvin Faucher,P,1.0,0.0,1.0,0.0,0.0,1.7983506634831437,MIA,2020,pit,RP
sa3003168,Raul Hernandez,P,0.18780000507831573,0.1728000044822693,1.0,0.0,0.0,0.31183594688773164,,2020,pit,SP
sa913187,Chad Hockin,P,1.0,0.0,1.0,0.0,0.0,1.9589212015271182,,2020,pit,RP
sa875655,Brandon Quintero,P,1.0,0.0,1.0,0.0,0.0,1.800936046987772,,2020,pit,RP
20218,Yennsy Díaz,P,1.8518999814987183,0.0,1.8518999814987183,0.0,0.2711000144481659,5.998611801862715,,2020,pit,RP
sa3006796,Andrés Núñez,P,1.0,0.0,1.0,0.0,0.0,1.8981798432767385,,2020,pit,RP
sa3007935,Leury Tejada,P,0.40709999203681946,0.12610000371932983,1.0,0.0,0.0,0.5736813783645629,,2020,pit,RP
sa737256,Kevin Escorcia,P,1.0,0.0,1.0,0.0,0.0,2.0579009078443056,,2020,pit,RP
7550,Jake McGee,P,8.518500328063965,0.0,8.518500328063965,0.0,0.2671999931335449,28.968178969621654,,2020,pit,RP
sa3006945,Cason Sherrod,P,1.0,0.0,1.0,0.0,0.0,2.1921599641442304,,2020,pit,RP
sa3005694,Luis Devers,P,0.1754000037908554,0.1754000037908554,1.0,0.0,0.0,0.3963852822780609,,2020,pit,SP
23223,Michael Mercado,P,0.1754000037908554,0.1754000037908554,1.0,0.0,0.0,0.683330372720957,PHI,2020,pit,SP
sa3003144,Carlos Naveda,P,0.25049999356269836,0.15950000286102295,1.0,0.0,0.0,0.6907350040972231,,2020,pit,SP
sa3003021,Luis Palacios,P,0.3659000098705292,0.13490000367164612,1.0,0.0,0.0,1.2671612836420536,MIA,2020,pit,RP
sa737362,Jose Veras,P,1.0,0.0,1.0,0.0,0.0,1.8809241898357865,,2020,pit,RP
sa872815,Andriu Marin,P,0.1754000037908554,0.1754000037908554,1.0,0.0,0.0,0.2915105685591697,,2020,pit,SP
sa945728,Lisandro Santos,P,0.20759999752044678,0.16859999299049377,1.0,0.0,0.0,0.8526344791054727,,2020,pit,SP
sa3007840,Anderson Munoz,P,0.4442000091075897,0.11819999665021896,1.0,0.0,0.0,0.9242440283298494,,2020,pit,RP
sa509457,Eder Llamas,P,1.0,0.0,1.0,0.0,0.0,1.7487800337374213,,2020,pit,RP
22932,Prelander Berroa,P,0.21250000596046448,0.16750000417232513,1.0,0.0,0.0,1.0930507935583593,CHW,2020,pit,SP
sa3007263,Jared Tobey,P,0.8292999863624573,0.03629999980330467,1.0,0.0,0.0,1.5909357547760012,,2020,pit,RP
sa917739,Melvin Jimenez,P,0.8935999870300293,0.022600000724196434,1.0,0.0,0.0,2.1527641035616396,,2020,pit,RP
sa3007598,Dario Gardea,P,0.22660000622272491,0.16459999978542328,1.0,0.0,0.0,0.5860600657761097,,2020,pit,SP
sa829337,Steven Farnworth,P,1.0,0.0,1.0,0.0,0.0,1.7999210223555564,,2020,pit,RP
sa658967,Ryan Castellanos,P,0.1754000037908554,0.1754000037908554,1.0,0.0,0.0,0.24169871434569368,,2020,pit,SP
sa918537,Zach Matson,P,1.0,0.0,1.0,0.0,0.0,1.4707385845482346,,2020,pit,RP
sa3006485,Jenrry Gonzalez,P,0.3328999876976013,0.14190000295639038,1.0,0.0,0.0,0.8370987422764307,,2020,pit,RP
sa683316,Luis Pino,P,0.6676999926567078,0.07069999724626541,1.0,0.0,0.0,1.914758708328009,,2020,pit,RP
22323,Angel De Jesus,P,1.0,0.0,1.0,0.0,0.0,1.9220413580536841,,2020,pit,RP
sa872562,Roger Santana,P,0.1754000037908554,0.1754000037908554,1.0,0.0,0.0,0.3696600340306757,,2020,pit,SP
sa917564,Carlos Carreno,P,0.1754000037908554,0.1754000037908554,1.0,0.0,0.0,0.11853875294327754,,2020,pit,SP
sa3006812,Devon Perez,P,0.715499997138977,0.060499999672174454,1.0,0.0,0.0,1.4804347686469557,,2020,pit,RP
sa913036,Dan Jagiello,P,1.0,0.0,1.0,0.0,0.0,2.1762293249368674,,2020,pit,RP
11509,Brandon Cunniff,P,1.0,0.0,1.0,0.0,0.0,1.922838934510947,,2020,pit,RP
sa916092,Carlos De Leon,P,0.5472999811172485,0.09629999846220016,1.0,0.0,0.0,1.35585997402668,,2020,pit,RP
sa735868,Anjul Hernandez,P,0.25380000472068787,0.15880000591278076,1.0,0.0,0.0,0.6816906146705151,,2020,pit,SP
sa3004945,Jerryell Rivera,P,0.19359999895095825,0.17159999907016754,1.0,0.0,0.0,0.36217597499489784,,2020,pit,SP
sa737195,Argenis Blanco,P,0.218299999833107,0.1662999987602234,1.0,0.0,0.0,0.46477060094475764,,2020,pit,SP
sa3003039,Angel Macuare,P,0.2727000117301941,0.15469999611377716,1.0,0.0,0.0,0.7631012611091137,,2020,pit,SP
sa828412,Joan Baez,P,1.0,0.0,1.0,0.0,0.0,1.9747296437621116,,2020,pit,RP
sa3007841,Orceli Gomez,P,0.1754000037908554,0.1754000037908554,1.0,0.0,0.0,0.3005092360079291,,2020,pit,SP
sa3003117,Rodolfo Fajardo,P,0.24060000479221344,0.1615999937057495,1.0,0.0,0.0,0.48653890043497094,,2020,pit,SP
sa3006544,Brayan Castillo,P,0.1754000037908554,0.1754000037908554,1.0,0.0,0.0,-0.08635901212692243,COL,2020,pit,SP
sa3004641,Moises Ceja,P,1.0,0.0,1.0,0.0,0.0,1.4999839052557946,,2020,pit,RP
sa3005405,Francisco Gomez,P,0.4375999867916107,0.11959999799728394,1.0,0.0,0.0,0.9852409787476057,,2020,pit,RP
sa3006994,Alex Camacho,P,1.0,0.0,1.0,0.0,0.0,2.10606948286295,ATL,2020,pit,RP
sa651344,Rogelio Martinez,P,0.5852000117301941,0.08820000290870667,1.0,0.0,0.0,1.2212348654866223,,2020,pit,RP
sa920544,Kelvin Gonzalez,P,1.0,0.0,1.0,0.0,0.0,1.4929597549140454,,2020,pit,RP
sa3008612,Josh Hiatt,P,0.4212000072002411,0.12319999933242798,1.0,0.0,0.0,0.9830104894936085,,2020,pit,RP
sa918551,Dylan Bice,P,0.8862000107765198,0.02419999986886978,1.0,0.0,0.0,1.3913296297192574,,2020,pit,RP
sa738640,Pat Goetze,P,1.0,0.0,1.0,0.0,0.0,1.8272694684565072,BOS,2020,pit,RP
sa918261,Tim Viehoff,P,0.4681999981403351,0.11320000141859055,1.0,0.0,0.0,1.2932052940130228,SEA,2020,pit,RP
19784,Justin Garza,P,0.24390000104904175,0.16089999675750732,1.0,0.0,0.0,0.7847440429031849,NYM,2020,pit,SP
sa872813,Jose Bermudez,P/OF,0.19850000739097595,0.1704999953508377,1.0,0.0,0.0,0.27545586004853284,MIN,2020,pit,SP
sa3004004,Diego Cordero,P,0.557200014591217,0.094200000166893,1.0,0.0,0.0,1.0063587099313738,NYY,2020,pit,RP
sa875058,Tyler Mark,P,1.0,0.0,1.0,0.0,0.0,2.0635291226208214,,2020,pit,RP
sa597825,Bryan Brickhouse,P,1.0,0.0,1.0,0.0,0.0,2.0743799373507494,,2020,pit,RP
sa3009985,Gabriel Ponce,P,0.2223999947309494,0.16539999842643738,1.0,0.0,0.0,0.45169860273599616,,2020,pit,SP
sa3006969,Preston White,P,0.8912000060081482,0.02319999970495701,1.0,0.0,0.0,2.034595884382725,,2020,pit,RP
sa738994,Hayden Howard,P,1.0,0.0,1.0,0.0,0.0,1.8857653670012948,,2020,pit,RP
sa3004103,Cutter Dyals,P,1.0,0.0,1.0,0.0,0.0,1.829854651540518,,2020,pit,RP
sa3003009,Rodolfo Sanchez,P,0.1754000037908554,0.1754000037908554,1.0,0.0,0.0,0.7428812243044378,,2020,pit,SP
sa3005213,Justin Bullock,P,0.34860000014305115,0.13860000669956207,1.0,0.0,0.0,0.8830546617507933,MIL,2020,pit,RP
sa829639,Mariano Rivera,P,1.0,0.0,1.0,0.0,0.0,1.7732708394527439,,2020,pit,RP
sa943755,Kenny Hernandez,P,0.8787999749183655,0.025800000876188278,1.0,0.0,0.0,1.8461843349039557,,2020,pit,RP
sa509262,Demetrio Gutierrez,P,0.9225000143051147,0.016499999910593033,1.0,0.0,0.0,1.7020891778171068,,2020,pit,RP
sa829147,Micah Miniard,P,0.5027999877929688,0.10580000281333923,1.0,0.0,0.0,1.0528505258262153,,2020,pit,RP
sa917061,Anderson Amarista,P,0.1754000037908554,0.1754000037908554,1.0,0.0,0.0,-0.1768387615680691,,2020,pit,SP
sa550161,Jonathon Crawford,P,0.1754000037908554,0.1754000037908554,1.0,0.0,0.0,0.3728412032127384,,2020,pit,SP
sa598648,Fabian Cota,P,1.0,0.0,1.0,0.0,0.0,1.8679854147136212,,2020,pit,RP
23394,PJ Poulin,P,1.0,0.0,1.0,0.0,0.0,1.4949410542845727,WSN,2020,pit,RP
sa875615,RJ Peace,P,0.5390999913215637,0.09809999912977219,1.0,0.0,0.0,1.2262092836201188,,2020,pit,RP
sa826043,Sergio Sierra,P,0.29339998960494995,0.15039999783039093,1.0,0.0,0.0,0.6763240888714792,,2020,pit,SP
sa916960,Pedro Barrios,P,0.1754000037908554,0.1754000037908554,1.0,0.0,0.0,0.3036988727748393,NYY,2020,pit,SP
sa917815,Jhonneyver Gutierrez,P,0.24390000104904175,0.16089999675750732,1.0,0.0,0.0,0.5655809767544269,,2020,pit,SP
sa917460,Janser Lara,P,0.3625999987125397,0.1356000006198883,1.0,0.0,0.0,0.9630051948130132,TEX,2020,pit,RP
sa872848,Filyer Sanchez,P,0.5580000281333923,0.09399999678134918,1.0,0.0,0.0,1.4214694187045094,ATL,2020,pit,RP
sa3002794,Aldry Acosta,P,0.31310001015663147,0.1460999995470047,1.0,0.0,0.0,0.9020411692559724,,2020,pit,RP
sa887660,Jefry Valdez,P,0.8722000122070312,0.0272000003606081,1.0,0.0,0.0,1.396730755269528,,2020,pit,RP
sa3005634,Julio Puello,P,0.1754000037908554,0.1754000037908554,1.0,0.0,0.0,0.6436788231134418,STL,2020,pit,SP
sa3005025,Sam Keating,P,0.29750001430511475,0.14949999749660492,1.0,0.0,0.0,0.8701506420969962,,2020,pit,SP
sa3003002,Hector Acosta,P,0.20679999887943268,0.1687999963760376,1.0,0.0,0.0,0.12620115801692,,2020,pit,SP
sa875842,Brennan Leitao,P,0.8582000136375427,0.03020000085234642,1.0,0.0,0.0,1.8335652932524678,STL,2020,pit,RP
sa918472,Kaleb Fontenot,P,1.0,0.0,1.0,0.0,0.0,1.811558628827333,,2020,pit,RP
sa920458,Kyle Halbohn,P,0.7336999773979187,0.056699998676776886,1.0,0.0,0.0,1.5266787976026532,,2020,pit,RP
sa977562,Mario Morales,P,1.0,0.0,1.0,0.0,0.0,1.7818788871169091,,2020,pit,RP
sa3006772,Simon Rosenblum-Larson,P,0.8169000148773193,0.03889999911189079,1.0,0.0,0.0,2.0770241573452943,,2020,pit,RP
sa3009596,Pablo Mujica,P,0.24310000240802765,0.16110000014305115,1.0,0.0,0.0,0.6295787423849108,,2020,pit,SP
sa917977,Austin Franklin,P,0.18619999289512634,0.17319999635219574,1.0,0.0,0.0,0.797860119491816,,2020,pit,SP
sa737628,Carter Hope,P,0.6668999791145325,0.07090000063180923,1.0,0.0,0.0,1.2902387477457524,,2020,pit,RP
sa918341,Ben Wright,P,1.0,0.0,1.0,0.0,0.0,1.5729158841073518,CHW,2020,pit,RP
sa3005099,Ryley Widell,P,0.1754000037908554,0.1754000037908554,1.0,0.0,0.0,0.2632507055997846,,2020,pit,SP
20546,Grant Anderson,P,1.0,0.0,1.0,0.0,0.0,1.3447959460318089,MIL,2020,pit,RP
sa857617,Jared Poche,P,0.6561999917030334,0.07320000231266022,1.0,0.0,0.0,1.3657559409737594,,2020,pit,RP
sa3006586,Daniel Vitriago,P,0.34450000524520874,0.13950000703334808,1.0,0.0,0.0,0.8618043281137941,,2020,pit,RP
sa3003935,Kyle Von Ruden,P,0.1754000037908554,0.1754000037908554,1.0,0.0,0.0,-0.029990898817777722,,2020,pit,SP
sa874234,James Teague,P,1.0,0.0,1.0,0.0,0.0,1.2584505170583724,BAL,2020,pit,RP
sa3005098,Oscar Rojas,P,0.19439999759197235,0.17139999568462372,1.0,0.0,0.0,0.6666147485375404,,2020,pit,SP
sa3004087,Matt Shannon,P,1.0,0.0,1.0,0.0,0.0,1.8073347464203837,,2020,pit,RP
sa832269,Hildemaro Requena,P,0.8079000115394592,0.04089999943971634,1.0,0.0,0.0,1.4198947943747044,,2020,pit,RP
sa828533,Andres Torres,P,0.1754000037908554,0.1754000037908554,1.0,0.0,0.0,0.3034958451986314,SEA,2020,pit,SP
sa3005823,Jesus Gomez,P,0.18860000371932983,0.17260000109672546,1.0,0.0,0.0,0.5036199048161509,,2020,pit,SP
sa3007495,Domingo Gonzalez,P,0.46070000529289246,0.11469999700784683,1.0,0.0,0.0,1.138275859504939,SEA,2020,pit,RP
sa872809,Luis Amaya,P,1.0,0.0,1.0,0.0,0.0,2.3634611129760748,,2020,pit,RP
sa872465,Ricardo Smith,P,0.23149999976158142,0.16349999606609344,1.0,0.0,0.0,0.4666412942111493,CIN,2020,pit,SP
sa3008443,Zach Willeman,P,0.44999998807907104,0.11699999868869781,1.0,0.0,0.0,1.1063496723771102,,2020,pit,RP
sa3007723,Tyler Gray,P,0.6908000111579895,0.0658000037074089,1.0,0.0,0.0,1.285510646551848,KCR,2020,pit,RP
sa829437,Connor Kaden,P,0.8342999815940857,0.03530000150203705,1.0,0.0,0.0,2.0191147737205033,SFG,2020,pit,RP
sa875789,Logan Lombana,P,1.0,0.0,1.0,0.0,0.0,1.7899411536753176,,2020,pit,RP
sa3007244,Edgar Escobar,P,1.0,0.0,1.0,0.0,0.0,2.1893158897757528,,2020,pit,RP
21620,Jake Cousins,P,1.0,0.0,1.0,0.0,0.0,1.759518779069186,,2020,pit,RP
sa601196,Craig Missigman,P,0.8912000060081482,0.02319999970495701,1.0,0.0,0.0,1.7596012718975547,,2020,pit,RP
sa3007858,Joey Gonzalez,P,1.0,0.0,1.0,0.0,0.0,1.8417798943817623,HOU,2020,pit,RP
sa3004705,Greg Jacknewitz,P,0.40380001068115234,0.12680000066757202,1.0,0.0,0.0,0.8787349112331868,,2020,pit,RP
sa917988,Nolan Martinez,P,0.20180000364780426,0.16979999840259552,1.0,0.0,0.0,0.14972104802727726,,2020,pit,SP
sa508197,Tomas Solis,P,0.5142999887466431,0.10329999774694443,1.0,0.0,0.0,0.9731346458196644,,2020,pit,RP
sa3005328,Bryce Hutchinson,P,0.5109999775886536,0.10400000214576721,1.0,0.0,0.0,1.2900346189737317,,2020,pit,RP
sa3006946,Reagan Todd,P,1.0,0.0,1.0,0.0,0.0,1.452529184520245,,2020,pit,RP
sa3007459,Clay Helvey,P,0.7939000129699707,0.04390000179409981,1.0,0.0,0.0,2.019501229375601,,2020,pit,RP
sa739649,Sam Holland,P,1.0,0.0,1.0,0.0,0.0,1.8107705347239977,,2020,pit,RP
sa827250,Ken Figueroa,P,0.20430000126361847,0.16930000483989716,1.0,0.0,0.0,0.35540423840284374,,2020,pit,SP
sa875255,Jaret Hellinger,P,1.0,0.0,1.0,0.0,0.0,1.7755440481007105,KCR,2020,pit,RP
sa3004797,Wilmer Mejia,P,0.2199999988079071,0.16599999368190765,1.0,0.0,0.0,0.4218240097165107,,2020,pit,SP
sa185590,Gaudencio Aguirre,P,1.0,0.0,1.0,0.0,0.0,1.7241346344351776,,2020,pit,RP
sa597845,Ulises Joaquin,P,1.0,0.0,1.0,0.0,0.0,1.7738241456449035,,2020,pit,RP
sa876808,Ryan Cook,P,0.8787999749183655,0.025800000876188278,1.0,0.0,0.0,1.5899359278380873,,2020,pit,RP
21131,Jose Espada,P,0.8012999892234802,0.04230000078678131,1.0,0.0,0.0,1.5643745645880696,BAL,2020,pit,RP
sa508208,Ivan Zavala,P,0.946399986743927,0.01140000019222498,1.0,0.0,0.0,1.5599756054580216,,2020,pit,RP
sa918121,Henry Henry,P,1.0,0.0,1.0,0.0,0.0,1.9457704417407515,,2020,pit,RP
25311,Roddery Muñoz,P,0.1754000037908554,0.1754000037908554,1.0,0.0,0.0,0.5965586885809899,HOU,2020,pit,SP
sa3008453,Troy Miller,P,0.18289999663829803,0.17389999330043793,1.0,0.0,0.0,0.22400404289364806,,2020,pit,SP
sa3007856,Blake Workman,P,1.0,0.0,1.0,0.0,0.0,2.0650704823434354,,2020,pit,RP
sa3001064,Guillermo Trujillo,P,0.5414999723434448,0.09749999642372131,1.0,0.0,0.0,1.0986000806093221,,2020,pit,RP
sa875202,Travis Neubeck,P,1.0,0.0,1.0,0.0,0.0,2.1036600455641747,,2020,pit,RP
sa3010267,Alex Nolan,P,0.31310001015663147,0.1460999995470047,1.0,0.0,0.0,0.4817613393068316,,2020,pit,RP
sa501508,Mark Serrano,P,1.0,0.0,1.0,0.0,0.0,1.8127601057291032,,2020,pit,RP
sa872526,Jurgen Jimenez,P,0.227400004863739,0.16439999639987946,1.0,0.0,0.0,0.43334934189915675,,2020,pit,SP
sa856185,Joey Strain,P,0.899399995803833,0.021400000900030136,1.0,0.0,0.0,1.7120199948549275,SEA,2020,pit,RP
sa3004333,Roither Hernandez,P,0.1754000037908554,0.1754000037908554,1.0,0.0,0.0,0.14298132061958313,TOR,2020,pit,SP
sa915777,Nick Brown,P,0.5152000188827515,0.10320000350475311,1.0,0.0,0.0,1.1136813662946228,,2020,pit,RP
sa3004864,Kyle Zurak,P,1.0,0.0,1.0,0.0,0.0,1.5313189141452317,,2020,pit,RP
8258,Huston Street,P,1.0,0.0,1.0,0.0,0.0,1.7224440820515157,,2020,pit,RP
sa3006399,Alan Perdomo,P,0.1754000037908554,0.1754000037908554,1.0,0.0,0.0,-0.25919471457600585,,2020,pit,SP
sa287103,Jesus Adrian Castillo,P,1.0,0.0,1.0,0.0,0.0,1.6672505035996439,,2020,pit,RP
sa328973,Edgar Osuna,P,0.39890000224113464,0.12790000438690186,1.0,0.0,0.0,0.7563412338495255,,2020,pit,RP
sa3006769,Kyler Stout,P,1.0,0.0,1.0,0.0,0.0,2.23345482647419,ARI,2020,pit,RP
sa873694,Luis Moncada,P,0.21089999377727509,0.1678999960422516,1.0,0.0,0.0,0.7795839384198189,,2020,pit,SP
sa3002961,Jose Rodulfo,P,0.3774999976158142,0.13249999284744263,1.0,0.0,0.0,0.9581851996481419,,2020,pit,RP
sa918503,Nick Gruener,P,0.7253999710083008,0.058400001376867294,1.0,0.0,0.0,0.6318800613284115,,2020,pit,RP
sa3005257,Henry Valencio,P,0.2825999855995178,0.1526000052690506,1.0,0.0,0.0,0.5958293028175832,,2020,pit,SP
sa3006368,Mauricio Rodriguez,P,0.1754000037908554,0.1754000037908554,1.0,0.0,0.0,0.24200095981359482,,2020,pit,SP
sa294474,Jose Pina,P,1.0,0.0,1.0,0.0,0.0,1.688961168378592,,2020,pit,RP
sa977183,Carlos Chavez,P,0.5315999984741211,0.09960000216960907,1.0,0.0,0.0,1.1009010463953017,,2020,pit,RP
sa3005702,Cruz Noriega,P,0.375,0.13300000131130219,1.0,0.0,0.0,0.7022105708718303,,2020,pit,RP
sa827486,Alex Katz,P,1.0,0.0,1.0,0.0,0.0,1.2018412798643117,,2020,pit,RP
sa829573,Tyler Schimpf,P,0.8960999846458435,0.022099999710917473,1.0,0.0,0.0,2.2367788851261143,,2020,pit,RP
20666,Félix Bautista,P,1.0,0.0,1.0,0.0,0.0,1.2234199523925775,BAL,2020,pit,RP
sa922462,Angel Rodriguez,P,0.5877000093460083,0.0877000018954277,1.0,0.0,0.0,1.0919398829340934,,2020,pit,RP
20582,Anderson Severino,P,1.0,0.0,1.0,0.0,0.0,1.5770452685654162,NYM,2020,pit,RP
sa3009621,Ronaldo Guzman,P,0.20180000364780426,0.16979999840259552,1.0,0.0,0.0,0.35976398959755906,CHW,2020,pit,SP
sa3005075,Yasel Santana,P,0.34529998898506165,0.13930000364780426,1.0,0.0,0.0,0.8510212503373622,,2020,pit,RP
sa924538,Edgar Martinez,P,0.20020000636577606,0.17020000517368317,1.0,0.0,0.0,0.40213472470641154,,2020,pit,SP
sa923371,Antonio Canizales,P,0.1754000037908554,0.1754000037908554,1.0,0.0,0.0,0.21230103150010127,,2020,pit,SP
sa3007250,Jake Zebron,P,0.23319999873638153,0.1632000058889389,1.0,0.0,0.0,-0.31373490095138523,,2020,pit,SP
sa828538,Felix Tati,P,1.0,0.0,1.0,0.0,0.0,1.796505144238472,,2020,pit,RP
sa918502,Marc Huberman,P,1.0,0.0,1.0,0.0,0.0,1.8874997518956667,CHC,2020,pit,RP
sa3004085,Adam Bleday,P,1.0,0.0,1.0,0.0,0.0,1.9591947481036187,,2020,pit,RP
sa737036,Jose Santiago,P,0.3255000114440918,0.14350000023841858,1.0,0.0,0.0,0.7184041738510132,,2020,pit,RP
sa3004489,Marcus Reyes,P,1.0,0.0,1.0,0.0,0.0,1.585929410904646,,2020,pit,RP
sa3008265,Robin Vazquez,P,0.23649999499320984,0.16249999403953552,1.0,0.0,0.0,0.4704093888401988,,2020,pit,SP
22054,Dane Myers,OF,0.3287999927997589,0.1428000032901764,1.0,0.0,0.0,0.5841611549258232,CIN,2020,pit,RP
sa3005265,Cole Bellinger,P,0.18860000371932983,0.17260000109672546,1.0,0.0,0.0,0.6294052779674533,SDP,2020,pit,SP
sa3005178,Korey Anderson,P,1.0,0.0,1.0,0.0,0.0,1.8426241353154187,,2020,pit,RP
sa873309,Carlos Herrera,P,0.1754000037908554,0.1754000037908554,1.0,0.0,0.0,0.3182308204472064,,2020,pit,SP
sa3007725,Martin Herrera,P,0.1754000037908554,0.1754000037908554,1.0,0.0,0.0,0.2271398939192295,,2020,pit,SP
sa919825,Brandon Agar,P,0.1754000037908554,0.1754000037908554,1.0,0.0,0.0,0.05604129433631888,CHW,2020,pit,SP
sa875618,Will Headean,P,1.0,0.0,1.0,0.0,0.0,1.869118684530259,,2020,pit,RP
sa829068,Matt Trowbridge,P,1.0,0.0,1.0,0.0,0.0,1.8671359181404115,BAL,2020,pit,RP
sa599258,Craig Stem,P,1.0,0.0,1.0,0.0,0.0,1.7027946598827843,,2020,pit,RP
sa924537,Dakota Smith,P,0.510200023651123,0.10419999808073044,1.0,0.0,0.0,1.0070641696453095,,2020,pit,RP
sa3002813,Daritzon Feliz,P,0.22660000622272491,0.16459999978542328,1.0,0.0,0.0,0.48074525892734554,CLE,2020,pit,SP
sa3007909,Carlos Vega,P,0.510200023651123,0.10419999808073044,1.0,0.0,0.0,1.1347810894250876,,2020,pit,RP
sa657895,Rafael Ordaz,P,0.5414999723434448,0.09749999642372131,1.0,0.0,0.0,1.061995903402567,,2020,pit,RP
sa3009987,Brian Eichhorn,P,0.2825999855995178,0.1526000052690506,1.0,0.0,0.0,0.653638540953398,,2020,pit,SP
sa3003153,Carlos M Francisco,P,0.2892000079154968,0.15119999647140503,1.0,0.0,0.0,0.5525359198451043,PHI,2020,pit,SP
sa873711,Dustin Hunt,P,1.0,0.0,1.0,0.0,0.0,1.849690747261047,LAA,2020,pit,RP
sa880047,Alexander Martinez,P,1.0,0.0,1.0,0.0,0.0,1.3864904478192335,,2020,pit,RP
sa3008326,Chris Machamer,P,0.1754000037908554,0.1754000037908554,1.0,0.0,0.0,0.17669038996100417,,2020,pit,SP
sa914202,Raymar Navarro,P,0.7253999710083008,0.058400001376867294,1.0,0.0,0.0,1.3886787489056585,,2020,pit,RP
sa3005261,Kevin Marnon,P,0.8112000226974487,0.04019999876618385,1.0,0.0,0.0,1.5450252734124659,,2020,pit,RP
sa944591,Junior Tejada,P,0.31310001015663147,0.1460999995470047,1.0,0.0,0.0,0.6973306365311145,,2020,pit,RP
sa3005432,Alex Valdez,P,0.18700000643730164,0.17299999296665192,1.0,0.0,0.0,0.5359694868326188,,2020,pit,SP
sa917670,Francis Ventura,P,0.30820000171661377,0.14720000326633453,1.0,0.0,0.0,0.5413211964070799,,2020,pit,RP
sa873153,Juan De Paula,P,0.23890000581741333,0.16189999878406525,1.0,0.0,0.0,0.3800653986632825,,2020,pit,SP
sa3008565,Alex Demchak,P,1.0,0.0,1.0,0.0,0.0,1.8504600092768668,,2020,pit,RP
sa528296,Pedro Rodriguez,P,1.0,0.0,1.0,0.0,0.0,1.6799587637186044,,2020,pit,RP
sa3006557,Valentin Linarez,P,0.1754000037908554,0.1754000037908554,1.0,0.0,0.0,0.24181043803691882,WSN,2020,pit,SP
sa3009509,Jesus Lugo,P,0.218299999833107,0.1662999987602234,1.0,0.0,0.0,0.40756094977259627,,2020,pit,SP
sa918468,Jacob Howell,P,1.0,0.0,1.0,0.0,0.0,1.847940057516098,,2020,pit,RP
sa3002984,Joseph Salazar,P,0.19519999623298645,0.1712000072002411,1.0,0.0,0.0,0.08056533709168434,,2020,pit,SP
sa3006113,Israel Puello,P,0.1754000037908554,0.1754000037908554,1.0,0.0,0.0,0.34818959683179873,,2020,pit,SP
sa3006640,Andrew Pérez,P,1.0,0.0,1.0,0.0,0.0,1.7083991535007956,KCR,2020,pit,RP
sa3007774,Zach Daniels,P,0.6413000226020813,0.0763000026345253,1.0,0.0,0.0,1.4582611374557017,,2020,pit,RP
sa829574,James Carter,P,1.0,0.0,1.0,0.0,0.0,1.7973988927900795,,2020,pit,RP
sa919499,Yeison Cespedes,P,0.7484999895095825,0.05350000038743019,1.0,0.0,0.0,1.4391852155327798,,2020,pit,RP
sa875896,Reed Hayes,P,1.0,0.0,1.0,0.0,0.0,1.1099987939000129,,2020,pit,RP
sa3004478,Billy Oxford,P,1.0,0.0,1.0,0.0,0.0,1.6842306017875672,,2020,pit,RP
sa3004463,Robbie Hitt,P,1.0,0.0,1.0,0.0,0.0,1.6897240482270721,,2020,pit,RP
sa3003031,Jose Natera,P,0.510200023651123,0.10419999808073044,1.0,0.0,0.0,0.9132640004158024,,2020,pit,RP
sa3004698,Cody Beckman,P,1.0,0.0,1.0,0.0,0.0,1.7874451138079173,,2020,pit,RP
sa3006414,Angel Cuenca,P,0.1754000037908554,0.1754000037908554,1.0,0.0,0.0,0.5497010625898837,,2020,pit,SP
sa876046,Jorge Pantoja,P,1.0,0.0,1.0,0.0,0.0,1.6374547570943832,,2020,pit,RP
sa600293,Ronald Dominguez,P,0.5877000093460083,0.0877000018954277,1.0,0.0,0.0,1.1102212175726884,,2020,pit,RP
23135,Eduardo Salazar,P,0.4260999858379364,0.12210000306367874,1.0,0.0,0.0,0.5850946985185148,MIN,2020,pit,RP
sa876105,Tyler Peyton,P,1.0,0.0,1.0,0.0,0.0,1.7243386283516888,,2020,pit,RP
sa917812,Alfonso Hernández,P,0.816100001335144,0.03909999877214432,1.0,0.0,0.0,1.4885411404073245,WSN,2020,pit,RP
sa828812,Carlos Acevedo,P,1.0,0.0,1.0,0.0,0.0,1.7193748898804189,,2020,pit,RP
sa3006835,Miguel Ausua,P,0.5152000188827515,0.10320000350475311,1.0,0.0,0.0,0.9521452069282534,COL,2020,pit,RP
7947,Cory Gearrin,P,3.703700065612793,0.0,3.703700065612793,0.0,0.28540000319480896,11.676830282807353,,2020,pit,RP
sa828512,Daniel Ramos,P,1.0,0.0,1.0,0.0,0.0,1.7150747023522857,,2020,pit,RP
sa3002939,Raymells Rosa,P,1.0,0.0,1.0,0.0,0.0,1.2954705424606803,,2020,pit,RP
sa503482,Alejandro Barraza,P,1.0,0.0,1.0,0.0,0.0,1.6594906702637675,,2020,pit,RP
sa918681,Dalton Erb,P,0.794700026512146,0.043699998408555984,1.0,0.0,0.0,1.4963200531899936,,2020,pit,RP
sa868960,Francisco Haro,P,1.0,0.0,1.0,0.0,0.0,1.6570093698799613,,2020,pit,RP
sa603117,Mick VanVossen,P,1.0,0.0,1.0,0.0,0.0,1.555759062618017,CHW,2020,pit,RP
sa3006068,Miguel Rondon,P,0.29339998960494995,0.15039999783039093,1.0,0.0,0.0,0.8556705780327323,,2020,pit,SP
sa3002928,Luis Moreno,P,0.5564000010490417,0.09440000355243683,1.0,0.0,0.0,1.4284161068499088,NYM,2020,pit,RP
sa3004833,Manny Ramirez,P,0.3395000100135803,0.1404999941587448,1.0,0.0,0.0,0.912141335755587,,2020,pit,RP
sa3007611,Trey Riley,P,0.23890000581741333,0.16189999878406525,1.0,0.0,0.0,0.7029253654181957,,2020,pit,SP
sa873333,Alvaro Galindo,P,0.24060000479221344,0.1615999937057495,1.0,0.0,0.0,0.26214099973440197,TOR,2020,pit,SP
sa830138,Ivan Medina,P,1.0,0.0,1.0,0.0,0.0,1.6570946812629699,,2020,pit,RP
sa974592,Adrian Alcantara,P,0.20430000126361847,0.16930000483989716,1.0,0.0,0.0,0.3773399077355859,,2020,pit,SP
sa917327,Jheyson Caraballo,P,0.1754000037908554,0.1754000037908554,1.0,0.0,0.0,0.17407595664262798,,2020,pit,SP
sa915680,Matt Pidich,P,1.0,0.0,1.0,0.0,0.0,1.5060211673378943,,2020,pit,RP
sa835215,Diogenes Almengo,P,1.0,0.0,1.0,0.0,0.0,1.174839943647385,,2020,pit,RP
sa829433,Alex Palsha,P,1.0,0.0,1.0,0.0,0.0,1.967045482993126,,2020,pit,RP
20643,Johan Quezada,P,1.0,0.0,1.0,0.0,0.0,1.5842561796307568,,2020,pit,RP
sa738576,Jake Bray,P,0.8945000171661377,0.02250000089406967,1.0,0.0,0.0,1.6932240895926953,,2020,pit,RP
sa202758,Rudy Gonzalez,P,0.852400004863739,0.03139999881386757,1.0,0.0,0.0,1.4550758227705956,,2020,pit,RP
9033,Jeanmar Gómez,P,7.407400131225586,0.0,7.407400131225586,0.0,0.0,22.67418169975282,,2020,pit,RP
sa917461,Christopher Marte,P,0.20350000262260437,0.16949999332427979,1.0,0.0,0.0,0.16171475276350966,,2020,pit,SP
sa3009516,Jesus Chavez,P,0.1754000037908554,0.1754000037908554,1.0,0.0,0.0,0.20671892687678373,,2020,pit,SP
sa735869,Michael Suarez,P,0.41130000352859497,0.12530000507831573,1.0,0.0,0.0,0.8204694725573063,,2020,pit,RP
sa3006546,Yorlenis Noa,P,0.34860000014305115,0.13860000669956207,1.0,0.0,0.0,0.7242253541946413,,2020,pit,RP
sa658504,Blake Hickman,P,0.5267000198364258,0.1006999984383583,1.0,0.0,0.0,1.0460960544645794,,2020,pit,RP
sa548642,Tony Cordova,P,1.0,0.0,1.0,0.0,0.0,1.7216695144772536,,2020,pit,RP
sa3007221,Eli Kraus,P,1.0,0.0,1.0,0.0,0.0,1.7613600380718704,,2020,pit,RP
sa3006619,Yoelvin Silven,P,0.6948999762535095,0.0649000033736229,1.0,0.0,0.0,1.0599041700363165,,2020,pit,RP
sa918112,Kyle Weatherly,P,1.0,0.0,1.0,0.0,0.0,1.6003507547080522,,2020,pit,RP
15136,Jake Newberry,P,3.703700065612793,0.0,3.703700065612793,0.0,0.26109999418258667,11.378419947624213,,2020,pit,RP
sa737197,Jose Carlos Medina,P,0.45410001277923584,0.1160999983549118,1.0,0.0,0.0,1.0780810415744786,,2020,pit,RP
sa877346,Adrian Rodriguez,P,0.552299976348877,0.09529999643564224,1.0,0.0,0.0,1.045478717982769,,2020,pit,RP
sa3002947,Jol Concepcion,P,0.1754000037908554,0.1754000037908554,1.0,0.0,0.0,0.07464413940906534,,2020,pit,SP
sa977917,Christian Stolo,P,0.5885000228881836,0.08749999850988388,1.0,0.0,0.0,1.1279013492166992,LAD,2020,pit,RP
sa3007991,Anderson Paulino,P,0.23649999499320984,0.16249999403953552,1.0,0.0,0.0,0.2760558016598229,KCR,2020,pit,SP
sa877017,Jose Gonzalez,P,0.23229999840259552,0.16329999268054962,1.0,0.0,0.0,0.369425277411938,,2020,pit,SP
sa3007809,Theo McDowell,P,0.2784999907016754,0.1535000056028366,1.0,0.0,0.0,0.10910107791423806,,2020,pit,SP
sa875997,Ben Yokley,P,0.882099986076355,0.025100000202655792,1.0,0.0,0.0,1.5539014674723148,,2020,pit,RP
sa737093,Wilfri Aleton,P,0.3312999904155731,0.14229999482631683,1.0,0.0,0.0,0.6394810393452648,,2020,pit,RP
sa3006398,Braunny Munoz,P,0.19030000269412994,0.17229999601840973,1.0,0.0,0.0,0.33021480143070203,,2020,pit,SP
23479,Cam Sanders,P,0.18369999527931213,0.1737000048160553,1.0,0.0,0.0,0.36136009618639964,PIT,2020,pit,SP
sa918090,Cole Duensing,P,0.2142000049352646,0.1671999990940094,1.0,0.0,0.0,0.3573495015501975,,2020,pit,SP
sa3003156,Edward Vasquez,P,0.1754000037908554,0.1754000037908554,1.0,0.0,0.0,0.12914120256900796,,2020,pit,SP
sa3008406,Jorge Bautista,P,0.18860000371932983,0.17260000109672546,1.0,0.0,0.0,0.4717347972095016,,2020,pit,SP
sa829590,Nestor Bautista,P,1.0,0.0,1.0,0.0,0.0,2.0520210519433015,,2020,pit,RP
sa918958,Robbie Gordon,P,1.0,0.0,1.0,0.0,0.0,1.8108989596366887,,2020,pit,RP
sa3008172,Zach Mort,P,0.35679998993873596,0.13680000603199005,1.0,0.0,0.0,0.6908600315451623,,2020,pit,RP
sa3002983,Luis D. Garcia,P,0.20430000126361847,0.16930000483989716,1.0,0.0,0.0,0.23473053872585314,,2020,pit,SP
sa875357,Ryan McKay,P,1.0,0.0,1.0,0.0,0.0,1.6873106651008136,,2020,pit,RP
sa3008438,Gustavo Rodriguez,P,0.1754000037908554,0.1754000037908554,1.0,0.0,0.0,0.4508786275982857,OAK,2020,pit,SP
sa507037,Antonio Guzman,P,0.6966000199317932,0.06459999829530716,1.0,0.0,0.0,1.3822894506156445,,2020,pit,RP
sa3006417,Inohan Paniagua,P,0.20679999887943268,0.1687999963760376,1.0,0.0,0.0,0.5850586831569675,DET,2020,pit,SP
sa735851,Adrian Navas,P,1.0,0.0,1.0,0.0,0.0,1.7580386556684973,,2020,pit,RP
sa873542,Jeifry Nunez,P,0.8127999901771545,0.039799999445676804,1.0,0.0,0.0,1.0165998376905918,,2020,pit,RP
sa875697,Nate Bertness,P,0.7419000267982483,0.05490000173449516,1.0,0.0,0.0,1.5205759972333905,,2020,pit,RP
13435,Pierce Johnson,P,14.814800262451172,0.0,14.814800262451172,0.0,2.2411999702453613,61.26137330532075,CIN,2020,pit,RP
sa918539,Skylar Arias,P,0.9002000093460083,0.021199999377131462,1.0,0.0,0.0,1.844681179523468,,2020,pit,RP
sa3004005,Ramon Perez,P,0.5457000136375427,0.09669999778270721,1.0,0.0,0.0,1.424481386691332,,2020,pit,RP
14552,José Ruiz,P,6.6666998863220215,0.0,6.6666998863220215,0.0,0.2669999897480011,20.07712789773941,,2020,pit,RP
sa830645,Yonathan Ramirez,P,0.29339998960494995,0.15039999783039093,1.0,0.0,0.0,0.48323604017496136,,2020,pit,SP
sa737569,Fabian Anguamea,P,0.882099986076355,0.025100000202655792,1.0,0.0,0.0,1.527675990760327,,2020,pit,RP
sa3007720,Will Tribucher,P,1.0,0.0,1.0,0.0,0.0,1.3087907142937185,,2020,pit,RP
sa873226,Juan Robles,P,1.0,0.0,1.0,0.0,0.0,1.7461609102785594,,2020,pit,RP
sa921352,John Valek,P,0.263700008392334,0.156700000166893,1.0,0.0,0.0,0.3800653576850892,COL,2020,pit,SP
sa739579,Lenix Osuna,P,1.0,0.0,1.0,0.0,0.0,1.8754810646176345,LAD,2020,pit,RP
sa3004769,Yoilan Quinonez,P,0.2727000117301941,0.15469999611377716,1.0,0.0,0.0,0.46081587299704596,,2020,pit,SP
sa3005365,Braulio Torres-Perez,P,1.0,0.0,1.0,0.0,0.0,1.6901505388319493,,2020,pit,RP
sa857669,Marc Brakeman,P,1.0,0.0,1.0,0.0,0.0,1.7797959432005883,,2020,pit,RP
sa3009919,Sam Hellinger,P,1.0,0.0,1.0,0.0,0.0,1.807284181565047,,2020,pit,RP
sa841386,Jesus Camargo,P,1.0,0.0,1.0,0.0,0.0,1.7356999650597578,CHC,2020,pit,RP
8350,AJ Ramos,P,3.703700065612793,0.0,3.703700065612793,0.0,0.2671999931335449,12.766147869825367,,2020,pit,RP
20271,Daysbel Hernández,P,1.0,0.0,1.0,0.0,0.0,2.0888611219823368,ATL,2020,pit,RP
sa3005452,Juan Zapata,P,0.20679999887943268,0.1687999963760376,1.0,0.0,0.0,0.2871197983622551,,2020,pit,SP
sa873708,David Ellingson,P,1.0,0.0,1.0,0.0,0.0,1.8726146906614307,,2020,pit,RP
23162,Eduarniel Núñez,P,0.2727000117301941,0.15469999611377716,1.0,0.0,0.0,0.5428505696356298,OAK,2020,pit,SP
sa3005311,AJ Franks,P,1.0,0.0,1.0,0.0,0.0,1.5996590137481692,SEA,2020,pit,RP
sa829279,Garrett Mundell,P,1.0,0.0,1.0,0.0,0.0,1.7460093148052698,,2020,pit,RP
sa508072,Rafael Cordova,P,1.0,0.0,1.0,0.0,0.0,1.6648946411907675,,2020,pit,RP
sa3004456,Felipe Castaneda,P,0.24140000343322754,0.16140000522136688,1.0,0.0,0.0,0.28358509838581103,,2020,pit,SP
sa3004090,Jesus Balaguer,P,1.0,0.0,1.0,0.0,0.0,1.8900694958865647,,2020,pit,RP
sa506924,Marco Camarena,P,1.0,0.0,1.0,0.0,0.0,1.4892495378851893,,2020,pit,RP
sa918044,Tyler Buffett,P,1.0,0.0,1.0,0.0,0.0,1.3477809682488444,CIN,2020,pit,RP
21546,Justin Hagenman,P,0.888700008392334,0.02370000071823597,1.0,0.0,0.0,1.6072788976132872,NYM,2020,pit,RP
sa918844,Jonathon Mulford,P,0.1754000037908554,0.1754000037908554,1.0,0.0,0.0,0.43873869925737363,STL,2020,pit,SP
21367,Peter Strzelecki,P,1.0,0.0,1.0,0.0,0.0,1.7221851363778113,MIL,2020,pit,RP
sa3004351,Bryan Blanton,P,1.0,0.0,1.0,0.0,0.0,1.5763361416757107,,2020,pit,RP
sa3003087,Wilson Garcia,P,0.1754000037908554,0.1754000037908554,1.0,0.0,0.0,0.4352946788072587,TBR,2020,pit,SP
sa3005891,Benito Garcia,P,0.23399999737739563,0.16300000250339508,1.0,0.0,0.0,0.6293440215289592,STL,2020,pit,SP
sa3006501,Jeisson Cabrera,P,0.3255000114440918,0.14350000023841858,1.0,0.0,0.0,0.8425251685082911,BAL,2020,pit,RP
24681,Kelvin Cáceres,P,0.2727000117301941,0.15469999611377716,1.0,0.0,0.0,0.3487358473241331,,2020,pit,SP
sa3005450,Edinson Lopez,P,0.2603999972343445,0.1573999971151352,1.0,0.0,0.0,0.4865504987537861,,2020,pit,SP
sa657633,Juan Perez,P,0.6067000031471252,0.08370000123977661,1.0,0.0,0.0,1.350278887152672,STL,2020,pit,RP
sa3004477,Drew Crosby,P,1.0,0.0,1.0,0.0,0.0,1.417994860559702,DET,2020,pit,RP
sa549578,Andre Wheeler,P,1.0,0.0,1.0,0.0,0.0,1.7002492725849154,,2020,pit,RP
sa915721,Brendan King,P,0.8705000281333923,0.027499999850988388,1.0,0.0,0.0,1.5159601323306569,,2020,pit,RP
sa3004579,Wellington Diaz,P,0.558899998664856,0.09390000253915787,1.0,0.0,0.0,0.8102452829480171,,2020,pit,RP
sa830371,Cody Clark,P,1.0,0.0,1.0,0.0,0.0,1.7877589195966728,,2020,pit,RP
sa3007468,Yeury Gervacio,P,0.1754000037908554,0.1754000037908554,1.0,0.0,0.0,0.2056638717651369,,2020,pit,SP
sa977122,Jordan Aboites,P,1.0,0.0,1.0,0.0,0.0,1.6538641244173058,,2020,pit,RP
sa887275,Ezequiel Zabaleta,P,1.0,0.0,1.0,0.0,0.0,1.9436988383531575,,2020,pit,RP
sa509282,Rafael Diaz,P,1.0,0.0,1.0,0.0,0.0,1.5856010742485531,,2020,pit,RP
sa3008375,Jose Quezada,P,1.0,0.0,1.0,0.0,0.0,1.9586186148226261,,2020,pit,RP
sa737089,Eduardo Del Rosario,P,1.0,0.0,1.0,0.0,0.0,1.7904440335929395,,2020,pit,RP
sa3005464,Moises Diaz,P,0.1754000037908554,0.1754000037908554,1.0,0.0,0.0,0.02736101523041734,,2020,pit,SP
sa3007481,Bryce Nightengale,P,0.2825999855995178,0.1526000052690506,1.0,0.0,0.0,0.6635586656630039,,2020,pit,SP
sa918191,Cody Dube,P,0.7501999735832214,0.053199999034404755,1.0,0.0,0.0,0.6112610638141636,BAL,2020,pit,RP
sa918265,Joe Galindo,P,1.0,0.0,1.0,0.0,0.0,2.0446998849511147,,2020,pit,RP
sa3004988,Dalton Higgins,P,1.0,0.0,1.0,0.0,0.0,1.3737946279346938,,2020,pit,RP
sa913975,Jose Isidro Marquez,P,1.0,0.0,1.0,0.0,0.0,1.6071398623287685,,2020,pit,RP
sa3005214,Sean Barry,P,1.0,0.0,1.0,0.0,0.0,1.6987989842891698,,2020,pit,RP
sa3002814,Moises Lugo,P,0.8787999749183655,0.025800000876188278,1.0,0.0,0.0,1.7196789257228375,,2020,pit,RP
sa3007911,Colton Harlow,P,1.0,0.0,1.0,0.0,0.0,1.7551842451095587,COL,2020,pit,RP
sa3005887,Cristian Pacheco,P,0.18860000371932983,0.17260000109672546,1.0,0.0,0.0,0.4160904467105868,,2020,pit,SP
sa3005353,Kelvin Sanchez,P,0.375,0.13300000131130219,1.0,0.0,0.0,0.7349801518023016,,2020,pit,RP
sa657790,Dallas Martinez,P,0.2603999972343445,0.1573999971151352,1.0,0.0,0.0,0.2321242630481719,,2020,pit,SP
sa873958,Christian Morris,P,0.8639000058174133,0.02889999933540821,1.0,0.0,0.0,1.4815293274819856,,2020,pit,RP
sa3005435,Luis Angel Rodriguez,P,0.21089999377727509,0.1678999960422516,1.0,0.0,0.0,0.31503986567258835,HOU,2020,pit,SP
sa3002992,Rovaldis Cabrera,P,0.5877000093460083,0.0877000018954277,1.0,0.0,0.0,1.0275894351303574,,2020,pit,RP
sa3008486,Joelvis Del Rosario,P,0.19030000269412994,0.17229999601840973,1.0,0.0,0.0,0.12639048397541064,,2020,pit,SP
sa3006122,Josan Méndez,P,0.34860000014305115,0.13860000669956207,1.0,0.0,0.0,0.5359252460300925,,2020,pit,RP
sa509479,Antonio Garzon,P,1.0,0.0,1.0,0.0,0.0,1.6210186086595062,,2020,pit,RP
sa914150,Erick Casillas,P,1.0,0.0,1.0,0.0,0.0,1.651578801125288,,2020,pit,RP
sa3007852,Eddy Demurias,P,1.0,0.0,1.0,0.0,0.0,1.312315887957812,,2020,pit,RP
sa3006163,Sonny Vargas,P,0.375,0.13300000131130219,1.0,0.0,0.0,1.1503039605915553,,2020,pit,RP
sa3004591,Brody Rodning,P,1.0,0.0,1.0,0.0,0.0,1.5588344775140284,,2020,pit,RP
sa872567,Carlos Espinal,P,1.0,0.0,1.0,0.0,0.0,1.4561797879636287,,2020,pit,RP
sa897261,Ulises Lopez,P,1.0,0.0,1.0,0.0,0.0,1.549305359274149,,2020,pit,RP
sa873163,Luis Alecis,P,0.30410000681877136,0.14810000360012054,1.0,0.0,0.0,0.6159747451543809,CIN,2020,pit,RP
sa3007937,Cody Smith,P,1.0,0.0,1.0,0.0,0.0,1.7695853769779206,,2020,pit,RP
sa600253,Michael Cederoth,P,1.0,0.0,1.0,0.0,0.0,1.7678212285041806,,2020,pit,RP
18341,Julian Fernández,P,1.0,0.0,1.0,0.0,0.0,1.2330906167626385,WSN,2020,pit,RP
21327,Nicholas Padilla,P,1.0,0.0,1.0,0.0,0.0,1.9226959884166717,,2020,pit,RP
sa3004104,Tim Hardy,P,1.0,0.0,1.0,0.0,0.0,1.532018957287073,NYY,2020,pit,RP
sa3003113,Jose Moreno,P,0.1754000037908554,0.1754000037908554,1.0,0.0,0.0,0.348110576719046,,2020,pit,SP
sa738171,Joey Wagman,P,1.0,0.0,1.0,0.0,0.0,1.7445957355201251,,2020,pit,RP
sa3006174,Carlos Perez,P,0.2578999996185303,0.15790000557899475,1.0,0.0,0.0,-0.060401275753974915,,2020,pit,SP
sa3003026,Santiago Florez,P,0.1754000037908554,0.1754000037908554,1.0,0.0,0.0,0.1897055171430111,,2020,pit,SP
sa3007854,Erik Cha,P,1.0,0.0,1.0,0.0,0.0,1.4816251128911975,,2020,pit,RP
sa3002981,Didier Vargas,P,0.2727000117301941,0.15469999611377716,1.0,0.0,0.0,0.43415477797389057,,2020,pit,SP
sa3006135,Benony Robles,P,0.1754000037908554,0.1754000037908554,1.0,0.0,0.0,0.33223868906497955,,2020,pit,SP
sa977115,Juan Francisco Mendez,P,0.828499972820282,0.0364999994635582,1.0,0.0,0.0,1.3938613273203373,,2020,pit,RP
sa920281,Devon Carr,P,1.0,0.0,1.0,0.0,0.0,1.707965354621411,,2020,pit,RP
sa921351,Jose Castro,P,0.6248000264167786,0.07980000227689743,1.0,0.0,0.0,1.1636609978973866,,2020,pit,RP
sa3008074,Antonio Jimenez,P,0.18780000507831573,0.1728000044822693,1.0,0.0,0.0,0.5821452423930169,,2020,pit,SP
sa872826,Edilson Batista,P,0.19519999623298645,0.1712000072002411,1.0,0.0,0.0,0.09418394342064884,,2020,pit,SP
sa3004711,Matthew Hammonds,P,0.9018999934196472,0.020899999886751175,1.0,0.0,0.0,0.9043198890984057,,2020,pit,RP
sa184899,Hector Navarro,P,0.852400004863739,0.03139999881386757,1.0,0.0,0.0,1.3442905552685263,,2020,pit,RP
sa456031,Fredy Quintero,P,0.828499972820282,0.0364999994635582,1.0,0.0,0.0,1.3580504871904857,LAD,2020,pit,RP
sa875308,Jared Lyons,P,1.0,0.0,1.0,0.0,0.0,1.7792945638298985,,2020,pit,RP
24719,Randy Vásquez,P,0.1754000037908554,0.1754000037908554,1.0,0.0,0.0,0.10831871256232262,SDP,2020,pit,SP
sa918632,Nathan Thompson,P,0.5827999711036682,0.08879999816417694,1.0,0.0,0.0,1.1393241770565505,,2020,pit,RP
sa3007466,Chi-Feng Lee,P,0.3346000015735626,0.14159999787807465,1.0,0.0,0.0,0.4859904855489732,,2020,pit,RP
sa3005446,Arlinthon De Dios,P,0.1754000037908554,0.1754000037908554,1.0,0.0,0.0,0.16525468602776527,,2020,pit,SP
sa3006975,Victor Rodriguez,P,0.2223999947309494,0.16539999842643738,1.0,0.0,0.0,0.5241960361599922,,2020,pit,SP
sa875302,Andrew Tomasovich,P,1.0,0.0,1.0,0.0,0.0,1.8740412101149562,OAK,2020,pit,RP
sa3002923,Alejandro Mejia,P,0.7831000089645386,0.04610000178217888,1.0,0.0,0.0,0.8327612169086933,COL,2020,pit,RP
22982,José Lopez,P,0.1754000037908554,0.1754000037908554,1.0,0.0,0.0,0.4874238967895512,,2020,pit,SP
sa856279,Kenny Oakley,P,1.0,0.0,1.0,0.0,0.0,1.6299094088375572,,2020,pit,RP
sa3004487,Drew Fischer,P,1.0,0.0,1.0,0.0,0.0,1.7600589305162435,,2020,pit,RP
sa3004748,Joshua Payne,P,1.0,0.0,1.0,0.0,0.0,1.606909259408713,,2020,pit,RP
sa740804,Edgar Gomez,P,0.44670000672340393,0.1177000030875206,1.0,0.0,0.0,0.6788187198340894,,2020,pit,RP
sa829246,Mac Marshall,P,1.0,0.0,1.0,0.0,0.0,2.290509455651045,,2020,pit,RP
14169,Kyle Zimmer,P,4.444399833679199,0.0,4.444399833679199,0.0,0.26109999418258667,15.193238264322279,,2020,pit,RP
sa3004476,Aaron Ford,P,1.0,0.0,1.0,0.0,0.0,1.672829484194518,,2020,pit,RP
sa658199,Julio Felix,P,1.0,0.0,1.0,0.0,0.0,1.5343402519822122,,2020,pit,RP
sa3006545,Alexis Ramirez,P,0.21089999377727509,0.1678999960422516,1.0,0.0,0.0,0.21385894119739524,,2020,pit,SP
sa3002921,Juan Manuel Abril,P,0.1754000037908554,0.1754000037908554,1.0,0.0,0.0,-0.17635056078434008,CIN,2020,pit,SP
sa3004652,Sandel De La Cruz,P,0.6182000041007996,0.0812000036239624,1.0,0.0,0.0,1.0443398967385291,,2020,pit,RP
sa873328,Gregori Vasquez,P,0.3758000135421753,0.13279999792575836,1.0,0.0,0.0,0.6703588634729387,,2020,pit,RP
sa3005691,Anthony Escobar,P,0.29339998960494995,0.15039999783039093,1.0,0.0,0.0,0.27557066082954407,,2020,pit,SP
sa3004205,Connor Mayes,P,0.20430000126361847,0.16930000483989716,1.0,0.0,0.0,0.15044420436024675,KCR,2020,pit,SP
sa829839,Taylor Lewis,P,1.0,0.0,1.0,0.0,0.0,1.6187040127813819,,2020,pit,RP
sa3004595,Lukas Young,P,1.0,0.0,1.0,0.0,0.0,1.839438857883215,,2020,pit,RP
sa509455,Esteban Haro,P,1.0,0.0,1.0,0.0,0.0,1.4076159343123442,,2020,pit,RP
sa873321,Cesar Rosado,P,1.0,0.0,1.0,0.0,0.0,1.8316307507455352,,2020,pit,RP
sa829402,Willie Rios,P,0.22660000622272491,0.16459999978542328,1.0,0.0,0.0,0.2885212771594525,,2020,pit,SP
sa915634,Aaron Soto,P,0.3939000070095062,0.12890000641345978,1.0,0.0,0.0,0.3908389449119567,,2020,pit,RP
sa917928,Kevin Gowdy,P,0.25049999356269836,0.15950000286102295,1.0,0.0,0.0,0.2750052236020566,,2020,pit,SP
sa3003078,Christofer Dominguez,P,0.2825999855995178,0.1526000052690506,1.0,0.0,0.0,0.7201903611421585,,2020,pit,SP
sa3007896,Dominic Pipkin,P,0.31310001015663147,0.1460999995470047,1.0,0.0,0.0,0.39300954118371,PIT,2020,pit,RP
sa328471,Raul Barron,P,1.0,0.0,1.0,0.0,0.0,1.4800987295806407,,2020,pit,RP
20827,Michael Petersen,P,1.0,0.0,1.0,0.0,0.0,1.6948253028094769,MIA,2020,pit,RP
sa3007238,Victor Azor,P,0.19359999895095825,0.17159999907016754,1.0,0.0,0.0,-0.36502126529812795,,2020,pit,SP
sa3004703,Keenan Bartlett,P,1.0,0.0,1.0,0.0,0.0,1.589118916541338,,2020,pit,RP
sa3008258,Ryan Williamson,P,0.7336999773979187,0.056699998676776886,1.0,0.0,0.0,1.2571547776460648,,2020,pit,RP
sa3005819,Emmanuel Quinones,P,0.1754000037908554,0.1754000037908554,1.0,0.0,0.0,-0.04189879223704329,,2020,pit,SP
sa3007730,Thomas Ponticelli,P,0.31310001015663147,0.1460999995470047,1.0,0.0,0.0,0.5803306579589846,,2020,pit,RP
sa875773,Kyle Miller,P,1.0,0.0,1.0,0.0,0.0,1.5722349017858508,,2020,pit,RP
sa596974,Yunior Montero,P,1.0,0.0,1.0,0.0,0.0,1.8082811690866945,PIT,2020,pit,RP
sa3005361,Dante Mendoza,P,0.1754000037908554,0.1754000037908554,1.0,0.0,0.0,0.15841897204518318,,2020,pit,SP
sa829226,Greg Maisto,P,0.7682999968528748,0.049300000071525574,1.0,0.0,0.0,1.2979210868477815,,2020,pit,RP
sa509785,Ivan Salas,P,1.0,0.0,1.0,0.0,0.0,1.5809613004326826,,2020,pit,RP
sa657277,Elias Torres,P/OF,1.0,0.0,1.0,0.0,0.0,1.8582493491470813,SDP,2020,pit,RP
sa3005217,Brandon Withers,P,1.0,0.0,1.0,0.0,0.0,1.6318254373967647,,2020,pit,RP
sa739468,Robert Corniel,P,1.0,0.0,1.0,0.0,0.0,1.6999787285923955,,2020,pit,RP
sa504008,Alejandro Martinez,P,0.8127999901771545,0.039799999445676804,1.0,0.0,0.0,1.212965233623982,,2020,pit,RP
sa873298,Marlon Constante,P,1.0,0.0,1.0,0.0,0.0,1.6003745660185813,,2020,pit,RP
sa918814,Nate Webb,P,0.18860000371932983,0.17260000109672546,1.0,0.0,0.0,0.1484787322580816,,2020,pit,SP
sa919408,Adam Panayotovich,P,0.28679999709129333,0.1518000066280365,1.0,0.0,0.0,0.2426188692450526,CHW,2020,pit,SP
sa830240,Israel Cruz,P,1.0,0.0,1.0,0.0,0.0,1.6691640146076678,,2020,pit,RP
25078,Cam Alldred,P,1.0,0.0,1.0,0.0,0.0,1.7172041781246663,,2020,pit,RP
sa3006983,Boby Johnson,P,1.0,0.0,1.0,0.0,0.0,1.1188040532171728,,2020,pit,RP
sa3009463,Gabriel Jackson,P,0.1754000037908554,0.1754000037908554,1.0,0.0,0.0,-0.03067586645483944,,2020,pit,SP
sa3008663,Brandon Marklund,P,1.0,0.0,1.0,0.0,0.0,1.5902505479753022,KCR,2020,pit,RP
sa978399,Victor Castaneda,P,0.8853999972343445,0.024399999529123306,1.0,0.0,0.0,1.4123841084539897,,2020,pit,RP
sa918321,Kyle Simonds,P,1.0,0.0,1.0,0.0,0.0,1.4291092090308664,,2020,pit,RP
sa738330,Travis Seabrooke,P,1.0,0.0,1.0,0.0,0.0,1.5677413828670983,BAL,2020,pit,RP
sa824772,Ruben Molina,P,1.0,0.0,1.0,0.0,0.0,1.6171986699104308,,2020,pit,RP
sa3007252,Devin Conn,P,1.0,0.0,1.0,0.0,0.0,1.6639707460999493,,2020,pit,RP
sa3004231,Luke Lind,P,1.0,0.0,1.0,0.0,0.0,1.7183758966624736,,2020,pit,RP
sa3007728,Chris Gau,P,0.5597000122070312,0.09369999915361404,1.0,0.0,0.0,1.3064401037991047,,2020,pit,RP
sa738700,Andy Ravel,P,0.8878999948501587,0.023900000378489494,1.0,0.0,0.0,1.2464306406676764,,2020,pit,RP
sa210450,Oscar Hurtado,P,1.0,0.0,1.0,0.0,0.0,1.4638588376343251,,2020,pit,RP
sa454556,Edwin Quirarte,P,1.0,0.0,1.0,0.0,0.0,1.4354988321661946,,2020,pit,RP
sa3009638,Edgar Manzo,P,0.1754000037908554,0.1754000037908554,1.0,0.0,0.0,0.3031946651637556,,2020,pit,SP
sa917239,Jose Antonio Hernandez,P,0.3287999927997589,0.1428000032901764,1.0,0.0,0.0,0.48243883028626433,,2020,pit,RP
sa918296,Michael Mertz,P,1.0,0.0,1.0,0.0,0.0,1.943410570919514,,2020,pit,RP
sa876259,Jordan Desguin,P,1.0,0.0,1.0,0.0,0.0,1.5592305153608321,,2020,pit,RP
sa828241,Nelson Leon,P,1.0,0.0,1.0,0.0,0.0,1.539101275801658,,2020,pit,RP
sa3006395,Estalin Ortiz,P,0.23319999873638153,0.1632000058889389,1.0,0.0,0.0,0.3982906520366667,,2020,pit,SP
sa597318,Gilberto Mendez,P,1.0,0.0,1.0,0.0,0.0,1.5582944728434085,,2020,pit,RP
sa325916,Daniel Guerrero,P,0.5877000093460083,0.0877000018954277,1.0,0.0,0.0,0.9239093847572803,,2020,pit,RP
sa3004491,Wes Robertson,P,1.0,0.0,1.0,0.0,0.0,1.122710491716862,,2020,pit,RP
sa3005892,Cesar Loaiza,P,0.18860000371932983,0.17260000109672546,1.0,0.0,0.0,0.4438693463802337,NYM,2020,pit,SP
sa3005332,Gabriel Yanez,P,0.44339999556541443,0.11840000003576279,1.0,0.0,0.0,0.6485586524009705,,2020,pit,RP
sa919549,Grant Zawadzki,P,1.0,0.0,1.0,0.0,0.0,1.5629957154393197,,2020,pit,RP
sa918536,Joe Serrapica,P,1.0,0.0,1.0,0.0,0.0,1.5992305517196654,,2020,pit,RP
sa875995,Armando Ruiz,P,1.0,0.0,1.0,0.0,0.0,1.740885239839554,OAK,2020,pit,RP
sa829061,Marvin Gorgas,P,1.0,0.0,1.0,0.0,0.0,1.6990959376096733,SEA,2020,pit,RP
24363,Edgar Navarro,P,0.7336999773979187,0.056699998676776886,1.0,0.0,0.0,0.976798571646214,,2020,pit,RP
sa3007275,Jerry D'Andrea,P,1.0,0.0,1.0,0.0,0.0,1.4799039743840692,,2020,pit,RP
sa3005359,Brendan Nail,P,1.0,0.0,1.0,0.0,0.0,1.809729555249214,,2020,pit,RP
sa3007227,Frank Lopez,P,0.30079999566078186,0.14880000054836273,1.0,0.0,0.0,0.7211410403251648,,2020,pit,RP
sa829217,Garrett Cave,P,0.5514000058174133,0.09539999812841415,1.0,0.0,0.0,1.1229988530278208,,2020,pit,RP
sa3006837,Austin Conway,P,1.0,0.0,1.0,0.0,0.0,1.4355253107845782,,2020,pit,RP
sa737483,Argenis Rodriguez,P,0.6833999752998352,0.0674000009894371,1.0,0.0,0.0,1.1175892196595667,,2020,pit,RP
sa3003139,Jose Miguel Gonzalez,P,0.1754000037908554,0.1754000037908554,1.0,0.0,0.0,-0.0454053819179534,,2020,pit,SP
sa456134,Esmelvin Jimenez,P,1.0,0.0,1.0,0.0,0.0,1.5021303988993173,,2020,pit,RP
sa918008,Mikey York,P,0.770799994468689,0.04879999905824661,1.0,0.0,0.0,1.619694691151381,,2020,pit,RP
25071,Lane Ramsey,P,1.0,0.0,1.0,0.0,0.0,1.2134439401328567,,2020,pit,RP
sa3004802,Michele Vassalotti,P,0.1754000037908554,0.1754000037908554,1.0,0.0,0.0,-0.05477573722600937,,2020,pit,SP
sa3004672,Devin Hemmerich,P,1.0,0.0,1.0,0.0,0.0,1.7236640080809598,LAD,2020,pit,RP
sa3008027,Kevin Biondic,P,0.24060000479221344,0.1615999937057495,1.0,0.0,0.0,0.22413564175367373,,2020,pit,SP
sa509783,Ismael Castillo,P,1.0,0.0,1.0,0.0,0.0,1.4838704116642476,,2020,pit,RP
23449,Ricky Karcher,P,0.1754000037908554,0.1754000037908554,1.0,0.0,0.0,-0.28358945697546023,,2020,pit,SP
sa3006954,Trey Cumbie,P,0.9067999720573425,0.01979999989271164,1.0,0.0,0.0,1.9266145050525667,,2020,pit,RP
sa3008627,Ryan Fritze,P,0.8837000131607056,0.024700000882148743,1.0,0.0,0.0,1.498985330015421,,2020,pit,RP
sa3008158,Brendan Meyer,P,0.8747000098228455,0.02669999934732914,1.0,0.0,0.0,1.3520012386143203,,2020,pit,RP
sa3004644,Rickey Ramirez,P,1.0,0.0,1.0,0.0,0.0,1.457965292781592,,2020,pit,RP
sa509260,Juan Delgadillo,P,1.0,0.0,1.0,0.0,0.0,1.430789687484503,,2020,pit,RP
sa3008274,Joey Matulovich,P,0.5670999884605408,0.09210000187158585,1.0,0.0,0.0,0.9724507160484794,,2020,pit,RP
sa737023,Adonis De La Cruz,P/OF,1.0,0.0,1.0,0.0,0.0,1.5679346986114986,,2020,pit,RP
21189,Brooks Kriske,P,3.703700065612793,0.0,3.703700065612793,0.0,0.28189998865127563,11.614275237917905,OAK,2020,pit,RP
sa509285,Fernando Villalobos,P,1.0,0.0,1.0,0.0,0.0,1.3905295863747598,,2020,pit,RP
sa3002801,Elias Espino,P,0.8747000098228455,0.02669999934732914,1.0,0.0,0.0,1.3978493958711629,SEA,2020,pit,RP
sa3005369,Edgar Acosta,P,1.0,0.0,1.0,0.0,0.0,1.6072853527963162,,2020,pit,RP
sa876120,Winston Lavendier,P,1.0,0.0,1.0,0.0,0.0,1.5792810723185542,,2020,pit,RP
sa3008362,Steven Pérez,P,0.1754000037908554,0.1754000037908554,1.0,0.0,0.0,0.04527601450681695,CLE,2020,pit,SP
sa871316,Edgar Torres,P,0.9298999905586243,0.01489999983459711,1.0,0.0,0.0,1.4046894341707223,,2020,pit,RP
sa3002949,Juan Mejia,P,1.0,0.0,1.0,0.0,0.0,1.0439946480095386,,2020,pit,RP
sa3006763,J.T. Hintzen,P,1.0,0.0,1.0,0.0,0.0,1.674081318825483,,2020,pit,RP
sa828470,Yeison Santana,P,0.8399999737739563,0.03400000184774399,1.0,0.0,0.0,1.3032346054911614,,2020,pit,RP
sa3006390,Robert Cruz,P,0.1754000037908554,0.1754000037908554,1.0,0.0,0.0,-0.12218557670712471,,2020,pit,SP
sa917688,Christian Fernandez,P,0.19030000269412994,0.17229999601840973,1.0,0.0,0.0,0.4242505520582198,,2020,pit,SP
sa3005456,Leonardo Pestana,P,0.1754000037908554,0.1754000037908554,1.0,0.0,0.0,0.09465054571628562,,2020,pit,SP
sa876242,Alex Webb,P,1.0,0.0,1.0,0.0,0.0,1.53198102042079,,2020,pit,RP
sa917771,Carlos Ocampo,P,0.19030000269412994,0.17229999601840973,1.0,0.0,0.0,0.07463449761271512,,2020,pit,SP
sa977180,Daniel Flores,P,0.8210999965667725,0.038100000470876694,1.0,0.0,0.0,1.368661190569401,,2020,pit,RP
sa3010649,Michael Bienlien,P,1.0,0.0,1.0,0.0,0.0,1.3809850953519351,,2020,pit,RP
sa3005824,Jairo Lopez,P,0.4311000108718872,0.12110000103712082,1.0,0.0,0.0,0.758404041081667,,2020,pit,RP
sa977665,Luis Castillo,P,1.0,0.0,1.0,0.0,0.0,1.5827052831649775,,2020,pit,RP
sa914047,Carlos Zuniga,P,1.0,0.0,1.0,0.0,0.0,1.496835965663195,,2020,pit,RP
sa509287,Jose Lopez Cruz,P,1.0,0.0,1.0,0.0,0.0,1.4443189263343816,,2020,pit,RP
sa1170287,Adrian Mardueno,P,0.20430000126361847,0.16930000483989716,1.0,0.0,0.0,0.07597066685557374,,2020,pit,SP
sa3007590,Jake Higginbotham,P,1.0,0.0,1.0,0.0,0.0,1.8236891642212867,,2020,pit,RP
sa1170342,Jack Cushing,P,0.29580000042915344,0.14980000257492065,1.0,0.0,0.0,0.41061887964606303,TOR,2020,pit,SP
sa3002975,Carlos Sanchez,P,0.1754000037908554,0.1754000037908554,1.0,0.0,0.0,-0.08110951632261276,,2020,pit,SP
sa3008356,Jayson Schroeder,P,0.3197000026702881,0.14470000565052032,1.0,0.0,0.0,0.5362611263990402,,2020,pit,RP
sa294348,Felipe Arredondo,P,0.8259999752044678,0.03700000047683716,1.0,0.0,0.0,1.26707596629858,,2020,pit,RP
sa3009937,Willy Gaston,P,0.375,0.13300000131130219,1.0,0.0,0.0,0.4298998601734638,,2020,pit,RP
sa3007483,J.T. Salter,P,1.0,0.0,1.0,0.0,0.0,1.667239894717932,,2020,pit,RP
21858,Riley Pint,P,0.6248000264167786,0.07980000227689743,1.0,0.0,0.0,0.6753414303064349,SDP,2020,pit,RP
26117,Blas Castaño,P,0.24220000207424164,0.16120000183582306,1.0,0.0,0.0,0.09374130964279193,SEA,2020,pit,SP
sa593936,Jose Manuel Lopez,P/OF,1.0,0.0,1.0,0.0,0.0,1.533924145251512,,2020,pit,RP
sa3007218,Andy Toelken,P,1.0,0.0,1.0,0.0,0.0,1.6097987443208694,,2020,pit,RP
sa977264,Daniel Diaz,P,1.0,0.0,1.0,0.0,0.0,1.5456411182880405,,2020,pit,RP
sa873948,Dalton Lehnen,P,1.0,0.0,1.0,0.0,0.0,1.596205388009548,,2020,pit,RP
sa917804,Yeremin Lara,P,0.2727000117301941,0.15469999611377716,1.0,0.0,0.0,0.6656011953949927,,2020,pit,SP
sa3005461,Kelvin Moncion,P,0.3271999955177307,0.14319999516010284,1.0,0.0,0.0,0.4690293565392496,,2020,pit,RP
sa915846,Ryan Selmer,P,1.0,0.0,1.0,0.0,0.0,1.4261959448456767,,2020,pit,RP
sa918494,Rayniel Adames,P,0.23319999873638153,0.1632000058889389,1.0,0.0,0.0,0.15338101685047123,,2020,pit,SP
sa3003007,Adan Frias,P,0.25049999356269836,0.15950000286102295,1.0,0.0,0.0,0.3363442301750186,,2020,pit,SP
sa873563,Ronny Agustin,P,1.0,0.0,1.0,0.0,0.0,1.7688611090183262,PIT,2020,pit,RP
sa506933,Carlos Vazquez,P,1.0,0.0,1.0,0.0,0.0,1.5572347894310954,,2020,pit,RP
sa550369,Philip Walby,P,1.0,0.0,1.0,0.0,0.0,1.4705198906362056,,2020,pit,RP
sa3006161,Luis Ramos,P,0.19189999997615814,0.17190000414848328,1.0,0.0,0.0,-0.0296388678252697,,2020,pit,SP
sa876169,Max Cordy,P,1.0,0.0,1.0,0.0,0.0,1.3938011020421976,,2020,pit,RP
sa3006509,Andy Hernandez,P,0.1754000037908554,0.1754000037908554,1.0,0.0,0.0,-0.09194120690226537,,2020,pit,SP
sa3007482,Cam Baird,P,1.0,0.0,1.0,0.0,0.0,1.5327452562749388,,2020,pit,RP
sa977111,Chris Rocha,P,0.882099986076355,0.025100000202655792,1.0,0.0,0.0,1.2616906031966217,,2020,pit,RP
sa3006950,Yaya Chentouf,P,1.0,0.0,1.0,0.0,0.0,1.1849000774323941,,2020,pit,RP
sa3006811,Chris Muller,P,0.882099986076355,0.025100000202655792,1.0,0.0,0.0,1.8159643813967703,,2020,pit,RP
sa946165,Christian Mejias,P,0.5094000101089478,0.10440000146627426,1.0,0.0,0.0,0.8480988442897797,,2020,pit,RP
sa3006500,Kelvin Feliz,P,0.1754000037908554,0.1754000037908554,1.0,0.0,0.0,-0.029401268810033798,,2020,pit,SP
sa652485,Juan Rodriguez,P,1.0,0.0,1.0,0.0,0.0,1.4334294624626636,,2020,pit,RP
sa3006963,Erin Baldwin,P,0.6899999976158142,0.06599999964237213,1.0,0.0,0.0,0.9760652944445614,,2020,pit,RP
sa3005872,Luis Ortiz,P,0.23479999601840973,0.16279999911785126,1.0,0.0,0.0,0.3813557907938958,,2020,pit,SP
sa651343,Marco Ramirez,P,1.0,0.0,1.0,0.0,0.0,1.5756093613803395,,2020,pit,RP
sa3007961,Harold Galindo,P,0.3230000138282776,0.14399999380111694,1.0,0.0,0.0,0.5343439362943174,,2020,pit,RP
sa3007458,Liam Jenkins,P,0.218299999833107,0.1662999987602234,1.0,0.0,0.0,0.1876798629760743,,2020,pit,SP
sa3006591,Christian Sumoza,P,0.1754000037908554,0.1754000037908554,1.0,0.0,0.0,-0.13890415802598,,2020,pit,SP
sa829006,Jeremiah Muhammad,P,1.0,0.0,1.0,0.0,0.0,1.6871757201850417,LAD,2020,pit,RP
sa657780,Elvis Diaz,P,1.0,0.0,1.0,0.0,0.0,1.5026359662413595,,2020,pit,RP
23455,Hunter Stratton,P,0.7253999710083008,0.058400001376867294,1.0,0.0,0.0,1.3067706361413003,ATL,2020,pit,RP
sa924083,Rafael Carvajal,P,0.670199990272522,0.07020000368356705,1.0,0.0,0.0,1.013339015096426,,2020,pit,RP
20802,Aneurys Zabala,P,1.0,0.0,1.0,0.0,0.0,1.2555559433996684,LAA,2020,pit,RP
sa3002821,Juan Gomez,P,0.2223999947309494,0.16539999842643738,1.0,0.0,0.0,0.04233050495386159,,2020,pit,SP
sa3002779,J.B. Olson,P,1.0,0.0,1.0,0.0,0.0,1.2350588977336892,,2020,pit,RP
sa3007714,Nick Sprengel,P,1.0,0.0,1.0,0.0,0.0,1.7521000526845456,,2020,pit,RP
sa509482,Edwin Salas,P,0.8895000219345093,0.023499999195337296,1.0,0.0,0.0,1.2037695981562138,,2020,pit,RP
sa3002986,Ricardo Silva,P,0.505299985408783,0.10530000180006027,1.0,0.0,0.0,0.7092443123459815,,2020,pit,RP
sa917483,Joan Martinez,P,1.0,0.0,1.0,0.0,0.0,1.740259824693203,,2020,pit,RP
sa3007600,Donny Breek,P,0.24060000479221344,0.1615999937057495,1.0,0.0,0.0,0.0517749257385729,,2020,pit,SP
sa3007775,Justin Jarvis,P,0.2685999870300293,0.15559999644756317,1.0,0.0,0.0,0.2589400403201578,LAD,2020,pit,SP
sa3007812,Christian Vann,P,1.0,0.0,1.0,0.0,0.0,1.4863789439201356,,2020,pit,RP
sa829385,Zeke McGranahan,P,1.0,0.0,1.0,0.0,0.0,1.557425344735384,BAL,2020,pit,RP
sa872807,Jesus Tona,P,1.0,0.0,1.0,0.0,0.0,2.1018652424216278,,2020,pit,RP
sa3006817,Julio Robaina,P,0.8021000027656555,0.042100001126527786,1.0,0.0,0.0,1.3559198349714277,,2020,pit,RP
sa504429,Federico Castaneda,P,1.0,0.0,1.0,0.0,0.0,1.3190586172044276,,2020,pit,RP
sa656847,Jesus Garcia,P,1.0,0.0,1.0,0.0,0.0,1.3456213839352138,,2020,pit,RP
sa652171,Misael Verduzco,P,1.0,0.0,1.0,0.0,0.0,1.4834388881921776,,2020,pit,RP
sa918362,Mike Bunal,P,1.0,0.0,1.0,0.0,0.0,0.9869159370660787,COL,2020,pit,RP
sa873278,Chad Martin,P,1.0,0.0,1.0,0.0,0.0,1.5465054124593736,,2020,pit,RP
sa3007462,Cole Aker,P,0.5440000295639038,0.09700000286102295,1.0,0.0,0.0,1.277579917758703,,2020,pit,RP
sa3005026,Gerald Ogando,P,0.2207999974489212,0.16580000519752502,1.0,0.0,0.0,0.3354560293257238,BAL,2020,pit,SP
sa3007807,Rafi Gonell,P,0.492900013923645,0.10790000110864639,1.0,0.0,0.0,0.7609840162098407,,2020,pit,RP
sa658930,C.J. Saylor,P,1.0,0.0,1.0,0.0,0.0,1.6094705522060395,,2020,pit,RP
sa873320,Wander Cabrera,P,0.5490000247955322,0.09600000083446503,1.0,0.0,0.0,0.8917759306728841,COL,2020,pit,RP
sa3004921,Spencer Kulman,P,1.0,0.0,1.0,0.0,0.0,1.7923746608197684,,2020,pit,RP
sa925010,Bobby Eveld,P,1.0,0.0,1.0,0.0,0.0,1.459244041144848,,2020,pit,RP
sa244124,Ruben Vicente,P,1.0,0.0,1.0,0.0,0.0,1.3269759953022002,,2020,pit,RP
sa3006495,Alfred Vega,P,0.2694000005722046,0.15539999306201935,1.0,0.0,0.0,0.17451574131846437,,2020,pit,SP
sa873302,Gilberto Chu,P,0.6413000226020813,0.0763000026345253,1.0,0.0,0.0,0.9164757601916791,,2020,pit,RP
sa874790,Austin Smith,P,1.0,0.0,1.0,0.0,0.0,1.7223146155476567,,2020,pit,RP
sa875306,Juan Echevarria,P,1.0,0.0,1.0,0.0,0.0,1.444660030305386,,2020,pit,RP
sa828144,Hansel Paulino,P,1.0,0.0,1.0,0.0,0.0,1.5175199277698996,,2020,pit,RP
sa918014,Ray Castro,P,0.22990000247955322,0.1639000028371811,1.0,0.0,0.0,-0.12155487462878245,,2020,pit,SP
11681,Jose Campos,P,1.0,0.0,1.0,0.0,0.0,1.469019884616137,,2020,pit,RP
sa3005444,Juan Sanchez,P,0.2825999855995178,0.1526000052690506,1.0,0.0,0.0,0.3103160500526432,SFG,2020,pit,SP
sa827251,Orlando Romero,P,1.0,0.0,1.0,0.0,0.0,1.5776348218321803,,2020,pit,RP
sa918715,Sam Sheehan,P,1.0,0.0,1.0,0.0,0.0,1.7416653811931617,,2020,pit,RP
sa738474,Scott Burke,P,0.8853999972343445,0.024399999529123306,1.0,0.0,0.0,1.2733010940253742,BAL,2020,pit,RP
sa738730,Geoffrey Bramblett,P,0.45660001039505005,0.11559999734163284,1.0,0.0,0.0,0.5631852470338345,,2020,pit,RP
sa3010143,Jeremiah Burke,P,0.25049999356269836,0.15950000286102295,1.0,0.0,0.0,-0.1385200433433056,CHW,2020,pit,SP
sa918646,Ryan Luna,P,1.0,0.0,1.0,0.0,0.0,0.8412610568106174,COL,2020,pit,RP
sa3009861,Nic Laio,P,1.0,0.0,1.0,0.0,0.0,1.0234093286097052,,2020,pit,RP
sa917475,Johsson Arias,P,0.31310001015663147,0.1460999995470047,1.0,0.0,0.0,0.3022400252521038,,2020,pit,RP
sa3008245,Allen Montgomery,P,1.0,0.0,1.0,0.0,0.0,1.5403187640011309,,2020,pit,RP
sa3004865,Martin Anderson,P,0.5785999894142151,0.08959999680519104,1.0,0.0,0.0,0.9455390349030495,,2020,pit,RP
sa737934,Steven Farinaro,P,0.4830000102519989,0.10999999940395355,1.0,0.0,0.0,0.60258953422308,STL,2020,pit,RP
sa737357,Deivy Mendez,P,1.0,0.0,1.0,0.0,0.0,1.868464088439942,,2020,pit,RP
sa918579,Colton Davis,P,1.0,0.0,1.0,0.0,0.0,1.3962306000292295,,2020,pit,RP
sa920101,Matthew Wynne,P,1.0,0.0,1.0,0.0,0.0,1.3488387234508985,,2020,pit,RP
sa916964,Wellington Caceres,P,0.24060000479221344,0.1615999937057495,1.0,0.0,0.0,0.07379077896475827,NYY,2020,pit,SP
sa3008614,Bryan Pall,P,1.0,0.0,1.0,0.0,0.0,1.7042893111705775,,2020,pit,RP
sa3004473,John Ghyzel,P,1.0,0.0,1.0,0.0,0.0,1.2869440533220766,,2020,pit,RP
sa873156,Darwin Feliz,P,0.439300000667572,0.1193000003695488,1.0,0.0,0.0,0.4426756791770461,,2020,pit,RP
sa3007457,Trevor Horn,P,0.7526000142097473,0.05260000005364418,1.0,0.0,0.0,1.0913811400532718,,2020,pit,RP
sa977123,Sergio Alvarado,P,1.0,0.0,1.0,0.0,0.0,1.514281149208546,,2020,pit,RP
sa3004860,Jhordany Mezquita,P,0.30489999055862427,0.14790000021457672,1.0,0.0,0.0,0.4418360374867918,PHI,2020,pit,RP
sa3008173,Ben Madison,P,1.0,0.0,1.0,0.0,0.0,1.9422147378325465,,2020,pit,RP
sa656388,Yair Lozoya,P,1.0,0.0,1.0,0.0,0.0,1.3342294603586198,,2020,pit,RP
sa828416,Sandy Lugo,P,1.0,0.0,1.0,0.0,0.0,1.46010929197073,MIN,2020,pit,RP
sa3006110,Jeremy Molero,P,0.2825999855995178,0.1526000052690506,1.0,0.0,0.0,0.408758592605591,,2020,pit,SP
sa729217,Jorge Quinones,P,0.7939000129699707,0.04390000179409981,1.0,0.0,0.0,1.236885316669941,,2020,pit,RP
sa977114,Jonathan Partida,P,1.0,0.0,1.0,0.0,0.0,1.4675556853413583,,2020,pit,RP
sa3008103,Robbie Baker,P,1.0,0.0,1.0,0.0,0.0,1.4353548400104041,,2020,pit,RP
sa3004092,Max Green,P,1.0,0.0,1.0,0.0,0.0,1.2565412856638432,,2020,pit,RP
sa3005706,Daury Cabrera,P,0.2777000069618225,0.15369999408721924,1.0,0.0,0.0,0.12279446795582771,,2020,pit,SP
sa871449,Daniel Gonzalez,P,0.4970000088214874,0.10700000077486038,1.0,0.0,0.0,0.7114999458193783,,2020,pit,RP
sa3009744,Jeffry Reynoso,P,0.25049999356269836,0.15950000286102295,1.0,0.0,0.0,0.04999997392296818,,2020,pit,SP
sa3002795,Edward Cuello,P,1.0,0.0,1.0,0.0,0.0,1.5366947978734968,,2020,pit,RP
sa3006492,Santos Moreno,P,0.3815999925136566,0.1316000074148178,1.0,0.0,0.0,0.38888130411505717,,2020,pit,RP
21951,Joel Peguero,P,1.0,0.0,1.0,0.0,0.0,1.6799652792513364,SFG,2020,pit,RP
sa3005070,Brayan De Paula,P,0.539900004863739,0.09790000319480896,1.0,0.0,0.0,0.7956998087465763,,2020,pit,RP
sa3006762,Logan Stoelke,P,1.0,0.0,1.0,0.0,0.0,1.5919893637299545,PIT,2020,pit,RP
sa918273,Matt Cleveland,P,0.1754000037908554,0.1754000037908554,1.0,0.0,0.0,0.08996919468045261,ARI,2020,pit,SP
sa3002752,Michael Agis,P,1.0,0.0,1.0,0.0,0.0,1.3788800381124027,COL,2020,pit,RP
sa3003005,Emanuel Vizcaino,P,0.3346000015735626,0.14159999787807465,1.0,0.0,0.0,0.20436541810631725,TOR,2020,pit,RP
sa3006133,Robert Colina,P,0.3321000039577484,0.1421000063419342,1.0,0.0,0.0,0.6125800698995589,,2020,pit,RP
21924,Juan Morillo,P,0.6255999803543091,0.07959999889135361,1.0,0.0,0.0,1.106098514795304,ARI,2020,pit,RP
sa738927,Cameron Griffin,P,1.0,0.0,1.0,0.0,0.0,1.4239293798804287,,2020,pit,RP
sa3009231,Abismael Paulino,P,0.218299999833107,0.1662999987602234,1.0,0.0,0.0,-0.0805199898779394,,2020,pit,SP
sa918421,Dakody Clemmer,P,1.0,0.0,1.0,0.0,0.0,1.4656146951019764,,2020,pit,RP
sa857607,Ronnie Glenn,P,0.8622999787330627,0.02930000051856041,1.0,0.0,0.0,1.2137957707047464,,2020,pit,RP
sa947297,Adoni Kery,P,0.5530999898910522,0.09510000050067902,1.0,0.0,0.0,0.8480397813022136,CLE,2020,pit,RP
sa3003075,Wender Oberto,P,0.3659000098705292,0.13490000367164612,1.0,0.0,0.0,0.3929839879274373,,2020,pit,RP
sa3007242,Jake Miednik,P,1.0,0.0,1.0,0.0,0.0,1.5209000945091247,,2020,pit,RP
sa829063,Erik Manoah Jr.,P,1.0,0.0,1.0,0.0,0.0,1.5324999593198307,,2020,pit,RP
sa3004354,Dylan Stock,P,0.8672000169754028,0.028200000524520874,1.0,0.0,0.0,1.2719600774347781,,2020,pit,RP
sa3008641,Irvin Machuca,P,0.8968999981880188,0.021900000050663948,1.0,0.0,0.0,1.3951386325061321,CIN,2020,pit,RP
20379,Tyler Zuber,P,12.963000297546387,0.0,12.963000297546387,0.0,1.8274999856948853,48.97228537797928,MIA,2020,pit,RP
sa3002668,Evan Sanders,P,0.3939000070095062,0.12890000641345978,1.0,0.0,0.0,0.5442986592650412,,2020,pit,RP
sa917415,Oliver Garcia,P,1.0,0.0,1.0,0.0,0.0,1.494561335444451,,2020,pit,RP
sa919027,Joel Inoa,P,1.0,0.0,1.0,0.0,0.0,1.531125123798848,,2020,pit,RP
sa3007716,Maddux Conger,P,0.5927000045776367,0.08669999986886978,1.0,0.0,0.0,0.86064123287797,,2020,pit,RP
sa737443,Gerardo Navarro,P,1.0,0.0,1.0,0.0,0.0,1.37433559820056,PIT,2020,pit,RP
sa393318,Francisco Gil,P,1.0,0.0,1.0,0.0,0.0,1.246034764498472,,2020,pit,RP
sa917047,Omar Conoropo,P,0.5580000281333923,0.09399999678134918,1.0,0.0,0.0,0.4926052004098893,CIN,2020,pit,RP
sa509713,Ozzie Mendez,P,1.0,0.0,1.0,0.0,0.0,1.3146453931927686,,2020,pit,RP
sa3005431,Jean Carlos Lucas,P,0.44999998807907104,0.11699999868869781,1.0,0.0,0.0,0.3901841528713703,,2020,pit,RP
sa3007258,Kellen Rholl,P,1.0,0.0,1.0,0.0,0.0,1.6291198670864104,,2020,pit,RP
sa3004873,Livan Sanchez,P,0.44999998807907104,0.11699999868869781,1.0,0.0,0.0,0.6826359830796718,,2020,pit,RP
sa829019,Scott Williams,P,1.0,0.0,1.0,0.0,0.0,1.4543213352561004,,2020,pit,RP
sa874233,Vance Tatum,P,1.0,0.0,1.0,0.0,0.0,1.4613414846360686,,2020,pit,RP
sa918489,Aaron Quillen,P,1.0,0.0,1.0,0.0,0.0,1.3133788406848907,,2020,pit,RP
sa3008668,Kyle Marman,P,1.0,0.0,1.0,0.0,0.0,1.554060030728579,,2020,pit,RP
sa3003096,Rafael Monsion,P,0.31310001015663147,0.1460999995470047,1.0,0.0,0.0,0.1366587780416011,,2020,pit,RP
sa542044,Rodolfo Aguilar,P,1.0,0.0,1.0,0.0,0.0,1.3248253598809248,,2020,pit,RP
sa3005882,Elian Pena,P,0.2784999907016754,0.1535000056028366,1.0,0.0,0.0,0.046470696479082196,,2020,pit,SP
sa3005834,Yordin Mateo,P,0.25049999356269836,0.15950000286102295,1.0,0.0,0.0,-0.10486510843038577,,2020,pit,SP
sa872871,Xavier Javier,P,0.274399995803833,0.15440000593662262,1.0,0.0,0.0,-0.0069547839462758,,2020,pit,SP
sa3005032,Tanner Allison,P,0.9595999717712402,0.00860000029206276,1.0,0.0,0.0,1.3734559625387188,,2020,pit,RP
sa3006411,Carlos Mola,P,0.34360000491142273,0.1395999938249588,1.0,0.0,0.0,0.043790675699710846,,2020,pit,RP
sa3005430,Damian Mendoza,P,0.5877000093460083,0.0877000018954277,1.0,0.0,0.0,0.25149586722254735,,2020,pit,RP
sa828540,Jhon Peluffo,P,1.0,0.0,1.0,0.0,0.0,1.3526054397225376,,2020,pit,RP
sa916839,Jorge Labrador,P,1.0,0.0,1.0,0.0,0.0,1.8023399762809285,,2020,pit,RP
sa3007620,Michael Costanzo,P,0.8300999999046326,0.03610000014305115,1.0,0.0,0.0,1.4817241825163365,,2020,pit,RP
sa3001065,Alexis Portillo,P,0.6561999917030334,0.07320000231266022,1.0,0.0,0.0,0.8685558669269087,,2020,pit,RP
sa917563,Jose Valenzuela,P,0.44999998807907104,0.11699999868869781,1.0,0.0,0.0,0.24088102206587791,CIN,2020,pit,RP
sa856184,Gabe Friese,P,1.0,0.0,1.0,0.0,0.0,1.2772652588784696,,2020,pit,RP
sa3004830,Josh Reagan,P,1.0,0.0,1.0,0.0,0.0,1.4801040567457675,,2020,pit,RP
sa3004668,Josh Keaton,P,1.0,0.0,1.0,0.0,0.0,0.6908894591033459,,2020,pit,RP
sa3005194,Mark Washington,P,1.0,0.0,1.0,0.0,0.0,1.5633959323167796,,2020,pit,RP
sa917882,Oddanier Mosqueda,P,1.0,0.0,1.0,0.0,0.0,1.587241216003895,PIT,2020,pit,RP
19814,David McKay,P,16.66670036315918,0.0,16.66670036315918,0.0,3.218100070953369,70.33043060302735,,2020,pit,RP
sa827956,Luis Rosario,P,0.7419000267982483,0.05490000173449516,1.0,0.0,0.0,0.9498199716210367,,2020,pit,RP
sa872728,Nick Highberger,P,1.0,0.0,1.0,0.0,0.0,1.376801254600287,,2020,pit,RP
sa919333,Ty Barkell,P,1.0,0.0,1.0,0.0,0.0,1.3840210519731047,,2020,pit,RP
sa3006352,Delvis Alegre,P,0.29170000553131104,0.15070000290870667,1.0,0.0,0.0,0.46305466443300247,,2020,pit,SP
sa504961,Jovany Lopez,P,1.0,0.0,1.0,0.0,0.0,1.4170185901224621,,2020,pit,RP
sa3004224,Slater Lee,P,1.0,0.0,1.0,0.0,0.0,1.423480122536421,,2020,pit,RP
2882,Luis Avilán,P,10.370400428771973,0.0,10.370400428771973,0.0,0.28189998865127563,32.88321704864502,,2020,pit,RP
sa3007709,Brian Rapp,P,0.7253999710083008,0.058400001376867294,1.0,0.0,0.0,0.8134785905480384,,2020,pit,RP
sa873677,John Kilichowski,P,0.7839999794960022,0.04600000008940697,1.0,0.0,0.0,1.207418644428253,,2020,pit,RP
20667,Cristofer Ogando,P,1.0,0.0,1.0,0.0,0.0,1.7802252098917966,,2020,pit,RP
24995,Evan Sisk,P,1.0,0.0,1.0,0.0,0.0,1.6244239382445818,PIT,2020,pit,RP
25589,Sammy Peralta,P,0.6033999919891357,0.0843999981880188,1.0,0.0,0.0,0.70189041942358,MIL,2020,pit,RP
sa918298,Bryan Saucedo,P,0.1754000037908554,0.1754000037908554,1.0,0.0,0.0,-0.5453387781977654,,2020,pit,SP
sa916715,Albinson Volquez,P,1.0,0.0,1.0,0.0,0.0,1.5673242211341862,ATL,2020,pit,RP
sa3004962,Benjamin Rodriguez,P,0.20679999887943268,0.1687999963760376,1.0,0.0,0.0,-0.11494126617908451,,2020,pit,SP
sa3005126,Jeison Pena,P,0.2825999855995178,0.1526000052690506,1.0,0.0,0.0,0.04877466186881074,,2020,pit,SP
sa916728,Henry Medina,P,0.3346000015735626,0.14159999787807465,1.0,0.0,0.0,0.09759983271360406,,2020,pit,RP
sa829599,Hunter Williams,P,1.0,0.0,1.0,0.0,0.0,1.4674811899662026,COL,2020,pit,RP
sa874819,David Gutierrez,P,1.0,0.0,1.0,0.0,0.0,1.2577105298638345,,2020,pit,RP
sa3006111,Andrew Budier,P,0.45739999413490295,0.11540000140666962,1.0,0.0,0.0,0.7123505733907227,,2020,pit,RP
sa3002937,Andres German,P,0.3684000074863434,0.13439999520778656,1.0,0.0,0.0,0.2461012519896033,NYM,2020,pit,RP
sa879199,Brian Pirela,P,0.19030000269412994,0.17229999601840973,1.0,0.0,0.0,-0.23449606373906118,,2020,pit,SP
sa740812,Luis Ledo,P,1.0,0.0,1.0,0.0,0.0,1.2522589996457105,,2020,pit,RP
sa597029,Eduardo Rivera,P,1.0,0.0,1.0,0.0,0.0,1.5930814668536186,,2020,pit,RP
sa3007863,Gustavo Andujar,P,0.1754000037908554,0.1754000037908554,1.0,0.0,0.0,0.06166925206780416,,2020,pit,SP
sa3006369,Karlo Seijas,P,0.593500018119812,0.08649999648332596,1.0,0.0,0.0,0.7079610414803028,,2020,pit,RP
sa3005470,Junior Santos,P,0.1754000037908554,0.1754000037908554,1.0,0.0,0.0,0.02729884237051028,,2020,pit,SP
sa875585,Jake Shull,P,1.0,0.0,1.0,0.0,0.0,1.119558833539486,,2020,pit,RP
sa3007966,Blake Whitney,P,1.0,0.0,1.0,0.0,0.0,1.4115948244929313,,2020,pit,RP
sa599058,Adonys Cardona,P,1.0,0.0,1.0,0.0,0.0,1.3933348007500173,,2020,pit,RP
sa3006413,Leony Rosario,P,0.19359999895095825,0.17159999907016754,1.0,0.0,0.0,-0.20752419382333764,,2020,pit,SP
sa917335,Jasiel Alvino,P,0.8079000115394592,0.04089999943971634,1.0,0.0,0.0,1.2508199371397493,,2020,pit,RP
sa828384,Franyel Casadilla,P,0.4408999979496002,0.11890000104904175,1.0,0.0,0.0,0.7456440404057503,,2020,pit,RP
sa918485,Alfredo Tavarez,P,0.33379998803138733,0.14180000126361847,1.0,0.0,0.0,0.33709068894386274,LAD,2020,pit,RP
16300,Jesus Tinoco,P,2.9630000591278076,0.0,2.9630000591278076,0.0,0.24570000171661377,7.933100572228431,MIA,2020,pit,RP
22543,Taj Bradley,P,0.19030000269412994,0.17229999601840973,1.0,0.0,0.0,0.1962945133447649,MIN,2020,pit,SP
sa736965,Julio Pinto,P,1.0,0.0,1.0,0.0,0.0,1.216210623085499,,2020,pit,RP
sa856277,Levi MaVorhis,P,0.8210999965667725,0.038100000470876694,1.0,0.0,0.0,1.0258759461343288,,2020,pit,RP
sa3002823,Hayden Roberts,P,1.0,0.0,1.0,0.0,0.0,1.3447601608932023,,2020,pit,RP
sa744295,Isaac Jimenez,P,1.0,0.0,1.0,0.0,0.0,1.3132347635924813,,2020,pit,RP
sa737688,Carlos Salazar,P,1.0,0.0,1.0,0.0,0.0,1.5192990161478517,,2020,pit,RP
sa3001058,Marco Antonio Rivas,P,1.0,0.0,1.0,0.0,0.0,1.3070413783192634,,2020,pit,RP
sa3004462,Jorge Benitez,P,0.5414999723434448,0.09749999642372131,1.0,0.0,0.0,0.861849457025528,,2020,pit,RP
sa3002925,Franklin Dacosta,P,0.31310001015663147,0.1460999995470047,1.0,0.0,0.0,0.6032000564038755,,2020,pit,RP
sa856181,Max Knutson,P,1.0,0.0,1.0,0.0,0.0,0.7494810439646247,,2020,pit,RP
sa877507,Bladimir Matos,P,1.0,0.0,1.0,0.0,0.0,1.4362811759114265,,2020,pit,RP
sa3002587,Andrew Gutierrez,P,1.0,0.0,1.0,0.0,0.0,1.3057588115334506,,2020,pit,RP
sa3008021,Chandler Day,P,1.0,0.0,1.0,0.0,0.0,1.2033693410456188,WSN,2020,pit,RP
sa736701,Luis Jimenez,P,1.0,0.0,1.0,0.0,0.0,1.3937295228242874,CLE,2020,pit,RP
sa3005696,Raúl Alcantara,P,0.30239999294281006,0.14839999377727509,1.0,0.0,0.0,0.27195580527186447,,2020,pit,RP
sa602567,Chase Williams,P,1.0,0.0,1.0,0.0,0.0,1.3794295877218246,,2020,pit,RP
sa659041,Benny Suarez,P,1.0,0.0,1.0,0.0,0.0,1.1364145830273622,,2020,pit,RP
sa977185,Roby Romero,P,1.0,0.0,1.0,0.0,0.0,1.2635642148554331,,2020,pit,RP
sa3008628,Jorge Perez,P,1.0,0.0,1.0,0.0,0.0,1.2150039613246912,,2020,pit,RP
sa921734,Maikel Aguiar,P,1.0,0.0,1.0,0.0,0.0,1.4239611975848683,CHC,2020,pit,RP
sa658209,Jorge Cespedes,P,0.49779999256134033,0.10679999738931656,1.0,0.0,0.0,0.485284072160721,,2020,pit,RP
sa824742,Sasagi Sanchez,P,1.0,0.0,1.0,0.0,0.0,1.265430675446987,,2020,pit,RP
sa504950,Roberto Espinosa,P,1.0,0.0,1.0,0.0,0.0,1.3619642056524754,,2020,pit,RP
sa875330,Justin Marsden,P,0.8655999898910522,0.028599999845027924,1.0,0.0,0.0,1.5160506933927533,,2020,pit,RP
sa917665,Pedro Zorrilla,P,0.5737000107765198,0.09070000052452087,1.0,0.0,0.0,0.6608544640243053,,2020,pit,RP
sa915647,Joe Mockbee,P,1.0,0.0,1.0,0.0,0.0,1.3478409901261337,,2020,pit,RP
sa3002606,Jesus Toledo,P,0.5414999723434448,0.09749999642372131,1.0,0.0,0.0,0.5420389324426651,,2020,pit,RP
sa3004601,David Smith,P,1.0,0.0,1.0,0.0,0.0,1.2114599704742428,,2020,pit,RP
sa3004459,Austin Gardner,P,0.7253999710083008,0.058400001376867294,1.0,0.0,0.0,0.6903440929949287,,2020,pit,RP
sa3006409,Jesus Gomez,P,0.1754000037908554,0.1754000037908554,1.0,0.0,0.0,-0.27349885776638994,,2020,pit,SP
sa3007907,Francisco Justo,P,0.25049999356269836,0.15950000286102295,1.0,0.0,0.0,0.26831065192818615,,2020,pit,SP
sa919826,Edgar Martinez,P,0.41130000352859497,0.12530000507831573,1.0,0.0,0.0,0.21923992335796383,ARI,2020,pit,RP
sa873548,Miguel Lara,P,0.6561999917030334,0.07320000231266022,1.0,0.0,0.0,1.2178799919784074,TBR,2020,pit,RP
sa592949,Linder Castro,P,1.0,0.0,1.0,0.0,0.0,1.4404493905603886,,2020,pit,RP
sa3002678,Luis Pacheco,P,0.29339998960494995,0.15039999783039093,1.0,0.0,0.0,0.13158149346709225,,2020,pit,SP
sa657897,Yelmison Peralta,P,1.0,0.0,1.0,0.0,0.0,1.4099441789090634,,2020,pit,RP
sa918612,Mike Morrison,P,1.0,0.0,1.0,0.0,0.0,1.422075974941253,,2020,pit,RP
sa875857,Reimin Ramos,P,1.0,0.0,1.0,0.0,0.0,1.2964294880628593,,2020,pit,RP
sa3002926,Marco Jimenez,P,0.23649999499320984,0.16249999403953552,1.0,0.0,0.0,-0.26846534609794626,DET,2020,pit,SP
sa544302,Hugo Gutierrez,P,1.0,0.0,1.0,0.0,0.0,1.2331799626350404,,2020,pit,RP
sa3005841,Luilly Ovalle,P,0.35600000619888306,0.13699999451637268,1.0,0.0,0.0,0.25777601301670083,,2020,pit,RP
sa3003068,Maiker Manuel,P,0.3312999904155731,0.14229999482631683,1.0,0.0,0.0,0.201919997483492,,2020,pit,RP
sa3004866,Eudi Asencio,P,0.4846000075340271,0.1096000000834465,1.0,0.0,0.0,0.7312146641314032,,2020,pit,RP
sa738484,A.J. Bogucki,P,1.0,0.0,1.0,0.0,0.0,1.406378830969333,,2020,pit,RP
sa3008488,Nick Starr,P,1.0,0.0,1.0,0.0,0.0,0.94327866435051,DET,2020,pit,RP
sa3006992,Eric Hepple,P,1.0,0.0,1.0,0.0,0.0,1.2684560351073744,COL,2020,pit,RP
sa918521,Tyler Hallead,P,1.0,0.0,1.0,0.0,0.0,1.3806613393127916,,2020,pit,RP
sa914411,Alberto Leyva,P,1.0,0.0,1.0,0.0,0.0,1.2847759589552874,,2020,pit,RP
sa829674,Jonathan Teaney,P,1.0,0.0,1.0,0.0,0.0,1.506034775823355,CLE,2020,pit,RP
sa829379,Jaimito Lebron,P,0.8945000171661377,0.02250000089406967,1.0,0.0,0.0,1.298778957873583,,2020,pit,RP
sa3003164,Matthew Peguero,P,0.1754000037908554,0.1754000037908554,1.0,0.0,0.0,0.028098632395267664,,2020,pit,SP
sa595954,Axel Rios,P,1.0,0.0,1.0,0.0,0.0,1.2657104931771754,,2020,pit,RP
sa3006377,David Marcano,P,0.1754000037908554,0.1754000037908554,1.0,0.0,0.0,0.003389619290829149,,2020,pit,SP
sa876066,Colton Cross,P,1.0,0.0,1.0,0.0,0.0,1.3015787251293656,,2020,pit,RP
sa3005890,Joshua Cornielly,P,0.3808000087738037,0.13179999589920044,1.0,0.0,0.0,0.5635094076395037,NYM,2020,pit,RP
19481,Tyler Ferguson,P,1.0,0.0,1.0,0.0,0.0,1.3548905238509183,OAK,2020,pit,RP
sa504009,Julian Arballo,P,0.8828999996185303,0.024900000542402267,1.0,0.0,0.0,1.0926546730101103,,2020,pit,RP
sa3004337,Alex Mauricio,P,1.0,0.0,1.0,0.0,0.0,1.0338146671652795,NYY,2020,pit,RP
sa3006767,Ethan Larrison,P,1.0,0.0,1.0,0.0,0.0,1.320054610818624,,2020,pit,RP
sa3006976,Wilmer Fenelon,P,0.218299999833107,0.1662999987602234,1.0,0.0,0.0,-0.10950133651494998,,2020,pit,SP
sa3008071,Zach Wolf,P,1.0,0.0,1.0,0.0,0.0,1.6898612700402733,,2020,pit,RP
sa917404,Cristian Castro,P,0.29989999532699585,0.14890000224113464,1.0,0.0,0.0,-0.0056587897241118235,MIN,2020,pit,RP
sa918741,Matt De La Rosa,P,1.0,0.0,1.0,0.0,0.0,0.6636187575757506,,2020,pit,RP
sa3005425,Christian Prado,P,1.0,0.0,1.0,0.0,0.0,1.2618161015212537,,2020,pit,RP
sa977184,Gabe Aguilar,P,1.0,0.0,1.0,0.0,0.0,1.2619011826813225,,2020,pit,RP
sa829868,Erbert Gonzalez,P,1.0,0.0,1.0,0.0,0.0,1.6619413197040562,,2020,pit,RP
sa3006512,Jhoan Cruz,P,0.31310001015663147,0.1460999995470047,1.0,0.0,0.0,0.04529466256499326,MIL,2020,pit,RP
sa3006384,Adolfo Bauza,P,0.1754000037908554,0.1754000037908554,1.0,0.0,0.0,-0.2957841627299782,,2020,pit,SP
sa737459,Salvador Justo,P,1.0,0.0,1.0,0.0,0.0,0.8345852114260199,,2020,pit,RP
sa879105,Noel De Jesus,P,1.0,0.0,1.0,0.0,0.0,1.4685705706477163,,2020,pit,RP
sa3006072,Dionicio Jimenez,P,0.19359999895095825,0.17159999907016754,1.0,0.0,0.0,-0.4361145570874214,,2020,pit,SP
sa3004221,Kevin Hamann,P,1.0,0.0,1.0,0.0,0.0,1.266565097868443,STL,2020,pit,RP
sa3006066,Miguel Suero,P,1.0,0.0,1.0,0.0,0.0,1.3120810948312283,,2020,pit,RP
sa3004670,Bryar Johnson,P,0.3312999904155731,0.14229999482631683,1.0,0.0,0.0,0.1555389590561389,KCR,2020,pit,RP
sa509041,Rene Coss,P,1.0,0.0,1.0,0.0,0.0,1.2320157453417782,,2020,pit,RP
sa921448,Wilfred Salaman,P,0.6033999919891357,0.0843999981880188,1.0,0.0,0.0,0.7288852870464324,,2020,pit,RP
sa509483,Jose Meraz,P,1.0,0.0,1.0,0.0,0.0,1.2638986848294738,,2020,pit,RP
sa509467,Adrian Ramirez,P,1.0,0.0,1.0,0.0,0.0,1.305895788967609,,2020,pit,RP
sa508091,Alfonso Sanchez,P,0.7972000241279602,0.04320000112056732,1.0,0.0,0.0,0.8668494410812855,,2020,pit,RP
21238,Allan Winans,P,1.0,0.0,1.0,0.0,0.0,1.50708017423749,,2020,pit,RP
sa3004365,Justin Watts,P,1.0,0.0,1.0,0.0,0.0,1.3377452492713933,,2020,pit,RP
sa3005711,Anderson Mercedes,P,0.39149999618530273,0.12950000166893005,1.0,0.0,0.0,0.31489589512348193,,2020,pit,RP
sa828591,Luis Mora,P,1.0,0.0,1.0,0.0,0.0,1.640849466621876,,2020,pit,RP
sa3008636,Edgar Martinez,P,0.7336999773979187,0.056699998676776886,1.0,0.0,0.0,0.8517641037702561,,2020,pit,RP
sa3008390,Dario Peralta,P,0.2784999907016754,0.1535000056028366,1.0,0.0,0.0,-0.08397046476602554,,2020,pit,SP
sa914049,Juan Macias,P,0.39719998836517334,0.1281999945640564,1.0,0.0,0.0,0.2673988223075865,,2020,pit,RP
sa918319,Ruben Garcia,P,1.0,0.0,1.0,0.0,0.0,1.1692894726991647,,2020,pit,RP
sa3006984,Mike LoPresti,P,1.0,0.0,1.0,0.0,0.0,1.0962347328662871,,2020,pit,RP
sa915599,Conner O'Neil,P,1.0,0.0,1.0,0.0,0.0,1.5088010489940649,,2020,pit,RP
sa828600,Juan Nunez,P,1.0,0.0,1.0,0.0,0.0,1.1762039721012116,,2020,pit,RP
sa509795,Vanny Valenzuela,P,1.0,0.0,1.0,0.0,0.0,1.1868505656719202,,2020,pit,RP
sa3002598,Casey Brown,P,1.0,0.0,1.0,0.0,0.0,1.1334159694612023,PHI,2020,pit,RP
24203,Luis Peralta,P,0.34860000014305115,0.13860000669956207,1.0,0.0,0.0,0.2577147118747236,COL,2020,pit,RP
sa3006696,Trey Turner,P,1.0,0.0,1.0,0.0,0.0,1.3751292869448664,,2020,pit,RP
sa829509,Mike Burke,P,1.0,0.0,1.0,0.0,0.0,1.220675839483738,BAL,2020,pit,RP
sa918821,John Timmins,P,1.0,0.0,1.0,0.0,0.0,1.6424093827605248,,2020,pit,RP
sa870202,Tony Guerra,P,1.0,0.0,1.0,0.0,0.0,1.2449587903916841,,2020,pit,RP
sa3007910,Connor Coward,P,1.0,0.0,1.0,0.0,0.0,1.2716040685772891,,2020,pit,RP
sa917357,Miguel De Los Santos,P,0.35679998993873596,0.13680000603199005,1.0,0.0,0.0,0.14170439317822447,,2020,pit,RP
sa830637,Marcos Lantigua,P,1.0,0.0,1.0,0.0,0.0,1.1609506964683538,BOS,2020,pit,RP
sa915723,Jeremy McKinney,P,1.0,0.0,1.0,0.0,0.0,1.3080547660589223,,2020,pit,RP
sa3007603,Abel Moya,P,0.3815999925136566,0.1316000074148178,1.0,0.0,0.0,0.35966531708836547,,2020,pit,RP
sa875295,Taylor Henry,P,1.0,0.0,1.0,0.0,0.0,1.1223212480545048,,2020,pit,RP
sa876263,Ryan Colegate,P,1.0,0.0,1.0,0.0,0.0,1.0971054211258888,,2020,pit,RP
sa3004796,Jamal Wade,P,1.0,0.0,1.0,0.0,0.0,1.3129639640450481,SEA,2020,pit,RP
sa738995,Chris Viall,P,1.0,0.0,1.0,0.0,0.0,1.684245102852583,,2020,pit,RP
sa3005340,Nathan Witt,P,0.8169000148773193,0.03889999911189079,1.0,0.0,0.0,1.3087105438113213,,2020,pit,RP
sa881864,Fredy Medina,P,0.34860000014305115,0.13860000669956207,1.0,0.0,0.0,0.2347106888890269,,2020,pit,RP
sa918454,Tyler Fallwell,P,1.0,0.0,1.0,0.0,0.0,1.2340210862457757,PHI,2020,pit,RP
sa3006494,Franny Cobos,P,0.5993000268936157,0.08529999852180481,1.0,0.0,0.0,0.6516759626567361,,2020,pit,RP
sa875691,Max Almonte,P,1.0,0.0,1.0,0.0,0.0,1.458205179870129,STL,2020,pit,RP
sa919202,Frandy Torres,P,1.0,0.0,1.0,0.0,0.0,1.1078904345631595,,2020,pit,RP
sa3002688,Wilberson Liendo,P,0.31310001015663147,0.1460999995470047,1.0,0.0,0.0,0.13394939005374917,PHI,2020,pit,RP
sa829111,Yosshel Hurtado,P,1.0,0.0,1.0,0.0,0.0,1.191390524804592,,2020,pit,RP
sa3004474,Bryce Howe,P,1.0,0.0,1.0,0.0,0.0,1.2132908299565321,,2020,pit,RP
sa3006504,Jherson Pereira,P,0.4970000088214874,0.10700000077486038,1.0,0.0,0.0,0.43211063221097,,2020,pit,RP
sa827961,Carlos Hernandez,P,1.0,0.0,1.0,0.0,0.0,1.530395857989788,,2020,pit,RP
sa3007608,Denny Roman,P,1.0,0.0,1.0,0.0,0.0,1.3660613574087623,,2020,pit,RP
sa3007627,Ronaldo Alesandro,P,0.5152000188827515,0.10320000350475311,1.0,0.0,0.0,0.8046749733388427,,2020,pit,RP
sa3006981,Kyle Hinton,P,1.0,0.0,1.0,0.0,0.0,1.314034841954708,,2020,pit,RP
sa3004596,Jared Finkel,P,1.0,0.0,1.0,0.0,0.0,1.1219189174473287,,2020,pit,RP
sa918385,Dillon Drabble,P,1.0,0.0,1.0,0.0,0.0,1.15666124150157,KCR,2020,pit,RP
sa3005207,Alex Valverde,P,1.0,0.0,1.0,0.0,0.0,1.5143013283610345,,2020,pit,RP
sa657746,Jose Morel,P,0.824400007724762,0.03739999979734421,1.0,0.0,0.0,1.351270462572574,SFG,2020,pit,RP
sa549571,Angel Landazuri,P,0.7657999992370605,0.049800001084804535,1.0,0.0,0.0,0.7369292654097079,,2020,pit,RP
sa918122,Dylan Prohoroff,P,1.0,0.0,1.0,0.0,0.0,1.192538886517287,,2020,pit,RP
sa918354,Trent Johnson,P,1.0,0.0,1.0,0.0,0.0,1.0856454089283938,,2020,pit,RP
sa880807,Fernando Irazoqui,P,1.0,0.0,1.0,0.0,0.0,1.1045811377465728,,2020,pit,RP
sa3003006,Brayan Herrera,P,1.0,0.0,1.0,0.0,0.0,0.8496189162135126,CHW,2020,pit,RP
sa945004,Wanderson Linares,P,0.22660000622272491,0.16459999978542328,1.0,0.0,0.0,0.16500532627105713,TBR,2020,pit,SP
sa928287,Raul Brito,P,1.0,0.0,1.0,0.0,0.0,1.529910492897034,MIN,2020,pit,RP
sa918219,Tyler Benninghoff,P,0.23319999873638153,0.1632000058889389,1.0,0.0,0.0,-0.3340160168707369,MIN,2020,pit,SP
sa977262,Luis De Luna,P,1.0,0.0,1.0,0.0,0.0,1.186224157363176,,2020,pit,RP
sa735885,Oswaldo Castillo,P,1.0,0.0,1.0,0.0,0.0,1.2295547477900985,,2020,pit,RP
sa3005382,Jose Frutos,P,1.0,0.0,1.0,0.0,0.0,1.172974663972854,,2020,pit,RP
sa3002806,Wilmy De Jesus,P,0.24060000479221344,0.1615999937057495,1.0,0.0,0.0,-0.2508694559335707,MIL,2020,pit,SP
sa3006137,Luis Baez,P,0.2603999972343445,0.1573999971151352,1.0,0.0,0.0,0.007335758954286398,SEA,2020,pit,SP
sa917190,Wilfry Cruz,P,0.49619999527931213,0.10719999670982361,1.0,0.0,0.0,0.49657888561487207,,2020,pit,RP
sa918349,Phil Morse,P,1.0,0.0,1.0,0.0,0.0,1.18418423384428,,2020,pit,RP
24862,Ryan Fernandez,P,0.8037999868392944,0.04179999977350235,1.0,0.0,0.0,0.9377561084926129,STL,2020,pit,RP
sa3002602,Carlos Morales,P,1.0,0.0,1.0,0.0,0.0,1.1345989510416978,,2020,pit,RP
sa3004105,Tyler Day,P,1.0,0.0,1.0,0.0,0.0,1.2036296486854554,,2020,pit,RP
sa3004924,Jake Steffens,P,1.0,0.0,1.0,0.0,0.0,1.1239945903420443,,2020,pit,RP
sa3005826,Jorge Juan,P,0.3312999904155731,0.14229999482631683,1.0,0.0,0.0,0.24363600015640285,BOS,2020,pit,RP
sa917979,Yeffersson Yannuzzi,P,0.4846000075340271,0.1096000000834465,1.0,0.0,0.0,0.6062201090157036,,2020,pit,RP
sa3003070,Alejandro Chavez,P,0.2603999972343445,0.1573999971151352,1.0,0.0,0.0,-0.1351695388555525,,2020,pit,SP
23617,Josh Walker,P,0.6430000066757202,0.07599999755620956,1.0,0.0,0.0,0.9935306318104269,BAL,2020,pit,RP
7059,James Shields,P,1.7999999523162842,1.7999999523162842,10.471799850463867,0.0,0.0,19.22849959731102,,2020,pit,SP
sa3003079,Ramon Guzman,P,0.34360000491142273,0.1395999938249588,1.0,0.0,0.0,0.06613606289029139,NYM,2020,pit,RP
sa3006170,Rigoberto Borbolla,P,0.39559999108314514,0.12860000133514404,1.0,0.0,0.0,0.5386201165616513,,2020,pit,RP
sa3006372,Edwin Rojas,P,0.2223999947309494,0.16539999842643738,1.0,0.0,0.0,-0.2874095305800437,,2020,pit,SP
sa877674,Kelvin Rodriguez,P,1.0,0.0,1.0,0.0,0.0,1.2595800466835496,,2020,pit,RP
sa915604,James Ziemba,P,1.0,0.0,1.0,0.0,0.0,1.1294091001152995,,2020,pit,RP
sa3002934,Leonardo Taveras,P,1.0,0.0,1.0,0.0,0.0,1.6104705609381198,,2020,pit,RP
sa3008645,Tyler Gillies,P,1.0,0.0,1.0,0.0,0.0,1.2375210702419288,,2020,pit,RP
sa658198,Taylor Hawkins,P/C,0.6825000047683716,0.06750000268220901,1.0,0.0,0.0,0.7046612702310089,,2020,pit,RP
sa3005116,Marlin Willis,P,0.35109999775886536,0.13809999823570251,1.0,0.0,0.0,0.14536524713039434,,2020,pit,RP
23488,Ron Marinaccio,P,1.0,0.0,1.0,0.0,0.0,1.0156010858714581,SDP,2020,pit,RP
sa918461,Pearson McMahan,P,1.0,0.0,1.0,0.0,0.0,1.0841293595731263,,2020,pit,RP
sa291749,Matt Nevarez,P,1.0,0.0,1.0,0.0,0.0,1.1710989959537983,,2020,pit,RP
sa3006838,Ted Cillis,P,1.0,0.0,1.0,0.0,0.0,1.113974574953318,KCR,2020,pit,RP
sa504948,Norman Elenes,P,1.0,0.0,1.0,0.0,0.0,1.0407801374793046,,2020,pit,RP
sa917136,Wilfredo Pereira,P,0.8597999811172485,0.02979999966919422,1.0,0.0,0.0,1.238115900754929,STL,2020,pit,RP
sa3006979,Alex DuBord,P,0.44510000944137573,0.11810000240802765,1.0,0.0,0.0,0.2789440274238584,,2020,pit,RP
sa857574,Will Stillman,P,1.0,0.0,1.0,0.0,0.0,1.226801137626171,,2020,pit,RP
sa3008175,Normand Mendoza,P,1.0,0.0,1.0,0.0,0.0,1.1963947281241416,,2020,pit,RP
sa873332,Manuel Dominguez,P,0.6248000264167786,0.07980000227689743,1.0,0.0,0.0,0.5153093814849856,,2020,pit,RP
sa3004826,Brian Glowicki,P,1.0,0.0,1.0,0.0,0.0,1.1677587196230896,,2020,pit,RP
sa886971,Juan Florentino,P,1.0,0.0,1.0,0.0,0.0,1.1810094825923447,,2020,pit,RP
sa917886,Yunior Perez,P,0.505299985408783,0.10530000180006027,1.0,0.0,0.0,0.5061798393726349,,2020,pit,RP
sa3008164,Miguel Vinicio,P,0.2727000117301941,0.15469999611377716,1.0,0.0,0.0,-0.03376516476273528,,2020,pit,SP
sa917337,Luis Pasen,P,1.0,0.0,1.0,0.0,0.0,1.2086986012756826,LAD,2020,pit,RP
sa875566,Wesley Rodriguez,P,1.0,0.0,1.0,0.0,0.0,1.4832453042268754,ARI,2020,pit,RP
25215,Yaramil Hiraldo,P,1.0,0.0,1.0,0.0,0.0,1.452970550209284,BAL,2020,pit,RP
25139,Tim Herrin,P,1.0,0.0,1.0,0.0,0.0,1.209614589810371,CLE,2020,pit,RP
sa918739,Johnny Morell,P,0.23649999499320984,0.16249999403953552,1.0,0.0,0.0,-0.23093067854642868,LAA,2020,pit,SP
sa3007484,Will Gardner,P,1.0,0.0,1.0,0.0,0.0,1.3516812071204183,,2020,pit,RP
sa3005812,Yeury Tatiz,P,0.34940001368522644,0.13840000331401825,1.0,0.0,0.0,0.24875574931502342,SEA,2020,pit,RP
sa3003011,Daniel Santana,P,0.29170000553131104,0.15070000290870667,1.0,0.0,0.0,-0.15354105457663536,,2020,pit,SP
sa3006635,Rael Santos,P,0.31310001015663147,0.1460999995470047,1.0,0.0,0.0,0.31814971044659623,,2020,pit,RP
sa3006397,Luis Rodriguez,P,0.21170000731945038,0.16769999265670776,1.0,0.0,0.0,-0.5072557970881459,,2020,pit,SP
sa883761,Orlando Pascual,P,1.0,0.0,1.0,0.0,0.0,1.2257695741951466,,2020,pit,RP
sa873724,Hector Figueroa,P,1.0,0.0,1.0,0.0,0.0,1.3973757460713387,,2020,pit,RP
sa3006585,Hendry Nunez,P,0.34360000491142273,0.1395999938249588,1.0,0.0,0.0,0.10288133546710032,,2020,pit,RP
sa3005410,Manuel Alvarez,P,1.0,0.0,1.0,0.0,0.0,1.358244135230779,,2020,pit,RP
sa919881,Yordi Rosario,P,1.0,0.0,1.0,0.0,0.0,1.2184894226491454,,2020,pit,RP
sa913053,Andrew Gist,P,1.0,0.0,1.0,0.0,0.0,1.1128598891198633,,2020,pit,RP
sa733608,Nicolas Heredia,P,1.0,0.0,1.0,0.0,0.0,1.1666506335139277,,2020,pit,RP
sa918291,John Pomeroy,P,1.0,0.0,1.0,0.0,0.0,1.2378240063786508,,2020,pit,RP
sa3004665,Jimmy Murphy,P,1.0,0.0,1.0,0.0,0.0,1.016144118458032,,2020,pit,RP
sa3006375,Alexis Carmona,P,0.263700008392334,0.156700000166893,1.0,0.0,0.0,-0.2232959546148776,,2020,pit,SP
sa828485,Ismel Lopez,P,1.0,0.0,1.0,0.0,0.0,1.1981906048953528,,2020,pit,RP
sa3004706,Blake Pflughaupt,P,0.676800012588501,0.06880000233650208,1.0,0.0,0.0,0.7106960840523242,,2020,pit,RP
sa828546,Junior Gonzalez,P,0.3725000023841858,0.13349999487400055,1.0,0.0,0.0,0.014265190809965134,STL,2020,pit,RP
sa3003015,Adolfo Ramirez,P,0.8812999725341797,0.025299999862909317,1.0,0.0,0.0,1.149275981634856,,2020,pit,RP
sa916948,Edward Paredes,P,0.24310000240802765,0.16110000014305115,1.0,0.0,0.0,-0.578543997555971,,2020,pit,SP
sa3002909,Pedro Espinola,P,1.0,0.0,1.0,0.0,0.0,1.2770399920642377,,2020,pit,RP
sa3007833,Keegan Curtis,P,1.0,0.0,1.0,0.0,0.0,0.9558987841010098,,2020,pit,RP
sa505523,Javier Reynoso,P,1.0,0.0,1.0,0.0,0.0,1.165425105392933,KCR,2020,pit,RP
sa3006173,Kleiber Bordones,P,0.20430000126361847,0.16930000483989716,1.0,0.0,0.0,-0.380495782196522,,2020,pit,SP
sa3006358,Ivan Armstrong,P,0.31310001015663147,0.1460999995470047,1.0,0.0,0.0,0.5179800324141981,,2020,pit,RP
sa3008337,Chris Allen,P,0.5662999749183655,0.09229999780654907,1.0,0.0,0.0,0.4585694618523122,,2020,pit,RP
sa876163,Kory Groves,P,1.0,0.0,1.0,0.0,0.0,0.37460425272583997,,2020,pit,RP
sa999479,Patrick Duester,P,1.0,0.0,1.0,0.0,0.0,1.1351399630308157,LAD,2020,pit,RP
sa599357,Yordys Alejo,P,1.0,0.0,1.0,0.0,0.0,1.0793158173561102,,2020,pit,RP
sa918422,Yelin Rodriguez,P,1.0,0.0,1.0,0.0,0.0,1.1911813706159586,,2020,pit,RP
sa3008048,Andy McGuire,P,1.0,0.0,1.0,0.0,0.0,0.9964989721775059,,2020,pit,RP
sa3005469,Moises Ruiz,P,0.22660000622272491,0.16459999978542328,1.0,0.0,0.0,-0.40502012073993665,,2020,pit,SP
sa883131,Austin Glorius,P,1.0,0.0,1.0,0.0,0.0,1.2945747800171374,,2020,pit,RP
sa918328,Chris Hall,P,1.0,0.0,1.0,0.0,0.0,1.1509391307830814,MIL,2020,pit,RP
sa914287,Carlos Pech,P,1.0,0.0,1.0,0.0,0.0,1.0833011485636241,,2020,pit,RP
sa599414,Elroy Urbina,P,1.0,0.0,1.0,0.0,0.0,1.17373592555523,ARI,2020,pit,RP
sa873450,Jose Appleton,P,0.2603999972343445,0.1573999971151352,1.0,0.0,0.0,-0.2126387618482113,,2020,pit,SP
sa328152,Fabian Williamson,P,0.9002000093460083,0.021199999377131462,1.0,0.0,0.0,1.1052589230239391,,2020,pit,RP
sa3005827,Santiago Elizondo,P,0.34860000014305115,0.13860000669956207,1.0,0.0,0.0,-0.011335761845111758,,2020,pit,RP
sa3002789,Ricardo Hernandez,P,1.0,0.0,1.0,0.0,0.0,1.1110507696866994,,2020,pit,RP
sa881080,Juan Lopez,P,1.0,0.0,1.0,0.0,0.0,1.128296053409577,HOU,2020,pit,RP
24453,Justin Martinez,P,0.3222000002861023,0.14419999718666077,1.0,0.0,0.0,0.31607586890459105,ARI,2020,pit,RP
sa917126,Elkin Alcala,P,1.0,0.0,1.0,0.0,0.0,1.0586853072047235,,2020,pit,RP
sa3008066,Mark Potter,P,1.0,0.0,1.0,0.0,0.0,1.0690641075372698,,2020,pit,RP
sa3004825,Jim Voyles,P,1.0,0.0,1.0,0.0,0.0,1.06722135618329,,2020,pit,RP
sa917885,Alfredo Silva,P,0.3815999925136566,0.1316000074148178,1.0,0.0,0.0,0.22986922860145587,,2020,pit,RP
14457,Adam Conley,P,20.370399475097656,0.0,20.370399475097656,0.0,4.251800060272217,88.21348167657851,,2020,pit,RP
sa3005885,Juan Geraldo,P,0.5877000093460083,0.0877000018954277,1.0,0.0,0.0,0.4568160615861414,MIL,2020,pit,RP
sa873434,Moises Nova,P,1.0,0.0,1.0,0.0,0.0,0.9498895049095153,,2020,pit,RP
sa3004017,Abraham Almonte,P,1.0,0.0,1.0,0.0,0.0,1.1726295560598374,,2020,pit,RP
sa3007859,J.T. Perez,P,1.0,0.0,1.0,0.0,0.0,0.964279965311289,,2020,pit,RP
sa3005071,Dakota Bennett,P,0.5414999723434448,0.09749999642372131,1.0,0.0,0.0,0.3679746955633165,,2020,pit,RP
sa877615,Carlos Machorro,P,1.0,0.0,1.0,0.0,0.0,1.2010641306638723,,2020,pit,RP
sa3002938,Francis Pena,P,1.0,0.0,1.0,0.0,0.0,1.4574051246047022,,2020,pit,RP
sa738733,Alec Byrd,P,1.0,0.0,1.0,0.0,0.0,1.1327156916260726,CIN,2020,pit,RP
sa3007230,Charlie Cerny,P,1.0,0.0,1.0,0.0,0.0,1.1545012041926381,,2020,pit,RP
sa3003143,Fabricio Reina,P,0.2825999855995178,0.1526000052690506,1.0,0.0,0.0,-0.0875810727477071,,2020,pit,SP
sa3002618,Luciano De La Cruz,P,0.4426000118255615,0.11860000342130661,1.0,0.0,0.0,0.026569344103336334,,2020,pit,RP
sa3007217,Daniel James,P,1.0,0.0,1.0,0.0,0.0,1.1545906081795687,KCR,2020,pit,RP
sa3006131,Yonson Guerrero,P,0.35850000381469727,0.13650000095367432,1.0,0.0,0.0,-0.039334659278392525,,2020,pit,RP
sa3007245,Christian Cosby,P,0.7253999710083008,0.058400001376867294,1.0,0.0,0.0,0.6115841411054137,,2020,pit,RP
sa977188,Daniel Brito,P,1.0,0.0,1.0,0.0,0.0,0.9617812693119054,,2020,pit,RP
sa873154,Jose Alejandro,P,1.0,0.0,1.0,0.0,0.0,1.1587641023099424,,2020,pit,RP
sa857543,Jeff Burke,P,1.0,0.0,1.0,0.0,0.0,0.9685600444674494,,2020,pit,RP
sa917747,Yerelmy Garcia,P,1.0,0.0,1.0,0.0,0.0,0.9510146737098695,KCR,2020,pit,RP
sa3006558,Edinso Aleman,P,0.29829999804496765,0.1492999941110611,1.0,0.0,0.0,-0.1464960239827633,,2020,pit,SP
sa3004746,Connor Ryan,P,1.0,0.0,1.0,0.0,0.0,1.0646559588611124,CIN,2020,pit,RP
sa657752,Luis Aquino,P,1.0,0.0,1.0,0.0,0.0,1.1255599029362204,,2020,pit,RP
sa877827,Miguel Aguilar,P,1.0,0.0,1.0,0.0,0.0,0.7489505641162397,,2020,pit,RP
sa3007903,Rainiery Rodriguez,P,0.41130000352859497,0.12530000507831573,1.0,0.0,0.0,0.32253475710749635,,2020,pit,RP
sa3002991,Juan Cruz,P,0.3939000070095062,0.12890000641345978,1.0,0.0,0.0,0.03432414606213596,,2020,pit,RP
sa829767,Mayky Perez,P,1.0,0.0,1.0,0.0,0.0,1.2233398139476783,,2020,pit,RP
sa603264,Braulio Ortiz,P,1.0,0.0,1.0,0.0,0.0,1.2450746580958367,,2020,pit,RP
sa828835,Ismael Cabrera,P,1.0,0.0,1.0,0.0,0.0,1.104454720765352,,2020,pit,RP
sa3005017,Nate Peden,P,0.4846000075340271,0.1096000000834465,1.0,0.0,0.0,0.16647877916693687,,2020,pit,RP
sa872876,Edinxon Arias,P,0.19359999895095825,0.17159999907016754,1.0,0.0,0.0,-0.8531411983072759,,2020,pit,SP
sa875993,Matthias Dietz,P,0.698199987411499,0.06419999897480011,1.0,0.0,0.0,0.05363897085189828,,2020,pit,RP
sa873188,Robinson Martínez,P,1.0,0.0,1.0,0.0,0.0,1.1062987416982653,NYM,2020,pit,RP
sa509757,Martin Sotelo,P,1.0,0.0,1.0,0.0,0.0,0.8880810260772707,,2020,pit,RP
sa3005441,Jorge Remon,P,0.2603999972343445,0.1573999971151352,1.0,0.0,0.0,-0.24723605439066887,,2020,pit,SP
sa917807,Edison Suriel,P,1.0,0.0,1.0,0.0,0.0,1.4927588447928435,,2020,pit,RP
sa871767,Jose Vasquez,P,1.0,0.0,1.0,0.0,0.0,1.0399506695568563,,2020,pit,RP
sa918152,Pete Bayer,P,1.0,0.0,1.0,0.0,0.0,1.3605213910341263,,2020,pit,RP
sa918039,Aldor Rodriguez,P,0.3659000098705292,0.13490000367164612,1.0,0.0,0.0,0.3411957055330279,TBR,2020,pit,RP
sa3010368,Jeremy Randolph,P,0.5580000281333923,0.09399999678134918,1.0,0.0,0.0,0.4159610532224183,STL,2020,pit,RP
sa3006483,Bryan Peña,P,0.5662999749183655,0.09229999780654907,1.0,0.0,0.0,0.37701575458049774,,2020,pit,RP
sa920187,Garrett Kelly,P,1.0,0.0,1.0,0.0,0.0,1.1898812122642992,,2020,pit,RP
sa3004991,Mitch Stophel,P,1.0,0.0,1.0,0.0,0.0,1.0719587914645672,,2020,pit,RP
sa875814,Michael Silva,P,1.0,0.0,1.0,0.0,0.0,0.9781494230031971,KCR,2020,pit,RP
sa875838,Edwar Ramirez,P,0.33379998803138733,0.14180000126361847,1.0,0.0,0.0,-0.16608948409557334,,2020,pit,RP
sa3007847,Oscar Valenzuela,P,0.39640000462532043,0.12839999794960022,1.0,0.0,0.0,-0.13291588127613085,,2020,pit,RP
sa824739,Francisco Moreno,P,0.6636000275611877,0.07159999758005142,1.0,0.0,0.0,0.45229587405920046,,2020,pit,RP
sa875839,Jose Mora,P,1.0,0.0,1.0,0.0,0.0,1.3043239548802377,,2020,pit,RP
14974,Tyler Webb,P,15.5556001663208,0.0,15.5556001663208,0.0,2.361999988555908,61.73570449352267,,2020,pit,RP
sa3008133,Jordan Scott,P,0.8442000150680542,0.03319999948143959,1.0,0.0,0.0,0.7946211948990825,,2020,pit,RP
sa3004963,Kyle Goodbrand,P,1.0,0.0,1.0,0.0,0.0,1.3847198449075226,TBR,2020,pit,RP
sa828214,Cesar Ventura,P,0.8490999937057495,0.032099999487400055,1.0,0.0,0.0,0.8384614042937755,,2020,pit,RP
sa3005683,Heitor Tokar,P,0.5877000093460083,0.0877000018954277,1.0,0.0,0.0,0.36841078847646713,,2020,pit,RP
sa393077,Oswaldo Martínez,P,0.9307000041007996,0.014700000174343586,1.0,0.0,0.0,0.7422147519886493,,2020,pit,RP
sa883144,Saul Castellanos,P,0.34860000014305115,0.13860000669956207,1.0,0.0,0.0,-0.010438748449086876,,2020,pit,RP
sa918673,Andrew Deramo,P,0.852400004863739,0.03139999881386757,1.0,0.0,0.0,0.8249438978731631,,2020,pit,RP
sa3011349,Manuel Veloz,P,0.7831000089645386,0.04610000178217888,1.0,0.0,0.0,0.49303610026836386,,2020,pit,RP
sa3006381,Victor Munoz,P,0.23649999499320984,0.16249999403953552,1.0,0.0,0.0,-0.05250005125999424,,2020,pit,SP
sa3005219,Wilber Perez,P,0.8853999972343445,0.024399999529123306,1.0,0.0,0.0,0.787719997763634,,2020,pit,RP
sa3008405,Yeyson Velez,P,0.5555999875068665,0.09459999948740005,1.0,0.0,0.0,0.31586537510156676,,2020,pit,RP
sa509419,Luis Angel Daniel,P,1.0,0.0,1.0,0.0,0.0,0.8646798714995385,,2020,pit,RP
sa3006396,Wanly Perez,P,0.5242000222206116,0.10119999945163727,1.0,0.0,0.0,0.29262936487793967,,2020,pit,RP
sa874249,Jonathan Guzman,P,1.0,0.0,1.0,0.0,0.0,1.094438798725605,,2020,pit,RP
sa3007739,Wes Noble,P,0.44999998807907104,0.11699999868869781,1.0,0.0,0.0,0.130255825817585,,2020,pit,RP
sa3007964,Riley McCauley,P,1.0,0.0,1.0,0.0,0.0,1.2203989416360859,,2020,pit,RP
sa3002964,Mike Garcia,P,0.4359999895095825,0.11999999731779099,1.0,0.0,0.0,0.09978429824113855,,2020,pit,RP
sa3005849,Samuel Vasquez,P,0.3346000015735626,0.14159999787807465,1.0,0.0,0.0,-0.06268396079540217,MIA,2020,pit,RP
sa3006620,Abrahan Hiraldo,P,0.31310001015663147,0.1460999995470047,1.0,0.0,0.0,-0.141241307556629,,2020,pit,RP
sa3005179,Alberto Franco,P,1.0,0.0,1.0,0.0,0.0,1.1005558863282205,,2020,pit,RP
sa3003098,Carlos Paula,P,0.53329998254776,0.09929999709129333,1.0,0.0,0.0,0.32332128584384945,,2020,pit,RP
sa3003018,Geremy Galindez,P,1.0,0.0,1.0,0.0,0.0,1.2277839742600922,,2020,pit,RP
sa3010126,Matt Martin,P,0.7831000089645386,0.04610000178217888,1.0,0.0,0.0,0.8419758386909963,,2020,pit,RP
sa873466,Yorvin Pantoja,P,1.0,0.0,1.0,0.0,0.0,1.14759880155325,,2020,pit,RP
sa3004716,Danny Hrbek,P,1.0,0.0,1.0,0.0,0.0,1.0693412207067015,,2020,pit,RP
sa917174,Pedro Garcia,P,0.35600000619888306,0.13699999451637268,1.0,0.0,0.0,-0.07758530378341666,MIN,2020,pit,RP
sa828561,Felix Viloria,P,1.0,0.0,1.0,0.0,0.0,0.9654786929488184,,2020,pit,RP
sa872718,Matt Clancy,P,1.0,0.0,1.0,0.0,0.0,1.0581094756722451,SEA,2020,pit,RP
sa3005881,Freddery Paulino,P,0.34860000014305115,0.13860000669956207,1.0,0.0,0.0,0.3883905395865441,,2020,pit,RP
sa737446,Luis Araujo,P,1.0,0.0,1.0,0.0,0.0,1.0497558608651163,,2020,pit,RP
sa836384,Jose Moreno,P,0.9661999940872192,0.007199999876320362,1.0,0.0,0.0,1.3401106372475624,,2020,pit,RP
sa3004117,Brandon Marsonek,P,0.8219000101089478,0.03790000081062317,1.0,0.0,0.0,0.8262414135038854,,2020,pit,RP
sa3006393,Endry Manrique,P,0.25209999084472656,0.1590999960899353,1.0,0.0,0.0,-0.047978900372982025,,2020,pit,SP
sa917346,Jose Oca,P,0.6825000047683716,0.06750000268220901,1.0,0.0,0.0,0.5390345960855485,CLE,2020,pit,RP
sa3002791,Martin Carrasco,P,1.0,0.0,1.0,0.0,0.0,1.1953987888991828,,2020,pit,RP
sa918342,Nick Jobst,P,1.0,0.0,1.0,0.0,0.0,0.9809787921607498,,2020,pit,RP
sa829580,Kida De La Cruz,P,1.0,0.0,1.0,0.0,0.0,1.16769879385829,,2020,pit,RP
sa3006371,Carlos Velez,P,0.375,0.13300000131130219,1.0,0.0,0.0,0.05675992816686648,BOS,2020,pit,RP
sa830623,Oscar Marcelino,P,1.0,0.0,1.0,0.0,0.0,1.0146159768104557,,2020,pit,RP
sa829287,Devon Fisher,P/C,1.0,0.0,1.0,0.0,0.0,1.0559344917535785,,2020,pit,RP
sa875758,Sam Pastrone,P,0.41040000319480896,0.12540000677108765,1.0,0.0,0.0,0.09819596484303483,,2020,pit,RP
sa872457,Mailon Arroyo,P/3B,1.0,0.0,1.0,0.0,0.0,1.288861114531756,,2020,pit,RP
sa3004600,Kory Behenna,P,1.0,0.0,1.0,0.0,0.0,1.025281274318695,,2020,pit,RP
sa3004480,Malik Jones,P,0.5555999875068665,0.09459999948740005,1.0,0.0,0.0,0.3162801079452038,,2020,pit,RP
sa873458,Jesus Tejada,P,1.0,0.0,1.0,0.0,0.0,0.922780016809702,,2020,pit,RP
sa917876,Alex Mejias,P,0.515999972820282,0.10300000011920929,1.0,0.0,0.0,-0.08032523095607758,NYY,2020,pit,RP
sa914044,Rogelio Bernal,P,1.0,0.0,1.0,0.0,0.0,0.9120799995958806,,2020,pit,RP
sa918854,Ryan Boelter,P,1.0,0.0,1.0,0.0,0.0,0.9869788274168969,CHW,2020,pit,RP
sa3005258,Junior Mieses,P,0.3799000084400177,0.13189999759197235,1.0,0.0,0.0,0.28965975418686885,,2020,pit,RP
sa3010795,Kelvin LaRoche,P,0.3287999927997589,0.1428000032901764,1.0,0.0,0.0,-0.2938451707363128,,2020,pit,RP
sa830143,Yan De La Cruz,P,1.0,0.0,1.0,0.0,0.0,0.8266707524657249,,2020,pit,RP
17181,Yoan López,P,20.370399475097656,0.0,20.370399475097656,0.0,3.924799919128418,85.309863114357,,2020,pit,RP
sa3008162,Rodney Hutchison,P,1.0,0.0,1.0,0.0,0.0,0.6718842610716824,SEA,2020,pit,RP
sa3002997,Yonathan Matos,P,0.44999998807907104,0.11699999868869781,1.0,0.0,0.0,0.1066694349050521,,2020,pit,RP
7773,Shawn Kelley,P,9.259300231933594,0.0,9.259300231933594,0.0,0.0,27.697590214014053,,2020,pit,RP
sa917816,Maiker Manzanillo,P,1.0,0.0,1.0,0.0,0.0,0.8833158887922767,CLE,2020,pit,RP
sa3006694,Wen-Hua Sung,P,1.0,0.0,1.0,0.0,0.0,1.2413452655076989,,2020,pit,RP
sa3005443,Mario Garcia,P,0.61080002784729,0.0828000009059906,1.0,0.0,0.0,0.46247054114937836,,2020,pit,RP
36,Xavier Cedeño,P,9.259300231933594,0.0,9.259300231933594,0.0,0.0,28.870806682109833,,2020,pit,RP
sa3004223,Mitchel Stalsberg,P,1.0,0.0,1.0,0.0,0.0,0.9007043302059174,,2020,pit,RP
sa873152,Fabian Blanco,P,1.0,0.0,1.0,0.0,0.0,1.3071694888174537,,2020,pit,RP
sa3002930,Yunior Hinojosa,P,1.0,0.0,1.0,0.0,0.0,0.8848493114113811,TOR,2020,pit,RP
sa916729,Jenri Montas,P,1.0,0.0,1.0,0.0,0.0,0.9059253573417663,MIL,2020,pit,RP
sa944733,Mario Jimenez,P,0.920799970626831,0.01679999940097332,1.0,0.0,0.0,0.770884284377098,,2020,pit,RP
sa857612,Andrew McDonald,P,1.0,0.0,1.0,0.0,0.0,0.8698840253055096,,2020,pit,RP
sa3002590,Jesus Alcantar,P,1.0,0.0,1.0,0.0,0.0,0.81209572032094,,2020,pit,RP
sa3002978,Ferrol Heredia,P,0.3287999927997589,0.1428000032901764,1.0,0.0,0.0,-0.14091059193015099,,2020,pit,RP
sa3003052,Wilmer Jimenez,P,1.0,0.0,1.0,0.0,0.0,1.0914304658770564,,2020,pit,RP
sa749438,Pedro Silverio,P,1.0,0.0,1.0,0.0,0.0,0.9796010315418244,,2020,pit,RP
sa879441,Carlos Pena,P,1.0,0.0,1.0,0.0,0.0,0.9614108338952065,,2020,pit,RP
sa917791,Stanly Sabino,P,0.5580000281333923,0.09399999678134918,1.0,0.0,0.0,0.35939980223774937,TBR,2020,pit,RP
sa917606,Moises Nolasco,P,0.9150999784469604,0.01810000091791153,1.0,0.0,0.0,0.7831387378275396,,2020,pit,RP
sa876537,Gregorio Sequera,P,1.0,0.0,1.0,0.0,0.0,0.8962908275425434,LAD,2020,pit,RP
sa548382,Tony Amezcua,P,1.0,0.0,1.0,0.0,0.0,0.8471399053931239,,2020,pit,RP
sa202991,Aaron Myers,P,1.0,0.0,1.0,0.0,0.0,0.9106051206588743,,2020,pit,RP
sa3004678,Chris Hunt,P,1.0,0.0,1.0,0.0,0.0,0.8165841281414035,,2020,pit,RP
sa919537,Kai-Wei Lin,P,1.0,0.0,1.0,0.0,0.0,1.1722345471382143,,2020,pit,RP
sa877605,Fauris Guerrero,P,1.0,0.0,1.0,0.0,0.0,0.9295052915811541,,2020,pit,RP
sa977187,Refugio Marin,P,1.0,0.0,1.0,0.0,0.0,0.8177013188600539,,2020,pit,RP
sa3004653,Petru Balan,P,1.0,0.0,1.0,0.0,0.0,0.813725333660841,MIN,2020,pit,RP
sa828367,Salvador Montano,P,1.0,0.0,1.0,0.0,0.0,1.0990800969302654,HOU,2020,pit,RP
sa3004827,Casey Ryan,P,1.0,0.0,1.0,0.0,0.0,0.8179598212242127,,2020,pit,RP
sa918745,Lucas Williams,P,1.0,0.0,1.0,0.0,0.0,0.9559852421283721,,2020,pit,RP
sa545115,Benjamin Sandoval,P,0.8747000098228455,0.02669999934732914,1.0,0.0,0.0,0.628155805170536,,2020,pit,RP
sa3004330,Manny Guzman,P,1.0,0.0,1.0,0.0,0.0,1.1146758601069453,,2020,pit,RP
sa659946,Juan Torres,P,1.0,0.0,1.0,0.0,0.0,0.9457413643598556,,2020,pit,RP
sa3006158,Pedro King,P,0.2727000117301941,0.15469999611377716,1.0,0.0,0.0,-0.08338919654488519,,2020,pit,SP
sa917472,Edgar Escalona,P,0.3625999987125397,0.1356000006198883,1.0,0.0,0.0,-0.48361444324255,DET,2020,pit,RP
sa3009751,Angel Brito,P,0.35019999742507935,0.13819999992847443,1.0,0.0,0.0,-0.35358936712145805,KCR,2020,pit,RP
sa3003004,Diogenes Rodriguez,P,0.34860000014305115,0.13860000669956207,1.0,0.0,0.0,-0.255901093035936,,2020,pit,RP
sa3006155,Francisco Hodge,P,0.5580000281333923,0.09399999678134918,1.0,0.0,0.0,0.226865336298943,,2020,pit,RP
sa3003023,Juan Gonzalez,P,1.0,0.0,1.0,0.0,0.0,0.9425092555582526,,2020,pit,RP
sa3003071,Raul De Los Reyes,P,1.0,0.0,1.0,0.0,0.0,0.7989987798035147,,2020,pit,RP
sa3005695,Eudi Asencio,P,0.3815999925136566,0.1316000074148178,1.0,0.0,0.0,-0.16047881171107292,,2020,pit,RP
sa3004331,Anton Kuznetsov,P,1.0,0.0,1.0,0.0,0.0,0.8112759135663512,PHI,2020,pit,RP
sa875401,Jesus Ortiz,P,1.0,0.0,1.0,0.0,0.0,0.8103611350059508,,2020,pit,RP
sa3006405,Enmanuel Almonte,P,0.31310001015663147,0.1460999995470047,1.0,0.0,0.0,0.009124036878347397,,2020,pit,RP
sa3007857,Steffon Moore,P,0.8837000131607056,0.024700000882148743,1.0,0.0,0.0,1.1486842274665836,,2020,pit,RP
sa3004666,Jacob Belinda,P,1.0,0.0,1.0,0.0,0.0,0.8517188377678395,ATL,2020,pit,RP
sa829686,Andrew Summerville,P,1.0,0.0,1.0,0.0,0.0,1.2631012901663778,,2020,pit,RP
sa918725,Jordan Scheftz,P,1.0,0.0,1.0,0.0,0.0,0.8788053669035438,CLE,2020,pit,RP
sa829746,Eugenio Palma,P,1.0,0.0,1.0,0.0,0.0,0.9250810220837593,,2020,pit,RP
sa751022,Jeferson Mejia,P,1.0,0.0,1.0,0.0,0.0,0.9922211930155758,,2020,pit,RP
sa3002572,Hector Villalobos,P,1.0,0.0,1.0,0.0,0.0,0.8819494120776654,,2020,pit,RP
sa3006362,Oscar Abreu,P,0.44999998807907104,0.11699999868869781,1.0,0.0,0.0,-0.026505424827337087,,2020,pit,RP
sa3007719,Tanner Myatt,P,0.6008999943733215,0.08489999920129776,1.0,0.0,0.0,0.14107459709048298,,2020,pit,RP
sa918752,Malcolm Van Buren,P,0.3163999915122986,0.1454000025987625,1.0,0.0,0.0,-0.17775473892688742,,2020,pit,RP
sa875203,Cody Mobley,P,0.7939000129699707,0.04390000179409981,1.0,0.0,0.0,0.5519108362495904,SEA,2020,pit,RP
sa447339,Rodolfo Aguirre,P,1.0,0.0,1.0,0.0,0.0,0.7684052415192131,,2020,pit,RP
22187,Ryan Miller,P,1.0,0.0,1.0,0.0,0.0,0.729510659724474,COL,2020,pit,RP
sa3006797,Jayce Vancena,P,1.0,0.0,1.0,0.0,0.0,0.761401180177927,,2020,pit,RP
sa875004,Drew Finley,P,1.0,0.0,1.0,0.0,0.0,1.0961053825914862,,2020,pit,RP
sa829209,Caleb Smith,P,1.0,0.0,1.0,0.0,0.0,1.3960413500666622,SFG,2020,pit,RP
sa828795,Austin DeCarr,P,1.0,0.0,1.0,0.0,0.0,0.9305411703884605,,2020,pit,RP
sa3006383,José Cruz,P,0.5242000222206116,0.10119999945163727,1.0,0.0,0.0,0.6226294144988063,,2020,pit,RP
sa3007969,Nathan Alexander,P,1.0,0.0,1.0,0.0,0.0,0.8167211554944518,,2020,pit,RP
11720,Justin Grimm,P,11.111100196838379,0.0,11.111100196838379,0.0,1.108199954032898,40.46412562727927,,2020,pit,RP
18496,Junior Fernández,P,9.259300231933594,0.0,9.259300231933594,0.0,0.28119999170303345,33.647944641113284,ARI,2020,pit,RP
sa739207,Ronald Sanchez,P,1.0,0.0,1.0,0.0,0.0,0.7969187639653681,,2020,pit,RP
sa3008291,Cayden Hatcher,P,0.6248000264167786,0.07980000227689743,1.0,0.0,0.0,0.1907240457832815,COL,2020,pit,RP
sa3007963,Erick Pinales,P,0.328000009059906,0.14300000667572021,1.0,0.0,0.0,-0.5147545285522939,,2020,pit,RP
sa3005895,Carlos De Avila,P,0.7847999930381775,0.04580000042915344,1.0,0.0,0.0,0.5631158836185932,,2020,pit,RP
sa3006514,Stiven Montilla,P,0.2669999897480011,0.15600000321865082,1.0,0.0,0.0,-0.5189411282539367,,2020,pit,SP
sa3002804,Jose Garcia,P,0.8219000101089478,0.03790000081062317,1.0,0.0,0.0,0.5133812002837659,,2020,pit,RP
sa3006757,Will McAffer,P,1.0,0.0,1.0,0.0,0.0,0.8733960166573524,,2020,pit,RP
sa872841,Gilmael Troya,P,1.0,0.0,1.0,0.0,0.0,0.8456613242626192,,2020,pit,RP
sa696311,Carlos Polanco,P,1.0,0.0,1.0,0.0,0.0,0.9053411677479746,COL,2020,pit,RP
sa3002935,Luis De Jesus,P,0.3675999939441681,0.13459999859333038,1.0,0.0,0.0,-0.29275061637163136,,2020,pit,RP
sa657711,Dewin Perez,P,1.0,0.0,1.0,0.0,0.0,1.1532640740275388,STL,2020,pit,RP
sa828472,Jose Martinez,P,1.0,0.0,1.0,0.0,0.0,0.6146788261830807,,2020,pit,RP
sa828711,Jorge Martinez,P,1.0,0.0,1.0,0.0,0.0,0.8412746839225296,,2020,pit,RP
sa830622,Randy Alcantara,P,1.0,0.0,1.0,0.0,0.0,0.7028692774474621,PHI,2020,pit,RP
sa3003043,Francis Del Orbe,P,0.8037999868392944,0.04179999977350235,1.0,0.0,0.0,0.5486813202500347,PIT,2020,pit,RP
sa3008451,Kevin Hernandez,P,0.4821999967098236,0.11020000278949738,1.0,0.0,0.0,0.3012745812535287,,2020,pit,RP
sa3002950,Jose Gomez,P,0.5242000222206116,0.10119999945163727,1.0,0.0,0.0,0.0151386700570586,,2020,pit,RP
sa3002936,Walner Polanco,P,0.321399986743927,0.1444000005722046,1.0,0.0,0.0,-0.1778599001467227,,2020,pit,RP
sa3005034,Derrik Watson,P,1.0,0.0,1.0,0.0,0.0,0.45338518694043195,,2020,pit,RP
sa3003933,Riley Echols,P,1.0,0.0,1.0,0.0,0.0,0.7606212586164478,,2020,pit,RP
sa3006420,Jhon Vergara,P,0.3741999864578247,0.133200004696846,1.0,0.0,0.0,-0.29301466643810237,,2020,pit,RP
sa828493,Jeremy Ovalle,P,1.0,0.0,1.0,0.0,0.0,0.88158003538847,,2020,pit,RP
sa3003126,Liu Fuenmayor,P,1.0,0.0,1.0,0.0,0.0,1.0568095572292804,ARI,2020,pit,RP
12095,Yimi García,P,20.370399475097656,0.0,20.370399475097656,0.3529999852180481,4.926199913024902,89.7523856520653,TOR,2020,pit,RP
sa873186,Oscar Tovar,P,1.0,0.0,1.0,0.0,0.0,0.829481029510498,,2020,pit,RP
sa3004091,Sal Biasi,P,1.0,0.0,1.0,0.0,0.0,0.8577946424484253,,2020,pit,RP
sa922474,Manuel Daza,P,1.0,0.0,1.0,0.0,0.0,0.7517158411443234,,2020,pit,RP
sa3006378,Misael Garcia,P,0.3346000015735626,0.14159999787807465,1.0,0.0,0.0,-0.3430386744439602,,2020,pit,RP
sa917470,Jairon Peguero,P,1.0,0.0,1.0,0.0,0.0,0.7546410501003264,,2020,pit,RP
sa3002611,Yeremi Garcia,P,0.375,0.13300000131130219,1.0,0.0,0.0,-0.495150662958622,,2020,pit,RP
sa3007843,Giovahniey German,P,0.31310001015663147,0.1460999995470047,1.0,0.0,0.0,-0.6616360872983935,,2020,pit,RP
sa3003073,Luis De Paula,P,1.0,0.0,1.0,0.0,0.0,0.8177812516689302,,2020,pit,RP
sa3002809,Nelfri Contreras,P,0.835099995136261,0.035100001841783524,1.0,0.0,0.0,0.6520654127001766,,2020,pit,RP
sa3008372,Franyer Hernandez,P,0.6075000166893005,0.08349999785423279,1.0,0.0,0.0,0.04004946649074581,NYY,2020,pit,RP
sa3005295,Harrison Francis,P,1.0,0.0,1.0,0.0,0.0,1.0094810709357263,,2020,pit,RP
sa3004645,Nelson Galindez,P,0.44999998807907104,0.11699999868869781,1.0,0.0,0.0,-0.17096544876694697,,2020,pit,RP
sa3005837,Emmanuel Duran,P,0.5877000093460083,0.0877000018954277,1.0,0.0,0.0,0.04988520517945316,,2020,pit,RP
sa3006164,Freddy Pacheco,P,1.0,0.0,1.0,0.0,0.0,1.3019441433250907,,2020,pit,RP
sa3003032,Brayan Salaya,P,0.4311000108718872,0.12110000103712082,1.0,0.0,0.0,-0.26510097160935375,MIL,2020,pit,RP
sa3007607,Octavio Cordova,P,0.6841999888420105,0.06719999760389328,1.0,0.0,0.0,0.1382291197776797,,2020,pit,RP
sa3005459,Junior Almonte,P,0.5480999946594238,0.09610000252723694,1.0,0.0,0.0,0.01193067133426684,KCR,2020,pit,RP
5640,Tyler Clippard,P,20.370399475097656,0.0,20.370399475097656,0.0,4.884200096130371,81.55993453264236,WSN,2020,pit,RP
sa3008136,Fraicy Breton,P,0.6545000076293945,0.07349999994039536,1.0,0.0,0.0,0.18597062230110195,KCR,2020,pit,RP
sa873448,Alejandro De La Rosa,P,1.0,0.0,1.0,0.0,0.0,0.7236945964396,,2020,pit,RP
sa3005453,Miguel Lar,P,0.3939000070095062,0.12890000641345978,1.0,0.0,0.0,-0.6064012318849565,,2020,pit,RP
sa916713,Alger Hodgson,P,0.44999998807907104,0.11699999868869781,1.0,0.0,0.0,0.05338429808616674,,2020,pit,RP
sa3002954,Keiber Arredondo,P,0.6825000047683716,0.06750000268220901,1.0,0.0,0.0,0.22305582165718052,,2020,pit,RP
sa3006982,Justin Garcia,P,1.0,0.0,1.0,0.0,0.0,0.7873800821602344,,2020,pit,RP
sa916837,Marco Gonzalez,P,1.0,0.0,1.0,0.0,0.0,0.7103544406592848,,2020,pit,RP
sa3004114,Michael McCormick,P,1.0,0.0,1.0,0.0,0.0,0.612369498610497,CHW,2020,pit,RP
sa917899,Anderson Pilar,P,1.0,0.0,1.0,0.0,0.0,0.13226005584001532,ATL,2020,pit,RP
sa918275,Jeremy Gwinn,P,0.5414999723434448,0.09749999642372131,1.0,0.0,0.0,-0.11321473568677876,KCR,2020,pit,RP
sa737242,Denis Diaz,P,1.0,0.0,1.0,0.0,0.0,0.7601786002516748,,2020,pit,RP
sa3003034,Leudy Martinez,P,0.41130000352859497,0.12530000507831573,1.0,0.0,0.0,-0.22497996389865849,,2020,pit,RP
sa3004472,Jared Johnson,P,1.0,0.0,1.0,0.0,0.0,0.7057693749666214,,2020,pit,RP
sa3002610,Michael Montero,P,0.7419000267982483,0.05490000173449516,1.0,0.0,0.0,0.12771888747811344,MIN,2020,pit,RP
sa917792,Jose Roca,P,1.0,0.0,1.0,0.0,0.0,0.5418947197496893,,2020,pit,RP
sa882196,Luis Valdez,P,1.0,0.0,1.0,0.0,0.0,0.7714241325855258,,2020,pit,RP
22318,Jose E. Hernandez,P,1.0,0.0,1.0,0.0,0.0,0.8812209732830527,,2020,pit,RP
sa3006101,Daniel Cruz,P,1.0,0.0,1.0,0.0,0.0,0.8684040062129497,,2020,pit,RP
sa828545,Deiyerbert Bolivar,P,1.0,0.0,1.0,0.0,0.0,0.6840788133442404,,2020,pit,RP
sa876106,Braxton Lorenzini,P,1.0,0.0,1.0,0.0,0.0,0.25709583163261396,,2020,pit,RP
sa917836,Ever Moya,P,1.0,0.0,1.0,0.0,0.0,0.18529465422034264,,2020,pit,RP
sa3003072,Juan Vazquez,P,0.7196000218391418,0.05959999933838844,1.0,0.0,0.0,0.20371988713741285,,2020,pit,RP
sa917800,Feliberto Bonilla,P,0.44179999828338623,0.11879999935626984,1.0,0.0,0.0,-0.30796525627374605,,2020,pit,RP
sa3004567,Jared Brasher,P,1.0,0.0,1.0,0.0,0.0,0.7107093401253226,,2020,pit,RP
sa3006987,Marcus Evey,P,1.0,0.0,1.0,0.0,0.0,0.6365812405943871,,2020,pit,RP
sa3007902,Daneuris Lagrange,P,0.7253999710083008,0.058400001376867294,1.0,0.0,0.0,-0.0014440387487413275,,2020,pit,RP
sa3005218,Alejandro Made,P,1.0,0.0,1.0,0.0,0.0,0.6042812116444112,,2020,pit,RP
sa925074,Claudio Galva,P,1.0,0.0,1.0,0.0,0.0,0.535494812577963,,2020,pit,RP
sa872882,Argenis Romano,P,1.0,0.0,1.0,0.0,0.0,0.6181759707629682,PIT,2020,pit,RP
sa919870,Jonaiker Villalobos,P,1.0,0.0,1.0,0.0,0.0,0.6734291397035124,,2020,pit,RP
sa924295,Juan Paredes,P,1.0,0.0,1.0,0.0,0.0,0.7253439240157604,,2020,pit,RP
sa916836,Miguel Figueroa,P,1.0,0.0,1.0,0.0,0.0,0.2800959050655365,,2020,pit,RP
sa919907,Jose Albertos,P,1.0,0.0,1.0,0.0,0.0,0.836304017901421,,2020,pit,RP
sa916951,Carlos D. Rodriguez,P,1.0,0.0,1.0,0.0,0.0,0.5609411336481571,,2020,pit,RP
sa3003146,Emilio Alfonzo,P,0.3346000015735626,0.14159999787807465,1.0,0.0,0.0,-0.13213569074869147,,2020,pit,RP
sa3002811,Franklin De La Paz,P,1.0,0.0,1.0,0.0,0.0,0.7879504077136517,,2020,pit,RP
sa830006,Alfredo Colorado,P,1.0,0.0,1.0,0.0,0.0,0.5999905347824099,,2020,pit,RP
sa3005203,Argenis Bravo,P,0.6413000226020813,0.0763000026345253,1.0,0.0,0.0,0.3736389324069025,,2020,pit,RP
sa3009933,Derrick Adams,P,1.0,0.0,1.0,0.0,0.0,0.5317987315356731,,2020,pit,RP
sa925013,Rafael Gomez,P,1.0,0.0,1.0,0.0,0.0,0.5209410957992078,,2020,pit,RP
sa3003053,Ramon Pineda,P,1.0,0.0,1.0,0.0,0.0,0.5167410768568521,,2020,pit,RP
sa3005216,Cam Robinson,P,0.5917999744415283,0.0868000015616417,1.0,0.0,0.0,-0.03453048169612849,TBR,2020,pit,RP
sa3003141,Jose Parra,P,1.0,0.0,1.0,0.0,0.0,0.5127303667366507,MIL,2020,pit,RP
sa3006139,Bryan Torres,P,0.5242000222206116,0.10119999945163727,1.0,0.0,0.0,-0.23492536991834623,,2020,pit,RP
sa3008477,Jean Correa,P,0.7831000089645386,0.04610000178217888,1.0,0.0,0.0,0.21908550485968625,,2020,pit,RP
sa919971,Fernando Calderon,P,0.8210999965667725,0.038100000470876694,1.0,0.0,0.0,0.2580611959099768,,2020,pit,RP
sa3008226,Alec Rennard,P,1.0,0.0,1.0,0.0,0.0,0.4766894593834876,PIT,2020,pit,RP
sa918194,Alex Bostic,P,1.0,0.0,1.0,0.0,0.0,0.6589589037001136,,2020,pit,RP
sa3004741,Riley Ottesen,P,1.0,0.0,1.0,0.0,0.0,0.7112786799669268,,2020,pit,RP
sa737567,Will Changarotty,P,1.0,0.0,1.0,0.0,0.0,0.5287397235631945,STL,2020,pit,RP
sa948350,Francis Beriguete,P,0.6075000166893005,0.08349999785423279,1.0,0.0,0.0,0.26017994806170464,,2020,pit,RP
sa917751,Jose Jimenez,P,1.0,0.0,1.0,0.0,0.0,0.5809012576937675,,2020,pit,RP
sa3004872,Diosmerky Taveras,P,0.5877000093460083,0.0877000018954277,1.0,0.0,0.0,-0.017810232937335524,,2020,pit,RP
sa919030,Enmanuel Marcano,P,1.0,0.0,1.0,0.0,0.0,0.686934792250395,,2020,pit,RP
sa828486,Sergio Suarez,P,1.0,0.0,1.0,0.0,0.0,0.5174241289496422,,2020,pit,RP
sa873180,Miguel Hernandez,P,0.8210999965667725,0.038100000470876694,1.0,0.0,0.0,0.22149890735745403,,2020,pit,RP
sa3006541,Jerson Ramirez,P,1.0,0.0,1.0,0.0,0.0,0.6778305403888227,,2020,pit,RP
sa3006505,Adrian Aybar,P,0.5877000093460083,0.0877000018954277,1.0,0.0,0.0,-0.09053576216101655,,2020,pit,RP
sa3006618,Xavier Concepcion,P,1.0,0.0,1.0,0.0,0.0,0.6796385802328593,,2020,pit,RP
sa829012,Grayson Huffman,P,1.0,0.0,1.0,0.0,0.0,0.5950987450778484,,2020,pit,RP
sa828539,Domingo Jimenez,P,1.0,0.0,1.0,0.0,0.0,0.6135053999722007,,2020,pit,RP
sa3003035,Nicolas Medina,P,1.0,0.0,1.0,0.0,0.0,0.57340928837657,,2020,pit,RP
sa917766,Luis Ojeda,P,0.5993000268936157,0.08529999852180481,1.0,0.0,0.0,-0.4350159272551539,,2020,pit,RP
7836,Hunter Strickland,P,14.814800262451172,0.0,14.814800262451172,0.0,2.736999988555908,57.70352944135668,LAA,2020,pit,RP
sa3006989,Mike Pascoe,P,1.0,0.0,1.0,0.0,0.0,0.5770198091864591,,2020,pit,RP
15200,Glenn Sparkman,P,11.659299850463867,2.4000000953674316,22.387800216674805,0.0,0.26109999418258667,53.639585411548595,,2020,pit,RP
sa917877,Victor Isturiz,P,0.7106000185012817,0.06159999966621399,1.0,0.0,0.0,0.3900788903236392,,2020,pit,RP
sa3007589,Jacob Stevens,P,1.0,0.0,1.0,0.0,0.0,0.5365611553192142,,2020,pit,RP
sa881441,Keinter Olivares,P,1.0,0.0,1.0,0.0,0.0,0.41967879757285154,COL,2020,pit,RP
sa3006985,Angel Reyes,P,1.0,0.0,1.0,0.0,0.0,0.4306399770081044,,2020,pit,RP
sa3002999,Jendersson Caraballo,P,0.5414999723434448,0.09749999642372131,1.0,0.0,0.0,-0.46447054147720346,,2020,pit,RP
sa3002916,Jervic Chavez,P,1.0,0.0,1.0,0.0,0.0,0.5569399416446688,,2020,pit,RP
sa3003048,Anyelo Luna,P,0.7419000267982483,0.05490000173449516,1.0,0.0,0.0,0.07826388478279123,,2020,pit,RP
sa828659,Brady Aiken,P,1.0,0.0,1.0,0.0,0.0,0.667014713585377,,2020,pit,RP
18873,Beau Burrows,P,7.407400131225586,0.0,7.407400131225586,0.0,0.25999999046325684,22.727419358491908,PIT,2020,pit,RP
sa3008102,Joel Condreay,P,1.0,0.0,1.0,0.0,0.0,-0.0180386424064638,,2020,pit,RP
sa3005883,Yoelvis Guedez,P,1.0,0.0,1.0,0.0,0.0,0.48527473583817526,,2020,pit,RP
sa737691,Chris Kohler,P,1.0,0.0,1.0,0.0,0.0,0.42963069975376156,,2020,pit,RP
sa871629,Riger Fernandez,P,0.6322000026702881,0.07819999754428864,1.0,0.0,0.0,0.04108109697699547,,2020,pit,RP
sa3010132,Woo Young Jin,P,0.770799994468689,0.04879999905824661,1.0,0.0,0.0,0.177278728783131,,2020,pit,RP
sa3008171,Francisco Fermin,P,0.8292999863624573,0.03629999980330467,1.0,0.0,0.0,0.18897041529417047,CHC,2020,pit,RP
sa977121,Alejandro Chavarria,P,1.0,0.0,1.0,0.0,0.0,0.4300305776298048,,2020,pit,RP
sa3005699,Elbis Afanador,P,0.6075000166893005,0.08349999785423279,1.0,0.0,0.0,-0.06879466548562041,SEA,2020,pit,RP
sa3006166,Bryam Pena,P,0.3659000098705292,0.13490000367164612,1.0,0.0,0.0,-0.3571012526750561,,2020,pit,RP
sa3005831,Carlos Leandro,P,0.2825999855995178,0.1526000052690506,1.0,0.0,0.0,-0.8020989641547205,,2020,pit,SP
sa3004021,Thomas St. Clair,P,1.0,0.0,1.0,0.0,0.0,0.6350945636630061,,2020,pit,RP
sa3002605,Fernando Sanchez,P,0.6561999917030334,0.07320000231266022,1.0,0.0,0.0,-0.3079158753156661,MIN,2020,pit,RP
sa3004204,Anderson Bido,P,1.0,0.0,1.0,0.0,0.0,-0.04741040170192701,,2020,pit,RP
24452,Luinder Avila,P,0.5877000093460083,0.0877000018954277,1.0,0.0,0.0,-0.20262119695544234,KCR,2020,pit,RP
sa919324,Fernando Gallegos,P,1.0,0.0,1.0,0.0,0.0,0.19472103044390687,,2020,pit,RP
24710,Luis Curvelo,P,1.0,0.0,1.0,0.0,0.0,0.575598553568125,TEX,2020,pit,RP
sa917594,Ivan Fortunato,P,1.0,0.0,1.0,0.0,0.0,0.42648116275668135,,2020,pit,RP
sa3003067,Bryan Lara,P,0.8079000115394592,0.04089999943971634,1.0,0.0,0.0,-0.11644940525293324,,2020,pit,RP
sa3002677,Ezequiel De La Cruz,P,1.0,0.0,1.0,0.0,0.0,0.7533598482608794,,2020,pit,RP
sa3007722,Austin Anderson,P,1.0,0.0,1.0,0.0,0.0,0.4489440575242041,,2020,pit,RP
sa3005209,Francis Peguero,P,1.0,0.0,1.0,0.0,0.0,0.15121992006897944,,2020,pit,RP
sa3006114,Pedro Moreno,P,1.0,0.0,1.0,0.0,0.0,0.11934939995408067,,2020,pit,RP
sa3002802,Cristhopher Marte,P,1.0,0.0,1.0,0.0,0.0,0.36382109746336955,,2020,pit,RP
sa3004677,Andy Rohloff,P,1.0,0.0,1.0,0.0,0.0,0.432054726779461,,2020,pit,RP
sa3006818,Raidel Orta,P,1.0,0.0,1.0,0.0,0.0,0.33884405642747906,,2020,pit,RP
sa3007895,Jake Sims,P,1.0,0.0,1.0,0.0,0.0,0.7978146664798262,,2020,pit,RP
23237,Juan Mejia,P,1.0,0.0,1.0,0.0,0.0,-0.0701893702149392,COL,2020,pit,RP
sa918731,Juan Gámez,P,1.0,0.0,1.0,0.0,0.0,0.1498040713369848,,2020,pit,RP
sa3005893,Miguel Pozo,P,0.5414999723434448,0.09749999642372131,1.0,0.0,0.0,-0.36788940504193324,,2020,pit,RP
sa3002994,Leandro Mendez,P,1.0,0.0,1.0,0.0,0.0,0.2307654172182083,,2020,pit,RP
sa917794,Carlos Sanchez,P,1.0,0.0,1.0,0.0,0.0,0.3823387779295446,,2020,pit,RP
sa3005682,Jose Palacio,P,0.770799994468689,0.04879999905824661,1.0,0.0,0.0,0.052784127742052434,,2020,pit,RP
sa919033,Carlos Alejo,P,1.0,0.0,1.0,0.0,0.0,0.5085242435336115,LAD,2020,pit,RP
sa3003016,Tulio Santa Maria,P,1.0,0.0,1.0,0.0,0.0,0.26445872262120274,,2020,pit,RP
sa917158,Adrian Martinez,P,1.0,0.0,1.0,0.0,0.0,0.3756347119808199,,2020,pit,RP
sa3005036,Fausto Segura,P,1.0,0.0,1.0,0.0,0.0,0.36685878857970255,,2020,pit,RP
sa875901,Joel Pinto,P,1.0,0.0,1.0,0.0,0.0,0.24618529751896912,,2020,pit,RP
sa3007261,Austin Briggs,P,1.0,0.0,1.0,0.0,0.0,0.484081242978573,,2020,pit,RP
sa3003046,Osiris German,P,1.0,0.0,1.0,0.0,0.0,0.22958135753870046,,2020,pit,RP
sa874250,Starlin Cordero,P,1.0,0.0,1.0,0.0,0.0,0.48261063918471336,,2020,pit,RP
sa3006542,Yoelvis Reyes,P,0.7939000129699707,0.04390000179409981,1.0,0.0,0.0,0.07957997322082555,,2020,pit,RP
sa3003089,Elias Herrera,P,1.0,0.0,1.0,0.0,0.0,0.32564514428377134,,2020,pit,RP
sa873182,Boris Sanchez,P,1.0,0.0,1.0,0.0,0.0,0.32771604955196354,,2020,pit,RP
sa3003152,Jhonfran Escalona,P,0.770799994468689,0.04879999905824661,1.0,0.0,0.0,0.24388409778475761,,2020,pit,RP
sa3006503,Roaldo Carvajal,P,0.5242000222206116,0.10119999945163727,1.0,0.0,0.0,-0.18076526150107375,,2020,pit,RP
sa918380,Michael Messier,P,1.0,0.0,1.0,0.0,0.0,0.3678200766444206,KCR,2020,pit,RP
sa917500,Miguel Ramirez,P,1.0,0.0,1.0,0.0,0.0,0.3070589646697046,,2020,pit,RP
sa3007224,Jack Maynard,P,1.0,0.0,1.0,0.0,0.0,0.29065885096788424,,2020,pit,RP
sa917565,Jose Zorrilla,P,1.0,0.0,1.0,0.0,0.0,0.09609462618827802,,2020,pit,RP
sa3003047,Jose Marcano,P,1.0,0.0,1.0,0.0,0.0,0.33358014449477214,PIT,2020,pit,RP
sa3002929,Antonio Pujols,P,1.0,0.0,1.0,0.0,0.0,0.4466106705367565,,2020,pit,RP
sa3003097,Williams Valencia,P,0.4846000075340271,0.1096000000834465,1.0,0.0,0.0,-0.21044403761625263,,2020,pit,RP
sa3006499,Rolfy Vargas,P,0.5877000093460083,0.0877000018954277,1.0,0.0,0.0,0.01218125671148318,,2020,pit,RP
sa3005283,Gerson Pinales,P,0.3939000070095062,0.12890000641345978,1.0,0.0,0.0,-0.7272041030228134,,2020,pit,RP
sa918933,Sidney Duprey,P,1.0,0.0,1.0,0.0,0.0,0.2842746354639534,,2020,pit,RP
sa3002820,Reinaldo De Paula,P,1.0,0.0,1.0,0.0,0.0,0.5265039630234245,,2020,pit,RP
19459,Jorge Alcala,P,6.6666998863220215,0.0,6.6666998863220215,0.0,0.28540000319480896,20.81750133633614,TOR,2020,pit,RP
sa504962,Jesus Barraza,P,1.0,0.0,1.0,0.0,0.0,0.22627860531210908,,2020,pit,RP
sa3006102,Emerson Ortiz,P,1.0,0.0,1.0,0.0,0.0,0.1858706384897233,,2020,pit,RP
sa3003038,Diego Blanco,P,1.0,0.0,1.0,0.0,0.0,-0.18811470121145213,,2020,pit,RP
sa3010579,Cody Davenport,P,1.0,0.0,1.0,0.0,0.0,0.24841574952006384,KCR,2020,pit,RP
sa879814,Jordis Ramos,P,0.6363999843597412,0.07739999890327454,1.0,0.0,0.0,-0.40942517369985554,,2020,pit,RP
sa917906,Christopher Bonilla,P,1.0,0.0,1.0,0.0,0.0,0.13940937295556077,,2020,pit,RP
sa872537,Edward Escoboza,P,1.0,0.0,1.0,0.0,0.0,0.29470948725938806,CIN,2020,pit,RP
sa3006382,Richi Vasquez,P,0.7831000089645386,0.04610000178217888,1.0,0.0,0.0,-0.02964546531438783,,2020,pit,RP
sa3004795,Enrique Castillo,P,1.0,0.0,1.0,0.0,0.0,-0.2149189308285715,,2020,pit,RP
sa738440,Jordan Floyd,P,1.0,0.0,1.0,0.0,0.0,0.1962612882256507,KCR,2020,pit,RP
sa947269,Darel Torres,P,1.0,0.0,1.0,0.0,0.0,0.27042925134301177,,2020,pit,RP
sa872872,Julio Guante,P,1.0,0.0,1.0,0.0,0.0,0.1501359023153781,,2020,pit,RP
7738,Wily Peralta,P,9.259300231933594,0.0,9.259300231933594,0.0,0.0,25.727148538827894,,2020,pit,RP
sa946446,Erick Heredia,P,0.8037999868392944,0.04179999977350235,1.0,0.0,0.0,-0.073130530118942,,2020,pit,RP
sa917471,Kenlly Montas,P,1.0,0.0,1.0,0.0,0.0,0.18745984733104715,NYY,2020,pit,RP
sa3003099,Ariel Mojica,P,1.0,0.0,1.0,0.0,0.0,-0.05620416477322587,,2020,pit,RP
sa737352,Jhonny Mateo,P,1.0,0.0,1.0,0.0,0.0,0.16672517806291598,,2020,pit,RP
sa3004198,Luis Nin,P,1.0,0.0,1.0,0.0,0.0,0.031754973530769615,,2020,pit,RP
sa3003161,Dannysmel Tavarez,P,0.45829999446868896,0.1152999997138977,1.0,0.0,0.0,-0.6587094619870184,,2020,pit,RP
sa873174,Adalberto Pena,P,0.7741000056266785,0.04809999838471413,1.0,0.0,0.0,-0.09980134218931225,LAA,2020,pit,RP
sa3006356,Allan Beltre,P,0.7724000215530396,0.04839999973773956,1.0,0.0,0.0,-0.16019061058759698,,2020,pit,RP
sa3007583,Dazon Cole,P,0.828499972820282,0.0364999994635582,1.0,0.0,0.0,0.0036213800311086786,,2020,pit,RP
19677,Gregory Soto,P,18.51849937438965,0.0,18.51849937438965,0.0,4.045100212097168,75.69175835847854,PIT,2020,pit,RP
sa3002963,Maximo Cortes,P,1.0,0.0,1.0,0.0,0.0,-0.005430568754672738,,2020,pit,RP
sa917469,Wilman Madera,P,1.0,0.0,1.0,0.0,0.0,0.2020506463944911,,2020,pit,RP
sa1169765,Karan Patel,P,1.0,0.0,1.0,0.0,0.0,-0.05416939333081228,,2020,pit,RP
sa3007465,Justin Montgomery,P,1.0,0.0,1.0,0.0,0.0,0.2495212703943257,,2020,pit,RP
sa3002966,Wikelman Ramirez,P,0.8021000027656555,0.042100001126527786,1.0,0.0,0.0,0.27816144451499003,,2020,pit,RP
sa3003133,Manuel Cachutt,P,1.0,0.0,1.0,0.0,0.0,-0.11725467741489437,,2020,pit,RP
sa3005123,Jose Larez,P,1.0,0.0,1.0,0.0,0.0,0.2064010828733447,,2020,pit,RP
sa3002675,Yeison Sanchez,P,1.0,0.0,1.0,0.0,0.0,0.26539876982569677,,2020,pit,RP
sa917393,Jhonny Valdez,P,1.0,0.0,1.0,0.0,0.0,0.43581458032131204,,2020,pit,RP
sa3004715,Elian Rodriguez,P,0.5414999723434448,0.09749999642372131,1.0,0.0,0.0,-0.46365881413221377,,2020,pit,RP
sa3008264,Oriel Castro,P,0.3659000098705292,0.13490000367164612,1.0,0.0,0.0,-1.0160643823444842,,2020,pit,RP
sa3007602,Chih-Ting Wang,P,1.0,0.0,1.0,0.0,0.0,0.2293387427926068,,2020,pit,RP
sa3002995,Donato Auguste,P,1.0,0.0,1.0,0.0,0.0,0.18160420060157767,,2020,pit,RP
sa917759,Aneudy Acosta,P,1.0,0.0,1.0,0.0,0.0,0.17895988747477576,,2020,pit,RP
sa873209,Dember Vizcaino,P,1.0,0.0,1.0,0.0,0.0,0.14380007982254028,,2020,pit,RP
sa3006481,Yandy Vega,P,1.0,0.0,1.0,0.0,0.0,0.13427868485450745,,2020,pit,RP
sa873337,Jose Diaz,P,1.0,0.0,1.0,0.0,0.0,0.09628527984023094,,2020,pit,RP
sa3007257,Rigo Fernandez,P,1.0,0.0,1.0,0.0,0.0,0.03229066729545638,,2020,pit,RP
sa3006708,Landon Whitson,P,1.0,0.0,1.0,0.0,0.0,0.14285058677196538,ARI,2020,pit,RP
sa3004113,Greg Minier,P,1.0,0.0,1.0,0.0,0.0,0.13643572628498069,,2020,pit,RP
sa3003118,Rafael Prensa,P,1.0,0.0,1.0,0.0,0.0,0.4558158122003082,,2020,pit,RP
sa916828,Marcelo Hernandez,P,1.0,0.0,1.0,0.0,0.0,0.15291896611452094,,2020,pit,RP
sa3009720,Cal Maduro,P,1.0,0.0,1.0,0.0,0.0,0.17906933352351206,,2020,pit,RP
21652,Elvis Peguero,P,0.7831000089645386,0.04610000178217888,1.0,0.0,0.0,-0.5281601019203661,,2020,pit,RP
sa3005326,Drew Weston,P,1.0,0.0,1.0,0.0,0.0,0.07806514799594888,,2020,pit,RP
sa3002682,Anderson Parra,P,1.0,0.0,1.0,0.0,0.0,0.18831569179892593,,2020,pit,RP
18135,Chance Adams,P,7.407400131225586,0.0,7.407400131225586,0.0,0.26109999418258667,23.313609284162535,,2020,pit,RP
sa873339,Domingo Pena,P,1.0,0.0,1.0,0.0,0.0,0.0877401337027548,KCR,2020,pit,RP
sa3002906,Saul De La Cruz,P,1.0,0.0,1.0,0.0,0.0,0.20336106643080765,,2020,pit,RP
sa3006498,Yeison Santos,P,1.0,0.0,1.0,0.0,0.0,0.1507851742208004,,2020,pit,RP
sa917769,Yeudry Manzanillo,P,1.0,0.0,1.0,0.0,0.0,0.031649323552847,,2020,pit,RP
sa3003125,Aneudis Beard,P,1.0,0.0,1.0,0.0,0.0,0.14789892509579694,CHC,2020,pit,RP
sa918215,Jake Polancic,P,1.0,0.0,1.0,0.0,0.0,0.18906420320272455,,2020,pit,RP
sa3006071,Francisco Benitez,P,0.29339998960494995,0.15039999783039093,1.0,0.0,0.0,-1.4265612050890923,,2020,pit,SP
sa3005858,Willy Basil,P,1.0,0.0,1.0,0.0,0.0,0.1515442110598091,,2020,pit,RP
sa3003064,Eliezer Rodriguez,P,1.0,0.0,1.0,0.0,0.0,0.5117305852472782,,2020,pit,RP
sa3006616,Yordy Guaba,P,1.0,0.0,1.0,0.0,0.0,0.11529084146022806,KCR,2020,pit,RP
sa3003030,Ronny Garcia,P,0.8210999965667725,0.038100000470876694,1.0,0.0,0.0,-0.1366093657910823,,2020,pit,RP
sa872513,Juan Borges,P/OF,1.0,0.0,1.0,0.0,0.0,0.1290157437324524,,2020,pit,RP
sa3010004,Vladimir Nunez,P,1.0,0.0,1.0,0.0,0.0,-0.12607063576579058,,2020,pit,RP
sa1170425,Zack Phillips,P,1.0,0.0,1.0,0.0,0.0,0.04351589903235453,,2020,pit,RP
sa3002955,Ronald Burgos,P,1.0,0.0,1.0,0.0,0.0,0.059184241294861106,,2020,pit,RP
sa830158,Eumir Sepulveda,P,0.41130000352859497,0.12530000507831573,1.0,0.0,0.0,-1.0275242149829862,,2020,pit,RP
sa3004633,Jesse Lepore,P,1.0,0.0,1.0,0.0,0.0,0.09597605615854254,COL,2020,pit,RP
sa917912,Abel Adames,P,1.0,0.0,1.0,0.0,0.0,0.6344439402222637,,2020,pit,RP
sa875300,Yeudy Colon,P,1.0,0.0,1.0,0.0,0.0,0.13307059556245848,NYM,2020,pit,RP
sa3003054,Andry Cuevas,P,1.0,0.0,1.0,0.0,0.0,-0.03618126213550532,,2020,pit,RP
sa3002931,Carlos Caminero,P,1.0,0.0,1.0,0.0,0.0,0.11987465620040894,,2020,pit,RP
sa3006802,Clark Cota,P,1.0,0.0,1.0,0.0,0.0,0.2711811162531377,,2020,pit,RP
sa875867,Jeffry Nino,P,1.0,0.0,1.0,0.0,0.0,0.07731878980994233,,2020,pit,RP
18674,Jake Woodford,P,5.555600166320801,0.0,5.555600166320801,0.0,0.28119999170303345,17.799519079923627,TBR,2020,pit,RP
3164,Tim Collins,P,8.148099899291992,0.0,8.148099899291992,0.0,0.24570000171661377,23.680529940128334,,2020,pit,RP
sa3006773,Nick Johnson,P,1.0,0.0,1.0,0.0,0.0,0.022058565914631068,CHW,2020,pit,RP
sa1170802,Patrick Smith,P,1.0,0.0,1.0,0.0,0.0,0.07769074440002477,,2020,pit,RP
sa3005433,Eric Mendez,P,1.0,0.0,1.0,0.0,0.0,0.4253241121768956,,2020,pit,RP
sa3002681,Antonio Cardenas,P,1.0,0.0,1.0,0.0,0.0,0.3626651607453826,,2020,pit,RP
sa3006160,Victor Mendez,P,1.0,0.0,1.0,0.0,0.0,-0.333960123360157,,2020,pit,RP
sa3006177,Adrian Hernandez,P,1.0,0.0,1.0,0.0,0.0,0.0053703583776951724,,2020,pit,RP
sa3003132,Frainger Aranguren,P,1.0,0.0,1.0,0.0,0.0,-0.28079061806201944,,2020,pit,RP
sa919498,Jesus Ceballos,P,1.0,0.0,1.0,0.0,0.0,0.33499460965394956,,2020,pit,RP
sa3002799,Luis Eusebio,P,1.0,0.0,1.0,0.0,0.0,0.04495068192482021,,2020,pit,RP
sa917748,Luis Alcantara,P,1.0,0.0,1.0,0.0,0.0,0.006578622758388608,KCR,2020,pit,RP
sa3005863,Luis Tena,P,0.8762999773025513,0.02630000002682209,1.0,0.0,0.0,0.19278548434376708,,2020,pit,RP
sa3002941,Roy Garcia,P,0.6248000264167786,0.07980000227689743,1.0,0.0,0.0,-0.16293573379516602,,2020,pit,RP
sa3005828,Felix Ramires,P,1.0,0.0,1.0,0.0,0.0,-0.416238661110401,,2020,pit,RP
sa828234,Edwin Martinez,P,0.7939000129699707,0.04390000179409981,1.0,0.0,0.0,-0.32173609659075764,,2020,pit,RP
sa3002977,Jefferson Escorcha,P,1.0,0.0,1.0,0.0,0.0,0.36323076784610775,,2020,pit,RP
sa3003062,Luis C. Garcia,P,1.0,0.0,1.0,0.0,0.0,0.039681299775838674,,2020,pit,RP
sa916841,Willian Suarez,P,0.84170001745224,0.03370000049471855,1.0,0.0,0.0,-0.21293902471661585,,2020,pit,RP
sa872827,Luis Colmenares,P,1.0,0.0,1.0,0.0,0.0,0.15462945550680196,,2020,pit,RP
sa921282,Adriam Castillo,P,1.0,0.0,1.0,0.0,0.0,0.03814533501863515,,2020,pit,RP
sa3002974,Kelvin De Los Santos,P,1.0,0.0,1.0,0.0,0.0,-0.04166008234024021,,2020,pit,RP
sa3006147,Starlyn Reynoso,P,0.7576000094413757,0.051600001752376556,1.0,0.0,0.0,-0.3416557207703588,,2020,pit,RP
sa3006067,Gregori Segovia,P,1.0,0.0,1.0,0.0,0.0,-0.012918987125158043,,2020,pit,RP
sa3004449,Dylan Cyphert,P,1.0,0.0,1.0,0.0,0.0,0.07226959541439992,,2020,pit,RP
sa921459,Geraldo Sanchez,P,1.0,0.0,1.0,0.0,0.0,0.03164097592234594,,2020,pit,RP
sa3006124,Jesus Leon,P,1.0,0.0,1.0,0.0,0.0,-0.045414686203002486,,2020,pit,RP
sa919554,Francis Cespedes,P,1.0,0.0,1.0,0.0,0.0,0.18018523305654544,CLE,2020,pit,RP
sa3005442,Brailin Gonzalez,P,1.0,0.0,1.0,0.0,0.0,0.3592187635600572,,2020,pit,RP
sa3003107,Abrahan Lopez,P,1.0,0.0,1.0,0.0,0.0,0.09840939119458225,,2020,pit,RP
sa873426,Fernando Caro,P,1.0,0.0,1.0,0.0,0.0,-0.29411985427141163,,2020,pit,RP
sa3006576,Sebastian Tabata,P,1.0,0.0,1.0,0.0,0.0,0.3766106821596624,,2020,pit,RP
sa873541,Juan Castillo,P,1.0,0.0,1.0,0.0,0.0,-0.04901455491781226,,2020,pit,RP
sa3005894,Yosmel Naranjo,P,1.0,0.0,1.0,0.0,0.0,0.020439833402633667,,2020,pit,RP
sa3002690,Victor Martinez,P,1.0,0.0,1.0,0.0,0.0,0.38833466693758956,,2020,pit,RP
sa3005687,Bryan Caceres,P,1.0,0.0,1.0,0.0,0.0,-0.07172390744090062,,2020,pit,RP
23165,Steven Cruz,P,1.0,0.0,1.0,0.0,0.0,-0.11380949169397336,KCR,2020,pit,RP
sa917891,Marvin Mateo,P,1.0,0.0,1.0,0.0,0.0,-0.084205490350723,,2020,pit,RP
sa3003092,Braulio Nunez,P,0.7939000129699707,0.04390000179409981,1.0,0.0,0.0,-0.37576434910297385,,2020,pit,RP
sa3005854,Joandris Tolentino,P,1.0,0.0,1.0,0.0,0.0,-0.04315070509910601,,2020,pit,RP
sa917637,Harold Chirino,P,1.0,0.0,1.0,0.0,0.0,-0.0535692282021043,,2020,pit,RP
sa919883,Luis Silva,P,1.0,0.0,1.0,0.0,0.0,-0.08110968694090825,,2020,pit,RP
sa3006587,Felix Alonzo,P,1.0,0.0,1.0,0.0,0.0,-0.04617884233593905,,2020,pit,RP
sa3005815,Luis Candelo,P,1.0,0.0,1.0,0.0,0.0,-0.16643076613545382,,2020,pit,RP
sa871486,Emilio Ferrebus,P,1.0,0.0,1.0,0.0,0.0,-0.07386950999498332,,2020,pit,RP
sa872834,Wander Feliz,P/OF,1.0,0.0,1.0,0.0,0.0,-0.0680600762367245,,2020,pit,RP
sa3003063,Victor Medina,P,1.0,0.0,1.0,0.0,0.0,-0.14107589945197097,,2020,pit,RP
sa3008723,Frander Veras,P,1.0,0.0,1.0,0.0,0.0,-0.30838948637247077,,2020,pit,RP
sa3006489,Leoner Colina,P,1.0,0.0,1.0,0.0,0.0,-0.1347347252070903,,2020,pit,RP
sa3003060,Francisco Gracia,P,1.0,0.0,1.0,0.0,0.0,-0.09292114898562387,,2020,pit,RP
sa3005467,Irvin Villarroel,P,1.0,0.0,1.0,0.0,0.0,-0.09549869745969763,BOS,2020,pit,RP
sa3005188,Michell Miliano,P,1.0,0.0,1.0,0.0,0.0,0.2923213049769404,,2020,pit,RP
sa3004871,Estarlin Rodriguez,P,1.0,0.0,1.0,0.0,0.0,0.09087997302413031,,2020,pit,RP
sa833636,Luis Silva,P,1.0,0.0,1.0,0.0,0.0,-0.08117607161402729,NYM,2020,pit,RP
sa917111,Bryan Herrera,P,1.0,0.0,1.0,0.0,0.0,-0.08647892475128138,TBR,2020,pit,RP
sa918871,Brady Schanuel,P,1.0,0.0,1.0,0.0,0.0,0.01184960380196598,,2020,pit,RP
sa3002674,Aldemar Rivas,P,1.0,0.0,1.0,0.0,0.0,-0.057009251415729434,,2020,pit,RP
sa3006497,Jose Ballista,P,1.0,0.0,1.0,0.0,0.0,-0.126960024982691,KCR,2020,pit,RP
sa3006389,Luis Marine,P,1.0,0.0,1.0,0.0,0.0,-0.15712387785315496,,2020,pit,RP
sa919025,Anderson Reynoso,P,1.0,0.0,1.0,0.0,0.0,-0.15430000871419924,,2020,pit,RP
sa3006098,Alexis Araujo,P,1.0,0.0,1.0,0.0,0.0,-0.17746125385165223,,2020,pit,RP
sa879106,Anthony Trompiz,P,1.0,0.0,1.0,0.0,0.0,-0.21730130240321133,,2020,pit,RP
sa3004152,Brady Cox,P/C,1.0,0.0,1.0,0.0,0.0,-0.1966852203011511,KCR,2020,pit,RP
sa917467,Dauris Cordero,P,1.0,0.0,1.0,0.0,0.0,0.21603601723909405,,2020,pit,RP
sa3003135,Jender De Jesus,P,1.0,0.0,1.0,0.0,0.0,-0.14304025322198877,NYM,2020,pit,RP
sa921223,Garrettson Harris,P,1.0,0.0,1.0,0.0,0.0,-0.1271757185459137,KCR,2020,pit,RP
sa3006488,Adrian Solano,P,1.0,0.0,1.0,0.0,0.0,-0.25033042877912504,,2020,pit,RP
sa3003028,Pablo Santana,P,1.0,0.0,1.0,0.0,0.0,-0.18005994781851786,,2020,pit,RP
sa873203,Daniel Guzman,P,1.0,0.0,1.0,0.0,0.0,0.10803594291210228,,2020,pit,RP
sa3002920,Manuel Manzanillo,P,1.0,0.0,1.0,0.0,0.0,-0.12987889274954778,,2020,pit,RP
sa917972,Willians Vasquez,P,1.0,0.0,1.0,0.0,0.0,-0.23241462111473066,,2020,pit,RP
sa739158,Ismael Maldonado,P,0.9545999765396118,0.009600000455975533,1.0,0.0,0.0,-0.21251597777009001,KCR,2020,pit,RP
sa3003085,Janick Lopez,P,0.6825000047683716,0.06750000268220901,1.0,0.0,0.0,-0.2912600986659526,TBR,2020,pit,RP
sa828562,Victor Mueses,P,1.0,0.0,1.0,0.0,0.0,-0.17887987196445465,,2020,pit,RP
sa3006574,Thowar Martinez,P,1.0,0.0,1.0,0.0,0.0,-0.14597582370042783,,2020,pit,RP
sa917760,Francis Jones,P,1.0,0.0,1.0,0.0,0.0,-0.20549986883997917,CIN,2020,pit,RP
sa3006104,Argenis Liriano,P,1.0,0.0,1.0,0.0,0.0,0.17271067053079614,,2020,pit,RP
sa3002972,Luis Alvarez,P,1.0,0.0,1.0,0.0,0.0,-0.267418885231018,TOR,2020,pit,RP
sa920636,Kilber Santana,P,1.0,0.0,1.0,0.0,0.0,-0.25082519203424436,,2020,pit,RP
sa3005074,Galvi Agramonte,P,1.0,0.0,1.0,0.0,0.0,-0.21518955156207076,,2020,pit,RP
sa3003142,Hector Rodriguez,P,1.0,0.0,1.0,0.0,0.0,-0.06419465690851212,NYM,2020,pit,RP
sa3002944,Nelson Prada,P,1.0,0.0,1.0,0.0,0.0,0.11290980279445684,,2020,pit,RP
sa3005875,Nicoly Pina,P,1.0,0.0,1.0,0.0,0.0,-0.12851999476552,,2020,pit,RP
sa3003115,Miguel Pena,P,1.0,0.0,1.0,0.0,0.0,-0.05580105483531961,,2020,pit,RP
sa829025,Luis Gamez,P,0.8540999889373779,0.031099999323487282,1.0,0.0,0.0,-0.27684509977698335,,2020,pit,RP
sa3002919,Jose Romero,P,1.0,0.0,1.0,0.0,0.0,-0.21231031566858283,,2020,pit,RP
15203,Tyler Bashlor,P,3.703700065612793,0.0,3.703700065612793,0.0,0.24879999458789825,11.746422660350804,MIN,2020,pit,RP
sa3005848,Yon Castro,P,1.0,0.0,1.0,0.0,0.0,-0.5564986690878868,,2020,pit,RP
sa3003003,Austin Morales,P,1.0,0.0,1.0,0.0,0.0,-0.32966930270195016,,2020,pit,RP
sa3006511,Gustavo Polanco,P,1.0,0.0,1.0,0.0,0.0,-0.2213894709944726,,2020,pit,RP
sa873336,Josue Gerardo,P,1.0,0.0,1.0,0.0,0.0,-0.23725598677992776,CHW,2020,pit,RP
sa3003076,Brian Abreu,P,1.0,0.0,1.0,0.0,0.0,-0.23998526185750935,,2020,pit,RP
sa3002619,Alejandro Vallejo,P,0.8185999989509583,0.038600001484155655,1.0,0.0,0.0,-0.3962590262293815,,2020,pit,RP
sa3004002,Blair Lakso,P,1.0,0.0,1.0,0.0,0.0,-0.25488117784261677,MIN,2020,pit,RP
sa3006148,Marcos Reyes,P,1.0,0.0,1.0,0.0,0.0,-0.3784097008407117,,2020,pit,RP
sa920824,Luis Trinidad,P,1.0,0.0,1.0,0.0,0.0,0.13211885243654287,,2020,pit,RP
sa3002952,Jonathan Bruzual,P,0.7889000177383423,0.04490000009536743,1.0,0.0,0.0,-0.49193583801388696,,2020,pit,RP
sa924306,Jose Alberro,P,1.0,0.0,1.0,0.0,0.0,-0.14751851186156273,,2020,pit,RP
sa3002687,Oliver Rosario,P,1.0,0.0,1.0,0.0,0.0,-0.13247860595583916,ARI,2020,pit,RP
sa918159,Jahir Varela,P,1.0,0.0,1.0,0.0,0.0,-0.2577212698757645,,2020,pit,RP
sa3002924,Raibel Custodio,P,1.0,0.0,1.0,0.0,0.0,-0.0407558351755144,,2020,pit,RP
sa3006632,Andres Falcon,P,1.0,0.0,1.0,0.0,0.0,-0.290855751186609,,2020,pit,RP
sa3003014,Abel Estevez,P,1.0,0.0,1.0,0.0,0.0,-0.36873865500092506,NYY,2020,pit,RP
sa830580,Antonio Herrera,P,1.0,0.0,1.0,0.0,0.0,-0.6286411479115483,,2020,pit,RP
20344,Blake Cederlind,P,5.555600166320801,0.0,5.555600166320801,0.0,0.23739999532699585,16.364607572555542,,2020,pit,RP
sa877306,Christophers Santana,P,1.0,0.0,1.0,0.0,0.0,-0.22048407569527617,,2020,pit,RP
sa3002968,Erick Perez,P,1.0,0.0,1.0,0.0,0.0,-0.44961880072951343,,2020,pit,RP
sa3007605,Darrien Williams,P,1.0,0.0,1.0,0.0,0.0,-0.3366106487810612,LAA,2020,pit,RP
sa828529,Enrique Perez,P,1.0,0.0,1.0,0.0,0.0,-0.2487306617200371,STL,2020,pit,RP
sa3003024,Allinson Benitez,P,1.0,0.0,1.0,0.0,0.0,0.045189175009727744,,2020,pit,RP
sa3003044,Julio Rosario,P,1.0,0.0,1.0,0.0,0.0,-0.3547494761645793,PIT,2020,pit,RP
sa917897,Jesus E. Sanchez,P,1.0,0.0,1.0,0.0,0.0,0.059438778460025876,MIA,2020,pit,RP
sa3003050,Luis Arrieta,P,1.0,0.0,1.0,0.0,0.0,-0.36590534746646863,PIT,2020,pit,RP
sa3006555,Robinson Montero,P,1.0,0.0,1.0,0.0,0.0,-0.39319877400994274,BOS,2020,pit,RP
sa3006702,Jose Ramirez,P,0.8037999868392944,0.04179999977350235,1.0,0.0,0.0,-0.6289105460047719,,2020,pit,RP
sa920454,Cristhian Tortosa,P,1.0,0.0,1.0,0.0,0.0,-0.4347654700279233,PHI,2020,pit,RP
sa3005457,Carlos Campos,P,1.0,0.0,1.0,0.0,0.0,-0.3868253603577614,,2020,pit,RP
sa879803,Bairon De La Rosa,P,1.0,0.0,1.0,0.0,0.0,-0.2811001069843768,,2020,pit,RP
sa917388,Wuilson Meza,P,1.0,0.0,1.0,0.0,0.0,-0.3011093094944952,,2020,pit,RP
1118,Marco Estrada,P,3.5999999046325684,3.5999999046325684,20.234899520874023,0.0,0.0,34.960935485363,,2020,pit,SP
sa873719,Jose De Leon,P,1.0,0.0,1.0,0.0,0.0,-0.3905294381082056,KCR,2020,pit,RP
sa3005144,Dalvin Rosario,P,1.0,0.0,1.0,0.0,0.0,-0.36614115908741907,,2020,pit,RP
sa3007232,Jose Ramirez,P,1.0,0.0,1.0,0.0,0.0,-0.502398956567049,,2020,pit,RP
sa871630,Angel Rodriguez,P,1.0,0.0,1.0,0.0,0.0,-0.41243867725133887,TBR,2020,pit,RP
sa3005896,Edmar Gonzalez,P,1.0,0.0,1.0,0.0,0.0,-0.3165558807551858,,2020,pit,RP
sa3005709,Jose Diaz,P,1.0,0.0,1.0,0.0,0.0,-0.37036397084593764,,2020,pit,RP
sa3004366,Wilton Sanchez,P,1.0,0.0,1.0,0.0,0.0,-0.34452521651983226,,2020,pit,RP
sa879447,Omar Ventura,P,1.0,0.0,1.0,0.0,0.0,-0.3703215345740314,,2020,pit,RP
sa3005873,Javier Vasquez,P,1.0,0.0,1.0,0.0,0.0,-0.29969896003603935,,2020,pit,RP
sa3006118,Zamil Castillo,P,1.0,0.0,1.0,0.0,0.0,-0.5662641659379006,,2020,pit,RP
sa3006121,Jose Amaya,P,1.0,0.0,1.0,0.0,0.0,-0.37962145134806624,,2020,pit,RP
sa3004774,Stephen Greenlees,P,1.0,0.0,1.0,0.0,0.0,-0.3797010593116279,KCR,2020,pit,RP
sa3003040,Rodard Avelino,P,1.0,0.0,1.0,0.0,0.0,0.07669055759906795,,2020,pit,RP
sa3005813,Shuruendy Valeriano,P,1.0,0.0,1.0,0.0,0.0,-0.022474684566259562,,2020,pit,RP
sa828578,Nelson Acosta,P,1.0,0.0,1.0,0.0,0.0,-0.6850695006549357,,2020,pit,RP
sa3003128,Marcos Correa,P,1.0,0.0,1.0,0.0,0.0,-0.469875693321228,,2020,pit,RP
sa3006167,Raulin Celedonio,P,1.0,0.0,1.0,0.0,0.0,-0.09491044580936414,,2020,pit,RP
sa872507,Deyvis Julian,P,1.0,0.0,1.0,0.0,0.0,-0.21175998002290752,,2020,pit,RP
sa3002957,Andy Santana,P,1.0,0.0,1.0,0.0,0.0,-0.6607639744877813,,2020,pit,RP
sa3005842,Jesus Rosillo,P,1.0,0.0,1.0,0.0,0.0,-0.44492949321866027,BOS,2020,pit,RP
sa3007808,Martin Rodriguez,P,1.0,0.0,1.0,0.0,0.0,-0.22374418005347252,,2020,pit,RP
sa3002689,Daniel De La Cruz,P,1.0,0.0,1.0,0.0,0.0,-0.23070933893322954,,2020,pit,RP
sa3005705,Johan Lopez,P,1.0,0.0,1.0,0.0,0.0,-0.48085612356662777,,2020,pit,RP
sa3006421,Jeffrey Colon,P,1.0,0.0,1.0,0.0,0.0,-0.16753459349274635,,2020,pit,RP
sa917049,Yoel Diaz,P,1.0,0.0,1.0,0.0,0.0,-0.4828160911798478,,2020,pit,RP
sa876535,Emmanuel Estevez,P,1.0,0.0,1.0,0.0,0.0,-0.5392948023974893,KCR,2020,pit,RP
sa916714,Ciriaco Javier,P,1.0,0.0,1.0,0.0,0.0,-0.5062160111963752,,2020,pit,RP
sa3002953,Kleiber Carreno,P,1.0,0.0,1.0,0.0,0.0,-0.5148986987769599,,2020,pit,RP
sa3003930,Larimel Soriano,P,1.0,0.0,1.0,0.0,0.0,-0.22784015983343098,,2020,pit,RP
sa3007604,Robinson Parra,P,1.0,0.0,1.0,0.0,0.0,-0.5535855442285533,,2020,pit,RP
sa3003151,Angel Ozuna,P,1.0,0.0,1.0,0.0,0.0,-0.566389299929142,,2020,pit,RP
sa880945,Carlos Cortes,P,1.0,0.0,1.0,0.0,0.0,-0.5608809925615788,,2020,pit,RP
21163,Angel Felipe,P,1.0,0.0,1.0,0.0,0.0,-0.1684199653565881,,2020,pit,RP
14295,Wandy Peralta,P,15.5556001663208,0.0,15.5556001663208,0.0,3.1384999752044678,66.75719890594485,SDP,2020,pit,RP
sa3004010,Israel Lantigua,P,1.0,0.0,1.0,0.0,0.0,-0.9196853756904599,,2020,pit,RP
sa917672,Miguel Paulino,P,1.0,0.0,1.0,0.0,0.0,-0.6388986974954602,,2020,pit,RP
sa916985,Cristopher Batista,P,1.0,0.0,1.0,0.0,0.0,-1.0021387413144112,,2020,pit,RP
sa3005888,Daniel De Leon,P,1.0,0.0,1.0,0.0,0.0,-0.7353344678878786,,2020,pit,RP
sa3003160,Reinardo Mota,P,1.0,0.0,1.0,0.0,0.0,-0.7067294448614119,,2020,pit,RP
sa3006157,Oswal Torres,P,1.0,0.0,1.0,0.0,0.0,-0.6962305128574369,,2020,pit,RP
sa3003162,Fernando Melo,P,1.0,0.0,1.0,0.0,0.0,-0.28267062976956314,,2020,pit,RP
sa917480,Ronald Parra,P,1.0,0.0,1.0,0.0,0.0,-0.6581158734858032,,2020,pit,RP
sa3005707,Hector De Los Santos,P,1.0,0.0,1.0,0.0,0.0,-0.40030000582337344,,2020,pit,RP
sa3009748,Cristopher Valdez,P,0.8037999868392944,0.04179999977350235,1.0,0.0,0.0,-1.382581125199795,,2020,pit,RP
sa916724,Daniel Acosta,P,1.0,0.0,1.0,0.0,0.0,-0.8003956027328964,,2020,pit,RP
sa3006103,Henry Torres,P,1.0,0.0,1.0,0.0,0.0,-0.448574535548687,,2020,pit,RP
sa3005704,Jesus Rondon,P,1.0,0.0,1.0,0.0,0.0,-1.0394400030374524,,2020,pit,RP
sa918940,Austin Shields,P,1.0,0.0,1.0,0.0,0.0,-0.8954704634845254,PIT,2020,pit,RP
sa3005884,Antonio Villalba,P,1.0,0.0,1.0,0.0,0.0,-0.5837801799178122,,2020,pit,RP
sa3003033,Jose Martinez,P,1.0,0.0,1.0,0.0,0.0,-0.9797147721052166,,2020,pit,RP
10586,Addison Reed,P,9.259300231933594,0.0,9.259300231933594,0.0,0.0,25.535289824008938,,2020,pit,RP
7841,Jerry Blevins,P,9.259300231933594,0.0,9.259300231933594,0.0,0.0,27.35215411782265,NYM,2020,pit,RP
sa3005018,Liam McCall,P,1.0,0.0,1.0,0.0,0.0,-0.7515093579888341,,2020,pit,RP
sa3002932,Dauris Lopez,P,1.0,0.0,1.0,0.0,0.0,-0.7662295892834661,,2020,pit,RP
20631,Jordan Holloway,P,3.703700065612793,0.0,3.703700065612793,0.0,0.2362000048160553,10.001881134510045,LAA,2020,pit,RP
19457,Bryan Garcia,P,20.370399475097656,0.0,20.370399475097656,0.0,4.680799961090088,83.6527765750885,,2020,pit,RP
7115,Daniel Bard,P,11.851900100708008,0.0,11.851900100708008,0.0,0.24570000171661377,32.43395339250565,,2020,pit,RP
15846,Adam Plutko,P,17.95560073852539,2.4000000953674316,28.888599395751953,0.0,3.1805999279022217,85.72748123407365,,2020,pit,RP
4064,Brian Duensing,P,7.407400131225586,0.0,7.407400131225586,0.0,0.0,18.559856683015834,,2020,pit,RP
9388,Josh Tomlin,P,12.963000297546387,0.0,12.963000297546387,0.0,1.968999981880188,42.95002219080926,,2020,pit,RP
18297,Tyler Kinley,P,15.5556001663208,0.0,15.5556001663208,0.0,2.8376998901367188,54.07291085720065,ATL,2020,pit,RP
19731,Kodi Whitley,P,12.963000297546387,0.0,12.963000297546387,0.0,1.3121999502182007,45.42365667819977,TBR,2020,pit,RP
20430,Rony García,P,11.111100196838379,0.0,11.111100196838379,0.0,1.0401999950408936,33.08662432432175,,2020,pit,RP
18282,Jarlín García,P,19.259300231933594,0.0,19.259300231933594,1.4359999895095825,4.161900043487549,88.08786146640779,,2020,pit,RP
13190,Jordan Weems,P,10.370400428771973,0.0,10.370400428771973,0.0,1.0406999588012695,32.939640724658965,LAD,2020,pit,RP
10133,Brad Boxberger,P,18.51849937438965,0.0,18.51849937438965,1.1779999732971191,3.306999921798706,80.29988467693327,,2020,pit,RP
7196,Greg Holland,P,20.370399475097656,0.0,20.370399475097656,1.659999966621399,4.088399887084961,82.92549853324891,,2020,pit,RP
5867,Danny Salazar,P,10.407400131225586,3.0,25.265499114990234,0.0,0.0,51.14730892181396,,2020,pit,RP
