playerid,PlayerName,minpos,G,GS,IP,SV,HLD,FPTS,Team,season,stats,role
3137,Max Scherzer,P,32.0,32.0,207.86199951171875,0.0,0.0,1153.9570182800296,TOR,2019,pit,SP
10603,Chris Sale,P,29.15999984741211,29.15999984741211,183.87100219726562,0.0,0.0,1113.0236167907715,ATL,2019,pit,SP
10954,Jacob deGrom,P,32.0,32.0,207.62399291992188,0.0,0.0,1179.156111431122,TEX,2019,pit,SP
8700,Justin Verlander,P,32.0,32.0,202.3249969482422,0.0,0.0,1060.5079024314882,DET,2019,pit,SP
2429,Corey Kluber,P,30.780000686645508,30.780000686645508,200.6580047607422,0.0,0.0,981.2627754211425,,2019,pit,SP
13125,Gerrit Cole,P,32.0,32.0,196.20899963378906,0.0,0.0,995.923773574829,NYY,2019,pit,SP
16149,Aaron Nola,P,30.780000686645508,30.780000686645508,193.79299926757812,0.0,0.0,928.7199451446534,PHI,2019,pit,SP
13543,Blake Snell,P,32.0,32.0,189.47999572753906,0.0,0.0,1000.3413919448853,LAD,2019,pit,SP
6632,Carlos Carrasco,P,29.15999984741211,29.15999984741211,179.31300354003906,0.0,0.0,891.7660614967344,ATL,2019,pit,SP
11828,James Paxton,P,29.15999984741211,29.15999984741211,172.41099548339844,0.0,0.0,851.4126095771787,,2019,pit,SP
6345,Chris Archer,P,32.0,32.0,191.1959991455078,0.0,0.0,904.8194999694826,,2019,pit,SP
15890,Luis Severino,P,27.540000915527344,27.540000915527344,168.41099548339844,0.0,0.0,830.072371673584,OAK,2019,pit,SP
12703,Trevor Bauer,P,30.780000686645508,30.780000686645508,185.22799682617188,0.0,0.0,884.7916427612304,,2019,pit,SP
11762,Noah Syndergaard,P,29.15999984741211,29.15999984741211,176.177001953125,0.0,0.0,871.4498450279236,,2019,pit,SP
15038,Germán Márquez,P,30.780000686645508,30.780000686645508,183.04600524902344,0.0,0.0,828.8530384063722,SDP,2019,pit,SP
9323,Patrick Corbin,P,30.780000686645508,30.780000686645508,182.2790069580078,0.0,0.0,849.975471496582,,2019,pit,SP
11674,Jameson Taillon,P,32.0,32.0,189.79100036621094,0.0,0.0,837.3938839912414,CHC,2019,pit,SP
10131,Stephen Strasburg,P,29.15999984741211,29.15999984741211,177.30799865722656,0.0,0.0,834.8135597229002,,2019,pit,SP
19374,Walker Buehler,P,27.540000915527344,27.540000915527344,166.26499938964844,0.0,0.0,851.5145174026488,SDP,2019,pit,SP
15689,Luis Castillo,P,29.15999984741211,29.15999984741211,173.22500610351562,0.0,0.0,733.4469844818116,SEA,2019,pit,SP
20099,Chris Paddack,P,24.299999237060547,24.299999237060547,143.3699951171875,0.0,0.0,694.8550992965698,MIA,2019,pit,SP
17479,Jack Flaherty,P,29.15999984741211,29.15999984741211,167.58200073242188,0.0,0.0,778.0701960563661,DET,2019,pit,SP
9132,Nathan Eovaldi,P,27.540000915527344,27.540000915527344,151.55499267578125,0.0,0.0,647.8860223770141,TEX,2019,pit,SP
9434,Dallas Keuchel,P,27.540000915527344,27.540000915527344,171.07400512695312,0.0,0.0,705.8336773872377,,2019,pit,SP
2036,Clayton Kershaw,P,22.68000030517578,22.68000030517578,143.9980010986328,0.0,0.0,694.1487427234649,,2019,pit,SP
4676,Charlie Morton,P,25.920000076293945,25.920000076293945,151.697998046875,0.0,0.0,729.2180421829223,,2019,pit,SP
3184,David Price,P,29.15999984741211,29.15999984741211,176.69700622558594,0.0,0.0,737.0842081069947,,2019,pit,SP
9803,Miles Mikolas,P,32.0,32.0,201.18800354003906,0.0,0.0,803.7601692199707,WSN,2019,pit,SP
13074,Yu Darvish,P,24.299999237060547,24.299999237060547,138.60000610351562,0.0,0.0,661.3011673927306,SDP,2019,pit,SP
1943,Zack Greinke,P,30.780000686645508,30.780000686645508,193.53799438476562,0.0,0.0,810.8984330177309,,2019,pit,SP
11486,Robbie Ray,P,27.540000915527344,27.540000915527344,157.63800048828125,0.0,0.0,754.0264352798462,SFG,2019,pit,SP
12768,Sonny Gray,P,27.540000915527344,27.540000915527344,154.2899932861328,0.0,0.0,649.0543813705444,BOS,2019,pit,SP
15454,Nick Pivetta,P,29.15999984741211,29.15999984741211,159.69400024414062,0.0,0.0,683.4456484794617,SDP,2019,pit,SP
12808,Mike Clevinger,P,29.15999984741211,29.15999984741211,169.90199279785156,0.0,0.0,722.1773799896239,PIT,2019,pit,SP
14168,José Berríos,P,32.0,32.0,193.11700439453125,0.0,0.0,768.0942264556886,TOR,2019,pit,SP
7410,J.A. Happ,P,29.15999984741211,29.15999984741211,167.96800231933594,0.0,0.0,659.6190889358521,,2019,pit,SP
10310,Zack Wheeler,P,27.540000915527344,27.540000915527344,161.1490020751953,0.0,0.0,709.314683532715,PHI,2019,pit,SP
12970,Joe Musgrove,P,27.540000915527344,27.540000915527344,161.54800415039062,0.0,0.0,660.3216876983643,SDP,2019,pit,SP
14916,Jon Gray,P,25.920000076293945,25.920000076293945,146.11399841308594,0.0,0.0,604.4379057884216,,2019,pit,SP
15764,Masahiro Tanaka,P,25.920000076293945,25.920000076293945,153.3730010986328,0.0,0.0,629.9799380302429,,2019,pit,SP
10021,Mike Minor,P,29.15999984741211,29.15999984741211,175.38699340820312,0.0,0.0,639.6354385375975,,2019,pit,SP
15423,Andrew Heaney,P,25.920000076293945,25.920000076293945,158.31399536132812,0.0,0.0,643.9997444152834,,2019,pit,SP
12049,Kyle Hendricks,P,29.15999984741211,29.15999984741211,176.48599243164062,0.0,0.0,703.3875576019288,,2019,pit,SP
11423,Jose Quintana,P,29.15999984741211,29.15999984741211,169.08399963378906,0.0,0.0,712.8805166244507,COL,2019,pit,SP
10123,Kyle Gibson,P,32.0,32.0,191.9969940185547,0.0,0.0,725.1198664665222,,2019,pit,SP
13431,Marcus Stroman,P,29.15999984741211,29.15999984741211,176.6439971923828,0.0,0.0,672.2842266082764,,2019,pit,SP
19320,Joey Lucchesi,P,29.15999984741211,29.15999984741211,168.77499389648438,0.0,0.0,743.7642721176146,,2019,pit,SP
4153,Jake Arrieta,P,30.780000686645508,30.780000686645508,180.62899780273438,0.0,0.0,700.5412296295165,,2019,pit,SP
19427,Shane Bieber,P,24.299999237060547,24.299999237060547,139.20599365234375,0.0,0.0,598.0803216934205,TOR,2019,pit,SP
2717,Rick Porcello,P,30.780000686645508,30.780000686645508,184.1300048828125,0.0,0.0,714.2132261276247,,2019,pit,SP
10190,Tyler Skaggs,P,27.540000915527344,27.540000915527344,156.8350067138672,0.0,0.0,632.0410797119142,LAA,2019,pit,SP
16256,Kyle Freeland,P,30.780000686645508,30.780000686645508,187.21299743652344,0.0,0.0,647.322842693329,COL,2019,pit,SP
4806,Rich Hill,P,24.299999237060547,24.299999237060547,138.07400512695312,0.0,0.0,637.7585836410524,,2019,pit,SP
4972,Cole Hamels,P,25.920000076293945,25.920000076293945,152.92999267578125,0.0,0.0,651.0941413879394,,2019,pit,SP
5524,Madison Bumgarner,P,32.0,32.0,202.59800720214844,0.0,0.0,838.9091468811034,,2019,pit,SP
5372,Michael Pineda,P,24.299999237060547,24.299999237060547,137.66600036621094,0.0,0.0,554.11864528656,,2019,pit,SP
13619,Jakob Junis,P,30.780000686645508,30.780000686645508,184.48899841308594,0.0,0.0,703.1879156112673,TEX,2019,pit,SP
15467,Marco Gonzales,P,30.780000686645508,30.780000686645508,180.2310028076172,0.0,0.0,641.4141187667847,SDP,2019,pit,SP
4930,Jon Lester,P,32.0,32.0,191.5570068359375,0.0,0.0,714.9113399505615,,2019,pit,SP
13050,Anthony DeSclafani,P,25.920000076293945,25.920000076293945,153.09800720214844,0.0,0.0,585.1175380706786,,2019,pit,SP
3542,Danny Duffy,P,30.780000686645508,30.780000686645508,185.24400329589844,0.0,0.0,700.3713868141176,,2019,pit,SP
14107,Kevin Gausman,P,25.920000076293945,25.920000076293945,155.76400756835938,0.0,0.0,626.1707858085631,TOR,2019,pit,SP
2520,Lance Lynn,P,27.540000915527344,27.540000915527344,156.70899963378906,0.0,0.0,563.3782002449036,,2019,pit,SP
14374,Tyler Glasnow,P,24.299999237060547,24.299999237060547,134.68600463867188,0.0,0.0,620.6159236907961,LAD,2019,pit,SP
14444,Hyun Jin Ryu,P,22.68000030517578,22.68000030517578,125.73799896240234,0.0,0.0,553.192555141449,,2019,pit,SP
10811,Mike Foltynewicz,P,22.68000030517578,22.68000030517578,133.7790069580078,0.0,0.0,581.5191592216493,,2019,pit,SP
3284,Aníbal Sánchez,P,25.920000076293945,25.920000076293945,143.86700439453125,0.0,0.0,559.5069970130921,,2019,pit,SP
13361,Steven Matz,P,27.540000915527344,27.540000915527344,153.28900146484375,0.0,0.0,632.8103074073792,TBR,2019,pit,SP
14862,Zack Godley,P,27.540000915527344,27.540000915527344,159.36900329589844,0.0,0.0,631.9211177825927,,2019,pit,SP
11682,Carlos Martinez,P,49.439998626708984,19.440000534057617,144.06399536132812,0.0,0.8486999869346619,616.6422748088837,,2019,pit,RP
12880,Tyler Anderson,P,25.920000076293945,25.920000076293945,145.552001953125,0.0,0.0,515.1024188995361,LAA,2019,pit,SP
17085,Pablo López,P,27.540000915527344,27.540000915527344,162.3040008544922,0.0,0.0,623.4702679634094,MIN,2019,pit,SP
3254,Jeff Samardzija,P,27.540000915527344,27.540000915527344,164.9949951171875,0.0,0.0,623.4687696456908,,2019,pit,SP
6562,Alex Cobb,P,29.15999984741211,29.15999984741211,171.1280059814453,0.0,0.0,499.2199142456054,,2019,pit,SP
12917,Dylan Bundy,P,29.15999984741211,29.15999984741211,173.44900512695312,0.0,0.0,568.6349034309388,,2019,pit,SP
15488,Antonio Senzatela,P,25.920000076293945,25.920000076293945,149.96600341796875,0.0,0.0,493.02206525802603,COL,2019,pit,SP
14875,Caleb Smith,P,24.299999237060547,24.299999237060547,131.66099548339844,0.0,0.0,548.0727541923522,,2019,pit,SP
16137,Carlos Rodón,P,27.540000915527344,27.540000915527344,169.23199462890625,0.0,0.0,574.5816993713379,NYY,2019,pit,SP
13273,Ross Stripling,P,36.20000076293945,16.200000762939453,107.98799896240234,0.0,0.8364999890327454,492.16853160858153,,2019,pit,RP
16918,Luke Weaver,P,22.68000030517578,22.68000030517578,124.08499908447266,0.0,0.0,498.65027570724504,NYM,2019,pit,SP
13781,Alex Wood,P,21.059999465942383,21.059999465942383,119.05999755859375,0.0,0.0,455.0001585960389,,2019,pit,SP
13164,Eduardo Rodriguez,P,21.059999465942383,21.059999465942383,117.4729995727539,0.0,0.0,493.86870193481445,ARI,2019,pit,SP
8753,Tanner Roark,P,24.299999237060547,24.299999237060547,142.7010040283203,0.0,0.0,490.4836771965027,,2019,pit,SP
6249,Trevor Cahill,P,21.059999465942383,21.059999465942383,116.26200103759766,0.0,0.0,459.6122620582579,,2019,pit,SP
10130,Mike Leake,P,32.0,32.0,195.68099975585938,0.0,0.0,589.9708948135376,,2019,pit,SP
18498,Kenta Maeda,P,22.68000030517578,22.68000030517578,124.73500061035156,0.0,0.0,539.0720858573914,,2019,pit,SP
2233,Adam Wainwright,P,41.060001373291016,21.059999465942383,137.70399475097656,0.0,0.8486999869346619,525.6970032215117,,2019,pit,SP
19309,Trevor Richards,P,27.540000915527344,27.540000915527344,156.9040069580078,0.0,0.0,629.1384583473207,PHI,2019,pit,SP
11189,Vince Velasquez,P,25.920000076293945,25.920000076293945,137.33299255371094,0.0,0.0,513.3208904266357,CHC,2019,pit,SP
7531,Collin McHugh,P,24.299999237060547,24.299999237060547,140.57400512695312,0.0,0.7468000054359436,527.0761787891388,,2019,pit,SP
14710,Edwin Díaz,P,65.0,0.0,65.0,33.43629837036133,2.8821001052856445,602.0264984130858,LAD,2019,pit,RP
13774,Zach Eflin,P,25.920000076293945,25.920000076293945,144.93299865722656,0.0,0.0,494.00071687698374,BAL,2019,pit,SP
15440,Matthew Boyd,P,27.540000915527344,27.540000915527344,160.2530059814453,0.0,0.0,515.3279263496399,CHC,2019,pit,SP
6655,Craig Kimbrel,P,65.0,0.0,65.0,0.0,0.0,394.5915771007538,NYM,2019,pit,RP
4141,Derek Holland,P,25.920000076293945,25.920000076293945,144.57200622558594,0.0,0.0,573.2919388771057,,2019,pit,SP
10233,Aroldis Chapman,P,65.0,0.0,65.0,31.434499740600586,3.5583999156951904,564.2854342460632,BOS,2019,pit,RP
14078,Michael Wacha,P,22.68000030517578,22.68000030517578,130.18099975585938,0.0,0.0,504.28696875572217,KCR,2019,pit,SP
20633,Yusei Kikuchi,P,24.299999237060547,24.299999237060547,141.9429931640625,0.0,0.0,499.0784412384033,LAA,2019,pit,SP
11713,Matt Harvey,P,27.540000915527344,27.540000915527344,153.3699951171875,0.0,0.0,480.311400794983,,2019,pit,SP
16943,Sean Newcomb,P,22.68000030517578,22.68000030517578,128.18899536132812,0.0,0.0,514.99456243515,CHW,2019,pit,SP
15734,Brad Keller,P,27.540000915527344,27.540000915527344,162.48599243164062,0.0,0.0,549.8859333992003,PHI,2019,pit,SP
17186,Dinelson Lamet,P,16.200000762939453,16.200000762939453,91.47769927978516,0.0,0.0,405.24591398239136,,2019,pit,SP
16977,Trevor Williams,P,25.920000076293945,25.920000076293945,145.1580047607422,0.0,0.0,479.3234438896179,WSN,2019,pit,SP
14765,Julio Urías,P,26.200000762939453,16.200000762939453,100.01899719238281,0.0,0.8364999890327454,452.4172290325165,LAD,2019,pit,SP
19316,Eric Lauer,P,24.299999237060547,24.299999237060547,137.3179931640625,0.0,0.0,515.8986613273623,TOR,2019,pit,SP
19959,Jesús Luzardo,P,19.440000534057617,19.440000534057617,110.80799865722656,0.0,0.0,417.07019081115726,PHI,2019,pit,SP
13799,Matt Strahm,P,21.200000762939453,16.200000762939453,91.11029815673828,0.0,0.7182999849319458,389.72213020324716,KCR,2019,pit,SP
11760,Drew Smyly,P,24.299999237060547,24.299999237060547,139.06199645996094,0.0,0.0,449.8653059005736,,2019,pit,SP
6216,Dellin Betances,P,60.0,0.0,60.0,1.9646999835968018,13.276200294494629,426.28559155464166,,2019,pit,RP
404,CC Sabathia,P,21.059999465942383,21.059999465942383,117.05899810791016,0.0,0.0,383.9483336448671,,2019,pit,SP
16400,Reynaldo López,P,29.15999984741211,29.15999984741211,174.51800537109375,0.0,0.0,516.2278814315796,ATL,2019,pit,SP
5401,Brad Peacock,P,54.58000183105469,14.579999923706055,120.61399841308594,0.0,0.7468000054359436,511.3115385532378,,2019,pit,RP
5867,Danny Salazar,P,36.47999954223633,6.480000019073486,66.1488037109375,0.0,0.807699978351593,335.8814604759217,,2019,pit,RP
12076,Felipe Vázquez,P,65.0,0.0,65.0,31.503000259399414,3.101900100708008,537.1655076026916,PIT,2019,pit,RP
16794,Josh James,P,33.099998474121094,8.100000381469727,70.83709716796875,0.0,0.7468000054359436,343.2274995326996,,2019,pit,RP
4776,Matt Shoemaker,P,22.68000030517578,22.68000030517578,129.11000061035156,0.0,0.0,448.9122025489807,,2019,pit,SP
14696,Keone Kela,P,60.0,0.0,60.0,2.9649999141693115,15.103099822998047,407.1424921512604,,2019,pit,RP
6397,Jake Odorizzi,P,29.15999984741211,29.15999984741211,160.5469970703125,0.0,0.0,494.53676071166996,,2019,pit,SP
10197,Shelby Miller,P,22.68000030517578,22.68000030517578,124.18399810791016,0.0,0.0,401.4411603927612,CHC,2019,pit,SP
18555,Logan Allen,P,24.299999237060547,24.299999237060547,138.50999450683594,0.0,0.0,511.4705556869508,,2019,pit,SP
15552,Chad Green,P,70.0,0.0,70.0,0.0,15.498900413513184,428.5750556945801,,2019,pit,RP
11589,José Ureña,P,27.540000915527344,27.540000915527344,162.41600036621094,0.0,0.0,568.7980432510376,,2019,pit,SP
16162,Brandon Woodruff,P,22.68000030517578,22.68000030517578,132.8520050048828,0.0,0.0,490.42927532196035,MIL,2019,pit,SP
18300,Andrew Suárez,P,16.200000762939453,16.200000762939453,91.17569732666016,0.0,0.0,378.0189332485199,,2019,pit,SP
1994,Iván Nova,P,25.920000076293945,25.920000076293945,150.2550048828125,0.0,0.0,423.114265346527,COL,2019,pit,SP
18679,Freddy Peralta,P,22.68000030517578,22.68000030517578,126.70099639892578,0.0,0.0,510.19187526702865,NYM,2019,pit,SP
7754,Mike Fiers,P,25.920000076293945,25.920000076293945,150.80799865722656,0.0,0.0,476.5463681221008,,2019,pit,SP
16207,Spencer Turnbull,P,44.439998626708984,19.440000534057617,135.00900268554688,0.0,2.4293999671936035,465.98530521392814,,2019,pit,RP
4505,Jordan Zimmermann,P,27.540000915527344,27.540000915527344,157.6649932861328,0.0,0.0,437.2888604164124,,2019,pit,SP
8241,David Robertson,P,65.0,0.0,65.0,21.51129913330078,8.252400398254395,491.87078776359556,,2019,pit,RP
12572,Blake Treinen,P,70.0,0.0,70.0,23.095399856567383,6.3917999267578125,509.0551635742187,LAD,2019,pit,RP
10547,Jimmy Nelson,P,12.960000038146973,12.960000038146973,74.75379943847656,0.0,0.0,308.12946348190303,,2019,pit,SP
3990,Edinson Volquez,P,22.68000030517578,22.68000030517578,131.1060028076172,0.0,0.0,385.2292959213257,TEX,2019,pit,SP
14212,Josh Hader,P,65.0,0.0,65.0,18.203100204467773,8.62339973449707,509.12381772995,HOU,2019,pit,RP
10354,Robbie Erlin,P,69.86000061035156,4.860000133514404,91.59919738769531,1.7757999897003174,17.339099884033203,485.4915609359741,,2019,pit,RP
10745,Trevor Rosenthal,P,65.0,0.0,65.0,13.706700325012207,11.74269962310791,466.2824180603028,,2019,pit,RP
8044,Jason Vargas,P,19.440000534057617,19.440000534057617,104.56199645996094,0.0,0.0,384.13860106468195,,2019,pit,SP
6902,Martín Pérez,P,29.440000534057617,19.440000534057617,119.03600311279297,0.0,0.7226999998092651,377.5434637069703,ATL,2019,pit,SP
17496,Diego Castillo,P,60.0,0.0,60.0,3.920599937438965,16.06879997253418,409.3406014919281,,2019,pit,RP
15015,Alex Reyes,P,46.47999954223633,6.480000019073486,76.68170166015625,0.0,9.335599899291992,421.0067436218262,,2019,pit,RP
8048,Will Smith,P,65.0,0.0,65.0,17.754100799560547,10.343999862670898,481.6590937137604,,2019,pit,RP
11490,Aaron Sanchez,P,25.920000076293945,25.920000076293945,150.4499969482422,0.0,0.0,471.84512910842903,KCR,2019,pit,SP
16466,Brent Honeywell,P,12.960000038146973,12.960000038146973,73.87200164794922,0.0,0.0,303.5470638751984,SFG,2019,pit,SP
2608,Jhoulys Chacín,P,30.780000686645508,30.780000686645508,179.78500366210938,0.0,0.0,596.3459997177123,,2019,pit,SP
19361,Corbin Burnes,P,22.68000030517578,22.68000030517578,133.81199645996094,0.0,0.0,482.9722988128662,ARI,2019,pit,SP
9073,Kirby Yates,P,65.0,0.0,65.0,28.41349983215332,3.591599941253662,508.87149591445916,LAA,2019,pit,RP
16401,Yonny Chirinos,P,36.20000076293945,16.200000762939453,109.73200225830078,0.0,0.8996000289916992,419.1538183212281,,2019,pit,RP
1581,Sean Doolittle,P,65.0,0.0,65.0,21.538999557495117,9.45300006866455,475.8434309005737,,2019,pit,RP
17192,Jalen Beeks,P,16.200000762939453,16.200000762939453,91.66829681396484,0.0,0.0,351.25856771469114,,2019,pit,SP
14509,Dereck Rodríguez,P,24.299999237060547,24.299999237060547,140.03599548339844,0.0,0.0,498.00949277877817,,2019,pit,SP
6785,Andrew Miller,P,60.0,0.0,60.0,15.378999710083008,10.105999946594238,451.96445536613464,,2019,pit,RP
7593,Jordan Lyles,P,39.439998626708984,19.440000534057617,129.50100708007812,0.0,0.8271999955177307,442.28731465339666,,2019,pit,RP
19665,Kyle Wright,P,19.440000534057617,19.440000534057617,110.80799865722656,0.0,0.0,410.3731872558594,CHC,2019,pit,SP
14524,José Leclerc,P,65.0,0.0,65.0,21.17889976501465,7.806399822235107,461.83253397941587,,2019,pit,RP
13071,Wei-Yin Chen,P,62.959999084472656,12.960000038146973,121.04399871826172,0.0,6.855199813842773,500.25196223258985,,2019,pit,RP
7005,Ryan Pressly,P,65.0,0.0,65.0,3.7339000701904297,14.451199531555176,416.4581525802612,,2019,pit,RP
12863,Matt Barnes,P,65.0,0.0,65.0,3.891400098800659,14.910599708557129,421.9792902946473,,2019,pit,RP
3096,Kenley Jansen,P,65.0,0.0,65.0,37.56829833984375,0.0,523.0924206733703,DET,2019,pit,RP
4371,Jeremy Hellickson,P,19.440000534057617,19.440000534057617,106.34700012207031,0.0,0.0,318.5258401870728,,2019,pit,SP
8779,Wade Miley,P,22.68000030517578,22.68000030517578,122.33399963378906,0.0,0.0,393.7371249198914,,2019,pit,SP
5221,Wade LeBlanc,P,24.299999237060547,24.299999237060547,136.4669952392578,0.0,0.0,406.78227605819717,,2019,pit,SP
9111,Brad Hand,P,70.0,0.0,70.0,34.76020050048828,2.1745998859405518,534.2923584461212,,2019,pit,RP
3551,Clayton Richard,P,19.440000534057617,19.440000534057617,113.65599822998047,0.0,0.0,342.65137100219727,,2019,pit,SP
17295,Framber Valdez,P,12.960000038146973,12.960000038146973,72.67250061035156,0.0,0.0,279.3155462265014,DET,2019,pit,SP
19990,Bryse Wilson,P,48.099998474121094,8.100000381469727,86.03170013427734,0.0,9.07450008392334,418.51358518600455,PHI,2019,pit,RP
13764,Roberto Osuna,P,65.0,0.0,65.0,33.60540008544922,1.8671000003814697,489.4144393444061,,2019,pit,RP
5114,Jeurys Familia,P,65.0,0.0,65.0,1.9667999744415283,15.698100090026855,405.39521150588996,,2019,pit,RP
17425,Erick Fedde,P,9.720000267028809,9.720000267028809,52.95090103149414,0.0,0.0,213.10983984470369,CHW,2019,pit,SP
17130,Raisel Iglesias,P,65.0,0.0,65.0,32.6869010925293,0.9352999925613403,479.2344278812408,ATL,2019,pit,RP
18655,A.J. Minter,P,65.0,0.0,65.0,5.31220006942749,15.076000213623047,419.9829442501068,NYM,2019,pit,RP
16502,Ryan Yarbrough,P,36.20000076293945,16.200000762939453,110.39199829101562,0.0,0.8996000289916992,388.33763484954835,NYY,2019,pit,RP
9761,Joe Kelly,P,65.0,0.0,65.0,0.0,17.98390007019043,406.1705780029297,,2019,pit,RP
12910,Ken Giles,P,65.0,0.0,65.0,26.99850082397461,4.724699974060059,469.37142143249514,,2019,pit,RP
16358,Tyler Mahle,P,16.200000762939453,16.200000762939453,87.23079681396484,0.0,0.0,289.1030250072479,SFG,2019,pit,SP
3240,Zack Britton,P,60.0,0.0,60.0,1.9646999835968018,15.857600212097168,359.1130576133728,,2019,pit,RP
19206,Dakota Hudson,P,39.439998626708984,19.440000534057617,130.80799865722656,0.0,0.8486999869346619,461.0546271800995,,2019,pit,RP
19249,Seranthony Domínguez,P,65.0,0.0,65.0,12.548299789428711,11.532699584960938,436.5017204284668,CHW,2019,pit,RP
13183,Zach Davies,P,21.059999465942383,21.059999465942383,118.51499938964844,0.0,0.0,388.95767641067494,,2019,pit,SP
13743,Max Fried,P,23.100000381469727,8.100000381469727,59.60770034790039,0.0,0.824999988079071,272.4334457397461,NYY,2019,pit,RP
17285,Justus Sheffield,P,22.68000030517578,22.68000030517578,129.2760009765625,0.0,0.0,421.20874128341694,,2019,pit,SP
4696,Nate Jones,P,60.0,0.0,60.0,1.777999997138977,16.246400833129883,346.01532585620885,,2019,pit,RP
12638,Nate Karns,P,9.720000267028809,9.720000267028809,55.08060073852539,0.0,0.0,191.62899174690253,,2019,pit,SP
19349,Caleb Ferguson,P,51.47999954223633,6.480000019073486,80.9666976928711,0.0,10.351200103759766,411.6279016971588,CIN,2019,pit,RP
12022,Matt Andriese,P,53.099998474121094,8.100000381469727,87.9800033569336,0.0,9.82349967956543,402.64529747962945,,2019,pit,RP
17594,Mitch Keller,P,12.960000038146973,12.960000038146973,73.87200164794922,0.0,0.0,256.72615261077885,PIT,2019,pit,SP
12918,Archie Bradley,P,70.0,0.0,70.0,10.882499694824219,12.865900039672852,446.14699697494507,,2019,pit,RP
13475,Daniel Norris,P,36.34000015258789,11.34000015258789,86.81379699707031,0.0,0.7287999987602234,294.9894999504089,,2019,pit,RP
14309,Frankie Montas,P,29.440000534057617,19.440000534057617,124.22599792480469,0.0,0.6783000230789185,413.9102194786072,,2019,pit,SP
17780,José Alvarado,P,60.0,0.0,60.0,32.57160186767578,2.0761001110076904,485.4347951412201,PHI,2019,pit,RP
8223,Brett Anderson,P,11.34000015258789,11.34000015258789,59.69879913330078,0.0,0.0,205.6990478515625,,2019,pit,SP
12447,Seth Lugo,P,63.2400016784668,3.240000009536743,78.04679870605469,0.7867000102996826,14.79010009765625,414.06544032096866,KCR,2019,pit,RP
6941,Joakim Soria,P,65.0,0.0,65.0,10.65939998626709,10.208600044250488,382.68787145614624,,2019,pit,RP
11836,Taijuan Walker,P,11.34000015258789,11.34000015258789,63.33330154418945,0.0,0.0,242.49270706176756,PHI,2019,pit,SP
16350,Ryan Borucki,P,16.200000762939453,16.200000762939453,92.55740356445312,0.0,0.0,280.0453030109406,CHW,2019,pit,SP
18383,Michael Soroka,P,9.720000267028809,9.720000267028809,54.79159927368164,0.0,0.0,215.08416910171513,ARI,2019,pit,SP
4772,Félix Hernández,P,14.579999923706055,14.579999923706055,81.48079681396484,0.0,0.0,247.11853513717654,,2019,pit,SP
16929,Touki Toussaint,P,16.200000762939453,16.200000762939453,91.80000305175781,0.0,0.0,347.22541360855104,,2019,pit,SP
1890,Matt Moore,P,24.299999237060547,24.299999237060547,136.90199279785156,0.0,0.0,359.9887980461119,,2019,pit,SP
3192,Will Harris,P,65.0,0.0,65.0,0.0,18.97640037536621,379.172676038742,,2019,pit,RP
19753,Jonathan Loáisiga,P,19.860000610351562,4.860000133514404,42.17179870605469,0.0,0.7117000222206116,187.9309227228165,ARI,2019,pit,RP
18684,Sandy Alcantara,P,22.68000030517578,22.68000030517578,129.17799377441406,0.0,0.0,425.9244260787963,MIA,2019,pit,SP
4869,Mike Montgomery,P,68.0999984741211,8.100000381469727,104.14600372314453,0.0,15.823100090026855,459.67264032363886,,2019,pit,RP
13449,Taylor Rogers,P,60.0,0.0,60.0,1.735700011253357,16.103599548339844,348.78667294979095,MIN,2019,pit,RP
9346,Brandon Morrow,P,55.0,0.0,55.0,30.757600784301758,1.7045999765396118,422.43538138866427,,2019,pit,RP
15947,Ryne Stanek,P,40.0,0.0,40.0,0.0,11.19540023803711,256.24183907508854,STL,2019,pit,RP
15232,Cody Reed,P,9.720000267028809,9.720000267028809,52.92539978027344,0.0,0.0,192.35105142593383,,2019,pit,SP
18356,Jaime Barria,P,19.440000534057617,19.440000534057617,105.24800109863281,0.0,0.0,295.0138431549073,,2019,pit,SP
10430,Mychal Givens,P,65.0,0.0,65.0,29.393299102783203,1.6632000207901,428.114860010147,,2019,pit,RP
5257,Wilmer Font,P,43.2400016784668,3.240000009536743,57.928001403808594,0.0,9.895899772644043,298.408759689331,,2019,pit,RP
12778,Sam Gaviglio,P,44.720001220703125,9.720000267028809,87.73799896240234,0.0,0.7559999823570251,307.08061089515684,,2019,pit,RP
2391,Héctor Rondón,P,55.0,0.0,55.0,0.0,13.442999839782715,317.0098845243454,BOS,2019,pit,RP
7872,Tyson Ross,P,24.299999237060547,24.299999237060547,135.89500427246094,0.0,0.0,359.3190920829773,TEX,2019,pit,SP
3321,Darren O'Day,P,55.0,0.0,55.0,3.5415000915527344,15.962800025939941,342.248793888092,,2019,pit,RP
11426,Drew Pomeranz,P,16.200000762939453,16.200000762939453,88.8291015625,0.0,0.0,320.8945405483245,LAA,2019,pit,SP
4070,Pedro Strop,P,65.0,0.0,65.0,2.0192999839782715,16.458599090576172,372.07978453636173,,2019,pit,RP
18337,Nick Anderson,P,50.0,0.0,50.0,0.0,9.425800323486328,293.7035284757614,OAK,2019,pit,RP
7441,Wade Davis,P,65.0,0.0,65.0,28.937700271606445,2.956199884414673,443.49066100120547,,2019,pit,RP
15043,Lou Trivino,P,70.0,0.0,70.0,1.7766000032424927,17.633100509643555,400.4847947359085,PHI,2019,pit,RP
14825,Dylan Covey,P,32.959999084472656,12.960000038146973,90.98909759521484,0.0,0.7290999889373779,289.9080047607422,,2019,pit,RP
7274,Craig Stammen,P,65.0,0.0,65.0,3.5517001152038574,13.899299621582031,375.6112112045288,,2019,pit,RP
15761,Joe Jiménez,P,65.0,0.0,65.0,5.824699878692627,13.005800247192383,367.57656717300415,ATL,2019,pit,RP
19343,A.J. Puk,P,8.100000381469727,8.100000381469727,46.16999816894531,0.0,0.0,175.56138565540317,ARI,2019,pit,SP
14966,Reyes Moronta,P,50.0,0.0,50.0,0.0,11.702300071716309,301.9167801141739,,2019,pit,RP
5448,Jesse Chavez,P,80.0,0.0,80.0,7.059599876403809,16.52549934387207,417.48776707649233,,2019,pit,RP
1247,Adam Ottavino,P,65.0,0.0,65.0,3.92930006980896,13.771100044250488,375.60562090873725,,2019,pit,RP
1852,Ryan Madson,P,50.0,0.0,50.0,0.0,0.0,231.56928448677064,,2019,pit,RP
10591,Scott Alexander,P,50.0,0.0,50.0,0.0,13.01159954071045,296.0564620733261,SFG,2019,pit,RP
13911,Scott Oberg,P,60.0,0.0,60.0,0.0,18.489999771118164,331.67263002395623,,2019,pit,RP
17149,Domingo Germán,P,16.479999542236328,6.480000019073486,45.56010055541992,0.0,0.7117000222206116,178.64899587631223,,2019,pit,RP
6797,Julio Teheran,P,22.68000030517578,22.68000030517578,130.75399780273438,0.0,0.0,418.0346607208251,,2019,pit,SP
12972,Joe Ross,P,9.720000267028809,9.720000267028809,55.020999908447266,0.0,0.0,186.54142212867734,ARI,2019,pit,SP
14719,Ty Buttrey,P,60.0,0.0,60.0,1.8385000228881836,15.589099884033203,337.44215054512017,,2019,pit,RP
3132,Tony Watson,P,65.0,0.0,65.0,9.86340045928955,14.336299896240234,416.2802826881409,,2019,pit,RP
17948,Trent Thornton,P,51.619998931884766,1.6200000047683716,59.23400115966797,0.0,11.759300231933594,292.62669277191156,CHC,2019,pit,RP
3543,Clay Buchholz,P,19.440000534057617,19.440000534057617,112.16300201416016,0.0,0.0,315.11011924743656,,2019,pit,SP
13654,Jharel Cotton,P,11.34000015258789,11.34000015258789,63.85070037841797,0.0,0.0,218.5451065063476,,2019,pit,SP
13761,Chris Stratton,P,39.720001220703125,9.720000267028809,84.12229919433594,0.0,3.009200096130371,348.1385537624359,,2019,pit,RP
11847,Chris Martin,P,50.0,0.0,50.0,7.059599876403809,12.206399917602539,295.3198658943176,TEX,2019,pit,RP
11804,Héctor Neris,P,40.0,0.0,40.0,0.0,9.07759952545166,234.5198956012726,KCR,2019,pit,RP
17586,Tanner Scott,P,50.0,0.0,50.0,0.0,10.348799705505371,275.61664299964906,LAD,2019,pit,RP
12718,Adrian Houser,P,36.47999954223633,6.480000019073486,66.93599700927734,0.0,0.7664999961853027,243.04252490997314,SFG,2019,pit,RP
16159,Jace Fry,P,50.0,0.0,50.0,0.0,11.931300163269043,280.77630538940434,,2019,pit,RP
18806,Drew Steckenrider,P,65.0,0.0,65.0,24.627099990844727,5.14139986038208,456.27357149124146,OAK,2019,pit,RP
12183,Cody Allen,P,65.0,0.0,65.0,33.09370040893555,1.0334999561309814,454.19715704917905,,2019,pit,RP
13058,Reymin Guduan,P,50.0,0.0,50.0,0.0,7.468299865722656,254.58584344387054,,2019,pit,RP
6398,Trevor May,P,65.0,0.0,65.0,1.735700011253357,14.761699676513672,348.31960060596464,,2019,pit,RP
6661,Alex Colomé,P,60.0,0.0,60.0,28.44849967956543,3.3652000427246094,411.19458131790157,,2019,pit,RP
17034,Sean Reid-Foley,P,8.100000381469727,8.100000381469727,45.03839874267578,0.0,0.0,155.60529837608337,ATL,2019,pit,SP
12304,Chris Bassitt,P,36.34000015258789,11.34000015258789,88.84880065917969,0.0,0.6783000230789185,305.25770635604863,BAL,2019,pit,RP
12385,Nick Tropeano,P,9.720000267028809,9.720000267028809,54.51369857788086,0.0,0.0,174.90368099212645,,2019,pit,SP
4301,Justin Wilson,P,40.0,0.0,40.0,0.0,9.564499855041504,242.99675185680388,,2019,pit,RP
16980,Daniel Mengden,P,14.579999923706055,14.579999923706055,82.81079864501953,0.0,0.0,248.25002164840694,,2019,pit,SP
13607,Carl Edwards Jr.,P,60.0,0.0,60.0,2.0192999839782715,17.95479965209961,363.454850769043,NYM,2019,pit,RP
15463,José De León,P,8.100000381469727,8.100000381469727,45.88349914550781,0.0,0.0,173.20750100612642,,2019,pit,SP
8173,Yovani Gallardo,P,16.200000762939453,16.200000762939453,88.16780090332031,0.0,0.0,266.54938478469853,,2019,pit,SP
17793,Trey Wingenter,P,60.0,0.0,60.0,1.7757999897003174,13.399800300598145,356.34573884010314,,2019,pit,RP
12890,Alex Claudio,P,60.0,0.0,60.0,0.0,15.0516996383667,316.5134969711304,,2019,pit,RP
16587,Erik Swanson,P,18.100000381469727,8.100000381469727,56.16999816894531,0.0,0.781499981880188,200.44380841255185,,2019,pit,RP
14375,Amir Garrett,P,65.0,0.0,65.0,0.0,15.916799545288086,345.4682864189148,,2019,pit,RP
13188,Adalberto Mejía,P,31.479999542236328,6.480000019073486,60.23440170288086,0.0,0.7226999998092651,217.74135537147524,,2019,pit,RP
6033,Kelvin Herrera,P,65.0,0.0,65.0,5.334099769592285,13.324899673461914,348.64174313545226,,2019,pit,RP
1157,Tommy Hunter,P,55.0,0.0,55.0,1.7926000356674194,16.855499267578125,312.08398802280425,,2019,pit,RP
11964,Taylor Cole,P,43.2400016784668,3.240000009536743,57.76860046386719,0.0,6.614699840545654,256.54905304908755,,2019,pit,RP
13549,Richard Rodríguez,P,60.0,0.0,60.0,2.2237000465393066,18.237199783325195,359.09776577949526,,2019,pit,RP
6895,Chase Anderson,P,57.959999084472656,12.960000038146973,116.1500015258789,0.0,10.731300354003906,441.11616735458364,TEX,2019,pit,RP
15885,Fernando Romero,P,39.86000061035156,4.860000133514404,62.03219985961914,0.0,3.3726999759674072,237.40363306999217,,2019,pit,RP
12664,Jerad Eickhoff,P,9.720000267028809,9.720000267028809,54.69580078125,0.0,0.0,178.7134910106659,,2019,pit,SP
8782,Andrew Cashner,P,24.299999237060547,24.299999237060547,138.33799743652344,0.0,0.0,303.1168831825255,,2019,pit,SP
11694,Nick Kingham,P,38.2400016784668,3.240000009536743,52.61349868774414,0.0,5.790299892425537,230.92254748344422,,2019,pit,RP
5003,Jake Diekman,P,55.0,0.0,55.0,8.850099563598633,11.770099639892578,349.5731776714325,,2019,pit,RP
375,Bartolo Colon,P,16.200000762939453,16.200000762939453,91.3583984375,0.0,0.0,239.96361174583433,,2019,pit,SP
7448,Gio Gonzalez,P,8.100000381469727,8.100000381469727,45.88650131225586,0.0,0.0,147.60850608348846,,2019,pit,SP
12988,Andrew Chafin,P,55.0,0.0,55.0,0.0,14.288700103759766,313.650644493103,MIN,2019,pit,RP
5615,Ryan Brasier,P,65.0,0.0,65.0,35.02259826660156,1.9263999462127686,459.71806077957154,TEX,2019,pit,RP
13684,John Gant,P,44.86000061035156,4.860000133514404,66.5105972290039,0.0,6.7895002365112305,297.67230949401863,,2019,pit,RP
9490,Jeremy Jeffress,P,40.0,0.0,40.0,0.0,8.431699752807617,227.89207139015195,,2019,pit,RP
10343,Aaron Loup,P,40.0,0.0,40.0,0.0,5.746500015258789,212.41206607818606,,2019,pit,RP
9817,Sergio Romo,P,65.0,0.0,65.0,10.554499626159668,10.317000389099121,381.2164462089538,,2019,pit,RP
15474,Lucas Giolito,P,24.299999237060547,24.299999237060547,135.947998046875,0.0,0.0,355.61627941131593,,2019,pit,SP
4264,Mark Melancon,P,65.0,0.0,65.0,11.836000442504883,11.321999549865723,398.5405442714691,,2019,pit,RP
3200,Ervin Santana,P,17.81999969482422,17.81999969482422,104.24800109863281,0.0,0.0,242.83787775039673,,2019,pit,SP
13804,Walker Lockett,P,16.479999542236328,6.480000019073486,46.31800079345703,0.0,0.7685999870300293,177.3477332592011,,2019,pit,RP
13403,Félix Peña,P,8.100000381469727,8.100000381469727,45.18920135498047,0.0,0.0,149.77171025276184,,2019,pit,SP
12777,John Brebbia,P,50.0,0.0,50.0,0.0,16.58810043334961,290.83291482925415,COL,2019,pit,RP
13649,Clay Holmes,P,23.239999771118164,3.240000009536743,37.89360046386719,0.0,0.8271999955177307,161.11196064949036,NYM,2019,pit,RP
14244,Ray Black,P,25.0,0.0,25.0,0.0,0.7523000240325928,146.96706565618513,MIL,2019,pit,RP
12799,Cody Anderson,P,24.860000610351562,4.860000133514404,47.434600830078125,0.0,0.807699978351593,176.66281483173373,,2019,pit,RP
12763,Chris Devenski,P,50.0,0.0,50.0,0.0,10.269000053405762,267.02666575908665,PIT,2019,pit,RP
14741,Tyler Olson,P,50.0,0.0,50.0,0.0,13.217100143432617,264.8961522102356,,2019,pit,RP
6984,Luis García,P,40.0,0.0,40.0,0.0,9.095199584960938,207.45299429893493,NYM,2019,pit,RP
16390,Brad Wieck,P,35.0,0.0,35.0,0.0,3.352099895477295,185.6164682149887,,2019,pit,RP
7731,Juan Nicasio,P,40.0,0.0,40.0,0.0,0.8252000212669373,186.26549789905548,,2019,pit,RP
12545,Drew Gagnon,P,30.0,0.0,30.0,0.0,0.7685999870300293,146.3465322971344,,2019,pit,RP
9866,Chaz Roe,P,50.0,0.0,50.0,0.0,17.58370018005371,294.7397745132446,,2019,pit,RP
6499,Blaine Hardy,P,50.0,0.0,50.0,0.0,11.337200164794922,246.1866356372833,,2019,pit,RP
5702,Junior Guerra,P,60.0,0.0,60.0,0.661899983882904,17.618799209594727,337.8562945246697,,2019,pit,RP
14391,Yohander Méndez,P,11.34000015258789,11.34000015258789,64.76399993896484,0.0,0.0,168.61157674789436,,2019,pit,SP
7466,Anthony Swarzak,P,60.0,0.0,60.0,3.882699966430664,13.958800315856934,327.5793967247009,,2019,pit,RP
18790,Dillon Peters,P,6.480000019073486,6.480000019073486,36.225399017333984,0.0,0.0,111.546137714386,,2019,pit,SP
5365,Manny Banuelos,P,29.719999313354492,9.720000267028809,75.40399932861328,0.0,0.7290999889373779,247.97791152000426,,2019,pit,RP
13594,Robert Stephenson,P,51.619998931884766,1.6200000047683716,58.883399963378906,0.0,10.288100242614746,291.16833791732785,LAA,2019,pit,RP
16155,Eric Skoglund,P,9.720000267028809,9.720000267028809,53.06669998168945,0.0,0.0,167.94544219970706,,2019,pit,SP
7385,Dan Otero,P,50.0,0.0,50.0,0.0,12.564399719238281,248.37039134502407,,2019,pit,RP
15010,Corey Knebel,P,20.0,0.0,20.0,0.0,0.7664999961853027,117.93777871131897,,2019,pit,RP
11437,Jesse Biddle,P,45.0,0.0,45.0,0.0,11.549300193786621,258.96014885902406,,2019,pit,RP
4259,David Hernandez,P,60.0,0.0,60.0,0.0,17.549299240112305,305.58439288139346,,2019,pit,RP
18076,Matt Hall,P,24.719999313354492,9.720000267028809,70.40399932861328,0.0,0.7287999987602234,224.1315659046173,,2019,pit,RP
1345,Blake Wood,P,50.0,0.0,50.0,0.0,0.0,214.85611290931703,LAA,2019,pit,RP
3548,Liam Hendriks,P,30.0,0.0,30.0,0.0,2.7132999897003174,154.277960896492,MIN,2019,pit,RP
10587,Chad Bettis,P,48.099998474121094,8.100000381469727,85.43289947509766,0.0,4.204400062561035,277.6420825958253,,2019,pit,RP
10291,Ryan Tepera,P,65.0,0.0,65.0,8.999500274658203,12.189800262451172,353.2228563785553,,2019,pit,RP
13483,Connor Sadzeck,P,40.0,0.0,40.0,0.0,8.586999893188477,193.915346288681,,2019,pit,RP
19403,Colin Poche,P,30.0,0.0,30.0,0.0,0.8996000289916992,155.7275434732437,DET,2019,pit,RP
13182,Kyle Crick,P,50.0,0.0,50.0,0.37059998512268066,13.400400161743164,265.75204262733456,,2019,pit,RP
13323,James Pazos,P,40.0,0.0,40.0,0.0,6.601900100708008,197.35803871154786,,2019,pit,RP
5498,Arodys Vizcaíno,P,65.0,0.0,65.0,26.561100006103516,5.155900001525879,443.0431228160859,,2019,pit,RP
5358,Jose Alvarez,P,40.0,0.0,40.0,0.0,4.401299953460693,187.1879017829895,,2019,pit,RP
11903,Michael Feliz,P,40.0,0.0,40.0,0.0,9.098999977111816,210.78344535827634,,2019,pit,RP
19312,Cal Quantrill,P,8.100000381469727,8.100000381469727,46.16999816894531,0.0,0.0,151.33584544658657,TEX,2019,pit,SP
15832,Paul Fry,P,60.0,0.0,60.0,1.306399941444397,14.979599952697754,303.29591152667996,,2019,pit,RP
15873,Sean Manaea,P,4.860000133514404,4.860000133514404,27.934200286865234,0.0,0.0,94.3894234418869,NYM,2019,pit,SP
14527,Jorge López,P,19.440000534057617,19.440000534057617,108.36699676513672,0.0,0.0,316.8759035110474,,2019,pit,SP
8580,Justin Miller,P,50.0,0.0,50.0,0.0,13.070799827575684,269.01969015598297,,2019,pit,RP
10756,Shane Greene,P,65.0,0.0,65.0,27.410400390625,3.6440999507904053,402.8560914993286,,2019,pit,RP
11710,Sam Dyson,P,60.0,0.0,60.0,0.0,14.772299766540527,322.3465069770813,,2019,pit,RP
19614,Cionel Pérez,P,50.0,0.0,50.0,0.0,11.617400169372559,263.6828649759293,WSN,2019,pit,RP
13424,Drew VerHagen,P,40.0,0.0,40.0,0.0,5.830599784851074,182.6180489063263,,2019,pit,RP
12699,Ryan Carpenter,P,9.720000267028809,9.720000267028809,53.9276008605957,0.0,0.0,152.42129731178287,,2019,pit,SP
14506,J.B. Wendelken,P,50.0,0.0,50.0,0.0,9.326800346374512,243.279690527916,,2019,pit,RP
12586,Mike Wright Jr.,P,19.440000534057617,19.440000534057617,107.82099914550781,0.0,0.0,243.05429315567017,,2019,pit,SP
17695,Koda Glover,P,40.0,0.0,40.0,0.0,9.242899894714355,198.16107726097107,,2019,pit,RP
3840,Zach Duke,P,40.0,0.0,40.0,0.0,5.985799789428711,192.18000266551974,,2019,pit,RP
13780,Daniel Stumpf,P,50.0,0.0,50.0,0.0,11.926199913024902,236.85000689029692,,2019,pit,RP
16348,Gabriel Moya,P,50.0,0.0,50.0,0.0,9.9375,237.83013391494748,,2019,pit,RP
18525,Dylan Cease,P,4.860000133514404,4.860000133514404,27.70199966430664,0.0,0.0,94.7485044002533,TOR,2019,pit,SP
3555,Tony Barnette,P,35.0,0.0,35.0,0.0,3.7604000568389893,172.0558506011963,,2019,pit,RP
17002,Trevor Hildenberger,P,50.0,0.0,50.0,0.0,11.242400169372559,246.04751677513124,,2019,pit,RP
8302,JC Ramírez,P,6.480000019073486,6.480000019073486,36.700801849365234,0.0,0.0,111.26993045806884,,2019,pit,SP
11449,Matt Grace,P,40.0,0.0,40.0,0.0,6.722099781036377,188.1690058708191,,2019,pit,RP
12580,Adam Morgan,P,45.0,0.0,45.0,0.0,11.553299903869629,234.2295041322708,,2019,pit,RP
1514,Oliver Pérez,P,40.0,0.0,40.0,0.0,8.884900093078613,208.35353960990903,,2019,pit,RP
4090,Luke Gregerson,P,50.0,0.0,50.0,0.0,13.887700080871582,272.1142664432525,,2019,pit,RP
12804,Matt Wisler,P,30.0,0.0,30.0,0.0,0.748199999332428,122.04506326913834,,2019,pit,RP
6627,Brad Brach,P,45.0,0.0,45.0,0.0,9.971799850463867,232.42631125450134,,2019,pit,RP
19586,Forrest Whitley,P,4.860000133514404,4.860000133514404,27.70199966430664,0.0,0.0,99.66693682670594,,2019,pit,SP
17030,Ariel Jurado,P,18.100000381469727,8.100000381469727,55.393699645996094,0.0,0.7806000113487244,142.50906767845154,,2019,pit,RP
9895,Chris Rusin,P,45.0,0.0,45.0,0.0,7.09499979019165,201.2423937559128,,2019,pit,RP
15290,Austin Pruitt,P,40.0,0.0,40.0,0.0,4.797999858856201,190.79400320053102,OAK,2019,pit,RP
7677,Neil Ramírez,P,50.0,0.0,50.0,1.9311000108718872,14.99779987335205,281.0298842668533,,2019,pit,RP
17369,Brett Martin,P,4.860000133514404,4.860000133514404,27.70199966430664,0.0,0.0,81.83076478242876,,2019,pit,SP
3201,Francisco Liriano,P,35.0,0.0,35.0,0.0,3.8601999282836914,171.34447984695436,,2019,pit,RP
11632,Heath Hembree,P,50.0,0.0,50.0,0.0,12.609299659729004,262.9862854003906,,2019,pit,RP
8280,Tony Sipp,P,50.0,0.0,50.0,1.9580999612808228,13.062299728393555,273.9053421497345,,2019,pit,RP
16511,Jordan Montgomery,P,3.240000009536743,3.240000009536743,17.83340072631836,0.0,0.0,59.710956239700316,TEX,2019,pit,SP
18297,Tyler Kinley,P,50.0,0.0,50.0,0.0,10.663599967956543,263.19517147541046,ATL,2019,pit,RP
13394,Dylan Floro,P,50.0,0.0,50.0,0.0,13.6875,266.4211909294128,,2019,pit,RP
5224,Blake Parker,P,65.0,0.0,65.0,31.243499755859375,1.8068000078201294,417.40080928802485,,2019,pit,RP
6316,David Phelps,P,35.0,0.0,35.0,0.0,0.7559999823570251,151.45155160427095,,2019,pit,RP
13696,Robert Gsellman,P,60.0,0.0,60.0,1.1800999641418457,17.485700607299805,320.4236160755157,,2019,pit,RP
17181,Yoan López,P,50.0,0.0,50.0,0.0,12.348299980163574,273.4062575340271,,2019,pit,RP
6576,Robert Stock,P,45.0,0.0,45.0,0.0,8.889100074768066,236.58767402172086,NYM,2019,pit,RP
6483,Steve Cishek,P,50.0,0.0,50.0,0.0,12.534799575805664,265.3631901741028,,2019,pit,RP
17677,Jeffrey Springs,P,40.0,0.0,40.0,0.0,9.714599609375,207.29493992328642,OAK,2019,pit,RP
15118,James Sherfy,P,40.0,0.0,40.0,0.0,4.233699798583984,197.93012933731075,,2019,pit,RP
15091,Hunter Wood,P,40.0,0.0,40.0,0.0,7.197000026702881,210.8083861589432,,2019,pit,RP
5420,Pedro Báez,P,50.0,0.0,50.0,0.0,16.349000930786133,278.8763629674911,,2019,pit,RP
13345,Luis Cessa,P,23.239999771118164,3.240000009536743,37.56760025024414,0.0,0.7117000222206116,134.34975063800812,,2019,pit,RP
10843,Adam Kolarek,P,40.0,0.0,40.0,0.0,11.777000427246094,213.3875952243805,,2019,pit,RP
11384,Tommy Kahnle,P,40.0,0.0,40.0,0.0,5.69350004196167,196.93663935661314,,2019,pit,RP
15071,Kyle McGowin,P,3.240000009536743,3.240000009536743,18.33370018005371,0.0,0.0,64.7345202445984,,2019,pit,SP
13690,Sal Romano,P,21.6200008392334,1.6200000047683716,28.939599990844727,0.0,0.748199999332428,110.01401362419128,,2019,pit,RP
15047,Austin Voth,P,31.6200008392334,1.6200000047683716,39.154300689697266,0.0,3.3610999584198,168.34535934925077,CHW,2019,pit,RP
13360,Cam Bedrosian,P,50.0,0.0,50.0,0.0,16.160900115966797,259.07176144123076,,2019,pit,RP
2882,Luis Avilán,P,40.0,0.0,40.0,0.0,8.454299926757812,203.0828583955765,,2019,pit,RP
9029,Adam Warren,P,45.0,0.0,45.0,0.0,10.056400299072266,230.39634721279145,,2019,pit,RP
14739,Paul Blackburn,P,4.860000133514404,4.860000133514404,27.159000396728516,0.0,0.0,81.00835976600648,NYY,2019,pit,SP
17418,David Paulino,P,35.0,0.0,35.0,0.0,3.5278000831604004,166.837571811676,,2019,pit,RP
19618,Jordan Hicks,P,60.0,0.0,60.0,23.068500518798828,7.834099769592285,410.3424875259399,CHW,2019,pit,RP
17585,Jordan Yamamoto,P,3.240000009536743,3.240000009536743,18.468000411987305,0.0,0.0,71.3921818137169,,2019,pit,SP
13533,Andrew Triggs,P,3.240000009536743,3.240000009536743,17.686399459838867,0.0,0.0,63.762896347045896,BOS,2019,pit,SP
7059,James Shields,P,19.440000534057617,19.440000534057617,115.24400329589844,0.0,0.0,299.3870303153993,,2019,pit,SP
19546,Jon Duplantier,P,3.240000009536743,3.240000009536743,18.468000411987305,0.0,0.0,69.94048438072207,,2019,pit,SP
18114,Ben Taylor,P,30.0,0.0,30.0,0.0,0.807699978351593,128.82762372493744,,2019,pit,RP
9325,Jared Hughes,P,65.0,0.0,65.0,1.8158999681472778,15.282600402832031,312.4538591146469,,2019,pit,RP
1841,Edwin Jackson,P,16.200000762939453,16.200000762939453,90.72989654541016,0.0,0.0,244.040881729126,,2019,pit,SP
16814,Tim Hill,P,50.0,0.0,50.0,0.0,11.944299697875977,255.85710074901579,NYY,2019,pit,RP
13707,Joey Krehbiel,P,30.0,0.0,30.0,0.0,0.7937999963760376,135.1303064584732,,2019,pit,RP
20491,J.B. Bukauskas,P,4.860000133514404,4.860000133514404,27.70199966430664,0.0,0.0,90.3983582019806,MIL,2019,pit,SP
13801,Austin Adams,P,20.0,0.0,20.0,0.0,0.8403000235557556,101.98196629285812,,2019,pit,RP
19266,Taylor Widener,P,3.240000009536743,3.240000009536743,18.468000411987305,0.0,0.0,72.17726083993912,,2019,pit,SP
12578,DJ Johnson,P,20.0,0.0,20.0,0.0,0.7882999777793884,86.51175245046613,,2019,pit,RP
19341,Hector Velázquez,P,51.619998931884766,1.6200000047683716,58.68899917602539,0.0,10.595399856567383,252.85712127685554,,2019,pit,RP
10314,Erasmo Ramírez,P,33.2400016784668,3.240000009536743,47.64550018310547,0.0,0.7706000208854675,165.79470577239988,,2019,pit,RP
18719,Seunghwan Oh,P,65.0,0.0,65.0,5.106599807739258,14.406800270080566,317.73845648765564,,2019,pit,RP
8110,Bryan Shaw,P,50.0,0.0,50.0,0.0,12.899999618530273,242.31363897323607,,2019,pit,RP
7803,Richard Bleier,P,65.0,0.0,65.0,1.6330000162124634,13.588299751281738,273.21259677410126,,2019,pit,RP
16201,Justin Anderson,P,50.0,0.0,50.0,0.0,13.530099868774414,251.4076748847961,,2019,pit,RP
6986,Ian Kennedy,P,45.0,0.0,45.0,0.0,9.03279972076416,220.88399894237517,TEX,2019,pit,RP
19261,Ian Hamilton,P,45.0,0.0,45.0,0.0,10.207900047302246,215.06754970550537,ATL,2019,pit,RP
15042,Tim Mayza,P,50.0,0.0,50.0,0.0,14.775500297546387,267.0369996786118,PHI,2019,pit,RP
8362,Homer Bailey,P,12.960000038146973,12.960000038146973,70.88359832763672,0.0,0.0,191.92487545013424,,2019,pit,SP
13528,Matt Bowman,P,20.0,0.0,20.0,0.0,0.748199999332428,85.96590194702148,MIN,2019,pit,RP
18510,Josh Rogers,P,8.100000381469727,8.100000381469727,45.14659881591797,0.0,0.0,98.46805346012113,,2019,pit,SP
15451,Mike Mayers,P,25.0,0.0,25.0,0.0,0.8486999869346619,108.99042694568635,,2019,pit,RP
9492,Bud Norris,P,50.0,0.0,50.0,0.0,12.370200157165527,253.17088308334348,,2019,pit,RP
7555,Nick Vincent,P,50.0,0.0,50.0,0.0,10.343999862670898,248.05641455650328,,2019,pit,RP
13713,Kyle Barraclough,P,55.0,0.0,55.0,1.9580999612808228,17.162500381469727,305.0913480997085,,2019,pit,RP
12857,Shawn Armstrong,P,60.0,0.0,60.0,0.0,18.32979965209961,322.94910049438477,CLE,2019,pit,RP
13699,Jake Faria,P,4.860000133514404,4.860000133514404,26.537599563598633,0.0,0.0,88.05444378852845,,2019,pit,SP
13677,Corey Oswalt,P,3.240000009536743,3.240000009536743,17.653799057006836,0.0,0.0,58.83034343719483,,2019,pit,SP
16588,Jonathan Holder,P,50.0,0.0,50.0,0.0,9.785699844360352,222.9932638645172,,2019,pit,RP
16561,Austin Gomber,P,3.240000009536743,3.240000009536743,18.106000900268555,0.0,0.0,65.09695811271669,TEX,2019,pit,SP
17432,Jeff Hoffman,P,4.860000133514404,4.860000133514404,27.267499923706055,0.0,0.0,79.81185426712035,TOR,2019,pit,SP
15256,Cole Sulser,P,20.0,0.0,20.0,0.0,0.8996000289916992,97.02680289745331,TBR,2019,pit,RP
15166,Luiz Gohara,P,1.6200000047683716,1.6200000047683716,9.18616008758545,0.0,0.0,38.97268456220627,,2019,pit,SP
17035,Joe Palumbo,P,11.619999885559082,1.6200000047683716,19.233999252319336,0.0,0.7806000113487244,73.8880955338478,,2019,pit,RP
14771,Emilio Pagán,P,40.0,0.0,40.0,0.0,0.8996000289916992,169.5702555179596,CIN,2019,pit,RP
10341,Juan Minaya,P,35.0,0.0,35.0,0.0,0.7290999889373779,137.31471862792966,,2019,pit,RP
13194,Joe Biagini,P,50.0,0.0,50.0,0.0,10.394399642944336,226.21506962776184,,2019,pit,RP
14272,Brian Johnson,P,9.720000267028809,9.720000267028809,52.920101165771484,0.0,0.0,145.977359867096,,2019,pit,SP
7550,Jake McGee,P,50.0,0.0,50.0,0.0,10.839599609375,231.2464831829071,,2019,pit,RP
14764,Wes Parsons,P,35.0,0.0,35.0,0.0,3.8498001098632812,166.68719038963317,,2019,pit,RP
15291,Steven Brault,P,40.0,0.0,40.0,0.0,10.293899536132812,205.93747437000275,,2019,pit,RP
13767,JT Chargois,P,25.0,0.0,25.0,0.0,0.8364999890327454,118.85826853513717,,2019,pit,RP
12673,Roenis Elías,P,51.619998931884766,1.6200000047683716,58.945098876953125,0.0,12.788200378417969,256.2492540836335,,2019,pit,RP
14682,Luis Perdomo,P,15.0,0.0,15.0,0.0,0.7182999849319458,70.08792001008987,,2019,pit,RP
7175,Jonny Venters,P,50.0,0.0,50.0,0.0,13.499199867248535,266.8055624246597,,2019,pit,RP
14974,Tyler Webb,P,20.0,0.0,20.0,0.0,0.8486999869346619,88.82497100830078,,2019,pit,RP
14932,Ben Lively,P,4.860000133514404,4.860000133514404,27.401100158691406,0.0,0.0,77.37827036380767,CLE,2019,pit,SP
1483,Jon Edwards,P,40.0,0.0,40.0,0.0,6.461699962615967,197.20723071098325,,2019,pit,RP
14899,Taylor Williams,P,40.0,0.0,40.0,0.0,6.132199764251709,192.233425116539,,2019,pit,RP
14361,Ty Blach,P,29.860000610351562,4.860000133514404,52.47119903564453,0.0,0.7523000240325928,193.4886267185211,,2019,pit,RP
14542,Carlos Estévez,P,20.0,0.0,20.0,0.0,0.7882999777793884,85.99357944726943,KCR,2019,pit,RP
14338,Williams Jerez,P,30.0,0.0,30.0,0.0,0.8267999887466431,123.41790819168091,,2019,pit,RP
15655,Yefry Ramírez,P,23.239999771118164,3.240000009536743,37.528900146484375,0.0,0.6653000116348267,117.30354030132295,,2019,pit,RP
15264,Keynan Middleton,P,25.0,0.0,25.0,0.0,0.8267999887466431,107.3047097325325,LAD,2019,pit,RP
14843,Michael Lorenzen,P,51.619998931884766,1.6200000047683716,59.104698181152344,0.0,11.639100074768066,257.2316613674164,COL,2019,pit,RP
494,Fernando Rodney,P,40.0,0.0,40.0,0.0,5.426499843597412,182.20479400157927,,2019,pit,RP
15231,Aaron Slegers,P,11.619999885559082,1.6200000047683716,19.037200927734375,0.0,0.8271999955177307,67.51807051897049,,2019,pit,RP
18064,Phil Maton,P,25.0,0.0,25.0,0.0,0.7182999849319458,110.87519869804382,CHC,2019,pit,RP
18694,Kolby Allard,P,3.240000009536743,3.240000009536743,18.412700653076172,0.0,0.0,58.335333776473995,CLE,2019,pit,SP
9419,Zac Rosscup,P,40.0,0.0,40.0,0.0,6.251999855041504,192.09917340278628,,2019,pit,RP
19911,José Suarez,P,1.6200000047683716,1.6200000047683716,9.234000205993652,0.0,0.0,34.11347012519836,ATL,2019,pit,SP
15906,Lewis Thorpe,P,11.619999885559082,1.6200000047683716,19.233999252319336,0.0,0.7226999998092651,75.96511552333831,,2019,pit,RP
19482,Andrew Vasquez,P,20.0,0.0,20.0,0.0,0.7226999998092651,89.85978939533234,,2019,pit,RP
17775,Jacob Nix,P,6.480000019073486,6.480000019073486,35.7505989074707,0.0,0.0,108.27141828536986,,2019,pit,SP
13763,Dominic Leone,P,50.0,0.0,50.0,0.0,13.201899528503418,262.60698578357693,,2019,pit,RP
4682,Pat Neshek,P,55.0,0.0,55.0,0.0,14.854299545288086,253.2747200489044,,2019,pit,RP
15066,Jaime Schultz,P,10.0,0.0,10.0,0.0,0.8364999890327454,53.55245969295501,,2019,pit,RP
13172,Carson Smith,P,10.0,0.0,10.0,0.0,0.7706000208854675,48.524870812892914,,2019,pit,RP
17464,Jonathan Hernández,P,4.860000133514404,4.860000133514404,27.70199966430664,0.0,0.0,72.67823860645295,PHI,2019,pit,SP
15823,Zack Littell,P,21.6200008392334,1.6200000047683716,29.064300537109375,0.0,0.7226999998092651,104.04507613182072,,2019,pit,RP
16258,Aaron Bummer,P,20.0,0.0,20.0,0.0,0.7290999889373779,84.791200196743,ATL,2019,pit,RP
18403,Enyel De Los Santos,P,4.860000133514404,4.860000133514404,27.61709976196289,0.0,0.0,83.42167074680329,HOU,2019,pit,SP
20395,Nick Margevicius,P,3.240000009536743,3.240000009536743,18.468000411987305,0.0,0.0,59.78084272146226,SFG,2019,pit,SP
12800,Noé Ramirez,P,30.0,0.0,30.0,0.0,3.3073999881744385,134.32705256938934,,2019,pit,RP
11691,Tayron Guerrero,P,60.0,0.0,60.0,0.0,13.461000442504883,321.2036985874176,BOS,2019,pit,RP
12237,Dan Winkler,P,25.0,0.0,25.0,0.0,0.824999988079071,114.14562985897064,,2019,pit,RP
4300,Matt Albers,P,65.0,0.0,65.0,14.231499671936035,9.393699645996094,362.9900590419769,,2019,pit,RP
18699,Nick Neidert,P,1.6200000047683716,1.6200000047683716,9.234000205993652,0.0,0.0,35.10676136016846,,2019,pit,SP
15068,Yency Almonte,P,3.240000009536743,3.240000009536743,18.468000411987305,0.0,0.0,50.02196439504625,LAD,2019,pit,SP
16074,Nick Burdi,P,25.0,0.0,25.0,0.0,0.8271999955177307,110.21390199661255,NYM,2019,pit,RP
8185,Steven Wright,P,56.47999954223633,6.480000019073486,87.41889953613281,0.0,5.1371002197265625,310.0279213905335,,2019,pit,RP
13896,Chris Flexen,P,3.240000009536743,3.240000009536743,17.932600021362305,0.0,0.0,56.157157588005056,,2019,pit,SP
13834,Alec Mills,P,3.240000009536743,3.240000009536743,18.411399841308594,0.0,0.0,60.28681787252427,,2019,pit,SP
16419,Chih-Wei Hu,P,21.6200008392334,1.6200000047683716,29.233999252319336,0.0,0.807699978351593,102.3827030301094,,2019,pit,RP
7024,Miguel González,P,11.34000015258789,11.34000015258789,66.99330139160156,0.0,0.0,178.61130218505863,CHW,2019,pit,SP
13758,Tyler Duffey,P,20.0,0.0,20.0,0.0,0.7226999998092651,84.35741260051728,,2019,pit,RP
16110,Daniel Ponce de Leon,P,3.240000009536743,3.240000009536743,18.212600708007812,0.0,0.0,61.30260653495788,,2019,pit,SP
15267,Jacob Rhame,P,20.0,0.0,20.0,0.0,0.7685999870300293,89.35203070640566,,2019,pit,RP
16727,Brock Stewart,P,16.6200008392334,1.6200000047683716,23.90850067138672,0.0,0.8364999890327454,94.10732927322388,LAD,2019,pit,RP
16309,Austen Williams,P,20.0,0.0,20.0,0.0,0.8403000235557556,83.3241590976715,WSN,2019,pit,RP
17877,Brett Kennedy,P,15.0,0.0,15.0,0.0,0.7182999849319458,70.5923713684082,,2019,pit,RP
36,Xavier Cedeño,P,20.0,0.0,20.0,0.0,0.8058000206947327,88.02591739892958,,2019,pit,RP
12997,Colten Brewer,P,10.0,0.0,10.0,0.0,0.7706000208854675,45.3320483982563,,2019,pit,RP
17679,Rogelio Armenteros,P,1.6200000047683716,1.6200000047683716,9.234000205993652,0.0,0.0,33.63594100475311,,2019,pit,SP
15306,Donnie Hart,P,15.0,0.0,15.0,0.0,0.8364999890327454,66.74384024143218,,2019,pit,RP
17878,Dennis Santana,P,1.6200000047683716,1.6200000047683716,9.234000205993652,0.0,0.0,36.29440984725953,PIT,2019,pit,SP
2047,Jorge De La Rosa,P,60.0,0.0,60.0,0.0,0.0,221.2016906261444,,2019,pit,RP
15288,Adam Cimber,P,60.0,0.0,60.0,1.9311000108718872,15.228500366210938,287.5504326105118,,2019,pit,RP
17811,Daniel Zamora,P,40.0,0.0,40.0,0.0,6.148600101470947,197.7050992965698,,2019,pit,RP
14986,Giovanny Gallegos,P,10.0,0.0,10.0,0.0,0.8486999869346619,52.10827055573463,,2019,pit,RP
16703,Julian Merryweather,P,1.6200000047683716,1.6200000047683716,9.234000205993652,0.0,0.0,29.984059751033787,MIN,2019,pit,SP
18864,Pedro Avila,P,9.859999656677246,4.860000133514404,32.70199966430664,0.0,0.7182999849319458,110.56608579158782,CLE,2019,pit,RP
11203,Grant Dayton,P,15.0,0.0,15.0,0.0,0.824999988079071,72.83502042293549,,2019,pit,RP
14332,Joel Payamps,P,25.0,0.0,25.0,0.0,0.7937999963760376,107.74504978656769,ATL,2019,pit,RP
13393,Brady Rodgers,P,3.240000009536743,3.240000009536743,18.427099227905273,0.0,0.0,52.707405149936655,,2019,pit,SP
15100,Ben Heller,P,25.0,0.0,25.0,0.0,0.7117000222206116,102.72232553958892,CHC,2019,pit,RP
13470,Lucas Sims,P,1.6200000047683716,1.6200000047683716,9.131939888000488,0.0,0.0,30.903426396846772,CHW,2019,pit,SP
15915,Víctor Arano,P,25.0,0.0,25.0,0.0,0.8252000212669373,102.1244825720787,WSN,2019,pit,RP
17578,JT Brubaker,P,1.6200000047683716,1.6200000047683716,9.234000205993652,0.0,0.0,30.226273399591452,SFG,2019,pit,SP
12323,Jacob Barnes,P,35.0,0.0,35.0,0.0,3.5771000385284424,157.78989701271055,,2019,pit,RP
19285,Kyle Dowdy,P,20.0,0.0,20.0,0.0,0.7685999870300293,87.069879925251,,2019,pit,RP
16086,Edubray Ramos,P,20.0,0.0,20.0,0.0,0.8252000212669373,79.77187175750734,,2019,pit,RP
7608,Tommy Milone,P,1.6200000047683716,1.6200000047683716,8.978930473327637,0.0,0.0,27.866204351186756,,2019,pit,SP
14672,Dillon Maples,P,10.0,0.0,10.0,0.0,0.8058000206947327,52.7726288318634,,2019,pit,RP
19337,Richard Lovelady,P,20.0,0.0,20.0,0.0,0.7299000024795532,84.86638561487197,WSN,2019,pit,RP
17237,Austin Brice,P,45.0,0.0,45.0,0.0,4.113100051879883,201.50924782752986,,2019,pit,RP
15200,Glenn Sparkman,P,19.860000610351562,4.860000133514404,42.23849868774414,0.0,0.7299000024795532,137.03003900051118,,2019,pit,RP
13946,Tim Peterson,P,40.0,0.0,40.0,1.9667999744415283,3.8940999507904053,187.40411992073058,,2019,pit,RP
17281,Thomas Pannone,P,3.240000009536743,3.240000009536743,18.57110023498535,0.0,0.0,49.35671883821487,MIL,2019,pit,SP
17796,Dillon Tate,P,3.240000009536743,3.240000009536743,18.468000411987305,0.0,0.0,42.57882354259492,,2019,pit,SP
3993,Allen Webster,P,25.0,0.0,25.0,0.0,0.8058000206947327,96.15167863368987,,2019,pit,RP
16944,Grant Holmes,P,11.619999885559082,1.6200000047683716,19.233999252319336,0.0,0.6783000230789185,72.0652218580246,ATL,2019,pit,RP
19291,Zac Gallen,P,1.6200000047683716,1.6200000047683716,9.234000205993652,0.0,0.0,33.43942029476166,ARI,2019,pit,SP
3281,Joe Smith,P,10.0,0.0,10.0,0.0,0.7468000054359436,44.01883029341697,,2019,pit,RP
16513,Nick Gardewine,P,35.0,0.0,35.0,0.0,0.7806000113487244,134.89651880264285,,2019,pit,RP
10819,R.J. Alaniz,P,25.0,0.0,25.0,0.0,0.781499981880188,100.79766917228699,,2019,pit,RP
16468,Trevor Oaks,P,3.240000009536743,3.240000009536743,18.282899856567383,0.0,0.0,50.66689771413802,,2019,pit,SP
19951,Ian Anderson,P,1.6200000047683716,1.6200000047683716,9.234000205993652,0.0,0.0,32.79145020842553,,2019,pit,SP
18325,Taylor Hearn,P,1.6200000047683716,1.6200000047683716,9.234000205993652,0.0,0.0,27.864321810007098,,2019,pit,SP
14993,Scott Barlow,P,16.6200008392334,1.6200000047683716,24.233999252319336,0.0,0.7299000024795532,91.43372631072998,OAK,2019,pit,RP
10855,Chasen Shreve,P,25.0,0.0,25.0,0.0,0.8486999869346619,113.78343671560287,,2019,pit,RP
18581,Travis Bergen,P,30.0,0.0,30.0,0.0,4.513800144195557,149.90926988124846,,2019,pit,RP
10534,Jake Petricka,P,10.0,0.0,10.0,0.0,0.7664999961853027,45.493999576568605,,2019,pit,RP
18138,Ryan Helsley,P,10.0,0.0,10.0,0.0,0.8486999869346619,48.56971115469932,BAL,2019,pit,RP
8073,Dan Jennings,P,25.0,0.0,25.0,0.0,0.8267999887466431,95.20026018619537,,2019,pit,RP
9033,Jeanmar Gómez,P,40.0,0.0,40.0,0.0,10.219300270080566,174.24909975528718,,2019,pit,RP
9059,John Axford,P,20.0,0.0,20.0,0.0,0.7559999823570251,83.37570346593857,,2019,pit,RP
14677,Duane Underwood Jr.,P,1.6200000047683716,1.6200000047683716,9.166830062866211,0.0,0.0,27.325672233104704,,2019,pit,SP
5070,Josh Fields,P,35.0,0.0,35.0,0.0,0.7664999961853027,140.79536912441256,,2019,pit,RP
17277,Ranger Suarez,P,1.6200000047683716,1.6200000047683716,9.04185962677002,0.0,0.0,27.520891821384428,BOS,2019,pit,SP
17169,José Castillo,P,5.0,0.0,5.0,0.0,0.7182999849319458,27.5134607821703,,2019,pit,RP
12555,Tony Cingrani,P,15.0,0.0,15.0,0.0,0.8364999890327454,72.29624960422515,,2019,pit,RP
17611,Taylor Clarke,P,1.6200000047683716,1.6200000047683716,9.234000205993652,0.0,0.0,30.881472700834276,ARI,2019,pit,SP
15524,Jen-Ho Tseng,P,1.6200000047683716,1.6200000047683716,9.036849975585938,0.0,0.0,28.687329727411278,,2019,pit,SP
11604,Dovydas Neverauskas,P,25.0,0.0,25.0,0.0,0.8271999955177307,105.04408752918242,,2019,pit,RP
15028,Victor Alcántara,P,40.0,0.0,40.0,0.0,8.01710033416748,164.32431931495665,,2019,pit,RP
17968,Brock Burke,P,1.6200000047683716,1.6200000047683716,9.234000205993652,0.0,0.0,25.455223554372793,CIN,2019,pit,SP
19159,Zack Burdi,P,10.0,0.0,10.0,0.0,0.7290999889373779,44.357667946815496,,2019,pit,RP
17117,Austin Davis,P,10.0,0.0,10.0,0.0,0.8252000212669373,44.984719288349154,,2019,pit,RP
15507,Hunter Harvey,P,1.6200000047683716,1.6200000047683716,9.234000205993652,0.0,0.0,23.865642398595817,CHC,2019,pit,SP
16269,John Means,P,1.6200000047683716,1.6200000047683716,9.234000205993652,0.0,0.0,21.2921719133854,KCR,2019,pit,SP
13685,Nick Goody,P,30.0,0.0,30.0,0.0,0.807699978351593,123.9939504146576,,2019,pit,RP
17995,Logan Webb,P,1.6200000047683716,1.6200000047683716,9.234000205993652,0.0,0.0,31.762191742658622,SFG,2019,pit,SP
18000,Triston McKenzie,P,1.6200000047683716,1.6200000047683716,9.234000205993652,0.0,0.0,28.29964107871056,SDP,2019,pit,SP
16166,Chandler Shepherd,P,20.0,0.0,20.0,0.0,0.7706000208854675,80.21216104030609,,2019,pit,RP
11334,Tyler Lyons,P,10.0,0.0,10.0,0.0,0.8271999955177307,43.85571852326393,NYY,2019,pit,RP
15502,Kohl Stewart,P,1.6200000047683716,1.6200000047683716,8.99586009979248,0.0,0.0,24.536154913902283,,2019,pit,SP
7947,Cory Gearrin,P,50.0,0.0,50.0,0.0,12.156700134277344,226.58860621452334,,2019,pit,RP
18815,Miguel Díaz,P,15.0,0.0,15.0,0.0,0.7182999849319458,67.38736857175827,,2019,pit,RP
13974,Ryan Dull,P,30.0,0.0,30.0,0.0,0.6783000230789185,112.50768449306489,,2019,pit,RP
14814,Buck Farmer,P,60.0,0.0,60.0,1.027899980545044,16.58139991760254,288.75857677459715,,2019,pit,RP
12095,Yimi García,P,40.0,0.0,40.0,0.0,6.691699981689453,187.48322823047636,TOR,2019,pit,RP
7773,Shawn Kelley,P,40.0,0.0,40.0,0.0,6.245100021362305,160.58996608257294,,2019,pit,RP
17871,Ian Gibaut,P,20.0,0.0,20.0,0.0,0.8996000289916992,87.81714193820952,,2019,pit,RP
16300,Jesus Tinoco,P,3.240000009536743,3.240000009536743,18.468000411987305,0.0,0.0,44.33702470064163,MIA,2019,pit,SP
19330,Matt Festa,P,25.0,0.0,25.0,0.0,0.781499981880188,95.70219185352323,CLE,2019,pit,RP
16631,Jeff Brigham,P,8.100000381469727,8.100000381469727,44.97930145263672,0.0,0.0,143.16796779632574,CHC,2019,pit,SP
9388,Josh Tomlin,P,15.0,0.0,15.0,0.0,0.824999988079071,57.76599185466767,,2019,pit,RP
17466,Heath Fillmyer,P,33.099998474121094,8.100000381469727,70.69709777832031,0.0,2.4330999851226807,220.02299451828,,2019,pit,RP
11457,Sammy Solís,P,5.0,0.0,5.0,0.0,0.7182999849319458,25.212259778380393,,2019,pit,RP
15964,Keury Mella,P,1.6200000047683716,1.6200000047683716,9.234000205993652,0.0,0.0,26.498361808061603,,2019,pit,SP
15046,Trevor Gott,P,10.0,0.0,10.0,0.0,0.7523000240325928,47.757848793268195,WSN,2019,pit,RP
13580,Steven Okert,P,10.0,0.0,10.0,0.0,0.7523000240325928,47.04845949411393,HOU,2019,pit,RP
16981,Tyler Beede,P,1.6200000047683716,1.6200000047683716,9.089969635009766,0.0,0.0,30.496995711326605,CHC,2019,pit,SP
11753,Kyle Ryan,P,10.0,0.0,10.0,0.0,0.8058000206947327,43.186931145191195,,2019,pit,RP
7108,Pat Venditte,P,25.0,0.0,25.0,0.0,0.7523000240325928,106.48317887783048,,2019,pit,RP
9939,Brandon Kintzler,P,40.0,0.0,40.0,0.0,6.446400165557861,170.89034476280216,,2019,pit,RP
4338,Tyler Chatwood,P,38.2400016784668,3.240000009536743,52.64799880981445,0.0,0.8058000206947327,191.74757318496705,,2019,pit,RP
18890,Kyle Keller,P,10.0,0.0,10.0,0.0,0.6855000257492065,46.72294037342072,BOS,2019,pit,RP
12272,Aaron Brooks,P,1.6200000047683716,1.6200000047683716,9.234000205993652,0.0,0.0,25.32720095515252,,2019,pit,SP
13287,Jesse Hahn,P,10.0,0.0,10.0,0.0,0.7299000024795532,41.65726047158241,TOR,2019,pit,RP
11752,Luke Jackson,P,15.0,0.0,15.0,0.0,0.824999988079071,65.2390897989273,,2019,pit,RP
1837,Matt Belisle,P,50.0,0.0,50.0,0.0,0.0,178.83434715270997,,2019,pit,RP
sa829486,Brendan McCurry,P,10.0,0.0,10.0,0.0,0.7468000054359436,43.1813912987709,,2019,pit,RP
9784,Garrett Richards,P,0.1754390001296997,0.1754000037908554,1.0,0.0,0.0,4.98289006575942,,2019,pit,SP
19755,Shohei Ohtani,DH,0.1754390001296997,0.1754000037908554,1.0,0.0,0.0,4.83187994286418,LAD,2019,pit,SP
sa736761,Emilio Vargas,P,1.6200000047683716,1.6200000047683716,9.234000205993652,0.0,0.0,29.170532035827637,,2019,pit,SP
8004,Marcus Walden,P,50.0,0.0,50.0,0.0,7.705699920654297,217.22585310935975,,2019,pit,RP
14120,Lance McCullers Jr.,P,0.1902810037136078,0.17229999601840973,1.0,0.0,0.0,4.821140070259572,HOU,2019,pit,SP
18213,P.J. Conlon,P,1.6200000047683716,1.6200000047683716,9.012829780578613,0.0,0.0,24.45942149758339,,2019,pit,SP
7738,Wily Peralta,P,55.0,0.0,55.0,8.850099563598633,9.95930004119873,293.3122037410736,,2019,pit,RP
16687,Dean Deetz,P,40.0,0.0,40.0,0.0,3.983099937438965,182.2245237827301,,2019,pit,RP
sa874967,Riley Ferrell,P,20.0,0.0,20.0,0.0,0.6855000257492065,87.55593359470367,,2019,pit,RP
15492,Stephen Gonsalves,P,8.100000381469727,8.100000381469727,44.24290084838867,0.0,0.0,117.5205193281174,,2019,pit,SP
9674,Vidal Nuño,P,10.0,0.0,10.0,0.0,0.8403000235557556,42.555848991870874,,2019,pit,RP
19903,Adonis Medina,P,1.6200000047683716,1.6200000047683716,9.234000205993652,0.0,0.0,24.694111871719368,,2019,pit,SP
12833,Alex Meyer,P,0.1754390001296997,0.1754000037908554,1.0,0.0,0.0,4.111040075123311,,2019,pit,SP
13218,Michael Fulmer,P,0.1754390001296997,0.1754000037908554,1.0,0.0,0.0,3.730679812282324,SFG,2019,pit,SP
17792,Patrick Weigel,P,10.0,0.0,10.0,0.0,0.824999988079071,44.96562178134917,COL,2019,pit,RP
13042,Robby Scott,P,10.0,0.0,10.0,0.0,0.7937999963760376,42.96561865806579,,2019,pit,RP
sa830370,Bo Takahashi,P,1.6200000047683716,1.6200000047683716,9.234000205993652,0.0,0.0,27.70506129264832,,2019,pit,SP
18332,Eric Hanhold,P,10.0,0.0,10.0,0.0,0.7685999870300293,43.8945705294609,,2019,pit,RP
11428,Brandon Workman,P,20.0,0.0,20.0,0.0,0.7706000208854675,77.01202161312102,,2019,pit,RP
8350,AJ Ramos,P,50.0,0.0,50.0,0.0,0.0,183.14564142227175,,2019,pit,RP
14975,Chad Kuhl,P,0.1754390001296997,0.1754000037908554,1.0,0.0,0.0,3.8716998383402825,,2019,pit,SP
17282,Michael Kopech,P,0.1754390001296997,0.1754000037908554,1.0,0.0,0.0,3.698149938881398,,2019,pit,SP
14420,Jackson Stephens,P,10.0,0.0,10.0,0.0,0.748199999332428,39.67662195563315,,2019,pit,RP
14706,Anthony Banda,P,0.7188249826431274,0.05979999899864197,1.0,0.0,0.0,4.503200139850378,MIN,2019,pit,RP
19409,Dane Dunning,P,0.1754390001296997,0.1754000037908554,1.0,0.0,0.0,3.5118901588022706,SEA,2019,pit,SP
6893,Johnny Cueto,P,0.1754390001296997,0.1754000037908554,1.0,0.0,0.0,3.8300298750400548,,2019,pit,SP
18318,Jacob Waguespack,P,10.0,0.0,10.0,0.0,0.7559999823570251,39.98868976831436,MIL,2019,pit,RP
4026,Héctor Santiago,P,26.479999542236328,6.480000019073486,55.444400787353516,0.0,0.7685999870300293,190.3139472961426,,2019,pit,RP
5530,Nik Turley,P,0.564631998538971,0.09260000288486481,1.0,0.0,0.0,4.421340048313141,,2019,pit,RP
11479,Bryan Mitchell,P,20.0,0.0,20.0,0.0,0.7182999849319458,78.32297866344453,,2019,pit,RP
15007,Yacksel Ríos,P,20.0,0.0,20.0,0.0,0.8252000212669373,79.52896019220353,CHC,2019,pit,RP
9456,Ryan Buchter,P,50.0,0.0,50.0,0.0,10.551600456237793,229.18424186706542,,2019,pit,RP
19754,Reiver Sanmartin,P,0.2785089910030365,0.1535000056028366,1.0,0.0,0.0,3.431979995965958,SFG,2019,pit,SP
15514,Kendall Graveman,P,0.1754390001296997,0.1754000037908554,1.0,0.0,0.0,3.5723700158298013,,2019,pit,SP
19867,Griffin Canning,P,0.1754390001296997,0.1754000037908554,1.0,0.0,0.0,3.566190064698458,SDP,2019,pit,SP
18029,Tanner Anderson,P,10.0,0.0,10.0,0.0,0.6783000230789185,38.92520099878311,,2019,pit,RP
14295,Wandy Peralta,P,30.0,0.0,30.0,0.0,2.9928998947143555,122.17705130577087,SDP,2019,pit,RP
9239,Alex Wilson,P,20.0,0.0,20.0,0.0,0.7664999961853027,79.07132257223128,,2019,pit,RP
sa548475,Evan Grills,P,0.1754390001296997,0.1754000037908554,1.0,0.0,0.0,3.1830298408865936,,2019,pit,SP
14832,Bobby Wahl,P,1.0,0.0,1.0,0.0,0.0,4.918329948186875,,2019,pit,RP
4257,David Huff,P,0.1754390001296997,0.1754000037908554,1.0,0.0,0.0,3.406719896197319,,2019,pit,SP
19716,Dustin May,P,0.1754390001296997,0.1754000037908554,1.0,0.0,0.0,3.656830053031445,STL,2019,pit,SP
3580,C.J. Wilson,P,0.1754390001296997,0.1754000037908554,1.0,0.0,0.0,3.484830033779145,LAA,2019,pit,SP
3521,Jonathan Albaladejo,P,0.1952279955148697,0.1712000072002411,1.0,0.0,0.0,3.5907298699021344,,2019,pit,SP
512,A.J. Burnett,P,0.1754390001296997,0.1754000037908554,1.0,0.0,0.0,3.3553001165390013,,2019,pit,SP
11592,Williams Pérez,P,0.1754390001296997,0.1754000037908554,1.0,0.0,0.0,3.4944600649178033,,2019,pit,SP
19200,José Quijada,P,10.0,0.0,10.0,0.0,0.6855000257492065,45.98886901736259,,2019,pit,RP
4422,Kameron Loe,P,0.1754390001296997,0.1754000037908554,1.0,0.0,0.0,3.2213000282645226,,2019,pit,SP
19453,Shaun Anderson,P,0.18203499913215637,0.17399999499320984,1.0,0.0,0.0,3.8077999196946624,LAA,2019,pit,SP
19278,Vladimir Gutierrez,P,0.1754390001296997,0.1754000037908554,1.0,0.0,0.0,3.2745199963450435,,2019,pit,SP
5525,Boone Logan,P,1.0,0.0,1.0,0.0,0.0,4.502419872581959,,2019,pit,RP
19853,Michael King,P,0.18286000192165375,0.17389999330043793,1.0,0.0,0.0,3.1195999130606653,SDP,2019,pit,SP
19574,JoJo Romero,P,0.1754390001296997,0.1754000037908554,1.0,0.0,0.0,3.2968901172280316,STL,2019,pit,SP
5177,C.C. Lee,P,1.0,0.0,1.0,0.0,0.0,4.667859946191311,,2019,pit,RP
7853,Andrew Albers,P,0.37003499269485474,0.1340000033378601,1.0,0.0,0.0,3.6015802241861823,,2019,pit,RP
sa393410,Carlos Hernandez,P,0.1754390001296997,0.1754000037908554,1.0,0.0,0.0,2.810730116069317,COL,2019,pit,SP
16233,Tejay Antone,P,0.1754390001296997,0.1754000037908554,1.0,0.0,0.0,3.076670118421316,CIN,2019,pit,SP
17470,Chad Sobotka,P,25.0,0.0,25.0,0.0,0.824999988079071,110.06862676143646,,2019,pit,RP
13762,Tim Cooney,P,0.1754390001296997,0.1754000037908554,1.0,0.0,0.0,3.390769853442908,,2019,pit,SP
13942,Brent Suter,P,0.22985999286174774,0.1639000028371811,1.0,0.0,0.0,3.441709793359041,LAA,2019,pit,SP
19205,Jesse Scholtens,P,0.1944040060043335,0.17139999568462372,1.0,0.0,0.0,3.48446024954319,TBR,2019,pit,SP
3374,Ubaldo Jiménez,P,0.2776840031147003,0.15369999408721924,1.0,0.0,0.0,3.540850030630827,,2019,pit,SP
3862,Rubby De La Rosa,P,1.0,0.0,1.0,0.0,0.0,4.683499943464994,,2019,pit,RP
19447,Patrick Sandoval,P,0.22573700547218323,0.1647000014781952,1.0,0.0,0.0,3.3823600575327872,BOS,2019,pit,SP
sa392067,Chris Jones,P,0.19110499322414398,0.1720999926328659,1.0,0.0,0.0,3.218739804625511,,2019,pit,SP
sa598302,Clayton Blackburn,P,0.18450899422168732,0.17350000143051147,1.0,0.0,0.0,3.2825201101601125,OAK,2019,pit,SP
sa603121,Tyler Mapes,P,0.1754390001296997,0.1754000037908554,1.0,0.0,0.0,3.1002400048077106,,2019,pit,SP
19695,Connor Seabold,P,0.1754390001296997,0.1754000037908554,1.0,0.0,0.0,3.310270241647959,TOR,2019,pit,SP
3124,Duane Below,P,0.18286000192165375,0.17389999330043793,1.0,0.0,0.0,3.4701697632670405,,2019,pit,SP
14532,Felix Jorge,P,0.1754390001296997,0.1754000037908554,1.0,0.0,0.0,3.0296399481594567,,2019,pit,SP
4897,Scott Kazmir,P,0.1754390001296997,0.1754000037908554,1.0,0.0,0.0,3.3861899569630625,,2019,pit,SP
sa656021,Liarvis Breto,P,0.3626140058040619,0.1356000006198883,1.0,0.0,0.0,3.333240066468716,,2019,pit,RP
sa501496,James Needy,P,0.1754390001296997,0.1754000037908554,1.0,0.0,0.0,3.6281003125011924,MIA,2019,pit,SP
19244,Cole Irvin,P,0.18203499913215637,0.17399999499320984,1.0,0.0,0.0,3.1592900432646274,LAD,2019,pit,SP
16164,Daniel Gossett,P,0.1754390001296997,0.1754000037908554,1.0,0.0,0.0,3.4184999857097864,,2019,pit,SP
19225,Mitch White,P,0.1754390001296997,0.1754000037908554,1.0,0.0,0.0,3.546769878268242,,2019,pit,SP
13046,Tsuyoshi Wada,P,0.20100000500679016,0.17000000178813934,1.0,0.0,0.0,3.325730216503143,,2019,pit,SP
sa390254,Mitch Lively,P,0.2826319932937622,0.1526000052690506,1.0,0.0,0.0,3.3139999456703664,,2019,pit,SP
9425,Doug Fister,P,0.1754390001296997,0.1754000037908554,1.0,0.0,0.0,3.064889825880528,,2019,pit,SP
sa560990,Josh Lowey,P,0.1754390001296997,0.1754000037908554,1.0,0.0,0.0,3.2623798795044427,,2019,pit,SP
19671,Sterling Sharp,P,0.1754390001296997,0.1754000037908554,1.0,0.0,0.0,3.0356401391327386,,2019,pit,SP
sa737933,Matt Ball,P,0.18450899422168732,0.17350000143051147,1.0,0.0,0.0,3.078349851816893,,2019,pit,SP
10315,Michael Tonkin,P,1.0,0.0,1.0,0.0,0.0,4.720150105655193,MIN,2019,pit,RP
sa503763,Ryan Bollinger,P,0.1754390001296997,0.1754000037908554,1.0,0.0,0.0,3.413390050828457,,2019,pit,SP
sa503067,David Hurlbut,P,0.1853329986333847,0.17329999804496765,1.0,0.0,0.0,3.146150097995997,,2019,pit,SP
sa598911,Brady Dragmire,P,0.1952279955148697,0.1712000072002411,1.0,0.0,0.0,3.0101098701357847,,2019,pit,SP
6283,Scott Feldman,P,0.1754390001296997,0.1754000037908554,1.0,0.0,0.0,3.0805800616741186,,2019,pit,SP
14605,James Hoyt,P,1.0,0.0,1.0,0.0,0.0,4.554290156811476,,2019,pit,RP
8137,Jaime García,P,0.37910500168800354,0.13210000097751617,1.0,0.0,0.0,3.4991900712251667,,2019,pit,RP
1507,John Lackey,P,0.1803860068321228,0.17440000176429749,1.0,0.0,0.0,3.2331301189959056,,2019,pit,SP
15051,Silvino Bracho,P,1.0,0.0,1.0,0.0,0.0,4.584769954532385,,2019,pit,RP
3830,Ricky Nolasco,P,0.1754390001296997,0.1754000037908554,1.0,0.0,0.0,3.3322599492967133,,2019,pit,SP
19884,Corbin Martin,P,0.20594699680805206,0.1688999980688095,1.0,0.0,0.0,3.324129823595286,CHC,2019,pit,SP
19350,Dean Kremer,P,0.1754390001296997,0.1754000037908554,1.0,0.0,0.0,2.9994101218879226,BAL,2019,pit,SP
10706,Scott Copeland,P,1.0,0.0,1.0,0.0,0.0,4.227750208973884,,2019,pit,RP
sa856543,Jerry Keel,P,0.20512300729751587,0.16910000145435333,1.0,0.0,0.0,3.3774198815226555,,2019,pit,SP
13485,Sam Tuivailala,P,20.0,0.0,20.0,0.0,0.781499981880188,79.12658574581147,,2019,pit,RP
16731,Artie Lewicki,P,0.7155259847640991,0.060499999672174454,1.0,0.0,0.0,3.9454599827528005,,2019,pit,RP
sa874105,Duncan Robinson,P,0.1754390001296997,0.1754000037908554,1.0,0.0,0.0,3.19148013740778,,2019,pit,SP
8410,Deolis Guerra,P,1.0,0.0,1.0,0.0,0.0,4.5554299190640455,,2019,pit,RP
19705,Matt Swarmer,P,0.1754390001296997,0.1754000037908554,1.0,0.0,0.0,3.35031009837985,,2019,pit,SP
11137,Mike Bolsinger,P,0.4879469871520996,0.10890000313520432,1.0,0.0,0.0,3.6885200433433054,,2019,pit,RP
sa738901,Zack Brown,P,0.18286000192165375,0.17389999330043793,1.0,0.0,0.0,3.395760064572096,,2019,pit,SP
4662,Brandon McCarthy,P,0.1754390001296997,0.1754000037908554,1.0,0.0,0.0,3.2604699522256855,,2019,pit,SP
sa915665,Simon Mathews,P,0.21913999319076538,0.16609999537467957,1.0,0.0,0.0,3.0513098850846294,,2019,pit,SP
19666,Jason Alexander,P,0.20017500221729279,0.17020000517368317,1.0,0.0,0.0,2.9497397996485235,HOU,2019,pit,SP
sa602555,Jordan Kipper,P,0.1754390001296997,0.1754000037908554,1.0,0.0,0.0,2.471139920502902,,2019,pit,SP
15821,Dario Agrazal,P,0.18615800142288208,0.17319999635219574,1.0,0.0,0.0,2.962280020862818,,2019,pit,SP
976,Randy Wolf,P,0.1993509978055954,0.1703999936580658,1.0,0.0,0.0,3.1657200045883656,,2019,pit,SP
13048,Hisashi Iwakuma,P,0.1754390001296997,0.1754000037908554,1.0,0.0,0.0,2.998710180819035,,2019,pit,SP
14663,Chi Chi González,P,0.1754390001296997,0.1754000037908554,1.0,0.0,0.0,2.722869906574488,,2019,pit,SP
15378,Kyle Lloyd,P,0.1754390001296997,0.1754000037908554,1.0,0.0,0.0,3.3720599718391893,,2019,pit,SP
7982,Anthony Bass,P,1.0,0.0,1.0,0.0,0.0,4.2496899113059055,,2019,pit,RP
16507,Dan Altavilla,P,10.0,0.0,10.0,0.0,0.781499981880188,43.440869700908664,MIN,2019,pit,RP
13688,Ryan Merritt,P,0.21501800417900085,0.16699999570846558,1.0,0.0,0.0,3.220029849559069,,2019,pit,SP
19866,Brandon Bielak,P,0.24882499873638153,0.1597999930381775,1.0,0.0,0.0,3.3808699168264873,,2019,pit,SP
sa657710,Harold Arauz,P,0.1754390001296997,0.1754000037908554,1.0,0.0,0.0,3.2986101970076565,,2019,pit,SP
sa829187,Matt Cooper,P,0.1754390001296997,0.1754000037908554,1.0,0.0,0.0,3.043539991974831,,2019,pit,SP
19480,Ryan Hartman,P,0.23480699956417084,0.16279999911785126,1.0,0.0,0.0,3.359339790791273,,2019,pit,SP
sa549740,Chase Johnson,P,0.1754390001296997,0.1754000037908554,1.0,0.0,0.0,3.455599895119667,,2019,pit,SP
20302,David Peterson,P,0.1754390001296997,0.1754000037908554,1.0,0.0,0.0,3.216170114278793,NYM,2019,pit,SP
11776,Angel Sánchez,P,1.0,0.0,1.0,0.0,0.0,4.302610144019127,,2019,pit,RP
sa737900,Nate Smith,P,0.1754390001296997,0.1754000037908554,1.0,0.0,0.0,3.0396499089896674,,2019,pit,SP
sa874197,Stephen Villines,P,1.0,0.0,1.0,0.0,0.0,4.576369953155518,,2019,pit,RP
8077,Stephen Fife,P,0.1754390001296997,0.1754000037908554,1.0,0.0,0.0,2.9247899211943147,,2019,pit,SP
sa738442,Logan Shore,P,0.1754390001296997,0.1754000037908554,1.0,0.0,0.0,2.729539830237627,SFG,2019,pit,SP
19388,Tony Gonsolin,P,0.1754390001296997,0.1754000037908554,1.0,0.0,0.0,3.5391399338841443,,2019,pit,SP
sa3004190,Connor Johnstone,P,0.3667370080947876,0.1347000002861023,1.0,0.0,0.0,3.5736600324511536,,2019,pit,RP
19479,Aaron Civale,P,0.1754390001296997,0.1754000037908554,1.0,0.0,0.0,2.9009199947118756,OAK,2019,pit,SP
sa598931,Andy Ferguson,P,0.1754390001296997,0.1754000037908554,1.0,0.0,0.0,3.202939755469561,,2019,pit,SP
17969,Peter Lambert,P,0.1754390001296997,0.1754000037908554,1.0,0.0,0.0,2.703280150145293,HOU,2019,pit,SP
5362,Phillippe Aumont,P,0.1754390001296997,0.1754000037908554,1.0,0.0,0.0,3.2181900501251226,,2019,pit,SP
sa526820,Matt Lujan,P,0.2224390059709549,0.16539999842643738,1.0,0.0,0.0,3.6036200247704984,,2019,pit,SP
1478,Felix Doubront,P,0.32798200845718384,0.14300000667572021,1.0,0.0,0.0,3.4182501062750816,,2019,pit,RP
8490,Buddy Boshers,P,1.0,0.0,1.0,0.0,0.0,4.1137701153755195,,2019,pit,RP
sa392100,Terry Doyle,P,0.1754390001296997,0.1754000037908554,1.0,0.0,0.0,3.032550170272589,,2019,pit,SP
sa875610,Matthew Kent,P,0.20182499289512634,0.16979999840259552,1.0,0.0,0.0,3.0303098566830164,,2019,pit,SP
20018,Parker Dunshee,P,0.1902810037136078,0.17229999601840973,1.0,0.0,0.0,3.2745501227676868,,2019,pit,SP
11618,Mike Kickham,P,1.0,0.0,1.0,0.0,0.0,4.34952999651432,,2019,pit,RP
3241,Josh Roenicke,P,0.18368400633335114,0.1737000048160553,1.0,0.0,0.0,3.062159817665816,,2019,pit,SP
4086,Erik Cordier,P,1.0,0.0,1.0,0.0,0.0,4.407980120182037,,2019,pit,RP
17304,Emmanuel Ramirez,P,0.32880699634552,0.1428000032901764,1.0,0.0,0.0,3.642720165848732,,2019,pit,RP
17735,Tyler Alexander,P,0.1894560009241104,0.17249999940395355,1.0,0.0,0.0,2.6574300110340117,TEX,2019,pit,SP
15145,Justin Topa,P,0.24305300414562225,0.16110000014305115,1.0,0.0,0.0,3.130099789053202,MIN,2019,pit,SP
sa709032,Jake Kalish,P,0.2974739968776703,0.14949999749660492,1.0,0.0,0.0,3.333170040696859,,2019,pit,SP
9013,César Valdez,P,0.5885440111160278,0.08749999850988388,1.0,0.0,0.0,3.3736400574445726,,2019,pit,RP
9417,Kris Medlen,P,0.1754390001296997,0.1754000037908554,1.0,0.0,0.0,3.058699970692397,,2019,pit,SP
8493,John Lamb,P,0.1754390001296997,0.1754000037908554,1.0,0.0,0.0,3.148860033601523,,2019,pit,SP
sa738176,Joe Gunkel,P,0.4450699985027313,0.11810000240802765,1.0,0.0,0.0,3.6411902830004697,,2019,pit,RP
sa455162,Bryan Evans,P,0.1754390001296997,0.1754000037908554,1.0,0.0,0.0,3.0478900030255325,,2019,pit,SP
sa829444,Jake Paulson,P,0.18286000192165375,0.17389999330043793,1.0,0.0,0.0,2.8647400252521042,,2019,pit,SP
sa3004341,Evan Kruczynski,P,0.1754390001296997,0.1754000037908554,1.0,0.0,0.0,3.239859876036644,,2019,pit,SP
9683,Mike Zagurski,P,1.0,0.0,1.0,0.0,0.0,4.540430050343275,,2019,pit,RP
sa738620,John Straka,P,0.19852599501609802,0.1704999953508377,1.0,0.0,0.0,3.00048999786377,,2019,pit,SP
12680,Ryne Harper,P,1.0,0.0,1.0,0.0,0.0,4.155589886009693,,2019,pit,RP
18323,Josh Sborz,P,10.0,0.0,10.0,0.0,0.8364999890327454,44.748151129484185,TEX,2019,pit,RP
17381,Matt Gage,P,0.18450899422168732,0.17350000143051147,1.0,0.0,0.0,2.6692300185561186,SFG,2019,pit,SP
sa577935,Jordan Pries,P,0.23810499906539917,0.16210000216960907,1.0,0.0,0.0,3.2716599881649016,CHC,2019,pit,SP
sa507201,Angel Heredia,P,0.4607369899749756,0.11469999700784683,1.0,0.0,0.0,3.5839800484478475,,2019,pit,RP
sa658506,Kyle Haynes,P,0.3345789909362793,0.14159999787807465,1.0,0.0,0.0,3.2759700685739523,NYY,2019,pit,RP
sa526274,Cole Johnson,P,0.24964900314807892,0.15960000455379486,1.0,0.0,0.0,3.1199099056422717,,2019,pit,SP
sa918377,Brian Howard,P,0.18286000192165375,0.17389999330043793,1.0,0.0,0.0,3.1370599418878555,,2019,pit,SP
sa548199,Robby Rowland,P,0.2776840031147003,0.15369999408721924,1.0,0.0,0.0,3.143809948116541,,2019,pit,SP
15605,Phillips Valdez,P,0.2867540121078491,0.1518000066280365,1.0,0.0,0.0,3.14214005023241,,2019,pit,SP
20100,Michel Baez,P,0.1754390001296997,0.1754000037908554,1.0,0.0,0.0,3.4195601418614388,,2019,pit,SP
13527,Brandon Brennan,P,20.0,0.0,20.0,0.0,0.781499981880188,75.55978535413742,,2019,pit,RP
sa577812,Devin Burke,P,0.3048950135707855,0.14790000021457672,1.0,0.0,0.0,3.1500500053167344,,2019,pit,RP
7942,Christian Friedrich,P,0.18203499913215637,0.17399999499320984,1.0,0.0,0.0,3.2243899717926987,,2019,pit,SP
14545,Dakota Bacus,P,1.0,0.0,1.0,0.0,0.0,4.155740045756103,,2019,pit,RP
1246,Matt Bush,P,1.0,0.0,1.0,0.0,0.0,4.1995400451123714,,2019,pit,RP
sa502048,Nate Reed,P,0.23315800726413727,0.1632000058889389,1.0,0.0,0.0,3.1120600335299975,,2019,pit,SP
8796,Elih Villanueva,P,0.20182499289512634,0.16979999840259552,1.0,0.0,0.0,2.988499922305346,,2019,pit,SP
225,Mark Buehrle,P,0.1754390001296997,0.1754000037908554,1.0,0.0,0.0,2.686510064452887,,2019,pit,SP
2929,Jeff Locke,P,0.1754390001296997,0.1754000037908554,1.0,0.0,0.0,2.877379947155714,,2019,pit,SP
19541,Jimmy Lambert,P,0.1754390001296997,0.1754000037908554,1.0,0.0,0.0,2.8155400119721894,,2019,pit,SP
14655,Konner Wade,P,0.3345789909362793,0.14159999787807465,1.0,0.0,0.0,3.1246000766754154,,2019,pit,RP
10218,Aaron Northcraft,P,0.33705300092697144,0.14110000431537628,1.0,0.0,0.0,3.160539957135916,,2019,pit,RP
20023,Rico Garcia,P,0.18203499913215637,0.17399999499320984,1.0,0.0,0.0,2.728279799222946,BAL,2019,pit,SP
sa503616,Nestor Molina,P,0.1754390001296997,0.1754000037908554,1.0,0.0,0.0,3.370359928905964,,2019,pit,SP
sa829043,Tyler Eppler,P,0.1944040060043335,0.17139999568462372,1.0,0.0,0.0,2.9849300198256974,,2019,pit,SP
sa455400,Jeremy Kehrt,P,0.1754390001296997,0.1754000037908554,1.0,0.0,0.0,2.8811799995601177,,2019,pit,SP
8823,Oliver Drake,P,1.0,0.0,1.0,0.0,0.0,4.3380599983036525,TBR,2019,pit,RP
12774,Jairo Díaz,P,1.0,0.0,1.0,0.0,0.0,3.9597799159586433,,2019,pit,RP
sa829625,Tyler Herb,P,0.1754390001296997,0.1754000037908554,1.0,0.0,0.0,2.520350053161383,,2019,pit,SP
4538,Jason Hammel,P,0.33540400862693787,0.14139999449253082,1.0,0.0,0.0,3.1546099983155726,,2019,pit,RP
sa621533,Alex Powers,P,1.0,0.0,1.0,0.0,0.0,4.1647298857569695,,2019,pit,RP
12760,Rafael Montero,P,0.33705300092697144,0.14110000431537628,1.0,0.0,0.0,3.040960010886193,NYY,2019,pit,RP
6620,Cory Burns,P,1.0,0.0,1.0,0.0,0.0,4.394909961521625,,2019,pit,RP
11243,Aaron Barrett,P,1.0,0.0,1.0,0.0,0.0,4.1352100007236015,,2019,pit,RP
17312,Justin Steele,P,1.6200000047683716,1.6200000047683716,9.234000205993652,0.0,0.0,25.312310338020325,CHC,2019,pit,SP
sa598487,Jack Snodgrass,P,0.21584199368953705,0.16680000722408295,1.0,0.0,0.0,3.1061000935733323,,2019,pit,SP
18347,Brandon Waddell,P,0.20924599468708038,0.16820000112056732,1.0,0.0,0.0,3.058380011469126,NYM,2019,pit,SP
15033,Kyle Crockett,P,1.0,0.0,1.0,0.0,0.0,3.8469099424779416,ARI,2019,pit,RP
13572,Justin Haley,P,1.0,0.0,1.0,0.0,0.0,4.009619850665331,,2019,pit,RP
sa658678,Johnny Walter,P,0.18780699372291565,0.1728000044822693,1.0,0.0,0.0,3.092010046541691,STL,2019,pit,SP
19269,T.J. Zeuch,P,0.1754390001296997,0.1754000037908554,1.0,0.0,0.0,2.6572000361979007,,2019,pit,SP
17556,Jimmy Herget,P,10.0,0.0,10.0,0.0,0.748199999332428,40.86599176526069,COL,2019,pit,RP
3815,Mat Latos,P,0.1754390001296997,0.1754000037908554,1.0,0.0,0.0,2.9484900385141373,,2019,pit,SP
1245,R.A. Dickey,P,0.1754390001296997,0.1754000037908554,1.0,0.0,0.0,2.979580078274012,,2019,pit,SP
17355,Edgar Santana,P,1.0,0.0,1.0,0.0,0.0,4.062339966744185,,2019,pit,RP
1989,Jeremy Hefner,P,0.1754390001296997,0.1754000037908554,1.0,0.0,0.0,3.209340067207813,,2019,pit,SP
105,Jason Marquis,P,0.1754390001296997,0.1754000037908554,1.0,0.0,0.0,2.8297299474477766,,2019,pit,SP
15369,Kevin Herget,P,0.2183160036802292,0.1662999987602234,1.0,0.0,0.0,3.2746302664279936,NYM,2019,pit,SP
10174,Edgar Olmos,P,0.6272979974746704,0.07930000126361847,1.0,0.0,0.0,3.7330101348459728,,2019,pit,RP
9080,Zach Putnam,P,1.0,0.0,1.0,0.0,0.0,4.199629938602447,,2019,pit,RP
sa918556,Trevor Bettencourt,P,1.0,0.0,1.0,0.0,0.0,4.099320045858622,,2019,pit,RP
sa454912,John Anderson,P,0.26201799511909485,0.15700000524520874,1.0,0.0,0.0,3.046899902820588,,2019,pit,SP
6109,Joe Wieland,P,0.1754390001296997,0.1754000037908554,1.0,0.0,0.0,2.92566000148654,,2019,pit,SP
sa732750,Edgar Arredondo,P,0.18450899422168732,0.17350000143051147,1.0,0.0,0.0,2.5954002320766447,,2019,pit,SP
13276,Matt Carasiti,P,1.0,0.0,1.0,0.0,0.0,4.328060068935156,,2019,pit,RP
20191,Garrett Whitlock,P,0.19605299830436707,0.17110000550746918,1.0,0.0,0.0,2.8031301729381086,BOS,2019,pit,SP
15849,Kent Emanuel,P,0.41950899362564087,0.12349999696016312,1.0,0.0,0.0,3.3352499730885032,,2019,pit,RP
14962,Rookie Davis,P,0.24387699365615845,0.16089999675750732,1.0,0.0,0.0,3.0616497032344347,,2019,pit,SP
sa918327,Christian James,P,0.1754390001296997,0.1754000037908554,1.0,0.0,0.0,3.079789943993092,,2019,pit,SP
12317,Colin Rea,P,0.18368400633335114,0.1737000048160553,1.0,0.0,0.0,3.0946199268102643,CHC,2019,pit,SP
18152,Anthony Misiewicz,P,0.1754390001296997,0.1754000037908554,1.0,0.0,0.0,2.833570023998618,CIN,2019,pit,SP
19199,Conner Menez,P,0.1754390001296997,0.1754000037908554,1.0,0.0,0.0,3.612799844145775,,2019,pit,SP
19583,Sean Poppen,P,0.22161400318145752,0.1656000018119812,1.0,0.0,0.0,2.823870104551315,,2019,pit,SP
5285,Samuel Deduno,P,0.6594560146331787,0.07249999791383743,1.0,0.0,0.0,3.5530901461839677,,2019,pit,RP
20276,Deivi García,P,0.1754390001296997,0.1754000037908554,1.0,0.0,0.0,2.9606200508773335,,2019,pit,SP
sa549495,Tyler Jones,P,1.0,0.0,1.0,0.0,0.0,4.15319009423256,,2019,pit,RP
sa652170,Edwin Fierro,P,0.4797019958496094,0.11069999635219574,1.0,0.0,0.0,3.287499900907278,,2019,pit,RP
11157,Eric Jokisch,P,0.7699469923973083,0.048900000751018524,1.0,0.0,0.0,3.6509299725294118,,2019,pit,RP
6317,Esmil Rogers,P,1.0,0.0,1.0,0.0,0.0,4.117979998141527,,2019,pit,RP
8253,Billy Buckner,P,0.1754390001296997,0.1754000037908554,1.0,0.0,0.0,2.8758598096668724,,2019,pit,SP
12675,Phil Klein,P,0.5868949890136719,0.08789999783039093,1.0,0.0,0.0,3.6294999435544013,,2019,pit,RP
sa507276,Gabriel Arias,P,0.1754390001296997,0.1754000037908554,1.0,0.0,0.0,2.797869785875082,,2019,pit,SP
sa549175,Keith Couch,P,0.1944040060043335,0.17139999568462372,1.0,0.0,0.0,2.814999964088202,,2019,pit,SP
2895,Zach McAllister,P,1.0,0.0,1.0,0.0,0.0,4.2034499935805805,,2019,pit,RP
20368,Ramón Rosso,P,0.18286000192165375,0.17389999330043793,1.0,0.0,0.0,2.939260021597147,,2019,pit,SP
2826,Fabio Castillo,P,1.0,0.0,1.0,0.0,0.0,4.2079700663685795,,2019,pit,RP
13133,Derek Law,P,1.0,0.0,1.0,0.0,0.0,4.3383099339902405,ARI,2019,pit,RP
sa918605,Corbin Clouse,P,0.8474559783935547,0.032499998807907104,1.0,0.0,0.0,4.302529938519001,,2019,pit,RP
sa548448,Tommy Shirley,P,0.3057189881801605,0.1476999968290329,1.0,0.0,0.0,3.083210103213787,,2019,pit,RP
20167,Kyle Muller,P,0.1754390001296997,0.1754000037908554,1.0,0.0,0.0,3.2383300572633744,,2019,pit,SP
sa550590,Bryan Rodriguez,P,0.2183160036802292,0.1662999987602234,1.0,0.0,0.0,2.767149929702282,,2019,pit,SP
sa549462,Forrest Snow,P,0.22903500497341156,0.164000004529953,1.0,0.0,0.0,2.981529881060124,,2019,pit,SP
19805,Daniel Castano,P,0.18450899422168732,0.17350000143051147,1.0,0.0,0.0,3.100869914889336,,2019,pit,SP
20205,Jeremy Beasley,P,0.23810499906539917,0.16210000216960907,1.0,0.0,0.0,2.9180099740624432,,2019,pit,SP
sa872724,Brandon Gold,P,0.1754390001296997,0.1754000037908554,1.0,0.0,0.0,2.350349934399128,,2019,pit,SP
sa526832,Kyle Regnault,P,1.0,0.0,1.0,0.0,0.0,4.217279962450267,,2019,pit,RP
8036,Thad Weber,P,0.2867540121078491,0.1518000066280365,1.0,0.0,0.0,2.6112600341439247,,2019,pit,SP
sa549109,Chris Kirsch,P,0.1754390001296997,0.1754000037908554,1.0,0.0,0.0,2.9061300769448284,,2019,pit,SP
19516,Raynel Espinal,P,0.7666490077972412,0.04960000142455101,1.0,0.0,0.0,3.808590205013753,,2019,pit,RP
sa918356,DJ Myers,P,0.3815790116786957,0.1316000074148178,1.0,0.0,0.0,3.6299998685717583,,2019,pit,RP
11266,Lisalverto Bonilla,P,0.5349469780921936,0.09889999777078629,1.0,0.0,0.0,3.4948101595044143,,2019,pit,RP
19454,Michael Rucker,P,0.1754390001296997,0.1754000037908554,1.0,0.0,0.0,3.0524099253118044,SEA,2019,pit,SP
13881,Ian Thomas,P,0.8293160200119019,0.03629999980330467,1.0,0.0,0.0,3.9234099425375466,,2019,pit,RP
sa909930,Yaisel Sierra,P,1.0,0.0,1.0,0.0,0.0,4.347090014070273,,2019,pit,RP
19561,Bernardo Flores Jr.,P,0.1754390001296997,0.1754000037908554,1.0,0.0,0.0,2.5580199137330055,,2019,pit,SP
sa921212,Anthony Shew,P,0.1754390001296997,0.1754000037908554,1.0,0.0,0.0,3.034250101447106,,2019,pit,SP
sa829168,Seth Varner,P,0.24387699365615845,0.16089999675750732,1.0,0.0,0.0,2.849999964982272,,2019,pit,SP
sa597834,Kyle Smith,P,0.26119300723075867,0.15719999372959137,1.0,0.0,0.0,2.9942901551723478,,2019,pit,SP
11346,Seth Frankoff,P,1.0,0.0,1.0,0.0,0.0,4.058479925245047,,2019,pit,RP
19243,Wes Benjamin,P,0.1754390001296997,0.1754000037908554,1.0,0.0,0.0,2.561940126866103,,2019,pit,SP
1077,Freddy Garcia,P,0.1754390001296997,0.1754000037908554,1.0,0.0,0.0,2.6871098928153514,,2019,pit,SP
20629,Tyler Phillips,P,0.1754390001296997,0.1754000037908554,1.0,0.0,0.0,2.376049987226725,MIA,2019,pit,SP
sa747285,Emerson Martinez,P,0.1754390001296997,0.1754000037908554,1.0,0.0,0.0,2.413590067625046,,2019,pit,SP
sa597847,Richelson Peña,P,0.2133679986000061,0.16740000247955322,1.0,0.0,0.0,2.5278100498020657,,2019,pit,SP
sa580380,Tim Shibuya,P,0.3898249864578247,0.1298000067472458,1.0,0.0,0.0,3.0318198725581174,,2019,pit,RP
sa549258,Randy LeBlanc,P,0.1754390001296997,0.1754000037908554,1.0,0.0,0.0,2.595350143313408,,2019,pit,SP
sa553380,Austin Ross,P,0.18368400633335114,0.1737000048160553,1.0,0.0,0.0,2.8370798587799073,,2019,pit,SP
12056,Scott McGough,P,1.0,0.0,1.0,0.0,0.0,4.021860044449568,,2019,pit,RP
sa706969,Jaron Long,P,0.2595439851284027,0.1574999988079071,1.0,0.0,0.0,2.814520074427128,,2019,pit,SP
15239,Alan Busenitz,P,1.0,0.0,1.0,0.0,0.0,4.085780039429665,,2019,pit,RP
17126,Jerry Vasto,P,1.0,0.0,1.0,0.0,0.0,4.009549994766712,,2019,pit,RP
sa829242,Dustin Beggs,P,0.28015801310539246,0.15320000052452087,1.0,0.0,0.0,3.3092199720442297,,2019,pit,SP
12730,Nick Martinez,P,0.26201799511909485,0.15700000524520874,1.0,0.0,0.0,2.9185000672936443,TBR,2019,pit,SP
sa506249,Luis Diaz,P,0.4500179886817932,0.11699999868869781,1.0,0.0,0.0,3.2431901045143605,,2019,pit,RP
11420,Yunesky Maya,P,0.1754390001296997,0.1754000037908554,1.0,0.0,0.0,2.7535500831902033,,2019,pit,SP
20070,Bailey Falter,P,0.1754390001296997,0.1754000037908554,1.0,0.0,0.0,2.7249699890613557,KCR,2019,pit,SP
729,LaTroy Hawkins,P,1.0,0.0,1.0,0.0,0.0,3.8949199393391614,,2019,pit,RP
2586,Wandy Rodriguez,P,0.19770200550556183,0.17069999873638153,1.0,0.0,0.0,2.924180020391941,,2019,pit,SP
19191,Robert Dugger,P,0.1754390001296997,0.1754000037908554,1.0,0.0,0.0,3.23582982942462,,2019,pit,SP
15538,Eric Yardley,P,1.0,0.0,1.0,0.0,0.0,3.987140008062124,,2019,pit,RP
12876,Tony Zych,P,1.0,0.0,1.0,0.0,0.0,4.119060011953116,,2019,pit,RP
4961,Mitch Talbot,P,0.1853329986333847,0.17329999804496765,1.0,0.0,0.0,2.68984996676445,,2019,pit,SP
sa455271,Blayne Weller,P,0.20182499289512634,0.16979999840259552,1.0,0.0,0.0,2.8236698895692824,LAA,2019,pit,SP
14665,Jandel Gustave,P,1.0,0.0,1.0,0.0,0.0,4.547409952431917,,2019,pit,RP
2951,Josh Ravin,P,1.0,0.0,1.0,0.0,0.0,4.403750109672547,,2019,pit,RP
11720,Justin Grimm,P,10.0,0.0,10.0,0.0,0.8364999890327454,44.19853972196579,,2019,pit,RP
13150,Jayson Aquino,P,0.29912298917770386,0.14910000562667847,1.0,0.0,0.0,3.0027599543333054,,2019,pit,RP
7558,Fernando Rodriguez Jr.,P,1.0,0.0,1.0,0.0,0.0,4.386119965463877,,2019,pit,RP
19456,Kyle Funkhouser,P,0.1754390001296997,0.1754000037908554,1.0,0.0,0.0,2.6351100139319903,,2019,pit,SP
sa657906,Nick Travieso,P,0.1754390001296997,0.1754000037908554,1.0,0.0,0.0,2.7753399431705477,,2019,pit,SP
sa501226,Jason Stoffel,P,1.0,0.0,1.0,0.0,0.0,4.147290107607842,,2019,pit,RP
sa971745,Josh Tols,P,0.7707719802856445,0.04879999905824661,1.0,0.0,0.0,3.8801697641611104,,2019,pit,RP
sa709715,José López,P,0.18203499913215637,0.17399999499320984,1.0,0.0,0.0,3.4305899813771252,,2019,pit,SP
20370,Bruce Zimmermann,P,0.1754390001296997,0.1754000037908554,1.0,0.0,0.0,2.474849951267242,STL,2019,pit,SP
6570,Tom Koehler,P,0.3065440058708191,0.14749999344348907,1.0,0.0,0.0,3.1237998604774475,,2019,pit,RP
9266,Daniel Corcino,P,1.0,0.0,1.0,0.0,0.0,4.216219965368509,,2019,pit,RP
2540,Eric Surkamp,P,0.1754390001296997,0.1754000037908554,1.0,0.0,0.0,2.877469893544913,,2019,pit,SP
sa503950,Omar Bencomo,P,0.24717499315738678,0.16019999980926514,1.0,0.0,0.0,2.9627700299024586,,2019,pit,SP
sa737857,Adrian De Horta,P,0.1754390001296997,0.1754000037908554,1.0,0.0,0.0,2.7795697972178464,,2019,pit,SP
17732,Nabil Crismatt,P,0.1754390001296997,0.1754000037908554,1.0,0.0,0.0,2.831869815289974,TEX,2019,pit,SP
13435,Pierce Johnson,P,50.0,0.0,50.0,0.0,0.0,187.92094669342038,CIN,2019,pit,RP
5556,Jair Jurrjens,P,0.1754390001296997,0.1754000037908554,1.0,0.0,0.0,2.817439848184586,,2019,pit,SP
sa918696,Christian Torres,P,0.33705300092697144,0.14110000431537628,1.0,0.0,0.0,3.054730001837015,,2019,pit,RP
sa599246,Josh Martin,P,0.9241399765014648,0.016100000590085983,1.0,0.0,0.0,3.9263700418174268,,2019,pit,RP
sa829207,T.J. Weir,P,0.9323859810829163,0.014399999752640724,1.0,0.0,0.0,4.104410088807345,,2019,pit,RP
19876,Kevin Ginkel,P,1.0,0.0,1.0,0.0,0.0,4.343659991025925,ARI,2019,pit,RP
8532,Rob Wooten,P,1.0,0.0,1.0,0.0,0.0,3.7542099513113505,,2019,pit,RP
sa829658,Keegan Yuhl,P,0.3485960066318512,0.13860000669956207,1.0,0.0,0.0,3.086820004880429,,2019,pit,RP
13339,Adrian Sampson,P,0.18698200583457947,0.17299999296665192,1.0,0.0,0.0,2.372689978778362,,2019,pit,SP
19268,Justin Dunn,P,0.1754390001296997,0.1754000037908554,1.0,0.0,0.0,2.890799938887358,,2019,pit,SP
5712,Greg Reynolds,P,0.1754390001296997,0.1754000037908554,1.0,0.0,0.0,2.9149000070989133,,2019,pit,SP
19675,James Marvel,P,0.18203499913215637,0.17399999499320984,1.0,0.0,0.0,2.6758401028811933,,2019,pit,SP
sa3004599,Joe Cavallaro,P,0.19110499322414398,0.1720999926328659,1.0,0.0,0.0,3.1443200282752515,,2019,pit,SP
sa828963,Josh Prevost,P,0.1754390001296997,0.1754000037908554,1.0,0.0,0.0,2.7222398988902574,,2019,pit,SP
2692,Joba Chamberlain,P,1.0,0.0,1.0,0.0,0.0,3.946549948304892,MIL,2019,pit,RP
14033,Mike Hauschild,P,0.7691230177879333,0.04910000041127205,1.0,0.0,0.0,3.9282798424363135,,2019,pit,RP
3777,Felipe Paulino,P,0.1754390001296997,0.1754000037908554,1.0,0.0,0.0,2.8123299993574626,,2019,pit,SP
sa658262,Jordan Guerrero,P,0.18203499913215637,0.17399999499320984,1.0,0.0,0.0,2.682249991595745,,2019,pit,SP
sa875234,Grant Borne,P,0.2364560067653656,0.16249999403953552,1.0,0.0,0.0,2.7793500237166886,,2019,pit,SP
4424,Jonathon Niese,P,0.27685999870300293,0.15389999747276306,1.0,0.0,0.0,2.467239951342344,,2019,pit,SP
20186,Brendan McKay,P,0.19770200550556183,0.17069999873638153,1.0,0.0,0.0,3.0919699966907506,,2019,pit,SP
sa597101,Ivan Pineyro,P,0.2232629954814911,0.16529999673366547,1.0,0.0,0.0,2.9327601037919515,,2019,pit,SP
16017,Odrisamer Despaigne,P,0.6058599948883057,0.08389999717473984,1.0,0.0,0.0,3.375329956412316,,2019,pit,RP
sa580426,Calvin Drummond,P,0.49454399943351746,0.10750000178813934,1.0,0.0,0.0,3.3360300704836843,,2019,pit,RP
sa914407,Jon Kennedy,P,0.6734740138053894,0.06949999928474426,1.0,0.0,0.0,3.682819827646017,,2019,pit,RP
sa3004494,Austin Warner,P,0.1754390001296997,0.1754000037908554,1.0,0.0,0.0,3.0233701094985013,,2019,pit,SP
sa657962,Martin Agosta,P,0.3403509855270386,0.1404000073671341,1.0,0.0,0.0,3.530179955065251,,2019,pit,RP
10887,Perci Garner,P,1.0,0.0,1.0,0.0,0.0,3.580360042303801,BAL,2019,pit,RP
sa827466,Lucas Long,P,0.3345789909362793,0.14159999787807465,1.0,0.0,0.0,2.4518501609563828,,2019,pit,RP
19712,Patrick Murphy,P,0.1754390001296997,0.1754000037908554,1.0,0.0,0.0,2.636290168017149,TEX,2019,pit,SP
14288,Luke Bard,P,1.0,0.0,1.0,0.0,0.0,3.7365800328552727,,2019,pit,RP
sa913084,Matt Milburn,P,0.18203499913215637,0.17399999499320984,1.0,0.0,0.0,2.6707199171185496,,2019,pit,SP
19766,Seth Elledge,P,1.0,0.0,1.0,0.0,0.0,4.296940129995347,OAK,2019,pit,RP
sa503583,Jose A. Flores,P,0.30901798605918884,0.1469999998807907,1.0,0.0,0.0,3.018100115656853,,2019,pit,RP
8007,Jason Gurka,P,1.0,0.0,1.0,0.0,0.0,3.759080094099045,,2019,pit,RP
sa873276,Thomas Jankins,P,0.2183160036802292,0.1662999987602234,1.0,0.0,0.0,2.979409933835268,,2019,pit,SP
18361,Thomas Eshelman,P,0.18203499913215637,0.17399999499320984,1.0,0.0,0.0,2.6439699955284595,,2019,pit,SP
sa708442,Joe Broussard,P,1.0,0.0,1.0,0.0,0.0,4.382499984651805,,2019,pit,RP
sa829372,Kolton Mahoney,P,0.36591199040412903,0.13490000367164612,1.0,0.0,0.0,3.30497018173337,,2019,pit,RP
19932,Trevor Stephan,P,0.1754390001296997,0.1754000037908554,1.0,0.0,0.0,2.7279100358486175,CLE,2019,pit,SP
sa738394,Jordan Mills,P,1.0,0.0,1.0,0.0,0.0,3.9146900430321696,,2019,pit,RP
16165,Max Povse,P,1.0,0.0,1.0,0.0,0.0,3.9410899043083196,,2019,pit,RP
10304,Jarred Cosart,P,0.19852599501609802,0.1704999953508377,1.0,0.0,0.0,2.7454999297857285,SDP,2019,pit,SP
sa602806,Travis Radke,P,0.9167190194129944,0.01769999973475933,1.0,0.0,0.0,4.055980072915554,,2019,pit,RP
1984,Cory Luebke,P,1.0,0.0,1.0,0.0,0.0,4.049159891158343,,2019,pit,RP
sa390235,Cory Riordan,P,0.19605299830436707,0.17110000550746918,1.0,0.0,0.0,2.4623900786042214,DET,2019,pit,SP
2038,Justin Masterson,P,0.38817501068115234,0.13019999861717224,1.0,0.0,0.0,3.2178101189434534,,2019,pit,RP
sa552222,Isaac Sanchez,P,1.0,0.0,1.0,0.0,0.0,4.181940001994372,,2019,pit,RP
20369,Matt Manning,P,0.1754390001296997,0.1754000037908554,1.0,0.0,0.0,2.7184800222516063,,2019,pit,SP
sa708443,James Farris,P,1.0,0.0,1.0,0.0,0.0,3.786949851363897,COL,2019,pit,RP
sa598616,Johnny Omahen,P,0.18780699372291565,0.1728000044822693,1.0,0.0,0.0,2.907269984483719,ARI,2019,pit,SP
19495,Mike Shawaryn,P,0.18203499913215637,0.17399999499320984,1.0,0.0,0.0,2.912419966608286,,2019,pit,SP
11562,Lendy Castillo,P,0.1754390001296997,0.1754000037908554,1.0,0.0,0.0,2.80060995221138,,2019,pit,SP
20030,Phillip Diehl,P,1.0,0.0,1.0,0.0,0.0,3.824190099537373,,2019,pit,RP
10481,Shawn Tolleson,P,1.0,0.0,1.0,0.0,0.0,3.6371098130941393,,2019,pit,RP
sa876861,Yoanys Quiala,P,0.24305300414562225,0.16110000014305115,1.0,0.0,0.0,2.800279895216227,,2019,pit,SP
6238,Diego Moreno,P,1.0,0.0,1.0,0.0,0.0,3.9715900070965295,,2019,pit,RP
10285,Josh Smoker,P,1.0,0.0,1.0,0.0,0.0,4.113899975270034,,2019,pit,RP
11471,Dallas Beeler,P,0.1754390001296997,0.1754000037908554,1.0,0.0,0.0,2.629849935323,,2019,pit,SP
sa3004222,Sam Delaplane,P,1.0,0.0,1.0,0.0,0.0,3.9622200876474385,,2019,pit,RP
sa526880,Patrick Johnson,P,0.1754390001296997,0.1754000037908554,1.0,0.0,0.0,2.783780144155026,,2019,pit,SP
12963,Roberto Gómez,P,1.0,0.0,1.0,0.0,0.0,3.8739998832345015,,2019,pit,RP
11468,Zach Lee,P,0.4500179886817932,0.11699999868869781,1.0,0.0,0.0,3.2714800573885445,,2019,pit,RP
11071,Mickey Jannis,P,0.18203499913215637,0.17399999499320984,1.0,0.0,0.0,2.9356798611581327,,2019,pit,SP
3340,Matt Garza,P,0.1944040060043335,0.17139999568462372,1.0,0.0,0.0,2.683099959790707,,2019,pit,SP
6204,Shaun Marcum,P,0.2933509945869446,0.15039999783039093,1.0,0.0,0.0,2.964809822291136,,2019,pit,SP
14857,Joe Mantiply,P,1.0,0.0,1.0,0.0,0.0,3.771939986199141,TOR,2019,pit,RP
20339,Matt Peacock,P,0.2884039878845215,0.15139999985694885,1.0,0.0,0.0,3.003089946508408,,2019,pit,SP
2412,Barry Enright,P,0.2554210126399994,0.15839999914169312,1.0,0.0,0.0,3.0035999640822415,,2019,pit,SP
6943,Luke Hochevar,P,1.0,0.0,1.0,0.0,0.0,4.027460144460202,,2019,pit,RP
sa659598,Shao-Ching Chiang,P,0.1894560009241104,0.17249999940395355,1.0,0.0,0.0,2.556129857152701,,2019,pit,SP
12828,Andrew Kittredge,P,0.8425089716911316,0.03350000083446503,1.0,0.0,0.0,3.9984799779951574,BAL,2019,pit,RP
sa3005114,Marshall Kasowski,P,0.9035260081291199,0.020500000566244125,1.0,0.0,0.0,4.384789968281984,,2019,pit,RP
19926,Tony Santillan,P,0.1754390001296997,0.1754000037908554,1.0,0.0,0.0,2.706410193443298,CIN,2019,pit,SP
20038,Darren McCaughan,P,0.1754390001296997,0.1754000037908554,1.0,0.0,0.0,2.6256199099123476,CIN,2019,pit,SP
15458,Ricardo Rodríguez,P,1.0,0.0,1.0,0.0,0.0,4.069460111111402,,2019,pit,RP
18186,James Naile,P,0.1754390001296997,0.1754000037908554,1.0,0.0,0.0,2.549450069665909,,2019,pit,SP
6832,Sam Freeman,P,1.0,0.0,1.0,0.0,0.0,4.225379873812199,,2019,pit,RP
19680,Sixto Sánchez,P,0.1754390001296997,0.1754000037908554,1.0,0.0,0.0,3.045349764078856,MIA,2019,pit,SP
sa3004211,Blake Weiman,P,1.0,0.0,1.0,0.0,0.0,3.9121299691498286,LAA,2019,pit,RP
sa738610,Tyler Viza,P,0.3906489908695221,0.12960000336170197,1.0,0.0,0.0,3.0362899444997313,,2019,pit,RP
sa3002775,Matt Wivinis,P,1.0,0.0,1.0,0.0,0.0,3.825299838930369,,2019,pit,RP
sa738690,Nick Green,P,0.1754390001296997,0.1754000037908554,1.0,0.0,0.0,2.438220120221377,,2019,pit,SP
11543,Dayan Díaz,P,0.830964982509613,0.035999998450279236,1.0,0.0,0.0,3.7939499802887444,,2019,pit,RP
sa827380,Kyle Kubat,P,0.4689820110797882,0.11299999803304672,1.0,0.0,0.0,2.9153097987174994,,2019,pit,RP
sa658941,Joe Shaw,P,0.1754390001296997,0.1754000037908554,1.0,0.0,0.0,2.942809868603945,,2019,pit,SP
19795,Keegan Thompson,P,0.1754390001296997,0.1754000037908554,1.0,0.0,0.0,2.908379914611578,COL,2019,pit,SP
sa656043,Alfred Gutierrez,P,0.2875789999961853,0.15160000324249268,1.0,0.0,0.0,3.4743999473750597,,2019,pit,SP
sa829504,Tyler Badamo,P,0.1754390001296997,0.1754000037908554,1.0,0.0,0.0,2.59150012806058,,2019,pit,SP
sa501520,Darin Gorski,P,0.20017500221729279,0.17020000517368317,1.0,0.0,0.0,2.8809997804462912,,2019,pit,SP
15106,Collin Wiles,P,0.1754390001296997,0.1754000037908554,1.0,0.0,0.0,2.7011801205575474,,2019,pit,SP
1660,Jose Contreras,P,0.1754390001296997,0.1754000037908554,1.0,0.0,0.0,2.6241400368511676,,2019,pit,SP
sa875823,Evan Manarino,P,0.20924599468708038,0.16820000112056732,1.0,0.0,0.0,2.6779099382460125,,2019,pit,SP
3273,Roberto Hernandez,P,0.1754390001296997,0.1754000037908554,1.0,0.0,0.0,2.572870090603829,,2019,pit,SP
sa738925,Isaac Anderson,P,0.3007720112800598,0.14880000054836273,1.0,0.0,0.0,3.235599916428328,,2019,pit,RP
14460,Matt Ramsey,P,0.9290879964828491,0.01510000042617321,1.0,0.0,0.0,3.8178100295364854,,2019,pit,RP
13293,Danny Coulombe,P,1.0,0.0,1.0,0.0,0.0,3.8689700655639174,,2019,pit,RP
sa577014,DJ Baxendale,P,0.4277540147304535,0.121799997985363,1.0,0.0,0.0,2.974860031157732,,2019,pit,RP
sa868984,Yadier Álvarez,P,5.0,0.0,5.0,0.0,0.8364999890327454,24.2846210449934,,2019,pit,RP
sa549271,Derek Eitel,P,0.2785089910030365,0.1535000056028366,1.0,0.0,0.0,3.047979996353388,,2019,pit,SP
13932,Dietrich Enns,P,0.5192810297012329,0.1023000031709671,1.0,0.0,0.0,3.5346899233758453,BAL,2019,pit,RP
9243,Simon Castro,P,1.0,0.0,1.0,0.0,0.0,4.049050118774176,,2019,pit,RP
sa837103,Ben Bracewell,P,0.1754390001296997,0.1754000037908554,1.0,0.0,0.0,2.7330198779702193,,2019,pit,SP
17303,Francis Martes,P,0.732017993927002,0.05700000002980232,1.0,0.0,0.0,3.8523802757263184,,2019,pit,RP
6230,Kyle Kendrick,P,0.1754390001296997,0.1754000037908554,1.0,0.0,0.0,2.5994498006999494,,2019,pit,SP
sa738268,Sam Tewes,P,0.1754390001296997,0.1754000037908554,1.0,0.0,0.0,2.781459891796113,,2019,pit,SP
19800,Wil Crowe,P,0.18368400633335114,0.1737000048160553,1.0,0.0,0.0,2.704510071128607,,2019,pit,SP
4001,Enny Romero,P,1.0,0.0,1.0,0.0,0.0,4.070500037074089,,2019,pit,RP
sa602392,Reid Redman,P/2B,1.0,0.0,1.0,0.0,0.0,3.9502100571990018,,2019,pit,RP
sa964182,Elian Leyva,P,0.618228018283844,0.0812000036239624,1.0,0.0,0.0,3.631350023299456,,2019,pit,RP
12361,Spencer Patton,P,1.0,0.0,1.0,0.0,0.0,4.049749863147735,,2019,pit,RP
sa738697,Connor Jones,P,0.2133679986000061,0.16740000247955322,1.0,0.0,0.0,2.884480070322752,,2019,pit,SP
sa598185,Blair Walters,P,0.18203499913215637,0.17399999499320984,1.0,0.0,0.0,2.802430218458176,,2019,pit,SP
sa550615,Carlos Navas,P,0.904350996017456,0.020400000736117363,1.0,0.0,0.0,4.302349971234799,,2019,pit,RP
sa393067,Nick Additon,P,0.1754390001296997,0.1754000037908554,1.0,0.0,0.0,2.777340208739042,,2019,pit,SP
sa915801,Tyler Stevens,P,1.0,0.0,1.0,0.0,0.0,4.294310238212347,,2019,pit,RP
14957,José Torres,P,1.0,0.0,1.0,0.0,0.0,3.99989015981555,,2019,pit,RP
sa918459,Joe Navilhon,P,0.8944560289382935,0.02250000089406967,1.0,0.0,0.0,3.519149911403656,,2019,pit,RP
2170,Chad Qualls,P,1.0,0.0,1.0,0.0,0.0,3.6658000424504285,,2019,pit,RP
10796,Josh Edgin,P,1.0,0.0,1.0,0.0,0.0,4.219750025868416,,2019,pit,RP
9646,Brian Moran,P,1.0,0.0,1.0,0.0,0.0,4.308890127390624,,2019,pit,RP
15301,Layne Somsen,P,1.0,0.0,1.0,0.0,0.0,4.242430097609759,,2019,pit,RP
sa829137,Ryan Williams,P,0.1894560009241104,0.17249999940395355,1.0,0.0,0.0,2.7237401247024535,,2019,pit,SP
sa657871,Walker Weickel,P,0.2183160036802292,0.1662999987602234,1.0,0.0,0.0,2.3610399678349494,,2019,pit,SP
12784,Burch Smith,P,0.7641749978065491,0.050200000405311584,1.0,0.0,0.0,3.9963299930095677,DET,2019,pit,RP
sa875060,Jack Wynkoop,P,0.1754390001296997,0.1754000037908554,1.0,0.0,0.0,2.150349973142147,,2019,pit,SP
16668,James Bourque,P,10.0,0.0,10.0,0.0,0.8403000235557556,40.68783983588219,,2019,pit,RP
15853,Jesen Therrien,P,1.0,0.0,1.0,0.0,0.0,4.148639953881503,,2019,pit,RP
10065,Johnny Hellweg,P,1.0,0.0,1.0,0.0,0.0,3.8847500286996373,,2019,pit,RP
sa873684,Kit Scheetz,P,1.0,0.0,1.0,0.0,0.0,3.938269950449467,,2019,pit,RP
4544,Chris Smith,P,0.30901798605918884,0.1469999998807907,1.0,0.0,0.0,2.8683198906481273,,2019,pit,RP
1259,Colby Lewis,P,0.1754390001296997,0.1754000037908554,1.0,0.0,0.0,2.5809200748801233,,2019,pit,SP
sa658029,Ryan Newell,P,1.0,0.0,1.0,0.0,0.0,4.022039925307036,,2019,pit,RP
sa827432,Preston Morrison,P,0.8977540135383606,0.021800000220537186,1.0,0.0,0.0,3.73013012111187,,2019,pit,RP
14711,Jamie Callahan,P,1.0,0.0,1.0,0.0,0.0,4.423910064250231,SFG,2019,pit,RP
10976,Ryan O'Rourke,P,1.0,0.0,1.0,0.0,0.0,4.164389891177416,,2019,pit,RP
sa918150,Tommy Eveld,P,1.0,0.0,1.0,0.0,0.0,4.215350036323071,,2019,pit,RP
sa550449,Dylan Unsworth,P,0.2636669874191284,0.156700000166893,1.0,0.0,0.0,2.743739993870259,,2019,pit,SP
6697,Miguel Socolovich,P,1.0,0.0,1.0,0.0,0.0,3.6255999572575095,,2019,pit,RP
10148,Manny Barreda,P,0.19357900321483612,0.17159999907016754,1.0,0.0,0.0,3.0192099779844286,,2019,pit,SP
sa658297,Shane Broyles,P,1.0,0.0,1.0,0.0,0.0,4.0608100846409805,,2019,pit,RP
sa554616,Ryan Kussmaul,P,1.0,0.0,1.0,0.0,0.0,4.107619918882847,,2019,pit,RP
sa658314,Michael Peoples,P,0.1754390001296997,0.1754000037908554,1.0,0.0,0.0,2.5116402022540574,,2019,pit,SP
11176,David Buchanan,P,0.1754390001296997,0.1754000037908554,1.0,0.0,0.0,2.4942401446402074,,2019,pit,SP
sa454866,Shawn Haviland,P,0.22985999286174774,0.1639000028371811,1.0,0.0,0.0,2.85833008363843,,2019,pit,SP
sa3004018,Austin Hutchison,P,0.4656839966773987,0.1137000024318695,1.0,0.0,0.0,3.066829974204302,,2019,pit,RP
sa701852,Sam Lewis,P,0.3898249864578247,0.1298000067472458,1.0,0.0,0.0,3.230300025641918,,2019,pit,RP
14151,Chris Mazza,P,0.5893679857254028,0.08739999681711197,1.0,0.0,0.0,3.396030007302761,,2019,pit,RP
sa501327,Brooks Hall,P,0.35024601221084595,0.13819999992847443,1.0,0.0,0.0,2.9084501199424273,,2019,pit,RP
19529,Cam Vieaux,P,0.1754390001296997,0.1754000037908554,1.0,0.0,0.0,2.6825799278914926,,2019,pit,SP
9412,Hiram Burgos,P,0.21254399418830872,0.16750000417232513,1.0,0.0,0.0,3.0007800467312338,,2019,pit,SP
sa290174,Tyler Herron,P,0.1754390001296997,0.1754000037908554,1.0,0.0,0.0,2.66993010789156,,2019,pit,SP
sa549091,Andrew Robinson,P,1.0,0.0,1.0,0.0,0.0,4.228260040283203,LAD,2019,pit,RP
9174,Casey Kelly,P,0.4656839966773987,0.1137000024318695,1.0,0.0,0.0,3.0182901404798033,,2019,pit,RP
19826,Riley Smith,P,0.18203499913215637,0.17399999499320984,1.0,0.0,0.0,2.854999969154597,,2019,pit,SP
11121,Casey Lawrence,P,1.0,0.0,1.0,0.0,0.0,3.727460144460202,SEA,2019,pit,RP
8369,Mitch Atkins,P,0.1754390001296997,0.1754000037908554,1.0,0.0,0.0,3.0334900431334977,,2019,pit,SP
921,Tim Hudson,P,0.19110499322414398,0.1720999926328659,1.0,0.0,0.0,2.396840083599091,,2019,pit,SP
5842,Chad Billingsley,P,0.1754390001296997,0.1754000037908554,1.0,0.0,0.0,2.4384299531579012,,2019,pit,SP
sa737808,Sean Brady,P,0.1754390001296997,0.1754000037908554,1.0,0.0,0.0,2.4939199000597005,,2019,pit,SP
sa657658,Eduardo Vera,P,0.1754390001296997,0.1754000037908554,1.0,0.0,0.0,2.5549899250268937,,2019,pit,SP
sa738685,Reid Humphreys,P,1.0,0.0,1.0,0.0,0.0,3.695999804139138,,2019,pit,RP
16432,Foster Griffin,P,0.18780699372291565,0.1728000044822693,1.0,0.0,0.0,2.7311602037400005,WSN,2019,pit,SP
sa549147,Ben Holmes,P,0.38240399956703186,0.131400004029274,1.0,0.0,0.0,3.352889829128981,,2019,pit,RP
sa599717,Greg Ross,P,0.19605299830436707,0.17110000550746918,1.0,0.0,0.0,2.5692897558212278,,2019,pit,SP
sa874155,Zac Houston,P,1.0,0.0,1.0,0.0,0.0,3.916639886051417,,2019,pit,RP
sa506029,Francisco Mendoza,P,1.0,0.0,1.0,0.0,0.0,4.040170019119978,SDP,2019,pit,RP
sa918951,Brian Keller,P,0.18286000192165375,0.17389999330043793,1.0,0.0,0.0,2.4660000756382945,,2019,pit,SP
sa738368,Austin Coley,P,0.20182499289512634,0.16979999840259552,1.0,0.0,0.0,2.6484501272439958,,2019,pit,SP
13674,Onelki Garcia,P,0.9538249969482422,0.009800000116229057,1.0,0.0,0.0,3.7906699456274513,,2019,pit,RP
19981,Jeremy Walker,P,0.1754390001296997,0.1754000037908554,1.0,0.0,0.0,2.7752099417150027,,2019,pit,SP
sa738366,Matt Pierpont,P,1.0,0.0,1.0,0.0,0.0,3.69341001957655,,2019,pit,RP
11487,Joely Rodríguez,P,1.0,0.0,1.0,0.0,0.0,3.8282699801027777,BOS,2019,pit,RP
9559,Austin Bibens-Dirkx,P,0.3766320049762726,0.13259999454021454,1.0,0.0,0.0,2.9600101612508296,,2019,pit,RP
sa739701,Armando Rivero,P,1.0,0.0,1.0,0.0,0.0,4.194850080460309,,2019,pit,RP
sa918488,Kyle Young,P,0.1754390001296997,0.1754000037908554,1.0,0.0,0.0,2.4860700376331812,,2019,pit,SP
sa918264,Brandon Lawson,P,0.2694390118122101,0.15539999306201935,1.0,0.0,0.0,2.6524902075529098,,2019,pit,SP
18333,Alex Young,P,0.2364560067653656,0.16249999403953552,1.0,0.0,0.0,3.038160008937121,CIN,2019,pit,SP
sa830035,Edgardo Sandoval,P,0.23480699956417084,0.16279999911785126,1.0,0.0,0.0,2.852039948105812,,2019,pit,SP
9154,Ryan Verdugo,P,0.29994699358940125,0.14890000224113464,1.0,0.0,0.0,2.830119988322258,,2019,pit,RP
4788,Matt Capps,P,0.904350996017456,0.020400000736117363,1.0,0.0,0.0,3.9758899450302123,,2019,pit,RP
sa550539,Wirkin Estevez,P,0.18698200583457947,0.17299999296665192,1.0,0.0,0.0,2.5129699818789963,,2019,pit,SP
11861,Jason Adam,P,1.0,0.0,1.0,0.0,0.0,3.771119987219573,SDP,2019,pit,RP
6329,John Danks,P,0.1754390001296997,0.1754000037908554,1.0,0.0,0.0,2.5974399186670785,,2019,pit,SP
10620,Donn Roach,P,1.0,0.0,1.0,0.0,0.0,3.3676899366080764,,2019,pit,RP
sa549763,Joel Bender,P,1.0,0.0,1.0,0.0,0.0,3.832390076667071,,2019,pit,RP
8855,Ryan Cook,P,1.0,0.0,1.0,0.0,0.0,3.993989969789982,,2019,pit,RP
12870,Andrew McKirahan,P,1.0,0.0,1.0,0.0,0.0,3.7124499112367637,CIN,2019,pit,RP
5203,Mike Pelfrey,P,0.3106670081615448,0.14669999480247498,1.0,0.0,0.0,2.695280061662198,,2019,pit,RP
9286,Rob Scahill,P,1.0,0.0,1.0,0.0,0.0,3.4800999544560915,,2019,pit,RP
334,Kanekoa Texeira,P,0.4409469962120056,0.11890000104904175,1.0,0.0,0.0,3.244720166176558,,2019,pit,RP
16106,Cy Sneed,P,0.2224390059709549,0.16539999842643738,1.0,0.0,0.0,2.850259956717491,,2019,pit,SP
sa550022,John Fasola,P,1.0,0.0,1.0,0.0,0.0,4.002959993481636,,2019,pit,RP
sa658168,Logan Taylor,P,0.5596839785575867,0.09369999915361404,1.0,0.0,0.0,3.2862398803234103,,2019,pit,RP
2858,Daniel Moskos,P,1.0,0.0,1.0,0.0,0.0,3.799519994109869,,2019,pit,RP
16135,Brandon Leibrandt,P,0.4376490116119385,0.11959999799728394,1.0,0.0,0.0,3.0016901686787603,CIN,2019,pit,RP
sa597233,Yender Cáramo,P,0.3197369873523712,0.14470000565052032,1.0,0.0,0.0,2.6531001023948195,,2019,pit,RP
sa827457,Andrew Istler,P,0.9109470248222351,0.01889999955892563,1.0,0.0,0.0,3.6528300754725938,WSN,2019,pit,RP
15541,Tyler Rogers,P,1.0,0.0,1.0,0.0,0.0,4.116830030828715,TOR,2019,pit,RP
sa829346,Caleb Dirks,P,1.0,0.0,1.0,0.0,0.0,4.1832001298666,,2019,pit,RP
sa658286,Andrew Sopko,P,0.2042980045080185,0.16930000483989716,1.0,0.0,0.0,2.636959999054671,,2019,pit,SP
15979,Akeem Bostick,P,0.23315800726413727,0.1632000058889389,1.0,0.0,0.0,2.885570129007102,,2019,pit,SP
6612,Marc Rzepczynski,P,1.0,0.0,1.0,0.0,0.0,4.120499820262195,,2019,pit,RP
sa598974,Matt Tomshaw,P,0.1754390001296997,0.1754000037908554,1.0,0.0,0.0,2.320619825273752,,2019,pit,SP
20243,Zac Lowther,P,0.18286000192165375,0.17389999330043793,1.0,0.0,0.0,2.3520201332867146,,2019,pit,SP
sa875031,Jordan Stephens,P,1.6200000047683716,1.6200000047683716,9.234000205993652,0.0,0.0,22.35661167502403,,2019,pit,SP
sa856262,Patrick Ruotolo,P,1.0,0.0,1.0,0.0,0.0,4.456010144203901,,2019,pit,RP
12118,Kendry Flores,P,0.1754390001296997,0.1754000037908554,1.0,0.0,0.0,2.868109969049692,STL,2019,pit,SP
sa556821,Terance Marin,P,0.1754390001296997,0.1754000037908554,1.0,0.0,0.0,2.2170901119709017,,2019,pit,SP
sa577012,Mitch Lambson,P,0.1754390001296997,0.1754000037908554,1.0,0.0,0.0,2.832859988510609,,2019,pit,SP
20383,Antonio Santos,P,0.1754390001296997,0.1754000037908554,1.0,0.0,0.0,2.1531100519001485,,2019,pit,SP
10039,Keyvius Sampson,P,0.8111749887466431,0.04019999876618385,1.0,0.0,0.0,4.19977997019887,,2019,pit,RP
sa526875,Kaleb Fleck,P,1.0,0.0,1.0,0.0,0.0,3.9211101539433,,2019,pit,RP
6869,Marcos Mateo,P,1.0,0.0,1.0,0.0,0.0,3.9214299172163014,,2019,pit,RP
sa657917,Marcos Molina,P,0.1754390001296997,0.1754000037908554,1.0,0.0,0.0,2.618559980392456,,2019,pit,SP
sa3001062,Dustin Crenshaw,P,0.1754390001296997,0.1754000037908554,1.0,0.0,0.0,2.3877097979187965,,2019,pit,SP
sa828693,Joe Gatto,P,0.1754390001296997,0.1754000037908554,1.0,0.0,0.0,2.4359299518167976,,2019,pit,SP
1767,Kevin Correia,P,0.1754390001296997,0.1754000037908554,1.0,0.0,0.0,2.4327599219977856,,2019,pit,SP
sa828664,Kodi Medeiros,P,1.6200000047683716,1.6200000047683716,9.234000205993652,0.0,0.0,22.636250233650205,,2019,pit,SP
sa302341,Anthony Carter,P,1.0,0.0,1.0,0.0,0.0,3.4442200951278212,,2019,pit,RP
8992,Arquimedes Caminero,P,1.0,0.0,1.0,0.0,0.0,4.133729987591506,,2019,pit,RP
20039,Adrian Morejon,P,0.1754390001296997,0.1754000037908554,1.0,0.0,0.0,2.9244800627231595,SDP,2019,pit,SP
17859,Adbert Alzolay,P,1.6200000047683716,1.6200000047683716,9.234000205993652,0.0,0.0,24.736082780361183,NYM,2019,pit,SP
4578,Pedro Hernandez,P,0.1754390001296997,0.1754000037908554,1.0,0.0,0.0,2.5122299842536453,,2019,pit,SP
4878,Brandon Maurer,P,1.0,0.0,1.0,0.0,0.0,3.857879875600338,,2019,pit,RP
sa829393,Zach Hedges,P,0.710578978061676,0.06159999966621399,1.0,0.0,0.0,3.266930064558983,,2019,pit,RP
sa919219,Randy Pondler,P,0.23398199677467346,0.16300000250339508,1.0,0.0,0.0,2.524130020290613,,2019,pit,SP
sa658513,Brock Dykxhoorn,P,0.20594699680805206,0.1688999980688095,1.0,0.0,0.0,2.8644900046288972,,2019,pit,SP
13259,Louis Head,P,1.0,0.0,1.0,0.0,0.0,4.143910048902034,,2019,pit,RP
5535,Phil Coke,P,1.0,0.0,1.0,0.0,0.0,3.7544200971722606,,2019,pit,RP
10160,Ryan Weber,P,1.0,0.0,1.0,0.0,0.0,3.602279917895794,,2019,pit,RP
sa829632,Brady Puckett,P,0.18368400633335114,0.1737000048160553,1.0,0.0,0.0,2.8172201305627826,,2019,pit,SP
13166,Jed Bradley,P,1.0,0.0,1.0,0.0,0.0,3.9878899648785597,,2019,pit,RP
18105,Ryan Meisinger,P,0.9868069887161255,0.00279999990016222,1.0,0.0,0.0,3.913170052319765,,2019,pit,RP
5766,Bruce Rondón,P,1.0,0.0,1.0,0.0,0.0,4.151719836890698,,2019,pit,RP
19558,Geoff Hartlieb,P,1.0,0.0,1.0,0.0,0.0,3.728170089423657,OAK,2019,pit,RP
1051,Jake Peavy,P,0.24470199644565582,0.1606999933719635,1.0,0.0,0.0,2.698539957404137,,2019,pit,SP
6324,Al Alburquerque,P,1.0,0.0,1.0,0.0,0.0,3.8002099432051186,,2019,pit,RP
sa471754,Robert Zárate,P,0.6569820046424866,0.0729999989271164,1.0,0.0,0.0,3.409320011734963,,2019,pit,RP
sa599334,Wyatt Strahan,P,0.2034740000963211,0.16949999332427979,1.0,0.0,0.0,2.404359973967076,,2019,pit,SP
18475,Shea Spitzbarth,P,1.0,0.0,1.0,0.0,0.0,4.218540074676276,,2019,pit,RP
sa392227,Roy Merritt,P,0.1754390001296997,0.1754000037908554,1.0,0.0,0.0,2.816279821097851,,2019,pit,SP
8246,Paolo Espino,P,0.7188249826431274,0.05979999899864197,1.0,0.0,0.0,3.414600051939488,,2019,pit,RP
14874,Sam Moll,P,1.0,0.0,1.0,0.0,0.0,4.186799925565719,CIN,2019,pit,RP
17722,Trevor Megill,P,1.0,0.0,1.0,0.0,0.0,4.053629876673222,MIL,2019,pit,RP
sa401631,Benino Pruneda,P,1.0,0.0,1.0,0.0,0.0,3.962670020014048,,2019,pit,RP
4994,Fernando Abad,P,1.0,0.0,1.0,0.0,0.0,4.252380029857159,,2019,pit,RP
17860,José Rodríguez,P,0.1754390001296997,0.1754000037908554,1.0,0.0,0.0,2.4614399112761025,,2019,pit,SP
7396,Dillon Gee,P,0.7344909906387329,0.05649999901652336,1.0,0.0,0.0,3.3903001017868526,,2019,pit,RP
6577,Anthony Vasquez,P,0.2966490089893341,0.14959999918937683,1.0,0.0,0.0,3.0393498979508875,,2019,pit,SP
16990,Tanner Banks,P,0.1754390001296997,0.1754000037908554,1.0,0.0,0.0,2.2771299399435523,PHI,2019,pit,SP
sa548553,Neil Holland,P,1.0,0.0,1.0,0.0,0.0,3.631139824539423,,2019,pit,RP
5089,Scott Diamond,P,1.0,0.0,1.0,0.0,0.0,3.5754099227488045,,2019,pit,RP
sa503829,Tommy Collier,P,0.1754390001296997,0.1754000037908554,1.0,0.0,0.0,2.543810012936593,,2019,pit,SP
sa553503,Reinier Roibal,P,0.3725090026855469,0.13349999487400055,1.0,0.0,0.0,2.9314098984003065,,2019,pit,RP
sa829005,Lane Ratliff,P,0.2686139941215515,0.15559999644756317,1.0,0.0,0.0,2.9953100621700286,,2019,pit,SP
19487,Devin Smeltzer,P,0.36508798599243164,0.13510000705718994,1.0,0.0,0.0,2.7760699003934866,,2019,pit,RP
sa877362,Wes Helsabeck,P,0.7344909906387329,0.05649999901652336,1.0,0.0,0.0,3.8354701340198525,,2019,pit,RP
sa918047,Austin McGeorge,P,1.0,0.0,1.0,0.0,0.0,4.002310040593148,,2019,pit,RP
sa3001059,Jorge Martinez,P,0.1754390001296997,0.1754000037908554,1.0,0.0,0.0,2.4173200815916065,,2019,pit,SP
9460,Dan Straily,P,0.1754390001296997,0.1754000037908554,1.0,0.0,0.0,2.618870092928409,,2019,pit,SP
10185,Jacob Turner,P,0.8029299974441528,0.04190000146627426,1.0,0.0,0.0,3.2221299380064012,,2019,pit,RP
10946,Josh A. Smith,P,1.0,0.0,1.0,0.0,0.0,3.8023099988698963,,2019,pit,RP
20237,Tyler Ivey,P,0.22821100056171417,0.16419999301433563,1.0,0.0,0.0,2.799509926885367,,2019,pit,SP
sa550261,James Buckelew,P,0.7946839928627014,0.043699998408555984,1.0,0.0,0.0,3.6865399956703193,,2019,pit,RP
11341,Sean Nolin,P,0.1754390001296997,0.1754000037908554,1.0,0.0,0.0,2.3931399732828145,,2019,pit,SP
sa829299,Whit Mayberry,P,1.0,0.0,1.0,0.0,0.0,3.7071498997509487,,2019,pit,RP
20000,Tyler Wells,P,0.18450899422168732,0.17350000143051147,1.0,0.0,0.0,2.6687799699604513,BAL,2019,pit,SP
20367,Brusdar Graterol,P,0.1754390001296997,0.1754000037908554,1.0,0.0,0.0,2.4424999065697195,LAD,2019,pit,SP
sa737861,Stephen Janas,P,0.9142460227012634,0.018200000748038292,1.0,0.0,0.0,3.5496500723063944,,2019,pit,RP
7411,Austin Adams,P,1.0,0.0,1.0,0.0,0.0,3.6540799617767337,,2019,pit,RP
20333,Nick Raquet,P,0.1754390001296997,0.1754000037908554,1.0,0.0,0.0,2.3840001106262214,STL,2019,pit,SP
99,Zach Phillips,P,1.0,0.0,1.0,0.0,0.0,3.7847899779677396,,2019,pit,RP
4759,Jonathan Broxton,P,1.0,0.0,1.0,0.0,0.0,3.8066500529646876,,2019,pit,RP
sa548235,J.R. Bradley,P,0.9035260081291199,0.020500000566244125,1.0,0.0,0.0,3.727420021593571,,2019,pit,RP
sa389775,Travis Banwart,P,0.2875789999961853,0.15160000324249268,1.0,0.0,0.0,2.7704501032829287,,2019,pit,SP
sa550027,Nick Lee,P,0.41126298904418945,0.12530000507831573,1.0,0.0,0.0,3.0786799699068075,WSN,2019,pit,RP
sa550186,Luke Irvine,P,0.23315800726413727,0.1632000058889389,1.0,0.0,0.0,2.667390009015799,,2019,pit,SP
17092,Domingo Acevedo,P,0.2323330044746399,0.16329999268054962,1.0,0.0,0.0,2.5542801231145855,,2019,pit,SP
sa919819,Steven Bruce,P,0.1853329986333847,0.17329999804496765,1.0,0.0,0.0,2.465580003708601,,2019,pit,SP
9227,Koji Uehara,P,1.0,0.0,1.0,0.0,0.0,3.9143000349402435,,2019,pit,RP
18769,Cody Poteet,P,0.18203499913215637,0.17399999499320984,1.0,0.0,0.0,2.9362997815012934,,2019,pit,SP
3403,Ricky Romero,P,0.5671049952507019,0.09210000187158585,1.0,0.0,0.0,3.7367100328207017,,2019,pit,RP
sa506311,Nelson Gonzalez,P,0.48464900255203247,0.1096000000834465,1.0,0.0,0.0,2.8605000503361224,,2019,pit,RP
7293,Brad Ziegler,P,1.0,0.0,1.0,0.0,0.0,3.7093798264861113,,2019,pit,RP
sa738639,Cole Stapler,P,0.1993509978055954,0.1703999936580658,1.0,0.0,0.0,2.74976995959878,,2019,pit,SP
11012,Kevin Shackelford,P,1.0,0.0,1.0,0.0,0.0,3.9630599603056913,,2019,pit,RP
sa708470,Mike Connolly,P,0.32880699634552,0.1428000032901764,1.0,0.0,0.0,3.1602800846099854,SFG,2019,pit,RP
sa3004740,Ryan Lillie,P,0.1754390001296997,0.1754000037908554,1.0,0.0,0.0,2.377030041813851,,2019,pit,SP
sa549834,Michael Wagner,P,0.2636669874191284,0.156700000166893,1.0,0.0,0.0,2.978339956700802,CHC,2019,pit,SP
sa795086,Tiago Da Silva,P,0.1754390001296997,0.1754000037908554,1.0,0.0,0.0,2.4378101207315925,,2019,pit,SP
7303,Preston Guilmet,P,1.0,0.0,1.0,0.0,0.0,3.418800137192011,,2019,pit,RP
sa526011,Michael Dimock,P,1.0,0.0,1.0,0.0,0.0,3.8720798887312413,ARI,2019,pit,RP
10466,Taylor Jordan,P,0.7089300155639648,0.061900001019239426,1.0,0.0,0.0,3.278209986537695,,2019,pit,RP
11712,Erik Goeddel,P,1.0,0.0,1.0,0.0,0.0,3.6646500371396544,,2019,pit,RP
20010,Wyatt Mills,P,1.0,0.0,1.0,0.0,0.0,3.699579887837172,LAD,2019,pit,RP
19550,Adam McCreery,P,10.0,0.0,10.0,0.0,0.8364999890327454,45.7564384162426,,2019,pit,RP
16317,Alex McRae,P,1.0,0.0,1.0,0.0,0.0,3.7499199196696282,,2019,pit,RP
9756,David Hale,P,1.0,0.0,1.0,0.0,0.0,3.1696398802101613,,2019,pit,RP
sa737643,David Ledbetter,P,0.1754390001296997,0.1754000037908554,1.0,0.0,0.0,2.1957999981939786,,2019,pit,SP
4168,Edward Paredes,P,1.0,0.0,1.0,0.0,0.0,3.720910049974919,,2019,pit,RP
16768,Montana DuRapau,P,1.0,0.0,1.0,0.0,0.0,3.962539929896593,,2019,pit,RP
sa550202,Ricky Knapp,P,0.2034740000963211,0.16949999332427979,1.0,0.0,0.0,2.459849964827299,,2019,pit,SP
8037,Paul Clemens,P,0.2174910008907318,0.1665000021457672,1.0,0.0,0.0,2.8672100916504863,,2019,pit,SP
sa389212,Andres Santiago,P,0.28510499000549316,0.15209999680519104,1.0,0.0,0.0,2.953480095416308,,2019,pit,SP
sa875869,Ivan Vieitez,P,0.3535439968109131,0.13750000298023224,1.0,0.0,0.0,2.777040062099695,,2019,pit,RP
sa3004857,David Parkinson,P,0.18368400633335114,0.1737000048160553,1.0,0.0,0.0,2.579430025815964,,2019,pit,SP
2203,Ronald Belisario,P,1.0,0.0,1.0,0.0,0.0,3.656330112367869,,2019,pit,RP
10257,Andy Oliver,P,0.7938600182533264,0.04390000179409981,1.0,0.0,0.0,3.8213400647044184,MIL,2019,pit,RP
19686,Kyle Cody,P,0.1754390001296997,0.1754000037908554,1.0,0.0,0.0,2.2186798527836804,,2019,pit,SP
sa874212,Nolan Blackwood,P,1.0,0.0,1.0,0.0,0.0,3.3645100496709346,,2019,pit,RP
sa659074,Matt Withrow,P,0.20677199959754944,0.1687999963760376,1.0,0.0,0.0,3.0423698753118513,,2019,pit,SP
14934,Aaron Blair,P,0.1754390001296997,0.1754000037908554,1.0,0.0,0.0,2.668980003893376,,2019,pit,SP
14443,Kyuji Fujikawa,P,1.0,0.0,1.0,0.0,0.0,3.9657299146056175,,2019,pit,RP
16058,Stefan Crichton,P,1.0,0.0,1.0,0.0,0.0,3.922300007939339,,2019,pit,RP
sa658229,Brian Holmes,P,0.47145599126815796,0.11249999701976776,1.0,0.0,0.0,3.12001995369792,,2019,pit,RP
11261,Logan Darnell,P,0.3815790116786957,0.1316000074148178,1.0,0.0,0.0,2.755800008028746,,2019,pit,RP
9901,Chris Volstad,P,0.9241399765014648,0.016100000590085983,1.0,0.0,0.0,3.324760057777166,CIN,2019,pit,RP
sa3002749,West Tunnell,P,1.0,0.0,1.0,0.0,0.0,3.989519982784987,,2019,pit,RP
sa738963,Frank Duncan,P,0.24305300414562225,0.16110000014305115,1.0,0.0,0.0,2.175410165637732,,2019,pit,SP
sa393262,Carlos Pimentel,P,0.1754390001296997,0.1754000037908554,1.0,0.0,0.0,2.6273499667644504,,2019,pit,SP
10337,Edwin Escobar,P,0.7559300065040588,0.051899999380111694,1.0,0.0,0.0,3.475879987329245,,2019,pit,RP
18376,Connor Overton,P,0.7773680090904236,0.04740000143647194,1.0,0.0,0.0,3.930670166760683,,2019,pit,RP
sa658786,Tyler DeLoach,P,1.0,0.0,1.0,0.0,0.0,3.6783199466764924,LAA,2019,pit,RP
sa502177,John Church,P,1.0,0.0,1.0,0.0,0.0,3.7624999597668647,,2019,pit,RP
14812,Barrett Astin,P,1.0,0.0,1.0,0.0,0.0,3.636649878323078,,2019,pit,RP
sa327842,Casey Weathers,P,1.0,0.0,1.0,0.0,0.0,3.791950158029795,,2019,pit,RP
19979,Zach Plesac,P,0.1754390001296997,0.1754000037908554,1.0,0.0,0.0,2.4909800574183465,,2019,pit,SP
7501,Tommy Layne,P,1.0,0.0,1.0,0.0,0.0,3.88435999751091,,2019,pit,RP
12790,Raúl Alcántara,P,0.48464900255203247,0.1096000000834465,1.0,0.0,0.0,2.946999887377024,,2019,pit,RP
5669,Henderson Alvarez,P,0.1754390001296997,0.1754000037908554,1.0,0.0,0.0,2.354480171203613,,2019,pit,SP
11896,Enderson Franco,P,0.23398199677467346,0.16300000250339508,1.0,0.0,0.0,3.1949499331414706,,2019,pit,SP
14823,Mark Appel,P,0.1944040060043335,0.17139999568462372,1.0,0.0,0.0,2.562189748883247,,2019,pit,SP
19178,Tommy Nance,P,1.0,0.0,1.0,0.0,0.0,3.8398801937699316,TOR,2019,pit,RP
521,Jason Grilli,P,1.0,0.0,1.0,0.0,0.0,3.946060041338206,,2019,pit,RP
15570,Troy Scribner,P,0.1754390001296997,0.1754000037908554,1.0,0.0,0.0,3.0672398149967193,,2019,pit,SP
20185,Zach Pop,P,1.0,0.0,1.0,0.0,0.0,3.3219799943268304,PHI,2019,pit,RP
19647,Matt Foster,P,1.0,0.0,1.0,0.0,0.0,3.6032600961625576,,2019,pit,RP
sa876096,Conor Lillis-White,P,1.0,0.0,1.0,0.0,0.0,4.060919845849275,,2019,pit,RP
sa329072,Steven Kent,P,1.0,0.0,1.0,0.0,0.0,3.9971099741756917,ATL,2019,pit,RP
17526,Aríel Miranda,P,0.1754390001296997,0.1754000037908554,1.0,0.0,0.0,2.826560224592686,,2019,pit,SP
12042,J.R. Graham,P,1.0,0.0,1.0,0.0,0.0,3.748799932748079,,2019,pit,RP
10297,Chad Bell,P,1.0,0.0,1.0,0.0,0.0,3.8867000170052055,,2019,pit,RP
sa3004022,Scott Boches,P,0.3617889881134033,0.13580000400543213,1.0,0.0,0.0,2.6862000323832036,,2019,pit,RP
17755,Drew Smith,P,1.0,0.0,1.0,0.0,0.0,3.807109995931387,WSN,2019,pit,RP
8011,Eric Stults,P,0.23893000185489655,0.16189999878406525,1.0,0.0,0.0,2.5294499807059765,,2019,pit,SP
sa3002591,Romario Gil,P,0.1754390001296997,0.1754000037908554,1.0,0.0,0.0,2.5390099100768566,,2019,pit,SP
559,Hector Ambriz,P,1.0,0.0,1.0,0.0,0.0,3.8198999904096134,,2019,pit,RP
sa918420,Connor Grey,P,0.1754390001296997,0.1754000037908554,1.0,0.0,0.0,2.743269917368889,,2019,pit,SP
2155,Alfredo Simon,P,0.2785089910030365,0.1535000056028366,1.0,0.0,0.0,2.637640045583248,CIN,2019,pit,SP
sa597557,Luis Mateo,P,0.712228000164032,0.06120000034570694,1.0,0.0,0.0,3.34467998445034,NYM,2019,pit,RP
9069,Jeremy Bleich,P,1.0,0.0,1.0,0.0,0.0,3.75704003199935,,2019,pit,RP
14914,Jason Hursh,P,1.0,0.0,1.0,0.0,0.0,3.8713900528848173,,2019,pit,RP
sa455464,Chase Huchingson,P,0.9538249969482422,0.009800000116229057,1.0,0.0,0.0,3.7149201408028607,,2019,pit,RP
16266,A.J. Ladwig,P,0.1894560009241104,0.17249999940395355,1.0,0.0,0.0,2.1201501108705996,,2019,pit,SP
18421,Tyler Cyr,P,1.0,0.0,1.0,0.0,0.0,4.179380002617836,,2019,pit,RP
1351,Nick Hagadone,P,1.0,0.0,1.0,0.0,0.0,3.917269995808602,,2019,pit,RP
7624,Carlos Torres,P,1.0,0.0,1.0,0.0,0.0,4.011780060082674,,2019,pit,RP
sa875247,Will Stewart,P,0.1754390001296997,0.1754000037908554,1.0,0.0,0.0,2.7479600995779037,,2019,pit,SP
sa829664,Jon Perrin,P,0.6454390287399292,0.07540000230073929,1.0,0.0,0.0,3.297080008685589,,2019,pit,RP
sa913150,Collin Kober,P,1.0,0.0,1.0,0.0,0.0,3.688580089062453,,2019,pit,RP
5200,Kelvin Marte,P,1.0,0.0,1.0,0.0,0.0,3.6257902026176456,,2019,pit,RP
11467,A.J. Cole,P,0.8276669979095459,0.03669999912381172,1.0,0.0,0.0,3.588170026987791,,2019,pit,RP
sa504083,Jose Molina,P,0.5572109818458557,0.094200000166893,1.0,0.0,0.0,3.1318699032068253,,2019,pit,RP
sa739833,Tyler Spurlin,P,1.0,0.0,1.0,0.0,0.0,3.878420007228852,,2019,pit,RP
10983,Ben Rowen,P,1.0,0.0,1.0,0.0,0.0,3.696230001747608,,2019,pit,RP
sa327830,Andrew Barbosa,P,0.6825439929962158,0.06750000268220901,1.0,0.0,0.0,3.461339992284775,MIL,2019,pit,RP
sa501640,Hector Hernandez,P,0.7542809844017029,0.052299998700618744,1.0,0.0,0.0,3.3682199716567998,,2019,pit,RP
20060,Jake Fishman,P,1.0,0.0,1.0,0.0,0.0,3.589289858937264,,2019,pit,RP
sa736925,Dedgar Jimenez,P,0.18203499913215637,0.17399999499320984,1.0,0.0,0.0,2.5666399136185647,,2019,pit,SP
sa596841,Yeyfry Del Rosario,P,0.9637190103530884,0.007699999958276749,1.0,0.0,0.0,3.7377801887691025,,2019,pit,RP
17964,Tyler Gilbert,P,1.0,0.0,1.0,0.0,0.0,3.583130088448525,CHW,2019,pit,RP
sa598568,Phil McCormick,P,0.8688949942588806,0.027899999171495438,1.0,0.0,0.0,3.929269967973233,,2019,pit,RP
sa829124,Sam McWilliams,P,0.20677199959754944,0.1687999963760376,1.0,0.0,0.0,2.770210105180741,,2019,pit,SP
5028,Bo Schultz,P,1.0,0.0,1.0,0.0,0.0,3.669840067625046,,2019,pit,RP
sa875229,Kyle Friedrichs,P,0.18203499913215637,0.17399999499320984,1.0,0.0,0.0,2.4634199015796185,,2019,pit,SP
16452,Matt Wotherspoon,P,0.4310530126094818,0.12110000103712082,1.0,0.0,0.0,2.7395900540053844,,2019,pit,RP
10962,Jake Buchanan,P,1.0,0.0,1.0,0.0,0.0,3.6178098820149898,,2019,pit,RP
9877,Michael Kirkman,P,1.0,0.0,1.0,0.0,0.0,3.9211098983883863,,2019,pit,RP
20298,Jhonathan Díaz,P,0.1754390001296997,0.1754000037908554,1.0,0.0,0.0,2.4630699455738068,SEA,2019,pit,SP
12277,Leonel Campos,P,1.0,0.0,1.0,0.0,0.0,3.88114007934928,,2019,pit,RP
sa875703,Scooter Hightower,P,0.5852460265159607,0.08820000290870667,1.0,0.0,0.0,3.1671301141381263,,2019,pit,RP
sa827463,Brian Clark,P,0.7666490077972412,0.04960000142455101,1.0,0.0,0.0,3.1990700811147694,,2019,pit,RP
978,Bronson Arroyo,P,0.1754390001296997,0.1754000037908554,1.0,0.0,0.0,2.328399996459484,,2019,pit,SP
19457,Bryan Garcia,P,1.0,0.0,1.0,0.0,0.0,3.598739946633578,,2019,pit,RP
19264,Thomas Hatch,P,0.1754390001296997,0.1754000037908554,1.0,0.0,0.0,2.74439986422658,ARI,2019,pit,SP
sa875762,Jordan Humphreys,P,0.1754390001296997,0.1754000037908554,1.0,0.0,0.0,2.7434199802577495,,2019,pit,SP
sa621786,Eric Ruth,P,0.6982110142707825,0.06419999897480011,1.0,0.0,0.0,3.3993098631501195,NYY,2019,pit,RP
sa913143,Ross Vance,P,0.7600529789924622,0.051100000739097595,1.0,0.0,0.0,3.587490060925484,STL,2019,pit,RP
sa3004744,Jason Bahr,P,0.1754390001296997,0.1754000037908554,1.0,0.0,0.0,2.1520599409937864,,2019,pit,SP
sa658377,David Hill,P,0.1754390001296997,0.1754000037908554,1.0,0.0,0.0,2.120049930363893,,2019,pit,SP
8162,Neil Wagner,P,1.0,0.0,1.0,0.0,0.0,3.7523099742829804,,2019,pit,RP
13442,Mike Morin,P,1.0,0.0,1.0,0.0,0.0,3.3165699914097786,,2019,pit,RP
sa659274,Grayson Long,P,0.1754390001296997,0.1754000037908554,1.0,0.0,0.0,2.3563699558377267,DET,2019,pit,SP
sa745009,Bryce Morrow,P,0.1754390001296997,0.1754000037908554,1.0,0.0,0.0,2.464710055291653,,2019,pit,SP
sa549945,Mark Blackmar,P,0.22656099498271942,0.16459999978542328,1.0,0.0,0.0,2.4587698236107833,,2019,pit,SP
1886,Sean Burnett,P,1.0,0.0,1.0,0.0,0.0,3.789340046793223,,2019,pit,RP
sa658600,Colton Turner,P,0.7913860082626343,0.04439999908208847,1.0,0.0,0.0,3.3106901384890084,,2019,pit,RP
5057,Yohan Flande,P,1.0,0.0,1.0,0.0,0.0,3.1285601988434792,COL,2019,pit,RP
sa737545,Andrew Church,P,0.2042980045080185,0.16930000483989716,1.0,0.0,0.0,2.7079299628734588,,2019,pit,SP
5640,Tyler Clippard,P,0.9876319766044617,0.0026000000070780516,1.0,0.0,0.0,3.6567601814866073,WSN,2019,pit,RP
sa549956,Nolan Sanburn,P,0.32715800404548645,0.14319999516010284,1.0,0.0,0.0,2.7630098506808287,,2019,pit,RP
10968,Tim Adleman,P,0.29005300998687744,0.15109999477863312,1.0,0.0,0.0,2.6910599552094943,,2019,pit,SP
sa827378,Kody Kerski,P,1.0,0.0,1.0,0.0,0.0,3.6231299340724945,,2019,pit,RP
19518,Tanner Tully,P,0.1754390001296997,0.1754000037908554,1.0,0.0,0.0,2.315119824558497,,2019,pit,SP
sa599473,David Kubiak,P,0.1754390001296997,0.1754000037908554,1.0,0.0,0.0,2.248189928382635,,2019,pit,SP
sa829290,Benton Moss,P,0.2034740000963211,0.16949999332427979,1.0,0.0,0.0,2.666710087656975,,2019,pit,SP
sa872243,Casey Delgado,P,0.2084210067987442,0.16840000450611115,1.0,0.0,0.0,2.5480499260127543,,2019,pit,SP
16647,Ryan Thompson,P,1.0,0.0,1.0,0.0,0.0,3.708249940723181,ARI,2019,pit,RP
sa547815,Joan Gregorio,P,1.0,0.0,1.0,0.0,0.0,3.8669200301170354,,2019,pit,RP
12316,Justin Hancock,P,1.0,0.0,1.0,0.0,0.0,3.8845600195229055,,2019,pit,RP
sa977821,Parker Curry,P,0.4739300012588501,0.11190000176429749,1.0,0.0,0.0,3.368690199404955,,2019,pit,RP
sa857567,Luke Leftwich,P,0.9142460227012634,0.018200000748038292,1.0,0.0,0.0,3.5955700747668744,,2019,pit,RP
sa828705,Andrew Morales,P,1.0,0.0,1.0,0.0,0.0,3.962839947640896,,2019,pit,RP
11652,Toru Murata,P,0.1754390001296997,0.1754000037908554,1.0,0.0,0.0,2.3598499208688732,,2019,pit,SP
19311,Reggie McClain,P,0.18286000192165375,0.17389999330043793,1.0,0.0,0.0,2.252350047975779,,2019,pit,SP
sa828246,José Taveras,P,0.3766320049762726,0.13259999454021454,1.0,0.0,0.0,2.853919913619756,,2019,pit,RP
sa187614,David Berg,P,1.0,0.0,1.0,0.0,0.0,3.5697200894355774,CHC,2019,pit,RP
sa837845,Luis Pena,P,0.1754390001296997,0.1754000037908554,1.0,0.0,0.0,2.5326398782432076,,2019,pit,SP
sa3004747,Aaron Phillips,P,0.18450899422168732,0.17350000143051147,1.0,0.0,0.0,2.9570101000368596,,2019,pit,SP
1435,Lorenzo Barcelo,P,0.1754390001296997,0.1754000037908554,1.0,0.0,0.0,2.2846300058066844,,2019,pit,SP
sa658004,Corey Black,P,0.6248250007629395,0.07980000227689743,1.0,0.0,0.0,3.45872006341815,,2019,pit,RP
sa3005187,Lincoln Henzman,P,0.20264899730682373,0.1695999950170517,1.0,0.0,0.0,2.0980299048125746,OAK,2019,pit,SP
13322,Jake Barrett,P,1.0,0.0,1.0,0.0,0.0,3.9326399743556983,,2019,pit,RP
sa738389,Dillon McNamara,P,1.0,0.0,1.0,0.0,0.0,4.134420040249825,,2019,pit,RP
sa503397,James Dykstra,P,1.0,0.0,1.0,0.0,0.0,3.533680038899184,,2019,pit,RP
sa872824,Pedro Vasquez,P,0.1853329986333847,0.17329999804496765,1.0,0.0,0.0,2.4698001846671107,,2019,pit,SP
sa502783,Robert Benincasa,P,1.0,0.0,1.0,0.0,0.0,3.7423900067806244,WSN,2019,pit,RP
19789,Anthony Castro,P,0.1902810037136078,0.17229999601840973,1.0,0.0,0.0,2.182100038230419,,2019,pit,SP
sa829586,Corey Walter,P,0.4368250072002411,0.11980000138282776,1.0,0.0,0.0,2.691319924592972,,2019,pit,RP
sa504880,Jesus Pirela,P,1.0,0.0,1.0,0.0,0.0,3.320839834958315,,2019,pit,RP
338,Blake Beavan,P,0.1754390001296997,0.1754000037908554,1.0,0.0,0.0,2.3683901406824597,,2019,pit,SP
20323,Erich Uelmen,P,0.18203499913215637,0.17399999499320984,1.0,0.0,0.0,2.5250200212001808,,2019,pit,SP
sa202000,Jose Oyervides,P,0.2364560067653656,0.16249999403953552,1.0,0.0,0.0,2.4547299869358543,,2019,pit,SP
sa3004349,Jordan Barrett,P,0.1754390001296997,0.1754000037908554,1.0,0.0,0.0,2.5119698882102974,,2019,pit,SP
sa875280,Reid Love,P,0.6116319894790649,0.08259999752044678,1.0,0.0,0.0,2.604239723086357,,2019,pit,RP
sa738512,Garrett Williams,P,0.3345789909362793,0.14159999787807465,1.0,0.0,0.0,3.2628901645541193,,2019,pit,RP
4420,Brad Mills,P,0.1754390001296997,0.1754000037908554,1.0,0.0,0.0,2.401830095797777,,2019,pit,SP
sa876085,Louis Distasio,P,1.0,0.0,1.0,0.0,0.0,3.906560072302818,SDP,2019,pit,RP
2642,Scott Atchison,P,1.0,0.0,1.0,0.0,0.0,3.426590114831925,,2019,pit,RP
sa709509,Chris Huffman,P,0.2653160095214844,0.15629999339580536,1.0,0.0,0.0,2.8155300304293633,,2019,pit,SP
sa915807,Dakota Mekkes,P,1.0,0.0,1.0,0.0,0.0,4.023030139505863,,2019,pit,RP
13397,Sam Selman,P,1.0,0.0,1.0,0.0,0.0,4.404369921982289,,2019,pit,RP
10066,Ian Krol,P,1.0,0.0,1.0,0.0,0.0,3.7200799331069,,2019,pit,RP
5106,Guillermo Moscoso,P,0.1944040060043335,0.17139999568462372,1.0,0.0,0.0,2.9117698974907396,,2019,pit,SP
12297,Evan Marshall,P,1.0,0.0,1.0,0.0,0.0,3.5014198869466786,LAA,2019,pit,RP
3677,Logan Ondrusek,P,1.0,0.0,1.0,0.0,0.0,3.671650169789791,,2019,pit,RP
sa828724,Alejandro Requena,P,0.1754390001296997,0.1754000037908554,1.0,0.0,0.0,2.348629950731993,,2019,pit,SP
sa913072,Rollie Lacy,P,0.2315090000629425,0.16349999606609344,1.0,0.0,0.0,2.7194801904261117,,2019,pit,SP
1333,Curtis Partch,P,1.0,0.0,1.0,0.0,0.0,3.7839301131665715,,2019,pit,RP
sa737568,Derian González,P,0.8482810258865356,0.03229999914765358,1.0,0.0,0.0,3.674520002305508,,2019,pit,RP
sa501449,Miguel Pena,P,0.1754390001296997,0.1754000037908554,1.0,0.0,0.0,2.3581999391317368,,2019,pit,SP
sa875665,Elliot Ashbeck,P,0.9315609931945801,0.014600000344216824,1.0,0.0,0.0,3.8092301264405255,SDP,2019,pit,RP
17888,Tayler Saucedo,P,0.1754390001296997,0.1754000037908554,1.0,0.0,0.0,2.188900046050549,LAA,2019,pit,SP
3886,Gavin Floyd,P,1.0,0.0,1.0,0.0,0.0,3.5400300502777102,TOR,2019,pit,RP
sa875717,Nathan Bates,P,1.0,0.0,1.0,0.0,0.0,3.547910057753325,,2019,pit,RP
17920,Cody Ponce,P,0.37910500168800354,0.13210000097751617,1.0,0.0,0.0,3.0138799764215944,TOR,2019,pit,RP
sa739011,Garrett Cortright,P,1.0,0.0,1.0,0.0,0.0,3.5025198765099046,,2019,pit,RP
sa827144,Corey Taylor,P,0.8128250241279602,0.039799999445676804,1.0,0.0,0.0,3.5446899399161342,,2019,pit,RP
110,Horacio Ramirez,P,0.5415440201759338,0.09749999642372131,1.0,0.0,0.0,2.6761399611830714,,2019,pit,RP
sa549784,Chad Rogers,P,0.7476840019226074,0.053700000047683716,1.0,0.0,0.0,3.390140054374933,,2019,pit,RP
15688,Ronald Herrera,P,1.0,0.0,1.0,0.0,0.0,3.679769917577505,,2019,pit,RP
10330,Giovanni Soto,P,1.0,0.0,1.0,0.0,0.0,3.710759982466698,,2019,pit,RP
15293,Steve Hathaway,P,1.0,0.0,1.0,0.0,0.0,3.7420700177550317,,2019,pit,RP
10836,Asher Wojciechowski,P,0.5324739813804626,0.09950000047683716,1.0,0.0,0.0,3.1950500927865506,,2019,pit,RP
sa548111,Victor Payano,P,0.6248250007629395,0.07980000227689743,1.0,0.0,0.0,3.358589847385884,,2019,pit,RP
17748,Brody Koerner,P,0.4178600013256073,0.12389999628067017,1.0,0.0,0.0,2.4979398615658277,,2019,pit,RP
3656,Jim Johnson,P,0.9826840162277222,0.003700000001117587,1.0,0.0,0.0,3.602020011842251,,2019,pit,RP
sa602589,Matt Anderson,P,1.0,0.0,1.0,0.0,0.0,3.5434201270341874,SEA,2019,pit,RP
20074,Miguel Sánchez,P,1.0,0.0,1.0,0.0,0.0,4.014310014992953,,2019,pit,RP
13849,Jon Moscot,P,0.1754390001296997,0.1754000037908554,1.0,0.0,0.0,2.218209897726774,CIN,2019,pit,SP
sa918258,Ryan Olson,P,0.21584199368953705,0.16680000722408295,1.0,0.0,0.0,2.303479953110218,,2019,pit,SP
sa512503,Felipe Gonzalez,P,0.32880699634552,0.1428000032901764,1.0,0.0,0.0,3.125530093163252,,2019,pit,RP
15949,D.J. Snelten,P,1.0,0.0,1.0,0.0,0.0,3.2575701914727695,SDP,2019,pit,RP
11350,Pat Dean,P,0.4689820110797882,0.11299999803304672,1.0,0.0,0.0,2.7221101246774198,,2019,pit,RP
sa455695,Santiago Garrido,P,1.0,0.0,1.0,0.0,0.0,3.6207301177084443,,2019,pit,RP
8422,Erik Davis,P,1.0,0.0,1.0,0.0,0.0,3.8906000196933745,,2019,pit,RP
8404,Alfredo Figaro,P,1.0,0.0,1.0,0.0,0.0,3.568360103666783,,2019,pit,RP
11432,A.J. Schugel,P,1.0,0.0,1.0,0.0,0.0,3.5802600547671317,,2019,pit,RP
sa738607,Max Beatty,P,0.34200000762939453,0.14000000059604645,1.0,0.0,0.0,2.6734999686479575,,2019,pit,RP
sa657482,Jose Rafael De Paula,P,1.0,0.0,1.0,0.0,0.0,4.045360021293163,,2019,pit,RP
sa550088,John Simms,P,0.48464900255203247,0.1096000000834465,1.0,0.0,0.0,3.0212499938905237,,2019,pit,RP
sa827415,Eric Karch,P,0.7641749978065491,0.050200000405311584,1.0,0.0,0.0,3.1542199611663824,,2019,pit,RP
sa328299,Orlando Lara,P,0.1754390001296997,0.1754000037908554,1.0,0.0,0.0,2.36328987851739,,2019,pit,SP
sa393198,Luis Vasquez,P,1.0,0.0,1.0,0.0,0.0,4.026660119742155,,2019,pit,RP
12751,Tyler Pill,P,0.38817501068115234,0.13019999861717224,1.0,0.0,0.0,2.7020002566277985,,2019,pit,RP
20253,Griffin Jax,P,0.18698200583457947,0.17299999296665192,1.0,0.0,0.0,2.154900140315295,TBR,2019,pit,SP
20080,Mauricio Llovera,P,0.18286000192165375,0.17389999330043793,1.0,0.0,0.0,2.4881500959396363,,2019,pit,SP
sa503000,Jose Monegro,P,0.49536800384521484,0.10740000009536743,1.0,0.0,0.0,3.015530011802912,,2019,pit,RP
14844,Matt Dermody,P,1.0,0.0,1.0,0.0,0.0,3.484700018912554,,2019,pit,RP
19582,Brandon Bailey,P,0.281807005405426,0.15279999375343323,1.0,0.0,0.0,2.8957199729979033,CHW,2019,pit,SP
13629,Josh D. Smith,P,0.35106998682022095,0.13809999823570251,1.0,0.0,0.0,2.857110004127026,,2019,pit,RP
sa549266,David Richardson,P,1.0,0.0,1.0,0.0,0.0,3.241880167275667,,2019,pit,RP
7525,Evan Scribner,P,1.0,0.0,1.0,0.0,0.0,3.731049954891205,TBR,2019,pit,RP
sa829365,Tyler Carpenter,P,0.1754390001296997,0.1754000037908554,1.0,0.0,0.0,2.2519301049411298,,2019,pit,SP
sa917970,Curtis Taylor,P,0.7254210114479065,0.058400001376867294,1.0,0.0,0.0,3.6728200644254683,,2019,pit,RP
sa921224,Ryan Atkinson,P,0.24387699365615845,0.16089999675750732,1.0,0.0,0.0,3.0669600076973444,,2019,pit,SP
16850,Locke St. John,P,1.0,0.0,1.0,0.0,0.0,3.3791901201009753,,2019,pit,RP
12691,Tyler Wilson,P,0.6775969862937927,0.06859999895095825,1.0,0.0,0.0,3.027670022845269,,2019,pit,RP
11506,Jeff Ferrell,P,1.0,0.0,1.0,0.0,0.0,3.3052899263799196,BAL,2019,pit,RP
sa738219,Andrew Edwards,P,0.5242279767990112,0.10119999945163727,1.0,0.0,0.0,3.1606801293790343,,2019,pit,RP
sa875780,Travis Herrin,P,0.36343899369239807,0.13539999723434448,1.0,0.0,0.0,2.5661300592124463,,2019,pit,RP
sa738376,Tyler Alexander,P,0.1754390001296997,0.1754000037908554,1.0,0.0,0.0,2.3813898824155335,,2019,pit,SP
sa597019,Jorge Ortega,P,0.20759600400924683,0.16859999299049377,1.0,0.0,0.0,2.3138899758458136,,2019,pit,SP
sa502718,Andrew Walter,P,1.0,0.0,1.0,0.0,0.0,3.668799927085639,,2019,pit,RP
sa598328,Mark Montgomery,P,1.0,0.0,1.0,0.0,0.0,3.7857399418950086,,2019,pit,RP
sa602658,Jordan Johnson,P,0.1754390001296997,0.1754000037908554,1.0,0.0,0.0,2.3258699983358384,,2019,pit,SP
sa876296,Lucas Humpal,P,0.2512980103492737,0.15929999947547913,1.0,0.0,0.0,2.4111498996615413,BAL,2019,pit,SP
sa917985,Jace Vines,P,0.19605299830436707,0.17110000550746918,1.0,0.0,0.0,2.328539957851172,,2019,pit,SP
sa875205,Cory Taylor,P,0.1754390001296997,0.1754000037908554,1.0,0.0,0.0,2.90056012570858,,2019,pit,SP
14099,César Vargas,P,0.1754390001296997,0.1754000037908554,1.0,0.0,0.0,2.430669747292996,,2019,pit,SP
15101,Luke Farrell,P,10.0,0.0,10.0,0.0,0.7806000113487244,39.46603872179985,,2019,pit,RP
sa547850,Luis Ramirez,P,1.0,0.0,1.0,0.0,0.0,3.7352199025452144,,2019,pit,RP
sa875849,Dalton Sawyer,P,0.21996499598026276,0.16599999368190765,1.0,0.0,0.0,2.657420133799315,,2019,pit,SP
11424,Anthony Ranaudo,P,0.34117498993873596,0.14020000398159027,1.0,0.0,0.0,2.6904401183128357,,2019,pit,RP
5980,Francisley Bueno,P,1.0,0.0,1.0,0.0,0.0,3.383190123736859,,2019,pit,RP
sa738473,Jake Stinnett,P,1.0,0.0,1.0,0.0,0.0,3.742629963159562,,2019,pit,RP
sa829537,Gabe Hemmer,P,1.0,0.0,1.0,0.0,0.0,3.602880079299212,,2019,pit,RP
sa598143,Jorgan Cavanerio,P,1.0,0.0,1.0,0.0,0.0,3.3467001996934416,,2019,pit,RP
12520,Erik Johnson,P,0.1754390001296997,0.1754000037908554,1.0,0.0,0.0,2.4332201808691023,,2019,pit,SP
sa659907,Joshua Torres,P,1.0,0.0,1.0,0.0,0.0,3.982760043442249,,2019,pit,RP
sa875680,Grant Watson,P,0.2183160036802292,0.1662999987602234,1.0,0.0,0.0,2.9415699362754824,SFG,2019,pit,SP
sa875700,Matt Esparza,P,0.39807000756263733,0.12809999287128448,1.0,0.0,0.0,2.776230088621378,,2019,pit,RP
11580,Conor Mullee,P,1.0,0.0,1.0,0.0,0.0,3.6417601585388186,,2019,pit,RP
sa548162,Peter Tago,P,1.0,0.0,1.0,0.0,0.0,3.7400100328028203,,2019,pit,RP
14139,Miguel Almonte,P,1.0,0.0,1.0,0.0,0.0,3.6945199102163317,,2019,pit,RP
sa597095,Kevin Canelon,P,0.6108070015907288,0.0828000009059906,1.0,0.0,0.0,3.1583799391984937,,2019,pit,RP
20045,Sean Guenther,P,0.24635100364685059,0.16040000319480896,1.0,0.0,0.0,2.6907499849796297,DET,2019,pit,SP
sa829347,Miles Nordgren,P,0.2084210067987442,0.16840000450611115,1.0,0.0,0.0,2.2950798094272615,,2019,pit,SP
19868,Drew Carlton,P,1.0,0.0,1.0,0.0,0.0,3.309260176122189,,2019,pit,RP
sa914643,Michael O'Neal,P,0.7212979793548584,0.059300001710653305,1.0,0.0,0.0,3.5218799039721493,,2019,pit,RP
7541,Lucas Harrell,P,1.0,0.0,1.0,0.0,0.0,3.554869902879,,2019,pit,RP
20277,Cory Abbott,P,0.1754390001296997,0.1754000037908554,1.0,0.0,0.0,2.613519807159901,,2019,pit,SP
20373,Andrés Muñoz,P,1.0,0.0,1.0,0.0,0.0,3.971080131828785,SEA,2019,pit,RP
sa659420,Keaton Steele,P,0.39724600315093994,0.1281999945640564,1.0,0.0,0.0,2.4879000216722487,MIN,2019,pit,RP
12264,Colton Murray,P,1.0,0.0,1.0,0.0,0.0,3.9383699685335163,MIA,2019,pit,RP
19315,Matt Krook,P,0.5943160057067871,0.08630000054836273,1.0,0.0,0.0,3.4945099152624612,OAK,2019,pit,RP
sa550679,Dario Beltre,P,1.0,0.0,1.0,0.0,0.0,3.5379699654877186,,2019,pit,RP
sa828804,Michael Mader,P,0.2974739968776703,0.14949999749660492,1.0,0.0,0.0,2.94164015725255,,2019,pit,SP
sa829631,Matt Blackham,P,1.0,0.0,1.0,0.0,0.0,4.0139100641012195,,2019,pit,RP
sa578007,Christian Jones,P,1.0,0.0,1.0,0.0,0.0,3.995790108293295,,2019,pit,RP
6819,Robbie Ross Jr.,P,1.0,0.0,1.0,0.0,0.0,3.6804799318313597,,2019,pit,RP
sa455559,Juan Carlos Sulbaran,P,0.18203499913215637,0.17399999499320984,1.0,0.0,0.0,2.465749908983707,,2019,pit,SP
12249,Ryan Sherriff,P,1.0,0.0,1.0,0.0,0.0,3.772110020369291,,2019,pit,RP
9119,Gregory Infante,P,1.0,0.0,1.0,0.0,0.0,3.035139998793602,,2019,pit,RP
sa658181,Alex Muren,P,1.0,0.0,1.0,0.0,0.0,3.4592701196670537,MIN,2019,pit,RP
792,Duke Welker,P,1.0,0.0,1.0,0.0,0.0,4.021700004488229,,2019,pit,RP
12020,Scott Snodgress,P,1.0,0.0,1.0,0.0,0.0,3.685340133309364,,2019,pit,RP
583,Jeremy Affeldt,P,1.0,0.0,1.0,0.0,0.0,3.39875006750226,,2019,pit,RP
sa550321,David Roseboom,P,1.0,0.0,1.0,0.0,0.0,3.906659995764494,,2019,pit,RP
16418,Blake Taylor,P,0.18450899422168732,0.17350000143051147,1.0,0.0,0.0,2.815149924904108,,2019,pit,SP
sa526353,Jimmy Reyes,P,0.6322460174560547,0.07819999754428864,1.0,0.0,0.0,3.0931200817227364,,2019,pit,RP
11596,Deck McGuire,P,0.7905610203742981,0.044599998742341995,1.0,0.0,0.0,3.3340199686586858,,2019,pit,RP
11250,Rob Rasmussen,P,1.0,0.0,1.0,0.0,0.0,3.582489990442991,,2019,pit,RP
sa872808,Norwith Gudiño,P,0.2174910008907318,0.1665000021457672,1.0,0.0,0.0,2.905559890717268,,2019,pit,SP
sa737910,Jake Drehoff,P,0.543192982673645,0.09719999879598618,1.0,0.0,0.0,3.0652599886059764,,2019,pit,RP
19814,David McKay,P,1.0,0.0,1.0,0.0,0.0,3.5845900677144527,,2019,pit,RP
sa505053,Carlos Alvarado,P,1.0,0.0,1.0,0.0,0.0,3.738549984991551,,2019,pit,RP
3397,Jumbo Diaz,P,1.0,0.0,1.0,0.0,0.0,3.7482000611722475,,2019,pit,RP
sa621679,Stephen Perakslis,P,1.0,0.0,1.0,0.0,0.0,3.5389698289334777,,2019,pit,RP
sa529273,Logan Duran,P,0.1754390001296997,0.1754000037908554,1.0,0.0,0.0,2.244570001959801,,2019,pit,SP
9794,Rex Brothers,P,1.0,0.0,1.0,0.0,0.0,3.7510498233139518,,2019,pit,RP
13616,Taylor Guerrieri,P,1.0,0.0,1.0,0.0,0.0,3.213230115920306,,2019,pit,RP
sa603091,David Peterson,P,1.0,0.0,1.0,0.0,0.0,3.4101699568331245,,2019,pit,RP
14467,Daniel Camarena,P,0.18203499913215637,0.17399999499320984,1.0,0.0,0.0,2.2779700744897133,,2019,pit,SP
sa738202,Matt Whitehouse,P,0.35106998682022095,0.13809999823570251,1.0,0.0,0.0,2.68391999155283,,2019,pit,RP
sa872881,Domingo Robles,P,0.1754390001296997,0.1754000037908554,1.0,0.0,0.0,2.2288101211190225,OAK,2019,pit,SP
sa919526,Tyler Warmoth,P,0.9076489806175232,0.019600000232458115,1.0,0.0,0.0,3.526159898936749,,2019,pit,RP
5705,Tim Lincecum,P,0.1754390001296997,0.1754000037908554,1.0,0.0,0.0,2.372069774568081,,2019,pit,SP
sa658929,Jon Harris,P,0.1754390001296997,0.1754000037908554,1.0,0.0,0.0,2.1676701046526436,,2019,pit,SP
19362,Keegan Akin,P,0.1754390001296997,0.1754000037908554,1.0,0.0,0.0,2.1534800104796887,BAL,2019,pit,SP
14776,Brad Goldberg,P,1.0,0.0,1.0,0.0,0.0,3.772610105574131,,2019,pit,RP
21537,Daniel Lynch IV,P,0.1754390001296997,0.1754000037908554,1.0,0.0,0.0,2.4384899765253074,KCR,2019,pit,SP
20203,Eli Morgan,P,0.1754390001296997,0.1754000037908554,1.0,0.0,0.0,2.3655099414289,KCR,2019,pit,SP
sa455628,Leuris Gomez,P/3B,0.1754390001296997,0.1754000037908554,1.0,0.0,0.0,2.243010004609823,,2019,pit,SP
sa875683,Dustin Hurlbutt,P,0.1754390001296997,0.1754000037908554,1.0,0.0,0.0,2.447789879143239,,2019,pit,SP
sa829634,Alex Klonowski,P,0.2323330044746399,0.16329999268054962,1.0,0.0,0.0,2.2927000246942044,,2019,pit,SP
sa502347,Kyle Hooper,P,1.0,0.0,1.0,0.0,0.0,3.9607201397418974,LAD,2019,pit,RP
15792,Rob Kaminsky,P,1.0,0.0,1.0,0.0,0.0,3.4696600675582885,,2019,pit,RP
9137,Sean O'Sullivan,P,0.21419300138950348,0.1671999990940094,1.0,0.0,0.0,2.365820077806711,,2019,pit,SP
sa621615,Kurt Heyer,P,1.0,0.0,1.0,0.0,0.0,3.5189599923789503,,2019,pit,RP
sa918493,Cameron Roegner,P,0.18368400633335114,0.1737000048160553,1.0,0.0,0.0,2.55710983723402,,2019,pit,SP
sa504206,Victor Mateo,P,0.3898249864578247,0.1298000067472458,1.0,0.0,0.0,2.6966498821973808,,2019,pit,RP
813,Randy Choate,P,1.0,0.0,1.0,0.0,0.0,3.413210040330887,,2019,pit,RP
sa876232,Ryan Deemes,P,1.0,0.0,1.0,0.0,0.0,3.5597200490534306,,2019,pit,RP
sa599387,Heath Wyatt,P,1.0,0.0,1.0,0.0,0.0,3.4925499446690083,,2019,pit,RP
sa738332,Will Morris,P,0.31396499276161194,0.1459999978542328,1.0,0.0,0.0,2.4472501993179328,PHI,2019,pit,RP
sa203945,Pablo Ortega,P,0.19852599501609802,0.1704999953508377,1.0,0.0,0.0,2.163679945468903,,2019,pit,SP
sa198885,Mauricio Lara,P,0.2603679895401001,0.1573999971151352,1.0,0.0,0.0,2.382400005310774,,2019,pit,SP
sa827476,Andro Cutura,P,0.2034740000963211,0.16949999332427979,1.0,0.0,0.0,2.165760060399771,,2019,pit,SP
sa598064,Jeff Johnson,P,1.0,0.0,1.0,0.0,0.0,3.6592599414288998,,2019,pit,RP
sa875871,Ryan Brinley,P,1.0,0.0,1.0,0.0,0.0,3.5090301133692265,WSN,2019,pit,RP
sa502134,Zack Jones,P,1.0,0.0,1.0,0.0,0.0,4.050379926711321,,2019,pit,RP
5673,Jason Berken,P,0.34612300992012024,0.13910000026226044,1.0,0.0,0.0,2.4402499631047254,,2019,pit,RP
17874,Nestor Cortes,P,1.0,0.0,1.0,0.0,0.0,3.279130121320487,,2019,pit,RP
sa598926,Bradley Roney,P,1.0,0.0,1.0,0.0,0.0,4.087609881907701,,2019,pit,RP
sa739684,Scarlyn Reyes,P,0.43435099720954895,0.12039999663829803,1.0,0.0,0.0,2.770119805634022,,2019,pit,RP
12499,Drew Rucinski,P,1.0,0.0,1.0,0.0,0.0,3.5748799182474613,,2019,pit,RP
sa920248,Jackson Zarubin,P,1.0,0.0,1.0,0.0,0.0,3.3726200908422475,LAA,2019,pit,RP
3126,Luis Mendoza,P,0.1754390001296997,0.1754000037908554,1.0,0.0,0.0,2.237519819289446,,2019,pit,SP
3357,Cesár Ramos,P,0.6536840200424194,0.07370000332593918,1.0,0.0,0.0,3.0487100712954995,,2019,pit,RP
sa550217,Nick Baker,P,0.5943160057067871,0.08630000054836273,1.0,0.0,0.0,2.903439891338349,,2019,pit,RP
10058,Tyler Matzek,P,0.1754390001296997,0.1754000037908554,1.0,0.0,0.0,2.299579964578152,,2019,pit,SP
sa508496,Andres Ivan Meza,P,0.1754390001296997,0.1754000037908554,1.0,0.0,0.0,2.204330112785101,,2019,pit,SP
sa657954,Teddy Stankiewicz,P,0.2232629954814911,0.16529999673366547,1.0,0.0,0.0,2.405179968476296,,2019,pit,SP
sa658577,Chris Nunn,P,1.0,0.0,1.0,0.0,0.0,3.3620199643075472,,2019,pit,RP
sa501975,Kraig Sitton,P,0.8499299883842468,0.03189999982714653,1.0,0.0,0.0,3.3085501581430434,,2019,pit,RP
5843,Radhames Liz,P,1.0,0.0,1.0,0.0,0.0,3.6936700664460664,,2019,pit,RP
14016,Ryan Garton,P,1.0,0.0,1.0,0.0,0.0,3.535590017586947,,2019,pit,RP
sa738173,Greg Harris,P,0.29087701439857483,0.1509000062942505,1.0,0.0,0.0,2.906559927016497,,2019,pit,SP
sa918255,Andrew Brown,P,0.23315800726413727,0.1632000058889389,1.0,0.0,0.0,2.278189888596535,,2019,pit,SP
sa658959,Rafael Pineda,P,0.37498199939727783,0.13300000131130219,1.0,0.0,0.0,2.5323299758136266,,2019,pit,RP
sa456056,Jose Casilla,P,1.0,0.0,1.0,0.0,0.0,3.450519971549511,,2019,pit,RP
sa829237,Brandon Barker,P,0.5877190232276917,0.0877000018954277,1.0,0.0,0.0,3.356519965827465,,2019,pit,RP
sa738615,Rob Rogers,P,0.9538249969482422,0.009800000116229057,1.0,0.0,0.0,3.469520036131144,,2019,pit,RP
7560,Colt Hynes,P,1.0,0.0,1.0,0.0,0.0,3.4135999113321307,,2019,pit,RP
12854,Elvis Araujo,P,1.0,0.0,1.0,0.0,0.0,3.621950037032366,,2019,pit,RP
sa503167,Zach Nuding,P,0.2504740059375763,0.15950000286102295,1.0,0.0,0.0,2.4915000446140763,,2019,pit,SP
sa3005162,Frank Rubio,P,1.0,0.0,1.0,0.0,0.0,3.8984901092946527,,2019,pit,RP
sa918491,Adam Atkins,P,1.0,0.0,1.0,0.0,0.0,3.58043994680047,,2019,pit,RP
sa829160,Thomas Dorminy,P,0.6536840200424194,0.07370000332593918,1.0,0.0,0.0,3.054350107163191,,2019,pit,RP
14382,Wei-Chung Wang,P,1.0,0.0,1.0,0.0,0.0,3.501889934390783,,2019,pit,RP
3895,Enrique Burgos,P,1.0,0.0,1.0,0.0,0.0,3.997370095551014,,2019,pit,RP
sa551335,Andy Beltre,P,1.0,0.0,1.0,0.0,0.0,3.691250114887953,,2019,pit,RP
22815,Luis Patiño,P,0.1754390001296997,0.1754000037908554,1.0,0.0,0.0,2.630299977213145,,2019,pit,SP
sa658287,Ronald Peña,P,1.0,0.0,1.0,0.0,0.0,3.59578994512558,,2019,pit,RP
15158,Braden Shipley,P,1.0,0.0,1.0,0.0,0.0,3.409330049902201,,2019,pit,RP
sa875616,Justin Donatella,P,0.1952279955148697,0.1712000072002411,1.0,0.0,0.0,2.66795020699501,,2019,pit,SP
20462,Bryan Sammons,P,0.18286000192165375,0.17389999330043793,1.0,0.0,0.0,2.28507992848754,DET,2019,pit,SP
sa598476,Corey Baker,P,1.0,0.0,1.0,0.0,0.0,3.5071001186966897,,2019,pit,RP
sa830119,Travis Hissong,P,0.8886839747428894,0.02370000071823597,1.0,0.0,0.0,3.5014800436794755,,2019,pit,RP
5559,Jo-Jo Reyes,P,1.0,0.0,1.0,0.0,0.0,3.6914899684488782,,2019,pit,RP
4620,Joe Thatcher,P,1.0,0.0,1.0,0.0,0.0,3.6284600272774696,,2019,pit,RP
13128,Jason Wheeler,P,1.0,0.0,1.0,0.0,0.0,3.5400701217353348,,2019,pit,RP
sa504858,Miller Díaz,P,1.0,0.0,1.0,0.0,0.0,3.5570500366389757,,2019,pit,RP
4891,Peter Moylan,P,1.0,0.0,1.0,0.0,0.0,3.505419807881117,ATL,2019,pit,RP
3762,Cesar Jimenez,P,1.0,0.0,1.0,0.0,0.0,3.7703300260007384,MIL,2019,pit,RP
sa502789,Colin Kleven,P,1.0,0.0,1.0,0.0,0.0,3.4893801540136344,,2019,pit,RP
19646,Kyle Hart,P,0.1754390001296997,0.1754000037908554,1.0,0.0,0.0,2.3187901802361006,SDP,2019,pit,SP
10510,Hunter Cervenka,P,1.0,0.0,1.0,0.0,0.0,3.8866800777614117,,2019,pit,RP
sa599472,Markus Solbach,P,0.20677199959754944,0.1687999963760376,1.0,0.0,0.0,2.6417500466108317,,2019,pit,SP
10498,Yoervis Medina,P,1.0,0.0,1.0,0.0,0.0,3.4889298997819425,,2019,pit,RP
15551,Mark Leiter Jr.,P,1.0,0.0,1.0,0.0,0.0,3.5172099843621254,OAK,2019,pit,RP
sa918378,Reid Anderson,P,0.2084210067987442,0.16840000450611115,1.0,0.0,0.0,1.8710600174963474,TEX,2019,pit,SP
sa869541,Luke Westphal,P,0.9134209752082825,0.018400000408291817,1.0,0.0,0.0,3.581379936635495,,2019,pit,RP
sa873722,Franklin Pérez,P,1.6200000047683716,1.6200000047683716,9.234000205993652,0.0,0.0,20.90807164907456,,2019,pit,SP
sa3004102,Gavin Wallace,P,0.1754390001296997,0.1754000037908554,1.0,0.0,0.0,2.1058200657367707,,2019,pit,SP
6865,Jeff Manship,P,1.0,0.0,1.0,0.0,0.0,3.4792102091014385,,2019,pit,RP
sa659361,Alex Smith,P,1.0,0.0,1.0,0.0,0.0,3.5749500304460526,,2019,pit,RP
sa598757,Grant Sides,P,1.0,0.0,1.0,0.0,0.0,3.825519992411137,,2019,pit,RP
sa875749,Austin Sodders,P,0.1754390001296997,0.1754000037908554,1.0,0.0,0.0,2.0040000759065153,,2019,pit,SP
sa550211,Kyle Hunter,P,0.6033859848976135,0.0843999981880188,1.0,0.0,0.0,2.9569303043186665,,2019,pit,RP
8739,Daniel Schlereth,P,1.0,0.0,1.0,0.0,0.0,3.499449832737446,,2019,pit,RP
sa876067,Josh DeGraaf,P,0.20264899730682373,0.1695999950170517,1.0,0.0,0.0,2.260210209339857,,2019,pit,SP
sa658338,Paul Paez,P,1.0,0.0,1.0,0.0,0.0,3.582400115579367,,2019,pit,RP
9178,Kyle Lobstein,P,1.0,0.0,1.0,0.0,0.0,3.4534598432481296,,2019,pit,RP
8337,Lucas Luetge,P,1.0,0.0,1.0,0.0,0.0,3.773999937623739,,2019,pit,RP
sa829078,Matt Pearce,P,0.1754390001296997,0.1754000037908554,1.0,0.0,0.0,2.4865900978446005,,2019,pit,SP
19962,Joey Wentz,P,0.1754390001296997,0.1754000037908554,1.0,0.0,0.0,2.686360108107329,ATL,2019,pit,SP
sa832338,Brett Ash,P,0.2743859887123108,0.15440000593662262,1.0,0.0,0.0,2.2207101054489615,,2019,pit,SP
sa599500,Garrett Nuss,P,0.9628949761390686,0.007899999618530273,1.0,0.0,0.0,3.3124200038611895,LAA,2019,pit,RP
9919,A.J. Morris,P,1.0,0.0,1.0,0.0,0.0,3.4272100798785687,,2019,pit,RP
sa3003109,Luis Romero,P,1.0,0.0,1.0,0.0,0.0,3.5732399858534336,,2019,pit,RP
19874,Alex Faedo,P,0.1754390001296997,0.1754000037908554,1.0,0.0,0.0,2.108979944884777,,2019,pit,SP
sa3005145,Taylor Braley,P,0.1754390001296997,0.1754000037908554,1.0,0.0,0.0,2.537679834663868,,2019,pit,SP
sa526289,Kevin Munson,P,1.0,0.0,1.0,0.0,0.0,3.6340401552617556,,2019,pit,RP
20153,Nick Nelson,P,0.18203499913215637,0.17399999499320984,1.0,0.0,0.0,2.2821302302181725,,2019,pit,SP
sa876538,Michael Gibbons,P,0.18450899422168732,0.17350000143051147,1.0,0.0,0.0,2.570339981466532,,2019,pit,SP
12253,Nefi Ogando,P,1.0,0.0,1.0,0.0,0.0,3.4907700173556804,,2019,pit,RP
13818,Chris O'Grady,P,1.0,0.0,1.0,0.0,0.0,3.695030003041029,,2019,pit,RP
sa739743,Jake Sanchez,P,1.0,0.0,1.0,0.0,0.0,3.5081599719822405,,2019,pit,RP
3920,Frankie De La Cruz,P,0.2034740000963211,0.16949999332427979,1.0,0.0,0.0,2.197729925811291,,2019,pit,SP
19871,Tucker Davidson,P,0.1754390001296997,0.1754000037908554,1.0,0.0,0.0,2.5770201079547403,PHI,2019,pit,SP
sa918623,Greg Belton,P,0.832614004611969,0.035599999129772186,1.0,0.0,0.0,3.408060061186552,,2019,pit,RP
sa709581,Gage Smith,P,1.0,0.0,1.0,0.0,0.0,3.4306200057268144,,2019,pit,RP
sa658835,Jason Forjet,P,0.18450899422168732,0.17350000143051147,1.0,0.0,0.0,2.7890501350164416,SFG,2019,pit,SP
sa737055,Jose Almonte,P,0.1754390001296997,0.1754000037908554,1.0,0.0,0.0,2.637920227646828,,2019,pit,SP
sa736667,Michael Santos,P,0.3560180068016052,0.13699999451637268,1.0,0.0,0.0,2.34364994391799,,2019,pit,RP
sa829747,Eric Peterson,P,1.0,0.0,1.0,0.0,0.0,3.5073600076138978,,2019,pit,RP
22201,MacKenzie Gore,P,0.1754390001296997,0.1754000037908554,1.0,0.0,0.0,2.6236099407076834,TEX,2019,pit,SP
11686,Josh Lucas,P,0.8845610022544861,0.02459999918937683,1.0,0.0,0.0,3.0524400919675827,,2019,pit,RP
sa828880,Blake Bivens,P,0.23893000185489655,0.16189999878406525,1.0,0.0,0.0,2.6079498633742335,,2019,pit,SP
20020,John Schreiber,P,1.0,0.0,1.0,0.0,0.0,3.2690798513591295,KCR,2019,pit,RP
sa875241,Scott Weathersby,P,0.42940399050712585,0.12139999866485596,1.0,0.0,0.0,2.7445900641381744,HOU,2019,pit,RP
20555,Kirk McCarty,P,0.1754390001296997,0.1754000037908554,1.0,0.0,0.0,2.262719842791558,,2019,pit,SP
sa599716,Jimmy Moran,P,1.0,0.0,1.0,0.0,0.0,3.5816600121557713,,2019,pit,RP
8501,Danny Farquhar,P,1.0,0.0,1.0,0.0,0.0,3.3664099685847755,,2019,pit,RP
sa874187,Wyatt Short,P,1.0,0.0,1.0,0.0,0.0,3.652799870818854,,2019,pit,RP
sa875183,Bubba Derby,P,0.3057189881801605,0.1476999968290329,1.0,0.0,0.0,2.7896599866449834,,2019,pit,RP
3166,Clayton Mortensen,P,1.0,0.0,1.0,0.0,0.0,3.991570103168488,KCR,2019,pit,RP
3292,Hector Noesí,P,0.41126298904418945,0.12530000507831573,1.0,0.0,0.0,3.0762199990451338,,2019,pit,RP
6175,Albert Suárez,P,1.0,0.0,1.0,0.0,0.0,3.4606299795210367,BAL,2019,pit,RP
sa657948,Kyle Twomey,P,0.2232629954814911,0.16529999673366547,1.0,0.0,0.0,2.461900110542775,OAK,2019,pit,SP
sa738636,Jordan Milbrath,P,1.0,0.0,1.0,0.0,0.0,3.8159599527716637,,2019,pit,RP
sa602623,Heath Holder,P,0.7872629761695862,0.04529999941587448,1.0,0.0,0.0,3.106879977136851,,2019,pit,RP
4080,Dan Runzler,P,1.0,0.0,1.0,0.0,0.0,3.6111601047217854,,2019,pit,RP
6200,Dustin Molleken,P,1.0,0.0,1.0,0.0,0.0,3.6352399922907357,,2019,pit,RP
sa828216,Henry Martinez,P,1.0,0.0,1.0,0.0,0.0,3.4611799426376826,,2019,pit,RP
19940,Jhon Romero,P,1.0,0.0,1.0,0.0,0.0,3.57855002656579,,2019,pit,RP
6580,Waldis Joaquin,P,0.783964991569519,0.04600000008940697,1.0,0.0,0.0,2.918100085854531,,2019,pit,RP
7450,Phil Hughes,P,0.8260179758071899,0.03700000047683716,1.0,0.0,0.0,3.270060163736343,,2019,pit,RP
sa824737,Ruddy Acosta,P,0.1754390001296997,0.1754000037908554,1.0,0.0,0.0,2.1111199311912063,,2019,pit,SP
21333,Seth Romero,P,0.1754390001296997,0.1754000037908554,1.0,0.0,0.0,2.327069990336895,,2019,pit,SP
11388,Danny Barnes,P,1.0,0.0,1.0,0.0,0.0,3.289339858293534,,2019,pit,RP
sa738526,Nick Frey,P,1.0,0.0,1.0,0.0,0.0,3.5562401495873934,STL,2019,pit,RP
14808,Ryan Eades,P,0.6305969953536987,0.07859999686479568,1.0,0.0,0.0,2.9783899135887624,,2019,pit,RP
4664,Sam LeCure,P,1.0,0.0,1.0,0.0,0.0,3.3932098783552647,,2019,pit,RP
14239,Dario Alvarez,P,1.0,0.0,1.0,0.0,0.0,3.5949300415813927,,2019,pit,RP
7980,Matt West,P,1.0,0.0,1.0,0.0,0.0,3.1907799758017066,,2019,pit,RP
11294,Zach Neal,P,1.0,0.0,1.0,0.0,0.0,3.3055499523878105,,2019,pit,RP
sa830228,Matt Marsh,P,1.0,0.0,1.0,0.0,0.0,3.5891200795769693,NYY,2019,pit,RP
19736,Caleb Boushley,P,0.9389820098876953,0.013000000268220901,1.0,0.0,0.0,3.593880172073842,,2019,pit,RP
9486,George Kontos,P,1.0,0.0,1.0,0.0,0.0,3.38052995800972,,2019,pit,RP
2646,Brian Matusz,P,0.7196490168571472,0.05959999933838844,1.0,0.0,0.0,3.263059955835343,,2019,pit,RP
sa454441,Cody Satterwhite,P,1.0,0.0,1.0,0.0,0.0,3.5139499619603156,,2019,pit,RP
8270,Casey Coleman,P,1.0,0.0,1.0,0.0,0.0,3.737430005520583,,2019,pit,RP
sa3004576,Cameron Ming,P,0.7559300065040588,0.051899999380111694,1.0,0.0,0.0,2.7262100063264367,,2019,pit,RP
1370,Charlie Furbush,P,1.0,0.0,1.0,0.0,0.0,3.504850036650897,,2019,pit,RP
19879,Tanner Houck,P,0.1754390001296997,0.1754000037908554,1.0,0.0,0.0,2.3221299059689042,BOS,2019,pit,SP
sa599745,Johnny Magliozzi,P,0.6215260028839111,0.08049999922513962,1.0,0.0,0.0,2.955719962716103,,2019,pit,RP
15968,Brady Feigl,P,1.0,0.0,1.0,0.0,0.0,3.0824599675834183,,2019,pit,RP
sa597430,Oriel L Caicedo,P,0.3197369873523712,0.14470000565052032,1.0,0.0,0.0,2.4044599570333958,,2019,pit,RP
12106,Parker Markel,P,0.9084740281105042,0.019500000402331352,1.0,0.0,0.0,3.2817699439823627,,2019,pit,RP
11716,Nick Tepesch,P,0.1754390001296997,0.1754000037908554,1.0,0.0,0.0,2.1099500887095926,,2019,pit,SP
sa875732,Casey Bloomquist,P,0.7831400036811829,0.04610000178217888,1.0,0.0,0.0,3.138529931008816,,2019,pit,RP
sa888170,Chuck Weaver,P,0.20924599468708038,0.16820000112056732,1.0,0.0,0.0,2.595269938558341,MIA,2019,pit,SP
sa874215,Thomas Burrows,P,1.0,0.0,1.0,0.0,0.0,3.956619922816753,,2019,pit,RP
sa3004717,Austin Hamilton,P,0.7468600273132324,0.05389999970793724,1.0,0.0,0.0,3.4340400271117693,,2019,pit,RP
1773,Sergio Mitre,P,0.41126298904418945,0.12530000507831573,1.0,0.0,0.0,2.467729847878218,,2019,pit,RP
10265,Justin Marks,P,1.0,0.0,1.0,0.0,0.0,3.6031999997794633,,2019,pit,RP
18384,Scott Effross,P,1.0,0.0,1.0,0.0,0.0,3.5104098573327067,DET,2019,pit,RP
sa857554,Mike Wallace,P,0.3048950135707855,0.14790000021457672,1.0,0.0,0.0,2.278500153124333,,2019,pit,RP
11769,Myles Jaye,P,0.6528599858283997,0.0738999992609024,1.0,0.0,0.0,2.8737499006092553,,2019,pit,RP
10925,Christian Bergman,P,0.33210501074790955,0.1421000063419342,1.0,0.0,0.0,2.574650161713362,,2019,pit,RP
sa738902,Scott Moss,P,0.1754390001296997,0.1754000037908554,1.0,0.0,0.0,2.193729788064957,,2019,pit,SP
1776,Chin-hui Tsao,P,1.0,0.0,1.0,0.0,0.0,3.484020009636879,,2019,pit,RP
sa875810,Jacob Shortslef,P,1.0,0.0,1.0,0.0,0.0,3.2393100082874304,,2019,pit,RP
13395,Damien Magnifico,P,1.0,0.0,1.0,0.0,0.0,3.8134099259972576,,2019,pit,RP
sa829567,Dominic DeMasi,P,0.4285790026187897,0.12160000205039978,1.0,0.0,0.0,2.493680015206337,,2019,pit,RP
19942,Ljay Newsome,P,0.1754390001296997,0.1754000037908554,1.0,0.0,0.0,2.1790400184690952,,2019,pit,SP
sa454858,Ryan Doolittle,P,1.0,0.0,1.0,0.0,0.0,3.4511499091982842,,2019,pit,RP
sa691863,Mario Sanchez,P,0.3213860094547272,0.1444000005722046,1.0,0.0,0.0,2.536470209062099,,2019,pit,RP
16793,Kyle McGrath,P,1.0,0.0,1.0,0.0,0.0,3.516110041737557,,2019,pit,RP
8182,Nick Greenwood,P,1.0,0.0,1.0,0.0,0.0,3.2488300271332267,,2019,pit,RP
11240,Kevin Chapman,P,1.0,0.0,1.0,0.0,0.0,3.548290019482374,,2019,pit,RP
21224,Bailey Ober,P,0.1754390001296997,0.1754000037908554,1.0,0.0,0.0,2.1248300269246103,MIN,2019,pit,SP
sa3005259,Max Herrmann,P,0.38322800397872925,0.13120000064373016,1.0,0.0,0.0,2.4296101592481136,,2019,pit,RP
sa829689,Will Carter,P,0.19192999601364136,0.17190000414848328,1.0,0.0,0.0,1.9646001450717456,,2019,pit,SP
1642,Francisco Rodríguez,P,1.0,0.0,1.0,0.0,0.0,3.438389896601439,,2019,pit,RP
sa659293,D.J. Brown,P,0.5959650278091431,0.0860000029206276,1.0,0.0,0.0,2.9219900853931904,CLE,2019,pit,RP
19996,Dylan Lee,P,1.0,0.0,1.0,0.0,0.0,3.8224099576473236,ATL,2019,pit,RP
16265,Sam Howard,P,1.0,0.0,1.0,0.0,0.0,3.365170127153397,,2019,pit,RP
sa876362,Braden Webb,P,0.18368400633335114,0.1737000048160553,1.0,0.0,0.0,2.7029900744557387,,2019,pit,SP
7407,Javy Guerra,P,1.0,0.0,1.0,0.0,0.0,3.337249972671271,,2019,pit,RP
sa736833,Francisco Rios,P,0.30324599146842957,0.14820000529289246,1.0,0.0,0.0,2.3489299446344383,,2019,pit,RP
11209,Casey Sadler,P,1.0,0.0,1.0,0.0,0.0,3.6341599047183997,,2019,pit,RP
11571,José Domínguez,P,1.0,0.0,1.0,0.0,0.0,3.742030007392168,SFG,2019,pit,RP
11754,Justin Nicolino,P,0.43847399950027466,0.11949999630451202,1.0,0.0,0.0,2.406539961695671,,2019,pit,RP
sa827385,David Speer,P,0.9175440073013306,0.017500000074505806,1.0,0.0,0.0,3.2014999441802505,,2019,pit,RP
10982,Chase Whitley,P,1.0,0.0,1.0,0.0,0.0,3.1657901123166083,,2019,pit,RP
sa509748,Salvador Robles,P,0.19852599501609802,0.1704999953508377,1.0,0.0,0.0,2.2152500927448275,,2019,pit,SP
20418,Josh Fleming,P,0.19687700271606445,0.17090000212192535,1.0,0.0,0.0,2.327319873869419,TOR,2019,pit,SP
sa600287,Jonathan Martinez,P,0.1754390001296997,0.1754000037908554,1.0,0.0,0.0,2.4031601428985594,CHC,2019,pit,SP
sa549392,Boone Whiting,P,0.1754390001296997,0.1754000037908554,1.0,0.0,0.0,2.2090498782694348,,2019,pit,SP
sa503702,David Holman,P,0.36591199040412903,0.13490000367164612,1.0,0.0,0.0,2.164190007001161,,2019,pit,RP
sa657123,Eduar Lopez,P,0.1902810037136078,0.17229999601840973,1.0,0.0,0.0,2.183030185103416,,2019,pit,SP
sa835895,Alexander Vargas,P,0.4508419930934906,0.11680000275373459,1.0,0.0,0.0,2.698140098154545,,2019,pit,RP
sa918295,Matt Dennis,P,0.1754390001296997,0.1754000037908554,1.0,0.0,0.0,1.8492799259722235,,2019,pit,SP
sa594882,Alex Delgado,P,0.1754390001296997,0.1754000037908554,1.0,0.0,0.0,2.1766898326575763,,2019,pit,SP
1757,Dan Haren,P,0.1754390001296997,0.1754000037908554,1.0,0.0,0.0,2.1588301569223405,,2019,pit,SP
1011,Ryan Vogelsong,P,0.32221099734306335,0.14419999718666077,1.0,0.0,0.0,2.443149962276221,,2019,pit,RP
11132,A.J. Griffin,P,0.2323330044746399,0.16329999268054962,1.0,0.0,0.0,2.472159948945045,,2019,pit,SP
11440,Johnny Barbato,P,1.0,0.0,1.0,0.0,0.0,3.4404301099479198,,2019,pit,RP
sa550634,Ivan Hernandez,P,0.906000018119812,0.019999999552965164,1.0,0.0,0.0,3.2348799750208856,,2019,pit,RP
sa828694,Cody Reed,P,0.1754390001296997,0.1754000037908554,1.0,0.0,0.0,2.595929905772209,,2019,pit,SP
4235,Jered Weaver,P,0.1754390001296997,0.1754000037908554,1.0,0.0,0.0,2.386420233547687,,2019,pit,SP
14200,Shae Simmons,P,1.0,0.0,1.0,0.0,0.0,3.589290072768927,,2019,pit,RP
7655,Wilfredo Boscan,P,0.8383859992027283,0.03440000116825104,1.0,0.0,0.0,3.0348801292479037,,2019,pit,RP
sa802747,Misael Siverio,P,0.1754390001296997,0.1754000037908554,1.0,0.0,0.0,2.2096699953079226,,2019,pit,SP
sa827467,Jared Miller,P,1.0,0.0,1.0,0.0,0.0,3.986610020697117,,2019,pit,RP
sa829845,Eric Alonzo,P,1.0,0.0,1.0,0.0,0.0,3.454990098625422,,2019,pit,RP
14165,Rob Whalen,P,1.0,0.0,1.0,0.0,0.0,3.4426800385117535,,2019,pit,RP
sa875211,Tommy Bergjans,P,0.24635100364685059,0.16040000319480896,1.0,0.0,0.0,2.3398397907614705,,2019,pit,SP
sa876206,Quintin Torres-Costa,P,1.0,0.0,1.0,0.0,0.0,3.8931800104677685,,2019,pit,RP
sa508063,Irwin Delgado,P,0.1754390001296997,0.1754000037908554,1.0,0.0,0.0,2.149800062179566,,2019,pit,SP
12240,Matt Tracy,P,1.0,0.0,1.0,0.0,0.0,3.372549960017205,,2019,pit,RP
sa509281,Daniel Rodriguez,P,0.1754390001296997,0.1754000037908554,1.0,0.0,0.0,2.1709899537265303,,2019,pit,SP
sa602629,Austin Robichaux,P,0.2232629954814911,0.16529999673366547,1.0,0.0,0.0,2.295960141718388,,2019,pit,SP
sa737826,Thaddius Lowry,P,0.42033299803733826,0.12330000102519989,1.0,0.0,0.0,2.647749856114388,,2019,pit,RP
sa658011,Zach Lovvorn,P,0.19852599501609802,0.1704999953508377,1.0,0.0,0.0,2.238070057332515,,2019,pit,SP
12825,Joel De La Cruz,P,0.3947719931602478,0.12880000472068787,1.0,0.0,0.0,2.527579985558987,,2019,pit,RP
sa454506,Ryan Chaffee,P,1.0,0.0,1.0,0.0,0.0,3.4554899200797085,,2019,pit,RP
sa653446,Yuhei Nakaushiro,P,1.0,0.0,1.0,0.0,0.0,3.5284799009561545,,2019,pit,RP
5830,Jhan Mariñez,P,1.0,0.0,1.0,0.0,0.0,3.5363000482320786,,2019,pit,RP
sa829657,Adam Parks,P,1.0,0.0,1.0,0.0,0.0,3.5817298762500287,,2019,pit,RP
sa602907,David Sosebee,P,1.0,0.0,1.0,0.0,0.0,3.3207300730049614,,2019,pit,RP
sa549657,Jared Lakind,P/1B,1.0,0.0,1.0,0.0,0.0,3.525199938565493,,2019,pit,RP
sa659070,Jonathan Dziedzic,P,0.18203499913215637,0.17399999499320984,1.0,0.0,0.0,2.358389895409346,,2019,pit,SP
sa737901,Trevor Clifton,P,0.1902810037136078,0.17229999601840973,1.0,0.0,0.0,2.556270174682141,,2019,pit,SP
4732,Matt Cain,P,0.2084210067987442,0.16840000450611115,1.0,0.0,0.0,2.691149807721377,,2019,pit,SP
sa597112,Kelvis Valerio,P,0.39229801297187805,0.12929999828338623,1.0,0.0,0.0,2.5485600583255295,,2019,pit,RP
sa738506,Dalton Moats,P,0.4912460148334503,0.10819999873638153,1.0,0.0,0.0,3.0385400146245956,,2019,pit,RP
17942,Adonis Rosa,P,0.2133679986000061,0.16740000247955322,1.0,0.0,0.0,2.0933900892734534,,2019,pit,SP
14449,Chris Smith,P,1.0,0.0,1.0,0.0,0.0,3.5910099305212504,,2019,pit,RP
10171,José Ramírez,P,1.0,0.0,1.0,0.0,0.0,3.357150121033192,,2019,pit,RP
sa917951,Reggie Lawson,P,0.1902810037136078,0.17229999601840973,1.0,0.0,0.0,2.6217400245368485,,2019,pit,SP
5157,Walter Silva,P,0.1754390001296997,0.1754000037908554,1.0,0.0,0.0,1.9790001496672636,,2019,pit,SP
sa548326,Blake Perry,P,1.0,0.0,1.0,0.0,0.0,3.554770065844059,,2019,pit,RP
sa829247,Brannon Easterling,P,0.2232629954814911,0.16529999673366547,1.0,0.0,0.0,2.0302100785076616,CHW,2019,pit,SP
1797,Neal Cotts,P,1.0,0.0,1.0,0.0,0.0,3.564860108494759,,2019,pit,RP
sa3007485,Josh Dye,P,0.254597008228302,0.15860000252723694,1.0,0.0,0.0,2.3906298846006395,,2019,pit,SP
sa872530,Leo Crawford,P,0.23315800726413727,0.1632000058889389,1.0,0.0,0.0,2.7044101111590857,,2019,pit,SP
sa3005358,Max Gamboa,P,0.21913999319076538,0.16609999537467957,1.0,0.0,0.0,2.6567901931703095,,2019,pit,SP
sa738304,Trevor Foss,P,0.1754390001296997,0.1754000037908554,1.0,0.0,0.0,2.1106698453426356,,2019,pit,SP
sa603017,Ranfi Casimiro,P,0.44836801290512085,0.11739999800920486,1.0,0.0,0.0,2.7123599596321584,,2019,pit,RP
sa701535,Simon Mercedes,P,1.0,0.0,1.0,0.0,0.0,3.4592702277004723,BOS,2019,pit,RP
sa657837,Wil Browning,P,1.0,0.0,1.0,0.0,0.0,3.4203799605369567,,2019,pit,RP
sa501947,Jorge Reyes,P,0.1754390001296997,0.1754000037908554,1.0,0.0,0.0,2.176309902220965,,2019,pit,SP
1451,Aaron Harang,P,0.1754390001296997,0.1754000037908554,1.0,0.0,0.0,2.0798798650503163,,2019,pit,SP
sa592948,David Reyes,P,0.1754390001296997,0.1754000037908554,1.0,0.0,0.0,2.0325997516512873,,2019,pit,SP
sa737866,Taylor Grover,P,0.4937190115451813,0.10769999772310257,1.0,0.0,0.0,2.4408300332725053,,2019,pit,RP
sa597434,Aliangel Lopez,P,0.45166701078414917,0.11670000106096268,1.0,0.0,0.0,2.7765799045562742,,2019,pit,RP
sa737048,Luis Reyes,P,0.1754390001296997,0.1754000037908554,1.0,0.0,0.0,2.211509849876166,,2019,pit,SP
sa3005060,Marcelo Martinez,P,0.24799999594688416,0.1599999964237213,1.0,0.0,0.0,2.4812600694596765,,2019,pit,SP
sa915601,Christian Taugner,P,0.1754390001296997,0.1754000037908554,1.0,0.0,0.0,2.257950060814619,,2019,pit,SP
15009,Kyle Finnegan,P,0.9538249969482422,0.009800000116229057,1.0,0.0,0.0,3.430200067162514,DET,2019,pit,RP
sa827462,Andrew Thome,P,1.0,0.0,1.0,0.0,0.0,3.270509912818671,,2019,pit,RP
19246,Miguel Aguilar,P,1.0,0.0,1.0,0.0,0.0,3.7540799856185916,,2019,pit,RP
sa657740,Juan Martinez,P,0.8128250241279602,0.039799999445676804,1.0,0.0,0.0,3.0630398839712143,,2019,pit,RP
sa3002582,Mitchell Aker,P,0.2875789999961853,0.15160000324249268,1.0,0.0,0.0,2.4383601240813726,,2019,pit,SP
sa915793,Brigham Hill,P,0.1754390001296997,0.1754000037908554,1.0,0.0,0.0,2.057189950346947,,2019,pit,SP
sa3004492,Danny Sexton,P,1.0,0.0,1.0,0.0,0.0,3.4701500244438646,,2019,pit,RP
20151,James Karinchak,P,1.0,0.0,1.0,0.0,0.0,3.671100214868784,ATL,2019,pit,RP
sa3004228,Chris Castellanos,P,1.0,0.0,1.0,0.0,0.0,3.5098700135946275,,2019,pit,RP
sa738439,Jason Jester,P,1.0,0.0,1.0,0.0,0.0,3.570229977369309,,2019,pit,RP
sa506381,Aroni Nina,P,1.0,0.0,1.0,0.0,0.0,3.4966599158942704,,2019,pit,RP
19891,Ryder Ryan,P,1.0,0.0,1.0,0.0,0.0,3.773350175470114,LAD,2019,pit,RP
sa3004680,Hayden Deal,P,0.5613330006599426,0.093299999833107,1.0,0.0,0.0,3.0467400528490542,,2019,pit,RP
10637,Adam Liberatore,P,1.0,0.0,1.0,0.0,0.0,3.6231100700795653,,2019,pit,RP
sa3004470,Will Latcham,P,1.0,0.0,1.0,0.0,0.0,3.7011999510228635,,2019,pit,RP
sa876284,Daniel Tillo,P,0.1754390001296997,0.1754000037908554,1.0,0.0,0.0,2.195810189843178,,2019,pit,SP
22286,Trevor Rogers,P,0.1754390001296997,0.1754000037908554,1.0,0.0,0.0,2.6445198573172095,BAL,2019,pit,SP
13119,Taylor Jungmann,P,1.0,0.0,1.0,0.0,0.0,3.4827499024569994,,2019,pit,RP
6435,Vance Worley,P,0.39807000756263733,0.12809999287128448,1.0,0.0,0.0,2.4162699013948443,,2019,pit,RP
sa505276,Eduard Santos,P,1.0,0.0,1.0,0.0,0.0,3.602420055866242,,2019,pit,RP
4279,Manny Parra,P,1.0,0.0,1.0,0.0,0.0,3.427279964089394,,2019,pit,RP
sa918658,Steven Ridings,P,0.3403509855270386,0.1404000073671341,1.0,0.0,0.0,2.4737299606204037,SEA,2019,pit,RP
sa829423,Tyler Bray,P,1.0,0.0,1.0,0.0,0.0,3.4247701309621337,,2019,pit,RP
sa737486,Adonis Uceta,P,1.0,0.0,1.0,0.0,0.0,3.727549828588963,,2019,pit,RP
sa599160,Cole Wiper,P,1.0,0.0,1.0,0.0,0.0,3.3725600197911265,,2019,pit,RP
13401,R.J. Alvarez,P,1.0,0.0,1.0,0.0,0.0,3.936590046435595,,2019,pit,RP
sa550155,Trey Nielsen,P,0.8317890167236328,0.03579999879002571,1.0,0.0,0.0,3.2963299907743937,,2019,pit,RP
8245,J.P. Howell,P,1.0,0.0,1.0,0.0,0.0,3.251929837465286,,2019,pit,RP
sa503722,Tyler Higgins,P,1.0,0.0,1.0,0.0,0.0,3.6270599894225595,,2019,pit,RP
sa829294,McKenzie Mills,P,0.2084210067987442,0.16840000450611115,1.0,0.0,0.0,2.777479909360409,,2019,pit,SP
9780,Blake Smith,P,1.0,0.0,1.0,0.0,0.0,3.2512900665402413,CHW,2019,pit,RP
sa503159,Josh Turley,P,0.2364560067653656,0.16249999403953552,1.0,0.0,0.0,2.1097902476787564,,2019,pit,SP
sa550295,Mitch Horacek,P,1.0,0.0,1.0,0.0,0.0,3.2535499408841138,,2019,pit,RP
20334,Kyle Dohy,P,1.0,0.0,1.0,0.0,0.0,3.7309798941016195,,2019,pit,RP
sa877529,Brad Kuntz,P,0.8128250241279602,0.039799999445676804,1.0,0.0,0.0,3.4572799883782865,MIL,2019,pit,RP
sa875794,David Owen,P,1.0,0.0,1.0,0.0,0.0,3.7973499812185767,,2019,pit,RP
3599,Brian Schlitter,P,1.0,0.0,1.0,0.0,0.0,3.3225699439644814,,2019,pit,RP
sa737840,Kyle Bartsch,P,0.8837370276451111,0.024700000882148743,1.0,0.0,0.0,3.3262599535286435,KCR,2019,pit,RP
sa737842,Trevor Frank,P,1.0,0.0,1.0,0.0,0.0,3.45772991925478,,2019,pit,RP
sa658305,Aaron West,P,0.779017984867096,0.04699999839067459,1.0,0.0,0.0,3.0874500341713436,,2019,pit,RP
sa577832,Matt Crouse,P,0.20924599468708038,0.16820000112056732,1.0,0.0,0.0,2.2540399901568886,,2019,pit,SP
16835,Brennan Bernardino,P,1.0,0.0,1.0,0.0,0.0,3.433230035007,COL,2019,pit,RP
2072,Jeremy Guthrie,P,0.1754390001296997,0.1754000037908554,1.0,0.0,0.0,2.075069904327393,,2019,pit,SP
sa501977,Ryan Beckman,P,1.0,0.0,1.0,0.0,0.0,3.4342200785875323,,2019,pit,RP
sa875299,Josh Roeder,P,0.18615800142288208,0.17319999635219574,1.0,0.0,0.0,2.4704201444983487,,2019,pit,SP
sa3003104,Ismael Aquino,P,0.25707000494003296,0.15809999406337738,1.0,0.0,0.0,2.5232200443744666,,2019,pit,SP
sa658530,Kevin McCanna,P,0.18863199651241302,0.17260000109672546,1.0,0.0,0.0,2.497019895911217,ARI,2019,pit,SP
15139,Ashton Goudeau,P,0.38817501068115234,0.13019999861717224,1.0,0.0,0.0,2.5362699165940286,,2019,pit,RP
sa526467,Scott Lyman,P,0.8548769950866699,0.030899999663233757,1.0,0.0,0.0,3.188309931755066,,2019,pit,RP
1727,Edgar Gonzalez,P,0.1754390001296997,0.1754000037908554,1.0,0.0,0.0,1.9273100502789018,,2019,pit,SP
sa876116,Adam Bray,P,1.0,0.0,1.0,0.0,0.0,3.2639700442552573,,2019,pit,RP
sa828505,Harol González,P,0.18286000192165375,0.17389999330043793,1.0,0.0,0.0,2.402209880203009,,2019,pit,SP
18439,Danny Young,P,1.0,0.0,1.0,0.0,0.0,3.194820057600737,ATL,2019,pit,RP
17897,Garrett Cleavinger,P,1.0,0.0,1.0,0.0,0.0,3.520250005275012,TBR,2019,pit,RP
19459,Jorge Alcala,P,0.25377199053764343,0.15880000591278076,1.0,0.0,0.0,2.3811701834201817,TOR,2019,pit,SP
sa975541,Osvaldo Hernandez,P,0.19275400042533875,0.17180000245571136,1.0,0.0,0.0,2.425830057263375,,2019,pit,SP
7474,Ryan Webb,P,1.0,0.0,1.0,0.0,0.0,3.2158397868275643,,2019,pit,RP
sa599733,Ben Paullus,P,1.0,0.0,1.0,0.0,0.0,3.5946499012410644,SDP,2019,pit,RP
sa549287,Logan Bawcom,P,0.1754390001296997,0.1754000037908554,1.0,0.0,0.0,2.234399911761284,,2019,pit,SP
11050,Chris Rearick,P,1.0,0.0,1.0,0.0,0.0,3.3860799059271813,,2019,pit,RP
sa873279,Jim McDade,P,0.33128100633621216,0.14229999482631683,1.0,0.0,0.0,2.5493001401424413,,2019,pit,RP
sa282907,Edgar Alberto Garcia,P,0.34200000762939453,0.14000000059604645,1.0,0.0,0.0,2.5636601448059086,,2019,pit,RP
sa828687,Spencer Adams,P,0.1754390001296997,0.1754000037908554,1.0,0.0,0.0,1.8414098802953958,,2019,pit,SP
sa829077,Caleb Beech,P,0.21419300138950348,0.1671999990940094,1.0,0.0,0.0,2.0744500115513795,,2019,pit,SP
sa549980,Ryan Halstead,P,1.0,0.0,1.0,0.0,0.0,3.842070090770722,,2019,pit,RP
sa526575,Kyle Winkler,P,0.9315609931945801,0.014600000344216824,1.0,0.0,0.0,3.4137199178338054,,2019,pit,RP
7422,Bradin Hagens,P,1.0,0.0,1.0,0.0,0.0,3.3246799558401112,,2019,pit,RP
sa658128,Daniel Minor,P,0.1754390001296997,0.1754000037908554,1.0,0.0,0.0,2.0206498749554154,,2019,pit,SP
sa737534,Ian Clarkin,P,0.33128100633621216,0.14229999482631683,1.0,0.0,0.0,2.5172299340367315,,2019,pit,RP
sa857606,Jacob Evans,P,0.7773680090904236,0.04740000143647194,1.0,0.0,0.0,3.0961698919534686,,2019,pit,RP
4849,Joe Blanton,P,1.0,0.0,1.0,0.0,0.0,3.378620035946369,,2019,pit,RP
sa918196,Trevor Lane,P,1.0,0.0,1.0,0.0,0.0,3.238989986479283,,2019,pit,RP
5975,Jonathan Papelbon,P,1.0,0.0,1.0,0.0,0.0,3.347269816696644,,2019,pit,RP
7645,Chris Leroux,P,1.0,0.0,1.0,0.0,0.0,3.285509982705116,,2019,pit,RP
8536,Tyler Cloyd,P,1.0,0.0,1.0,0.0,0.0,3.252500065416098,,2019,pit,RP
sa658663,Aaron Brooks,P,1.0,0.0,1.0,0.0,0.0,3.324279792606831,,2019,pit,RP
sa550714,Johendí Jiminian,P,0.1754390001296997,0.1754000037908554,1.0,0.0,0.0,2.1955500587821004,,2019,pit,SP
sa658131,Zach Jemiola,P,0.1853329986333847,0.17329999804496765,1.0,0.0,0.0,2.11190005838871,,2019,pit,SP
5595,Arnold Leon,P,1.0,0.0,1.0,0.0,0.0,3.27847018763423,,2019,pit,RP
19580,Norge Ruiz,P,0.18286000192165375,0.17389999330043793,1.0,0.0,0.0,2.1452798411250114,,2019,pit,SP
sa597791,Jeremy Gabryszwski,P,0.18121099472045898,0.17419999837875366,1.0,0.0,0.0,2.0263298615813254,TOR,2019,pit,SP
sa829792,Karch Kowalczyk,P,1.0,0.0,1.0,0.0,0.0,3.335680110752583,,2019,pit,RP
6244,Tom Gorzelanny,P,1.0,0.0,1.0,0.0,0.0,3.5306000903248793,,2019,pit,RP
10606,Seth Rosin,P,1.0,0.0,1.0,0.0,0.0,3.32827005237341,,2019,pit,RP
8421,Adam Wilk,P,0.5827720165252686,0.08879999816417694,1.0,0.0,0.0,2.7973300240933896,,2019,pit,RP
sa545091,Drew Muren,OF,1.0,0.0,1.0,0.0,0.0,3.5768201105296615,,2019,pit,RP
23252,Spencer Howard,P,0.1754390001296997,0.1754000037908554,1.0,0.0,0.0,2.2449100881814954,,2019,pit,SP
2074,Chien-Ming Wang,P,1.0,0.0,1.0,0.0,0.0,3.215049834549428,,2019,pit,RP
23265,Cody Bolton,P,0.1754390001296997,0.1754000037908554,1.0,0.0,0.0,2.1216100305318837,HOU,2019,pit,SP
sa549571,Angel Landazuri,P,0.31314000487327576,0.1460999995470047,1.0,0.0,0.0,2.4094498313963415,,2019,pit,RP
1726,Jose Valverde,P,1.0,0.0,1.0,0.0,0.0,3.421030206978321,,2019,pit,RP
3855,Brett Oberholtzer,P,0.95135098695755,0.010400000028312206,1.0,0.0,0.0,3.211170099675656,,2019,pit,RP
sa737780,Ryan Horstman,P,0.9579470157623291,0.008899999782443047,1.0,0.0,0.0,3.5752800509333618,,2019,pit,RP
sa502935,Scott Griggs,P,1.0,0.0,1.0,0.0,0.0,3.1801498807966717,,2019,pit,RP
sa527925,Jon Sintes,P,0.1754390001296997,0.1754000037908554,1.0,0.0,0.0,2.027059984207153,,2019,pit,SP
sa829342,Luke Eubank,P,1.0,0.0,1.0,0.0,0.0,3.3603700220584876,,2019,pit,RP
12178,Domingo Tapia,P,0.7485089898109436,0.05350000038743019,1.0,0.0,0.0,3.032909897714853,,2019,pit,RP
sa549785,Tom Windle,P,1.0,0.0,1.0,0.0,0.0,3.404780038446188,,2019,pit,RP
sa827471,Jeremy Rhoades,P,1.0,0.0,1.0,0.0,0.0,3.214640115201474,,2019,pit,RP
sa918944,Sean Isaac,P,0.5159819722175598,0.10300000011920929,1.0,0.0,0.0,2.902139987796545,,2019,pit,RP
sa918095,Ty Culbreth,P,0.1754390001296997,0.1754000037908554,1.0,0.0,0.0,1.7405699141323563,,2019,pit,SP
sa295372,Ramon Garcia,P,0.1754390001296997,0.1754000037908554,1.0,0.0,0.0,2.1056399717926975,,2019,pit,SP
5746,Eric O'Flaherty,P,1.0,0.0,1.0,0.0,0.0,3.2818700805306436,,2019,pit,RP
13415,Angel Nesbitt,P,1.0,0.0,1.0,0.0,0.0,3.3742900051176554,,2019,pit,RP
sa829717,Spencer Herrmann,P,0.5539119839668274,0.09489999711513519,1.0,0.0,0.0,2.776209884881973,SEA,2019,pit,RP
sa827957,Samir Vivas,P,1.0,0.0,1.0,0.0,0.0,3.1485999949276455,,2019,pit,RP
sa503590,Juan Grullon,P,1.0,0.0,1.0,0.0,0.0,3.496160096675158,,2019,pit,RP
sa828154,Arnaldo Hernandez,P,0.1952279955148697,0.1712000072002411,1.0,0.0,0.0,2.3123298712074765,,2019,pit,SP
sa875002,Justin Maese,P,0.1754390001296997,0.1754000037908554,1.0,0.0,0.0,1.9143299058079721,,2019,pit,SP
5279,Chris Tillman,P,0.1754390001296997,0.1754000037908554,1.0,0.0,0.0,2.1056099273264404,,2019,pit,SP
2385,Anthony Varvaro,P,1.0,0.0,1.0,0.0,0.0,3.3716698013246065,,2019,pit,RP
sa875674,Trevor Belicek,P,0.5728769898414612,0.0908999964594841,1.0,0.0,0.0,2.4403700813651086,BAL,2019,pit,RP
sa599217,Carlos Gonzalez,P,1.0,0.0,1.0,0.0,0.0,3.4101000033318996,,2019,pit,RP
5791,Jorge Rondon,P,1.0,0.0,1.0,0.0,0.0,3.4306100450456145,,2019,pit,RP
13313,Jordan Jankowski,P,1.0,0.0,1.0,0.0,0.0,3.602919777482748,,2019,pit,RP
sa504069,Gabriel Garcia,P,0.1754390001296997,0.1754000037908554,1.0,0.0,0.0,2.107290071249009,,2019,pit,SP
10835,Michael Mariot,P,1.0,0.0,1.0,0.0,0.0,3.485570162534714,,2019,pit,RP
7553,Jarrett Grube,P,1.0,0.0,1.0,0.0,0.0,3.4065399385988715,,2019,pit,RP
sa455890,Enrique Lechuga,P,0.18863199651241302,0.17260000109672546,1.0,0.0,0.0,2.0176201373338705,CHW,2019,pit,SP
sa599215,Scott Squier,P,1.0,0.0,1.0,0.0,0.0,3.602590172737837,,2019,pit,RP
sa577659,Tyler Mizenko,P,1.0,0.0,1.0,0.0,0.0,3.7847800455987457,SFG,2019,pit,RP
sa548463,Tyler Barnette,P,1.0,0.0,1.0,0.0,0.0,3.3095200702548033,,2019,pit,RP
sa502700,Stephen Kohlscheen,P,1.0,0.0,1.0,0.0,0.0,3.4812800735235214,,2019,pit,RP
10558,Daniel Webb,P,1.0,0.0,1.0,0.0,0.0,3.322299905866385,,2019,pit,RP
20565,Jackson Tetreault,P,0.1754390001296997,0.1754000037908554,1.0,0.0,0.0,2.189610062539578,,2019,pit,SP
sa875198,Ryan Lawlor,P,0.22656099498271942,0.16459999978542328,1.0,0.0,0.0,2.511239945143461,,2019,pit,SP
6527,Josh Zeid,P,1.0,0.0,1.0,0.0,0.0,3.460970123112202,,2019,pit,RP
12537,Cory Mazzoni,P,1.0,0.0,1.0,0.0,0.0,3.4914999872446066,,2019,pit,RP
6248,Aaron Laffey,P,1.0,0.0,1.0,0.0,0.0,2.851440092921257,,2019,pit,RP
sa920102,Max Duval,P,0.2504740059375763,0.15950000286102295,1.0,0.0,0.0,2.3158399417996405,,2019,pit,SP
20231,Zach Logue,P,0.18863199651241302,0.17260000109672546,1.0,0.0,0.0,2.0132999911904337,,2019,pit,SP
10657,Andrew Bellatti,P,1.0,0.0,1.0,0.0,0.0,3.4521699488162993,,2019,pit,RP
sa659004,Brad Markey,P,0.7913860082626343,0.04439999908208847,1.0,0.0,0.0,3.1587798401713374,,2019,pit,RP
sa550079,Jake McCasland,P,0.3436489999294281,0.1395999938249588,1.0,0.0,0.0,2.4154701068997384,,2019,pit,RP
12182,Cody Martin,P,1.0,0.0,1.0,0.0,0.0,3.4155900441110134,,2019,pit,RP
18256,Zac Grotz,P,0.1754390001296997,0.1754000037908554,1.0,0.0,0.0,1.9654000170528882,,2019,pit,SP
12801,Chris Reed,P,1.0,0.0,1.0,0.0,0.0,3.3641102291643623,,2019,pit,RP
8504,Jeff Beliveau,P,1.0,0.0,1.0,0.0,0.0,3.326589941233397,,2019,pit,RP
12530,Nick Maronde,P,1.0,0.0,1.0,0.0,0.0,3.667309972643853,MIA,2019,pit,RP
8461,Michael Brady,P,1.0,0.0,1.0,0.0,0.0,3.3138299524784087,,2019,pit,RP
sa509749,Alejandro Soto,P,0.1754390001296997,0.1754000037908554,1.0,0.0,0.0,2.027929919213056,,2019,pit,SP
sa602696,Joe Pistorese,P,1.0,0.0,1.0,0.0,0.0,3.456740050017834,,2019,pit,RP
6166,Logan Kensing,P,1.0,0.0,1.0,0.0,0.0,3.288089828938246,,2019,pit,RP
sa550026,William Oliver,P,0.21501800417900085,0.16699999570846558,1.0,0.0,0.0,2.1480900846421718,NYY,2019,pit,SP
sa740138,Carlos Felix,P,0.19852599501609802,0.1704999953508377,1.0,0.0,0.0,2.3506899051368237,LAD,2019,pit,SP
sa873974,Tyler Thomas,P,0.19192999601364136,0.17190000414848328,1.0,0.0,0.0,1.8546099454164513,,2019,pit,SP
sa599224,Ethan Elias,P,0.1944040060043335,0.17139999568462372,1.0,0.0,0.0,2.3580598786473272,ARI,2019,pit,SP
sa828523,Abdiel Saldana,P,0.2958250045776367,0.14980000257492065,1.0,0.0,0.0,2.3956298984587194,,2019,pit,SP
15094,Rob Zastryzny,P,1.0,0.0,1.0,0.0,0.0,3.5584999479353425,MIL,2019,pit,RP
12803,Carter Capps,P,1.0,0.0,1.0,0.0,0.0,3.423639953136444,,2019,pit,RP
9037,J.J. Hoover,P,1.0,0.0,1.0,0.0,0.0,3.2212600350379947,,2019,pit,RP
10234,Bryan Morris,P,1.0,0.0,1.0,0.0,0.0,3.2047799892723567,,2019,pit,RP
sa657885,Cristian Alvarado,P,0.1754390001296997,0.1754000037908554,1.0,0.0,0.0,1.525799888372422,,2019,pit,SP
21065,Thomas Szapucki,P,0.1754390001296997,0.1754000037908554,1.0,0.0,0.0,2.4797598965466023,,2019,pit,SP
sa608348,Yoanner Negrin,P,0.1754390001296997,0.1754000037908554,1.0,0.0,0.0,1.9762399375438684,,2019,pit,SP
20175,Ben Braymer,P,0.4467189908027649,0.1177000030875206,1.0,0.0,0.0,2.684749834984541,,2019,pit,RP
8574,Edgmer Escalona,P,0.1754390001296997,0.1754000037908554,1.0,0.0,0.0,1.948559959977866,,2019,pit,SP
sa829808,Jeff Bain,P,0.1754390001296997,0.1754000037908554,1.0,0.0,0.0,2.3623899295926094,,2019,pit,SP
8893,David Martinez,P,1.0,0.0,1.0,0.0,0.0,3.319389971345663,,2019,pit,RP
sa454968,Malcom Culver,P,1.0,0.0,1.0,0.0,0.0,3.4147699542343624,,2019,pit,RP
sa875866,Jacob Bodner,P,1.0,0.0,1.0,0.0,0.0,3.4903700441122054,,2019,pit,RP
5508,Dana Eveland,P,1.0,0.0,1.0,0.0,0.0,3.308760076761246,TBR,2019,pit,RP
1122,Joe Nathan,P,1.0,0.0,1.0,0.0,0.0,3.3932301543653014,,2019,pit,RP
sa876078,John Werner,P,1.0,0.0,1.0,0.0,0.0,3.447889997065068,,2019,pit,RP
sa549662,Zack Thornton,P,1.0,0.0,1.0,0.0,0.0,3.2914501354098324,,2019,pit,RP
sa550008,Ben Griset,P,1.0,0.0,1.0,0.0,0.0,3.6401899456977844,,2019,pit,RP
sa597045,Junior Rincon,P,0.5621579885482788,0.09319999814033508,1.0,0.0,0.0,3.1240399226546294,,2019,pit,RP
20531,Kutter Crawford,P,0.1754390001296997,0.1754000037908554,1.0,0.0,0.0,2.247169906646014,BOS,2019,pit,SP
sa709586,Trent Szkutnik,P,1.0,0.0,1.0,0.0,0.0,3.0213600702583787,,2019,pit,RP
sa580429,Matt Flemer,P,0.21501800417900085,0.16699999570846558,1.0,0.0,0.0,2.2631900444626813,,2019,pit,SP
sa455420,Jarret Martin,P,1.0,0.0,1.0,0.0,0.0,3.2141499780118465,,2019,pit,RP
sa658075,Dailyn Martinez,P,0.9142460227012634,0.018200000748038292,1.0,0.0,0.0,3.3468400433659555,STL,2019,pit,RP
sa597249,Luis Lugo,P,0.31314000487327576,0.1460999995470047,1.0,0.0,0.0,2.585080011188984,,2019,pit,RP
sa875342,Domenic Mazza,P,0.25789499282836914,0.15790000557899475,1.0,0.0,0.0,2.215150106698275,,2019,pit,SP
sa737475,Anyelo Gómez,P,1.0,0.0,1.0,0.0,0.0,3.4743900984525684,,2019,pit,RP
23550,Aaron Ashby,P,0.22491200268268585,0.164900004863739,1.0,0.0,0.0,2.462170023471117,MIL,2019,pit,SP
20539,Edwin Uceta,P,0.1754390001296997,0.1754000037908554,1.0,0.0,0.0,2.534250267595053,TBR,2019,pit,SP
sa3004602,Alex FaGalde,P,0.18450899422168732,0.17350000143051147,1.0,0.0,0.0,2.4221201352775097,,2019,pit,SP
9121,TJ House,P,1.0,0.0,1.0,0.0,0.0,3.2676701687276366,,2019,pit,RP
sa738344,Alec Hansen,P,0.1754390001296997,0.1754000037908554,1.0,0.0,0.0,2.263300028443336,,2019,pit,SP
sa599194,Joel Seddon,P,0.2702629864215851,0.15530000627040863,1.0,0.0,0.0,2.2721800230443483,,2019,pit,SP
18413,José Urquidy,P,0.21089500188827515,0.1678999960422516,1.0,0.0,0.0,2.2163700781762596,PIT,2019,pit,SP
11812,Alberto Baldonado,P,0.899403989315033,0.021400000900030136,1.0,0.0,0.0,3.533009898662567,,2019,pit,RP
sa829216,Jean Cosme,P,0.36343899369239807,0.13539999723434448,1.0,0.0,0.0,2.625930172204972,,2019,pit,RP
sa917861,Andres Sotillet,P,0.19770200550556183,0.17069999873638153,1.0,0.0,0.0,2.062370062619448,,2019,pit,SP
sa917950,Travis MacGregor,P,0.1754390001296997,0.1754000037908554,1.0,0.0,0.0,2.116169822961092,NYY,2019,pit,SP
sa3004663,Alex Eubanks,P,0.26696500182151794,0.15600000321865082,1.0,0.0,0.0,1.8566798470914367,,2019,pit,SP
sa658550,Travis Ballew,P,1.0,0.0,1.0,0.0,0.0,3.3775399900972847,,2019,pit,RP
sa830501,Colby Blueberg,P,1.0,0.0,1.0,0.0,0.0,3.6753900602459915,,2019,pit,RP
15179,Daniel Wright,P,0.6083329916000366,0.08330000191926956,1.0,0.0,0.0,2.728119885921478,,2019,pit,RP
10302,Chris Heston,P,0.5572109818458557,0.094200000166893,1.0,0.0,0.0,2.6729701124131684,,2019,pit,RP
sa915571,Noah Bremer,P,0.1754390001296997,0.1754000037908554,1.0,0.0,0.0,1.6361401185393336,,2019,pit,SP
10387,Brooks Pounders,P,1.0,0.0,1.0,0.0,0.0,3.5111500345170503,,2019,pit,RP
sa830366,Junior Lopez,P,1.0,0.0,1.0,0.0,0.0,3.31000995784998,,2019,pit,RP
sa506730,José Rosario,P,1.0,0.0,1.0,0.0,0.0,3.35336000546813,,2019,pit,RP
20041,Ronald Bolaños,P,0.1894560009241104,0.17249999940395355,1.0,0.0,0.0,2.4393401071429257,,2019,pit,SP
10078,Caleb Thielbar,P,1.0,0.0,1.0,0.0,0.0,2.998270101845265,CHC,2019,pit,RP
sa829516,Cody Palmquist,P,1.0,0.0,1.0,0.0,0.0,3.388459958136082,,2019,pit,RP
sa880382,Brady Bowen,P,1.0,0.0,1.0,0.0,0.0,3.3276199027895927,,2019,pit,RP
sa737042,Wendolyn Bautista,P,0.45331600308418274,0.11630000174045563,1.0,0.0,0.0,2.4079497419297695,,2019,pit,RP
sa506176,Braulio Lara,P,1.0,0.0,1.0,0.0,0.0,3.4668499238789083,,2019,pit,RP
5350,Alex Sanabia,P,0.18615800142288208,0.17319999635219574,1.0,0.0,0.0,2.037999952584505,,2019,pit,SP
17952,Tyler Jay,P,0.8210700154304504,0.038100000470876694,1.0,0.0,0.0,2.965960002690554,MIL,2019,pit,RP
15671,Dalier Hinojosa,P,1.0,0.0,1.0,0.0,0.0,3.3932098753750326,,2019,pit,RP
sa743088,Troy Neiman,P,1.0,0.0,1.0,0.0,0.0,3.4214201748371127,,2019,pit,RP
12831,Matt Purke,P,1.0,0.0,1.0,0.0,0.0,3.446770000457764,,2019,pit,RP
12235,Seth Maness,P,1.0,0.0,1.0,0.0,0.0,3.023379994928837,,2019,pit,RP
sa857614,Seth McGarry,P,1.0,0.0,1.0,0.0,0.0,3.3049398489296435,,2019,pit,RP
sa875355,Tyler Davis,P,0.39559701085090637,0.12860000133514404,1.0,0.0,0.0,2.034519939869642,CHW,2019,pit,RP
7169,Ryan Mattheus,P,1.0,0.0,1.0,0.0,0.0,3.142430131882429,,2019,pit,RP
10258,Rafael Martín,P,1.0,0.0,1.0,0.0,0.0,3.468600080907345,,2019,pit,RP
17821,José Mujica,P,0.18863199651241302,0.17260000109672546,1.0,0.0,0.0,2.3041300699114795,,2019,pit,SP
11528,Josh Osich,P,1.0,0.0,1.0,0.0,0.0,3.2504499606788158,,2019,pit,RP
8846,Arcenio Leon,P,1.0,0.0,1.0,0.0,0.0,3.0267999187111863,,2019,pit,RP
19883,Alex Lange,P,0.1754390001296997,0.1754000037908554,1.0,0.0,0.0,2.2433899767696865,KCR,2019,pit,SP
4608,Bobby Korecky,P,1.0,0.0,1.0,0.0,0.0,3.224580076336861,,2019,pit,RP
2873,Santiago Casilla,P,1.0,0.0,1.0,0.0,0.0,3.458259953558445,,2019,pit,RP
sa550522,Luis González,P,1.0,0.0,1.0,0.0,0.0,3.104089967906475,,2019,pit,RP
10029,Patrick Schuster,P,1.0,0.0,1.0,0.0,0.0,3.3357199989259243,,2019,pit,RP
3926,Casey Fien,P,1.0,0.0,1.0,0.0,0.0,3.2992699541151524,,2019,pit,RP
1953,Raul Valdes,P,1.0,0.0,1.0,0.0,0.0,3.3081698700785642,,2019,pit,RP
sa659458,Kurt Spomer,P,1.0,0.0,1.0,0.0,0.0,3.191160165518523,,2019,pit,RP
22182,Hunter Greene,P,0.1754390001296997,0.1754000037908554,1.0,0.0,0.0,2.037720230966806,CIN,2019,pit,SP
4053,Steve Johnson,P,1.0,0.0,1.0,0.0,0.0,3.4199100963771345,,2019,pit,RP
sa857676,Drew Harrington,P,0.26696500182151794,0.15600000321865082,1.0,0.0,0.0,2.142809982597828,,2019,pit,SP
19231,Caleb Baragar,P,0.3436489999294281,0.1395999938249588,1.0,0.0,0.0,2.974270019680262,,2019,pit,RP
13652,Tayler Scott,P,1.0,0.0,1.0,0.0,0.0,3.273610176891089,ATL,2019,pit,RP
sa3004455,Fred Schlichtholz,P,1.0,0.0,1.0,0.0,0.0,3.559279968589544,,2019,pit,RP
7882,Josh Lindblom,P,1.0,0.0,1.0,0.0,0.0,3.3276798464357857,,2019,pit,RP
sa3004475,Jake Dahlberg,P,0.1853329986333847,0.17329999804496765,1.0,0.0,0.0,2.232590097934008,,2019,pit,SP
sa738340,Ryan Ledbetter,P,1.0,0.0,1.0,0.0,0.0,3.076450109481812,TEX,2019,pit,RP
1918,Matt Thornton,P,1.0,0.0,1.0,0.0,0.0,3.165680054575205,,2019,pit,RP
15444,Zack Weiss,P,1.0,0.0,1.0,0.0,0.0,3.32570987790823,,2019,pit,RP
1906,Jason Frasor,P,1.0,0.0,1.0,0.0,0.0,3.268440093100071,,2019,pit,RP
sa621664,Joe Rogers,P,0.6982110142707825,0.06419999897480011,1.0,0.0,0.0,3.0141201190650464,,2019,pit,RP
739,Kyle Lohse,P,0.1754390001296997,0.1754000037908554,1.0,0.0,0.0,1.953320071846247,,2019,pit,SP
sa621016,Mason Melotakis,P,1.0,0.0,1.0,0.0,0.0,3.3544500932097443,,2019,pit,RP
sa502369,Nick Sarianides,P,1.0,0.0,1.0,0.0,0.0,3.389620083570481,,2019,pit,RP
20476,Peter Solomon,P,0.29499998688697815,0.15000000596046448,1.0,0.0,0.0,2.4198898769915105,,2019,pit,SP
21290,Lucas Gilbreath,P,0.21254399418830872,0.16750000417232513,1.0,0.0,0.0,1.8318000577390188,COL,2019,pit,SP
22310,Chris Rodriguez,P,0.1754390001296997,0.1754000037908554,1.0,0.0,0.0,1.8701198935508732,CHW,2019,pit,SP
sa658525,Josh Graham,P,1.0,0.0,1.0,0.0,0.0,3.652050021290779,,2019,pit,RP
16470,Roel Ramírez,P,0.9092980027198792,0.019300000742077827,1.0,0.0,0.0,3.4566600084304815,,2019,pit,RP
13418,Chris Beck,P,1.0,0.0,1.0,0.0,0.0,3.39482012540102,,2019,pit,RP
sa659442,Thomas Lee,P,1.0,0.0,1.0,0.0,0.0,3.2352999739348887,,2019,pit,RP
sa829601,Cameron Bishop,P,0.1754390001296997,0.1754000037908554,1.0,0.0,0.0,1.4978101082146176,,2019,pit,SP
3220,Jean Machi,P,1.0,0.0,1.0,0.0,0.0,3.097199945896864,,2019,pit,RP
20468,Huascar Ynoa,P,0.1754390001296997,0.1754000037908554,1.0,0.0,0.0,2.446120131760836,LAA,2019,pit,SP
sa875845,Cameron Gann,P,1.0,0.0,1.0,0.0,0.0,3.5778399959206584,,2019,pit,RP
23443,Tom Cosgrove,P,0.19852599501609802,0.1704999953508377,1.0,0.0,0.0,2.3483400195837025,HOU,2019,pit,SP
sa3000055,Alexis Candelario,P,0.1754390001296997,0.1754000037908554,1.0,0.0,0.0,2.038820008188486,,2019,pit,SP
17489,Spenser Watkins,P,0.25624600052833557,0.1581999957561493,1.0,0.0,0.0,1.902499759197236,,2019,pit,SP
sa875282,Adam Hofacket,P,1.0,0.0,1.0,0.0,0.0,3.0453898578882224,,2019,pit,RP
12232,Cody Hall,P,1.0,0.0,1.0,0.0,0.0,3.412680062651635,,2019,pit,RP
sa579472,Arik Sikula,P,0.20182499289512634,0.16979999840259552,1.0,0.0,0.0,1.9764700248837475,,2019,pit,SP
9832,Carlos Fisher,P,1.0,0.0,1.0,0.0,0.0,3.3998300239443777,SDP,2019,pit,RP
10267,Tanner Scheppers,P,1.0,0.0,1.0,0.0,0.0,3.328239873796702,,2019,pit,RP
14681,Andrés Machado,P,1.0,0.0,1.0,0.0,0.0,3.392649841308594,,2019,pit,RP
sa658514,Nick Pasquale,P,1.0,0.0,1.0,0.0,0.0,3.5730299644172194,ATL,2019,pit,RP
sa294505,Marlon Arias,P,0.1754390001296997,0.1754000037908554,1.0,0.0,0.0,2.0453698761761188,ARI,2019,pit,SP
18674,Jake Woodford,P,0.1754390001296997,0.1754000037908554,1.0,0.0,0.0,2.256210097670555,TBR,2019,pit,SP
13211,Warwick Saupold,P,1.0,0.0,1.0,0.0,0.0,3.193739918619394,,2019,pit,RP
10075,Caleb Cotham,P,1.0,0.0,1.0,0.0,0.0,3.25347014144063,,2019,pit,RP
4036,Victor Garate,P,0.1754390001296997,0.1754000037908554,1.0,0.0,0.0,2.0192999139428136,LAD,2019,pit,SP
15006,Luis Santos,P,0.9175440073013306,0.017500000074505806,1.0,0.0,0.0,3.6233300693333157,,2019,pit,RP
sa738460,Travis Ott,P,0.8433330059051514,0.0333000011742115,1.0,0.0,0.0,3.5340401820838454,TBR,2019,pit,RP
16218,Brett Graves,P,1.0,0.0,1.0,0.0,0.0,3.5885598599910735,,2019,pit,RP
sa3004347,Denny Brady,P,0.1754390001296997,0.1754000037908554,1.0,0.0,0.0,1.8656800352036953,,2019,pit,SP
sa605481,Edison Frias,P,0.6677020192146301,0.07069999724626541,1.0,0.0,0.0,2.866070024669171,,2019,pit,RP
sa828169,Yeudy Garcia,P,1.0,0.0,1.0,0.0,0.0,3.47616001367569,,2019,pit,RP
7960,Frank Herrmann,P,1.0,0.0,1.0,0.0,0.0,3.346950101107359,,2019,pit,RP
sa731235,Kyle Schepel,P,1.0,0.0,1.0,0.0,0.0,3.436980142444373,,2019,pit,RP
7161,Chris Withrow,P,1.0,0.0,1.0,0.0,0.0,3.337360093742609,,2019,pit,RP
9654,Michael Blazek,P,0.7781929969787598,0.047200001776218414,1.0,0.0,0.0,2.9868100285530095,,2019,pit,RP
19222,Lake Bachar,P,0.24964900314807892,0.15960000455379486,1.0,0.0,0.0,2.472689881175757,MIA,2019,pit,SP
sa829233,Sam Street,P,1.0,0.0,1.0,0.0,0.0,3.1997898213565352,PIT,2019,pit,RP
sa875770,Heath Slatton,P,0.5753509998321533,0.09040000289678574,1.0,0.0,0.0,3.3065399780869487,SFG,2019,pit,RP
20387,Anthony Kay,P,0.1754390001296997,0.1754000037908554,1.0,0.0,0.0,2.3916700638830664,CHW,2019,pit,SP
1701,Chris Capuano,P,1.0,0.0,1.0,0.0,0.0,3.354970049858094,MIL,2019,pit,RP
sa541874,Andres Avila,P,1.0,0.0,1.0,0.0,0.0,3.3727000370621685,,2019,pit,RP
13144,Frank Garces,P,0.9562979936599731,0.00930000003427267,1.0,0.0,0.0,3.273170113563538,,2019,pit,RP
sa829919,Shane McCain,P,1.0,0.0,1.0,0.0,0.0,3.2811900377273564,,2019,pit,RP
sa548357,Robbie Aviles,P,1.0,0.0,1.0,0.0,0.0,3.1766900673508647,,2019,pit,RP
sa658278,Luc Rennie,P,0.19357900321483612,0.17159999907016754,1.0,0.0,0.0,2.323020092397928,,2019,pit,SP
sa579787,Alex Blackford,P,0.2034740000963211,0.16949999332427979,1.0,0.0,0.0,2.330720122903586,,2019,pit,SP
sa874113,Alex Winkelman,P,0.5580350160598755,0.09399999678134918,1.0,0.0,0.0,2.88413983732462,,2019,pit,RP
888,Scott Carroll,P,1.0,0.0,1.0,0.0,0.0,3.066949947923422,,2019,pit,RP
sa503562,R.C. Orlan,P,0.9224910140037537,0.016499999910593033,1.0,0.0,0.0,3.229190041124821,,2019,pit,RP
19548,JD Hammer,P,0.8771399855613708,0.026100000366568565,1.0,0.0,0.0,3.180320087820292,,2019,pit,RP
sa395471,Andury Acevedo,P,1.0,0.0,1.0,0.0,0.0,3.5368699699640276,ARI,2019,pit,RP
sa873691,Brett Adcock,P,0.2875789999961853,0.15160000324249268,1.0,0.0,0.0,2.5337397724390036,,2019,pit,SP
sa597505,Angel Ventura,P,0.7204740047454834,0.05950000137090683,1.0,0.0,0.0,2.9824800297617915,,2019,pit,RP
1368,Andrew Bailey,P,1.0,0.0,1.0,0.0,0.0,3.291860017925501,,2019,pit,RP
sa659063,Tyler Watson,P,1.0,0.0,1.0,0.0,0.0,3.275049860775471,,2019,pit,RP
sa739006,Arturo Reyes,P,1.0,0.0,1.0,0.0,0.0,3.448559849709272,,2019,pit,RP
sa659265,Nolan Long,P,1.0,0.0,1.0,0.0,0.0,3.7735499709844595,,2019,pit,RP
sa736624,Jhoan Quijada,P,0.34529799222946167,0.13930000364780426,1.0,0.0,0.0,2.252539917081594,,2019,pit,RP
sa737782,Cody Dickson,P,0.4054909944534302,0.1264999955892563,1.0,0.0,0.0,2.6586997680366045,PIT,2019,pit,RP
sa503277,Tristan Archer,P,0.9257889986038208,0.015799999237060547,1.0,0.0,0.0,3.3587999433279045,,2019,pit,RP
7397,Zach Stewart,P,0.4500179886817932,0.11699999868869781,1.0,0.0,0.0,2.383280119299889,,2019,pit,RP
17490,Génesis Cabrera,P,1.0,0.0,1.0,0.0,0.8486999869346619,7.092499901354314,PHI,2019,pit,RP
3282,Nate Adcock,P,1.0,0.0,1.0,0.0,0.0,3.2639499701559544,,2019,pit,RP
11928,David Rollins,P,1.0,0.0,1.0,0.0,0.0,3.2589101023972034,,2019,pit,RP
sa875297,Jon Olczak,P,1.0,0.0,1.0,0.0,0.0,3.605099882185459,,2019,pit,RP
sa827491,Kevin McAvoy,P,0.27685999870300293,0.15389999747276306,1.0,0.0,0.0,2.3480300322175025,,2019,pit,SP
sa577706,Kyle McMyne,P,0.9084740281105042,0.019500000402331352,1.0,0.0,0.0,3.075089996308088,,2019,pit,RP
sa578922,Beck Wheeler,P,0.8317890167236328,0.03579999879002571,1.0,0.0,0.0,3.1898300059139735,,2019,pit,RP
sa598099,Jason Creasy,P,1.0,0.0,1.0,0.0,0.0,3.5511499270796776,,2019,pit,RP
sa918347,Ben Krauth,P,1.0,0.0,1.0,0.0,0.0,3.4275301545858383,,2019,pit,RP
23310,Damon Jones,P,0.18286000192165375,0.17389999330043793,1.0,0.0,0.0,2.0416998945176603,,2019,pit,SP
15542,Chad Girodo,P,1.0,0.0,1.0,0.0,0.0,3.172130025923252,,2019,pit,RP
sa656048,Eudis Idrogo,P,0.39147400856018066,0.12950000166893005,1.0,0.0,0.0,2.331599849462509,,2019,pit,RP
sa875209,Ian Oxnevad,P,0.21089500188827515,0.1678999960422516,1.0,0.0,0.0,2.1806899935007094,,2019,pit,SP
11378,Tyrell Jenkins,P,0.36591199040412903,0.13490000367164612,1.0,0.0,0.0,2.3770398572087292,,2019,pit,RP
sa737935,Jonah Wesely,P,1.0,0.0,1.0,0.0,0.0,3.252480079233647,,2019,pit,RP
19535,Ryan Hendrix,P,1.0,0.0,1.0,0.0,0.0,3.3326899871230133,,2019,pit,RP
7725,David Holmberg,P,0.590192973613739,0.08720000088214874,1.0,0.0,0.0,2.6159299299120904,,2019,pit,RP
sa550003,Chris Anderson,P,0.1754390001296997,0.1754000037908554,1.0,0.0,0.0,2.1000001728534694,,2019,pit,SP
sa455794,Charle Rosario,P,0.1754390001296997,0.1754000037908554,1.0,0.0,0.0,1.864099876582622,,2019,pit,SP
21896,Brailyn Marquez,P,0.1754390001296997,0.1754000037908554,1.0,0.0,0.0,2.1915997952222828,,2019,pit,SP
sa599283,Sean Donatello,P,1.0,0.0,1.0,0.0,0.0,3.2229800879955293,,2019,pit,RP
sa830644,Malvin Pena,P,0.1754390001296997,0.1754000037908554,1.0,0.0,0.0,1.9479200609028342,,2019,pit,SP
sa827389,Trey Cochran-Gill,P,1.0,0.0,1.0,0.0,0.0,3.180540110170842,,2019,pit,RP
sa829707,Justin Ferrell,P,0.8969299793243408,0.021900000050663948,1.0,0.0,0.0,3.338860002160073,,2019,pit,RP
sa738686,A.J. Puckett,P,0.1754390001296997,0.1754000037908554,1.0,0.0,0.0,1.7777200430631637,,2019,pit,SP
5679,Brooks Brown,P,1.0,0.0,1.0,0.0,0.0,3.179799880087376,,2019,pit,RP
sa502647,Rob Wort,P,1.0,0.0,1.0,0.0,0.0,3.366029872000218,,2019,pit,RP
sa508195,Manuel Flores,P,0.19110499322414398,0.1720999926328659,1.0,0.0,0.0,1.942899945378303,,2019,pit,SP
sa503433,Brad Schreiber,P,1.0,0.0,1.0,0.0,0.0,3.2936600729823113,COL,2019,pit,RP
sa526239,Justin Wright,P,1.0,0.0,1.0,0.0,0.0,3.3241700097918514,,2019,pit,RP
sa918629,Eric Carter,P,1.0,0.0,1.0,0.0,0.0,3.664080056548119,,2019,pit,RP
12962,Abel De Los Santos,P,1.0,0.0,1.0,0.0,0.0,3.2768899254500865,,2019,pit,RP
3299,Chris Hatcher,P,1.0,0.0,1.0,0.0,0.0,3.3513601914048197,,2019,pit,RP
sa3004355,Zach Draper,P,0.19770200550556183,0.17069999873638153,1.0,0.0,0.0,1.9338298849761486,,2019,pit,SP
4858,Ryan Kelly,P,1.0,0.0,1.0,0.0,0.0,3.249610158056021,,2019,pit,RP
sa875652,Ethan Clark,P,0.22985999286174774,0.1639000028371811,1.0,0.0,0.0,2.6234099194407468,,2019,pit,SP
sa857686,Tate Scioneaux,P,0.8383859992027283,0.03440000116825104,1.0,0.0,0.0,3.1535200193524355,,2019,pit,RP
22304,Brenan Hanifee,P,0.1754390001296997,0.1754000037908554,1.0,0.0,0.0,1.3111299939453596,DET,2019,pit,SP
sa504209,Juan Gonzalez,P,1.0,0.0,1.0,0.0,0.0,3.358380097895861,,2019,pit,RP
sa578783,Lindsey Caughel,P,0.5514389872550964,0.09539999812841415,1.0,0.0,0.0,2.7084399707615376,,2019,pit,RP
sa548431,Alex Burgos,P,1.0,0.0,1.0,0.0,0.0,3.3305499836802483,,2019,pit,RP
sa577696,Will Roberts,P,0.1993509978055954,0.1703999936580658,1.0,0.0,0.0,1.9982299186289314,,2019,pit,SP
sa742508,Jon Fitzsimmons,P,1.0,0.0,1.0,0.0,0.0,3.367720078676939,,2019,pit,RP
23292,Packy Naughton,P,0.1754390001296997,0.1754000037908554,1.0,0.0,0.0,1.8450601249933247,STL,2019,pit,SP
sa508712,Alejandro Astorga,P,0.19852599501609802,0.1704999953508377,1.0,0.0,0.0,2.015820050984621,,2019,pit,SP
13346,Hoby Milner,P,1.0,0.0,1.0,0.0,0.0,3.600889880210161,CHC,2019,pit,RP
sa920466,Colton Thomson,P,1.0,0.0,1.0,0.0,0.0,3.3635599642992022,,2019,pit,RP
sa657697,Pedro Fernandez,P,0.7262459993362427,0.05820000171661377,1.0,0.0,0.0,2.915159978717566,,2019,pit,RP
sa829790,John Gavin,P,0.1754390001296997,0.1754000037908554,1.0,0.0,0.0,2.708020146936178,,2019,pit,SP
sa876058,Nick Fanti,P,0.1754390001296997,0.1754000037908554,1.0,0.0,0.0,1.971739947795868,,2019,pit,SP
sa738270,Daniel Procopio,P,1.0,0.0,1.0,0.0,0.0,3.349199924618006,,2019,pit,RP
20042,Jesus Cruz,P,0.30819299817085266,0.14720000326633453,1.0,0.0,0.0,2.6935399912297724,,2019,pit,RP
sa738890,Hobbs Johnson,P,1.0,0.0,1.0,0.0,0.0,3.3098298080265525,,2019,pit,RP
16209,Jake Reed,P,0.8787890076637268,0.025800000876188278,1.0,0.0,0.0,3.1286001205444336,,2019,pit,RP
6605,Patrick McCoy,P,1.0,0.0,1.0,0.0,0.0,3.2173300184309483,CLE,2019,pit,RP
sa737234,Olbis Parra,P,1.0,0.0,1.0,0.0,0.0,3.5843398839235303,,2019,pit,RP
sa738313,Cale Coshow,P,1.0,0.0,1.0,0.0,0.0,3.19250001758337,,2019,pit,RP
11663,Mayckol Guaipe,P,1.0,0.0,1.0,0.0,0.0,3.1565201640129095,CHW,2019,pit,RP
sa597109,Jose Valdespina,P,1.0,0.0,1.0,0.0,0.0,3.1666999764740464,,2019,pit,RP
sa542987,Luis Niebla,P,0.2958250045776367,0.14980000257492065,1.0,0.0,0.0,1.9729101426899436,,2019,pit,SP
18313,Pedro Payano,P,0.19687700271606445,0.17090000212192535,1.0,0.0,0.0,1.7850597500801086,,2019,pit,SP
19995,Joel Kuhnel,P,1.0,0.0,1.0,0.0,0.0,2.9972100585699084,OAK,2019,pit,RP
sa876264,Matt Walker,P,1.0,0.0,1.0,0.0,0.0,3.215740016847849,,2019,pit,RP
sa294474,Jose Pina,P,0.1894560009241104,0.17249999940395355,1.0,0.0,0.0,1.9277000240981583,,2019,pit,SP
sa918889,Clark Beeker,P,0.20264899730682373,0.1695999950170517,1.0,0.0,0.0,1.8006400175392634,MIN,2019,pit,SP
sa598434,Tyson Perez,P,1.0,0.0,1.0,0.0,0.0,3.215850017219782,,2019,pit,RP
13331,William Cuevas,P,0.9027019739151001,0.02070000022649765,1.0,0.0,0.0,3.379719940572978,,2019,pit,RP
sa601493,Gonzalo Sanudo,P,1.0,0.0,1.0,0.0,0.0,3.316149894148112,,2019,pit,RP
sa598120,Yimmi Brasoban,P,1.0,0.0,1.0,0.0,0.0,3.3207500480115417,,2019,pit,RP
sa454969,Bobby Bundy,P,1.0,0.0,1.0,0.0,0.0,3.267820039391518,,2019,pit,RP
4971,Fernando Salas,P,1.0,0.0,1.0,0.0,0.0,3.204080057144165,,2019,pit,RP
sa920921,Jayson McKinley,P,0.25789499282836914,0.15790000557899475,1.0,0.0,0.0,2.4845898233354093,,2019,pit,SP
sa883461,Adam Quintana,P,0.28922799229621887,0.15119999647140503,1.0,0.0,0.0,1.8819499596953393,TEX,2019,pit,SP
9149,Tim Melville,P,0.5052629709243774,0.10530000180006027,1.0,0.0,0.0,2.7227497525513176,,2019,pit,RP
sa503344,Brett Lee,P,1.0,0.0,1.0,0.0,0.0,3.2292900316417223,,2019,pit,RP
10636,Madison Younginer IV,P,1.0,0.0,1.0,0.0,0.0,3.3828498862683776,,2019,pit,RP
sa658767,Brandon Alger,P,1.0,0.0,1.0,0.0,0.0,3.3749100908637044,,2019,pit,RP
sa738518,Cortland Cox,P,1.0,0.0,1.0,0.0,0.0,3.2885900340974334,,2019,pit,RP
13606,Shawn Morimando,P,1.0,0.0,1.0,0.0,0.0,3.0860501728951926,,2019,pit,RP
sa549930,Albert Minnis,P,1.0,0.0,1.0,0.0,0.0,3.237650074064732,,2019,pit,RP
sa738235,Sam Bragg,P,0.5868949890136719,0.08789999783039093,1.0,0.0,0.0,2.6795498251914984,,2019,pit,RP
7196,Greg Holland,P,65.0,0.0,65.0,25.392499923706055,5.95359992980957,409.50336217880243,,2019,pit,RP
sa505234,Todd Van Steensel,P,0.7501580119132996,0.053199999034404755,1.0,0.0,0.0,3.3455500513315206,SDP,2019,pit,RP
18088,Cody Stashak,P,0.8210700154304504,0.038100000470876694,1.0,0.0,0.0,3.0319000095129014,,2019,pit,RP
sa550638,Rainy Lara,P,0.19687700271606445,0.17090000212192535,1.0,0.0,0.0,2.109670021384954,,2019,pit,SP
sa506313,Raul Fernandez,P,1.0,0.0,1.0,0.0,0.0,3.2786898471415045,,2019,pit,RP
9096,Jaye Chapman,P,0.9802110195159912,0.00419999985024333,1.0,0.0,0.0,2.9578399911522872,,2019,pit,RP
sa916950,Luis Rijo,P,0.21996499598026276,0.16599999368190765,1.0,0.0,0.0,1.8614199250936507,,2019,pit,SP
4782,Vinnie Pestano,P,1.0,0.0,1.0,0.0,0.0,3.306469897180796,,2019,pit,RP
sa658331,John Kuchno,P,1.0,0.0,1.0,0.0,0.0,3.1448398001492026,,2019,pit,RP
sa917893,Angel Acevedo,P,0.1894560009241104,0.17249999940395355,1.0,0.0,0.0,2.1916897341609,,2019,pit,SP
19976,Tyson Miller,P,0.1754390001296997,0.1754000037908554,1.0,0.0,0.0,2.2087499119341367,CHW,2019,pit,SP
sa547827,Miguel Nunez,P,0.7485089898109436,0.05350000038743019,1.0,0.0,0.0,3.051530186086893,,2019,pit,RP
17861,Franklyn Kilome,P,1.6200000047683716,1.6200000047683716,9.234000205993652,0.0,0.0,25.971112281084068,,2019,pit,SP
sa871477,Carlos Guzman,P,0.18698200583457947,0.17299999296665192,1.0,0.0,0.0,1.685640086233616,NYM,2019,pit,SP
4064,Brian Duensing,P,1.0,0.0,1.0,0.0,0.0,3.2809997662901886,,2019,pit,RP
6983,Drew Storen,P,1.0,0.0,1.0,0.0,0.0,3.1816700518131262,,2019,pit,RP
sa910266,Carlos Portuondo,P,1.0,0.0,1.0,0.0,0.0,3.255379858613014,,2019,pit,RP
sa829031,Connor Walsh,P,0.7823160290718079,0.046300001442432404,1.0,0.0,0.0,2.957860006392002,,2019,pit,RP
sa874248,Oddy Nunez,P,0.20512300729751587,0.16910000145435333,1.0,0.0,0.0,1.9826500043272977,,2019,pit,SP
10732,Drew Hutchison,P,0.564631998538971,0.09260000288486481,1.0,0.0,0.0,2.6080399312078955,,2019,pit,RP
sa328310,Alessandro Maestri,P,0.1754390001296997,0.1754000037908554,1.0,0.0,0.0,1.9339900232851508,CHC,2019,pit,SP
sa885669,Jose Morban,P,0.33128100633621216,0.14229999482631683,1.0,0.0,0.0,2.3639800786972045,,2019,pit,RP
sa827396,Jacob Dorris,P,1.0,0.0,1.0,0.0,0.0,3.389410048723221,,2019,pit,RP
15089,Matt Marksberry,P,1.0,0.0,1.0,0.0,0.0,3.342660068720579,,2019,pit,RP
sa3004709,Franklin Van Gurp,P,0.8911579847335815,0.02319999970495701,1.0,0.0,0.0,3.7417599931359296,,2019,pit,RP
sa920718,Steven Moyers,P,0.48135098814964294,0.1103999987244606,1.0,0.0,0.0,2.340330100059509,,2019,pit,RP
sa597802,Kevin Comer,P,0.9208419919013977,0.01679999940097332,1.0,0.0,0.0,3.15756009593606,,2019,pit,RP
sa3003988,John Parke,P,0.1754390001296997,0.1754000037908554,1.0,0.0,0.0,1.6396398350596426,,2019,pit,SP
sa502049,John Stilson,P,1.0,0.0,1.0,0.0,0.0,3.3226600252091885,,2019,pit,RP
8887,Matt Reynolds,P,1.0,0.0,1.0,0.0,0.0,3.2486100763082506,,2019,pit,RP
sa3003927,J.C. Cloney,P,0.1754390001296997,0.1754000037908554,1.0,0.0,0.0,1.967829947173596,,2019,pit,SP
8180,Kevin Siegrist,P,1.0,0.0,1.0,0.0,0.0,3.43698000907898,,2019,pit,RP
13398,Paco Rodríguez,P,1.0,0.0,1.0,0.0,0.0,3.4067599177360535,,2019,pit,RP
sa829839,Taylor Lewis,P,1.0,0.0,1.0,0.0,0.0,3.230559837818146,,2019,pit,RP
sa597845,Ulises Joaquin,P,0.5662810206413269,0.09229999780654907,1.0,0.0,0.0,2.5920200869441032,,2019,pit,RP
sa829049,Emilio Ogando,P,0.1754390001296997,0.1754000037908554,1.0,0.0,0.0,2.124930089712143,,2019,pit,SP
sa684104,Elniery García,P,0.38240399956703186,0.131400004029274,1.0,0.0,0.0,2.3704197719693187,,2019,pit,RP
sa550166,Corey Littrell,P,1.0,0.0,1.0,0.0,0.0,3.4976399093866353,STL,2019,pit,RP
sa598307,Adam Choplick,P,1.0,0.0,1.0,0.0,0.0,3.4018199414014823,,2019,pit,RP
9894,Mike Broadway,P,1.0,0.0,1.0,0.0,0.0,3.3541801080107687,,2019,pit,RP
sa501704,Matt Lollis,P,1.0,0.0,1.0,0.0,0.0,3.347960005700588,,2019,pit,RP
sa920186,Brady Anderson,P,0.3296320140361786,0.14259999990463257,1.0,0.0,0.0,2.157880140841007,,2019,pit,RP
12562,Jack Leathersich,P,1.0,0.0,1.0,0.0,0.0,3.5912699967622763,,2019,pit,RP
sa875772,Stephan Meyer,P,0.18698200583457947,0.17299999296665192,1.0,0.0,0.0,1.8777999036014088,PIT,2019,pit,SP
sa3004987,Nick Kennedy,P,0.2034740000963211,0.16949999332427979,1.0,0.0,0.0,1.6439700059592726,,2019,pit,SP
sa548355,Austin Kubitza,P,0.7056319713592529,0.06260000169277191,1.0,0.0,0.0,2.8085599012672904,,2019,pit,RP
12093,Branden Pinder,P,1.0,0.0,1.0,0.0,0.0,3.320020040869713,,2019,pit,RP
sa598103,Evan Beal,P,1.0,0.0,1.0,0.0,0.0,3.6015800423920155,MIA,2019,pit,RP
sa621594,Nick Routt,P,0.5951399803161621,0.08609999716281891,1.0,0.0,0.0,2.737819947302342,,2019,pit,RP
sa658572,Geoff Broussard,P,1.0,0.0,1.0,0.0,0.0,3.2831399135291583,,2019,pit,RP
sa657825,Erick Leal,P,0.37745600938796997,0.13249999284744263,1.0,0.0,0.0,2.5077101267874244,,2019,pit,RP
sa875972,Keegan Long,P,1.0,0.0,1.0,0.0,0.0,3.130640084296465,,2019,pit,RP
16840,Cam Hill,P,1.0,0.0,1.0,0.0,0.0,3.1620701596140863,TBR,2019,pit,RP
sa599309,Christian Binford,P,0.3246839940547943,0.1437000036239624,1.0,0.0,0.0,2.303730089962482,,2019,pit,RP
sa737943,Brandon Peterson,P,1.0,0.0,1.0,0.0,0.0,3.4275100156664853,,2019,pit,RP
sa3003994,Evan Guillory,P,0.19687700271606445,0.17090000212192535,1.0,0.0,0.0,2.1117798589169983,,2019,pit,SP
sa858133,Antonio Romero,P,0.834263026714325,0.03530000150203705,1.0,0.0,0.0,3.044940071552992,,2019,pit,RP
18854,Ben Meyer,P,1.0,0.0,1.0,0.0,0.0,3.6165999516844756,COL,2019,pit,RP
4684,Jeff Francis,P,1.0,0.0,1.0,0.0,0.0,3.139509944617749,,2019,pit,RP
sa503548,Kyle Westwood,P,0.22656099498271942,0.16459999978542328,1.0,0.0,0.0,1.9225401028990747,,2019,pit,SP
22218,Mac Sceroler,P,0.1754390001296997,0.1754000037908554,1.0,0.0,0.0,1.7496301203966138,,2019,pit,SP
sa917756,Briam Campusano,P,0.18863199651241302,0.17260000109672546,1.0,0.0,0.0,2.275580077618361,,2019,pit,SP
sa596373,Henry Centeno,P,0.2727369964122772,0.15469999611377716,1.0,0.0,0.0,2.1694100022315976,,2019,pit,SP
15215,Kevin McGowan,P,1.0,0.0,1.0,0.0,0.0,3.292769931256771,,2019,pit,RP
sa833631,Gustavo Armas,P,0.1754390001296997,0.1754000037908554,1.0,0.0,0.0,1.816709998250008,,2019,pit,SP
sa920635,Chase Hodson,P,1.0,0.0,1.0,0.0,0.0,3.12055993899703,NYY,2019,pit,RP
14077,Raudel Lazo,P,1.0,0.0,1.0,0.0,0.0,3.16684994623065,,2019,pit,RP
22175,Max Kranick,P,0.1853329986333847,0.17329999804496765,1.0,0.0,0.0,1.9765599645674223,,2019,pit,SP
15627,Dillon Overton,P,0.6924390196800232,0.06539999693632126,1.0,0.0,0.0,3.0001700609922404,,2019,pit,RP
2134,Adam Loewen,P,1.0,0.0,1.0,0.0,0.0,3.453400018811226,,2019,pit,RP
sa735841,Kevin Gadea,P,0.2966490089893341,0.14959999918937683,1.0,0.0,0.0,2.466210141032935,,2019,pit,SP
sa528296,Pedro Rodriguez,P,1.0,0.0,1.0,0.0,0.0,3.192859991639853,,2019,pit,RP
19845,Alex Wells,P,0.1754390001296997,0.1754000037908554,1.0,0.0,0.0,1.4106997989118097,,2019,pit,SP
sa550236,Ismael Guillón,P,1.0,0.0,1.0,0.0,0.0,3.4576101206243046,,2019,pit,RP
sa548358,Jeff Shields,P,0.2042980045080185,0.16930000483989716,1.0,0.0,0.0,1.829750030487776,,2019,pit,SP
sa390308,Sam Runion,P,1.0,0.0,1.0,0.0,0.0,3.1762799702584745,,2019,pit,RP
18306,Taylor Guilbeau,P,1.0,0.0,1.0,0.0,0.0,3.0505902290344244,,2019,pit,RP
sa876337,Chris Powell,P,1.0,0.0,1.0,0.0,0.0,3.260590089857579,,2019,pit,RP
14996,Jairo Labourt,P,1.0,0.0,1.0,0.0,0.0,3.453590030968189,,2019,pit,RP
21029,Jhoan Duran,P,0.1754390001296997,0.1754000037908554,1.0,0.0,0.0,1.8415399506688126,PHI,2019,pit,SP
6653,Jim Henderson,P,1.0,0.0,1.0,0.0,0.0,3.3373699747025967,,2019,pit,RP
sa509260,Juan Delgadillo,P,0.1952279955148697,0.1712000072002411,1.0,0.0,0.0,1.867159900069237,,2019,pit,SP
sa738275,Henry Hirsch,P,1.0,0.0,1.0,0.0,0.0,3.2375699840486054,,2019,pit,RP
sa291773,Michael Nix,P,0.1754390001296997,0.1754000037908554,1.0,0.0,0.0,1.8367600642144684,,2019,pit,SP
sa658605,Matt Tenuta,P,1.0,0.0,1.0,0.0,0.0,3.1465799115598205,,2019,pit,RP
18,Neftalí Feliz,P,1.0,0.0,1.0,0.0,0.0,3.3689700685441495,,2019,pit,RP
4955,Justin De Fratus,P,1.0,0.0,1.0,0.0,0.0,3.345079835504294,,2019,pit,RP
sa658002,Dylan Baker,P,1.0,0.0,1.0,0.0,0.0,3.1120399251580237,,2019,pit,RP
5172,Brandon Mann,P,1.0,0.0,1.0,0.0,0.0,3.2731699801981455,,2019,pit,RP
sa857696,Nathan Bannister,P,0.21171900629997253,0.16769999265670776,1.0,0.0,0.0,1.8744599238038062,,2019,pit,SP
sa226410,Victor Espinosa,P,0.22656099498271942,0.16459999978542328,1.0,0.0,0.0,2.0171800188720233,,2019,pit,SP
sa737622,Alex Balog,P,1.0,0.0,1.0,0.0,0.0,3.1527900114655494,,2019,pit,RP
sa922562,Miguel Jerez,P,0.20512300729751587,0.16910000145435333,1.0,0.0,0.0,2.2642900459468365,,2019,pit,SP
sa598797,Seth Simmons,P,0.3403509855270386,0.1404000073671341,1.0,0.0,0.0,2.3534999966621393,,2019,pit,RP
sa549734,Ernesto Zaragoza,P,0.31314000487327576,0.1460999995470047,1.0,0.0,0.0,2.192550049722195,,2019,pit,RP
sa3004743,Tyler Jackson,P,0.48135098814964294,0.1103999987244606,1.0,0.0,0.0,2.4204699516296393,SEA,2019,pit,RP
sa3004803,Brendan Feldmann,P,1.0,0.0,1.0,0.0,0.0,3.313470071554184,,2019,pit,RP
sa577693,Ronnie Shaban,P,1.0,0.0,1.0,0.0,0.0,3.184119941294193,,2019,pit,RP
8268,Ross Ohlendorf,P,1.0,0.0,1.0,0.0,0.0,3.294659990817309,,2019,pit,RP
5529,Maikel Cleto,P,1.0,0.0,1.0,0.0,0.0,3.1666699610650544,,2019,pit,RP
6955,Yohan Pino,P,0.7724210023880005,0.04839999973773956,1.0,0.0,0.0,2.8621699534356595,,2019,pit,RP
177,Rafael Betancourt,P,1.0,0.0,1.0,0.0,0.0,3.212880160659552,,2019,pit,RP
9884,Travis Wood,P,0.42940399050712585,0.12139999866485596,1.0,0.0,0.0,2.449079851806164,,2019,pit,RP
sa602627,John Gorman,P,1.0,0.0,1.0,0.0,0.0,3.154079874604941,,2019,pit,RP
14860,Kyle Martin,P,1.0,0.0,1.0,0.0,0.0,3.3521600395441054,,2019,pit,RP
sa918792,Trevor Simms,P,0.6462630033493042,0.07530000060796738,1.0,0.0,0.0,2.757669983059168,,2019,pit,RP
11366,Brandon Cumpton,P,1.0,0.0,1.0,0.0,0.0,3.158149942010641,,2019,pit,RP
sa884740,Anthony Marzi,P,0.2834559977054596,0.1525000035762787,1.0,0.0,0.0,2.038870106637478,,2019,pit,SP
3832,Matt Buschmann,P,1.0,0.0,1.0,0.0,0.0,2.9593201585114,TOR,2019,pit,RP
sa876023,Jack Charleston,P,1.0,0.0,1.0,0.0,0.0,2.918249993771315,CHW,2019,pit,RP
sa875720,Austin Mason,P,0.8301399946212769,0.03610000014305115,1.0,0.0,0.0,3.010139884054661,,2019,pit,RP
sa3004661,Shawn Semple,P,0.22491200268268585,0.164900004863739,1.0,0.0,0.0,1.784240049868822,,2019,pit,SP
sa599273,Tanner Chleborad,P,1.0,0.0,1.0,0.0,0.0,2.609979787468911,,2019,pit,RP
sa3004192,Maverik Buffo,P,0.18863199651241302,0.17260000109672546,1.0,0.0,0.0,1.728519888222218,,2019,pit,SP
sa546467,Kender Villegas,P,0.6619300246238708,0.07190000265836716,1.0,0.0,0.0,2.772730077803135,,2019,pit,RP
sa738914,Jake Thompson,P,0.1754390001296997,0.1754000037908554,1.0,0.0,0.0,1.8696000009775156,,2019,pit,SP
sa875206,Andre Davis,P,0.19275400042533875,0.17180000245571136,1.0,0.0,0.0,1.710319848358631,,2019,pit,SP
sa879559,Jasseel De La Cruz,P,0.20017500221729279,0.17020000517368317,1.0,0.0,0.0,2.2406898505985735,,2019,pit,SP
4359,Kyle Drabek,P,1.0,0.0,1.0,0.0,0.0,3.2507399946451185,,2019,pit,RP
sa828702,Ronnie Williams,P,0.690788984298706,0.0658000037074089,1.0,0.0,0.0,3.0851900771260263,,2019,pit,RP
sa602584,Zech Lemond,P,1.0,0.0,1.0,0.0,0.0,3.152070109546185,,2019,pit,RP
sa708969,Evan Mitchell,P,1.0,0.0,1.0,0.0,0.0,3.043089935183526,CLE,2019,pit,RP
sa828800,John Richy,P,0.4500179886817932,0.11699999868869781,1.0,0.0,0.0,2.2832202196121223,SEA,2019,pit,RP
sa549733,Daniel Gibson,P,1.0,0.0,1.0,0.0,0.0,3.424680040031672,,2019,pit,RP
2237,Blaine Boyer,P,1.0,0.0,1.0,0.0,0.0,2.8832798026502138,,2019,pit,RP
sa454928,Clayton Cook,P,1.0,0.0,1.0,0.0,0.0,3.278799975663424,,2019,pit,RP
5088,Franklin Morales,P,1.0,0.0,1.0,0.0,0.0,2.954910059273243,,2019,pit,RP
6883,Collin Balester,P,1.0,0.0,1.0,0.0,0.0,3.206629956513644,,2019,pit,RP
8728,Donovan Hand,P,1.0,0.0,1.0,0.0,0.0,3.0092899680137637,NYM,2019,pit,RP
12321,Gus Schlosser,P,1.0,0.0,1.0,0.0,0.0,3.1296498402953152,,2019,pit,RP
sa501219,Zack Dodson,P,0.1754390001296997,0.1754000037908554,1.0,0.0,0.0,1.8461400993168353,,2019,pit,SP
sa550675,Fernando Baez,P/C,0.6874909996986389,0.06650000065565109,1.0,0.0,0.0,3.089579790085555,,2019,pit,RP
sa875058,Tyler Mark,P,1.0,0.0,1.0,0.0,0.0,3.483090010285378,,2019,pit,RP
sa502193,Austin House,P,1.0,0.0,1.0,0.0,0.0,3.1450200729072093,,2019,pit,RP
7416,Mark Lowe,P,1.0,0.0,1.0,0.0,0.0,3.198179796338082,,2019,pit,RP
sa857572,Austin Sexton,P,0.9117720127105713,0.018799999728798866,1.0,0.0,0.0,3.3030499882996085,,2019,pit,RP
19569,David Bednar,P,1.0,0.0,1.0,0.0,0.0,3.55576004087925,NYY,2019,pit,RP
12220,Keith Hessler,P,1.0,0.0,1.0,0.0,0.0,3.2402499854564666,,2019,pit,RP
sa738956,Juan Santos,P,1.0,0.0,1.0,0.0,0.0,3.3019200682640077,HOU,2019,pit,RP
sa658284,Myles Smith,P,0.8977540135383606,0.021800000220537186,1.0,0.0,0.0,3.162020054459572,,2019,pit,RP
19524,Alan Rangel,P,0.19687700271606445,0.17090000212192535,1.0,0.0,0.0,2.127529994398356,PHI,2019,pit,SP
20631,Jordan Holloway,P,0.1754390001296997,0.1754000037908554,1.0,0.0,0.0,2.298250053822994,LAA,2019,pit,SP
4920,Joe Colón J,P,1.0,0.0,1.0,0.0,0.0,3.2223500393331053,,2019,pit,RP
sa918587,Kevin Hill,P,1.0,0.0,1.0,0.0,0.0,3.1861000202596186,,2019,pit,RP
15928,Cody Ege,P,1.0,0.0,1.0,0.0,0.0,3.206899949163199,,2019,pit,RP
13143,Henry Owens,P,0.1754390001296997,0.1754000037908554,1.0,0.0,0.0,2.5876300022006036,,2019,pit,SP
sa287103,Jesus Adrian Castillo,P,0.3799299895763397,0.13189999759197235,1.0,0.0,0.0,2.14948988109827,,2019,pit,RP
sa598776,Mike McCarthy,P,0.3337540030479431,0.14180000126361847,1.0,0.0,0.0,2.1950697623193265,,2019,pit,RP
sa829740,Nate Fury,P,1.0,0.0,1.0,0.0,0.0,3.3200298815965654,,2019,pit,RP
sa728948,Emmanuel Torres,P,0.3609650135040283,0.13600000739097595,1.0,0.0,0.0,2.2581500642001635,,2019,pit,RP
9720,Louis Coleman,P,1.0,0.0,1.0,0.0,0.0,2.771799899637699,,2019,pit,RP
sa828794,Brian Gonzalez,P,0.18203499913215637,0.17399999499320984,1.0,0.0,0.0,1.5038999393582344,SDP,2019,pit,SP
3547,Carlos Frías,P,1.0,0.0,1.0,0.0,0.0,3.0055300593376164,CLE,2019,pit,RP
16684,Zac Curtis,P,1.0,0.0,1.0,0.0,0.0,3.3686000481247906,,2019,pit,RP
sa599061,Luis Heredia,P,1.0,0.0,1.0,0.0,0.0,3.1992100477218632,,2019,pit,RP
sa506317,Jefri Hernandez,P,1.0,0.0,1.0,0.0,0.0,3.1588598616421226,BAL,2019,pit,RP
12982,Andrew Faulkner,P,1.0,0.0,1.0,0.0,0.0,3.5922299347817903,LAD,2019,pit,RP
sa874072,Jack Anderson,P,1.0,0.0,1.0,0.0,0.0,2.956309974938631,,2019,pit,RP
sa549882,David Garner,P,1.0,0.0,1.0,0.0,0.0,3.195210012048483,,2019,pit,RP
sa919323,Jeff Singer,P,0.9538249969482422,0.009800000116229057,1.0,0.0,0.0,3.1939499929547313,,2019,pit,RP
sa702637,Michael Zouzalik,P,1.0,0.0,1.0,0.0,0.0,2.681989878416062,,2019,pit,RP
sa3004671,Justin Hoyt,P,1.0,0.0,1.0,0.0,0.0,3.2365599155426032,LAD,2019,pit,RP
sa918392,Will Hibbs,P,1.0,0.0,1.0,0.0,0.0,3.154099882394076,PHI,2019,pit,RP
13530,Alejandro Chacin,P,1.0,0.0,1.0,0.0,0.0,3.248099918663502,,2019,pit,RP
sa828518,Dilmer Mejia,P,0.20100000500679016,0.17000000178813934,1.0,0.0,0.0,2.2057100534439087,,2019,pit,SP
sa393279,Marco Antonio Duarte,P,0.1754390001296997,0.1754000037908554,1.0,0.0,0.0,1.7523501314222818,,2019,pit,SP
sa709717,Michael Johnson,P,0.8416839838027954,0.03370000049471855,1.0,0.0,0.0,3.2614499181509022,,2019,pit,RP
sa736868,Yeison Medina,P,1.0,0.0,1.0,0.0,0.0,3.3256100676953793,,2019,pit,RP
sa795710,Raul Carrillo,P,0.1754390001296997,0.1754000037908554,1.0,0.0,0.0,1.6942700251936915,,2019,pit,SP
sa3005031,Jackson Stoeckinger,P,0.19275400042533875,0.17180000245571136,1.0,0.0,0.0,1.7898501090705392,WSN,2019,pit,SP
sa577722,Derek Self,P,1.0,0.0,1.0,0.0,0.0,3.028970245271921,,2019,pit,RP
sa739267,Marc Magliaro,P,1.0,0.0,1.0,0.0,0.0,3.1420899569988254,,2019,pit,RP
sa657974,Tyler Pike,P,0.8284909725189209,0.0364999994635582,1.0,0.0,0.0,3.2323200173676017,,2019,pit,RP
17170,Gabe Speier,P,1.0,0.0,1.0,0.0,0.0,3.1286001160740855,SEA,2019,pit,RP
sa3002734,Blake Battenfield,P,0.1754390001296997,0.1754000037908554,1.0,0.0,0.0,1.6801700770854948,,2019,pit,SP
9975,Tom Wilhelmsen,P,1.0,0.0,1.0,0.0,0.0,3.1018598124384886,SDP,2019,pit,RP
14371,Jake Thompson,P,1.0,0.0,1.0,0.0,0.0,3.253170008212328,,2019,pit,RP
15639,Dan Slania,P,1.0,0.0,1.0,0.0,0.0,3.2098998621106145,,2019,pit,RP
sa876113,Sean Keselica,P,0.906000018119812,0.019999999552965164,1.0,0.0,0.0,3.1250000663101676,,2019,pit,RP
sa918815,Pat Krall,P,1.0,0.0,1.0,0.0,0.0,3.1054600514471535,,2019,pit,RP
sa3007926,Tim Cate,P,0.18780699372291565,0.1728000044822693,1.0,0.0,0.0,1.8463701412081726,,2019,pit,SP
19179,Kirby Snead,P,1.0,0.0,1.0,0.0,0.0,3.0543601036071784,,2019,pit,RP
sa658593,José Mesa Jr.,P,1.0,0.0,1.0,0.0,0.0,3.2020799234509463,,2019,pit,RP
sa736656,Gerson Moreno,P,1.0,0.0,1.0,0.0,0.0,3.0376701459288595,STL,2019,pit,RP
13736,Michael Roth,P,1.0,0.0,1.0,0.0,0.0,3.0026799842715266,,2019,pit,RP
sa875266,James Reeves,P,1.0,0.0,1.0,0.0,0.0,3.1794598296284673,,2019,pit,RP
sa3005016,Marcel Rentería,P,0.1754390001296997,0.1754000037908554,1.0,0.0,0.0,2.1140298880636696,,2019,pit,SP
2332,Joel Peralta,P,1.0,0.0,1.0,0.0,0.0,3.1857798591256143,,2019,pit,RP
20997,Eduard Bazardo,P,0.1754390001296997,0.1754000037908554,1.0,0.0,0.0,1.8838301271200182,SEA,2019,pit,SP
sa829197,Gabriel Llanes,P,0.18286000192165375,0.17389999330043793,1.0,0.0,0.0,1.624459896981716,,2019,pit,SP
sa707781,Pat Young,P,0.7567539811134338,0.05180000141263008,1.0,0.0,0.0,2.8729000970721246,,2019,pit,RP
11394,Alex Wimmers,P,1.0,0.0,1.0,0.0,0.0,3.206670033931732,,2019,pit,RP
sa657857,Shane Watson,P,0.41126298904418945,0.12530000507831573,1.0,0.0,0.0,2.3258200585842133,,2019,pit,RP
sa919112,Chad Donato,P,0.21584199368953705,0.16680000722408295,1.0,0.0,0.0,2.102660025656223,,2019,pit,SP
sa829176,Paul Voelker,P,0.9125959873199463,0.01860000006854534,1.0,0.0,0.0,2.8250998526811606,,2019,pit,RP
4697,Cesar Carrillo,P,0.1754390001296997,0.1754000037908554,1.0,0.0,0.0,1.721420060098171,,2019,pit,SP
sa659283,Justin Dillon,P,0.28098198771476746,0.15299999713897705,1.0,0.0,0.0,1.9259201161563393,,2019,pit,SP
16344,Eduardo Paredes,P,1.0,0.0,1.0,0.0,0.0,2.759489715844393,,2019,pit,RP
sa872742,Cristian Castillo,P,0.48629799485206604,0.10930000245571136,1.0,0.0,0.0,2.5300400286912916,,2019,pit,RP
sa3004097,Holden Capps,P,0.5877190232276917,0.0877000018954277,1.0,0.0,0.0,2.56402994915843,,2019,pit,RP
sa596959,Daury Torrez,P,0.685018002986908,0.06700000166893005,1.0,0.0,0.0,2.681739810109138,,2019,pit,RP
10529,Dean Kiekhefer,P,1.0,0.0,1.0,0.0,0.0,3.0922401934862136,,2019,pit,RP
3970,Edward Mujica,P,1.0,0.0,1.0,0.0,0.0,2.9939199447631837,,2019,pit,RP
sa875769,Logan Boyd,P,0.1754390001296997,0.1754000037908554,1.0,0.0,0.0,1.8393399365246297,,2019,pit,SP
17133,Osmer Morales,P,1.0,0.0,1.0,0.0,0.0,3.3500101245939735,,2019,pit,RP
8600,Dustin McGowan,P,1.0,0.0,1.0,0.0,0.0,3.296149857342243,TBR,2019,pit,RP
7267,Nick Masset,P,1.0,0.0,1.0,0.0,0.0,3.2466700293123725,,2019,pit,RP
11743,Carlos Ramirez,P,1.0,0.0,1.0,0.0,0.0,3.222099796682596,,2019,pit,RP
14411,Gerardo Concepción,P,1.0,0.0,1.0,0.0,0.0,3.180030144006014,,2019,pit,RP
sa3004338,Randy Bell,P,0.24470199644565582,0.1606999933719635,1.0,0.0,0.0,1.9199401110410692,SEA,2019,pit,SP
sa657843,Ramon Santos,P,0.8985790014266968,0.02160000056028366,1.0,0.0,0.0,3.1068300604820256,,2019,pit,RP
sa877857,Lachlan Wells,P,0.19770200550556183,0.17069999873638153,1.0,0.0,0.0,1.8235799208283425,,2019,pit,SP
sa829015,Weston Davis,P,0.1754390001296997,0.1754000037908554,1.0,0.0,0.0,1.7188400767743595,,2019,pit,SP
15036,Chase De Jong,P,0.1754390001296997,0.1754000037908554,1.0,0.0,0.0,1.8283700495958324,,2019,pit,SP
16132,Justin Shafer,P,1.0,0.0,1.0,0.0,0.0,2.7183501556515695,,2019,pit,RP
16873,Eric Stout,P,1.0,0.0,1.0,0.0,0.0,3.4564099155366423,,2019,pit,RP
13453,Eddie Butler,P,1.0,0.0,1.0,0.0,0.0,2.9898500584065917,,2019,pit,RP
9904,Pedro Villarreal,P,1.0,0.0,1.0,0.0,0.0,2.8281601101160048,,2019,pit,RP
1663,Javier López,P,1.0,0.0,1.0,0.0,0.0,2.9178698576986792,,2019,pit,RP
sa657950,Kieran Lovegrove,P,1.0,0.0,1.0,0.0,0.0,3.6976300157606605,,2019,pit,RP
sa873150,Diego Cordero,P,0.1754390001296997,0.1754000037908554,1.0,0.0,0.0,1.9574101127684118,,2019,pit,SP
21728,Luis Oviedo,P,0.1754390001296997,0.1754000037908554,1.0,0.0,0.0,1.8153002783656125,,2019,pit,SP
sa599402,Stephen Peterson,P,1.0,0.0,1.0,0.0,0.0,3.4115900084376336,MIL,2019,pit,RP
sa873220,Wennington Romero,P,0.1754390001296997,0.1754000037908554,1.0,0.0,0.0,1.6221801958978173,,2019,pit,SP
sa829024,Gage Hinsz,P,0.18368400633335114,0.1737000048160553,1.0,0.0,0.0,1.7538198731839665,,2019,pit,SP
sa875346,Danny Dopico,P,0.6751229763031006,0.06909999996423721,1.0,0.0,0.0,2.7335899583995342,,2019,pit,RP
sa917784,Bryan Mata,P,0.1754390001296997,0.1754000037908554,1.0,0.0,0.0,1.9197701744735247,,2019,pit,SP
sa827490,Michael Matuella,P,0.36591199040412903,0.13490000367164612,1.0,0.0,0.0,1.7581801600754265,TEX,2019,pit,RP
sa3004009,Cole Bartlett,P,0.4310530126094818,0.12110000103712082,1.0,0.0,0.0,2.4070899516344078,,2019,pit,RP
sa829581,Chris Mathewson,P,0.3485960066318512,0.13860000669956207,1.0,0.0,0.0,2.5063600502908234,,2019,pit,RP
sa294706,Jason Urquidez,P,1.0,0.0,1.0,0.0,0.0,3.1263899438083174,,2019,pit,RP
sa548277,Ralston Cash,P,1.0,0.0,1.0,0.0,0.0,3.3215698748826985,,2019,pit,RP
sa829225,Steve Ascher,P,1.0,0.0,1.0,0.0,0.0,3.116170124709606,,2019,pit,RP
16094,Zach Thompson,P,1.0,0.0,1.0,0.0,0.0,2.9161999270319936,,2019,pit,RP
sa658027,Stephen Johnson,P,1.0,0.0,1.0,0.0,0.0,3.2205400288105013,,2019,pit,RP
sa548115,Octavio Acosta,P,0.19357900321483612,0.17159999907016754,1.0,0.0,0.0,1.897089899331331,,2019,pit,SP
sa915726,Jeffrey Passantino,P,0.31314000487327576,0.1460999995470047,1.0,0.0,0.0,2.226430099457503,,2019,pit,RP
sa875625,Anthony McIver,P,1.0,0.0,1.0,0.0,0.0,3.006020072102547,,2019,pit,RP
sa658337,Chris Perry,P,1.0,0.0,1.0,0.0,0.0,3.4874999210238458,STL,2019,pit,RP
sa857605,Zack Erwin,P,0.1754390001296997,0.1754000037908554,1.0,0.0,0.0,1.8280900947749612,,2019,pit,SP
sa548117,David Perez,P,1.0,0.0,1.0,0.0,0.0,3.2040900520980355,,2019,pit,RP
15855,Wander Suero,P,25.0,0.0,25.0,0.0,0.8403000235557556,95.89615123271943,OAK,2019,pit,RP
sa3004215,Seth Nordlin,P,0.18863199651241302,0.17260000109672546,1.0,0.0,0.0,1.442509827762842,,2019,pit,SP
sa857658,Jason Richman,P,1.0,0.0,1.0,0.0,0.0,3.03550997748971,,2019,pit,RP
21955,Yerry Rodríguez,P,0.20677199959754944,0.1687999963760376,1.0,0.0,0.0,1.468670008331538,NYY,2019,pit,SP
sa917925,Jay Groome,P,0.1754390001296997,0.1754000037908554,1.0,0.0,0.0,1.9590301081538204,,2019,pit,SP
sa509473,Sergio Mora,P,0.1754390001296997,0.1754000037908554,1.0,0.0,0.0,1.708660111576319,,2019,pit,SP
sa919332,Kevin Lenik,P,1.0,0.0,1.0,0.0,0.0,3.277149973064662,,2019,pit,RP
sa875618,Will Headean,P,0.496192991733551,0.10719999670982361,1.0,0.0,0.0,2.674459984153509,,2019,pit,RP
sa918099,Ben Sheckler,P,0.5860700011253357,0.08810000121593475,1.0,0.0,0.0,2.6475101031363013,,2019,pit,RP
5178,Ernesto Frieri,P,1.0,0.0,1.0,0.0,0.0,3.3306298077106478,MIL,2019,pit,RP
sa599917,Hector Silvestre,P,0.1754390001296997,0.1754000037908554,1.0,0.0,0.0,1.8442600838840009,WSN,2019,pit,SP
sa596949,Anderson Polanco,P,0.4937190115451813,0.10769999772310257,1.0,0.0,0.0,2.572920023649931,,2019,pit,RP
20209,Zach Muckenhirn,P,1.0,0.0,1.0,0.0,0.0,2.703299897164106,,2019,pit,RP
3234,Travis Blackley,P,0.1754390001296997,0.1754000037908554,1.0,0.0,0.0,1.6972800627350808,,2019,pit,SP
sa326150,Danny Gutierrez,P,0.1754390001296997,0.1754000037908554,1.0,0.0,0.0,1.7233200497925276,TEX,2019,pit,SP
17233,Brian Ellington,P,1.0,0.0,1.0,0.0,0.0,3.4765298068523407,,2019,pit,RP
sa3004637,Joey Marciano,P,0.2603679895401001,0.1573999971151352,1.0,0.0,0.0,2.52945995181799,,2019,pit,SP
sa876164,Tyler Watson,P,0.18286000192165375,0.17389999330043793,1.0,0.0,0.0,1.7269600838422776,,2019,pit,SP
sa795280,Erasmo Pinales,P,1.0,0.0,1.0,0.0,0.0,3.304140134900808,,2019,pit,RP
sa738369,Bud Jeter,P,1.0,0.0,1.0,0.0,0.0,3.4772399924695496,,2019,pit,RP
sa877307,Pedro Echemendia,P,0.7625259757041931,0.05050000175833702,1.0,0.0,0.0,2.9072799034416676,,2019,pit,RP
sa549578,Andre Wheeler,P,1.0,0.0,1.0,0.0,0.0,3.1598000168800358,,2019,pit,RP
sa857600,Matt Eckelman,P,1.0,0.0,1.0,0.0,0.0,3.0948800764977933,,2019,pit,RP
sa508100,Juan Pablo Oramas,P,0.1754390001296997,0.1754000037908554,1.0,0.0,0.0,1.8815400548279286,,2019,pit,SP
1783,Chad Gaudin,P,1.0,0.0,1.0,0.0,0.0,3.051689849793911,,2019,pit,RP
sa918176,Nick Hartman,P,1.0,0.0,1.0,0.0,0.0,3.0811799667775635,,2019,pit,RP
sa547772,Confesor Lara,P/OF,1.0,0.0,1.0,0.0,0.0,3.1324498951435094,MIN,2019,pit,RP
sa328221,Jeff Walters,P,1.0,0.0,1.0,0.0,0.0,3.2443799369037154,TBR,2019,pit,RP
sa737329,Juliandry Higuera,P,0.8771399855613708,0.026100000366568565,1.0,0.0,0.0,2.970899980515242,,2019,pit,RP
1137,Jerome Williams,P,1.0,0.0,1.0,0.0,0.0,2.7843502044677733,,2019,pit,RP
sa548492,Jacob Dahlstrand,P,0.459087997674942,0.11509999632835388,1.0,0.0,0.0,2.262790179997683,,2019,pit,RP
sa3004233,Durin O'Linger,P,0.5497890114784241,0.0957999974489212,1.0,0.0,0.0,2.542680043727159,,2019,pit,RP
sa918195,Andrew Vinson,P,0.1754390001296997,0.1754000037908554,1.0,0.0,0.0,1.7196597725152967,,2019,pit,SP
7080,John Lannan,P,1.0,0.0,1.0,0.0,0.0,2.801660089194775,WSN,2019,pit,RP
4138,Carlos Villanueva,P,1.0,0.0,1.0,0.0,0.0,2.9857102431356908,,2019,pit,RP
sa602703,Adam Ravenelle,P,1.0,0.0,1.0,0.0,0.0,2.803720162808896,,2019,pit,RP
sa599112,Greg Nappo,P,1.0,0.0,1.0,0.0,0.0,3.2021900065243245,,2019,pit,RP
sa841347,Jason Zgardowski,P,1.0,0.0,1.0,0.0,0.0,3.0926500394940377,,2019,pit,RP
sa829809,Keith Weisenberg,P,0.19110499322414398,0.1720999926328659,1.0,0.0,0.0,2.087069918960333,,2019,pit,SP
sa918496,Burris Warner,P,0.6174039840698242,0.08139999955892563,1.0,0.0,0.0,2.2371201045811184,,2019,pit,RP
sa917989,Braeden Ogle,P,0.1754390001296997,0.1754000037908554,1.0,0.0,0.0,1.8684302277863032,,2019,pit,SP
9943,Todd Redmond,P,0.7938600182533264,0.04390000179409981,1.0,0.0,0.0,2.815129797905684,,2019,pit,RP
sa875160,Chase Ingram,P,0.21913999319076538,0.16609999537467957,1.0,0.0,0.0,2.2133999846875674,,2019,pit,SP
sa599231,Justin Kamplain,P,1.0,0.0,1.0,0.0,0.0,2.9344100326299674,NYY,2019,pit,RP
sa659746,Greyfer Eregua,P,0.31314000487327576,0.1460999995470047,1.0,0.0,0.0,2.1062100403010846,,2019,pit,RP
sa748442,Francys Peguero,P,0.18780699372291565,0.1728000044822693,1.0,0.0,0.0,1.6721302531659608,,2019,pit,SP
10504,Mario Hollands,P,1.0,0.0,1.0,0.0,0.0,3.0945098392665384,,2019,pit,RP
14470,José A. Váldez,P,1.0,0.0,1.0,0.0,0.0,3.849569761753082,,2019,pit,RP
sa857700,Reilly Hovis,P,1.0,0.0,1.0,0.0,0.0,3.5254298724234108,,2019,pit,RP
14699,Jonathan Aro,P,1.0,0.0,1.0,0.0,0.0,3.1563499622046947,,2019,pit,RP
sa873758,Luis Perez,P,0.1754390001296997,0.1754000037908554,1.0,0.0,0.0,1.306730133295059,,2019,pit,SP
sa599381,Chaz Hebert,P,0.1754390001296997,0.1754000037908554,1.0,0.0,0.0,1.8190500386059285,NYY,2019,pit,SP
sa3005232,Zach Prendergast,P,0.3848769962787628,0.13089999556541443,1.0,0.0,0.0,2.4181798763573172,,2019,pit,RP
6415,Stolmy Pimentel,P,1.0,0.0,1.0,0.0,0.0,3.0344000555574895,,2019,pit,RP
10500,Preston Claiborne,P,1.0,0.0,1.0,0.0,0.0,3.1423099927604197,,2019,pit,RP
sa917323,Jose Chacin,P,0.18450899422168732,0.17350000143051147,1.0,0.0,0.0,2.0615000225603577,,2019,pit,SP
sa876131,Drew Hasler,P,0.881263017654419,0.025299999862909317,1.0,0.0,0.0,2.472160063683986,CHW,2019,pit,RP
18792,Miguel Del Pozo,P,1.0,0.0,1.0,0.0,0.0,3.1614500544965267,,2019,pit,RP
sa829731,Will Gaddis,P,0.1754390001296997,0.1754000037908554,1.0,0.0,0.0,1.2726298131048677,,2019,pit,SP
sa547829,Claudio Custodio,P/SS,1.0,0.0,1.0,0.0,0.0,3.0068998306989667,,2019,pit,RP
18820,Chris Rowley,P,1.0,0.0,1.0,0.0,0.0,3.3298201411962514,,2019,pit,RP
sa737001,Werner Leal,P,0.35106998682022095,0.13809999823570251,1.0,0.0,0.0,1.7708901971578594,,2019,pit,RP
14399,Robinson Leyer,P,1.0,0.0,1.0,0.0,0.0,3.1215401835739613,,2019,pit,RP
sa3005422,Jacob Condra-Bogan,P,1.0,0.0,1.0,0.0,0.0,3.057650009542704,WSN,2019,pit,RP
sa657149,Jaime Lugo,P,0.1754390001296997,0.1754000037908554,1.0,0.0,0.0,1.6828799873590468,,2019,pit,SP
sa3004584,Drew Strotman,P,0.1754390001296997,0.1754000037908554,1.0,0.0,0.0,1.9135299757122994,,2019,pit,SP
sa737880,Jake Zokan,P,1.0,0.0,1.0,0.0,0.0,3.0842501796782016,,2019,pit,RP
20548,Bowden Francis,P,0.19605299830436707,0.17110000550746918,1.0,0.0,0.0,1.9970701001584534,TOR,2019,pit,SP
sa857571,Andrew Schwaab,P,1.0,0.0,1.0,0.0,0.0,3.0757401995360856,,2019,pit,RP
6780,Tyler Sturdevant,P,1.0,0.0,1.0,0.0,0.0,3.0103599362075326,,2019,pit,RP
19757,Kazuhisa Makita,P,2.0,0.0,2.0,0.0,0.0,2.919970121979713,,2019,pit,RP
19281,Nick Hernandez,P,1.0,0.0,1.0,0.0,0.0,3.290850131213665,OAK,2019,pit,RP
sa857583,Michael Murray,P,0.31314000487327576,0.1460999995470047,1.0,0.0,0.0,2.0653998538851734,,2019,pit,RP
sa857604,Michael Boyle,P,1.0,0.0,1.0,0.0,0.0,3.3858699649572372,,2019,pit,RP
596,Jeremy Horst,P,0.19357900321483612,0.17159999907016754,1.0,0.0,0.0,1.833670099079609,MIL,2019,pit,SP
sa597196,Carlos Diaz,P,1.0,0.0,1.0,0.0,0.0,3.1420499883592137,,2019,pit,RP
sa835957,Enrique Chavez,P,0.23728099465370178,0.1623000055551529,1.0,0.0,0.0,1.8693999685347085,,2019,pit,SP
sa502697,Jordan Harrison,P,1.0,0.0,1.0,0.0,0.0,3.404570034146309,,2019,pit,RP
sa828972,Félix Paulino,P,0.4681580066680908,0.11320000141859055,1.0,0.0,0.0,2.059269910305738,,2019,pit,RP
16408,Victor González,P,0.21584199368953705,0.16680000722408295,1.0,0.0,0.0,2.2268100619316105,,2019,pit,SP
3507,André Rienzo,P,1.0,0.0,1.0,0.0,0.0,3.4060798600316056,,2019,pit,RP
sa738534,Matt Blandino,P,0.1952279955148697,0.1712000072002411,1.0,0.0,0.0,1.6522501118481157,,2019,pit,SP
sa737233,Algenis Martinez,P,1.0,0.0,1.0,0.0,0.0,3.0625100143253805,,2019,pit,RP
3959,David Carpenter,P,1.0,0.0,1.0,0.0,0.0,2.741580137610436,,2019,pit,RP
sa659558,Mark Peterson,P,1.0,0.0,1.0,0.0,0.0,3.0706101648509505,,2019,pit,RP
sa508753,Starling Peralta,P,0.7509819865226746,0.05299999937415123,1.0,0.0,0.0,2.695219861716032,,2019,pit,RP
sa918371,Jake Winston,P,0.5638070106506348,0.09279999881982803,1.0,0.0,0.0,2.510879979282618,,2019,pit,RP
sa3004453,Wyatt Marks,P,0.1894560009241104,0.17249999940395355,1.0,0.0,0.0,2.0297099664807328,,2019,pit,SP
23429,JP Sears,P,0.19192999601364136,0.17190000414848328,1.0,0.0,0.0,1.6435199588537222,SDP,2019,pit,SP
sa915622,Kade McClure,P,0.1754390001296997,0.1754000037908554,1.0,0.0,0.0,1.5368499323725704,,2019,pit,SP
sa514279,Miguel Mejia,P,1.0,0.0,1.0,0.0,0.0,3.132380170375109,,2019,pit,RP
sa658316,Will LaMarche,P,1.0,0.0,1.0,0.0,0.0,3.1186800800263885,,2019,pit,RP
sa550547,Esmerling De La Rosa,P,0.6454390287399292,0.07540000230073929,1.0,0.0,0.0,2.6120500974357133,,2019,pit,RP
sa325738,Rolando Valdez,P,0.1754390001296997,0.1754000037908554,1.0,0.0,0.0,1.5710600882768633,,2019,pit,SP
sa877526,Jesus Vargas,P,0.26119300723075867,0.15719999372959137,1.0,0.0,0.0,2.2143098428845414,,2019,pit,SP
10307,Roman Mendez,P,1.0,0.0,1.0,0.0,0.0,3.1977300584316253,,2019,pit,RP
19848,Darwinzon Hernández,P,1.6200000047683716,1.6200000047683716,9.234000205993652,0.0,0.0,25.362653136253364,,2019,pit,SP
19924,Bryan Hudson,P,0.1754390001296997,0.1754000037908554,1.0,0.0,0.0,1.829979903250933,NYM,2019,pit,SP
sa599580,Genison Reyes,P,1.0,0.0,1.0,0.0,0.0,3.064789904654026,BAL,2019,pit,RP
sa737947,Chris Cotton,P,1.0,0.0,1.0,0.0,0.0,2.9528802506625658,,2019,pit,RP
16537,Dusten Knight,P,1.0,0.0,1.0,0.0,0.0,3.0224598661065105,,2019,pit,RP
21690,Edward Cabrera,P,0.1754390001296997,0.1754000037908554,1.0,0.0,0.0,2.1399301134049895,CHC,2019,pit,SP
6432,Tim Stauffer,P,1.0,0.0,1.0,0.0,0.0,2.883819905668497,,2019,pit,RP
sa919234,Yeizo Campos,P,0.34200000762939453,0.14000000059604645,1.0,0.0,0.0,2.3620399281382567,,2019,pit,RP
sa875862,Michael Rivera,P,1.0,0.0,1.0,0.0,0.0,3.0594599395990376,,2019,pit,RP
sa709552,Joe Filomeno,P,1.0,0.0,1.0,0.0,0.0,3.191230230778456,,2019,pit,RP
17759,Angel Perdomo,P,0.33128100633621216,0.14229999482631683,1.0,0.0,0.0,2.5576600998640058,LAA,2019,pit,RP
sa737921,Jose Samayoa,P,0.1754390001296997,0.1754000037908554,1.0,0.0,0.0,1.7231700070202347,,2019,pit,SP
9736,Burke Badenhop,P,1.0,0.0,1.0,0.0,0.0,2.7070101492106917,,2019,pit,RP
20009,Kenny Rosenberg,P,0.24635100364685059,0.16040000319480896,1.0,0.0,0.0,2.195419815182686,,2019,pit,SP
sa3002951,Yovanny Cruz,P,0.1754390001296997,0.1754000037908554,1.0,0.0,0.0,1.8386799529194837,NYY,2019,pit,SP
sa598816,James Pugliese,P,1.0,0.0,1.0,0.0,0.0,3.0750400476157664,,2019,pit,RP
999,Aaron Thompson,P,1.0,0.0,1.0,0.0,0.0,2.9431501254439354,,2019,pit,RP
sa550551,Jhondaniel Medina,P,0.8713679909706116,0.027400000020861626,1.0,0.0,0.0,3.0777299150824553,,2019,pit,RP
sa739569,Luis Ysla,P,0.35931599140167236,0.1362999975681305,1.0,0.0,0.0,1.8619799241423611,,2019,pit,RP
sa737630,Casey Meisner,P,0.18368400633335114,0.1737000048160553,1.0,0.0,0.0,2.143269906938076,,2019,pit,SP
sa918336,Tyler Keele,P,0.36013999581336975,0.13609999418258667,1.0,0.0,0.0,2.2045798681676385,,2019,pit,RP
sa829507,Ronnie Muck,P,1.0,0.0,1.0,0.0,0.0,3.0734698794782167,,2019,pit,RP
sa829651,Cody Stull,P,1.0,0.0,1.0,0.0,0.0,3.000430150330067,,2019,pit,RP
sa873296,Resly Linares,P,0.1754390001296997,0.1754000037908554,1.0,0.0,0.0,2.033690033107996,,2019,pit,SP
sa597316,Luis Rico,P,1.0,0.0,1.0,0.0,0.0,3.152439969033003,,2019,pit,RP
sa3004106,Addison Russ,P,1.0,0.0,1.0,0.0,0.0,3.00280993655324,,2019,pit,RP
sa200086,Jonathan Castellanos,P,0.18615800142288208,0.17319999635219574,1.0,0.0,0.0,1.5476202040910718,,2019,pit,SP
8041,Glen Perkins,P,1.0,0.0,1.0,0.0,0.0,2.9806100115180016,,2019,pit,RP
sa753432,Jared Mortensen,P,1.0,0.0,1.0,0.0,0.0,3.228589937090874,,2019,pit,RP
2413,Cory Rasmus,P,0.9216669797897339,0.016699999570846558,1.0,0.0,0.0,3.2018199838697914,TBR,2019,pit,RP
6107,Huascar Brazobán,P,1.0,0.0,1.0,0.0,0.0,3.0923800028860575,NYM,2019,pit,RP
10326,Chad Jenkins,P,1.0,0.0,1.0,0.0,0.0,2.921009942144156,,2019,pit,RP
305,Carlos Zambrano,P,0.1754390001296997,0.1754000037908554,1.0,0.0,0.0,1.57141018435359,,2019,pit,SP
sa875057,Ryan Clark,P,1.0,0.0,1.0,0.0,0.0,2.9395500607788563,,2019,pit,RP
sa828326,Steven Fuentes,P,1.0,0.0,1.0,0.0,0.0,2.9020302131772047,,2019,pit,RP
sa827076,Erling Moreno,P,0.1894560009241104,0.17249999940395355,1.0,0.0,0.0,1.8311399765312677,,2019,pit,SP
2859,Ross Detwiler,P,1.0,0.0,1.0,0.0,0.0,3.0013099953532216,CIN,2019,pit,RP
22387,Josh Winckowski,P,0.1754390001296997,0.1754000037908554,1.0,0.0,0.0,1.5240600556135178,TOR,2019,pit,SP
sa3004770,Garrett Schilling,P,0.18203499913215637,0.17399999499320984,1.0,0.0,0.0,1.390240041911602,,2019,pit,SP
sa530473,Wirfin Obispo,P,1.0,0.0,1.0,0.0,0.0,3.149690055847168,,2019,pit,RP
1330,Pedro Beato,P,1.0,0.0,1.0,0.0,0.0,2.985410120338201,PHI,2019,pit,RP
sa658164,Kevin Grendell,P,0.877964973449707,0.026000000536441803,1.0,0.0,0.0,3.185200133174658,,2019,pit,RP
1902,David Aardsma,P,1.0,0.0,1.0,0.0,0.0,3.117630159109831,,2019,pit,RP
6911,Eddie Gamboa,P,1.0,0.0,1.0,0.0,0.0,3.099930090457201,,2019,pit,RP
sa840024,Nolan Riggs,P,1.0,0.0,1.0,0.0,0.0,3.5325998544692996,HOU,2019,pit,RP
14697,Severino González,P,1.0,0.0,1.0,0.0,0.0,2.9125199608504766,,2019,pit,RP
3265,Juan Gutierrez,P,1.0,0.0,1.0,0.0,0.0,3.083220013231039,,2019,pit,RP
sa502234,Mario Gonzalez,P,0.21501800417900085,0.16699999570846558,1.0,0.0,0.0,1.7109400875866414,,2019,pit,SP
sa738171,Joey Wagman,P,1.0,0.0,1.0,0.0,0.0,2.9981101274490363,,2019,pit,RP
11397,Danny Burawa,P,1.0,0.0,1.0,0.0,0.0,3.0265001699328424,,2019,pit,RP
sa832333,Jesus Linarez,P,0.2702629864215851,0.15530000627040863,1.0,0.0,0.0,1.5094501487910752,,2019,pit,SP
20430,Rony García,P,0.1754390001296997,0.1754000037908554,1.0,0.0,0.0,1.431770090013743,,2019,pit,SP
sa659000,Jackson McClelland,P,1.0,0.0,1.0,0.0,0.0,2.997689984738827,,2019,pit,RP
sa508079,Leo Medrano,P,0.1754390001296997,0.1754000037908554,1.0,0.0,0.0,1.5855499058961868,,2019,pit,SP
19865,Charlie Barnes,P,0.1754390001296997,0.1754000037908554,1.0,0.0,0.0,1.5678101077675821,CHC,2019,pit,SP
sa837843,Sven Schüller,P,1.0,0.0,1.0,0.0,0.0,3.1830600880086424,,2019,pit,RP
sa736742,Raffi Vizcaíno,P,0.1853329986333847,0.17329999804496765,1.0,0.0,0.0,2.4596101194620137,,2019,pit,SP
sa864302,Derek Gordon,P,0.5737019777297974,0.09070000052452087,1.0,0.0,0.0,2.4867899268865585,,2019,pit,RP
sa875398,Joe Zanghi,P,1.0,0.0,1.0,0.0,0.0,3.2817200601100924,,2019,pit,RP
sa3002790,Gerardo Carrillo,P,0.22985999286174774,0.1639000028371811,1.0,0.0,0.0,2.1405499905347822,ARI,2019,pit,SP
7038,Alex Torres,P,1.0,0.0,1.0,0.0,0.0,3.1600202225148677,,2019,pit,RP
sa597318,Gilberto Mendez,P,1.0,0.0,1.0,0.0,0.0,3.0083100542426116,,2019,pit,RP
sa550724,Jency Solis,P,1.0,0.0,1.0,0.0,0.0,2.980629823356867,,2019,pit,RP
sa877574,Odalvi Javier,P,0.18203499913215637,0.17399999499320984,1.0,0.0,0.0,2.075439988076687,,2019,pit,SP
22192,Hans Crouse,P,0.1754390001296997,0.1754000037908554,1.0,0.0,0.0,1.3687197744846347,BAL,2019,pit,SP
sa828552,Breiling Eusebio,P,0.1754390001296997,0.1754000037908554,1.0,0.0,0.0,1.3536097317934037,,2019,pit,SP
sa621510,Tucker Healy,P,1.0,0.0,1.0,0.0,0.0,3.180150002241135,,2019,pit,RP
7456,Jeff Marquez,P,0.1754390001296997,0.1754000037908554,1.0,0.0,0.0,1.5801400862634183,,2019,pit,SP
23150,Osvaldo Bido,P,0.1754390001296997,0.1754000037908554,1.0,0.0,0.0,1.6329399988055235,NYY,2019,pit,SP
sa918665,Sam Held,P,0.47557899355888367,0.11159999668598175,1.0,0.0,0.0,2.1317701771855355,,2019,pit,RP
sa876065,Matt Custred,P,0.9125959873199463,0.01860000006854534,1.0,0.0,0.0,2.9455900035798552,,2019,pit,RP
10044,Ashur Tolliver,P,1.0,0.0,1.0,0.0,0.0,3.0900099337100984,,2019,pit,RP
sa603201,Cesilio Pimentel,P,0.1754390001296997,0.1754000037908554,1.0,0.0,0.0,1.8865101471543313,,2019,pit,SP
sa913153,Jared Carkuff,P,1.0,0.0,1.0,0.0,0.0,3.022310086339712,,2019,pit,RP
sa3004701,Aaron Leasher,P,0.22656099498271942,0.16459999978542328,1.0,0.0,0.0,2.1925299897789956,,2019,pit,SP
7119,Dustin Antolin,P,1.0,0.0,1.0,0.0,0.0,2.907850030809641,CHW,2019,pit,RP
sa658824,Bryan Bonnell,P,1.0,0.0,1.0,0.0,0.0,2.903339886665344,,2019,pit,RP
sa829277,Matthew Crownover,P,0.19852599501609802,0.1704999953508377,1.0,0.0,0.0,1.8146998859941958,,2019,pit,SP
sa579619,Chris Jensen,P,0.37415799498558044,0.133200004696846,1.0,0.0,0.0,2.1105698339641097,,2019,pit,RP
sa875272,Logan Sendelbach,P,0.736965000629425,0.0560000017285347,1.0,0.0,0.0,2.5817801810801027,,2019,pit,RP
sa503669,Jake Johansen,P,1.0,0.0,1.0,0.0,0.0,2.943130173534155,,2019,pit,RP
sa874754,Nathan Kirby,P,0.3609650135040283,0.13600000739097595,1.0,0.0,0.0,2.4117300972342495,,2019,pit,RP
15126,Tyler Danish,P,1.0,0.0,1.0,0.0,0.0,2.830150030553341,,2019,pit,RP
sa875283,Logan Cozart,P,1.0,0.0,1.0,0.0,0.0,2.7330302439630025,,2019,pit,RP
sa559797,Jorge Marban,P,1.0,0.0,1.0,0.0,0.0,3.0153598979115492,,2019,pit,RP
sa829414,Justin Brantley,P,0.45166701078414917,0.11670000106096268,1.0,0.0,0.0,2.350000040233135,,2019,pit,RP
21894,Gregory Santos,P,0.1754390001296997,0.1754000037908554,1.0,0.0,0.0,2.166760069131851,SFG,2019,pit,SP
sa918190,Spencer Jones,P,0.7814909815788269,0.04650000110268593,1.0,0.0,0.0,2.841010106354952,,2019,pit,RP
21741,Javier Assad,P,0.19110499322414398,0.1720999926328659,1.0,0.0,0.0,1.8461998239159585,CHC,2019,pit,SP
sa657308,Jose Paulino,P,0.4937190115451813,0.10769999772310257,1.0,0.0,0.0,2.171020192652941,,2019,pit,RP
sa738309,Dylan Rheault,P,1.0,0.0,1.0,0.0,0.0,2.9334302574396136,,2019,pit,RP
sa549950,Conor Fisk,P,0.9109470248222351,0.01889999955892563,1.0,0.0,0.0,2.731470182538032,,2019,pit,RP
sa737438,Trey Ball,P,0.8911579847335815,0.02319999970495701,1.0,0.0,0.0,2.846160151064396,,2019,pit,RP
18554,Enmanuel De Jesus,P,0.22408799827098846,0.16509999334812164,1.0,0.0,0.0,1.887380182743073,DET,2019,pit,SP
sa834330,Michael Velasquez,P,0.32303500175476074,0.14399999380111694,1.0,0.0,0.0,1.9423500679433348,TBR,2019,pit,RP
sa829445,Jason Hoppe,P,0.5415440201759338,0.09749999642372131,1.0,0.0,0.0,2.2116800494492055,LAA,2019,pit,RP
12756,Jake Esch,P,1.0,0.0,1.0,0.0,0.0,2.8434600651264197,,2019,pit,RP
sa878421,Leovanny Rodriguez,P,0.20512300729751587,0.16910000145435333,1.0,0.0,0.0,1.8151200227439404,,2019,pit,SP
sa875269,Darin Gillies,P,1.0,0.0,1.0,0.0,0.0,3.0298799276351933,,2019,pit,RP
sa657516,Aneury Olivo,P,0.31231600046157837,0.14630000293254852,1.0,0.0,0.0,2.015129852294922,NYM,2019,pit,RP
sa917999,Dauris Valdez,P,1.0,0.0,1.0,0.0,0.0,3.387290029227734,,2019,pit,RP
sa827336,Colin Welmon,P,0.1754390001296997,0.1754000037908554,1.0,0.0,0.0,1.288870124518871,,2019,pit,SP
9303,Dylan Axelrod,P,1.0,0.0,1.0,0.0,0.0,2.889699986577034,,2019,pit,RP
sa735860,Alexis Rivero,P,0.6973860263824463,0.06440000236034393,1.0,0.0,0.0,2.561709817498923,,2019,pit,RP
11509,Brandon Cunniff,P,1.0,0.0,1.0,0.0,0.0,3.06071003228426,,2019,pit,RP
sa875197,Craig Brooks,P,1.0,0.0,1.0,0.0,0.0,3.4155801184475423,,2019,pit,RP
19274,Jacob Webb,P,15.0,0.0,15.0,0.0,0.824999988079071,64.41140010356904,CHC,2019,pit,RP
sa739255,Angel Mejia,P,0.28098198771476746,0.15299999713897705,1.0,0.0,0.0,1.8444799683988098,,2019,pit,SP
16610,J.P. Feyereisen,P,1.0,0.0,1.0,0.0,0.0,2.97759006395936,LAD,2019,pit,RP
sa919377,Bryan Valdez,P,0.6264740228652954,0.0794999971985817,1.0,0.0,0.0,2.655479806661606,,2019,pit,RP
sa195168,Francisco Campos,P,0.20677199959754944,0.1687999963760376,1.0,0.0,0.0,1.6139100626111031,,2019,pit,SP
21111,Miguel Yajure,P,0.1754390001296997,0.1754000037908554,1.0,0.0,0.0,1.3623100131750108,,2019,pit,SP
4089,James Russell,P,1.0,0.0,1.0,0.0,0.0,2.8965199269354343,,2019,pit,RP
sa918643,Mike O'Reilly,P,0.3865259885787964,0.13050000369548798,1.0,0.0,0.0,2.4186600200831885,,2019,pit,RP
9926,Bobby Parnell,P,1.0,0.0,1.0,0.0,0.0,2.9289500236511237,,2019,pit,RP
sa598306,Aaron Brown,P/OF,1.0,0.0,1.0,0.0,0.0,2.990240154415369,,2019,pit,RP
21023,Adrián Martinez,P,0.2982980012893677,0.1492999941110611,1.0,0.0,0.0,2.1805802397429948,,2019,pit,SP
sa597867,Corey Williams,P,1.0,0.0,1.0,0.0,0.0,3.087170155346394,,2019,pit,RP
sa549801,Kirby Bellow,P,1.0,0.0,1.0,0.0,0.0,3.1037400238215924,,2019,pit,RP
sa918386,Matt Frawley,P,0.9125959873199463,0.01860000006854534,1.0,0.0,0.0,2.7360401295125487,NYY,2019,pit,RP
sa945471,Cameron Mingo,P,0.2727369964122772,0.15469999611377716,1.0,0.0,0.0,1.7194799192249772,CLE,2019,pit,SP
sa3004657,Tony Dibrell,P,0.1754390001296997,0.1754000037908554,1.0,0.0,0.0,2.0645700000226506,,2019,pit,SP
sa658401,Hunter Adkins,P,0.5209299921989441,0.10189999639987946,1.0,0.0,0.0,2.3643001221120366,,2019,pit,RP
sa550328,Kenneth Sigman,P,0.36591199040412903,0.13490000367164612,1.0,0.0,0.0,1.9478700555861002,,2019,pit,RP
20385,Isaac Mattson,P,0.5225790143013,0.10159999877214432,1.0,0.0,0.0,2.159399996697903,PIT,2019,pit,RP
sa923379,Jeffri Ocando,P,0.1754390001296997,0.1754000037908554,1.0,0.0,0.0,1.1587101444602013,COL,2019,pit,SP
sa738717,Caleb Simpson,P,1.0,0.0,1.0,0.0,0.0,3.685820025205613,,2019,pit,RP
sa503777,Tim Berry,P,1.0,0.0,1.0,0.0,0.0,3.068859989941121,,2019,pit,RP
sa829156,Kelly Secrest,P,1.0,0.0,1.0,0.0,0.0,3.129660082608462,,2019,pit,RP
11681,Jose Campos,P,1.0,0.0,1.0,0.0,0.0,2.9345399469137194,,2019,pit,RP
sa829140,Mike Franco,P,0.905174970626831,0.02019999921321869,1.0,0.0,0.0,3.215879984945059,,2019,pit,RP
4530,Mitch Harris,P,1.0,0.0,1.0,0.0,0.0,2.908930218964815,,2019,pit,RP
sa857665,Brock Hartson,P,0.2084210067987442,0.16840000450611115,1.0,0.0,0.0,1.5957999028265477,,2019,pit,SP
sa550011,Tyler Bremer,P,1.0,0.0,1.0,0.0,0.0,3.014200001955033,,2019,pit,RP
sa549259,Austin Fleet,P,0.7303680181503296,0.05739999935030937,1.0,0.0,0.0,2.6795101761817937,,2019,pit,RP
sa455460,Austin Wright,P,1.0,0.0,1.0,0.0,0.0,3.0884300924837595,,2019,pit,RP
sa918000,Mark Ecker,P,1.0,0.0,1.0,0.0,0.0,2.7839598037302493,DET,2019,pit,RP
3196,Chris Young,P,0.8169469833374023,0.03889999911189079,1.0,0.0,0.0,2.8438499897718432,,2019,pit,RP
16279,Sam Clay,P,0.8911579847335815,0.02319999970495701,1.0,0.0,0.0,2.8333200424909597,,2019,pit,RP
23809,Ray Kerr,P,0.1754390001296997,0.1754000037908554,1.0,0.0,0.0,1.5492998749017723,ATL,2019,pit,SP
sa829880,Starlyn Suriel,P,1.0,0.0,1.0,0.0,0.0,3.0655501164495944,,2019,pit,RP
sa875768,Kyle Wilson,P,0.1754390001296997,0.1754000037908554,1.0,0.0,0.0,1.894759888201952,,2019,pit,SP
sa739598,Daniel McGrath,P,0.41126298904418945,0.12530000507831573,1.0,0.0,0.0,2.3315899841487404,,2019,pit,RP
3243,Angel Castro,P,1.0,0.0,1.0,0.0,0.0,2.8414601422846317,,2019,pit,RP
9309,Buddy Baumann,P,1.0,0.0,1.0,0.0,0.0,3.197309920936823,,2019,pit,RP
15816,Devin Williams,P,0.1754390001296997,0.1754000037908554,1.0,0.0,0.0,1.9786300584673886,NYM,2019,pit,SP
sa602878,David Schmidt,P,1.0,0.0,1.0,0.0,0.0,2.9507799841463567,HOU,2019,pit,RP
sa918361,Devan Watts,P,1.0,0.0,1.0,0.0,0.0,3.036409860849381,,2019,pit,RP
sa875831,Corey Copping,P,1.0,0.0,1.0,0.0,0.0,2.9899098314344887,,2019,pit,RP
sa3002745,Jon Malmin,P,0.8144739866256714,0.039500001817941666,1.0,0.0,0.0,2.813369992375374,LAA,2019,pit,RP
sa872546,Jorge Tavarez,P,0.906000018119812,0.019999999552965164,1.0,0.0,0.0,2.7288698755204677,,2019,pit,RP
sa507037,Antonio Guzman,P,0.41126298904418945,0.12530000507831573,1.0,0.0,0.0,2.194700127840042,,2019,pit,RP
sa739879,Estarlin Arias,P,1.0,0.0,1.0,0.0,0.0,3.050009866803885,,2019,pit,RP
sa877346,Adrian Rodriguez,P,0.1754390001296997,0.1754000037908554,1.0,0.0,0.0,1.4122799865901468,,2019,pit,SP
2141,Chris Narveson,P,1.0,0.0,1.0,0.0,0.0,2.9581398971378805,,2019,pit,RP
sa737056,Daniel Gonzalez,P,0.37910500168800354,0.13210000097751617,1.0,0.0,0.0,2.11434984356165,,2019,pit,RP
sa915638,Alex Troop,P,0.22656099498271942,0.16459999978542328,1.0,0.0,0.0,1.735219885408878,,2019,pit,SP
sa915633,Brian Shaffer,P,0.18286000192165375,0.17389999330043793,1.0,0.0,0.0,1.856309845298529,,2019,pit,SP
sa945470,Alsis Herrera,P,1.0,0.0,1.0,0.0,0.0,2.9730100929737096,,2019,pit,RP
5960,Wesley Wright,P,1.0,0.0,1.0,0.0,0.0,2.858989795297384,,2019,pit,RP
20227,Jake Walsh,P,0.18286000192165375,0.17389999330043793,1.0,0.0,0.0,2.007429909706116,,2019,pit,SP
sa918908,Justin Kelly,P,1.0,0.0,1.0,0.0,0.0,3.340329988300801,,2019,pit,RP
4004,Josh Outman,P,1.0,0.0,1.0,0.0,0.0,2.6612299233675003,WSN,2019,pit,RP
6475,Kevin Jepsen,P,1.0,0.0,1.0,0.0,0.0,3.013560201227665,,2019,pit,RP
sa875356,Matt Bower,P,1.0,0.0,1.0,0.0,0.0,2.8425101511180406,,2019,pit,RP
sa857564,Drake Owenby,P,0.27521100640296936,0.1542000025510788,1.0,0.0,0.0,2.1842799872159957,,2019,pit,SP
sa875679,Tyler Brashears,P,0.32221099734306335,0.14419999718666077,1.0,0.0,0.0,2.186540095508099,TBR,2019,pit,RP
sa738242,Brett McKinney,P,1.0,0.0,1.0,0.0,0.0,3.1151401713490494,,2019,pit,RP
sa828812,Carlos Acevedo,P,0.6017370223999023,0.08470000326633453,1.0,0.0,0.0,2.298409943282604,,2019,pit,RP
sa657275,Frederis Parra,P,0.1754390001296997,0.1754000037908554,1.0,0.0,0.0,1.1038499638438224,,2019,pit,SP
sa829036,Dylan Craig,P,0.23315800726413727,0.1632000058889389,1.0,0.0,0.0,1.725000040233136,,2019,pit,SP
sa3004823,Jakob Hernandez,P,1.0,0.0,1.0,0.0,0.0,3.0335601203143594,,2019,pit,RP
5231,Vin Mazzaro,P,1.0,0.0,1.0,0.0,0.0,2.8364499874413016,,2019,pit,RP
15859,Stephen Tarpley,P,35.0,0.0,35.0,0.0,3.321199893951416,142.22800471782682,,2019,pit,RP
15203,Tyler Bashlor,P,10.0,0.0,10.0,0.0,0.7685999870300293,41.54819942116737,MIN,2019,pit,RP
sa738692,Lukas Schiraldi,P,1.0,0.0,1.0,0.0,0.0,3.518329966068268,,2019,pit,RP
sa918262,Matthew Gorst,P,1.0,0.0,1.0,0.0,0.0,2.9343600124120712,,2019,pit,RP
22036,Angel Rondón,P,0.1754390001296997,0.1754000037908554,1.0,0.0,0.0,1.8958599455654621,,2019,pit,SP
11827,Steve Delabar,P,1.0,0.0,1.0,0.0,0.0,3.083440074324608,,2019,pit,RP
8402,Steve Geltz,P,1.0,0.0,1.0,0.0,0.0,3.1069900877773757,,2019,pit,RP
sa828698,Grant Hockin,P,0.1754390001296997,0.1754000037908554,1.0,0.0,0.0,1.5289900340139861,,2019,pit,SP
14241,Austin Maddox,P,1.0,0.0,1.0,0.0,0.0,3.0812499985098847,,2019,pit,RP
sa737945,Ty Boyles,P,0.47145599126815796,0.11249999701976776,1.0,0.0,0.0,1.993309874087572,,2019,pit,RP
sa918674,Grant Gavin,P,1.0,0.0,1.0,0.0,0.0,3.1508500114083295,,2019,pit,RP
sa549768,Bryan Harper,P,1.0,0.0,1.0,0.0,0.0,3.027290052175522,,2019,pit,RP
sa455650,Javier Solano,P,0.1754390001296997,0.1754000037908554,1.0,0.0,0.0,1.515460039675236,,2019,pit,SP
20329,Andre Scrubb,P,1.0,0.0,1.0,0.0,0.0,3.412870016694069,NYM,2019,pit,RP
18135,Chance Adams,P,1.6200000047683716,1.6200000047683716,9.206339836120605,0.0,0.0,23.36162531375885,,2019,pit,SP
12165,Matt Stites,P,1.0,0.0,1.0,0.0,0.0,2.9212799526751048,,2019,pit,RP
sa829390,Landon Beck,P,1.0,0.0,1.0,0.0,0.0,3.2108200170099734,STL,2019,pit,RP
13560,Alec Asher,P,1.0,0.0,1.0,0.0,0.0,2.5414200596511365,,2019,pit,RP
sa829472,Gary Cornish,P,0.20677199959754944,0.1687999963760376,1.0,0.0,0.0,1.6831999927759171,,2019,pit,SP
sa829456,Zach Hirsch,P,0.8284909725189209,0.0364999994635582,1.0,0.0,0.0,2.6538598634302617,,2019,pit,RP
7312,Josh Collmenter,P,1.0,0.0,1.0,0.0,0.0,2.8149598360061643,,2019,pit,RP
sa829132,Max Schuh,P,1.0,0.0,1.0,0.0,0.0,3.039959928393364,,2019,pit,RP
sa3002801,Elias Espino,P,0.2702629864215851,0.15530000627040863,1.0,0.0,0.0,1.7144998893141752,SEA,2019,pit,SP
sa829157,Matt Hockenberry,P,1.0,0.0,1.0,0.0,0.0,2.956869975477457,,2019,pit,RP
sa828791,Nick Wells,P,0.1754390001296997,0.1754000037908554,1.0,0.0,0.0,1.5412899263203141,,2019,pit,SP
sa509258,Jorge Ibarra,P,1.0,0.0,1.0,0.0,0.0,2.8968199647963053,,2019,pit,RP
21850,Mason Thompson,P,0.19192999601364136,0.17190000414848328,1.0,0.0,0.0,1.9726699754595756,TEX,2019,pit,SP
sa602699,Phil Pfeifer,P,0.906000018119812,0.019999999552965164,1.0,0.0,0.0,3.2919699363410477,,2019,pit,RP
sa508092,Marco Tovar,P,0.1754390001296997,0.1754000037908554,1.0,0.0,0.0,1.5325797662138942,,2019,pit,SP
263,Daniel McCutchen,P,1.0,0.0,1.0,0.0,0.0,2.723200090974569,,2019,pit,RP
sa377670,Oscar Rivera,P,0.1754390001296997,0.1754000037908554,1.0,0.0,0.0,1.5268599770963198,,2019,pit,SP
sa504008,Alejandro Martinez,P,0.21501800417900085,0.16699999570846558,1.0,0.0,0.0,1.6335500366985802,,2019,pit,SP
sa543875,Cesar Carrillo,P,0.33128100633621216,0.14229999482631683,1.0,0.0,0.0,1.8644999355077747,,2019,pit,RP
13427,Pat Light,P,1.0,0.0,1.0,0.0,0.0,2.966959968954325,,2019,pit,RP
sa737037,Oscar De La Cruz,P,5.0,0.0,5.0,0.0,0.8058000206947327,21.968719959259033,,2019,pit,RP
10261,Alexi Ogando,P,1.0,0.0,1.0,0.0,0.0,3.0769600242376325,,2019,pit,RP
sa738140,Alex Schick,P,0.1754390001296997,0.1754000037908554,1.0,0.0,0.0,1.434330177307129,MIN,2019,pit,SP
sa598187,Fernando Perez,P,0.9027019739151001,0.02070000022649765,1.0,0.0,0.0,2.5148898877203463,,2019,pit,RP
sa876355,Scott Grist,P,0.7707719802856445,0.04879999905824661,1.0,0.0,0.0,2.4759801156818866,,2019,pit,RP
sa919545,Aron McRee,P,1.0,0.0,1.0,0.0,0.0,2.7629798203706746,,2019,pit,RP
sa602541,Joey Maher,P,0.6009119749069214,0.08489999920129776,1.0,0.0,0.0,2.381440146267414,,2019,pit,RP
22713,Carlos Hernández,P,0.1754390001296997,0.1754000037908554,1.0,0.0,0.0,1.7412601575255389,CLE,2019,pit,SP
sa542183,Angel Araiza,P,0.2785089910030365,0.1535000056028366,1.0,0.0,0.0,1.782229918986559,,2019,pit,SP
12905,Logan Verrett,P,1.0,0.0,1.0,0.0,0.0,2.8436001099646093,,2019,pit,RP
sa917752,Jaison Vilera,P,0.1754390001296997,0.1754000037908554,1.0,0.0,0.0,1.8707698114216331,,2019,pit,SP
sa3001056,Diosdany Castillo,P,0.3716840147972107,0.13369999825954437,1.0,0.0,0.0,1.945340164005756,,2019,pit,RP
sa917997,Sam Perez,P,0.1952279955148697,0.1712000072002411,1.0,0.0,0.0,1.5974500373005869,,2019,pit,SP
20962,Elvin Rodríguez,P,0.1754390001296997,0.1754000037908554,1.0,0.0,0.0,1.2872598543763165,,2019,pit,SP
sa254802,Sergio Valenzuela,P,0.47145599126815796,0.11249999701976776,1.0,0.0,0.0,1.9368601471185691,,2019,pit,RP
sa873262,Zac Ryan,P,1.0,0.0,1.0,0.0,0.0,2.8935701064765458,,2019,pit,RP
sa828141,Carlos Hiraldo,P,0.5778250098228455,0.08980000019073486,1.0,0.0,0.0,2.433939847350121,HOU,2019,pit,RP
sa921581,Matt Pobereyko,P,1.0,0.0,1.0,0.0,0.0,3.0831600420176986,,2019,pit,RP
21866,Jordan Balazovic,P,0.1902810037136078,0.17229999601840973,1.0,0.0,0.0,1.5413997814059255,,2019,pit,SP
sa737019,Miguel Urena,P,1.0,0.0,1.0,0.0,0.0,2.9339400410652168,LAD,2019,pit,RP
sa829565,Turner Larkins,P,0.22656099498271942,0.16459999978542328,1.0,0.0,0.0,1.5443502455949787,,2019,pit,SP
sa832269,Hildemaro Requena,P,0.2636669874191284,0.156700000166893,1.0,0.0,0.0,1.6550200544297695,,2019,pit,SP
6688,Francisco Rodriguez,P,0.1754390001296997,0.1754000037908554,1.0,0.0,0.0,1.4282001055777074,,2019,pit,SP
16877,Greg Mahle,P,1.0,0.0,1.0,0.0,0.0,2.720670003443957,,2019,pit,RP
sa3004801,Walter Borkovich,P,0.618228018283844,0.0812000036239624,1.0,0.0,0.0,2.5291600354015826,,2019,pit,RP
sa577799,Will Lamb,P,0.7617020010948181,0.050700001418590546,1.0,0.0,0.0,2.4470800116658213,DET,2019,pit,RP
sa828333,Erick Julio,P,0.4425959885120392,0.11860000342130661,1.0,0.0,0.0,1.7432198107242587,,2019,pit,RP
sa918756,Jordan Jess,P,1.0,0.0,1.0,0.0,0.0,2.841709934175015,,2019,pit,RP
sa738347,Matthew DeRosier,P,0.21913999319076538,0.16609999537467957,1.0,0.0,0.0,1.7542200461030002,,2019,pit,SP
sa3004197,Dylan File,P,0.1754390001296997,0.1754000037908554,1.0,0.0,0.0,1.7486202053725717,DET,2019,pit,SP
sa918200,Matt Anderson,P,0.3428249955177307,0.13979999721050262,1.0,0.0,0.0,2.0722199521958835,PIT,2019,pit,RP
10528,Drew Hayes,P,1.0,0.0,1.0,0.0,0.0,2.8319998741149908,,2019,pit,RP
19444,Yohan Ramírez,P,0.44919300079345703,0.11720000207424164,1.0,0.0,0.0,2.2935199603438376,PIT,2019,pit,RP
sa915688,Tyler Johnson,P,1.0,0.0,1.0,0.0,0.0,2.870600119233132,,2019,pit,RP
18454,Trevor Kelley,P,1.0,0.0,1.0,0.0,0.0,2.89905997812748,,2019,pit,RP
sa3007200,Chance Kirby,P,0.2232629954814911,0.16529999673366547,1.0,0.0,0.0,1.3523799113929273,,2019,pit,SP
sa597825,Bryan Brickhouse,P,1.0,0.0,1.0,0.0,0.0,3.131369946151972,,2019,pit,RP
sa3005415,Carlos Sano,P,0.3024210035800934,0.14839999377727509,1.0,0.0,0.0,2.503929880261421,,2019,pit,RP
12669,Guido Knudson,P,1.0,0.0,1.0,0.0,0.0,2.9749600298702714,,2019,pit,RP
21761,José Marte,P,0.1754390001296997,0.1754000037908554,1.0,0.0,0.0,2.1424299925565724,NYM,2019,pit,SP
10770,Tyler Cravy,P,0.8251929879188538,0.03720000013709068,1.0,0.0,0.0,2.699650150537491,,2019,pit,RP
sa597220,Helmis Rodriguez,P,0.5316489934921265,0.09960000216960907,1.0,0.0,0.0,2.1892001144587994,,2019,pit,RP
sa875865,Xavier Altamirano,P,0.1754390001296997,0.1754000037908554,1.0,0.0,0.0,1.6253701277077206,,2019,pit,SP
sa547921,Aldo Montes,P,0.1754390001296997,0.1754000037908554,1.0,0.0,0.0,1.490000034868717,,2019,pit,SP
sa918384,Danny Beddes,P,0.20182499289512634,0.16979999840259552,1.0,0.0,0.0,1.6280900321900842,,2019,pit,SP
sa456039,Trey Haley,P,1.0,0.0,1.0,0.0,0.0,2.515730075538159,BAL,2019,pit,RP
sa3004193,Colton Laws,P,0.20677199959754944,0.1687999963760376,1.0,0.0,0.0,1.4279698975384236,,2019,pit,SP
sa873153,Juan De Paula,P,0.19192999601364136,0.17190000414848328,1.0,0.0,0.0,2.2359797947108744,,2019,pit,SP
sa549965,Kramer Sneed,P,0.18368400633335114,0.1737000048160553,1.0,0.0,0.0,1.5897000811994073,,2019,pit,SP
16318,Ricardo Pinto,P,1.0,0.0,1.0,0.0,0.0,2.9910898424685004,,2019,pit,RP
sa918013,Tyler Mondile,P,0.1754390001296997,0.1754000037908554,1.0,0.0,0.0,1.4631199210882189,,2019,pit,SP
sa829177,Chris Pike,P,0.21666699647903442,0.16670000553131104,1.0,0.0,0.0,1.830620104074478,TBR,2019,pit,SP
sa915861,Wills Montgomerie,P,0.29005300998687744,0.15109999477863312,1.0,0.0,0.0,2.3081100098788743,,2019,pit,SP
20312,Alec Bettinger,P,0.1894560009241104,0.17249999940395355,1.0,0.0,0.0,1.8725599676370623,,2019,pit,SP
sa3001052,Derrick Miramontes,P,0.7452110052108765,0.05420000106096268,1.0,0.0,0.0,2.442029894143343,,2019,pit,RP
7758,Bobby LaFromboise,P,1.0,0.0,1.0,0.0,0.0,2.7937101028859614,,2019,pit,RP
sa597214,Gaby Almonte,P,0.1754390001296997,0.1754000037908554,1.0,0.0,0.0,1.3926700413227082,,2019,pit,SP
sa701548,Willy Ortiz,P,0.21996499598026276,0.16599999368190765,1.0,0.0,0.0,1.5644898593425758,,2019,pit,SP
sa916715,Albinson Volquez,P,0.18863199651241302,0.17260000109672546,1.0,0.0,0.0,1.833050249516964,ATL,2019,pit,SP
sa548270,Cody Buckel,P,1.0,0.0,1.0,0.0,0.0,2.9816000804305083,,2019,pit,RP
sa875632,Chris Comito,P,0.2982980012893677,0.1492999941110611,1.0,0.0,0.0,1.67663987800479,CHW,2019,pit,SP
sa506892,Juan Paniagua,P,1.0,0.0,1.0,0.0,0.0,2.9606801100075244,,2019,pit,RP
2091,Francisco Del Rosario,P,0.3857020139694214,0.1307000070810318,1.0,0.0,0.0,2.0569100394845017,,2019,pit,RP
sa602390,Jake Ehret,P,1.0,0.0,1.0,0.0,0.0,2.9273398183286194,,2019,pit,RP
12791,Michael Kelly,P,0.5159819722175598,0.10300000011920929,1.0,0.0,0.0,2.4457401148974895,OAK,2019,pit,RP
sa738905,Tyler Kane,P,0.1754390001296997,0.1754000037908554,1.0,0.0,0.0,1.4312200717628007,,2019,pit,SP
sa738946,Parker Bugg,P,0.899403989315033,0.021400000900030136,1.0,0.0,0.0,3.2016500778496266,,2019,pit,RP
sa879448,Wilmer Torres,P,1.0,0.0,1.0,0.0,0.0,3.0059098295867446,,2019,pit,RP
sa872713,J.D. Busfield,P,0.4096139967441559,0.12559999525547028,1.0,0.0,0.0,1.880980132520199,,2019,pit,RP
sa829022,Jared Robinson,P,1.0,0.0,1.0,0.0,0.0,2.786730016767979,ATL,2019,pit,RP
sa602422,Jared Ruxer,P,1.0,0.0,1.0,0.0,0.0,2.826930049061776,,2019,pit,RP
sa738247,Sebastian Kessay,P,0.31314000487327576,0.1460999995470047,1.0,0.0,0.0,2.030400224030018,,2019,pit,RP
14093,Michael Ynoa,P,1.0,0.0,1.0,0.0,0.0,3.0442600101232533,,2019,pit,RP
2173,Fernando Nieve,P,1.0,0.0,1.0,0.0,0.0,2.931339717656374,LAA,2019,pit,RP
sa738318,Ian McKinney,P,0.9224910140037537,0.016499999910593033,1.0,0.0,0.0,2.861559955775738,,2019,pit,RP
sa873281,Brandon Miller,P,0.2702629864215851,0.15530000627040863,1.0,0.0,0.0,1.7086899437010286,,2019,pit,SP
sa872723,Danny Garcia,P,0.4425959885120392,0.11860000342130661,1.0,0.0,0.0,1.9557699680328366,,2019,pit,RP
sa3004571,Kyle Johnston,P,0.29005300998687744,0.15109999477863312,1.0,0.0,0.0,1.8533099934458739,,2019,pit,SP
sa830462,Hansel Rodriguez,P,0.8606489896774292,0.029600000008940697,1.0,0.0,0.0,2.9932799354195594,,2019,pit,RP
sa737092,Yonardo Herdenez,P,0.8425089716911316,0.03350000083446503,1.0,0.0,0.0,2.551840253174305,TOR,2019,pit,RP
17606,Cristian Javier,P,0.2364560067653656,0.16249999403953552,1.0,0.0,0.0,2.078470010310412,HOU,2019,pit,SP
sa828688,Matt Imhof,P,0.25789499282836914,0.15790000557899475,1.0,0.0,0.0,1.8058202758431436,,2019,pit,SP
sa3004664,Ryan Dease,P,0.1894560009241104,0.17249999940395355,1.0,0.0,0.0,1.0548399478197097,TEX,2019,pit,SP
20348,Riley O'Brien,P,0.3164390027523041,0.1454000025987625,1.0,0.0,0.0,2.203419977426529,STL,2019,pit,RP
14379,Jake Smith,P,1.0,0.0,1.0,0.0,0.0,2.984789928048849,,2019,pit,RP
sa657940,Colin Rodgers,P,0.3485960066318512,0.13860000669956207,1.0,0.0,0.0,1.887960030883551,,2019,pit,RP
sa872825,Roniel Raudes,P,0.1754390001296997,0.1754000037908554,1.0,0.0,0.0,1.5656599037349221,,2019,pit,SP
sa917387,Juan Mota,P,0.1754390001296997,0.1754000037908554,1.0,0.0,0.0,1.4170801252126695,,2019,pit,SP
sa728943,Juan Grijalva,P,0.1754390001296997,0.1754000037908554,1.0,0.0,0.0,1.5410400480031972,,2019,pit,SP
sa254785,Francisco Cordova,P,0.1754390001296997,0.1754000037908554,1.0,0.0,0.0,1.3637401312589645,,2019,pit,SP
sa829470,Argenis Angulo,P,1.0,0.0,1.0,0.0,0.0,2.99464001134038,,2019,pit,RP
sa737091,Dalton Rodriguez,P,1.0,0.0,1.0,0.0,0.0,2.775869873166085,,2019,pit,RP
sa737077,Rafael Pujols,P,1.0,0.0,1.0,0.0,0.0,2.9759799607098105,,2019,pit,RP
19682,Jordan Sheffield,P,0.3197369873523712,0.14470000565052032,1.0,0.0,0.0,2.336089888960123,,2019,pit,RP
17359,Josh Taylor,P,10.0,0.0,10.0,0.0,0.7706000208854675,39.296619814634326,,2019,pit,RP
sa918846,Mark Zimmerman,P,1.0,0.0,1.0,0.0,0.0,3.127610013633966,,2019,pit,RP
sa548289,Matthew Grimes,P,0.5514389872550964,0.09539999812841415,1.0,0.0,0.0,1.7226200230419635,,2019,pit,RP
17682,Ralph Garza Jr.,P,1.0,0.0,1.0,0.0,0.0,3.0117998771369456,,2019,pit,RP
sa3006806,Taylor Varnell,P,0.1754390001296997,0.1754000037908554,1.0,0.0,0.0,1.3176499336957925,,2019,pit,SP
sa738995,Chris Viall,P,0.1754390001296997,0.1754000037908554,1.0,0.0,0.0,2.0184898667037485,,2019,pit,SP
sa738934,Blake McKnight,P,0.852403998374939,0.03139999881386757,1.0,0.0,0.0,2.5269597910344603,,2019,pit,RP
14416,Yunior Marte,P,1.0,0.0,1.0,0.0,0.0,3.070279940217734,CIN,2019,pit,RP
21324,Parker Mushinski,P,0.3403509855270386,0.1404000073671341,1.0,0.0,0.0,2.088829837739468,COL,2019,pit,RP
sa658332,Shane Dawson,P,0.2504740059375763,0.15950000286102295,1.0,0.0,0.0,1.6431697733700283,TOR,2019,pit,SP
sa829473,Parker French,P,0.4409469962120056,0.11890000104904175,1.0,0.0,0.0,1.9363501071929936,,2019,pit,RP
sa971762,Tom de Blok,P,0.1754390001296997,0.1754000037908554,1.0,0.0,0.0,1.1580701716244222,,2019,pit,SP
5861,Jason Motte,P,1.0,0.0,1.0,0.0,0.0,2.7962901093065735,,2019,pit,RP
sa602813,Mark Reyes,P,0.22821100056171417,0.16419999301433563,1.0,0.0,0.0,2.231230037659407,SFG,2019,pit,SP
20132,Adam Oller,P,0.616578996181488,0.08160000294446945,1.0,0.0,0.0,2.30409996137023,MIA,2019,pit,RP
sa875843,Marcus Crescentini,P,1.0,0.0,1.0,0.0,0.0,3.0462300777435307,,2019,pit,RP
sa827345,Trey Killian,P,0.1754390001296997,0.1754000037908554,1.0,0.0,0.0,1.5171297751367097,,2019,pit,SP
sa658087,Adrian Almeida,P,1.0,0.0,1.0,0.0,0.0,2.943109923601151,,2019,pit,RP
sa829666,Zach Lewis,P,0.29087701439857483,0.1509000062942505,1.0,0.0,0.0,1.569850025326014,CHW,2019,pit,SP
5876,Gonzalez Germen,P,1.0,0.0,1.0,0.0,0.0,2.693899801373482,,2019,pit,RP
sa873263,Hunter Schryver,P,0.9398069977760315,0.012799999676644802,1.0,0.0,0.0,2.5875501193106176,,2019,pit,RP
21025,Oliver Ortega,P,0.18450899422168732,0.17350000143051147,1.0,0.0,0.0,1.4917999953031535,,2019,pit,SP
sa827443,Johnathan Frebis,P,0.20100000500679016,0.17000000178813934,1.0,0.0,0.0,1.2038102783262734,CHW,2019,pit,SP
sa657941,Ryan McNeil,P,1.0,0.0,1.0,0.0,0.0,2.9961499318480493,,2019,pit,RP
sa920319,Sean Stutzman,P,1.0,0.0,1.0,0.0,0.0,2.916490142047406,,2019,pit,RP
2851,Jake Brigham,P,1.0,0.0,1.0,0.0,0.0,2.3921399973332886,DET,2019,pit,RP
13796,Tyler Wagner,P,1.0,0.0,1.0,0.0,0.0,2.7158301621675496,,2019,pit,RP
4685,Ramon Troncoso,P,1.0,0.0,1.0,0.0,0.0,2.758810018002987,,2019,pit,RP
sa829337,Steven Farnworth,P,0.7674739956855774,0.0494999997317791,1.0,0.0,0.0,2.708819996565581,,2019,pit,RP
8258,Huston Street,P,1.0,0.0,1.0,0.0,0.0,2.7913602091372014,,2019,pit,RP
22207,DL Hall,P,0.19192999601364136,0.17190000414848328,1.0,0.0,0.0,1.194180002808571,MIL,2019,pit,SP
sa3004217,Orlando Razo,P,0.1754390001296997,0.1754000037908554,1.0,0.0,0.0,1.4010800570249557,,2019,pit,SP
7986,Ramon E Ramirez,P,1.0,0.0,1.0,0.0,0.0,2.7212900057435037,,2019,pit,RP
sa3007251,Scott Sunitsch,P,0.2273859977722168,0.16439999639987946,1.0,0.0,0.0,1.8212599515914918,,2019,pit,SP
sa3002938,Francis Pena,P,0.20264899730682373,0.1695999950170517,1.0,0.0,0.0,2.0258097976446154,,2019,pit,SP
15603,Ariel Hernández,P,1.0,0.0,1.0,0.0,0.0,3.150109980255366,,2019,pit,RP
21858,Riley Pint,P,0.1754390001296997,0.1754000037908554,1.0,0.0,0.0,1.1991597801446914,SDP,2019,pit,SP
sa922004,Evan Piechota,P,0.3857020139694214,0.1307000070810318,1.0,0.0,0.0,1.8620600566267975,,2019,pit,RP
sa3003080,Malky Mena,P,0.6619300246238708,0.07190000265836716,1.0,0.0,0.0,2.597849845886231,NYM,2019,pit,RP
sa919027,Joel Inoa,P,0.19687700271606445,0.17090000212192535,1.0,0.0,0.0,1.8641598701477058,,2019,pit,SP
sa295625,Santiago Gutierrez,P,1.0,0.0,1.0,0.0,0.0,2.704210115224124,,2019,pit,RP
sa606069,Jose Regalado,P,0.5959650278091431,0.0860000029206276,1.0,0.0,0.0,2.256969837099314,PIT,2019,pit,RP
sa873948,Dalton Lehnen,P,0.1993509978055954,0.1703999936580658,1.0,0.0,0.0,1.3526196725666524,,2019,pit,SP
19357,Cody Sedlock,P,0.25624600052833557,0.1581999957561493,1.0,0.0,0.0,1.1450901903212078,,2019,pit,SP
sa917121,Matt Solter,P,0.2842809855937958,0.15230000019073486,1.0,0.0,0.0,1.6922998018562798,,2019,pit,SP
sa658554,Jake Drossner,P,0.1754390001296997,0.1754000037908554,1.0,0.0,0.0,1.7610901348292831,MIL,2019,pit,SP
sa551314,Jose Reyes,P,0.3205609917640686,0.1446000039577484,1.0,0.0,0.0,1.7322700917720795,,2019,pit,RP
sa3004993,Mark Simon,P,0.36591199040412903,0.13490000367164612,1.0,0.0,0.0,1.9148901619017127,,2019,pit,RP
sa733543,Henry Garcia,P,0.18286000192165375,0.17389999330043793,1.0,0.0,0.0,1.441110014170408,,2019,pit,SP
sa872820,Elio Silva,P,0.18780699372291565,0.1728000044822693,1.0,0.0,0.0,1.4513200387358665,,2019,pit,SP
sa918495,Alejandro Mateo,P,1.0,0.0,1.0,0.0,0.0,3.1499401763081556,,2019,pit,RP
sa824922,Jorge Rivera,P,0.2727369964122772,0.15469999611377716,1.0,0.0,0.0,1.6925601825118073,,2019,pit,SP
sa659903,Miguel Rosario,P,1.0,0.0,1.0,0.0,0.0,2.963229830563069,PIT,2019,pit,RP
sa830629,Wilmer Rios,P,0.6561579704284668,0.07320000231266022,1.0,0.0,0.0,2.2407699510455137,,2019,pit,RP
20190,Chad Smith,P,1.0,0.0,1.0,0.0,0.0,3.2052799873054028,,2019,pit,RP
sa919542,Carlos Sierra,P,1.0,0.0,1.0,0.0,0.0,2.9439900971949107,,2019,pit,RP
sa658967,Ryan Castellanos,P,0.1754390001296997,0.1754000037908554,1.0,0.0,0.0,1.245379837602377,,2019,pit,SP
sa918535,Tyler Erwin,P,1.0,0.0,1.0,0.0,0.0,2.3915801078081134,,2019,pit,RP
sa328993,Marco Carrillo,P,0.1754390001296997,0.1754000037908554,1.0,0.0,0.0,1.352900172024965,,2019,pit,SP
sa3005420,Connor Strain,P,1.0,0.0,1.0,0.0,0.0,3.0719897963106635,,2019,pit,RP
sa873752,Luis De Los Santos,P,0.24964900314807892,0.15960000455379486,1.0,0.0,0.0,1.5862401440739635,,2019,pit,SP
sa503692,Jeff Ames,P,1.0,0.0,1.0,0.0,0.0,2.9789100892841813,,2019,pit,RP
sa875267,Logan Longwith,P,0.1754390001296997,0.1754000037908554,1.0,0.0,0.0,1.0150300741195677,,2019,pit,SP
9195,Vic Black,P,1.0,0.0,1.0,0.0,0.0,2.8758898988366126,,2019,pit,RP
9812,Murphy Smith,P,1.0,0.0,1.0,0.0,0.0,2.823659937083722,,2019,pit,RP
19545,Stephen Nogosek,P,1.0,0.0,1.0,0.0,0.0,3.2464999407529835,,2019,pit,RP
sa658007,Mark Sappington,P,1.0,0.0,1.0,0.0,0.0,3.092729910463095,TBR,2019,pit,RP
sa920823,Adams Cuevas,P,0.39642098546028137,0.12839999794960022,1.0,0.0,0.0,1.771520096808672,,2019,pit,RP
sa508197,Tomas Solis,P,0.24964900314807892,0.15960000455379486,1.0,0.0,0.0,1.5593999244272707,,2019,pit,SP
sa738903,Javi Salas,P,1.0,0.0,1.0,0.0,0.0,2.8611500695347787,,2019,pit,RP
sa857590,Jeff Kinley,P,1.0,0.0,1.0,0.0,0.0,3.2251100890338424,,2019,pit,RP
sa918925,Brayden Bouchey,P,1.0,0.0,1.0,0.0,0.0,2.8144401401281365,,2019,pit,RP
sa550195,Eddie Campbell,P,0.1944040060043335,0.17139999568462372,1.0,0.0,0.0,1.5117699369788178,SEA,2019,pit,SP
sa3005028,Ethan Lindow,P,0.1754390001296997,0.1754000037908554,1.0,0.0,0.0,1.3783301196992395,,2019,pit,SP
sa752901,Matt Alvarez,P,1.0,0.0,1.0,0.0,0.0,2.921439865231514,,2019,pit,RP
19493,Zach Jackson,P,1.0,0.0,1.0,0.0,0.0,3.0017500445246696,OAK,2019,pit,RP
22361,Colin Holderman,P,0.19605299830436707,0.17110000550746918,1.0,0.0,0.0,1.7792201206088065,CLE,2019,pit,SP
sa206642,Rodolfo Martinez,P,1.0,0.0,1.0,0.0,0.0,3.24521998539567,,2019,pit,RP
sa3001064,Guillermo Trujillo,P,0.31314000487327576,0.1460999995470047,1.0,0.0,0.0,1.728009874373674,,2019,pit,RP
sa887976,Raul Jacobson,P,0.37333300709724426,0.13330000638961792,1.0,0.0,0.0,1.7991500690579416,,2019,pit,RP
18615,Hobie Harris,P,1.0,0.0,1.0,0.0,0.0,2.710589874535799,BOS,2019,pit,RP
sa841386,Jesus Camargo,P,0.2933509945869446,0.15039999783039093,1.0,0.0,0.0,1.9219700232148171,CHC,2019,pit,SP
sa917830,Orlandy Navarro,P,0.6495609879493713,0.07460000365972519,1.0,0.0,0.0,2.690429946035147,,2019,pit,RP
sa549998,David Whitehead,P,0.38817501068115234,0.13019999861717224,1.0,0.0,0.0,1.9106000468134883,PHI,2019,pit,RP
sa872562,Roger Santana,P,0.1754390001296997,0.1754000037908554,1.0,0.0,0.0,1.386610078066588,,2019,pit,SP
sa921980,Alex Gouin,P,0.1754390001296997,0.1754000037908554,1.0,0.0,0.0,1.361369993537664,ARI,2019,pit,SP
sa549730,Matthew Spann,P,0.48464900255203247,0.1096000000834465,1.0,0.0,0.0,2.119699920713902,,2019,pit,RP
14707,Brady Lail,P,1.0,0.0,1.0,0.0,0.0,2.6316599868237973,,2019,pit,RP
sa3006953,Chris Holba,P,0.20677199959754944,0.1687999963760376,1.0,0.0,0.0,1.6836199566721919,,2019,pit,SP
278,Kyle Farnsworth,P,1.0,0.0,1.0,0.0,0.0,2.6140999838709837,,2019,pit,RP
17783,Jake Brentz,P,1.0,0.0,1.0,0.0,0.0,3.0511998496949677,,2019,pit,RP
sa829217,Garrett Cave,P,0.18203499913215637,0.17399999499320984,1.0,0.0,0.0,2.1072398915886885,,2019,pit,SP
sa737851,Buddy Borden,P,1.0,0.0,1.0,0.0,0.0,2.8758200973272325,,2019,pit,RP
sa683316,Luis Pino,P,0.7707719802856445,0.04879999905824661,1.0,0.0,0.0,2.9891299210488795,,2019,pit,RP
sa827417,Chris Murphy,P,0.35106998682022095,0.13809999823570251,1.0,0.0,0.0,1.6805900841951376,HOU,2019,pit,RP
sa597959,Tom Robson,P,1.0,0.0,1.0,0.0,0.0,2.6504601448774343,,2019,pit,RP
sa509788,Miguel Ruiz,P,0.2042980045080185,0.16930000483989716,1.0,0.0,0.0,1.4498499676585195,,2019,pit,SP
sa829643,Michael Sullivan,P,0.7130529880523682,0.06109999865293503,1.0,0.0,0.0,2.2937999062240126,,2019,pit,RP
sa707780,Jeff Thompson,P,1.0,0.0,1.0,0.0,0.0,2.83189991414547,,2019,pit,RP
sa509937,Luis Mendez,P,0.19852599501609802,0.1704999953508377,1.0,0.0,0.0,1.4155698515474797,,2019,pit,SP
sa857562,Bailey Clark,P,0.6594560146331787,0.07249999791383743,1.0,0.0,0.0,2.5062599107623105,,2019,pit,RP
sa709582,Craig Schlitter,P,0.6726490259170532,0.06960000097751617,1.0,0.0,0.0,2.091920053958893,,2019,pit,RP
23420,Beau Sulser,P,1.0,0.0,1.0,0.0,0.0,2.656300062686205,,2019,pit,RP
sa857617,Jared Poche,P,0.19687700271606445,0.17090000212192535,1.0,0.0,0.0,1.5196099489927293,,2019,pit,SP
sa873200,Joel Espinal,P,0.37333300709724426,0.13330000638961792,1.0,0.0,0.0,1.880879850685596,TOR,2019,pit,RP
21956,Max Castillo,P,0.2183160036802292,0.1662999987602234,1.0,0.0,0.0,1.4044599816203114,,2019,pit,SP
sa875588,Imani Abdullah,P,0.41126298904418945,0.12530000507831573,1.0,0.0,0.0,2.2932300992310046,,2019,pit,RP
sa918513,Connor Eller,P,0.4129120111465454,0.12489999830722809,1.0,0.0,0.0,1.8799198761582376,,2019,pit,RP
sa550364,Dusty Isaacs,P,1.0,0.0,1.0,0.0,0.0,2.8129299707710747,,2019,pit,RP
sa875261,Travis Eckert,P,0.24635100364685059,0.16040000319480896,1.0,0.0,0.0,1.6218502655625349,KCR,2019,pit,SP
sa737454,Alexander Guillen,P,1.0,0.0,1.0,0.0,0.0,2.5621399231255055,,2019,pit,RP
sa659266,Sean McLaughlin,P,1.0,0.0,1.0,0.0,0.0,2.8930599875748158,,2019,pit,RP
sa3004345,Charlie Neuweiler,P,0.1754390001296997,0.1754000037908554,1.0,0.0,0.0,1.5054699346423148,,2019,pit,SP
20061,Kaleb Ort,P,1.0,0.0,1.0,0.0,0.0,2.7733700916171076,LAA,2019,pit,RP
sa3002992,Rovaldis Cabrera,P,0.2504740059375763,0.15950000286102295,1.0,0.0,0.0,1.6626898072659975,,2019,pit,SP
sa655012,Adrian Gusman,P,0.7419120073318481,0.05490000173449516,1.0,0.0,0.0,2.3894902154803277,,2019,pit,RP
sa3003083,Victor Santos,P,0.1754390001296997,0.1754000037908554,1.0,0.0,0.0,1.2622499674558645,STL,2019,pit,SP
sa550279,Tyler Skulina,P,1.0,0.0,1.0,0.0,0.0,2.8657600417733193,,2019,pit,RP
sa3004772,Nate Harris,P,0.8284909725189209,0.0364999994635582,1.0,0.0,0.0,2.1983899235725404,,2019,pit,RP
sa918121,Henry Henry,P,0.24387699365615845,0.16089999675750732,1.0,0.0,0.0,1.7790197402238848,,2019,pit,SP
sa600293,Ronald Dominguez,P,0.5877190232276917,0.0877000018954277,1.0,0.0,0.0,2.204840087890625,,2019,pit,RP
5518,Tim Dillard,P,0.8581749796867371,0.03020000085234642,1.0,0.0,0.0,2.7793101385235786,,2019,pit,RP
sa918177,Walker Sheller,P,1.0,0.0,1.0,0.0,0.0,2.8140700042247775,,2019,pit,RP
22343,A.J. Alexy,P,0.19192999601364136,0.17190000414848328,1.0,0.0,0.0,1.3748098678886893,,2019,pit,SP
21092,Nick Duron,P,0.27603501081466675,0.15399999916553497,1.0,0.0,0.0,1.593899991363287,,2019,pit,SP
20589,Edwar Colina,P,0.18368400633335114,0.1737000048160553,1.0,0.0,0.0,1.418370053172112,,2019,pit,SP
sa873291,Carlos Suniaga,P,0.5324739813804626,0.09950000047683716,1.0,0.0,0.0,1.8991799876093869,,2019,pit,RP
sa828802,Jake Cosart,P,1.0,0.0,1.0,0.0,0.0,3.0308199129998683,,2019,pit,RP
2267,Brandon Gomes,P,1.0,0.0,1.0,0.0,0.0,2.7442000679671765,,2019,pit,RP
sa621668,Andrew Thurman,P,0.5811229944229126,0.08910000324249268,1.0,0.0,0.0,2.3563000351190575,SDP,2019,pit,RP
sa657700,Anfernee Benitez,P,0.881263017654419,0.025299999862909317,1.0,0.0,0.0,2.7671300671994685,,2019,pit,RP
sa3002607,Niomar Gomez,P,0.20759600400924683,0.16859999299049377,1.0,0.0,0.0,1.424779944121838,,2019,pit,SP
sa856254,Ryan Mason,P,1.0,0.0,1.0,0.0,0.0,2.498350044339895,,2019,pit,RP
sa829930,Mike Hepple,P,1.0,0.0,1.0,0.0,0.0,2.798499918729067,,2019,pit,RP
5032,Dale Thayer,P,1.0,0.0,1.0,0.0,0.0,2.6833599381148816,,2019,pit,RP
sa917865,Manuel Silva,P,0.18863199651241302,0.17260000109672546,1.0,0.0,0.0,1.3514598317444326,PHI,2019,pit,SP
sa977183,Carlos Chavez,P,0.2785089910030365,0.1535000056028366,1.0,0.0,0.0,1.6664098978042605,,2019,pit,SP
sa262058,Salvador Valdez,P,0.459087997674942,0.11509999632835388,1.0,0.0,0.0,1.813279978185892,,2019,pit,RP
sa880282,Ricardo Castro,P,0.2504740059375763,0.15950000286102295,1.0,0.0,0.0,1.600969935953617,,2019,pit,SP
sa3004467,John Curtis,P,0.5291749835014343,0.10019999742507935,1.0,0.0,0.0,2.3597800418734556,,2019,pit,RP
sa918043,Jordan Watson,P,1.0,0.0,1.0,0.0,0.0,3.0834501057863237,,2019,pit,RP
sa510464,Amilcar Gaxiola,P,0.31314000487327576,0.1460999995470047,1.0,0.0,0.0,1.6507401511073119,,2019,pit,RP
sa3005352,Jose Olague,P,0.1754390001296997,0.1754000037908554,1.0,0.0,0.0,1.590610079467297,,2019,pit,SP
sa917880,Jeronimo Castro,P,0.4731050133705139,0.11209999769926071,1.0,0.0,0.0,2.3977801553905014,LAD,2019,pit,RP
21574,Brendon Little,P,0.18286000192165375,0.17389999330043793,1.0,0.0,0.0,1.5831198833882811,TOR,2019,pit,SP
sa874231,Logan Salow,P,1.0,0.0,1.0,0.0,0.0,3.167400006204844,,2019,pit,RP
sa875613,Andrew Jordan,P,0.1754390001296997,0.1754000037908554,1.0,0.0,0.0,1.231870138645172,CIN,2019,pit,SP
20218,Yennsy Díaz,P,0.1894560009241104,0.17249999940395355,1.0,0.0,0.0,1.444020176678896,,2019,pit,SP
1669,Wilfredo Ledezma,P,1.0,0.0,1.0,0.0,0.0,2.7540301986038687,,2019,pit,RP
sa657970,Zach Quintana,P,0.5093860030174255,0.10440000146627426,1.0,0.0,0.0,2.056950121372938,,2019,pit,RP
sa873637,Reece Karalus,P,0.7971580028533936,0.04320000112056732,1.0,0.0,0.0,2.510259927809238,,2019,pit,RP
sa657957,Mitch Brown,P,1.0,0.0,1.0,0.0,0.0,2.998239966481924,,2019,pit,RP
21018,Francisco Pérez,P,0.18203499913215637,0.17399999499320984,1.0,0.0,0.0,1.3343701124191285,OAK,2019,pit,SP
sa876115,Chandler Hawkins,P,1.0,0.0,1.0,0.0,0.0,2.7710300058126456,,2019,pit,RP
787,Jose De La Torre,P,1.0,0.0,1.0,0.0,0.0,2.718319892138243,,2019,pit,RP
sa875187,Michael Freeman,P,1.0,0.0,1.0,0.0,0.0,2.720759977400303,HOU,2019,pit,RP
sa828356,Carlos Hernandez,P,0.21501800417900085,0.16699999570846558,1.0,0.0,0.0,1.3905900552868844,SEA,2019,pit,SP
sa3003124,Marcos Tineo,P,0.1754390001296997,0.1754000037908554,1.0,0.0,0.0,1.557389961183071,ARI,2019,pit,SP
sa829121,Tommy Thorpe,P,1.0,0.0,1.0,0.0,0.0,2.854660063236952,,2019,pit,RP
sa737955,Jacob Constante,P,0.24305300414562225,0.16110000014305115,1.0,0.0,0.0,1.5411498725414279,,2019,pit,SP
8844,Antonio Bastardo,P,1.0,0.0,1.0,0.0,0.0,2.9439799651503558,,2019,pit,RP
14646,Rowan Wick,P,5.0,0.0,5.0,0.0,0.8058000206947327,21.706869813799862,SFG,2019,pit,RP
sa828421,Franco Terrero,P,1.0,0.0,1.0,0.0,0.0,2.8503501333296297,,2019,pit,RP
sa3004337,Alex Mauricio,P,0.1754390001296997,0.1754000037908554,1.0,0.0,0.0,1.0887899197638036,NYY,2019,pit,SP
sa3004362,Jonathan Cheshire,P,0.8886839747428894,0.02370000071823597,1.0,0.0,0.0,2.4208200156688693,,2019,pit,RP
sa738571,Trevor Seidenberger,P,1.0,0.0,1.0,0.0,0.0,2.791380064189434,,2019,pit,RP
sa829881,Andrew Case,P,1.0,0.0,1.0,0.0,0.0,2.500940226763487,,2019,pit,RP
20198,Ben Bowden,P,1.0,0.0,1.0,0.0,0.0,2.6107800424098975,OAK,2019,pit,RP
21298,Andre Jackson,P,0.18780699372291565,0.1728000044822693,1.0,0.0,0.0,1.8340100653469564,,2019,pit,SP
12166,David Goforth,P,1.0,0.0,1.0,0.0,0.0,2.7505001217126854,,2019,pit,RP
sa738576,Jake Bray,P,0.29005300998687744,0.15109999477863312,1.0,0.0,0.0,1.7708500556647775,,2019,pit,SP
12515,Taylor Hill,P,1.0,0.0,1.0,0.0,0.0,2.551090162247419,,2019,pit,RP
sa918630,Erik Espinal,P,0.6998599767684937,0.06390000134706497,1.0,0.0,0.0,2.2670699380338197,,2019,pit,RP
20739,Humberto Mejía,P,0.21501800417900085,0.16699999570846558,1.0,0.0,0.0,1.9024500593543054,,2019,pit,SP
sa876811,Griffin Glaude,P,1.0,0.0,1.0,0.0,0.0,2.6904599547386168,,2019,pit,RP
sa737825,Josh Uhen,P,1.0,0.0,1.0,0.0,0.0,3.011309966444969,MIL,2019,pit,RP
23425,Jared Solomon,P,0.1754390001296997,0.1754000037908554,1.0,0.0,0.0,1.2208499766886232,,2019,pit,SP
sa876046,Jorge Pantoja,P,0.8878600001335144,0.023900000378489494,1.0,0.0,0.0,2.3905897580087188,,2019,pit,RP
sa921578,Enmanuel Solano,P,0.1754390001296997,0.1754000037908554,1.0,0.0,0.0,1.4629100374877457,,2019,pit,SP
sa3002817,Carlos Montilla,P,0.1754390001296997,0.1754000037908554,1.0,0.0,0.0,1.6354898482561118,,2019,pit,SP
20379,Tyler Zuber,P,1.0,0.0,1.0,0.0,0.0,2.8366500660777096,MIA,2019,pit,RP
19407,Ronel Blanco,P,1.0,0.0,1.0,0.0,0.0,2.9171900741755965,HOU,2019,pit,RP
sa549903,Aaron Kurcz,P,1.0,0.0,1.0,0.0,0.0,2.830340076982975,MIL,2019,pit,RP
sa918300,Robby Sexton,P,1.0,0.0,1.0,0.0,0.0,2.6905099652707576,,2019,pit,RP
sa873983,Boomer Biegalski,P,1.0,0.0,1.0,0.0,0.0,2.8305999785661697,,2019,pit,RP
22248,Paul Campbell,P,0.1894560009241104,0.17249999940395355,1.0,0.0,0.0,1.562150060385465,,2019,pit,SP
sa877875,Chase Johnson-Mullins,P,1.0,0.0,1.0,0.0,0.0,2.7458998881280428,,2019,pit,RP
sa877527,Yosmer Solorzano,P,0.3048950135707855,0.14790000021457672,1.0,0.0,0.0,1.6528702385723593,,2019,pit,RP
sa738670,Ryan Moseley,P,0.7905610203742981,0.044599998742341995,1.0,0.0,0.0,2.8139899648725994,,2019,pit,RP
sa737354,Juan Valdez,P,0.1754390001296997,0.1754000037908554,1.0,0.0,0.0,1.2365797631442548,,2019,pit,SP
sa875726,Mack Lemieux,P,0.1754390001296997,0.1754000037908554,1.0,0.0,0.0,1.7616101205348964,,2019,pit,SP
sa876808,Ryan Cook,P,0.8787890076637268,0.025800000876188278,1.0,0.0,0.0,2.5249599471688273,,2019,pit,RP
sa922402,Alex Gunn,P,0.44754400849342346,0.11749999970197678,1.0,0.0,0.0,2.1071101538836956,ARI,2019,pit,RP
sa657808,Osman Gutierrez,P,0.1754390001296997,0.1754000037908554,1.0,0.0,0.0,1.4419198781251903,,2019,pit,SP
sa878099,Harley Holt,P,0.6644030213356018,0.0714000016450882,1.0,0.0,0.0,2.3736899182200433,,2019,pit,RP
sa390604,Ramon Delgado,P,0.5407189726829529,0.09769999980926514,1.0,0.0,0.0,1.9187798462808132,,2019,pit,RP
4363,Craig Breslow,P,1.0,0.0,1.0,0.0,0.0,2.7002999641001226,,2019,pit,RP
sa920272,Alexander Vizcaíno,P,0.1754390001296997,0.1754000037908554,1.0,0.0,0.0,1.0671000972390172,,2019,pit,SP
sa857589,Billy Strode,P,1.0,0.0,1.0,0.0,0.0,2.632920185476542,,2019,pit,RP
sa738945,Conor Harber,P,0.31314000487327576,0.1460999995470047,1.0,0.0,0.0,2.061649994552136,,2019,pit,RP
sa918646,Ryan Luna,P,0.48464900255203247,0.1096000000834465,1.0,0.0,0.0,1.4842801503837113,COL,2019,pit,RP
sa503356,Nick Struck,P,1.0,0.0,1.0,0.0,0.0,2.639469930529595,,2019,pit,RP
sa827492,Jordan Minch,P,1.0,0.0,1.0,0.0,0.0,2.8619099810719497,,2019,pit,RP
sa503412,Josh Conway,P,1.0,0.0,1.0,0.0,0.0,2.8802701212465767,,2019,pit,RP
sa827459,Sarkis Ohanian,P,1.0,0.0,1.0,0.0,0.0,2.7510301239788535,CIN,2019,pit,RP
sa3003993,Adam Reuss,P,0.2884039878845215,0.15139999985694885,1.0,0.0,0.0,1.6186499103903773,,2019,pit,SP
sa919009,Brian McAfee,P,0.5341230034828186,0.09910000115633011,1.0,0.0,0.0,1.8952099964022637,,2019,pit,RP
23798,Randy Dobnak,P,0.20677199959754944,0.1687999963760376,1.0,0.0,0.0,1.1501699417829516,SEA,2019,pit,SP
7355,Casey Janssen,P,1.0,0.0,1.0,0.0,0.0,2.58063999414444,,2019,pit,RP
19277,Jesús Reyes,P,10.0,0.0,10.0,0.0,0.748199999332428,37.58856953382492,,2019,pit,RP
23307,Collin Snider,P,0.42940399050712585,0.12139999866485596,1.0,0.0,0.0,1.7371200904250146,CHC,2019,pit,RP
sa921222,Matt Sergey,P,1.0,0.0,1.0,0.0,0.0,2.8007200971245765,,2019,pit,RP
12143,Jason García,P,1.0,0.0,1.0,0.0,0.0,2.685979920625687,,2019,pit,RP
sa875329,LJ Brewster,P,0.33705300092697144,0.14110000431537628,1.0,0.0,0.0,1.9858999930322172,,2019,pit,RP
sa917740,Faustino Carrera,P,0.24305300414562225,0.16110000014305115,1.0,0.0,0.0,1.6400999292731293,,2019,pit,SP
sa3005318,Hunter Haworth,P,0.3378770053386688,0.14090000092983246,1.0,0.0,0.0,1.726970083266496,ARI,2019,pit,RP
sa621650,Joey DeNato,P,1.0,0.0,1.0,0.0,0.0,2.821650091558695,,2019,pit,RP
sa3005178,Korey Anderson,P,1.0,0.0,1.0,0.0,0.0,2.9523599959909923,,2019,pit,RP
19784,Justin Garza,P,0.1754390001296997,0.1754000037908554,1.0,0.0,0.0,1.3842699863016605,NYM,2019,pit,SP
sa918182,Julian Garcia,P,0.4500179886817932,0.11699999868869781,1.0,0.0,0.0,2.0291599750518796,CIN,2019,pit,RP
sa875873,Franklyn Soriano,P,0.2504740059375763,0.15950000286102295,1.0,0.0,0.0,1.8196700587868695,,2019,pit,SP
sa918467,Domenick Carlini,P,0.1853329986333847,0.17329999804496765,1.0,0.0,0.0,1.188910003006459,,2019,pit,SP
22100,José Soriano,P,0.1754390001296997,0.1754000037908554,1.0,0.0,0.0,1.2220100119709971,LAA,2019,pit,SP
sa501564,Danny Reynolds,P,1.0,0.0,1.0,0.0,0.0,2.9744300380349165,,2019,pit,RP
sa273164,Jesse Estrada,P,0.31314000487327576,0.1460999995470047,1.0,0.0,0.0,1.4953401289880284,,2019,pit,RP
sa829752,Kuehl McEachern,P,1.0,0.0,1.0,0.0,0.0,2.608140042424202,,2019,pit,RP
sa659658,Francisco Jimenez,P,0.8614739775657654,0.029500000178813934,1.0,0.0,0.0,2.055909964442253,,2019,pit,RP
sa918324,Carson LaRue,P,0.24635100364685059,0.16040000319480896,1.0,0.0,0.0,1.6263200104236604,,2019,pit,SP
sa3004773,Peter Lannoo,P,1.0,0.0,1.0,0.0,0.0,3.1266199856996537,,2019,pit,RP
sa549653,Tyler Vail,P,0.1754390001296997,0.1754000037908554,1.0,0.0,0.0,1.2683301918208594,,2019,pit,SP
sa328208,Derrick Loop,P,1.0,0.0,1.0,0.0,0.0,2.679239957034588,,2019,pit,RP
sa876250,Adam Lau,P,1.0,0.0,1.0,0.0,0.0,2.863790107518435,,2019,pit,RP
20515,Kyle Nelson,P,1.0,0.0,1.0,0.0,0.0,2.752149923145771,ATL,2019,pit,RP
sa876807,Nate Abel,P,0.7229470014572144,0.05889999866485596,1.0,0.0,0.0,2.350559864193201,,2019,pit,RP
sa3004711,Matthew Hammonds,P,0.20512300729751587,0.16910000145435333,1.0,0.0,0.0,0.914239999651909,,2019,pit,SP
10803,Jake Dunning,P,1.0,0.0,1.0,0.0,0.0,2.6025799050927167,,2019,pit,RP
sa829061,Marvin Gorgas,P,1.0,0.0,1.0,0.0,0.0,2.7419300727546214,SEA,2019,pit,RP
sa872514,Alberto Guerrero,P,0.18698200583457947,0.17299999296665192,1.0,0.0,0.0,1.7529198482632635,,2019,pit,SP
sa3005397,Alex Scherff,P,0.18368400633335114,0.1737000048160553,1.0,0.0,0.0,1.342770172655582,,2019,pit,SP
sa550244,El'Hajj Muhammad,P,1.0,0.0,1.0,0.0,0.0,2.4165298283100127,,2019,pit,RP
sa918550,Mike Ellenbest,P,0.18863199651241302,0.17260000109672546,1.0,0.0,0.0,1.1737298473715785,,2019,pit,SP
sa879639,Gabe Cramer,P,1.0,0.0,1.0,0.0,0.0,2.852839928120375,,2019,pit,RP
sa875751,Matt Portland,P,0.20924599468708038,0.16820000112056732,1.0,0.0,0.0,1.225039944797755,,2019,pit,SP
sa918431,Lane Hobbs,P,0.6932629942893982,0.06530000269412994,1.0,0.0,0.0,2.181109899282456,,2019,pit,RP
sa977116,Luis Payan,P,0.6561579704284668,0.07320000231266022,1.0,0.0,0.0,2.0752599515020846,,2019,pit,RP
sa3006974,Zach Spears,P,0.1754390001296997,0.1754000037908554,1.0,0.0,0.0,1.3138099640607837,,2019,pit,SP
sa737330,Alexis Tapia,P,0.6248250007629395,0.07980000227689743,1.0,0.0,0.0,2.1760000385344034,,2019,pit,RP
sa829246,Mac Marshall,P,0.18450899422168732,0.17350000143051147,1.0,0.0,0.0,2.189179906249047,,2019,pit,SP
sa737032,Junior Garcia,P,1.0,0.0,1.0,0.0,0.0,2.976640015095473,,2019,pit,RP
sa916829,Abdiel Mendoza,P,0.25624600052833557,0.1581999957561493,1.0,0.0,0.0,1.0472601205110554,SEA,2019,pit,SP
sa3005408,Nick Gallagher,P,0.41126298904418945,0.12530000507831573,1.0,0.0,0.0,1.7446897611021996,,2019,pit,RP
sa508101,Marco Quevedo,P,0.41126298904418945,0.12530000507831573,1.0,0.0,0.0,1.6879100911319256,,2019,pit,RP
12975,Mauricio Cabrera,P,1.0,0.0,1.0,0.0,0.0,2.756750027090311,,2019,pit,RP
sa875558,Jake Simon,P,0.21089500188827515,0.1678999960422516,1.0,0.0,0.0,1.6974199369549754,,2019,pit,SP
20422,Jovani Morán,P,0.9068250060081482,0.01979999989271164,1.0,0.0,0.0,2.6499600201845173,BOS,2019,pit,RP
sa829063,Erik Manoah Jr.,P,0.1754390001296997,0.1754000037908554,1.0,0.0,0.0,1.2752600699663166,,2019,pit,SP
sa506939,Martires Arias,P,0.6248250007629395,0.07980000227689743,1.0,0.0,0.0,2.2787899903953077,,2019,pit,RP
sa602272,Alejandro Arteaga,P,0.5308250188827515,0.0997999981045723,1.0,0.0,0.0,1.8932302847504614,,2019,pit,RP
11387,A.J. Achter,P,1.0,0.0,1.0,0.0,0.0,2.6162002161145215,,2019,pit,RP
sa3004320,Vincenzo Aiello,P,1.0,0.0,1.0,0.0,0.0,3.0633300527930265,,2019,pit,RP
1975,Josh Judy,P,1.0,0.0,1.0,0.0,0.0,2.5414799526333813,SEA,2019,pit,RP
sa3005334,Matt Tabor,P,0.1754390001296997,0.1754000037908554,1.0,0.0,0.0,1.5141100727021697,,2019,pit,SP
sa917753,Willy Taveras,P,0.1754390001296997,0.1754000037908554,1.0,0.0,0.0,1.512919955700636,,2019,pit,SP
sa915685,Colton Hock,P,0.41126298904418945,0.12530000507831573,1.0,0.0,0.0,2.1724401041865353,,2019,pit,RP
sa875600,Tommy Peterson,P,1.0,0.0,1.0,0.0,0.0,2.648359750211239,,2019,pit,RP
sa508708,Fernando Perez-Abreu,P,0.6825439929962158,0.06750000268220901,1.0,0.0,0.0,2.137059947103262,,2019,pit,RP
sa737066,Jesus Zambrano,P,1.0,0.0,1.0,0.0,0.0,2.67571983858943,,2019,pit,RP
sa3002971,Yefri Del Rosario,P,0.1754390001296997,0.1754000037908554,1.0,0.0,0.0,1.432660083472729,,2019,pit,SP
sa739012,Sal Mendez,P,0.5737019777297974,0.09070000052452087,1.0,0.0,0.0,1.6505001157522203,,2019,pit,RP
21205,Connor Brogdon,P,0.5110350251197815,0.10400000214576721,1.0,0.0,0.0,1.982100139558316,CLE,2019,pit,RP
sa830305,Luis Martinez,P,0.19605299830436707,0.17110000550746918,1.0,0.0,0.0,1.210009736567736,,2019,pit,SP
19835,Gerson Garabito,P,0.1754390001296997,0.1754000037908554,1.0,0.0,0.0,1.4978698253631593,MIL,2019,pit,SP
sa3004485,Taylor Ahearn,P,0.569579005241394,0.09160000085830688,1.0,0.0,0.0,1.994210063666106,,2019,pit,RP
sa829016,David Burkhalter,P,0.31314000487327576,0.1460999995470047,1.0,0.0,0.0,1.5395699635148055,,2019,pit,RP
sa913096,Joseph Camacho,P,1.0,0.0,1.0,0.0,0.0,2.7150300472974775,,2019,pit,RP
sa3006984,Mike LoPresti,P,0.18863199651241302,0.17260000109672546,1.0,0.0,0.0,1.1756798259913923,,2019,pit,SP
sa659315,Alberto Tirado,P,1.0,0.0,1.0,0.0,0.0,2.857059990614653,,2019,pit,RP
sa917401,Melvi Acosta,P,0.4500179886817932,0.11699999868869781,1.0,0.0,0.0,1.5838799968361852,,2019,pit,RP
sa737451,Ofreidy Gómez,P,0.21089500188827515,0.1678999960422516,1.0,0.0,0.0,1.482920119911432,NYM,2019,pit,SP
2868,Drake Britton,P,1.0,0.0,1.0,0.0,0.0,2.6364500179886816,,2019,pit,RP
20447,Enoli Paredes,P,0.5349469780921936,0.09889999777078629,1.0,0.0,0.0,2.2235599599778646,BAL,2019,pit,RP
sa837791,Jose Geraldo,P,0.1754390001296997,0.1754000037908554,1.0,0.0,0.0,1.1907699950039392,,2019,pit,SP
sa919018,Justin Camp,P,1.0,0.0,1.0,0.0,0.0,2.657409972697497,,2019,pit,RP
23465,Tommy Romero,P,0.1754390001296997,0.1754000037908554,1.0,0.0,0.0,1.6129600472748273,,2019,pit,SP
10240,Ariel Peña,P,1.0,0.0,1.0,0.0,0.0,2.978969946503639,MIL,2019,pit,RP
sa3004330,Manny Guzman,P,0.20594699680805206,0.1688999980688095,1.0,0.0,0.0,1.601030020415783,,2019,pit,SP
sa828365,Gabriel Valdez,P,0.4005439877510071,0.1274999976158142,1.0,0.0,0.0,1.8304898299276826,,2019,pit,RP
sa551004,Euclides Leyer,P,1.0,0.0,1.0,0.0,0.0,2.7597899533808237,,2019,pit,RP
sa875020,Breckin Williams,P,1.0,0.0,1.0,0.0,0.0,2.927820135653019,,2019,pit,RP
sa3002928,Luis Moreno,P,0.2694390118122101,0.15539999306201935,1.0,0.0,0.0,1.992109771817923,NYM,2019,pit,SP
sa328471,Raul Barron,P,1.0,0.0,1.0,0.0,0.0,2.4763400368392467,,2019,pit,RP
sa738415,Robert Tyler,P,1.0,0.0,1.0,0.0,0.0,2.3178001813590527,,2019,pit,RP
sa737469,Nattino Diplan,P,1.0,0.0,1.0,0.0,0.0,2.886889910697937,,2019,pit,RP
sa3005075,Yasel Santana,P,0.1754390001296997,0.1754000037908554,1.0,0.0,0.0,1.2502697899937627,,2019,pit,SP
sa915714,Paul Balestrieri,P,0.23975400626659393,0.16179999709129333,1.0,0.0,0.0,1.4098399132490163,,2019,pit,SP
sa3004213,Alex Manasa,P,0.1754390001296997,0.1754000037908554,1.0,0.0,0.0,1.1749799802899359,,2019,pit,SP
20206,Mike Baumann,P,0.1754390001296997,0.1754000037908554,1.0,0.0,0.0,0.8467299573123457,NYM,2019,pit,SP
20541,Phoenix Sanders,P,1.0,0.0,1.0,0.0,0.0,2.864670234173537,,2019,pit,RP
sa737194,Ivan Andueza,P,0.23315800726413727,0.1632000058889389,1.0,0.0,0.0,1.39149988219142,,2019,pit,SP
sa658847,Yojensy Arias,P,0.1754390001296997,0.1754000037908554,1.0,0.0,0.0,0.9846499204635628,,2019,pit,SP
sa501508,Mark Serrano,P,1.0,0.0,1.0,0.0,0.0,2.594290035218001,,2019,pit,RP
sa328589,Arturo Barradas,P,1.0,0.0,1.0,0.0,0.0,2.499860077351332,,2019,pit,RP
18496,Junior Fernández,P,1.0,0.0,1.0,0.0,0.0,2.8470401711761952,ARI,2019,pit,RP
sa827479,Ryan Riga,P,0.9183679819107056,0.017400000244379044,1.0,0.0,0.0,2.248020137101412,CHW,2019,pit,RP
sa875697,Nate Bertness,P,0.26201799511909485,0.15700000524520874,1.0,0.0,0.0,1.477260063588619,,2019,pit,SP
sa3004665,Jimmy Murphy,P,0.2315090000629425,0.16349999606609344,1.0,0.0,0.0,0.7710401222109802,,2019,pit,SP
sa455494,Jose Barajas,P,0.24057899415493011,0.1615999937057495,1.0,0.0,0.0,1.3781399585306642,,2019,pit,SP
sa918276,Trey Cobb,P,1.0,0.0,1.0,0.0,0.0,2.816330053657293,,2019,pit,RP
sa918348,Tyler Beardsley,P,0.18615800142288208,0.17319999635219574,1.0,0.0,0.0,1.1570300213992595,,2019,pit,SP
sa503435,Gerardo Sanchez,P,1.0,0.0,1.0,0.0,0.0,2.57204015776515,,2019,pit,RP
sa509282,Rafael Diaz,P,1.0,0.0,1.0,0.0,0.0,2.5358698137104514,,2019,pit,RP
sa202910,Juan Sandoval,P,1.0,0.0,1.0,0.0,0.0,2.473499754071236,,2019,pit,RP
sa546503,Alex Romero,P,0.5770000219345093,0.09000000357627869,1.0,0.0,0.0,2.0219499357044692,BAL,2019,pit,RP
21846,Cole Ragans,P,0.1754390001296997,0.1754000037908554,1.0,0.0,0.0,0.999239905178547,KCR,2019,pit,SP
sa828553,Juan Pena,P,0.899403989315033,0.021400000900030136,1.0,0.0,0.0,2.41642983853817,,2019,pit,RP
16904,Aaron Wilkerson,P,18.239999771118164,3.240000009536743,33.33420181274414,0.0,0.7664999961853027,113.60496883392337,,2019,pit,RP
sa325916,Daniel Guerrero,P,0.19275400042533875,0.17180000245571136,1.0,0.0,0.0,1.2437799073755738,,2019,pit,SP
sa875301,Nicholas Economos,P,0.43929800391197205,0.1193000003695488,1.0,0.0,0.0,1.8701799318194396,,2019,pit,RP
sa873458,Jesus Tejada,P,0.1754390001296997,0.1754000037908554,1.0,0.0,0.0,1.3129597954452037,,2019,pit,SP
sa873207,Freicer Perez,P,0.1754390001296997,0.1754000037908554,1.0,0.0,0.0,1.093319901823997,,2019,pit,SP
sa3008237,Rito Lugo,P,0.3848769962787628,0.13089999556541443,1.0,0.0,0.0,1.8787200137972837,,2019,pit,RP
20778,Cristopher Sánchez,P,0.1754390001296997,0.1754000037908554,1.0,0.0,0.0,1.3697400189936166,PHI,2019,pit,SP
sa872848,Filyer Sanchez,P,0.3197369873523712,0.14470000565052032,1.0,0.0,0.0,1.8695001535117624,ATL,2019,pit,RP
sa652174,Mario Meza,P,0.8458070158958435,0.03280000016093254,1.0,0.0,0.0,2.375310120731592,,2019,pit,RP
sa828746,Hector Guance,P,0.18698200583457947,0.17299999296665192,1.0,0.0,0.0,0.6652801558375363,,2019,pit,SP
sa503963,Robinson Lopez,P,0.1754390001296997,0.1754000037908554,1.0,0.0,0.0,1.1494299590587618,ATL,2019,pit,SP
16754,Vinny Nittoli,P,1.0,0.0,1.0,0.0,0.0,2.87156989723444,BOS,2019,pit,RP
sa827196,Nick Howard,P,1.0,0.0,1.0,0.0,0.0,2.5246901251375675,,2019,pit,RP
21306,Jacob Latz,P,0.1754390001296997,0.1754000037908554,1.0,0.0,0.0,0.82262991219759,TEX,2019,pit,SP
sa3003084,Hector Soto,P,0.1754390001296997,0.1754000037908554,1.0,0.0,0.0,1.4521402187645442,,2019,pit,SP
18140,Jay Flaa,P,1.0,0.0,1.0,0.0,0.0,2.3400100499391554,ATL,2019,pit,RP
sa3002777,Jacob Patterson,P,1.0,0.0,1.0,0.0,0.0,2.9363898292183874,,2019,pit,RP
sa509262,Demetrio Gutierrez,P,0.6949120163917542,0.0649000033736229,1.0,0.0,0.0,2.067959924042225,,2019,pit,RP
sa508761,Luis De La O,P,1.0,0.0,1.0,0.0,0.0,2.507009913772345,,2019,pit,RP
sa659272,Mitchell Traver,P,0.1754390001296997,0.1754000037908554,1.0,0.0,0.0,1.2383300319313997,,2019,pit,SP
sa3003088,Rosmer Inojosa,P,0.1754390001296997,0.1754000037908554,1.0,0.0,0.0,1.1341500133275981,,2019,pit,SP
sa3004860,Jhordany Mezquita,P,0.1754390001296997,0.1754000037908554,1.0,0.0,0.0,1.2070200428366662,PHI,2019,pit,SP
10386,Carlos Contreras,P,1.0,0.0,1.0,0.0,0.0,2.5568102501332763,,2019,pit,RP
sa875199,Nate Griep,P,1.0,0.0,1.0,0.0,0.0,2.9053099520504477,,2019,pit,RP
sa659446,Yankory Pimentel,P,1.0,0.0,1.0,0.0,0.0,2.5948397882282737,,2019,pit,RP
sa3006408,Heribert Garcia,P,0.19192999601364136,0.17190000414848328,1.0,0.0,0.0,1.3111698158085345,,2019,pit,SP
sa923902,Rafael Gomez,P,0.3345789909362793,0.14159999787807465,1.0,0.0,0.0,1.440839870274067,,2019,pit,RP
sa3004771,John Russell,P,1.0,0.0,1.0,0.0,0.0,3.1580100774765016,,2019,pit,RP
sa548429,Dace Kime,P,1.0,0.0,1.0,0.0,0.0,2.620509914308787,,2019,pit,RP
sa3003144,Carlos Naveda,P,0.1754390001296997,0.1754000037908554,1.0,0.0,0.0,1.2376399636268616,,2019,pit,SP
sa659414,Manuel Chavez,P,1.0,0.0,1.0,0.0,0.0,2.6123099982738496,,2019,pit,RP
sa202276,Ivan Maldonado,P,0.1754390001296997,0.1754000037908554,1.0,0.0,0.0,1.0683498613536355,,2019,pit,SP
sa688946,Nicolas Debora,P,0.39312300086021423,0.1290999948978424,1.0,0.0,0.0,1.69759027659893,,2019,pit,RP
sa739645,Willian Soto,P,0.4928950071334839,0.10790000110864639,1.0,0.0,0.0,2.1362597979605202,LAD,2019,pit,RP
3164,Tim Collins,P,5.0,0.0,5.0,0.0,0.8058000206947327,21.869609996676445,,2019,pit,RP
sa731460,Abel Amaya,P,0.32880699634552,0.1428000032901764,1.0,0.0,0.0,1.4833999700844291,,2019,pit,RP
sa3003991,Donnie Sellers,P,0.27603501081466675,0.15399999916553497,1.0,0.0,0.0,1.274990119040012,TOR,2019,pit,SP
sa709167,Jordan Smith,P,0.4937190115451813,0.10769999772310257,1.0,0.0,0.0,1.770759772509337,,2019,pit,RP
19881,Gabe Klobosits,P,1.0,0.0,1.0,0.0,0.0,2.608160120993853,CHC,2019,pit,RP
sa659749,Victor Diaz,P,0.3213860094547272,0.1444000005722046,1.0,0.0,0.0,1.5559096790850169,,2019,pit,RP
sa919409,Jake Elliott,P,0.7988070249557495,0.04280000180006027,1.0,0.0,0.0,2.128520052134991,,2019,pit,RP
sa829315,Corey Ray,P,1.0,0.0,1.0,0.0,0.0,2.634230145812035,,2019,pit,RP
sa829618,Brad Bass,P,0.1754390001296997,0.1754000037908554,1.0,0.0,0.0,0.8432899601757526,,2019,pit,SP
sa919818,Scott Sebald,P,0.38405299186706543,0.13109999895095825,1.0,0.0,0.0,1.7039299108088017,,2019,pit,RP
19742,Anthony Bender,P,0.4376490116119385,0.11959999799728394,1.0,0.0,0.0,1.701129968464374,MIA,2019,pit,RP
sa874796,Juan Hillman,P,0.1754390001296997,0.1754000037908554,1.0,0.0,0.0,1.1372399553656578,,2019,pit,SP
sa918097,Will Gilbert,P,1.0,0.0,1.0,0.0,0.0,2.5469100706279284,,2019,pit,RP
sa737818,Dan Lietz,P,0.8721929788589478,0.0272000003606081,1.0,0.0,0.0,2.3996698170900346,,2019,pit,RP
sa3003013,Joan Valdez,P,0.1754390001296997,0.1754000037908554,1.0,0.0,0.0,1.5037999957799912,,2019,pit,SP
sa919042,Sergio Pacheco,P,0.2042980045080185,0.16930000483989716,1.0,0.0,0.0,1.1793299160897739,,2019,pit,SP
21327,Nicholas Padilla,P,0.34200000762939453,0.14000000059604645,1.0,0.0,0.0,1.6929301112890252,,2019,pit,RP
19769,Will Vest,P,1.0,0.0,1.0,0.0,0.0,2.2312100894749167,DET,2019,pit,RP
sa550830,Harrison Cooney,P,1.0,0.0,1.0,0.0,0.0,2.7385000713169574,,2019,pit,RP
sa917900,Carlos Gonzalez,P,0.2183160036802292,0.1662999987602234,1.0,0.0,0.0,0.8456000946462159,,2019,pit,SP
sa3003031,Jose Natera,P,0.2042980045080185,0.16930000483989716,1.0,0.0,0.0,1.0700599074363706,,2019,pit,SP
sa828297,Samuel Zazueta,P,0.7798420190811157,0.046799998730421066,1.0,0.0,0.0,2.334700158238411,,2019,pit,RP
sa659047,Clate Schmidt,P,0.8936319947242737,0.022600000724196434,1.0,0.0,0.0,2.0099899172782902,,2019,pit,RP
sa875842,Brennan Leitao,P,0.8581749796867371,0.03020000085234642,1.0,0.0,0.0,2.4738401122391225,STL,2019,pit,RP
sa828823,Nelson Hernandez,P,0.1754390001296997,0.1754000037908554,1.0,0.0,0.0,1.2879699237644675,,2019,pit,SP
sa871769,Jesus Rodriguez,P,0.1754390001296997,0.1754000037908554,1.0,0.0,0.0,0.7797702595591547,,2019,pit,SP
sa3003023,Juan Gonzalez,P,0.2315090000629425,0.16349999606609344,1.0,0.0,0.0,1.5904201067984105,,2019,pit,SP
sa3003145,Manuel Santiago,P,0.1754390001296997,0.1754000037908554,1.0,0.0,0.0,1.189929934591055,,2019,pit,SP
sa3003041,Noe Toribio,P,0.1754390001296997,0.1754000037908554,1.0,0.0,0.0,1.1383098274469376,,2019,pit,SP
sa875807,Drasen Johnson,P,0.4401229918003082,0.11909999698400497,1.0,0.0,0.0,1.225990121066571,COL,2019,pit,RP
sa654744,Carlos Bustamante,P,1.0,0.0,1.0,0.0,0.0,2.6282299384474754,,2019,pit,RP
sa549689,Christian Meza,P,0.8078770041465759,0.04089999943971634,1.0,0.0,0.0,2.2889301419258117,,2019,pit,RP
sa874139,Grant Dyer,P,1.0,0.0,1.0,0.0,0.0,2.489070034772158,,2019,pit,RP
sa833561,Jonny Drozd,P,1.0,0.0,1.0,0.0,0.0,2.4495199009776116,,2019,pit,RP
sa738467,Christian Talley,P,0.685841977596283,0.06679999828338623,1.0,0.0,0.0,1.7154698751866824,COL,2019,pit,RP
sa3003006,Brayan Herrera,P,0.1902810037136078,0.17229999601840973,1.0,0.0,0.0,0.8403997600078585,CHW,2019,pit,SP
sa875276,Alex Luna,P,0.2504740059375763,0.15950000286102295,1.0,0.0,0.0,1.3101799920201302,KCR,2019,pit,SP
sa739056,Williams Ramirez,P,0.904350996017456,0.020400000736117363,1.0,0.0,0.0,2.5911600999534126,,2019,pit,RP
2240,Tony Pena Jr.,SS,1.0,0.0,1.0,0.0,0.0,2.4707698762416843,,2019,pit,RP
sa3005312,Scott Kuzminsky,P,1.0,0.0,1.0,0.0,0.0,2.618159983307123,,2019,pit,RP
23301,Janson Junk,P,0.19687700271606445,0.17090000212192535,1.0,0.0,0.0,0.9564401768147945,MIA,2019,pit,SP
sa546553,Johan Belisario,P,1.0,0.0,1.0,0.0,0.0,2.601320081949234,,2019,pit,RP
sa827956,Luis Rosario,P,0.38405299186706543,0.13109999895095825,1.0,0.0,0.0,1.1674299925565719,,2019,pit,RP
sa738994,Hayden Howard,P,1.0,0.0,1.0,0.0,0.0,2.5449201464653015,,2019,pit,RP
sa3002949,Juan Mejia,P,0.1754390001296997,0.1754000037908554,1.0,0.0,0.0,1.106720012426377,,2019,pit,SP
sa737850,Austin Nicely,P,0.3246839940547943,0.1437000036239624,1.0,0.0,0.0,1.470870069414377,,2019,pit,RP
6027,Sugar Ray Marimon,P,1.0,0.0,1.0,0.0,0.0,2.449779891222715,,2019,pit,RP
sa918916,Patrick McGuff,P,0.19192999601364136,0.17190000414848328,1.0,0.0,0.0,1.2472999781370162,ARI,2019,pit,SP
sa863882,Hector Mendoza,P,1.0,0.0,1.0,0.0,0.0,2.8461699880659586,,2019,pit,RP
sa917670,Francis Ventura,P,0.1754390001296997,0.1754000037908554,1.0,0.0,0.0,1.333210075646639,,2019,pit,SP
sa3005071,Dakota Bennett,P,0.20759600400924683,0.16859999299049377,1.0,0.0,0.0,1.6861601360142235,,2019,pit,SP
sa874966,Javier Medina,P,0.2504740059375763,0.15950000286102295,1.0,0.0,0.0,0.9096899203956128,,2019,pit,SP
sa548554,Estevan Gonzalez,P,0.4871230125427246,0.10909999907016754,1.0,0.0,0.0,1.9094802126288415,,2019,pit,RP
17485,Albert Abreu,P,1.6200000047683716,1.6200000047683716,9.234000205993652,0.0,0.0,21.05820074081421,,2019,pit,SP
sa829449,Jess Amedee,P,1.0,0.0,1.0,0.0,0.0,2.6203902013599873,PIT,2019,pit,RP
24914,Lazaro Estrada,P,0.1754390001296997,0.1754000037908554,1.0,0.0,0.0,1.0060300312936303,TOR,2019,pit,SP
12185,Akeel Morris,P,1.0,0.0,1.0,0.0,0.0,2.8409799113869667,,2019,pit,RP
sa877525,Jhon De Jesus,P,0.1754390001296997,0.1754000037908554,1.0,0.0,0.0,0.9525499314069745,,2019,pit,SP
sa918213,Michael Koval,P,1.0,0.0,1.0,0.0,0.0,2.314999894797802,,2019,pit,RP
sa502106,Jeff Ibarra,P,1.0,0.0,1.0,0.0,0.0,2.5226301148533827,,2019,pit,RP
sa829437,Connor Kaden,P,0.834263026714325,0.03530000150203705,1.0,0.0,0.0,2.7367201052606105,SFG,2019,pit,RP
sa829173,Brian Hunter,P,1.0,0.0,1.0,0.0,0.0,2.455610021948815,CIN,2019,pit,RP
sa659790,Ryne Slack,P,0.8911579847335815,0.02319999970495701,1.0,0.0,0.0,2.5070601046085357,,2019,pit,RP
sa918811,Michael Danielak,P,0.2504740059375763,0.15950000286102295,1.0,0.0,0.0,1.3830201365053654,,2019,pit,SP
14552,José Ruiz,P,10.0,0.0,10.0,0.0,0.7290999889373779,36.925690835714335,,2019,pit,RP
23455,Hunter Stratton,P,0.19192999601364136,0.17190000414848328,1.0,0.0,0.0,1.2714097812771796,ATL,2019,pit,SP
sa3002617,Pedro González,P,0.23975400626659393,0.16179999709129333,1.0,0.0,0.0,1.2851099327206614,,2019,pit,SP
25386,Jhony Brito,P,0.1754390001296997,0.1754000037908554,1.0,0.0,0.0,0.8177399136126042,SDP,2019,pit,SP
sa3004704,Bryce Conley,P,0.21501800417900085,0.16699999570846558,1.0,0.0,0.0,1.4880199812352655,NYM,2019,pit,SP
sa830006,Alfredo Colorado,P,0.1754390001296997,0.1754000037908554,1.0,0.0,0.0,1.247650040686131,,2019,pit,SP
sa829420,Zach Warren,P,1.0,0.0,1.0,0.0,0.0,2.693259907513857,,2019,pit,RP
sa737907,C.J. Robinson,P,1.0,0.0,1.0,0.0,0.0,2.8836801923811435,,2019,pit,RP
sa3001050,Alexis Garza,P,0.47640401124954224,0.11140000075101852,1.0,0.0,0.0,1.7356501102447512,,2019,pit,RP
sa3005353,Kelvin Sanchez,P,0.1754390001296997,0.1754000037908554,1.0,0.0,0.0,1.1446599096059802,,2019,pit,SP
sa872465,Ricardo Smith,P,0.2315090000629425,0.16349999606609344,1.0,0.0,0.0,1.231379942595959,CIN,2019,pit,SP
sa857591,Justin Jacome,P,0.22408799827098846,0.16509999334812164,1.0,0.0,0.0,1.7156301744282247,MIA,2019,pit,SP
sa830500,Leandro Linares,P,0.8853859901428223,0.024399999529123306,1.0,0.0,0.0,2.4579198919236664,,2019,pit,RP
11193,C.J. Riefenhauser,P,1.0,0.0,1.0,0.0,0.0,2.5986700832843783,HOU,2019,pit,RP
sa875824,Noel Rodriguez,P,1.0,0.0,1.0,0.0,0.0,2.4621100567281253,,2019,pit,RP
sa977180,Daniel Flores,P,0.4087890088558197,0.1257999986410141,1.0,0.0,0.0,1.6862201564013959,,2019,pit,RP
sa747275,Rodrigo Benoit,P,1.0,0.0,1.0,0.0,0.0,2.7349400952458387,,2019,pit,RP
sa3004024,Graham Spraker,P,0.20594699680805206,0.1688999980688095,1.0,0.0,0.0,1.0482600599527356,,2019,pit,SP
sa739539,Joaquin De La Cruz,P/3B,0.48464900255203247,0.1096000000834465,1.0,0.0,0.0,1.7769701167941094,,2019,pit,RP
sa827446,Mason McCullough,P,1.0,0.0,1.0,0.0,0.0,3.1219101347029214,,2019,pit,RP
sa3004441,Ivan Pelaez,P,1.0,0.0,1.0,0.0,0.0,2.5835100837051876,,2019,pit,RP
7371,Deunte Heath,P,1.0,0.0,1.0,0.0,0.0,2.6143702760338785,,2019,pit,RP
sa737197,Jose Carlos Medina,P,0.7394390106201172,0.055399999022483826,1.0,0.0,0.0,2.273760056495667,,2019,pit,RP
sa3004006,Robinson Ortiz,P,0.21089500188827515,0.1678999960422516,1.0,0.0,0.0,1.6189298458397388,SEA,2019,pit,SP
sa873529,Tomás Alastre,P,0.1754390001296997,0.1754000037908554,1.0,0.0,0.0,1.0694901362061504,,2019,pit,SP
sa739472,Isaac Castro,P,0.31314000487327576,0.1460999995470047,1.0,0.0,0.0,1.4370100364089016,,2019,pit,RP
sa3003102,Jose Montilla,P,0.1754390001296997,0.1754000037908554,1.0,0.0,0.0,1.2956600256264212,,2019,pit,SP
sa874229,Blake Quinn,P,0.8862109780311584,0.02419999986886978,1.0,0.0,0.0,2.515839868038893,,2019,pit,RP
8742,Zack Segovia,P,1.0,0.0,1.0,0.0,0.0,2.4581799648702147,,2019,pit,RP
sa598569,Samil De Los Santos,P,1.0,0.0,1.0,0.0,0.0,2.687199936807156,,2019,pit,RP
sa876290,Blake Rogers,P,1.0,0.0,1.0,0.0,0.0,2.7237600743770605,,2019,pit,RP
sa947763,Miguel Medrano,P,0.1754390001296997,0.1754000037908554,1.0,0.0,0.0,0.9323098830878735,,2019,pit,SP
sa709597,Carson Cross,P,0.1754390001296997,0.1754000037908554,1.0,0.0,0.0,1.0299399062991141,STL,2019,pit,SP
sa659041,Benny Suarez,P,0.5893679857254028,0.08739999681711197,1.0,0.0,0.0,1.8080898635089402,,2019,pit,RP
sa943755,Kenny Hernandez,P,0.4277540147304535,0.121799997985363,1.0,0.0,0.0,1.8977601580321792,,2019,pit,RP
979,Joe Beimel,P,1.0,0.0,1.0,0.0,0.0,2.273520147055388,,2019,pit,RP
23590,Ben Brown,P,0.2084210067987442,0.16840000450611115,1.0,0.0,0.0,1.1265201702713972,CHC,2019,pit,SP
20526,Denyi Reyes,P,1.6200000047683716,1.6200000047683716,9.234000205993652,0.0,0.0,21.23472254276276,,2019,pit,SP
sa504951,Oscar Verdugo,P,0.21501800417900085,0.16699999570846558,1.0,0.0,0.0,1.1428500071167949,PIT,2019,pit,SP
sa917379,Juan Perez,P,0.31314000487327576,0.1460999995470047,1.0,0.0,0.0,1.3328799657523631,BOS,2019,pit,RP
22810,Roansy Contreras,P,0.1754390001296997,0.1754000037908554,1.0,0.0,0.0,0.8710499219596386,,2019,pit,SP
17998,Pete Fairbanks,P,0.6825439929962158,0.06750000268220901,1.0,0.0,0.0,1.6063200406730171,MIA,2019,pit,RP
sa3002961,Jose Rodulfo,P,0.18780699372291565,0.1728000044822693,1.0,0.0,0.0,1.4799200430512425,,2019,pit,SP
sa873731,Wuilder Rodriguez,P,0.8961049914360046,0.022099999710917473,1.0,0.0,0.0,2.6119700960814956,,2019,pit,RP
sa876039,Brendan Butler,P,0.8969299793243408,0.021900000050663948,1.0,0.0,0.0,2.3331599205732343,,2019,pit,RP
sa3003091,Diarlin Jimenez,P,0.1754390001296997,0.1754000037908554,1.0,0.0,0.0,0.9836800128221515,,2019,pit,SP
sa875595,Jacob Schlesener,P,0.27685999870300293,0.15389999747276306,1.0,0.0,0.0,1.7962999336421488,,2019,pit,SP
24604,Austin Cox,P,0.1754390001296997,0.1754000037908554,1.0,0.0,0.0,1.2786597333848482,ATL,2019,pit,SP
sa879105,Noel De Jesus,P,0.1754390001296997,0.1754000037908554,1.0,0.0,0.0,1.2547200709581379,,2019,pit,SP
3685,J.D. Martin,P,0.19687700271606445,0.17090000212192535,1.0,0.0,0.0,1.3753900960087777,,2019,pit,SP
sa833402,Manuel Rodriguez,P,0.6404910087585449,0.07649999856948853,1.0,0.0,0.0,2.3267498753964904,,2019,pit,RP
sa735868,Anjul Hernandez,P,0.25377199053764343,0.15880000591278076,1.0,0.0,0.0,1.330650196969509,,2019,pit,SP
sa3002824,Brady Muller,P,0.1754390001296997,0.1754000037908554,1.0,0.0,0.0,1.0455300509929653,ARI,2019,pit,SP
sa597194,Jose Adames,P,1.0,0.0,1.0,0.0,0.0,2.3233899295330054,,2019,pit,RP
sa827371,Michael Costello,P,0.32880699634552,0.1428000032901764,1.0,0.0,0.0,0.902259818464517,BAL,2019,pit,RP
sa549073,Jon Keller,P,1.0,0.0,1.0,0.0,0.0,2.285809931159019,COL,2019,pit,RP
sa508781,Erubiel Gonzalez,P,1.0,0.0,1.0,0.0,0.0,2.3245100386440756,,2019,pit,RP
22191,Tobias Myers,P,0.19110499322414398,0.1720999926328659,1.0,0.0,0.0,1.3791399598121648,NYM,2019,pit,SP
sa737819,Casey Shane,P,0.1754390001296997,0.1754000037908554,1.0,0.0,0.0,0.9570498123764999,CLE,2019,pit,SP
sa917869,Deyni Olivero,P,0.1754390001296997,0.1754000037908554,1.0,0.0,0.0,1.2732199370861061,,2019,pit,SP
sa883009,Orleny Quiroz,P,1.0,0.0,1.0,0.0,0.0,2.43275994732976,,2019,pit,RP
sa3005685,Yohanse Morel,P,0.2735610008239746,0.15459999442100525,1.0,0.0,0.0,1.3376997038722043,,2019,pit,SP
sa657664,Felix Carvallo,P,1.0,0.0,1.0,0.0,0.0,2.1699600696563723,TEX,2019,pit,RP
sa3002996,Delvin Capellan,P,0.26696500182151794,0.15600000321865082,1.0,0.0,0.0,1.4039900630712512,,2019,pit,SP
sa737362,Jose Veras,P,1.0,0.0,1.0,0.0,0.0,2.43180001154542,,2019,pit,RP
sa658010,Cory Jones,P,1.0,0.0,1.0,0.0,0.0,2.022259866446257,BAL,2019,pit,RP
sa916838,Johan Herrera,P,0.22656099498271942,0.16459999978542328,1.0,0.0,0.0,1.6977301128208642,,2019,pit,SP
sa657629,Ariel Gracia,P,0.7056319713592529,0.06260000169277191,1.0,0.0,0.0,2.0939498260617255,,2019,pit,RP
8725,Manny Acosta,P,1.0,0.0,1.0,0.0,0.0,2.4037100933492184,,2019,pit,RP
sa827250,Ken Figueroa,P,0.2042980045080185,0.16930000483989716,1.0,0.0,0.0,1.0735199704766267,,2019,pit,SP
sa948674,Vinny Santarsiero,P,1.0,0.0,1.0,0.0,0.0,2.478340052813292,LAD,2019,pit,RP
sa657712,Jorge L. Rodriguez,P,0.5151579976081848,0.10320000350475311,1.0,0.0,0.0,2.0334301076829435,STL,2019,pit,RP
sa875803,Aaron Cox,P,1.0,0.0,1.0,0.0,0.0,2.338190148025751,,2019,pit,RP
sa739649,Sam Holland,P,1.0,0.0,1.0,0.0,0.0,2.43032006174326,,2019,pit,RP
sa491795,Heriberto Ruelas,P,1.0,0.0,1.0,0.0,0.0,2.4176099583506585,,2019,pit,RP
sa829165,Stetson Woods,P,0.46650901436805725,0.11349999904632568,1.0,0.0,0.0,1.6788901545107366,,2019,pit,RP
sa3004588,Harold Cortijo,P,0.19357900321483612,0.17159999907016754,1.0,0.0,0.0,0.9102599166333678,,2019,pit,SP
sa918793,CJ Gettman,P,1.0,0.0,1.0,0.0,0.0,3.0057901591062546,,2019,pit,RP
sa592949,Linder Castro,P,1.0,0.0,1.0,0.0,0.0,2.44815992936492,,2019,pit,RP
sa3005692,Efrain Contreras,P,0.3708600103855133,0.1339000016450882,1.0,0.0,0.0,1.815609905123711,LAA,2019,pit,RP
sa917324,Elio Serrano,P,1.0,0.0,1.0,0.0,0.0,2.835300110280514,,2019,pit,RP
sa874732,Nolan Watson,P,0.1754390001296997,0.1754000037908554,1.0,0.0,0.0,1.1094399333000178,,2019,pit,SP
sa875673,Austin Orewiler,P,0.36591199040412903,0.13490000367164612,1.0,0.0,0.0,1.2357099607586863,,2019,pit,RP
21131,Jose Espada,P,0.1754390001296997,0.1754000037908554,1.0,0.0,0.0,1.0051299244165421,BAL,2019,pit,SP
sa597276,Yorman Landa,P,1.0,0.0,1.0,0.0,0.0,2.488309895992279,,2019,pit,RP
sa737853,Stephen Woods Jr.,P,0.1754390001296997,0.1754000037908554,1.0,0.0,0.0,1.3892998419702054,,2019,pit,SP
sa3004005,Ramon Perez,P,0.23315800726413727,0.1632000058889389,1.0,0.0,0.0,1.6031800605356694,,2019,pit,SP
sa3004749,Clay Chandler,P,0.23975400626659393,0.16179999709129333,1.0,0.0,0.0,1.0960699141025545,,2019,pit,SP
sa915630,Ryan Nutof,P,1.0,0.0,1.0,0.0,0.0,2.3164601847529416,,2019,pit,RP
sa875348,Toller Boardman,P,1.0,0.0,1.0,0.0,0.0,2.3395199202001096,,2019,pit,RP
sa875796,Ike Schlabach,P,0.40219300985336304,0.12720000743865967,1.0,0.0,0.0,1.5690499790012842,,2019,pit,RP
21455,Kris Bubic,P,0.1754390001296997,0.1754000037908554,1.0,0.0,0.0,1.2140799306333068,KCR,2019,pit,SP
sa509129,Manuel Baez,P,1.0,0.0,1.0,0.0,0.0,2.307660047709942,,2019,pit,RP
sa526385,David Fischer,P,0.2455260008573532,0.16050000488758087,1.0,0.0,0.0,1.3735898338258274,,2019,pit,SP
sa3003037,Jairo Solis,P,0.2042980045080185,0.16930000483989716,1.0,0.0,0.0,1.2723598621785643,,2019,pit,SP
sa870202,Tony Guerra,P,0.4970180094242096,0.10700000077486038,1.0,0.0,0.0,1.6861699618399149,,2019,pit,RP
sa657211,Angel Duno,P,1.0,0.0,1.0,0.0,0.0,2.400459977984428,,2019,pit,RP
sa918087,Zack Trageton,P,0.1754390001296997,0.1754000037908554,1.0,0.0,0.0,1.1756200894713396,,2019,pit,SP
sa857654,Jesse Adams,P,0.7501580119132996,0.053199999034404755,1.0,0.0,0.0,2.1622301660478116,,2019,pit,RP
23592,Brett de Geus,P,0.18698200583457947,0.17299999296665192,1.0,0.0,0.0,1.3801401369273667,,2019,pit,SP
sa827972,Julio Benitez,P,0.1754390001296997,0.1754000037908554,1.0,0.0,0.0,0.8879702903330324,,2019,pit,SP
sa737195,Argenis Blanco,P,0.2183160036802292,0.1662999987602234,1.0,0.0,0.0,1.0935101404786107,,2019,pit,SP
sa738222,Jonathan Maciel,P,0.6000880002975464,0.08510000258684158,1.0,0.0,0.0,1.73194022551179,,2019,pit,RP
19609,Luke Barker,P,1.0,0.0,1.0,0.0,0.0,2.6593200176954275,,2019,pit,RP
19731,Kodi Whitley,P,0.8317890167236328,0.03579999879002571,1.0,0.0,0.0,2.4465197250247,TBR,2019,pit,RP
22054,Dane Myers,OF,0.1754390001296997,0.1754000037908554,1.0,0.0,0.0,0.7049800686538217,CIN,2019,pit,SP
sa875655,Brandon Quintero,P,1.0,0.0,1.0,0.0,0.0,2.1596799738705164,,2019,pit,RP
sa828277,Diomar Lopez,P,1.0,0.0,1.0,0.0,0.0,2.6633399501442914,CIN,2019,pit,RP
sa828462,Daniel Álvarez,P,1.0,0.0,1.0,0.0,0.0,2.2275901012122628,,2019,pit,RP
sa977262,Luis De Luna,P,0.5242279767990112,0.10119999945163727,1.0,0.0,0.0,1.7651500836014753,,2019,pit,RP
sa830225,Jonathan Padilla,P,0.3485960066318512,0.13860000669956207,1.0,0.0,0.0,1.1562399625778204,NYY,2019,pit,RP
sa918326,Derek Heffel,P,0.5877190232276917,0.0877000018954277,1.0,0.0,0.0,1.420929891616106,TEX,2019,pit,RP
5284,Esmailin Caridad,P,1.0,0.0,1.0,0.0,0.0,2.375850006937981,,2019,pit,RP
sa915671,Parker Rigler,P,0.1754390001296997,0.1754000037908554,1.0,0.0,0.0,0.8331600643694399,,2019,pit,SP
sa738484,A.J. Bogucki,P,0.7996320128440857,0.04259999841451645,1.0,0.0,0.0,2.211470030993223,,2019,pit,RP
sa917366,Sergio Cubilete,P,0.28510499000549316,0.15209999680519104,1.0,0.0,0.0,1.3101600997149947,,2019,pit,SP
sa328973,Edgar Osuna,P,0.2826319932937622,0.1526000052690506,1.0,0.0,0.0,1.2715998172760017,,2019,pit,SP
sa598648,Fabian Cota,P,1.0,0.0,1.0,0.0,0.0,2.511220086365938,,2019,pit,RP
sa737923,Matt Stalcup,P,0.46238601207733154,0.1143999993801117,1.0,0.0,0.0,1.677529916912318,,2019,pit,RP
sa921448,Wilfred Salaman,P,0.20677199959754944,0.1687999963760376,1.0,0.0,0.0,1.4327598035335538,,2019,pit,SP
sa856275,Andrew Lee,P,0.31314000487327576,0.1460999995470047,1.0,0.0,0.0,1.5830102287232881,,2019,pit,RP
22176,Easton McGee,P,0.1754390001296997,0.1754000037908554,1.0,0.0,0.0,1.057539848983288,MIL,2019,pit,SP
22717,Angel Zerpa,P,0.2603679895401001,0.1573999971151352,1.0,0.0,0.0,1.2387598924338823,MIL,2019,pit,SP
sa919881,Yordi Rosario,P,0.22491200268268585,0.164900004863739,1.0,0.0,0.0,1.0036298878490926,,2019,pit,SP
sa657790,Dallas Martinez,P,0.1944040060043335,0.17139999568462372,1.0,0.0,0.0,0.9305701375007631,,2019,pit,SP
sa508091,Alfonso Sanchez,P,0.5275260210037231,0.10050000250339508,1.0,0.0,0.0,1.7508299246430399,,2019,pit,RP
sa873148,Dalbert Siri,P,1.0,0.0,1.0,0.0,0.0,2.599100131541491,,2019,pit,RP
sa828412,Joan Baez,P,0.1754390001296997,0.1754000037908554,1.0,0.0,0.0,1.2326799049973487,,2019,pit,SP
22913,Francisco Morales,P,0.1754390001296997,0.1754000037908554,1.0,0.0,0.0,1.020050033181906,,2019,pit,SP
sa3005346,Jeferson Garcia,P,0.3477720022201538,0.1387999951839447,1.0,0.0,0.0,1.7321500606834892,,2019,pit,RP
17018,Jefry Rodriguez,P,10.0,0.0,10.0,0.0,0.807699978351593,38.9249383687973,,2019,pit,RP
sa875615,RJ Peace,P,0.5390700101852417,0.09809999912977219,1.0,0.0,0.0,2.200479901582003,,2019,pit,RP
sa658169,Nolan Becker,P,1.0,0.0,1.0,0.0,0.0,2.485019914060832,,2019,pit,RP
sa455989,Carlos Teller,P,0.6833680272102356,0.0674000009894371,1.0,0.0,0.0,1.880980017781258,,2019,pit,RP
sa737281,Enrique De Los Rios,P,0.5497890114784241,0.0957999974489212,1.0,0.0,0.0,1.8637601457536221,,2019,pit,RP
sa918286,Brian Trieglaff,P,1.0,0.0,1.0,0.0,0.0,2.121170234680176,,2019,pit,RP
sa918472,Kaleb Fontenot,P,0.8944560289382935,0.02250000089406967,1.0,0.0,0.0,1.867629817128181,,2019,pit,RP
sa740444,Jairo Beras,OF,1.0,0.0,1.0,0.0,0.0,2.235669835656881,,2019,pit,RP
sa3002988,Nathanael Perez Lopez,P,0.1754390001296997,0.1754000037908554,1.0,0.0,0.0,0.8125401079654697,,2019,pit,SP
sa656038,Jefferson Medina,P,1.0,0.0,1.0,0.0,0.0,1.9737501531839374,,2019,pit,RP
sa3005098,Oscar Rojas,P,0.1944040060043335,0.17139999568462372,1.0,0.0,0.0,1.3149197518825537,,2019,pit,SP
sa925074,Claudio Galva,P,0.1754390001296997,0.1754000037908554,1.0,0.0,0.0,0.8979101359844206,,2019,pit,SP
sa875253,Thomas McIlraith,P,1.0,0.0,1.0,0.0,0.0,2.563250210881234,,2019,pit,RP
sa924537,Dakota Smith,P,0.5102109909057617,0.10419999808073044,1.0,0.0,0.0,1.6631602264940732,,2019,pit,RP
sa875190,Blake Bass,P,1.0,0.0,1.0,0.0,0.0,1.8783697791397573,TEX,2019,pit,RP
21132,Alexis Díaz,P,0.21089500188827515,0.1678999960422516,1.0,0.0,0.0,0.9824802264571191,TEX,2019,pit,SP
sa3003117,Rodolfo Fajardo,P,0.18780699372291565,0.1728000044822693,1.0,0.0,0.0,1.08739003688097,,2019,pit,SP
21281,Tommy Doyle,P,1.0,0.0,1.0,0.0,0.0,2.057599865645171,,2019,pit,RP
sa873299,Randy Acevedo,P,0.21501800417900085,0.16699999570846558,1.0,0.0,0.0,0.9827402547001842,,2019,pit,SP
sa3003045,Alfredo Garcia,P,0.19192999601364136,0.17190000414848328,1.0,0.0,0.0,0.6171700932085518,,2019,pit,SP
5164,Alfredo Aceves,P,1.0,0.0,1.0,0.0,0.0,2.2695699967443943,,2019,pit,RP
sa876080,Taylore Cherry,P,1.0,0.0,1.0,0.0,0.0,2.138769868761301,CHW,2019,pit,RP
sa3004108,Josh Mitchell,P,1.0,0.0,1.0,0.0,0.0,2.414990173280239,,2019,pit,RP
sa737483,Argenis Rodriguez,P,0.6833680272102356,0.0674000009894371,1.0,0.0,0.0,1.9321199230849748,,2019,pit,RP
sa913975,Jose Isidro Marquez,P,1.0,0.0,1.0,0.0,0.0,2.346669915318489,,2019,pit,RP
20375,Greg Weissert,P,1.0,0.0,1.0,0.0,0.0,2.3139197632670405,BOS,2019,pit,RP
sa828512,Daniel Ramos,P,0.5316489934921265,0.09960000216960907,1.0,0.0,0.0,1.500979973375797,,2019,pit,RP
sa602380,Brandon Bonilla,P,0.46238601207733154,0.1143999993801117,1.0,0.0,0.0,1.2880497813224787,,2019,pit,RP
23313,José Buttó,P,0.19110499322414398,0.1720999926328659,1.0,0.0,0.0,1.3252799749374393,SFG,2019,pit,SP
19531,Jason Foley,P,1.0,0.0,1.0,0.0,0.0,2.102950059622526,SFG,2019,pit,RP
sa509457,Eder Llamas,P,1.0,0.0,1.0,0.0,0.0,2.2231400750577452,,2019,pit,RP
sa829745,Cody Schumacher,P,1.0,0.0,1.0,0.0,0.0,2.5642497330904015,STL,2019,pit,RP
sa328938,Johan Yan,P,1.0,0.0,1.0,0.0,0.0,2.38403989225626,,2019,pit,RP
sa918312,Justin Valdespina,P,0.3906489908695221,0.12960000336170197,1.0,0.0,0.0,1.3752601735293872,COL,2019,pit,RP
sa873675,Mitchell Jordan,P,0.22408799827098846,0.16509999334812164,1.0,0.0,0.0,1.2632400490343567,,2019,pit,SP
sa3005025,Sam Keating,P,0.1754390001296997,0.1754000037908554,1.0,0.0,0.0,1.1737800903618338,,2019,pit,SP
sa733608,Nicolas Heredia,P,0.8210700154304504,0.038100000470876694,1.0,0.0,0.0,2.2087099343538283,,2019,pit,RP
sa857669,Marc Brakeman,P,1.0,0.0,1.0,0.0,0.0,2.4578800268471244,,2019,pit,RP
sa915723,Jeremy McKinney,P,1.0,0.0,1.0,0.0,0.0,2.489520132541657,,2019,pit,RP
sa3005117,Blayne Enlow,P,0.2034740000963211,0.16949999332427979,1.0,0.0,0.0,0.8911001428961751,ATL,2019,pit,SP
sa914205,Wes Torrez,P,0.29005300998687744,0.15109999477863312,1.0,0.0,0.0,1.2326001502573485,,2019,pit,SP
sa3003168,Raul Hernandez,P,0.18780699372291565,0.1728000044822693,1.0,0.0,0.0,0.9593397699296475,,2019,pit,SP
sa857616,Gavin Pittore,P,1.0,0.0,1.0,0.0,0.0,2.4057700209319597,LAD,2019,pit,RP
sa918026,Wilkel Hernandez,P,0.1754390001296997,0.1754000037908554,1.0,0.0,0.0,0.7101001642644409,,2019,pit,SP
sa829590,Nestor Bautista,P,0.899403989315033,0.021400000900030136,1.0,0.0,0.0,2.675380175560713,,2019,pit,RP
1654,Oscar Villarreal,P,1.0,0.0,1.0,0.0,0.0,2.261080008000136,,2019,pit,RP
sa875233,Gray Fenter,P,0.35106998682022095,0.13809999823570251,1.0,0.0,0.0,0.9847499795258052,,2019,pit,RP
19804,Bryan Baker,P,1.0,0.0,1.0,0.0,0.0,2.3774200104177003,TBR,2019,pit,RP
sa3006697,C.J. Eldred,P,0.1754390001296997,0.1754000037908554,1.0,0.0,0.0,0.8376398533582687,,2019,pit,SP
sa3006074,Jorge Rodriguez,P,0.1754390001296997,0.1754000037908554,1.0,0.0,0.0,0.9588000945746895,,2019,pit,SP
3319,Arturo Lopez,P,1.0,0.0,1.0,0.0,0.0,2.187529975920916,,2019,pit,RP
sa542046,Oscar Felix,P,1.0,0.0,1.0,0.0,0.0,2.413899894803763,,2019,pit,RP
sa739757,Kyle Grana,P,1.0,0.0,1.0,0.0,0.0,2.4756201021373276,,2019,pit,RP
sa828536,Jean Ruiz,P,0.22903500497341156,0.164000004529953,1.0,0.0,0.0,1.1249601311981672,,2019,pit,SP
sa917835,Eris Filpo,P,0.1754390001296997,0.1754000037908554,1.0,0.0,0.0,0.5021799311041835,,2019,pit,SP
sa828540,Jhon Peluffo,P,0.21089500188827515,0.1678999960422516,1.0,0.0,0.0,0.5187801718711857,,2019,pit,SP
sa3004206,Andrew Beckwith,P,1.0,0.0,1.0,0.0,0.0,2.405689722299576,,2019,pit,RP
sa828384,Franyel Casadilla,P,0.21584199368953705,0.16680000722408295,1.0,0.0,0.0,1.3203902453184129,,2019,pit,SP
sa917564,Carlos Carreno,P,0.1754390001296997,0.1754000037908554,1.0,0.0,0.0,0.784389816224575,,2019,pit,SP
sa735869,Michael Suarez,P,0.41126298904418945,0.12530000507831573,1.0,0.0,0.0,1.422900056093932,,2019,pit,RP
sa828710,Jhenderson Hurtado,P,0.23728099465370178,0.1623000055551529,1.0,0.0,0.0,1.2935399785637856,,2019,pit,SP
sa3004825,Jim Voyles,P,0.2504740059375763,0.15950000286102295,1.0,0.0,0.0,1.3815197594463826,,2019,pit,SP
sa828538,Felix Tati,P,0.3988949954509735,0.12790000438690186,1.0,0.0,0.0,1.4299699522554876,,2019,pit,RP
sa871482,Wladimir Pinto,P,1.0,0.0,1.0,0.0,0.0,2.294810140132905,,2019,pit,RP
sa916837,Marco Gonzalez,P,0.20677199959754944,0.1687999963760376,1.0,0.0,0.0,1.088480170816183,,2019,pit,SP
sa659945,Luis Cedeno,P,1.0,0.0,1.0,0.0,0.0,2.3180300503969193,,2019,pit,RP
sa3002982,Ignacio Feliz,P,0.1754390001296997,0.1754000037908554,1.0,0.0,0.0,1.2705997198820116,,2019,pit,SP
21997,Luis Frías,P,0.1894560009241104,0.17249999940395355,1.0,0.0,0.0,1.3467799879610545,,2019,pit,SP
21093,Nick Vespi,P,1.0,0.0,1.0,0.0,0.0,1.93524985909462,,2019,pit,RP
sa3004474,Bryce Howe,P,0.4788770079612732,0.11089999973773956,1.0,0.0,0.0,2.0299300462007523,,2019,pit,RP
sa830240,Israel Cruz,P,0.18863199651241302,0.17260000109672546,1.0,0.0,0.0,1.6149498872458934,,2019,pit,SP
sa738640,Pat Goetze,P,1.0,0.0,1.0,0.0,0.0,2.216369962692261,BOS,2019,pit,RP
20349,Zack Kelly,P,1.0,0.0,1.0,0.0,0.0,2.1868599362671373,BOS,2019,pit,RP
sa918618,Tyree Thompson,P,0.1993509978055954,0.1703999936580658,1.0,0.0,0.0,0.5347201861441135,,2019,pit,SP
sa875696,Ryne Inman,P,0.1754390001296997,0.1754000037908554,1.0,0.0,0.0,0.9820599220693111,,2019,pit,SP
sa829433,Alex Palsha,P,1.0,0.0,1.0,0.0,0.0,2.597469777613879,,2019,pit,RP
sa875052,Garrett Davila,P,0.23480699956417084,0.16279999911785126,1.0,0.0,0.0,1.2627399414777756,,2019,pit,SP
24763,Kyle Leahy,P,0.2224390059709549,0.16539999842643738,1.0,0.0,0.0,1.2290599443018437,STL,2019,pit,SP
sa914044,Rogelio Bernal,P,0.1754390001296997,0.1754000037908554,1.0,0.0,0.0,0.9479800723493099,,2019,pit,SP
sa3002917,Rafael Kelly,P,0.2364560067653656,0.16249999403953552,1.0,0.0,0.0,1.1683802030980588,,2019,pit,SP
sa875307,Bret Helton,P,0.8944560289382935,0.02250000089406967,1.0,0.0,0.0,2.2418099619448184,,2019,pit,RP
sa920458,Kyle Halbohn,P,0.7336670160293579,0.056699998676776886,1.0,0.0,0.0,2.0308998905122277,,2019,pit,RP
sa873319,Angel Padron,P,0.42940399050712585,0.12139999866485596,1.0,0.0,0.0,1.5825700744986535,,2019,pit,RP
sa915721,Brendan King,P,0.5415440201759338,0.09749999642372131,1.0,0.0,0.0,1.8639098837971688,,2019,pit,RP
sa920563,Max Bethell,P,0.8705440163612366,0.027499999850988388,1.0,0.0,0.0,2.16982016786933,LAA,2019,pit,RP
sa3004866,Eudi Asencio,P,0.1754390001296997,0.1754000037908554,1.0,0.0,0.0,1.1949599489569667,,2019,pit,SP
sa551970,Anyelo Leclerc,P,0.543192982673645,0.09719999879598618,1.0,0.0,0.0,1.7646101400256153,BOS,2019,pit,RP
11801,Hansel Robles,P,50.0,0.0,50.0,0.0,12.861900329589844,238.2250709533691,,2019,pit,RP
21052,Luis Gil,P,0.1754390001296997,0.1754000037908554,1.0,0.0,0.0,0.7708498999476432,NYY,2019,pit,SP
sa915858,Oliver Jaskie,P,0.1952279955148697,0.1712000072002411,1.0,0.0,0.0,1.0304698899388312,SEA,2019,pit,SP
23237,Juan Mejia,P,0.1754390001296997,0.1754000037908554,1.0,0.0,0.0,0.5509098976850515,COL,2019,pit,SP
sa3005444,Juan Sanchez,P,0.1754390001296997,0.1754000037908554,1.0,0.0,0.0,0.9567900277674197,SFG,2019,pit,SP
sa506924,Marco Camarena,P,0.8012809753417969,0.04230000078678131,1.0,0.0,0.0,1.861749909073115,,2019,pit,RP
sa918532,Hunter Smith,P,0.8037539720535278,0.04179999977350235,1.0,0.0,0.0,1.9467299364507205,,2019,pit,RP
sa828707,Trey Supak,P,3.240000009536743,3.240000009536743,18.468000411987305,0.0,0.0,50.82974128723145,TEX,2019,pit,SP
sa876201,Hector Lujan,P,1.0,0.0,1.0,0.0,0.0,2.1903202369809156,,2019,pit,RP
sa915725,Evan Miller,P,1.0,0.0,1.0,0.0,0.0,2.511129953712225,,2019,pit,RP
sa3005634,Julio Puello,P,0.20017500221729279,0.17020000517368317,1.0,0.0,0.0,1.2919300541281702,STL,2019,pit,SP
sa3003036,Samuel Reyes,P,0.6825439929962158,0.06750000268220901,1.0,0.0,0.0,1.8694101944565777,,2019,pit,RP
sa3008462,Kevin Folman,P,0.19687700271606445,0.17090000212192535,1.0,0.0,0.0,0.6185498356819155,CHW,2019,pit,SP
sa856185,Joey Strain,P,0.899403989315033,0.021400000900030136,1.0,0.0,0.0,1.9594002090394498,SEA,2019,pit,RP
sa601619,Alejandro Flores,P,0.6248250007629395,0.07980000227689743,1.0,0.0,0.0,1.8056599840521814,,2019,pit,RP
sa3003058,Leonardo Rodriguez,P,0.20594699680805206,0.1688999980688095,1.0,0.0,0.0,0.4688400477170944,,2019,pit,SP
sa829860,Davis Ward,P,1.0,0.0,1.0,0.0,0.0,2.486309918016196,STL,2019,pit,RP
sa856272,Evan Hill,P,1.0,0.0,1.0,0.0,0.0,2.0741798922419554,,2019,pit,RP
sa919825,Brandon Agar,P,0.1754390001296997,0.1754000037908554,1.0,0.0,0.0,0.7057200580835343,CHW,2019,pit,SP
sa3002715,Joe Kuzia,P,1.0,0.0,1.0,0.0,0.0,1.8886002950370315,,2019,pit,RP
sa869552,Trey Lambert,P,0.8928070068359375,0.02280000038444996,1.0,0.0,0.0,2.07080015912652,,2019,pit,RP
sa877017,Jose Gonzalez,P,0.2323330044746399,0.16329999268054962,1.0,0.0,0.0,1.070420055836439,,2019,pit,SP
sa875202,Travis Neubeck,P,1.0,0.0,1.0,0.0,0.0,2.6891301609575753,,2019,pit,RP
sa3006492,Santos Moreno,P,0.1754390001296997,0.1754000037908554,1.0,0.0,0.0,0.7079301647841931,,2019,pit,SP
sa658114,Kris Hall,P,1.0,0.0,1.0,0.0,0.0,2.4489199399948123,OAK,2019,pit,RP
sa3004648,Seth Corry,P,0.1754390001296997,0.1754000037908554,1.0,0.0,0.0,1.5652000740170484,,2019,pit,SP
sa828533,Andres Torres,P,0.1754390001296997,0.1754000037908554,1.0,0.0,0.0,0.7676100820302962,SEA,2019,pit,SP
sa509795,Vanny Valenzuela,P,0.4137369990348816,0.12470000237226486,1.0,0.0,0.0,1.5087698921561241,,2019,pit,RP
sa977562,Mario Morales,P,1.0,0.0,1.0,0.0,0.0,2.275849785655737,,2019,pit,RP
sa3002929,Antonio Pujols,P,0.1754390001296997,0.1754000037908554,1.0,0.0,0.0,1.0018801309168341,,2019,pit,SP
sa918024,Winston Nicacio,P,0.33705300092697144,0.14110000431537628,1.0,0.0,0.0,1.4366801112890246,,2019,pit,RP
sa914046,Jesus Carlos,P,0.904350996017456,0.020400000736117363,1.0,0.0,0.0,2.1401098027825363,,2019,pit,RP
sa917974,Jose Gomez,P,0.1754390001296997,0.1754000037908554,1.0,0.0,0.0,0.9025000549852851,,2019,pit,SP
sa827460,Austin Pettibone,P,1.0,0.0,1.0,0.0,0.0,2.2901901103556157,,2019,pit,RP
sa602382,Jeremy Null,P,1.0,0.0,1.0,0.0,0.0,2.219879963994026,,2019,pit,RP
sa504009,Julian Arballo,P,0.46238601207733154,0.1143999993801117,1.0,0.0,0.0,1.5117898456752301,,2019,pit,RP
sa829639,Mariano Rivera,P,1.0,0.0,1.0,0.0,0.0,2.2226400740444667,,2019,pit,RP
sa630664,Shane Kemp,P,1.0,0.0,1.0,0.0,0.0,2.3033499978482723,PIT,2019,pit,RP
23293,Codi Heuer,P,0.1754390001296997,0.1754000037908554,1.0,0.0,0.0,0.5396300911903382,CLE,2019,pit,SP
sa737093,Wilfri Aleton,P,0.33128100633621216,0.14229999482631683,1.0,0.0,0.0,1.305889914929867,,2019,pit,RP
sa3004229,Matt Gunter,P,0.1944040060043335,0.17139999568462372,1.0,0.0,0.0,0.8139300353825094,,2019,pit,SP
sa831599,Juan Escorcia,P,0.2933509945869446,0.15039999783039093,1.0,0.0,0.0,1.175539986789226,,2019,pit,SP
sa3004812,Steven Jennings,P,0.1754390001296997,0.1754000037908554,1.0,0.0,0.0,0.8494700185954578,,2019,pit,SP
sa602917,Kelvin Vasquez,P,0.881263017654419,0.025299999862909317,1.0,0.0,0.0,2.289830080419779,,2019,pit,RP
23735,Luis Garcia,P,0.2958250045776367,0.14980000257492065,1.0,0.0,0.0,1.4120901405811304,,2019,pit,SP
sa871767,Jose Vasquez,P,0.1754390001296997,0.1754000037908554,1.0,0.0,0.0,0.4833899892866613,,2019,pit,SP
sa656035,Armando Bastardo,P,0.31314000487327576,0.1460999995470047,1.0,0.0,0.0,1.411199958622456,TBR,2019,pit,RP
sa709017,Michael Theofanopoulos,P,1.0,0.0,1.0,0.0,0.0,2.319339783489704,MIN,2019,pit,RP
23324,Freddy Tarnok,P,0.3609650135040283,0.13600000739097595,1.0,0.0,0.0,1.7802602082490928,,2019,pit,RP
sa826043,Sergio Sierra,P,0.2933509945869446,0.15039999783039093,1.0,0.0,0.0,1.1886399932205678,,2019,pit,SP
sa550161,Jonathon Crawford,P,0.1754390001296997,0.1754000037908554,1.0,0.0,0.0,0.7102701917290686,,2019,pit,SP
sa738724,Justin Thomas,P,1.0,0.0,1.0,0.0,0.0,2.2731398172676562,WSN,2019,pit,RP
sa510341,Jose Pena,P,1.0,0.0,1.0,0.0,0.0,2.5512800708413126,,2019,pit,RP
sa829656,Bryan Dobzanski,P,1.0,0.0,1.0,0.0,0.0,2.4947499357163907,,2019,pit,RP
sa915777,Nick Brown,P,0.5151579976081848,0.10320000350475311,1.0,0.0,0.0,1.6481200933456424,,2019,pit,RP
sa918600,Jared Oliver,P,1.0,0.0,1.0,0.0,0.0,2.597210185229778,,2019,pit,RP
18519,Phil Bickford,P,1.0,0.0,1.0,0.0,0.0,2.702659967541695,DET,2019,pit,RP
sa829020,Spencer Moran,P,0.1754390001296997,0.1754000037908554,1.0,0.0,0.0,0.9328301467001441,,2019,pit,SP
sa737676,Yapson Gomez,P,1.0,0.0,1.0,0.0,0.0,2.1690399356186396,,2019,pit,RP
sa828470,Yeison Santana,P,0.8400350213050842,0.03400000184774399,1.0,0.0,0.0,2.071450120955706,,2019,pit,RP
22487,Johan Oviedo,P,0.1894560009241104,0.17249999940395355,1.0,0.0,0.0,1.3329899996519088,BOS,2019,pit,SP
sa602673,Alex Hermeling,P,1.0,0.0,1.0,0.0,0.0,2.623800128698349,LAD,2019,pit,RP
sa886966,Sandro Rosario,P,0.2603679895401001,0.1573999971151352,1.0,0.0,0.0,0.8860797919332981,,2019,pit,SP
sa875411,Blake Smith,P,1.0,0.0,1.0,0.0,0.0,2.3943700842559337,,2019,pit,RP
sa877530,Zach Hartman,P,1.0,0.0,1.0,0.0,0.0,2.302689757943154,,2019,pit,RP
sa3002606,Jesus Toledo,P,0.20182499289512634,0.16979999840259552,1.0,0.0,0.0,0.8511398434638977,,2019,pit,SP
sa3003158,Emilker Guzman,P,0.2273859977722168,0.16439999639987946,1.0,0.0,0.0,0.7853298686444763,,2019,pit,SP
sa3006834,Gabe Mosser,P,1.0,0.0,1.0,0.0,0.0,2.598830054700375,SEA,2019,pit,RP
sa873292,Sandro Cabrera,P,0.4698069989681244,0.1128000020980835,1.0,0.0,0.0,2.168610066920519,,2019,pit,RP
22828,Juan Then,P,0.1754390001296997,0.1754000037908554,1.0,0.0,0.0,0.5460599139332776,,2019,pit,SP
sa3005836,Cristian Hernandez,P,0.1754390001296997,0.1754000037908554,1.0,0.0,0.0,0.7985401012003424,,2019,pit,SP
sa875789,Logan Lombana,P,1.0,0.0,1.0,0.0,0.0,2.2644399419426917,,2019,pit,RP
sa873429,Cristofer Melendez,P,0.2315090000629425,0.16349999606609344,1.0,0.0,0.0,0.9385901875793934,,2019,pit,SP
23223,Michael Mercado,P,0.1754390001296997,0.1754000037908554,1.0,0.0,0.0,0.9854299277067189,PHI,2019,pit,SP
sa829255,Jimmy Duff,P,1.0,0.0,1.0,0.0,0.0,2.488490164279938,NYM,2019,pit,RP
sa3004705,Greg Jacknewitz,P,0.4038420021533966,0.12680000066757202,1.0,0.0,0.0,1.3795101970434183,,2019,pit,RP
sa918008,Mikey York,P,0.3197369873523712,0.14470000565052032,1.0,0.0,0.0,1.4922399930655956,,2019,pit,RP
sa829194,Alec Kenilvort,P,1.0,0.0,1.0,0.0,0.0,2.505970100313425,,2019,pit,RP
sa872526,Jurgen Jimenez,P,0.2273859977722168,0.16439999639987946,1.0,0.0,0.0,1.2665899798274043,,2019,pit,SP
sa580419,Brad Allen,P,0.46238601207733154,0.1143999993801117,1.0,0.0,0.0,1.58707996532321,,2019,pit,RP
sa454556,Edwin Quirarte,P,1.0,0.0,1.0,0.0,0.0,2.1421000093221667,,2019,pit,RP
sa3005856,Ludwin Jimenez,P,0.20182499289512634,0.16979999840259552,1.0,0.0,0.0,1.2334099777042868,,2019,pit,SP
sa328570,Thomas Melgarejo,P,1.0,0.0,1.0,0.0,0.0,2.2099899433553225,,2019,pit,RP
sa3002965,Helcris Olivárez,P,0.1754390001296997,0.1754000037908554,1.0,0.0,0.0,0.5641502290964131,KCR,2019,pit,SP
sa875701,Jio Orozco,P,0.19357900321483612,0.17159999907016754,1.0,0.0,0.0,0.7292697370052337,,2019,pit,SP
sa918249,Brandon White,P,1.0,0.0,1.0,0.0,0.0,2.5323401249945166,,2019,pit,RP
sa873294,Jasier Herrera,P,0.1902810037136078,0.17229999601840973,1.0,0.0,0.0,0.8663800626993181,,2019,pit,SP
sa918110,Tai Tiedemann,P,0.18863199651241302,0.17260000109672546,1.0,0.0,0.0,0.461260072141886,,2019,pit,SP
sa3003113,Jose Moreno,P,0.1754390001296997,0.1754000037908554,1.0,0.0,0.0,1.0751698650419712,,2019,pit,SP
sa737628,Carter Hope,P,0.6668769717216492,0.07090000063180923,1.0,0.0,0.0,1.8075300149619582,,2019,pit,RP
sa917471,Kenlly Montas,P,0.21419300138950348,0.1671999990940094,1.0,0.0,0.0,0.9105999536812308,NYY,2019,pit,SP
sa3005697,Luis Barroso,P,0.1902810037136078,0.17229999601840973,1.0,0.0,0.0,0.9199300542473794,,2019,pit,SP
sa916960,Pedro Barrios,P,0.20759600400924683,0.16859999299049377,1.0,0.0,0.0,0.9057002268731593,NYY,2019,pit,SP
sa873729,Eury Ramos,P,0.22656099498271942,0.16459999978542328,1.0,0.0,0.0,1.1780002906918532,,2019,pit,SP
sa829574,James Carter,P,1.0,0.0,1.0,0.0,0.0,2.312950011342764,,2019,pit,RP
sa658609,Corey Kimber,P,1.0,0.0,1.0,0.0,0.0,2.4959401302039628,SDP,2019,pit,RP
sa828224,Alexander Calderon,P,0.25789499282836914,0.15790000557899475,1.0,0.0,0.0,1.1479299746453764,,2019,pit,SP
sa3004085,Adam Bleday,P,1.0,0.0,1.0,0.0,0.0,2.4632398195564753,,2019,pit,RP
sa737569,Fabian Anguamea,P,1.0,0.0,1.0,0.0,0.0,2.327770089358092,,2019,pit,RP
sa830371,Cody Clark,P,1.0,0.0,1.0,0.0,0.0,2.3870199747383603,,2019,pit,RP
sa918844,Jonathon Mulford,P,0.1754390001296997,0.1754000037908554,1.0,0.0,0.0,1.0994699172675615,STL,2019,pit,SP
sa3004864,Kyle Zurak,P,1.0,0.0,1.0,0.0,0.0,2.0508598707616335,,2019,pit,RP
sa740428,Luis Ivan Rodriguez,P,0.8037539720535278,0.04179999977350235,1.0,0.0,0.0,2.0102901138365277,,2019,pit,RP
5332,Atahualpa Severino,P,1.0,0.0,1.0,0.0,0.0,2.3496497154235843,,2019,pit,RP
sa736828,Luis Miranda,P,1.0,0.0,1.0,0.0,0.0,2.305229794234038,,2019,pit,RP
sa913036,Dan Jagiello,P,1.0,0.0,1.0,0.0,0.0,2.758000102639198,,2019,pit,RP
sa869604,Nathanael Santiago,P,1.0,0.0,1.0,0.0,0.0,2.3550599090754987,,2019,pit,RP
sa824739,Francisco Moreno,P,0.41126298904418945,0.12530000507831573,1.0,0.0,0.0,1.3254399612545975,,2019,pit,RP
sa658192,Ryan Kellogg,P,1.0,0.0,1.0,0.0,0.0,2.2378202475607396,,2019,pit,RP
sa919408,Adam Panayotovich,P,0.2867540121078491,0.1518000066280365,1.0,0.0,0.0,0.9893700949847699,CHW,2019,pit,SP
sa977111,Chris Rocha,P,0.6701750159263611,0.07020000368356705,1.0,0.0,0.0,1.7681300982832915,,2019,pit,RP
sa502235,Angel Adrian Ramirez,P,1.0,0.0,1.0,0.0,0.0,2.26055021211505,,2019,pit,RP
sa828548,Jose Nin,P,1.0,0.0,1.0,0.0,0.0,1.933209841698408,,2019,pit,RP
sa3004014,Max Roberts,P,0.19357900321483612,0.17159999907016754,1.0,0.0,0.0,0.8551101475954059,,2019,pit,SP
sa3002794,Aldry Acosta,P,0.2785089910030365,0.1535000056028366,1.0,0.0,0.0,1.476269920170307,,2019,pit,SP
sa875765,Geno Encina,P,0.7897369861602783,0.04470000043511391,1.0,0.0,0.0,1.9291898235678673,,2019,pit,RP
sa737036,Jose Santiago,P,0.3255090117454529,0.14350000023841858,1.0,0.0,0.0,1.2508397318422797,,2019,pit,RP
sa737083,Manuel Rondon,P,0.8763160109519958,0.02630000002682209,1.0,0.0,0.0,2.3896699942648416,,2019,pit,RP
sa923371,Antonio Canizales,P,0.1754390001296997,0.1754000037908554,1.0,0.0,0.0,0.760310008376837,,2019,pit,SP
sa3004479,Zack Mozingo,P,0.7254210114479065,0.058400001376867294,1.0,0.0,0.0,2.11888996809721,,2019,pit,RP
sa3003103,Nelvin Correa,P,0.26778900623321533,0.155799999833107,1.0,0.0,0.0,1.046009855717421,,2019,pit,SP
sa657137,Jose Diaz,P,0.21501800417900085,0.16699999570846558,1.0,0.0,0.0,0.8550801582634446,,2019,pit,SP
sa3005261,Kevin Marnon,P,0.8111749887466431,0.04019999876618385,1.0,0.0,0.0,2.0504701808094974,,2019,pit,RP
sa876117,Steven Klimek,P,1.0,0.0,1.0,0.0,0.0,1.686120089143515,,2019,pit,RP
sa595954,Axel Rios,P,0.8350880146026611,0.035100001841783524,1.0,0.0,0.0,1.9979201339185235,,2019,pit,RP
sa871316,Edgar Torres,P,0.7179999947547913,0.05999999865889549,1.0,0.0,0.0,1.8615500949323178,,2019,pit,RP
sa827949,Luis Sanchez,P,0.1754390001296997,0.1754000037908554,1.0,0.0,0.0,0.7668599769473077,,2019,pit,SP
sa918926,Troy Bacon,P,1.0,0.0,1.0,0.0,0.0,2.587350124120712,,2019,pit,RP
sa593936,Jose Manuel Lopez,P/OF,1.0,0.0,1.0,0.0,0.0,2.2477001197636133,,2019,pit,RP
sa509455,Esteban Haro,P,1.0,0.0,1.0,0.0,0.0,2.128860101103783,,2019,pit,RP
sa3004736,Jacob Heatherly,P,0.1754390001296997,0.1754000037908554,1.0,0.0,0.0,0.7273399636149409,CHW,2019,pit,SP
sa917327,Jheyson Caraballo,P,0.1754390001296997,0.1754000037908554,1.0,0.0,0.0,0.7804300881922246,,2019,pit,SP
sa918715,Sam Sheehan,P,1.0,0.0,1.0,0.0,0.0,2.5172699794173248,,2019,pit,RP
sa3003106,Carlos Romero,P,0.21089500188827515,0.1678999960422516,1.0,0.0,0.0,0.9262299127876759,,2019,pit,SP
sa876120,Winston Lavendier,P,0.881263017654419,0.025299999862909317,1.0,0.0,0.0,2.016859962046147,,2019,pit,RP
sa3002986,Ricardo Silva,P,0.3485960066318512,0.13860000669956207,1.0,0.0,0.0,1.2487699039280415,,2019,pit,RP
sa916725,Freisis Adames,P,0.31314000487327576,0.1460999995470047,1.0,0.0,0.0,1.4199399054050446,,2019,pit,RP
sa827436,Alex Robinson,P,1.0,0.0,1.0,0.0,0.0,2.366440013051033,,2019,pit,RP
sa596974,Yunior Montero,P,1.0,0.0,1.0,0.0,0.0,2.405920103937387,PIT,2019,pit,RP
20582,Anderson Severino,P,1.0,0.0,1.0,0.0,0.0,1.9758200362324714,NYM,2019,pit,RP
sa543294,Juan Ramon Noriega,P,1.0,0.0,1.0,0.0,0.0,2.2315898112952715,,2019,pit,RP
22449,Nivaldo Rodriguez,P,0.31314000487327576,0.1460999995470047,1.0,0.0,0.0,1.2215399712324144,,2019,pit,RP
sa655955,Adenson Verastegui,P,1.0,0.0,1.0,0.0,0.0,2.29526993483305,,2019,pit,RP
sa3004606,Trevor Charpie,P,0.8672459721565247,0.028200000524520874,1.0,0.0,0.0,2.1844700984656815,,2019,pit,RP
sa923839,Jose Bravo,P,0.29912298917770386,0.14910000562667847,1.0,0.0,0.0,1.1204801395535475,,2019,pit,RP
sa658630,Brennan Henry,P,1.0,0.0,1.0,0.0,0.0,2.299230042845011,KCR,2019,pit,RP
sa914047,Carlos Zuniga,P,0.7056319713592529,0.06260000169277191,1.0,0.0,0.0,1.7943401157855994,,2019,pit,RP
sa913187,Chad Hockin,P,1.0,0.0,1.0,0.0,0.0,2.368709952384234,,2019,pit,RP
sa3004676,Rio Gomez,P,0.7955089807510376,0.04349999874830246,1.0,0.0,0.0,1.961279868334532,,2019,pit,RP
sa3005265,Cole Bellinger,P,0.18863199651241302,0.17260000109672546,1.0,0.0,0.0,1.1652299769222738,SDP,2019,pit,SP
sa873314,Melvin Adón,P,1.6200000047683716,1.6200000047683716,9.234000205993652,0.0,0.0,25.730861043930055,,2019,pit,SP
sa829068,Matt Trowbridge,P,1.0,0.0,1.0,0.0,0.0,2.3351501315832137,BAL,2019,pit,RP
sa740295,David Reid-Foley,P,1.0,0.0,1.0,0.0,0.0,2.2386398501694207,,2019,pit,RP
sa918485,Alfredo Tavarez,P,0.19357900321483612,0.17159999907016754,1.0,0.0,0.0,1.3273900844156743,LAD,2019,pit,SP
sa918321,Kyle Simonds,P,1.0,0.0,1.0,0.0,0.0,2.1055401340126996,,2019,pit,RP
sa918958,Robbie Gordon,P,1.0,0.0,1.0,0.0,0.0,2.352859923243523,,2019,pit,RP
sa827249,Luis Carrasco,P,0.8787890076637268,0.025800000876188278,1.0,0.0,0.0,1.92879977375269,,2019,pit,RP
sa918447,Jonathan Hennigan,P,1.0,0.0,1.0,0.0,0.0,2.227950026094914,,2019,pit,RP
sa3004592,Carson Lance,P,0.1754390001296997,0.1754000037908554,1.0,0.0,0.0,0.4429500468075278,,2019,pit,SP
sa919826,Edgar Martinez,P,0.1754390001296997,0.1754000037908554,1.0,0.0,0.0,0.9009400047361851,ARI,2019,pit,SP
sa873156,Darwin Feliz,P,0.22656099498271942,0.16459999978542328,1.0,0.0,0.0,1.0044800050556657,,2019,pit,SP
24607,Jonathan Bowlan,P,0.1754390001296997,0.1754000037908554,1.0,0.0,0.0,0.7453899689018728,PHI,2019,pit,SP
sa508060,Jorge Castillo,P,1.0,0.0,1.0,0.0,0.0,2.1117399536073203,,2019,pit,RP
sa738904,Justin Garcia,P,1.0,0.0,1.0,0.0,0.0,2.3130498223006724,CLE,2019,pit,RP
sa861440,Alvaro Seijas,P,0.19687700271606445,0.17090000212192535,1.0,0.0,0.0,1.1323299773037436,,2019,pit,SP
sa185590,Gaudencio Aguirre,P,1.0,0.0,1.0,0.0,0.0,2.1215801440179347,,2019,pit,RP
sa828481,Angel Guillen,P,0.6413159966468811,0.0763000026345253,1.0,0.0,0.0,1.6652998223900797,,2019,pit,RP
sa509479,Antonio Garzon,P,1.0,0.0,1.0,0.0,0.0,2.1799301452934743,,2019,pit,RP
sa599045,David Palladino,P,1.0,0.0,1.0,0.0,0.0,2.3413002781569956,,2019,pit,RP
sa739256,Angel German,P,1.0,0.0,1.0,0.0,0.0,2.3476199217140676,,2019,pit,RP
sa509404,Adrian Garza,P,0.4425959885120392,0.11860000342130661,1.0,0.0,0.0,1.3585900247097022,,2019,pit,RP
sa872726,Tom Hackimer,P,1.0,0.0,1.0,0.0,0.0,2.12002986818552,,2019,pit,RP
sa3004482,Patrick Dayton,P,1.0,0.0,1.0,0.0,0.0,2.523500169068575,,2019,pit,RP
23426,Max Lazar,P,0.1754390001296997,0.1754000037908554,1.0,0.0,0.0,0.9541999489068984,PHI,2019,pit,SP
sa735851,Adrian Navas,P,1.0,0.0,1.0,0.0,0.0,2.2610000282526013,,2019,pit,RP
sa918341,Ben Wright,P,1.0,0.0,1.0,0.0,0.0,1.8853600487113003,CHW,2019,pit,RP
sa919034,Kevin Malisheski,P,0.1754390001296997,0.1754000037908554,1.0,0.0,0.0,1.0936501167714598,,2019,pit,SP
22224,Jonathan Heasley,P,0.1902810037136078,0.17229999601840973,1.0,0.0,0.0,0.7901500798761845,KCR,2019,pit,SP
23499,Keaton Winn,P,0.41126298904418945,0.12530000507831573,1.0,0.0,0.0,1.8675100043416024,SFG,2019,pit,RP
sa3005121,James Marinan,P,0.1754390001296997,0.1754000037908554,1.0,0.0,0.0,0.5886099956929685,CIN,2019,pit,SP
sa3006102,Emerson Ortiz,P,0.22656099498271942,0.16459999978542328,1.0,0.0,0.0,0.818620200455189,,2019,pit,SP
sa872826,Edilson Batista,P,0.1952279955148697,0.1712000072002411,1.0,0.0,0.0,0.7818198174238207,,2019,pit,SP
sa601196,Craig Missigman,P,0.8911579847335815,0.02319999970495701,1.0,0.0,0.0,2.1744299836456773,,2019,pit,RP
sa873694,Luis Moncada,P,0.21089500188827515,0.1678999960422516,1.0,0.0,0.0,1.1308700270950802,,2019,pit,SP
sa875017,Dakota Chalmers,P,0.31314000487327576,0.1460999995470047,1.0,0.0,0.0,1.241810014098883,,2019,pit,RP
17480,Daniel Duarte,P,1.0,0.0,1.0,0.0,0.0,2.252029913663864,NYM,2019,pit,RP
sa917194,Hector Yan,P,0.1754390001296997,0.1754000037908554,1.0,0.0,0.0,0.6641600385308268,,2019,pit,SP
21087,Demarcus Evans,P,1.0,0.0,1.0,0.0,0.0,2.204149889945984,,2019,pit,RP
23617,Josh Walker,P,0.4170350134372711,0.12399999797344208,1.0,0.0,0.0,1.703860054165125,BAL,2019,pit,RP
sa875407,Heath Bowers,P,0.9414560198783875,0.012500000186264515,1.0,0.0,0.0,2.1854800358414654,,2019,pit,RP
sa327740,Hassan Pena,P,1.0,0.0,1.0,0.0,0.0,2.152390002459288,,2019,pit,RP
sa918385,Dillon Drabble,P,1.0,0.0,1.0,0.0,0.0,2.101370146125555,KCR,2019,pit,RP
sa878100,Ryan Koziol,P,1.0,0.0,1.0,0.0,0.0,2.058840228617192,,2019,pit,RP
sa3002981,Didier Vargas,P,0.2504740059375763,0.15950000286102295,1.0,0.0,0.0,1.163449954986572,,2019,pit,SP
sa873328,Gregori Vasquez,P,0.21006999909877777,0.1680999994277954,1.0,0.0,0.0,0.757580257207155,,2019,pit,SP
sa977917,Christian Stolo,P,0.5885440111160278,0.08749999850988388,1.0,0.0,0.0,1.6501498669385914,LAD,2019,pit,RP
sa3004797,Wilmer Mejia,P,0.21501800417900085,0.16699999570846558,1.0,0.0,0.0,0.8484401881694796,,2019,pit,SP
sa873542,Jeifry Nunez,P,0.31314000487327576,0.1460999995470047,1.0,0.0,0.0,0.6901300884783268,,2019,pit,RP
sa918502,Marc Huberman,P,1.0,0.0,1.0,0.0,0.0,2.4352897725999356,CHC,2019,pit,RP
sa875773,Kyle Miller,P,1.0,0.0,1.0,0.0,0.0,2.1558500148355964,,2019,pit,RP
sa874149,Brett Hanewich,P,1.0,0.0,1.0,0.0,0.0,2.1623601227998734,,2019,pit,RP
sa3003125,Aneudis Beard,P,0.1754390001296997,0.1754000037908554,1.0,0.0,0.0,0.7701400212943552,CHC,2019,pit,SP
sa3004706,Blake Pflughaupt,P,0.19357900321483612,0.17159999907016754,1.0,0.0,0.0,1.0583597965538503,,2019,pit,SP
sa977122,Jordan Aboites,P,1.0,0.0,1.0,0.0,0.0,2.192549815028906,,2019,pit,RP
sa737570,Hector Galvan,P,0.7831400036811829,0.04610000178217888,1.0,0.0,0.0,1.7902198389172557,,2019,pit,RP
sa738474,Scott Burke,P,0.5770000219345093,0.09000000357627869,1.0,0.0,0.0,1.0745298571884638,BAL,2019,pit,RP
sa875901,Joel Pinto,P,0.2966490089893341,0.14959999918937683,1.0,0.0,0.0,1.2209199376404283,,2019,pit,SP
sa202758,Rudy Gonzalez,P,0.852403998374939,0.03139999881386757,1.0,0.0,0.0,1.9061298243701459,,2019,pit,RP
sa651344,Rogelio Martinez,P,0.7831400036811829,0.04610000178217888,1.0,0.0,0.0,1.8226699821650985,,2019,pit,RP
sa873278,Chad Martin,P,1.0,0.0,1.0,0.0,0.0,2.229789903014898,,2019,pit,RP
sa3002984,Joseph Salazar,P,0.18780699372291565,0.1728000044822693,1.0,0.0,0.0,0.7332201085984709,,2019,pit,SP
sa873145,Felipe Tejada,P,0.32880699634552,0.1428000032901764,1.0,0.0,0.0,1.264589980244637,CHW,2019,pit,RP
sa917316,Juan Hernandez,P,0.2826319932937622,0.1526000052690506,1.0,0.0,0.0,1.3417501039803028,,2019,pit,SP
sa3004873,Livan Sanchez,P,0.2826319932937622,0.1526000052690506,1.0,0.0,0.0,1.0884401097893712,,2019,pit,SP
sa659044,Clint Terry,P,0.690788984298706,0.0658000037074089,1.0,0.0,0.0,1.9520700149238106,MIL,2019,pit,RP
sa881619,Nichel Alcantara,P,0.21501800417900085,0.16699999570846558,1.0,0.0,0.0,0.8519999243319036,,2019,pit,SP
sa918461,Pearson McMahan,P,0.18698200583457947,0.17299999296665192,1.0,0.0,0.0,0.3790199838578703,,2019,pit,SP
sa977123,Sergio Alvarado,P,1.0,0.0,1.0,0.0,0.0,2.2525601297616964,,2019,pit,RP
sa3002994,Leandro Mendez,P,0.18863199651241302,0.17260000109672546,1.0,0.0,0.0,0.7702698573470119,,2019,pit,SP
sa917154,Servando Hernandez,P,0.20677199959754944,0.1687999963760376,1.0,0.0,0.0,1.104370003938675,ATL,2019,pit,SP
1650,Luis Ayala,P,1.0,0.0,1.0,0.0,0.0,2.129230117797852,,2019,pit,RP
sa546533,Ignacio Marrujo,P,0.2504740059375763,0.15950000286102295,1.0,0.0,0.0,0.9061698935925957,,2019,pit,SP
sa3002963,Maximo Cortes,P,0.20677199959754944,0.1687999963760376,1.0,0.0,0.0,0.7826698556542397,,2019,pit,SP
sa738284,Ty Damron,P,1.0,0.0,1.0,0.0,0.0,2.368139864504338,,2019,pit,RP
22284,Matt Sauer,P,0.1754390001296997,0.1754000037908554,1.0,0.0,0.0,0.40233010947704306,,2019,pit,SP
sa872813,Jose Bermudez,P/OF,0.19852599501609802,0.1704999953508377,1.0,0.0,0.0,0.629910145699978,MIN,2019,pit,SP
sa510242,Irving Jimenez,P,1.0,0.0,1.0,0.0,0.0,2.1540900953114033,,2019,pit,RP
sa3004476,Aaron Ford,P,1.0,0.0,1.0,0.0,0.0,2.2435699425637723,,2019,pit,RP
sa599541,Alan Garcia,P,0.5242279767990112,0.10119999945163727,1.0,0.0,0.0,1.5170998625457295,,2019,pit,RP
sa916705,Angello Infante,P,0.28922799229621887,0.15119999647140503,1.0,0.0,0.0,1.0473800182342532,,2019,pit,SP
sa505062,Endrys Briceno,P,0.616578996181488,0.08160000294446945,1.0,0.0,0.0,1.642200195789338,,2019,pit,RP
sa876303,Andy Cox,P,0.8367369771003723,0.034699998795986176,1.0,0.0,0.0,1.8681902162730695,,2019,pit,RP
sa602536,Hubbie Pellegaud,P,1.0,0.0,1.0,0.0,0.0,2.0457101657986647,,2019,pit,RP
sa916706,Dennis Herrera,P,0.2364560067653656,0.16249999403953552,1.0,0.0,0.0,0.9494697682559488,,2019,pit,SP
sa508208,Ivan Zavala,P,1.0,0.0,1.0,0.0,0.0,2.0237001523375517,,2019,pit,RP
sa548642,Tony Cordova,P,1.0,0.0,1.0,0.0,0.0,2.1750998891890054,,2019,pit,RP
sa917977,Austin Franklin,P,0.18615800142288208,0.17319999635219574,1.0,0.0,0.0,1.045729830116033,,2019,pit,SP
sa914411,Alberto Leyva,P,1.0,0.0,1.0,0.0,0.0,2.1954100050032137,,2019,pit,RP
sa827214,Miguelangel Bastidas,P,0.1754390001296997,0.1754000037908554,1.0,0.0,0.0,0.65637014657259,,2019,pit,SP
sa917886,Yunior Perez,P,0.21996499598026276,0.16599999368190765,1.0,0.0,0.0,1.016570142656565,,2019,pit,SP
20177,Ty Tice,P,1.0,0.0,1.0,0.0,0.0,2.0876301549375063,,2019,pit,RP
sa918353,Scott Engler,P,0.24305300414562225,0.16110000014305115,1.0,0.0,0.0,0.4837599918246269,,2019,pit,SP
sa550153,Louie Lechich,OF,1.0,0.0,1.0,0.0,0.0,1.951589731127024,CHW,2019,pit,RP
sa828500,Edwin Rojas,P,0.1754390001296997,0.1754000037908554,1.0,0.0,0.0,0.6143499664962295,,2019,pit,SP
sa829019,Scott Williams,P,1.0,0.0,1.0,0.0,0.0,1.8660198695957666,,2019,pit,RP
sa3004090,Jesus Balaguer,P,1.0,0.0,1.0,0.0,0.0,2.392289762943984,,2019,pit,RP
sa738730,Geoffrey Bramblett,P,0.4566139876842499,0.11559999734163284,1.0,0.0,0.0,1.3314798481762407,,2019,pit,RP
sa659495,Sam Gibbons,P,0.31314000487327576,0.1460999995470047,1.0,0.0,0.0,1.0770799733698362,,2019,pit,RP
sa914202,Raymar Navarro,P,0.7254210114479065,0.058400001376867294,1.0,0.0,0.0,1.7949397981166837,,2019,pit,RP
sa3004748,Joshua Payne,P,1.0,0.0,1.0,0.0,0.0,2.150180020183325,,2019,pit,RP
sa503072,Matt Milroy,P,1.0,0.0,1.0,0.0,0.0,1.8807198703289036,TEX,2019,pit,RP
sa868960,Francisco Haro,P,1.0,0.0,1.0,0.0,0.0,2.1377199746668345,,2019,pit,RP
sa3004465,Gio Arriera,P,0.1754390001296997,0.1754000037908554,1.0,0.0,0.0,0.3877700552344323,,2019,pit,SP
sa3005017,Nate Peden,P,0.19192999601364136,0.17190000414848328,1.0,0.0,0.0,0.9717700161039837,,2019,pit,SP
sa832272,Alejandro Rodriguez,P,0.2982980012893677,0.1492999941110611,1.0,0.0,0.0,1.1131598316133022,,2019,pit,SP
sa3002985,Cleiverth Perez,P,0.18780699372291565,0.1728000044822693,1.0,0.0,0.0,0.7866198375821116,,2019,pit,SP
sa3004477,Drew Crosby,P,1.0,0.0,1.0,0.0,0.0,1.8329498186707496,DET,2019,pit,RP
sa873333,Alvaro Galindo,P,0.24057899415493011,0.1615999937057495,1.0,0.0,0.0,0.8823801010847094,TOR,2019,pit,SP
sa509483,Jose Meraz,P,1.0,0.0,1.0,0.0,0.0,2.1537702314555647,,2019,pit,RP
sa3003078,Christofer Dominguez,P,0.26614001393318176,0.15610000491142273,1.0,0.0,0.0,1.3220599524676802,,2019,pit,SP
sa737380,Darwin Ramos,P,1.0,0.0,1.0,0.0,0.0,2.4153902076184757,,2019,pit,RP
sa920281,Devon Carr,P,1.0,0.0,1.0,0.0,0.0,2.219649980962277,,2019,pit,RP
sa857684,Ryan Perez,P,0.2826319932937622,0.1526000052690506,1.0,0.0,0.0,0.8976299472153189,CLE,2019,pit,SP
15594,Nick Wittgren,P,10.0,0.0,10.0,0.0,0.807699978351593,37.63358040452003,,2019,pit,RP
sa917563,Jose Valenzuela,P,0.4500179886817932,0.11699999868869781,1.0,0.0,0.0,1.1696598991751666,CIN,2019,pit,RP
sa917460,Janser Lara,P,0.3626140058040619,0.1356000006198883,1.0,0.0,0.0,1.4400900200009348,TEX,2019,pit,RP
sa876259,Jordan Desguin,P,1.0,0.0,1.0,0.0,0.0,2.173969987779856,,2019,pit,RP
sa918044,Tyler Buffett,P,1.0,0.0,1.0,0.0,0.0,1.9036700755357745,CIN,2019,pit,RP
sa918514,Cody Nesbit,P,1.0,0.0,1.0,0.0,0.0,2.2672498315572747,KCR,2019,pit,RP
sa597215,Jeffry Fernandez,P,0.8243680000305176,0.03739999979734421,1.0,0.0,0.0,1.8891199924051763,,2019,pit,RP
sa550042,Nick Sawyer,P,1.0,0.0,1.0,0.0,0.0,2.255390145629645,,2019,pit,RP
sa915735,Tommy DeJuneas,P,1.0,0.0,1.0,0.0,0.0,2.2699499540030956,,2019,pit,RP
sa509785,Ivan Salas,P,1.0,0.0,1.0,0.0,0.0,2.1142200753092766,,2019,pit,RP
sa915635,Jesse Stallings,P,0.9101229906082153,0.019099999219179153,1.0,0.0,0.0,1.7813299015164383,,2019,pit,RP
sa3003064,Eliezer Rodriguez,P,0.19357900321483612,0.17159999907016754,1.0,0.0,0.0,0.7983100704848769,,2019,pit,SP
sa875315,Kevin Brown,P,1.0,0.0,1.0,0.0,0.0,2.2103900223970414,,2019,pit,RP
20344,Blake Cederlind,P,0.9076489806175232,0.019600000232458115,1.0,0.0,0.0,2.1141499385237696,,2019,pit,RP
sa3004573,Dominic LoBrutto,P,1.0,0.0,1.0,0.0,0.0,2.208630005270243,,2019,pit,RP
sa3006619,Yoelvin Silven,P,0.2504740059375763,0.15950000286102295,1.0,0.0,0.0,0.7009400174021723,,2019,pit,SP
sa659700,Luis De Paula,P,1.0,0.0,1.0,0.0,0.0,2.2198101028800017,,2019,pit,RP
sa923057,Anderson Nunez,P,0.5638070106506348,0.09279999881982803,1.0,0.0,0.0,1.3845799900591378,TOR,2019,pit,RP
sa3006835,Miguel Ausua,P,0.31314000487327576,0.1460999995470047,1.0,0.0,0.0,0.6534399524331094,COL,2019,pit,RP
sa921351,Jose Castro,P,0.6248250007629395,0.07980000227689743,1.0,0.0,0.0,1.7119800940155985,,2019,pit,RP
sa3004321,Connor Law,P,1.0,0.0,1.0,0.0,0.0,2.011160021275282,TOR,2019,pit,RP
sa736657,Jahir Perez,P,1.0,0.0,1.0,0.0,0.0,2.114439866691828,,2019,pit,RP
sa828659,Brady Aiken,P,0.1754390001296997,0.1754000037908554,1.0,0.0,0.0,0.7052000492811201,,2019,pit,SP
sa977115,Juan Francisco Mendez,P,0.8284909725189209,0.0364999994635582,1.0,0.0,0.0,1.9174700632691386,,2019,pit,RP
sa921352,John Valek,P,0.2636669874191284,0.156700000166893,1.0,0.0,0.0,0.8878601692616939,COL,2019,pit,SP
sa3004478,Billy Oxford,P,1.0,0.0,1.0,0.0,0.0,2.3440099932253364,,2019,pit,RP
sa657746,Jose Morel,P,0.8243680000305176,0.03739999979734421,1.0,0.0,0.0,2.391959927231074,SFG,2019,pit,RP
sa737481,Omarlin Lopez,P,1.0,0.0,1.0,0.0,0.0,2.195050002634525,,2019,pit,RP
sa3003153,Carlos M Francisco,P,0.23315800726413727,0.1632000058889389,1.0,0.0,0.0,0.760859949886799,PHI,2019,pit,SP
sa875239,Makay Nelson,P,0.4458949863910675,0.11789999902248383,1.0,0.0,0.0,1.3126297518610954,,2019,pit,RP
sa737461,Malvin Martinez,P,1.0,0.0,1.0,0.0,0.0,1.9120902478694917,DET,2019,pit,RP
sa3001058,Marco Antonio Rivas,P,1.0,0.0,1.0,0.0,0.0,2.0058799892663957,,2019,pit,RP
sa875993,Matthias Dietz,P,0.1894560009241104,0.17249999940395355,1.0,0.0,0.0,0.2959601327776906,,2019,pit,SP
sa509713,Ozzie Mendez,P,1.0,0.0,1.0,0.0,0.0,2.07458984926343,,2019,pit,RP
sa658112,Michael Heesch,P,1.0,0.0,1.0,0.0,0.0,2.3000999704003338,STL,2019,pit,RP
sa918959,Jean Casanova,P,0.4409469962120056,0.11890000104904175,1.0,0.0,0.0,0.9420097544789319,,2019,pit,RP
sa827961,Carlos Hernandez,P,1.0,0.0,1.0,0.0,0.0,2.4634600520133976,,2019,pit,RP
sa549753,Austin Urban,P,0.8416839838027954,0.03370000049471855,1.0,0.0,0.0,1.9255399122834205,BAL,2019,pit,RP
sa3004462,Jorge Benitez,P,0.28922799229621887,0.15119999647140503,1.0,0.0,0.0,0.9317601129412654,,2019,pit,SP
sa830645,Yonathan Ramirez,P,0.2933509945869446,0.15039999783039093,1.0,0.0,0.0,0.9662798643112178,,2019,pit,SP
sa3005311,AJ Franks,P,1.0,0.0,1.0,0.0,0.0,2.031549836695195,SEA,2019,pit,RP
sa3003057,Cesar Angomas,P,0.1754390001296997,0.1754000037908554,1.0,0.0,0.0,0.7029600068926816,,2019,pit,SP
sa509747,Heriberto Rodriguez,P,0.8969299793243408,0.021900000050663948,1.0,0.0,0.0,1.8695998921990395,,2019,pit,RP
sa389863,Alex Caldera,P,1.0,0.0,1.0,0.0,0.0,2.0454802542924884,,2019,pit,RP
sa918681,Dalton Erb,P,0.7946839928627014,0.043699998408555984,1.0,0.0,0.0,1.864480036497116,,2019,pit,RP
sa828484,Ygnacio Rondon,P,0.21501800417900085,0.16699999570846558,1.0,0.0,0.0,1.0523401185870171,,2019,pit,SP
sa3002937,Andres German,P,0.21666699647903442,0.16670000553131104,1.0,0.0,0.0,1.0504801079630854,NYM,2019,pit,SP
sa508072,Rafael Cordova,P,1.0,0.0,1.0,0.0,0.0,2.113310027867556,,2019,pit,RP
sa876242,Alex Webb,P,1.0,0.0,1.0,0.0,0.0,2.104739863425493,,2019,pit,RP
sa3003167,Dionis Zamora,P,0.23728099465370178,0.1623000055551529,1.0,0.0,0.0,1.1597497679293158,,2019,pit,SP
sa657780,Elvis Diaz,P,1.0,0.0,1.0,0.0,0.0,2.1094697892665866,,2019,pit,RP
sa3003015,Adolfo Ramirez,P,0.3725090026855469,0.13349999487400055,1.0,0.0,0.0,1.5159298807382577,,2019,pit,RP
sa550536,Yoely Bello,P,1.0,0.0,1.0,0.0,0.0,2.0923398517072207,,2019,pit,RP
sa917061,Anderson Amarista,P,0.20264899730682373,0.1695999950170517,1.0,0.0,0.0,0.38002991303801537,,2019,pit,SP
sa738402,Robert Coles,P,1.0,0.0,1.0,0.0,0.0,2.00309983715415,,2019,pit,RP
sa509482,Edwin Salas,P,0.8746669888496399,0.02669999934732914,1.0,0.0,0.0,1.8838998802006253,,2019,pit,RP
sa3004121,Austin Krzeminski,P,0.6503859758377075,0.07440000027418137,1.0,0.0,0.0,1.440190011262894,,2019,pit,RP
22323,Angel De Jesus,P,0.21913999319076538,0.16609999537467957,1.0,0.0,0.0,0.5087899520993235,,2019,pit,SP
sa873208,Bringnel Mendez,P,1.0,0.0,1.0,0.0,0.0,1.8446001149713993,,2019,pit,RP
sa657633,Juan Perez,P,0.6066840291023254,0.08370000123977661,1.0,0.0,0.0,1.8418802045285707,STL,2019,pit,RP
sa829571,Jordan Piche,P,1.0,0.0,1.0,0.0,0.0,1.8808998145163058,,2019,pit,RP
sa917988,Nolan Martinez,P,0.22491200268268585,0.164900004863739,1.0,0.0,0.0,0.5454200446605681,,2019,pit,SP
sa3005213,Justin Bullock,P,0.1754390001296997,0.1754000037908554,1.0,0.0,0.0,0.9122499197721479,MIL,2019,pit,SP
sa875255,Jaret Hellinger,P,1.0,0.0,1.0,0.0,0.0,2.125890074670315,KCR,2019,pit,RP
sa873686,Tyler Zombro,P,1.0,0.0,1.0,0.0,0.0,2.1139000289142134,,2019,pit,RP
sa918261,Tim Viehoff,P,0.4681580066680908,0.11320000141859055,1.0,0.0,0.0,1.372250217199325,SEA,2019,pit,RP
sa3003122,Yoel De Leon,P,0.3889999985694885,0.12999999523162842,1.0,0.0,0.0,1.0204600512981417,,2019,pit,RP
sa294348,Felipe Arredondo,P,0.8210700154304504,0.038100000470876694,1.0,0.0,0.0,1.8563701324164867,,2019,pit,RP
sa917979,Yeffersson Yannuzzi,P,0.20512300729751587,0.16910000145435333,1.0,0.0,0.0,0.8202700398862364,,2019,pit,SP
sa917665,Pedro Zorrilla,P,0.3815790116786957,0.1316000074148178,1.0,0.0,0.0,1.3745897889137275,,2019,pit,RP
sa829585,Nick Neumann,P,0.8474559783935547,0.032499998807907104,1.0,0.0,0.0,1.8086700007319454,,2019,pit,RP
sa3000800,Daniel Sanchez,P,0.6297720074653625,0.07880000025033951,1.0,0.0,0.0,1.53653986081481,,2019,pit,RP
sa944989,Daison Acosta,P,0.19357900321483612,0.17159999907016754,1.0,0.0,0.0,1.0316800966858861,SDP,2019,pit,SP
sa739579,Lenix Osuna,P,1.0,0.0,1.0,0.0,0.0,2.4599699489772324,LAD,2019,pit,RP
sa915643,Mike Kaelin,P,1.0,0.0,1.0,0.0,0.0,1.9889200977981094,,2019,pit,RP
sa3004683,Tad Ratliff,P,1.0,0.0,1.0,0.0,0.0,2.191609726846218,,2019,pit,RP
sa3004869,Ernesto Jaquez,P,0.3997189998626709,0.12770000100135803,1.0,0.0,0.0,1.325499971956015,,2019,pit,RP
sa916728,Henry Medina,P,0.1754390001296997,0.1754000037908554,1.0,0.0,0.0,0.7301399998366835,,2019,pit,SP
sa887275,Ezequiel Zabaleta,P,1.0,0.0,1.0,0.0,0.0,2.3089899800717837,,2019,pit,RP
sa873958,Christian Morris,P,0.8639469742774963,0.02889999933540821,1.0,0.0,0.0,1.6822901427745824,,2019,pit,RP
sa503518,Jeff Soptic,P,1.0,0.0,1.0,0.0,0.0,2.5977300159633163,SFG,2019,pit,RP
sa3005885,Juan Geraldo,P,0.21501800417900085,0.16699999570846558,1.0,0.0,0.0,0.7617701426148415,MIL,2019,pit,SP
sa738349,Cory Thompson,P/SS,1.0,0.0,1.0,0.0,0.0,1.8894498080015185,,2019,pit,RP
sa738733,Alec Byrd,P,0.2636669874191284,0.156700000166893,1.0,0.0,0.0,0.9737099155783655,CIN,2019,pit,SP
21992,Camilo Doval,P,1.0,0.0,1.0,0.0,0.0,2.794580022245646,NYY,2019,pit,RP
sa948350,Francis Beriguete,P,0.1754390001296997,0.1754000037908554,1.0,0.0,0.0,0.9505000218749049,,2019,pit,SP
sa659366,Hengerber Medina,3B/SS,1.0,0.0,1.0,0.0,0.0,2.18387009203434,,2019,pit,RP
21170,Dany Jiménez,P,1.0,0.0,1.0,0.0,0.0,2.0354598283767698,,2019,pit,RP
sa875358,John Williamson,P,1.0,0.0,1.0,0.0,0.0,2.1227301061153416,,2019,pit,RP
sa917739,Melvin Jimenez,P,0.5547369718551636,0.09470000118017197,1.0,0.0,0.0,1.9989801496267319,,2019,pit,RP
sa924730,Juan Santos,P,0.1754390001296997,0.1754000037908554,1.0,0.0,0.0,0.5932901516556739,PHI,2019,pit,SP
21924,Juan Morillo,P,0.31314000487327576,0.1460999995470047,1.0,0.0,0.0,1.416079986840487,ARI,2019,pit,RP
sa3002923,Alejandro Mejia,P,0.18863199651241302,0.17260000109672546,1.0,0.0,0.0,0.2566599704325201,COL,2019,pit,SP
sa918545,Jake Greenwalt,P,0.2042980045080185,0.16930000483989716,1.0,0.0,0.0,0.6673498697578908,,2019,pit,SP
sa918589,Austin Moore,P,1.0,0.0,1.0,0.0,0.0,1.650889980792999,,2019,pit,RP
sa3006763,J.T. Hintzen,P,0.7979819774627686,0.0430000014603138,1.0,0.0,0.0,2.1118502892553805,,2019,pit,RP
sa916964,Wellington Caceres,P,0.24057899415493011,0.1615999937057495,1.0,0.0,0.0,0.7975800879299646,NYY,2019,pit,SP
sa829226,Greg Maisto,P,0.7682979702949524,0.049300000071525574,1.0,0.0,0.0,1.8201301686465743,,2019,pit,RP
sa3003087,Wilson Garcia,P,0.1754390001296997,0.1754000037908554,1.0,0.0,0.0,0.7675899200141432,TBR,2019,pit,SP
sa3003016,Tulio Santa Maria,P,0.2504740059375763,0.15950000286102295,1.0,0.0,0.0,0.6562900826334954,,2019,pit,SP
sa509783,Ismael Castillo,P,1.0,0.0,1.0,0.0,0.0,2.014700052887201,,2019,pit,RP
sa917566,Orlando Noriega,P,0.20182499289512634,0.16979999840259552,1.0,0.0,0.0,0.5690700195729734,CIN,2019,pit,SP
sa658199,Julio Felix,P,1.0,0.0,1.0,0.0,0.0,2.0037298455834396,,2019,pit,RP
sa875988,Seth Davis,P,1.0,0.0,1.0,0.0,0.0,2.2053400896489626,,2019,pit,RP
sa508211,Jesus Duenas,P,0.7831400036811829,0.04610000178217888,1.0,0.0,0.0,1.709640051424504,,2019,pit,RP
sa856279,Kenny Oakley,P,1.0,0.0,1.0,0.0,0.0,2.102599976211786,,2019,pit,RP
sa824742,Sasagi Sanchez,P,1.0,0.0,1.0,0.0,0.0,2.0003898277878767,,2019,pit,RP
20638,Luis F. Castillo,P,1.0,0.0,1.0,0.0,0.0,2.328009822964668,,2019,pit,RP
sa828598,Cristopher Molina,P,0.22656099498271942,0.16459999978542328,1.0,0.0,0.0,0.6734200462698938,,2019,pit,SP
sa829929,Ricky Eusebio,P,1.0,0.0,1.0,0.0,0.0,2.1887700177729132,PIT,2019,pit,RP
sa872865,Victor Diaz,P,1.0,0.0,1.0,0.0,0.0,1.8783200979232793,,2019,pit,RP
sa977665,Luis Castillo,P,1.0,0.0,1.0,0.0,0.0,2.1349300868809227,,2019,pit,RP
sa883710,Jhonatan German,P,1.0,0.0,1.0,0.0,0.0,2.0915498219430453,,2019,pit,RP
sa917804,Yeremin Lara,P,0.25789499282836914,0.15790000557899475,1.0,0.0,0.0,1.3212501108646393,,2019,pit,SP
sa873677,John Kilichowski,P,0.783964991569519,0.04600000008940697,1.0,0.0,0.0,2.16513999029994,,2019,pit,RP
sa658273,Willie Gabay,P,1.0,0.0,1.0,0.0,0.0,2.1598001420497894,,2019,pit,RP
sa876169,Max Cordy,P,1.0,0.0,1.0,0.0,0.0,1.9487300649285317,,2019,pit,RP
sa875591,Daniel Concepcion,P,0.5514389872550964,0.09539999812841415,1.0,0.0,0.0,1.4432599127292636,KCR,2019,pit,RP
sa875295,Taylor Henry,P,1.0,0.0,1.0,0.0,0.0,1.9711201600730424,,2019,pit,RP
sa3003002,Hector Acosta,P,0.26201799511909485,0.15700000524520874,1.0,0.0,0.0,0.6494298093020916,,2019,pit,SP
sa3003935,Kyle Von Ruden,P,0.1754390001296997,0.1754000037908554,1.0,0.0,0.0,0.20642989873886108,,2019,pit,SP
sa738330,Travis Seabrooke,P,0.8829119801521301,0.024900000542402267,1.0,0.0,0.0,1.3906798183918005,BAL,2019,pit,RP
sa829206,Joel Huertas,P,1.0,0.0,1.0,0.0,0.0,2.4116401121020314,,2019,pit,RP
sa876263,Ryan Colegate,P,1.0,0.0,1.0,0.0,0.0,2.186560314148665,,2019,pit,RP
sa3004205,Connor Mayes,P,0.2042980045080185,0.16930000483989716,1.0,0.0,0.0,0.6798499494791033,KCR,2019,pit,SP
sa829599,Hunter Williams,P,1.0,0.0,1.0,0.0,0.0,1.7467601709067826,COL,2019,pit,RP
23055,Dedniel Núñez,P,0.2603679895401001,0.1573999971151352,1.0,0.0,0.0,1.158979816734791,NYM,2019,pit,SP
sa738328,Matt Brill,P,1.0,0.0,1.0,0.0,0.0,2.476199916750193,,2019,pit,RP
19192,Brandyn Sittinger,P,1.0,0.0,1.0,0.0,0.0,1.885389925539494,,2019,pit,RP
sa829284,Koby Gauna,P,1.0,0.0,1.0,0.0,0.0,1.9298800162971026,,2019,pit,RP
sa3002955,Ronald Burgos,P,0.25789499282836914,0.15790000557899475,1.0,0.0,0.0,0.829670002311468,,2019,pit,SP
sa3006489,Leoner Colina,P,0.1754390001296997,0.1754000037908554,1.0,0.0,0.0,0.7849399238824843,,2019,pit,SP
sa875357,Ryan McKay,P,1.0,0.0,1.0,0.0,0.0,2.035959964990616,,2019,pit,RP
sa3002983,Luis D. Garcia,P,0.24057899415493011,0.1615999937057495,1.0,0.0,0.0,0.7788901776075368,,2019,pit,SP
sa743855,Osiris Ramirez,P,0.1754390001296997,0.1754000037908554,1.0,0.0,0.0,0.5863800115883353,LAD,2019,pit,SP
sa915599,Conner O'Neil,P,1.0,0.0,1.0,0.0,0.0,2.390730081498623,,2019,pit,RP
sa875853,Colton Howell,P,0.3560180068016052,0.13699999451637268,1.0,0.0,0.0,0.9970400311052794,,2019,pit,RP
sa600288,Igol Feliz,P,0.1754390001296997,0.1754000037908554,1.0,0.0,0.0,0.40172992423176757,KCR,2019,pit,SP
sa3004703,Keenan Bartlett,P,1.0,0.0,1.0,0.0,0.0,2.0354400739073757,,2019,pit,RP
sa897261,Ulises Lopez,P,1.0,0.0,1.0,0.0,0.0,1.9742100231349475,,2019,pit,RP
17179,Bubby Rossman,P,1.0,0.0,1.0,0.0,0.0,2.1026099912822254,,2019,pit,RP
sa550369,Philip Walby,P,1.0,0.0,1.0,0.0,0.0,2.021530067920685,,2019,pit,RP
sa3002909,Pedro Espinola,P,0.1754390001296997,0.1754000037908554,1.0,0.0,0.0,0.6711899720132353,,2019,pit,SP
sa916571,Marcos Machado,P,1.0,0.0,1.0,0.0,0.0,2.0032099291682246,,2019,pit,RP
sa916951,Carlos D. Rodriguez,P,0.2966490089893341,0.14959999918937683,1.0,0.0,0.0,0.6017798617482186,,2019,pit,SP
sa3006981,Kyle Hinton,P,1.0,0.0,1.0,0.0,0.0,2.215659929811955,,2019,pit,RP
sa456031,Fredy Quintero,P,1.0,0.0,1.0,0.0,0.0,1.9439399391412735,LAD,2019,pit,RP
sa3002685,Bryan Alcala,P,0.31314000487327576,0.1460999995470047,1.0,0.0,0.0,0.8315798476338387,,2019,pit,RP
sa652171,Misael Verduzco,P,1.0,0.0,1.0,0.0,0.0,2.048040077835322,,2019,pit,RP
sa456134,Esmelvin Jimenez,P,1.0,0.0,1.0,0.0,0.0,1.9887498609721663,,2019,pit,RP
sa3004103,Cutter Dyals,P,1.0,0.0,1.0,0.0,0.0,2.2779700361192226,,2019,pit,RP
sa827428,Daniel Koger,P,1.0,0.0,1.0,0.0,0.0,1.6862500749528406,COL,2019,pit,RP
sa3004921,Spencer Kulman,P,1.0,0.0,1.0,0.0,0.0,2.3624501943588263,,2019,pit,RP
sa917415,Oliver Garcia,P,0.1754390001296997,0.1754000037908554,1.0,0.0,0.0,0.5258101493120195,,2019,pit,SP
sa871171,Joaquin Lara,P,1.0,0.0,1.0,0.0,0.0,2.0239700429141525,,2019,pit,RP
22264,Shane Baz,P,0.1754390001296997,0.1754000037908554,1.0,0.0,0.0,0.7669001229107382,BAL,2019,pit,SP
sa829573,Tyler Schimpf,P,1.0,0.0,1.0,0.0,0.0,2.6085298024117947,,2019,pit,RP
sa873563,Ronny Agustin,P,1.0,0.0,1.0,0.0,0.0,2.220650088787079,PIT,2019,pit,RP
sa506933,Carlos Vazquez,P,1.0,0.0,1.0,0.0,0.0,2.0610599078238017,,2019,pit,RP
sa919549,Grant Zawadzki,P,1.0,0.0,1.0,0.0,0.0,2.0262598358094697,,2019,pit,RP
sa918939,Garrison Bryant,P,0.23315800726413727,0.1632000058889389,1.0,0.0,0.0,1.050199881196022,,2019,pit,SP
sa876135,Connor Bennett,P,1.0,0.0,1.0,0.0,0.0,2.004180057346821,CIN,2019,pit,RP
sa875839,Jose Mora,P,0.25789499282836914,0.15790000557899475,1.0,0.0,0.0,0.9652998819947243,,2019,pit,SP
sa918503,Nick Gruener,P,1.0,0.0,1.0,0.0,0.0,1.46579001173377,,2019,pit,RP
sa875383,Ryan Milton,P,1.0,0.0,1.0,0.0,0.0,1.7315199717879297,DET,2019,pit,RP
sa3003076,Brian Abreu,P,0.18863199651241302,0.17260000109672546,1.0,0.0,0.0,0.6476900689303875,,2019,pit,SP
sa917190,Wilfry Cruz,P,0.1754390001296997,0.1754000037908554,1.0,0.0,0.0,0.8624200724065303,,2019,pit,SP
sa503482,Alejandro Barraza,P,1.0,0.0,1.0,0.0,0.0,1.9210900448262693,,2019,pit,RP
sa829279,Garrett Mundell,P,1.0,0.0,1.0,0.0,0.0,1.8539601735770708,,2019,pit,RP
sa509287,Jose Lopez Cruz,P,1.0,0.0,1.0,0.0,0.0,1.8733499430119989,,2019,pit,RP
sa3005467,Irvin Villarroel,P,0.18780699372291565,0.1728000044822693,1.0,0.0,0.0,0.602239885926247,BOS,2019,pit,SP
sa3004104,Tim Hardy,P,0.8515790104866028,0.031599998474121094,1.0,0.0,0.0,1.9734599575400358,NYY,2019,pit,RP
sa508498,Juan Omar Espinoza,P,0.8416839838027954,0.03370000049471855,1.0,0.0,0.0,1.7008599646389486,,2019,pit,RP
sa3002823,Hayden Roberts,P,1.0,0.0,1.0,0.0,0.0,1.6708798371255398,,2019,pit,RP
16306,Gerardo Reyes,P,5.0,0.0,5.0,0.0,0.7182999849319458,21.53032049536705,,2019,pit,RP
sa829147,Micah Miniard,P,0.5027890205383301,0.10580000281333923,1.0,0.0,0.0,1.145410089939833,,2019,pit,RP
sa874234,James Teague,P,1.0,0.0,1.0,0.0,0.0,1.5860499903559688,BAL,2019,pit,RP
sa873163,Luis Alecis,P,0.30406999588012695,0.14810000360012054,1.0,0.0,0.0,1.0391498371958736,CIN,2019,pit,RP
sa506822,Juancito Martinez,P/OF,1.0,0.0,1.0,0.0,0.0,1.9639899358153348,,2019,pit,RP
sa829304,Rohn Pierce,P,1.0,0.0,1.0,0.0,0.0,2.0361299313604833,,2019,pit,RP
sa3004493,Nick Kuzia,P,0.8655959963798523,0.028599999845027924,1.0,0.0,0.0,2.079090125113726,,2019,pit,RP
sa876044,Logan Crouse,P,1.0,0.0,1.0,0.0,0.0,2.270050004124642,LAD,2019,pit,RP
sa914048,Anthony Gomez,P,1.0,0.0,1.0,0.0,0.0,2.072580129653215,,2019,pit,RP
sa3004871,Estarlin Rodriguez,P,0.2042980045080185,0.16930000483989716,1.0,0.0,0.0,0.8637100435793403,,2019,pit,SP
sa918122,Dylan Prohoroff,P,1.0,0.0,1.0,0.0,0.0,2.058450268954039,,2019,pit,RP
sa447339,Rodolfo Aguirre,P,0.22656099498271942,0.16459999978542328,1.0,0.0,0.0,0.6702799797058105,,2019,pit,SP
sa829741,Palmer Betts,P,0.4871230125427246,0.10909999907016754,1.0,0.0,0.0,1.2818900234997272,ARI,2019,pit,RP
sa917136,Wilfredo Pereira,P,0.24470199644565582,0.1606999933719635,1.0,0.0,0.0,0.9708400227129457,STL,2019,pit,SP
sa737089,Eduardo Del Rosario,P,1.0,0.0,1.0,0.0,0.0,1.9553001403808596,,2019,pit,RP
sa597688,Javier Palacios,P,0.618228018283844,0.0812000036239624,1.0,0.0,0.0,1.3806900337338455,,2019,pit,RP
sa873708,David Ellingson,P,1.0,0.0,1.0,0.0,0.0,1.9609898313879968,,2019,pit,RP
sa875308,Jared Lyons,P,1.0,0.0,1.0,0.0,0.0,2.1136900000274186,,2019,pit,RP
sa919499,Yeison Cespedes,P,1.0,0.0,1.0,0.0,0.0,2.3276599712669848,,2019,pit,RP
sa873548,Miguel Lara,P,0.1754390001296997,0.1754000037908554,1.0,0.0,0.0,0.7658600665628912,TBR,2019,pit,SP
sa918265,Joe Galindo,P,1.0,0.0,1.0,0.0,0.0,2.167339905351401,,2019,pit,RP
sa3007595,Sean Thompson,P,0.24305300414562225,0.16110000014305115,1.0,0.0,0.0,0.3703801132738591,CHW,2019,pit,SP
sa737256,Kevin Escorcia,P,1.0,0.0,1.0,0.0,0.0,1.945580024272204,,2019,pit,RP
sa918537,Zach Matson,P,1.0,0.0,1.0,0.0,0.0,1.6307599648833278,,2019,pit,RP
sa918536,Joe Serrapica,P,1.0,0.0,1.0,0.0,0.0,2.2268997743725776,,2019,pit,RP
sa917815,Jhonneyver Gutierrez,P,0.20677199959754944,0.1687999963760376,1.0,0.0,0.0,0.47504004761576635,,2019,pit,SP
sa737934,Steven Farinaro,P,0.4830000102519989,0.10999999940395355,1.0,0.0,0.0,1.1772699974477292,STL,2019,pit,RP
19785,Jake Lemoine,P,1.0,0.0,1.0,0.0,0.0,1.6192999251186841,,2019,pit,RP
sa3003026,Santiago Florez,P,0.1754390001296997,0.1754000037908554,1.0,0.0,0.0,0.519919895380736,,2019,pit,SP
sa945728,Lisandro Santos,P,0.31808799505233765,0.14509999752044678,1.0,0.0,0.0,1.2851900115609167,,2019,pit,RP
sa656388,Yair Lozoya,P,1.0,0.0,1.0,0.0,0.0,1.864609947800636,,2019,pit,RP
sa918183,Lucas Benenati,P,1.0,0.0,1.0,0.0,0.0,1.919040194898844,,2019,pit,RP
sa918559,Blake Lillis,P,0.20677199959754944,0.1687999963760376,1.0,0.0,0.0,0.8370699539780619,,2019,pit,SP
sa829349,Matt Ditman,P,1.0,0.0,1.0,0.0,0.0,1.9920500606298446,LAD,2019,pit,RP
sa739468,Robert Corniel,P,1.0,0.0,1.0,0.0,0.0,2.106539907306433,,2019,pit,RP
sa828416,Sandy Lugo,P,1.0,0.0,1.0,0.0,0.0,2.019449889659882,MIN,2019,pit,RP
sa828501,Miguel Polanco,P,0.31314000487327576,0.1460999995470047,1.0,0.0,0.0,0.8379098743200304,,2019,pit,RP
sa3002813,Daritzon Feliz,P,0.21501800417900085,0.16699999570846558,1.0,0.0,0.0,0.6837800480425358,CLE,2019,pit,SP
sa3002681,Antonio Cardenas,P,0.22656099498271942,0.16459999978542328,1.0,0.0,0.0,0.9827801086008554,,2019,pit,SP
sa919333,Ty Barkell,P,1.0,0.0,1.0,0.0,0.0,1.979209852218628,,2019,pit,RP
sa916092,Carlos De Leon,P,1.0,0.0,1.0,0.0,0.0,2.0422599419951437,,2019,pit,RP
sa737477,Miguel Gutierrez,P,1.0,0.0,1.0,0.0,0.0,2.097720258682966,,2019,pit,RP
sa184899,Hector Navarro,P,0.852403998374939,0.03139999881386757,1.0,0.0,0.0,1.7469799771904948,,2019,pit,RP
sa3005219,Wilber Perez,P,0.1944040060043335,0.17139999568462372,1.0,0.0,0.0,0.33263981118798247,,2019,pit,SP
sa872728,Nick Highberger,P,1.0,0.0,1.0,0.0,0.0,1.9383099228143692,,2019,pit,RP
sa508695,Luis Fernando Vazquez,P,1.0,0.0,1.0,0.0,0.0,1.9270200654864311,,2019,pit,RP
sa829006,Jeremiah Muhammad,P,1.0,0.0,1.0,0.0,0.0,2.191489937156439,LAD,2019,pit,RP
sa857699,Kyle Wilcox,P,1.0,0.0,1.0,0.0,0.0,2.148179884999991,,2019,pit,RP
sa829471,Jake Kelzer,P,1.0,0.0,1.0,0.0,0.0,1.8458499208092691,PHI,2019,pit,RP
sa738927,Cameron Griffin,P,1.0,0.0,1.0,0.0,0.0,1.991360097378493,,2019,pit,RP
sa918112,Kyle Weatherly,P,0.48464900255203247,0.1096000000834465,1.0,0.0,0.0,1.0188698790967465,,2019,pit,RP
sa925010,Bobby Eveld,P,1.0,0.0,1.0,0.0,0.0,1.55216020271182,,2019,pit,RP
sa877674,Kelvin Rodriguez,P,1.0,0.0,1.0,0.0,0.0,2.302300014346838,,2019,pit,RP
sa3002678,Luis Pacheco,P,0.24387699365615845,0.16089999675750732,1.0,0.0,0.0,0.7324499756097795,,2019,pit,SP
sa829191,Kevin Steen,P,0.1754390001296997,0.1754000037908554,1.0,0.0,0.0,0.44446007460355785,,2019,pit,SP
sa922749,Ted Hammond,P,1.0,0.0,1.0,0.0,0.0,1.827950033545494,SEA,2019,pit,RP
sa829251,Edrick Agosto,P,0.2364560067653656,0.16249999403953552,1.0,0.0,0.0,0.6473000824451445,LAA,2019,pit,SP
sa3003050,Luis Arrieta,P,0.23315800726413727,0.1632000058889389,1.0,0.0,0.0,0.6962099775671962,PIT,2019,pit,SP
sa829385,Zeke McGranahan,P,1.0,0.0,1.0,0.0,0.0,2.044800064712763,BAL,2019,pit,RP
sa652415,Oswaldo Pacheco,P,1.0,0.0,1.0,0.0,0.0,2.009930027276277,,2019,pit,RP
sa737325,Simon De la Rosa,P,1.0,0.0,1.0,0.0,0.0,2.0954601168632507,NYY,2019,pit,RP
sa828575,Luis Lopez,P,0.4310530126094818,0.12110000103712082,1.0,0.0,0.0,0.6197600647807122,,2019,pit,RP
sa917747,Yerelmy Garcia,P,0.23315800726413727,0.1632000058889389,1.0,0.0,0.0,0.6275200471282005,KCR,2019,pit,SP
sa872815,Andriu Marin,P,0.21996499598026276,0.16599999368190765,1.0,0.0,0.0,0.4679999053478241,,2019,pit,SP
sa879199,Brian Pirela,P,0.1902810037136078,0.17229999601840973,1.0,0.0,0.0,0.7740800991654395,,2019,pit,SP
sa748874,Jose Disla,P,1.0,0.0,1.0,0.0,0.0,2.2033301010727886,,2019,pit,RP
sa3002752,Michael Agis,P,1.0,0.0,1.0,0.0,0.0,1.916879883408547,COL,2019,pit,RP
sa977114,Jonathan Partida,P,1.0,0.0,1.0,0.0,0.0,1.977490233629942,,2019,pit,RP
sa3004702,Osvaldo Berrios,P,0.2224390059709549,0.16539999842643738,1.0,0.0,0.0,0.6339000314474106,BOS,2019,pit,SP
sa918749,Ryan Schlosser,P,1.0,0.0,1.0,0.0,0.0,2.1116200014948845,ATL,2019,pit,RP
sa655977,Hector Lopez,P,0.36591199040412903,0.13490000367164612,1.0,0.0,0.0,1.04691016972065,,2019,pit,RP
sa657897,Yelmison Peralta,P,1.0,0.0,1.0,0.0,0.0,1.88180995285511,,2019,pit,RP
sa3004483,Matt Seelinger,P,1.0,0.0,1.0,0.0,0.0,2.2463698521256448,DET,2019,pit,RP
sa3002680,Jonas De La Cruz,P,0.2727369964122772,0.15469999611377716,1.0,0.0,0.0,0.6861097410321237,,2019,pit,SP
sa658152,Jeremy Kivel,P,1.0,0.0,1.0,0.0,0.0,2.066769666224718,,2019,pit,RP
sa741938,Johan Juan,P,1.0,0.0,1.0,0.0,0.0,1.8937799982726577,,2019,pit,RP
sa915846,Ryan Selmer,P,1.0,0.0,1.0,0.0,0.0,1.8417398974299428,,2019,pit,RP
sa871449,Daniel Gonzalez,P,0.4970180094242096,0.10700000077486038,1.0,0.0,0.0,1.285520181804896,,2019,pit,RP
sa828835,Ismael Cabrera,P,1.0,0.0,1.0,0.0,0.0,1.8998400256037713,,2019,pit,RP
21101,Dauri Moreta,P,1.0,0.0,1.0,0.0,0.0,1.9627399027347567,,2019,pit,RP
sa3005032,Tanner Allison,P,0.9595969915390015,0.00860000029206276,1.0,0.0,0.0,2.200939983129502,,2019,pit,RP
sa3003021,Luis Palacios,P,0.4681580066680908,0.11320000141859055,1.0,0.0,0.0,1.207529982924462,MIA,2019,pit,RP
sa657277,Elias Torres,P/OF,1.0,0.0,1.0,0.0,0.0,2.289739849418402,SDP,2019,pit,RP
sa504429,Federico Castaneda,P,1.0,0.0,1.0,0.0,0.0,1.7537798337638382,,2019,pit,RP
sa917475,Johsson Arias,P,0.31314000487327576,0.1460999995470047,1.0,0.0,0.0,0.8362600281834607,,2019,pit,RP
21183,Humberto Castellanos,P,1.0,0.0,1.0,0.0,0.0,1.9253200344741344,,2019,pit,RP
sa509285,Fernando Villalobos,P,1.0,0.0,1.0,0.0,0.0,1.7767300151288508,,2019,pit,RP
sa917047,Omar Conoropo,P,0.5003160238265991,0.1062999963760376,1.0,0.0,0.0,1.0721400737762448,CIN,2019,pit,RP
sa829402,Willie Rios,P,0.22656099498271942,0.16459999978542328,1.0,0.0,0.0,0.10100999772548658,,2019,pit,SP
sa828156,Frandy Diaz,P,0.48464900255203247,0.1096000000834465,1.0,0.0,0.0,1.2126601412892342,,2019,pit,RP
sa707798,Brian Gilbert,P,1.0,0.0,1.0,0.0,0.0,1.9384500510990628,,2019,pit,RP
sa920959,Fraylin Santos,P,0.1754390001296997,0.1754000037908554,1.0,0.0,0.0,0.5851498208940029,,2019,pit,SP
sa873228,Maikel Sepulveda,P,0.33210501074790955,0.1421000063419342,1.0,0.0,0.0,0.8834599599242212,HOU,2019,pit,RP
sa652485,Juan Rodriguez,P,1.0,0.0,1.0,0.0,0.0,1.8292899474501616,,2019,pit,RP
sa875604,Sam Thoele,P,1.0,0.0,1.0,0.0,0.0,1.9347798004746437,COL,2019,pit,RP
sa868928,Julio Muniz,P,0.7419120073318481,0.05490000173449516,1.0,0.0,0.0,1.5888799637556072,,2019,pit,RP
20494,Braden Bristo,P,1.0,0.0,1.0,0.0,0.0,1.7630100004374984,,2019,pit,RP
sa918033,Dan Dallas,P,1.0,0.0,1.0,0.0,0.0,2.3824301019310954,,2019,pit,RP
sa506792,Javier Villarroel,P,0.1754390001296997,0.1754000037908554,1.0,0.0,0.0,-0.04002984538674381,,2019,pit,SP
sa917637,Harold Chirino,P,0.24387699365615845,0.16089999675750732,1.0,0.0,0.0,0.8817398771643643,,2019,pit,SP
sa875585,Jake Shull,P,1.0,0.0,1.0,0.0,0.0,1.5214900195598604,,2019,pit,RP
sa829767,Mayky Perez,P,1.0,0.0,1.0,0.0,0.0,1.8895697660744193,,2019,pit,RP
sa918489,Aaron Quillen,P,1.0,0.0,1.0,0.0,0.0,1.840060117095709,,2019,pit,RP
sa544302,Hugo Gutierrez,P,1.0,0.0,1.0,0.0,0.0,1.8361299626529224,,2019,pit,RP
sa873711,Dustin Hunt,P,1.0,0.0,1.0,0.0,0.0,1.9256501078605655,LAA,2019,pit,RP
sa542044,Rodolfo Aguilar,P,1.0,0.0,1.0,0.0,0.0,1.8989302262663847,,2019,pit,RP
sa837842,Daniel Lewis,P,1.0,0.0,1.0,0.0,0.0,2.0466898858547213,CHC,2019,pit,RP
sa3005026,Gerald Ogando,P,0.1944040060043335,0.17139999568462372,1.0,0.0,0.0,0.7402799375355245,BAL,2019,pit,SP
sa873466,Yorvin Pantoja,P,0.18780699372291565,0.1728000044822693,1.0,0.0,0.0,0.5052199386060239,,2019,pit,SP
sa3006496,Luis Villar,P,0.31314000487327576,0.1460999995470047,1.0,0.0,0.0,0.9465900920331478,,2019,pit,RP
21045,Seth Martinez,P,1.0,0.0,1.0,0.0,0.0,1.8574499525129795,BOS,2019,pit,RP
sa3005295,Harrison Francis,P,0.5530880093574524,0.09510000050067902,1.0,0.0,0.0,1.5962501280009747,,2019,pit,RP
sa3004698,Cody Beckman,P,1.0,0.0,1.0,0.0,0.0,2.258410086482763,,2019,pit,RP
sa829509,Mike Burke,P,1.0,0.0,1.0,0.0,0.0,1.8921398907899851,BAL,2019,pit,RP
sa876214,Luke Harrison,P,1.0,0.0,1.0,0.0,0.0,2.122489980608225,STL,2019,pit,RP
sa3004865,Martin Anderson,P,0.5786489844322205,0.08959999680519104,1.0,0.0,0.0,1.431380095332861,,2019,pit,RP
sa508500,Jose Cobos,P,1.0,0.0,1.0,0.0,0.0,1.9005299784243115,,2019,pit,RP
sa738189,Corey Miller,P,1.0,0.0,1.0,0.0,0.0,1.891090009361506,OAK,2019,pit,RP
sa3003079,Ramon Guzman,P,0.3048950135707855,0.14790000021457672,1.0,0.0,0.0,1.0648799978196615,NYM,2019,pit,RP
sa879543,Fredderi Soto,P,0.2504740059375763,0.15950000286102295,1.0,0.0,0.0,0.415409790724516,,2019,pit,SP
20271,Daysbel Hernández,P,1.0,0.0,1.0,0.0,0.0,2.264850095659494,ATL,2019,pit,RP
sa737357,Deivy Mendez,P,1.0,0.0,1.0,0.0,0.0,2.1830998986959465,,2019,pit,RP
sa3004368,Tanner Duncan,P,1.0,0.0,1.0,0.0,0.0,2.084009866416455,,2019,pit,RP
17264,Sam Coonrod,P,10.0,0.0,10.0,0.0,0.7523000240325928,43.08936072587967,,2019,pit,RP
sa918993,Pasquale Mazzoccoli,P,1.0,0.0,1.0,0.0,0.0,1.8943300038576125,PIT,2019,pit,RP
sa830278,Randy Valladares,P,1.0,0.0,1.0,0.0,0.0,1.8326098918914795,,2019,pit,RP
sa549183,Mario Alcantara,P,1.0,0.0,1.0,0.0,0.0,2.038579753041268,BAL,2019,pit,RP
sa918191,Cody Dube,P,0.7501580119132996,0.053199999034404755,1.0,0.0,0.0,1.031599905341864,BAL,2019,pit,RP
sa920101,Matthew Wynne,P,1.0,0.0,1.0,0.0,0.0,1.8586999937891968,,2019,pit,RP
sa828485,Ismel Lopez,P,1.0,0.0,1.0,0.0,0.0,1.9318402089178566,,2019,pit,RP
sa919895,Willy Collado,P,1.0,0.0,1.0,0.0,0.0,2.0046700380742557,,2019,pit,RP
sa3002668,Evan Sanders,P,0.3939470052719116,0.12890000641345978,1.0,0.0,0.0,1.0820098347961906,,2019,pit,RP
sa833270,Mitchell Osnowitz,P,1.0,0.0,1.0,0.0,0.0,2.182320089638233,,2019,pit,RP
sa876066,Colton Cross,P,1.0,0.0,1.0,0.0,0.0,1.918420021235943,,2019,pit,RP
sa918482,Colin McKee,P,1.0,0.0,1.0,0.0,0.0,2.1689400799572467,,2019,pit,RP
sa658136,Zack Bird,P,0.7707719802856445,0.04879999905824661,1.0,0.0,0.0,1.9135199725627898,,2019,pit,RP
sa658930,C.J. Saylor,P,1.0,0.0,1.0,0.0,0.0,2.258880043029785,,2019,pit,RP
sa3005207,Alex Valverde,P,0.19852599501609802,0.1704999953508377,1.0,0.0,0.0,0.690309945493937,,2019,pit,SP
sa658907,Paul Hendrix,3B,1.0,0.0,1.0,0.0,0.0,1.9507100194692617,,2019,pit,RP
sa657427,Mark Malave,P/3B,1.0,0.0,1.0,0.0,0.0,2.0772798389196403,CHC,2019,pit,RP
sa917820,Eudiver Avendano,P,0.1754390001296997,0.1754000037908554,1.0,0.0,0.0,0.3787502072751523,,2019,pit,SP
16440,James Norwood,P,10.0,0.0,10.0,0.0,0.8058000206947327,41.150209087133405,NYY,2019,pit,RP
sa829868,Erbert Gonzalez,P,1.0,0.0,1.0,0.0,0.0,2.323239935934544,,2019,pit,RP
sa878813,Diosward Gonzalez,P,0.4079650044441223,0.12600000202655792,1.0,0.0,0.0,1.0320699863135814,,2019,pit,RP
sa596321,Manny Martinez,P,1.0,0.0,1.0,0.0,0.0,1.9521599955856805,,2019,pit,RP
sa597029,Eduardo Rivera,P,1.0,0.0,1.0,0.0,0.0,2.177680128067732,,2019,pit,RP
sa917885,Alfredo Silva,P,0.23728099465370178,0.1623000055551529,1.0,0.0,0.0,0.3047600857913495,,2019,pit,SP
sa3003007,Adan Frias,P,0.2785089910030365,0.1535000056028366,1.0,0.0,0.0,0.8950699858367446,,2019,pit,SP
sa592350,Luis Enrique Rodriguez,P,1.0,0.0,1.0,0.0,0.0,1.7952099710702898,,2019,pit,RP
sa737023,Adonis De La Cruz,P/OF,1.0,0.0,1.0,0.0,0.0,1.6697900421917433,,2019,pit,RP
sa917490,Jean Carlos Valdez,P,0.3889999985694885,0.12999999523162842,1.0,0.0,0.0,0.9296500310301781,PHI,2019,pit,RP
sa210450,Oscar Hurtado,P,1.0,0.0,1.0,0.0,0.0,1.7921599440276625,,2019,pit,RP
sa921734,Maikel Aguiar,P,1.0,0.0,1.0,0.0,0.0,2.0938200347125537,CHC,2019,pit,RP
sa3003090,Jose Alberto Rivera,P,0.3939470052719116,0.12890000641345978,1.0,0.0,0.0,1.0388402178883553,,2019,pit,RP
sa597044,Gabriel Castellanos,P,1.0,0.0,1.0,0.0,0.0,1.9163300491869455,,2019,pit,RP
sa597081,Cristian Quintin,P/OF,1.0,0.0,1.0,0.0,0.0,1.8657699443399909,,2019,pit,RP
sa393318,Francisco Gil,P,1.0,0.0,1.0,0.0,0.0,1.7393899939954278,,2019,pit,RP
sa914150,Erick Casillas,P,1.0,0.0,1.0,0.0,0.0,1.8653401426970957,,2019,pit,RP
sa3006375,Alexis Carmona,P,0.18863199651241302,0.17260000109672546,1.0,0.0,0.0,0.19157007709145546,,2019,pit,SP
sa915634,Aaron Soto,P,0.3939470052719116,0.12890000641345978,1.0,0.0,0.0,0.6393399074673654,,2019,pit,RP
sa918494,Rayniel Adames,P,0.23315800726413727,0.1632000058889389,1.0,0.0,0.0,0.5530500233173372,,2019,pit,SP
sa917392,Joshua Javier,P,0.33705300092697144,0.14110000431537628,1.0,0.0,0.0,0.4974699914455414,,2019,pit,RP
sa918296,Michael Mertz,P,1.0,0.0,1.0,0.0,0.0,2.334540042281151,,2019,pit,RP
sa875998,Jason Bilous,P,0.1754390001296997,0.1754000037908554,1.0,0.0,0.0,0.029849823564291,,2019,pit,SP
sa977185,Roby Romero,P,1.0,0.0,1.0,0.0,0.0,1.8093001864850522,,2019,pit,RP
sa504957,Remberto Romo,P,1.0,0.0,1.0,0.0,0.0,1.818320011347533,,2019,pit,RP
sa873321,Cesar Rosado,P,0.2504740059375763,0.15950000286102295,1.0,0.0,0.0,0.7895400881767274,,2019,pit,SP
sa3005126,Jeison Pena,P,0.2826319932937622,0.1526000052690506,1.0,0.0,0.0,0.6128298036754134,,2019,pit,SP
sa600253,Michael Cederoth,P,1.0,0.0,1.0,0.0,0.0,2.050789852440357,,2019,pit,RP
sa328152,Fabian Williamson,P,1.0,0.0,1.0,0.0,0.0,1.9324201531708245,,2019,pit,RP
sa875302,Andrew Tomasovich,P,1.0,0.0,1.0,0.0,0.0,2.0663600392639636,OAK,2019,pit,RP
sa875323,Sutter McLoughlin,P,1.0,0.0,1.0,0.0,0.0,1.7528601452708243,,2019,pit,RP
sa874233,Vance Tatum,P,1.0,0.0,1.0,0.0,0.0,1.9261298663914208,,2019,pit,RP
sa3002919,Jose Romero,P,0.1902810037136078,0.17229999601840973,1.0,0.0,0.0,0.6553400933742526,,2019,pit,SP
sa918521,Tyler Hallead,P,1.0,0.0,1.0,0.0,0.0,1.811319989711047,,2019,pit,RP
sa856277,Levi MaVorhis,P,0.8210700154304504,0.038100000470876694,1.0,0.0,0.0,1.54532018005848,,2019,pit,RP
sa3006113,Israel Puello,P,0.1754390001296997,0.1754000037908554,1.0,0.0,0.0,0.3747898615896701,,2019,pit,SP
sa3002979,Edisson Gonzalez,P,0.2232629954814911,0.16529999673366547,1.0,0.0,0.0,0.7805199697613716,,2019,pit,SP
sa658083,Daris Vargas,P,1.0,0.0,1.0,0.0,0.0,1.8484700657427315,,2019,pit,RP
sa3002935,Luis De Jesus,P,0.23315800726413727,0.1632000058889389,1.0,0.0,0.0,0.8309898987412456,,2019,pit,SP
sa509467,Adrian Ramirez,P,1.0,0.0,1.0,0.0,0.0,1.8474501714110376,,2019,pit,RP
sa3002796,Jose E. Martinez,P,0.5959650278091431,0.0860000029206276,1.0,0.0,0.0,1.5910900972783568,,2019,pit,RP
sa3004641,Moises Ceja,P,1.0,0.0,1.0,0.0,0.0,1.4780600413680074,,2019,pit,RP
sa977184,Gabe Aguilar,P,1.0,0.0,1.0,0.0,0.0,1.827289988100529,,2019,pit,RP
sa3007625,Carter Love,P,0.6371930241584778,0.07720000296831131,1.0,0.0,0.0,1.0770000047981743,CHW,2019,pit,RP
sa918362,Mike Bunal,P,1.0,0.0,1.0,0.0,0.0,1.4317199401557446,COL,2019,pit,RP
sa3005706,Daury Cabrera,P,0.338701993227005,0.14069999754428864,1.0,0.0,0.0,0.8175798431038857,,2019,pit,RP
sa599887,German Taveras,P,0.879613995552063,0.025599999353289604,1.0,0.0,0.0,1.6526096962392334,BOS,2019,pit,RP
sa658504,Blake Hickman,P,0.5267019867897034,0.1006999984383583,1.0,0.0,0.0,0.9308699294924736,,2019,pit,RP
sa602432,David Lucroy,P,0.7988070249557495,0.04280000180006027,1.0,0.0,0.0,1.874720008671284,MIL,2019,pit,RP
sa875857,Reimin Ramos,P,1.0,0.0,1.0,0.0,0.0,1.828669971227646,,2019,pit,RP
sa947297,Adoni Kery,P,0.5530880093574524,0.09510000050067902,1.0,0.0,0.0,1.3034801684319968,CLE,2019,pit,RP
sa873320,Wander Cabrera,P,0.24222800135612488,0.16120000183582306,1.0,0.0,0.0,0.2455697536468504,COL,2019,pit,SP
sa918454,Tyler Fallwell,P,1.0,0.0,1.0,0.0,0.0,1.7484699755907056,PHI,2019,pit,RP
sa3002587,Andrew Gutierrez,P,1.0,0.0,1.0,0.0,0.0,1.8268100269138814,,2019,pit,RP
sa658209,Jorge Cespedes,P,0.497842013835907,0.10679999738931656,1.0,0.0,0.0,1.3287599585950378,,2019,pit,RP
21649,Luis Medina,P,0.1754390001296997,0.1754000037908554,1.0,0.0,0.0,0.4191699460148812,OAK,2019,pit,SP
sa656847,Jesus Garcia,P,1.0,0.0,1.0,0.0,0.0,1.650069883465767,,2019,pit,RP
sa918031,Daniel Brown,P,1.0,0.0,1.0,0.0,0.0,2.1668399035930634,,2019,pit,RP
sa872871,Xavier Javier,P,0.24057899415493011,0.1615999937057495,1.0,0.0,0.0,0.1560799658298495,,2019,pit,SP
sa3004601,David Smith,P,1.0,0.0,1.0,0.0,0.0,1.7247799277305602,,2019,pit,RP
sa917483,Joan Martinez,P,1.0,0.0,1.0,0.0,0.0,1.9775200717151167,,2019,pit,RP
16634,Carlos Sanabria,P,1.0,0.0,1.0,0.0,0.0,1.9984499089419838,,2019,pit,RP
sa828239,Ofelky Peralta,P,0.1754390001296997,0.1754000037908554,1.0,0.0,0.0,-0.07702011615037874,,2019,pit,SP
sa658793,Mark McCoy,P,1.0,0.0,1.0,0.0,0.0,1.8852299958467489,KCR,2019,pit,RP
sa3002596,Daniel De La Fuente,P,0.31314000487327576,0.1460999995470047,1.0,0.0,0.0,0.5631399005651474,,2019,pit,RP
22872,Yoendrys Gómez,P,0.1902810037136078,0.17229999601840973,1.0,0.0,0.0,0.10373991578817376,TBR,2019,pit,SP
sa3003096,Rafael Monsion,P,0.21501800417900085,0.16699999570846558,1.0,0.0,0.0,0.25488023012876493,,2019,pit,SP
sa918632,Nathan Thompson,P,0.5827720165252686,0.08879999816417694,1.0,0.0,0.0,1.3709198832511906,,2019,pit,RP
sa875899,Christian Turnipseed,P,1.0,0.0,1.0,0.0,0.0,1.914499995857478,BAL,2019,pit,RP
sa917335,Jasiel Alvino,P,1.0,0.0,1.0,0.0,0.0,2.146089855581522,,2019,pit,RP
sa3002781,Gabe Morales,P,0.2603679895401001,0.1573999971151352,1.0,0.0,0.0,0.6714199803769589,,2019,pit,SP
sa827486,Alex Katz,P,1.0,0.0,1.0,0.0,0.0,1.6496698237955574,,2019,pit,RP
sa829198,Michael Knighton,P,1.0,0.0,1.0,0.0,0.0,1.7668101526796822,,2019,pit,RP
sa918672,Will Kincanon,P,1.0,0.0,1.0,0.0,0.0,1.591760133206845,,2019,pit,RP
sa915647,Joe Mockbee,P,1.0,0.0,1.0,0.0,0.0,1.8530200093984606,,2019,pit,RP
11502,Parker Bridwell,P,1.6200000047683716,1.6200000047683716,9.158880233764648,0.0,0.0,21.62703300118446,,2019,pit,SP
sa3004220,Josh Advocate,P,1.0,0.0,1.0,0.0,0.0,1.3820401087403296,,2019,pit,RP
sa602567,Chase Williams,P,1.0,0.0,1.0,0.0,0.0,1.8789798662066461,,2019,pit,RP
sa828144,Hansel Paulino,P,0.8293160200119019,0.03629999980330467,1.0,0.0,0.0,1.6571101486682887,,2019,pit,RP
sa871486,Emilio Ferrebus,P,0.2603679895401001,0.1573999971151352,1.0,0.0,0.0,0.7269900694489477,,2019,pit,SP
sa3003065,Juan Diaz,P,0.31314000487327576,0.1460999995470047,1.0,0.0,0.0,0.6026998825371268,,2019,pit,RP
sa3003164,Matthew Peguero,P,0.18863199651241302,0.17260000109672546,1.0,0.0,0.0,0.5689899593591692,,2019,pit,SP
sa597433,Victor Veliz,P,1.0,0.0,1.0,0.0,0.0,1.8567400403320784,,2019,pit,RP
sa873950,Cory Malcom,P,1.0,0.0,1.0,0.0,0.0,1.8901599243283278,STL,2019,pit,RP
sa868930,Manuel Valdez,P,1.0,0.0,1.0,0.0,0.0,1.91480989381671,,2019,pit,RP
sa828814,Carson Sands,P,0.2644909918308258,0.15649999678134918,1.0,0.0,0.0,0.6924900211393834,,2019,pit,SP
sa978399,Victor Castaneda,P,0.2826319932937622,0.1526000052690506,1.0,0.0,0.0,0.8359596870839594,,2019,pit,SP
sa918152,Pete Bayer,P,0.8037539720535278,0.04179999977350235,1.0,0.0,0.0,1.8073999688029287,,2019,pit,RP
sa829419,Rob Huber,P,0.9233160018920898,0.016300000250339508,1.0,0.0,0.0,1.7656500704586509,OAK,2019,pit,RP
sa873654,Spencer Trayner,P,1.0,0.0,1.0,0.0,0.0,1.7747800931334496,STL,2019,pit,RP
sa874790,Austin Smith,P,1.0,0.0,1.0,0.0,0.0,2.1118999272584915,,2019,pit,RP
sa3004471,Billy Lescher,P,1.0,0.0,1.0,0.0,0.0,1.5428699702024464,,2019,pit,RP
sa3001065,Alexis Portillo,P,0.6561579704284668,0.07320000231266022,1.0,0.0,0.0,1.3198500543832776,,2019,pit,RP
sa877615,Carlos Machorro,P,0.7814909815788269,0.04650000110268593,1.0,0.0,0.0,1.3768199637532228,,2019,pit,RP
sa504950,Roberto Espinosa,P,1.0,0.0,1.0,0.0,0.0,1.8165500879287717,,2019,pit,RP
sa918085,Remey Reed,P,1.0,0.0,1.0,0.0,0.0,2.2394199736416347,,2019,pit,RP
sa921661,Martin Buitimea,P,0.37498199939727783,0.13300000131130219,1.0,0.0,0.0,0.8233000792562963,,2019,pit,RP
sa3003052,Wilmer Jimenez,P,0.7419120073318481,0.05490000173449516,1.0,0.0,0.0,1.7097600497305394,,2019,pit,RP
sa914317,Garrett Harrison,P,1.0,0.0,1.0,0.0,0.0,2.0528500087559225,LAD,2019,pit,RP
sa3002999,Jendersson Caraballo,P,0.1754390001296997,0.1754000037908554,1.0,0.0,0.0,-0.0732299216091632,,2019,pit,SP
sa829654,Josh Pennington,P,1.0,0.0,1.0,0.0,0.0,2.0792901486158373,,2019,pit,RP
sa3002816,Kelvin Nunez,P,0.2785089910030365,0.1535000056028366,1.0,0.0,0.0,0.4278899699449541,,2019,pit,SP
sa918539,Skylar Arias,P,1.0,0.0,1.0,0.0,0.0,1.8647901050746443,,2019,pit,RP
sa597263,Oscar Armenta,P,1.0,0.0,1.0,0.0,0.0,1.7694101192057134,,2019,pit,RP
sa3002802,Cristhopher Marte,P,0.21501800417900085,0.16699999570846558,1.0,0.0,0.0,0.2647999398410321,,2019,pit,SP
sa738712,Luke Lanphere,P,1.0,0.0,1.0,0.0,0.0,1.355259842425585,,2019,pit,RP
sa739307,Evan Smith,P,1.0,0.0,1.0,0.0,0.0,1.8144300907850268,LAA,2019,pit,RP
sa875784,Robert Tasin,P,1.0,0.0,1.0,0.0,0.0,1.7935900136828429,,2019,pit,RP
sa3002819,Jesus Ozoria,P,0.3939470052719116,0.12890000641345978,1.0,0.0,0.0,0.7727598406374456,,2019,pit,RP
sa924538,Edgar Martinez,P,0.2504740059375763,0.15950000286102295,1.0,0.0,0.0,0.9466499507427217,,2019,pit,SP
23135,Eduardo Salazar,P,0.5234040021896362,0.10140000283718109,1.0,0.0,0.0,0.887300140410662,MIN,2019,pit,RP
sa509041,Rene Coss,P,1.0,0.0,1.0,0.0,0.0,1.7524299770593648,,2019,pit,RP
sa916836,Miguel Figueroa,P,0.3939470052719116,0.12890000641345978,1.0,0.0,0.0,1.3515899397432807,,2019,pit,RP
sa918579,Colton Davis,P,1.0,0.0,1.0,0.0,0.0,1.736820179969072,,2019,pit,RP
sa393077,Oswaldo Martínez,P,1.0,0.0,1.0,0.0,0.0,1.6675498925149448,,2019,pit,RP
sa3003068,Maiker Manuel,P,0.31314000487327576,0.1460999995470047,1.0,0.0,0.0,0.5303199119865898,,2019,pit,RP
21951,Joel Peguero,P,0.3485960066318512,0.13860000669956207,1.0,0.0,0.0,0.8890301436185837,SFG,2019,pit,RP
sa3005194,Mark Washington,P,1.0,0.0,1.0,0.0,0.0,2.0864500001072885,,2019,pit,RP
21859,Alex Speas,P,1.0,0.0,1.0,0.0,0.0,1.6052099667489532,,2019,pit,RP
sa918363,Tony Hernandez,P,0.41126298904418945,0.12530000507831573,1.0,0.0,0.0,0.8340400338172915,,2019,pit,RP
sa875691,Max Almonte,P,1.0,0.0,1.0,0.0,0.0,1.9625000476837156,STL,2019,pit,RP
sa828744,Alfredo Mena,P,1.0,0.0,1.0,0.0,0.0,1.7627802215516568,,2019,pit,RP
sa3003043,Francis Del Orbe,P,0.5737019777297974,0.09070000052452087,1.0,0.0,0.0,1.2158200196921833,PIT,2019,pit,RP
sa829637,Patrick Baker,P,1.0,0.0,1.0,0.0,0.0,1.8304799750447276,BAL,2019,pit,RP
sa918090,Cole Duensing,P,0.20017500221729279,0.17020000517368317,1.0,0.0,0.0,0.052109859138727455,,2019,pit,SP
sa917467,Dauris Cordero,P,0.20017500221729279,0.17020000517368317,1.0,0.0,0.0,0.49200029894709596,,2019,pit,SP
sa873218,Julio Frias,P,0.2636669874191284,0.156700000166893,1.0,0.0,0.0,1.018549863249064,,2019,pit,SP
sa875292,Nick Monroe,P,1.0,0.0,1.0,0.0,0.0,2.0072298660874366,,2019,pit,RP
sa914287,Carlos Pech,P,1.0,0.0,1.0,0.0,0.0,1.7163799799978738,,2019,pit,RP
sa596284,Julio Vivas,P,1.0,0.0,1.0,0.0,0.0,1.8097998976707466,,2019,pit,RP
20827,Michael Petersen,P,1.0,0.0,1.0,0.0,0.0,1.9676900371909145,MIA,2019,pit,RP
sa3004354,Dylan Stock,P,0.8672459721565247,0.028200000524520874,1.0,0.0,0.0,1.2756898738443856,,2019,pit,RP
sa3002598,Casey Brown,P,1.0,0.0,1.0,0.0,0.0,1.5863402068614958,PHI,2019,pit,RP
sa738700,Andy Ravel,P,0.8878600001335144,0.023900000378489494,1.0,0.0,0.0,1.3716400489211087,,2019,pit,RP
sa596858,Francisco Cambuston,P,1.0,0.0,1.0,0.0,0.0,1.638380006700754,ATL,2019,pit,RP
sa873226,Juan Robles,P,0.8078770041465759,0.04089999943971634,1.0,0.0,0.0,1.5476000420749192,,2019,pit,RP
sa883131,Austin Glorius,P,1.0,0.0,1.0,0.0,0.0,1.9201499648392208,,2019,pit,RP
sa738652,Matt Vogel,P,1.0,0.0,1.0,0.0,0.0,1.8763899341225625,,2019,pit,RP
sa737688,Carlos Salazar,P,1.0,0.0,1.0,0.0,0.0,1.8752599701285364,,2019,pit,RP
sa876106,Braxton Lorenzini,P,1.0,0.0,1.0,0.0,0.0,1.505689971894026,,2019,pit,RP
16618,Kyle Bird,P,40.0,0.0,40.0,0.0,4.163400173187256,156.7692091464996,,2019,pit,RP
sa737062,Erick Algarin,P,1.0,0.0,1.0,0.0,0.0,1.804349865764379,CLE,2019,pit,RP
sa915604,James Ziemba,P,1.0,0.0,1.0,0.0,0.0,1.5059299930930146,,2019,pit,RP
sa875153,Jordan Guerrero,P,1.0,0.0,1.0,0.0,0.0,2.0670798033475877,,2019,pit,RP
sa657752,Luis Aquino,P,1.0,0.0,1.0,0.0,0.0,1.774849842488766,,2019,pit,RP
sa920187,Garrett Kelly,P,1.0,0.0,1.0,0.0,0.0,1.9759698584675789,,2019,pit,RP
sa918460,Michael Horejsei,P,1.0,0.0,1.0,0.0,0.0,1.5198000378906733,CHW,2019,pit,RP
sa917337,Luis Pasen,P,1.0,0.0,1.0,0.0,0.0,2.1258801162242893,LAD,2019,pit,RP
sa291749,Matt Nevarez,P,1.0,0.0,1.0,0.0,0.0,1.7418599784374242,,2019,pit,RP
sa875838,Edwar Ramirez,P,0.3337540030479431,0.14180000126361847,1.0,0.0,0.0,0.5994899079203608,,2019,pit,RP
sa3004473,John Ghyzel,P,1.0,0.0,1.0,0.0,0.0,1.69355011060834,,2019,pit,RP
sa3004802,Michele Vassalotti,P,0.3024210035800934,0.14839999377727509,1.0,0.0,0.0,0.8014398902654651,,2019,pit,RP
sa919907,Jose Albertos,P,0.3147889971733093,0.14579999446868896,1.0,0.0,0.0,1.0269801221787933,,2019,pit,RP
sa744295,Isaac Jimenez,P,1.0,0.0,1.0,0.0,0.0,1.6879798091948035,,2019,pit,RP
sa3003011,Daniel Santana,P,0.18780699372291565,0.1728000044822693,1.0,0.0,0.0,0.30450981780886677,,2019,pit,SP
3237,T.J. McFarland,P,35.0,0.0,35.0,0.0,0.7937999963760376,126.03899760246277,,2019,pit,RP
19481,Tyler Ferguson,P,1.0,0.0,1.0,0.0,0.0,1.8276800528168677,OAK,2019,pit,RP
21863,George Soriano,P,0.46238601207733154,0.1143999993801117,1.0,0.0,0.0,1.3519000001251702,STL,2019,pit,RP
sa828515,Jorge Oviedo,P,0.43517500162124634,0.12020000070333481,1.0,0.0,0.0,0.8800599612295628,COL,2019,pit,RP
sa918354,Trent Johnson,P,1.0,0.0,1.0,0.0,0.0,1.5909500449895866,,2019,pit,RP
sa918239,Justin Miller,P,0.36591199040412903,0.13490000367164612,1.0,0.0,0.0,0.724199928343296,,2019,pit,RP
sa3004962,Benjamin Rodriguez,P,0.21501800417900085,0.16699999570846558,1.0,0.0,0.0,0.309070136398077,,2019,pit,SP
sa875287,Daniel Zandona,P,0.6561579704284668,0.07320000231266022,1.0,0.0,0.0,1.1772600606083867,,2019,pit,RP
sa3004830,Josh Reagan,P,0.905174970626831,0.02019999921321869,1.0,0.0,0.0,1.5741899661719807,,2019,pit,RP
sa3004486,Ryan Valdes,P,1.0,0.0,1.0,0.0,0.0,1.7656898252666,,2019,pit,RP
sa603117,Mick VanVossen,P,1.0,0.0,1.0,0.0,0.0,1.4906000919640063,CHW,2019,pit,RP
sa875659,Jake Johnson,P,0.7600529789924622,0.051100000739097595,1.0,0.0,0.0,1.2411198668181895,CIN,2019,pit,RP
sa828214,Cesar Ventura,P,0.8491050004959106,0.032099999487400055,1.0,0.0,0.0,1.5272998698055749,,2019,pit,RP
sa945752,Cal Becker,P,1.0,0.0,1.0,0.0,0.0,1.982649837434292,,2019,pit,RP
sa918821,John Timmins,P,1.0,0.0,1.0,0.0,0.0,2.174889946728945,,2019,pit,RP
sa3004591,Brody Rodning,P,1.0,0.0,1.0,0.0,0.0,1.5749101415276532,,2019,pit,RP
sa393223,Matias Carrillo,P,1.0,0.0,1.0,0.0,0.0,1.6228999324142936,,2019,pit,RP
sa917357,Miguel De Los Santos,P,0.4310530126094818,0.12110000103712082,1.0,0.0,0.0,1.2462898902595043,,2019,pit,RP
sa3004924,Jake Steffens,P,1.0,0.0,1.0,0.0,0.0,1.6392698533833032,,2019,pit,RP
sa914049,Juan Macias,P,1.0,0.0,1.0,0.0,0.0,1.7145199447870252,,2019,pit,RP
13892,Paul Sewald,P,20.0,0.0,20.0,0.0,0.7685999870300293,78.49635241031646,ARI,2019,pit,RP
sa918273,Matt Cleveland,P,0.1754390001296997,0.1754000037908554,1.0,0.0,0.0,0.4155601978302004,ARI,2019,pit,SP
sa3002602,Carlos Morales,P,1.0,0.0,1.0,0.0,0.0,1.6620001800358293,,2019,pit,RP
sa3004221,Kevin Hamann,P,1.0,0.0,1.0,0.0,0.0,1.6971099302172665,STL,2019,pit,RP
sa886971,Juan Florentino,P,1.0,0.0,1.0,0.0,0.0,1.7215100109577173,,2019,pit,RP
sa875995,Armando Ruiz,P,1.0,0.0,1.0,0.0,0.0,1.8341200917959215,OAK,2019,pit,RP
sa3004456,Felipe Castaneda,P,0.1754390001296997,0.1754000037908554,1.0,0.0,0.0,-0.05475010052323359,,2019,pit,SP
sa3002818,Juan Mercedes,P,0.32880699634552,0.1428000032901764,1.0,0.0,0.0,0.4777900010347369,,2019,pit,RP
sa657507,Dioscar Romero,P,1.0,0.0,1.0,0.0,0.0,1.726020024716854,,2019,pit,RP
sa3004487,Drew Fischer,P,1.0,0.0,1.0,0.0,0.0,1.781149854511023,,2019,pit,RP
sa657701,Jesús Castillo,P,25.0,0.0,25.0,0.0,0.8267999887466431,87.71006140708924,,2019,pit,RP
sa3005247,Humberto Montiel,P,1.0,0.0,1.0,0.0,0.0,1.661259725689888,,2019,pit,RP
sa873309,Carlos Herrera,P,0.3939470052719116,0.12890000641345978,1.0,0.0,0.0,1.0319999575614927,,2019,pit,RP
sa829580,Kida De La Cruz,P,1.0,0.0,1.0,0.0,0.0,1.7193498551845545,,2019,pit,RP
sa999479,Patrick Duester,P,1.0,0.0,1.0,0.0,0.0,1.6896899633109572,LAD,2019,pit,RP
sa917688,Christian Fernandez,P,0.24470199644565582,0.1606999933719635,1.0,0.0,0.0,0.6612000323832037,,2019,pit,SP
sa504948,Norman Elenes,P,1.0,0.0,1.0,0.0,0.0,1.6264898829162129,,2019,pit,RP
sa3004988,Dalton Higgins,P,1.0,0.0,1.0,0.0,0.0,1.3388201743364334,,2019,pit,RP
sa873302,Gilberto Chu,P,1.0,0.0,1.0,0.0,0.0,1.6250001400709158,,2019,pit,RP
sa879638,Brian Bass,P,1.0,0.0,1.0,0.0,0.0,1.5856401577591894,LAD,2019,pit,RP
sa202991,Aaron Myers,P,1.0,0.0,1.0,0.0,0.0,1.7177401833236212,,2019,pit,RP
sa945004,Wanderson Linares,P,0.22656099498271942,0.16459999978542328,1.0,0.0,0.0,0.5516798980534077,TBR,2019,pit,SP
sa3005702,Cruz Noriega,P,0.5242279767990112,0.10119999945163727,1.0,0.0,0.0,1.0033601000905041,,2019,pit,RP
sa918898,Leland Tilley,P,1.0,0.0,1.0,0.0,0.0,1.933179992437363,STL,2019,pit,RP
sa735885,Oswaldo Castillo,P,1.0,0.0,1.0,0.0,0.0,1.7056899204850198,,2019,pit,RP
sa3002590,Jesus Alcantar,P,1.0,0.0,1.0,0.0,0.0,1.5792100578546528,,2019,pit,RP
sa917174,Pedro Garcia,P,0.3560180068016052,0.13699999451637268,1.0,0.0,0.0,0.7193700820207596,MIN,2019,pit,RP
sa872843,Javier Garcia,P,1.0,0.0,1.0,0.0,0.0,1.6676699407398705,,2019,pit,RP
sa918349,Phil Morse,P,1.0,0.0,1.0,0.0,0.0,1.6703799434006217,,2019,pit,RP
sa3006396,Wanly Perez,P,0.31314000487327576,0.1460999995470047,1.0,0.0,0.0,0.6716898359358314,,2019,pit,RP
sa874819,David Gutierrez,P,1.0,0.0,1.0,0.0,0.0,1.572759984433651,,2019,pit,RP
sa916839,Jorge Labrador,P,0.8697190284729004,0.027699999511241913,1.0,0.0,0.0,2.0142199404537684,,2019,pit,RP
sa917763,Edwuin Bencomo,P,0.5052629709243774,0.10530000180006027,1.0,0.0,0.0,1.1880900315940384,,2019,pit,RP
sa914209,Eduardo Alvarez,P,1.0,0.0,1.0,0.0,0.0,1.6832599982619283,,2019,pit,RP
sa918740,Howie Brey,P,1.0,0.0,1.0,0.0,0.0,1.7872601658105847,,2019,pit,RP
sa918635,Jaccen Centeno,P,0.2183160036802292,0.1662999987602234,1.0,0.0,0.0,0.14760996773838997,CIN,2019,pit,SP
sa3004017,Abraham Almonte,P,1.0,0.0,1.0,0.0,0.0,1.738270103931427,,2019,pit,RP
sa873152,Fabian Blanco,P,1.0,0.0,1.0,0.0,0.0,1.9999100498855116,,2019,pit,RP
sa3004595,Lukas Young,P,1.0,0.0,1.0,0.0,0.0,1.6303600922226908,,2019,pit,RP
sa917821,Luis Ramirez,P,1.0,0.0,1.0,0.0,0.0,1.5762600593268874,,2019,pit,RP
sa857574,Will Stillman,P,1.0,0.0,1.0,0.0,0.0,1.741270037740469,,2019,pit,RP
sa829111,Yosshel Hurtado,P,1.0,0.0,1.0,0.0,0.0,1.6287899136543276,,2019,pit,RP
sa548350,Gabriel Encinas,P,1.0,0.0,1.0,0.0,0.0,1.8039300277829176,SDP,2019,pit,RP
sa3004596,Jared Finkel,P,1.0,0.0,1.0,0.0,0.0,1.5448801778256898,,2019,pit,RP
sa918328,Chris Hall,P,1.0,0.0,1.0,0.0,0.0,1.6628798246383667,MIL,2019,pit,RP
sa3004585,Ryan Wilson,P,0.7336670160293579,0.056699998676776886,1.0,0.0,0.0,0.8695400826632977,,2019,pit,RP
sa3003009,Rodolfo Sanchez,P,0.2743859887123108,0.15440000593662262,1.0,0.0,0.0,0.6538700357079508,,2019,pit,SP
sa873332,Manuel Dominguez,P,0.6248250007629395,0.07980000227689743,1.0,0.0,0.0,1.0164602808654313,,2019,pit,RP
sa875288,Jared Cheek,P,1.0,0.0,1.0,0.0,0.0,1.615830100327731,,2019,pit,RP
sa509757,Martin Sotelo,P,1.0,0.0,1.0,0.0,0.0,1.4858202308416364,,2019,pit,RP
19276,Edgar García,P,10.0,0.0,10.0,0.0,0.8252000212669373,38.73379907011986,,2019,pit,RP
sa883761,Orlando Pascual,P,1.0,0.0,1.0,0.0,0.0,1.6986200064420705,,2019,pit,RP
sa913053,Andrew Gist,P,1.0,0.0,1.0,0.0,0.0,1.5979399606585503,,2019,pit,RP
sa3004224,Slater Lee,P,1.0,0.0,1.0,0.0,0.0,1.620509956777096,,2019,pit,RP
sa919033,Carlos Alejo,P,0.30819299817085266,0.14720000326633453,1.0,0.0,0.0,0.8482899568974975,LAD,2019,pit,RP
sa827251,Orlando Romero,P,1.0,0.0,1.0,0.0,0.0,1.9405600145459174,,2019,pit,RP
20116,Calvin Faucher,P,1.0,0.0,1.0,0.0,0.0,1.5152102030813688,MIA,2019,pit,RP
sa872567,Carlos Espinal,P,1.0,0.0,1.0,0.0,0.0,1.3893598422408107,,2019,pit,RP
sa737061,Yoiber Marquina,P,0.8928070068359375,0.02280000038444996,1.0,0.0,0.0,1.3345500789582725,,2019,pit,RP
sa3002806,Wilmy De Jesus,P,0.24057899415493011,0.1615999937057495,1.0,0.0,0.0,0.5161401912570001,MIL,2019,pit,SP
sa917239,Jose Antonio Hernandez,P,0.32880699634552,0.1428000032901764,1.0,0.0,0.0,0.5777902349829676,,2019,pit,RP
sa3004463,Robbie Hitt,P,1.0,0.0,1.0,0.0,0.0,1.832380171120167,,2019,pit,RP
sa918739,Johnny Morell,P,0.2364560067653656,0.16249999403953552,1.0,0.0,0.0,0.30851007625460625,LAA,2019,pit,SP
sa599058,Adonys Cardona,P,1.0,0.0,1.0,0.0,0.0,1.6843299306929111,,2019,pit,RP
sa917806,Gerardo Bojorquez,P,0.2958250045776367,0.14980000257492065,1.0,0.0,0.0,0.4628701180219652,,2019,pit,SP
sa3003146,Emilio Alfonzo,P,0.2042980045080185,0.16930000483989716,1.0,0.0,0.0,0.4150300204753874,,2019,pit,SP
sa740812,Luis Ledo,P,0.8853859901428223,0.024399999529123306,1.0,0.0,0.0,1.2942900203168395,,2019,pit,RP
sa597228,Elvin Liriano,P,1.0,0.0,1.0,0.0,0.0,1.6693999499082564,,2019,pit,RP
sa3004647,Juan Pablo Lopez,P,0.5580350160598755,0.09399999678134918,1.0,0.0,0.0,0.9673198156058795,,2019,pit,RP
sa873434,Moises Nova,P,1.0,0.0,1.0,0.0,0.0,1.5557900577783585,,2019,pit,RP
sa857607,Ronnie Glenn,P,0.8622980117797852,0.02930000051856041,1.0,0.0,0.0,1.4226897090673454,,2019,pit,RP
sa919025,Anderson Reynoso,P,0.34200000762939453,0.14000000059604645,1.0,0.0,0.0,0.26291988193988836,,2019,pit,RP
sa546523,Luis Morales,P,1.0,0.0,1.0,0.0,0.0,1.5754097834229475,,2019,pit,RP
sa918854,Ryan Boelter,P,1.0,0.0,1.0,0.0,0.0,1.6523000344634062,CHW,2019,pit,RP
sa3002925,Franklin Dacosta,P,0.36591199040412903,0.13490000367164612,1.0,0.0,0.0,0.9196601010859013,,2019,pit,RP
sa599357,Yordys Alejo,P,1.0,0.0,1.0,0.0,0.0,1.5592701971530918,,2019,pit,RP
sa548382,Tony Amezcua,P,1.0,0.0,1.0,0.0,0.0,1.5548300899565226,,2019,pit,RP
sa877507,Bladimir Matos,P,1.0,0.0,1.0,0.0,0.0,1.7608799651265148,,2019,pit,RP
sa918612,Mike Morrison,P,1.0,0.0,1.0,0.0,0.0,1.4918899066746243,,2019,pit,RP
sa829286,Porter Clayton,P,1.0,0.0,1.0,0.0,0.0,1.5241697758436206,,2019,pit,RP
sa3004021,Thomas St. Clair,P,0.9109470248222351,0.01889999955892563,1.0,0.0,0.0,1.9376802325248716,,2019,pit,RP
sa3005034,Derrik Watson,P,1.0,0.0,1.0,0.0,0.0,1.3061598300933839,,2019,pit,RP
sa3004741,Riley Ottesen,P,0.5679299831390381,0.09189999848604202,1.0,0.0,0.0,1.4949898257851602,,2019,pit,RP
sa3005459,Junior Almonte,P,0.33128100633621216,0.14229999482631683,1.0,0.0,0.0,0.6465999305248262,KCR,2019,pit,RP
sa3003005,Emanuel Vizcaino,P,0.3345789909362793,0.14159999787807465,1.0,0.0,0.0,0.3634497694671155,TOR,2019,pit,RP
sa509419,Luis Angel Daniel,P,1.0,0.0,1.0,0.0,0.0,1.4517697729170327,,2019,pit,RP
sa917606,Moises Nolasco,P,0.7056319713592529,0.06260000169277191,1.0,0.0,0.0,0.6678199522197246,,2019,pit,RP
sa977188,Daniel Brito,P,1.0,0.0,1.0,0.0,0.0,1.4829198099672798,,2019,pit,RP
sa875332,Dalton Geekie,P,1.0,0.0,1.0,0.0,0.0,1.7591300316154963,,2019,pit,RP
sa657734,Carlos Hernandez,P,1.0,0.0,1.0,0.0,0.0,1.762270142138005,,2019,pit,RP
sa503437,Sam Wolff,P,10.0,0.0,10.0,0.0,0.7523000240325928,43.90312129855156,,2019,pit,RP
20643,Johan Quezada,P,1.0,0.0,1.0,0.0,0.0,1.4400602325797087,,2019,pit,RP
sa3004668,Josh Keaton,P,1.0,0.0,1.0,0.0,0.0,1.0814799934625627,,2019,pit,RP
sa3004746,Connor Ryan,P,1.0,0.0,1.0,0.0,0.0,1.5737100899219514,CIN,2019,pit,RP
sa829674,Jonathan Teaney,P,1.0,0.0,1.0,0.0,0.0,1.7243399560451507,CLE,2019,pit,RP
sa3004826,Brian Glowicki,P,1.0,0.0,1.0,0.0,0.0,1.753370071202517,,2019,pit,RP
12938,Gabriel Ynoa,P,38.0,0.0,38.0,0.0,3.370699882507324,132.26636011600493,,2019,pit,RP
sa875218,Zac Person,P,1.0,0.0,1.0,0.0,0.0,1.6437300346791743,HOU,2019,pit,RP
sa918298,Bryan Saucedo,P,0.1754390001296997,0.1754000037908554,1.0,0.0,0.0,-0.35548008754849425,,2019,pit,SP
22982,José Lopez,P,0.2603679895401001,0.1573999971151352,1.0,0.0,0.0,0.5559500440955167,,2019,pit,SP
23363,Robert Garcia,P,1.0,0.0,1.0,0.0,0.0,1.677559800446034,TEX,2019,pit,RP
sa922393,Ethan Westphal,P,1.0,0.0,1.0,0.0,0.0,1.5044500544667248,COL,2019,pit,RP
sa3002572,Hector Villalobos,P,0.8004559874534607,0.042500000447034836,1.0,0.0,0.0,1.5795401491224763,,2019,pit,RP
22296,Joe Barlow,P,1.0,0.0,1.0,0.0,0.0,1.4880299150943763,,2019,pit,RP
sa3002991,Juan Cruz,P,0.3939470052719116,0.12890000641345978,1.0,0.0,0.0,0.5828400127589708,,2019,pit,RP
sa857543,Jeff Burke,P,1.0,0.0,1.0,0.0,0.0,1.4463101297616956,,2019,pit,RP
sa3007723,Tyler Gray,P,0.5877190232276917,0.0877000018954277,1.0,0.0,0.0,1.0782099306583408,KCR,2019,pit,RP
sa977121,Alejandro Chavarria,P,1.0,0.0,1.0,0.0,0.0,1.5631399050354964,,2019,pit,RP
sa917887,Joel Cesar,P,1.0,0.0,1.0,0.0,0.0,1.6211598195135593,,2019,pit,RP
sa603264,Braulio Ortiz,P,1.0,0.0,1.0,0.0,0.0,1.7719799526035787,,2019,pit,RP
sa503050,Jacob Morris,P/OF,1.0,0.0,1.0,0.0,0.0,1.4920302502810951,CHW,2019,pit,RP
sa737367,Ritzi Mendoza,P,0.6075090169906616,0.08349999785423279,1.0,0.0,0.0,0.9808900125324724,,2019,pit,RP
sa3005217,Brandon Withers,P,1.0,0.0,1.0,0.0,0.0,1.5869298890233048,,2019,pit,RP
sa918640,Rex Hill,P,0.5662810206413269,0.09229999780654907,1.0,0.0,0.0,0.9902099579572683,,2019,pit,RP
sa504961,Jovany Lopez,P,1.0,0.0,1.0,0.0,0.0,1.6060099549591542,,2019,pit,RP
sa921422,William Ouellette,P,1.0,0.0,1.0,0.0,0.0,1.292389743775129,,2019,pit,RP
sa3005202,Derek Molina,P,1.0,0.0,1.0,0.0,0.0,1.543770092725754,,2019,pit,RP
sa3004963,Kyle Goodbrand,P,1.0,0.0,1.0,0.0,0.0,1.7950401924550534,TBR,2019,pit,RP
sa920301,Reggie Johnson,P,1.0,0.0,1.0,0.0,0.0,1.5485601723194122,,2019,pit,RP
sa836384,Jose Moreno,P,0.48464900255203247,0.1096000000834465,1.0,0.0,0.0,1.1500601083040243,,2019,pit,RP
sa887660,Jefry Valdez,P,1.0,0.0,1.0,0.0,0.0,1.3025901250541212,,2019,pit,RP
sa3004087,Matt Shannon,P,1.0,0.0,1.0,0.0,0.0,1.3269102193415168,,2019,pit,RP
sa3004105,Tyler Day,P,1.0,0.0,1.0,0.0,0.0,1.7650600448250775,,2019,pit,RP
sa918422,Yelin Rodriguez,P,0.6338949799537659,0.0778999999165535,1.0,0.0,0.0,0.5652899712324144,,2019,pit,RP
sa876105,Tyler Peyton,P,1.0,0.0,1.0,0.0,0.0,1.641010193526745,,2019,pit,RP
sa830637,Marcos Lantigua,P,1.0,0.0,1.0,0.0,0.0,1.3908698990941049,BOS,2019,pit,RP
sa3003134,Jose Conopoima,P,0.3939470052719116,0.12890000641345978,1.0,0.0,0.0,0.5487600162625315,PHI,2019,pit,RP
sa829373,Dylan Barrow,P,1.0,0.0,1.0,0.0,0.0,1.5591400496661665,,2019,pit,RP
sa880807,Fernando Irazoqui,P,1.0,0.0,1.0,0.0,0.0,1.455409892648459,,2019,pit,RP
sa737459,Salvador Justo,P,1.0,0.0,1.0,0.0,0.0,1.1940601155161854,,2019,pit,RP
sa833925,Luis Alfredo Ramirez,P,1.0,0.0,1.0,0.0,0.0,1.5419199556112289,,2019,pit,RP
sa244124,Ruben Vicente,P,1.0,0.0,1.0,0.0,0.0,1.3800299488008023,,2019,pit,RP
sa917816,Maiker Manzanillo,P,1.0,0.0,1.0,0.0,0.0,1.4190900333225724,CLE,2019,pit,RP
sa835215,Diogenes Almengo,P,1.0,0.0,1.0,0.0,0.0,1.051789939403534,,2019,pit,RP
sa828895,Oneiver Diaz,P,0.3403509855270386,0.1404000073671341,1.0,0.0,0.0,0.3991700045764448,STL,2019,pit,RP
sa3005179,Alberto Franco,P,1.0,0.0,1.0,0.0,0.0,1.6494798153638848,,2019,pit,RP
sa917746,Enderson Rodriguez,P,0.2958250045776367,0.14980000257492065,1.0,0.0,0.0,0.383730161935091,KCR,2019,pit,SP
21652,Elvis Peguero,P,0.2504740059375763,0.15950000286102295,1.0,0.0,0.0,-0.13860025182366353,,2019,pit,SP
sa918194,Alex Bostic,P,1.0,0.0,1.0,0.0,0.0,1.6599199704825875,,2019,pit,RP
sa917404,Cristian Castro,P,0.29994699358940125,0.14890000224113464,1.0,0.0,0.0,0.26333990544080743,MIN,2019,pit,RP
sa737045,David Oca,P,0.6825439929962158,0.06750000268220901,1.0,0.0,0.0,1.1011199332773693,STL,2019,pit,RP
sa919537,Kai-Wei Lin,P,1.0,0.0,1.0,0.0,0.0,1.8017799891531472,,2019,pit,RP
sa3003034,Leudy Martinez,P,0.3939470052719116,0.12890000641345978,1.0,0.0,0.0,0.633509872853756,,2019,pit,RP
18600,Travis Lakins,P,10.0,0.0,10.0,0.0,0.7706000208854675,38.704768192768086,,2019,pit,RP
sa740804,Edgar Gomez,P,1.0,0.0,1.0,0.0,0.0,1.451040069013834,,2019,pit,RP
sa3002964,Mike Garcia,P,0.4359999895095825,0.11999999731779099,1.0,0.0,0.0,0.6685499876737593,,2019,pit,RP
sa3004645,Nelson Galindez,P,0.5547369718551636,0.09470000118017197,1.0,0.0,0.0,0.858500041812658,,2019,pit,RP
sa871672,Denny Martinez,P,1.0,0.0,1.0,0.0,0.0,1.6210799790918826,,2019,pit,RP
sa3002811,Franklin De La Paz,P,0.5357720255851746,0.09880000352859497,1.0,0.0,0.0,1.2290199771523476,,2019,pit,RP
sa3004991,Mitch Stophel,P,1.0,0.0,1.0,0.0,0.0,1.6886701434850693,,2019,pit,RP
sa3003075,Wender Oberto,P,0.36591199040412903,0.13490000367164612,1.0,0.0,0.0,0.5291601300239566,,2019,pit,RP
sa597428,Manuel Aybar,P,1.0,0.0,1.0,0.0,0.0,1.5028000555932524,CIN,2019,pit,RP
sa918421,Dakody Clemmer,P,1.0,0.0,1.0,0.0,0.0,1.4210300721228126,,2019,pit,RP
sa736701,Luis Jimenez,P,1.0,0.0,1.0,0.0,0.0,1.413229803740979,CLE,2019,pit,RP
sa919827,Aaron Fossas,P,1.0,0.0,1.0,0.0,0.0,1.2937499329447744,CIN,2019,pit,RP
sa831915,Steven De La Cruz,P,1.0,0.0,1.0,0.0,0.0,1.5671700701117524,,2019,pit,RP
sa917803,Deivi Diaz,P,0.31314000487327576,0.1460999995470047,1.0,0.0,0.0,0.16364006251096752,,2019,pit,RP
sa508538,Lauro Ramirez,P,1.0,0.0,1.0,0.0,0.0,1.378600034117699,,2019,pit,RP
sa924083,Rafael Carvajal,P,1.0,0.0,1.0,0.0,0.0,1.362130067497492,,2019,pit,RP
sa918675,Noel Gonzalez,P,1.0,0.0,1.0,0.0,0.0,1.5270399019122132,,2019,pit,RP
20666,Félix Bautista,P,0.7419120073318481,0.05490000173449516,1.0,0.0,0.0,0.6487300187349319,BAL,2019,pit,RP
sa3003085,Janick Lopez,P,0.1754390001296997,0.1754000037908554,1.0,0.0,0.0,0.07541003674268731,TBR,2019,pit,SP
sa917346,Jose Oca,P,0.6957370042800903,0.06469999998807907,1.0,0.0,0.0,1.0319999739527703,CLE,2019,pit,RP
sa3006812,Devon Perez,P,0.8194209933280945,0.03840000182390213,1.0,0.0,0.0,0.9644099056720736,,2019,pit,RP
16061,Cam Booser,P,1.0,0.0,1.0,0.0,0.0,1.508050106465817,TBR,2019,pit,RP
sa3005074,Galvi Agramonte,P,0.4838249981403351,0.10980000346899033,1.0,0.0,0.0,0.5105099208652977,,2019,pit,RP
sa749438,Pedro Silverio,P,1.0,0.0,1.0,0.0,0.0,1.7444002375006673,,2019,pit,RP
sa736753,Victor Done,P,0.22078900039196014,0.16580000519752502,1.0,0.0,0.0,-0.16219007596373514,,2019,pit,SP
sa856278,Zach Morris,P,1.0,0.0,1.0,0.0,0.0,1.4890398263931282,,2019,pit,RP
sa828561,Felix Viloria,P,1.0,0.0,1.0,0.0,0.0,1.4682499565184122,,2019,pit,RP
sa872718,Matt Clancy,P,1.0,0.0,1.0,0.0,0.0,1.5660401768982415,SEA,2019,pit,RP
sa829686,Andrew Summerville,P,1.0,0.0,1.0,0.0,0.0,1.8739902406930926,,2019,pit,RP
sa918647,Andrew Vernon,P,1.0,0.0,1.0,0.0,0.0,1.5257498636841782,,2019,pit,RP
sa857656,Witt Haggard,P,1.0,0.0,1.0,0.0,0.0,1.5225301027297973,,2019,pit,RP
sa877342,Chester Pimentel,P,1.0,0.0,1.0,0.0,0.0,1.7263000689446923,,2019,pit,RP
sa916947,Jhonatan Munoz,P,0.5951399803161621,0.08609999716281891,1.0,0.0,0.0,0.9251898430287842,,2019,pit,RP
sa830138,Ivan Medina,P,1.0,0.0,1.0,0.0,0.0,1.56661006808281,,2019,pit,RP
sa918515,Jared Gesell,P,1.0,0.0,1.0,0.0,0.0,1.5623302266001704,COL,2019,pit,RP
sa917469,Wilman Madera,P,0.5877190232276917,0.0877000018954277,1.0,0.0,0.0,1.1266099981963635,,2019,pit,RP
sa917594,Ivan Fortunato,P,0.5242279767990112,0.10119999945163727,1.0,0.0,0.0,0.662480186671019,,2019,pit,RP
sa877827,Miguel Aguilar,P,1.0,0.0,1.0,0.0,0.0,1.4505599766969683,,2019,pit,RP
sa824990,Wilfredo Ramirez,P,1.0,0.0,1.0,0.0,0.0,1.3937601260840888,,2019,pit,RP
sa875758,Sam Pastrone,P,0.41043901443481445,0.12540000677108765,1.0,0.0,0.0,0.6288400724530221,,2019,pit,RP
sa918342,Nick Jobst,P,1.0,0.0,1.0,0.0,0.0,1.5104598253965378,,2019,pit,RP
sa738501,Ben Hecht,P,1.0,0.0,1.0,0.0,0.0,1.7075400643050678,,2019,pit,RP
sa917836,Ever Moya,P,0.6825439929962158,0.06750000268220901,1.0,0.0,0.0,0.638460248708725,,2019,pit,RP
sa918673,Andrew Deramo,P,0.852403998374939,0.03139999881386757,1.0,0.0,0.0,1.2842000566422942,,2019,pit,RP
sa872876,Edinxon Arias,P,0.19357900321483612,0.17159999907016754,1.0,0.0,0.0,-0.46513995677232733,,2019,pit,SP
sa455370,Rayan González,P,15.0,0.0,15.0,0.0,0.7882999777793884,52.45646966695786,,2019,pit,RP
25379,Sam Long,P,1.0,0.0,1.0,0.0,0.0,1.700379940122366,KCR,2019,pit,RP
20794,Manuel Rodríguez,P,1.0,0.0,1.0,0.0,0.0,1.7680199809372432,TBR,2019,pit,RP
sa3003135,Jender De Jesus,P,0.45743900537490845,0.11540000140666962,1.0,0.0,0.0,0.9540097124874594,NYM,2019,pit,RP
21032,Emmanuel Clase,P,1.0,0.0,1.0,0.0,0.0,1.0325899921357635,CLE,2019,pit,RP
sa832779,Moises Gomez,P,1.0,0.0,1.0,0.0,0.0,1.3045998916029924,MIL,2019,pit,RP
sa916729,Jenri Montas,P,1.0,0.0,1.0,0.0,0.0,1.4144700497388842,MIL,2019,pit,RP
sa830143,Yan De La Cruz,P,1.0,0.0,1.0,0.0,0.0,1.307049953192473,,2019,pit,RP
sa856281,Dylan Silva,P,1.0,0.0,1.0,0.0,0.0,1.4901700749993325,,2019,pit,RP
sa917812,Alfonso Hernández,P,1.0,0.0,1.0,0.0,0.0,1.5000099927186974,WSN,2019,pit,RP
sa3004223,Mitchel Stalsberg,P,1.0,0.0,1.0,0.0,0.0,1.2303197078406805,,2019,pit,RP
sa857575,Adam Whitt,P,1.0,0.0,1.0,0.0,0.0,1.46700998172164,HOU,2019,pit,RP
sa879441,Carlos Pena,P,1.0,0.0,1.0,0.0,0.0,1.5034599721431734,,2019,pit,RP
sa3003933,Riley Echols,P,1.0,0.0,1.0,0.0,0.0,1.3627399377524854,,2019,pit,RP
sa856181,Max Knutson,P,1.0,0.0,1.0,0.0,0.0,1.025459922850132,,2019,pit,RP
20802,Aneurys Zabala,P,1.0,0.0,1.0,0.0,0.0,1.2921200022101402,LAA,2019,pit,RP
sa504741,Jhonny Polanco,P,1.0,0.0,1.0,0.0,0.0,1.535170021653176,,2019,pit,RP
sa829071,Zac Correll,P,0.8194209933280945,0.03840000182390213,1.0,0.0,0.0,1.0573099456727508,CIN,2019,pit,RP
19588,Guillo Zuñiga,P,0.5877190232276917,0.0877000018954277,1.0,0.0,0.0,1.1916500300168993,SEA,2019,pit,RP
sa856184,Gabe Friese,P,1.0,0.0,1.0,0.0,0.0,1.5324200667440886,,2019,pit,RP
sa875401,Jesus Ortiz,P,1.0,0.0,1.0,0.0,0.0,1.3716301493346696,,2019,pit,RP
sa876537,Gregorio Sequera,P,1.0,0.0,1.0,0.0,0.0,1.4413600221276286,LAD,2019,pit,RP
sa874192,Jacob Taylor,P,1.0,0.0,1.0,0.0,0.0,1.453430043905974,PIT,2019,pit,RP
sa3004713,Tim Naughton,P,1.0,0.0,1.0,0.0,0.0,0.9463300071656708,DET,2019,pit,RP
sa828472,Jose Martinez,P,1.0,0.0,1.0,0.0,0.0,1.2653498589992527,,2019,pit,RP
sa3004672,Devin Hemmerich,P,1.0,0.0,1.0,0.0,0.0,1.756929957866669,LAD,2019,pit,RP
sa3003141,Jose Parra,P,0.5877190232276917,0.0877000018954277,1.0,0.0,0.0,1.0154200062155727,MIL,2019,pit,RP
22630,Keider Montero,P,0.41126298904418945,0.12530000507831573,1.0,0.0,0.0,0.5342499777674679,DET,2019,pit,RP
sa3003039,Angel Macuare,P,0.41126298904418945,0.12530000507831573,1.0,0.0,0.0,0.5514600038528448,,2019,pit,RP
sa917879,Leonel Aponte,P,0.7419120073318481,0.05490000173449516,1.0,0.0,0.0,1.02244992479682,,2019,pit,RP
sa3004489,Marcus Reyes,P,1.0,0.0,1.0,0.0,0.0,1.2548999100923544,,2019,pit,RP
sa829209,Caleb Smith,P,1.0,0.0,1.0,0.0,0.0,2.1183299243450167,SFG,2019,pit,RP
sa3004120,Matt Hardy,P,1.0,0.0,1.0,0.0,0.0,1.6320899613201618,MIL,2019,pit,RP
sa875004,Drew Finley,P,0.7938600182533264,0.04390000179409981,1.0,0.0,0.0,1.5127801001071925,,2019,pit,RP
sa738713,Ryley MacEachern,P,1.0,0.0,1.0,0.0,0.0,1.3970001392066482,,2019,pit,RP
sa872507,Deyvis Julian,P,0.544842004776001,0.09679999947547913,1.0,0.0,0.0,1.0144399069249634,,2019,pit,RP
sa917817,Gillian Wernet,P,0.4005439877510071,0.1274999976158142,1.0,0.0,0.0,-0.16954013928770983,,2019,pit,RP
sa918566,John Hayes,P,1.0,0.0,1.0,0.0,0.0,1.3662300042808062,,2019,pit,RP
sa917472,Edgar Escalona,P,0.3626140058040619,0.1356000006198883,1.0,0.0,0.0,-0.10125991627573949,DET,2019,pit,RP
sa3004567,Jared Brasher,P,1.0,0.0,1.0,0.0,0.0,1.423540098965168,,2019,pit,RP
sa875227,Karsen Lindell,P,0.24387699365615845,0.16089999675750732,1.0,0.0,0.0,-0.013350178301334115,CIN,2019,pit,SP
sa3003098,Carlos Paula,P,0.4376490116119385,0.11959999799728394,1.0,0.0,0.0,0.4983699731528759,,2019,pit,RP
sa920954,Randy Jimenez,P,0.3560180068016052,0.13699999451637268,1.0,0.0,0.0,0.43515992760658273,,2019,pit,RP
sa918538,Michael Letkewicz,P,1.0,0.0,1.0,0.0,0.0,1.2738100104033947,,2019,pit,RP
sa3004666,Jacob Belinda,P,1.0,0.0,1.0,0.0,0.0,1.394700013101101,ATL,2019,pit,RP
sa828493,Jeremy Ovalle,P,1.0,0.0,1.0,0.0,0.0,1.892199921607971,,2019,pit,RP
sa659946,Juan Torres,P,1.0,0.0,1.0,0.0,0.0,1.4630501031875616,,2019,pit,RP
sa830622,Randy Alcantara,P,1.0,0.0,1.0,0.0,0.0,1.1939400151371955,PHI,2019,pit,RP
sa827441,Alex Farina,P,1.0,0.0,1.0,0.0,0.0,1.3427599899470803,,2019,pit,RP
sa875219,Ryan Hinchley,P,1.0,0.0,1.0,0.0,0.0,1.4954500973224643,CHW,2019,pit,RP
sa3004472,Jared Johnson,P,1.0,0.0,1.0,0.0,0.0,1.3824000351130965,,2019,pit,RP
sa657711,Dewin Perez,P,1.0,0.0,1.0,0.0,0.0,1.745269846916199,STL,2019,pit,RP
sa917792,Jose Roca,P,0.5588600039482117,0.09390000253915787,1.0,0.0,0.0,0.8646299436688425,,2019,pit,RP
sa918030,Asael Uribe,P,0.3378770053386688,0.14090000092983246,1.0,0.0,0.0,0.31360001862049147,,2019,pit,RP
sa918745,Lucas Williams,P,1.0,0.0,1.0,0.0,0.0,1.4319298624992371,,2019,pit,RP
sa830158,Eumir Sepulveda,P,0.22656099498271942,0.16459999978542328,1.0,0.0,0.0,-0.1150798395276067,,2019,pit,SP
sa876163,Kory Groves,P,1.0,0.0,1.0,0.0,0.0,0.7837997891008852,,2019,pit,RP
sa872816,Luis Bellorin,P,0.5737019777297974,0.09070000052452087,1.0,0.0,0.0,0.5979601383209228,,2019,pit,RP
sa829081,Arturo Mujica,P,0.48464900255203247,0.1096000000834465,1.0,0.0,0.0,0.8415099069476133,,2019,pit,RP
sa737549,Dariel Aquino,P,1.0,0.0,1.0,0.0,0.0,1.4702400751411915,,2019,pit,RP
sa657821,Reinaldo Cepin,P,0.4681580066680908,0.11320000141859055,1.0,0.0,0.0,0.5323198400437832,KCR,2019,pit,RP
sa833636,Luis Silva,P,1.0,0.0,1.0,0.0,0.0,1.6748999856412414,NYM,2019,pit,RP
sa875896,Reed Hayes,P,1.0,0.0,1.0,0.0,0.0,0.8252397350966931,,2019,pit,RP
sa3003156,Edward Vasquez,P,0.4500179886817932,0.11699999868869781,1.0,0.0,0.0,0.4909099616110324,,2019,pit,RP
sa974592,Adrian Alcantara,P,0.2785089910030365,0.1535000056028366,1.0,0.0,0.0,0.2083999365568161,,2019,pit,SP
sa919820,Enrique Oquendo,P,0.7419120073318481,0.05490000173449516,1.0,0.0,0.0,0.8316199667751789,,2019,pit,RP
sa875976,Hayden Jones,P,1.0,0.0,1.0,0.0,0.0,1.0196000538766383,COL,2019,pit,RP
sa739207,Ronald Sanchez,P,1.0,0.0,1.0,0.0,0.0,1.3393298715353015,,2019,pit,RP
sa3004716,Danny Hrbek,P,1.0,0.0,1.0,0.0,0.0,1.424589932709932,,2019,pit,RP
sa739263,Tomas Leoncio,P,0.7575790286064148,0.051600001752376556,1.0,0.0,0.0,0.9086201131343845,,2019,pit,RP
sa738186,Billy Roth,P,0.8721929788589478,0.0272000003606081,1.0,0.0,0.0,1.2269198685884475,PIT,2019,pit,RP
sa3004365,Justin Watts,P,1.0,0.0,1.0,0.0,0.0,1.250539924204349,,2019,pit,RP
sa829335,Grayson Jones,P,1.0,0.0,1.0,0.0,0.0,1.558260264247656,ATL,2019,pit,RP
sa873448,Alejandro De La Rosa,P,1.0,0.0,1.0,0.0,0.0,1.3623098783195027,,2019,pit,RP
sa3003048,Anyelo Luna,P,0.4500179886817932,0.11699999868869781,1.0,0.0,0.0,0.13910005539655668,,2019,pit,RP
sa691089,Niklas Stephenson,P,1.0,0.0,1.0,0.0,0.0,1.3203399367630486,KCR,2019,pit,RP
sa917799,Jesus Bernaez,P,0.31314000487327576,0.1460999995470047,1.0,0.0,0.0,0.2086100250482561,,2019,pit,RP
sa3004092,Max Green,P,1.0,0.0,1.0,0.0,0.0,1.0573600821197036,,2019,pit,RP
sa736965,Julio Pinto,P,1.0,0.0,1.0,0.0,0.0,1.4269600585103035,,2019,pit,RP
sa3007902,Daneuris Lagrange,P,0.4277540147304535,0.121799997985363,1.0,0.0,0.0,0.1427899882197381,,2019,pit,RP
sa918725,Jordan Scheftz,P,1.0,0.0,1.0,0.0,0.0,1.2512801192700862,CLE,2019,pit,RP
sa881864,Fredy Medina,P,0.41126298904418945,0.12530000507831573,1.0,0.0,0.0,0.46847010403871536,,2019,pit,RP
sa918565,Patrick Riehl,P,1.0,0.0,1.0,0.0,0.0,1.2127799466252323,CIN,2019,pit,RP
20617,J.C. Mejía,P,5.0,0.0,5.0,0.0,0.807699978351593,18.789210197329517,,2019,pit,RP
sa872882,Argenis Romano,P,1.0,0.0,1.0,0.0,0.0,1.3045798785984517,PIT,2019,pit,RP
sa737446,Luis Araujo,P,0.8350880146026611,0.035100001841783524,1.0,0.0,0.0,1.0078100554645064,,2019,pit,RP
sa504962,Jesus Barraza,P,1.0,0.0,1.0,0.0,0.0,1.2649300076067447,,2019,pit,RP
sa3002618,Luciano De La Cruz,P,0.5415440201759338,0.09749999642372131,1.0,0.0,0.0,0.4682399652898317,,2019,pit,RP
sa738207,M.T. Minacci,P,1.0,0.0,1.0,0.0,0.0,1.3624400995671748,CHC,2019,pit,RP
sa873497,Jhonleider Salinas,P,0.8045790195465088,0.041600000113248825,1.0,0.0,0.0,1.3889600522816181,,2019,pit,RP
sa3004091,Sal Biasi,P,1.0,0.0,1.0,0.0,0.0,1.6031299501657492,,2019,pit,RP
sa877605,Fauris Guerrero,P,1.0,0.0,1.0,0.0,0.0,1.4200600191950805,,2019,pit,RP
sa696311,Carlos Polanco,P,1.0,0.0,1.0,0.0,0.0,1.438639938831329,COL,2019,pit,RP
sa545115,Benjamin Sandoval,P,1.0,0.0,1.0,0.0,0.0,1.1343998797237878,,2019,pit,RP
sa3003142,Hector Rodriguez,P,0.4557889997959137,0.11580000072717667,1.0,0.0,0.0,0.8756798282265663,NYM,2019,pit,RP
sa659189,Kuo-Hua Lo,P,1.0,0.0,1.0,0.0,0.0,1.3227201707661154,,2019,pit,RP
sa874249,Jonathan Guzman,P,1.0,0.0,1.0,0.0,0.0,1.5905297614634035,,2019,pit,RP
sa737567,Will Changarotty,P,1.0,0.0,1.0,0.0,0.0,1.2180301271378995,STL,2019,pit,RP
sa3004644,Rickey Ramirez,P,1.0,0.0,1.0,0.0,0.0,1.1067298524081708,,2019,pit,RP
sa3004114,Michael McCormick,P,1.0,0.0,1.0,0.0,0.0,1.192070204764605,CHW,2019,pit,RP
sa829746,Eugenio Palma,P,1.0,0.0,1.0,0.0,0.0,1.455720136314631,,2019,pit,RP
sa917769,Yeudry Manzanillo,P,0.48464900255203247,0.1096000000834465,1.0,0.0,0.0,0.35276001915335664,,2019,pit,RP
sa917751,Jose Jimenez,P,1.0,0.0,1.0,0.0,0.0,1.1515100002288818,,2019,pit,RP
sa828600,Juan Nunez,P,0.6701750159263611,0.07020000368356705,1.0,0.0,0.0,0.6206699006259444,,2019,pit,RP
20399,Luís Madero,P,1.6200000047683716,1.6200000047683716,9.234000205993652,0.0,0.0,18.308411139249806,MIA,2019,pit,SP
sa918752,Malcolm Van Buren,P,0.24057899415493011,0.1615999937057495,1.0,0.0,0.0,0.016359873116016388,,2019,pit,SP
sa830157,Andry Rondon,P,1.0,0.0,1.0,0.0,0.0,1.2650098972022534,,2019,pit,RP
sa875868,Greg Tomchick,P,1.0,0.0,1.0,0.0,0.0,1.174800046533346,,2019,pit,RP
sa3004117,Brandon Marsonek,P,0.8218950033187866,0.03790000081062317,1.0,0.0,0.0,1.1111898943781857,,2019,pit,RP
sa3003004,Diogenes Rodriguez,P,0.3485960066318512,0.13860000669956207,1.0,0.0,0.0,0.23153994977474257,,2019,pit,RP
sa740811,Leonardo De La Cruz,P,1.0,0.0,1.0,0.0,0.0,1.0563101857900623,,2019,pit,RP
sa3002812,Dayeison Arias,P,1.0,0.0,1.0,0.0,0.0,1.1864999726414678,,2019,pit,RP
sa918542,Michael Rishwain,P,1.0,0.0,1.0,0.0,0.0,1.0898200131952769,,2019,pit,RP
23091,Robinson Piña,P,0.8680700063705444,0.02810000069439411,1.0,0.0,0.0,0.8994700327515601,,2019,pit,RP
sa875203,Cody Mobley,P,0.7938600182533264,0.04390000179409981,1.0,0.0,0.0,0.8373300515115263,SEA,2019,pit,RP
sa3006397,Luis Rodriguez,P,0.2636669874191284,0.156700000166893,1.0,0.0,0.0,-0.31044007912278193,,2019,pit,SP
sa874995,Max Wotell,P,1.0,0.0,1.0,0.0,0.0,1.3066799394786361,CIN,2019,pit,RP
sa918400,Shane Sawczak,P,1.0,0.0,1.0,0.0,0.0,1.7586502224206924,,2019,pit,RP
sa917126,Elkin Alcala,P,1.0,0.0,1.0,0.0,0.0,1.5588499702513219,,2019,pit,RP
sa920629,Taylor Clemensia,P,0.42115798592567444,0.12319999933242798,1.0,0.0,0.0,0.4135999947786333,,2019,pit,RP
sa828717,Isaac Padilla,P,0.7056319713592529,0.06260000169277191,1.0,0.0,0.0,0.8103799156844618,NYY,2019,pit,RP
sa881441,Keinter Olivares,P,1.0,0.0,1.0,0.0,0.0,1.086710059642792,COL,2019,pit,RP
sa3005410,Manuel Alvarez,P,1.0,0.0,1.0,0.0,0.0,1.1411197945475573,,2019,pit,RP
sa824770,Alonso Garcia,P,1.0,0.0,1.0,0.0,0.0,1.188679806888104,,2019,pit,RP
sa3003063,Victor Medina,P,0.4681580066680908,0.11320000141859055,1.0,0.0,0.0,0.3963301554322243,,2019,pit,RP
sa875566,Wesley Rodriguez,P,1.0,0.0,1.0,0.0,0.0,1.5174299359321601,ARI,2019,pit,RP
sa875814,Michael Silva,P,1.0,0.0,1.0,0.0,0.0,1.226090193539858,KCR,2019,pit,RP
sa916840,Jerson Severino,P,0.41126298904418945,0.12530000507831573,1.0,0.0,0.0,0.8279899537563327,,2019,pit,RP
sa917899,Anderson Pilar,P,1.0,0.0,1.0,0.0,0.0,0.7525498665869237,ATL,2019,pit,RP
sa917765,Meliton Reyes,P,0.6075090169906616,0.08349999785423279,1.0,0.0,0.0,0.4524000838398936,TOR,2019,pit,RP
sa737220,Jairo Pacheco,P,0.6248250007629395,0.07980000227689743,1.0,0.0,0.0,0.634100065380335,LAD,2019,pit,RP
sa828539,Domingo Jimenez,P,1.0,0.0,1.0,0.0,0.0,1.2828299030661587,,2019,pit,RP
sa751022,Jeferson Mejia,P,1.0,0.0,1.0,0.0,0.0,1.4075201869010927,,2019,pit,RP
sa599550,Jaider Rocha,P/OF,1.0,0.0,1.0,0.0,0.0,0.9878096587955953,CHW,2019,pit,RP
sa873198,Ryan Oduber,P,1.0,0.0,1.0,0.0,0.0,1.1529300063848495,,2019,pit,RP
sa918614,Vince Arobio,P,1.0,0.0,1.0,0.0,0.0,0.8927600517868997,,2019,pit,RP
sa925013,Rafael Gomez,P,1.0,0.0,1.0,0.0,0.0,1.0976502619683743,,2019,pit,RP
sa918275,Jeremy Gwinn,P,0.5415440201759338,0.09749999642372131,1.0,0.0,0.0,0.40475003868341464,KCR,2019,pit,RP
sa737341,Luis Torres,P,1.0,0.0,1.0,0.0,0.0,1.1426299475133423,,2019,pit,RP
sa872537,Edward Escoboza,P,1.0,0.0,1.0,0.0,0.0,1.1613501347601414,CIN,2019,pit,RP
sa827216,Orestes Melendez,P,1.0,0.0,1.0,0.0,0.0,1.2138799987733369,PHI,2019,pit,RP
sa917757,Juan Mojica,P,0.7831400036811829,0.04610000178217888,1.0,0.0,0.0,0.9110400266945362,,2019,pit,RP
sa828795,Austin DeCarr,P,1.0,0.0,1.0,0.0,0.0,0.984080066531897,,2019,pit,RP
17734,Evan Phillips,P,45.0,0.0,45.0,0.0,8.232799530029297,189.67640175819395,LAD,2019,pit,RP
22925,Joan Adon,P,1.0,0.0,1.0,0.0,0.0,1.149949906021357,,2019,pit,RP
sa872845,Gabriel Baez,P,0.6825439929962158,0.06750000268220901,1.0,0.0,0.0,0.69718998670578,,2019,pit,RP
22358,Stephen Ridings,P,1.0,0.0,1.0,0.0,0.0,1.2889201447367675,,2019,pit,RP
sa917484,Rayniel Moreno,P,1.0,0.0,1.0,0.0,0.0,1.0929800219833852,,2019,pit,RP
sa3005116,Marlin Willis,P,0.46238601207733154,0.1143999993801117,1.0,0.0,0.0,0.34483990892767924,,2019,pit,RP
sa946165,Christian Mejias,P,0.4698069989681244,0.1128000020980835,1.0,0.0,0.0,0.3407098144292835,,2019,pit,RP
sa828241,Nelson Leon,P,1.0,0.0,1.0,0.0,0.0,1.329660104215146,,2019,pit,RP
sa880175,Eduard Rosillo,P,1.0,0.0,1.0,0.0,0.0,1.1926497809588912,,2019,pit,RP
sa830425,Kendry Melo,P,1.0,0.0,1.0,0.0,0.0,1.7286798857152461,SFG,2019,pit,RP
24363,Edgar Navarro,P,0.6561579704284668,0.07320000231266022,1.0,0.0,0.0,0.32079985290765745,,2019,pit,RP
sa3003032,Brayan Salaya,P,0.3345789909362793,0.14159999787807465,1.0,0.0,0.0,0.19875028878450385,MIL,2019,pit,RP
14867,Nick Rumbelow,P,30.0,0.0,30.0,0.0,3.125999927520752,122.891237783432,,2019,pit,RP
sa3002788,Alemao Hernandez,P,1.0,0.0,1.0,0.0,0.0,1.43592007085681,,2019,pit,RP
sa658198,Taylor Hawkins,P/C,0.6825439929962158,0.06750000268220901,1.0,0.0,0.0,0.657739943265915,,2019,pit,RP
sa873186,Oscar Tovar,P,1.0,0.0,1.0,0.0,0.0,1.0927001081407068,,2019,pit,RP
25071,Lane Ramsey,P,0.8210700154304504,0.038100000470876694,1.0,0.0,0.0,0.4163499176502228,,2019,pit,RP
sa3002691,Edwin Quezada,P,0.4376490116119385,0.11959999799728394,1.0,0.0,0.0,0.13895018994808206,,2019,pit,RP
sa832693,Jean Garcia,P,1.0,0.0,1.0,0.0,0.0,1.2098101258277896,CHC,2019,pit,RP
sa917565,Jose Zorrilla,P,0.7707719802856445,0.04879999905824661,1.0,0.0,0.0,0.5796698540449143,,2019,pit,RP
sa3002977,Jefferson Escorcha,P,0.663578987121582,0.07159999758005142,1.0,0.0,0.0,0.987259991466999,,2019,pit,RP
sa920544,Kelvin Gonzalez,P,1.0,0.0,1.0,0.0,0.0,0.5566798292100428,,2019,pit,RP
sa875334,Michael Zimmerman,P,1.0,0.0,1.0,0.0,0.0,0.6649201765656474,COL,2019,pit,RP
sa871772,Abdallah Aris,P,1.0,0.0,1.0,0.0,0.0,1.0371600709855557,PHI,2019,pit,RP
sa874818,Wandisson Charles,P,0.9851580262184143,0.0031999999191612005,1.0,0.0,0.0,1.28889005035162,DET,2019,pit,RP
sa829287,Devon Fisher,P/C,1.0,0.0,1.0,0.0,0.0,1.0983501657843595,,2019,pit,RP
sa875599,Robert Strader,P,0.9628949761390686,0.007899999618530273,1.0,0.0,0.0,0.47245974540710467,BAL,2019,pit,RP
sa827154,Kenny Koplove,P,1.0,0.0,1.0,0.0,0.0,1.1126700446009639,COL,2019,pit,RP
sa827971,Victor Concepcion,P,1.0,0.0,1.0,0.0,0.0,1.0453399091959001,,2019,pit,RP
sa922462,Angel Rodriguez,P,0.5877190232276917,0.0877000018954277,1.0,0.0,0.0,0.5011800073087218,,2019,pit,RP
sa3004827,Casey Ryan,P,1.0,0.0,1.0,0.0,0.0,1.1339799843728544,,2019,pit,RP
sa873298,Marlon Constante,P,1.0,0.0,1.0,0.0,0.0,1.0513400465250018,,2019,pit,RP
sa921282,Adriam Castillo,P,0.7114030122756958,0.061400000005960464,1.0,0.0,0.0,0.7609599202871324,,2019,pit,RP
sa917470,Jairon Peguero,P,1.0,0.0,1.0,0.0,0.0,1.0302799098193645,,2019,pit,RP
15130,Drew Anderson,P,11.619999885559082,1.6200000047683716,19.206300735473633,0.0,0.8252000212669373,62.1021149635315,DET,2019,pit,RP
sa828546,Junior Gonzalez,P,0.7938600182533264,0.04390000179409981,1.0,0.0,0.0,0.8941898174583911,STL,2019,pit,RP
19256,Gerson Bautista,P,25.0,0.0,25.0,0.0,0.781499981880188,99.89342927932739,,2019,pit,RP
sa917972,Willians Vasquez,P,0.6701750159263611,0.07020000368356705,1.0,0.0,0.0,0.8091700918972493,,2019,pit,RP
sa829379,Jaimito Lebron,P,1.0,0.0,1.0,0.0,0.0,1.134130036085844,,2019,pit,RP
sa918411,Kyle Cedotal,P,1.0,0.0,1.0,0.0,0.0,0.9614298716187477,COL,2019,pit,RP
sa873337,Jose Diaz,P,1.0,0.0,1.0,0.0,0.0,0.9299001522362236,,2019,pit,RP
sa921551,Chris McDonald,P,1.0,0.0,1.0,0.0,0.0,0.9543901085853577,PIT,2019,pit,RP
sa873180,Miguel Hernandez,P,0.8210700154304504,0.038100000470876694,1.0,0.0,0.0,0.7140500590205194,,2019,pit,RP
sa3006382,Richi Vasquez,P,0.3560180068016052,0.13699999451637268,1.0,0.0,0.0,0.054240085929632365,,2019,pit,RP
sa829012,Grayson Huffman,P,1.0,0.0,1.0,0.0,0.0,0.8579599656164647,,2019,pit,RP
sa3002610,Michael Montero,P,0.7419120073318481,0.05490000173449516,1.0,0.0,0.0,0.48534010872244826,MIN,2019,pit,RP
sa918517,Brandon Bingel,P,1.0,0.0,1.0,0.0,0.0,0.9673501387238508,,2019,pit,RP
sa917882,Oddanier Mosqueda,P,1.0,0.0,1.0,0.0,0.0,1.1354798592627051,PIT,2019,pit,RP
sa878292,Sucre Valdez,P,1.0,0.0,1.0,0.0,0.0,0.9952800311148167,,2019,pit,RP
sa3004796,Jamal Wade,P,1.0,0.0,1.0,0.0,0.0,0.9432599149644374,SEA,2019,pit,RP
sa880514,Andres Sanchez,P,0.3560180068016052,0.13699999451637268,1.0,0.0,0.0,-0.41564002335071537,,2019,pit,RP
sa828486,Sergio Suarez,P,1.0,0.0,1.0,0.0,0.0,0.528229895979166,,2019,pit,RP
22318,Jose E. Hernandez,P,1.0,0.0,1.0,0.0,0.0,1.426430113613606,,2019,pit,RP
sa875992,Christian Meister,P,1.0,0.0,1.0,0.0,0.0,1.2931398898363113,,2019,pit,RP
sa830623,Oscar Marcelino,P,1.0,0.0,1.0,0.0,0.0,0.9162297278642657,,2019,pit,RP
sa918135,Jose De Los Santos,P,1.0,0.0,1.0,0.0,0.0,0.9025500543415546,,2019,pit,RP
sa3004579,Wellington Diaz,P,0.6751229763031006,0.06909999996423721,1.0,0.0,0.0,0.1692200645804407,,2019,pit,RP
sa917805,Francisco Villegas,P,1.0,0.0,1.0,0.0,0.0,0.6054399713873861,,2019,pit,RP
sa880047,Alexander Martinez,P,1.0,0.0,1.0,0.0,0.0,0.6030997283756734,,2019,pit,RP
sa917877,Victor Isturiz,P,0.710578978061676,0.06159999966621399,1.0,0.0,0.0,0.8949299693107604,,2019,pit,RP
sa3002682,Anderson Parra,P,0.7419120073318481,0.05490000173449516,1.0,0.0,0.0,0.6665497891604901,,2019,pit,RP
sa917800,Feliberto Bonilla,P,0.4417720139026642,0.11879999935626984,1.0,0.0,0.0,-0.04887002110481253,,2019,pit,RP
sa829079,Jose Jimenez,P,1.0,0.0,1.0,0.0,0.0,0.8404200918972493,,2019,pit,RP
sa918215,Jake Polancic,P,1.0,0.0,1.0,0.0,0.0,1.2902999721467499,,2019,pit,RP
sa878814,Jason Freeman,P,1.0,0.0,1.0,0.0,0.0,0.9281100936233999,KCR,2019,pit,RP
sa828135,Abel Duarte,P,1.0,0.0,1.0,0.0,0.0,0.6538601249456404,NYY,2019,pit,RP
sa918380,Michael Messier,P,1.0,0.0,1.0,0.0,0.0,0.9981401152908802,KCR,2019,pit,RP
sa875750,Brent Wheatley,P,1.0,0.0,1.0,0.0,0.0,1.371159778535366,,2019,pit,RP
sa873188,Robinson Martínez,P,1.0,0.0,1.0,0.0,0.0,0.8752902127802371,NYM,2019,pit,RP
sa919030,Enmanuel Marcano,P,1.0,0.0,1.0,0.0,0.0,1.2414797924458987,,2019,pit,RP
sa875347,Drew Milligan,P,1.0,0.0,1.0,0.0,0.0,0.9922400109469893,KCR,2019,pit,RP
sa659618,Torey Deshazier,P,1.0,0.0,1.0,0.0,0.0,1.0569801345467567,KCR,2019,pit,RP
15846,Adam Plutko,P,33.2400016784668,3.240000009536743,48.44329833984375,0.0,3.2309000492095947,163.3218270301819,,2019,pit,RP
sa737242,Denis Diaz,P,1.0,0.0,1.0,0.0,0.0,1.0299497388303278,,2019,pit,RP
sa873147,Luis Santos,P,1.0,0.0,1.0,0.0,0.0,0.8390699125826364,,2019,pit,RP
sa828195,Weilly Yan,P,1.0,0.0,1.0,0.0,0.0,1.0283599600195887,,2019,pit,RP
sa917794,Carlos Sanchez,P,1.0,0.0,1.0,0.0,0.0,0.9173399329185488,,2019,pit,RP
sa918934,Nathan Sweeney,P,1.0,0.0,1.0,0.0,0.0,0.8537400774657731,COL,2019,pit,RP
sa917759,Aneudy Acosta,P,1.0,0.0,1.0,0.0,0.0,0.9210500635206702,,2019,pit,RP
sa883144,Saul Castellanos,P,0.7262459993362427,0.05820000171661377,1.0,0.0,0.0,0.7573698654770853,,2019,pit,RP
sa3003118,Rafael Prensa,P,0.7575790286064148,0.051600001752376556,1.0,0.0,0.0,0.7267800383269791,,2019,pit,RP
sa737352,Jhonny Mateo,P,1.0,0.0,1.0,0.0,0.0,0.8333099149167538,,2019,pit,RP
sa917901,Darly Infante,P,1.0,0.0,1.0,0.0,0.0,0.9767899595201017,WSN,2019,pit,RP
16128,John Curtiss,P,15.0,0.0,15.0,0.0,0.8267999887466431,59.28565810918808,ARI,2019,pit,RP
sa829900,Junior Marte,P,1.0,0.0,1.0,0.0,0.0,0.9822201587259771,,2019,pit,RP
sa922474,Manuel Daza,P,1.0,0.0,1.0,0.0,0.0,0.94757012501359,,2019,pit,RP
sa659258,Matt Pope,P,1.0,0.0,1.0,0.0,0.0,0.9195798963308333,,2019,pit,RP
sa3003053,Ramon Pineda,P,1.0,0.0,1.0,0.0,0.0,0.5567201070487502,,2019,pit,RP
sa833640,Juan Herrera,P,1.0,0.0,1.0,0.0,0.0,0.9452099055051804,BAL,2019,pit,RP
sa873182,Boris Sanchez,P,1.0,0.0,1.0,0.0,0.0,1.1653500728309156,,2019,pit,RP
17581,Ricardo Sánchez,P,1.6200000047683716,1.6200000047683716,9.234000205993652,0.0,0.0,19.991292470693587,,2019,pit,SP
sa3003047,Jose Marcano,P,1.0,0.0,1.0,0.0,0.0,0.8877801582217217,PIT,2019,pit,RP
sa3003062,Luis C. Garcia,P,0.8037539720535278,0.04179999977350235,1.0,0.0,0.0,0.622010047733784,,2019,pit,RP
sa873339,Domingo Pena,P,1.0,0.0,1.0,0.0,0.0,0.7908400900661947,KCR,2019,pit,RP
sa826677,Ulises Perez,P,1.0,0.0,1.0,0.0,0.0,0.7244499646127229,SEA,2019,pit,RP
sa658482,Colyn O'Connell,P,1.0,0.0,1.0,0.0,0.0,0.526690198481083,,2019,pit,RP
sa917807,Edison Suriel,P,1.0,0.0,1.0,0.0,0.0,1.4340500153601172,,2019,pit,RP
sa3002978,Ferrol Heredia,P,0.5242279767990112,0.10119999945163727,1.0,0.0,0.0,0.2512399487197401,,2019,pit,RP
sa875306,Juan Echevarria,P,1.0,0.0,1.0,0.0,0.0,0.28265006169676754,,2019,pit,RP
sa856545,Paul Covelle,P,1.0,0.0,1.0,0.0,0.0,0.6765999406576158,,2019,pit,RP
sa873197,Victor Garcia,P,1.0,0.0,1.0,0.0,0.0,0.92204015403986,,2019,pit,RP
sa737691,Chris Kohler,P,1.0,0.0,1.0,0.0,0.0,0.8502101995050908,,2019,pit,RP
sa919324,Fernando Gallegos,P,1.0,0.0,1.0,0.0,0.0,0.6142199769616128,,2019,pit,RP
sa873174,Adalberto Pena,P,0.7740700244903564,0.04809999838471413,1.0,0.0,0.0,0.5522100545465949,LAA,2019,pit,RP
sa738440,Jordan Floyd,P,1.0,0.0,1.0,0.0,0.0,0.7833197683095929,KCR,2019,pit,RP
sa947269,Darel Torres,P,1.0,0.0,1.0,0.0,0.0,0.8288799047470095,,2019,pit,RP
sa736743,Cesar Yanez,P,1.0,0.0,1.0,0.0,0.0,0.9929302088916301,,2019,pit,RP
sa917760,Francis Jones,P,1.0,0.0,1.0,0.0,0.0,0.8363899968564508,CIN,2019,pit,RP
sa918933,Sidney Duprey,P,1.0,0.0,1.0,0.0,0.0,0.8120297193527222,,2019,pit,RP
sa3003133,Manuel Cachutt,P,1.0,0.0,1.0,0.0,0.0,0.6054498888552189,,2019,pit,RP
sa882196,Luis Valdez,P,0.8037539720535278,0.04179999977350235,1.0,0.0,0.0,0.4612200483679776,,2019,pit,RP
sa872841,Gilmael Troya,P,1.0,0.0,1.0,0.0,0.0,0.8939999468624595,,2019,pit,RP
sa657500,Jose Martinez,P,1.0,0.0,1.0,0.0,0.0,0.9497502163052562,,2019,pit,RP
sa828467,Francisco German,P,1.0,0.0,1.0,0.0,0.0,1.0952598072588442,TBR,2019,pit,RP
sa917500,Miguel Ramirez,P,1.0,0.0,1.0,0.0,0.0,1.131400177627802,,2019,pit,RP
sa917801,Leandro Pina,P,1.0,0.0,1.0,0.0,0.0,0.7419998742640019,PIT,2019,pit,RP
sa917891,Marvin Mateo,P,1.0,0.0,1.0,0.0,0.0,0.6099700890481476,,2019,pit,RP
sa828367,Salvador Montano,P,1.0,0.0,1.0,0.0,0.0,1.1192000038921837,HOU,2019,pit,RP
sa875867,Jeffry Nino,P,1.0,0.0,1.0,0.0,0.0,0.5680401735007767,,2019,pit,RP
sa3002677,Ezequiel De La Cruz,P,1.0,0.0,1.0,0.0,0.0,1.192409957945347,,2019,pit,RP
sa3002975,Carlos Sanchez,P,0.5877190232276917,0.0877000018954277,1.0,0.0,0.0,0.20476989597082174,,2019,pit,RP
sa828824,Jesus Brea,P,1.0,0.0,1.0,0.0,0.0,0.7424899682402613,,2019,pit,RP
sa3003038,Diego Blanco,P,1.0,0.0,1.0,0.0,0.0,0.42881978154182443,,2019,pit,RP
sa3003143,Fabricio Reina,P,0.3485960066318512,0.13860000669956207,1.0,0.0,0.0,-0.22463985234498995,,2019,pit,RP
sa3005326,Drew Weston,P,1.0,0.0,1.0,0.0,0.0,0.7124299302697183,,2019,pit,RP
sa918319,Ruben Garcia,P,1.0,0.0,1.0,0.0,0.0,0.26653997749090186,,2019,pit,RP
sa875876,Ivan Jean,P,1.0,0.0,1.0,0.0,0.0,0.960549765825272,NYM,2019,pit,RP
sa3004670,Bryar Johnson,P,0.5662810206413269,0.09229999780654907,1.0,0.0,0.0,0.23108005747199067,KCR,2019,pit,RP
18873,Beau Burrows,P,3.240000009536743,3.240000009536743,18.468000411987305,0.0,0.0,40.18997607231141,PIT,2019,pit,SP
sa872457,Mailon Arroyo,P/3B,1.0,0.0,1.0,0.0,0.0,1.1111499078571803,,2019,pit,RP
sa875300,Yeudy Colon,P,1.0,0.0,1.0,0.0,0.0,1.1205700621008878,NYM,2019,pit,RP
sa826780,Victor Sobil,P,1.0,0.0,1.0,0.0,0.0,0.7642698355019095,,2019,pit,RP
sa917195,Kiber Arvelaez,P,1.0,0.0,1.0,0.0,0.0,0.7317701056599617,,2019,pit,RP
sa3003089,Elias Herrera,P,1.0,0.0,1.0,0.0,0.0,0.7336897596716883,,2019,pit,RP
sa875216,Pierce Romero,P,1.0,0.0,1.0,0.0,0.0,0.66730999276042,ARI,2019,pit,RP
sa877009,Cristian Machuca,P,1.0,0.0,1.0,0.0,0.0,0.7230502814054494,,2019,pit,RP
sa879191,Joel De La Cruz,P,1.0,0.0,1.0,0.0,0.0,0.6940898559987545,,2019,pit,RP
sa871629,Riger Fernandez,P,0.6322460174560547,0.07819999754428864,1.0,0.0,0.0,0.5010298646986486,,2019,pit,RP
sa3003128,Marcos Correa,P,0.7138770222663879,0.0608999989926815,1.0,0.0,0.0,0.6298000559210779,,2019,pit,RP
sa916727,Johan Dominguez,P,1.0,0.0,1.0,0.0,0.0,0.5507598564028742,,2019,pit,RP
sa917163,Andres Jimenez,P,1.0,0.0,1.0,0.0,0.0,0.6683900594711307,,2019,pit,RP
sa3003060,Francisco Gracia,P,0.8408600091934204,0.033900000154972076,1.0,0.0,0.0,0.5173901952803135,,2019,pit,RP
sa872872,Julio Guante,P,1.0,0.0,1.0,0.0,0.0,0.8110800854861737,,2019,pit,RP
sa3006776,Wyatt Burns,P,1.0,0.0,1.0,0.0,0.0,0.285929842293263,,2019,pit,RP
sa873541,Juan Castillo,P,1.0,0.0,1.0,0.0,0.0,0.17055996730923662,,2019,pit,RP
sa918609,Chasen Ford,P,1.0,0.0,1.0,0.0,0.0,0.7196999460458757,,2019,pit,RP
sa828459,Shakiro Pina,P,1.0,0.0,1.0,0.0,0.0,0.5971401356160642,,2019,pit,RP
sa3007245,Christian Cosby,P,1.0,0.0,1.0,0.0,0.0,0.7823901541531089,,2019,pit,RP
sa658033,Cody Kurz,P,1.0,0.0,1.0,0.0,0.0,0.8178799115121369,OAK,2019,pit,RP
sa872868,Jose Castillo,P,1.0,0.0,1.0,0.0,0.0,0.661730077117682,CIN,2019,pit,RP
sa873203,Daniel Guzman,P,1.0,0.0,1.0,0.0,0.0,0.9602698363363742,,2019,pit,RP
sa917864,Jesus De Los Santos,P,1.0,0.0,1.0,0.0,0.0,0.6302601628005506,,2019,pit,RP
sa3007224,Jack Maynard,P,1.0,0.0,1.0,0.0,0.0,0.40714991316199356,,2019,pit,RP
sa828480,Nector Ramirez,P,1.0,0.0,1.0,0.0,0.0,0.6140599124133588,,2019,pit,RP
sa3003132,Frainger Aranguren,P,1.0,0.0,1.0,0.0,0.0,0.51613015383482,,2019,pit,RP
sa880044,Nelmerson Xavier Angela,P,1.0,0.0,1.0,0.0,0.0,1.067709814012051,,2019,pit,RP
sa3003067,Bryan Lara,P,0.8078770041465759,0.04089999943971634,1.0,0.0,0.0,0.13653001412749344,,2019,pit,RP
sa3002931,Carlos Caminero,P,1.0,0.0,1.0,0.0,0.0,1.0460997879505158,,2019,pit,RP
sa3003071,Raul De Los Reyes,P,1.0,0.0,1.0,0.0,0.0,0.6747500441968444,,2019,pit,RP
sa873209,Dember Vizcaino,P,1.0,0.0,1.0,0.0,0.0,0.6747898571193218,,2019,pit,RP
sa597161,Juan Jimenez,P,1.0,0.0,1.0,0.0,0.0,0.7543799258768562,NYY,2019,pit,RP
sa3002791,Martin Carrasco,P,1.0,0.0,1.0,0.0,0.0,0.8792101688683038,,2019,pit,RP
sa3004633,Jesse Lepore,P,1.0,0.0,1.0,0.0,0.0,0.6805100321769717,COL,2019,pit,RP
sa3002939,Raymells Rosa,P,1.0,0.0,1.0,0.0,0.0,0.2659000977873802,,2019,pit,RP
sa917748,Luis Alcantara,P,1.0,0.0,1.0,0.0,0.0,0.6278301745653154,KCR,2019,pit,RP
sa3004004,Diego Cordero,P,1.0,0.0,1.0,0.0,0.0,0.6970699377357961,NYY,2019,pit,RP
sa919883,Luis Silva,P,0.7831400036811829,0.04610000178217888,1.0,0.0,0.0,0.385930135846138,,2019,pit,RP
sa885994,Richard Cespedes,P,1.0,0.0,1.0,0.0,0.0,0.19945008084178006,,2019,pit,RP
sa828504,Gustavo Tejeda,P,1.0,0.0,1.0,0.0,0.0,0.73849992826581,,2019,pit,RP
sa736873,Gregorix Estevez,P,1.0,0.0,1.0,0.0,0.0,0.698659944534302,,2019,pit,RP
sa3005283,Gerson Pinales,P,0.3939470052719116,0.12890000641345978,1.0,0.0,0.0,-0.2446001134812832,,2019,pit,RP
14101,Branden Kline,P,15.0,0.0,15.0,0.0,0.6653000116348267,49.39498032331466,,2019,pit,RP
sa917825,Anderson Polanco,P,1.0,0.0,1.0,0.0,0.0,0.6997701101005078,,2019,pit,RP
sa3002799,Luis Eusebio,P,1.0,0.0,1.0,0.0,0.0,0.8968600519001484,,2019,pit,RP
sa919870,Jonaiker Villalobos,P,1.0,0.0,1.0,0.0,0.0,1.0990099206566808,,2019,pit,RP
sa3002954,Keiber Arredondo,P,1.0,0.0,1.0,0.0,0.0,0.6653099939227105,,2019,pit,RP
sa873342,Anderson Vera,P,1.0,0.0,1.0,0.0,0.0,0.6179801285266877,,2019,pit,RP
sa830499,Ping-Hsueh Chen,P,1.0,0.0,1.0,0.0,0.0,0.6494398981332781,CLE,2019,pit,RP
sa917063,Aneudy Duarte,P,1.0,0.0,1.0,0.0,0.0,0.2785199627280237,,2019,pit,RP
sa3002932,Dauris Lopez,P,0.3337540030479431,0.14180000126361847,1.0,0.0,0.0,-0.3161299653351306,,2019,pit,RP
sa873316,Jose Maita,P,1.0,0.0,1.0,0.0,0.0,0.6477198339998722,,2019,pit,RP
sa917995,Omar Fernandez,P,1.0,0.0,1.0,0.0,0.0,0.8740798987448217,,2019,pit,RP
sa3004353,Evan Estes,P,1.0,0.0,1.0,0.0,0.0,0.6178999587893488,,2019,pit,RP
sa917158,Adrian Martinez,P,1.0,0.0,1.0,0.0,0.0,0.6269299976527694,,2019,pit,RP
sa3002995,Donato Auguste,P,1.0,0.0,1.0,0.0,0.0,0.5982498690485953,,2019,pit,RP
sa872513,Juan Borges,P/OF,1.0,0.0,1.0,0.0,0.0,0.6427099466323858,,2019,pit,RP
sa3002921,Juan Manuel Abril,P,1.0,0.0,1.0,0.0,0.0,0.5013599671423439,CIN,2019,pit,RP
sa3006072,Dionicio Jimenez,P,0.39642098546028137,0.12839999794960022,1.0,0.0,0.0,-0.5701298676431179,,2019,pit,RP
sa921459,Geraldo Sanchez,P,1.0,0.0,1.0,0.0,0.0,0.6406300328671932,,2019,pit,RP
sa871746,Jhoanbert Cedeno,P,1.0,0.0,1.0,0.0,0.0,0.6710401237010957,,2019,pit,RP
sa3004652,Sandel De La Cruz,P,1.0,0.0,1.0,0.0,0.0,0.2649100340902808,,2019,pit,RP
16122,Jordan Romano,P,1.6200000047683716,1.6200000047683716,9.234000205993652,0.0,0.0,19.516821455955508,LAA,2019,pit,SP
18592,Hector Perez,P,10.0,0.0,10.0,0.0,0.7559999823570251,38.838780748844144,,2019,pit,RP
sa928287,Raul Brito,P,1.0,0.0,1.0,0.0,0.0,0.5609500728547574,MIN,2019,pit,RP
sa3006838,Ted Cillis,P,1.0,0.0,1.0,0.0,0.0,0.6979101471602922,KCR,2019,pit,RP
sa828541,Frank Encarnacion,P,1.0,0.0,1.0,0.0,0.0,0.6197499334812169,,2019,pit,RP
sa917870,Omar Herman,P,1.0,0.0,1.0,0.0,0.0,0.5957200802862643,,2019,pit,RP
sa829149,Branden Kelliher,P,1.0,0.0,1.0,0.0,0.0,0.5235101141035563,,2019,pit,RP
sa3002674,Aldemar Rivas,P,1.0,0.0,1.0,0.0,0.0,0.655249942094088,,2019,pit,RP
sa919498,Jesus Ceballos,P,1.0,0.0,1.0,0.0,0.0,0.88758008480072,,2019,pit,RP
sa917906,Christopher Bonilla,P,1.0,0.0,1.0,0.0,0.0,0.35248999893665367,,2019,pit,RP
sa917457,Oliver Pinto,P,1.0,0.0,1.0,0.0,0.0,0.5349098235368732,,2019,pit,RP
sa921223,Garrettson Harris,P,1.0,0.0,1.0,0.0,0.0,0.579279860854149,KCR,2019,pit,RP
sa917461,Christopher Marte,P,1.0,0.0,1.0,0.0,0.0,0.3983098365366464,,2019,pit,RP
sa872827,Luis Colmenares,P,1.0,0.0,1.0,0.0,0.0,0.7037700705230239,,2019,pit,RP
sa919971,Fernando Calderon,P,1.0,0.0,1.0,0.0,0.0,0.6824200056493281,,2019,pit,RP
sa877873,Edwin Cruz,P,1.0,0.0,1.0,0.0,0.0,0.5807200580835343,,2019,pit,RP
sa3004449,Dylan Cyphert,P,1.0,0.0,1.0,0.0,0.0,0.6205399759113792,,2019,pit,RP
sa872834,Wander Feliz,P/OF,1.0,0.0,1.0,0.0,0.0,0.5553100608289241,,2019,pit,RP
sa918551,Dylan Bice,P,1.0,0.0,1.0,0.0,0.0,0.10290982499718693,,2019,pit,RP
sa827421,Ben Smith,P,1.0,0.0,1.0,0.0,0.0,0.6971398361027243,,2019,pit,RP
sa828701,Garrett Fulenchek,P,1.0,0.0,1.0,0.0,0.0,0.5605900250375271,,2019,pit,RP
sa3004113,Greg Minier,P,1.0,0.0,1.0,0.0,0.0,0.2032500661909582,,2019,pit,RP
sa917890,Ronal Hernandez,P,1.0,0.0,1.0,0.0,0.0,0.5273598253726961,,2019,pit,RP
sa873721,Emmanuel Betances,P,1.0,0.0,1.0,0.0,0.0,0.4088899888098241,,2019,pit,RP
sa917390,Daniel Marten,P,1.0,0.0,1.0,0.0,0.0,0.20313986167311704,,2019,pit,RP
sa924306,Jose Alberro,P,1.0,0.0,1.0,0.0,0.0,0.9015101723372938,,2019,pit,RP
sa918777,Sean Renzi,P,1.0,0.0,1.0,0.0,0.0,0.4777399621903897,CHW,2019,pit,RP
sa872508,Jhonny Diaz,P,1.0,0.0,1.0,0.0,0.0,0.7447999559342864,ATL,2019,pit,RP
sa3002920,Manuel Manzanillo,P,1.0,0.0,1.0,0.0,0.0,0.5481198102235791,,2019,pit,RP
sa917393,Jhonny Valdez,P,1.0,0.0,1.0,0.0,0.0,0.7040600784122946,,2019,pit,RP
sa3003054,Andry Cuevas,P,1.0,0.0,1.0,0.0,0.0,0.4228800535202031,,2019,pit,RP
sa917111,Bryan Herrera,P,0.5835959911346436,0.08860000222921371,1.0,0.0,0.0,0.10043984279036522,TBR,2019,pit,RP
sa919410,Santos Saldivar,P,1.0,0.0,1.0,0.0,0.0,0.7190799996256829,,2019,pit,RP
sa875327,Luis Gonzalez,P,1.0,0.0,1.0,0.0,0.0,0.6755901895463468,,2019,pit,RP
sa946446,Erick Heredia,P,1.0,0.0,1.0,0.0,0.0,0.46881993189454096,,2019,pit,RP
sa879344,Luis Rivero,P,1.0,0.0,1.0,0.0,0.0,0.4792397931218151,,2019,pit,RP
sa917766,Luis Ojeda,P,1.0,0.0,1.0,0.0,0.0,0.10004983022809055,,2019,pit,RP
sa879814,Jordis Ramos,P,0.6363679766654968,0.07739999890327454,1.0,0.0,0.0,-0.22521006762981388,,2019,pit,RP
sa826779,Carlos Salazar,P,1.0,0.0,1.0,0.0,0.0,0.43772002756595674,,2019,pit,RP
sa828234,Edwin Martinez,P,0.7938600182533264,0.04390000179409981,1.0,0.0,0.0,0.12809020355343836,,2019,pit,RP
sa917049,Yoel Diaz,P,1.0,0.0,1.0,0.0,0.0,0.3221200354397298,,2019,pit,RP
sa879452,Nicholas Andros,P,1.0,0.0,1.0,0.0,0.0,0.44937000051140785,KCR,2019,pit,RP
sa873465,Brian Sousa,P,1.0,0.0,1.0,0.0,0.0,0.4524199664592743,PIT,2019,pit,RP
sa828347,Daniel Mavo,P,1.0,0.0,1.0,0.0,0.0,0.45825008153915414,TEX,2019,pit,RP
sa739465,Oscar Cruz,P,1.0,0.0,1.0,0.0,0.0,0.35208991095423725,,2019,pit,RP
sa916828,Marcelo Hernandez,P,1.0,0.0,1.0,0.0,0.0,0.40628001466393515,,2019,pit,RP
sa917791,Stanly Sabino,P,1.0,0.0,1.0,0.0,0.0,0.7630098924040798,TBR,2019,pit,RP
sa3003070,Alejandro Chavez,P,1.0,0.0,1.0,0.0,0.0,0.44255005493760136,,2019,pit,RP
sa738365,Christian Flecha,P,1.0,0.0,1.0,0.0,0.0,0.5128798015415672,KCR,2019,pit,RP
sa916714,Ciriaco Javier,P,0.8829119801521301,0.024900000542402267,1.0,0.0,0.0,0.6134299539029597,,2019,pit,RP
sa3007257,Rigo Fernandez,P,1.0,0.0,1.0,0.0,0.0,0.169949977099896,,2019,pit,RP
sa878649,Ediberto Encarnacion,P,1.0,0.0,1.0,0.0,0.0,0.3930501781404021,,2019,pit,RP
sa917521,Jhairon Leal,P,1.0,0.0,1.0,0.0,0.0,0.7555299080908298,,2019,pit,RP
sa872561,Adonis Pichardo,P,1.0,0.0,1.0,0.0,0.0,0.27350017577409735,PIT,2019,pit,RP
sa3002690,Victor Martinez,P,1.0,0.0,1.0,0.0,0.0,0.8103300467133523,,2019,pit,RP
sa919203,Amilcar Cruz,P,1.0,0.0,1.0,0.0,0.0,0.37119004800915745,,2019,pit,RP
sa917595,Jose Canela,P,1.0,0.0,1.0,0.0,0.0,0.3409499749541287,,2019,pit,RP
sa920636,Kilber Santana,P,1.0,0.0,1.0,0.0,0.0,0.33492999672889745,,2019,pit,RP
sa873336,Josue Gerardo,P,1.0,0.0,1.0,0.0,0.0,0.49198004975914955,CHW,2019,pit,RP
sa737452,Felix Familia,P,1.0,0.0,1.0,0.0,0.0,0.4026798769831661,KCR,2019,pit,RP
sa3002924,Raibel Custodio,P,1.0,0.0,1.0,0.0,0.0,0.6598400153219699,,2019,pit,RP
sa917238,Yulian Frontado,P,0.7551050186157227,0.05209999904036522,1.0,0.0,0.0,-0.04511989504098857,,2019,pit,RP
sa3003092,Braulio Nunez,P,0.7938600182533264,0.04390000179409981,1.0,0.0,0.0,0.14030997678637513,,2019,pit,RP
sa828529,Enrique Perez,P,1.0,0.0,1.0,0.0,0.0,0.7217499427497387,STL,2019,pit,RP
sa919202,Frandy Torres,P,1.0,0.0,1.0,0.0,0.0,0.19771991297602654,,2019,pit,RP
sa917862,Francis Chavez,P,1.0,0.0,1.0,0.0,0.0,0.4020099431276325,KCR,2019,pit,RP
sa883124,Wilmer Contreras,P,1.0,0.0,1.0,0.0,0.0,0.3344900704920293,,2019,pit,RP
15240,Kevin McCarthy,P,45.0,0.0,45.0,0.0,10.218999862670898,200.81800146102904,,2019,pit,RP
sa3003003,Austin Morales,P,1.0,0.0,1.0,0.0,0.0,0.3813000760972498,,2019,pit,RP
sa737299,Gregory Reinoso,P,1.0,0.0,1.0,0.0,0.0,0.36189996302127847,,2019,pit,RP
sa3003126,Liu Fuenmayor,P,1.0,0.0,1.0,0.0,0.0,0.6904001273214817,ARI,2019,pit,RP
sa877506,Jhoniel Sepulveda,P,1.0,0.0,1.0,0.0,0.0,0.310609815269709,,2019,pit,RP
sa3004002,Blair Lakso,P,1.0,0.0,1.0,0.0,0.0,0.36650966107845306,MIN,2019,pit,RP
sa873426,Fernando Caro,P,1.0,0.0,1.0,0.0,0.0,0.010859949886798947,,2019,pit,RP
sa3003044,Julio Rosario,P,1.0,0.0,1.0,0.0,0.0,0.34223998710513115,PIT,2019,pit,RP
sa739158,Ismael Maldonado,P,0.9546489715576172,0.009600000455975533,1.0,0.0,0.0,0.2982399433851244,KCR,2019,pit,RP
sa879107,Javier Navas,P,1.0,0.0,1.0,0.0,0.0,0.41027019172906876,,2019,pit,RP
sa917388,Wuilson Meza,P,1.0,0.0,1.0,0.0,0.0,0.313169698417187,,2019,pit,RP
sa873183,Elvis Urriola,P,1.0,0.0,1.0,0.0,0.0,0.37163008898496663,,2019,pit,RP
sa828562,Victor Mueses,P,1.0,0.0,1.0,0.0,0.0,0.33822001963853854,,2019,pit,RP
sa873301,Jeffrey Rosa,P,1.0,0.0,1.0,0.0,0.0,0.3366598553955553,TBR,2019,pit,RP
sa923358,Miguel Mata,P,1.0,0.0,1.0,0.0,0.0,0.5574301354587079,,2019,pit,RP
sa3006837,Austin Conway,P,1.0,0.0,1.0,0.0,0.0,-0.027390396595000865,,2019,pit,RP
sa873719,Jose De Leon,P,1.0,0.0,1.0,0.0,0.0,0.3267897598445417,KCR,2019,pit,RP
sa886149,Luis Mendoza,P,1.0,0.0,1.0,0.0,0.0,0.013530120998621165,,2019,pit,RP
sa917876,Alex Mejias,P,1.0,0.0,1.0,0.0,0.0,-0.06669007986783981,NYY,2019,pit,RP
sa3002997,Yonathan Matos,P,1.0,0.0,1.0,0.0,0.0,0.36616038382053384,,2019,pit,RP
sa871630,Angel Rodriguez,P,1.0,0.0,1.0,0.0,0.0,0.2686800330877306,TBR,2019,pit,RP
sa941791,Freylin Garcia,P,1.0,0.0,1.0,0.0,0.0,0.2664800547063355,,2019,pit,RP
sa918814,Nate Webb,P,0.7254210114479065,0.058400001376867294,1.0,0.0,0.0,-0.029760092496871948,,2019,pit,RP
sa3007602,Chih-Ting Wang,P,1.0,0.0,1.0,0.0,0.0,0.3689800344407561,,2019,pit,RP
sa828578,Nelson Acosta,P,1.0,0.0,1.0,0.0,0.0,0.0019701182842259968,,2019,pit,RP
sa872791,Reynier Montero,P,1.0,0.0,1.0,0.0,0.0,0.2206500515341765,,2019,pit,RP
sa917828,Manuel Ramirez,P,1.0,0.0,1.0,0.0,0.0,0.22542008236050615,,2019,pit,RP
18335,Josh Staumont,P,15.0,0.0,15.0,0.0,0.7299000024795532,62.080583322048184,CIN,2019,pit,RP
sa918039,Aldor Rodriguez,P,1.0,0.0,1.0,0.0,0.0,0.442329812049866,TBR,2019,pit,RP
sa873528,Saul Cuenca,P,1.0,0.0,1.0,0.0,0.0,0.18400997892022142,,2019,pit,RP
sa871917,Ronaldo Lopez,P,1.0,0.0,1.0,0.0,0.0,0.20315007343888336,,2019,pit,RP
sa871747,Freddy Tineo,P,1.0,0.0,1.0,0.0,0.0,0.2239401899278164,,2019,pit,RP
5985,Randall Delgado,P,10.0,0.0,10.0,0.0,0.7290999889373779,31.895529305934904,,2019,pit,RP
17553,Andrew Moore,P,1.6200000047683716,1.6200000047683716,9.234660148620605,0.0,0.0,21.174105048179623,,2019,pit,SP
sa3002688,Wilberson Liendo,P,1.0,0.0,1.0,0.0,0.0,0.27857015132904106,PHI,2019,pit,RP
sa877125,Dionis Munoz,P,1.0,0.0,1.0,0.0,0.0,0.21498982310295123,,2019,pit,RP
sa3002605,Fernando Sanchez,P,1.0,0.0,1.0,0.0,0.0,-0.037359853833913714,MIN,2019,pit,RP
16377,Ryan Castellani,P,3.240000009536743,3.240000009536743,18.468000411987305,0.0,0.0,36.54697437286378,,2019,pit,SP
sa918572,Francisco Lopez-Soto,P,1.0,0.0,1.0,0.0,0.0,0.29634019061923045,,2019,pit,RP
sa3002936,Walner Polanco,P,1.0,0.0,1.0,0.0,0.0,0.5231100611388686,,2019,pit,RP
sa917818,Yonal De Leon,P,1.0,0.0,1.0,0.0,0.0,0.422850004583597,,2019,pit,RP
sa916948,Edward Paredes,P,1.0,0.0,1.0,0.0,0.0,-0.21103009805083284,,2019,pit,RP
sa917476,Carlos Perdomo,P,1.0,0.0,1.0,0.0,0.0,0.2660400956869129,,2019,pit,RP
sa3004774,Stephen Greenlees,P,1.0,0.0,1.0,0.0,0.0,0.21649990230798766,KCR,2019,pit,RP
sa879803,Bairon De La Rosa,P,0.7831400036811829,0.04610000178217888,1.0,0.0,0.0,-0.5222500003874297,,2019,pit,RP
sa917396,Oscar Brito,P,1.0,0.0,1.0,0.0,0.0,0.09706997498869896,,2019,pit,RP
sa3002689,Daniel De La Cruz,P,1.0,0.0,1.0,0.0,0.0,0.43507023155689284,,2019,pit,RP
sa3002974,Kelvin De Los Santos,P,1.0,0.0,1.0,0.0,0.0,0.17507013157010087,,2019,pit,RP
sa3002952,Jonathan Bruzual,P,0.7889119982719421,0.04490000009536743,1.0,0.0,0.0,0.12116996645927447,,2019,pit,RP
sa3004227,Damon Olds,P,1.0,0.0,1.0,0.0,0.0,0.15764008983969724,KCR,2019,pit,RP
sa3002950,Jose Gomez,P,1.0,0.0,1.0,0.0,0.0,0.12185991033911714,,2019,pit,RP
sa838650,Eduardo Solano,P,1.0,0.0,1.0,0.0,0.0,0.2197001397609708,,2019,pit,RP
14508,Randy Rosario,P,10.0,0.0,10.0,0.0,0.8058000206947327,37.783880221843724,,2019,pit,RP
sa3003151,Angel Ozuna,P,1.0,0.0,1.0,0.0,0.0,0.1077201291918759,,2019,pit,RP
sa917480,Ronald Parra,P,1.0,0.0,1.0,0.0,0.0,0.17285998463630703,,2019,pit,RP
sa917408,Jose Cabrera,P,1.0,0.0,1.0,0.0,0.0,0.16678991913795516,,2019,pit,RP
sa919824,Salvador Villarreal,P,0.5052629709243774,0.10530000180006027,1.0,0.0,0.0,-1.0113901555538178,,2019,pit,RP
sa828289,Melvin Ovalles,P,1.0,0.0,1.0,0.0,0.0,0.008909889310598551,ARI,2019,pit,RP
sa876535,Emmanuel Estevez,P,1.0,0.0,1.0,0.0,0.0,0.07061004191637066,KCR,2019,pit,RP
sa830580,Antonio Herrera,P,1.0,0.0,1.0,0.0,0.0,-0.288650086522102,,2019,pit,RP
sa737348,Enmanuel Camacho,P,1.0,0.0,1.0,0.0,0.0,0.11955998465418816,KCR,2019,pit,RP
sa828404,Marbin Montijo,P,1.0,0.0,1.0,0.0,0.0,0.07448009252548227,NYM,2019,pit,RP
sa917453,Moises Severino,P,1.0,0.0,1.0,0.0,0.0,0.10808017030358341,,2019,pit,RP
sa3006071,Francisco Benitez,P,0.48464900255203247,0.1096000000834465,1.0,0.0,0.0,-0.9842001393437383,,2019,pit,RP
sa3002941,Roy Garcia,P,1.0,0.0,1.0,0.0,0.0,0.36672017276287106,,2019,pit,RP
sa831646,Hector Rodriguez,P,1.0,0.0,1.0,0.0,0.0,-0.0053298011422153735,,2019,pit,RP
sa918038,Luis Medina,P,1.0,0.0,1.0,0.0,0.0,0.2635000996291641,,2019,pit,RP
sa828547,Juan Alvarez,P,1.0,0.0,1.0,0.0,0.0,-0.07328004464507076,STL,2019,pit,RP
sa917520,Dawry Done,P,1.0,0.0,1.0,0.0,0.0,0.30497007891535777,,2019,pit,RP
sa3003136,Maikol Escalona,P,1.0,0.0,1.0,0.0,0.0,0.01813015043735522,TEX,2019,pit,RP
sa917770,Kleiner Machado,P,1.0,0.0,1.0,0.0,0.0,-0.07584994211792928,,2019,pit,RP
15690,Jimmy Cordero,P,20.0,0.0,20.0,0.0,0.8403000235557556,76.70148791074752,,2019,pit,RP
sa880945,Carlos Cortes,P,1.0,0.0,1.0,0.0,0.0,-0.021670011430978686,,2019,pit,RP
sa917797,Roimy Mendoza,P,1.0,0.0,1.0,0.0,0.0,0.027249882370233625,,2019,pit,RP
sa918159,Jahir Varela,P,1.0,0.0,1.0,0.0,0.0,-0.06820010840892765,,2019,pit,RP
14169,Kyle Zimmer,P,30.0,0.0,30.0,0.0,4.3796000480651855,131.49977712631227,,2019,pit,RP
sa3005873,Javier Vasquez,P,1.0,0.0,1.0,0.0,0.0,0.05473024249076852,,2019,pit,RP
sa916985,Cristopher Batista,P,1.0,0.0,1.0,0.0,0.0,-0.47954013049602473,,2019,pit,RP
sa920268,Vince Michael Deyzel,P,1.0,0.0,1.0,0.0,0.0,-0.12286992967128718,PIT,2019,pit,RP
sa919871,Luis Sparles,P,1.0,0.0,1.0,0.0,0.0,-0.19924976080655998,,2019,pit,RP
17664,Cody Carroll,P,45.0,0.0,45.0,0.0,5.987500190734863,167.84894542694093,,2019,pit,RP
21163,Angel Felipe,P,1.0,0.0,1.0,0.0,0.0,0.1107496753335,,2019,pit,RP
sa917503,Juan Martinez,P,1.0,0.0,1.0,0.0,0.0,0.23095996454358092,,2019,pit,RP
sa3002927,Carlos Gomez,P,1.0,0.0,1.0,0.0,0.0,0.03696004077792159,,2019,pit,RP
16459,Joe Harvey,P,15.0,0.0,15.0,0.0,0.7117000222206116,54.43086030483245,,2019,pit,RP
sa550044,Chris Lee,P,15.0,0.0,15.0,0.0,0.6653000116348267,46.4359717965126,,2019,pit,RP
sa877306,Christophers Santana,P,1.0,0.0,1.0,0.0,0.0,-0.2821698628365992,,2019,pit,RP
sa879447,Omar Ventura,P,1.0,0.0,1.0,0.0,0.0,-0.1731198206543918,,2019,pit,RP
sa828439,Jairo Garcia,P,1.0,0.0,1.0,0.0,0.0,-0.6124397970736024,,2019,pit,RP
sa828399,Josbel Coroba,P,1.0,0.0,1.0,0.0,0.0,-0.506770135462284,,2019,pit,RP
sa917672,Miguel Paulino,P,1.0,0.0,1.0,0.0,0.0,-0.5885898619890213,,2019,pit,RP
sa3004654,Ricardo Velasquez,P,1.0,0.0,1.0,0.0,0.0,-0.2813702888786791,,2019,pit,RP
sa916724,Daniel Acosta,P,1.0,0.0,1.0,0.0,0.0,-0.24707993268966622,,2019,pit,RP
16958,Jake Jewell,P,25.0,0.0,25.0,0.0,0.8267999887466431,88.89905991554261,,2019,pit,RP
sa918940,Austin Shields,P,1.0,0.0,1.0,0.0,0.0,-0.3922597162425516,PIT,2019,pit,RP
12781,Sean Gilmartin,P,10.0,0.0,10.0,0.0,0.6653000116348267,30.38040915131569,,2019,pit,RP
7146,Daniel Hudson,P,45.0,0.0,45.0,0.0,6.803599834442139,189.32066402435305,,2019,pit,RP
15258,Shane Carle,P,40.0,0.0,40.0,0.0,6.599599838256836,178.46001925468443,,2019,pit,RP
sa737333,Ramon Espinosa,P,1.0,0.0,1.0,0.0,0.0,-0.8494099400937558,,2019,pit,RP
sa738623,Jackson Klein,P,1.0,0.0,1.0,0.0,0.0,-0.5332801021635531,KCR,2019,pit,RP
sa3002968,Erick Perez,P,1.0,0.0,1.0,0.0,0.0,-0.8702001683413982,,2019,pit,RP
15157,Jimmy Yacabonis,P,24.860000610351562,4.860000133514404,46.50619888305664,0.0,0.6653000116348267,118.9920722961426,,2019,pit,RP
sa599323,Jordan Foley,P,10.0,0.0,10.0,0.0,0.7882999777793884,33.85289025902748,,2019,pit,RP
18251,Art Warren,P,10.0,0.0,10.0,0.0,0.781499981880188,34.91858868598938,,2019,pit,RP
12027,Brian Flynn,P,25.0,0.0,25.0,0.0,0.7299000024795532,91.71537716388701,,2019,pit,RP
18548,Sam Hentges,P,5.0,0.0,5.0,0.0,0.807699978351593,16.753599914908406,SFG,2019,pit,RP
16942,Luis Ortiz,P,6.480000019073486,6.480000019073486,36.29859924316406,0.0,0.0,72.13946537971498,,2019,pit,SP
17508,Wei-Chieh Huang,P,25.0,0.0,25.0,0.0,0.7806000113487244,86.52501728534699,PIT,2019,pit,RP
711,Rhiner Cruz,P,50.0,0.0,50.0,0.0,0.0,191.99576487541202,,2019,pit,RP
19820,CD Pelham,P,35.0,0.0,35.0,0.0,0.7806000113487244,120.17390766143798,OAK,2019,pit,RP
17610,Tanner Rainey,P,20.0,0.0,20.0,0.0,0.8403000235557556,80.74663162231445,DET,2019,pit,RP
17639,Justin Lawrence,P,10.0,0.0,10.0,0.0,0.7882999777793884,31.086491668224337,PIT,2019,pit,RP
14353,Caleb Frare,P,40.0,0.0,40.0,0.0,8.020500183105469,174.7479369163513,,2019,pit,RP
18593,Anderson Espinoza,P,5.0,0.0,5.0,0.0,0.7182999849319458,16.346149507164952,,2019,pit,RP
16427,Scott Blewett,P,10.0,0.0,10.0,0.0,0.7299000024795532,33.262778544425956,STL,2019,pit,RP
7841,Jerry Blevins,P,25.0,0.0,25.0,0.0,0.6783000230789185,86.2111100912094,NYM,2019,pit,RP
17583,Marcos Diplán,P,3.240000009536743,3.240000009536743,18.468000411987305,0.0,0.0,46.250879812240605,,2019,pit,SP
10133,Brad Boxberger,P,60.0,0.0,60.0,17.70009994506836,8.422200202941895,349.8238952636719,,2019,pit,RP
3950,Matt Magill,P,40.0,0.0,40.0,0.0,5.781799793243408,159.49879071712493,,2019,pit,RP
12360,Kevin Quackenbush,P,35.0,0.0,35.0,0.0,3.9035000801086426,146.65887758731841,,2019,pit,RP
4020,Yusmeiro Petit,P,60.0,0.0,60.0,0.0,13.319600105285645,260.174086356163,,2019,pit,RP
16208,Brandon Finnegan,P,15.0,0.0,15.0,0.0,0.748199999332428,51.699100565910335,,2019,pit,RP
2660,Brett Cecil,P,30.0,0.0,30.0,0.0,3.3947999477386475,121.73573987483977,,2019,pit,RP
14457,Adam Conley,P,60.0,0.0,60.0,0.0,16.078500747680664,301.28449468612666,,2019,pit,RP
16866,Reed Garrett,P,25.0,0.0,25.0,0.0,0.7287999987602234,80.70483177900313,NYM,2019,pit,RP
15136,Jake Newberry,P,20.0,0.0,20.0,0.0,0.7299000024795532,67.5945630788803,,2019,pit,RP
17987,Bobby Poyner,P,50.0,0.0,50.0,0.0,11.986700057983398,218.0552783966064,,2019,pit,RP
1437,Joaquín Benoit,P,50.0,0.0,50.0,0.0,0.0,181.39152913093568,,2019,pit,RP
17505,Jorge Guzmán,P,10.0,0.0,10.0,0.0,0.6855000257492065,35.33151878714561,,2019,pit,RP
13420,Matt Koch,P,48.2400016784668,3.240000009536743,63.29560089111328,0.0,7.144400119781494,226.7263427257538,,2019,pit,RP
17697,Pedro Araújo,P,25.0,0.0,25.0,0.0,0.6653000116348267,75.48578650951384,,2019,pit,RP
16125,Chris Ellis,P,33.099998474121094,8.100000381469727,71.16999816894531,0.0,0.7299000024795532,220.52562808990487,,2019,pit,RP
16933,Elieser Hernández,P,16.6200008392334,1.6200000047683716,23.91010093688965,0.0,0.6855000257492065,77.5308848619461,ATL,2019,pit,RP
sa597725,Yoel Espinal,P,10.0,0.0,10.0,0.0,0.7806000113487244,29.984770870208738,,2019,pit,RP
18282,Jarlín García,P,20.0,0.0,20.0,0.0,0.6855000257492065,72.11693613529206,,2019,pit,RP
16455,Conner Greene,P,10.0,0.0,10.0,0.0,0.7299000024795532,30.06570102572441,,2019,pit,RP
15285,Zac Reininger,P,25.0,0.0,25.0,0.0,0.7287999987602234,75.00635751485824,,2019,pit,RP
12452,Chasen Bradford,P,40.0,0.0,40.0,0.0,8.596500396728516,162.50723388195036,,2019,pit,RP
17313,Merandy Gonzalez,P,13.239999771118164,3.240000009536743,28.38640022277832,0.0,0.7523000240325928,86.34999890327455,,2019,pit,RP
19677,Gregory Soto,P,3.240000009536743,3.240000009536743,18.468000411987305,0.0,0.7287999987602234,33.54287267923356,PIT,2019,pit,SP
16532,Harrison Musgrave,P,30.0,0.0,30.0,0.0,0.7882999777793884,93.53389673233032,,2019,pit,RP
17345,Luis Escobar,P,21.6200008392334,1.6200000047683716,29.233999252319336,0.0,0.8271999955177307,92.63145468235015,,2019,pit,RP
16609,Bryan Abreu,P,10.0,0.0,10.0,0.0,0.7468000054359436,29.451801300048825,HOU,2019,pit,RP
sa658076,Jesús Liranzo,P,25.0,0.0,25.0,0.0,0.8271999955177307,90.98855962753296,,2019,pit,RP
14510,Thyago Vieira,P,40.0,0.0,40.0,0.0,5.833099842071533,153.49660482406617,,2019,pit,RP
1118,Marco Estrada,P,22.68000030517578,22.68000030517578,129.35000610351562,0.0,0.0,299.21163802146935,,2019,pit,SP
17536,Ryan Burr,P,35.0,0.0,35.0,0.0,3.402600049972534,124.8364887714386,TOR,2019,pit,RP
17754,Sandy Báez,P,20.0,0.0,20.0,0.0,0.7287999987602234,55.806812250614165,,2019,pit,RP
14733,José Manuel Fernández,P,20.0,0.0,20.0,0.0,0.7287999987602234,56.58836017847061,,2019,pit,RP
16130,David Hess,P,21.059999465942383,21.059999465942383,117.19999694824219,0.0,0.0,215.62350015640249,,2019,pit,SP
10586,Addison Reed,P,60.0,0.0,60.0,0.0,14.191699981689453,235.93394804000852,,2019,pit,RP
19756,Yoshihisa Hirano,P,60.0,0.0,60.0,0.0,18.618600845336914,294.40133829116826,,2019,pit,RP
18341,Julian Fernández,P,10.0,0.0,10.0,0.0,0.6855000257492065,25.807429194450375,WSN,2019,pit,RP
10688,Tyler Thornburg,P,60.0,0.0,60.0,0.0,18.073400497436523,266.9658014297485,,2019,pit,RP
19642,Eduardo Jiménez,P,15.0,0.0,15.0,0.0,0.7287999987602234,34.25024282932281,,2019,pit,RP
4079,Junichi Tazawa,P,50.0,0.0,50.0,0.0,0.0,152.99938077926637,,2019,pit,RP
18311,Carson Fulmer,P,16.479999542236328,6.480000019073486,44.43130111694336,0.0,0.7290999889373779,99.58195457458498,PIT,2019,pit,RP
7836,Hunter Strickland,P,65.0,0.0,65.0,34.94390106201172,1.9537999629974365,390.23496942520137,LAA,2019,pit,RP
15684,Miguel Castro,P,55.0,0.0,55.0,0.32659998536109924,11.855199813842773,195.997260504961,,2019,pit,RP
9948,Mike Dunn,P,50.0,0.0,50.0,0.0,12.262999534606934,193.6565623283386,,2019,pit,RP
20632,Elvis Luciano,P,35.0,0.0,35.0,0.0,0.7559999823570251,46.3304764509201,,2019,pit,RP
